"STATION","DATE","SOURCE","LATITUDE","LONGITUDE","ELEVATION","NAME","REPORT_TYPE","CALL_SIGN","QUALITY_CONTROL","WND","CIG","VIS","TMP","DEW","SLP","ED1","GA1","GA2","GA3","GA4","GE1","GF1","MA1","MW1","MW2","MW3","OC1","REM","EQD"
"42260099999","2023-01-02T18:00:00","4","27.155831","77.960892","167.94","AGRA, IN","FM-15","99999","V020","999,9,V,0010,1","22000,1,9,N","000200,1,9,9","+0100,1","+0080,1","99999,9","05,U,9999,9",,,,,,"00,99,1,99,9,99,9,99999,9,99,9,99,9","10220,1,99999,9","44,1",,,,"MET066METAR VIAG 021800Z VRB02KT 0200 R05/1700 FG SKC 10/08 Q1022 NOSIG=",
"42260099999","2023-01-08T01:00:00","4","27.155831","77.960892","167.94","AGRA, IN","FM-15","99999","V020","999,9,V,0005,1","99999,9,9,N","000000,1,9,9","+0050,5","+0040,5","99999,9","05,U,9999,9",,,,,,,"10190,5,99999,9","44,1",,,,"MET070METAR VIAG 080100Z VRB01KT 0000 R05/0150 FG SKY OBS 05/04 Q1019 NOSIG=","D01      0ADE693D02      0ADE539"
"42260099999","2023-01-08T04:00:00","4","27.155831","77.960892","167.94","AGRA, IN","FM-15","99999","V020","999,9,V,0005,1","99999,9,9,N","000000,1,9,9","+0060,5","+0050,5","99999,9","05,U,9999,9",,,,,,,"10210,5,99999,9","44,1",,,,"MET070METAR VIAG 080400Z VRB01KT 0000 R05/0100 FG SKY OBS 06/05 Q1021 NOSIG=","D01      0ADE693D02      0ADE539"
"42260099999","2023-01-08T04:30:00","4","27.155831","77.960892","167.94","AGRA, IN","FM-15","99999","V020","999,9,V,0010,1","99999,9,9,N","000050,1,9,9","+0070,5","+0060,5","99999,9","05,U,9999,9",,,,,,,"10210,5,99999,9","44,1",,,,"MET070METAR VIAG 080430Z VRB02KT 0050 R05/0100 FG SKY OBS 07/06 Q1021 NOSIG=","D01      0ADE693D02      0ADE539"
"42260099999","2023-01-08T05:00:00","4","27.155831","77.960892","167.94","AGRA, IN","FM-15","99999","V020","999,9,V,0005,1","99999,9,9,N","000050,1,9,9","+0070,5","+0070,5","99999,9","05,U,9999,9",,,,,,,"10210,5,99999,9","44,1",,,,"MET070METAR VIAG 080500Z VRB01KT 0050 R05/0125 FG SKY OBS 07/07 Q1021 NOSIG=","D01      0ADE693D02      0ADE539"
"42260099999","2023-01-08T05:30:00","4","27.155831","77.960892","167.94","AGRA, IN","FM-15","99999","V020","999,9,V,0005,1","99999,9,9,N","000100,1,9,9","+0080,5","+0080,5","99999,9","05,U,9999,9",,,,,,,"10210,5,99999,9","44,1",,,,"MET075METAR VIAG 080530Z VRB01KT 0100 R05/0250 FG SKY OBS 08/08 Q1021 BECMG 0350=","D01      0ADE693D02      0ADE539"
"42260099999","2023-01-08T06:00:00","4","27.155831","77.960892","167.94","AGRA, IN","FM-15","99999","V020","999,9,V,0005,1","99999,9,9,N","000400,1,9,9","+0100,5","+0090,5","99999,9","05,U,9999,9",,,,,,,"10210,5,99999,9","44,1",,,,"MET075METAR VIAG 080600Z VRB01KT 0400 R05/0800 FG SKY OBS 10/09 Q1021 BECMG 0600=","D01      0ADE693D02      0ADE539"
"42260099999","2023-01-08T06:30:00","4","27.155831","77.960892","167.94","AGRA, IN","FM-15","99999","V020","999,9,V,0005,1","22000,1,9,N","000600,1,9,9","+0130,1","+0100,1","99999,9","05,U,9999,9",,,,,,"00,99,1,99,9,99,9,99999,9,99,9,99,9","10200,1,99999,9","44,1",,,,"MET071METAR VIAG 080630Z VRB01KT 0600 R05/1100 FG SKC 13/10 Q1020 BECMG 0800=",
"42260099999","2023-01-08T15:00:00","4","27.155831","77.960892","167.94","AGRA, IN","FM-15","99999","V020","999,9,C,0000,1","22000,1,9,N","000800,1,9,9","+0100,1","+0080,1","99999,9","05,U,9999,9",,,,,,"00,99,1,99,9,99,9,99999,9,99,9,99,9","10190,1,99999,9","44,1",,,,"MET071METAR VIAG 081500Z 00000KT 0800 R05/1200 FG SKC 10/08 Q1019 BECMG 0600=",
"42260099999","2023-01-08T15:30:00","4","27.155831","77.960892","167.94","AGRA, IN","FM-15","99999","V020","999,9,C,0000,1","22000,1,9,N","000800,1,9,9","+0100,1","+0070,1","99999,9","05,U,9999,9",,,,,,"00,99,1,99,9,99,9,99999,9,99,9,99,9","10190,1,99999,9","44,1",,,,"MET071METAR VIAG 081530Z 00000KT 0800 R05/1600 FG SKC 10/07 Q1019 BECMG 0600=",
"42260099999","2023-01-08T17:30:00","4","27.155831","77.960892","167.94","AGRA, IN","FM-15","99999","V020","999,9,C,0000,1","99999,9,9,N","000400,1,9,9","+0090,5","+0070,5","99999,9","05,U,9999,9",,,,,,,"10200,5,99999,9","44,1",,,,"MET075METAR VIAG 081730Z 00000KT 0400 R05/0450 FG SKY OBS 09/07 Q1020 BECMG 0350=","D01      0ADE693D02      0ADE539"
"42260099999","2023-01-08T18:00:00","4","27.155831","77.960892","167.94","AGRA, IN","FM-15","99999","V020","999,9,C,0000,1","99999,9,9,N","000300,1,9,9","+0080,5","+0060,5","99999,9","05,U,9999,9",,,,,,,"10200,5,99999,9","44,1",,,,"MET075METAR VIAG 081800Z 00000KT 0300 R05/0600 FG SKY OBS 08/06 Q1020 BECMG 0150=","D01      0ADE693D02      0ADE539"
"42260099999","2023-01-14T16:30:00","4","27.155831","77.960892","167.94","AGRA, IN","FM-15","99999","V020","300,1,N,0031,1","22000,1,9,N","001300,1,9,9","+0110,1","+0060,1","99999,9","05,U,9999,9",,,,,,"00,99,1,99,9,99,9,99999,9,99,9,99,9","10170,1,99999,9","05,1",,,,"MET067METAR VIAG 141630Z 30006KT 1300 R05/P2000 HZ SKC 11/06 Q1017 NOSIG=",
"42260099999","2023-01-16T03:30:00","4","27.155831","77.960892","167.94","AGRA, IN","FM-15","99999","V020","999,9,V,0010,1","22000,1,9,N","003000,1,9,9","+0100,1","+0050,1","99999,9",,,,,,,"00,99,1,99,9,99,9,99999,9,99,9,99,9","10180,1,99999,9","05,1",,,,"MET062METAR VIAG 160330Z VRB02KT 3000 HZ SKC 10/05 Q1018 BECMG 4000=",
"42260099999","2023-01-16T06:00:00","4","27.155831","77.960892","167.94","AGRA, IN","FM-15","99999","V020","290,1,N,0021,1","22000,1,9,N","006000,1,9,9","+0170,1","+0020,1","99999,9",,,,,,,"00,99,1,99,9,99,9,99999,9,99,9,99,9","10190,1,99999,9",,,,,"MET054METAR VIAG 160600Z 29004KT 6000 SKC 17/02 Q1019 NOSIG=",
"42260099999","2023-01-16T14:30:00","4","27.155831","77.960892","167.94","AGRA, IN","FM-15","99999","V020","999,9,V,0005,1","22000,1,9,N","005000,1,9,9","+0100,1","+0040,1","99999,9",,,,,,,"00,99,1,99,9,99,9,99999,9,99,9,99,9","10170,1,99999,9","05,1",,,,"MET057METAR VIAG 161430Z VRB01KT 5000 HZ SKC 10/04 Q1017 NOSIG=",
"42260099999","2023-01-16T15:00:00","4","27.155831","77.960892","167.94","AGRA, IN","FM-15","99999","V020","999,9,V,0005,1","22000,1,9,N","005000,1,9,9","+0090,1","+0050,1","99999,9",,,,,,,"00,99,1,99,9,99,9,99999,9,99,9,99,9","10170,1,99999,9","05,1",,,,"MET057METAR VIAG 161500Z VRB01KT 5000 HZ SKC 09/05 Q1017 NOSIG=",
"42260099999","2023-01-16T17:30:00","4","27.155831","77.960892","167.94","AGRA, IN","FM-15","99999","V020","999,9,C,0000,1","22000,1,9,N","003500,1,9,9","+0060,1","+0040,1","99999,9",,,,,,,"00,99,1,99,9,99,9,99999,9,99,9,99,9","10170,1,99999,9","10,1",,,,"MET057METAR VIAG 161730Z 00000KT 3500 BR SKC 06/04 Q1017 NOSIG=",
"42260099999","2023-01-16T18:00:00","4","27.155831","77.960892","167.94","AGRA, IN","FM-15","99999","V020","999,9,V,0005,1","22000,1,9,N","003000,1,9,9","+0060,1","+0040,1","99999,9",,,,,,,"00,99,1,99,9,99,9,99999,9,99,9,99,9","10170,1,99999,9","10,1",,,,"MET057METAR VIAG 161800Z VRB01KT 3000 BR SKC 06/04 Q1017 NOSIG=",
"42260099999","2023-01-17T15:00:00","4","27.155831","77.960892","167.94","AGRA, IN","FM-15","99999","V020","999,9,C,0000,1","22000,1,9,N","005000,1,9,9","+0090,1","+0050,1","99999,9",,,,,,,"00,99,1,99,9,99,9,99999,9,99,9,99,9","10180,1,99999,9","10,1",,,,"MET057METAR VIAG 171500Z 00000KT 5000 BR SKC 09/05 Q1018 NOSIG=",
"42260099999","2023-01-18T04:00:00","4","27.155831","77.960892","167.94","AGRA, IN","FM-15","99999","V020","999,9,V,0005,1","22000,1,9,N","001500,1,9,9","+0120,1","+0060,1","99999,9","05,U,9999,9",,,,,,"00,99,1,99,9,99,9,99999,9,99,9,99,9","10220,1,99999,9","05,1",,,,"MET066METAR VIAG 180400Z VRB01KT 1500 R05/1400 HZ SKC 12/06 Q1022 NOSIG=",
"42260099999","2023-01-18T04:30:00","4","27.155831","77.960892","167.94","AGRA, IN","FM-15","99999","V020","330,1,N,0015,1","22000,1,9,N","001700,1,9,9","+0130,1","+0040,1","99999,9","05,U,9999,9",,,,,,"00,99,1,99,9,99,9,99999,9,99,9,99,9","10220,1,99999,9","05,1",,,,"MET066METAR VIAG 180430Z 33003KT 1700 R05/1300 HZ SKC 13/04 Q1022 NOSIG=",
"42260099999","2023-01-18T06:30:00","4","27.155831","77.960892","167.94","AGRA, IN","FM-15","99999","V020","310,1,N,0026,1","22000,1,9,N","004000,1,9,9","+0180,1","+0000,1","99999,9",,,,,,,"00,99,1,99,9,99,9,99999,9,99,9,99,9","10210,1,99999,9","05,1",,,,"MET063METAR VIAG 180630Z 31005KT 4000 HZ SKC 18/M00 Q1021 BECMG 5000=",
"42260099999","2023-01-18T07:00:00","4","27.155831","77.960892","167.94","AGRA, IN","FM-15","99999","V020","310,1,N,0026,1","22000,1,9,N","005000,1,9,9","+0190,1","+0000,1","99999,9",,,,,,,"00,99,1,99,9,99,9,99999,9,99,9,99,9","10210,1,99999,9","05,1",,,,"MET058METAR VIAG 180700Z 31005KT 5000 HZ SKC 19/M00 Q1021 NOSIG=",
"42260099999","2023-01-18T07:30:00","4","27.155831","77.960892","167.94","AGRA, IN","FM-15","99999","V020","330,1,N,0026,1","22000,1,9,N","006000,1,9,9","+0190,1","+0000,1","99999,9",,,,,,,"00,99,1,99,9,99,9,99999,9,99,9,99,9","10200,1,99999,9",,,,,"MET055METAR VIAG 180730Z 33005KT 6000 SKC 19/M00 Q1020 NOSIG=",
"42260099999","2023-01-19T18:00:00","4","27.155831","77.960892","167.94","AGRA, IN","FM-15","99999","V020","999,9,V,0005,1","99999,9,9,N","000800,1,9,9","+0110,1","+0070,1","99999,9","05,U,9999,9","04,1,+03048,1,99,9",,,,"9,AGL   ,+99999,+99999","99,99,9,04,1,99,9,03048,1,99,9,99,9","10180,1,99999,9","44,1",,,,"MET069METAR VIAG 191800Z VRB01KT 0800 R05/1900 FG SCT100 11/07 Q1018 NOSIG=",
"42260099999","2023-01-20T07:30:00","4","27.155831","77.960892","167.94","AGRA, IN","FM-15","99999","V020","100,1,N,0026,1","22000,1,9,N","002500,1,9,9","+0210,1","+0070,1","99999,9",,,,,,,"00,99,1,99,9,99,9,99999,9,99,9,99,9","10170,1,99999,9","05,1",,,,"MET062METAR VIAG 200730Z 10005KT 2500 HZ SKC 21/07 Q1017 BECMG 3000=",
"42260099999","2023-01-20T08:00:00","4","27.155831","77.960892","167.94","AGRA, IN","FM-15","99999","V020","100,1,N,0031,1","22000,1,9,N","002500,1,9,9","+0220,1","+0070,1","99999,9",,,,,,,"00,99,1,99,9,99,9,99999,9,99,9,99,9","10160,1,99999,9","05,1",,,,"MET057METAR VIAG 200800Z 10006KT 2500 HZ SKC 22/07 Q1016 NOSIG=",
"42260099999","2023-01-20T12:00:00","4","27.155831","77.960892","167.94","AGRA, IN","FM-15","99999","V020","999,9,V,0010,1","22000,1,9,N","002500,1,9,9","+0190,1","+0080,1","99999,9",,,,,,,"00,99,1,99,9,99,9,99999,9,99,9,99,9","10150,1,99999,9","05,1",,,,"MET057METAR VIAG 201200Z VRB02KT 2500 HZ SKC 19/08 Q1015 NOSIG=",
"42260099999","2023-01-20T12:30:00","4","27.155831","77.960892","167.94","AGRA, IN","FM-15","99999","V020","999,9,V,0010,1","22000,1,9,N","002500,1,9,9","+0170,1","+0090,1","99999,9",,,,,,,"00,99,1,99,9,99,9,99999,9,99,9,99,9","10150,1,99999,9",,,,,"MET054METAR VIAG 201230Z VRB02KT 2500 SKC 17/09 Q1015 NOSIG=",
"42260099999","2023-01-22T00:30:00","4","27.155831","77.960892","167.94","AGRA, IN","FM-15","99999","V020","999,9,V,0010,1","99999,9,9,N","000500,1,9,9","+0090,5","+0060,5","99999,9","05,U,9999,9",,,,,,,"10150,5,99999,9","44,1",,,,"MET071METAR VIAG 220030Z VRB02KT 0500 R05/P2000 FG SKY OBS 09/06 Q1015 NOSIG=","D01      0ADE693D02      0ADE539"
"42260099999","2023-01-22T01:00:00","4","27.155831","77.960892","167.94","AGRA, IN","FM-15","99999","V020","999,9,V,0005,1","99999,9,9,N","000500,1,9,9","+0080,5","+0060,5","99999,9","05,U,9999,9",,,,,,,"10150,5,99999,9","44,1",,,,"MET071METAR VIAG 220100Z VRB01KT 0500 R05/P2000 FG SKY OBS 08/06 Q1015 NOSIG=","D01      0ADE693D02      0ADE539"
"42260099999","2023-01-22T01:30:00","4","27.155831","77.960892","167.94","AGRA, IN","FM-15","99999","V020","999,9,V,0010,1","03048,1,C,N","000500,1,9,9","+0070,1","+0050,1","99999,9","05,U,9999,9","02,1,+01219,1,99,9","04,1,+03048,1,99,9",,,"9,AGL   ,+99999,+99999","99,99,9,02,1,99,9,01219,1,99,9,99,9","10150,1,99999,9","44,1",,,,"MET077METAR VIAG 220130Z VRB02KT 0500 R05/P2000 FG FEW040 SCT100 07/05 Q1015 NOSIG=",
"42260099999","2023-01-22T02:00:00","4","27.155831","77.960892","167.94","AGRA, IN","FM-15","99999","V020","999,9,V,0010,1","03048,1,C,N","000500,1,9,9","+0080,1","+0060,1","99999,9","05,U,9999,9","02,1,+01219,1,99,9","04,1,+03048,1,99,9",,,"9,AGL   ,+99999,+99999","99,99,9,02,1,99,9,01219,1,99,9,99,9","10160,1,99999,9","44,1",,,,"MET080METAR VIAG 220200Z VRB02KT 0500 R05/1400 FG FEW040 SCT100 08/06 Q1016 BECMG 600=",
"42260099999","2023-01-22T02:30:00","4","27.155831","77.960892","167.94","AGRA, IN","FM-15","99999","V020","999,9,V,0005,1","02743,1,C,N","000500,1,9,9","+0090,1","+0070,1","99999,9","05,U,9999,9","02,1,+01219,1,99,9","04,1,+02743,1,99,9",,,"9,AGL   ,+99999,+99999","99,99,9,02,1,99,9,01219,1,99,9,99,9","10160,1,99999,9","44,1",,,,"MET080METAR VIAG 220230Z VRB01KT 0500 R05/0900 FG FEW040 SCT090 09/07 Q1016 BECMG 600=",
"42260099999","2023-01-22T03:00:00","4","27.155831","77.960892","167.94","AGRA, IN","FM-15","99999","V020","999,9,V,0005,1","02743,1,9,N","000600,1,9,9","+0110,1","+0080,1","99999,9","05,U,9999,9","02,1,+01219,1,99,9","07,1,+02743,1,99,9",,,"9,AGL   ,+99999,+99999","99,99,9,02,1,99,9,01219,1,99,9,99,9","10170,1,99999,9","44,1",,,,"MET076METAR VIAG 220300Z VRB01KT 0600 R05/1100 FG FEW040 BKN090 11/08 Q1017 NOSIG=",
"42260099999","2023-01-22T03:30:00","4","27.155831","77.960892","167.94","AGRA, IN","FM-15","99999","V020","310,1,N,0015,1","02743,1,9,N","000600,1,9,9","+0130,1","+0090,1","99999,9","05,U,9999,9","04,1,+00914,1,99,9","07,1,+02743,1,99,9",,,"9,AGL   ,+99999,+99999","99,99,9,04,1,99,9,00914,1,99,9,99,9","10170,1,99999,9","44,1",,,,"MET081METAR VIAG 220330Z 31003KT 0600 R05/1900 FG SCT030 BKN090 13/09 Q1017 BECMG 0800=",
"42260099999","2023-01-22T04:00:00","4","27.155831","77.960892","167.94","AGRA, IN","FM-15","99999","V020","999,9,V,0005,1","02743,1,C,N","000600,1,9,9","+0150,1","+0090,1","99999,9","05,U,9999,9","02,1,+00914,1,99,9","04,1,+02743,1,99,9",,,"9,AGL   ,+99999,+99999","99,99,9,02,1,99,9,00914,1,99,9,99,9","10170,1,99999,9","04,1",,,,"MET081METAR VIAG 220400Z VRB01KT 0600 R05/1300 FU FEW030 SCT090 15/09 Q1017 BECMG 0800=",
"42260099999","2023-01-22T04:30:00","4","27.155831","77.960892","167.94","AGRA, IN","FM-15","99999","V020","030,1,N,0015,1","99999,9,9,N","000800,1,9,9","+0170,1","+0090,1","99999,9","05,U,9999,9","04,1,+02743,1,99,9",,,,"9,AGL   ,+99999,+99999","99,99,9,04,1,99,9,02743,1,99,9,99,9","10170,1,99999,9","04,1",,,,"MET069METAR VIAG 220430Z 03003KT 0800 R05/1700 FU SCT090 17/09 Q1017 NOSIG=",
"42260099999","2023-01-22T05:00:00","4","27.155831","77.960892","167.94","AGRA, IN","FM-15","99999","V020","020,1,N,0015,1","99999,9,9,N","000900,1,9,9","+0190,2","+0090,1","99999,9","05,U,9999,9","04,1,+02743,1,99,9",,,,"9,AGL   ,+99999,+99999","99,99,9,04,1,99,9,02743,1,99,9,99,9","10170,1,99999,9","04,1",,,,"MET074METAR VIAG 220500Z 02003KT 0900 R05/1700 FU SCT090 19/09 Q1017 BECMG 1500=",
"42260099999","2023-01-23T14:00:00","4","27.155831","77.960892","167.94","AGRA, IN","FM-15","99999","V020","230,1,N,0021,1","99999,9,9,N","003000,1,9,9","+0180,5","+0120,5","99999,9",,,,,,,,"10130,5,99999,9","05,5","61,5",,,"MET070METAR VIAG 231400Z 23004KT 3000 -RAHZ SCT030 BKN090 18/12 Q1013 NOSIG=","D01      0ADE735"
"42260099999","2023-01-23T15:30:00","4","27.155831","77.960892","167.94","AGRA, IN","FM-15","99999","V020","290,1,N,0015,1","00914,1,C,N","003000,1,9,9","+0160,1","+0130,1","99999,9",,"02,1,+00914,1,09,1","04,1,+00914,1,99,9","07,1,+02743,1,99,9",,"9,AGL   ,+99999,+99999","99,99,9,02,1,99,9,00914,1,99,9,99,9","10130,1,99999,9","10,1",,,,"MET081METAR VIAG 231530Z 29003KT 3000 BR FEW030CB SCT030 BKN090 16/13 Q1013 TEMPO TSRA=",
"42260099999","2023-01-24T00:30:00","4","27.155831","77.960892","167.94","AGRA, IN","FM-15","99999","V020","050,1,N,0031,1","02743,1,9,N","002500,1,9,9","+0160,1","+0140,1","99999,9",,"04,1,+00914,1,99,9","07,1,+02743,1,99,9",,,"9,AGL   ,+99999,+99999","99,99,9,04,1,99,9,00914,1,99,9,99,9","10130,1,99999,9","10,1",,,,"MET067METAR VIAG 240030Z 05006KT 2500 BR SCT030 BKN090 16/14 Q1013 NOSIG=",
"42260099999","2023-01-26T02:30:00","4","27.155831","77.960892","167.94","AGRA, IN","FM-15","99999","V020","300,1,N,0031,1","99999,9,9,N","000600,1,9,9","+0160,5","+0140,5","99999,9","05,U,9999,9",,,,,,,"10180,5,99999,9","44,1",,,,"MET070METAR VIAG 260230Z 30006KT 0600 R05/1000 FG SKY OBS 16/14 Q1018 NOSIG=","D01      0ADE693D02      0ADE539"
"42260099999","2023-01-26T04:00:00","4","27.155831","77.960892","167.94","AGRA, IN","FM-15","99999","V020","310,1,N,0036,1","99999,9,9,N","000700,1,9,9","+0160,5","+0140,5","99999,9","05,U,9999,9",,,,,,,"10190,5,99999,9","44,1",,,,"MET075METAR VIAG 260400Z 31007KT 0700 R05/1000 FG SKY OBS 16/14 Q1019 BECMG 0800=","D01      0ADE693D02      0ADE539"
"42260099999","2023-01-26T04:30:00","4","27.155831","77.960892","167.94","AGRA, IN","FM-15","99999","V020","310,1,N,0036,1","99999,9,9,N","000700,1,9,9","+0160,5","+0140,5","99999,9","05,U,9999,9",,,,,,,"10190,5,99999,9","44,1",,,,"MET075METAR VIAG 260430Z 31007KT 0700 R05/1000 FG SKY OBS 16/14 Q1019 BECMG 0800=","D01      0ADE693D02      0ADE539"
"42260099999","2023-01-28T17:05:00","4","27.155831","77.960892","167.94","AGRA, IN","FM-15","99999","V020","999,9,V,0005,1","99999,9,9,N","002000,1,9,9","+0100,1","+0080,1","99999,9","05,U,9999,9","04,1,+03048,1,99,9",,,,"9,AGL   ,+99999,+99999","99,99,9,04,1,99,9,03048,1,99,9,99,9","10140,1,99999,9","10,1",,,,"MET074METAR VIAG 281705Z VRB01KT 2000 R05/0600 BR SCT100 10/08 Q1014 BECMG 1500=",
"42260099999","2023-01-29T12:30:00","4","27.155831","77.960892","167.94","AGRA, IN","FM-15","99999","V020","340,1,N,0021,1","07620,1,C,N","005000,1,9,9","+0180,1","+0110,1","99999,9",,"02,1,+00914,1,99,9","04,1,+07620,1,99,9",,,"9,AGL   ,+99999,+99999","99,99,9,02,1,99,9,00914,1,99,9,99,9","10140,1,99999,9","05,1",,,,"MET067METAR VIAG 291230Z 34004KT 5000 HZ FEW030 SCT250 18/11 Q1014 NOSIG=",
"42260099999","2023-01-29T13:00:00","4","27.155831","77.960892","167.94","AGRA, IN","FM-15","99999","V020","020,1,N,0026,1","07620,1,C,N","005000,1,9,9","+0180,1","+0120,1","99999,9",,"02,1,+00914,1,99,9","04,1,+07620,1,99,9",,,"9,AGL   ,+99999,+99999","99,99,9,02,1,99,9,00914,1,99,9,99,9","10150,1,99999,9","05,1",,,,"MET067METAR VIAG 291300Z 02005KT 5000 HZ FEW030 SCT250 18/12 Q1015 NOSIG=",
"42260099999","2023-02-01T20:48:00","4","27.155831","77.960892","167.94","AGRA, IN","FM-15","99999","V020","999,9,V,0010,1","22000,1,9,N","002700,1,9,9","+0110,1","+0080,1","99999,9",,,,,,,"00,99,1,99,9,99,9,99999,9,99,9,99,9","10160,1,99999,9","10,1",,,,"MET057METAR VIAG 012048Z VRB02KT 2700 BR SKC 11/08 Q1016 NOSIG=",
"42260099999","2023-02-03T15:00:00","4","27.155831","77.960892","167.94","AGRA, IN","FM-15","99999","V020","999,9,V,0010,1","22000,1,9,N","006000,1,9,9","+0150,1","+0120,1","99999,9",,,,,,,"00,99,1,99,9,99,9,99999,9,99,9,99,9","10160,1,99999,9",,,,,"MET054METAR VIAG 031500Z VRB02KT 6000 SKC 15/12 Q1016 NOSIG=",
"42260099999","2023-02-03T15:30:00","4","27.155831","77.960892","167.94","AGRA, IN","FM-15","99999","V020","999,9,V,0005,1","22000,1,9,N","005000,1,9,9","+0140,1","+0110,1","99999,9",,,,,,,"00,99,1,99,9,99,9,99999,9,99,9,99,9","10160,1,99999,9","10,1",,,,"MET057METAR VIAG 031530Z VRB01KT 5000 BR SKC 14/11 Q1016 NOSIG=",
"42260099999","2023-02-06T02:30:00","4","27.155831","77.960892","167.94","AGRA, IN","FM-15","99999","V020","999,9,V,0005,1","99999,9,9,N","001200,1,9,9","+0130,1","+0110,1","99999,9","05,U,9999,9","04,1,+07620,1,99,9",,,,"9,AGL   ,+99999,+99999","99,99,9,04,1,99,9,07620,1,99,9,99,9","10130,1,99999,9","10,1",,,,"MET074METAR VIAG 060230Z VRB01KT 1200 R05/2000 BR SCT250 13/11 Q1013 BECMG 1500=",
"42260099999","2023-02-22T07:15:00","4","27.155831","77.960892","167.94","AGRA, IN","FM-15","99999","V020","230,1,N,0021,1","07620,1,C,N","002000,1,9,9","+0310,1","+0160,1","99999,9","05,U,9999,9","07,1,+07620,1,99,9",,,,"9,AGL   ,+99999,+99999","99,99,9,07,1,99,9,07620,1,99,9,99,9","10120,1,99999,9","05,1",,,,"MET075METAR VIAG 220715Z 23004KT 2000 R05/P2000 HZ BKN250 31/16 Q1012 BECMG 3000=",
"42260099999","2023-02-24T01:30:00","4","27.155831","77.960892","167.94","AGRA, IN","FM-15","99999","V020","999,9,C,0000,1","07620,1,9,N","004000,1,9,9","+0130,1","+0100,1","99999,9",,"02,1,+03048,1,99,9","07,1,+07620,1,99,9",,,"9,AGL   ,+99999,+99999","99,99,9,02,1,99,9,03048,1,99,9,99,9","10150,1,99999,9","10,1",,,,"MET072METAR VIAG 240130Z 00000KT 4000 BR FEW100 BKN250 13/10 Q1015 BECMG 3000=",
"42260099999","2023-02-24T04:00:00","4","27.155831","77.960892","167.94","AGRA, IN","FM-15","99999","V020","250,1,N,0021,1","06096,1,9,N","006000,1,9,9","+0210,1","+0120,1","99999,9",,"02,1,+03048,1,99,9","07,1,+06096,1,99,9",,,"9,AGL   ,+99999,+99999","99,99,9,02,1,99,9,03048,1,99,9,99,9","10160,1,99999,9",,,,,"MET064METAR VIAG 240400Z 25004KT 6000 FEW100 BKN200 21/12 Q1016 NOSIG=",
"42260099999","2023-03-10T02:30:00","4","27.155831","77.960892","167.94","AGRA, IN","FM-15","99999","V020","999,9,V,0005,1","22000,1,9,N","002500,1,9,9","+0190,1","+0150,1","99999,9",,,,,,,"00,99,1,99,9,99,9,99999,9,99,9,99,9","10170,1,99999,9","10,1",,,,"MET057METAR VIAG 100230Z VRB01KT 2500 BR SKC 19/15 Q1017 NOSIG=",
"42260099999","2023-03-10T03:00:00","4","27.155831","77.960892","167.94","AGRA, IN","FM-15","99999","V020","999,9,V,0005,1","22000,1,9,N","002500,1,9,9","+0200,1","+0150,1","99999,9",,,,,,,"00,99,1,99,9,99,9,99999,9,99,9,99,9","10170,1,99999,9","10,1",,,,"MET057METAR VIAG 100300Z VRB01KT 2500 BR SKC 20/15 Q1017 NOSIG=",
"42260099999","2023-03-10T03:30:00","4","27.155831","77.960892","167.94","AGRA, IN","FM-15","99999","V020","260,1,N,0015,1","22000,1,9,N","002500,1,9,9","+0220,1","+0150,1","99999,9",,,,,,,"00,99,1,99,9,99,9,99999,9,99,9,99,9","10180,1,99999,9","05,1",,,,"MET062METAR VIAG 100330Z 26003KT 2500 HZ SKC 22/15 Q1018 BEMCG 3000=",
"42260099999","2023-03-10T06:00:00","4","27.155831","77.960892","167.94","AGRA, IN","FM-15","99999","V020","290,1,N,0021,1","22000,1,9,N","004000,1,9,9","+0290,1","+0150,1","99999,9",,,,,,,"00,99,1,99,9,99,9,99999,9,99,9,99,9","10170,1,99999,9","05,1",,,,"MET062METAR VIAG 100600Z 29004KT 4000 HZ SKC 29/15 Q1017 BECMG 5000=",
"42260099999","2023-03-10T06:30:00","4","27.155831","77.960892","167.94","AGRA, IN","FM-15","99999","V020","310,1,N,0021,1","22000,1,9,N","005000,1,9,9","+0300,1","+0140,1","99999,9",,,,,,,"00,99,1,99,9,99,9,99999,9,99,9,99,9","10170,1,99999,9","05,1",,,,"MET057METAR VIAG 100630Z 31004KT 5000 HZ SKC 30/14 Q1017 NOSIG=",
"42260099999","2023-03-13T02:00:00","4","27.155831","77.960892","167.94","AGRA, IN","FM-15","99999","V020","999,9,V,0005,1","07620,1,9,N","004000,1,9,9","+0200,1","+0150,1","99999,9",,"02,1,+03048,1,99,9","07,1,+07620,1,99,9",,,"9,AGL   ,+99999,+99999","99,99,9,02,1,99,9,03048,1,99,9,99,9","10140,1,99999,9","05,1",,,,"MET067METAR VIAG 130200Z VRB01KT 4000 HZ FEW100 BKN250 20/15 Q1014 NOSIG=",
"42260099999","2023-03-13T02:30:00","4","27.155831","77.960892","167.94","AGRA, IN","FM-15","99999","V020","999,9,V,0010,1","07620,1,9,N","004000,1,9,9","+0220,1","+0160,1","99999,9",,"02,1,+03048,1,99,9","07,1,+07620,1,99,9",,,"9,AGL   ,+99999,+99999","99,99,9,02,1,99,9,03048,1,99,9,99,9","10150,1,99999,9","05,1",,,,"MET067METAR VIAG 130230Z VRB02KT 4000 HZ FEW100 BKN250 22/16 Q1015 NOSIG=",
"42260099999","2023-03-13T15:00:00","4","27.155831","77.960892","167.94","AGRA, IN","FM-15","99999","V020","999,9,V,0005,1","07620,1,9,N","006000,1,9,9","+0250,1","+0140,1","99999,9",,"02,1,+03048,1,99,9","07,1,+07620,1,99,9",,,"9,AGL   ,+99999,+99999","99,99,9,02,1,99,9,03048,1,99,9,99,9","10110,1,99999,9",,,,,"MET064METAR VIAG 131500Z VRB01KT 6000 FEW100 BKN250 25/14 Q1011 NOSIG=",
"42260099999","2023-03-13T15:30:00","4","27.155831","77.960892","167.94","AGRA, IN","FM-15","99999","V020","999,9,V,0005,1","07620,1,9,N","006000,1,9,9","+0240,1","+0130,1","99999,9",,"02,1,+03048,1,99,9","07,1,+07620,1,99,9",,,"9,AGL   ,+99999,+99999","99,99,9,02,1,99,9,03048,1,99,9,99,9","10120,1,99999,9",,,,,"MET064METAR VIAG 131530Z VRB01KT 6000 FEW100 BKN250 24/13 Q1012 NOSIG=",
"42260099999","2023-03-13T16:30:00","4","27.155831","77.960892","167.94","AGRA, IN","FM-15","99999","V020","999,9,V,0005,1","07620,1,9,N","006000,1,9,9","+0240,1","+0150,1","99999,9",,"02,1,+03048,1,99,9","07,1,+07620,1,99,9",,,"9,AGL   ,+99999,+99999","99,99,9,02,1,99,9,03048,1,99,9,99,9","10120,1,99999,9",,,,,"MET064METAR VIAG 131630Z VRB01KT 6000 FEW100 BKN250 24/15 Q1012 NOSIG=",
"42260099999","2023-03-14T00:00:00","4","27.155831","77.960892","167.94","AGRA, IN","FM-15","99999","V020","999,9,C,0000,1","07620,1,C,N","005000,1,9,9","+0190,1","+0140,1","99999,9",,"02,1,+03048,1,99,9","04,1,+07620,1,99,9",,,"9,AGL   ,+99999,+99999","99,99,9,02,1,99,9,03048,1,99,9,99,9","10110,1,99999,9","10,1",,,,"MET067METAR VIAG 140000Z 00000KT 5000 BR FEW100 SCT250 19/14 Q1011 NOSIG=",
"42260099999","2023-03-14T00:30:00","4","27.155831","77.960892","167.94","AGRA, IN","FM-15","99999","V020","999,9,V,0005,1","07620,1,C,N","005000,1,9,9","+0190,1","+0140,1","99999,9",,"02,1,+03048,1,99,9","04,1,+07620,1,99,9",,,"9,AGL   ,+99999,+99999","99,99,9,02,1,99,9,03048,1,99,9,99,9","10110,1,99999,9","05,1",,,,"MET067METAR VIAG 140030Z VRB01KT 5000 HZ FEW100 SCT250 19/14 Q1011 NOSIG=",
"42260099999","2023-03-14T01:00:00","4","27.155831","77.960892","167.94","AGRA, IN","FM-15","99999","V020","999,9,C,0000,1","99999,9,9,N","005000,1,9,9","+0200,1","+0140,1","99999,9",,"04,1,+07620,1,99,9",,,,"9,AGL   ,+99999,+99999","99,99,9,04,1,99,9,07620,1,99,9,99,9","10110,1,99999,9","05,1",,,,"MET060METAR VIAG 140100Z 00000KT 5000 HZ SCT250 20/14 Q1011 NOSIG=",
"42260099999","2023-03-19T09:45:00","4","27.155831","77.960892","167.94","AGRA, IN","FM-15","99999","V020","050,1,N,0041,1","07620,1,9,N","006000,1,9,9","+0260,1","+0160,1","99999,9",,"04,1,+00762,1,99,9","02,1,+00914,1,09,1","04,1,+03048,1,99,9","07,1,+07620,1,99,9","9,AGL   ,+99999,+99999","99,99,9,04,1,99,9,00762,1,99,9,99,9","10070,1,99999,9","17,1",,,,"MET104METAR VIAG 190945Z 05008KT 6000 TS SCT025 FEW030CB SCT100 BKN250 26/16 Q1007 TEMPO 27015G25KT 3000 TSRA=",
"42260099999","2023-03-21T02:50:00","4","27.155831","77.960892","167.94","AGRA, IN","FM-15","99999","V020","220,1,N,0015,1","99999,9,9,N","000800,1,9,9","+0190,1","+0170,1","99999,9","05,U,9999,9","02,1,+02743,1,99,9",,,,"9,AGL   ,+99999,+99999","99,99,9,02,1,99,9,02743,1,99,9,99,9","10090,1,99999,9","44,1",,,,"MET074METAR VIAG 210250Z 22003KT 0800 R05/0225 FG FEW090 19/17 Q1009 BECMG 0600=",
"42260099999","2023-03-27T16:30:00","4","27.155831","77.960892","167.94","AGRA, IN","FM-15","99999","V020","360,1,N,0026,1","22000,1,9,N","006000,1,9,9","+0260,1","+0120,1","99999,9",,,,,,,"00,99,1,99,9,99,9,99999,9,99,9,99,9","10100,1,99999,9",,,,,"MET054METAR VIAG 271630Z 36005KT 6000 SKC 26/12 Q1010 NOSIG=",
"42260099999","2023-03-27T17:30:00","4","27.155831","77.960892","167.94","AGRA, IN","FM-15","99999","V020","020,1,N,0026,1","22000,1,9,N","006000,1,9,9","+0240,1","+0120,1","99999,9",,,,,,,"00,99,1,99,9,99,9,99999,9,99,9,99,9","10100,1,99999,9",,,,,"MET054METAR VIAG 271730Z 02005KT 6000 SKC 24/12 Q1010 NOSIG=",
"42260099999","2023-03-27T18:00:00","4","27.155831","77.960892","167.94","AGRA, IN","FM-15","99999","V020","360,1,N,0015,1","22000,1,9,N","006000,1,9,9","+0240,1","+0120,1","99999,9",,,,,,,"00,99,1,99,9,99,9,99999,9,99,9,99,9","10100,1,99999,9",,,,,"MET054METAR VIAG 271800Z 36003KT 6000 SKC 24/12 Q1010 NOSIG=",
"42260099999","2023-03-30T08:00:00","4","27.155831","77.960892","167.94","AGRA, IN","FM-15","99999","V020","070,1,N,0031,1","03048,1,C,N","006000,1,9,9","+0330,1","+0120,1","99999,9",,"02,1,+00914,1,99,9","04,1,+03048,1,99,9",,,"9,AGL   ,+99999,+99999","99,99,9,02,1,99,9,00914,1,99,9,99,9","10080,1,99999,9",,,,,"MET064METAR VIAG 300800Z 07006KT 6000 FEW030 SCT100 33/12 Q1008 NOSIG=",
"42260099999","2023-04-01T07:00:00","4","27.155831","77.960892","167.94","AGRA, IN","FM-15","99999","V020","030,1,N,0021,1","99999,9,9,N","006000,1,9,9","+0270,1","+0160,1","99999,9",,"04,1,+00914,1,99,9",,,,"9,AGL   ,+99999,+99999","99,99,9,04,1,99,9,00914,1,99,9,99,9","10100,1,99999,9",,,,,"MET057METAR VIAG 010700Z 03004KT 6000 SCT030 27/16 Q1010 NOSIG=",
"42260099999","2023-04-01T10:00:00","4","27.155831","77.960892","167.94","AGRA, IN","FM-15","99999","V020","250,1,N,0021,1","99999,9,9,N","006000,1,9,9","+0300,1","+0140,1","99999,9",,"04,1,+00762,1,99,9","02,1,+00914,1,08,1",,,"9,AGL   ,+99999,+99999","99,99,9,04,1,99,9,00762,1,99,9,99,9","10080,1,99999,9",,,,,"MET067METAR VIAG 011000Z 25004KT 6000 SCT025 FEW030TCU 30/14 Q1008 NOSIG=",
"42260099999","2023-04-05T12:30:00","4","27.155831","77.960892","167.94","AGRA, IN","FM-15","99999","V020","320,1,N,0026,1","99999,9,9,N","006000,1,9,9","+0330,1","+0050,1","99999,9",,"02,1,+00914,1,99,9",,,,"9,AGL   ,+99999,+99999","99,99,9,02,1,99,9,00914,1,99,9,99,9","10080,1,99999,9",,,,,"MET057METAR VIAG 051230Z 32005KT 6000 FEW030 33/05 Q1008 NOSIG=",
"42260099999","2023-04-12T03:30:00","4","27.155831","77.960892","167.94","AGRA, IN","FM-15","99999","V020","210,1,N,0015,1","22000,1,9,N","005000,1,9,9","+0310,1","+0100,1","99999,9",,,,,,,"00,99,1,99,9,99,9,99999,9,99,9,99,9","10130,1,99999,9","05,1",,,,"MET057METAR VIAG 120330Z 21003KT 5000 HZ SKC 31/10 Q1013 NOSIG=",
"42260099999","2023-04-12T06:30:00","4","27.155831","77.960892","167.94","AGRA, IN","FM-15","99999","V020","320,1,N,0041,1","22000,1,9,N","006000,1,9,9","+0380,1","+0070,1","99999,9",,,,,,,"00,99,1,99,9,99,9,99999,9,99,9,99,9","10120,1,99999,9",,,,,"MET054METAR VIAG 120630Z 32008KT 6000 SKC 38/07 Q1012 NOSIG=",
"42260099999","2023-04-13T08:30:00","4","27.155831","77.960892","167.94","AGRA, IN","FM-15","99999","V020","260,1,N,0036,1","99999,9,9,N","006000,1,9,9","+0400,1","+0060,1","99999,9",,"04,1,+07620,1,99,9",,,,"9,AGL   ,+99999,+99999","99,99,9,04,1,99,9,07620,1,99,9,99,9","10090,1,99999,9",,,,,"MET057METAR VIAG 130830Z 26007KT 6000 SCT250 40/06 Q1009 NOSIG=",
"42260099999","2023-04-13T09:00:00","4","27.155831","77.960892","167.94","AGRA, IN","FM-15","99999","V020","290,1,N,0031,1","07620,1,C,N","006000,1,9,9","+0400,1","+0070,1","99999,9",,"07,1,+07620,1,99,9",,,,"9,AGL   ,+99999,+99999","99,99,9,07,1,99,9,07620,1,99,9,99,9","10080,1,99999,9",,,,,"MET057METAR VIAG 130900Z 29006KT 6000 BKN250 40/07 Q1008 NOSIG=",
"42260099999","2023-04-13T12:00:00","4","27.155831","77.960892","167.94","AGRA, IN","FM-15","99999","V020","270,1,N,0041,1","07620,1,C,N","006000,1,9,9","+0390,1","+0050,1","99999,9",,"02,1,+03048,1,99,9","04,1,+07620,1,99,9",,,"9,AGL   ,+99999,+99999","99,99,9,02,1,99,9,03048,1,99,9,99,9","10070,1,99999,9",,,,,"MET064METAR VIAG 131200Z 27008KT 6000 FEW100 SCT250 39/05 Q1007 NOSIG=",
"42260099999","2023-04-13T13:00:00","4","27.155831","77.960892","167.94","AGRA, IN","FM-15","99999","V020","260,1,N,0021,1","07620,1,9,N","006000,1,9,9","+0360,1","+0070,1","99999,9",,"02,1,+03048,1,99,9","07,1,+07620,1,99,9",,,"9,AGL   ,+99999,+99999","99,99,9,02,1,99,9,03048,1,99,9,99,9","10070,1,99999,9",,,,,"MET064METAR VIAG 131300Z 26004KT 6000 FEW100 BKN250 36/07 Q1007 NOSIG=",
"42260099999","2023-04-13T13:30:00","4","27.155831","77.960892","167.94","AGRA, IN","FM-15","99999","V020","300,1,N,0021,1","07620,1,9,N","006000,1,9,9","+0340,1","+0100,1","99999,9",,"02,1,+03048,1,99,9","07,1,+07620,1,99,9",,,"9,AGL   ,+99999,+99999","99,99,9,02,1,99,9,03048,1,99,9,99,9","10070,1,99999,9",,,,,"MET064METAR VIAG 131330Z 30004KT 6000 FEW100 BKN250 34/10 Q1007 NOSIG=",
"42260099999","2023-04-14T14:00:00","4","27.155831","77.960892","167.94","AGRA, IN","FM-15","99999","V020","330,1,N,0021,1","07620,1,C,N","006000,1,9,9","+0340,1","+0090,1","99999,9",,"07,1,+07620,1,99,9",,,,"9,AGL   ,+99999,+99999","99,99,9,07,1,99,9,07620,1,99,9,99,9","10070,1,99999,9",,,,,"MET057METAR VIAG 141400Z 33004KT 6000 BKN250 34/09 Q1007 NOSIG=",
"42260099999","2023-04-14T15:30:00","4","27.155831","77.960892","167.94","AGRA, IN","FM-15","99999","V020","999,9,V,0005,1","07620,1,C,N","006000,1,9,9","+0290,1","+0120,1","99999,9",,"07,1,+07620,1,99,9",,,,"9,AGL   ,+99999,+99999","99,99,9,07,1,99,9,07620,1,99,9,99,9","10080,1,99999,9",,,,,"MET057METAR VIAG 141530Z VRB01KT 6000 BKN250 29/12 Q1008 NOSIG=",
"42260099999","2023-04-16T15:00:00","4","27.155831","77.960892","167.94","AGRA, IN","FM-15","99999","V020","999,9,V,0005,1","99999,9,9,N","006000,1,9,9","+0300,1","+0120,1","99999,9",,"02,1,+03048,1,99,9",,,,"9,AGL   ,+99999,+99999","99,99,9,02,1,99,9,03048,1,99,9,99,9","10060,1,99999,9",,,,,"MET057METAR VIAG 161500Z VRB01KT 6000 FEW100 30/12 Q1006 NOSIG=",
"42260099999","2023-04-16T16:30:00","4","27.155831","77.960892","167.94","AGRA, IN","FM-15","99999","V020","999,9,V,0005,1","99999,9,9,N","006000,1,9,9","+0280,1","+0130,1","99999,9",,"02,1,+03048,1,99,9",,,,"9,AGL   ,+99999,+99999","99,99,9,02,1,99,9,03048,1,99,9,99,9","10070,1,99999,9",,,,,"MET061METAR VIAG 161630Z VRB01KT 6000 FEW100 28/13 Q1007 TEMPO -RA=",
"42260099999","2023-04-16T18:00:00","4","27.155831","77.960892","167.94","AGRA, IN","FM-15","99999","V020","999,9,V,0005,1","99999,9,9,N","006000,1,9,9","+0280,1","+0130,1","99999,9",,"02,1,+03048,1,99,9",,,,"9,AGL   ,+99999,+99999","99,99,9,02,1,99,9,03048,1,99,9,99,9","10070,1,99999,9",,,,,"MET057METAR VIAG 161800Z VRB01KT 6000 FEW100 28/13 Q1007 NOSIG=",
"42260099999","2023-04-21T16:00:00","4","27.155831","77.960892","167.94","AGRA, IN","FM-15","99999","V020","090,1,N,0021,1","99999,9,9,N","006000,1,9,9","+0300,1","+0110,1","99999,9",,"02,1,+00914,1,99,9",,,,"9,AGL   ,+99999,+99999","99,99,9,02,1,99,9,00914,1,99,9,99,9","10040,1,99999,9",,,,,"MET057METAR VIAG 211600Z 09004KT 6000 FEW030 30/11 Q1004 NOSIG=",
"42260099999","2023-04-28T02:00:00","4","27.155831","77.960892","167.94","AGRA, IN","FM-15","99999","V020","050,1,N,0021,1","02743,1,9,N","005000,1,9,9","+0270,1","+0130,1","99999,9",,"04,1,+00914,1,99,9","02,1,+01067,1,09,1","07,1,+02743,1,99,9",,"9,AGL   ,+99999,+99999","99,99,9,04,1,99,9,00914,1,99,9,99,9","10090,1,99999,9","05,1",,,,"MET097METAR VIAG 280200Z 05004KT 5000 HZ SCT030 FEW035CB BKN090 27/13 Q1009 TEMPO 13015G25KT 2000 TSRA=",
"42260099999","2023-04-28T02:30:00","4","27.155831","77.960892","167.94","AGRA, IN","FM-15","99999","V020","020,1,N,0031,1","02743,1,9,N","005000,1,9,9","+0280,1","+0130,1","99999,9",,"04,1,+00914,1,99,9","02,1,+01067,1,09,1","07,1,+02743,1,99,9",,"9,AGL   ,+99999,+99999","99,99,9,04,1,99,9,00914,1,99,9,99,9","10100,1,99999,9","05,1",,,,"MET097METAR VIAG 280230Z 02006KT 5000 HZ SCT030 FEW035CB BKN090 28/13 Q1010 TEMPO 09015G25KT 2000 TSRA=",
"42260099999","2023-04-30T05:15:00","4","27.155831","77.960892","167.94","AGRA, IN","FM-15","99999","V020","200,1,N,0015,1","02743,1,9,N","005000,1,9,9","+0300,1","+0160,1","99999,9",,"04,1,+00914,1,99,9","02,1,+00914,1,09,1","07,1,+02743,1,99,9",,"9,AGL   ,+99999,+99999","99,99,9,04,1,99,9,00914,1,99,9,99,9","10090,1,99999,9","06,1","61,1",,,"MET100METAR VIAG 300515Z 20003KT 5000 DU-RA SCT030 FEW030CB BKN090 30/16 Q1009 TEMPO 20015G25KT 3000 TSRA=",
"42260099999","2023-04-30T06:00:00","4","27.155831","77.960892","167.94","AGRA, IN","FM-15","99999","V020","140,1,N,0015,1","03048,1,9,N","006000,1,9,9","+0300,1","+0150,1","99999,9",,"04,1,+00914,1,99,9","02,1,+00914,1,09,1","07,1,+03048,1,99,9",,"9,AGL   ,+99999,+99999","99,99,9,04,1,99,9,00914,1,99,9,99,9","10080,1,99999,9",,,,,"MET089METAR VIAG 300600Z 14003KT 6000 SCT030 FEW030CB BKN100 30/15 Q1008 TEMPO 25015G25KT TSRA=",
"42260099999","2023-04-30T15:00:00","4","27.155831","77.960892","167.94","AGRA, IN","FM-15","99999","V020","999,9,V,0010,1","02743,1,9,N","006000,1,9,9","+0240,1","+0170,1","99999,9",,"04,1,+00914,1,99,9","07,1,+02743,1,99,9",,,"9,AGL   ,+99999,+99999","99,99,9,04,1,99,9,00914,1,99,9,99,9","10070,1,99999,9",,,,,"MET064METAR VIAG 301500Z VRB02KT 6000 SCT030 BKN090 24/17 Q1007 NOSIG=",
"42260099999","2023-04-30T18:00:00","4","27.155831","77.960892","167.94","AGRA, IN","FM-15","99999","V020","999,9,V,0010,1","02743,1,9,N","006000,1,9,9","+0240,1","+0180,1","99999,9",,"04,1,+00914,1,99,9","07,1,+02743,1,99,9",,,"9,AGL   ,+99999,+99999","99,99,9,04,1,99,9,00914,1,99,9,99,9","10070,1,99999,9",,,,,"MET064METAR VIAG 301800Z VRB02KT 6000 SCT030 BKN090 24/18 Q1007 NOSIG=",
"42260099999","2023-05-01T03:15:00","4","27.155831","77.960892","167.94","AGRA, IN","FM-15","99999","V020","090,1,N,0021,1","99999,9,9,N","004000,1,9,9","+0240,5","+0190,5","99999,9",,,,,,,,"10090,5,99999,9","05,5","61,5",,,"MET077METAR VIAG 010315Z 09004KT 4000 -RAHZ SCT030 BKN090 BKN250 24/19 Q1009 NOSIG=","D01      0ADE735"
"42260099999","2023-05-01T04:30:00","4","27.155831","77.960892","167.94","AGRA, IN","FM-15","99999","V020","120,1,N,0021,1","03048,1,9,N","005000,1,9,9","+0250,1","+0190,1","99999,9",,"04,1,+00914,1,99,9","07,1,+03048,1,99,9","07,1,+07620,1,99,9",,"9,AGL   ,+99999,+99999","99,99,9,04,1,99,9,00914,1,99,9,99,9","10090,1,99999,9","05,1",,,,"MET078METAR VIAG 010430Z 12004KT 5000 HZ SCT030 BKN100 BKN250 25/19 Q1009 TEMPO -RA=",
"42260099999","2023-05-05T07:00:00","4","27.155831","77.960892","167.94","AGRA, IN","FM-15","99999","V020","270,1,N,0026,1","07620,1,C,N","006000,1,9,9","+0350,1","+0140,1","99999,9",,"02,1,+00914,1,99,9","04,1,+07620,1,99,9",,,"9,AGL   ,+99999,+99999","99,99,9,02,1,99,9,00914,1,99,9,99,9","10090,1,99999,9",,,,,"MET064METAR VIAG 050700Z 27005KT 6000 FEW030 SCT250 35/14 Q1009 NOSIG=",
"42260099999","2023-05-05T07:30:00","4","27.155831","77.960892","167.94","AGRA, IN","FM-15","99999","V020","280,1,N,0026,1","07620,1,C,N","006000,1,9,9","+0350,1","+0150,1","99999,9",,"02,1,+00914,1,99,9","04,1,+07620,1,99,9",,,"9,AGL   ,+99999,+99999","99,99,9,02,1,99,9,00914,1,99,9,99,9","10080,1,99999,9",,,,,"MET064METAR VIAG 050730Z 28005KT 6000 FEW030 SCT250 35/15 Q1008 NOSIG=",
"42260099999","2023-05-05T10:30:00","4","27.155831","77.960892","167.94","AGRA, IN","FM-15","99999","V020","340,1,N,0036,1","07620,1,C,N","006000,1,9,9","+0360,1","+0120,1","99999,9",,"02,1,+00914,1,99,9","04,1,+07620,1,99,9",,,"9,AGL   ,+99999,+99999","99,99,9,02,1,99,9,00914,1,99,9,99,9","10050,1,99999,9",,,,,"MET064METAR VIAG 051030Z 34007KT 6000 FEW030 SCT250 36/12 Q1005 NOSIG=",
"42260099999","2023-05-05T11:00:00","4","27.155831","77.960892","167.94","AGRA, IN","FM-15","99999","V020","320,1,N,0041,1","07620,1,C,N","006000,1,9,9","+0370,1","+0100,1","99999,9",,"02,1,+00914,1,99,9","04,1,+07620,1,99,9",,,"9,AGL   ,+99999,+99999","99,99,9,02,1,99,9,00914,1,99,9,99,9","10050,1,99999,9",,,,,"MET064METAR VIAG 051100Z 32008KT 6000 FEW030 SCT250 37/10 Q1005 NOSIG=",
"42260099999","2023-05-05T12:00:00","4","27.155831","77.960892","167.94","AGRA, IN","FM-15","99999","V020","360,1,N,0041,1","07620,1,C,N","006000,1,9,9","+0350,1","+0140,1","99999,9",,"02,1,+03048,1,99,9","04,1,+07620,1,99,9",,,"9,AGL   ,+99999,+99999","99,99,9,02,1,99,9,03048,1,99,9,99,9","10050,1,99999,9",,,,,"MET064METAR VIAG 051200Z 36008KT 6000 FEW100 SCT250 35/14 Q1005 NOSIG=",
"42260099999","2023-05-05T12:30:00","4","27.155831","77.960892","167.94","AGRA, IN","FM-15","99999","V020","360,1,N,0036,1","99999,9,9,N","006000,1,9,9","+0340,1","+0140,1","99999,9",,"02,1,+03048,1,99,9",,,,"9,AGL   ,+99999,+99999","99,99,9,02,1,99,9,03048,1,99,9,99,9","10050,1,99999,9",,,,,"MET057METAR VIAG 051230Z 36007KT 6000 FEW100 34/14 Q1005 NOSIG=",
"42260099999","2023-05-05T13:00:00","4","27.155831","77.960892","167.94","AGRA, IN","FM-15","99999","V020","360,1,N,0046,1","99999,9,9,N","006000,1,9,9","+0330,1","+0140,1","99999,9",,"02,1,+03048,1,99,9",,,,"9,AGL   ,+99999,+99999","99,99,9,02,1,99,9,03048,1,99,9,99,9","10050,1,99999,9",,,,,"MET057METAR VIAG 051300Z 36009KT 6000 FEW100 33/14 Q1005 NOSIG=",
"42260099999","2023-05-06T01:00:00","4","27.155831","77.960892","167.94","AGRA, IN","FM-15","99999","V020","999,9,C,0000,1","22000,1,9,N","005000,1,9,9","+0250,1","+0180,1","99999,9",,,,,,,"00,99,1,99,9,99,9,99999,9,99,9,99,9","10070,1,99999,9","05,1",,,,"MET057METAR VIAG 060100Z 00000KT 5000 HZ SKC 25/18 Q1007 NOSIG=",
"42260099999","2023-05-06T01:30:00","4","27.155831","77.960892","167.94","AGRA, IN","FM-15","99999","V020","999,9,V,0005,1","22000,1,9,N","005000,1,9,9","+0260,1","+0180,1","99999,9",,,,,,,"00,99,1,99,9,99,9,99999,9,99,9,99,9","10070,1,99999,9","05,1",,,,"MET057METAR VIAG 060130Z VRB01KT 5000 HZ SKC 26/18 Q1007 NOSIG=",
"42260099999","2023-05-06T02:00:00","4","27.155831","77.960892","167.94","AGRA, IN","FM-15","99999","V020","999,9,V,0010,1","99999,9,9,N","005000,1,9,9","+0280,1","+0180,1","99999,9",,"02,1,+03048,1,99,9",,,,"9,AGL   ,+99999,+99999","99,99,9,02,1,99,9,03048,1,99,9,99,9","10070,1,99999,9","05,1",,,,"MET060METAR VIAG 060200Z VRB02KT 5000 HZ FEW100 28/18 Q1007 NOSIG=",
"42260099999","2023-05-06T02:30:00","4","27.155831","77.960892","167.94","AGRA, IN","FM-15","99999","V020","260,1,N,0015,1","99999,9,9,N","005000,1,9,9","+0290,1","+0170,1","99999,9",,"02,1,+03048,1,99,9",,,,"9,AGL   ,+99999,+99999","99,99,9,02,1,99,9,03048,1,99,9,99,9","10080,1,99999,9","05,1",,,,"MET060METAR VIAG 060230Z 26003KT 5000 HZ FEW100 29/17 Q1008 NOSIG=",
"42260099999","2023-05-06T03:00:00","4","27.155831","77.960892","167.94","AGRA, IN","FM-15","99999","V020","270,1,N,0015,1","99999,9,9,N","005000,1,9,9","+0310,1","+0170,1","99999,9",,"02,1,+03048,1,99,9",,,,"9,AGL   ,+99999,+99999","99,99,9,02,1,99,9,03048,1,99,9,99,9","10080,1,99999,9","05,1",,,,"MET060METAR VIAG 060300Z 27003KT 5000 HZ FEW100 31/17 Q1008 NOSIG=",
"42260099999","2023-05-06T06:00:00","4","27.155831","77.960892","167.94","AGRA, IN","FM-15","99999","V020","230,1,N,0026,1","22000,1,9,N","008000,1,9,9","+0360,1","+0150,1","99999,9",,,,,,,"00,99,1,99,9,99,9,99999,9,99,9,99,9","10080,1,99999,9",,,,,"MET054METAR VIAG 060600Z 23005KT 8000 SKC 36/15 Q1008 NOSIG=",
"42260099999","2023-05-06T06:30:00","4","27.155831","77.960892","167.94","AGRA, IN","FM-15","99999","V020","230,1,N,0015,1","22000,1,9,N","008000,1,9,9","+0370,1","+0140,1","99999,9",,,,,,,"00,99,1,99,9,99,9,99999,9,99,9,99,9","10070,1,99999,9",,,,,"MET054METAR VIAG 060630Z 23003KT 8000 SKC 37/14 Q1007 NOSIG=",
"42260099999","2023-05-07T03:30:00","4","27.155831","77.960892","167.94","AGRA, IN","FM-15","99999","V020","180,1,N,0031,1","22000,1,9,N","006000,1,9,9","+0340,1","+0160,1","99999,9",,,,,,,"00,99,1,99,9,99,9,99999,9,99,9,99,9","10070,1,99999,9",,,,,"MET054METAR VIAG 070330Z 18006KT 6000 SKC 34/16 Q1007 NOSIG=",
"42260099999","2023-05-07T05:30:00","4","27.155831","77.960892","167.94","AGRA, IN","FM-15","99999","V020","160,1,N,0031,1","22000,1,9,N","006000,1,9,9","+0380,1","+0150,1","99999,9",,,,,,,"00,99,1,99,9,99,9,99999,9,99,9,99,9","10070,1,99999,9",,,,,"MET054METAR VIAG 070530Z 16006KT 6000 SKC 38/15 Q1007 NOSIG=",
"42260099999","2023-05-07T06:00:00","4","27.155831","77.960892","167.94","AGRA, IN","FM-15","99999","V020","160,1,N,0031,1","22000,1,9,N","006000,1,9,9","+0390,1","+0140,1","99999,9",,,,,,,"00,99,1,99,9,99,9,99999,9,99,9,99,9","10070,1,99999,9",,,,,"MET054METAR VIAG 070600Z 16006KT 6000 SKC 39/14 Q1007 NOSIG=",
"42260099999","2023-05-08T02:00:00","4","27.155831","77.960892","167.94","AGRA, IN","FM-15","99999","V020","110,1,N,0026,1","99999,9,9,N","006000,1,9,9","+0280,1","+0170,1","99999,9",,"02,1,+00914,1,99,9","02,1,+01067,1,08,1",,,"9,AGL   ,+99999,+99999","99,99,9,02,1,99,9,00914,1,99,9,99,9","10050,1,99999,9",,,,,"MET078METAR VIAG 080200Z 11005KT 6000 FEW030 FEW035TCU 28/17 Q1005 TEMPO 23015G25KT=",
"42260099999","2023-05-08T03:00:00","4","27.155831","77.960892","167.94","AGRA, IN","FM-15","99999","V020","110,1,N,0041,1","99999,9,9,N","006000,1,9,9","+0310,1","+0160,1","99999,9",,"04,1,+00914,1,99,9","02,1,+01067,1,08,1",,,"9,AGL   ,+99999,+99999","99,99,9,04,1,99,9,00914,1,99,9,99,9","10060,1,99999,9",,,,,"MET078METAR VIAG 080300Z 11008KT 6000 SCT030 FEW035TCU 31/16 Q1006 TEMPO 15015G25KT=",
"42260099999","2023-05-08T07:00:00","4","27.155831","77.960892","167.94","AGRA, IN","FM-15","99999","V020","180,1,N,0026,1","99999,9,9,N","006000,1,9,9","+0390,1","+0130,1","99999,9",,"02,1,+07620,1,99,9",,,,"9,AGL   ,+99999,+99999","99,99,9,02,1,99,9,07620,1,99,9,99,9","10050,1,99999,9",,,,,"MET057METAR VIAG 080700Z 18005KT 6000 FEW250 39/13 Q1005 NOSIG=",
"42260099999","2023-05-08T14:00:00","4","27.155831","77.960892","167.94","AGRA, IN","FM-15","99999","V020","030,1,N,0041,1","99999,9,9,N","005000,1,9,9","+0320,1","+0150,1","99999,9",,"04,1,+00914,1,99,9",,,,"9,AGL   ,+99999,+99999","99,99,9,04,1,99,9,00914,1,99,9,99,9","10040,1,99999,9","06,1",,,,"MET060METAR VIAG 081400Z 03008KT 5000 DU SCT030 32/15 Q1004 NOSIG=",
"42260099999","2023-05-08T15:00:00","4","27.155831","77.960892","167.94","AGRA, IN","FM-15","99999","V020","050,1,N,0021,1","99999,9,9,N","006000,1,9,9","+0310,1","+0140,1","99999,9",,"02,1,+00914,1,99,9",,,,"9,AGL   ,+99999,+99999","99,99,9,02,1,99,9,00914,1,99,9,99,9","10050,1,99999,9",,,,,"MET057METAR VIAG 081500Z 05004KT 6000 FEW030 31/14 Q1005 NOSIG=",
"42260099999","2023-05-08T23:30:00","4","27.155831","77.960892","167.94","AGRA, IN","FM-15","99999","V020","340,1,N,0021,1","99999,9,9,N","006000,1,9,9","+0250,1","+0160,1","99999,9",,"02,1,+00914,1,99,9",,,,"9,AGL   ,+99999,+99999","99,99,9,02,1,99,9,00914,1,99,9,99,9","10050,1,99999,9",,,,,"MET062METAR VIAG 082330Z 34004KT 6000 FEW030 25/16 Q1005 TEMPO 5000=",
"42260099999","2023-05-09T00:00:00","4","27.155831","77.960892","167.94","AGRA, IN","FM-15","99999","V020","320,1,N,0015,1","22000,1,9,N","005000,1,9,9","+0250,1","+0160,1","99999,9",,,,,,,"00,99,1,99,9,99,9,99999,9,99,9,99,9","10060,1,99999,9","05,1",,,,"MET057METAR VIAG 090000Z 32003KT 5000 HZ SKC 25/16 Q1006 NOSIG=",
"42260099999","2023-05-09T00:30:00","4","27.155831","77.960892","167.94","AGRA, IN","FM-15","99999","V020","330,1,N,0026,1","22000,1,9,N","005000,1,9,9","+0250,1","+0160,1","99999,9",,,,,,,"00,99,1,99,9,99,9,99999,9,99,9,99,9","10060,1,99999,9","05,1",,,,"MET057METAR VIAG 090030Z 33005KT 5000 HZ SKC 25/16 Q1006 NOSIG=",
"42260099999","2023-05-09T01:00:00","4","27.155831","77.960892","167.94","AGRA, IN","FM-15","99999","V020","999,9,V,0010,1","22000,1,9,N","005000,1,9,9","+0250,1","+0170,1","99999,9",,,,,,,"00,99,1,99,9,99,9,99999,9,99,9,99,9","10060,1,99999,9","05,1",,,,"MET057METAR VIAG 090100Z VRB02KT 5000 HZ SKC 25/17 Q1006 NOSIG=",
"42260099999","2023-05-10T02:30:00","4","27.155831","77.960892","167.94","AGRA, IN","FM-15","99999","V020","280,1,N,0036,1","22000,1,9,N","005000,1,9,9","+0290,1","+0070,1","99999,9",,,,,,,"00,99,1,99,9,99,9,99999,9,99,9,99,9","10080,1,99999,9","06,1",,,,"MET057METAR VIAG 100230Z 28007KT 5000 DU SKC 29/07 Q1008 NOSIG=",
"42260099999","2023-05-13T17:30:00","4","27.155831","77.960892","167.94","AGRA, IN","FM-15","99999","V020","999,9,V,0005,1","99999,9,9,N","006000,1,9,9","+0300,1","+0150,1","99999,9",,"02,1,+07620,1,99,9",,,,"9,AGL   ,+99999,+99999","99,99,9,02,1,99,9,07620,1,99,9,99,9","10040,1,99999,9",,,,,"MET057METAR VIAG 131730Z VRB01KT 6000 FEW250 30/15 Q1004 NOSIG=",
"42260099999","2023-05-13T18:00:00","4","27.155831","77.960892","167.94","AGRA, IN","FM-15","99999","V020","999,9,V,0005,1","99999,9,9,N","006000,1,9,9","+0300,1","+0140,1","99999,9",,"02,1,+07620,1,99,9",,,,"9,AGL   ,+99999,+99999","99,99,9,02,1,99,9,07620,1,99,9,99,9","10040,1,99999,9",,,,,"MET057METAR VIAG 131800Z VRB01KT 6000 FEW250 30/14 Q1004 NOSIG=",
"42260099999","2023-05-13T23:30:00","4","27.155831","77.960892","167.94","AGRA, IN","FM-15","99999","V020","999,9,V,0005,1","07620,1,C,N","006000,1,9,9","+0280,1","+0150,1","99999,9",,"02,1,+00914,1,99,9","04,1,+07620,1,99,9",,,"9,AGL   ,+99999,+99999","99,99,9,02,1,99,9,00914,1,99,9,99,9","10020,1,99999,9",,,,,"MET064METAR VIAG 132330Z VRB01KT 6000 FEW030 SCT250 28/15 Q1002 NOSIG=",
"42260099999","2023-05-14T00:00:00","4","27.155831","77.960892","167.94","AGRA, IN","FM-15","99999","V020","090,1,N,0015,1","99999,9,9,N","006000,1,9,9","+0270,1","+0140,1","99999,9",,"02,1,+07620,1,99,9",,,,"9,AGL   ,+99999,+99999","99,99,9,02,1,99,9,07620,1,99,9,99,9","10020,1,99999,9",,,,,"MET057METAR VIAG 140000Z 09003KT 6000 FEW250 27/14 Q1002 NOSIG=",
"42260099999","2023-05-14T01:00:00","4","27.155831","77.960892","167.94","AGRA, IN","FM-15","99999","V020","999,9,V,0005,1","99999,9,9,N","005000,1,9,9","+0280,1","+0160,1","99999,9",,"02,1,+07620,1,99,9",,,,"9,AGL   ,+99999,+99999","99,99,9,02,1,99,9,07620,1,99,9,99,9","10030,1,99999,9","05,1",,,,"MET060METAR VIAG 140100Z VRB01KT 5000 HZ FEW250 28/16 Q1003 NOSIG=",
"42260099999","2023-05-15T01:30:00","4","27.155831","77.960892","167.94","AGRA, IN","FM-15","99999","V020","290,1,N,0015,1","99999,9,9,N","006000,1,9,9","+0290,1","+0130,1","99999,9",,"04,1,+02438,1,99,9",,,,"9,AGL   ,+99999,+99999","99,99,9,04,1,99,9,02438,1,99,9,99,9","10030,1,99999,9",,,,,"MET057METAR VIAG 150130Z 29003KT 6000 SCT080 29/13 Q1003 NOSIG=",
"42260099999","2023-05-15T02:00:00","4","27.155831","77.960892","167.94","AGRA, IN","FM-15","99999","V020","320,1,N,0031,1","99999,9,9,N","006000,1,9,9","+0310,1","+0130,1","99999,9",,"02,1,+02743,1,99,9",,,,"9,AGL   ,+99999,+99999","99,99,9,02,1,99,9,02743,1,99,9,99,9","10030,1,99999,9",,,,,"MET057METAR VIAG 150200Z 32006KT 6000 FEW090 31/13 Q1003 NOSIG=",
"42260099999","2023-05-15T02:30:00","4","27.155831","77.960892","167.94","AGRA, IN","FM-15","99999","V020","280,1,N,0015,1","99999,9,9,N","006000,1,9,9","+0320,1","+0140,1","99999,9",,"02,1,+02743,1,99,9",,,,"9,AGL   ,+99999,+99999","99,99,9,02,1,99,9,02743,1,99,9,99,9","10030,1,99999,9",,,,,"MET057METAR VIAG 150230Z 28003KT 6000 FEW090 32/14 Q1003 NOSIG=",
"42260099999","2023-05-15T03:00:00","4","27.155831","77.960892","167.94","AGRA, IN","FM-15","99999","V020","270,1,N,0031,1","99999,9,9,N","006000,1,9,9","+0330,1","+0140,1","99999,9",,"02,1,+02743,1,99,9",,,,"9,AGL   ,+99999,+99999","99,99,9,02,1,99,9,02743,1,99,9,99,9","10030,1,99999,9",,,,,"MET057METAR VIAG 150300Z 27006KT 6000 FEW090 33/14 Q1003 NOSIG=",
"42260099999","2023-05-15T03:30:00","4","27.155831","77.960892","167.94","AGRA, IN","FM-15","99999","V020","240,1,N,0026,1","99999,9,9,N","006000,1,9,9","+0340,1","+0140,1","99999,9",,"02,1,+07620,1,99,9",,,,"9,AGL   ,+99999,+99999","99,99,9,02,1,99,9,07620,1,99,9,99,9","10040,1,99999,9",,,,,"MET057METAR VIAG 150330Z 24005KT 6000 FEW250 34/14 Q1004 NOSIG=",
"42260099999","2023-05-15T04:00:00","4","27.155831","77.960892","167.94","AGRA, IN","FM-15","99999","V020","260,1,N,0026,1","99999,9,9,N","006000,1,9,9","+0360,1","+0140,1","99999,9",,"02,1,+07620,1,99,9",,,,"9,AGL   ,+99999,+99999","99,99,9,02,1,99,9,07620,1,99,9,99,9","10040,1,99999,9",,,,,"MET057METAR VIAG 150400Z 26005KT 6000 FEW250 36/14 Q1004 NOSIG=",
"42260099999","2023-05-15T04:30:00","4","27.155831","77.960892","167.94","AGRA, IN","FM-15","99999","V020","240,1,N,0026,1","22000,1,9,N","006000,1,9,9","+0380,1","+0130,1","99999,9",,,,,,,"00,99,1,99,9,99,9,99999,9,99,9,99,9","10040,1,99999,9",,,,,"MET054METAR VIAG 150430Z 24005KT 6000 SKC 38/13 Q1004 NOSIG=",
"42260099999","2023-05-15T05:00:00","4","27.155831","77.960892","167.94","AGRA, IN","FM-15","99999","V020","280,1,N,0036,1","22000,1,9,N","006000,1,9,9","+0380,1","+0110,1","99999,9",,,,,,,"00,99,1,99,9,99,9,99999,9,99,9,99,9","10040,1,99999,9",,,,,"MET054METAR VIAG 150500Z 28007KT 6000 SKC 38/11 Q1004 NOSIG=",
"42260099999","2023-05-15T06:00:00","4","27.155831","77.960892","167.94","AGRA, IN","FM-15","99999","V020","270,1,N,0036,1","22000,1,9,N","006000,1,9,9","+0400,1","+0100,1","99999,9",,,,,,,"00,99,1,99,9,99,9,99999,9,99,9,99,9","10040,1,99999,9",,,,,"MET054METAR VIAG 150600Z 27007KT 6000 SKC 40/10 Q1004 NOSIG=",
"42260099999","2023-05-15T06:30:00","4","27.155831","77.960892","167.94","AGRA, IN","FM-15","99999","V020","280,1,N,0026,1","22000,1,9,N","006000,1,9,9","+0400,1","+0100,1","99999,9",,,,,,,"00,99,1,99,9,99,9,99999,9,99,9,99,9","10040,1,99999,9",,,,,"MET054METAR VIAG 150630Z 28005KT 6000 SKC 40/10 Q1004 NOSIG=",
"42260099999","2023-05-16T00:30:00","4","27.155831","77.960892","167.94","AGRA, IN","FM-15","99999","V020","280,1,N,0015,1","03048,1,C,N","006000,1,9,9","+0300,1","+0100,1","99999,9",,"02,1,+00762,1,99,9","04,1,+03048,1,99,9","07,1,+07620,1,99,9",,"9,AGL   ,+99999,+99999","99,99,9,02,1,99,9,00762,1,99,9,99,9","10030,1,99999,9",,,,,"MET071METAR VIAG 160030Z 28003KT 6000 FEW025 SCT100 BKN250 30/10 Q1003 NOSIG=",
"42260099999","2023-05-17T08:45:00","4","27.155831","77.960892","167.94","AGRA, IN","FM-15","99999","V020","260,1,N,0051,1","99999,9,9,N","005000,1,9,9","+0360,5","+0160,5","99999,9",,,,,,,,"10050,5,99999,9","04,5","61,5",,"0113,1","MET099METAR VIAG 170845Z 26010G22KT 5000 -TSRABLDU SCT025 FEW030CB BKN100 36/16 Q1005 TEMPO 27034KT 0800=","P01    068PRSWM2D01      0ADE693D02      0ADE539D03      0ADE735"
"42260099999","2023-05-21T07:00:00","4","27.155831","77.960892","167.94","AGRA, IN","FM-15","99999","V020","300,1,N,0077,1","22000,1,9,N","006000,1,9,9","+0450,1","+0070,1","99999,9",,,,,,,"00,99,1,99,9,99,9,99999,9,99,9,99,9","10050,1,99999,9",,,,"0129,1","MET057METAR VIAG 210700Z 30015G25KT 6000 SKC 45/07 Q1005 NOSIG=",
"42260099999","2023-05-21T08:30:00","4","27.155831","77.960892","167.94","AGRA, IN","FM-15","99999","V020","300,1,N,0051,1","99999,9,9,N","006000,1,9,9","+0460,1","+0060,1","99999,9",,"02,1,+00914,1,99,9",,,,"9,AGL   ,+99999,+99999","99,99,9,02,1,99,9,00914,1,99,9,99,9","10040,1,99999,9",,,,"0103,1","MET081METAR VIAG 210830Z 30010G20KT 6000 FEW030 46/06 Q1004 TEMPO 30015G25KT 5000 BLDU=",
"42260099999","2023-05-21T10:00:00","4","27.155831","77.960892","167.94","AGRA, IN","FM-15","99999","V020","280,1,N,0051,1","99999,9,9,N","006000,1,9,9","+0450,1","+0030,1","99999,9",,"02,1,+00914,1,99,9",,,,"9,AGL   ,+99999,+99999","99,99,9,02,1,99,9,00914,1,99,9,99,9","10030,1,99999,9",,,,"0103,1","MET081METAR VIAG 211000Z 28010G20KT 6000 FEW030 45/03 Q1003 TEMPO 30015G25KT 5000 BLDU=",
"42260099999","2023-05-21T10:30:00","4","27.155831","77.960892","167.94","AGRA, IN","FM-15","99999","V020","300,1,N,0057,1","99999,9,9,N","006000,1,9,9","+0450,1","+0030,1","99999,9",,"02,1,+00914,1,99,9",,,,"9,AGL   ,+99999,+99999","99,99,9,02,1,99,9,00914,1,99,9,99,9","10030,1,99999,9",,,,"0108,1","MET081METAR VIAG 211030Z 30011G21KT 6000 FEW030 45/03 Q1003 TEMPO 30015G25KT 5000 BLDU=",
"42260099999","2023-05-21T11:00:00","4","27.155831","77.960892","167.94","AGRA, IN","FM-15","99999","V020","300,1,N,0031,1","99999,9,9,N","006000,1,9,9","+0450,1","+0030,1","99999,9",,"02,1,+00914,1,99,9",,,,"9,AGL   ,+99999,+99999","99,99,9,02,1,99,9,00914,1,99,9,99,9","10030,1,99999,9",,,,"0082,1","MET071METAR VIAG 211100Z 30006G16KT 6000 FEW030 45/03 Q1003 TEMPO 30015G25KT=",
"42260099999","2023-05-21T11:30:00","4","27.155831","77.960892","167.94","AGRA, IN","FM-15","99999","V020","290,1,N,0046,1","22000,1,9,N","006000,1,9,9","+0450,1","+0040,1","99999,9",,,,,,,"00,99,1,99,9,99,9,99999,9,99,9,99,9","10020,1,99999,9",,,,,"MET054METAR VIAG 211130Z 29009KT 6000 SKC 45/04 Q1002 NOSIG=",
"42260099999","2023-05-21T12:00:00","4","27.155831","77.960892","167.94","AGRA, IN","FM-15","99999","V020","320,1,N,0036,1","22000,1,9,N","006000,1,9,9","+0440,1","+0040,1","99999,9",,,,,,,"00,99,1,99,9,99,9,99999,9,99,9,99,9","10030,1,99999,9",,,,,"MET054METAR VIAG 211200Z 32007KT 6000 SKC 44/04 Q1003 NOSIG=",
"42260099999","2023-05-21T13:00:00","4","27.155831","77.960892","167.94","AGRA, IN","FM-15","99999","V020","030,1,N,0031,1","22000,1,9,N","006000,1,9,9","+0410,1","+0110,1","99999,9",,,,,,,"00,99,1,99,9,99,9,99999,9,99,9,99,9","10030,1,99999,9",,,,,"MET054METAR VIAG 211300Z 03006KT 6000 SKC 41/11 Q1003 NOSIG=",
"42260099999","2023-05-21T13:30:00","4","27.155831","77.960892","167.94","AGRA, IN","FM-15","99999","V020","999,9,V,0010,1","22000,1,9,N","006000,1,9,9","+0390,1","+0120,1","99999,9",,,,,,,"00,99,1,99,9,99,9,99999,9,99,9,99,9","10030,1,99999,9",,,,,"MET054METAR VIAG 211330Z VRB02KT 6000 SKC 39/12 Q1003 NOSIG=",
"42260099999","2023-05-23T02:00:00","4","27.155831","77.960892","167.94","AGRA, IN","FM-15","99999","V020","250,1,N,0026,1","02743,1,C,N","006000,1,9,9","+0340,1","+0140,1","99999,9",,"02,1,+00914,1,99,9","04,1,+02743,1,99,9",,,"9,AGL   ,+99999,+99999","99,99,9,02,1,99,9,00914,1,99,9,99,9","10070,1,99999,9",,,,,"MET064METAR VIAG 230200Z 25005KT 6000 FEW030 SCT090 34/14 Q1007 NOSIG=",
"42260099999","2023-05-23T03:00:00","4","27.155831","77.960892","167.94","AGRA, IN","FM-15","99999","V020","250,1,N,0026,1","07620,1,C,N","006000,1,9,9","+0370,1","+0140,1","99999,9",,"02,1,+00914,1,99,9","04,1,+07620,1,99,9",,,"9,AGL   ,+99999,+99999","99,99,9,02,1,99,9,00914,1,99,9,99,9","10070,1,99999,9",,,,,"MET064METAR VIAG 230300Z 25005KT 6000 FEW030 SCT250 37/14 Q1007 NOSIG=",
"42260099999","2023-05-23T06:30:00","4","27.155831","77.960892","167.94","AGRA, IN","FM-15","99999","V020","270,1,N,0062,1","07620,1,C,N","006000,1,9,9","+0450,1","+0130,1","99999,9",,"02,1,+00914,1,99,9","04,1,+07620,1,99,9",,,"9,AGL   ,+99999,+99999","99,99,9,02,1,99,9,00914,1,99,9,99,9","10060,1,99999,9",,,,,"MET076METAR VIAG 230630Z 27012KT 6000 FEW030 SCT250 45/13 Q1006 TEMPO 290152G25KT=",
"42260099999","2023-05-24T14:00:00","4","27.155831","77.960892","167.94","AGRA, IN","FM-15","99999","V020","220,1,N,0026,1","03048,1,9,N","006000,1,9,9","+0310,1","+0150,1","99999,9",,"04,1,+00914,1,99,9","07,1,+03048,1,99,9",,,"9,AGL   ,+99999,+99999","99,99,9,04,1,99,9,00914,1,99,9,99,9","10040,1,99999,9",,,,,"MET088METAR VIAG 241400Z 22005KT 6000 SCT030 BKN100 31/15 Q1004 TEMPO 23015G25KT 2000 RA/BLDU=",
"42260099999","2023-05-24T15:00:00","4","27.155831","77.960892","167.94","AGRA, IN","FM-15","99999","V020","290,1,N,0072,1","00914,1,C,N","006000,1,9,9","+0320,1","+0150,1","99999,9",,"02,1,+00610,1,99,9","04,1,+00914,1,99,9","02,1,+00914,1,09,1","07,1,+03048,1,99,9","9,AGL   ,+99999,+99999","99,99,9,02,1,99,9,00610,1,99,9,99,9","10050,1,99999,9","61,1",,,,"MET107METAR VIAG 241500Z 29014KT 6000 -RA FEW020 SCT030 FEW030CB BKN100 32/15 Q1005 TEMPO 30034KT 1500 TSRA BLDU=",
"42260099999","2023-05-24T22:30:00","4","27.155831","77.960892","167.94","AGRA, IN","FM-15","99999","V020","150,1,N,0031,1","02743,1,C,N","006000,1,9,9","+0240,1","+0190,1","99999,9",,"02,1,+00914,1,99,9","04,1,+02743,1,99,9",,,"9,AGL   ,+99999,+99999","99,99,9,02,1,99,9,00914,1,99,9,99,9","10050,1,99999,9",,,,,"MET064METAR VIAG 242230Z 15006KT 6000 FEW030 SCT090 24/19 Q1005 NOSIG=",
"42260099999","2023-05-25T00:00:00","4","27.155831","77.960892","167.94","AGRA, IN","FM-15","99999","V020","140,1,N,0015,1","02743,1,9,N","006000,1,9,9","+0240,1","+0190,1","99999,9",,"04,1,+00914,1,99,9","07,1,+02743,1,99,9",,,"9,AGL   ,+99999,+99999","99,99,9,04,1,99,9,00914,1,99,9,99,9","10050,1,99999,9",,,,,"MET069METAR VIAG 250000Z 14003KT 6000 SCT030 BKN090 24/19 Q1005 TEMPO 5000=",
"42260099999","2023-05-25T00:30:00","4","27.155831","77.960892","167.94","AGRA, IN","FM-15","99999","V020","150,1,N,0015,1","02743,1,C,N","006000,1,9,9","+0240,1","+0190,1","99999,9",,"02,1,+00914,1,99,9","04,1,+02743,1,99,9","07,1,+07620,1,99,9",,"9,AGL   ,+99999,+99999","99,99,9,02,1,99,9,00914,1,99,9,99,9","10050,1,99999,9",,,,,"MET076METAR VIAG 250030Z 15003KT 6000 FEW030 SCT090 BKN250 24/19 Q1005 TEMPO 5000=",
"42260099999","2023-05-26T15:30:00","4","27.155831","77.960892","167.94","AGRA, IN","FM-15","99999","V020","999,9,V,0005,1","07620,1,C,N","006000,1,9,9","+0280,1","+0210,1","99999,9",,"02,1,+00914,1,99,9","04,1,+07620,1,99,9",,,"9,AGL   ,+99999,+99999","99,99,9,02,1,99,9,00914,1,99,9,99,9","10060,1,99999,9",,,,,"MET064METAR VIAG 261530Z VRB01KT 6000 FEW030 SCT250 28/21 Q1006 NOSIG=",
"42260099999","2023-05-26T23:30:00","4","27.155831","77.960892","167.94","AGRA, IN","FM-15","99999","V020","130,1,N,0031,1","07620,1,C,N","006000,1,9,9","+0260,1","+0210,1","99999,9",,"02,1,+00914,1,99,9","04,1,+07620,1,99,9",,,"9,AGL   ,+99999,+99999","99,99,9,02,1,99,9,00914,1,99,9,99,9","10040,1,99999,9",,,,,"MET064METAR VIAG 262330Z 13006KT 6000 FEW030 SCT250 26/21 Q1004 NOSIG=",
"42260099999","2023-05-27T00:00:00","4","27.155831","77.960892","167.94","AGRA, IN","FM-15","99999","V020","140,1,N,0031,1","07620,1,9,N","004000,1,9,9","+0260,1","+0210,1","99999,9",,"02,1,+00914,1,99,9","07,1,+07620,1,99,9",,,"9,AGL   ,+99999,+99999","99,99,9,02,1,99,9,00914,1,99,9,99,9","10040,1,99999,9","06,1",,,,"MET088METAR VIAG 270000Z 14006KT 4000 DU FEW030 BKN250 26/21 Q1004 TEMPO 12015G25KT 3000 BLDU=",
"42260099999","2023-05-27T01:00:00","4","27.155831","77.960892","167.94","AGRA, IN","FM-15","99999","V020","120,1,N,0036,1","07620,1,9,N","004000,1,9,9","+0270,1","+0210,1","99999,9",,"02,1,+00914,1,99,9","02,1,+01067,1,08,1","07,1,+07620,1,99,9",,"9,AGL   ,+99999,+99999","99,99,9,02,1,99,9,00914,1,99,9,99,9","10050,1,99999,9","06,1",,,,"MET098METAR VIAG 270100Z 12007KT 4000 DU FEW030 FEW035TCU BKN250 27/21 Q1005 TEMPO 30015G25KT 3000 BLDU=",
"42260099999","2023-05-27T03:10:00","4","27.155831","77.960892","167.94","AGRA, IN","FM-15","99999","V020","300,1,N,0088,1","07620,1,9,N","002000,1,9,9","+0260,1","+0210,1","99999,9","05,U,9999,9","04,1,+00762,1,99,9","02,1,+00914,1,09,1","04,1,+02743,1,99,9","07,1,+07620,1,99,9","9,AGL   ,+99999,+99999","99,99,9,04,1,99,9,00762,1,99,9,99,9","10100,1,99999,9","95,1",,,"0139,1","MET111METAR VIAG 270310Z 30017G27KT 2000 R05/2000 -TSRA SCT025 FEW030CB SCT090 BKN250 26/21 Q1010 TEMPO 30025KT 1500=",
"42260099999","2023-05-29T07:30:00","4","27.155831","77.960892","167.94","AGRA, IN","FM-15","99999","V020","070,1,N,0026,1","99999,9,9,N","006000,1,9,9","+0370,1","+0170,1","99999,9",,"04,1,+00914,1,99,9","02,1,+01067,1,08,1","04,1,+07620,1,99,9",,"9,AGL   ,+99999,+99999","99,99,9,04,1,99,9,00914,1,99,9,99,9","10080,1,99999,9",,,,,"MET095METAR VIAG 290730Z 07005KT 6000 SCT030 FEW035TCU SCT250 37/17 Q1008 TEMPO 30015G25KT 4000 BLDU=",
"42260099999","2023-05-29T08:00:00","4","27.155831","77.960892","167.94","AGRA, IN","FM-15","99999","V020","230,1,N,0026,1","99999,9,9,N","006000,1,9,9","+0360,1","+0160,1","99999,9",,"04,1,+00914,1,99,9","02,1,+01067,1,09,1","02,1,+01067,1,08,1","04,1,+07620,1,99,9","9,AGL   ,+99999,+99999","99,99,9,04,1,99,9,00914,1,99,9,99,9","10080,1,99999,9",,,,,"MET103METAR VIAG 290800Z 23005KT 6000 SCT030 FEW035CB FEW035TCU SCT250 36/16 Q1008 TEMPO 30025KT 1500 TSBLDU=",
"42260099999","2023-05-29T08:15:00","4","27.155831","77.960892","167.94","AGRA, IN","FM-15","99999","V020","220,1,N,0026,1","99999,9,9,N","006000,1,9,9","+0360,1","+0170,1","99999,9",,"04,1,+00914,1,99,9","02,1,+01067,1,08,1","04,1,+03048,1,99,9",,"9,AGL   ,+99999,+99999","99,99,9,04,1,99,9,00914,1,99,9,99,9","10080,1,99999,9","17,1",,,,"MET092METAR VIAG 290815Z 22005KT 6000 TS SCT030 FEW035TCU SCT100 36/17 Q1008 TEMPO 1500 TSRA BLDU=",
"42260099999","2023-05-29T08:30:00","4","27.155831","77.960892","167.94","AGRA, IN","FM-15","99999","V020","240,1,N,0026,1","99999,9,9,N","006000,1,9,9","+0350,1","+0200,1","99999,9",,"04,1,+00762,1,99,9","02,1,+00914,1,09,1","04,1,+03048,1,99,9",,"9,AGL   ,+99999,+99999","99,99,9,04,1,99,9,00762,1,99,9,99,9","10070,1,99999,9","95,1",,,,"MET097METAR VIAG 290830Z 24005KT 6000 -TSRA SCT025 FEW030CB SCT100 35/20 Q1007 TEMPO 30025KT 1500 BLDU=",
"42260099999","2023-05-29T09:00:00","4","27.155831","77.960892","167.94","AGRA, IN","FM-15","99999","V020","270,1,N,0051,1","03048,1,9,N","006000,1,9,9","+0340,1","+0210,1","99999,9",,"04,1,+00762,1,99,9","02,1,+00914,1,09,1","07,1,+03048,1,99,9",,"9,AGL   ,+99999,+99999","99,99,9,04,1,99,9,00762,1,99,9,99,9","10070,1,99999,9","95,1",,,,"MET097METAR VIAG 290900Z 27010KT 6000 -TSRA SCT025 FEW030CB BKN100 34/21 Q1007 TEMPO 30025KT 1500 BLDU=",
"42260099999","2023-05-29T09:30:00","4","27.155831","77.960892","167.94","AGRA, IN","FM-15","99999","V020","250,1,N,0041,1","03048,1,9,N","006000,1,9,9","+0370,1","+0200,1","99999,9",,"04,1,+00762,1,99,9","02,1,+00914,1,09,1","07,1,+03048,1,99,9",,"9,AGL   ,+99999,+99999","99,99,9,04,1,99,9,00762,1,99,9,99,9","10060,1,99999,9","95,1",,,,"MET092METAR VIAG 290930Z 25008KT 6000 -TSRA SCT025 FEW030CB BKN100 37/20 Q1006 TEMPO 15025KT 1500=",
"42260099999","2023-05-29T10:00:00","4","27.155831","77.960892","167.94","AGRA, IN","FM-15","99999","V020","260,1,N,0041,1","03048,1,9,N","006000,1,9,9","+0360,1","+0200,1","99999,9",,"04,1,+00762,1,99,9","02,1,+00914,1,09,1","07,1,+03048,1,99,9",,"9,AGL   ,+99999,+99999","99,99,9,04,1,99,9,00762,1,99,9,99,9","10070,1,99999,9","17,1",,,,"MET094METAR VIAG 291000Z 26008KT 6000 TS SCT025 FEW030CB BKN100 36/20 Q1007 TEMPO 02034KT 1000 BLDU=",
"42260099999","2023-05-29T11:00:00","4","27.155831","77.960892","167.94","AGRA, IN","FM-15","99999","V020","060,1,N,0051,1","99999,9,9,N","006000,1,9,9","+0290,5","+0200,5","99999,9",,,,,,,,"10080,5,99999,9","16,5","17,5",,"0103,1","MET101METAR VIAG 291100Z 06010G20KT 6000 TSVCSH SCT025 FEW030CB BKN100 29/20 Q1008 TEMPO 05034KT 1500 BLDU=","D01      0ADE735"
"42260099999","2023-05-29T11:15:00","4","27.155831","77.960892","167.94","AGRA, IN","FM-15","99999","V020","030,1,N,0103,1","99999,9,9,N","006000,1,9,9","+0270,5","+0200,5","99999,9",,,,,,,,"10080,5,99999,9","16,5","17,5",,,"MET098METAR VIAG 291115Z 03020KT 6000 TSVCSH SCT025 FEW030CB BKN100 27/20 Q1008 TEMPO 03034KT 1500 BLDU=","D01      0ADE735"
"42260099999","2023-05-29T11:30:00","4","27.155831","77.960892","167.94","AGRA, IN","FM-15","99999","V020","030,1,N,0077,1","03048,1,9,N","006000,1,9,9","+0270,1","+0200,1","99999,9",,"04,1,+00762,1,99,9","02,1,+00914,1,09,1","07,1,+03048,1,99,9",,"9,AGL   ,+99999,+99999","99,99,9,04,1,99,9,00762,1,99,9,99,9","10090,1,99999,9","17,1",,,"0129,1","MET097METAR VIAG 291130Z 03015G25KT 6000 TS SCT025 FEW030CB BKN100 27/20 Q1009 TEMPO 03025KT 1500 BLDU=",
"42260099999","2023-05-29T12:00:00","4","27.155831","77.960892","167.94","AGRA, IN","FM-15","99999","V020","020,1,N,0062,1","03048,1,9,N","006000,1,9,9","+0270,1","+0190,1","99999,9",,"04,1,+00762,1,99,9","02,1,+00914,1,09,1","07,1,+03048,1,99,9",,"9,AGL   ,+99999,+99999","99,99,9,04,1,99,9,00762,1,99,9,99,9","10080,1,99999,9","17,1",,,,"MET084METAR VIAG 291200Z 02012KT 6000 TS SCT025 FEW030CB BKN100 27/19 Q1008 TEMPO 03025KT=",
"42260099999","2023-05-29T13:00:00","4","27.155831","77.960892","167.94","AGRA, IN","FM-15","99999","V020","020,1,N,0046,1","99999,9,9,N","006000,1,9,9","+0280,1","+0200,1","99999,9",,"04,1,+00762,1,99,9","02,1,+00914,1,09,1","04,1,+03048,1,99,9",,"9,AGL   ,+99999,+99999","99,99,9,04,1,99,9,00762,1,99,9,99,9","10080,1,99999,9",,,,,"MET076METAR VIAG 291300Z 02009KT 6000 SCT025 FEW030CB SCT100 28/20 Q1008 TEMPO TS=",
"42260099999","2023-06-06T08:00:00","4","27.155831","77.960892","167.94","AGRA, IN","FM-15","99999","V020","330,1,N,0041,1","99999,9,9,N","006000,1,9,9","+0410,1","+0140,1","99999,9",,"04,1,+00914,1,99,9","02,1,+01067,1,09,1","02,1,+01067,1,08,1",,"9,AGL   ,+99999,+99999","99,99,9,04,1,99,9,00914,1,99,9,99,9","10030,1,99999,9",,,,,"MET092METAR VIAG 060800Z 33008KT 6000 SCT030 FEW035CB FEW035TCU 41/14 Q1003 TEMPO 18015G25KT TSRA=",
"42260099999","2023-06-06T08:30:00","4","27.155831","77.960892","167.94","AGRA, IN","FM-15","99999","V020","300,1,N,0046,1","99999,9,9,N","006000,1,9,9","+0420,1","+0140,1","99999,9",,"04,1,+00762,1,99,9","02,1,+00914,1,08,1","02,1,+01067,1,09,1",,"9,AGL   ,+99999,+99999","99,99,9,04,1,99,9,00762,1,99,9,99,9","10030,1,99999,9","17,1",,,,"MET095METAR VIAG 060830Z 30009KT 6000 TS SCT025 FEW030TCU FEW035CB 42/14 Q1003 TEMPO 18015G25KT TSRA=",
"42260099999","2023-06-06T09:30:00","4","27.155831","77.960892","167.94","AGRA, IN","FM-15","99999","V020","300,1,N,0026,1","99999,9,9,N","006000,1,9,9","+0420,1","+0120,1","99999,9",,"04,1,+00762,1,99,9","02,1,+00914,1,09,1",,,"9,AGL   ,+99999,+99999","99,99,9,04,1,99,9,00762,1,99,9,99,9","10020,1,99999,9",,,,,"MET086METAR VIAG 060930Z 30005KT 6000 SCT025 FEW030CB 42/12 Q1002 TEMPO 30025KT 3000 TSBLDU=",
"42260099999","2023-06-06T10:00:00","4","27.155831","77.960892","167.94","AGRA, IN","FM-15","99999","V020","360,1,N,0041,1","99999,9,9,N","006000,1,9,9","+0400,1","+0170,1","99999,9",,"04,1,+00762,1,99,9","02,1,+00914,1,09,1",,,"9,AGL   ,+99999,+99999","99,99,9,04,1,99,9,00762,1,99,9,99,9","10010,1,99999,9","17,1",,,"0093,1","MET094METAR VIAG 061000Z 36008G18KT 6000 TS SCT025 FEW030CB 40/17 Q1001 TEMPO 36034KT 1500 TSRABLDU=",
"42260099999","2023-06-06T10:30:00","4","27.155831","77.960892","167.94","AGRA, IN","FM-15","99999","V020","350,1,N,0062,1","00914,1,C,N","006000,1,9,9","+0390,1","+0150,1","99999,9",,"02,1,+00762,1,99,9","04,1,+00914,1,99,9","02,1,+01067,1,09,1",,"9,AGL   ,+99999,+99999","99,99,9,02,1,99,9,00762,1,99,9,99,9","10010,1,99999,9","17,1",,,"0113,1","MET101METAR VIAG 061030Z 35012G22KT 6000 TS FEW025 SCT030 FEW035CB 39/15 Q1001 TEMPO 36034KT 1500 TSRABLDU=",
"42260099999","2023-06-06T11:00:00","4","27.155831","77.960892","167.94","AGRA, IN","FM-15","99999","V020","350,1,N,0046,1","99999,9,9,N","006000,1,9,9","+0390,1","+0160,1","99999,9",,"04,1,+00914,1,99,9","02,1,+00914,1,09,1","02,1,+01067,1,08,1",,"9,AGL   ,+99999,+99999","99,99,9,04,1,99,9,00914,1,99,9,99,9","10010,1,99999,9",,,,,"MET098METAR VIAG 061100Z 35009KT 6000 SCT030 FEW030CB FEW035TCU 39/16 Q1001 TEMPO 35025KT 3000 TSRABLDU=",
"42260099999","2023-06-06T11:30:00","4","27.155831","77.960892","167.94","AGRA, IN","FM-15","99999","V020","310,1,N,0051,1","99999,9,9,N","006000,1,9,9","+0380,1","+0150,1","99999,9",,"04,1,+00914,1,99,9","02,1,+01067,1,08,1",,,"9,AGL   ,+99999,+99999","99,99,9,04,1,99,9,00914,1,99,9,99,9","10010,1,99999,9",,,,,"MET078METAR VIAG 061130Z 31010KT 6000 SCT030 FEW035TCU 38/15 Q1001 TEMPO 35015G25KT=",
"42260099999","2023-06-06T12:00:00","4","27.155831","77.960892","167.94","AGRA, IN","FM-15","99999","V020","340,1,N,0031,1","99999,9,9,N","006000,1,9,9","+0380,1","+0140,1","99999,9",,"02,1,+00914,1,99,9","02,1,+01067,1,08,1",,,"9,AGL   ,+99999,+99999","99,99,9,02,1,99,9,00914,1,99,9,99,9","10010,1,99999,9",,,,,"MET078METAR VIAG 061200Z 34006KT 6000 FEW030 FEW035TCU 38/14 Q1001 TEMPO 34015G25KT=",
"42260099999","2023-06-06T12:30:00","4","27.155831","77.960892","167.94","AGRA, IN","FM-15","99999","V020","350,1,N,0021,1","99999,9,9,N","006000,1,9,9","+0380,1","+0140,1","99999,9",,"02,1,+00914,1,99,9","02,1,+01067,1,08,1",,,"9,AGL   ,+99999,+99999","99,99,9,02,1,99,9,00914,1,99,9,99,9","10010,1,99999,9",,,,,"MET078METAR VIAG 061230Z 35004KT 6000 FEW030 FEW035TCU 38/14 Q1001 TEMPO 35015G25KT=",
"42260099999","2023-06-06T13:00:00","4","27.155831","77.960892","167.94","AGRA, IN","FM-15","99999","V020","340,1,N,0026,1","99999,9,9,N","006000,1,9,9","+0370,1","+0140,1","99999,9",,"02,1,+00914,1,99,9","02,1,+01067,1,08,1",,,"9,AGL   ,+99999,+99999","99,99,9,02,1,99,9,00914,1,99,9,99,9","10010,1,99999,9",,,,,"MET078METAR VIAG 061300Z 34005KT 6000 FEW030 FEW035TCU 37/14 Q1001 TEMPO 34015G25KT=",
"42260099999","2023-06-09T00:00:00","4","27.155831","77.960892","167.94","AGRA, IN","FM-15","99999","V020","290,1,N,0015,1","00914,1,C,N","006000,1,9,9","+0300,1","+0180,1","99999,9",,"02,1,+00762,1,99,9","04,1,+00914,1,99,9",,,"9,AGL   ,+99999,+99999","99,99,9,02,1,99,9,00762,1,99,9,99,9","10010,1,99999,9",,,,,"MET064METAR VIAG 090000Z 29003KT 6000 FEW025 SCT030 30/18 Q1001 NOSIG=",
"42260099999","2023-06-09T01:00:00","4","27.155831","77.960892","167.94","AGRA, IN","FM-15","99999","V020","999,9,V,0005,1","99999,9,9,N","006000,1,9,9","+0300,1","+0190,1","99999,9",,"04,1,+00914,1,99,9","02,1,+00914,1,09,1","04,1,+03048,1,99,9",,"9,AGL   ,+99999,+99999","99,99,9,04,1,99,9,00914,1,99,9,99,9","10020,1,99999,9",,,,,"MET094METAR VIAG 090100Z VRB01KT 6000 SCT030 FEW030CB SCT100 30/19 Q1002 TEMPO 32015G25KT 2000 TSRA=",
"42260099999","2023-06-09T01:30:00","4","27.155831","77.960892","167.94","AGRA, IN","FM-15","99999","V020","230,1,N,0015,1","99999,9,9,N","006000,1,9,9","+0310,1","+0190,1","99999,9",,"04,1,+00914,1,99,9","02,1,+00914,1,09,1","04,1,+03048,1,99,9",,"9,AGL   ,+99999,+99999","99,99,9,04,1,99,9,00914,1,99,9,99,9","10020,1,99999,9","17,1",,,,"MET097METAR VIAG 090130Z 23003KT 6000 TS SCT030 FEW030CB SCT100 31/19 Q1002 TEMPO 23015G25KT 2000 TSRA=",
"42260099999","2023-06-09T02:00:00","4","27.155831","77.960892","167.94","AGRA, IN","FM-15","99999","V020","250,1,N,0021,1","02743,1,9,N","005000,1,9,9","+0310,1","+0190,1","99999,9",,"04,1,+00762,1,99,9","02,1,+00914,1,09,1","07,1,+02743,1,99,9",,"9,AGL   ,+99999,+99999","99,99,9,04,1,99,9,00762,1,99,9,99,9","10020,1,99999,9","95,1",,,,"MET095METAR VIAG 090200Z 25004KT 5000 -TSRA SCT025 FEW030CB BKN090 31/19 Q1002 TEMPO 29015G25KT 2000=",
"42260099999","2023-06-09T02:30:00","4","27.155831","77.960892","167.94","AGRA, IN","FM-15","99999","V020","210,1,N,0036,1","02743,1,9,N","005000,1,9,9","+0300,1","+0220,1","99999,9",,"04,1,+00762,1,99,9","02,1,+01067,1,09,1","07,1,+02743,1,99,9",,"9,AGL   ,+99999,+99999","99,99,9,04,1,99,9,00762,1,99,9,99,9","10030,1,99999,9","05,1","17,1",,,"MET097METAR VIAG 090230Z 21007KT 5000 TS HZ SCT025 FEW035CB BKN090 30/22 Q1003 TEMPO 25025KT 2000 TSRA=",
"42260099999","2023-06-09T03:00:00","4","27.155831","77.960892","167.94","AGRA, IN","FM-15","99999","V020","250,1,N,0026,1","02743,1,9,N","006000,1,9,9","+0300,1","+0210,1","99999,9",,"04,1,+00914,1,99,9","02,1,+01067,1,09,1","07,1,+02743,1,99,9",,"9,AGL   ,+99999,+99999","99,99,9,04,1,99,9,00914,1,99,9,99,9","10030,1,99999,9","17,1",,,,"MET094METAR VIAG 090300Z 25005KT 6000 TS SCT030 FEW035CB BKN090 30/21 Q1003 TEMPO 23025KT 2000 TSRA=",
"42260099999","2023-06-09T03:30:00","4","27.155831","77.960892","167.94","AGRA, IN","FM-15","99999","V020","250,1,N,0026,1","02743,1,C,N","006000,1,9,9","+0330,1","+0210,1","99999,9",,"02,1,+00914,1,99,9","02,1,+01067,1,09,1","04,1,+02743,1,99,9",,"9,AGL   ,+99999,+99999","99,99,9,02,1,99,9,00914,1,99,9,99,9","10030,1,99999,9",,,,,"MET084METAR VIAG 090330Z 25005KT 6000 FEW030 FEW035CB SCT090 33/21 Q1003 TEMPO 25015G25KT=",
"42260099999","2023-06-09T04:00:00","4","27.155831","77.960892","167.94","AGRA, IN","FM-15","99999","V020","240,1,N,0026,1","99999,9,9,N","006000,1,9,9","+0350,1","+0210,1","99999,9",,"02,1,+00914,1,99,9","02,1,+01067,1,08,1",,,"9,AGL   ,+99999,+99999","99,99,9,02,1,99,9,00914,1,99,9,99,9","10030,1,99999,9",,,,,"MET078METAR VIAG 090400Z 24005KT 6000 FEW030 FEW035TCU 35/21 Q1003 TEMPO 12015G25KT=",
"42260099999","2023-06-09T05:00:00","4","27.155831","77.960892","167.94","AGRA, IN","FM-15","99999","V020","270,1,N,0036,1","22000,1,9,N","006000,1,9,9","+0370,1","+0200,1","99999,9",,,,,,,"00,99,1,99,9,99,9,99999,9,99,9,99,9","10020,1,99999,9",,,,,"MET054METAR VIAG 090500Z 27007KT 6000 SKC 37/20 Q1002 NOSIG=",
"42260099999","2023-06-09T05:30:00","4","27.155831","77.960892","167.94","AGRA, IN","FM-15","99999","V020","270,1,N,0031,1","22000,1,9,N","006000,1,9,9","+0390,1","+0190,1","99999,9",,,,,,,"00,99,1,99,9,99,9,99999,9,99,9,99,9","10020,1,99999,9",,,,,"MET054METAR VIAG 090530Z 27006KT 6000 SKC 39/19 Q1002 NOSIG=",
"42260099999","2023-06-09T06:00:00","4","27.155831","77.960892","167.94","AGRA, IN","FM-15","99999","V020","250,1,N,0031,1","22000,1,9,N","006000,1,9,9","+0400,1","+0190,1","99999,9",,,,,,,"00,99,1,99,9,99,9,99999,9,99,9,99,9","10020,1,99999,9",,,,,"MET054METAR VIAG 090600Z 25006KT 6000 SKC 40/19 Q1002 NOSIG=",
"42260099999","2023-06-16T17:30:00","4","27.155831","77.960892","167.94","AGRA, IN","FM-15","99999","V020","010,1,N,0015,1","99999,9,9,N","006000,1,9,9","+0330,1","+0220,1","99999,9",,"02,1,+00914,1,99,9",,,,"9,AGL   ,+99999,+99999","99,99,9,02,1,99,9,00914,1,99,9,99,9","10010,1,99999,9",,,,,"MET057METAR VIAG 161730Z 01003KT 6000 FEW030 33/22 Q1001 NOSIG=",
"42260099999","2023-06-16T18:00:00","4","27.155831","77.960892","167.94","AGRA, IN","FM-15","99999","V020","999,9,V,0010,1","99999,9,9,N","006000,1,9,9","+0330,1","+0220,1","99999,9",,"02,1,+00914,1,99,9",,,,"9,AGL   ,+99999,+99999","99,99,9,02,1,99,9,00914,1,99,9,99,9","09990,1,99999,9",,,,,"MET057METAR VIAG 161800Z VRB02KT 6000 FEW030 33/22 Q0999 NOSIG=",
"42260099999","2023-06-16T23:30:00","4","27.155831","77.960892","167.94","AGRA, IN","FM-15","99999","V020","999,9,C,0000,1","03048,1,C,N","006000,1,9,9","+0300,1","+0230,1","99999,9",,"02,1,+00914,1,99,9","04,1,+03048,1,99,9",,,"9,AGL   ,+99999,+99999","99,99,9,02,1,99,9,00914,1,99,9,99,9","10010,1,99999,9",,,,,"MET064METAR VIAG 162330Z 00000KT 6000 FEW030 SCT100 30/23 Q1001 NOSIG=",
"42260099999","2023-06-17T00:00:00","4","27.155831","77.960892","167.94","AGRA, IN","FM-15","99999","V020","999,9,V,0010,1","03048,1,C,N","006000,1,9,9","+0300,1","+0220,1","99999,9",,"04,1,+00914,1,99,9","04,1,+03048,1,99,9",,,"9,AGL   ,+99999,+99999","99,99,9,04,1,99,9,00914,1,99,9,99,9","10010,1,99999,9",,,,,"MET064METAR VIAG 170000Z VRB02KT 6000 SCT030 SCT100 30/22 Q1001 NOSIG=",
"42260099999","2023-06-17T01:00:00","4","27.155831","77.960892","167.94","AGRA, IN","FM-15","99999","V020","999,9,V,0005,1","00914,1,C,N","006000,1,9,9","+0310,1","+0220,1","99999,9",,"02,1,+00762,1,99,9","04,1,+00914,1,99,9",,,"9,AGL   ,+99999,+99999","99,99,9,02,1,99,9,00762,1,99,9,99,9","10010,1,99999,9",,,,,"MET064METAR VIAG 170100Z VRB01KT 6000 FEW025 SCT030 31/22 Q1001 NOSIG=",
"42260099999","2023-06-17T01:30:00","4","27.155831","77.960892","167.94","AGRA, IN","FM-15","99999","V020","240,1,N,0026,1","00914,1,C,N","006000,1,9,9","+0320,1","+0220,1","99999,9",,"02,1,+00762,1,99,9","04,1,+00914,1,99,9",,,"9,AGL   ,+99999,+99999","99,99,9,02,1,99,9,00762,1,99,9,99,9","10020,1,99999,9",,,,,"MET068METAR VIAG 170130Z 24005KT 6000 FEW025 SCT030 32/22 Q1002 TEMPO -RA=",
"42260099999","2023-06-17T02:30:00","4","27.155831","77.960892","167.94","AGRA, IN","FM-15","99999","V020","260,1,N,0026,1","02743,1,C,N","006000,1,9,9","+0340,1","+0220,1","99999,9",,"02,1,+00914,1,99,9","04,1,+02743,1,99,9",,,"9,AGL   ,+99999,+99999","99,99,9,02,1,99,9,00914,1,99,9,99,9","10020,1,99999,9",,,,,"MET064METAR VIAG 170230Z 26005KT 6000 FEW030 SCT090 34/22 Q1002 NOSIG=",
"42260099999","2023-06-17T03:00:00","4","27.155831","77.960892","167.94","AGRA, IN","FM-15","99999","V020","270,1,N,0026,1","02743,1,C,N","006000,1,9,9","+0350,1","+0220,1","99999,9",,"02,1,+00914,1,99,9","04,1,+02743,1,99,9",,,"9,AGL   ,+99999,+99999","99,99,9,02,1,99,9,00914,1,99,9,99,9","10030,1,99999,9",,,,,"MET064METAR VIAG 170300Z 27005KT 6000 FEW030 SCT090 35/22 Q1003 NOSIG=",
"42260099999","2023-06-17T03:30:00","4","27.155831","77.960892","167.94","AGRA, IN","FM-15","99999","V020","270,1,N,0031,1","02743,1,C,N","006000,1,9,9","+0360,1","+0210,1","99999,9",,"02,1,+00914,1,99,9","04,1,+02743,1,99,9",,,"9,AGL   ,+99999,+99999","99,99,9,02,1,99,9,00914,1,99,9,99,9","10030,1,99999,9",,,,,"MET064METAR VIAG 170330Z 27006KT 6000 FEW030 SCT090 36/21 Q1003 NOSIG=",
"42260099999","2023-06-17T05:30:00","4","27.155831","77.960892","167.94","AGRA, IN","FM-15","99999","V020","240,1,N,0036,1","07620,1,C,N","006000,1,9,9","+0390,1","+0210,1","99999,9",,"02,1,+00914,1,99,9","04,1,+07620,1,99,9",,,"9,AGL   ,+99999,+99999","99,99,9,02,1,99,9,00914,1,99,9,99,9","10020,1,99999,9",,,,,"MET064METAR VIAG 170530Z 24007KT 6000 FEW030 SCT250 39/21 Q1002 NOSIG=",
"42260099999","2023-06-17T06:00:00","4","27.155831","77.960892","167.94","AGRA, IN","FM-15","99999","V020","230,1,N,0062,1","07620,1,C,N","006000,1,9,9","+0400,1","+0210,1","99999,9",,"02,1,+00914,1,99,9","04,1,+07620,1,99,9",,,"9,AGL   ,+99999,+99999","99,99,9,02,1,99,9,00914,1,99,9,99,9","10020,1,99999,9",,,,,"MET064METAR VIAG 170600Z 23012KT 6000 FEW030 SCT250 40/21 Q1002 NOSIG=",
"42260099999","2023-06-19T15:00:00","4","27.155831","77.960892","167.94","AGRA, IN","FM-15","99999","V020","020,1,N,0062,1","00305,1,C,N","006000,1,9,9","+0290,1","+0250,1","99999,9",,"07,1,+00305,1,99,9","04,1,+00457,1,99,9","07,1,+02743,1,99,9",,"9,AGL   ,+99999,+99999","99,99,9,07,1,99,9,00305,1,99,9,99,9","09950,1,99999,9","61,1",,,,"MET091METAR VIAG 191500Z 02012KT 6000 -RA BKN010 SCT015 BKN090 29/25 Q0995 TEMPO 03015G25KT 2000=",
"42260099999","2023-06-19T18:00:00","4","27.155831","77.960892","167.94","AGRA, IN","FM-15","99999","V020","360,1,N,0067,1","00305,1,C,N","003000,1,9,9","+0280,1","+0250,1","99999,9",,"07,1,+00305,1,99,9","04,1,+00457,1,99,9","02,1,+00762,1,09,1","08,1,+02438,1,99,9","9,AGL   ,+99999,+99999","99,99,9,07,1,99,9,00305,1,99,9,99,9","09960,1,99999,9","63,1",,,,"MET101METAR VIAG 191800Z 36013KT 3000 RA BKN010 SCT015 FEW025CB OVC080 28/25 Q0996 TEMPO 02025KT 2000 TSRA=",
"42260099999","2023-06-21T13:30:00","4","27.155831","77.960892","167.94","AGRA, IN","FM-15","99999","V020","999,9,V,0005,1","07620,1,9,N","006000,1,9,9","+0340,1","+0260,1","99999,9",,"02,1,+00762,1,99,9","07,1,+07620,1,99,9",,,"9,AGL   ,+99999,+99999","99,99,9,02,1,99,9,00762,1,99,9,99,9","09980,1,99999,9",,,,,"MET064METAR VIAG 211330Z VRB01KT 6000 FEW025 BKN250 34/26 Q0998 NOSIG=",
"42260099999","2023-06-21T14:00:00","4","27.155831","77.960892","167.94","AGRA, IN","FM-15","99999","V020","999,9,V,0005,1","07620,1,9,N","006000,1,9,9","+0330,1","+0270,1","99999,9",,"02,1,+00762,1,99,9","07,1,+07620,1,99,9",,,"9,AGL   ,+99999,+99999","99,99,9,02,1,99,9,00762,1,99,9,99,9","09990,1,99999,9",,,,,"MET064METAR VIAG 211400Z VRB01KT 6000 FEW025 BKN250 33/27 Q0999 NOSIG=",
"42260099999","2023-06-21T14:30:00","4","27.155831","77.960892","167.94","AGRA, IN","FM-15","99999","V020","100,1,N,0021,1","07620,1,9,N","006000,1,9,9","+0320,1","+0260,1","99999,9",,"02,1,+00914,1,99,9","07,1,+07620,1,99,9",,,"9,AGL   ,+99999,+99999","99,99,9,02,1,99,9,00914,1,99,9,99,9","09990,1,99999,9",,,,,"MET064METAR VIAG 211430Z 10004KT 6000 FEW030 BKN250 32/26 Q0999 NOSIG=",
"42260099999","2023-06-21T15:00:00","4","27.155831","77.960892","167.94","AGRA, IN","FM-15","99999","V020","999,9,V,0010,1","07620,1,C,N","005000,1,9,9","+0320,1","+0270,1","99999,9",,"02,1,+00914,1,99,9","04,1,+07620,1,99,9",,,"9,AGL   ,+99999,+99999","99,99,9,02,1,99,9,00914,1,99,9,99,9","09990,1,99999,9","10,1",,,,"MET067METAR VIAG 211500Z VRB02KT 5000 BR FEW030 SCT250 32/27 Q0999 NOSIG=",
"42260099999","2023-06-21T15:30:00","4","27.155831","77.960892","167.94","AGRA, IN","FM-15","99999","V020","999,9,V,0010,1","07620,1,C,N","005000,1,9,9","+0320,1","+0270,1","99999,9",,"02,1,+00914,1,99,9","04,1,+07620,1,99,9",,,"9,AGL   ,+99999,+99999","99,99,9,02,1,99,9,00914,1,99,9,99,9","10000,1,99999,9","10,1",,,,"MET067METAR VIAG 211530Z VRB02KT 5000 BR FEW030 SCT250 32/27 Q1000 NOSIG=",
"42260099999","2023-06-21T16:30:00","4","27.155831","77.960892","167.94","AGRA, IN","FM-15","99999","V020","090,1,N,0015,1","07620,1,9,N","005000,1,9,9","+0320,1","+0270,1","99999,9",,"04,1,+00762,1,99,9","07,1,+07620,1,99,9",,,"9,AGL   ,+99999,+99999","99,99,9,04,1,99,9,00762,1,99,9,99,9","10010,1,99999,9","10,1",,,,"MET067METAR VIAG 211630Z 09003KT 5000 BR SCT025 BKN250 32/27 Q1001 NOSIG=",
"42260099999","2023-06-21T17:30:00","4","27.155831","77.960892","167.94","AGRA, IN","FM-15","99999","V020","999,9,V,0005,1","07620,1,9,N","005000,1,9,9","+0320,1","+0270,1","99999,9",,"04,1,+00762,1,99,9","07,1,+07620,1,99,9",,,"9,AGL   ,+99999,+99999","99,99,9,04,1,99,9,00762,1,99,9,99,9","10010,1,99999,9","10,1",,,,"MET067METAR VIAG 211730Z VRB01KT 5000 BR SCT025 BKN250 32/27 Q1001 NOSIG=",
"42260099999","2023-06-21T18:00:00","4","27.155831","77.960892","167.94","AGRA, IN","FM-15","99999","V020","999,9,V,0005,1","07620,1,9,N","005000,1,9,9","+0310,1","+0280,1","99999,9",,"04,1,+00762,1,99,9","07,1,+07620,1,99,9",,,"9,AGL   ,+99999,+99999","99,99,9,04,1,99,9,00762,1,99,9,99,9","10010,1,99999,9","10,1",,,,"MET067METAR VIAG 211800Z VRB01KT 5000 BR SCT025 BKN250 31/28 Q1001 NOSIG=",
"42260099999","2023-06-21T19:30:00","4","27.155831","77.960892","167.94","AGRA, IN","FM-15","99999","V020","999,9,V,0010,1","07620,1,9,N","005000,1,9,9","+0310,1","+0270,1","99999,9",,"04,1,+00762,1,99,9","07,1,+07620,1,99,9",,,"9,AGL   ,+99999,+99999","99,99,9,04,1,99,9,00762,1,99,9,99,9","10000,1,99999,9","10,1",,,,"MET067METAR VIAG 211930Z VRB02KT 5000 BR SCT025 BKN250 31/27 Q1000 NOSIG=",
"42260099999","2023-06-21T20:30:00","4","27.155831","77.960892","167.94","AGRA, IN","FM-15","99999","V020","999,9,C,0000,1","07620,1,9,N","005000,1,9,9","+0310,1","+0270,1","99999,9",,"04,1,+00762,1,99,9","07,1,+07620,1,99,9",,,"9,AGL   ,+99999,+99999","99,99,9,04,1,99,9,00762,1,99,9,99,9","10000,1,99999,9","10,1",,,,"MET067METAR VIAG 212030Z 00000KT 5000 BR SCT025 BKN250 31/27 Q1000 NOSIG=",
"42260099999","2023-06-23T01:30:00","4","27.155831","77.960892","167.94","AGRA, IN","FM-15","99999","V020","270,1,N,0026,1","07620,1,C,N","005000,1,9,9","+0300,1","+0260,1","99999,9",,"04,1,+00762,1,99,9","04,1,+07620,1,99,9",,,"9,AGL   ,+99999,+99999","99,99,9,04,1,99,9,00762,1,99,9,99,9","10010,1,99999,9","10,1",,,,"MET067METAR VIAG 230130Z 27005KT 5000 BR SCT025 SCT250 30/26 Q1001 NOSIG=",
"42260099999","2023-06-23T16:30:00","4","27.155831","77.960892","167.94","AGRA, IN","FM-15","99999","V020","999,9,V,0005,1","07620,1,C,N","004000,1,9,9","+0310,1","+0270,1","99999,9",,"02,1,+00762,1,99,9","04,1,+07620,1,99,9",,,"9,AGL   ,+99999,+99999","99,99,9,02,1,99,9,00762,1,99,9,99,9","10000,1,99999,9","10,1",,,,"MET067METAR VIAG 231630Z VRB01KT 4000 BR FEW025 SCT250 31/27 Q1000 NOSIG=",
"42260099999","2023-06-23T17:30:00","4","27.155831","77.960892","167.94","AGRA, IN","FM-15","99999","V020","140,1,N,0015,1","07620,1,C,N","004000,1,9,9","+0310,1","+0270,1","99999,9",,"02,1,+00914,1,99,9","04,1,+07620,1,99,9",,,"9,AGL   ,+99999,+99999","99,99,9,02,1,99,9,00914,1,99,9,99,9","10000,1,99999,9","10,1",,,,"MET067METAR VIAG 231730Z 14003KT 4000 BR FEW030 SCT250 31/27 Q1000 NOSIG=",
"42260099999","2023-06-23T18:00:00","4","27.155831","77.960892","167.94","AGRA, IN","FM-15","99999","V020","999,9,V,0005,1","07620,1,C,N","004000,1,9,9","+0310,1","+0270,1","99999,9",,"02,1,+00914,1,99,9","04,1,+07620,1,99,9",,,"9,AGL   ,+99999,+99999","99,99,9,02,1,99,9,00914,1,99,9,99,9","10010,1,99999,9","10,1",,,,"MET067METAR VIAG 231800Z VRB01KT 4000 BR FEW030 SCT250 31/27 Q1001 NOSIG=",
"42260099999","2023-06-23T19:30:00","4","27.155831","77.960892","167.94","AGRA, IN","FM-15","99999","V020","999,9,C,0000,1","07620,1,C,N","004000,1,9,9","+0310,1","+0270,1","99999,9",,"02,1,+00914,1,99,9","04,1,+07620,1,99,9",,,"9,AGL   ,+99999,+99999","99,99,9,02,1,99,9,00914,1,99,9,99,9","10000,1,99999,9","10,1",,,,"MET067METAR VIAG 231930Z 00000KT 4000 BR FEW030 SCT250 31/27 Q1000 NOSIG=",
"42260099999","2023-06-23T20:30:00","4","27.155831","77.960892","167.94","AGRA, IN","FM-15","99999","V020","999,9,V,0005,1","07620,1,C,N","004000,1,9,9","+0310,1","+0280,1","99999,9",,"02,1,+00914,1,99,9","04,1,+07620,1,99,9",,,"9,AGL   ,+99999,+99999","99,99,9,02,1,99,9,00914,1,99,9,99,9","10000,1,99999,9","10,1",,,,"MET067METAR VIAG 232030Z VRB01KT 4000 BR FEW030 SCT250 31/28 Q1000 NOSIG=",
"42260099999","2023-06-24T06:00:00","4","27.155831","77.960892","167.94","AGRA, IN","FM-15","99999","V020","999,9,V,0010,1","02743,1,C,N","006000,1,9,9","+0370,1","+0270,1","99999,9",,"04,1,+00762,1,99,9","04,1,+02743,1,99,9","07,1,+06096,1,99,9",,"9,AGL   ,+99999,+99999","99,99,9,04,1,99,9,00762,1,99,9,99,9","10010,1,99999,9",,,,,"MET075METAR VIAG 240600Z VRB02KT 6000 SCT025 SCT090 BKN200 37/27 Q1001 TEMPO -RA=",
"42260099999","2023-06-24T06:30:00","4","27.155831","77.960892","167.94","AGRA, IN","FM-15","99999","V020","070,1,N,0015,1","02743,1,C,N","006000,1,9,9","+0370,1","+0270,1","99999,9",,"04,1,+00762,1,99,9","04,1,+02743,1,99,9","07,1,+06096,1,99,9",,"9,AGL   ,+99999,+99999","99,99,9,04,1,99,9,00762,1,99,9,99,9","10010,1,99999,9",,,,,"MET075METAR VIAG 240630Z 07003KT 6000 SCT025 SCT090 BKN200 37/27 Q1001 TEMPO -RA=",
"42260099999","2023-06-24T08:30:00","4","27.155831","77.960892","167.94","AGRA, IN","FM-15","99999","V020","360,1,N,0015,1","06096,1,9,N","006000,1,9,9","+0390,1","+0250,1","99999,9",,"04,1,+00762,1,99,9","02,1,+00914,1,09,1","04,1,+02743,1,99,9","07,1,+06096,1,99,9","9,AGL   ,+99999,+99999","99,99,9,04,1,99,9,00762,1,99,9,99,9","09990,1,99999,9",,,,,"MET101METAR VIAG 240830Z 36003KT 6000 SCT025 FEW030CB SCT090 BKN200 39/25 Q0999 TEMPO 05015G25KT 2000 TSRA=",
"42260099999","2023-06-24T09:00:00","4","27.155831","77.960892","167.94","AGRA, IN","FM-15","99999","V020","020,1,N,0026,1","06096,1,9,N","006000,1,9,9","+0380,1","+0260,1","99999,9",,"04,1,+00762,1,99,9","02,1,+00914,1,09,1","04,1,+02743,1,99,9","07,1,+06096,1,99,9","9,AGL   ,+99999,+99999","99,99,9,04,1,99,9,00762,1,99,9,99,9","09990,1,99999,9","17,1",,,,"MET104METAR VIAG 240900Z 02005KT 6000 TS SCT025 FEW030CB SCT090 BKN200 38/26 Q0999 TEMPO 05015G25KT 2000 TSRA=",
"42260099999","2023-06-24T09:30:00","4","27.155831","77.960892","167.94","AGRA, IN","FM-15","99999","V020","020,1,N,0026,1","03048,1,9,N","006000,1,9,9","+0370,1","+0260,1","99999,9",,"04,1,+00762,1,99,9","02,1,+00914,1,09,1","07,1,+03048,1,99,9",,"9,AGL   ,+99999,+99999","99,99,9,04,1,99,9,00762,1,99,9,99,9","09980,1,99999,9","17,1",,,,"MET097METAR VIAG 240930Z 02005KT 6000 TS SCT025 FEW030CB BKN100 37/26 Q0998 TEMPO 05015G25KT 2000 TSRA=",
"42260099999","2023-06-24T10:00:00","4","27.155831","77.960892","167.94","AGRA, IN","FM-15","99999","V020","040,1,N,0041,1","03048,1,9,N","005000,1,9,9","+0360,1","+0270,1","99999,9",,"04,1,+00762,1,99,9","02,1,+00914,1,09,1","07,1,+03048,1,99,9",,"9,AGL   ,+99999,+99999","99,99,9,04,1,99,9,00762,1,99,9,99,9","09980,1,99999,9","05,1","17,1",,,"MET100METAR VIAG 241000Z 04008KT 5000 TS HZ SCT025 FEW030CB BKN100 36/27 Q0998 TEMPO 05015G25KT 2000 TSRA=",
"42260099999","2023-06-24T10:30:00","4","27.155831","77.960892","167.94","AGRA, IN","FM-15","99999","V020","060,1,N,0051,1","03048,1,9,N","005000,1,9,9","+0320,1","+0250,1","99999,9",,"04,1,+00762,1,99,9","02,1,+00914,1,09,1","07,1,+03048,1,99,9",,"9,AGL   ,+99999,+99999","99,99,9,04,1,99,9,00762,1,99,9,99,9","09980,1,99999,9","05,1","17,1",,,"MET100METAR VIAG 241030Z 06010KT 5000 TS HZ SCT025 FEW030CB BKN100 32/25 Q0998 TEMPO 05015G25KT 2000 TSRA=",
"42260099999","2023-06-24T12:30:00","4","27.155831","77.960892","167.94","AGRA, IN","FM-15","99999","V020","080,1,N,0021,1","03048,1,9,N","006000,1,9,9","+0310,1","+0240,1","99999,9",,"04,1,+00762,1,99,9","02,1,+00914,1,09,1","07,1,+03048,1,99,9",,"9,AGL   ,+99999,+99999","99,99,9,04,1,99,9,00762,1,99,9,99,9","09990,1,99999,9",,,,,"MET094METAR VIAG 241230Z 08004KT 6000 SCT025 FEW030CB BKN100 31/24 Q0999 TEMPO 05015G25KT 2000 TSRA=",
"42260099999","2023-06-25T14:30:00","4","27.155831","77.960892","167.94","AGRA, IN","FM-15","99999","V020","999,9,V,0010,1","07620,1,9,N","004000,1,9,9","+0280,1","+0240,1","99999,9",,"02,1,+00762,1,99,9","07,1,+07620,1,99,9",,,"9,AGL   ,+99999,+99999","99,99,9,02,1,99,9,00762,1,99,9,99,9","10010,1,99999,9","10,1",,,,"MET072METAR VIAG 251430Z VRB02KT 4000 BR FEW025 BKN250 28/24 Q1001 TEMPO 3000=",
"42260099999","2023-06-25T22:30:00","4","27.155831","77.960892","167.94","AGRA, IN","FM-15","99999","V020","999,9,V,0005,1","00610,1,C,N","003000,1,9,9","+0280,1","+0250,1","99999,9",,"04,1,+00457,1,99,9","04,1,+00610,1,99,9","07,1,+02743,1,99,9",,"9,AGL   ,+99999,+99999","99,99,9,04,1,99,9,00457,1,99,9,99,9","10010,1,99999,9","10,1",,,,"MET084METAR VIAG 252230Z VRB01KT 3000 BR SCT015 SCT020 BKN090 28/25 Q1001 TEMPO BKN015 RA=",
"42260099999","2023-06-25T23:30:00","4","27.155831","77.960892","167.94","AGRA, IN","FM-15","99999","V020","999,9,V,0005,1","00610,1,C,N","003000,1,9,9","+0270,1","+0250,1","99999,9",,"02,1,+00457,1,99,9","04,1,+00610,1,99,9","07,1,+02743,1,99,9",,"9,AGL   ,+99999,+99999","99,99,9,02,1,99,9,00457,1,99,9,99,9","10010,1,99999,9","10,1",,,,"MET089METAR VIAG 252330Z VRB01KT 3000 BR FEW015 SCT020 BKN090 27/25 Q1001 TEMPO 2000 RA BKN015=",
"42260099999","2023-06-26T00:00:00","4","27.155831","77.960892","167.94","AGRA, IN","FM-15","99999","V020","999,9,V,0010,1","00610,1,C,N","002500,1,9,9","+0270,1","+0250,1","99999,9",,"02,1,+00457,1,99,9","04,1,+00610,1,99,9","07,1,+02743,1,99,9",,"9,AGL   ,+99999,+99999","99,99,9,02,1,99,9,00457,1,99,9,99,9","10020,1,99999,9","10,1",,,,"MET084METAR VIAG 260000Z VRB02KT 2500 BR FEW015 SCT020 BKN090 27/25 Q1002 TEMPO RA BKN015=",
"42260099999","2023-06-26T00:30:00","4","27.155831","77.960892","167.94","AGRA, IN","FM-15","99999","V020","999,9,V,0010,1","00610,1,C,N","002500,1,9,9","+0280,1","+0250,1","99999,9",,"02,1,+00457,1,99,9","04,1,+00610,1,99,9","07,1,+02743,1,99,9",,"9,AGL   ,+99999,+99999","99,99,9,02,1,99,9,00457,1,99,9,99,9","10020,1,99999,9","10,1",,,,"MET084METAR VIAG 260030Z VRB02KT 2500 BR FEW015 SCT020 BKN090 28/25 Q1002 TEMPO RA BKN015=",
"42260099999","2023-06-26T01:00:00","4","27.155831","77.960892","167.94","AGRA, IN","FM-15","99999","V020","040,1,N,0015,1","02743,1,9,N","002500,1,9,9","+0280,1","+0250,1","99999,9",,"04,1,+00610,1,99,9","07,1,+02743,1,99,9",,,"9,AGL   ,+99999,+99999","99,99,9,04,1,99,9,00610,1,99,9,99,9","10020,1,99999,9","10,1",,,,"MET072METAR VIAG 260100Z 04003KT 2500 BR SCT020 BKN090 28/25 Q1002 BECMG 3000=",
"42260099999","2023-07-03T02:00:00","4","27.155831","77.960892","167.94","AGRA, IN","FM-15","99999","V020","240,1,N,0015,1","07620,1,C,N","003500,1,9,9","+0300,1","+0270,1","99999,9",,"02,1,+00914,1,99,9","04,1,+07620,1,99,9",,,"9,AGL   ,+99999,+99999","99,99,9,02,1,99,9,00914,1,99,9,99,9","10010,1,99999,9","10,1",,,,"MET072METAR VIAG 030200Z 24003KT 3500 BR FEW030 SCT250 30/27 Q1001 BECMG 5000=",
"42260099999","2023-07-03T02:30:00","4","27.155831","77.960892","167.94","AGRA, IN","FM-15","99999","V020","270,1,N,0031,1","07620,1,C,N","004000,1,9,9","+0310,1","+0270,1","99999,9",,"02,1,+00914,1,99,9","04,1,+07620,1,99,9",,,"9,AGL   ,+99999,+99999","99,99,9,02,1,99,9,00914,1,99,9,99,9","10010,1,99999,9","10,1",,,,"MET072METAR VIAG 030230Z 27006KT 4000 BR FEW030 SCT250 31/27 Q1001 BECMG 5000=",
"42260099999","2023-07-03T03:00:00","4","27.155831","77.960892","167.94","AGRA, IN","FM-15","99999","V020","270,1,N,0021,1","07620,1,9,N","004500,1,9,9","+0320,1","+0270,1","99999,9",,"02,1,+00914,1,99,9","07,1,+07620,1,99,9",,,"9,AGL   ,+99999,+99999","99,99,9,02,1,99,9,00914,1,99,9,99,9","10010,1,99999,9","10,1",,,,"MET072METAR VIAG 030300Z 27004KT 4500 BR FEW030 BKN250 32/27 Q1001 BECMG 5000=",
"42260099999","2023-07-03T05:00:00","4","27.155831","77.960892","167.94","AGRA, IN","FM-15","99999","V020","330,1,N,0015,1","07620,1,9,N","006000,1,9,9","+0350,1","+0270,1","99999,9",,"04,1,+00762,1,99,9","07,1,+07620,1,99,9",,,"9,AGL   ,+99999,+99999","99,99,9,04,1,99,9,00762,1,99,9,99,9","10010,1,99999,9",,,,,"MET064METAR VIAG 030500Z 33003KT 6000 SCT025 BKN250 35/27 Q1001 NOSIG=",
"42260099999","2023-07-03T05:30:00","4","27.155831","77.960892","167.94","AGRA, IN","FM-15","99999","V020","300,1,N,0015,1","07620,1,9,N","006000,1,9,9","+0360,1","+0270,1","99999,9",,"04,1,+00762,1,99,9","07,1,+07620,1,99,9",,,"9,AGL   ,+99999,+99999","99,99,9,04,1,99,9,00762,1,99,9,99,9","10010,1,99999,9",,,,,"MET064METAR VIAG 030530Z 30003KT 6000 SCT025 BKN250 36/27 Q1001 NOSIG=",
"42260099999","2023-07-03T06:00:00","4","27.155831","77.960892","167.94","AGRA, IN","FM-15","99999","V020","270,1,N,0021,1","07620,1,9,N","006000,1,9,9","+0370,1","+0270,1","99999,9",,"04,1,+00762,1,99,9","07,1,+07620,1,99,9",,,"9,AGL   ,+99999,+99999","99,99,9,04,1,99,9,00762,1,99,9,99,9","10010,1,99999,9",,,,,"MET064METAR VIAG 030600Z 27004KT 6000 SCT025 BKN250 37/27 Q1001 NOSIG=",
"42260099999","2023-07-04T07:50:00","4","27.155831","77.960892","167.94","AGRA, IN","FM-15","99999","V020","360,1,N,0077,1","00610,1,C,N","002000,1,9,9","+0310,1","+0270,1","99999,9","05,U,9999,9","04,1,+00457,1,99,9","04,1,+00610,1,99,9","02,1,+00914,1,09,1","07,1,+03048,1,99,9","9,AGL   ,+99999,+99999","99,99,9,04,1,99,9,00457,1,99,9,99,9","09990,1,99999,9","95,1",,,"0129,1","MET118METAR VIAG 040750Z 36015G25KT 2000 R05/2000 -TSRA SCT015 SCT020 FEW030CB BKN100 31/27 Q0999 TEMPO 34025KT 1500 BKN010=",
"42260099999","2023-07-05T15:00:00","4","27.155831","77.960892","167.94","AGRA, IN","FM-15","99999","V020","110,1,N,0031,1","00610,1,C,N","006000,1,9,9","+0310,1","+0260,1","99999,9",,"04,1,+00457,1,99,9","04,1,+00610,1,99,9","02,1,+00914,1,09,1","07,1,+02743,1,99,9","9,AGL   ,+99999,+99999","99,99,9,04,1,99,9,00457,1,99,9,99,9","09990,1,99999,9",,,,,"MET092METAR VIAG 051500Z 11006KT 6000 SCT015 SCT020 FEW030CB BKN090 31/26 Q0999 TEMPO TSRA BKN015=",
"42260099999","2023-07-05T22:30:00","4","27.155831","77.960892","167.94","AGRA, IN","FM-15","99999","V020","999,9,V,0010,1","00914,1,C,N","006000,1,9,9","+0290,1","+0260,1","99999,9",,"02,1,+00610,1,99,9","04,1,+00914,1,99,9","07,1,+02743,1,99,9",,"9,AGL   ,+99999,+99999","99,99,9,02,1,99,9,00610,1,99,9,99,9","10000,1,99999,9",,,,,"MET075METAR VIAG 052230Z VRB02KT 6000 FEW020 SCT030 BKN090 29/26 Q1000 TEMPO -RA=",
"42260099999","2023-07-06T00:00:00","4","27.155831","77.960892","167.94","AGRA, IN","FM-15","99999","V020","999,9,V,0010,1","03048,1,C,N","005000,1,9,9","+0280,1","+9999,9","99999,9",,"02,1,+00914,1,99,9","04,1,+03048,1,99,9","07,1,+07620,1,99,9",,"9,AGL   ,+99999,+99999","99,99,9,02,1,99,9,00914,1,99,9,99,9","10000,1,99999,9","10,1",,,,"MET074METAR VIAG 060000Z VRB02KT 5000 BR FEW030 SCT100 BKN250 28/03 Q1000 NOSIG=","Q013     3ATOD  "
"42260099999","2023-07-06T00:30:00","4","27.155831","77.960892","167.94","AGRA, IN","FM-15","99999","V020","999,9,V,0005,1","03048,1,C,N","005000,1,9,9","+0290,1","+0260,1","99999,9",,"02,1,+00914,1,99,9","04,1,+03048,1,99,9","07,1,+07620,1,99,9",,"9,AGL   ,+99999,+99999","99,99,9,02,1,99,9,00914,1,99,9,99,9","10000,1,99999,9","10,1",,,,"MET074METAR VIAG 060030Z VRB01KT 5000 BR FEW030 SCT100 BKN250 29/26 Q1000 NOSIG=",
"42260099999","2023-07-06T01:00:00","4","27.155831","77.960892","167.94","AGRA, IN","FM-15","99999","V020","100,1,N,0015,1","03048,1,C,N","005000,1,9,9","+0290,1","+0260,1","99999,9",,"02,1,+00914,1,99,9","04,1,+03048,1,99,9","07,1,+07620,1,99,9",,"9,AGL   ,+99999,+99999","99,99,9,02,1,99,9,00914,1,99,9,99,9","10000,1,99999,9","10,1",,,,"MET074METAR VIAG 060100Z 10003KT 5000 BR FEW030 SCT100 BKN250 29/26 Q1000 NOSIG=",
"42260099999","2023-07-08T07:30:00","4","27.155831","77.960892","167.94","AGRA, IN","FM-15","99999","V020","080,1,N,0026,1","00457,1,C,N","006000,1,9,9","+0330,1","+0270,1","99999,9",,"02,1,+00366,1,99,9","04,1,+00457,1,99,9","02,1,+00762,1,08,1","07,1,+02743,1,99,9","9,AGL   ,+99999,+99999","99,99,9,02,1,99,9,00366,1,99,9,99,9","10010,1,99999,9",,,,,"MET088METAR VIAG 080730Z 08005KT 6000 FEW012 SCT015 FEW025TCU BKN090 33/27 Q1001 TEMPO BKN015=",
"42260099999","2023-07-08T08:00:00","4","27.155831","77.960892","167.94","AGRA, IN","FM-15","99999","V020","080,1,N,0031,1","00457,1,9,N","006000,1,9,9","+0320,1","+0260,1","99999,9",,"04,1,+00305,1,99,9","07,1,+00457,1,99,9","02,1,+00762,1,09,1","07,1,+02743,1,99,9","9,AGL   ,+99999,+99999","99,99,9,04,1,99,9,00305,1,99,9,99,9","10010,1,99999,9",,,,,"MET097METAR VIAG 080800Z 08006KT 6000 SCT010 BKN015 FEW025CB BKN090 32/26 Q1001 TEMPO 1500 TSRA BKN010=",
"42260099999","2023-07-16T06:00:00","4","27.155831","77.960892","167.94","AGRA, IN","FM-15","99999","V020","290,1,N,0021,1","00610,1,C,N","006000,1,9,9","+0330,1","+0260,1","99999,9",,"02,1,+00457,1,99,9","04,1,+00610,1,99,9","02,1,+00762,1,08,1","07,1,+02743,1,99,9","9,AGL   ,+99999,+99999","99,99,9,02,1,99,9,00457,1,99,9,99,9","10030,1,99999,9",,,,,"MET085METAR VIAG 160600Z 29004KT 6000 FEW015 SCT020 FEW025TCU BKN090 33/26 Q1003 TEMPO -RA=",
"42260099999","2023-07-16T11:10:00","4","27.155831","77.960892","167.94","AGRA, IN","FM-15","99999","V020","340,1,N,0031,1","99999,9,9,N","005000,1,9,9","+0300,5","+0260,5","99999,9",,,,,,,,"09990,5,99999,9","10,5","61,5",,,"MET096METAR VIAG 161110Z 34006KT 5000 -RABR FEW012 SCT015 FEW030CB BKN090 30/26 Q0999 TEMPO 1500 TSRA=","D01      0ADE735"
"42260099999","2023-07-19T15:00:00","4","27.155831","77.960892","167.94","AGRA, IN","FM-15","99999","V020","999,9,V,0010,1","02438,1,C,N","006000,1,9,9","+0320,1","+0260,1","99999,9",,"02,1,+00762,1,99,9","04,1,+02438,1,99,9",,,"9,AGL   ,+99999,+99999","99,99,9,02,1,99,9,00762,1,99,9,99,9","09990,1,99999,9",,,,,"MET064METAR VIAG 191500Z VRB02KT 6000 FEW025 SCT080 32/26 Q0999 NOSIG=",
"42260099999","2023-07-19T16:30:00","4","27.155831","77.960892","167.94","AGRA, IN","FM-15","99999","V020","050,1,N,0026,1","02743,1,9,N","006000,1,9,9","+0330,1","+0270,1","99999,9",,"02,1,+00762,1,99,9","07,1,+02743,1,99,9",,,"9,AGL   ,+99999,+99999","99,99,9,02,1,99,9,00762,1,99,9,99,9","10000,1,99999,9",,,,,"MET064METAR VIAG 191630Z 05005KT 6000 FEW025 BKN090 33/27 Q1000 NOSIG=",
"42260099999","2023-07-19T17:30:00","4","27.155831","77.960892","167.94","AGRA, IN","FM-15","99999","V020","080,1,N,0015,1","02743,1,9,N","006000,1,9,9","+0320,1","+0270,1","99999,9",,"02,1,+00762,1,99,9","07,1,+02743,1,99,9",,,"9,AGL   ,+99999,+99999","99,99,9,02,1,99,9,00762,1,99,9,99,9","10000,1,99999,9",,,,,"MET064METAR VIAG 191730Z 08003KT 6000 FEW025 BKN090 32/27 Q1000 NOSIG=",
"42260099999","2023-07-19T18:00:00","4","27.155831","77.960892","167.94","AGRA, IN","FM-15","99999","V020","070,1,N,0015,1","02743,1,9,N","006000,1,9,9","+0320,1","+0260,1","99999,9",,"02,1,+00762,1,99,9","07,1,+02743,1,99,9",,,"9,AGL   ,+99999,+99999","99,99,9,02,1,99,9,00762,1,99,9,99,9","10000,1,99999,9",,,,,"MET064METAR VIAG 191800Z 07003KT 6000 FEW025 BKN090 32/26 Q1000 NOSIG=",
"42260099999","2023-07-19T23:30:00","4","27.155831","77.960892","167.94","AGRA, IN","FM-15","99999","V020","050,1,N,0015,1","02743,1,9,N","006000,1,9,9","+0310,1","+0270,1","99999,9",,"04,1,+00762,1,99,9","07,1,+02743,1,99,9",,,"9,AGL   ,+99999,+99999","99,99,9,04,1,99,9,00762,1,99,9,99,9","09990,1,99999,9",,,,,"MET064METAR VIAG 192330Z 05003KT 6000 SCT025 BKN090 31/27 Q0999 NOSIG=",
"42260099999","2023-07-20T00:30:00","4","27.155831","77.960892","167.94","AGRA, IN","FM-15","99999","V020","050,1,N,0021,1","02743,1,9,N","006000,1,9,9","+0310,1","+0270,1","99999,9",,"04,1,+00610,1,99,9","02,1,+00762,1,08,1","07,1,+02743,1,99,9",,"9,AGL   ,+99999,+99999","99,99,9,04,1,99,9,00610,1,99,9,99,9","10000,1,99999,9","61,1",,,,"MET083METAR VIAG 200030Z 05004KT 6000 -RA SCT020 FEW025TCU BKN090 31/27 Q1000 TEMPO 5000=",
"42260099999","2023-07-20T01:00:00","4","27.155831","77.960892","167.94","AGRA, IN","FM-15","99999","V020","050,1,N,0015,1","02743,1,9,N","006000,1,9,9","+0310,1","+0270,1","99999,9",,"04,1,+00610,1,99,9","02,1,+00762,1,08,1","07,1,+02743,1,99,9",,"9,AGL   ,+99999,+99999","99,99,9,04,1,99,9,00610,1,99,9,99,9","10000,1,99999,9",,,,,"MET083METAR VIAG 200100Z 05003KT 6000 SCT020 FEW025TCU BKN090 31/27 Q1000 TEMPO 5000 -RA=",
"42260099999","2023-07-22T08:00:00","4","27.155831","77.960892","167.94","AGRA, IN","FM-15","99999","V020","090,1,N,0051,1","00762,1,C,N","006000,1,9,9","+0360,1","+0260,1","99999,9",,"04,1,+00610,1,99,9","04,1,+00762,1,99,9",,,"9,AGL   ,+99999,+99999","99,99,9,04,1,99,9,00610,1,99,9,99,9","10040,1,99999,9",,,,,"MET064METAR VIAG 220800Z 09010KT 6000 SCT020 SCT025 36/26 Q1004 NOSIG=",
"42260099999","2023-07-22T08:30:00","4","27.155831","77.960892","167.94","AGRA, IN","FM-15","99999","V020","090,1,N,0051,1","00762,1,C,N","006000,1,9,9","+0370,1","+0260,1","99999,9",,"04,1,+00610,1,99,9","04,1,+00762,1,99,9",,,"9,AGL   ,+99999,+99999","99,99,9,04,1,99,9,00610,1,99,9,99,9","10030,1,99999,9",,,,,"MET079METAR VIAG 220830Z 09010KT 6000 SCT020 SCT025 37/26 Q1003 TEMPO 09015G25KT -RA=",
"42260099999","2023-07-22T09:00:00","4","27.155831","77.960892","167.94","AGRA, IN","FM-15","99999","V020","090,1,N,0046,1","00762,1,C,N","006000,1,9,9","+0360,1","+0260,1","99999,9",,"04,1,+00610,1,99,9","04,1,+00762,1,99,9",,,"9,AGL   ,+99999,+99999","99,99,9,04,1,99,9,00610,1,99,9,99,9","10030,1,99999,9",,,,,"MET079METAR VIAG 220900Z 09009KT 6000 SCT020 SCT025 36/26 Q1003 TEMPO 09015G25KT -RA=",
"42260099999","2023-07-22T09:30:00","4","27.155831","77.960892","167.94","AGRA, IN","FM-15","99999","V020","100,1,N,0057,1","00762,1,C,N","006000,1,9,9","+0370,1","+0250,1","99999,9",,"04,1,+00610,1,99,9","04,1,+00762,1,99,9","02,1,+00762,1,08,1",,"9,AGL   ,+99999,+99999","99,99,9,04,1,99,9,00610,1,99,9,99,9","10020,1,99999,9",,,,,"MET091METAR VIAG 220930Z 10011KT 6000 SCT020 SCT025 FEW025TCU 37/25 Q1002 TEMPO 09015G25KT -TSRA=",
"42260099999","2023-07-22T10:00:00","4","27.155831","77.960892","167.94","AGRA, IN","FM-15","99999","V020","070,1,N,0046,1","99999,9,9,N","006000,1,9,9","+0370,1","+0250,1","99999,9",,"04,1,+00610,1,99,9","02,1,+00762,1,09,1","04,1,+07620,1,99,9",,"9,AGL   ,+99999,+99999","99,99,9,04,1,99,9,00610,1,99,9,99,9","10020,1,99999,9",,,,,"MET090METAR VIAG 221000Z 07009KT 6000 SCT020 FEW025CB SCT250 37/25 Q1002 TEMPO 09015G25KT -TSRA=",
"42260099999","2023-07-29T02:30:00","4","27.155831","77.960892","167.94","AGRA, IN","FM-15","99999","V020","170,1,N,0026,1","00457,1,C,N","006000,1,9,9","+0290,1","+0260,1","99999,9",,"04,1,+00305,1,99,9","04,1,+00457,1,99,9","07,1,+02743,1,99,9",,"9,AGL   ,+99999,+99999","99,99,9,04,1,99,9,00305,1,99,9,99,9","10010,1,99999,9",,,,,"MET081METAR VIAG 290230Z 17005KT 6000 SCT010 SCT015 BKN090 29/26 Q1001 TEMPO RA BKN010=",
"42260099999","2023-07-29T06:00:00","4","27.155831","77.960892","167.94","AGRA, IN","FM-15","99999","V020","230,1,N,0051,1","00457,1,C,N","006000,1,9,9","+0320,1","+0260,1","99999,9",,"02,1,+00366,1,99,9","04,1,+00457,1,99,9","02,1,+00762,1,09,1","07,1,+02743,1,99,9","9,AGL   ,+99999,+99999","99,99,9,02,1,99,9,00366,1,99,9,99,9","10020,1,99999,9",,,,,"MET085METAR VIAG 290600Z 23010KT 6000 FEW012 SCT015 FEW025CB BKN090 32/26 Q1002 TEMPO TSRA=",
"42260099999","2023-07-31T06:40:00","4","27.155831","77.960892","167.94","AGRA, IN","FM-15","99999","V020","360,1,N,0051,1","00610,1,C,N","003000,1,9,9","+0330,1","+0260,1","99999,9",,"04,1,+00457,1,99,9","04,1,+00610,1,99,9","02,1,+00914,1,09,1","07,1,+03048,1,99,9","9,AGL   ,+99999,+99999","99,99,9,04,1,99,9,00457,1,99,9,99,9","10000,1,99999,9","95,1",,,,"MET102METAR VIAG 310640Z 36010KT 3000 -TSRA SCT015 SCT020 FEW030CB BKN100 33/26 Q1000 TEMPO 36015G25KT 2000=",
"42260099999","2023-08-01T08:30:00","4","27.155831","77.960892","167.94","AGRA, IN","FM-15","99999","V020","300,1,N,0046,1","00762,1,C,N","006000,1,9,9","+0370,1","+0250,1","99999,9",,"04,1,+00610,1,99,9","04,1,+00762,1,99,9","02,1,+00914,1,08,1",,"9,AGL   ,+99999,+99999","99,99,9,04,1,99,9,00610,1,99,9,99,9","09980,1,99999,9",,,,,"MET077METAR VIAG 010830Z 30009KT 6000 SCT020 SCT025 FEW030TCU 37/25 Q0998 TEMPO TS=",
"42260099999","2023-08-01T09:00:00","4","27.155831","77.960892","167.94","AGRA, IN","FM-15","99999","V020","290,1,N,0041,1","00762,1,C,N","006000,1,9,9","+0380,1","+0250,1","99999,9",,"04,1,+00610,1,99,9","04,1,+00762,1,99,9","02,1,+00914,1,09,1",,"9,AGL   ,+99999,+99999","99,99,9,04,1,99,9,00610,1,99,9,99,9","09970,1,99999,9",,,,,"MET094METAR VIAG 010900Z 29008KT 6000 SCT020 SCT025 FEW030CB 38/25 Q0997 TEMPO 27015G25KT 2000 TSRA=",
"42260099999","2023-08-01T10:00:00","4","27.155831","77.960892","167.94","AGRA, IN","FM-15","99999","V020","220,1,N,0046,1","00762,1,C,N","006000,1,9,9","+0360,1","+0240,1","99999,9",,"04,1,+00610,1,99,9","04,1,+00762,1,99,9","02,1,+00914,1,09,1",,"9,AGL   ,+99999,+99999","99,99,9,04,1,99,9,00610,1,99,9,99,9","09970,1,99999,9","17,1",,,,"MET097METAR VIAG 011000Z 22009KT 6000 TS SCT020 SCT025 FEW030CB 36/24 Q0997 TEMPO 25015G25KT 2000 TSRA=",
"42260099999","2023-08-01T12:00:00","4","27.155831","77.960892","167.94","AGRA, IN","FM-15","99999","V020","250,1,N,0041,1","07620,1,9,N","006000,1,9,9","+0330,1","+0250,1","99999,9",,"04,1,+00610,1,99,9","02,1,+00914,1,08,1","07,1,+07620,1,99,9",,"9,AGL   ,+99999,+99999","99,99,9,04,1,99,9,00610,1,99,9,99,9","09960,1,99999,9",,,,,"MET077METAR VIAG 011200Z 25008KT 6000 SCT020 FEW030TCU BKN250 33/25 Q0996 TEMPO TS=",
"42260099999","2023-08-02T00:30:00","4","27.155831","77.960892","167.94","AGRA, IN","FM-15","99999","V020","240,1,N,0026,1","07620,1,9,N","006000,1,9,9","+0290,1","+0260,1","99999,9",,"02,1,+00762,1,99,9","07,1,+07620,1,99,9",,,"9,AGL   ,+99999,+99999","99,99,9,02,1,99,9,00762,1,99,9,99,9","09980,1,99999,9",,,,,"MET064METAR VIAG 020030Z 24005KT 6000 FEW025 BKN250 29/26 Q0998 NOSIG=",
"42260099999","2023-08-02T01:00:00","4","27.155831","77.960892","167.94","AGRA, IN","FM-15","99999","V020","240,1,N,0026,1","07620,1,9,N","006000,1,9,9","+0290,1","+0260,1","99999,9",,"02,1,+00762,1,99,9","07,1,+07620,1,99,9",,,"9,AGL   ,+99999,+99999","99,99,9,02,1,99,9,00762,1,99,9,99,9","09980,1,99999,9",,,,,"MET064METAR VIAG 020100Z 24005KT 6000 FEW025 BKN250 29/26 Q0998 NOSIG=",
"42260099999","2023-08-02T01:30:00","4","27.155831","77.960892","167.94","AGRA, IN","FM-15","99999","V020","240,1,N,0031,1","07620,1,9,N","006000,1,9,9","+0290,1","+0260,1","99999,9",,"02,1,+00762,1,99,9","07,1,+07620,1,99,9",,,"9,AGL   ,+99999,+99999","99,99,9,02,1,99,9,00762,1,99,9,99,9","09990,1,99999,9",,,,,"MET064METAR VIAG 020130Z 24006KT 6000 FEW025 BKN250 29/26 Q0999 NOSIG=",
"42260099999","2023-08-02T02:00:00","4","27.155831","77.960892","167.94","AGRA, IN","FM-15","99999","V020","240,1,N,0026,1","07620,1,9,N","006000,1,9,9","+0300,1","+0260,1","99999,9",,"02,1,+00762,1,99,9","07,1,+07620,1,99,9",,,"9,AGL   ,+99999,+99999","99,99,9,02,1,99,9,00762,1,99,9,99,9","09990,1,99999,9",,,,,"MET064METAR VIAG 020200Z 24005KT 6000 FEW025 BKN250 30/26 Q0999 NOSIG=",
"42260099999","2023-08-02T02:30:00","4","27.155831","77.960892","167.94","AGRA, IN","FM-15","99999","V020","240,1,N,0036,1","06096,1,9,N","006000,1,9,9","+0310,1","+0260,1","99999,9",,"02,1,+00762,1,99,9","07,1,+06096,1,99,9",,,"9,AGL   ,+99999,+99999","99,99,9,02,1,99,9,00762,1,99,9,99,9","10000,1,99999,9",,,,,"MET064METAR VIAG 020230Z 24007KT 6000 FEW025 BKN200 31/26 Q1000 NOSIG=",
"42260099999","2023-08-02T03:00:00","4","27.155831","77.960892","167.94","AGRA, IN","FM-15","99999","V020","250,1,N,0031,1","06096,1,9,N","006000,1,9,9","+0320,1","+0260,1","99999,9",,"02,1,+00762,1,99,9","07,1,+06096,1,99,9",,,"9,AGL   ,+99999,+99999","99,99,9,02,1,99,9,00762,1,99,9,99,9","10000,1,99999,9",,,,,"MET064METAR VIAG 020300Z 25006KT 6000 FEW025 BKN200 32/26 Q1000 NOSIG=",
"42260099999","2023-08-02T03:30:00","4","27.155831","77.960892","167.94","AGRA, IN","FM-15","99999","V020","270,1,N,0041,1","03048,1,C,N","006000,1,9,9","+0320,1","+0260,1","99999,9",,"02,1,+00762,1,99,9","04,1,+03048,1,99,9","07,1,+06096,1,99,9",,"9,AGL   ,+99999,+99999","99,99,9,02,1,99,9,00762,1,99,9,99,9","10000,1,99999,9",,,,,"MET071METAR VIAG 020330Z 27008KT 6000 FEW025 SCT100 BKN200 32/26 Q1000 NOSIG=",
"42260099999","2023-08-02T04:00:00","4","27.155831","77.960892","167.94","AGRA, IN","FM-15","99999","V020","250,1,N,0031,1","06096,1,9,N","006000,1,9,9","+0330,1","+0260,1","99999,9",,"02,1,+00610,1,99,9","07,1,+06096,1,99,9",,,"9,AGL   ,+99999,+99999","99,99,9,02,1,99,9,00610,1,99,9,99,9","10000,1,99999,9",,,,,"MET064METAR VIAG 020400Z 25006KT 6000 FEW020 BKN200 33/26 Q1000 NOSIG=",
"42260099999","2023-08-02T06:30:00","4","27.155831","77.960892","167.94","AGRA, IN","FM-15","99999","V020","270,1,N,0031,1","06096,1,9,N","006000,1,9,9","+0350,1","+0260,1","99999,9",,"04,1,+00610,1,99,9","02,1,+00762,1,08,1","04,1,+03048,1,99,9","07,1,+06096,1,99,9","9,AGL   ,+99999,+99999","99,99,9,04,1,99,9,00610,1,99,9,99,9","10000,1,99999,9",,,,,"MET089METAR VIAG 020630Z 27006KT 6000 SCT020 FEW025TCU SCT100 BKN200 35/26 Q1000 TEMPO 5000 RA=",
"42260099999","2023-08-05T00:00:00","4","27.155831","77.960892","167.94","AGRA, IN","FM-15","99999","V020","999,9,V,0005,1","00914,1,C,N","003500,1,9,9","+0280,1","+0270,1","99999,9",,"02,1,+00457,1,99,9","04,1,+00914,1,99,9","07,1,+02743,1,99,9",,"9,AGL   ,+99999,+99999","99,99,9,02,1,99,9,00457,1,99,9,99,9","10020,1,99999,9","10,1",,,,"MET083METAR VIAG 050000Z VRB01KT 3500 BR FEW015 SCT030 BKN090 28/27 Q1002 TEMPO 3000 -RA=",
"42260099999","2023-08-05T05:15:00","4","27.155831","77.960892","167.94","AGRA, IN","FM-15","99999","V020","260,1,N,0036,1","99999,9,9,N","003000,1,9,9","+0300,5","+0270,5","99999,9",,,,,,,,"10040,5,99999,9","10,5","61,5",,,"MET096METAR VIAG 050515Z 26007KT 3000 -RABR BKN010 SCT020 FEW025CB BKN090 30/27 Q1004 TEMPO 1500 TSRA=","D01      0ADE735"
"42260099999","2023-08-05T13:45:00","4","27.155831","77.960892","167.94","AGRA, IN","FM-15","99999","V020","290,1,N,0026,1","00610,1,C,N","004000,1,9,9","+0310,1","+0270,1","99999,9",,"04,1,+00457,1,99,9","04,1,+00610,1,99,9","02,1,+00914,1,09,1","07,1,+02743,1,99,9","9,AGL   ,+99999,+99999","99,99,9,04,1,99,9,00457,1,99,9,99,9","10020,1,99999,9","95,1",,,,"MET109METAR VIAG 051345Z 29005KT 4000 -TSRA SCT015 SCT020 FEW030CB BKN090 31/27 Q1002 TEMPO 34015G25KT 2000 BKN015=",
"42260099999","2023-08-06T14:00:00","4","27.155831","77.960892","167.94","AGRA, IN","FM-15","99999","V020","200,1,N,0021,1","07620,1,9,N","006000,1,9,9","+0320,1","+0260,1","99999,9",,"02,1,+00610,1,99,9","07,1,+07620,1,99,9",,,"9,AGL   ,+99999,+99999","99,99,9,02,1,99,9,00610,1,99,9,99,9","09980,1,99999,9",,,,,"MET064METAR VIAG 061400Z 20004KT 6000 FEW020 BKN250 32/26 Q0998 NOSIG=",
"42260099999","2023-08-06T14:30:00","4","27.155831","77.960892","167.94","AGRA, IN","FM-15","99999","V020","200,1,N,0021,1","07620,1,9,N","006000,1,9,9","+0310,1","+0270,1","99999,9",,"02,1,+00610,1,99,9","07,1,+07620,1,99,9",,,"9,AGL   ,+99999,+99999","99,99,9,02,1,99,9,00610,1,99,9,99,9","09990,1,99999,9",,,,,"MET064METAR VIAG 061430Z 20004KT 6000 FEW020 BKN250 31/27 Q0999 NOSIG=",
"42260099999","2023-08-06T15:00:00","4","27.155831","77.960892","167.94","AGRA, IN","FM-15","99999","V020","230,1,N,0021,1","07620,1,9,N","006000,1,9,9","+0310,1","+0270,1","99999,9",,"02,1,+00762,1,99,9","07,1,+07620,1,99,9",,,"9,AGL   ,+99999,+99999","99,99,9,02,1,99,9,00762,1,99,9,99,9","09990,1,99999,9",,,,,"MET064METAR VIAG 061500Z 23004KT 6000 FEW025 BKN250 31/27 Q0999 NOSIG=",
"42260099999","2023-08-06T15:30:00","4","27.155831","77.960892","167.94","AGRA, IN","FM-15","99999","V020","210,1,N,0021,1","07620,1,9,N","006000,1,9,9","+0300,1","+0260,1","99999,9",,"02,1,+00762,1,99,9","07,1,+07620,1,99,9",,,"9,AGL   ,+99999,+99999","99,99,9,02,1,99,9,00762,1,99,9,99,9","09990,1,99999,9",,,,,"MET064METAR VIAG 061530Z 21004KT 6000 FEW025 BKN250 30/26 Q0999 NOSIG=",
"42260099999","2023-08-06T17:30:00","4","27.155831","77.960892","167.94","AGRA, IN","FM-15","99999","V020","220,1,N,0021,1","03048,1,C,N","006000,1,9,9","+0290,1","+0260,1","99999,9",,"02,1,+00762,1,99,9","04,1,+03048,1,99,9","07,1,+07620,1,99,9",,"9,AGL   ,+99999,+99999","99,99,9,02,1,99,9,00762,1,99,9,99,9","09990,1,99999,9",,,,,"MET071METAR VIAG 061730Z 22004KT 6000 FEW025 SCT100 BKN250 29/26 Q0999 NOSIG=",
"42260099999","2023-08-07T00:00:00","4","27.155831","77.960892","167.94","AGRA, IN","FM-15","99999","V020","230,1,N,0026,1","03048,1,C,N","006000,1,9,9","+0280,1","+0240,1","99999,9",,"02,1,+00762,1,99,9","04,1,+03048,1,99,9","07,1,+07620,1,99,9",,"9,AGL   ,+99999,+99999","99,99,9,02,1,99,9,00762,1,99,9,99,9","09980,1,99999,9",,,,,"MET071METAR VIAG 070000Z 23005KT 6000 FEW025 SCT100 BKN250 28/24 Q0998 NOSIG=",
"42260099999","2023-08-07T00:30:00","4","27.155831","77.960892","167.94","AGRA, IN","FM-15","99999","V020","220,1,N,0026,1","02743,1,9,N","006000,1,9,9","+0280,1","+0240,1","99999,9",,"04,1,+00762,1,99,9","07,1,+02743,1,99,9",,,"9,AGL   ,+99999,+99999","99,99,9,04,1,99,9,00762,1,99,9,99,9","09980,1,99999,9",,,,,"MET064METAR VIAG 070030Z 22005KT 6000 SCT025 BKN090 28/24 Q0998 NOSIG=",
"42260099999","2023-08-09T10:30:00","4","27.155831","77.960892","167.94","AGRA, IN","FM-15","99999","V020","230,1,N,0036,1","07620,1,9,N","006000,1,9,9","+0350,1","+0240,1","99999,9",,"04,1,+00762,1,99,9","07,1,+07620,1,99,9",,,"9,AGL   ,+99999,+99999","99,99,9,04,1,99,9,00762,1,99,9,99,9","10030,1,99999,9",,,,,"MET064METAR VIAG 091030Z 23007KT 6000 SCT025 BKN250 35/24 Q1003 NOSIG=",
"42260099999","2023-08-09T11:00:00","4","27.155831","77.960892","167.94","AGRA, IN","FM-15","99999","V020","220,1,N,0036,1","07620,1,9,N","006000,1,9,9","+0350,1","+0250,1","99999,9",,"04,1,+00762,1,99,9","07,1,+07620,1,99,9",,,"9,AGL   ,+99999,+99999","99,99,9,04,1,99,9,00762,1,99,9,99,9","10030,1,99999,9",,,,,"MET064METAR VIAG 091100Z 22007KT 6000 SCT025 BKN250 35/25 Q1003 NOSIG=",
"42260099999","2023-08-09T12:00:00","4","27.155831","77.960892","167.94","AGRA, IN","FM-15","99999","V020","230,1,N,0036,1","07620,1,9,N","006000,1,9,9","+0330,1","+0240,1","99999,9",,"04,1,+00762,1,99,9","07,1,+07620,1,99,9",,,"9,AGL   ,+99999,+99999","99,99,9,04,1,99,9,00762,1,99,9,99,9","10030,1,99999,9",,,,,"MET064METAR VIAG 091200Z 23007KT 6000 SCT025 BKN250 33/24 Q1003 NOSIG=",
"42260099999","2023-08-09T12:30:00","4","27.155831","77.960892","167.94","AGRA, IN","FM-15","99999","V020","220,1,N,0031,1","07620,1,9,N","006000,1,9,9","+0330,1","+0250,1","99999,9",,"04,1,+00762,1,99,9","07,1,+07620,1,99,9",,,"9,AGL   ,+99999,+99999","99,99,9,04,1,99,9,00762,1,99,9,99,9","10030,1,99999,9",,,,,"MET064METAR VIAG 091230Z 22006KT 6000 SCT025 BKN250 33/25 Q1003 NOSIG=",
"42260099999","2023-08-09T13:00:00","4","27.155831","77.960892","167.94","AGRA, IN","FM-15","99999","V020","220,1,N,0021,1","07620,1,9,N","006000,1,9,9","+0320,1","+0250,1","99999,9",,"02,1,+00762,1,99,9","07,1,+07620,1,99,9",,,"9,AGL   ,+99999,+99999","99,99,9,02,1,99,9,00762,1,99,9,99,9","10030,1,99999,9",,,,,"MET064METAR VIAG 091300Z 22004KT 6000 FEW025 BKN250 32/25 Q1003 NOSIG=",
"42260099999","2023-08-10T01:30:00","4","27.155831","77.960892","167.94","AGRA, IN","FM-15","99999","V020","210,1,N,0021,1","02743,1,9,N","005000,1,9,9","+0280,1","+0230,1","99999,9",,"02,1,+00762,1,99,9","07,1,+02743,1,99,9",,,"9,AGL   ,+99999,+99999","99,99,9,02,1,99,9,00762,1,99,9,99,9","10040,1,99999,9","10,1",,,,"MET067METAR VIAG 100130Z 21004KT 5000 BR FEW025 BKN090 28/23 Q1004 NOSIG=",
"42260099999","2023-08-10T02:00:00","4","27.155831","77.960892","167.94","AGRA, IN","FM-15","99999","V020","200,1,N,0021,1","02743,1,9,N","006000,1,9,9","+0280,1","+0240,1","99999,9",,"02,1,+00762,1,99,9","07,1,+02743,1,99,9",,,"9,AGL   ,+99999,+99999","99,99,9,02,1,99,9,00762,1,99,9,99,9","10050,1,99999,9",,,,,"MET064METAR VIAG 100200Z 20004KT 6000 FEW025 BKN090 28/24 Q1005 NOSIG=",
"42260099999","2023-08-10T03:00:00","4","27.155831","77.960892","167.94","AGRA, IN","FM-15","99999","V020","230,1,N,0036,1","02743,1,9,N","006000,1,9,9","+0300,1","+0240,1","99999,9",,"02,1,+00762,1,99,9","07,1,+02743,1,99,9",,,"9,AGL   ,+99999,+99999","99,99,9,02,1,99,9,00762,1,99,9,99,9","10050,1,99999,9",,,,,"MET064METAR VIAG 100300Z 23007KT 6000 FEW025 BKN090 30/24 Q1005 NOSIG=",
"42260099999","2023-08-10T03:30:00","4","27.155831","77.960892","167.94","AGRA, IN","FM-15","99999","V020","230,1,N,0031,1","02743,1,C,N","006000,1,9,9","+0300,1","+0240,1","99999,9",,"02,1,+00762,1,99,9","04,1,+02743,1,99,9","07,1,+06096,1,99,9",,"9,AGL   ,+99999,+99999","99,99,9,02,1,99,9,00762,1,99,9,99,9","10060,1,99999,9",,,,,"MET071METAR VIAG 100330Z 23006KT 6000 FEW025 SCT090 BKN200 30/24 Q1006 NOSIG=",
"42260099999","2023-08-10T04:00:00","4","27.155831","77.960892","167.94","AGRA, IN","FM-15","99999","V020","230,1,N,0031,1","02743,1,C,N","006000,1,9,9","+0300,1","+0240,1","99999,9",,"02,1,+00762,1,99,9","04,1,+02743,1,99,9","07,1,+06096,1,99,9",,"9,AGL   ,+99999,+99999","99,99,9,02,1,99,9,00762,1,99,9,99,9","10060,1,99999,9",,,,,"MET071METAR VIAG 100400Z 23006KT 6000 FEW025 SCT090 BKN200 30/24 Q1006 NOSIG=",
"42260099999","2023-08-10T04:30:00","4","27.155831","77.960892","167.94","AGRA, IN","FM-15","99999","V020","220,1,N,0036,1","02743,1,9,N","006000,1,9,9","+0310,1","+0250,1","99999,9",,"02,1,+00762,1,99,9","07,1,+02743,1,99,9",,,"9,AGL   ,+99999,+99999","99,99,9,02,1,99,9,00762,1,99,9,99,9","10060,1,99999,9",,,,,"MET064METAR VIAG 100430Z 22007KT 6000 FEW025 BKN090 31/25 Q1006 NOSIG=",
"42260099999","2023-08-10T06:30:00","4","27.155831","77.960892","167.94","AGRA, IN","FM-15","99999","V020","220,1,N,0031,1","02743,1,9,N","006000,1,9,9","+0320,1","+0250,1","99999,9",,"04,1,+00762,1,99,9","07,1,+02743,1,99,9",,,"9,AGL   ,+99999,+99999","99,99,9,04,1,99,9,00762,1,99,9,99,9","10060,1,99999,9",,,,,"MET067METAR VIAG 100630Z 22006KT 6000 SCT025 BKN090 32/25 Q1006 TEMPO RA=",
"42260099999","2023-08-11T01:30:00","4","27.155831","77.960892","167.94","AGRA, IN","FM-15","99999","V020","240,1,N,0026,1","07620,1,9,N","005000,1,9,9","+0290,1","+0250,1","99999,9",,"02,1,+00610,1,99,9","07,1,+07620,1,99,9",,,"9,AGL   ,+99999,+99999","99,99,9,02,1,99,9,00610,1,99,9,99,9","10050,1,99999,9","10,1",,,,"MET067METAR VIAG 110130Z 24005KT 5000 BR FEW020 BKN250 29/25 Q1005 NOSIG=",
"42260099999","2023-08-11T02:00:00","4","27.155831","77.960892","167.94","AGRA, IN","FM-15","99999","V020","230,1,N,0026,1","07620,1,C,N","005000,1,9,9","+0300,1","+0250,1","99999,9",,"02,1,+00610,1,99,9","04,1,+07620,1,99,9",,,"9,AGL   ,+99999,+99999","99,99,9,02,1,99,9,00610,1,99,9,99,9","10050,1,99999,9","05,1",,,,"MET067METAR VIAG 110200Z 23005KT 5000 HZ FEW020 SCT250 30/25 Q1005 NOSIG=",
"42260099999","2023-08-11T03:00:00","4","27.155831","77.960892","167.94","AGRA, IN","FM-15","99999","V020","230,1,N,0026,1","99999,9,9,N","006000,1,9,9","+0320,1","+0250,1","99999,9",,"04,1,+07620,1,99,9",,,,"9,AGL   ,+99999,+99999","99,99,9,04,1,99,9,07620,1,99,9,99,9","10060,1,99999,9",,,,,"MET057METAR VIAG 110300Z 23005KT 6000 SCT250 32/25 Q1006 NOSIG=",
"42260099999","2023-08-11T05:00:00","4","27.155831","77.960892","167.94","AGRA, IN","FM-15","99999","V020","280,1,N,0031,1","07620,1,C,N","006000,1,9,9","+0340,1","+0240,1","99999,9",,"02,1,+00610,1,99,9","04,1,+07620,1,99,9",,,"9,AGL   ,+99999,+99999","99,99,9,02,1,99,9,00610,1,99,9,99,9","10060,1,99999,9",,,,,"MET064METAR VIAG 110500Z 28006KT 6000 FEW020 SCT250 34/24 Q1006 NOSIG=",
"42260099999","2023-08-11T06:00:00","4","27.155831","77.960892","167.94","AGRA, IN","FM-15","99999","V020","290,1,N,0036,1","07620,1,9,N","006000,1,9,9","+0340,1","+0240,1","99999,9",,"02,1,+00610,1,99,9","07,1,+07620,1,99,9",,,"9,AGL   ,+99999,+99999","99,99,9,02,1,99,9,00610,1,99,9,99,9","10060,1,99999,9",,,,,"MET064METAR VIAG 110600Z 29007KT 6000 FEW020 BKN250 34/24 Q1006 NOSIG=",
"42260099999","2023-08-11T06:30:00","4","27.155831","77.960892","167.94","AGRA, IN","FM-15","99999","V020","290,1,N,0031,1","07620,1,9,N","006000,1,9,9","+0350,1","+0240,1","99999,9",,"04,1,+00610,1,99,9","07,1,+07620,1,99,9",,,"9,AGL   ,+99999,+99999","99,99,9,04,1,99,9,00610,1,99,9,99,9","10050,1,99999,9",,,,,"MET064METAR VIAG 110630Z 29006KT 6000 SCT020 BKN250 35/24 Q1005 NOSIG=",
"42260099999","2023-08-11T08:00:00","4","27.155831","77.960892","167.94","AGRA, IN","FM-15","99999","V020","240,1,N,0041,1","07620,1,9,N","006000,1,9,9","+0360,1","+0240,1","99999,9",,"04,1,+00610,1,99,9","07,1,+07620,1,99,9",,,"9,AGL   ,+99999,+99999","99,99,9,04,1,99,9,00610,1,99,9,99,9","10050,1,99999,9",,,,,"MET064METAR VIAG 110800Z 24008KT 6000 SCT020 BKN250 36/24 Q1005 NOSIG=",
"42260099999","2023-08-11T16:00:00","4","27.155831","77.960892","167.94","AGRA, IN","FM-15","99999","V020","210,1,N,0015,1","07620,1,9,N","006000,1,9,9","+0300,1","+0240,1","99999,9",,"02,1,+00762,1,99,9","07,1,+07620,1,99,9",,,"9,AGL   ,+99999,+99999","99,99,9,02,1,99,9,00762,1,99,9,99,9","10040,1,99999,9",,,,,"MET064METAR VIAG 111600Z 21003KT 6000 FEW025 BKN250 30/24 Q1004 NOSIG=",
"42260099999","2023-08-12T01:30:00","4","27.155831","77.960892","167.94","AGRA, IN","FM-15","99999","V020","220,1,N,0026,1","07620,1,9,N","005000,1,9,9","+0280,1","+0240,1","99999,9",,"02,1,+03048,1,99,9","07,1,+07620,1,99,9",,,"9,AGL   ,+99999,+99999","99,99,9,02,1,99,9,03048,1,99,9,99,9","10040,1,99999,9","10,1",,,,"MET067METAR VIAG 120130Z 22005KT 5000 BR FEW100 BKN250 28/24 Q1004 NOSIG=",
"42260099999","2023-08-12T02:00:00","4","27.155831","77.960892","167.94","AGRA, IN","FM-15","99999","V020","210,1,N,0026,1","07620,1,9,N","006000,1,9,9","+0290,1","+0240,1","99999,9",,"02,1,+03048,1,99,9","07,1,+07620,1,99,9",,,"9,AGL   ,+99999,+99999","99,99,9,02,1,99,9,03048,1,99,9,99,9","10040,1,99999,9",,,,,"MET064METAR VIAG 120200Z 21005KT 6000 FEW100 BKN250 29/24 Q1004 NOSIG=",
"42260099999","2023-08-12T02:30:00","4","27.155831","77.960892","167.94","AGRA, IN","FM-15","99999","V020","240,1,N,0041,1","07620,1,9,N","006000,1,9,9","+0300,1","+0240,1","99999,9",,"02,1,+03048,1,99,9","07,1,+07620,1,99,9",,,"9,AGL   ,+99999,+99999","99,99,9,02,1,99,9,03048,1,99,9,99,9","10040,1,99999,9",,,,,"MET064METAR VIAG 120230Z 24008KT 6000 FEW100 BKN250 30/24 Q1004 NOSIG=",
"42260099999","2023-08-12T03:00:00","4","27.155831","77.960892","167.94","AGRA, IN","FM-15","99999","V020","230,1,N,0041,1","07620,1,9,N","006000,1,9,9","+0310,1","+0240,1","99999,9",,"02,1,+03048,1,99,9","07,1,+07620,1,99,9",,,"9,AGL   ,+99999,+99999","99,99,9,02,1,99,9,03048,1,99,9,99,9","10040,1,99999,9",,,,,"MET064METAR VIAG 120300Z 23008KT 6000 FEW100 BKN250 31/24 Q1004 NOSIG=",
"42260099999","2023-08-12T03:30:00","4","27.155831","77.960892","167.94","AGRA, IN","FM-15","99999","V020","230,1,N,0046,1","07620,1,9,N","006000,1,9,9","+0320,1","+0240,1","99999,9",,"02,1,+03048,1,99,9","07,1,+07620,1,99,9",,,"9,AGL   ,+99999,+99999","99,99,9,02,1,99,9,03048,1,99,9,99,9","10050,1,99999,9",,,,,"MET064METAR VIAG 120330Z 23009KT 6000 FEW100 BKN250 32/24 Q1005 NOSIG=",
"42260099999","2023-08-12T04:30:00","4","27.155831","77.960892","167.94","AGRA, IN","FM-15","99999","V020","250,1,N,0046,1","07620,1,C,N","006000,1,9,9","+0330,1","+0230,1","99999,9",,"07,1,+07620,1,99,9",,,,"9,AGL   ,+99999,+99999","99,99,9,07,1,99,9,07620,1,99,9,99,9","10040,1,99999,9",,,,,"MET057METAR VIAG 120430Z 25009KT 6000 BKN250 33/23 Q1004 NOSIG=",
"42260099999","2023-08-12T05:00:00","4","27.155831","77.960892","167.94","AGRA, IN","FM-15","99999","V020","250,1,N,0051,1","07620,1,C,N","006000,1,9,9","+0340,1","+0230,1","99999,9",,"07,1,+07620,1,99,9",,,,"9,AGL   ,+99999,+99999","99,99,9,07,1,99,9,07620,1,99,9,99,9","10040,1,99999,9",,,,,"MET057METAR VIAG 120500Z 25010KT 6000 BKN250 34/23 Q1004 NOSIG=",
"42260099999","2023-08-12T05:30:00","4","27.155831","77.960892","167.94","AGRA, IN","FM-15","99999","V020","250,1,N,0041,1","07620,1,C,N","006000,1,9,9","+0340,1","+0240,1","99999,9",,"07,1,+07620,1,99,9",,,,"9,AGL   ,+99999,+99999","99,99,9,07,1,99,9,07620,1,99,9,99,9","10040,1,99999,9",,,,,"MET057METAR VIAG 120530Z 25008KT 6000 BKN250 34/24 Q1004 NOSIG=",
"42260099999","2023-08-12T06:00:00","4","27.155831","77.960892","167.94","AGRA, IN","FM-15","99999","V020","230,1,N,0041,1","07620,1,C,N","006000,1,9,9","+0350,1","+0240,1","99999,9",,"07,1,+07620,1,99,9",,,,"9,AGL   ,+99999,+99999","99,99,9,07,1,99,9,07620,1,99,9,99,9","10040,1,99999,9",,,,,"MET057METAR VIAG 120600Z 23008KT 6000 BKN250 35/24 Q1004 NOSIG=",
"42260099999","2023-08-12T09:30:00","4","27.155831","77.960892","167.94","AGRA, IN","FM-15","99999","V020","240,1,N,0041,1","00762,1,C,N","006000,1,9,9","+0360,1","+0230,1","99999,9",,"02,1,+00610,1,99,9","04,1,+00762,1,99,9",,,"9,AGL   ,+99999,+99999","99,99,9,02,1,99,9,00610,1,99,9,99,9","10020,1,99999,9",,,,,"MET064METAR VIAG 120930Z 24008KT 6000 FEW020 SCT025 36/23 Q1002 NOSIG=",
"42260099999","2023-08-16T10:15:00","4","27.155831","77.960892","167.94","AGRA, IN","FM-15","99999","V020","240,1,N,0046,1","99999,9,9,N","006000,1,9,9","+0350,1","+0260,1","99999,9",,"04,1,+00762,1,99,9","02,1,+00914,1,09,1","04,1,+07620,1,99,9",,"9,AGL   ,+99999,+99999","99,99,9,04,1,99,9,00762,1,99,9,99,9","10020,1,99999,9","17,1",,,,"MET104METAR VIAG 161015Z 24009KT 6000 TS SCT025 FEW030CB SCT250 35/26 Q1002 TEMPO 36015G25KT 2000 TSRA BKN015=",
"42260099999","2023-08-22T10:10:00","4","27.155831","77.960892","167.94","AGRA, IN","FM-15","99999","V020","130,1,N,0026,1","00305,1,C,N","000800,1,9,9","+0280,1","+0270,1","99999,9","05,U,9999,9","07,1,+00305,1,99,9","04,1,+00366,1,99,9","02,1,+00914,1,09,1","07,1,+02743,1,99,9","9,AGL   ,+99999,+99999","99,99,9,07,1,99,9,00305,1,99,9,99,9","10010,1,99999,9","97,1",,,,"MET103METAR VIAG 221010Z 13005KT 0800 R05/1500 +TSRA BKN010 SCT012 FEW030CB BKN090 28/27 Q1001 TEMPO 34025KT=",
"42260099999","2023-08-22T15:30:00","4","27.155831","77.960892","167.94","AGRA, IN","FM-15","99999","V020","140,1,N,0021,1","99999,9,9,N","005000,1,9,9","+0280,5","+0270,5","99999,9",,,,,,,,"10030,5,99999,9","10,5","61,5","95,5",,"MET104METAR VIAG 221530Z 14004KT 5000 -TSRABR BKN008 SCT015 FEW030CB BKN080 28/27 Q1003 TEMPO 36015G25KT 1500=","D01      0ADE735"
"42260099999","2023-08-22T23:30:00","4","27.155831","77.960892","167.94","AGRA, IN","FM-15","99999","V020","190,1,N,0021,1","99999,9,9,N","005000,1,9,9","+0270,5","+0260,5","99999,9",,,,,,,,"10010,5,99999,9","10,5","61,5",,,"MET096METAR VIAG 222330Z 19004KT 5000 -RABR BKN007 SCT012 FEW030CB OVC080 27/26 Q1001 TEMPO 2000 TSRA=","D01      0ADE693D02      0ADE539D03      0ADE735"
"42260099999","2023-08-24T08:30:00","4","27.155831","77.960892","167.94","AGRA, IN","FM-15","99999","V020","240,1,N,0031,1","00762,1,C,N","006000,1,9,9","+0330,1","+0250,1","99999,9",,"02,1,+00610,1,99,9","04,1,+00762,1,99,9","07,1,+02743,1,99,9",,"9,AGL   ,+99999,+99999","99,99,9,02,1,99,9,00610,1,99,9,99,9","10000,1,99999,9",,,,,"MET075METAR VIAG 240830Z 24006KT 6000 FEW020 SCT025 BKN090 33/25 Q1000 TEMPO -RA=",
"42260099999","2023-08-27T00:00:00","4","27.155831","77.960892","167.94","AGRA, IN","FM-15","99999","V020","230,1,N,0015,1","99999,9,9,N","006000,1,9,9","+0250,1","+0220,1","99999,9",,"04,1,+07620,1,99,9",,,,"9,AGL   ,+99999,+99999","99,99,9,04,1,99,9,07620,1,99,9,99,9","10020,1,99999,9",,,,,"MET065METAR VIAG 270000Z 23003KT 6000 SCT250 25/22 Q1002 TEMPO 5000 BR=",
"42260099999","2023-08-27T03:30:00","4","27.155831","77.960892","167.94","AGRA, IN","FM-15","99999","V020","240,1,N,0046,1","03048,1,C,N","005000,1,9,9","+0310,1","+0230,1","99999,9",,"02,1,+00762,1,99,9","04,1,+03048,1,99,9",,,"9,AGL   ,+99999,+99999","99,99,9,02,1,99,9,00762,1,99,9,99,9","10030,1,99999,9","05,1",,,,"MET067METAR VIAG 270330Z 24009KT 5000 HZ FEW025 SCT100 31/23 Q1003 NOSIG=",
"42260099999","2023-08-27T05:00:00","4","27.155831","77.960892","167.94","AGRA, IN","FM-15","99999","V020","230,1,N,0051,1","03048,1,C,N","006000,1,9,9","+0330,1","+0240,1","99999,9",,"02,1,+00762,1,99,9","04,1,+03048,1,99,9",,,"9,AGL   ,+99999,+99999","99,99,9,02,1,99,9,00762,1,99,9,99,9","10030,1,99999,9",,,,,"MET064METAR VIAG 270500Z 23010KT 6000 FEW025 SCT100 33/24 Q1003 NOSIG=",
"42260099999","2023-08-28T02:00:00","4","27.155831","77.960892","167.94","AGRA, IN","FM-15","99999","V020","240,1,N,0026,1","99999,9,9,N","006000,1,9,9","+0280,1","+0230,1","99999,9",,"04,1,+00762,1,99,9","02,1,+00914,1,08,1",,,"9,AGL   ,+99999,+99999","99,99,9,04,1,99,9,00762,1,99,9,99,9","10020,1,99999,9",,,,,"MET067METAR VIAG 280200Z 24005KT 6000 SCT025 FEW030TCU 28/23 Q1002 NOSIG=",
"42260099999","2023-08-28T03:00:00","4","27.155831","77.960892","167.94","AGRA, IN","FM-15","99999","V020","230,1,N,0046,1","03048,1,C,N","006000,1,9,9","+0300,1","+0230,1","99999,9",,"04,1,+00762,1,99,9","04,1,+03048,1,99,9",,,"9,AGL   ,+99999,+99999","99,99,9,04,1,99,9,00762,1,99,9,99,9","10030,1,99999,9",,,,,"MET075METAR VIAG 280300Z 23009KT 6000 SCT025 SCT100 30/23 Q1003 TEMPO 23015G25KT=",
"42260099999","2023-08-28T03:30:00","4","27.155831","77.960892","167.94","AGRA, IN","FM-15","99999","V020","230,1,N,0046,1","02743,1,9,N","006000,1,9,9","+0310,1","+0230,1","99999,9",,"04,1,+00762,1,99,9","07,1,+02743,1,99,9",,,"9,AGL   ,+99999,+99999","99,99,9,04,1,99,9,00762,1,99,9,99,9","10030,1,99999,9",,,,,"MET075METAR VIAG 280330Z 23009KT 6000 SCT025 BKN090 31/23 Q1003 TEMPO 23015G25KT=",
"42260099999","2023-08-30T23:30:00","4","27.155831","77.960892","167.94","AGRA, IN","FM-15","99999","V020","270,1,N,0010,1","03048,1,C,N","006000,1,9,9","+0280,1","+0240,1","99999,9",,"02,1,+00914,1,99,9","04,1,+03048,1,99,9",,,"9,AGL   ,+99999,+99999","99,99,9,02,1,99,9,00914,1,99,9,99,9","10050,1,99999,9",,,,,"MET064METAR VIAG 302330Z 27002KT 6000 FEW030 SCT100 28/24 Q1005 NOSIG=",
"42260099999","2023-08-31T01:00:00","4","27.155831","77.960892","167.94","AGRA, IN","FM-15","99999","V020","999,9,V,0005,1","03048,1,C,N","006000,1,9,9","+0270,1","+0240,1","99999,9",,"02,1,+00762,1,99,9","04,1,+03048,1,99,9",,,"9,AGL   ,+99999,+99999","99,99,9,02,1,99,9,00762,1,99,9,99,9","10060,1,99999,9",,,,,"MET064METAR VIAG 310100Z VRB01KT 6000 FEW025 SCT100 27/24 Q1006 NOSIG=",
"42260099999","2023-09-05T15:30:00","4","27.155831","77.960892","167.94","AGRA, IN","FM-15","99999","V020","330,1,N,0015,1","02743,1,9,N","006000,1,9,9","+0270,1","+0240,1","99999,9",,"04,1,+00762,1,99,9","07,1,+02743,1,99,9",,,"9,AGL   ,+99999,+99999","99,99,9,04,1,99,9,00762,1,99,9,99,9","10040,1,99999,9",,,,,"MET068METAR VIAG 051530Z 33003KT 6000 SCT025 BKN090 27/24 Q1004 TEMPO -RA=",
"42260099999","2023-09-05T16:30:00","4","27.155831","77.960892","167.94","AGRA, IN","FM-15","99999","V020","999,9,V,0005,1","02743,1,9,N","006000,1,9,9","+0270,1","+0250,1","99999,9",,"04,1,+00762,1,99,9","07,1,+02743,1,99,9",,,"9,AGL   ,+99999,+99999","99,99,9,04,1,99,9,00762,1,99,9,99,9","10040,1,99999,9",,,,,"MET068METAR VIAG 051630Z VRB01KT 6000 SCT025 BKN090 27/25 Q1004 TEMPO -RA=",
"42260099999","2023-09-10T08:00:00","4","27.155831","77.960892","167.94","AGRA, IN","FM-15","99999","V020","010,1,N,0026,1","99999,9,9,N","004000,1,9,9","+0300,5","+0270,5","99999,9",,,,,,,,"10000,5,99999,9","10,5","61,5",,,"MET096METAR VIAG 100800Z 01005KT 4000 -RABR BKN010 SCT020 FEW025CB BKN090 30/27 Q1000 TEMPO 2000 TSRA=","D01      0ADE735"
"42260099999","2023-09-10T11:30:00","4","27.155831","77.960892","167.94","AGRA, IN","FM-15","99999","V020","060,1,N,0015,1","99999,9,9,N","004000,1,9,9","+0290,5","+0270,5","99999,9",,,,,,,,"09990,5,99999,9","10,5","61,5",,,"MET096METAR VIAG 101130Z 06003KT 4000 -RABR BKN010 SCT015 FEW025CB BKN090 29/27 Q0999 TEMPO 1500 TSRA=","D01      0ADE735"
"42260099999","2023-09-11T02:00:00","4","27.155831","77.960892","167.94","AGRA, IN","FM-15","99999","V020","010,1,N,0021,1","99999,9,9,N","002000,1,9,9","+0260,5","+0260,5","99999,9","05,U,9999,9",,,,,,,"10020,5,99999,9","10,5","61,5",,,"MET106METAR VIAG 110200Z 01004KT 2000 R05/P2000 -RABR BKN008 SCT015 FEW025CB OVC080 26/26 Q1002 TEMPO 1500 TSRA=","D01      0ADE735"
"42260099999","2023-09-11T02:30:00","4","27.155831","77.960892","167.94","AGRA, IN","FM-15","99999","V020","010,1,N,0015,1","99999,9,9,N","003000,1,9,9","+0270,5","+0260,5","99999,9",,,,,,,,"10020,5,99999,9","10,5","61,5",,,"MET082METAR VIAG 110230Z 01003KT 3000 -RABR BKN008 SCT015 OVC080 27/26 Q1002 TEMPO 2000=","D01      0ADE735"
"42260099999","2023-09-11T03:00:00","4","27.155831","77.960892","167.94","AGRA, IN","FM-15","99999","V020","020,1,N,0031,1","99999,9,9,N","003000,1,9,9","+0270,5","+0260,5","99999,9",,,,,,,,"10020,5,99999,9","10,5","61,5",,,"MET082METAR VIAG 110300Z 02006KT 3000 -RABR BKN008 SCT015 OVC080 27/26 Q1002 TEMPO 2000=","D01      0ADE735"
"42260099999","2023-09-11T03:30:00","4","27.155831","77.960892","167.94","AGRA, IN","FM-15","99999","V020","030,1,N,0031,1","99999,9,9,N","003000,1,9,9","+0270,5","+0260,5","99999,9",,,,,,,,"10020,5,99999,9","10,5","61,5",,,"MET082METAR VIAG 110330Z 03006KT 3000 -RABR BKN008 SCT015 OVC080 27/26 Q1002 TEMPO 2000=","D01      0ADE735"
"42260099999","2023-09-11T04:30:00","4","27.155831","77.960892","167.94","AGRA, IN","FM-15","99999","V020","030,1,N,0026,1","00244,1,C,N","004500,1,9,9","+0290,1","+0260,1","99999,9",,"07,1,+00244,1,99,9","04,1,+00457,1,99,9","08,1,+02438,1,99,9",,"9,AGL   ,+99999,+99999","99,99,9,07,1,99,9,00244,1,99,9,99,9","10020,1,99999,9","10,1",,,,"MET079METAR VIAG 110430Z 03005KT 4500 BR BKN008 SCT015 OVC080 29/26 Q1002 TEMPO 2000=",
"42260099999","2023-09-11T05:00:00","4","27.155831","77.960892","167.94","AGRA, IN","FM-15","99999","V020","020,1,N,0026,1","00305,1,C,N","005000,1,9,9","+0290,1","+0260,1","99999,9",,"07,1,+00305,1,99,9","04,1,+00457,1,99,9","07,1,+02743,1,99,9",,"9,AGL   ,+99999,+99999","99,99,9,07,1,99,9,00305,1,99,9,99,9","10020,1,99999,9","10,1",,,,"MET079METAR VIAG 110500Z 02005KT 5000 BR BKN010 SCT015 BKN090 29/26 Q1002 TEMPO 2000=",
"42260099999","2023-09-11T06:00:00","4","27.155831","77.960892","167.94","AGRA, IN","FM-15","99999","V020","340,1,N,0015,1","00305,1,C,N","006000,1,9,9","+0310,1","+0260,1","99999,9",,"07,1,+00305,1,99,9","04,1,+00366,1,99,9","07,1,+02743,1,99,9",,"9,AGL   ,+99999,+99999","99,99,9,07,1,99,9,00305,1,99,9,99,9","10020,1,99999,9",,,,,"MET079METAR VIAG 110600Z 34003KT 6000 BKN010 SCT012 BKN090 31/26 Q1002 TEMPO 2000 RA=",
"42260099999","2023-09-11T08:45:00","4","27.155831","77.960892","167.94","AGRA, IN","FM-15","99999","V020","320,1,N,0046,1","00610,1,C,N","006000,1,9,9","+0310,1","+0250,1","99999,9",,"04,1,+00457,1,99,9","04,1,+00610,1,99,9","02,1,+00914,1,09,1","07,1,+02743,1,99,9","9,AGL   ,+99999,+99999","99,99,9,04,1,99,9,00457,1,99,9,99,9","10010,1,99999,9","61,1",,,,"MET105METAR VIAG 110845Z 32009KT 6000 -RA SCT015 SCT020 FEW030CB BKN090 31/25 Q1001 TEMPO 32015G25KT 2000 TSRA=",
"42260099999","2023-09-13T07:00:00","4","27.155831","77.960892","167.94","AGRA, IN","FM-15","99999","V020","100,1,N,0021,1","99999,9,9,N","006000,1,9,9","+0350,1","+0270,1","99999,9",,"04,1,+00610,1,99,9","02,1,+00762,1,08,1","04,1,+00762,1,99,9",,"9,AGL   ,+99999,+99999","99,99,9,04,1,99,9,00610,1,99,9,99,9","10030,1,99999,9",,,,,"MET077METAR VIAG 130700Z 10004KT 6000 SCT020 FEW025TCU SCT025 35/27 Q1003 TEMPO TS=",
"42260099999","2023-09-13T16:30:00","4","27.155831","77.960892","167.94","AGRA, IN","FM-15","99999","V020","999,9,V,0010,1","07620,1,C,N","005000,1,9,9","+0290,1","+0270,1","99999,9",,"02,1,+00762,1,99,9","04,1,+07620,1,99,9",,,"9,AGL   ,+99999,+99999","99,99,9,02,1,99,9,00762,1,99,9,99,9","10040,1,99999,9","10,1",,,,"MET067METAR VIAG 131630Z VRB02KT 5000 BR FEW025 SCT250 29/27 Q1004 NOSIG=",
"42260099999","2023-09-13T17:00:00","4","27.155831","77.960892","167.94","AGRA, IN","FM-15","99999","V020","999,9,V,0005,1","07620,1,C,N","005000,1,9,9","+0300,1","+0270,1","99999,9",,"02,1,+00762,1,99,9","04,1,+07620,1,99,9",,,"9,AGL   ,+99999,+99999","99,99,9,02,1,99,9,00762,1,99,9,99,9","10030,1,99999,9","10,1",,,,"MET067METAR VIAG 131700Z VRB01KT 5000 BR FEW025 SCT250 30/27 Q1003 NOSIG=",
"42260099999","2023-09-13T19:30:00","4","27.155831","77.960892","167.94","AGRA, IN","FM-15","99999","V020","999,9,V,0010,1","07620,1,C,N","005000,1,9,9","+0290,1","+0270,1","99999,9",,"02,1,+00762,1,99,9","04,1,+07620,1,99,9",,,"9,AGL   ,+99999,+99999","99,99,9,02,1,99,9,00762,1,99,9,99,9","10030,1,99999,9","10,1",,,,"MET067METAR VIAG 131930Z VRB02KT 5000 BR FEW025 SCT250 29/27 Q1003 NOSIG=",
"42260099999","2023-09-13T20:00:00","4","27.155831","77.960892","167.94","AGRA, IN","FM-15","99999","V020","999,9,C,0000,1","07620,1,C,N","005000,1,9,9","+0290,1","+0270,1","99999,9",,"02,1,+00762,1,99,9","04,1,+07620,1,99,9",,,"9,AGL   ,+99999,+99999","99,99,9,02,1,99,9,00762,1,99,9,99,9","10030,1,99999,9","10,1",,,,"MET067METAR VIAG 132000Z 00000KT 5000 BR FEW025 SCT250 29/27 Q1003 NOSIG=",
"42260099999","2023-09-14T04:30:00","4","27.155831","77.960892","167.94","AGRA, IN","FM-15","99999","V020","060,1,N,0015,1","00762,1,C,N","004000,1,9,9","+0340,1","+0270,1","99999,9",,"02,1,+00549,1,99,9","04,1,+00762,1,99,9",,,"9,AGL   ,+99999,+99999","99,99,9,02,1,99,9,00549,1,99,9,99,9","10060,1,99999,9","05,1",,,,"MET072METAR VIAG 140430Z 06003KT 4000 HZ FEW018 SCT025 34/27 Q1006 BECMG 5000=",
"42260099999","2023-09-14T21:00:00","4","27.155831","77.960892","167.94","AGRA, IN","FM-15","99999","V020","999,9,V,0005,1","02743,1,9,N","005000,1,9,9","+0290,1","+0280,1","99999,9",,"04,1,+00610,1,99,9","07,1,+02743,1,99,9",,,"9,AGL   ,+99999,+99999","99,99,9,04,1,99,9,00610,1,99,9,99,9","10030,1,99999,9","10,1",,,,"MET067METAR VIAG 142100Z VRB01KT 5000 BR SCT020 BKN090 29/28 Q1003 NOSIG=",
"42260099999","2023-09-15T02:30:00","4","27.155831","77.960892","167.94","AGRA, IN","FM-15","99999","V020","070,1,N,0026,1","03048,1,9,N","002500,1,9,9","+0310,1","+0280,1","99999,9",,"02,1,+00762,1,99,9","02,1,+00914,1,09,1","07,1,+03048,1,99,9",,"9,AGL   ,+99999,+99999","99,99,9,02,1,99,9,00762,1,99,9,99,9","10060,1,99999,9","10,1",,,,"MET081METAR VIAG 150230Z 07005KT 2500 BR FEW025 FEW030CB BKN100 31/28 Q1006 TEMPO TSRA=",
"42260099999","2023-09-15T04:30:00","4","27.155831","77.960892","167.94","AGRA, IN","FM-15","99999","V020","070,1,N,0026,1","00762,1,C,N","005000,1,9,9","+0340,1","+0270,1","99999,9",,"02,1,+00610,1,99,9","04,1,+00762,1,99,9",,,"9,AGL   ,+99999,+99999","99,99,9,02,1,99,9,00610,1,99,9,99,9","10060,1,99999,9","05,1",,,,"MET067METAR VIAG 150430Z 07005KT 5000 HZ FEW020 SCT025 34/27 Q1006 NOSIG=",
"42260099999","2023-09-15T08:00:00","4","27.155831","77.960892","167.94","AGRA, IN","FM-15","99999","V020","050,1,N,0051,1","03658,1,C,N","006000,1,9,9","+0340,1","+0270,1","99999,9",,"02,1,+00762,1,99,9","02,1,+00914,1,08,1","04,1,+03658,1,99,9","07,1,+07620,1,99,9","9,AGL   ,+99999,+99999","99,99,9,02,1,99,9,00762,1,99,9,99,9","10040,1,99999,9",,,,,"MET092METAR VIAG 150800Z 05010KT 6000 FEW025 FEW030TCU SCT120 BKN250 34/27 Q1004 TEMPO 05015G25KT=",
"42260099999","2023-09-16T07:15:00","4","27.155831","77.960892","167.94","AGRA, IN","FM-15","99999","V020","060,1,N,0057,1","00366,1,C,N","001500,1,9,9","+0290,1","+0260,1","99999,9","05,U,9999,9","02,1,+00244,1,99,9","04,1,+00366,1,99,9","02,1,+00762,1,09,1","07,1,+02743,1,99,9","9,AGL   ,+99999,+99999","99,99,9,02,1,99,9,00244,1,99,9,99,9","10030,1,99999,9","97,1",,,"0113,1","MET109METAR VIAG 160715Z 06011G22KT 1500 R05/0800 +TSRA FEW008 SCT012 FEW025CB BKN090 29/26 Q1003 TEMPO 07015G25KT=",
"42260099999","2023-09-18T08:30:00","4","27.155831","77.960892","167.94","AGRA, IN","FM-15","99999","V020","120,1,N,0036,1","00914,1,C,N","006000,1,9,9","+0330,1","+0240,1","99999,9",,"04,1,+00610,1,99,9","04,1,+00914,1,99,9",,,"9,AGL   ,+99999,+99999","99,99,9,04,1,99,9,00610,1,99,9,99,9","10030,1,99999,9",,,,,"MET064METAR VIAG 180830Z 12007KT 6000 SCT020 SCT030 33/24 Q1003 NOSIG=",
"42260099999","2023-09-18T09:00:00","4","27.155831","77.960892","167.94","AGRA, IN","FM-15","99999","V020","140,1,N,0041,1","00914,1,C,N","006000,1,9,9","+0340,1","+0240,1","99999,9",,"04,1,+00610,1,99,9","04,1,+00914,1,99,9",,,"9,AGL   ,+99999,+99999","99,99,9,04,1,99,9,00610,1,99,9,99,9","10020,1,99999,9",,,,,"MET064METAR VIAG 180900Z 14008KT 6000 SCT020 SCT030 34/24 Q1002 NOSIG=",
"42260099999","2023-09-18T12:00:00","4","27.155831","77.960892","167.94","AGRA, IN","FM-15","99999","V020","140,1,N,0026,1","00762,1,C,N","006000,1,9,9","+0330,1","+0230,1","99999,9",,"02,1,+00610,1,99,9","04,1,+00762,1,99,9","02,1,+00762,1,08,1","07,1,+03048,1,99,9","9,AGL   ,+99999,+99999","99,99,9,02,1,99,9,00610,1,99,9,99,9","10020,1,99999,9",,,,,"MET081METAR VIAG 181200Z 14005KT 6000 FEW020 SCT025 FEW025TCU BKN100 33/23 Q1002 NOSIG=",
"42260099999","2023-09-18T12:30:00","4","27.155831","77.960892","167.94","AGRA, IN","FM-15","99999","V020","100,1,N,0021,1","00762,1,C,N","006000,1,9,9","+0320,1","+0240,1","99999,9",,"02,1,+00610,1,99,9","04,1,+00762,1,99,9","02,1,+00914,1,09,1",,"9,AGL   ,+99999,+99999","99,99,9,02,1,99,9,00610,1,99,9,99,9","10020,1,99999,9",,,,,"MET078METAR VIAG 181230Z 10004KT 6000 FEW020 SCT025 FEW030CB 32/24 Q1002 TEMPO TSRA=",
"42260099999","2023-09-19T03:00:00","4","27.155831","77.960892","167.94","AGRA, IN","FM-15","99999","V020","140,1,N,0021,1","99999,9,9,N","006000,1,9,9","+0310,1","+0250,1","99999,9",,"02,1,+00762,1,99,9",,,,"9,AGL   ,+99999,+99999","99,99,9,02,1,99,9,00762,1,99,9,99,9","10070,1,99999,9",,,,,"MET057METAR VIAG 190300Z 14004KT 6000 FEW025 31/25 Q1007 NOSIG=",
"42260099999","2023-09-19T06:30:00","4","27.155831","77.960892","167.94","AGRA, IN","FM-15","99999","V020","150,1,N,0026,1","00762,1,C,N","006000,1,9,9","+0340,1","+0240,1","99999,9",,"04,1,+00610,1,99,9","04,1,+00762,1,99,9",,,"9,AGL   ,+99999,+99999","99,99,9,04,1,99,9,00610,1,99,9,99,9","10070,1,99999,9",,,,,"MET064METAR VIAG 190630Z 15005KT 6000 SCT020 SCT025 34/24 Q1007 NOSIG=",
"42260099999","2023-09-19T08:00:00","4","27.155831","77.960892","167.94","AGRA, IN","FM-15","99999","V020","160,1,N,0031,1","00762,1,C,N","006000,1,9,9","+0350,1","+0240,1","99999,9",,"04,1,+00610,1,99,9","04,1,+00762,1,99,9",,,"9,AGL   ,+99999,+99999","99,99,9,04,1,99,9,00610,1,99,9,99,9","10060,1,99999,9",,,,,"MET064METAR VIAG 190800Z 16006KT 6000 SCT020 SCT025 35/24 Q1006 NOSIG=",
"42260099999","2023-09-19T08:30:00","4","27.155831","77.960892","167.94","AGRA, IN","FM-15","99999","V020","160,1,N,0026,1","00762,1,C,N","006000,1,9,9","+0350,1","+0240,1","99999,9",,"04,1,+00610,1,99,9","04,1,+00762,1,99,9",,,"9,AGL   ,+99999,+99999","99,99,9,04,1,99,9,00610,1,99,9,99,9","10050,1,99999,9",,,,,"MET064METAR VIAG 190830Z 16005KT 6000 SCT020 SCT025 35/24 Q1005 NOSIG=",
"42260099999","2023-09-20T01:00:00","4","27.155831","77.960892","167.94","AGRA, IN","FM-15","99999","V020","999,9,C,0000,1","99999,9,9,N","005000,1,9,9","+0270,1","+0250,1","99999,9",,"04,1,+07620,1,99,9",,,,"9,AGL   ,+99999,+99999","99,99,9,04,1,99,9,07620,1,99,9,99,9","10070,1,99999,9","10,1",,,,"MET060METAR VIAG 200100Z 00000KT 5000 BR SCT250 27/25 Q1007 NOSIG=",
"42260099999","2023-09-20T01:30:00","4","27.155831","77.960892","167.94","AGRA, IN","FM-15","99999","V020","999,9,V,0005,1","99999,9,9,N","006000,1,9,9","+0290,1","+0250,1","99999,9",,"04,1,+07620,1,99,9",,,,"9,AGL   ,+99999,+99999","99,99,9,04,1,99,9,07620,1,99,9,99,9","10070,1,99999,9",,,,,"MET057METAR VIAG 200130Z VRB01KT 6000 SCT250 29/25 Q1007 NOSIG=",
"42260099999","2023-09-20T02:00:00","4","27.155831","77.960892","167.94","AGRA, IN","FM-15","99999","V020","999,9,V,0005,1","99999,9,9,N","005000,1,9,9","+0310,1","+0260,1","99999,9",,"04,1,+03048,1,99,9",,,,"9,AGL   ,+99999,+99999","99,99,9,04,1,99,9,03048,1,99,9,99,9","10070,1,99999,9","05,1",,,,"MET060METAR VIAG 200200Z VRB01KT 5000 HZ SCT100 31/26 Q1007 NOSIG=",
"42260099999","2023-09-20T03:30:00","4","27.155831","77.960892","167.94","AGRA, IN","FM-15","99999","V020","999,9,V,0010,1","99999,9,9,N","006000,1,9,9","+0340,1","+0250,1","99999,9",,"02,1,+07620,1,99,9",,,,"9,AGL   ,+99999,+99999","99,99,9,02,1,99,9,07620,1,99,9,99,9","10080,1,99999,9",,,,,"MET057METAR VIAG 200330Z VRB02KT 6000 FEW250 34/25 Q1008 NOSIG=",
"42260099999","2023-09-20T04:30:00","4","27.155831","77.960892","167.94","AGRA, IN","FM-15","99999","V020","090,1,N,0021,1","99999,9,9,N","006000,1,9,9","+0340,1","+0260,1","99999,9",,"04,1,+00762,1,99,9",,,,"9,AGL   ,+99999,+99999","99,99,9,04,1,99,9,00762,1,99,9,99,9","10080,1,99999,9",,,,,"MET057METAR VIAG 200430Z 09004KT 6000 SCT025 34/26 Q1008 NOSIG=",
"42260099999","2023-09-20T06:30:00","4","27.155831","77.960892","167.94","AGRA, IN","FM-15","99999","V020","040,1,N,0036,1","00610,1,C,N","006000,1,9,9","+0330,1","+0250,1","99999,9",,"04,1,+00457,1,99,9","04,1,+00610,1,99,9","02,1,+00914,1,09,1","07,1,+02743,1,99,9","9,AGL   ,+99999,+99999","99,99,9,04,1,99,9,00457,1,99,9,99,9","10070,1,99999,9","17,1",,,,"MET111METAR VIAG 200630Z 04007KT 6000 TS SCT015 SCT020 FEW030CB BKN090 33/25 Q1007 TEMPO 05015G25KT 2000 TSRA BKN015=",
"42260099999","2023-09-21T03:00:00","4","27.155831","77.960892","167.94","AGRA, IN","FM-15","99999","V020","999,9,V,0010,1","99999,9,9,N","006000,1,9,9","+0320,1","+0260,1","99999,9",,"02,1,+00762,1,99,9",,,,"9,AGL   ,+99999,+99999","99,99,9,02,1,99,9,00762,1,99,9,99,9","10070,1,99999,9",,,,,"MET057METAR VIAG 210300Z VRB02KT 6000 FEW025 32/26 Q1007 NOSIG=",
"42260099999","2023-09-21T04:00:00","4","27.155831","77.960892","167.94","AGRA, IN","FM-15","99999","V020","210,1,N,0015,1","99999,9,9,N","006000,1,9,9","+0340,1","+0260,1","99999,9",,"02,1,+00762,1,99,9",,,,"9,AGL   ,+99999,+99999","99,99,9,02,1,99,9,00762,1,99,9,99,9","10070,1,99999,9",,,,,"MET057METAR VIAG 210400Z 21003KT 6000 FEW025 34/26 Q1007 NOSIG=",
"42260099999","2023-09-21T06:30:00","4","27.155831","77.960892","167.94","AGRA, IN","FM-15","99999","V020","300,1,N,0015,1","00762,1,C,N","006000,1,9,9","+0370,1","+0240,1","99999,9",,"07,1,+00762,1,99,9","04,1,+03048,1,99,9",,,"9,AGL   ,+99999,+99999","99,99,9,07,1,99,9,00762,1,99,9,99,9","10060,1,99999,9",,,,,"MET064METAR VIAG 210630Z 30003KT 6000 BKN025 SCT100 37/24 Q1006 NOSIG=",
"42260099999","2023-09-22T00:00:00","4","27.155831","77.960892","167.94","AGRA, IN","FM-15","99999","V020","290,1,N,0026,1","99999,9,9,N","004000,1,9,9","+0270,5","+0260,5","99999,9",,,,,,,,"10050,5,99999,9","10,5","61,5","95,5",,"MET104METAR VIAG 220000Z 29005KT 4000 -TSRABR SCT015 SCT020 FEW030CB BKN090 27/26 Q1005 TEMPO 29015G25KT 1500=","D01      0ADE735"
"42260099999","2023-09-22T00:30:00","4","27.155831","77.960892","167.94","AGRA, IN","FM-15","99999","V020","999,9,V,0010,1","99999,9,9,N","004000,1,9,9","+0270,5","+0250,5","99999,9",,,,,,,,"10060,5,99999,9","10,5","61,5","95,5",,"MET104METAR VIAG 220030Z VRB02KT 4000 -TSRABR SCT015 SCT020 FEW030CB BKN090 27/25 Q1006 TEMPO 29015G25KT 1500=","D01      0ADE735"
"42260099999","2023-09-23T09:20:00","4","27.155831","77.960892","167.94","AGRA, IN","FM-15","99999","V020","060,1,N,0015,1","99999,9,9,N","006000,1,9,9","+0350,1","+0240,1","99999,9",,"04,1,+00762,1,99,9","02,1,+00914,1,09,1","04,1,+03048,1,99,9",,"9,AGL   ,+99999,+99999","99,99,9,04,1,99,9,00762,1,99,9,99,9","10060,1,99999,9","17,1",,,,"MET097METAR VIAG 230920Z 06003KT 6000 TS SCT025 FEW030CB SCT100 35/24 Q1006 TEMPO 29015G25KT 2000 TSRA=",
"42260099999","2023-09-23T18:00:00","4","27.155831","77.960892","167.94","AGRA, IN","FM-15","99999","V020","999,9,V,0005,1","02743,1,C,N","004000,1,9,9","+0270,1","+0250,1","99999,9",,"04,1,+00762,1,99,9","04,1,+02743,1,99,9","07,1,+06096,1,99,9",,"9,AGL   ,+99999,+99999","99,99,9,04,1,99,9,00762,1,99,9,99,9","10070,1,99999,9","10,1",,,,"MET074METAR VIAG 231800Z VRB01KT 4000 BR SCT025 SCT090 BKN200 27/25 Q1007 NOSIG=",
"42260099999","2023-09-27T00:00:00","4","27.155831","77.960892","167.94","AGRA, IN","FM-15","99999","V020","999,9,C,0000,1","22000,1,9,N","006000,1,9,9","+0270,1","+0250,1","99999,9",,,,,,,"00,99,1,99,9,99,9,99999,9,99,9,99,9","10080,1,99999,9",,,,,"MET054METAR VIAG 270000Z 00000KT 6000 SKC 27/25 Q1008 NOSIG=",
"42260099999","2023-09-27T01:00:00","4","27.155831","77.960892","167.94","AGRA, IN","FM-15","99999","V020","999,9,C,0000,1","99999,9,9,N","004000,1,9,9","+0270,1","+0250,1","99999,9",,"04,1,+07620,1,99,9",,,,"9,AGL   ,+99999,+99999","99,99,9,04,1,99,9,07620,1,99,9,99,9","10080,1,99999,9","10,1",,,,"MET065METAR VIAG 270100Z 00000KT 4000 BR SCT250 27/25 Q1008 TEMPO 3000=",
"42260099999","2023-09-27T02:00:00","4","27.155831","77.960892","167.94","AGRA, IN","FM-15","99999","V020","340,1,N,0015,1","99999,9,9,N","002500,1,9,9","+0290,1","+0240,1","99999,9",,"04,1,+07620,1,99,9",,,,"9,AGL   ,+99999,+99999","99,99,9,04,1,99,9,07620,1,99,9,99,9","10090,1,99999,9","10,1",,,,"MET065METAR VIAG 270200Z 34003KT 2500 BR SCT250 29/24 Q1009 BECMG 3000=",
"42260099999","2023-09-27T06:30:00","4","27.155831","77.960892","167.94","AGRA, IN","FM-15","99999","V020","250,1,N,0021,1","00914,1,C,N","006000,1,9,9","+0350,1","+0230,1","99999,9",,"02,1,+00762,1,99,9","04,1,+00914,1,99,9",,,"9,AGL   ,+99999,+99999","99,99,9,02,1,99,9,00762,1,99,9,99,9","10080,1,99999,9",,,,,"MET064METAR VIAG 270630Z 25004KT 6000 FEW025 SCT030 35/23 Q1008 NOSIG=",
"42260099999","2023-09-28T00:30:00","4","27.155831","77.960892","167.94","AGRA, IN","FM-15","99999","V020","999,9,C,0000,1","22000,1,9,N","004500,1,9,9","+0250,1","+0230,1","99999,9",,,,,,,"00,99,1,99,9,99,9,99999,9,99,9,99,9","10080,1,99999,9","10,1",,,,"MET062METAR VIAG 280030Z 00000KT 4500 BR SKC 25/23 Q1008 BECMG 4000=",
"42260099999","2023-09-28T02:00:00","4","27.155831","77.960892","167.94","AGRA, IN","FM-15","99999","V020","999,9,C,0000,1","22000,1,9,N","002800,1,9,9","+0270,1","+0240,1","99999,9",,,,,,,"00,99,1,99,9,99,9,99999,9,99,9,99,9","10080,1,99999,9","10,1",,,,"MET062METAR VIAG 280200Z 00000KT 2800 BR SKC 27/24 Q1008 BECMG 3000=",
"42260099999","2023-09-28T02:30:00","4","27.155831","77.960892","167.94","AGRA, IN","FM-15","99999","V020","999,9,V,0010,1","22000,1,9,N","003000,1,9,9","+0290,1","+0230,1","99999,9",,,,,,,"00,99,1,99,9,99,9,99999,9,99,9,99,9","10090,1,99999,9","05,1",,,,"MET057METAR VIAG 280230Z VRB02KT 3000 HZ SKC 29/23 Q1009 NOSIG=",
"42260099999","2023-09-28T03:00:00","4","27.155831","77.960892","167.94","AGRA, IN","FM-15","99999","V020","320,1,N,0015,1","22000,1,9,N","003500,1,9,9","+0300,1","+0230,1","99999,9",,,,,,,"00,99,1,99,9,99,9,99999,9,99,9,99,9","10090,1,99999,9","05,1",,,,"MET062METAR VIAG 280300Z 32003KT 3500 HZ SKC 30/23 Q1009 BECMG 5000=",
"42260099999","2023-09-29T00:00:00","4","27.155831","77.960892","167.94","AGRA, IN","FM-15","99999","V020","999,9,C,0000,1","99999,9,9,N","005000,1,9,9","+0230,1","+0200,1","99999,9",,"04,1,+07620,1,99,9",,,,"9,AGL   ,+99999,+99999","99,99,9,04,1,99,9,07620,1,99,9,99,9","10070,1,99999,9","10,1",,,,"MET060METAR VIAG 290000Z 00000KT 5000 BR SCT250 23/20 Q1007 NOSIG=",
"42260099999","2023-09-29T01:00:00","4","27.155831","77.960892","167.94","AGRA, IN","FM-15","99999","V020","999,9,C,0000,1","99999,9,9,N","004000,1,9,9","+0230,1","+0200,1","99999,9",,"04,1,+07620,1,99,9",,,,"9,AGL   ,+99999,+99999","99,99,9,04,1,99,9,07620,1,99,9,99,9","10070,1,99999,9","10,1",,,,"MET065METAR VIAG 290100Z 00000KT 4000 BR SCT250 23/20 Q1007 TEMPO 3000=",
"42260099999","2023-09-29T06:00:00","4","27.155831","77.960892","167.94","AGRA, IN","FM-15","99999","V020","270,1,N,0015,1","99999,9,9,N","006000,1,9,9","+0350,1","+0190,1","99999,9",,"02,1,+07620,1,99,9",,,,"9,AGL   ,+99999,+99999","99,99,9,02,1,99,9,07620,1,99,9,99,9","10090,1,99999,9",,,,,"MET057METAR VIAG 290600Z 27003KT 6000 FEW250 35/19 Q1009 NOSIG=",
"42260099999","2023-10-03T06:30:00","4","27.155831","77.960892","167.94","AGRA, IN","FM-15","99999","V020","310,1,N,0031,1","99999,9,9,N","008000,1,9,9","+0350,1","+0130,1","99999,9",,"04,1,+07620,1,99,9",,,,"9,AGL   ,+99999,+99999","99,99,9,04,1,99,9,07620,1,99,9,99,9","10090,1,99999,9",,,,,"MET057METAR VIAG 030630Z 31006KT 8000 SCT250 35/13 Q1009 NOSIG=",
"42260099999","2023-10-03T10:00:00","4","27.155831","77.960892","167.94","AGRA, IN","FM-15","99999","V020","300,1,N,0041,1","99999,9,9,N","006000,1,9,9","+0360,1","+0100,1","99999,9",,"02,1,+07620,1,99,9",,,,"9,AGL   ,+99999,+99999","99,99,9,02,1,99,9,07620,1,99,9,99,9","10060,1,99999,9",,,,"0093,1","MET060METAR VIAG 031000Z 30008G18KT 6000 FEW250 36/10 Q1006 NOSIG=",
"42260099999","2023-10-03T10:30:00","4","27.155831","77.960892","167.94","AGRA, IN","FM-15","99999","V020","330,1,N,0036,1","99999,9,9,N","006000,1,9,9","+0360,1","+0100,1","99999,9",,"02,1,+07620,1,99,9",,,,"9,AGL   ,+99999,+99999","99,99,9,02,1,99,9,07620,1,99,9,99,9","10050,1,99999,9",,,,"0088,1","MET060METAR VIAG 031030Z 33007G17KT 6000 FEW250 36/10 Q1005 NOSIG=",
"42260099999","2023-10-04T07:00:00","4","27.155831","77.960892","167.94","AGRA, IN","FM-15","99999","V020","300,1,N,0036,1","22000,1,9,N","006000,1,9,9","+0350,1","+0140,1","99999,9",,,,,,,"00,99,1,99,9,99,9,99999,9,99,9,99,9","10080,1,99999,9",,,,,"MET054METAR VIAG 040700Z 30007KT 6000 SKC 35/14 Q1008 NOSIG=",
"42260099999","2023-10-04T07:30:00","4","27.155831","77.960892","167.94","AGRA, IN","FM-15","99999","V020","320,1,N,0051,1","22000,1,9,N","006000,1,9,9","+0360,1","+0120,1","99999,9",,,,,,,"00,99,1,99,9,99,9,99999,9,99,9,99,9","10080,1,99999,9",,,,,"MET054METAR VIAG 040730Z 32010KT 6000 SKC 36/12 Q1008 NOSIG=",
"42260099999","2023-10-05T20:30:00","4","27.155831","77.960892","167.94","AGRA, IN","FM-15","99999","V020","999,9,C,0000,1","22000,1,9,N","005000,1,9,9","+0210,1","+0170,1","99999,9",,,,,,,"00,99,1,99,9,99,9,99999,9,99,9,99,9","10060,1,99999,9","10,1",,,,"MET057METAR VIAG 052030Z 00000KT 5000 BR SKC 21/17 Q1006 NOSIG=",
"42260099999","2023-10-06T01:30:00","4","27.155831","77.960892","167.94","AGRA, IN","FM-15","99999","V020","999,9,C,0000,1","22000,1,9,N","002500,1,9,9","+0210,1","+0170,1","99999,9",,,,,,,"00,99,1,99,9,99,9,99999,9,99,9,99,9","10070,1,99999,9","10,1",,,,"MET062METAR VIAG 060130Z 00000KT 2500 BR SKC 21/17 Q1007 TEMPO 2000=",
"42260099999","2023-10-06T02:00:00","4","27.155831","77.960892","167.94","AGRA, IN","FM-15","99999","V020","280,1,N,0005,1","22000,1,9,N","002200,1,9,9","+0230,1","+0170,1","99999,9",,,,,,,"00,99,1,99,9,99,9,99999,9,99,9,99,9","10080,1,99999,9","05,1",,,,"MET062METAR VIAG 060200Z 28001KT 2200 HZ SKC 23/17 Q1008 TEMPO 2000=",
"42260099999","2023-10-06T02:30:00","4","27.155831","77.960892","167.94","AGRA, IN","FM-15","99999","V020","999,9,V,0010,1","22000,1,9,N","002500,1,9,9","+0260,1","+0170,1","99999,9",,,,,,,"00,99,1,99,9,99,9,99999,9,99,9,99,9","10080,1,99999,9","05,1",,,,"MET062METAR VIAG 060230Z VRB02KT 2500 HZ SKC 26/17 Q1008 BECMG 3000=",
"42260099999","2023-10-06T04:30:00","4","27.155831","77.960892","167.94","AGRA, IN","FM-15","99999","V020","999,9,V,0010,1","22000,1,9,N","005000,1,9,9","+0330,1","+0160,1","99999,9",,,,,,,"00,99,1,99,9,99,9,99999,9,99,9,99,9","10090,1,99999,9","05,1",,,,"MET057METAR VIAG 060430Z VRB02KT 5000 HZ SKC 33/16 Q1009 NOSIG=",
"42260099999","2023-10-06T05:00:00","4","27.155831","77.960892","167.94","AGRA, IN","FM-15","99999","V020","999,9,V,0010,1","22000,1,9,N","006000,1,9,9","+0340,1","+0140,1","99999,9",,,,,,,"00,99,1,99,9,99,9,99999,9,99,9,99,9","10080,1,99999,9",,,,,"MET054METAR VIAG 060500Z VRB02KT 6000 SKC 34/14 Q1008 NOSIG=",
"42260099999","2023-10-06T06:30:00","4","27.155831","77.960892","167.94","AGRA, IN","FM-15","99999","V020","280,1,N,0026,1","22000,1,9,N","006000,1,9,9","+0360,1","+0130,1","99999,9",,,,,,,"00,99,1,99,9,99,9,99999,9,99,9,99,9","10070,1,99999,9",,,,,"MET054METAR VIAG 060630Z 28005KT 6000 SKC 36/13 Q1007 NOSIG=",
"42260099999","2023-10-06T08:00:00","4","27.155831","77.960892","167.94","AGRA, IN","FM-15","99999","V020","300,1,N,0026,1","22000,1,9,N","006000,1,9,9","+0380,1","+0140,1","99999,9",,,,,,,"00,99,1,99,9,99,9,99999,9,99,9,99,9","10050,1,99999,9",,,,,"MET054METAR VIAG 060800Z 30005KT 6000 SKC 38/14 Q1005 NOSIG=",
"42260099999","2023-10-07T01:00:00","4","27.155831","77.960892","167.94","AGRA, IN","FM-15","99999","V020","999,9,C,0000,1","22000,1,9,N","003500,1,9,9","+0220,1","+0190,1","99999,9",,,,,,,"00,99,1,99,9,99,9,99999,9,99,9,99,9","10080,1,99999,9","10,1",,,,"MET062METAR VIAG 070100Z 00000KT 3500 BR SKC 22/19 Q1008 TEMPO 3000=",
"42260099999","2023-10-07T01:30:00","4","27.155831","77.960892","167.94","AGRA, IN","FM-15","99999","V020","999,9,C,0000,1","22000,1,9,N","003000,1,9,9","+0230,1","+0190,1","99999,9",,,,,,,"00,99,1,99,9,99,9,99999,9,99,9,99,9","10080,1,99999,9","10,1",,,,"MET057METAR VIAG 070130Z 00000KT 3000 BR SKC 23/19 Q1008 NOSIG=",
"42260099999","2023-10-07T02:00:00","4","27.155831","77.960892","167.94","AGRA, IN","FM-15","99999","V020","020,1,N,0010,1","22000,1,9,N","003000,1,9,9","+0260,1","+0210,1","99999,9",,,,,,,"00,99,1,99,9,99,9,99999,9,99,9,99,9","10080,1,99999,9","10,1",,,,"MET057METAR VIAG 070200Z 02002KT 3000 BR SKC 26/21 Q1008 NOSIG=",
"42260099999","2023-10-07T02:30:00","4","27.155831","77.960892","167.94","AGRA, IN","FM-15","99999","V020","270,1,N,0010,1","22000,1,9,N","003000,1,9,9","+0280,1","+0200,1","99999,9",,,,,,,"00,99,1,99,9,99,9,99999,9,99,9,99,9","10090,1,99999,9","05,1",,,,"MET062METAR VIAG 070230Z 27002KT 3000 HZ SKC 28/20 Q1009 BECMG 5000=",
"42260099999","2023-10-07T03:00:00","4","27.155831","77.960892","167.94","AGRA, IN","FM-15","99999","V020","270,1,N,0021,1","22000,1,9,N","003500,1,9,9","+0290,1","+0200,1","99999,9",,,,,,,"00,99,1,99,9,99,9,99999,9,99,9,99,9","10090,1,99999,9","05,1",,,,"MET062METAR VIAG 070300Z 27004KT 3500 HZ SKC 29/20 Q1009 BECMG 5000=",
"42260099999","2023-10-07T06:00:00","4","27.155831","77.960892","167.94","AGRA, IN","FM-15","99999","V020","340,1,N,0041,1","22000,1,9,N","006000,1,9,9","+0360,1","+0180,1","99999,9",,,,,,,"00,99,1,99,9,99,9,99999,9,99,9,99,9","10090,1,99999,9",,,,,"MET054METAR VIAG 070600Z 34008KT 6000 SKC 36/18 Q1009 NOSIG=",
"42260099999","2023-10-08T15:30:00","4","27.155831","77.960892","167.94","AGRA, IN","FM-15","99999","V020","999,9,V,0005,1","22000,1,9,N","006000,1,9,9","+0290,1","+0220,1","99999,9",,,,,,,"00,99,1,99,9,99,9,99999,9,99,9,99,9","10080,1,99999,9",,,,,"MET054METAR VIAG 081530Z VRB01KT 6000 SKC 29/22 Q1008 NOSIG=",
"42260099999","2023-10-09T00:00:00","4","27.155831","77.960892","167.94","AGRA, IN","FM-15","99999","V020","290,1,N,0021,1","22000,1,9,N","006000,1,9,9","+0260,1","+0190,1","99999,9",,,,,,,"00,99,1,99,9,99,9,99999,9,99,9,99,9","10090,1,99999,9",,,,,"MET054METAR VIAG 090000Z 29004KT 6000 SKC 26/19 Q1009 NOSIG=",
"42260099999","2023-10-09T00:30:00","4","27.155831","77.960892","167.94","AGRA, IN","FM-15","99999","V020","280,1,N,0015,1","22000,1,9,N","006000,1,9,9","+0260,1","+0190,1","99999,9",,,,,,,"00,99,1,99,9,99,9,99999,9,99,9,99,9","10090,1,99999,9",,,,,"MET054METAR VIAG 090030Z 28003KT 6000 SKC 26/19 Q1009 NOSIG=",
"42260099999","2023-10-09T01:00:00","4","27.155831","77.960892","167.94","AGRA, IN","FM-15","99999","V020","290,1,N,0015,1","22000,1,9,N","006000,1,9,9","+0260,1","+0190,1","99999,9",,,,,,,"00,99,1,99,9,99,9,99999,9,99,9,99,9","10090,1,99999,9",,,,,"MET054METAR VIAG 090100Z 29003KT 6000 SKC 26/19 Q1009 NOSIG=",
"42260099999","2023-10-10T18:00:00","4","27.155831","77.960892","167.94","AGRA, IN","FM-15","99999","V020","999,9,V,0010,1","02743,1,C,N","006000,1,9,9","+0290,1","+0210,1","99999,9",,"02,1,+00762,1,99,9","04,1,+02743,1,99,9",,,"9,AGL   ,+99999,+99999","99,99,9,02,1,99,9,00762,1,99,9,99,9","10090,1,99999,9",,,,,"MET064METAR VIAG 101800Z VRB02KT 6000 FEW025 SCT090 29/21 Q1009 NOSIG=",
"42260099999","2023-10-11T00:30:00","4","27.155831","77.960892","167.94","AGRA, IN","FM-15","99999","V020","999,9,V,0005,1","07620,1,C,N","005000,1,9,9","+0250,1","+0210,1","99999,9",,"02,1,+00914,1,99,9","04,1,+07620,1,99,9",,,"9,AGL   ,+99999,+99999","99,99,9,02,1,99,9,00914,1,99,9,99,9","10100,1,99999,9","10,1",,,,"MET067METAR VIAG 110030Z VRB01KT 5000 BR FEW030 SCT250 25/21 Q1010 NOSIG=",
"42260099999","2023-10-11T01:00:00","4","27.155831","77.960892","167.94","AGRA, IN","FM-15","99999","V020","330,1,N,0015,1","07620,1,C,N","004000,1,9,9","+0260,1","+0200,1","99999,9",,"02,1,+00914,1,99,9","04,1,+07620,1,99,9",,,"9,AGL   ,+99999,+99999","99,99,9,02,1,99,9,00914,1,99,9,99,9","10100,1,99999,9","05,1",,,,"MET072METAR VIAG 110100Z 33003KT 4000 HZ FEW030 SCT250 26/20 Q1010 TEMPO 3000=",
"42260099999","2023-10-11T06:30:00","4","27.155831","77.960892","167.94","AGRA, IN","FM-15","99999","V020","300,1,N,0031,1","22000,1,9,N","006000,1,9,9","+0360,1","+0170,1","99999,9",,,,,,,"00,99,1,99,9,99,9,99999,9,99,9,99,9","10120,1,99999,9",,,,,"MET054METAR VIAG 110630Z 30006KT 6000 SKC 36/17 Q1012 NOSIG=",
"42260099999","2023-10-15T02:00:00","4","27.155831","77.960892","167.94","AGRA, IN","FM-15","99999","V020","230,1,N,0021,1","03048,1,C,N","004000,1,9,9","+0250,1","+0200,1","99999,9",,"07,1,+03048,1,99,9",,,,"9,AGL   ,+99999,+99999","99,99,9,07,1,99,9,03048,1,99,9,99,9","10110,1,99999,9","10,1",,,,"MET065METAR VIAG 150200Z 23004KT 4000 BR BKN100 25/20 Q1011 TEMPO 3000=",
"42260099999","2023-10-15T02:30:00","4","27.155831","77.960892","167.94","AGRA, IN","FM-15","99999","V020","999,9,V,0015,1","03048,1,C,N","003000,1,9,9","+0270,1","+0200,1","99999,9",,"07,1,+03048,1,99,9",,,,"9,AGL   ,+99999,+99999","99,99,9,07,1,99,9,03048,1,99,9,99,9","10110,1,99999,9","05,1",,,,"MET060METAR VIAG 150230Z VRB03KT 3000 HZ BKN100 27/20 Q1011 NOSIG=",
"42260099999","2023-10-15T03:00:00","4","27.155831","77.960892","167.94","AGRA, IN","FM-15","99999","V020","999,9,V,0015,1","03048,1,C,N","003000,1,9,9","+0290,1","+0200,1","99999,9",,"07,1,+03048,1,99,9",,,,"9,AGL   ,+99999,+99999","99,99,9,07,1,99,9,03048,1,99,9,99,9","10110,1,99999,9","05,1",,,,"MET060METAR VIAG 150300Z VRB03KT 3000 HZ BKN100 29/20 Q1011 NOSIG=",
"42260099999","2023-10-16T11:50:00","4","27.155831","77.960892","167.94","AGRA, IN","FM-15","99999","V020","020,1,N,0082,1","07620,1,9,N","003000,1,9,9","+0300,1","+0190,1","99999,9",,"04,1,+00762,1,99,9","02,1,+00914,1,08,1","04,1,+03048,1,99,9","07,1,+07620,1,99,9","9,AGL   ,+99999,+99999","99,99,9,04,1,99,9,00762,1,99,9,99,9","10090,1,99999,9","06,1",,,"0134,1","MET105METAR VIAG 161150Z 02016G26KT 3000 DU SCT025 FEW030TCU SCT100 BKN250 30/19 Q1009 TEMPO 02025KT 1500 TSRA=",
"42260099999","2023-10-16T12:50:00","4","27.155831","77.960892","167.94","AGRA, IN","FM-15","99999","V020","360,1,N,0103,1","99999,9,9,N","002000,1,9,9","+0210,5","+0180,5","99999,9","05,U,9999,9",,,,,,,"10130,5,99999,9","10,5","96,5",,"0154,1","MET114METAR VIAG 161250Z 36020G30KT 2000 R05/P2000 -TSGRBR SCT020 FEW030CB BKN090 BKN250 21/18 Q1013 TEMPO 36025KT 1500=","D01      0ADE735"
"42260099999","2023-10-16T14:00:00","4","27.155831","77.960892","167.94","AGRA, IN","FM-15","99999","V020","040,1,N,0077,1","99999,9,9,N","005000,1,9,9","+0230,5","+0180,5","99999,9",,,,,,,,"10120,5,99999,9","10,5","61,5","95,5",,"MET104METAR VIAG 161400Z 04015KT 5000 -TSRABR SCT015 SCT025 FEW030CB BKN090 23/18 Q1012 TEMPO 02025KT 3000 GR=","D01      0ADE735"
"42260099999","2023-10-16T14:30:00","4","27.155831","77.960892","167.94","AGRA, IN","FM-15","99999","V020","050,1,N,0051,1","02743,1,9,N","006000,1,9,9","+0220,1","+0170,1","99999,9",,"04,1,+00549,1,99,9","02,1,+00914,1,09,1","07,1,+02743,1,99,9",,"9,AGL   ,+99999,+99999","99,99,9,04,1,99,9,00549,1,99,9,99,9","10130,1,99999,9","17,1",,,"0103,1","MET097METAR VIAG 161430Z 05010G20KT 6000 TS SCT018 FEW030CB BKN090 22/17 Q1013 TEMPO 05025KT 3000 TSRA=",
"42260099999","2023-10-17T00:00:00","4","27.155831","77.960892","167.94","AGRA, IN","FM-15","99999","V020","999,9,V,0010,1","02743,1,9,N","006000,1,9,9","+0200,1","+0160,1","99999,9",,"02,1,+00610,1,99,9","02,1,+00914,1,09,1","07,1,+02743,1,99,9",,"9,AGL   ,+99999,+99999","99,99,9,02,1,99,9,00610,1,99,9,99,9","10140,1,99999,9",,,,,"MET078METAR VIAG 170000Z VRB02KT 6000 FEW020 FEW030CB BKN090 20/16 Q1014 TEMPO TSRA=",
"42260099999","2023-10-21T01:00:00","4","27.155831","77.960892","167.94","AGRA, IN","FM-15","99999","V020","999,9,C,0000,1","22000,1,9,N","002000,1,9,9","+0190,1","+0180,1","99999,9","05,U,9999,9",,,,,,"00,99,1,99,9,99,9,99999,9,99,9,99,9","10160,1,99999,9","10,1",,,,"MET072METAR VIAG 210100Z 00000KT 2000 R05/P2000 BR SKC 19/18 Q1016 TEMPO 1500=",
"42260099999","2023-10-21T01:30:00","4","27.155831","77.960892","167.94","AGRA, IN","FM-15","99999","V020","999,9,C,0000,1","22000,1,9,N","001800,1,9,9","+0200,1","+0180,1","99999,9","05,U,9999,9",,,,,,"00,99,1,99,9,99,9,99999,9,99,9,99,9","10160,1,99999,9","10,1",,,,"MET072METAR VIAG 210130Z 00000KT 1800 R05/P2000 BR SKC 20/18 Q1016 TEMPO 1500=",
"42260099999","2023-10-21T02:00:00","4","27.155831","77.960892","167.94","AGRA, IN","FM-15","99999","V020","999,9,V,0005,1","22000,1,9,N","001800,1,9,9","+0220,1","+0180,1","99999,9",,,,,,,"00,99,1,99,9,99,9,99999,9,99,9,99,9","10170,1,99999,9","10,1",,,,"MET062METAR VIAG 210200Z VRB01KT 1800 BR SKC 22/18 Q1017 BECMG 3000=",
"42260099999","2023-10-21T03:00:00","4","27.155831","77.960892","167.94","AGRA, IN","FM-15","99999","V020","999,9,V,0005,1","22000,1,9,N","002200,1,9,9","+0260,1","+0180,1","99999,9",,,,,,,"00,99,1,99,9,99,9,99999,9,99,9,99,9","10180,1,99999,9","05,1",,,,"MET062METAR VIAG 210300Z VRB01KT 2200 HZ SKC 26/18 Q1018 BECMG 3000=",
"42260099999","2023-10-21T03:30:00","4","27.155831","77.960892","167.94","AGRA, IN","FM-15","99999","V020","999,9,V,0005,1","22000,1,9,N","002500,1,9,9","+0270,1","+0170,1","99999,9",,,,,,,"00,99,1,99,9,99,9,99999,9,99,9,99,9","10180,1,99999,9","05,1",,,,"MET062METAR VIAG 210330Z VRB01KT 2500 HZ SKC 27/17 Q1018 BECMG 3000=",
"42260099999","2023-10-21T04:00:00","4","27.155831","77.960892","167.94","AGRA, IN","FM-15","99999","V020","999,9,V,0010,1","22000,1,9,N","002500,1,9,9","+0290,1","+0170,1","99999,9",,,,,,,"00,99,1,99,9,99,9,99999,9,99,9,99,9","10180,1,99999,9","05,1",,,,"MET062METAR VIAG 210400Z VRB02KT 2500 HZ SKC 29/17 Q1018 BECMG 3000=",
"42260099999","2023-10-21T05:00:00","4","27.155831","77.960892","167.94","AGRA, IN","FM-15","99999","V020","999,9,V,0010,1","22000,1,9,N","003500,1,9,9","+0310,1","+0170,1","99999,9",,,,,,,"00,99,1,99,9,99,9,99999,9,99,9,99,9","10180,1,99999,9","05,1",,,,"MET062METAR VIAG 210500Z VRB02KT 3500 HZ SKC 31/17 Q1018 BECMG 5000=",
"42260099999","2023-10-21T06:00:00","4","27.155831","77.960892","167.94","AGRA, IN","FM-15","99999","V020","999,9,V,0010,1","22000,1,9,N","004500,1,9,9","+0320,1","+0160,1","99999,9",,,,,,,"00,99,1,99,9,99,9,99999,9,99,9,99,9","10170,1,99999,9","05,1",,,,"MET062METAR VIAG 210600Z VRB02KT 4500 HZ SKC 32/16 Q1017 BECMG 5000=",
"42260099999","2023-10-22T02:00:00","4","27.155831","77.960892","167.94","AGRA, IN","FM-15","99999","V020","999,9,C,0000,1","22000,1,9,N","002500,1,9,9","+0210,1","+0170,1","99999,9",,,,,,,"00,99,1,99,9,99,9,99999,9,99,9,99,9","10170,1,99999,9","10,1",,,,"MET057METAR VIAG 220200Z 00000KT 2500 BR SKC 21/17 Q1017 NOSIG=",
"42260099999","2023-10-22T02:30:00","4","27.155831","77.960892","167.94","AGRA, IN","FM-15","99999","V020","999,9,V,0010,1","22000,1,9,N","002000,1,9,9","+0230,1","+0180,1","99999,9","05,U,9999,9",,,,,,"00,99,1,99,9,99,9,99999,9,99,9,99,9","10180,1,99999,9","05,1",,,,"MET072METAR VIAG 220230Z VRB02KT 2000 R05/P2000 HZ SKC 23/18 Q1018 TEMPO 1500=",
"42260099999","2023-10-22T03:30:00","4","27.155831","77.960892","167.94","AGRA, IN","FM-15","99999","V020","350,1,N,0015,1","22000,1,9,N","001800,1,9,9","+0270,1","+0160,1","99999,9","05,U,9999,9",,,,,,"00,99,1,99,9,99,9,99999,9,99,9,99,9","10180,1,99999,9","05,1",,,,"MET067METAR VIAG 220330Z 35003KT 1800 R05/P2000 HZ SKC 27/16 Q1018 NOSIG=",
"42260099999","2023-10-22T05:30:00","4","27.155831","77.960892","167.94","AGRA, IN","FM-15","99999","V020","340,1,N,0021,1","22000,1,9,N","004000,1,9,9","+0310,1","+0130,1","99999,9",,,,,,,"00,99,1,99,9,99,9,99999,9,99,9,99,9","10180,1,99999,9","05,1",,,,"MET062METAR VIAG 220530Z 34004KT 4000 HZ SKC 31/13 Q1018 BECMG 5000=",
"42260099999","2023-10-22T06:00:00","4","27.155831","77.960892","167.94","AGRA, IN","FM-15","99999","V020","999,9,V,0010,1","22000,1,9,N","005000,1,9,9","+0320,1","+0140,1","99999,9",,,,,,,"00,99,1,99,9,99,9,99999,9,99,9,99,9","10170,1,99999,9","05,1",,,,"MET057METAR VIAG 220600Z VRB02KT 5000 HZ SKC 32/14 Q1017 NOSIG=",
"42260099999","2023-10-23T01:30:00","4","27.155831","77.960892","167.94","AGRA, IN","FM-15","99999","V020","999,9,V,0005,1","22000,1,9,N","002000,1,9,9","+0190,1","+0160,1","99999,9",,,,,,,"00,99,1,99,9,99,9,99999,9,99,9,99,9","10160,1,99999,9","10,1",,,,"MET062METAR VIAG 230130Z VRB01KT 2000 BR SKC 19/16 Q1016 TEMPO 1500=",
"42260099999","2023-10-23T02:00:00","4","27.155831","77.960892","167.94","AGRA, IN","FM-15","99999","V020","999,9,V,0010,1","22000,1,9,N","001500,1,9,9","+0210,1","+0170,1","99999,9","05,U,9999,9",,,,,,"00,99,1,99,9,99,9,99999,9,99,9,99,9","10160,1,99999,9","10,1",,,,"MET067METAR VIAG 230200Z VRB02KT 1500 R05/P2000 BR SKC 21/17 Q1016 NOSIG=",
"42260099999","2023-10-23T03:00:00","4","27.155831","77.960892","167.94","AGRA, IN","FM-15","99999","V020","999,9,V,0010,1","22000,1,9,N","001500,1,9,9","+0250,1","+0180,1","99999,9","05,U,9999,9",,,,,,"00,99,1,99,9,99,9,99999,9,99,9,99,9","10170,1,99999,9","05,1",,,,"MET067METAR VIAG 230300Z VRB02KT 1500 R05/P2000 HZ SKC 25/18 Q1017 NOSIG=",
"42260099999","2023-10-23T03:30:00","4","27.155831","77.960892","167.94","AGRA, IN","FM-15","99999","V020","350,1,N,0021,1","22000,1,9,N","001800,1,9,9","+0260,1","+0160,1","99999,9","05,U,9999,9",,,,,,"00,99,1,99,9,99,9,99999,9,99,9,99,9","10170,1,99999,9","05,1",,,,"MET072METAR VIAG 230330Z 35004KT 1800 R05/P2000 HZ SKC 26/16 Q1017 BECMG 3000=",
"42260099999","2023-10-24T01:00:00","4","27.155831","77.960892","167.94","AGRA, IN","FM-15","99999","V020","999,9,V,0005,1","22000,1,9,N","001500,1,9,9","+0180,1","+0160,1","99999,9","05,U,9999,9",,,,,,"00,99,1,99,9,99,9,99999,9,99,9,99,9","10140,1,99999,9","10,1",,,,"MET067METAR VIAG 240100Z VRB01KT 1500 R05/P2000 BR SKC 18/16 Q1014 NOSIG=",
"42260099999","2023-10-25T08:20:00","4","27.155831","77.960892","167.94","AGRA, IN","FM-15","99999","V020","320,1,N,0026,1","22000,1,9,N","005000,1,9,9","+0320,1","+0130,1","99999,9",,,,,,,"00,99,1,99,9,99,9,99999,9,99,9,99,9","10140,1,99999,9","04,1",,,,"MET057METAR VIAG 250820Z 32005KT 5000 FU SKC 32/13 Q1014 NOSIG=",
"42260099999","2023-10-25T08:30:00","4","27.155831","77.960892","167.94","AGRA, IN","FM-15","99999","V020","310,1,N,0026,1","22000,1,9,N","006000,1,9,9","+0330,1","+0130,1","99999,9",,,,,,,"00,99,1,99,9,99,9,99999,9,99,9,99,9","10140,1,99999,9",,,,,"MET054METAR VIAG 250830Z 31005KT 6000 SKC 33/13 Q1014 NOSIG=",
"42260099999","2023-10-25T09:00:00","4","27.155831","77.960892","167.94","AGRA, IN","FM-15","99999","V020","320,1,N,0031,1","22000,1,9,N","006000,1,9,9","+0330,1","+0130,1","99999,9",,,,,,,"00,99,1,99,9,99,9,99999,9,99,9,99,9","10140,1,99999,9",,,,,"MET054METAR VIAG 250900Z 32006KT 6000 SKC 33/13 Q1014 NOSIG=",
"42260099999","2023-11-10T15:30:00","4","27.155831","77.960892","167.94","AGRA, IN","FM-15","99999","V020","290,1,N,0072,1","99999,9,9,N","004000,1,9,9","+0220,5","+0190,5","99999,9",,,,,,,,"10190,5,99999,9","10,5","61,5","95,5",,"MET097METAR VIAG 101530Z 29014KT 4000 -TSRABR SCT020 FEW030CB BKN100 22/19 Q1019 TEMPO 27015G25KT 3000=","D01      0ADE735"
"42260099999","2023-11-11T01:00:00","4","27.155831","77.960892","167.94","AGRA, IN","FM-15","99999","V020","300,1,N,0026,1","99999,9,9,N","000900,1,9,9","+0180,1","+0180,1","99999,9","05,U,9999,9","02,1,+00610,1,99,9",,,,"9,AGL   ,+99999,+99999","99,99,9,02,1,99,9,00610,1,99,9,99,9","10170,1,99999,9","44,1",,,,"MET074METAR VIAG 110100Z 30005KT 0900 R05/1800 FG FEW020 18/18 Q1017 BECMG 0800=",
"42260099999","2023-11-14T06:00:00","4","27.155831","77.960892","167.94","AGRA, IN","FM-15","99999","V020","999,9,V,0010,1","99999,9,9,N","001500,1,9,9","+0270,1","+0140,1","99999,9","05,U,9999,9","04,1,+07620,1,99,9",,,,"9,AGL   ,+99999,+99999","99,99,9,04,1,99,9,07620,1,99,9,99,9","10190,1,99999,9","04,1",,,,"MET070METAR VIAG 140600Z VRB02KT 1500 R05/P2000 FU SCT250 27/14 Q1019 NOSIG=",
"42260099999","2023-11-14T06:30:00","4","27.155831","77.960892","167.94","AGRA, IN","FM-15","99999","V020","999,9,V,0015,1","99999,9,9,N","001500,1,9,9","+0270,1","+0140,1","99999,9","05,U,9999,9","04,1,+07620,1,99,9",,,,"9,AGL   ,+99999,+99999","99,99,9,04,1,99,9,07620,1,99,9,99,9","10190,1,99999,9","04,1",,,,"MET070METAR VIAG 140630Z VRB03KT 1500 R05/P2000 FU SCT250 27/14 Q1019 NOSIG=",
"42260099999","2023-11-15T03:30:00","4","27.155831","77.960892","167.94","AGRA, IN","FM-15","99999","V020","999,9,V,0010,1","99999,9,9,N","000600,1,9,9","+0190,1","+0150,1","99999,9","05,U,9999,9","02,1,+07620,1,99,9",,,,"9,AGL   ,+99999,+99999","99,99,9,02,1,99,9,07620,1,99,9,99,9","10190,1,99999,9","44,1",,,,"MET075METAR VIAG 150330Z VRB02KT 0600 R05/P2000 FG FEW250 19/15 Q1019 BECMG 0800=",
"42260099999","2023-11-22T01:00:00","4","27.155831","77.960892","167.94","AGRA, IN","FM-15","99999","V020","999,9,C,0000,1","22000,1,9,N","000600,1,9,9","+0130,1","+0120,1","99999,9","05,U,9999,9",,,,,,"00,99,1,99,9,99,9,99999,9,99,9,99,9","10150,1,99999,9","44,1",,,,"MET071METAR VIAG 220100Z 00000KT 0600 R05/1800 FG SKC 13/12 Q1015 TEMPO 0350=",
"42260099999","2023-11-22T02:30:00","4","27.155831","77.960892","167.94","AGRA, IN","FM-15","99999","V020","999,9,V,0005,1","22000,1,9,N","000700,1,9,9","+0150,1","+0130,1","99999,9","05,U,9999,9",,,,,,"00,99,1,99,9,99,9,99999,9,99,9,99,9","10160,1,99999,9","44,1",,,,"MET071METAR VIAG 220230Z VRB01KT 0700 R05/1900 FG SKC 15/13 Q1016 BECMG 0800=",
"42260099999","2023-11-22T03:00:00","4","27.155831","77.960892","167.94","AGRA, IN","FM-15","99999","V020","999,9,V,0010,1","22000,1,9,N","000700,1,9,9","+0170,1","+0140,1","99999,9","05,U,9999,9",,,,,,"00,99,1,99,9,99,9,99999,9,99,9,99,9","10160,1,99999,9","44,1",,,,"MET072METAR VIAG 220300Z VRB02KT 0700 R05/P2000 FG SKC 17/14 Q1016 BECMG 0800=",
"42260099999","2023-11-22T04:30:00","4","27.155831","77.960892","167.94","AGRA, IN","FM-15","99999","V020","280,1,N,0021,1","22000,1,9,N","001000,1,9,9","+0210,1","+0120,1","99999,9","05,U,9999,9",,,,,,"00,99,1,99,9,99,9,99999,9,99,9,99,9","10170,1,99999,9","04,1",,,,"MET067METAR VIAG 220430Z 28004KT 1000 R05/P2000 FU SKC 21/12 Q1017 NOSIG=",
"42260099999","2023-11-22T05:30:00","4","27.155831","77.960892","167.94","AGRA, IN","FM-15","99999","V020","280,1,N,0015,1","22000,1,9,N","001200,1,9,9","+0240,1","+0120,1","99999,9","05,U,9999,9",,,,,,"00,99,1,99,9,99,9,99999,9,99,9,99,9","10160,1,99999,9","05,1",,,,"MET072METAR VIAG 220530Z 28003KT 1200 R05/P2000 HZ SKC 24/12 Q1016 BECMG 1500=",
"42260099999","2023-11-23T01:00:00","4","27.155831","77.960892","167.94","AGRA, IN","FM-15","99999","V020","999,9,C,0000,1","22000,1,9,N","000500,1,9,9","+0110,1","+0100,1","99999,9","05,U,9999,9",,,,,,"00,99,1,99,9,99,9,99999,9,99,9,99,9","10150,1,99999,9","44,1",,,,"MET071METAR VIAG 230100Z 00000KT 0500 R05/0950 FG SKC 11/10 Q1015 TEMPO 0350=",
"42260099999","2023-11-23T02:00:00","4","27.155831","77.960892","167.94","AGRA, IN","FM-15","99999","V020","999,9,V,0005,1","22000,1,9,N","000350,1,9,9","+0120,1","+0110,1","99999,9","05,U,9999,9",,,,,,"00,99,1,99,9,99,9,99999,9,99,9,99,9","10150,1,99999,9","44,1",,,,"MET066METAR VIAG 230200Z VRB01KT 0350 R05/1100 FG SKC 12/11 Q1015 NOSIG=",
"42260099999","2023-11-23T03:00:00","4","27.155831","77.960892","167.94","AGRA, IN","FM-15","99999","V020","999,9,C,0000,1","22000,1,9,N","000500,1,9,9","+0160,1","+0130,1","99999,9","05,U,9999,9",,,,,,"00,99,1,99,9,99,9,99999,9,99,9,99,9","10160,1,99999,9","44,1",,,,"MET071METAR VIAG 230300Z 00000KT 0500 R05/1100 FG SKC 16/13 Q1016 BECMG 0600=",
"42260099999","2023-11-23T04:00:00","4","27.155831","77.960892","167.94","AGRA, IN","FM-15","99999","V020","999,9,V,0010,1","22000,1,9,N","000800,1,9,9","+0220,1","+0130,1","99999,9","05,U,9999,9",,,,,,"00,99,1,99,9,99,9,99999,9,99,9,99,9","10170,1,99999,9","04,1",,,,"MET066METAR VIAG 230400Z VRB02KT 0800 R05/1200 FU SKC 22/13 Q1017 NOSIG=",
"42260099999","2023-11-23T05:00:00","4","27.155831","77.960892","167.94","AGRA, IN","FM-15","99999","V020","999,9,V,0010,1","22000,1,9,N","000800,1,9,9","+0240,1","+0120,1","99999,9","05,U,9999,9",,,,,,"00,99,1,99,9,99,9,99999,9,99,9,99,9","10160,1,99999,9","04,1",,,,"MET066METAR VIAG 230500Z VRB02KT 0800 R05/1200 FU SKC 24/12 Q1016 NOSIG=",
"42260099999","2023-11-23T06:00:00","4","27.155831","77.960892","167.94","AGRA, IN","FM-15","99999","V020","140,1,N,0015,1","22000,1,9,N","001000,1,9,9","+0260,1","+0120,1","99999,9","05,U,9999,9",,,,,,"00,99,1,99,9,99,9,99999,9,99,9,99,9","10160,1,99999,9","05,1",,,,"MET066METAR VIAG 230600Z 14003KT 1000 R05/1100 HZ SKC 26/12 Q1016 NOSIG=",
"42260099999","2023-11-28T04:30:00","4","27.155831","77.960892","167.94","AGRA, IN","FM-15","99999","V020","080,1,N,0021,1","03048,1,C,N","001800,1,9,9","+0210,1","+0160,1","99999,9","05,U,9999,9","02,1,+00914,1,99,9","04,1,+03048,1,99,9",,,"9,AGL   ,+99999,+99999","99,99,9,02,1,99,9,00914,1,99,9,99,9","10170,1,99999,9","05,1",,,,"MET076METAR VIAG 280430Z 08004KT 1800 R05/1200 HZ FEW030 SCT100 21/16 Q1017 NOSIG=",
"42260099999","2023-11-28T07:00:00","4","27.155831","77.960892","167.94","AGRA, IN","FM-15","99999","V020","080,1,N,0021,1","02743,1,9,N","001200,1,9,9","+0230,1","+0160,1","99999,9","05,U,9999,9","02,1,+00914,1,99,9","07,1,+02743,1,99,9",,,"9,AGL   ,+99999,+99999","99,99,9,02,1,99,9,00914,1,99,9,99,9","10150,1,99999,9","05,1",,,,"MET076METAR VIAG 280700Z 08004KT 1200 R05/1100 HZ FEW030 BKN090 23/16 Q1015 NOSIG=",
"42260099999","2023-11-28T07:30:00","4","27.155831","77.960892","167.94","AGRA, IN","FM-15","99999","V020","030,1,N,0015,1","02743,1,9,N","001200,1,9,9","+0240,1","+0160,1","99999,9","05,U,9999,9","02,1,+00914,1,99,9","07,1,+02743,1,99,9",,,"9,AGL   ,+99999,+99999","99,99,9,02,1,99,9,00914,1,99,9,99,9","10140,1,99999,9","05,1",,,,"MET076METAR VIAG 280730Z 03003KT 1200 R05/1000 HZ FEW030 BKN090 24/16 Q1014 NOSIG=",
"42260099999","2023-11-28T08:00:00","4","27.155831","77.960892","167.94","AGRA, IN","FM-15","99999","V020","070,1,N,0015,1","02743,1,9,N","001500,1,9,9","+0250,1","+0160,1","99999,9",,"02,1,+00914,1,99,9","07,1,+02743,1,99,9",,,"9,AGL   ,+99999,+99999","99,99,9,02,1,99,9,00914,1,99,9,99,9","10140,1,99999,9","05,1",,,,"MET067METAR VIAG 280800Z 07003KT 1500 HZ FEW030 BKN090 25/16 Q1014 NOSIG=",
"42260099999","2023-11-29T09:00:00","4","27.155831","77.960892","167.94","AGRA, IN","FM-15","99999","V020","999,9,V,0010,1","03048,1,C,N","002200,1,9,9","+0270,1","+0160,1","99999,9",,"04,1,+00914,1,99,9","04,1,+03048,1,99,9",,,"9,AGL   ,+99999,+99999","99,99,9,04,1,99,9,00914,1,99,9,99,9","10140,1,99999,9","05,1",,,,"MET067METAR VIAG 290900Z VRB02KT 2200 HZ SCT030 SCT100 27/16 Q1014 NOSIG=",
"42260099999","2023-12-03T00:00:00","4","27.155831","77.960892","167.94","AGRA, IN","FM-15","99999","V020","360,1,N,0021,1","07620,1,C,N","000800,1,9,9","+0180,1","+0140,1","99999,9","05,U,9999,9","02,1,+03048,1,99,9","04,1,+07620,1,99,9",,,"9,AGL   ,+99999,+99999","99,99,9,02,1,99,9,03048,1,99,9,99,9","10170,1,99999,9","44,1",,,,"MET077METAR VIAG 030000Z 36004KT 0800 R05/P2000 FG FEW100 SCT250 18/14 Q1017 NOSIG=",
"42260099999","2023-12-03T00:30:00","4","27.155831","77.960892","167.94","AGRA, IN","FM-15","99999","V020","020,1,N,0015,1","07620,1,C,N","000800,1,9,9","+0170,1","+0140,1","99999,9","05,U,9999,9","02,1,+02743,1,99,9","04,1,+07620,1,99,9",,,"9,AGL   ,+99999,+99999","99,99,9,02,1,99,9,02743,1,99,9,99,9","10170,1,99999,9","44,1",,,,"MET077METAR VIAG 030030Z 02003KT 0800 R05/P2000 FG FEW090 SCT250 17/14 Q1017 NOSIG=",
"42260099999","2023-12-03T01:00:00","4","27.155831","77.960892","167.94","AGRA, IN","FM-15","99999","V020","020,1,N,0021,1","07620,1,C,N","000800,1,9,9","+0180,1","+0140,1","99999,9","05,U,9999,9","02,1,+03048,1,99,9","04,1,+07620,1,99,9",,,"9,AGL   ,+99999,+99999","99,99,9,02,1,99,9,03048,1,99,9,99,9","10180,1,99999,9","44,1",,,,"MET077METAR VIAG 030100Z 02004KT 0800 R05/P2000 FG FEW100 SCT250 18/14 Q1018 NOSIG=",
"42260099999","2023-12-04T15:00:00","4","27.155831","77.960892","167.94","AGRA, IN","FM-15","99999","V020","999,9,C,0000,1","99999,9,9,N","001000,1,9,9","+0160,1","+0160,1","99999,9","05,U,9999,9","04,1,+07620,1,99,9",,,,"9,AGL   ,+99999,+99999","99,99,9,04,1,99,9,07620,1,99,9,99,9","10160,1,99999,9","10,1",,,,"MET078METAR VIAG 041500Z 00000KT 1000 R05/P2000 BR SCT250 16/16 Q1016 BECMG 0800 FG=",
"42260099999","2023-12-04T15:30:00","4","27.155831","77.960892","167.94","AGRA, IN","FM-15","99999","V020","999,9,V,0005,1","99999,9,9,N","000800,1,9,9","+0160,1","+0150,1","99999,9","05,U,9999,9","04,1,+07620,1,99,9",,,,"9,AGL   ,+99999,+99999","99,99,9,04,1,99,9,07620,1,99,9,99,9","10170,1,99999,9","44,1",,,,"MET069METAR VIAG 041530Z VRB01KT 0800 R05/1500 FG SCT250 16/15 Q1017 NOSIG=",
"42260099999","2023-12-04T18:00:00","4","27.155831","77.960892","167.94","AGRA, IN","FM-15","99999","V020","999,9,V,0005,1","99999,9,9,N","000600,1,9,9","+0150,1","+0140,1","99999,9","05,U,9999,9","02,1,+07620,1,99,9",,,,"9,AGL   ,+99999,+99999","99,99,9,02,1,99,9,07620,1,99,9,99,9","10160,1,99999,9","44,1",,,,"MET070METAR VIAG 041800Z VRB01KT 0600 R05/P2000 FG FEW250 15/14 Q1016 NOSIG=",
"42260099999","2023-12-07T08:30:00","4","27.155831","77.960892","167.94","AGRA, IN","FM-15","99999","V020","350,1,N,0021,1","02743,1,C,N","003000,1,9,9","+0250,1","+0120,1","99999,9",,"02,1,+00762,1,99,9","04,1,+02743,1,99,9",,,"9,AGL   ,+99999,+99999","99,99,9,02,1,99,9,00762,1,99,9,99,9","10140,1,99999,9","05,1",,,,"MET067METAR VIAG 070830Z 35004KT 3000 HZ FEW025 SCT090 25/12 Q1014 NOSIG=",
"42260099999","2023-12-07T09:30:00","4","27.155831","77.960892","167.94","AGRA, IN","FM-15","99999","V020","340,1,N,0026,1","02743,1,C,N","003000,1,9,9","+0250,1","+0130,1","99999,9",,"04,1,+00762,1,99,9","04,1,+02743,1,99,9",,,"9,AGL   ,+99999,+99999","99,99,9,04,1,99,9,00762,1,99,9,99,9","10140,1,99999,9","05,1",,,,"MET067METAR VIAG 070930Z 34005KT 3000 HZ SCT025 SCT090 25/13 Q1014 NOSIG=",
"42260099999","2023-12-07T10:00:00","4","27.155831","77.960892","167.94","AGRA, IN","FM-15","99999","V020","320,1,N,0021,1","02743,1,C,N","003000,1,9,9","+0240,1","+0130,1","99999,9",,"04,1,+00762,1,99,9","04,1,+02743,1,99,9",,,"9,AGL   ,+99999,+99999","99,99,9,04,1,99,9,00762,1,99,9,99,9","10140,1,99999,9","05,1",,,,"MET067METAR VIAG 071000Z 32004KT 3000 HZ SCT025 SCT090 24/13 Q1014 NOSIG=",
"42260099999","2023-12-07T11:30:00","4","27.155831","77.960892","167.94","AGRA, IN","FM-15","99999","V020","290,1,N,0015,1","02743,1,9,N","002800,1,9,9","+0230,1","+0140,1","99999,9",,"04,1,+00762,1,99,9","07,1,+02743,1,99,9",,,"9,AGL   ,+99999,+99999","99,99,9,04,1,99,9,00762,1,99,9,99,9","10140,1,99999,9","05,1",,,,"MET071METAR VIAG 071130Z 29003KT 2800 HZ SCT025 BKN090 23/14 Q1014 TEMPO -RA=",
"42260099999","2023-12-07T12:00:00","4","27.155831","77.960892","167.94","AGRA, IN","FM-15","99999","V020","999,9,C,0000,1","03048,1,C,N","002800,1,9,9","+0210,1","+0140,1","99999,9",,"02,1,+00762,1,99,9","04,1,+03048,1,99,9",,,"9,AGL   ,+99999,+99999","99,99,9,02,1,99,9,00762,1,99,9,99,9","10140,1,99999,9","05,1",,,,"MET067METAR VIAG 071200Z 00000KT 2800 HZ FEW025 SCT100 21/14 Q1014 NOSIG=",
"42260099999","2023-12-07T13:00:00","4","27.155831","77.960892","167.94","AGRA, IN","FM-15","99999","V020","999,9,V,0005,1","02743,1,C,N","002500,1,9,9","+0190,1","+0150,1","99999,9",,"02,1,+00762,1,99,9","04,1,+02743,1,99,9",,,"9,AGL   ,+99999,+99999","99,99,9,02,1,99,9,00762,1,99,9,99,9","10150,1,99999,9","10,1",,,,"MET067METAR VIAG 071300Z VRB01KT 2500 BR FEW025 SCT090 19/15 Q1015 NOSIG=",
"42260099999","2023-12-07T21:30:00","4","27.155831","77.960892","167.94","AGRA, IN","FM-15","99999","V020","999,9,C,0000,1","22000,1,9,N","000700,1,9,9","+0150,1","+0140,1","99999,9","05,U,9999,9",,,,,,"00,99,1,99,9,99,9,99999,9,99,9,99,9","10150,1,99999,9","44,1",,,,"MET066METAR VIAG 072130Z 00000KT 0700 R05/1300 FG SKC 15/14 Q1015 NOSIG=",
"42260099999","2023-12-08T00:30:00","4","27.155831","77.960892","167.94","AGRA, IN","FM-15","99999","V020","999,9,V,0010,1","99999,9,9,N","000700,1,9,9","+0140,1","+0140,1","99999,9","05,U,9999,9","04,1,+03048,1,99,9",,,,"9,AGL   ,+99999,+99999","99,99,9,04,1,99,9,03048,1,99,9,99,9","10150,1,99999,9","44,1",,,,"MET070METAR VIAG 080030Z VRB02KT 0700 R05/P2000 FG SCT100 14/14 Q1015 NOSIG=",
"42260099999","2023-12-08T01:00:00","4","27.155831","77.960892","167.94","AGRA, IN","FM-15","99999","V020","999,9,V,0010,1","99999,9,9,N","000700,1,9,9","+0140,1","+0140,1","99999,9","05,U,9999,9","04,1,+03048,1,99,9",,,,"9,AGL   ,+99999,+99999","99,99,9,04,1,99,9,03048,1,99,9,99,9","10150,1,99999,9","44,1",,,,"MET070METAR VIAG 080100Z VRB02KT 0700 R05/P2000 FG SCT100 14/14 Q1015 NOSIG=",
"42260099999","2023-12-08T01:30:00","4","27.155831","77.960892","167.94","AGRA, IN","FM-15","99999","V020","999,9,V,0010,1","02743,1,C,N","000500,1,9,9","+0150,1","+0140,1","99999,9","05,U,9999,9","07,1,+02743,1,99,9",,,,"9,AGL   ,+99999,+99999","99,99,9,07,1,99,9,02743,1,99,9,99,9","10160,1,99999,9","44,1",,,,"MET070METAR VIAG 080130Z VRB02KT 0500 R05/P2000 FG BKN090 15/14 Q1016 NOSIG=",
"42260099999","2023-12-08T02:00:00","4","27.155831","77.960892","167.94","AGRA, IN","FM-15","99999","V020","999,9,V,0005,1","02743,1,C,N","000500,1,9,9","+0150,1","+0130,1","99999,9","05,U,9999,9","07,1,+02743,1,99,9",,,,"9,AGL   ,+99999,+99999","99,99,9,07,1,99,9,02743,1,99,9,99,9","10160,1,99999,9","44,1",,,,"MET074METAR VIAG 080200Z VRB01KT 0500 R05/1500 FG BKN090 15/13 Q1016 BECMG 0600=",
"42260099999","2023-12-08T02:30:00","4","27.155831","77.960892","167.94","AGRA, IN","FM-15","99999","V020","999,9,V,0005,1","02743,1,C,N","000600,1,9,9","+0150,1","+0140,1","99999,9","05,U,9999,9","07,1,+02743,1,99,9",,,,"9,AGL   ,+99999,+99999","99,99,9,07,1,99,9,02743,1,99,9,99,9","10170,1,99999,9","44,1",,,,"MET074METAR VIAG 080230Z VRB01KT 0600 R05/1300 FG BKN090 15/14 Q1017 BECMG 0800=",
"42260099999","2023-12-08T05:00:00","4","27.155831","77.960892","167.94","AGRA, IN","FM-15","99999","V020","999,9,V,0005,1","99999,9,9,N","001300,1,9,9","+0210,1","+0140,1","99999,9","05,U,9999,9","02,1,+02743,1,99,9",,,,"9,AGL   ,+99999,+99999","99,99,9,02,1,99,9,02743,1,99,9,99,9","10180,1,99999,9","04,1",,,,"MET075METAR VIAG 080500Z VRB01KT 1300 R05/P2000 FU FEW090 21/14 Q1018 BECMG 1500=",
"42260099999","2023-12-08T06:00:00","4","27.155831","77.960892","167.94","AGRA, IN","FM-15","99999","V020","290,1,N,0015,1","99999,9,9,N","001500,1,9,9","+0230,1","+0130,1","99999,9","05,U,9999,9","04,1,+02743,1,99,9",,,,"9,AGL   ,+99999,+99999","99,99,9,04,1,99,9,02743,1,99,9,99,9","10170,1,99999,9","04,1",,,,"MET070METAR VIAG 080600Z 29003KT 1500 R05/P2000 FU SCT090 23/13 Q1017 NOSIG=",
"42260099999","2023-12-11T00:00:00","4","27.155831","77.960892","167.94","AGRA, IN","FM-15","99999","V020","999,9,C,0000,1","22000,1,9,N","001000,1,9,9","+0110,1","+0100,1","99999,9","05,U,9999,9",,,,,,"00,99,1,99,9,99,9,99999,9,99,9,99,9","10150,1,99999,9","10,1",,,,"MET066METAR VIAG 110000Z 00000KT 1000 R05/1600 BR SKC 11/10 Q1015 NOSIG=",
"42260099999","2023-12-11T00:30:00","4","27.155831","77.960892","167.94","AGRA, IN","FM-15","99999","V020","999,9,C,0000,1","22000,1,9,N","000900,1,9,9","+0110,1","+0100,1","99999,9","05,U,9999,9",,,,,,"00,99,1,99,9,99,9,99999,9,99,9,99,9","10150,1,99999,9","44,1",,,,"MET072METAR VIAG 110030Z 00000KT 0900 R05/P2000 FG SKC 11/10 Q1015 BECMG 0800=",
"42260099999","2023-12-14T05:00:00","4","27.155831","77.960892","167.94","AGRA, IN","FM-15","99999","V020","240,1,N,0015,1","07620,1,C,N","001500,1,9,9","+0190,1","+0130,1","99999,9","05,U,9999,9","07,1,+07620,1,99,9",,,,"9,AGL   ,+99999,+99999","99,99,9,07,1,99,9,07620,1,99,9,99,9","10200,1,99999,9","05,1",,,,"MET070METAR VIAG 140500Z 24003KT 1500 R05/P2000 HZ BKN250 19/13 Q1020 NOSIG=",
"42260099999","2023-12-14T06:30:00","4","27.155831","77.960892","167.94","AGRA, IN","FM-15","99999","V020","260,1,N,0026,1","07620,1,C,N","002700,1,9,9","+0220,1","+0140,1","99999,9",,"07,1,+07620,1,99,9",,,,"9,AGL   ,+99999,+99999","99,99,9,07,1,99,9,07620,1,99,9,99,9","10180,1,99999,9","05,1",,,,"MET065METAR VIAG 140630Z 26005KT 2700 HZ BKN250 22/14 Q1018 BECMG 3000=",
"42260099999","2023-12-14T07:00:00","4","27.155831","77.960892","167.94","AGRA, IN","FM-15","99999","V020","260,1,N,0031,1","07620,1,C,N","003000,1,9,9","+0240,1","+0140,1","99999,9",,"07,1,+07620,1,99,9",,,,"9,AGL   ,+99999,+99999","99,99,9,07,1,99,9,07620,1,99,9,99,9","10180,1,99999,9","05,1",,,,"MET065METAR VIAG 140700Z 26006KT 3000 HZ BKN250 24/14 Q1018 BECMG 5000=",
"42260099999","2023-12-14T07:30:00","4","27.155831","77.960892","167.94","AGRA, IN","FM-15","99999","V020","230,1,N,0031,1","07620,1,C,N","003500,1,9,9","+0250,1","+0130,1","99999,9",,"07,1,+07620,1,99,9",,,,"9,AGL   ,+99999,+99999","99,99,9,07,1,99,9,07620,1,99,9,99,9","10170,1,99999,9","05,1",,,,"MET065METAR VIAG 140730Z 23006KT 3500 HZ BKN250 25/13 Q1017 BECMG 5000=",
"42260099999","2023-12-14T10:30:00","4","27.155831","77.960892","167.94","AGRA, IN","FM-15","99999","V020","260,1,N,0031,1","99999,9,9,N","006000,1,9,9","+0250,1","+0110,1","99999,9",,"04,1,+07620,1,99,9",,,,"9,AGL   ,+99999,+99999","99,99,9,04,1,99,9,07620,1,99,9,99,9","10160,1,99999,9",,,,,"MET058METAR VIAG 141030Z 26006KT 6000 SCT250 25/11 Q1016 NOSIGH=",
"42260099999","2023-12-14T14:00:00","4","27.155831","77.960892","167.94","AGRA, IN","FM-15","99999","V020","999,9,V,0005,1","99999,9,9,N","004000,1,9,9","+0160,1","+0130,1","99999,9",,"04,1,+07620,1,99,9",,,,"9,AGL   ,+99999,+99999","99,99,9,04,1,99,9,07620,1,99,9,99,9","10170,1,99999,9","10,1",,,,"MET065METAR VIAG 141400Z VRB01KT 4000 BR SCT250 16/13 Q1017 BECMG 3000=",
"42260099999","2023-12-14T14:30:00","4","27.155831","77.960892","167.94","AGRA, IN","FM-15","99999","V020","999,9,V,0005,1","99999,9,9,N","004000,1,9,9","+0150,1","+0130,1","99999,9",,"04,1,+07620,1,99,9",,,,"9,AGL   ,+99999,+99999","99,99,9,04,1,99,9,07620,1,99,9,99,9","10180,1,99999,9","10,1",,,,"MET065METAR VIAG 141430Z VRB01KT 4000 BR SCT250 15/13 Q1018 BECMG 3000=",
"42260099999","2023-12-14T15:00:00","4","27.155831","77.960892","167.94","AGRA, IN","FM-15","99999","V020","999,9,V,0005,1","99999,9,9,N","003000,1,9,9","+0150,1","+0130,1","99999,9",,"04,1,+07620,1,99,9",,,,"9,AGL   ,+99999,+99999","99,99,9,04,1,99,9,07620,1,99,9,99,9","10180,1,99999,9","10,1",,,,"MET065METAR VIAG 141500Z VRB01KT 3000 BR SCT250 15/13 Q1018 BECMG 1500=",
"42260099999","2023-12-14T15:30:00","4","27.155831","77.960892","167.94","AGRA, IN","FM-15","99999","V020","999,9,V,0005,1","99999,9,9,N","002500,1,9,9","+0150,1","+0130,1","99999,9",,"04,1,+07620,1,99,9",,,,"9,AGL   ,+99999,+99999","99,99,9,04,1,99,9,07620,1,99,9,99,9","10180,1,99999,9","10,1",,,,"MET060METAR VIAG 141530Z VRB01KT 2500 BR SCT250 15/13 Q1018 NOSIG=",
"42260099999","2023-12-14T23:30:00","4","27.155831","77.960892","167.94","AGRA, IN","FM-15","99999","V020","999,9,V,0005,1","99999,9,9,N","000700,1,9,9","+0100,1","+0100,1","99999,9",,"02,1,+07620,1,99,9",,,,"9,AGL   ,+99999,+99999","99,99,9,02,1,99,9,07620,1,99,9,99,9","10180,1,99999,9","44,1",,,,"MET065METAR VIAG 142330Z VRB01KT 0700 FG FEW250 10/10 Q1018 BECMG 0600=",
"42260099999","2023-12-15T00:00:00","4","27.155831","77.960892","167.94","AGRA, IN","FM-15","99999","V020","999,9,C,0000,1","99999,9,9,N","000600,1,9,9","+0100,1","+0100,1","99999,9","05,U,9999,9","02,1,+07620,1,99,9",,,,"9,AGL   ,+99999,+99999","99,99,9,02,1,99,9,07620,1,99,9,99,9","10180,1,99999,9","44,1",,,,"MET069METAR VIAG 150000Z 00000KT 0600 R05/0450 FG FEW250 10/10 Q1018 NOSIG=",
"42260099999","2023-12-16T03:30:00","4","27.155831","77.960892","167.94","AGRA, IN","FM-15","99999","V020","999,9,V,0005,1","99999,9,9,N","000400,1,9,9","+0160,1","+0140,1","99999,9","05,U,9999,9","02,1,+06096,1,99,9",,,,"9,AGL   ,+99999,+99999","99,99,9,02,1,99,9,06096,1,99,9,99,9","10190,1,99999,9","44,1",,,,"MET069METAR VIAG 160330Z VRB01KT 0400 R05/1400 FG FEW200 16/14 Q1019 NOSIG=",
"42260099999","2023-12-17T02:00:00","4","27.155831","77.960892","167.94","AGRA, IN","FM-15","99999","V020","999,9,C,0000,1","22000,1,9,N","000400,1,9,9","+0100,1","+0100,1","99999,9","05,U,9999,9",,,,,,"00,99,1,99,9,99,9,99999,9,99,9,99,9","10190,1,99999,9","44,1",,,,"MET066METAR VIAG 170200Z 00000KT 0400 R05/0100 FG SKC 10/10 Q1019 NOSIG=",
"42260099999","2023-12-17T02:30:00","4","27.155831","77.960892","167.94","AGRA, IN","FM-15","99999","V020","999,9,C,0000,1","22000,1,9,N","000400,1,9,9","+0100,1","+0100,1","99999,9","05,U,9999,9",,,,,,"00,99,1,99,9,99,9,99999,9,99,9,99,9","10190,1,99999,9","44,1",,,,"MET066METAR VIAG 170230Z 00000KT 0400 R05/0750 FG SKC 10/10 Q1019 NOSIG=",
"42260099999","2023-12-17T03:00:00","4","27.155831","77.960892","167.94","AGRA, IN","FM-15","99999","V020","999,9,V,0005,1","22000,1,9,N","000400,1,9,9","+0130,1","+0120,1","99999,9","05,U,9999,9",,,,,,"00,99,1,99,9,99,9,99999,9,99,9,99,9","10190,1,99999,9","44,1",,,,"MET071METAR VIAG 170300Z VRB01KT 0400 R05/0600 FG SKC 13/12 Q1019 BECMG 0600=",
"42260099999","2023-12-17T03:30:00","4","27.155831","77.960892","167.94","AGRA, IN","FM-15","99999","V020","999,9,V,0010,1","22000,1,9,N","000400,1,9,9","+0140,1","+0130,1","99999,9","05,U,9999,9",,,,,,"00,99,1,99,9,99,9,99999,9,99,9,99,9","10200,1,99999,9","44,1",,,,"MET071METAR VIAG 170330Z VRB02KT 0400 R05/1100 FG SKC 14/13 Q1020 BECMG 0600=",
"42260099999","2023-12-17T06:00:00","4","27.155831","77.960892","167.94","AGRA, IN","FM-15","99999","V020","200,1,N,0021,1","22000,1,9,N","001800,1,9,9","+0220,1","+0140,1","99999,9","05,U,9999,9",,,,,,"00,99,1,99,9,99,9,99999,9,99,9,99,9","10190,1,99999,9","05,1",,,,"MET067METAR VIAG 170600Z 20004KT 1800 R05/P2000 HZ SKC 22/14 Q1019 NOSIG=",
"42260099999","2023-12-17T06:30:00","4","27.155831","77.960892","167.94","AGRA, IN","FM-15","99999","V020","230,1,N,0026,1","22000,1,9,N","002000,1,9,9","+0220,1","+0130,1","99999,9","05,U,9999,9",,,,,,"00,99,1,99,9,99,9,99999,9,99,9,99,9","10190,1,99999,9","05,1",,,,"MET067METAR VIAG 170630Z 23005KT 2000 R05/P2000 HZ SKC 22/13 Q1019 NOSIG=",
"42260099999","2023-12-19T15:00:00","4","27.155831","77.960892","167.94","AGRA, IN","FM-15","99999","V020","999,9,V,0005,1","99999,9,9,N","004000,1,9,9","+0130,1","+0090,1","99999,9",,"02,1,+07620,1,99,9",,,,"9,AGL   ,+99999,+99999","99,99,9,02,1,99,9,07620,1,99,9,99,9","10200,1,99999,9","10,1",,,,"MET065METAR VIAG 191500Z VRB01KT 4000 BR FEW250 13/09 Q1020 BECMG 3000=",
"42260099999","2023-12-19T20:30:00","4","27.155831","77.960892","167.94","AGRA, IN","FM-15","99999","V020","999,9,V,0005,1","99999,9,9,N","001800,1,9,9","+0100,5","+0080,5","99999,9",,,,,,,,"10200,5,99999,9","18,5",,,,"MET073METAR VIAG 192030Z VRB01KT 1800 R05/ P2000 SQ SKC 10/08 Q1020 BECMG 1500=","D01      0ADE735"
"42260099999","2023-12-19T21:30:00","4","27.155831","77.960892","167.94","AGRA, IN","FM-15","99999","V020","999,9,C,0000,1","22000,1,9,N","001800,1,9,9","+0090,1","+0080,1","99999,9","05,U,9999,9",,,,,,"00,99,1,99,9,99,9,99999,9,99,9,99,9","10200,1,99999,9","10,1",,,,"MET072METAR VIAG 192130Z 00000KT 1800 R05/P2000 BR SKC 09/08 Q1020 BECMG 1500=",
"42260099999","2023-12-19T23:30:00","4","27.155831","77.960892","167.94","AGRA, IN","FM-15","99999","V020","999,9,C,0000,1","99999,9,9,N","001500,1,9,9","+0080,5","+0070,5","99999,9",,,,,,,,"10200,5,99999,9","10,5",,,,"MET068METAR VIAG 192330Z 00000KT 1500 R05/ P2000 BR SKC 08/07 Q1020 NOSIG=","D01      0ADE735"
"42260099999","2023-12-20T00:00:00","4","27.155831","77.960892","167.94","AGRA, IN","FM-15","99999","V020","999,9,C,0000,1","99999,9,9,N","001500,1,9,9","+0070,5","+0060,5","99999,9",,,,,,,,"10200,5,99999,9","10,5",,,,"MET068METAR VIAG 200000Z 00000KT 1500 R05/ P2000 BR SKC 07/06 Q1020 NOSIG=","D01      0ADE735"
"42260099999","2023-12-21T02:30:00","4","27.155831","77.960892","167.94","AGRA, IN","FM-15","99999","V020","999,9,V,0005,1","07620,1,9,N","000900,1,9,9","+0110,1","+0090,1","99999,9","05,U,9999,9","04,1,+03048,1,99,9","07,1,+07620,1,99,9",,,"9,AGL   ,+99999,+99999","99,99,9,04,1,99,9,03048,1,99,9,99,9","10190,1,99999,9","44,1",,,,"MET081METAR VIAG 210230Z VRB01KT 0900 R05/1700 FG SCT100 BKN250 11/09 Q1019 BECMG 1500=",
"42260099999","2023-12-21T04:30:00","4","27.155831","77.960892","167.94","AGRA, IN","FM-15","99999","V020","280,1,N,0026,1","07620,1,9,N","001800,1,9,9","+0160,1","+0100,1","99999,9","05,U,9999,9","02,1,+03048,1,99,9","07,1,+07620,1,99,9",,,"9,AGL   ,+99999,+99999","99,99,9,02,1,99,9,03048,1,99,9,99,9","10200,1,99999,9","05,1",,,,"MET077METAR VIAG 210430Z 28005KT 1800 R05/P2000 HZ FEW100 BKN250 16/10 Q1020 NOSIG=",
"42260099999","2023-12-21T05:00:00","4","27.155831","77.960892","167.94","AGRA, IN","FM-15","99999","V020","290,1,N,0031,1","07620,1,9,N","002000,1,9,9","+0170,1","+0100,1","99999,9","05,U,9999,9","02,1,+03048,1,99,9","07,1,+07620,1,99,9",,,"9,AGL   ,+99999,+99999","99,99,9,02,1,99,9,03048,1,99,9,99,9","10200,1,99999,9","05,1",,,,"MET076METAR VIAG 210500Z 29006KT 2000 R05/1900 HZ FEW100 BKN250 17/10 Q1020 NOSIG=",
"42260099999","2023-12-21T06:00:00","4","27.155831","77.960892","167.94","AGRA, IN","FM-15","99999","V020","290,1,N,0026,1","07620,1,9,N","002000,1,9,9","+0190,1","+0110,1","99999,9","05,U,9999,9","02,1,+03048,1,99,9","07,1,+07620,1,99,9",,,"9,AGL   ,+99999,+99999","99,99,9,02,1,99,9,03048,1,99,9,99,9","10190,1,99999,9","05,1",,,,"MET076METAR VIAG 210600Z 29005KT 2000 R05/1700 HZ FEW100 BKN250 19/11 Q1019 NOSIG=",
"42260099999","2023-12-21T21:00:00","4","27.155831","77.960892","167.94","AGRA, IN","FM-15","99999","V020","999,9,C,0000,1","99999,9,9,N","000600,1,9,9","+0100,1","+0090,1","99999,9","05,U,9999,9","04,1,+07620,1,99,9",,,,"9,AGL   ,+99999,+99999","99,99,9,04,1,99,9,07620,1,99,9,99,9","10170,1,99999,9","44,1",,,,"MET070METAR VIAG 212100Z 00000KT 0600 R05/P2000 FG SCT250 10/09 Q1017 NOSIG=",
"42260099999","2023-12-21T21:30:00","4","27.155831","77.960892","167.94","AGRA, IN","FM-15","99999","V020","999,9,C,0000,1","99999,9,9,N","000600,1,9,9","+0100,1","+0090,1","99999,9","05,U,9999,9","04,1,+07620,1,99,9",,,,"9,AGL   ,+99999,+99999","99,99,9,04,1,99,9,07620,1,99,9,99,9","10170,1,99999,9","44,1",,,,"MET069METAR VIAG 212130Z 00000KT 0600 R05/0800 FG SCT250 10/09 Q1017 NOSIG=",
"42260099999","2023-12-22T00:30:00","4","27.155831","77.960892","167.94","AGRA, IN","FM-15","99999","V020","999,9,V,0010,1","99999,9,9,N","000500,1,9,9","+0090,1","+0080,1","99999,9","05,U,9999,9","04,1,+07620,1,99,9",,,,"9,AGL   ,+99999,+99999","99,99,9,04,1,99,9,07620,1,99,9,99,9","10170,1,99999,9","44,1",,,,"MET069METAR VIAG 220030Z VRB02KT 0500 R05/0500 FG SCT250 09/08 Q1017 NOSIG=",
"42260099999","2023-12-22T01:00:00","4","27.155831","77.960892","167.94","AGRA, IN","FM-15","99999","V020","999,9,V,0005,1","99999,9,9,N","000500,1,9,9","+0080,1","+0080,1","99999,9","05,U,9999,9","04,1,+07620,1,99,9",,,,"9,AGL   ,+99999,+99999","99,99,9,04,1,99,9,07620,1,99,9,99,9","10180,1,99999,9","44,1",,,,"MET070METAR VIAG 220100Z VRB01KT 0500 R05/P2000 FG SCT250 08/08 Q1018 NOSIG=",
"42260099999","2023-12-22T01:30:00","4","27.155831","77.960892","167.94","AGRA, IN","FM-15","99999","V020","999,9,V,0010,1","99999,9,9,N","000400,1,9,9","+0090,1","+0080,1","99999,9","05,U,9999,9","04,1,+07620,1,99,9",,,,"9,AGL   ,+99999,+99999","99,99,9,04,1,99,9,07620,1,99,9,99,9","10180,1,99999,9","44,1",,,,"MET069METAR VIAG 220130Z VRB02KT 0400 R05/1300 FG SCT250 09/08 Q1018 NOSIG=",
"42260099999","2023-12-22T02:00:00","4","27.155831","77.960892","167.94","AGRA, IN","FM-15","99999","V020","999,9,C,0000,1","07620,1,C,N","000300,1,9,9","+0090,1","+0090,1","99999,9","05,U,9999,9","07,1,+07620,1,99,9",,,,"9,AGL   ,+99999,+99999","99,99,9,07,1,99,9,07620,1,99,9,99,9","10180,1,99999,9","44,1",,,,"MET069METAR VIAG 220200Z 00000KT 0300 R05/0700 FG BKN250 09/09 Q1018 NOSIG=",
"42260099999","2023-12-22T02:30:00","4","27.155831","77.960892","167.94","AGRA, IN","FM-15","99999","V020","999,9,V,0005,1","07620,1,C,N","000300,1,9,9","+0100,1","+0100,1","99999,9","05,U,9999,9","07,1,+07620,1,99,9",,,,"9,AGL   ,+99999,+99999","99,99,9,07,1,99,9,07620,1,99,9,99,9","10190,1,99999,9","44,1",,,,"MET069METAR VIAG 220230Z VRB01KT 0300 R05/0900 FG BKN250 10/10 Q1019 NOSIG=",
"42260099999","2023-12-22T04:00:00","4","27.155831","77.960892","167.94","AGRA, IN","FM-15","99999","V020","999,9,C,0000,1","99999,9,9,N","000600,1,9,9","+0140,1","+0110,1","99999,9","05,U,9999,9","04,1,+07620,1,99,9",,,,"9,AGL   ,+99999,+99999","99,99,9,04,1,99,9,07620,1,99,9,99,9","10200,1,99999,9","44,1",,,,"MET074METAR VIAG 220400Z 00000KT 0600 R05/1000 FG SCT250 14/11 Q1020 BECMG 0800=",
"42260099999","2023-12-22T05:30:00","4","27.155831","77.960892","167.94","AGRA, IN","FM-15","99999","V020","999,9,V,0005,1","99999,9,9,N","000800,1,9,9","+0190,1","+0120,1","99999,9","05,U,9999,9","04,1,+07620,1,99,9",,,,"9,AGL   ,+99999,+99999","99,99,9,04,1,99,9,07620,1,99,9,99,9","10190,1,99999,9","05,1",,,,"MET069METAR VIAG 220530Z VRB01KT 0800 R05/1100 HZ SCT250 19/12 Q1019 NOSIG=",
"42260099999","2023-12-22T06:00:00","4","27.155831","77.960892","167.94","AGRA, IN","FM-15","99999","V020","020,1,N,0015,1","99999,9,9,N","000900,1,9,9","+0200,1","+0110,1","99999,9","05,U,9999,9","04,1,+07620,1,99,9",,,,"9,AGL   ,+99999,+99999","99,99,9,04,1,99,9,07620,1,99,9,99,9","10190,1,99999,9","05,1",,,,"MET069METAR VIAG 220600Z 02003KT 0900 R05/1300 HZ SCT250 20/11 Q1019 NOSIG=",
"42260099999","2023-12-24T01:30:00","4","27.155831","77.960892","167.94","AGRA, IN","FM-15","99999","V020","999,9,V,0005,1","99999,9,9,N","000100,1,9,9","+0090,5","+0090,5","99999,9","05,U,9999,9",,,,,,,"10210,5,99999,9","44,1",,,,"MET070METAR VIAG 240130Z VRB01KT 0100 R05/0150 FG SKY OBS 09/09 Q1021 NOSIG=","D01      0ADE693D02      0ADE539"
"42260099999","2023-12-24T02:00:00","4","27.155831","77.960892","167.94","AGRA, IN","FM-15","99999","V020","999,9,V,0010,1","99999,9,9,N","000000,1,9,9","+0090,5","+0090,5","99999,9","05,U,9999,9",,,,,,,"10220,5,99999,9","44,1",,,,"MET069METAR VIAG 240200Z VRB02KT 0000 R05/100 FG SKY OBS 09/09 Q1022 NOSIG=","D01      0ADE693D02      0ADE539"
"42260099999","2023-12-24T02:30:00","4","27.155831","77.960892","167.94","AGRA, IN","FM-15","99999","V020","999,9,V,0005,1","99999,9,9,N","000000,1,9,9","+0090,5","+0090,5","99999,9","05,U,9999,9",,,,,,,"10220,5,99999,9","44,1",,,,"MET070METAR VIAG 240230Z VRB01KT 0000 R05/0100 FG SKY OBS 09/09 Q1022 NOSIG=","D01      0ADE693D02      0ADE539"
"42260099999","2023-12-24T03:00:00","4","27.155831","77.960892","167.94","AGRA, IN","FM-15","99999","V020","999,9,V,0010,1","99999,9,9,N","000000,1,9,9","+0100,5","+0100,5","99999,9","05,U,9999,9",,,,,,,"10230,5,99999,9","44,1",,,,"MET075METAR VIAG 240300Z VRB02KT 0000 R05/0100 FG SKY OBS 10/10 Q1023 BECMG 0150=","D01      0ADE693D02      0ADE539"
"42260099999","2023-12-24T04:00:00","4","27.155831","77.960892","167.94","AGRA, IN","FM-15","99999","V020","999,9,V,0010,1","99999,9,9,N","000000,1,9,9","+0110,5","+0110,5","99999,9","05,U,9999,9",,,,,,,"10240,5,99999,9","44,1",,,,"MET075METAR VIAG 240400Z VRB02KT 0000 R05/0100 FG SKY OBS 11/11 Q1024 BECMG 0150=","D01      0ADE693D02      0ADE539"
"42260099999","2023-12-24T06:00:00","4","27.155831","77.960892","167.94","AGRA, IN","FM-15","99999","V020","999,9,V,0010,1","99999,9,9,N","000600,1,9,9","+0160,1","+0150,1","99999,9","05,U,9999,9","02,1,+03048,1,99,9",,,,"9,AGL   ,+99999,+99999","99,99,9,02,1,99,9,03048,1,99,9,99,9","10230,1,99999,9","44,1",,,,"MET074METAR VIAG 240600Z VRB02KT 0600 R05/1400 FG FEW100 16/15 Q1023 BECMG 0800=",
"42260099999","2023-12-27T02:00:00","4","27.155831","77.960892","167.94","AGRA, IN","FM-15","99999","V020","999,9,V,0005,1","99999,9,9,N","000000,1,9,9","+0090,5","+0090,5","99999,9","05,U,9999,9",,,,,,,"10210,5,99999,9","44,1",,,,"MET070METAR VIAG 270200Z VRB01KT 0000 R05/0100 FG SKY OBS 09/09 Q1021 NOSIG=","D01      0ADE693D02      0ADE539"
"42260099999","2023-12-27T10:00:00","4","27.155831","77.960892","167.94","AGRA, IN","FM-15","99999","V020","300,1,N,0021,1","99999,9,9,N","001200,1,9,9","+0220,1","+0130,1","99999,9","05,U,9999,9","02,1,+07620,1,99,9",,,,"9,AGL   ,+99999,+99999","99,99,9,02,1,99,9,07620,1,99,9,99,9","10190,1,99999,9","05,1",,,,"MET069METAR VIAG 271000Z 30004KT 1200 R05/1900 HZ FEW250 22/13 Q1019 NOSIG=",
"42260099999","2023-12-27T10:30:00","4","27.155831","77.960892","167.94","AGRA, IN","FM-15","99999","V020","280,1,N,0015,1","99999,9,9,N","001200,1,9,9","+0220,1","+0140,1","99999,9","05,U,9999,9","02,1,+07620,1,99,9",,,,"9,AGL   ,+99999,+99999","99,99,9,02,1,99,9,07620,1,99,9,99,9","10190,1,99999,9","05,1",,,,"MET070METAR VIAG 271030Z 28003KT 1200 R05/P2000 HZ FEW250 22/14 Q1019 NOSIG=",
"42260099999","2023-12-27T11:30:00","4","27.155831","77.960892","167.94","AGRA, IN","FM-15","99999","V020","290,1,N,0015,1","99999,9,9,N","001200,1,9,9","+0190,1","+0140,1","99999,9","05,U,9999,9","02,1,+07620,1,99,9",,,,"9,AGL   ,+99999,+99999","99,99,9,02,1,99,9,07620,1,99,9,99,9","10180,1,99999,9","05,1",,,,"MET070METAR VIAG 271130Z 29003KT 1200 R05/P2000 HZ FEW250 19/14 Q1018 NOSIG=",
"42260099999","2023-12-27T12:00:00","4","27.155831","77.960892","167.94","AGRA, IN","FM-15","99999","V020","290,1,N,0015,1","99999,9,9,N","001000,1,9,9","+0180,1","+0130,1","99999,9","05,U,9999,9","02,1,+07620,1,99,9",,,,"9,AGL   ,+99999,+99999","99,99,9,02,1,99,9,07620,1,99,9,99,9","10190,1,99999,9","10,1",,,,"MET075METAR VIAG 271200Z 29003KT 1000 R05/P2000 BR FEW250 18/13 Q1019 BECMG 0800=",
"42260099999","2023-12-27T14:00:00","4","27.155831","77.960892","167.94","AGRA, IN","FM-15","99999","V020","999,9,V,0010,1","99999,9,9,N","000400,1,9,9","+0150,1","+0130,1","99999,9","05,U,9999,9","02,1,+07620,1,99,9",,,,"9,AGL   ,+99999,+99999","99,99,9,02,1,99,9,07620,1,99,9,99,9","10190,1,99999,9","44,1",,,,"MET074METAR VIAG 271400Z VRB02KT 0400 R05/1800 FG FEW250 15/13 Q1019 BECMG 0350=",
"42260099999","2023-12-27T14:30:00","4","27.155831","77.960892","167.94","AGRA, IN","FM-15","99999","V020","999,9,V,0010,1","99999,9,9,N","000200,1,9,9","+0140,5","+0130,5","99999,9",,,,,,,,"10190,5,99999,9","45,5",,,,"MET072METAR VIAG 271430Z VRB02KT 0200 R05/ 0275 FG SKC 14/13 Q1019 BECMG 0150=","D01      0ADE693D02      0ADE539D03      0ADE735"
"42260099999","2023-12-27T15:00:00","4","27.155831","77.960892","167.94","AGRA, IN","FM-15","99999","V020","999,9,V,0010,1","99999,9,9,N","000000,1,9,9","+0140,5","+0140,5","99999,9",,,,,,,,"10190,5,99999,9","45,5",,,,"MET071METAR VIAG 271500Z VRB02KT 0000 R05/ 0150 FG SKY OBS 14/14 Q1019 NOSIG=","D01      0ADE693D02      0ADE539D03      0ADE735"
"42260099999","2023-12-27T17:30:00","4","27.155831","77.960892","167.94","AGRA, IN","FM-15","99999","V020","999,9,V,0010,1","99999,9,9,N","000000,1,9,9","+0130,5","+0130,5","99999,9",,,,,,,,"10200,5,99999,9","45,5",,,,"MET071METAR VIAG 271730Z VRB02KT 0000 R05/ 0175 FG SKY OBS 13/13 Q1020 NOSIG=","D01      0ADE693D02      0ADE539D03      0ADE735"
"42260099999","2023-12-27T18:00:00","4","27.155831","77.960892","167.94","AGRA, IN","FM-15","99999","V020","999,9,V,0005,1","99999,9,9,N","000000,1,9,9","+0130,5","+0130,5","99999,9",,,,,,,,"10190,5,99999,9","45,5",,,,"MET071METAR VIAG 271800Z VRB01KT 0000 R05/ 0150 FG SKY OBS 13/13 Q1019 NOSIG=","D01      0ADE693D02      0ADE539D03      0ADE735"
"42260099999","2023-12-27T19:30:00","4","27.155831","77.960892","167.94","AGRA, IN","FM-15","99999","V020","280,1,N,0015,1","99999,9,9,N","000000,1,9,9","+0130,5","+0130,5","99999,9",,,,,,,,"10190,5,99999,9","45,5",,,,"MET071METAR VIAG 271930Z 28003KT 0000 R05/ 0200 FG SKY OBS 13/13 Q1019 NOSIG=","D01      0ADE693D02      0ADE539D03      0ADE735"
"42260099999","2023-12-27T20:30:00","4","27.155831","77.960892","167.94","AGRA, IN","FM-15","99999","V020","330,1,N,0015,1","99999,9,9,N","000000,1,9,9","+0130,5","+0130,5","99999,9",,,,,,,,"10190,5,99999,9","45,5",,,,"MET071METAR VIAG 272030Z 33003KT 0000 R05/ 0175 FG SKY OBS 13/13 Q1019 NOSIG=","D01      0ADE693D02      0ADE539D03      0ADE735"
"42260099999","2023-12-27T22:30:00","4","27.155831","77.960892","167.94","AGRA, IN","FM-15","99999","V020","330,1,N,0021,1","99999,9,9,N","000000,1,9,9","+9999,9","+9999,9","99999,9","05,U,9999,9",,,,,,,"10180,5,99999,9","44,1",,,,"MET070METAR VIAG 272230Z 33004KT 0000 R05/0150 FG SKY OBS 12/14 Q1018 NOSIG=","D01      0ADE693"
"42260099999","2023-12-28T06:00:00","4","27.155831","77.960892","167.94","AGRA, IN","FM-15","99999","V020","999,9,V,0010,1","99999,9,9,N","000150,1,9,9","+0140,5","+0130,5","99999,9","05,U,9999,9",,,,,,,"10210,5,99999,9","44,1",,,,"MET075METAR VIAG 280600Z VRB02KT 0150 R05/0700 FG SKY OBS 14/13 Q1021 BECMG 0350=","D01      0ADE693D02      0ADE539"
"42260099999","2023-12-28T06:30:00","4","27.155831","77.960892","167.94","AGRA, IN","FM-15","99999","V020","999,9,V,0010,1","99999,9,9,N","000250,1,9,9","+0130,5","+0130,5","99999,9","05,U,9999,9",,,,,,,"10200,5,99999,9","44,1",,,,"MET075METAR VIAG 280630Z VRB02KT 0250 R05/1000 FG SKY OBS 13/13 Q1020 BECMG 0350=","D01      0ADE693D02      0ADE539"
"42260099999","2023-12-28T08:00:00","4","27.155831","77.960892","167.94","AGRA, IN","FM-15","99999","V020","999,9,V,0010,1","99999,9,9,N","000500,1,9,9","+0150,5","+0140,5","99999,9","05,U,9999,9",,,,,,,"10190,5,99999,9","44,1",,,,"MET075METAR VIAG 280800Z VRB02KT 0500 R05/1400 FG SKY OBS 15/14 Q1019 BECMG 0600=","D01      0ADE693D02      0ADE539"
"42260099999","2023-12-28T08:30:00","4","27.155831","77.960892","167.94","AGRA, IN","FM-15","99999","V020","999,9,V,0010,1","99999,9,9,N","000600,1,9,9","+0160,5","+0130,5","99999,9","05,U,9999,9",,,,,,,"10180,5,99999,9","44,1",,,,"MET075METAR VIAG 280830Z VRB02KT 0600 R05/1400 FG SKY OBS 16/13 Q1018 BECMG 0800=","D01      0ADE693D02      0ADE539"
"42260099999","2023-12-28T09:00:00","4","27.155831","77.960892","167.94","AGRA, IN","FM-15","99999","V020","999,9,V,0010,1","99999,9,9,N","000600,1,9,9","+0160,5","+0130,5","99999,9","05,U,9999,9",,,,,,,"10180,5,99999,9","44,1",,,,"MET070METAR VIAG 280900Z VRB02KT 0600 R05/1600 FG SKY OBS 16/13 Q1018 NOSIG=","D01      0ADE693D02      0ADE539"
"42260099999","2023-12-28T15:30:00","4","27.155831","77.960892","167.94","AGRA, IN","FM-15","99999","V020","010,1,N,0015,1","99999,9,9,N","000100,1,9,9","+0140,5","+0120,5","99999,9",,,,,,,,"10200,5,99999,9","45,5",,,,"MET075METAR VIAG 281530Z 01003KT 0100 RVR UNDER OBS FG SKY OBS 14/12 Q1020 NOSIG=","D01      0ADE693D02      0ADE539D03      0ADE735"
"42260099999","2023-12-28T21:00:00","4","27.155831","77.960892","167.94","AGRA, IN","FM-15","99999","V020","999,9,C,0000,1","99999,9,9,N","000000,1,9,9","+0130,5","+0110,5","99999,9",,,,,,,,"10190,5,99999,9","45,5",,,,"MET075METAR VIAG 282100Z 00000KT 0000 RVR UNDER OBS FG SKY OBS 13/11 Q1019 NOSIG=","D01      0ADE693D02      0ADE539D03      0ADE735"
"42260099999","2023-12-28T23:30:00","4","27.155831","77.960892","167.94","AGRA, IN","FM-15","99999","V020","999,9,V,0005,1","99999,9,9,N","000000,1,9,9","+0120,5","+0090,5","99999,9",,,,,,,,"10190,5,99999,9","45,5",,,,"MET075METAR VIAG 282330Z VRB01KT 0000 RVR UNDER OBS FG SKY OBS 12/09 Q1019 NOSIG=","D01      0ADE693D02      0ADE539D03      0ADE735"
"42260099999","2023-12-29T00:00:00","4","27.155831","77.960892","167.94","AGRA, IN","FM-15","99999","V020","999,9,V,0005,1","99999,9,9,N","000000,1,9,9","+0120,5","+0100,5","99999,9",,,,,,,,"10190,5,99999,9","45,5",,,,"MET075METAR VIAG 290000Z VRB01KT 0000 RVR UNDER OBS FG SKY OBS 12/10 Q1019 NOSIG=","D01      0ADE693D02      0ADE539D03      0ADE735"
"42260099999","2023-12-29T01:00:00","4","27.155831","77.960892","167.94","AGRA, IN","FM-15","99999","V020","999,9,V,0005,1","99999,9,9,N","000350,1,9,9","+0130,5","+0100,5","99999,9",,,,,,,,"10200,5,99999,9","45,5",,,,"MET075METAR VIAG 290100Z VRB01KT 0350 RVR UNDER OBS FG SKY OBS 13/10 Q1020 NOSIG=","D01      0ADE693D02      0ADE539D03      0ADE735"
"42260099999","2023-12-29T05:00:00","4","27.155831","77.960892","167.94","AGRA, IN","FM-15","99999","V020","080,1,N,0021,1","99999,9,9,N","000600,1,9,9","+0140,5","+0100,5","99999,9","05,U,9999,9",,,,,,,"10230,5,99999,9","44,1",,,,"MET071METAR VIAG 290500Z 08004KT 0600 R05/P2000 FG SKY OBS 14/10 Q1023 NOSIG=","D01      0ADE693D02      0ADE539"
"42260099999","2023-12-29T08:30:00","4","27.155831","77.960892","167.94","AGRA, IN","FM-15","99999","V020","230,1,N,0015,1","99999,9,9,N","000900,1,9,9","+0170,5","+0110,5","99999,9",,,,,,,,"10190,5,99999,9",,,,,"MET067METAR VIAG 290830Z 23003KT 0900 R05/ 1300 HZ SKC 17/11 Q1019 NOSIG=","D01      0ADE693D02      0ADE539"
"42260099999","2023-12-30T04:00:00","4","27.155831","77.960892","167.94","AGRA, IN","FM-15","99999","V020","999,9,V,0010,1","99999,9,9,N","000800,1,9,9","+0130,5","+0090,5","99999,9",,,,,,,,"10210,5,99999,9",,,,,"MET078METAR VIAG 300400Z VRB02KT 0800 R05/ P2000 FG SCT100 BKN250 13/09 Q1021 NOSIG=","D01      0ADE693D02      0ADE539"
"42260099999","2023-12-30T04:30:00","4","27.155831","77.960892","167.94","AGRA, IN","FM-15","99999","V020","999,9,V,0010,1","99999,9,9,N","000800,1,9,9","+0140,5","+0090,5","99999,9",,,,,,,,"10210,5,99999,9",,,,,"MET078METAR VIAG 300430Z VRB02KT 0800 R05/ P2000 FG SCT100 BKN250 14/09 Q1021 NOSIG=","D01      0ADE693D02      0ADE539"
"42260099999","2023-12-30T05:00:00","4","27.155831","77.960892","167.94","AGRA, IN","FM-15","99999","V020","999,9,V,0010,1","03048,1,C,N","001000,1,9,9","+0140,1","+0090,1","99999,9",,"02,1,+00914,1,99,9","04,1,+03048,1,99,9","07,1,+07620,1,99,9",,"9,AGL   ,+99999,+99999","99,99,9,02,1,99,9,00914,1,99,9,99,9","10210,1,99999,9","05,1",,,,"MET074METAR VIAG 300500Z VRB02KT 1000 HZ FEW030 SCT100 BKN250 14/09 Q1021 NOSIG=",
"42260099999","2023-12-30T06:00:00","4","27.155831","77.960892","167.94","AGRA, IN","FM-15","99999","V020","999,9,V,0010,1","03048,1,C,N","001200,1,9,9","+0150,1","+0100,1","99999,9",,"02,1,+00914,1,99,9","04,1,+03048,1,99,9","07,1,+07620,1,99,9",,"9,AGL   ,+99999,+99999","99,99,9,02,1,99,9,00914,1,99,9,99,9","10210,1,99999,9","05,1",,,,"MET079METAR VIAG 300600Z VRB02KT 1200 HZ FEW030 SCT100 BKN250 15/10 Q1021 BECMG 1500=",
"42260099999","2023-12-31T12:30:00","4","27.155831","77.960892","167.94","AGRA, IN","FM-15","99999","V020","999,9,V,0005,1","99999,9,9,N","001500,1,9,9","+0140,5","+0100,5","99999,9",,,,,,,,"10170,5,99999,9",,,,,"MET071METAR VIAG 311230Z VRB01KT 1500 R05/ P2000 BR FEW250 14/10 Q1017 NOSIG=","D01      0ADE693D02      0ADE539"
