"STATION","DATE","SOURCE","LATITUDE","LONGITUDE","ELEVATION","NAME","REPORT_TYPE","CALL_SIGN","QUALITY_CONTROL","WND","CIG","VIS","TMP","DEW","SLP","AA1","AY1","AY2","AZ1","AZ2","ED1","GA1","GA2","GA3","GE1","GF1","KA1","MA1","MD1","MW1","REM","EQD"
"42260099999","2025-01-01T18:00:00","4","27.155831","77.960892","167.94","AGRA, IN","FM-12","99999","V020","999,9,C,0000,1","22000,1,9,N","000500,1,9,9","+0090,1","+0090,1","10195,1",,"4,1,02,1","4,1,02,1",,,,"99,9,+99999,9,00,1",,,"9,AGL   ,+99999,+99999","02,99,1,00,1,99,9,99999,9,99,9,99,9",,,"9,9,999,9,-020,1","44,1","SYN05842260 31993 20000 10090 20090 40195 74444 80001 333 59020=","Q01    003SCCGA1"
"42260099999","2025-01-02T03:00:00","4","27.155831","77.960892","167.94","AGRA, IN","FM-12","99999","V020","999,9,V,0005,1","00030,1,W,N","000049,1,9,9","+0088,1","+0088,1","10192,1",,"4,1,02,1","4,1,02,1",,,,"09,1,+99999,9,99,9",,,"9,AGL   ,+99999,+99999","09,99,1,09,1,99,9,99999,9,99,9,99,9","240,N,+0073,1",,"9,9,999,9,-012,1","45,1","SYN07442260 31990 99901 10088 20088 40192 74544 89/// 333 20073 59012 555 10000=",
"42260099999","2025-01-02T18:00:00","4","27.155831","77.960892","167.94","AGRA, IN","FM-12","99999","V020","999,9,V,0005,1","22000,1,9,N","000200,1,9,9","+0095,1","+0095,1","10187,1",,"4,1,02,1","1,1,02,1",,,,"99,9,+99999,9,00,1",,,"9,AGL   ,+99999,+99999","03,99,1,00,1,99,9,99999,9,99,9,99,9",,,"9,9,999,9,-007,1","46,1","SYN05842260 31992 39901 10095 20095 40187 74641 80001 333 59007=","Q01    003SCCGA1"
"42260099999","2025-01-03T00:00:00","4","27.155831","77.960892","167.94","AGRA, IN","FM-12","99999","V020","999,9,V,0005,1","00030,1,W,N","000049,1,9,9","+0096,1","+0096,1","10180,1",,"4,1,02,1","4,1,02,1",,,,"09,1,+99999,9,99,9",,,"9,AGL   ,+99999,+99999","09,99,1,09,1,99,9,99999,9,99,9,99,9",,,"9,9,999,9,+001,1","45,1","SYN05842260 31990 99901 10096 20096 40180 74544 89/// 333 58001=",
"42260099999","2025-01-03T03:00:00","4","27.155831","77.960892","167.94","AGRA, IN","FM-12","99999","V020","999,9,V,0005,1","00030,1,W,N","000049,1,9,9","+0095,1","+0095,1","10202,1",,"4,1,02,1","4,1,02,1",,,,"09,1,+99999,9,99,9",,,"9,AGL   ,+99999,+99999","09,99,1,09,1,99,9,99999,9,99,9,99,9","240,N,+0061,1",,"9,9,999,9,+018,1","45,1","SYN07442260 31990 99901 10095 20095 40202 74544 89/// 333 20061 58018 555 10000=",
"42260099999","2025-01-03T03:00:00","4","27.155831","77.960892","167.94","AGRA, IN","FM-15","99999","V020","999,9,V,0005,1","99999,9,9,N","000000,1,9,9","+0100,1","+0100,1","99999,9",,,,,,"05,U,9999,9",,,,,"09,99,1,99,9,99,9,99999,9,99,9,99,9",,"10200,1,99999,9",,"44,1","MET068METAR VIAG 030300Z VRB01KT 0000 R05/0075 FG VV/// 10/10 Q1020 NOSIG=",
"42260099999","2025-01-03T04:30:00","4","27.155831","77.960892","167.94","AGRA, IN","FM-15","99999","V020","999,9,V,0010,1","99999,9,9,N","000000,1,9,9","+0100,1","+0100,1","99999,9",,,,,,"05,U,9999,9",,,,,"09,99,1,99,9,99,9,99999,9,99,9,99,9",,"10210,1,99999,9",,"44,1","MET068METAR VIAG 030430Z VRB02KT 0000 R05/0100 FG VV/// 10/10 Q1021 NOSIG=",
"42260099999","2025-01-03T05:00:00","4","27.155831","77.960892","167.94","AGRA, IN","FM-15","99999","V020","999,9,V,0005,1","99999,9,9,N","000000,1,9,9","+0110,1","+0110,1","99999,9",,,,,,"05,U,9999,9",,,,,"09,99,1,99,9,99,9,99999,9,99,9,99,9",,"10210,1,99999,9",,"44,1","MET068METAR VIAG 030500Z VRB01KT 0000 R05/0125 FG VV/// 11/11 Q1021 NOSIG=",
"42260099999","2025-01-03T05:30:00","4","27.155831","77.960892","167.94","AGRA, IN","FM-15","99999","V020","999,9,V,0010,1","99999,9,9,N","000000,1,9,9","+0110,1","+0110,1","99999,9",,,,,,"05,U,9999,9",,,,,"09,99,1,99,9,99,9,99999,9,99,9,99,9",,"10210,1,99999,9",,"44,1","MET068METAR VIAG 030530Z VRB02KT 0000 R05/0300 FG VV/// 11/11 Q1021 NOSIG=",
"42260099999","2025-01-04T12:00:00","4","27.155831","77.960892","167.94","AGRA, IN","FM-12","99999","V020","999,9,V,0010,1","00120,1,W,N","000500,1,9,9","+0145,1","+0145,1","10152,1",,"4,1,02,1","4,1,02,1",,,,"00,1,+99999,9,99,9",,,"9,AGL   ,+99999,+99999","09,99,1,00,1,99,9,99999,9,99,9,99,9",,,"9,9,999,9,-017,1","45,1","SYN06442260 31993 99902 10145 20145 40152 74544 80000 333 10170 59017=",
"42260099999","2025-01-05T03:00:00","4","27.155831","77.960892","167.94","AGRA, IN","FM-12","99999","V020","999,9,V,0010,1","00060,1,W,N","000200,1,9,9","+0111,1","+0111,1","10180,1",,"4,1,02,1","4,1,02,1",,,,"00,1,+99999,9,99,9",,,"9,AGL   ,+99999,+99999","09,99,1,00,1,99,9,99999,9,99,9,99,9","240,N,+0086,1",,"9,9,999,9,-002,1","45,1","SYN07442260 31992 99902 10111 20111 40180 74544 80000 333 20086 59002 555 10000=",
"42260099999","2025-01-06T04:30:00","4","27.155831","77.960892","167.94","AGRA, IN","FM-15","99999","V020","290,1,N,0015,1","99999,9,9,N","001000,1,9,9","+0120,1","+0120,1","99999,9",,,,,,"05,U,9999,9",,,,,"09,99,1,99,9,99,9,99999,9,99,9,99,9",,"10200,1,99999,9",,"10,1","MET069METAR VIAG 060430Z 29003KT 1000 R05/P2000 BR VV/// 12/12 Q1020 NOSIG=",
"42260099999","2025-01-06T10:00:00","4","27.155831","77.960892","167.94","AGRA, IN","FM-15","99999","V020","340,1,N,0031,1","00610,1,9,N","001500,1,9,9","+0150,1","+0150,1","99999,9",,,,,,"05,U,9999,9","04,1,+00457,1,99,9","07,1,+00610,1,99,9",,"9,AGL   ,+99999,+99999","99,99,9,04,1,99,9,00457,1,99,9,99,9",,"10160,1,99999,9",,"10,1","MET077METAR VIAG 061000Z 34006KT 1500 R05/P2000 BR SCT015 BKN020 15/15 Q1016 NOSIG=",
"42260099999","2025-01-06T10:30:00","4","27.155831","77.960892","167.94","AGRA, IN","FM-15","99999","V020","330,1,N,0026,1","00610,1,9,N","001500,1,9,9","+0150,1","+0150,1","99999,9",,,,,,"05,U,9999,9","04,1,+00457,1,99,9","07,1,+00610,1,99,9",,"9,AGL   ,+99999,+99999","99,99,9,04,1,99,9,00457,1,99,9,99,9",,"10160,1,99999,9",,"10,1","MET077METAR VIAG 061030Z 33005KT 1500 R05/P2000 BR SCT015 BKN020 15/15 Q1016 NOSIG=",
"42260099999","2025-01-07T00:00:00","4","27.155831","77.960892","167.94","AGRA, IN","FM-12","99999","V020","290,1,N,0036,1","00120,1,W,N","000500,1,9,9","+0118,1","+0118,1","10181,1",,"4,1,02,1","4,1,02,1",,,,"09,1,+99999,9,99,9",,,"9,AGL   ,+99999,+99999","09,99,1,09,1,99,9,99999,9,99,9,99,9",,,"9,9,999,9,+019,1","45,1","SYN05842260 31993 92907 10118 20118 40181 74544 89/// 333 58019=",
"42260099999","2025-01-09T09:00:00","4","27.155831","77.960892","167.94","AGRA, IN","FM-12","99999","V020","360,1,N,0015,1","99999,9,9,N","004000,1,9,9","+0228,1","+0103,1","10172,1",,"0,1,02,1","0,1,02,1",,,,,,,,,,,"9,9,999,9,+023,1","05,1","SYN05242260 31996 03603 10228 20103 40172 70500 333 58023=",
"42260099999","2025-01-09T18:00:00","4","27.155831","77.960892","167.94","AGRA, IN","FM-12","99999","V020","999,9,V,0010,1","99999,9,9,N","000500,1,9,9","+0114,1","+0114,1","10199,1",,"4,1,02,1","4,1,02,1",,,,,,,,,,,"9,9,999,9,+025,1","46,1","SYN05242260 31993 09902 10114 20114 40199 74644 333 58025=",
"42260099999","2025-01-10T03:00:00","4","27.155831","77.960892","167.94","AGRA, IN","FM-12","99999","V020","999,9,V,0010,1","00030,1,W,N","000050,1,9,9","+0097,1","+0097,1","10226,1",,"4,1,02,1","4,1,02,1",,,,"00,1,+99999,9,99,9",,,"9,AGL   ,+99999,+99999","09,99,1,00,1,99,9,99999,9,99,9,99,9","240,N,+0094,1",,"9,9,999,9,+029,1","45,1","SYN07442260 31991 99902 10097 20097 40226 74544 80000 333 20094 58029 555 10000=",
"42260099999","2025-01-10T06:00:00","4","27.155831","77.960892","167.94","AGRA, IN","FM-12","99999","V020","999,9,V,0010,1","00120,1,W,N","000500,1,9,9","+0126,1","+0126,1","10231,1",,"4,1,02,1","4,1,02,1",,,,"00,1,+99999,9,99,9",,,"9,AGL   ,+99999,+99999","09,99,1,00,1,99,9,99999,9,99,9,99,9",,,"9,9,999,9,+026,1","43,1","SYN05842260 31993 99902 10126 20126 40231 74344 80000 333 58026=",
"42260099999","2025-01-10T12:00:00","4","27.155831","77.960892","167.94","AGRA, IN","FM-12","99999","V020","050,1,N,0015,1","99999,9,9,N","000500,1,9,9","+0141,1","+0141,1","10184,1",,"4,1,02,1","4,1,02,1",,,,,,,,,"240,M,+0171,1",,"9,9,999,9,+009,1","46,1","SYN05842260 31993 00503 10141 20141 40184 74644 333 10171 58009=",
"42260099999","2025-01-11T00:00:00","4","27.155831","77.960892","167.94","AGRA, IN","FM-12","99999","V020","999,9,V,0010,1","00030,1,W,N","000049,1,9,9","+0113,1","+0113,1","10192,1",,"4,1,02,1","4,1,02,1",,,,"09,1,+99999,9,99,9",,,"9,AGL   ,+99999,+99999","09,99,1,09,1,99,9,99999,9,99,9,99,9",,,"9,9,999,9,-012,1","45,1","SYN05842260 31990 99902 10113 20113 40192 74544 89/// 333 59012=",
"42260099999","2025-01-11T12:00:00","4","27.155831","77.960892","167.94","AGRA, IN","FM-12","99999","V020","070,1,N,0015,1","99999,9,9,N","001000,1,9,9","+0181,1","+0146,1","10150,1",,"1,1,02,1","1,1,02,1",,,,"06,1,+99999,9,03,1",,,"9,AGL   ,+99999,+99999","06,99,1,06,1,99,9,99999,9,99,9,99,9",,,"9,9,999,9,-030,1","10,1","SYN06442260 31994 60703 10181 20146 40150 71011 86030 333 10201 59030=",
"42260099999","2025-01-11T15:00:00","4","27.155831","77.960892","167.94","AGRA, IN","FM-12","99999","V020","230,1,N,0015,1","99999,9,9,N","000500,1,9,9","+0147,1","+0147,1","10193,1","12,0000,2,1","9,1,02,1","6,1,02,1",,,,"05,1,+00450,1,09,1","99,9,+99999,9,03,1",,"9,AGL   ,+99999,+99999","08,99,1,05,1,99,9,00450,1,99,9,99,9",,,"9,9,999,9,+001,1","95,1","SYN06442260 21493 82303 10147 20147 40193 79596 85930 333 58001 6990/=",
"42260099999","2025-01-13T00:00:00","4","27.155831","77.960892","167.94","AGRA, IN","FM-12","99999","V020","270,1,N,0021,1","00060,1,W,N","000200,1,9,9","+0121,1","+0121,1","10190,1",,"4,1,02,1","4,1,02,1",,,,"00,1,+99999,9,99,9",,,"9,AGL   ,+99999,+99999","09,99,1,00,1,99,9,99999,9,99,9,99,9",,,"9,9,999,9,+010,1","45,1","SYN05842260 31992 92704 10121 20121 40190 74544 80/// 333 58010=",
"42260099999","2025-02-08T12:00:00","4","27.155831","77.960892","167.94","AGRA, IN","FM-12","99999","V020","250,1,N,0015,1","22000,1,9,N","004000,1,9,9","+0230,1","+0132,1","10136,1",,,,,,,"99,9,+99999,9,00,1",,,"9,AGL   ,+99999,+99999","04,99,1,00,1,99,9,99999,9,99,9,99,9",,,"9,9,999,9,-015,1",,"SYN05842260 32996 42503 10230 20132 40136 80001 333 10260 59015=","Q01    003SCCGA1"
"42260099999","2025-02-09T00:00:00","4","27.155831","77.960892","167.94","AGRA, IN","FM-12","99999","V020","999,9,C,0000,1","99999,9,9,N","002000,1,9,9","+0088,1","+0075,1","10149,1",,"0,1,02,1","0,1,02,1",,,,,,,,,,,"9,9,999,9,-008,1","10,1","SYN05242260 31995 00000 10088 20075 40149 71000 333 59008=",
"42260099999","2025-02-11T00:00:00","4","27.155831","77.960892","167.94","AGRA, IN","FM-12","99999","V020","999,9,C,0000,1","99999,9,9,N","001000,1,9,9","+0122,1","+0077,1","10133,1",,"0,1,02,1","0,1,02,1",,,,,,,,,,,"9,9,999,9,+000,1","10,1","SYN05242260 31994 00000 10122 20077 40133 71000 333 58000=",
"42260099999","2025-02-11T03:00:00","4","27.155831","77.960892","167.94","AGRA, IN","FM-12","99999","V020","999,9,C,0000,1","22000,1,9,N","001000,1,9,9","+0169,1","+0132,1","10147,1",,"4,1,02,1","0,1,02,1",,,,"99,9,+99999,9,00,1",,,"9,AGL   ,+99999,+99999","02,99,1,00,1,99,9,99999,9,99,9,99,9","240,N,+0117,1",,"9,9,999,9,-007,1","05,1","SYN07442260 31994 20000 10169 20132 40147 70540 80003 333 20117 59007 555 10020=","Q01    003SCCGA1"
"42260099999","2025-02-11T05:30:00","4","27.155831","77.960892","167.94","AGRA, IN","FM-15","99999","V020","320,1,N,0021,1","99999,9,9,N","003500,1,9,9","+0260,1","+0160,1","99999,9",,,,,,,"02,1,+07620,1,99,9",,,"9,AGL   ,+99999,+99999","99,99,9,02,1,99,9,07620,1,99,9,99,9",,"10150,1,99999,9",,"05,1","MET065METAR VIAG 110530Z 32004KT 3500 HZ FEW250 26/16 Q1015 BECMG 5000=",
"42260099999","2025-02-11T11:30:00","4","27.155831","77.960892","167.94","AGRA, IN","FM-15","99999","V020","280,1,N,0015,1","99999,9,9,N","006000,1,9,9","+0290,1","+0180,1","99999,9",,,,,,,"02,1,+07620,1,99,9",,,"9,AGL   ,+99999,+99999","99,99,9,02,1,99,9,07620,1,99,9,99,9",,"10110,1,99999,9",,,"MET057METAR VIAG 111130Z 28003KT 6000 FEW250 29/18 Q1011 NOSIG=",
"42260099999","2025-02-12T12:00:00","4","27.155831","77.960892","167.94","AGRA, IN","FM-12","99999","V020","290,1,N,0046,1","99999,9,9,N","004000,1,9,9","+0244,1","+0117,1","10130,1",,,,,,,,,,,,"240,M,+0277,1",,"9,9,999,9,+022,1",,"SYN05242260 32996 02909 10244 20117 40130 333 10277 58022=",
"42260099999","2025-02-13T12:00:00","4","27.155831","77.960892","167.94","AGRA, IN","FM-12","99999","V020","270,1,N,0031,1","99999,9,9,N","004000,1,9,9","+0237,1","+0113,1","10130,1",,,,,,,,,,,,,,"9,9,999,9,-001,1",,"SYN05242260 32996 02706 10237 20113 40130 333 10269 59001=",
"42260099999","2025-02-17T00:00:00","4","27.155831","77.960892","167.94","AGRA, IN","FM-12","99999","V020","999,9,C,0000,1","99999,9,9,N","002000,1,9,9","+0147,1","+0127,1","10138,1",,"2,1,02,1","2,1,02,1",,,,"02,1,+00800,1,06,1","99,9,+99999,9,03,1","99,9,+99999,9,00,1","9,AGL   ,+99999,+99999","06,99,1,02,1,99,9,00800,1,99,9,99,9",,,"9,9,999,9,+020,1","10,1","SYN05842260 31595 60000 10147 20127 40138 71022 82531 333 58020=",
"42260099999","2025-02-17T10:30:00","4","27.155831","77.960892","167.94","AGRA, IN","FM-15","99999","V020","350,1,N,0031,1","99999,9,9,N","006000,1,9,9","+0290,1","+0160,1","99999,9",,,,,,,"02,1,+02743,1,99,9",,,"9,AGL   ,+99999,+99999","99,99,9,02,1,99,9,02743,1,99,9,99,9",,"10140,1,99999,9",,,"MET057METAR VIAG 171030Z 35006KT 6000 FEW090 29/16 Q1014 NOSIG=",
"42260099999","2025-02-19T03:00:00","4","27.155831","77.960892","167.94","AGRA, IN","FM-12","99999","V020","999,9,V,0010,1","22000,1,9,N","000500,1,9,9","+0176,1","+0136,1","10153,1","24,0000,9,1","4,1,02,1","0,1,02,1",,,,"99,9,+99999,9,00,1",,,"9,AGL   ,+99999,+99999","02,99,1,00,1,99,9,99999,9,99,9,99,9","240,N,+0116,1",,"9,9,999,9,-005,1","44,1","SYN08642260 21993 29902 10176 20136 40153 74440 80001 333 20116 59005 6990/ 555 00000 10020=","Q01  00002PRCP24Q02    003SCCGA1"
"42260099999","2025-02-19T08:30:00","4","27.155831","77.960892","167.94","AGRA, IN","FM-15","99999","V020","230,1,N,0031,1","07620,1,C,N","006000,1,9,9","+0280,1","+0150,1","99999,9",,,,,,,"04,1,+03048,1,99,9","04,1,+07620,1,99,9",,"9,AGL   ,+99999,+99999","99,99,9,04,1,99,9,03048,1,99,9,99,9",,"10120,1,99999,9",,,"MET064METAR VIAG 190830Z 23006KT 6000 SCT100 SCT250 28/15 Q1012 NOSIG=",
"42260099999","2025-02-19T11:30:00","4","27.155831","77.960892","167.94","AGRA, IN","FM-15","99999","V020","220,1,N,0015,1","03048,1,9,N","006000,1,9,9","+0270,1","+0170,1","99999,9",,,,,,,"02,1,+00914,1,99,9","07,1,+03048,1,99,9",,"9,AGL   ,+99999,+99999","99,99,9,02,1,99,9,00914,1,99,9,99,9",,"10100,1,99999,9",,,"MET064METAR VIAG 191130Z 22003KT 6000 FEW030 BKN100 27/17 Q1010 NOSIG=",
"42260099999","2025-02-19T13:30:00","4","27.155831","77.960892","167.94","AGRA, IN","FM-15","99999","V020","999,9,V,0005,1","03048,1,9,N","006000,1,9,9","+0220,1","+0180,1","99999,9",,,,,,,"02,1,+00914,1,99,9","07,1,+03048,1,99,9",,"9,AGL   ,+99999,+99999","99,99,9,02,1,99,9,00914,1,99,9,99,9",,"10110,1,99999,9",,,"MET064METAR VIAG 191330Z VRB01KT 6000 FEW030 BKN100 22/18 Q1011 NOSIG=",
"42260099999","2025-03-13T03:30:00","4","27.155831","77.960892","167.94","AGRA, IN","FM-15","99999","V020","310,1,N,0031,1","03048,1,C,N","002500,1,9,9","+0250,1","+0210,1","99999,9",,,,,,,"02,1,+00914,1,99,9","04,1,+03048,1,99,9",,"9,AGL   ,+99999,+99999","99,99,9,02,1,99,9,00914,1,99,9,99,9",,"10100,1,99999,9",,"10,1","MET071METAR VIAG 130330Z 31006KT 2500 BR FEW030 SCT100 25/21 Q1010 TEMPO -RA=",
"42260099999","2025-03-13T04:00:00","4","27.155831","77.960892","167.94","AGRA, IN","FM-15","99999","V020","320,1,N,0031,1","03048,1,9,N","002800,1,9,9","+0280,1","+0210,1","99999,9",,,,,,,"02,1,+00914,1,99,9","07,1,+03048,1,99,9",,"9,AGL   ,+99999,+99999","99,99,9,02,1,99,9,00914,1,99,9,99,9",,"10100,1,99999,9",,"05,1","MET071METAR VIAG 130400Z 32006KT 2800 HZ FEW030 BKN100 28/21 Q1010 TEMPO -RA=",
"42260099999","2025-04-26T12:00:00","4","27.155831","77.960892","167.94","AGRA, IN","FM-12","99999","V020","290,1,N,0062,1","99999,9,9,N","002000,1,9,9","+0386,1","+0139,1","10015,1",,"2,1,02,1","2,1,02,1",,,,"01,1,+00800,1,09,1","99,9,+99999,9,03,1",,"9,AGL   ,+99999,+99999","06,99,1,01,1,99,9,00800,1,99,9,99,9",,,"9,9,999,9,+007,1","07,1","SYN06442260 31595 62912 10386 20139 40015 70722 81930 333 10432 58007=",
"42260099999","2025-04-27T12:00:00","4","27.155831","77.960892","167.94","AGRA, IN","FM-12","99999","V020","340,1,N,0026,1","22000,1,9,N","004000,1,9,9","+0393,1","+0147,1","10024,1",,,,,,,"99,9,+99999,9,00,1",,,"9,AGL   ,+99999,+99999","03,99,1,00,1,99,9,99999,9,99,9,99,9","240,M,+0420,1",,"9,9,999,9,+011,1",,"SYN05842260 32996 33405 10393 20147 40024 80001 333 10420 58011=","Q01    003SCCGA1"
"42260099999","2025-04-28T09:00:00","4","27.155831","77.960892","167.94","AGRA, IN","FM-12","99999","V020","090,1,N,0026,1","99999,9,9,N","004000,1,9,9","+0411,1","+0173,1","10013,1",,,,,,,,,,,,,,"9,9,999,9,-022,1",,"SYN04642260 32996 00905 10411 20173 40013 333 59022=",
"42260099999","2025-04-29T00:00:00","4","27.155831","77.960892","167.94","AGRA, IN","FM-12","99999","V020","050,1,N,0026,1","99999,9,9,N","004000,1,9,9","+0260,1","+0201,1","10035,1",,,,,,,,,,,,,,"9,9,999,9,-002,1",,"SYN04642260 32996 00505 10260 20201 40035 333 59002=",
"42260099999","2025-04-29T03:00:00","4","27.155831","77.960892","167.94","AGRA, IN","FM-12","99999","V020","090,1,N,0046,1","99999,9,9,N","004000,1,9,9","+0283,1","+0204,1","10052,1",,,,,,,,,,,,"240,N,+0257,1",,"9,9,999,9,+002,1",,"SYN06242260 32996 00909 10283 20204 40052 333 20257 58002 555 10000=",
"42260099999","2025-05-01T09:00:00","4","27.155831","77.960892","167.94","AGRA, IN","FM-12","99999","V020","070,1,N,0041,1","22000,1,9,9","004000,1,9,9","+0387,1","+0229,1","10046,1","99,9999,9,9",,,"0,1,99,9","0,1,99,9",,"99,9,+08000,1,00,1",,,"9,AGL   ,+99999,+99999","01,99,1,99,9,99,9,08000,1,99,9,99,9",,,"9,9,999,9,+006,1",,"SYN004BUFR",
"42260099999","2025-05-02T12:00:00","4","27.155831","77.960892","167.94","AGRA, IN","FM-12","99999","V020","020,1,N,0041,1","22000,1,9,N","004000,1,9,9","+0294,1","+0218,1","10060,1","09,0000,9,1",,,,,,"01,1,+00800,1,06,1","99,9,+99999,9,00,1",,"9,AGL   ,+99999,+99999","03,99,1,01,1,99,9,00800,1,99,9,99,9",,,"9,9,999,9,+027,1",,"SYN06442260 22596 30208 10294 20218 40060 81501 333 10325 58027 6990/=","Q01  00002PRCP09"
"42260099999","2025-05-03T06:00:00","4","27.155831","77.960892","167.94","AGRA, IN","FM-12","99999","V020","090,1,N,0036,1","99999,9,9,N","004000,1,9,9","+0317,1","+0239,1","10079,1",,"9,1,02,1","5,1,02,1",,,,"01,1,+00800,1,06,1","99,9,+99999,9,03,1",,"9,AGL   ,+99999,+99999","05,99,1,01,1,99,9,00800,1,99,9,99,9",,,"9,9,999,9,-017,1","05,1","SYN05842260 31596 50907 10317 20239 40079 70595 81530 333 59017=",
"42260099999","2025-05-04T12:00:00","4","27.155831","77.960892","167.94","AGRA, IN","FM-12","99999","V020","050,1,N,0015,1","22000,1,9,N","004000,1,9,9","+0368,1","+0176,1","09998,1",,,,,,,"02,1,+00800,1,08,1","99,9,+99999,9,03,1",,"9,AGL   ,+99999,+99999","04,99,1,02,1,99,9,00800,1,99,9,99,9",,,"9,9,999,9,-013,1",,"SYN05842260 32596 40503 10368 20176 49998 82830 333 10382 59013=",
"42260099999","2025-05-05T12:00:00","4","27.155831","77.960892","167.94","AGRA, IN","FM-12","99999","V020","020,1,N,0036,1","99999,9,9,N","004000,1,9,9","+0266,1","+0236,1","10037,1","09,0010,3,1","9,1,02,1","6,1,02,1",,,,"03,1,+00800,1,09,1","99,9,+99999,9,03,1",,"9,AGL   ,+99999,+99999","08,99,1,03,1,99,9,00800,1,99,9,99,9",,,"9,9,999,9,+032,1","17,1","SYN07042260 21596 80207 10266 20236 40037 71796 83330 333 10332 58032 6001/=",
"42260099999","2025-05-06T06:00:00","4","27.155831","77.960892","167.94","AGRA, IN","FM-12","99999","V020","020,1,N,0021,1","99999,9,9,N","004000,1,9,9","+0328,1","+0214,1","10058,1",,,,,,,"01,1,+00800,1,06,1","99,9,+99999,9,03,1",,"9,AGL   ,+99999,+99999","06,99,1,01,1,99,9,00800,1,99,9,99,9",,,"9,9,999,9,-002,1",,"SYN05242260 32596 60204 10328 20214 40058 81530 333 59002=",
"42260099999","2025-05-11T06:00:00","4","27.155831","77.960892","167.94","AGRA, IN","FM-12","99999","V020","250,1,N,0021,1","99999,9,9,N","004000,1,9,9","+0356,1","+0227,1","10050,1",,,,,,,,,,,,,,"9,9,999,9,-013,1",,"SYN04642260 32996 02504 10356 20227 40050 333 59013=",
"42260099999","2025-05-12T03:00:00","4","27.155831","77.960892","167.94","AGRA, IN","FM-12","99999","V020","270,1,N,0021,1","99999,9,9,N","004000,1,9,9","+0306,1","+0187,1","10043,1","24,0004,3,1",,,,,,"05,1,+00800,1,06,1","99,9,+99999,9,03,1",,"9,AGL   ,+99999,+99999","06,99,1,05,1,99,9,00800,1,99,9,99,9","240,N,+0263,1",,"9,9,999,9,-015,1",,"SYN08042260 22596 62704 10306 20187 40043 85530 333 20263 59015 6994/ 555 00004 10063=",
"42260099999","2025-05-12T06:00:00","4","27.155831","77.960892","167.94","AGRA, IN","FM-12","99999","V020","230,1,N,0021,1","99999,9,9,N","004000,1,9,9","+0366,1","+0160,1","10040,1",,,,,,,,,,,,,,"9,9,999,9,-009,1",,"SYN04642260 32996 02304 10366 20160 40040 333 59009=",
"42260099999","2025-05-12T12:00:00","4","27.155831","77.960892","167.94","AGRA, IN","FM-12","99999","V020","290,1,N,0031,1","99999,9,9,N","004000,1,9,9","+0392,1","+0151,1","09992,1",,,,,,,,,,,,"240,M,+0405,1",,"9,9,999,9,+000,1",,"SYN05242260 32996 02906 10392 20151 49992 333 10405 58000=",
"42260099999","2025-05-12T15:00:00","4","27.155831","77.960892","167.94","AGRA, IN","FM-12","99999","V020","999,9,V,0005,1","22000,1,9,N","004000,1,9,9","+0320,1","+0163,1","10006,1",,,,,,,"01,1,+99999,9,03,1",,,"9,AGL   ,+99999,+99999","01,99,1,01,1,99,9,99999,9,99,9,99,9",,,"9,9,999,9,-008,1",,"SYN05242260 32996 19901 10320 20163 40006 81030 333 59008=",
"42260099999","2025-05-12T18:00:00","4","27.155831","77.960892","167.94","AGRA, IN","FM-12","99999","V020","290,1,N,0051,1","99999,9,9,N","004000,1,9,9","+0320,1","+0190,1","10024,1",,"1,1,02,1","1,1,02,1",,,,"03,1,+00800,1,06,1","99,9,+99999,9,03,1",,"9,AGL   ,+99999,+99999","06,99,1,03,1,99,9,00800,1,99,9,99,9",,,"9,9,999,9,-020,1","06,1","SYN05842260 31596 62910 10320 20190 40024 70611 83530 333 59020=",
"42260099999","2025-05-13T09:00:00","4","27.155831","77.960892","167.94","AGRA, IN","FM-12","99999","V020","340,1,N,0021,1","22000,1,9,N","004000,1,9,9","+0410,1","+0179,1","10012,1",,,,,,,"02,1,+99999,9,03,1",,,"9,AGL   ,+99999,+99999","02,99,1,02,1,99,9,99999,9,99,9,99,9",,,"9,9,999,9,+000,1",,"SYN05242260 32996 23404 10410 20179 40012 82030 333 58000=",
"42260099999","2025-05-13T12:00:00","4","27.155831","77.960892","167.94","AGRA, IN","FM-12","99999","V020","320,1,N,0103,1","99999,9,9,N","004000,1,9,9","+0316,1","+0203,1","10021,1","09,0000,2,1","9,1,02,1","6,1,02,1",,,,"03,1,+00800,1,09,1","99,9,+99999,9,03,1",,"9,AGL   ,+99999,+99999","07,99,1,03,1,99,9,00800,1,99,9,99,9",,,"9,9,999,9,+025,1","95,1","SYN07042260 21596 73220 10316 20203 40021 79596 83330 333 10418 58025 6990/=",
"42260099999","2025-05-14T03:00:00","4","27.155831","77.960892","167.94","AGRA, IN","FM-12","99999","V020","270,1,N,0026,1","22000,1,9,N","004000,1,9,9","+0320,1","+0178,1","10053,1","24,0000,2,1",,,,,,"02,1,+99999,9,03,1",,,"9,AGL   ,+99999,+99999","02,99,1,02,1,99,9,99999,9,99,9,99,9","240,N,+0248,1",,"9,9,999,9,+014,1",,"SYN08042260 22996 22705 10320 20178 40053 82030 333 20248 58014 6990/ 555 00000 10063=",
"42260099999","2025-05-15T00:00:00","4","27.155831","77.960892","167.94","AGRA, IN","FM-12","99999","V020","180,1,N,0015,1","22000,1,9,N","004000,1,9,9","+0266,1","+0206,1","10027,1",,,,,,,"02,1,+99999,9,03,1",,,"9,AGL   ,+99999,+99999","02,99,1,02,1,99,9,99999,9,99,9,99,9",,,"9,9,999,9,+004,1",,"SYN05242260 32996 21803 10266 20206 40027 82030 333 58004=",
"42260099999","2025-05-15T06:00:00","4","27.155831","77.960892","167.94","AGRA, IN","FM-12","99999","V020","320,1,N,0036,1","22000,1,9,N","004000,1,9,9","+0404,1","+0169,1","10034,1",,,,,,,"99,9,+99999,9,03,1",,,"9,AGL   ,+99999,+99999","01,99,1,00,1,99,9,99999,9,99,9,99,9",,,"9,9,999,9,-014,1",,"SYN05242260 32996 13207 10404 20169 40034 80030 333 59014=","Q01    003SCCGA1"
"42260099999","2025-05-15T09:00:00","4","27.155831","77.960892","167.94","AGRA, IN","FM-12","99999","V020","320,1,N,0031,1","22000,1,9,N","004000,1,9,9","+0426,1","+0194,1","10014,1",,,,,,,"01,1,+99999,9,05,1",,,"9,AGL   ,+99999,+99999","01,99,1,01,1,99,9,99999,9,99,9,99,9",,,"9,9,999,9,-005,1",,"SYN05242260 32996 13206 10426 20194 40014 81020 333 59005=",
"42260099999","2025-05-16T00:00:00","4","27.155831","77.960892","167.94","AGRA, IN","FM-12","99999","V020","999,9,V,0010,1","22000,1,9,N","004000,1,9,9","+0263,1","+0170,1","10012,1",,,,,,,"01,1,+99999,9,03,1",,,"9,AGL   ,+99999,+99999","01,99,1,01,1,99,9,99999,9,99,9,99,9",,,"9,9,999,9,-017,1",,"SYN05242260 32996 19902 10263 20170 40012 81030 333 59017=",
"42260099999","2025-05-16T15:00:00","4","27.155831","77.960892","167.94","AGRA, IN","FM-12","99999","V020","360,1,N,0036,1","99999,9,9,N","004000,1,9,9","+0353,1","+0181,1","10014,1","12,0000,9,1","9,1,02,1","1,1,02,1",,,,"01,1,+00800,1,09,1","99,9,+99999,9,03,1",,"9,AGL   ,+99999,+99999","06,99,1,01,1,99,9,00800,1,99,9,99,9",,,"9,9,999,9,+009,1","03,1","SYN06442260 21596 63607 10353 20181 40014 70391 81930 333 58009 6990/=","Q01  00002PRCP12"
"42260099999","2025-05-17T00:00:00","4","27.155831","77.960892","167.94","AGRA, IN","FM-12","99999","V020","160,1,N,0046,1","99999,9,9,N","004000,1,9,9","+0320,1","+0209,1","10008,1","21,0000,9,1","9,1,02,1","2,1,02,1",,,,"01,1,+00800,1,09,1","99,9,+99999,9,03,1",,"9,AGL   ,+99999,+99999","06,99,1,01,1,99,9,00800,1,99,9,99,9",,,"9,9,999,9,+000,1","17,1","SYN06442260 21596 61609 10320 20209 40008 71792 81930 333 58000 6990/=","Q01  00002PRCP21"
"42260099999","2025-05-17T15:00:00","4","27.155831","77.960892","167.94","AGRA, IN","FM-12","99999","V020","999,9,V,0010,1","99999,9,9,N","004000,1,9,9","+0294,1","+0202,1","10007,1","12,0000,9,1",,,,,,"03,1,+00800,1,06,1","99,9,+99999,9,03,1",,"9,AGL   ,+99999,+99999","06,99,1,03,1,99,9,00800,1,99,9,99,9",,,"9,9,999,9,-010,1",,"SYN05842260 22596 69902 10294 20202 40007 83530 333 59010 6990/=","Q01  00002PRCP12"
"42260099999","2025-05-18T03:00:00","4","27.155831","77.960892","167.94","AGRA, IN","FM-12","99999","V020","180,1,N,0015,1","99999,9,9,N","004000,1,9,9","+0338,1","+0212,1","10033,1","24,0000,9,1",,,,,,,,,,,"240,N,+0262,1",,"9,9,999,9,+011,1",,"SYN07442260 22996 01803 10338 20212 40033 333 20262 58011 6990/ 555 00000 10063=","Q01  00002PRCP24"
"42260099999","2025-05-18T12:00:00","4","27.155831","77.960892","167.94","AGRA, IN","FM-12","99999","V020","270,1,N,0015,1","22000,1,9,N","004000,1,9,9","+0420,1","+0198,1","09978,1",,,,,,,"03,1,+00800,1,09,1",,,"9,AGL   ,+99999,+99999","03,99,1,03,1,99,9,00800,1,99,9,99,9",,,"9,9,999,9,-025,1",,"SYN05842260 32596 32703 10420 20198 49978 83300 333 10425 59025=",
"42260099999","2025-05-21T03:00:00","4","27.155831","77.960892","167.94","AGRA, IN","FM-12","99999","V020","090,1,N,0021,1","22000,1,9,N","004000,1,9,9","+0346,1","+0239,1","10008,1",,"0,1,02,1","0,1,02,1",,,,"01,1,+00800,1,06,1",,,"9,AGL   ,+99999,+99999","01,99,1,01,1,99,9,00800,1,99,9,99,9","240,N,+0299,1",,"9,9,999,9,+002,1","05,1","SYN07442260 31596 10904 10346 20239 40008 70500 81500 333 20299 58002 555 10063=",
"42260099999","2025-05-21T09:00:00","4","27.155831","77.960892","167.94","AGRA, IN","FM-12","99999","V020","070,1,N,0015,1","22000,1,9,N","004000,1,9,9","+0420,1","+0228,1","09984,1",,,,,,,"01,1,+00800,1,06,1",,,"9,AGL   ,+99999,+99999","01,99,1,01,1,99,9,00800,1,99,9,99,9",,,"9,9,999,9,+012,1",,"SYN05242260 32596 10703 10420 20228 49984 81500 333 58012=",
"42260099999","2025-05-21T12:00:00","4","27.155831","77.960892","167.94","AGRA, IN","FM-12","99999","V020","090,1,N,0026,1","22000,1,9,N","004000,1,9,9","+0410,1","+0211,1","09952,1",,"9,1,02,1","0,1,02,1",,,,"02,1,+00800,1,08,1","99,9,+99999,9,03,1",,"9,AGL   ,+99999,+99999","04,99,1,02,1,99,9,00800,1,99,9,99,9",,,"9,9,999,9,+000,1","02,1","SYN06442260 31596 40905 10410 20211 49952 70290 82830 333 10425 58000=",
"42260099999","2025-05-21T18:00:00","4","27.155831","77.960892","167.94","AGRA, IN","FM-12","99999","V020","020,1,N,0067,1","99999,9,9,N","004000,1,9,9","+0220,2","+0202,1","10023,1","15,0070,3,1","9,1,02,1","6,1,02,1",,,,"01,1,+00800,1,09,1","99,9,+99999,9,03,1",,"9,AGL   ,+99999,+99999","06,99,1,01,1,99,9,00800,1,99,9,99,9",,,"9,9,999,9,+031,1","01,1","SYN06442260 21596 60213 10220 20202 40023 70196 81930 333 58031 6007/=",
"42260099999","2025-05-23T00:00:00","4","27.155831","77.960892","167.94","AGRA, IN","FM-12","99999","V020","050,1,N,0031,1","22000,1,9,N","004000,1,9,9","+0273,1","+0213,1","10006,1",,"0,1,02,1","0,1,02,1",,,,"99,9,+99999,9,00,1",,,"9,AGL   ,+99999,+99999","02,99,1,00,1,99,9,99999,9,99,9,99,9",,,"9,9,999,9,-002,1","05,1","SYN05842260 31996 20506 10273 20213 40006 70500 80001 333 59002=","Q01    003SCCGA1"
"42260099999","2025-05-23T03:00:00","4","27.155831","77.960892","167.94","AGRA, IN","FM-12","99999","V020","090,1,N,0041,1","99999,9,9,N","004000,1,9,9","+0306,1","+0228,1","10013,1",,"0,1,02,1","0,1,02,1",,,,,,,,,"240,N,+0273,1",,"9,9,999,9,-027,1","05,1","SYN05842260 31996 00908 10306 20228 40013 70500 333 20273 59027=",
"42260099999","2025-05-23T06:00:00","4","27.155831","77.960892","167.94","AGRA, IN","FM-12","99999","V020","090,1,N,0041,1","99999,9,9,N","004000,1,9,9","+0350,1","+0230,1","10001,1",,,,,,,,,,,,,,"9,9,999,9,-030,1",,"SYN04642260 32996 00908 10350 20230 40001 333 59030=",
"42260099999","2025-05-24T15:00:00","4","27.155831","77.960892","167.94","AGRA, IN","FM-12","99999","V020","090,1,N,0041,1","22000,1,9,N","004000,1,9,9","+0352,1","+0209,1","09974,1",,,,,,,"01,1,+00800,1,06,1",,,"9,AGL   ,+99999,+99999","01,99,1,01,1,99,9,00800,1,99,9,99,9",,,"9,9,999,9,+006,1",,"SYN05242260 32596 10908 10352 20209 49974 81500 333 58006=",
"42260099999","2025-05-25T03:00:00","4","27.155831","77.960892","167.94","AGRA, IN","FM-12","99999","V020","070,1,N,0041,1","99999,9,9,N","004000,1,9,9","+0250,1","+0215,1","10032,1","24,0010,3,1","2,1,02,1","2,1,02,1",,,,"01,1,+00800,1,09,1","99,9,+99999,9,03,1",,"9,AGL   ,+99999,+99999","06,99,1,01,1,99,9,00800,1,99,9,99,9","240,N,+0232,1",,"9,9,999,9,+030,1","10,1","SYN08642260 21596 60708 10250 20215 40032 71022 81930 333 20232 58030 6001/ 555 00012 10079=",
"42260099999","2025-05-25T09:00:00","4","27.155831","77.960892","167.94","AGRA, IN","FM-12","99999","V020","050,1,N,0036,1","22000,1,9,N","004000,1,9,9","+0345,1","+0228,1","10013,1",,,,,,,"02,1,+00800,1,06,1","99,9,+99999,9,03,1",,"9,AGL   ,+99999,+99999","04,99,1,02,1,99,9,00800,1,99,9,99,9",,,"9,9,999,9,+041,1",,"SYN05242260 32596 40507 10345 20228 40013 82530 333 58041=",
"42260099999","2025-05-25T18:00:00","4","27.155831","77.960892","167.94","AGRA, IN","FM-12","99999","V020","050,1,N,0031,1","22000,1,9,N","004000,1,9,9","+0307,1","+0234,1","10020,1",,,,,,,"01,1,+00800,1,09,1","99,9,+99999,9,03,1",,"9,AGL   ,+99999,+99999","04,99,1,01,1,99,9,00800,1,99,9,99,9",,,"9,9,999,9,+022,1",,"SYN05242260 32596 40506 10307 20234 40020 81330 333 58022=",
"42260099999","2025-05-27T00:00:00","4","27.155831","77.960892","167.94","AGRA, IN","FM-12","99999","V020","050,1,N,0031,1","22000,1,9,N","004000,1,9,9","+0287,1","+0215,1","09994,1",,,,,,,"99,9,+99999,9,00,1",,,"9,AGL   ,+99999,+99999","03,99,1,00,1,99,9,99999,9,99,9,99,9",,,"9,9,999,9,-021,1",,"SYN05242260 32996 30506 10287 20215 49994 80001 333 59021=","Q01    003SCCGA1"
"42260099999","2025-05-27T18:00:00","4","27.155831","77.960892","167.94","AGRA, IN","FM-12","99999","V020","999,9,V,0010,1","99999,9,9,N","004000,1,9,9","+0321,1","+0247,1","09978,1",,,,,,,,,,,,,,"9,9,999,9,-016,1",,"SYN04642260 32996 09902 10321 20247 49978 333 59016=",
"42260099999","2025-05-28T12:00:00","4","27.155831","77.960892","167.94","AGRA, IN","FM-12","99999","V020","020,1,N,0046,1","22000,1,9,N","004000,1,9,9","+0387,1","+0227,1","09932,1",,,,,,,"02,1,+00800,1,06,1",,,"9,AGL   ,+99999,+99999","02,99,1,02,1,99,9,00800,1,99,9,99,9",,,"9,9,999,9,+009,1",,"SYN05842260 32596 20209 10387 20227 49932 82500 333 10406 58009=",
"42260099999","2025-05-30T09:00:00","4","27.155831","77.960892","167.94","AGRA, IN","FM-12","99999","V020","340,1,N,0051,1","99999,9,9,N","004000,1,9,9","+0390,1","+0183,1","09935,1",,"1,1,02,1","1,1,02,1",,,,"02,1,+00800,1,06,1","99,9,+99999,9,03,1",,"9,AGL   ,+99999,+99999","05,99,1,02,1,99,9,00800,1,99,9,99,9",,,"9,9,999,9,+000,1","06,1","SYN05842260 31596 53410 10390 20183 49935 70611 82530 333 58000=",
"42260099999","2025-05-31T00:00:00","4","27.155831","77.960892","167.94","AGRA, IN","FM-12","99999","V020","999,9,V,0010,1","22000,1,9,N","004000,1,9,9","+0288,1","+0218,1","09967,1",,,,,,,"01,1,+00800,1,06,1","99,9,+99999,9,03,1",,"9,AGL   ,+99999,+99999","04,99,1,01,1,99,9,00800,1,99,9,99,9",,,"9,9,999,9,+023,1",,"SYN05242260 32596 49902 10288 20218 49967 81530 333 58023=",
"42260099999","2025-06-01T03:00:00","4","27.155831","77.960892","167.94","AGRA, IN","FM-12","99999","V020","180,1,N,0036,1","99999,9,9,N","004000,1,9,9","+0316,1","+0236,1","09990,1","24,0030,3,1",,,,,,"02,1,+00800,1,06,1","99,9,+99999,9,03,1",,"9,AGL   ,+99999,+99999","05,99,1,02,1,99,9,00800,1,99,9,99,9","240,N,+0247,1",,"9,9,999,9,+009,1",,"SYN08042260 22596 51807 10316 20236 49990 82540 333 20247 58009 6003/ 555 00026 10002=",
"42260099999","2025-06-01T09:00:00","4","27.155831","77.960892","167.94","AGRA, IN","FM-12","99999","V020","290,1,N,0031,1","22000,1,9,N","004000,1,9,9","+0390,1","+0214,1","09973,1",,,,,,,"05,2,+00800,1,06,1","99,9,+99999,9,03,1",,"9,AGL   ,+99999,+99999","04,99,2,05,2,99,9,00800,1,99,9,99,9",,,"9,9,999,9,+022,1",,"SYN05242260 32596 42906 10390 20214 49973 85530 333 58022=",
"42260099999","2025-06-05T09:00:00","4","27.155831","77.960892","167.94","AGRA, IN","FM-12","99999","V020","200,1,N,0021,1","22000,1,9,N","004000,1,9,9","+0366,1","+0169,1","10048,1",,"6,1,02,1","2,1,02,1",,,,"03,1,+00800,1,06,1","99,9,+99999,9,03,1",,"9,AGL   ,+99999,+99999","03,99,1,03,1,99,9,00800,1,99,9,99,9",,,"9,9,999,9,+020,1","01,1","SYN05842260 31596 32004 10366 20169 40048 70162 83530 333 58020=",
"42260099999","2025-06-11T12:00:00","4","27.155831","77.960892","167.94","AGRA, IN","FM-12","99999","V020","360,1,N,0036,1","99999,9,9,N","004000,1,9,9","+0431,1","+0179,1","09960,1",,,,,,,,,,,,,,"9,9,999,9,+003,1",,"SYN05242260 32996 03607 10431 20179 49960 333 10447 58003=",
"42260099999","2025-06-17T09:00:00","4","27.155831","77.960892","167.94","AGRA, IN","FM-12","99999","V020","090,1,N,0036,1","99999,9,9,N","004000,1,9,9","+0381,1","+0233,1","09946,1",,,,,,,"06,1,+00800,1,06,1","99,9,+99999,9,03,1","99,9,+99999,9,00,1","9,AGL   ,+99999,+99999","06,99,1,06,1,99,9,00800,1,99,9,99,9",,,"9,9,999,9,-011,1",,"SYN05242260 32596 60907 10381 20233 49946 86531 333 59011=",
"42260099999","2025-06-18T03:00:00","4","27.155831","77.960892","167.94","AGRA, IN","FM-12","99999","V020","999,9,V,0005,1","99999,9,9,N","004000,1,9,9","+0289,1","+0254,1","09986,1","24,0440,3,1","2,1,02,1","2,1,02,1",,,,"03,1,+00450,1,06,1","99,9,+99999,9,05,1",,"9,AGL   ,+99999,+99999","08,99,1,03,1,99,9,00450,1,99,9,99,9","240,N,+0260,1",,"9,9,999,9,+002,1","10,1","SYN08642260 21496 89901 10289 20254 49986 71022 83420 333 20260 58002 6044/ 555 00440 10087=",
"42260099999","2025-06-18T06:00:00","4","27.155831","77.960892","167.94","AGRA, IN","FM-12","99999","V020","180,1,N,0015,1","99999,9,9,N","004000,1,9,9","+0321,1","+0244,1","09981,1",,"2,1,02,1","2,1,02,1",,,,"03,1,+00450,1,06,1","99,9,+99999,9,05,1",,"9,AGL   ,+99999,+99999","08,99,1,03,1,99,9,00450,1,99,9,99,9",,,"9,9,999,9,-005,1","05,1","SYN05842260 31496 81803 10321 20244 49981 70522 83420 333 59005=",
"42260099999","2025-06-18T12:00:00","4","27.155831","77.960892","167.94","AGRA, IN","FM-12","99999","V020","180,1,N,0026,1","99999,9,9,N","004000,1,9,9","+0346,1","+0239,1","09943,1",,,,,,,"02,1,+00800,1,08,1","99,9,+99999,9,03,1",,"9,AGL   ,+99999,+99999","05,99,1,02,1,99,9,00800,1,99,9,99,9",,,"9,9,999,9,-018,1",,"SYN05842260 32596 51805 10346 20239 49943 82830 333 10348 59018=",
"42260099999","2025-06-18T18:00:00","4","27.155831","77.960892","167.94","AGRA, IN","FM-12","99999","V020","999,9,V,0010,1","99999,9,9,N","004000,1,9,9","+0313,1","+0230,1","09962,1",,,,,,,"05,1,+00800,1,09,1","99,9,+99999,9,03,1",,"9,AGL   ,+99999,+99999","06,99,1,05,1,99,9,00800,1,99,9,99,9",,,"9,9,999,9,-031,1",,"SYN05242260 32596 69902 10313 20230 49962 85930 333 59031=",
"42260099999","2025-06-19T00:00:00","4","27.155831","77.960892","167.94","AGRA, IN","FM-12","99999","V020","090,1,N,0046,1","99999,9,9,N","004000,1,9,9","+0268,1","+0260,1","09957,1","21,0050,3,1","9,1,02,1","6,1,02,1",,,,"05,1,+00450,1,09,1","99,9,+99999,9,03,1",,"9,AGL   ,+99999,+99999","08,99,1,05,1,99,9,00450,1,99,9,99,9",,,"9,9,999,9,-018,1","10,1","SYN06442260 21496 80909 10268 20260 49957 71096 85930 333 59018 6005/=",
"42260099999","2025-06-19T03:00:00","4","27.155831","77.960892","167.94","AGRA, IN","FM-12","99999","V020","110,1,N,0026,1","99999,9,9,N","004000,1,9,9","+0274,1","+0255,1","09967,1","24,0050,3,1","6,1,02,1","2,1,02,1",,,,"03,1,+00450,1,07,1","99,9,+99999,9,03,1",,"9,AGL   ,+99999,+99999","08,99,1,03,1,99,9,00450,1,99,9,99,9","240,N,+0267,1",,"9,9,999,9,-020,1","60,1","SYN08642260 21496 81105 10274 20255 49967 76062 83730 333 20267 59020 6005/ 555 00048 10092=",
"42260099999","2025-06-19T06:00:00","4","27.155831","77.960892","167.94","AGRA, IN","FM-12","99999","V020","070,1,N,0021,1","99999,9,9,N","004000,1,9,9","+0317,1","+0266,1","09961,1",,"6,1,02,1","2,1,02,1",,,,"02,1,+00800,1,06,1","99,9,+99999,9,03,1","99,9,+99999,9,00,1","9,AGL   ,+99999,+99999","06,99,1,02,1,99,9,00800,1,99,9,99,9",,,"9,9,999,9,-019,1","01,1","SYN05842260 31596 60704 10317 20266 49961 70162 82531 333 59019=",
"42260099999","2025-06-19T09:00:00","4","27.155831","77.960892","167.94","AGRA, IN","FM-12","99999","V020","070,1,N,0026,1","99999,9,9,N","004000,1,9,9","+0333,1","+0263,1","09944,1","06,0000,2,1",,,,,,"02,1,+00800,1,06,1","99,9,+99999,9,03,1",,"9,AGL   ,+99999,+99999","07,99,1,02,1,99,9,00800,1,99,9,99,9",,,"9,9,999,9,-013,1",,"SYN05842260 22596 70705 10333 20263 49944 82530 333 59013 6990/=",
"42260099999","2025-06-19T12:00:00","4","27.155831","77.960892","167.94","AGRA, IN","FM-12","99999","V020","160,1,N,0015,1","99999,9,9,N","004000,1,9,9","+0272,1","+0256,1","09950,1","09,0040,3,1","9,1,02,1","6,1,02,1",,,,"01,1,+00450,1,09,1","99,9,+99999,9,03,1",,"9,AGL   ,+99999,+99999","08,99,1,01,1,99,9,00450,1,99,9,99,9","240,M,+0344,1",,"9,9,999,9,+002,1","95,1","SYN07042260 21496 81603 10272 20256 49950 79596 81930 333 10344 58002 6004/=",
"42260099999","2025-06-19T15:00:00","4","27.155831","77.960892","167.94","AGRA, IN","FM-12","99999","V020","050,1,N,0021,1","99999,9,9,N","004000,1,9,9","+0276,1","+0257,1","09957,1","12,0040,3,1","9,1,02,1","6,1,02,1",,,,"03,1,+00250,1,06,1","99,9,+99999,9,03,1",,"9,AGL   ,+99999,+99999","07,99,1,03,1,99,9,00250,1,99,9,99,9",,,"9,9,999,9,-001,1","60,1","SYN06442260 21396 70504 10276 20257 49957 76096 83540 333 59001 6004/=",
"42260099999","2025-06-20T03:00:00","4","27.155831","77.960892","167.94","AGRA, IN","FM-12","99999","V020","070,1,N,0026,1","99999,9,9,N","002000,1,9,9","+0282,1","+0269,1","09987,1","24,0050,3,1","6,1,02,1","2,1,02,1",,,,"05,1,+00250,1,06,1","99,9,+99999,9,03,1",,"9,AGL   ,+99999,+99999","08,99,1,05,1,99,9,00250,1,99,9,99,9","240,N,+0273,1",,"9,9,999,9,+019,1","10,1","SYN08642260 21395 80705 10282 20269 49987 71062 85530 333 20273 58019 6005/ 555 00048 10097=",
"42260099999","2025-06-20T06:00:00","4","27.155831","77.960892","167.94","AGRA, IN","FM-12","99999","V020","090,1,N,0036,1","99999,9,9,N","002000,1,9,9","+0296,1","+0269,1","09986,1",,"6,1,02,1","2,1,02,1",,,,"05,1,+00250,1,06,1","99,9,+99999,9,03,1",,"9,AGL   ,+99999,+99999","08,99,1,05,1,99,9,00250,1,99,9,99,9",,,"9,9,999,9,+023,1","60,1","SYN05842260 31395 80907 10296 20269 49986 76062 85530 333 58023=",
"42260099999","2025-06-20T12:00:00","4","27.155831","77.960892","167.94","AGRA, IN","FM-12","99999","V020","999,9,V,0010,1","99999,9,9,N","004000,1,9,9","+0307,1","+0279,1","09971,1","09,0110,3,1","9,1,02,1","6,1,02,1",,,,"02,1,+00450,1,09,1","99,9,+99999,9,03,1",,"9,AGL   ,+99999,+99999","07,99,1,02,1,99,9,00450,1,99,9,99,9","240,M,+0314,1",,"9,9,999,9,+023,1","10,1","SYN07042260 21496 79902 10307 20279 49971 71096 82930 333 10314 58023 6011/=",
"42260099999","2025-06-20T15:00:00","4","27.155831","77.960892","167.94","AGRA, IN","FM-12","99999","V020","999,9,V,0010,1","99999,9,9,N","002000,1,9,9","+0264,1","+0262,1","09990,1","12,0430,3,1","9,1,02,1","6,1,02,1",,,,"04,1,+00450,1,09,1","99,9,+99999,9,03,1",,"9,AGL   ,+99999,+99999","08,99,1,04,1,99,9,00450,1,99,9,99,9",,,"9,9,999,9,+032,1","95,1","SYN06442260 21495 89902 10264 20262 49990 79596 84930 333 58032 6043/=",
"42260099999","2025-06-20T18:00:00","4","27.155831","77.960892","167.94","AGRA, IN","FM-12","99999","V020","999,9,V,0005,1","99999,9,9,N","004000,1,9,9","+0270,1","+0265,1","09994,1","15,0440,3,1","9,1,02,1","6,1,02,1",,,,"05,1,+00450,1,09,1","99,9,+99999,9,03,1",,"9,AGL   ,+99999,+99999","08,99,1,05,1,99,9,00450,1,99,9,99,9",,,"9,9,999,9,+022,1","91,1","SYN06442260 21496 89901 10270 20265 49994 79196 85930 333 58022 6044/=",
"42260099999","2025-06-21T00:00:00","4","27.155831","77.960892","167.94","AGRA, IN","FM-12","99999","V020","999,9,V,0010,1","99999,9,9,N","002000,1,9,9","+0269,1","+0245,1","09991,1","21,0440,3,1","6,1,02,1","2,1,02,1",,,,"02,1,+00450,1,07,1","99,9,+99999,9,03,1",,"9,AGL   ,+99999,+99999","06,99,1,02,1,99,9,00450,1,99,9,99,9",,,"9,9,999,9,+021,1","10,1","SYN06442260 21495 69902 10269 20245 49991 71062 82730 333 58021 6044/=",
"42260099999","2025-06-21T03:00:00","4","27.155831","77.960892","167.94","AGRA, IN","FM-12","99999","V020","050,1,N,0015,1","99999,9,9,N","004000,1,9,9","+0303,1","+0272,1","10003,1","24,0440,3,1","6,1,02,1","2,1,02,1",,,,"05,1,+00450,1,08,1","99,9,+99999,9,03,1",,"9,AGL   ,+99999,+99999","07,99,1,05,1,99,9,00450,1,99,9,99,9","240,N,+0263,1",,"9,9,999,9,+017,1","10,1","SYN07042260 21496 70503 10303 20272 40003 71062 85830 333 20263 58017 6044/=",
"42260099999","2025-06-21T09:00:00","4","27.155831","77.960892","167.94","AGRA, IN","FM-12","99999","V020","160,1,N,0026,1","99999,9,9,N","004000,1,9,9","+0353,1","+0255,1","09976,1",,,,,,,"01,1,+00450,1,06,1","99,9,+99999,9,03,1",,"9,AGL   ,+99999,+99999","07,99,1,01,1,99,9,00450,1,99,9,99,9",,,"9,9,999,9,+001,1",,"SYN05242260 32496 71605 10353 20255 49976 81540 333 58001=",
"42260099999","2025-06-21T12:00:00","4","27.155831","77.960892","167.94","AGRA, IN","FM-12","99999","V020","180,1,N,0026,1","99999,9,9,N","004000,1,9,9","+0318,1","+0254,1","09967,1",,"9,1,02,1","2,1,02,1",,,,"01,1,+00450,1,06,1","99,9,+99999,9,03,1",,"9,AGL   ,+99999,+99999","07,99,1,01,1,99,9,00450,1,99,9,99,9","240,M,+0357,1",,"9,9,999,9,-003,1","17,1","SYN06442260 31496 71805 10318 20254 49967 71792 81540 333 10357 59003=",
"42260099999","2025-06-21T15:00:00","4","27.155831","77.960892","167.94","AGRA, IN","FM-12","99999","V020","999,9,V,0010,1","22000,1,9,N","004000,1,9,9","+0306,1","+0250,1","09984,1",,"9,1,02,1","1,1,02,1",,,,"04,1,+00800,1,06,1","99,9,+99999,9,03,1",,"9,AGL   ,+99999,+99999","04,99,1,04,1,99,9,00800,1,99,9,99,9",,,"9,9,999,9,-004,1","03,1","SYN05842260 31596 49902 10306 20250 49984 70391 84530 333 59004=",
"42260099999","2025-06-21T18:00:00","4","27.155831","77.960892","167.94","AGRA, IN","FM-12","99999","V020","999,9,C,0000,1","22000,1,9,N","004000,1,9,9","+0298,1","+0248,1","09986,1",,,,,,,"02,1,+00800,1,06,1","99,9,+99999,9,03,1",,"9,AGL   ,+99999,+99999","04,99,1,02,1,99,9,00800,1,99,9,99,9",,,"9,9,999,9,-005,1",,"SYN05242260 32596 40000 10298 20248 49986 82530 333 59005=",
"42260099999","2025-06-22T00:00:00","4","27.155831","77.960892","167.94","AGRA, IN","FM-12","99999","V020","320,1,N,0021,1","22000,1,9,N","004000,1,9,9","+0291,1","+0242,1","09980,1",,"0,1,02,1","0,1,02,1",,,,"04,1,+00800,1,06,1","99,9,+99999,9,03,1",,"9,AGL   ,+99999,+99999","04,99,1,04,1,99,9,00800,1,99,9,99,9",,,"9,9,999,9,-009,1","05,1","SYN05842260 31596 43204 10291 20242 49980 70500 84530 333 59009=",
"42260099999","2025-06-22T03:00:00","4","27.155831","77.960892","167.94","AGRA, IN","FM-12","99999","V020","320,1,N,0015,1","99999,9,9,N","004000,1,9,9","+0328,1","+0241,1","09990,1",,,,,,,"03,1,+00800,1,06,1","99,9,+99999,9,03,1",,"9,AGL   ,+99999,+99999","05,99,1,03,1,99,9,00800,1,99,9,99,9","240,N,+0290,1",,"9,9,999,9,-010,1",,"SYN06842260 32596 53203 10328 20241 49990 83540 333 20290 59010 555 10141=",
"42260099999","2025-06-22T06:00:00","4","27.155831","77.960892","167.94","AGRA, IN","FM-12","99999","V020","050,1,N,0026,1","99999,9,9,N","004000,1,9,9","+0354,1","+0232,1","09985,1",,,,,,,"02,1,+00800,1,06,1","99,9,+99999,9,03,1","99,9,+99999,9,00,1","9,AGL   ,+99999,+99999","06,99,1,02,1,99,9,00800,1,99,9,99,9",,,"9,9,999,9,-007,1",,"SYN05242260 32596 60505 10354 20232 49985 82531 333 59007=",
"42260099999","2025-06-22T09:00:00","4","27.155831","77.960892","167.94","AGRA, IN","FM-12","99999","V020","360,1,N,0062,1","99999,9,9,N","004000,1,9,9","+0356,1","+0229,1","09958,1",,,,,,,"03,1,+00800,1,06,1","99,9,+99999,9,03,1",,"9,AGL   ,+99999,+99999","07,99,1,03,1,99,9,00800,1,99,9,99,9",,,"9,9,999,9,-018,1",,"SYN05242260 32596 73612 10356 20229 49958 83530 333 59018=",
"42260099999","2025-06-22T15:00:00","4","27.155831","77.960892","167.94","AGRA, IN","FM-12","99999","V020","230,1,N,0021,1","99999,9,9,N","002000,1,9,9","+0287,1","+0275,1","09972,1","12,0130,3,1","9,1,02,1","2,1,02,1",,,,"05,1,+00450,1,06,1","99,9,+99999,9,05,1",,"9,AGL   ,+99999,+99999","08,99,1,05,1,99,9,00450,1,99,9,99,9",,,"9,9,999,9,-013,1","95,1","SYN06442260 21495 82304 10287 20275 49972 79592 85420 333 59013 6013/=",
"42260099999","2025-06-22T18:00:00","4","27.155831","77.960892","167.94","AGRA, IN","FM-12","99999","V020","999,9,V,0005,1","99999,9,9,N","004000,1,9,9","+0283,1","+0271,1","09977,1","15,0130,3,1","9,1,02,1","2,1,02,1",,,,"03,1,+00450,1,06,1","99,9,+99999,9,03,1",,"9,AGL   ,+99999,+99999","08,99,1,03,1,99,9,00450,1,99,9,99,9",,,"9,9,999,9,-010,1","10,1","SYN06442260 21496 89901 10283 20271 49977 71092 83540 333 59010 6013/=",
"42260099999","2025-06-23T03:00:00","4","27.155831","77.960892","167.94","AGRA, IN","FM-12","99999","V020","320,1,N,0021,1","99999,9,9,N","004000,1,9,9","+0292,1","+0262,1","09967,1","24,0130,3,1",,,,,,"03,1,+00800,1,06,1","99,9,+99999,9,03,1","99,9,+99999,9,00,1","9,AGL   ,+99999,+99999","06,99,1,03,1,99,9,00800,1,99,9,99,9","240,N,+0277,1",,"9,9,999,9,-026,1",,"SYN08042260 22596 63204 10292 20262 49967 83531 333 20277 59026 6013/ 555 00126 10154=",
"42260099999","2025-06-23T06:00:00","4","27.155831","77.960892","167.94","AGRA, IN","FM-12","99999","V020","180,1,N,0021,1","99999,9,9,N","004000,1,9,9","+0338,1","+0261,1","09971,1",,,,,,,"06,1,+00450,1,09,1","99,9,+99999,9,03,1",,"9,AGL   ,+99999,+99999","08,99,1,06,1,99,9,00450,1,99,9,99,9",,,"9,9,999,9,-017,1",,"SYN05242260 32496 81804 10338 20261 49971 86930 333 59017=",
"42260099999","2025-06-23T12:00:00","4","27.155831","77.960892","167.94","AGRA, IN","FM-12","99999","V020","999,9,V,0010,1","99999,9,9,N","004000,1,9,9","+0334,1","+0286,1","09935,1","09,0080,3,1","9,1,02,1","6,1,02,1",,,,"02,1,+00800,1,09,1","99,9,+99999,9,03,1",,"9,AGL   ,+99999,+99999","06,99,1,02,1,99,9,00800,1,99,9,99,9",,,"9,9,999,9,-015,1","02,1","SYN07042260 21596 69902 10334 20286 49935 70296 82330 333 10340 59015 6008/=",
"42260099999","2025-06-24T00:00:00","4","27.155831","77.960892","167.94","AGRA, IN","FM-12","99999","V020","999,9,V,0005,1","99999,9,9,N","002000,1,9,9","+0290,1","+0271,1","09950,1","21,0080,3,1","6,1,02,1","2,1,02,1",,,,"03,1,+00800,1,06,1","99,9,+99999,9,03,1","99,9,+99999,9,00,1","9,AGL   ,+99999,+99999","06,99,1,03,1,99,9,00800,1,99,9,99,9",,,"9,9,999,9,-014,1","10,1","SYN06442260 21595 69901 10290 20271 49950 71062 83531 333 59014 6008/=",
"42260099999","2025-06-24T03:00:00","4","27.155831","77.960892","167.94","AGRA, IN","FM-12","99999","V020","999,9,V,0010,1","99999,9,9,N","004000,1,9,9","+0311,1","+0277,1","09962,1","24,0080,3,1","6,1,02,1","2,1,02,1",,,,"04,1,+00450,1,06,1","99,9,+99999,9,03,1",,"9,AGL   ,+99999,+99999","07,99,1,04,1,99,9,00450,1,99,9,99,9","240,N,+0288,1",,"9,9,999,9,-002,1","10,1","SYN08642260 21496 79902 10311 20277 49962 71062 84430 333 20288 59002 6008/ 555 00084 10162=",
"42260099999","2025-06-24T06:00:00","4","27.155831","77.960892","167.94","AGRA, IN","FM-12","99999","V020","110,1,N,0015,1","99999,9,9,N","004000,1,9,9","+0334,1","+0274,1","09964,1",,"2,1,02,1","2,1,02,1",,,,"06,1,+00450,1,06,1","99,9,+99999,9,03,1",,"9,AGL   ,+99999,+99999","06,99,1,06,1,99,9,00450,1,99,9,99,9",,,"9,9,999,9,-004,1","05,1","SYN05842260 31496 61103 10334 20274 49964 70522 86530 333 59004=",
"42260099999","2025-06-24T09:00:00","4","27.155831","77.960892","167.94","AGRA, IN","FM-12","99999","V020","110,1,N,0026,1","99999,9,9,N","004000,1,9,9","+0350,1","+0274,1","09942,1",,,,,,,"02,1,+00800,1,06,1","99,9,+99999,9,03,1",,"9,AGL   ,+99999,+99999","06,99,1,02,1,99,9,00800,1,99,9,99,9",,,"9,9,999,9,-004,1",,"SYN05242260 32596 61105 10350 20274 49942 82540 333 59004=",
"42260099999","2025-06-24T12:00:00","4","27.155831","77.960892","167.94","AGRA, IN","FM-12","99999","V020","090,1,N,0015,1","22000,1,9,N","004000,1,9,9","+0354,1","+0285,1","09924,1","09,0010,3,1",,,,,,"02,1,+00800,1,07,1","99,9,+99999,9,05,1",,"9,AGL   ,+99999,+99999","04,99,1,02,1,99,9,00800,1,99,9,99,9","240,M,+0373,1",,"9,9,999,9,-005,1",,"SYN06442260 22596 40903 10354 20285 49924 82620 333 10373 59005 6001/=",
"42260099999","2025-06-24T15:00:00","4","27.155831","77.960892","167.94","AGRA, IN","FM-12","99999","V020","110,1,N,0015,1","22000,1,9,N","004000,1,9,9","+0321,1","+0276,1","09953,1","12,0010,3,1",,,,,,"02,1,+00800,1,06,1","99,9,+99999,9,03,1",,"9,AGL   ,+99999,+99999","04,99,1,02,1,99,9,00800,1,99,9,99,9",,,"9,9,999,9,+005,1",,"SYN05842260 22596 41103 10321 20276 49953 82530 333 58005 6001/=",
"42260099999","2025-06-24T18:00:00","4","27.155831","77.960892","167.94","AGRA, IN","FM-12","99999","V020","999,9,V,0005,1","22000,1,9,N","004000,1,9,9","+0310,1","+0269,1","09970,1","15,0010,3,1",,,,,,"02,1,+00800,1,06,1","99,9,+99999,9,03,1",,"9,AGL   ,+99999,+99999","04,99,1,02,1,99,9,00800,1,99,9,99,9",,,"9,9,999,9,+009,1",,"SYN05842260 22596 49901 10310 20269 49970 82530 333 58009 6001/=",
"42260099999","2025-06-25T00:00:00","4","27.155831","77.960892","167.94","AGRA, IN","FM-12","99999","V020","090,1,N,0015,1","22000,1,9,N","004000,1,9,9","+0292,1","+0273,1","09966,1","21,0010,3,1",,,,,,"01,1,+00800,1,06,1","99,9,+99999,9,03,1","99,9,+99999,9,00,1","9,AGL   ,+99999,+99999","04,99,1,01,1,99,9,00800,1,99,9,99,9",,,"9,9,999,9,+017,1",,"SYN05842260 22596 40903 10292 20273 49966 81531 333 58017 6001/=",
"42260099999","2025-06-25T03:00:00","4","27.155831","77.960892","167.94","AGRA, IN","FM-12","99999","V020","090,1,N,0021,1","99999,9,9,N","004000,1,9,9","+0318,1","+0273,1","09986,1","24,0010,3,1",,,,,,"03,1,+00800,1,06,1","99,9,+99999,9,03,1","99,9,+99999,9,02,1","9,AGL   ,+99999,+99999","05,99,1,03,1,99,9,00800,1,99,9,99,9","240,N,+0290,1",,"9,9,999,9,+022,1",,"SYN08042260 22596 50904 10318 20273 49986 83538 333 20290 58022 6001/ 555 00014 10163=",
"42260099999","2025-06-25T06:00:00","4","27.155831","77.960892","167.94","AGRA, IN","FM-12","99999","V020","090,1,N,0031,1","99999,9,9,N","004000,1,9,9","+0343,1","+0299,1","09990,1",,,,,,,"06,1,+00800,1,08,1","99,9,+99999,9,03,1","99,9,+99999,9,00,1","9,AGL   ,+99999,+99999","06,99,1,06,1,99,9,00800,1,99,9,99,9",,,"9,9,999,9,+025,1",,"SYN05242260 32596 60906 10343 20299 49990 86831 333 58025=",
"42260099999","2025-06-25T09:00:00","4","27.155831","77.960892","167.94","AGRA, IN","FM-12","99999","V020","050,1,N,0036,1","99999,9,9,N","004000,1,9,9","+0358,1","+0315,1","09967,1","06,0000,9,1","6,1,02,1","2,1,02,1",,,,"03,1,+00800,1,08,1",,,"9,AGL   ,+99999,+99999","06,99,1,03,1,99,9,00800,1,99,9,99,9",,,"9,9,999,9,+025,1","02,1","SYN06442260 21596 60507 10358 20315 49967 70262 83800 333 58025 6990/=","Q01  00002PRCP06"
"42260099999","2025-06-25T12:00:00","4","27.155831","77.960892","167.94","AGRA, IN","FM-12","99999","V020","070,1,N,0041,1","99999,9,9,N","004000,1,9,9","+0352,1","+0310,1","09956,1","09,0000,9,1","6,1,02,1","2,1,02,1",,,,"04,1,+00800,1,09,1","99,9,+99999,9,03,1",,"9,AGL   ,+99999,+99999","05,99,1,04,1,99,9,00800,1,99,9,99,9",,,"9,9,999,9,+030,1","17,1","SYN07042260 21596 50708 10352 20310 49956 71762 84930 333 10362 58030 6990/=","Q01  00002PRCP09"
"42260099999","2025-06-25T15:00:00","4","27.155831","77.960892","167.94","AGRA, IN","FM-12","99999","V020","070,1,N,0021,1","99999,9,9,N","004000,1,9,9","+0314,1","+0287,1","09979,1","12,0000,9,1",,,,,,"02,1,+00800,1,06,1","99,9,+99999,9,03,1",,"9,AGL   ,+99999,+99999","06,99,1,02,1,99,9,00800,1,99,9,99,9",,,"9,9,999,9,+025,1",,"SYN05842260 22596 60704 10314 20287 49979 82530 333 58025 6990/=","Q01  00002PRCP12"
"42260099999","2025-06-25T18:00:00","4","27.155831","77.960892","167.94","AGRA, IN","FM-12","99999","V020","070,1,N,0015,1","99999,9,9,N","004000,1,9,9","+0312,1","+0288,1","09998,1","15,0000,9,1","9,1,02,1","6,1,02,1",,,,"02,1,+00800,1,06,1","99,9,+99999,9,03,1",,"9,AGL   ,+99999,+99999","05,99,1,02,1,99,9,00800,1,99,9,99,9",,,"9,9,999,9,+028,1","01,1","SYN06442260 21596 50703 10312 20288 49998 70196 82540 333 58028 6990/=","Q01  00002PRCP15"
"42260099999","2025-06-26T00:00:00","4","27.155831","77.960892","167.94","AGRA, IN","FM-12","99999","V020","070,1,N,0036,1","99999,9,9,N","004000,1,9,9","+0302,1","+0286,1","09996,1","21,0000,9,1","2,1,02,1","2,1,02,1",,,,"04,1,+00450,1,09,1","99,9,+99999,9,03,1",,"9,AGL   ,+99999,+99999","08,99,1,04,1,99,9,00450,1,99,9,99,9",,,"9,9,999,9,+029,1","10,1","SYN06442260 21496 80707 10302 20286 49996 71022 84330 333 58029 6990/=","Q01  00002PRCP21"
"42260099999","2025-06-26T06:00:00","4","27.155831","77.960892","167.94","AGRA, IN","FM-12","99999","V020","090,1,N,0046,1","99999,9,9,N","004000,1,9,9","+0350,1","+0297,1","10002,1",,,,,,,"04,1,+00800,1,06,1","99,9,+99999,9,03,1",,"9,AGL   ,+99999,+99999","05,99,1,04,1,99,9,00800,1,99,9,99,9",,,"9,9,999,9,+013,1",,"SYN05242260 32596 50909 10350 20297 40002 84430 333 58013=",
"42260099999","2025-06-26T12:00:00","4","27.155831","77.960892","167.94","AGRA, IN","FM-12","99999","V020","070,1,N,0041,1","22000,1,9,N","004000,1,9,9","+0351,1","+0277,1","09962,1",,,,,,,"01,1,+00800,1,06,1","99,9,+99999,9,00,1",,"9,AGL   ,+99999,+99999","03,99,1,01,1,99,9,00800,1,99,9,99,9",,,"9,9,999,9,+007,1",,"SYN05842260 32596 30708 10351 20277 49962 81501 333 10365 58007=",
"42260099999","2025-06-26T18:00:00","4","27.155831","77.960892","167.94","AGRA, IN","FM-12","99999","V020","090,1,N,0021,1","22000,1,9,N","004000,1,9,9","+0318,1","+0269,1","09993,1",,,,,,,"02,1,+00800,1,06,1","99,9,+99999,9,03,1",,"9,AGL   ,+99999,+99999","04,99,1,02,1,99,9,00800,1,99,9,99,9",,,"9,9,999,9,-005,1",,"SYN05242260 32596 40904 10318 20269 49993 82530 333 59005=",
"42260099999","2025-06-27T03:00:00","4","27.155831","77.960892","167.94","AGRA, IN","FM-12","99999","V020","090,1,N,0031,1","99999,9,9,N","004000,1,9,9","+0322,1","+0287,1","09996,1","24,0000,9,1","9,1,02,1","6,1,02,1",,,,"03,1,+00800,1,08,1","99,9,+99999,9,03,1",,"9,AGL   ,+99999,+99999","06,99,1,03,1,99,9,00800,1,99,9,99,9","240,N,+0297,1",,"9,9,999,9,-007,1","02,1","SYN08642260 21596 60906 10322 20287 49996 70296 83830 333 20297 59007 6990/ 555 00000 10163=","Q01  00002PRCP24"
"42260099999","2025-06-27T12:00:00","4","27.155831","77.960892","167.94","AGRA, IN","FM-12","99999","V020","140,1,N,0036,1","99999,9,9,N","004000,1,9,9","+0290,1","+0279,1","09964,1","09,0020,3,1","9,1,02,1","6,1,02,1",,,,"04,1,+00450,1,09,1","99,9,+99999,9,03,1",,"9,AGL   ,+99999,+99999","06,99,1,04,1,99,9,00450,1,99,9,99,9",,,"9,9,999,9,-003,1","17,1","SYN07042260 21496 61407 10290 20279 49964 71796 84330 333 10371 59003 6002/=",
"42260099999","2025-06-28T03:00:00","4","27.155831","77.960892","167.94","AGRA, IN","FM-12","99999","V020","200,1,N,0015,1","22000,1,9,N","004000,1,9,9","+0314,1","+0256,1","09990,1","24,0020,3,1",,,,,,"05,2,+00800,1,06,1","99,9,+99999,9,03,1",,"9,AGL   ,+99999,+99999","03,99,2,05,2,99,9,00800,1,99,9,99,9","240,N,+0279,1",,"9,9,999,9,-006,1",,"SYN08042260 22596 32003 10314 20256 49990 85530 333 20279 59006 6002/ 555 00020 10165=",
"42260099999","2025-06-28T09:00:00","4","27.155831","77.960892","167.94","AGRA, IN","FM-12","99999","V020","180,1,N,0031,1","99999,9,9,N","004000,1,9,9","+0324,1","+0303,1","09966,1","06,0000,2,1","9,1,02,1","6,1,02,1",,,,"03,1,+00450,1,07,1","99,9,+99999,9,03,1",,"9,AGL   ,+99999,+99999","08,99,1,03,1,99,9,00450,1,99,9,99,9",,,"9,9,999,9,-005,1","95,1","SYN06442260 21496 81806 10324 20303 49966 79596 83730 333 59005 6990/=",
"42260099999","2025-06-29T00:00:00","4","27.155831","77.960892","167.94","AGRA, IN","FM-12","99999","V020","180,1,N,0026,1","99999,9,9,N","004000,1,9,9","+0278,1","+0262,1","09964,1","21,0160,3,1",,,,,,"03,1,+00800,1,06,1","99,9,+99999,9,03,1",,"9,AGL   ,+99999,+99999","07,99,1,03,1,99,9,00800,1,99,9,99,9",,,"9,9,999,9,-026,1",,"SYN05842260 22596 71805 10278 20262 49964 83530 333 59026 6016/=",
"42260099999","2025-06-29T03:00:00","4","27.155831","77.960892","167.94","AGRA, IN","FM-12","99999","V020","230,1,N,0031,1","99999,9,9,N","004000,1,9,9","+0298,1","+0259,1","09964,1","24,0160,3,1",,,,,,"01,1,+00800,1,06,1","99,9,+99999,9,03,1","99,9,+99999,9,00,1","9,AGL   ,+99999,+99999","06,99,1,01,1,99,9,00800,1,99,9,99,9","240,N,+0278,1",,"9,9,999,9,-027,1",,"SYN08042260 22596 62306 10298 20259 49964 81541 333 20278 59027 6016/ 555 00156 10181=",
"42260099999","2025-06-29T15:00:00","4","27.155831","77.960892","167.94","AGRA, IN","FM-12","99999","V020","999,9,V,0010,1","99999,9,9,N","002000,1,9,9","+0270,1","+0259,1","09969,1","12,0170,3,1","9,1,02,1","6,1,02,1",,,,"03,1,+00250,1,07,1","99,9,+99999,9,03,1",,"9,AGL   ,+99999,+99999","08,99,1,03,1,99,9,00250,1,99,9,99,9",,,"9,9,999,9,-003,1","61,1","SYN06442260 21395 89902 10270 20259 49969 76196 83630 333 59003 6017/=",
"42260099999","2025-06-29T18:00:00","4","27.155831","77.960892","167.94","AGRA, IN","FM-12","99999","V020","999,9,V,0010,1","99999,9,9,N","004000,1,9,9","+0272,1","+0261,1","09973,1","15,0170,3,1","9,1,02,1","6,1,02,1",,,,"04,1,+00450,1,06,1","99,9,+99999,9,03,1",,"9,AGL   ,+99999,+99999","08,99,1,04,1,99,9,00450,1,99,9,99,9",,,"9,9,999,9,-003,1","60,1","SYN06442260 21496 89902 10272 20261 49973 76096 84430 333 59003 6017/=",
"42260099999","2025-06-30T00:00:00","4","27.155831","77.960892","167.94","AGRA, IN","FM-12","99999","V020","110,1,N,0015,1","99999,9,9,N","002000,1,9,9","+0276,1","+0274,1","09961,1","21,0210,3,1","9,1,02,1","6,1,02,1",,,,"05,1,+00250,1,07,1","99,9,+99999,9,03,1",,"9,AGL   ,+99999,+99999","08,99,1,05,1,99,9,00250,1,99,9,99,9",,,"9,9,999,9,-003,1","95,1","SYN06442260 21395 81103 10276 20274 49961 79596 85630 333 59003 6021/=",
"42260099999","2025-06-30T09:00:00","4","27.155831","77.960892","167.94","AGRA, IN","FM-12","99999","V020","110,1,N,0021,1","99999,9,9,N","004000,1,9,9","+0270,1","+0270,1","09974,1","06,0050,3,1","9,1,02,1","6,1,02,1",,,,"08,1,+00450,1,06,1","99,9,+99999,9,03,1",,"9,AGL   ,+99999,+99999","08,99,1,08,1,99,9,00450,1,99,9,99,9",,,"9,9,999,9,+026,1","95,1","SYN06442260 21496 81104 10270 20270 49974 79596 88530 333 58026 6005/=",
"42260099999","2025-06-30T12:00:00","4","27.155831","77.960892","167.94","AGRA, IN","FM-12","99999","V020","360,1,N,0026,1","99999,9,9,N","004000,1,9,9","+0288,1","+0286,1","09961,1","09,0050,3,1","9,1,02,1","6,1,02,1",,,,"08,1,+00450,1,09,1","99,9,+99999,9,03,1",,"9,AGL   ,+99999,+99999","08,99,1,08,1,99,9,00450,1,99,9,99,9",,,"9,9,999,9,+017,1","95,1","SYN07042260 21496 83605 10288 20286 49961 79596 88930 333 10350 58017 6005/=",
"42260099999","2025-06-30T18:00:00","4","27.155831","77.960892","167.94","AGRA, IN","FM-12","99999","V020","999,9,V,0005,1","99999,9,9,N","004000,1,9,9","+0269,1","+0265,1","09984,1","15,0240,3,1","9,1,02,1","6,1,02,1",,,,"05,1,+00250,1,07,1","99,9,+99999,9,04,1",,"9,AGL   ,+99999,+99999","08,99,1,05,1,99,9,00250,1,99,9,99,9",,,"9,9,999,9,+010,1","60,1","SYN06442260 21396 89901 10269 20265 49984 76096 85710 333 58010 6024/=",
"42260099999","2025-07-01T09:00:00","4","27.155831","77.960892","167.94","AGRA, IN","FM-12","99999","V020","020,1,N,0036,1","99999,9,9,N","004000,1,9,9","+0323,1","+0279,1","09967,1",,"6,1,02,1","2,1,02,1",,,,"03,1,+00450,1,06,1","99,9,+99999,9,03,1",,"9,AGL   ,+99999,+99999","07,99,1,03,1,99,9,00450,1,99,9,99,9",,,"9,9,999,9,-003,1","10,1","SYN05842260 31496 70207 10323 20279 49967 71062 83530 333 59003=",
"42260099999","2025-07-01T12:00:00","4","27.155831","77.960892","167.94","AGRA, IN","FM-12","99999","V020","020,1,N,0015,1","99999,9,9,N","004000,1,9,9","+0312,1","+0263,1","09952,1","09,0000,9,1","6,1,02,1","2,1,02,1",,,,"03,1,+00800,1,06,1","99,9,+99999,9,03,1",,"9,AGL   ,+99999,+99999","06,99,1,03,1,99,9,00800,1,99,9,99,9","240,M,+0324,1",,"9,9,999,9,-008,1","01,1","SYN07042260 21596 60203 10312 20263 49952 70162 83530 333 10324 59008 6990/=","Q01  00002PRCP09"
"42260099999","2025-07-02T00:00:00","4","27.155831","77.960892","167.94","AGRA, IN","FM-12","99999","V020","050,1,N,0021,1","99999,9,9,N","004000,1,9,9","+0279,1","+0261,1","09974,1","21,0090,3,1","2,1,02,1","2,1,02,1",,,,"02,1,+00450,1,06,1","99,9,+99999,9,03,1",,"9,AGL   ,+99999,+99999","06,99,1,02,1,99,9,00450,1,99,9,99,9",,,"9,9,999,9,+004,1","10,1","SYN06442260 21496 60504 10279 20261 49974 71022 82530 333 58004 6009/=",
"42260099999","2025-07-02T03:00:00","4","27.155831","77.960892","167.94","AGRA, IN","FM-12","99999","V020","050,1,N,0036,1","99999,9,9,N","004000,1,9,9","+0298,1","+0274,1","09980,1","24,0090,3,1","2,1,02,1","2,1,02,1",,,,"04,1,+00450,1,06,1","99,9,+99999,9,03,1",,"9,AGL   ,+99999,+99999","06,99,1,04,1,99,9,00450,1,99,9,99,9","240,N,+0277,1",,"9,9,999,9,-011,1","10,1","SYN08642260 21496 60507 10298 20274 49980 71022 84530 333 20277 59011 6009/ 555 00094 10243=",
"42260099999","2025-07-02T06:00:00","4","27.155831","77.960892","167.94","AGRA, IN","FM-12","99999","V020","070,1,N,0026,1","99999,9,9,N","004000,1,9,9","+0322,1","+0279,1","09980,1","03,0000,9,1","6,1,02,1","2,1,02,1",,,,"03,1,+00450,1,06,1","99,9,+99999,9,03,1",,"9,AGL   ,+99999,+99999","07,99,1,03,1,99,9,00450,1,99,9,99,9",,,"9,9,999,9,-013,1","02,1","SYN06442260 21496 70705 10322 20279 49980 70262 83530 333 59013 6990/=","Q01  00002PRCP03"
"42260099999","2025-07-02T09:00:00","4","27.155831","77.960892","167.94","AGRA, IN","FM-12","99999","V020","050,1,N,0031,1","99999,9,9,N","004000,1,9,9","+0273,1","+0267,1","09962,1","06,0280,3,1","9,1,02,1","6,1,02,1",,,,"06,1,+00250,1,09,1","99,9,+99999,9,03,1",,"9,AGL   ,+99999,+99999","08,99,1,06,1,99,9,00250,1,99,9,99,9",,,"9,9,999,9,-008,1","95,1","SYN06442260 21396 80506 10273 20267 49962 79596 86930 333 59008 6028/=",
"42260099999","2025-07-02T12:00:00","4","27.155831","77.960892","167.94","AGRA, IN","FM-12","99999","V020","999,9,V,0005,1","99999,9,9,N","004000,1,9,9","+0300,1","+0277,1","09951,1","09,0280,3,1","9,1,02,1","6,1,02,1",,,,"03,1,+00800,1,06,1","99,9,+99999,9,03,1",,"9,AGL   ,+99999,+99999","06,99,1,03,1,99,9,00800,1,99,9,99,9",,,"9,9,999,9,-004,1","17,1","SYN07042260 21596 69901 10300 20277 49951 71796 83530 333 10335 59004 6028/=",
"42260099999","2025-07-03T00:00:00","4","27.155831","77.960892","167.94","AGRA, IN","FM-12","99999","V020","050,1,N,0021,1","99999,9,9,N","002000,1,9,9","+0284,1","+0273,1","09976,1","21,0300,3,1","9,1,02,1","6,1,02,1",,,,"05,1,+00250,1,09,1","99,9,+99999,9,03,1",,"9,AGL   ,+99999,+99999","08,99,1,05,1,99,9,00250,1,99,9,99,9",,,"9,9,999,9,+001,1","95,1","SYN06442260 21395 80504 10284 20273 49976 79596 8593/ 333 58001 6030/=",
"42260099999","2025-07-03T03:00:00","4","27.155831","77.960892","167.94","AGRA, IN","FM-12","99999","V020","070,1,N,0031,1","99999,9,9,N","002000,1,9,9","+0298,1","+0274,1","09984,1","24,0300,3,1","9,1,02,1","6,1,02,1",,,,"06,1,+00250,1,07,1","99,9,+99999,9,03,1",,"9,AGL   ,+99999,+99999","07,99,1,06,1,99,9,00250,1,99,9,99,9","240,N,+0278,1",,"9,9,999,9,+004,1","10,1","SYN07042260 21395 70706 10298 20274 49984 71096 86630 333 20278 58004 6030/=",
"42260099999","2025-07-03T06:00:00","4","27.155831","77.960892","167.94","AGRA, IN","FM-12","99999","V020","070,1,N,0041,1","00300,1,C,9","004000,1,9,9","+0330,1","+0286,1","09987,1","99,9999,9,9","9,1,99,9","6,1,99,9",,,,"05,1,+00300,1,06,1","99,9,+99999,9,05,1",,"9,AGL   ,+99999,+99999","06,99,1,05,1,99,9,00300,1,99,9,99,9",,,"9,9,999,9,+007,1","02,1","SYN004BUFR",
"42260099999","2025-07-03T12:00:00","4","27.155831","77.960892","167.94","AGRA, IN","FM-12","99999","V020","140,1,N,0036,1","99999,9,9,N","004000,1,9,9","+0294,1","+0289,1","09961,1","09,0006,3,1","9,1,02,1","6,1,02,1",,,,"07,2,+00450,1,09,1","99,9,+99999,9,03,1",,"9,AGL   ,+99999,+99999","06,99,2,07,2,99,9,00450,1,99,9,99,9","240,M,+0354,1",,"9,9,999,9,+012,1","95,1","SYN07042260 21496 61407 10294 20289 49961 79596 87930 333 10354 58012 6996/=",
"42260099999","2025-07-03T15:00:00","4","27.155831","77.960892","167.94","AGRA, IN","FM-12","99999","V020","999,9,V,0010,1","99999,9,9,N","004000,1,9,9","+0296,1","+0283,1","09976,1","12,0006,3,1","9,1,02,1","6,1,02,1",,,,"03,1,+00800,1,06,1","99,9,+99999,9,03,1",,"9,AGL   ,+99999,+99999","05,99,1,03,1,99,9,00800,1,99,9,99,9",,,"9,9,999,9,+002,1","02,1","SYN06442260 21596 59902 10296 20283 49976 70296 83530 333 58002 6996/=",
"42260099999","2025-07-03T18:00:00","4","27.155831","77.960892","167.94","AGRA, IN","FM-12","99999","V020","999,9,V,0010,1","99999,9,9,N","004000,1,9,9","+0293,1","+0280,1","09989,1","15,0006,3,1","9,1,02,1","6,1,02,1",,,,"03,1,+00800,1,06,1","99,9,+99999,9,03,1",,"9,AGL   ,+99999,+99999","05,99,1,03,1,99,9,00800,1,99,9,99,9",,,"9,9,999,9,+012,1","02,1","SYN06442260 21596 59902 10293 20280 49989 70296 83530 333 58012 6996/=",
"42260099999","2025-07-04T00:00:00","4","27.155831","77.960892","167.94","AGRA, IN","FM-12","99999","V020","050,1,N,0015,1","99999,9,9,N","004000,1,9,9","+0280,1","+0269,1","09983,1","21,0006,3,1","9,1,02,1","6,1,02,1",,,,"05,1,+00800,1,07,1","99,9,+99999,9,03,1",,"9,AGL   ,+99999,+99999","06,99,1,05,1,99,9,00800,1,99,9,99,9",,,"9,9,999,9,+010,1","60,1","SYN06442260 21596 60503 10280 20269 49983 76096 85630 333 58010 6996/=",
"42260099999","2025-07-04T03:00:00","4","27.155831","77.960892","167.94","AGRA, IN","FM-12","99999","V020","090,1,N,0015,1","22000,1,9,N","004000,1,9,9","+0320,1","+0274,1","09985,1","24,0006,3,1","6,1,02,1","2,1,02,1",,,,"05,2,+00800,1,06,1","99,9,+99999,9,03,1",,"9,AGL   ,+99999,+99999","04,99,2,05,2,99,9,00800,1,99,9,99,9","240,N,+0284,1",,"9,9,999,9,+002,1","02,1","SYN08642260 21596 40903 10320 20274 49985 70262 85530 333 20284 58002 6996/ 555 00006 10274=",
"42260099999","2025-07-04T06:00:00","4","27.155831","77.960892","167.94","AGRA, IN","FM-12","99999","V020","110,1,N,0015,1","99999,9,9,N","004000,1,9,9","+0328,1","+0277,1","09984,1",,"2,1,02,1","2,1,02,1",,,,"08,2,+00450,1,09,1","99,9,+99999,9,03,1",,"9,AGL   ,+99999,+99999","07,99,2,08,2,99,9,00450,1,99,9,99,9",,,"9,9,999,9,-002,1","16,1","SYN05842260 31496 71103 10328 20277 49984 71622 88930 333 59002=",
"42260099999","2025-07-04T09:00:00","4","27.155831","77.960892","167.94","AGRA, IN","FM-12","99999","V020","110,1,N,0026,1","99999,9,9,N","004000,1,9,9","+0364,1","+0288,1","09959,1","06,0000,9,1","6,1,02,1","2,1,02,1",,,,"01,1,+00800,1,08,1","99,9,+99999,9,03,1",,"9,AGL   ,+99999,+99999","06,99,1,01,1,99,9,00800,1,99,9,99,9",,,"9,9,999,9,-005,1","02,1","SYN06442260 21596 61105 10364 20288 49959 70262 81830 333 59005 6990/=","Q01  00002PRCP06"
"42260099999","2025-07-05T03:00:00","4","27.155831","77.960892","167.94","AGRA, IN","FM-12","99999","V020","999,9,V,0010,1","99999,9,9,N","004000,1,9,9","+0292,1","+0265,1","09980,1","24,0410,3,1","6,1,02,1","1,1,02,1",,,,"02,1,+00450,1,07,1","99,9,+99999,9,03,1",,"9,AGL   ,+99999,+99999","06,99,1,02,1,99,9,00450,1,99,9,99,9","240,N,+0272,1",,"9,9,999,9,-005,1","10,1","SYN08642260 21496 69902 10292 20265 49980 71061 82630 333 20272 59005 6041/ 555 00412 10315=",
"42260099999","2025-07-05T12:00:00","4","27.155831","77.960892","167.94","AGRA, IN","FM-12","99999","V020","250,1,N,0021,1","22000,1,9,N","004000,1,9,9","+0340,1","+0275,1","09941,1","09,0000,9,1","6,1,02,1","1,1,02,1",,,,"02,1,+00800,1,08,1","99,9,+99999,9,03,1",,"9,AGL   ,+99999,+99999","04,99,1,02,1,99,9,00800,1,99,9,99,9","240,M,+0352,1",,"9,9,999,9,-023,1","02,1","SYN07042260 21596 42504 10340 20275 49941 70261 82830 333 10352 59023 6990/=","Q01  00002PRCP09"
"42260099999","2025-07-05T18:00:00","4","27.155831","77.960892","167.94","AGRA, IN","FM-12","99999","V020","200,1,N,0015,1","99999,9,9,N","004000,1,9,9","+0302,1","+0272,1","09981,1","15,0000,9,1",,,,,,"03,1,+00800,1,06,1","99,9,+99999,9,03,1",,"9,AGL   ,+99999,+99999","06,99,1,03,1,99,9,00800,1,99,9,99,9",,,"9,9,999,9,-012,1",,"SYN05842260 22596 62003 10302 20272 49981 83540 333 59012 6990/=","Q01  00002PRCP15"
"42260099999","2025-07-06T06:00:00","4","27.155831","77.960892","167.94","AGRA, IN","FM-12","99999","V020","999,9,V,0010,1","99999,9,9,N","004000,1,9,9","+0338,1","+0287,1","09977,1",,,,,,,"04,1,+00800,1,06,1","99,9,+99999,9,03,1",,"9,AGL   ,+99999,+99999","06,99,1,04,1,99,9,00800,1,99,9,99,9",,,"9,9,999,9,-006,1",,"SYN05242260 32596 69902 10338 20287 49977 84530 333 59006=",
"42260099999","2025-07-06T09:00:00","4","27.155831","77.960892","167.94","AGRA, IN","FM-12","99999","V020","200,1,N,0041,1","99999,9,9,N","004000,1,9,9","+0304,1","+0291,1","09962,1","06,0150,3,1","9,1,02,1","6,1,02,1",,,,"05,1,+00450,1,09,1","99,9,+99999,9,03,1",,"9,AGL   ,+99999,+99999","06,99,1,05,1,99,9,00450,1,99,9,99,9",,,"9,9,999,9,-011,1","17,1","SYN06442260 21496 62008 10304 20291 49962 71796 85930 333 59011 6015/=",
"42260099999","2025-07-07T00:00:00","4","27.155831","77.960892","167.94","AGRA, IN","FM-12","99999","V020","320,1,N,0036,1","99999,9,9,N","004000,1,9,9","+0276,1","+0254,1","09978,1","21,0150,3,1","2,1,02,1","2,1,02,1",,,,"06,1,+00450,1,07,1","99,9,+99999,9,03,1",,"9,AGL   ,+99999,+99999","07,99,1,06,1,99,9,00450,1,99,9,99,9",,,"9,9,999,9,+009,1","60,1","SYN06442260 21496 73207 10276 20254 49978 76022 86730 333 58009 6015/=",
"42260099999","2025-07-07T03:00:00","4","27.155831","77.960892","167.94","AGRA, IN","FM-12","99999","V020","020,1,N,0041,1","99999,9,9,N","004000,1,9,9","+0249,1","+0248,1","09998,1","24,0190,3,1","6,1,02,1","2,1,02,1",,,,"08,1,+00250,1,08,1","99,9,+99999,9,03,1",,"9,AGL   ,+99999,+99999","08,99,1,08,1,99,9,00250,1,99,9,99,9","240,N,+0248,1",,"9,9,999,9,+016,1","60,1","SYN08642260 21396 80208 10249 20248 49998 76062 88850 333 20248 58016 6019/ 555 00192 10334=",
"42260099999","2025-07-07T18:00:00","4","27.155831","77.960892","167.94","AGRA, IN","FM-12","99999","V020","999,9,C,0000,1","99999,9,9,N","004000,1,9,9","+0279,1","+0238,1","09995,1",,,,,,,"03,1,+00800,1,06,1","99,9,+99999,9,03,1",,"9,AGL   ,+99999,+99999","07,99,1,03,1,99,9,00800,1,99,9,99,9",,,"9,9,999,9,+024,1",,"SYN05242260 32596 70000 10279 20238 49995 83530 333 58024=",
"42260099999","2025-07-08T18:00:00","4","27.155831","77.960892","167.94","AGRA, IN","FM-12","99999","V020","180,1,N,0021,1","99999,9,9,N","004000,1,9,9","+0280,1","+0257,1","09993,1",,"9,1,02,1","2,1,02,1",,,,"01,1,+00800,1,09,1","99,9,+99999,9,03,1",,"9,AGL   ,+99999,+99999","06,99,1,01,1,99,9,00800,1,99,9,99,9",,,"9,9,999,9,-002,1","02,1","SYN05842260 31596 61804 10280 20257 49993 70292 81930 333 59002=",
"42260099999","2025-07-09T12:00:00","4","27.155831","77.960892","167.94","AGRA, IN","FM-12","99999","V020","020,1,N,0051,1","99999,9,9,N","001000,1,9,9","+0290,1","+0290,1","09989,1","09,0010,3,1","9,1,02,1","6,1,02,1",,,,"05,1,+00250,1,09,1","99,9,+99999,9,03,1",,"9,AGL   ,+99999,+99999","08,99,1,05,1,99,9,00250,1,99,9,99,9",,,"9,9,999,9,+030,1","95,1","SYN07042260 21394 80210 10290 20290 49989 79596 85930 333 10340 58030 6001/=",
"42260099999","2025-07-10T00:00:00","4","27.155831","77.960892","167.94","AGRA, IN","FM-12","99999","V020","070,1,N,0015,1","99999,9,9,N","004000,1,9,9","+0250,1","+0245,1","10009,1","21,0290,3,1","9,1,02,1","6,1,02,1",,,,"05,1,+00250,1,07,1","99,9,+99999,9,03,1",,"9,AGL   ,+99999,+99999","08,99,1,05,1,99,9,00250,1,99,9,99,9",,,"9,9,999,9,+005,1","10,1","SYN06442260 21396 80703 10250 20245 40009 71096 85740 333 58005 6029/=",
"42260099999","2025-07-10T03:00:00","4","27.155831","77.960892","167.94","AGRA, IN","FM-12","99999","V020","999,9,V,0010,1","99999,9,9,N","004000,1,9,9","+0264,1","+0253,1","10026,1","24,0290,3,1","6,1,02,1","2,1,02,1",,,,"03,1,+00450,1,07,1","99,9,+99999,9,03,1",,"9,AGL   ,+99999,+99999","08,99,1,03,1,99,9,00450,1,99,9,99,9","240,N,+0248,1",,"9,9,999,9,+021,1","10,1","SYN08642260 21496 89902 10264 20253 40026 71062 83730 333 20248 58021 6029/ 555 00294 10363=",
"42260099999","2025-07-11T12:00:00","4","27.155831","77.960892","167.94","AGRA, IN","FM-12","99999","V020","230,1,N,0026,1","99999,9,9,N","004000,1,9,9","+0338,1","+0272,1","09983,1",,,,,,,"03,1,+00800,1,06,1","99,9,+99999,9,03,1",,"9,AGL   ,+99999,+99999","05,99,1,03,1,99,9,00800,1,99,9,99,9",,,"9,9,999,9,-015,1",,"SYN05842260 32596 52305 10338 20272 49983 83530 333 10356 59015=",
"42260099999","2025-07-11T18:00:00","4","27.155831","77.960892","167.94","AGRA, IN","FM-12","99999","V020","999,9,V,0010,1","99999,9,9,N","004000,1,9,9","+0280,1","+0259,1","10012,1",,"9,1,02,1","2,1,02,1",,,,"03,1,+00800,1,06,1","99,9,+99999,9,03,1",,"9,AGL   ,+99999,+99999","06,99,1,03,1,99,9,00800,1,99,9,99,9",,,"9,9,999,9,-013,1","02,1","SYN05842260 31596 69902 10280 20259 40012 70292 83530 333 59013=",
"42260099999","2025-07-12T00:00:00","4","27.155831","77.960892","167.94","AGRA, IN","FM-12","99999","V020","999,9,V,0010,1","99999,9,9,N","004000,1,9,9","+0272,1","+0256,1","10008,1",,,,,,,"04,1,+00800,1,06,1","99,9,+99999,9,03,1",,"9,AGL   ,+99999,+99999","06,99,1,04,1,99,9,00800,1,99,9,99,9",,,"9,9,999,9,-001,1",,"SYN05242260 32596 69902 10272 20256 40008 84530 333 59001=",
"42260099999","2025-07-12T18:00:00","4","27.155831","77.960892","167.94","AGRA, IN","FM-12","99999","V020","340,1,N,0026,1","99999,9,9,N","004000,1,9,9","+0278,1","+0253,1","10009,1","15,0070,3,1",,,,,,"03,1,+00800,1,06,1","99,9,+99999,9,03,1",,"9,AGL   ,+99999,+99999","06,99,1,03,1,99,9,00800,1,99,9,99,9",,,"9,9,999,9,-004,1",,"SYN05842260 22596 63405 10278 20253 40009 83530 333 59004 6007/=",
"42260099999","2025-07-13T03:00:00","4","27.155831","77.960892","167.94","AGRA, IN","FM-12","99999","V020","050,1,N,0036,1","99999,9,9,N","004000,1,9,9","+0274,1","+0249,1","10015,1","24,0070,3,1","9,1,02,1","2,1,02,1",,,,"05,1,+00450,1,09,1","99,9,+99999,9,03,1",,"9,AGL   ,+99999,+99999","08,99,1,05,1,99,9,00450,1,99,9,99,9","240,N,+0272,1",,"9,9,999,9,+003,1","60,1","SYN08642260 21496 80507 10274 20249 40015 76092 85350 333 20272 58003 6007/ 555 00070 10394=",
"42260099999","2025-07-13T09:00:00","4","27.155831","77.960892","167.94","AGRA, IN","FM-12","99999","V020","020,1,N,0036,1","99999,9,9,N","004000,1,9,9","+0308,1","+0276,1","09985,1","06,0010,3,1","6,1,02,1","2,1,02,1",,,,"02,1,+00450,1,07,1","99,9,+99999,9,03,1",,"9,AGL   ,+99999,+99999","07,99,1,02,1,99,9,00450,1,99,9,99,9",,,"9,9,999,9,-013,1","01,1","SYN06442260 21496 70207 10308 20276 49985 70162 82730 333 59013 6001/=",
"42260099999","2025-07-13T12:00:00","4","27.155831","77.960892","167.94","AGRA, IN","FM-12","99999","V020","020,1,N,0036,1","99999,9,9,N","004000,1,9,9","+0325,1","+0275,1","09957,1","09,0010,3,1",,,,,,"01,1,+00450,1,09,1","99,9,+99999,9,03,1",,"9,AGL   ,+99999,+99999","06,99,1,01,1,99,9,00450,1,99,9,99,9",,,"9,9,999,9,-035,1",,"SYN06442260 22496 60207 10325 20275 49957 81930 333 10327 59035 6001/=",
"42260099999","2025-07-13T15:00:00","4","27.155831","77.960892","167.94","AGRA, IN","FM-12","99999","V020","020,1,N,0046,1","99999,9,9,N","004000,1,9,9","+0274,1","+0265,1","09983,1","12,0020,3,1","9,1,02,1","6,1,02,1",,,,"08,1,+00450,1,09,1","99,9,+99999,9,03,1",,"9,AGL   ,+99999,+99999","08,99,1,08,1,99,9,00450,1,99,9,99,9",,,"9,9,999,9,-018,1","17,1","SYN06442260 21496 80209 10274 20265 49983 71796 88930 333 59018 6002/=",
"42260099999","2025-07-14T06:00:00","4","27.155831","77.960892","167.94","AGRA, IN","FM-12","99999","V020","110,1,N,0057,1","99999,9,9,N","004000,1,9,9","+0323,1","+0281,1","09980,1",,,,,,,"03,1,+00450,1,06,1","99,9,+99999,9,03,1",,"9,AGL   ,+99999,+99999","06,99,1,03,1,99,9,00450,1,99,9,99,9",,,"9,9,999,9,-028,1",,"SYN05242260 32496 61111 10323 20281 49980 83530 333 59028=",
"42260099999","2025-07-14T09:00:00","4","27.155831","77.960892","167.94","AGRA, IN","FM-12","99999","V020","140,1,N,0051,1","99999,9,9,N","004000,1,9,9","+0312,1","+0283,1","09969,1","06,0000,9,1","6,1,02,1","2,1,02,1",,,,"03,1,+00450,1,06,1","99,9,+99999,9,03,1",,"9,AGL   ,+99999,+99999","07,99,1,03,1,99,9,00450,1,99,9,99,9",,,"9,9,999,9,-017,1","10,1","SYN06442260 21496 71410 10312 20283 49969 71062 83530 333 59017 6990/=","Q01  00002PRCP06"
"42260099999","2025-07-14T12:00:00","4","27.155831","77.960892","167.94","AGRA, IN","FM-12","99999","V020","180,1,N,0041,1","99999,9,9,N","004000,1,9,9","+0318,1","+0275,1","09959,1","09,0000,9,1","6,1,02,1","2,1,02,1",,,,"04,1,+00800,1,06,1","99,9,+99999,9,03,1",,"9,AGL   ,+99999,+99999","06,99,1,04,1,99,9,00800,1,99,9,99,9",,,"9,9,999,9,+001,1","02,1","SYN07042260 21596 61808 10318 20275 49959 70262 84530 333 10329 58001 6990/=","Q01  00002PRCP09"
"42260099999","2025-07-14T15:00:00","4","27.155831","77.960892","167.94","AGRA, IN","FM-12","99999","V020","160,1,N,0026,1","99999,9,9,N","004000,1,9,9","+0284,1","+0254,1","09982,1","12,0000,9,1","9,1,02,1","6,1,02,1",,,,"04,1,+00450,1,08,1","99,9,+99999,9,03,1",,"9,AGL   ,+99999,+99999","06,99,1,04,1,99,9,00450,1,99,9,99,9",,,"9,9,999,9,-001,1","02,1","SYN06442260 21496 61605 10284 20254 49982 70296 84830 333 59001 6990/=","Q01  00002PRCP12"
"42260099999","2025-07-16T04:30:00","4","27.155831","77.960892","167.94","AGRA, IN","FM-15","99999","V020","120,1,N,0031,1","02743,1,C,N","006000,1,9,9","+0320,1","+0260,1","99999,9",,,,,,,"04,1,+00610,1,99,9","04,1,+02743,1,99,9",,"9,AGL   ,+99999,+99999","99,99,9,04,1,99,9,00610,1,99,9,99,9",,"10020,1,99999,9",,,"MET064METAR VIAG 160430Z 12006KT 6000 SCT020 SCT090 32/26 Q1002 NOSIG=",
"42260099999","2025-07-16T12:00:00","4","27.155831","77.960892","167.94","AGRA, IN","FM-12","99999","V020","140,1,N,0026,1","99999,9,9,N","004000,1,9,9","+0299,1","+0272,1","09981,1","09,0010,3,1","9,1,02,1","6,1,02,1",,,,"05,1,+00800,1,06,1","99,9,+99999,9,03,1",,"9,AGL   ,+99999,+99999","06,99,1,05,1,99,9,00800,1,99,9,99,9",,,"9,9,999,9,+013,1","01,1","SYN07042260 21596 61405 10299 20272 49981 70196 85530 333 10343 58013 6001/=",
"42260099999","2025-07-17T03:00:00","4","27.155831","77.960892","167.94","AGRA, IN","FM-12","99999","V020","090,1,N,0021,1","99999,9,9,N","004000,1,9,9","+0286,1","+0253,1","10024,1","24,0010,3,1",,,,,,"03,1,+00450,1,06,1","99,9,+99999,9,03,1",,"9,AGL   ,+99999,+99999","07,99,1,03,1,99,9,00450,1,99,9,99,9","240,N,+0268,1",,"9,9,999,9,+017,1",,"SYN08042260 22496 70904 10286 20253 40024 83540 333 20268 58017 6001/ 555 00012 10412=",
"42260099999","2025-07-17T12:00:00","4","27.155831","77.960892","167.94","AGRA, IN","FM-12","99999","V020","270,1,N,0031,1","99999,9,9,N","002000,1,9,9","+0275,1","+0266,1","09994,1","09,0190,3,1","9,1,02,1","6,1,02,1",,,,"04,1,+00250,1,07,1","99,9,+99999,9,03,1",,"9,AGL   ,+99999,+99999","07,99,1,04,1,99,9,00250,1,99,9,99,9",,,"9,9,999,9,+012,1","17,1","SYN07042260 21395 72706 10275 20266 49994 71796 84630 333 10340 58012 6019/=",
"42260099999","2025-07-18T03:00:00","4","27.155831","77.960892","167.94","AGRA, IN","FM-12","99999","V020","020,1,N,0077,1","99999,9,9,N","002000,1,9,9","+0269,1","+0269,1","09980,1","24,0240,3,1","6,1,02,1","2,1,02,1",,,,"06,1,+00250,1,06,1","99,9,+99999,9,03,1",,"9,AGL   ,+99999,+99999","08,99,1,06,1,99,9,00250,1,99,9,99,9","240,N,+0262,1",,"9,9,999,9,-045,1","60,1","SYN08642260 21395 80215 10269 20269 49980 76062 86530 333 20262 59045 6024/ 555 00238 10436=",
"42260099999","2025-07-18T06:00:00","4","27.155831","77.960892","167.94","AGRA, IN","FM-12","99999","V020","050,1,N,0067,1","99999,9,9,N","002000,1,9,9","+0269,1","+0268,1","09976,1","03,0040,3,1","6,1,02,1","2,1,02,1",,,,"07,1,+00150,1,06,1","99,9,+99999,9,03,1",,"9,AGL   ,+99999,+99999","08,99,1,07,1,99,9,00150,1,99,9,99,9",,,"9,9,999,9,-048,1","61,1","SYN06442260 21295 80513 10269 20268 49976 76162 87530 333 59048 6004/=",
"42260099999","2025-07-18T09:00:00","4","27.155831","77.960892","167.94","AGRA, IN","FM-12","99999","V020","070,1,N,0051,1","99999,9,9,N","001000,1,9,9","+0273,1","+0269,1","09962,1","06,0060,3,1","6,1,02,1","6,1,02,1",,,,"05,1,+00150,1,07,1","99,9,+99999,9,03,1",,"9,AGL   ,+99999,+99999","08,99,1,05,1,99,9,00150,1,99,9,99,9",,,"9,9,999,9,-040,1","61,1","SYN06442260 21294 80710 10273 20269 49962 76166 85730 333 59040 6006/=",
"42260099999","2025-07-18T15:00:00","4","27.155831","77.960892","167.94","AGRA, IN","FM-12","99999","V020","110,1,N,0051,1","99999,9,9,N","004000,1,9,9","+0277,1","+0256,1","09978,1","12,0070,3,1",,,,,,"03,1,+00450,1,06,1","99,9,+99999,9,03,1",,"9,AGL   ,+99999,+99999","05,99,1,03,1,99,9,00450,1,99,9,99,9",,,"9,9,999,9,-026,1",,"SYN05842260 22496 51110 10277 20256 49978 83530 333 59026 6007/=",
"42260099999","2025-07-19T00:00:00","4","27.155831","77.960892","167.94","AGRA, IN","FM-12","99999","V020","110,1,N,0026,1","22000,1,9,N","004000,1,9,9","+0258,1","+0250,1","09988,1","21,0070,3,1","1,1,02,1","1,1,02,1",,,,"01,1,+00450,1,06,1","99,9,+99999,9,03,1",,"9,AGL   ,+99999,+99999","03,99,1,01,1,99,9,00450,1,99,9,99,9",,,"9,9,999,9,+006,1","10,1","SYN06442260 21496 31105 10258 20250 49988 71011 81530 333 58006 6007/=",
"42260099999","2025-07-19T03:00:00","4","27.155831","77.960892","167.94","AGRA, IN","FM-12","99999","V020","140,1,N,0036,1","22000,1,9,N","004000,1,9,9","+0289,1","+0245,1","09998,1","24,0070,3,1",,,,,,"01,1,+00450,1,06,1",,,"9,AGL   ,+99999,+99999","04,99,1,01,1,99,9,00450,1,99,9,99,9","240,N,+0258,1",,"9,9,999,9,+020,1",,"SYN08042260 22496 41407 10289 20245 49998 81500 333 20258 58020 6007/ 555 00066 10443=",
"42260099999","2025-07-19T09:00:00","4","27.155831","77.960892","167.94","AGRA, IN","FM-12","99999","V020","180,1,N,0036,1","99999,9,9,N","004000,1,9,9","+0334,1","+0244,1","09980,1",,,,,,,"05,1,+00450,1,06,1",,,"9,AGL   ,+99999,+99999","05,99,1,05,1,99,9,00450,1,99,9,99,9",,,"9,9,999,9,+023,1",,"SYN05242260 32496 51807 10334 20244 49980 85500 333 58023=",
"42260099999","2025-07-20T00:00:00","4","27.155831","77.960892","167.94","AGRA, IN","FM-12","99999","V020","999,9,V,0010,1","99999,9,9,N","004000,1,9,9","+0272,1","+0248,1","09980,1",,"0,1,02,1","0,1,02,1",,,,"02,1,+00800,1,06,1","99,9,+99999,9,03,1","99,9,+99999,9,00,1","9,AGL   ,+99999,+99999","05,99,1,02,1,99,9,00800,1,99,9,99,9",,,"9,9,999,9,-007,1","10,1","SYN05842260 31596 59902 10272 20248 49980 71000 82532 333 59007=",
"42260099999","2025-07-20T09:00:00","4","27.155831","77.960892","167.94","AGRA, IN","FM-12","99999","V020","200,1,N,0026,1","99999,9,9,N","004000,1,9,9","+0332,1","+0266,1","09979,1",,,,,,,"01,1,+00800,1,06,1","99,9,+99999,9,03,1","99,9,+99999,9,00,1","9,AGL   ,+99999,+99999","06,99,1,01,1,99,9,00800,1,99,9,99,9",,,"9,9,999,9,-002,1",,"SYN05242260 32596 62005 10332 20266 49979 81541 333 59002=",
"42260099999","2025-07-21T03:00:00","4","27.155831","77.960892","167.94","AGRA, IN","FM-12","99999","V020","999,9,V,0010,1","99999,9,9,N","004000,1,9,9","+0299,1","+0279,1","10019,1","24,0000,2,1","6,1,02,1","2,1,02,1",,,,"04,1,+00450,1,06,1","99,9,+99999,9,03,1",,"9,AGL   ,+99999,+99999","08,99,1,04,1,99,9,00450,1,99,9,99,9","240,N,+0284,1",,"9,9,999,9,+030,1","60,1","SYN08642260 21496 89902 10299 20279 40019 76062 84530 333 20284 58030 6990/ 555 00000 10443=",
"42260099999","2025-07-21T06:00:00","4","27.155831","77.960892","167.94","AGRA, IN","FM-12","99999","V020","270,1,N,0021,1","99999,9,9,N","004000,1,9,9","+0320,1","+0281,1","10020,1","03,0000,2,1","6,1,02,1","2,1,02,1",,,,"05,1,+00450,1,08,1","99,9,+99999,9,03,1",,"9,AGL   ,+99999,+99999","08,99,1,05,1,99,9,00450,1,99,9,99,9",,,"9,9,999,9,+028,1","02,1","SYN06442260 21496 82704 10320 20281 40020 70262 85830 333 58028 6990/=",
"42260099999","2025-07-21T12:00:00","4","27.155831","77.960892","167.94","AGRA, IN","FM-12","99999","V020","050,1,N,0026,1","99999,9,9,N","004000,1,9,9","+0303,1","+0263,1","09993,1","09,0000,2,1",,,,,,"03,1,+00800,1,06,1","99,9,+99999,9,03,1",,"9,AGL   ,+99999,+99999","06,99,1,03,1,99,9,00800,1,99,9,99,9",,,"9,9,999,9,+022,1",,"SYN06442260 22596 60505 10303 20263 49993 83530 333 10329 58022 6990/=",
"42260099999","2025-07-21T15:00:00","4","27.155831","77.960892","167.94","AGRA, IN","FM-12","99999","V020","999,9,V,0010,1","22000,1,9,N","004000,1,9,9","+0287,1","+0252,1","09999,1","12,0000,2,1",,,,,,"02,1,+00800,1,06,1","99,9,+99999,9,03,1",,"9,AGL   ,+99999,+99999","04,99,1,02,1,99,9,00800,1,99,9,99,9",,,"9,9,999,9,+012,1",,"SYN05842260 22596 49902 10287 20252 49999 82530 333 58012 6990/=",
"42260099999","2025-07-22T03:00:00","4","27.155831","77.960892","167.94","AGRA, IN","FM-12","99999","V020","999,9,V,0010,1","99999,9,9,N","004000,1,9,9","+0310,1","+0271,1","10005,1","24,0000,2,1","2,1,02,1","2,1,02,1",,,,"02,1,+00800,1,06,1","99,9,+99999,9,03,1",,"9,AGL   ,+99999,+99999","06,99,1,02,1,99,9,00800,1,99,9,99,9","240,N,+0272,1",,"9,9,999,9,-014,1","10,1","SYN08642260 21596 69902 10310 20271 40005 71022 82530 333 20272 59014 6990/ 555 00000 10443=",
"42260099999","2025-07-22T12:00:00","4","27.155831","77.960892","167.94","AGRA, IN","FM-12","99999","V020","320,1,N,0041,1","99999,9,9,N","004000,1,9,9","+0310,1","+0255,1","09968,1",,,,,,,"05,1,+00800,1,09,1","99,9,+99999,9,03,1",,"9,AGL   ,+99999,+99999","07,99,1,05,1,99,9,00800,1,99,9,99,9",,,"9,9,999,9,-023,1",,"SYN05842260 32596 73208 10310 20255 49968 85930 333 10373 59023=",
"42260099999","2025-07-23T03:00:00","4","27.155831","77.960892","167.94","AGRA, IN","FM-12","99999","V020","230,1,N,0015,1","99999,9,9,N","004000,1,9,9","+0298,1","+0245,1","09977,1",,"2,1,02,1","2,1,02,1",,,,"03,1,+00800,1,06,1","99,9,+99999,9,03,1",,"9,AGL   ,+99999,+99999","07,99,1,03,1,99,9,00800,1,99,9,99,9","240,N,+0276,1",,"9,9,999,9,-028,1","05,1","SYN07442260 31596 72303 10298 20245 49977 70522 83530 333 20276 59028 555 10443=",
"42260099999","2025-07-23T15:00:00","4","27.155831","77.960892","167.94","AGRA, IN","FM-12","99999","V020","230,1,N,0015,1","99999,9,9,N","004000,1,9,9","+0283,1","+0265,1","09960,1","12,0004,3,1",,,,,,"03,1,+00800,1,06,1","99,9,+99999,9,03,1",,"9,AGL   ,+99999,+99999","06,99,1,03,1,99,9,00800,1,99,9,99,9",,,"9,9,999,9,-020,1",,"SYN05842260 22596 62303 10283 20265 49960 83530 333 59020 6994/=",
"42260099999","2025-07-24T00:00:00","4","27.155831","77.960892","167.94","AGRA, IN","FM-12","99999","V020","999,9,V,0010,1","99999,9,9,N","004000,1,9,9","+0273,1","+0252,1","09948,1","21,0004,3,1",,,,,,"05,1,+00800,1,06,1","99,9,+99999,9,03,1",,"9,AGL   ,+99999,+99999","07,99,1,05,1,99,9,00800,1,99,9,99,9",,,"9,9,999,9,-021,1",,"SYN05842260 22596 79902 10273 20252 49948 85530 333 59021 6994/=",
"42260099999","2025-07-25T03:00:00","4","27.155831","77.960892","167.94","AGRA, IN","FM-12","99999","V020","180,1,N,0021,1","99999,9,9,N","002000,1,9,9","+0278,1","+0265,1","09956,1","24,0000,9,1","6,1,02,1","2,1,02,1",,,,"04,1,+00450,1,06,1","99,9,+99999,9,03,1",,"9,AGL   ,+99999,+99999","08,99,1,04,1,99,9,00450,1,99,9,99,9","240,N,+0269,1",,"9,9,999,9,-012,1","10,1","SYN08642260 21495 81804 10278 20265 49956 71062 84530 333 20269 59012 6990/ 555 00000 10443=","Q01  00002PRCP24"
"42260099999","2025-07-25T06:00:00","4","27.155831","77.960892","167.94","AGRA, IN","FM-12","99999","V020","270,1,N,0041,1","99999,9,9,N","004000,1,9,9","+0338,1","+0279,1","09959,1",,"6,1,02,1","2,1,02,1",,,,"05,1,+00800,1,06,1","99,9,+99999,9,03,1","99,9,+99999,9,00,1","9,AGL   ,+99999,+99999","06,99,1,05,1,99,9,00800,1,99,9,99,9",,,"9,9,999,9,-007,1","02,1","SYN05842260 31596 62708 10338 20279 49959 70262 85531 333 59007=",
"42260099999","2025-07-25T09:00:00","4","27.155831","77.960892","167.94","AGRA, IN","FM-12","99999","V020","290,1,N,0036,1","99999,9,9,N","004000,1,9,9","+0352,1","+0288,1","09933,1",,,,,,,"04,1,+00800,1,06,1","99,9,+99999,9,03,1",,"9,AGL   ,+99999,+99999","07,99,1,04,1,99,9,00800,1,99,9,99,9",,,"9,9,999,9,-012,1",,"SYN05242260 32596 72907 10352 20288 49933 84530 333 59012=",
"42260099999","2025-07-26T00:00:00","4","27.155831","77.960892","167.94","AGRA, IN","FM-12","99999","V020","340,1,N,0021,1","99999,9,9,N","004000,1,9,9","+0268,1","+0254,1","09955,1","21,0180,3,1","9,1,02,1","6,1,02,1",,,,"05,1,+00450,1,07,1","99,9,+99999,9,03,1",,"9,AGL   ,+99999,+99999","07,99,1,05,1,99,9,00450,1,99,9,99,9",,,"9,9,999,9,+013,1","10,1","SYN06442260 21496 73404 10268 20254 49955 71096 85730 333 58013 6018/=",
"42260099999","2025-07-26T03:00:00","4","27.155831","77.960892","167.94","AGRA, IN","FM-12","99999","V020","999,9,V,0010,1","99999,9,9,N","004000,1,9,9","+0289,1","+0257,1","09972,1","24,0180,3,1",,,,,,"03,1,+00450,1,06,1","99,9,+99999,9,03,1",,"9,AGL   ,+99999,+99999","07,99,1,03,1,99,9,00450,1,99,9,99,9","240,N,+0265,1",,"9,9,999,9,+015,1",,"SYN08042260 22496 79902 10289 20257 49972 83550 333 20265 58015 6018/ 555 00176 10461=",
"42260099999","2025-07-26T06:00:00","4","27.155831","77.960892","167.94","AGRA, IN","FM-12","99999","V020","999,9,V,0010,1","99999,9,9,N","004000,1,9,9","+0336,1","+0268,1","09967,1",,,,,,,"05,1,+00800,1,06,1","99,9,+99999,9,03,1",,"9,AGL   ,+99999,+99999","05,99,1,05,1,99,9,00800,1,99,9,99,9",,,"9,9,999,9,+007,1",,"SYN05242260 32596 59902 10336 20268 49967 85530 333 58007=",
"42260099999","2025-07-26T12:00:00","4","27.155831","77.960892","167.94","AGRA, IN","FM-12","99999","V020","340,1,N,0021,1","99999,9,9,N","004000,1,9,9","+0348,1","+0281,1","09927,1",,,,,,,"01,1,+00450,1,06,1","99,9,+99999,9,03,1",,"9,AGL   ,+99999,+99999","06,99,1,01,1,99,9,00450,1,99,9,99,9",,,"9,9,999,9,+005,1",,"SYN05842260 32496 63404 10348 20281 49927 81540 333 10358 58005=",
"42260099999","2025-07-27T00:00:00","4","27.155831","77.960892","167.94","AGRA, IN","FM-12","99999","V020","050,1,N,0041,1","99999,9,9,N","004000,1,9,9","+0290,1","+0253,1","09947,1","21,0000,9,1","2,1,02,1","2,1,02,1",,,,"03,1,+00800,1,09,1","99,9,+99999,9,03,1",,"9,AGL   ,+99999,+99999","05,99,1,03,1,99,9,00800,1,99,9,99,9",,,"9,9,999,9,-008,1","10,1","SYN06442260 21596 50508 10290 20253 49947 71022 83350 333 59008 6990/=","Q01  00002PRCP21"
"42260099999","2025-07-27T06:00:00","4","27.155831","77.960892","167.94","AGRA, IN","FM-12","99999","V020","050,1,N,0051,1","99999,9,9,N","004000,1,9,9","+0322,1","+0273,1","09957,1","03,0000,9,1","6,1,02,1","2,1,02,1",,,,"04,1,+00450,1,06,1","99,9,+99999,9,03,1",,"9,AGL   ,+99999,+99999","07,99,1,04,1,99,9,00450,1,99,9,99,9",,,"9,9,999,9,-010,1","02,1","SYN06442260 21496 70510 10322 20273 49957 70262 84540 333 59010 6990/=","Q01  00002PRCP03"
"42260099999","2025-08-01T12:00:00","4","27.155831","77.960892","167.94","AGRA, IN","FM-12","99999","V020","250,1,N,0021,1","99999,9,9,N","004000,1,9,9","+0316,1","+0278,1","09983,1","09,0000,9,1",,,,,,"03,1,+00800,1,06,1","99,9,+99999,9,03,1",,"9,AGL   ,+99999,+99999","05,99,1,03,1,99,9,00800,1,99,9,99,9",,,"9,9,999,9,+007,1",,"SYN06442260 22596 52504 10316 20278 49983 83530 333 10332 58007 6990/=","Q01  00002PRCP09"
"42260099999","2025-08-02T06:00:00","4","27.155831","77.960892","167.94","AGRA, IN","FM-12","99999","V020","270,1,N,0031,1","99999,9,9,N","004000,1,9,9","+0318,1","+0273,1","10017,1",,"6,1,02,1","2,1,02,1",,,,"02,1,+00800,1,06,1","99,9,+99999,9,03,1",,"9,AGL   ,+99999,+99999","06,99,1,02,1,99,9,00800,1,99,9,99,9",,,"9,9,999,9,+009,1","02,1","SYN05842260 31596 62706 10318 20273 40017 70262 82530 333 58009=",
"42260099999","2025-08-03T06:00:00","4","27.155831","77.960892","167.94","AGRA, IN","FM-12","99999","V020","200,1,N,0041,1","99999,9,9,N","002000,1,9,9","+0277,1","+0277,1","10032,1","03,0040,3,1","9,1,02,1","6,1,02,1",,,,"05,1,+00250,1,09,1","99,9,+99999,9,03,1",,"9,AGL   ,+99999,+99999","08,99,1,05,1,99,9,00250,1,99,9,99,9",,,"9,9,999,9,+012,1","63,1","SYN06442260 21395 82008 10277 20277 40032 76396 85940 333 58012 6004/=",
"42260099999","2025-08-04T03:00:00","4","27.155831","77.960892","167.94","AGRA, IN","FM-12","99999","V020","230,1,N,0015,1","99999,9,9,N","002000,1,9,9","+0282,1","+0282,1","10036,1","24,0050,3,1","6,1,02,1","2,1,02,1",,,,"08,1,+00450,1,07,1","99,9,+99999,9,03,1",,"9,AGL   ,+99999,+99999","08,99,1,08,1,99,9,00450,1,99,9,99,9","240,N,+0271,1",,"9,9,999,9,+009,1","60,1","SYN08642260 21495 82303 10282 20282 40036 76062 88730 333 20271 58009 6005/ 555 00054 10651=",
"42260099999","2025-08-04T06:00:00","4","27.155831","77.960892","167.94","AGRA, IN","FM-12","99999","V020","250,1,N,0021,1","99999,9,9,N","004000,1,9,9","+0308,1","+0308,1","10041,1","03,0000,2,1","6,1,02,1","2,1,02,1",,,,"08,1,+00450,1,07,1","99,9,+99999,9,03,1",,"9,AGL   ,+99999,+99999","08,99,1,08,1,99,9,00450,1,99,9,99,9",,,"9,9,999,9,+011,1","60,1","SYN06442260 21496 82504 10308 20308 40041 76062 88730 333 58011 6990/=",
"42260099999","2025-08-06T06:00:00","4","27.155831","77.960892","167.94","AGRA, IN","FM-12","99999","V020","270,1,N,0026,1","99999,9,9,N","004000,1,9,9","+0336,1","+0268,1","10051,1",,,,,,,"02,1,+00800,1,06,1","99,9,+99999,9,03,1",,"9,AGL   ,+99999,+99999","06,99,1,02,1,99,9,00800,1,99,9,99,9",,,"9,9,999,9,+010,1",,"SYN05242260 32596 62705 10336 20268 40051 82530 333 58010=",
"42260099999","2025-08-07T06:00:00","4","27.155831","77.960892","167.94","AGRA, IN","FM-12","99999","V020","290,1,N,0036,1","99999,9,9,N","004000,1,9,9","+0341,1","+0241,1","10037,1",,,,,,,"02,1,+00800,1,06,1","99,9,+99999,9,03,1",,"9,AGL   ,+99999,+99999","05,99,1,02,1,99,9,00800,1,99,9,99,9",,,"9,9,999,9,-013,1",,"SYN05242260 32596 52907 10341 20241 40037 82530 333 59013=",
"42260099999","2025-08-07T09:00:00","4","27.155831","77.960892","167.94","AGRA, IN","FM-12","99999","V020","250,1,N,0036,1","99999,9,9,N","004000,1,9,9","+0352,1","+0242,1","10017,1",,,,,,,"03,1,+00800,1,06,1","99,9,+99999,9,03,1",,"9,AGL   ,+99999,+99999","05,99,1,03,1,99,9,00800,1,99,9,99,9",,,"9,9,999,9,-012,1",,"SYN05242260 32596 52507 10352 20242 40017 83530 333 59012=",
"42260099999","2025-08-08T03:00:00","4","27.155831","77.960892","167.94","AGRA, IN","FM-12","99999","V020","250,1,N,0026,1","99999,9,9,N","004000,1,9,9","+0297,1","+0264,1","10027,1",,,,,,,"02,1,+00800,1,06,1","99,9,+99999,9,03,1",,"9,AGL   ,+99999,+99999","07,99,1,02,1,99,9,00800,1,99,9,99,9","240,N,+0275,1",,"9,9,999,9,-010,1",,"SYN06842260 32596 72505 10297 20264 40027 82530 333 20275 59010 555 10651=",
"42260099999","2025-08-09T09:00:00","4","27.155831","77.960892","167.94","AGRA, IN","FM-12","99999","V020","270,1,N,0041,1","99999,9,9,N","004000,1,9,9","+0294,1","+0292,1","10047,1","06,0110,3,1","6,1,02,1","6,1,02,1",,,,"09,2,+00450,1,06,1","99,9,+99999,9,03,1",,"9,AGL   ,+99999,+99999","08,99,2,09,2,99,9,00450,1,99,9,99,9",,,"9,9,999,9,+013,1","10,1","SYN06442260 21496 82708 10294 20292 40047 71066 89530 333 58013 6011/=",
"42260099999","2025-08-13T00:00:00","4","27.155831","77.960892","167.94","AGRA, IN","FM-12","99999","V020","999,9,V,0005,1","99999,9,9,N","004000,1,9,9","+0280,1","+0272,1","10000,1","21,0000,9,1","2,1,02,1","2,1,02,1",,,,"05,1,+00800,1,06,1","99,9,+99999,9,03,1",,"9,AGL   ,+99999,+99999","07,99,1,05,1,99,9,00800,1,99,9,99,9",,,"9,9,999,9,-016,1","10,1","SYN06442260 21596 79901 10280 20272 40000 71022 85530 333 59016 6990/=","Q01  00002PRCP21"
"42260099999","2025-08-14T06:00:00","4","27.155831","77.960892","167.94","AGRA, IN","FM-12","99999","V020","090,1,N,0015,1","99999,9,9,N","004000,1,9,9","+0297,1","+0280,1","10051,1","03,0000,9,1","6,1,02,1","2,1,02,1",,,,"06,1,+00450,1,06,1","99,9,+99999,9,03,1",,"9,AGL   ,+99999,+99999","08,99,1,06,1,99,9,00450,1,99,9,99,9",,,"9,9,999,9,+036,1","02,1","SYN06442260 21496 80903 10297 20280 40051 70262 86530 333 58036 6990/=","Q01  00002PRCP03"
"42260099999","2025-08-14T12:00:00","4","27.155831","77.960892","167.94","AGRA, IN","FM-12","99999","V020","360,1,N,0031,1","99999,9,9,N","004000,1,9,9","+0314,1","+0283,1","10014,1","09,0000,9,1",,,,,,"04,1,+00800,1,06,1","99,9,+99999,9,03,1",,"9,AGL   ,+99999,+99999","06,99,1,04,1,99,9,00800,1,99,9,99,9",,,"9,9,999,9,+016,1",,"SYN06442260 22596 63606 10314 20283 40014 84530 333 10329 58016 6990/=","Q01  00002PRCP09"
"42260099999","2025-08-15T03:00:00","4","27.155831","77.960892","167.94","AGRA, IN","FM-12","99999","V020","090,1,N,0015,1","99999,9,9,N","002000,1,9,9","+0301,1","+0270,1","10031,1","24,0000,9,1","2,1,02,1","2,1,02,1",,,,"03,1,+00800,1,06,1","99,9,+99999,9,03,1",,"9,AGL   ,+99999,+99999","05,99,1,03,1,99,9,00800,1,99,9,99,9","240,N,+0277,1",,"9,9,999,9,-016,1","10,1","SYN08642260 21595 50903 10301 20270 40031 71022 83530 333 20277 59016 6990/ 555 00000 10710=","Q01  00002PRCP24"
"42260099999","2025-08-15T06:00:00","4","27.155831","77.960892","167.94","AGRA, IN","FM-12","99999","V020","110,1,N,0021,1","99999,9,9,N","004000,1,9,9","+0322,1","+0270,1","10031,1",,,,,,,"05,1,+00450,1,06,1","99,9,+99999,9,03,1",,"9,AGL   ,+99999,+99999","06,99,1,05,1,99,9,00450,1,99,9,99,9",,,"9,9,999,9,-018,1",,"SYN05242260 32496 61104 10322 20270 40031 85530 333 59018=",
"42260099999","2025-08-15T12:00:00","4","27.155831","77.960892","167.94","AGRA, IN","FM-12","99999","V020","999,9,V,0010,1","99999,9,9,N","004000,1,9,9","+0324,1","+0272,1","09990,1",,,,,,,"02,1,+00450,1,06,1","99,9,+99999,9,03,1",,"9,AGL   ,+99999,+99999","06,99,1,02,1,99,9,00450,1,99,9,99,9",,,"9,9,999,9,-024,1",,"SYN05842260 32496 69902 10324 20272 49990 82530 333 10356 59024=",
"42260099999","2025-08-15T15:00:00","4","27.155831","77.960892","167.94","AGRA, IN","FM-12","99999","V020","360,1,N,0026,1","99999,9,9,N","004000,1,9,9","+0304,1","+0277,1","10008,1",,,,,,,"03,1,+00800,1,06,1","99,9,+99999,9,03,1",,"9,AGL   ,+99999,+99999","05,99,1,03,1,99,9,00800,1,99,9,99,9",,,"9,9,999,9,-023,1",,"SYN05242260 32596 53605 10304 20277 40008 83530 333 59023=",
"42260099999","2025-08-15T18:00:00","4","27.155831","77.960892","167.94","AGRA, IN","FM-12","99999","V020","999,9,V,0010,1","22000,1,9,N","004000,1,9,9","+0292,1","+0262,1","10014,1",,,,,,,"01,1,+00800,1,06,1","99,9,+99999,9,03,1",,"9,AGL   ,+99999,+99999","03,99,1,01,1,99,9,00800,1,99,9,99,9",,,"9,9,999,9,-025,1",,"SYN05242260 32596 39902 10292 20262 40014 81530 333 59025=",
"42260099999","2025-08-16T03:00:00","4","27.155831","77.960892","167.94","AGRA, IN","FM-12","99999","V020","090,1,N,0021,1","99999,9,9,N","004000,1,9,9","+0313,1","+0277,1","10017,1",,"2,1,02,1","2,1,02,1",,,,"02,1,+00800,1,06,1","99,9,+99999,9,03,1",,"9,AGL   ,+99999,+99999","05,99,1,02,1,99,9,00800,1,99,9,99,9","240,N,+0281,1",,"9,9,999,9,-014,1","10,1","SYN07442260 31596 50904 10313 20277 40017 71022 82530 333 20281 59014 555 10710=",
"42260099999","2025-08-16T06:00:00","4","27.155831","77.960892","167.94","AGRA, IN","FM-12","99999","V020","090,1,N,0026,1","99999,9,9,N","004000,1,9,9","+0341,1","+0280,1","10015,1",,,,,,,"03,1,+00800,1,06,1","99,9,+99999,9,03,1",,"9,AGL   ,+99999,+99999","06,99,1,03,1,99,9,00800,1,99,9,99,9",,,"9,9,999,9,-016,1",,"SYN05242260 32596 60905 10341 20280 40015 83530 333 59016=",
"42260099999","2025-08-16T12:00:00","4","27.155831","77.960892","167.94","AGRA, IN","FM-12","99999","V020","070,1,N,0021,1","99999,9,9,N","004000,1,9,9","+0330,1","+0273,1","09976,1",,,,,,,"01,1,+00800,1,06,1","99,9,+99999,9,03,1","99,9,+99999,9,00,1","9,AGL   ,+99999,+99999","05,99,1,01,1,99,9,00800,1,99,9,99,9",,,"9,9,999,9,-014,1",,"SYN05842260 32596 50704 10330 20273 49976 81532 333 10347 59014=",
"42260099999","2025-08-16T18:00:00","4","27.155831","77.960892","167.94","AGRA, IN","FM-12","99999","V020","050,1,N,0021,1","99999,9,9,N","004000,1,9,9","+0297,1","+0251,1","10006,1",,,,,,,"02,1,+00800,1,06,1","99,9,+99999,9,03,1",,"9,AGL   ,+99999,+99999","05,99,1,02,1,99,9,00800,1,99,9,99,9",,,"9,9,999,9,-007,1",,"SYN05242260 32596 50504 10297 20251 40006 82530 333 59007=",
"42260099999","2025-08-17T00:00:00","4","27.155831","77.960892","167.94","AGRA, IN","FM-12","99999","V020","050,1,N,0015,1","22000,1,9,N","004000,1,9,9","+0286,1","+0256,1","10011,1",,,,,,,"01,1,+00800,1,06,1","99,9,+99999,9,03,1","99,9,+99999,9,00,1","9,AGL   ,+99999,+99999","04,99,1,01,1,99,9,00800,1,99,9,99,9",,,"9,9,999,9,+004,1",,"SYN05242260 32596 40503 10286 20256 40011 81532 333 58004=",
"42260099999","2025-08-17T03:00:00","4","27.155831","77.960892","167.94","AGRA, IN","FM-12","99999","V020","090,1,N,0036,1","22000,1,9,N","004000,1,9,9","+0320,1","+0271,1","10017,1",,,,,,,"01,1,+00800,1,08,1","99,9,+99999,9,00,1",,"9,AGL   ,+99999,+99999","03,99,1,01,1,99,9,00800,1,99,9,99,9","240,N,+0287,1",,"9,9,999,9,+001,1",,"SYN06842260 32596 30907 10320 20271 40017 81101 333 20287 58001 555 10710=",
"42260099999","2025-08-17T09:00:00","4","27.155831","77.960892","167.94","AGRA, IN","FM-12","99999","V020","090,1,N,0041,1","99999,9,9,N","004000,1,9,9","+0352,1","+0273,1","09999,1",,,,,,,"01,1,+00800,1,06,1","99,9,+99999,9,00,1",,"9,AGL   ,+99999,+99999","05,99,1,01,1,99,9,00800,1,99,9,99,9",,,"9,9,999,9,+008,1",,"SYN05242260 32596 50908 10352 20273 49999 81501 333 58008=",
"42260099999","2025-08-17T12:00:00","4","27.155831","77.960892","167.94","AGRA, IN","FM-12","99999","V020","070,1,N,0036,1","99999,9,9,N","004000,1,9,9","+0338,1","+0276,1","09990,1",,,,,,,"03,1,+00800,1,06,1","99,9,+99999,9,03,1",,"9,AGL   ,+99999,+99999","06,99,1,03,1,99,9,00800,1,99,9,99,9",,,"9,9,999,9,+015,1",,"SYN05842260 32596 60707 10338 20276 49990 83530 333 10358 58015=",
"42260099999","2025-08-17T18:00:00","4","27.155831","77.960892","167.94","AGRA, IN","FM-12","99999","V020","070,1,N,0021,1","99999,9,9,N","004000,1,9,9","+0302,1","+0263,1","10029,1",,,,,,,"01,1,+00800,1,06,1","99,9,+99999,9,03,1","99,9,+99999,9,00,1","9,AGL   ,+99999,+99999","05,99,1,01,1,99,9,00800,1,99,9,99,9",,,"9,9,999,9,+022,1",,"SYN05242260 32596 50704 10302 20263 40029 81532 333 58022=",
"42260099999","2025-08-18T00:00:00","4","27.155831","77.960892","167.94","AGRA, IN","FM-12","99999","V020","070,1,N,0015,1","99999,9,9,N","004000,1,9,9","+0292,1","+0262,1","10029,1",,"2,1,02,1","2,1,02,1",,,,"02,1,+00800,1,06,1","99,9,+99999,9,03,1",,"9,AGL   ,+99999,+99999","05,99,1,02,1,99,9,00800,1,99,9,99,9",,,"9,9,999,9,+018,1","10,1","SYN05842260 31596 50703 10292 20262 40029 71022 82530 333 58018=",
"42260099999","2025-08-18T03:00:00","4","27.155831","77.960892","167.94","AGRA, IN","FM-12","99999","V020","090,1,N,0036,1","22000,1,9,N","004000,1,9,9","+0310,1","+0266,1","10040,1",,"1,1,02,1","1,1,02,1",,,,"03,1,+00800,1,06,1","99,9,+99999,9,03,1","99,9,+99999,9,00,1","9,AGL   ,+99999,+99999","04,99,1,03,1,99,9,00800,1,99,9,99,9","240,N,+0290,1",,"9,9,999,9,+022,1","10,1","SYN07442260 31596 40907 10310 20266 40040 71011 83531 333 20290 58022 555 10710=",
"42260099999","2025-08-18T06:00:00","4","27.155831","77.960892","167.94","AGRA, IN","FM-12","99999","V020","090,1,N,0041,1","99999,9,9,N","004000,1,9,9","+0334,1","+0271,1","10035,1",,,,,,,"03,1,+00800,1,06,1","99,9,+99999,9,00,1",,"9,AGL   ,+99999,+99999","05,99,1,03,1,99,9,00800,1,99,9,99,9",,,"9,9,999,9,+015,1",,"SYN05242260 32596 50908 10334 20271 40035 83501 333 58015=",
"42260099999","2025-08-18T09:00:00","4","27.155831","77.960892","167.94","AGRA, IN","FM-12","99999","V020","070,1,N,0046,1","99999,9,9,N","004000,1,9,9","+0341,1","+0271,1","10013,1",,,,,,,"03,1,+00800,1,06,1","99,9,+99999,9,03,1","99,9,+99999,9,00,1","9,AGL   ,+99999,+99999","05,99,1,03,1,99,9,00800,1,99,9,99,9",,,"9,9,999,9,+013,1",,"SYN05242260 32596 50709 10341 20271 40013 83531 333 58013=",
"42260099999","2025-08-18T12:00:00","4","27.155831","77.960892","167.94","AGRA, IN","FM-12","99999","V020","070,1,N,0036,1","99999,9,9,N","004000,1,9,9","+0330,1","+0276,1","09998,1",,,,,,,"05,1,+00800,1,06,1","99,9,+99999,9,03,1",,"9,AGL   ,+99999,+99999","05,99,1,05,1,99,9,00800,1,99,9,99,9","240,M,+0349,1",,"9,9,999,9,+008,1",,"SYN05842260 32596 50707 10330 20276 49998 85530 333 10349 58008=",
"42260099999","2025-08-18T18:00:00","4","27.155831","77.960892","167.94","AGRA, IN","FM-12","99999","V020","070,1,N,0015,1","22000,1,9,N","004000,1,9,9","+0295,1","+0291,1","10027,1",,,,,,,"01,1,+00800,1,06,1","99,9,+99999,9,03,1",,"9,AGL   ,+99999,+99999","03,99,1,01,1,99,9,00800,1,99,9,99,9",,,"9,9,999,9,-002,1",,"SYN05242260 32596 30703 10295 20291 40027 81530 333 59002=",
"42260099999","2025-08-19T03:00:00","4","27.155831","77.960892","167.94","AGRA, IN","FM-12","99999","V020","070,1,N,0026,1","99999,9,9,N","004000,1,9,9","+0311,1","+0277,1","10027,1",,,,,,,"03,1,+00800,1,06,1","99,9,+99999,9,03,1",,"9,AGL   ,+99999,+99999","05,99,1,03,1,99,9,00800,1,99,9,99,9","240,N,+0283,1",,"9,9,999,9,-013,1",,"SYN06842260 32596 50705 10311 20277 40027 83530 333 20283 59013 555 10710=",
"42260099999","2025-08-19T06:00:00","4","27.155831","77.960892","167.94","AGRA, IN","FM-12","99999","V020","070,1,N,0031,1","99999,9,9,N","004000,1,9,9","+0334,1","+0274,1","10022,1",,,,,,,"03,1,+00800,1,06,1",,,"9,AGL   ,+99999,+99999","05,99,1,03,1,99,9,00800,1,99,9,99,9",,,"9,9,999,9,-012,1",,"SYN05242260 32596 50706 10334 20274 40022 83500 333 59012=",
"42260099999","2025-08-19T09:00:00","4","27.155831","77.960892","167.94","AGRA, IN","FM-12","99999","V020","070,1,N,0036,1","99999,9,9,N","004000,1,9,9","+0352,1","+0267,1","09997,1",,,,,,,"05,1,+00800,1,06,1",,,"9,AGL   ,+99999,+99999","05,99,1,05,1,99,9,00800,1,99,9,99,9",,,"9,9,999,9,-015,1",,"SYN05242260 32596 50707 10352 20267 49997 85500 333 59015=",
"42260099999","2025-08-19T12:00:00","4","27.155831","77.960892","167.94","AGRA, IN","FM-12","99999","V020","050,1,N,0036,1","99999,9,9,N","004000,1,9,9","+0336,1","+0258,1","09987,1",,,,,,,"03,1,+00800,1,06,1","99,9,+99999,9,03,1",,"9,AGL   ,+99999,+99999","05,99,1,03,1,99,9,00800,1,99,9,99,9",,,"9,9,999,9,-011,1",,"SYN05842260 32596 50507 10336 20258 49987 83530 333 10355 59011=",
"42260099999","2025-08-19T15:00:00","4","27.155831","77.960892","167.94","AGRA, IN","FM-12","99999","V020","070,1,N,0031,1","22000,1,9,N","004000,1,9,9","+0314,1","+0256,1","10001,1",,,,,,,"03,1,+00800,1,06,1","99,9,+99999,9,03,1",,"9,AGL   ,+99999,+99999","03,99,1,03,1,99,9,00800,1,99,9,99,9",,,"9,9,999,9,-015,1",,"SYN05242260 32596 30706 10314 20256 40001 83530 333 59015=",
"42260099999","2025-08-19T18:00:00","4","27.155831","77.960892","167.94","AGRA, IN","FM-12","99999","V020","070,1,N,0021,1","22000,1,9,N","004000,1,9,9","+0300,1","+0253,1","10014,1",,,,,,,"04,1,+00800,1,06,1","99,9,+99999,9,03,1",,"9,AGL   ,+99999,+99999","04,99,1,04,1,99,9,00800,1,99,9,99,9",,,"9,9,999,9,-012,1",,"SYN05242260 32596 40704 10300 20253 40014 84530 333 59012=",
"42260099999","2025-08-20T00:00:00","4","27.155831","77.960892","167.94","AGRA, IN","FM-12","99999","V020","070,1,N,0031,1","22000,1,9,N","004000,1,9,9","+0282,1","+0251,1","10012,1",,,,,,,"02,1,+00800,1,06,1","99,9,+99999,9,03,1","99,9,+99999,9,00,1","9,AGL   ,+99999,+99999","03,99,1,02,1,99,9,00800,1,99,9,99,9",,,"9,9,999,9,-006,1",,"SYN05242260 32596 30706 10282 20251 40012 82531 333 59006=",
"42260099999","2025-08-20T03:00:00","4","27.155831","77.960892","167.94","AGRA, IN","FM-12","99999","V020","050,1,N,0031,1","99999,9,9,N","004000,1,9,9","+0300,1","+0257,1","10022,1",,,,,,,"03,1,+00800,1,06,1","99,9,+99999,9,03,1",,"9,AGL   ,+99999,+99999","06,99,1,03,1,99,9,00800,1,99,9,99,9","240,N,+0281,1",,"9,9,999,9,-007,1",,"SYN06842260 32596 60506 10300 20257 40022 83530 333 20281 59007 555 10710=",
"42260099999","2025-08-20T06:00:00","4","27.155831","77.960892","167.94","AGRA, IN","FM-12","99999","V020","050,1,N,0041,1","99999,9,9,N","004000,1,9,9","+0331,1","+0267,1","10017,1",,,,,,,"06,1,+00800,1,06,1",,,"9,AGL   ,+99999,+99999","06,99,1,06,1,99,9,00800,1,99,9,99,9",,,"9,9,999,9,-006,1",,"SYN05242260 32596 60508 10331 20267 40017 86500 333 59006=",
"42260099999","2025-08-20T12:00:00","4","27.155831","77.960892","167.94","AGRA, IN","FM-12","99999","V020","050,1,N,0041,1","99999,9,9,N","004000,1,9,9","+0325,1","+0257,1","09978,1","09,0000,9,1","6,1,02,1","2,1,02,1",,,,"04,1,+00800,1,06,1","99,9,+99999,9,03,1",,"9,AGL   ,+99999,+99999","06,99,1,04,1,99,9,00800,1,99,9,99,9",,,"9,9,999,9,-009,1","02,1","SYN07042260 21596 60508 10325 20257 49978 70262 84530 333 10339 59009 6990/=","Q01  00002PRCP09"
"42260099999","2025-08-20T15:00:00","4","27.155831","77.960892","167.94","AGRA, IN","FM-12","99999","V020","090,1,N,0021,1","99999,9,9,N","004000,1,9,9","+0294,1","+0270,1","10003,1","12,0002,3,1","6,1,02,1","2,1,02,1",,,,"03,1,+00800,1,06,1","99,9,+99999,9,03,1",,"9,AGL   ,+99999,+99999","06,99,1,03,1,99,9,00800,1,99,9,99,9",,,"9,9,999,9,-001,1","02,1","SYN06442260 21596 60904 10294 20270 40003 70262 83530 333 59001 6992/=",
"42260099999","2025-08-20T18:00:00","4","27.155831","77.960892","167.94","AGRA, IN","FM-12","99999","V020","090,1,N,0021,1","99999,9,9,N","004000,1,9,9","+0291,1","+0265,1","10018,1","15,0002,3,1",,,,,,"03,1,+00800,1,06,1","99,9,+99999,9,03,1",,"9,AGL   ,+99999,+99999","05,99,1,03,1,99,9,00800,1,99,9,99,9",,,"9,9,999,9,+004,1",,"SYN05842260 22596 50904 10291 20265 40018 83530 333 58004 6992/=",
"42260099999","2025-08-21T00:00:00","4","27.155831","77.960892","167.94","AGRA, IN","FM-12","99999","V020","050,1,N,0021,1","99999,9,9,N","004000,1,9,9","+0276,1","+0271,1","10010,1","21,0008,3,1","6,1,02,1","2,1,02,1",,,,"03,1,+00800,1,06,1","99,9,+99999,9,03,1",,"9,AGL   ,+99999,+99999","05,99,1,03,1,99,9,00800,1,99,9,99,9",,,"9,9,999,9,-003,1","10,1","SYN06442260 21596 50504 10276 20271 40010 71062 83530 333 59003 6998/=",
"42260099999","2025-08-21T03:00:00","4","27.155831","77.960892","167.94","AGRA, IN","FM-12","99999","V020","050,1,N,0026,1","99999,9,9,N","004000,1,9,9","+0289,1","+0274,1","10024,1","24,0008,3,1","2,1,02,1","2,1,02,1",,,,"05,1,+00450,1,07,1","99,9,+99999,9,03,1",,"9,AGL   ,+99999,+99999","08,99,1,05,1,99,9,00450,1,99,9,99,9","240,N,+0276,1",,"9,9,999,9,+003,1","10,1","SYN08642260 21496 80505 10289 20274 40024 71022 85730 333 20276 58003 6998/ 555 00008 10711=",
"42260099999","2025-08-21T09:00:00","4","27.155831","77.960892","167.94","AGRA, IN","FM-12","99999","V020","090,1,N,0036,1","99999,9,9,N","004000,1,9,9","+0324,1","+0295,1","09992,1","06,0006,3,1","6,1,02,1","2,1,02,1",,,,"03,1,+00800,1,06,1","99,9,+99999,9,00,1",,"9,AGL   ,+99999,+99999","06,99,1,03,1,99,9,00800,1,99,9,99,9",,,"9,9,999,9,+000,1","02,1","SYN06442260 21596 60907 10324 20295 49992 70262 83501 333 58000 6996/=",
"42260099999","2025-08-21T12:00:00","4","27.155831","77.960892","167.94","AGRA, IN","FM-12","99999","V020","050,1,N,0031,1","99999,9,9,N","004000,1,9,9","+0318,1","+0277,1","09979,1","09,0006,3,1",,,,,,"03,1,+00800,1,06,1","99,9,+99999,9,03,1","99,9,+99999,9,00,1","9,AGL   ,+99999,+99999","05,99,1,03,1,99,9,00800,1,99,9,99,9",,,"9,9,999,9,+000,1",,"SYN06442260 22596 50506 10318 20277 49979 83531 333 10331 58000 6996/=",
"42260099999","2025-08-21T15:00:00","4","27.155831","77.960892","167.94","AGRA, IN","FM-12","99999","V020","110,1,N,0021,1","99999,9,9,N","004000,1,9,9","+0295,1","+0249,1","10000,1","12,0006,3,1",,,,,,"02,1,+00800,1,09,1","99,9,+99999,9,03,1",,"9,AGL   ,+99999,+99999","06,99,1,02,1,99,9,00800,1,99,9,99,9",,,"9,9,999,9,-002,1",,"SYN05842260 22596 61104 10295 20249 40000 82330 333 59002 6996/=",
"42260099999","2025-08-21T18:00:00","4","27.155831","77.960892","167.94","AGRA, IN","FM-12","99999","V020","999,9,V,0010,1","99999,9,9,N","004000,1,9,9","+0287,1","+0255,1","10009,1","15,0006,3,1",,,,,,"04,1,+00800,1,06,1","99,9,+99999,9,03,1",,"9,AGL   ,+99999,+99999","06,99,1,04,1,99,9,00800,1,99,9,99,9",,,"9,9,999,9,-010,1",,"SYN05842260 22596 69902 10287 20255 40009 84530 333 59010 6996/=",
"42260099999","2025-08-22T00:00:00","4","27.155831","77.960892","167.94","AGRA, IN","FM-12","99999","V020","070,1,N,0015,1","99999,9,9,N","004000,1,9,9","+0274,1","+0260,1","09992,1","21,0006,3,1","2,1,02,1","2,1,02,1",,,,"04,1,+00450,1,06,1","99,9,+99999,9,03,1",,"9,AGL   ,+99999,+99999","07,99,1,04,1,99,9,00450,1,99,9,99,9",,,"9,9,999,9,-017,1","10,1","SYN06442260 21496 70703 10274 20260 49992 71022 84530 333 59017 6996/=",
"42260099999","2025-08-22T03:00:00","4","27.155831","77.960892","167.94","AGRA, IN","FM-12","99999","V020","999,9,V,0005,1","99999,9,9,N","004000,1,9,9","+0297,1","+0265,1","09998,1","24,0006,3,1",,,,,,"01,1,+00450,1,06,1","99,9,+99999,9,03,1",,"9,AGL   ,+99999,+99999","07,99,1,01,1,99,9,00450,1,99,9,99,9","240,N,+0274,1",,"9,9,999,9,-026,1",,"SYN08042260 22496 79901 10297 20265 49998 81530 333 20274 59026 6996/ 555 00006 10711=",
"42260099999","2025-08-22T06:00:00","4","27.155831","77.960892","167.94","AGRA, IN","FM-12","99999","V020","050,1,N,0031,1","99999,9,9,N","004000,1,9,9","+0326,1","+0260,1","09990,1",,,,,,,"05,1,+00800,1,06,1","99,9,+99999,9,03,1",,"9,AGL   ,+99999,+99999","05,99,1,05,1,99,9,00800,1,99,9,99,9",,,"9,9,999,9,-026,1",,"SYN05242260 32596 50506 10326 20260 49990 85530 333 59026=",
"42260099999","2025-08-22T09:00:00","4","27.155831","77.960892","167.94","AGRA, IN","FM-12","99999","V020","070,1,N,0026,1","99999,9,9,N","004000,1,9,9","+0341,1","+0253,1","09965,1",,,,,,,"03,1,+00800,1,06,1","99,9,+99999,9,03,1",,"9,AGL   ,+99999,+99999","05,99,1,03,1,99,9,00800,1,99,9,99,9",,,"9,9,999,9,-024,1",,"SYN05242260 32596 50705 10341 20253 49965 83530 333 59024=",
"42260099999","2025-08-22T12:00:00","4","27.155831","77.960892","167.94","AGRA, IN","FM-12","99999","V020","070,1,N,0026,1","99999,9,9,N","004000,1,9,9","+0320,1","+0271,1","09954,1",,,,,,,"03,1,+00800,1,06,1","99,9,+99999,9,03,1",,"9,AGL   ,+99999,+99999","05,99,1,03,1,99,9,00800,1,99,9,99,9","240,M,+0350,1",,"9,9,999,9,-025,1",,"SYN05842260 32596 50705 10320 20271 49954 83530 333 10350 59025=",
"42260099999","2025-08-23T00:00:00","4","27.155831","77.960892","167.94","AGRA, IN","FM-12","99999","V020","050,1,N,0021,1","99999,9,9,N","004000,1,9,9","+0280,1","+0258,1","09977,1",,,,,,,"04,1,+00800,1,09,1","99,9,+99999,9,03,1",,"9,AGL   ,+99999,+99999","05,99,1,04,1,99,9,00800,1,99,9,99,9",,,"9,9,999,9,-015,1",,"SYN05242260 32596 50504 10280 20258 49977 84930 333 59015=",
"42260099999","2025-08-23T03:00:00","4","27.155831","77.960892","167.94","AGRA, IN","FM-12","99999","V020","070,1,N,0026,1","99999,9,9,N","004000,1,9,9","+0301,1","+0264,1","09991,1",,,,,,,"02,1,+00450,1,06,1","99,9,+99999,9,03,1",,"9,AGL   ,+99999,+99999","06,99,1,02,1,99,9,00450,1,99,9,99,9","240,N,+0278,1",,"9,9,999,9,-007,1",,"SYN06842260 32496 60705 10301 20264 49991 82530 333 20278 59007 555 10711=",
"42260099999","2025-08-23T06:00:00","4","27.155831","77.960892","167.94","AGRA, IN","FM-12","99999","V020","070,1,N,0036,1","99999,9,9,N","004000,1,9,9","+0316,1","+0281,1","09991,1",,,,,,,"02,1,+00450,1,06,1","99,9,+99999,9,03,1",,"9,AGL   ,+99999,+99999","06,99,1,02,1,99,9,00450,1,99,9,99,9",,,"9,9,999,9,+000,1",,"SYN05242260 32496 60707 10316 20281 49991 82530 333 58000=",
"42260099999","2025-08-23T09:00:00","4","27.155831","77.960892","167.94","AGRA, IN","FM-12","99999","V020","090,1,N,0051,1","99999,9,9,N","004000,1,9,9","+0279,1","+0277,1","09974,1","06,0030,3,1","9,1,02,1","6,1,02,1",,,,"06,1,+00450,1,09,1","99,9,+99999,9,03,1",,"9,AGL   ,+99999,+99999","08,99,1,06,1,99,9,00450,1,99,9,99,9",,,"9,9,999,9,+004,1","95,1","SYN06442260 21496 80910 10279 20277 49974 79596 86330 333 58004 6003/=",
"42260099999","2025-08-23T12:00:00","4","27.155831","77.960892","167.94","AGRA, IN","FM-12","99999","V020","140,1,N,0021,1","99999,9,9,N","004000,1,9,9","+0315,1","+0293,1","09968,1","09,0080,3,1","9,1,02,1","6,1,02,1",,,,"04,1,+00800,1,08,1","99,9,+99999,9,03,1",,"9,AGL   ,+99999,+99999","06,99,1,04,1,99,9,00800,1,99,9,99,9",,,"9,9,999,9,+014,1","02,1","SYN07042260 21596 61404 10315 20293 49968 70296 84230 333 10337 58014 6008/=",
"42260099999","2025-08-23T15:00:00","4","27.155831","77.960892","167.94","AGRA, IN","FM-12","99999","V020","070,1,N,0021,1","99999,9,9,N","004000,1,9,9","+0294,1","+0281,1","09988,1","12,0080,3,1",,,,,,"04,1,+00800,1,09,1","99,9,+99999,9,03,1",,"9,AGL   ,+99999,+99999","07,99,1,04,1,99,9,00800,1,99,9,99,9",,,"9,9,999,9,+005,1",,"SYN05842260 22596 70704 10294 20281 49988 84930 333 58005 6008/=",
"42260099999","2025-08-23T18:00:00","4","27.155831","77.960892","167.94","AGRA, IN","FM-12","99999","V020","050,1,N,0021,1","99999,9,9,N","004000,1,9,9","+0278,1","+0267,1","09997,1","15,0080,3,1","6,1,02,1","2,1,02,1",,,,"07,1,+00450,1,06,1","99,9,+99999,9,03,1",,"9,AGL   ,+99999,+99999","07,99,1,07,1,99,9,00450,1,99,9,99,9",,,"9,9,999,9,+006,1","02,1","SYN06442260 21496 70504 10278 20267 49997 70262 87530 333 58006 6008/=",
"42260099999","2025-08-24T00:00:00","4","27.155831","77.960892","167.94","AGRA, IN","FM-12","99999","V020","050,1,N,0026,1","99999,9,9,N","004000,1,9,9","+0275,1","+0257,1","09991,1","21,0080,3,1",,,,,,"03,1,+00800,1,06,1","99,9,+99999,9,03,1",,"9,AGL   ,+99999,+99999","05,99,1,03,1,99,9,00800,1,99,9,99,9",,,"9,9,999,9,+015,1",,"SYN05842260 22596 50505 10275 20257 49991 83530 333 58015 6008/=",
"42260099999","2025-08-24T06:00:00","4","27.155831","77.960892","167.94","AGRA, IN","FM-12","99999","V020","090,1,N,0031,1","99999,9,9,N","004000,1,9,9","+0316,1","+0287,1","10002,1",,"9,1,02,1","2,1,02,1",,,,"06,1,+00450,1,09,1","99,9,+99999,9,03,1",,"9,AGL   ,+99999,+99999","07,99,1,06,1,99,9,00450,1,99,9,99,9",,,"9,9,999,9,+010,1","02,1","SYN05842260 31496 70906 10316 20287 40002 70292 86330 333 58010=",
"42260099999","2025-08-24T09:00:00","4","27.155831","77.960892","167.94","AGRA, IN","FM-12","99999","V020","140,1,N,0015,1","99999,9,9,N","004000,1,9,9","+0268,1","+0268,1","09983,1","06,0060,3,1","9,1,02,1","6,1,02,1",,,,"03,1,+00450,1,06,1","99,9,+99999,9,03,1",,"9,AGL   ,+99999,+99999","07,99,1,03,1,99,9,00450,1,99,9,99,9",,,"9,9,999,9,+009,1","95,1","SYN06442260 21496 71403 10268 20268 49983 79596 83530 333 58009 6006/=",
"42260099999","2025-08-24T15:00:00","4","27.155831","77.960892","167.94","AGRA, IN","FM-12","99999","V020","070,1,N,0015,1","99999,9,9,N","004000,1,9,9","+0273,1","+0265,1","09994,1","12,0060,3,1","9,1,02,1","6,1,02,1",,,,"02,1,+00450,1,06,1","99,9,+99999,9,03,1",,"9,AGL   ,+99999,+99999","08,99,1,02,1,99,9,00450,1,99,9,99,9",,,"9,9,999,9,+005,1","60,1","SYN06442260 21496 80703 10273 20265 49994 76096 82530 333 58005 6006/=",
"42260099999","2025-08-24T18:00:00","4","27.155831","77.960892","167.94","AGRA, IN","FM-12","99999","V020","999,9,V,0010,1","99999,9,9,N","004000,1,9,9","+0272,1","+0267,1","10004,1","15,0060,3,1","9,1,02,1","6,1,02,1",,,,"02,1,+00450,1,06,1","99,9,+99999,9,03,1",,"9,AGL   ,+99999,+99999","08,99,1,02,1,99,9,00450,1,99,9,99,9",,,"9,9,999,9,+008,1","10,1","SYN06442260 21496 89902 10272 20267 40004 71096 82530 333 58008 6006/=",
