"STATION","DATE","SOURCE","LATITUDE","LONGITUDE","ELEVATION","NAME","REPORT_TYPE","CALL_SIGN","QUALITY_CONTROL","WND","CIG","VIS","TMP","DEW","SLP","AA1","AY1","AY2","AZ1","AZ2","GA1","GA2","GA3","GE1","GF1","KA1","MD1","ME1","MW1","REM","EQD"
"43058099999","2023-01-02T03:00:00","4","18.6333333","72.8666666","7.0","ALIBAG, IN","FM-12","99999","V020","230,1,N,0010,1","99999,9,9,N","004000,1,9,9","+0210,1","+0164,1","10163,1",,,,,,,,,,,"240,N,+0145,1","9,9,999,9,+000,1",,,"SYN07443058 32996 02302 10210 20164 40163 222// 20000 333 20145 59000 555 10000=",
"43058099999","2023-01-02T12:00:00","4","18.6333333","72.8666666","7.0","ALIBAG, IN","FM-12","99999","V020","320,1,N,0015,1","99999,9,9,N","004000,1,9,9","+0276,1","+0220,1","10132,1",,,,,,,,,,,"240,M,+0293,1","9,9,999,9,+000,1",,,"SYN06443058 32996 03203 10276 20220 40132 222// 20000 333 10293 58000=",
"43058099999","2023-01-03T03:00:00","4","18.6333333","72.8666666","7.0","ALIBAG, IN","FM-12","99999","V020","140,1,N,0010,1","99999,9,9,N","004000,1,9,9","+0218,1","+0166,1","10170,1",,,,,,,,,,,"240,N,+0163,1","9,9,999,9,+007,1",,,"SYN06443058 32996 01402 10218 20166 40170 222// 20000 333 20163 58007=",
"43058099999","2023-01-03T12:00:00","4","18.6333333","72.8666666","7.0","ALIBAG, IN","FM-12","99999","V020","320,1,N,0031,1","99999,9,9,N","004000,1,9,9","+0264,1","+0203,1","10131,1",,,,,,,,,,,"240,M,+0279,1","9,9,999,9,-001,1",,,"SYN06443058 32996 03206 10264 20203 40131 222// 20000 333 10279 59001=",
"43058099999","2023-01-04T03:00:00","4","18.6333333","72.8666666","7.0","ALIBAG, IN","FM-12","99999","V020","140,1,N,0010,1","99999,9,9,N","004000,1,9,9","+0224,1","+0179,1","10156,1",,,,,,,,,,,"240,N,+0162,1","9,9,999,9,-014,1",,,"SYN07443058 32996 01402 10224 20179 40156 222// 20000 333 20162 59014 555 10000=",
"43058099999","2023-01-04T12:00:00","4","18.6333333","72.8666666","7.0","ALIBAG, IN","FM-12","99999","V020","320,1,N,0021,1","99999,9,9,N","004000,1,9,9","+0266,1","+0202,1","10112,1",,,,,,,,,,,"240,M,+0306,1","9,9,999,9,-019,1",,,"SYN06443058 32996 03204 10266 20202 40112 222// 20000 333 10306 59019=",
"43058099999","2023-01-05T12:00:00","4","18.6333333","72.8666666","7.0","ALIBAG, IN","FM-12","99999","V020","320,1,N,0021,1","99999,9,9,N","004000,1,9,9","+0272,1","+0209,1","10132,1",,,,,,,,,,,,"9,9,999,9,+020,1",,,"SYN06443058 32996 03204 10272 20209 40132 222// 20000 333 10295 58020=",
"43058099999","2023-01-06T03:00:00","4","18.6333333","72.8666666","7.0","ALIBAG, IN","FM-12","99999","V020","050,1,N,0021,1","99999,9,9,N","004000,1,9,9","+0246,1","+0200,1","10173,1",,,,,,,,,,,"240,N,+0184,1","9,9,999,9,+041,1",,,"SYN07443058 32596 00504 10246 20200 40173 222// 20000 333 20184 58041 555 10000=",
"43058099999","2023-01-06T12:00:00","4","18.6333333","72.8666666","7.0","ALIBAG, IN","FM-12","99999","V020","320,1,N,0015,1","99999,9,9,N","004000,1,9,9","+0296,1","+0195,1","10145,1",,,,,,,,,,,,"9,9,999,9,+013,1",,,"SYN06443058 32996 03203 10296 20195 40145 222// 20000 333 10328 58013=",
"43058099999","2023-01-09T03:00:00","4","18.6333333","72.8666666","7.0","ALIBAG, IN","FM-12","99999","V020","050,1,N,0010,1","99999,9,9,N","004000,1,9,9","+0224,1","+0146,1","10169,1",,,,,,,,,,,"240,N,+0166,1","9,9,999,9,+000,1",,,"SYN07443058 32996 00502 10224 20146 40169 222// 20000 333 20166 58000 555 10000=",
"43058099999","2023-01-09T12:00:00","4","18.6333333","72.8666666","7.0","ALIBAG, IN","FM-12","99999","V020","320,1,N,0026,1","99999,9,9,N","004000,1,9,9","+0278,1","+0181,1","10143,1",,,,,,,,,,,"240,M,+0296,1","9,9,999,9,+000,1",,,"SYN06443058 32996 03205 10278 20181 40143 222// 20000 333 10296 58000=",
"43058099999","2023-01-10T03:00:00","4","18.6333333","72.8666666","7.0","ALIBAG, IN","FM-12","99999","V020","050,1,N,0010,1","99999,9,9,N","004000,1,9,9","+0224,1","+0138,1","10076,1",,,,,,,,,,,"240,N,+0150,1","9,9,999,9,-007,1",,,"SYN07443058 32996 00502 10224 20138 40076 222// 20000 333 20150 59007 555 10000=",
"43058099999","2023-01-10T12:00:00","4","18.6333333","72.8666666","7.0","ALIBAG, IN","FM-12","99999","V020","320,1,N,0021,1","99999,9,9,N","004000,1,9,9","+0280,1","+0194,1","10143,1",,,,,,,,,,,"240,M,+0322,1","9,9,999,9,+000,1",,,"SYN06443058 32996 03204 10280 20194 40143 222// 20000 333 10322 59000=",
"43058099999","2023-01-11T03:00:00","4","18.6333333","72.8666666","7.0","ALIBAG, IN","FM-12","99999","V020","050,1,N,0010,1","99999,9,9,N","004000,1,9,9","+0224,1","+0138,1","10076,1",,,,,,,,,,,"240,N,+0150,1","9,9,999,9,-007,1",,,"SYN07543058 32996 00502 10224 20138 40076 222// 20000 333 20150 59007 5550 10000=",
"43058099999","2023-01-11T12:00:00","4","18.6333333","72.8666666","7.0","ALIBAG, IN","FM-12","99999","V020","320,1,N,0031,1","99999,9,9,N","004000,1,9,9","+0268,1","+0194,1","10124,1",,,,,,,,,,,"240,M,+0306,1","9,9,999,9,-009,1",,,"SYN06443058 32996 03206 10268 20194 40124 222// 20000 333 10306 59009=",
"43058099999","2023-01-12T03:00:00","4","18.6333333","72.8666666","7.0","ALIBAG, IN","FM-12","99999","V020","050,1,N,0010,1","99999,9,9,N","004000,1,9,9","+0220,1","+0125,1","10146,1",,,,,,,,,,,"240,N,+0156,1","9,9,999,9,+005,1",,,"SYN07443058 32996 00502 10220 20125 40146 222// 20000 333 20156 58005 555 10000=",
"43058099999","2023-01-12T12:00:00","4","18.6333333","72.8666666","7.0","ALIBAG, IN","FM-12","99999","V020","320,1,N,0041,1","99999,9,9,N","004000,1,9,9","+0264,1","+0186,1","10111,1",,,,,,,,,,,"240,M,+0286,1","9,9,999,9,+040,1",,,"SYN06443058 32996 03208 10264 20186 40111 222// 20000 333 10286 58040=",
"43058099999","2023-01-13T12:00:00","4","18.6333333","72.8666666","7.0","ALIBAG, IN","FM-12","99999","V020","320,1,N,0067,1","99999,9,9,N","004000,1,9,9","+0252,1","+0164,1","10125,1",,,,,,,,,,,"240,M,+0288,1","9,9,999,9,-022,1",,,"SYN06443058 32996 03213 10252 20164 40125 222// 20000 333 10288 59022=",
"43058099999","2023-01-16T03:00:00","4","18.6333333","72.8666666","7.0","ALIBAG, IN","FM-12","99999","V020","140,1,N,0010,1","99999,9,9,N","004000,1,9,9","+0194,1","+0168,1","10134,1",,,,,,,,,,,"240,N,+0143,1","9,9,999,9,+000,1",,,"SYN07443058 32996 01402 10194 20168 40134 222// 20000 333 20143 58000 555 10000=",
"43058099999","2023-01-16T12:00:00","4","18.6333333","72.8666666","7.0","ALIBAG, IN","FM-12","99999","V020","320,1,N,0021,1","99999,9,9,N","004000,1,9,9","+0250,1","+0170,1","10104,1",,,,,,,,,,,"240,M,+0286,1","9,9,999,9,+000,1",,,"SYN06443058 32996 03204 10250 20170 40104 222// 20000 333 10286 58000=",
"43058099999","2023-01-17T03:00:00","4","18.6333333","72.8666666","7.0","ALIBAG, IN","FM-12","99999","V020","140,1,N,0010,1","22000,1,9,9","004000,1,9,9","+0202,1","+0162,1","10147,1","99,9999,9,9",,,"0,1,99,9","0,1,99,9",,,,,"00,99,1,99,9,99,9,99999,9,99,9,99,9","120,N,+0142,1","9,9,999,9,+045,1",,,"SYN004BUFR",
"43058099999","2023-01-17T12:00:00","4","18.6333333","72.8666666","7.0","ALIBAG, IN","FM-12","99999","V020","320,1,N,0041,1","99999,9,9,N","004000,1,9,9","+0260,1","+0185,1","10102,1",,,,,,,,,,,"240,M,+0268,1","9,9,999,9,-002,1",,,"SYN06443058 32996 03208 10260 20185 40102 222// 20000 333 10268 59002=",
"43058099999","2023-01-18T12:00:00","4","18.6333333","72.8666666","7.0","ALIBAG, IN","FM-12","99999","V020","320,1,N,0021,1","99999,9,9,N","004000,1,9,9","+0280,1","+0190,1","10112,1",,,,,,,,,,,,"9,9,999,9,+002,1",,,"SYN06443058 32996 03204 10280 20190 40112 222// 20000 333 10262 58002=","Q0126.2  2EATMX "
"43058099999","2023-01-19T03:00:00","4","18.6333333","72.8666666","7.0","ALIBAG, IN","FM-12","99999","V020","140,1,N,0010,1","99999,9,9,N","004000,1,9,9","+0216,1","+0156,1","10151,1",,,,,,,,,,,"240,N,+0152,1","9,9,999,9,+003,1",,,"SYN07443058 32996 01402 10216 20156 40151 222// 20000 333 20152 58003 555 10000=",
"43058099999","2023-01-19T12:00:00","4","18.6333333","72.8666666","7.0","ALIBAG, IN","FM-12","99999","V020","320,1,N,0026,1","99999,9,9,N","004000,1,9,9","+0266,1","+0199,1","10112,1",,,,,,,,,,,"240,M,+0279,1","9,9,999,9,+000,1",,,"SYN06443058 32996 03205 10266 20199 40112 222// 20000 333 10279 58000=",
"43058099999","2023-01-20T03:00:00","4","18.6333333","72.8666666","7.0","ALIBAG, IN","FM-12","99999","V020","230,1,N,0010,1","99999,9,9,N","004000,1,9,9","+0234,1","+0166,1","10154,1",,,,,,,,,,,"240,N,+0147,1","9,9,999,9,+003,1",,,"SYN07443058 32996 02302 10234 20166 40154 222// 20000 333 20147 58003 555 10000=",
"43058099999","2023-01-20T12:00:00","4","18.6333333","72.8666666","7.0","ALIBAG, IN","FM-12","99999","V020","320,1,N,0021,1","99999,9,9,N","004000,1,9,9","+0262,1","+0184,1","10124,1",,,,,,,,,,,"240,M,+0296,1","9,9,999,9,-012,1",,,"SYN06443058 32996 03204 10262 20184 40124 222// 20000 333 10296 59012=",
"43058099999","2023-01-23T12:00:00","4","18.6333333","72.8666666","7.0","ALIBAG, IN","FM-12","99999","V020","320,1,N,0046,1","99999,9,9,N","004000,1,9,9","+0240,1","+0154,1","10106,1",,,,,,,,,,,"240,M,+0258,1","9,9,999,9,+000,1",,,"SYN06443058 32996 03209 10240 20154 40106 222// 20000 333 10258 58000=",
"43058099999","2023-01-24T03:00:00","4","18.6333333","72.8666666","7.0","ALIBAG, IN","FM-12","99999","V020","050,1,N,0015,1","99999,9,9,N","004000,1,9,9","+0216,1","+0116,1","10146,1",,,,,,,,,,,"240,N,+0145,1","9,9,999,9,+002,1",,,"SYN07443058 32996 00503 10216 20116 40146 222// 20000 333 20145 58002 555 10000=",
"43058099999","2023-01-24T12:00:00","4","18.6333333","72.8666666","7.0","ALIBAG, IN","FM-12","99999","V020","320,1,N,0051,1","99999,9,9,N","004000,1,9,9","+0234,1","+0143,1","10116,1",,,,,,,,,,,"240,M,+0249,1","9,9,999,9,+010,1",,,"SYN06443058 32996 03210 10234 20143 40116 222// 20000 333 10249 58010=",
"43058099999","2023-01-25T03:00:00","4","18.6333333","72.8666666","7.0","ALIBAG, IN","FM-12","99999","V020","320,1,N,0015,1","99999,9,9,N","004000,1,9,9","+0210,1","+0113,1","10149,1",,,,,,,,,,,"240,N,+0134,1","9,9,999,9,+033,1",,,"SYN07443058 32996 03203 10210 20113 40149 222// 20000 333 20134 58033 555 10000=",
"43058099999","2023-01-25T12:00:00","4","18.6333333","72.8666666","7.0","ALIBAG, IN","FM-12","99999","V020","320,1,N,0026,1","99999,9,9,N","004000,1,9,9","+0240,1","+0138,1","10118,1",,,,,,,,,,,"240,M,+0257,1","9,9,999,9,+002,1",,,"SYN06443058 32996 03205 10240 20138 40118 222// 20000 333 10257 58002=",
"43058099999","2023-01-27T03:00:00","4","18.6333333","72.8666666","7.0","ALIBAG, IN","FM-12","99999","V020","230,1,N,0010,1","99999,9,9,N","004000,1,9,9","+0234,1","+0176,1","10128,1",,,,,,,,,,,"240,N,+0177,1","9,9,999,9,+000,1",,,"SYN07443058 32996 02302 10234 20176 40128 222// 20000 333 20177 58000 555 10000=",
"43058099999","2023-01-27T12:00:00","4","18.6333333","72.8666666","7.0","ALIBAG, IN","FM-12","99999","V020","320,1,N,0026,1","99999,9,9,N","004000,1,9,9","+0274,1","+0217,1","10147,1",,,,,,,,,,,"240,M,+0280,1","9,9,999,9,+000,1",,,"SYN06443058 32996 03205 10274 20217 40147 222// 20000 333 10280 58000=",
"43058099999","2023-01-30T03:00:00","4","18.6333333","72.8666666","7.0","ALIBAG, IN","FM-12","99999","V020","320,1,N,0021,1","99999,9,9,N","004000,1,9,9","+0242,1","+0199,1","10150,1",,,,,,,,,,,"240,N,+0184,1","9,9,999,9,+000,1",,,"SYN07443058 32996 03204 10242 20199 40150 222// 20000 333 20184 58000 555 10000=",
"43058099999","2023-01-30T12:00:00","4","18.6333333","72.8666666","7.0","ALIBAG, IN","FM-12","99999","V020","320,1,N,0041,1","99999,9,9,N","004000,1,9,9","+0258,1","+0210,1","10113,1",,,,,,,,,,,"240,M,+0276,1","9,9,999,9,+000,1",,,"SYN06443058 32996 03208 10258 20210 40113 222// 20000 333 10276 58000=",
"43058099999","2023-01-31T03:00:00","4","18.6333333","72.8666666","7.0","ALIBAG, IN","FM-12","99999","V020","050,1,N,0031,1","99999,9,9,N","004000,1,9,9","+0240,1","+0172,1","10141,1",,,,,,,,,,,"240,N,+0182,1","9,9,999,9,+028,1",,,"SYN07443058 32996 00506 10240 20172 40141 222// 20000 333 20182 58028 555 10000=",
"43058099999","2023-01-31T12:00:00","4","18.6333333","72.8666666","7.0","ALIBAG, IN","FM-12","99999","V020","320,1,N,0036,1","99999,9,9,N","004000,1,9,9","+0262,1","+0220,1","10104,1",,,,,,,,,,,"240,M,+0292,1","9,9,999,9,-009,1",,,"SYN06443058 32996 03207 10262 20220 40104 222// 20000 333 10292 59009=",
"43058099999","2023-02-01T03:00:00","4","18.6333333","72.8666666","7.0","ALIBAG, IN","FM-12","99999","V020","230,1,N,0015,1","99999,9,9,N","004000,1,9,9","+0258,1","+0189,1","10176,1",,,,,,,,,,,"240,N,+0192,1","9,9,999,9,+035,1",,,"SYN07443058 32996 02303 10258 20189 40176 222// 20000 333 20192 58035 555 10000=",
"43058099999","2023-02-01T12:00:00","4","18.6333333","72.8666666","7.0","ALIBAG, IN","FM-12","99999","V020","320,1,N,0015,1","99999,9,9,N","004000,1,9,9","+0268,1","+0227,1","10097,1",,,,,,,,,,,"240,M,+0338,1","9,9,999,9,-007,1",,,"SYN06443058 32996 03203 10268 20227 40097 222// 20000 333 10338 59007=",
"43058099999","2023-02-02T03:00:00","4","18.6333333","72.8666666","7.0","ALIBAG, IN","FM-12","99999","V020","140,1,N,0015,1","99999,9,9,N","004000,1,9,9","+0272,1","+0177,1","10143,1",,,,,,,,,,,"240,N,+0204,1","9,9,999,9,+017,1",,,"SYN07443058 32996 01403 10272 20177 40143 222// 20000 333 20204 58017 555 10000=",
"43058099999","2023-02-02T06:00:00","4","18.6333333","72.8666666","7.0","ALIBAG, IN","FM-12","99999","V020","140,1,N,0015,1","99999,9,9,N","004000,1,9,9","+0272,1","+0177,1","10143,1",,,,,,,,,,,"240,N,+0204,1","9,9,999,9,+017,1",,,"SYN07443058 32996 01403 10272 20177 40143 222// 20000 333 20204 58017 555 10000=",
"43058099999","2023-02-02T12:00:00","4","18.6333333","72.8666666","7.0","ALIBAG, IN","FM-12","99999","V020","320,1,N,0021,1","99999,9,9,N","004000,1,9,9","+0274,1","+0217,1","10100,1",,,,,,,,,,,"240,M,+0330,1","9,9,999,9,+003,1",,,"SYN06443058 32996 03204 10274 20217 40100 222// 20000 333 10330 58003=",
"43058099999","2023-02-03T03:00:00","4","18.6333333","72.8666666","7.0","ALIBAG, IN","FM-12","99999","V020","050,1,N,0010,1","99999,9,9,N","004000,1,9,9","+0262,1","+0154,1","10155,1",,,,,,,,,,,"240,N,+0179,1","9,9,999,9,+055,1",,,"SYN07443058 32996 00502 10262 20154 40155 222// 20000 333 20179 58055 555 10000=",
"43058099999","2023-02-03T12:00:00","4","18.6333333","72.8666666","7.0","ALIBAG, IN","FM-12","99999","V020","320,1,N,0021,1","99999,9,9,N","004000,1,9,9","+0284,1","+0199,1","10105,1",,,,,,,,,,,"240,M,+0294,1","9,9,999,9,+005,1",,,"SYN06443058 32996 03204 10284 20199 40105 222// 20000 333 10294 58005=",
"43058099999","2023-02-06T03:00:00","4","18.6333333","72.8666666","7.0","ALIBAG, IN","FM-12","99999","V020","320,1,N,0015,1","99999,9,9,N","004000,1,9,9","+0252,1","+0190,1","10135,1",,,,,,,,,,,"240,N,+0163,1","9,9,999,9,+000,1",,,"SYN07443058 32996 03203 10252 20190 40135 222// 20000 333 20163 59000 555 10000=",
"43058099999","2023-02-06T12:00:00","4","18.6333333","72.8666666","7.0","ALIBAG, IN","FM-12","99999","V020","320,1,N,0026,1","99999,9,9,N","004000,1,9,9","+0278,1","+0173,1","10095,1",,,,,,,,,,,"240,M,+0292,1","9,9,999,9,+000,1",,,"SYN06443058 32996 03205 10278 20173 40095 222// 20000 333 10292 59000=",
"43058099999","2023-02-07T12:00:00","4","18.6333333","72.8666666","7.0","ALIBAG, IN","FM-12","99999","V020","320,1,N,0031,1","99999,9,9,N","004000,1,9,9","+0278,1","+0195,1","10092,1",,,,,,,,,,,"240,M,+0290,1","9,9,999,9,-003,1",,,"SYN06443058 32996 03206 10278 20195 40092 222// 20000 333 10290 59003=",
"43058099999","2023-02-08T03:00:00","4","18.6333333","72.8666666","7.0","ALIBAG, IN","FM-12","99999","V020","320,1,N,0021,1","99999,9,9,N","004000,1,9,9","+0244,1","+0173,1","10136,1",,,,,,,,,,,"240,N,+0168,1","9,9,999,9,+001,1",,,"SYN07443058 32996 03204 10244 20173 40136 222// 20000 333 20168 58001 555 10000=",
"43058099999","2023-02-08T12:00:00","4","18.6333333","72.8666666","7.0","ALIBAG, IN","FM-12","99999","V020","320,1,N,0031,1","99999,9,9,N","004000,1,9,9","+0284,1","+0192,1","10092,1",,,,,,,,,,,"240,M,+0289,1","9,9,999,9,+000,1",,,"SYN06443058 32996 03206 10284 20192 40092 222// 20000 333 10289 58000=",
"43058099999","2023-02-09T03:00:00","4","18.6333333","72.8666666","7.0","ALIBAG, IN","FM-12","99999","V020","050,1,N,0010,1","99999,9,9,N","004000,1,9,9","+0266,1","+0166,1","10134,1",,,,,,,,,,,"240,N,+0175,1","9,9,999,9,-002,1",,,"SYN07443058 32996 00502 10266 20166 40134 222// 20000 333 20175 59002 555 10000=",
"43058099999","2023-02-09T12:00:00","4","18.6333333","72.8666666","7.0","ALIBAG, IN","FM-12","99999","V020","320,1,N,0031,1","99999,9,9,N","004000,1,9,9","+0288,1","+0226,1","10102,1",,,,,,,,,,,"240,M,+0317,1","9,9,999,9,+010,1",,,"SYN06443058 32996 03206 10288 20226 40102 222// 20000 333 10317 58010=",
"43058099999","2023-02-10T03:00:00","4","18.6333333","72.8666666","7.0","ALIBAG, IN","FM-12","99999","V020","230,1,N,0010,1","99999,9,9,N","004000,1,9,9","+0252,1","+0179,1","10196,1",,,,,,,,,,,"240,N,+0171,1",,,,"SYN07443058 32996 02302 10252 20179 40196 222// 20000 333 20171 58094 555 10000=",
"43058099999","2023-02-10T12:00:00","4","18.6333333","72.8666666","7.0","ALIBAG, IN","FM-12","99999","V020","320,1,N,0046,1","99999,9,9,N","004000,1,9,9","+0280,1","+0213,1","10106,1",,,,,,,,,,,"240,M,+0289,1","9,9,999,9,+004,1",,,"SYN06443058 32996 03209 10280 20213 40106 222// 20000 333 10289 58004=",
"43058099999","2023-02-13T03:00:00","4","18.6333333","72.8666666","7.0","ALIBAG, IN","FM-12","99999","V020","320,1,N,0010,1","99999,9,9,N","004000,1,9,9","+0282,1","+0155,1","10154,1",,,,,,,,,,,"240,N,+0183,1","9,9,999,9,+000,1",,,"SYN07443058 32996 03202 10282 20155 40154 222// 20000 333 20183 58000 555 10000=",
"43058099999","2023-02-13T12:00:00","4","18.6333333","72.8666666","7.0","ALIBAG, IN","FM-12","99999","V020","320,1,N,0041,1","99999,9,9,N","004000,1,9,9","+0288,1","+0182,1","10107,1",,,,,,,,,,,"240,M,+0366,1","9,9,999,9,+000,1",,,"SYN06443058 32996 03208 10288 20182 40107 222// 20000 333 10366 58000=",
"43058099999","2023-02-14T12:00:00","4","18.6333333","72.8666666","7.0","ALIBAG, IN","FM-12","99999","V020","320,1,N,0026,1","99999,9,9,N","004000,1,9,9","+0296,1","+0192,1","10106,1",,,,,,,,,,,"240,M,+0311,1","9,9,999,9,-001,1",,,"SYN06443058 32996 03205 10296 20192 40106 222// 20000 333 10311 59001=",
"43058099999","2023-02-15T12:00:00","4","18.6333333","72.8666666","7.0","ALIBAG, IN","FM-12","99999","V020","320,1,N,0026,1","99999,9,9,N","004000,1,9,9","+0298,1","+0194,1","10091,1",,,,,,,,,,,"240,M,+0314,1","9,9,999,9,-015,1",,,"SYN06443058 32996 03205 10298 20194 40091 222// 20000 333 10314 59015=",
"43058099999","2023-02-16T03:00:00","4","18.6333333","72.8666666","7.0","ALIBAG, IN","FM-12","99999","V020","050,1,N,0015,1","99999,9,9,N","004000,1,9,9","+0304,1","+0105,1","10143,1",,,,,,,,,,,"240,N,+0173,1","9,9,999,9,+052,1",,,"SYN07443058 32996 00503 10304 20105 40143 222// 20000 333 20173 58052 555 10000=",
"43058099999","2023-02-16T12:00:00","4","18.6333333","72.8666666","7.0","ALIBAG, IN","FM-12","99999","V020","320,1,N,0046,1","99999,9,9,N","004000,1,9,9","+0298,1","+0234,1","10098,1",,,,,,,,,,,"240,M,+0380,1","9,9,999,9,+007,1",,,"SYN06443058 32996 03209 10298 20234 40098 222// 20000 333 10380 58007=",
"43058099999","2023-02-17T06:00:00","4","18.6333333","72.8666666","7.0","ALIBAG, IN","FM-12","99999","V020","320,1,N,0010,1","99999,9,9,N","004000,1,9,9","+0276,1","+0171,1","10145,1",,,,,,,,,,,"240,N,+0176,1","9,9,999,9,+002,1",,,"SYN07443058 32996 03202 10276 20171 40145 222// 20000 333 20176 58002 555 10000=",
"43058099999","2023-02-17T12:00:00","4","18.6333333","72.8666666","7.0","ALIBAG, IN","FM-12","99999","V020","320,1,N,0031,1","99999,9,9,N","004000,1,9,9","+0304,1","+0201,1","10100,1",,,,,,,,,,,"240,M,+0356,1","9,9,999,9,+002,1",,,"SYN06443058 32996 03206 10304 20201 40100 222// 20000 333 10356 58002=",
"43058099999","2023-02-20T03:00:00","4","18.6333333","72.8666666","7.0","ALIBAG, IN","FM-12","99999","V020","140,1,N,0010,1","99999,9,9,N","004000,1,9,9","+0262,1","+0227,1","10153,1",,,,,,,,,,,"240,N,+0180,1","9,9,999,9,+000,1",,,"SYN07443058 32996 01402 10262 20227 40153 222// 20000 333 20180 58000 555 10000=",
"43058099999","2023-02-20T12:00:00","4","18.6333333","72.8666666","7.0","ALIBAG, IN","FM-12","99999","V020","320,1,N,0026,1","99999,9,9,N","004000,1,9,9","+0284,1","+0222,1","10106,1",,,,,,,,,,,"240,M,+0335,1","9,9,999,9,+000,1",,,"SYN06443058 32996 03205 10284 20222 40106 222// 20000 333 10335 58000=",
"43058099999","2023-02-21T03:00:00","4","18.6333333","72.8666666","7.0","ALIBAG, IN","FM-12","99999","V020","140,1,N,0015,1","99999,9,9,N","004000,1,9,9","+0256,1","+0187,1","10153,1",,,,,,,,,,,"240,N,+0177,1","9,9,999,9,+000,1",,,"SYN07443058 32996 01403 10256 20187 40153 222// 20000 333 20177 59000 555 10000=",
"43058099999","2023-02-21T12:00:00","4","18.6333333","72.8666666","7.0","ALIBAG, IN","FM-12","99999","V020","320,1,N,0031,1","99999,9,9,N","004000,1,9,9","+0284,1","+0231,1","10117,1",,,,,,,,,,,"240,M,+0296,1","9,9,999,9,+011,1",,,"SYN06443058 32996 03206 10284 20231 40117 222// 20000 333 10296 58011=",
"43058099999","2023-02-22T12:00:00","4","18.6333333","72.8666666","7.0","ALIBAG, IN","FM-12","99999","V020","320,1,N,0036,1","99999,9,9,N","004000,1,9,9","+0278,1","+0225,1","10105,1",,,,,,,,,,,"240,M,+0288,1","9,9,999,9,-012,1",,,"SYN06443058 32996 03207 10278 20225 40105 222// 20000 333 10288 59012=",
"43058099999","2023-02-23T12:00:00","4","18.6333333","72.8666666","7.0","ALIBAG, IN","FM-12","99999","V020","320,1,N,0031,1","99999,9,9,N","004000,1,9,9","+0282,1","+0213,1","10098,1",,,,,,,,,,,"240,M,+0310,1","9,9,999,9,-007,1",,,"SYN06443058 32996 03206 10282 20213 40098 222// 20000 333 10310 59007=",
"43058099999","2023-02-24T03:00:00","4","18.6333333","72.8666666","7.0","ALIBAG, IN","FM-12","99999","V020","140,1,N,0026,1","99999,9,9,N","004000,1,9,9","+0268,1","+0176,1","10144,1",,,,,,,,,,,"240,N,+0176,1","9,9,999,9,+010,1",,,"SYN07443058 32996 01405 10268 20176 40144 222// 20000 333 20176 58010 555 10000=",
"43058099999","2023-02-24T06:00:00","4","18.6333333","72.8666666","7.0","ALIBAG, IN","FM-12","99999","V020","140,1,N,0026,1","99999,9,9,N","004000,1,9,9","+0268,1","+0176,1","10144,1",,,,,,,,,,,"240,N,+0176,1","9,9,999,9,+010,1",,,"SYN07443058 32996 01405 10268 20176 40144 222// 20000 333 20176 58010 555 10000=",
"43058099999","2023-02-24T12:00:00","4","18.6333333","72.8666666","7.0","ALIBAG, IN","FM-12","99999","V020","320,1,N,0031,1","99999,9,9,N","004000,1,9,9","+0294,1","+0214,1","10105,1",,,,,,,,,,,"240,M,+0306,1","9,9,999,9,+012,1",,,"SYN06443058 32996 03206 10294 20214 40105 222// 20000 333 10306 58012=",
"43058099999","2023-02-27T12:00:00","4","18.6333333","72.8666666","7.0","ALIBAG, IN","FM-12","99999","V020","320,1,N,0026,1","99999,9,9,N","004000,1,9,9","+0288,1","+0220,1","10122,1",,,,,,,,,,,"240,M,+0310,1","9,9,999,9,+000,1",,,"SYN06443058 32996 03205 10288 20220 40122 222// 20000 333 10310 58000=",
"43058099999","2023-02-28T03:00:00","4","18.6333333","72.8666666","7.0","ALIBAG, IN","FM-12","99999","V020","140,1,N,0010,1","99999,9,9,N","004000,1,9,9","+0256,1","+0154,1","10196,1",,,,,,,,,,,"240,N,+0174,1","9,9,999,9,+005,1",,,"SYN07443058 32996 01402 10256 20154 40196 222// 20000 333 20174 58005 555 10000=",
"43058099999","2023-02-28T12:00:00","4","18.6333333","72.8666666","7.0","ALIBAG, IN","FM-12","99999","V020","320,1,N,0026,1","99999,9,9,N","004000,1,9,9","+0296,1","+0206,1","10127,1",,,,,,,,,,,,"9,9,999,9,-003,1",,,"SYN06443058 32996 03205 10296 20206 40127 222// 20000 333 20315 59003=","Q0131.5  2EATMN "
"43058099999","2023-03-01T03:00:00","4","18.6333333","72.8666666","7.0","ALIBAG, IN","FM-12","99999","V020","050,1,N,0021,1","99999,9,9,N","004000,1,9,9","+0270,1","+0122,1","10073,1",,,,,,,,,,,"240,N,+0179,1",,,,"SYN07443058 32996 00504 10270 20122 40073 222// 20000 333 20179 59096 555 10000=",
"43058099999","2023-03-01T06:00:00","4","18.6333333","72.8666666","7.0","ALIBAG, IN","FM-12","99999","V020","050,1,N,0021,1","99999,9,9,N","004000,1,9,9","+0270,1","+0122,1","10073,1",,,,,,,,,,,"240,N,+0179,1",,,,"SYN07443058 32996 00504 10270 20122 40073 222// 20000 333 20179 59096 555 10000=",
"43058099999","2023-03-01T12:00:00","4","18.6333333","72.8666666","7.0","ALIBAG, IN","FM-12","99999","V020","320,1,N,0031,1","99999,9,9,N","004000,1,9,9","+0292,1","+0228,1","10131,1",,,,,,,,,,,"240,M,+0330,1","9,9,999,9,+004,1",,,"SYN06443058 32996 03206 10292 20228 40131 222// 20000 333 10330 58004=",
"43058099999","2023-03-02T12:00:00","4","18.6333333","72.8666666","7.0","ALIBAG, IN","FM-12","99999","V020","320,1,N,0015,1","99999,9,9,N","004000,1,9,9","+0308,1","+0188,1","10131,1",,,,,,,,,,,"240,M,+0314,1","9,9,999,9,-006,1",,,"SYN06443058 32996 03203 10308 20188 40131 222// 20000 333 10314 59006=",
"43058099999","2023-03-03T12:00:00","4","18.6333333","72.8666666","7.0","ALIBAG, IN","FM-12","99999","V020","320,1,N,0026,1","99999,9,9,N","004000,1,9,9","+0304,1","+0225,1","10140,1",,,,,,,,,,,"240,M,+0324,1","9,9,999,9,+009,1",,,"SYN06443058 32996 03205 10304 20225 40140 222// 20000 333 10324 58009=",
"43058099999","2023-03-06T03:00:00","4","18.6333333","72.8666666","7.0","ALIBAG, IN","FM-12","99999","V020","050,1,N,0031,1","99999,9,9,N","004000,1,9,9","+0308,1","+0135,1","10151,1",,,,,,,,,,,"240,N,+0217,1","9,9,999,9,+000,1",,,"SYN07443058 32996 00506 10308 20135 40151 222// 20000 333 20217 58000 555 10000=",
"43058099999","2023-03-06T12:00:00","4","18.6333333","72.8666666","7.0","ALIBAG, IN","FM-12","99999","V020","230,1,N,0015,1","22000,1,9,N","004000,1,9,9","+0320,1","+0224,1","10108,1",,,,,,"02,1,+01250,1,07,1","99,9,+99999,9,03,1",,"9,AGL   ,+99999,+99999","04,99,1,02,1,99,9,01250,1,99,9,99,9","240,M,+0380,1","9,9,999,9,+000,1",,,"SYN07043058 32696 42303 10320 20224 40108 8263/ 222// 20000 333 10380 58000=",
"43058099999","2023-03-08T03:00:00","4","18.6333333","72.8666666","7.0","ALIBAG, IN","FM-12","99999","V020","080,1,N,0015,1","99999,9,9,N","004000,1,9,9","+0282,1","+0171,1","10157,1",,,,,,,,,,,"240,N,+0204,1","9,9,999,9,+000,1",,,"SYN07443058 32996 00803 10282 20171 40157 222// 20000 333 20204 58000 555 10000=",
"43058099999","2023-03-09T03:00:00","4","18.6333333","72.8666666","7.0","ALIBAG, IN","FM-12","99999","V020","050,1,N,0010,1","99999,9,9,N","004000,1,9,9","+0292,1","+0121,1","10152,1",,,,,,,,,,,"240,N,+0224,1","9,9,999,9,-005,1",,,"SYN07443058 32996 00502 10292 20121 40152 222// 20000 333 20224 59005 555 10000=",
"43058099999","2023-03-09T12:00:00","4","18.6333333","72.8666666","7.0","ALIBAG, IN","FM-12","99999","V020","320,1,N,0026,1","99999,9,9,N","004000,1,9,9","+0312,1","+0214,1","10108,1",,,,,,,,,,,"240,M,+0348,1","9,9,999,9,-010,1",,,"SYN06443058 32996 03205 10312 20214 40108 222// 20000 333 10348 59010=",
"43058099999","2023-03-10T12:00:00","4","18.6333333","72.8666666","7.0","ALIBAG, IN","FM-12","99999","V020","320,1,N,0026,1","99999,9,9,N","004000,1,9,9","+0314,1","+0184,1","10098,1",,,,,,,,,,,"240,M,+0332,1","9,9,999,9,-010,1",,,"SYN06443058 32996 03205 10314 20184 40098 222// 20000 333 10332 59010=",
"43058099999","2023-03-13T03:00:00","4","18.6333333","72.8666666","7.0","ALIBAG, IN","FM-12","99999","V020","050,1,N,0010,1","99999,9,9,N","004000,1,9,9","+0298,1","+0205,1","10119,1",,,,,,,,,,,"240,N,+0230,1","9,9,999,9,+000,1",,,"SYN07443058 32996 00502 10298 20205 40119 222// 20000 333 20230 59000 555 10000=",
"43058099999","2023-03-13T12:00:00","4","18.6333333","72.8666666","7.0","ALIBAG, IN","FM-12","99999","V020","230,1,N,0021,1","99999,9,9,N","004000,1,9,9","+0320,1","+0217,1","10082,1",,,,,,,,,,,"240,M,+0361,1","9,9,999,9,+000,1",,,"SYN06443058 32996 02304 10320 20217 40082 222// 20000 333 10361 59000=",
"43058099999","2023-03-14T03:00:00","4","18.6333333","72.8666666","7.0","ALIBAG, IN","FM-12","99999","V020","050,1,N,0010,1","99999,9,9,N","004000,1,9,9","+0296,1","+0181,1","10113,1",,,,,,,,,,,"240,N,+0216,1","9,9,999,9,-006,1",,,"SYN07443058 32996 00502 10296 20181 40113 222// 20000 333 20216 59006 555 10000=",
"43058099999","2023-03-14T12:00:00","4","18.6333333","72.8666666","7.0","ALIBAG, IN","FM-12","99999","V020","320,1,N,0041,1","99999,9,9,N","004000,1,9,9","+0304,1","+0262,1","10071,1",,,,,,,,,,,"240,M,+0346,1","9,9,999,9,-019,1",,,"SYN06443058 32996 03208 10304 20262 40071 222// 20000 333 10346 59019=",
"43058099999","2023-03-15T03:00:00","4","18.6333333","72.8666666","7.0","ALIBAG, IN","FM-12","99999","V020","050,1,N,0010,1","99999,9,9,N","004000,1,9,9","+0284,1","+0188,1","10101,1",,,,,,,,,,,"240,N,+0226,1","9,9,999,9,-012,1",,,"SYN07443058 32996 00502 10284 20188 40101 222// 20000 333 20226 59012 555 10000=",
"43058099999","2023-03-15T12:00:00","4","18.6333333","72.8666666","7.0","ALIBAG, IN","FM-12","99999","V020","320,1,N,0051,1","99999,9,9,N","004000,1,9,9","+0300,1","+0233,1","10070,1",,,,,,"06,1,+02250,1,03,1",,,"9,AGL   ,+99999,+99999","06,99,1,06,1,99,9,02250,1,99,9,99,9","240,M,+0346,1","9,9,999,9,-001,1",,,"SYN07043058 32896 63210 10300 20233 40070 8604/ 222// 20000 333 10346 59001=",
"43058099999","2023-03-16T03:00:00","4","18.6333333","72.8666666","7.0","ALIBAG, IN","FM-12","99999","V020","140,1,N,0015,1","99999,9,9,N","004000,1,9,9","+0298,1","+0221,1","10113,1",,,,,,,,,,,"240,N,+0235,1","9,9,999,9,+012,1",,,"SYN07443058 32996 01403 10298 20221 40113 222// 20000 333 20235 58012 555 10000=",
"43058099999","2023-03-16T12:00:00","4","18.6333333","72.8666666","7.0","ALIBAG, IN","FM-12","99999","V020","030,1,N,0051,1","22000,1,9,N","001000,1,9,9","+9999,9","+0254,1","10081,1",,,,,,"99,9,+00250,1,99,9",,,"9,AGL   ,+99999,+99999","01,99,1,99,9,99,9,00250,1,99,9,99,9","240,M,+0339,1","9,9,999,9,+011,1",,,"SYN05843058 02310 10310 20254 40081 222// 20000 333 10339 58011=",
"43058099999","2023-03-17T03:00:00","4","18.6333333","72.8666666","7.0","ALIBAG, IN","FM-12","99999","V020","050,1,N,0021,1","99999,9,9,N","004000,1,9,9","+0272,1","+0188,1","10124,1",,,,,,,,,,,"240,N,+0207,1","9,9,999,9,+011,1",,,"SYN07443058 32996 00504 10272 20188 40124 222// 20000 333 20207 58011 555 10000=",
"43058099999","2023-03-17T12:00:00","4","18.6333333","72.8666666","7.0","ALIBAG, IN","FM-12","99999","V020","320,1,N,0051,1","99999,9,9,N","004000,1,9,9","+0298,1","+0228,1","10082,1",,,,,,,,,,,"240,M,+0343,1","9,9,999,9,+001,1",,,"SYN06443058 32996 03210 10298 20228 40082 222// 20000 333 10343 58001=",
"43058099999","2023-03-20T03:00:00","4","18.6333333","72.8666666","7.0","ALIBAG, IN","FM-12","99999","V020","230,1,N,0010,1","99999,9,9,N","004000,1,9,9","+0280,1","+0208,1","99999,9",,,,,,,,,,,"240,N,+0212,1",,"1,0901,9",,"SYN06443058 32996 02302 10280 20208 41901 222// 20000 333 20212 58///=",
"43058099999","2023-03-20T12:00:00","4","18.6333333","72.8666666","7.0","ALIBAG, IN","FM-12","99999","V020","320,1,N,0041,1","99999,9,9,N","004000,1,9,9","+0286,1","+9999,9","10068,1",,,,,,,,,,,"240,M,+0308,1",,,,"SYN06443058 32996 03208 10286 20/// 40068 222// 20000 333 10308 5////=",
"43058099999","2023-03-21T12:00:00","4","18.6333333","72.8666666","7.0","ALIBAG, IN","FM-12","99999","V020","320,1,N,0031,1","99999,9,9,N","004000,1,9,9","+0296,1","+0216,1","10089,1",,,,,,,,,,,,"9,9,999,9,-021,1",,,"SYN06443058 32996 03206 10296 20216 40089 222// 20000 333 10321 59021=",
"43058099999","2023-03-23T03:00:00","4","18.6333333","72.8666666","7.0","ALIBAG, IN","FM-12","99999","V020","050,1,N,0015,1","22000,1,9,N","004000,1,9,9","+0290,1","+0212,1","10133,1",,,,,,"01,1,+01750,1,09,1","99,9,+99999,9,04,1",,"9,AGL   ,+99999,+99999","04,99,1,01,1,99,9,01750,1,99,9,99,9","240,N,+0209,1","9,9,999,9,+000,1",,,"SYN08043058 32796 40503 10290 20212 40133 8131/ 222// 20000 333 20209 59000 555 10008=",
"43058099999","2023-03-23T12:00:00","4","18.6333333","72.8666666","7.0","ALIBAG, IN","FM-12","99999","V020","320,1,N,0041,1","22000,1,9,N","004000,1,9,9","+0290,1","+0209,1","10097,1",,,,,,"01,1,+99999,9,02,1",,,"9,AGL   ,+99999,+99999","01,99,1,01,1,99,9,99999,9,99,9,99,9","240,M,+0331,1","9,9,999,9,+000,1",,,"SYN07043058 32996 13208 10290 20209 40097 81//6 222// 20000 333 10331 59000=",
"43058099999","2023-03-24T03:00:00","4","18.6333333","72.8666666","7.0","ALIBAG, IN","FM-12","99999","V020","320,1,N,0015,1","22000,1,9,N","010000,1,9,9","+0292,1","+0215,1","10122,1",,,,,,"01,1,+01750,1,03,1","99,9,+99999,9,00,1",,"9,AGL   ,+99999,+99999","03,99,1,01,1,99,9,01750,1,99,9,99,9","240,N,+0205,1","9,9,999,9,-011,1",,,"SYN08043058 32797 33203 10292 20215 40122 81/31 222// 20000 333 20205 59011 555 10008=",
"43058099999","2023-03-24T12:00:00","4","18.6333333","72.8666666","7.0","ALIBAG, IN","FM-12","99999","V020","320,1,N,0046,1","99999,9,9,N","010000,1,9,9","+0294,1","+0227,1","10099,1",,,,,,,,,,,"240,M,+0303,1","9,9,999,9,+002,1",,,"SYN06443058 32997 03209 10294 20227 40099 222// 20000 333 10303 58002=",
"43058099999","2023-03-27T12:00:00","4","18.6333333","72.8666666","7.0","ALIBAG, IN","FM-12","99999","V020","320,1,N,0057,1","99999,9,9,N","010000,1,9,9","+0286,1","+0208,1","10100,1",,,,,,,,,,,"240,M,+0296,1","9,9,999,9,+000,1",,,"SYN06443058 32997 03211 10286 20208 40100 222// 20000 333 10296 59000=",
"43058099999","2023-03-28T03:00:00","4","18.6333333","72.8666666","7.0","ALIBAG, IN","FM-12","99999","V020","320,1,N,0026,1","99999,9,9,N","004000,1,9,9","+0278,1","+0205,1","10131,1",,,,,,,,,,,"240,N,+0203,1","9,9,999,9,+031,1",,,"SYN07443058 32996 03205 10278 20205 40131 222// 20000 333 20203 58031 555 10008=",
"43058099999","2023-03-28T12:00:00","4","18.6333333","72.8666666","7.0","ALIBAG, IN","FM-12","99999","V020","320,1,N,0067,1","99999,9,9,N","010000,1,9,9","+0288,1","+0213,1","10089,1",,,,,,,,,,,"240,M,+0301,1","9,9,999,9,-011,1",,,"SYN06443058 32997 03213 10288 20213 40089 222// 20000 333 10301 59011=",
"43058099999","2023-03-29T03:00:00","4","18.6333333","72.8666666","7.0","ALIBAG, IN","FM-12","99999","V020","320,1,N,0021,1","99999,9,9,N","004000,1,9,9","+0276,1","+0213,1","10132,1",,,,,,,,,,,"240,N,+0194,1","9,9,999,9,+043,1",,,"SYN07443058 32996 03204 10276 20213 40132 222// 20000 333 20194 58043 555 10008=",
"43058099999","2023-03-29T12:00:00","4","18.6333333","72.8666666","7.0","ALIBAG, IN","FM-12","99999","V020","320,1,N,0051,1","99999,9,9,N","010000,1,9,9","+0284,1","+0212,1","10100,1",,,,,,,,,,,"240,M,+0305,1","9,9,999,9,+011,1",,,"SYN06443058 32997 03210 10284 20212 40100 222// 20000 333 10305 58011=",
"43058099999","2023-03-30T03:00:00","4","18.6333333","72.8666666","7.0","ALIBAG, IN","FM-12","99999","V020","230,1,N,0015,1","99999,9,9,N","004000,1,9,9","+0292,1","+0208,1","10130,1",,,,,,,,,,,"240,N,+0199,1","9,9,999,9,-002,1",,,"SYN07443058 32996 02303 10292 20208 40130 222// 20000 333 20199 59002 555 10008=",
"43058099999","2023-03-30T12:00:00","4","18.6333333","72.8666666","7.0","ALIBAG, IN","FM-12","99999","V020","320,1,N,0046,1","99999,9,9,N","010000,1,9,9","+0292,1","+0201,1","10091,1",,,,,,,,,,,"240,M,+0320,1","9,9,999,9,-009,1",,,"SYN06443058 32997 03209 10292 20201 40091 222// 20000 333 10320 59009=",
"43058099999","2023-03-31T03:00:00","4","18.6333333","72.8666666","7.0","ALIBAG, IN","FM-12","99999","V020","320,1,N,0021,1","99999,9,9,N","010000,1,9,9","+0300,1","+0217,1","10120,1",,,,,,,,,,,"240,N,+0213,1","9,9,999,9,-010,1",,,"SYN07443058 32997 03204 10300 20217 40120 222// 20000 333 20213 59010 555 10008=",
"43058099999","2023-03-31T12:00:00","4","18.6333333","72.8666666","7.0","ALIBAG, IN","FM-12","99999","V020","320,1,N,0046,1","99999,9,9,N","010000,1,9,9","+0296,1","+0229,1","10089,1",,,,,,,,,,,"240,M,+0330,1","9,9,999,9,-002,1",,,"SYN06443058 32997 03209 10296 20229 40089 222// 20000 333 10330 59002=",
"43058099999","2023-04-03T12:00:00","4","18.6333333","72.8666666","7.0","ALIBAG, IN","FM-12","99999","V020","320,1,N,0057,1","99999,9,9,N","010000,1,9,9","+0286,1","+0214,1","10088,1",,,,,,,,,,,"240,M,+0303,1","9,9,999,9,+000,1",,,"SYN06443058 32997 03211 10286 20214 40088 222// 20000 333 10303 58000=",
"43058099999","2023-04-05T12:00:00","4","18.6333333","72.8666666","7.0","ALIBAG, IN","FM-12","99999","V020","320,1,N,0062,1","99999,9,9,N","004000,1,9,9","+0294,1","+0230,1","10089,1",,,,,,,,,,,"240,M,+0300,1","9,9,999,9,+000,1",,,"SYN06443058 32996 03212 10294 20230 40089 222// 20000 333 10300 58000=",
"43058099999","2023-04-06T12:00:00","4","18.6333333","72.8666666","7.0","ALIBAG, IN","FM-12","99999","V020","320,1,N,0015,1","99999,9,9,N","004000,1,9,9","+0302,1","+0239,1","10084,1",,,,,,,,,,,"240,M,+0320,1","9,9,999,9,-005,1",,,"SYN06443058 32996 03203 10302 20239 40084 222// 20000 333 10320 59005=",
"43058099999","2023-04-10T03:00:00","4","18.6333333","72.8666666","7.0","ALIBAG, IN","FM-12","99999","V020","230,1,N,0021,1","99999,9,9,N","004000,1,9,9","+0342,1","+0205,1","10078,1",,,,,,,,,,,"240,N,+0248,1","9,9,999,9,+000,1",,,"SYN06443058 32996 02304 10342 20205 40078 222// 20000 333 20248 59000=",
"43058099999","2023-04-10T12:00:00","4","18.6333333","72.8666666","7.0","ALIBAG, IN","FM-12","99999","V020","320,1,N,0031,1","99999,9,9,N","004000,1,9,9","+0310,1","+0251,1","10066,1",,,,,,,,,,,"240,M,+0355,1","9,9,999,9,+000,1",,,"SYN06443058 32996 03206 10310 20251 40066 222// 20000 333 10355 58000=",
"43058099999","2023-04-11T03:00:00","4","18.6333333","72.8666666","7.0","ALIBAG, IN","FM-12","99999","V020","320,1,N,0031,1","99999,9,9,N","004000,1,9,9","+0308,1","+0239,1","10129,1",,,,,,,,,,,"240,N,+0233,1","9,9,999,9,+051,1",,,"SYN07443058 32996 03206 10308 20239 40129 222// 20000 333 20233 58051 555 10008=",
"43058099999","2023-04-11T12:00:00","4","18.6333333","72.8666666","7.0","ALIBAG, IN","FM-12","99999","V020","320,1,N,0057,1","99999,9,9,N","010000,1,9,9","+0306,1","+0240,1","10104,1",,,,,,,,,,,"240,M,+0320,1","9,9,999,9,+038,1",,,"SYN06443058 32997 03211 10306 20240 40104 222// 20000 333 10320 58038=",
"43058099999","2023-04-12T03:00:00","4","18.6333333","72.8666666","7.0","ALIBAG, IN","FM-12","99999","V020","320,1,N,0026,1","99999,9,9,N","004000,1,9,9","+0316,1","+0232,1","10128,1",,,,,,,,,,,"240,N,+0230,1","9,9,999,9,-001,1",,,"SYN07443058 32996 03205 10316 20232 40128 222// 20000 333 20230 59001 555 10008=",
"43058099999","2023-04-12T12:00:00","4","18.6333333","72.8666666","7.0","ALIBAG, IN","FM-12","99999","V020","320,1,N,0041,1","99999,9,9,N","004000,1,9,9","+0320,1","+0233,1","10085,1",,,,,,,,,,,"240,M,+0329,1","9,9,999,9,-019,1",,,"SYN06443058 32996 03208 10320 20233 40085 222// 20000 333 10329 59019=",
"43058099999","2023-04-13T03:00:00","4","18.6333333","72.8666666","7.0","ALIBAG, IN","FM-12","99999","V020","320,1,N,0051,1","99999,9,9,N","004000,1,9,9","+0304,1","+0256,1","10117,1",,,,,,,,,,,"240,N,+0238,1","9,9,999,9,-011,1",,,"SYN07443058 32996 03210 10304 20256 40117 222// 20000 333 20238 59011 555 10008=",
"43058099999","2023-04-13T12:00:00","4","18.6333333","72.8666666","7.0","ALIBAG, IN","FM-12","99999","V020","320,1,N,0041,1","22000,1,9,N","004000,1,9,9","+0316,1","+0251,1","10087,1",,,,,,"02,1,+99999,9,00,1",,,"9,AGL   ,+99999,+99999","02,99,1,02,1,99,9,99999,9,99,9,99,9","240,M,+0328,1","9,9,999,9,+002,1",,,"SYN07043058 32996 23208 10316 20251 40087 82001 222// 20000 333 10328 58002=",
"43058099999","2023-04-17T03:00:00","4","18.6333333","72.8666666","7.0","ALIBAG, IN","FM-12","99999","V020","230,1,N,0021,1","99999,9,9,N","004000,1,9,9","+0326,1","+0217,1","10106,1",,,,,,,,,,,"240,N,+0217,1","9,9,999,9,+000,1",,,"SYN07443058 32996 02304 10326 20217 40106 222// 20000 333 20217 59000 555 10008=",
"43058099999","2023-04-17T12:00:00","4","18.6333333","72.8666666","7.0","ALIBAG, IN","FM-12","99999","V020","320,1,N,0046,1","99999,9,9,N","004000,1,9,9","+0302,1","+0260,1","10087,1",,,,,,,,,,,"240,M,+0331,1","9,9,999,9,+000,1",,,"SYN06443058 32996 03209 10302 20260 40087 222// 20000 333 10331 59000=",
"43058099999","2023-04-18T03:00:00","4","18.6333333","72.8666666","7.0","ALIBAG, IN","FM-12","99999","V020","050,1,N,0015,1","99999,9,9,N","004000,1,9,9","+0320,1","+0210,1","10117,1",,,,,,,,,,,"240,N,+0225,1","9,9,999,9,+011,1",,,"SYN06443058 32996 00503 10320 20210 40117 222// 20000 333 20225 58011=",
"43058099999","2023-04-18T12:00:00","4","18.6333333","72.8666666","7.0","ALIBAG, IN","FM-12","99999","V020","320,1,N,0031,1","99999,9,9,N","004000,1,9,9","+0316,1","+0245,1","10068,1",,,,,,,,,,,"240,M,+0340,1","9,9,999,9,-019,1",,,"SYN06443058 32996 03206 10316 20245 40068 222// 20000 333 10340 59019=",
"43058099999","2023-04-19T03:00:00","4","18.6333333","72.8666666","7.0","ALIBAG, IN","FM-12","99999","V020","320,1,N,0041,1","99999,9,9,N","004000,1,9,9","+0308,1","+0239,1","10095,1",,,,,,,,,,,"240,N,+0233,1","9,9,999,9,-022,1",,,"SYN06443058 32996 03208 10308 20239 40095 222// 20000 333 20233 59022=",
"43058099999","2023-04-19T12:00:00","4","18.6333333","72.8666666","7.0","ALIBAG, IN","FM-12","99999","V020","320,1,N,0046,1","99999,9,9,N","004000,1,9,9","+0328,1","+0236,1","10138,1",,,,,,,,,,,"240,M,+0347,1","9,9,999,9,+070,1",,,"SYN06443058 32996 03209 10328 20236 40138 222// 20000 333 10347 58070=",
"43058099999","2023-04-20T03:00:00","4","18.6333333","72.8666666","7.0","ALIBAG, IN","FM-12","99999","V020","320,1,N,0026,1","99999,9,9,N","004000,1,9,9","+0300,1","+0252,1","10076,1",,,,,,,,,,,"240,N,+0236,1","9,9,999,9,-019,1",,,"SYN07443058 32996 03205 10300 20252 40076 222// 20000 333 20236 59019 555 10008=",
"43058099999","2023-04-20T12:00:00","4","18.6333333","72.8666666","7.0","ALIBAG, IN","FM-12","99999","V020","320,1,N,0046,1","99999,9,9,N","004000,1,9,9","+0304,1","+0222,1","10035,1",,,,,,,,,,,"240,M,+0339,1",,,,"SYN06443058 32996 03209 10304 20222 40035 222// 20000 333 10339 59103=",
"43058099999","2023-04-21T03:00:00","4","18.6333333","72.8666666","7.0","ALIBAG, IN","FM-12","99999","V020","999,9,C,0000,1","99999,9,9,N","020000,1,9,9","+0294,1","+0236,1","10086,1",,,,,,,,,,,"240,N,+0212,1","9,9,999,9,+051,1",,,"SYN07443058 32998 00000 10294 20236 40086 222// 20000 333 20212 58051 555 10008=",
"43058099999","2023-04-21T12:00:00","4","18.6333333","72.8666666","7.0","ALIBAG, IN","FM-12","99999","V020","320,1,N,0057,1","99999,9,9,N","004000,1,9,9","+0296,1","+0238,1","10058,1",,,,,,,,,,,"240,M,+0311,1","9,9,999,9,+023,1",,,"SYN06443058 32996 03211 10296 20238 40058 222// 20000 333 10311 58023=",
"43058099999","2023-04-24T12:00:00","4","18.6333333","72.8666666","7.0","ALIBAG, IN","FM-12","99999","V020","320,1,N,0062,1","99999,9,9,N","004000,1,9,9","+0296,1","+0165,1","10059,1",,,,,,,,,,,"240,M,+0320,1","9,9,999,9,+000,1",,,"SYN06443058 32996 03212 10296 20165 40059 222// 20000 333 10320 59000=",
"43058099999","2023-04-25T03:00:00","4","18.6333333","72.8666666","7.0","ALIBAG, IN","FM-12","99999","V020","140,1,N,0031,1","99999,9,9,N","010000,1,9,9","+0314,1","+9999,9","10097,1",,,,,,,,,,,"240,N,+0233,1","9,9,999,9,-001,1",,,"SYN05843058 32997 01406 10314 40097 222// 20000 333 20233 59001=",
"43058099999","2023-04-25T12:00:00","4","18.6333333","72.8666666","7.0","ALIBAG, IN","FM-12","99999","V020","230,1,N,0041,1","99999,9,9,N","004000,1,9,9","+0326,1","+0256,1","10061,1",,,,,,,,,,,"240,M,+0366,1","9,9,999,9,+002,1",,,"SYN06443058 32996 02308 10326 20256 40061 222// 20000 333 10366 58002=",
"43058099999","2023-04-26T03:00:00","4","18.6333333","72.8666666","7.0","ALIBAG, IN","FM-12","99999","V020","140,1,N,0041,1","99999,9,9,N","004000,1,9,9","+0316,1","+0229,1","10106,1",,,,,,,,,,,"240,N,+0232,1","9,9,999,9,+003,1",,,"SYN06443058 32996 01408 10316 20229 40106 222// 20000 333 20232 58003=",
"43058099999","2023-04-26T12:00:00","4","18.6333333","72.8666666","7.0","ALIBAG, IN","FM-12","99999","V020","230,1,N,0067,1","99999,9,9,N","004000,1,9,9","+0324,1","+0241,1","10066,1",,,,,,,,,,,,"9,9,999,9,+002,1",,,"SYN05843058 32996 02313 10324 20241 40066 222// 20000 333 58002=",
"43058099999","2023-04-27T03:00:00","4","18.6333333","72.8666666","7.0","ALIBAG, IN","FM-12","99999","V020","320,1,N,0031,1","99999,9,9,N","004000,1,9,9","+0310,1","+0232,1","10103,1",,,,,,,,,,,"240,N,+0231,1","9,9,999,9,-003,1",,,"SYN06443058 32996 03206 10310 20232 40103 222// 20000 333 20231 59003=",
"43058099999","2023-04-27T12:00:00","4","18.6333333","72.8666666","7.0","ALIBAG, IN","FM-12","99999","V020","320,1,N,0051,1","99999,9,9,N","004000,1,9,9","+0304,1","+0222,1","10066,1",,,,,,,,,,,"240,M,+0332,1","9,9,999,9,+000,1",,,"SYN06443058 32996 03210 10304 20222 40066 222// 20000 333 10332 58000=",
"43058099999","2023-04-28T03:00:00","4","18.6333333","72.8666666","7.0","ALIBAG, IN","FM-12","99999","V020","290,1,N,0494,2","22000,1,9,N","004000,1,9,9","+0298,1","+0250,1","10117,1",,,,,,,,,"9,AGL   ,+99999,+99999","03,99,1,99,9,99,9,99999,9,99,9,99,9","240,N,+0233,1","9,9,999,9,+014,1",,,"SYN07443058 32996 32996 10298 20250 40117 222// 20000 333 20233 58014 555 10008=",
"43058099999","2023-04-28T12:00:00","4","18.6333333","72.8666666","7.0","ALIBAG, IN","FM-12","99999","V020","320,1,N,0041,1","22000,1,9,N","004000,1,9,9","+0306,1","+0227,1","10074,1",,,,,,"02,1,+01250,1,08,1",,,"9,AGL   ,+99999,+99999","02,99,1,02,1,99,9,01250,1,99,9,99,9",,,,,"SYN06643058 32696 23208 10306 20227 40074 828// 222// 20000 10326 58008=",
"43058099999","2023-05-01T03:00:00","4","18.6333333","72.8666666","7.0","ALIBAG, IN","FM-12","99999","V020","230,1,N,0021,1","99999,9,9,N","010000,1,9,9","+0306,1","+0217,1","10089,1",,,,,,,,,,,"240,N,+0225,1","9,9,999,9,+000,1",,,"SYN07443058 32997 02304 10306 20217 40089 222// 20000 333 20225 58000 555 10008=",
"43058099999","2023-05-01T12:00:00","4","18.6333333","72.8666666","7.0","ALIBAG, IN","FM-12","99999","V020","320,1,N,0051,1","99999,9,9,N","010000,1,9,9","+0312,1","+0231,1","10068,1",,,,,,"05,1,+02250,1,03,1",,,"9,AGL   ,+99999,+99999","05,99,1,05,1,99,9,02250,1,99,9,99,9","240,M,+0345,1","9,9,999,9,+000,1",,,"SYN07043058 32897 53210 10312 20231 40068 8503/ 222// 20000 333 10345 59000=",
"43058099999","2023-05-02T03:00:00","4","18.6333333","72.8666666","7.0","ALIBAG, IN","FM-12","99999","V020","320,1,N,0021,1","22000,1,9,N","010000,1,9,9","+0294,1","+0233,1","10099,1","24,0002,3,1",,,,,"02,1,+01250,1,08,1",,,"9,AGL   ,+99999,+99999","02,99,1,02,1,99,9,01250,1,99,9,99,9","240,N,+0226,1",,,,"SYN09243058 22697 23204 10294 20233 40099 82200 222// 20000 333 20226 58/// 6992/ 555 00002 10008=",
"43058099999","2023-05-02T12:00:00","4","18.6333333","72.8666666","7.0","ALIBAG, IN","FM-12","99999","V020","320,1,N,0051,1","22000,1,9,N","010000,1,9,9","+0318,1","+0225,1","10054,1",,,,,,"02,1,+01750,1,03,1","99,9,+99999,9,00,1",,"9,AGL   ,+99999,+99999","03,99,1,02,1,99,9,01750,1,99,9,99,9","240,M,+0341,1","9,9,999,9,-014,1",,,"SYN07043058 32797 33210 10318 20225 40054 82031 222// 20000 333 10341 59014=",
"43058099999","2023-05-03T03:00:00","4","18.6333333","72.8666666","7.0","ALIBAG, IN","FM-12","99999","V020","320,1,N,0026,1","99999,9,9,N","010000,1,9,9","+0300,1","+0224,1","10110,1",,,,,,,,,,,"240,N,+0238,1","9,9,999,9,+056,1",,,"SYN07443058 32997 03205 10300 20224 40110 222// 20000 333 20238 58056 555 10008=",
"43058099999","2023-05-03T12:00:00","4","18.6333333","72.8666666","7.0","ALIBAG, IN","FM-12","99999","V020","320,1,N,0072,1","99999,9,9,N","010000,1,9,9","+0306,1","+0230,1","10076,1",,,,,,,,,,,"240,M,+0325,1","9,9,999,9,+022,1",,,"SYN06443058 32997 03214 10306 20230 40076 222// 20000 333 10325 58022=",
"43058099999","2023-05-04T03:00:00","4","18.6333333","72.8666666","7.0","ALIBAG, IN","FM-12","99999","V020","230,1,N,0026,1","99999,9,9,N","004000,1,9,9","+0312,1","+0231,1","10106,1",,,,,,,,,,,"240,N,+0228,1","9,9,999,9,-004,1",,,"SYN06443058 32996 02305 10312 20231 40106 222// 20000 333 20228 59004=",
"43058099999","2023-05-04T12:00:00","4","18.6333333","72.8666666","7.0","ALIBAG, IN","FM-12","99999","V020","320,1,N,0067,1","99999,9,9,N","010000,1,9,9","+0306,1","+0234,1","10066,1",,,,,,,,,,,"240,M,+0327,1","9,9,999,9,-010,1",,,"SYN06443058 32997 03213 10306 20234 40066 222// 20000 333 10327 59010=",
"43058099999","2023-05-08T03:00:00","4","18.6333333","72.8666666","7.0","ALIBAG, IN","FM-12","99999","V020","320,1,N,0031,1","99999,9,9,N","004000,1,9,9","+0306,1","+0249,1","10091,1",,,,,,"99,9,+01750,1,99,9",,,"9,AGL   ,+99999,+99999","08,99,1,99,9,99,9,01750,1,99,9,99,9","240,N,+0258,1","9,9,999,9,+000,1",,,"SYN07443058 32796 83206 10306 20249 40091 222// 20000 333 20258 59000 555 10008=",
"43058099999","2023-05-08T12:00:00","4","18.6333333","72.8666666","7.0","ALIBAG, IN","FM-12","99999","V020","320,1,N,0067,1","99999,9,9,N","010000,1,9,9","+0306,1","+0256,1","10053,1",,,,,,,,,,,"240,M,+0318,1",,,,"SYN06443058 32997 03213 10306 20256 40053 222// 20000 333 10318 5////=",
"43058099999","2023-05-09T03:00:00","4","18.6333333","72.8666666","7.0","ALIBAG, IN","FM-12","99999","V020","320,1,N,0015,1","99999,9,9,N","004000,1,9,9","+0306,1","+0249,1","10105,1",,,,,,,,,,,"240,N,+0260,1","9,9,999,9,+014,1",,,"SYN07443058 32996 03203 10306 20249 40105 222// 20000 333 20260 58014 555 10008=",
"43058099999","2023-05-09T12:00:00","4","18.6333333","72.8666666","7.0","ALIBAG, IN","FM-12","99999","V020","320,1,N,0041,1","99999,9,9,N","004000,1,9,9","+0308,1","+0260,1","10054,1",,,,,,,,,,,"240,M,+0321,1","9,9,999,9,+001,1",,,"SYN06443058 32996 03208 10308 20260 40054 222// 20000 333 10321 58001=",
"43058099999","2023-05-10T03:00:00","4","18.6333333","72.8666666","7.0","ALIBAG, IN","FM-12","99999","V020","320,1,N,0031,1","99999,9,9,N","004000,1,9,9","+0308,1","+0260,1","10085,1",,,,,,,,,,,"240,N,+0250,1","9,9,999,9,-020,1",,,"SYN07443058 32996 03206 10308 20260 40085 222// 20000 333 20250 59020 555 10008=",
"43058099999","2023-05-10T12:00:00","4","18.6333333","72.8666666","7.0","ALIBAG, IN","FM-12","99999","V020","320,1,N,0057,1","99999,9,9,N","004000,1,9,9","+0316,1","+0272,1","10052,1",,,,,,,,,,,"240,M,+0334,1","9,9,999,9,-002,1",,,"SYN06443058 32996 03211 10316 20272 40052 222// 20000 333 10334 59002=",
"43058099999","2023-05-11T03:00:00","4","18.6333333","72.8666666","7.0","ALIBAG, IN","FM-12","99999","V020","140,1,N,0041,1","99999,9,9,N","004000,1,9,9","+0316,1","+0257,1","10095,1",,,,,,,,,,,"240,N,+0253,1","9,9,999,9,+010,1",,,"SYN07443058 32996 01408 10316 20257 40095 222// 20000 333 20253 58010 555 10008=",
"43058099999","2023-05-11T12:00:00","4","18.6333333","72.8666666","7.0","ALIBAG, IN","FM-12","99999","V020","320,1,N,0041,1","99999,9,9,N","004000,1,9,9","+0312,1","+0285,1","10054,1",,,,,,,,,,,"240,M,+0360,1","9,9,999,9,+002,1",,,"SYN06443058 32996 03208 10312 20285 40054 222// 20000 333 10360 58002=",
"43058099999","2023-05-12T03:00:00","4","18.6333333","72.8666666","7.0","ALIBAG, IN","FM-12","99999","V020","230,1,N,0041,1","99999,9,9,N","004000,1,9,9","+0326,1","+0253,1","10098,1",,,,,,,,,,,"240,N,+0254,1","9,9,999,9,+003,1",,,"SYN07443058 32996 02308 10326 20253 40098 222// 20000 333 20254 58003 555 10008=",
"43058099999","2023-05-12T12:00:00","4","18.6333333","72.8666666","7.0","ALIBAG, IN","FM-12","99999","V020","230,1,N,0051,1","99999,9,9,N","004000,1,9,9","+0340,1","+0277,1","10066,1",,,,,,,,,,,"240,M,+0370,1","9,9,999,9,+012,1",,,"SYN06443058 32996 02310 10340 20277 40066 222// 20000 333 10370 58012=",
"43058099999","2023-05-15T03:00:00","4","18.6333333","72.8666666","7.0","ALIBAG, IN","FM-12","99999","V020","230,1,N,0031,1","99999,9,9,N","004000,1,9,9","+0336,1","+0264,1","10110,1",,,,,,"05,1,+01750,1,03,1",,,"9,AGL   ,+99999,+99999","05,99,1,05,1,99,9,01750,1,99,9,99,9","240,N,+0257,1","9,9,999,9,+000,1",,,"SYN08043058 32796 52306 10336 20264 40110 85030 222// 20000 333 20257 59000 555 10008=",
"43058099999","2023-05-15T12:00:00","4","18.6333333","72.8666666","7.0","ALIBAG, IN","FM-12","99999","V020","320,1,N,0046,1","99999,9,9,N","010000,1,9,9","+0332,1","+0260,1","10072,1",,,,,,,,,,,"240,M,+0371,1","9,9,999,9,+000,1",,,"SYN06443058 32997 03209 10332 20260 40072 222// 20000 333 10371 58000=",
"43058099999","2023-05-16T03:00:00","4","18.6333333","72.8666666","7.0","ALIBAG, IN","FM-12","99999","V020","230,1,N,0015,1","99999,9,9,N","004000,1,9,9","+0328,1","+0252,1","10116,1",,,,,,,,,,,"240,N,+0257,1","9,9,999,9,+006,1",,,"SYN07443058 32996 02303 10328 20252 40116 222// 20000 333 20257 58006 555 10008=",
"43058099999","2023-05-16T12:00:00","4","18.6333333","72.8666666","7.0","ALIBAG, IN","FM-12","99999","V020","320,1,N,0046,1","99999,9,9,N","010000,1,9,9","+0334,1","+0256,1","10093,1",,,,,,,,,,,"240,M,+0373,1","9,9,999,9,+021,1",,,"SYN06443058 32997 03209 10334 20256 40093 222// 20000 333 10373 58021=",
"43058099999","2023-05-17T03:00:00","4","18.6333333","72.8666666","7.0","ALIBAG, IN","FM-12","99999","V020","320,1,N,0051,1","99999,9,9,N","004000,1,9,9","+0308,1","+0245,1","10097,1",,,,,,,,,,,"240,N,+0245,1","9,9,999,9,+004,1",,,"SYN06443058 32996 03210 10308 20245 40097 222// 20000 333 20245 58004=",
"43058099999","2023-05-17T12:00:00","4","18.6333333","72.8666666","7.0","ALIBAG, IN","FM-12","99999","V020","320,1,N,0072,1","99999,9,9,N","010000,1,9,9","+0320,1","+0255,1","10092,1",,,,,,,,,,,"240,M,+0332,1","9,9,999,9,-001,1",,,"SYN06443058 32997 03214 10320 20255 40092 222// 20000 333 10332 59001=",
"43058099999","2023-05-18T12:00:00","4","18.6333333","72.8666666","7.0","ALIBAG, IN","FM-12","99999","V020","320,1,N,0077,1","99999,9,9,N","004000,1,9,9","+0318,1","+0259,1","10102,1",,,,,,,,,,,"240,M,+0327,1","9,9,999,9,+010,1",,,"SYN06443058 32996 03215 10318 20259 40102 222// 20000 333 10327 58010=",
"43058099999","2023-05-19T03:00:00","4","18.6333333","72.8666666","7.0","ALIBAG, IN","FM-12","99999","V020","320,1,N,0036,1","99999,9,9,N","004000,1,9,9","+0306,1","+0252,1","10113,1",,,,,,,,,,,"240,N,+0256,1","9,9,999,9,-020,1",,,"SYN06443058 32996 03207 10306 20252 40113 222// 20000 333 20256 59020=",
"43058099999","2023-05-19T12:00:00","4","18.6333333","72.8666666","7.0","ALIBAG, IN","FM-12","99999","V020","320,1,N,0057,1","99999,9,9,N","010000,1,9,9","+0316,1","+0257,1","10082,1",,,,,,,,,,,"240,M,+0324,1","9,9,999,9,-020,1",,,"SYN06443058 32997 03211 10316 20257 40082 222// 20000 333 10324 59020=",
"43058099999","2023-05-22T03:00:00","4","18.6333333","72.8666666","7.0","ALIBAG, IN","FM-12","99999","V020","320,1,N,0021,1","99999,9,9,N","004000,1,9,9","+0318,1","+0250,1","10130,1",,,,,,,,,,,"240,N,+0247,1","9,9,999,9,+000,1",,,"SYN07443058 32996 03204 10318 20250 40130 222// 20000 333 20247 58000 555 10008=",
"43058099999","2023-05-22T12:00:00","4","18.6333333","72.8666666","7.0","ALIBAG, IN","FM-12","99999","V020","320,1,N,0036,1","99999,9,9,N","010000,1,9,9","+0318,1","+0247,1","10094,1",,,,,,,,,,,"240,M,+0344,1","9,9,999,9,+000,1",,,"SYN06443058 32997 03207 10318 20247 40094 222// 20000 333 10344 58000=",
"43058099999","2023-05-23T12:00:00","4","18.6333333","72.8666666","7.0","ALIBAG, IN","FM-12","99999","V020","320,1,N,0062,1","99999,9,9,N","010000,1,9,9","+0312,1","+0250,1","10091,1",,,,,,,,,,,"240,M,+0326,1","9,9,999,9,-003,1",,,"SYN06443058 32997 03212 10312 20250 40091 222// 20000 333 10326 59003=",
"43058099999","2023-05-24T03:00:00","4","18.6333333","72.8666666","7.0","ALIBAG, IN","FM-12","99999","V020","320,1,N,0031,1","99999,9,9,N","004000,1,9,9","+0308,1","+0251,1","10118,1",,,,,,,,,,,"240,N,+0255,1","9,9,999,9,-006,1",,,"SYN07443058 32996 03206 10308 20251 40118 222// 20000 333 20255 59006 555 10008=",
"43058099999","2023-05-24T12:00:00","4","18.6333333","72.8666666","7.0","ALIBAG, IN","FM-12","99999","V020","320,1,N,0057,1","99999,9,9,N","010000,1,9,9","+0322,1","+0255,1","10093,1",,,,,,,,,,,"240,M,+0338,1","9,9,999,9,+002,1",,,"SYN06443058 32997 03211 10322 20255 40093 222// 20000 333 10338 58002=",
"43058099999","2023-05-25T03:00:00","4","18.6333333","72.8666666","7.0","ALIBAG, IN","FM-12","99999","V020","320,1,N,0031,1","99999,9,9,N","004000,1,9,9","+0316,1","+0245,1","10126,1",,,,,,,,,,,"240,N,+0273,1","9,9,999,9,+008,1",,,"SYN07443058 32996 03206 10316 20245 40126 222// 20000 333 20273 58008 555 10008=",
"43058099999","2023-05-25T12:00:00","4","18.6333333","72.8666666","7.0","ALIBAG, IN","FM-12","99999","V020","320,1,N,0026,1","99999,9,9,N","010000,1,9,9","+0346,1","+0254,1","10102,1",,,,,,,,,,,"240,M,+0364,1","9,9,999,9,+009,1",,,"SYN06443058 32997 03205 10346 20254 40102 222// 20000 333 10364 58009=",
"43058099999","2023-05-26T03:00:00","4","18.6333333","72.8666666","7.0","ALIBAG, IN","FM-12","99999","V020","230,1,N,0041,1","99999,9,9,N","004000,1,9,9","+0332,1","+0266,1","10127,1",,,,,,,,,,,"240,N,+0267,1","9,9,999,9,+001,1",,,"SYN07443058 32996 02308 10332 20266 40127 222// 20000 333 20267 58001 555 10008=",
"43058099999","2023-05-26T12:00:00","4","18.6333333","72.8666666","7.0","ALIBAG, IN","FM-12","99999","V020","320,1,N,0036,1","99999,9,9,N","010000,1,9,9","+0338,1","+0257,1","10100,1",,,,,,,,,,,"240,M,+0346,1","9,9,999,9,-002,1",,,"SYN06443058 32997 03207 10338 20257 40100 222// 20000 333 10346 59002=",
"43058099999","2023-05-29T12:00:00","4","18.6333333","72.8666666","7.0","ALIBAG, IN","FM-12","99999","V020","320,1,N,0067,1","99999,9,9,N","010000,1,9,9","+0318,1","+0265,1","10172,1",,,,,,,,,,,"240,M,+0342,1","9,9,999,9,+000,1",,,"SYN06443058 32997 03213 10318 20265 40172 222// 20000 333 10342 58000=",
"43058099999","2023-05-30T03:00:00","4","18.6333333","72.8666666","7.0","ALIBAG, IN","FM-12","99999","V020","320,1,N,0026,1","99999,9,9,N","004000,1,9,9","+0316,1","+0260,1","10090,1",,,,,,,,,,,"240,N,+0248,1","9,9,999,9,+002,1",,,"SYN07443058 32996 03205 10316 20260 40090 222// 20000 333 20248 58002 555 10008=",
"43058099999","2023-05-30T12:00:00","4","18.6333333","72.8666666","7.0","ALIBAG, IN","FM-12","99999","V020","320,1,N,0072,1","99999,9,9,N","010000,1,9,9","+0322,1","+0264,1","10073,1",,,,,,,,,,,"240,M,+0342,1",,,,"SYN06443058 32997 03214 10322 20264 40073 222// 20000 333 10342 58///=",
"43058099999","2023-05-31T12:00:00","4","18.6333333","72.8666666","7.0","ALIBAG, IN","FM-12","99999","V020","320,1,N,0072,1","99999,9,9,N","004000,1,9,9","+0322,1","+0270,1","10062,1",,,,,,,,,,,"240,M,+0332,1","9,9,999,9,-011,1",,,"SYN06443058 32996 03214 10322 20270 40062 222// 20000 333 10332 59011=",
"43058099999","2023-06-01T03:00:00","4","18.6333333","72.8666666","7.0","ALIBAG, IN","FM-12","99999","V020","230,1,N,0041,1","99999,9,9,N","004000,1,9,9","+0324,1","+0266,1","10097,1",,,,,,,,,,,"240,N,+0246,1","9,9,999,9,+007,1",,,"SYN07443058 32996 02308 10324 20266 40097 222// 20000 333 20246 58007 555 10000=",
"43058099999","2023-06-02T03:00:00","4","18.6333333","72.8666666","7.0","ALIBAG, IN","FM-12","99999","V020","320,1,N,0031,1","99999,9,9,N","004000,1,9,9","+0314,1","+0252,1","10103,1",,,,,,,,,,,"240,N,+0247,1","9,9,999,9,+006,1",,,"SYN07443058 32996 03206 10314 20252 40103 222// 20000 333 20247 58006 555 10000=",
"43058099999","2023-06-02T06:00:00","4","18.6333333","72.8666666","7.0","ALIBAG, IN","FM-12","99999","V020","320,1,N,0031,1","99999,9,9,N","004000,1,9,9","+0314,1","+0252,1","10103,1",,,,,,,,,,,"240,N,+0247,1","9,9,999,9,+006,1",,,"SYN07443058 32996 03206 10314 20252 40103 222// 20000 333 20247 58006 555 10000=",
"43058099999","2023-06-02T12:00:00","4","18.6333333","72.8666666","7.0","ALIBAG, IN","FM-12","99999","V020","320,1,N,0041,1","99999,9,9,N","010000,1,9,9","+0324,1","+0257,1","10081,1",,,,,,,,,,,"240,M,+0332,1","9,9,999,9,-008,1",,,"SYN06443058 32997 03208 10324 20257 40081 222// 20000 333 10332 59008=",
"43058099999","2023-06-05T03:00:00","4","18.6333333","72.8666666","7.0","ALIBAG, IN","FM-12","99999","V020","230,1,N,0015,1","99999,9,9,N","010000,1,9,9","+0328,1","+0261,1","10104,1",,,,,,,,,,,"240,N,+0257,1","9,9,999,9,+000,1",,,"SYN07443058 32997 02303 10328 20261 40104 222// 20000 333 20257 58000 555 10000=",
"43058099999","2023-06-05T12:00:00","4","18.6333333","72.8666666","7.0","ALIBAG, IN","FM-12","99999","V020","320,1,N,0036,1","22000,1,9,N","010000,1,9,9","+0336,1","+0264,1","10061,1",,,,,,"02,1,+01250,1,08,1",,,"9,AGL   ,+99999,+99999","02,99,1,02,1,99,9,01250,1,99,9,99,9","240,M,+0368,1","9,9,999,9,+000,1",,,"SYN07043058 32697 23207 10336 20264 40061 828// 222// 20000 333 10368 58000=",
"43058099999","2023-06-06T00:00:00","4","18.6333333","72.8666666","7.0","ALIBAG, IN","FM-12","99999","V020","230,1,N,0021,1","22000,1,9,N","010000,1,9,9","+0334,1","+0265,1","10093,1",,,,,,"99,9,+01250,1,99,9",,,"9,AGL   ,+99999,+99999","03,99,1,99,9,99,9,01250,1,99,9,99,9","120,N,+0257,1","9,9,999,9,-008,1",,,"SYN07443058 32697 32304 10334 20265 40093 222// 20000 333 20257 59008 555 10000=",
"43058099999","2023-06-06T03:00:00","4","18.6333333","72.8666666","7.0","ALIBAG, IN","FM-12","99999","V020","230,1,N,0021,1","22000,1,9,N","010000,1,9,9","+0334,1","+0265,1","10093,1",,,,,,"03,1,+01250,1,08,1",,,"9,AGL   ,+99999,+99999","03,99,1,03,1,99,9,01250,1,99,9,99,9","240,N,+0257,1","9,9,999,9,-011,1",,,"SYN08043058 32697 32304 10334 20265 40093 838// 222// 20000 333 20257 59011 555 10000=",
"43058099999","2023-06-06T12:00:00","4","18.6333333","72.8666666","7.0","ALIBAG, IN","FM-12","99999","V020","320,1,N,0031,1","22000,1,9,N","010000,1,9,9","+0328,1","+0264,1","10042,1",,,,,,"02,1,+01250,1,08,1","99,9,+99999,9,03,1",,"9,AGL   ,+99999,+99999","04,99,1,02,1,99,9,01250,1,99,9,99,9","240,M,+0352,1","9,9,999,9,-019,1",,,"SYN07043058 32697 43206 10328 20264 40042 8287/ 222// 20000 333 10352 59019=",
"43058099999","2023-06-07T03:00:00","4","18.6333333","72.8666666","7.0","ALIBAG, IN","FM-12","99999","V020","230,1,N,0021,1","99999,9,9,N","010000,1,9,9","+0326,1","+0256,1","10082,1",,,,,,,,,,,"240,N,+0255,1","9,9,999,9,-011,1",,,"SYN07443058 32697 02304 10326 20256 40082 222// 20000 333 20255 59011 555 10000=",
"43058099999","2023-06-07T12:00:00","4","18.6333333","72.8666666","7.0","ALIBAG, IN","FM-12","99999","V020","320,1,N,0036,1","99999,9,9,N","004000,1,9,9","+0338,1","+0241,1","10051,1",,,,,,,,,,,"240,M,+0370,1","9,9,999,9,+009,1",,,"SYN06443058 32996 03207 10338 20241 40051 222// 20000 333 10370 58009=",
"43058099999","2023-06-08T03:00:00","4","18.6333333","72.8666666","7.0","ALIBAG, IN","FM-12","99999","V020","230,1,N,0026,1","99999,9,9,N","010000,1,9,9","+0340,1","+0259,1","10084,1",,,,,,,,,,,"240,N,+0254,1","9,9,999,9,+002,1",,,"SYN07443058 32997 02305 10340 20259 40084 222// 20000 333 20254 58002 555 10000=",
"43058099999","2023-06-09T03:00:00","4","18.6333333","72.8666666","7.0","ALIBAG, IN","FM-12","99999","V020","230,1,N,0046,1","99999,9,9,N","010000,1,9,9","+0342,1","+0258,1","10073,1",,,,,,,,,,,"240,N,+0260,1","9,9,999,9,-011,1",,,"SYN07443058 32997 02309 10342 20258 40073 222// 20000 333 20260 59011 555 10000=",
"43058099999","2023-06-09T12:00:00","4","18.6333333","72.8666666","7.0","ALIBAG, IN","FM-12","99999","V020","230,1,N,0062,1","99999,9,9,N","010000,1,9,9","+0352,1","+0268,1","10035,1",,,,,,"02,1,+01250,1,08,1","99,9,+99999,9,03,1",,"9,AGL   ,+99999,+99999","06,99,1,02,1,99,9,01250,1,99,9,99,9","240,M,+0352,1","9,9,999,9,-016,1",,,"SYN07043058 32697 62312 10352 20268 40035 8284/ 222// 20000 333 10352 59016=",
"43058099999","2023-06-12T03:00:00","4","18.6333333","72.8666666","7.0","ALIBAG, IN","FM-12","99999","V020","140,1,N,0093,1","22000,1,9,N","004000,1,9,9","+0304,1","+0262,1","10026,1","24,0200,3,1",,,,,"01,1,+01250,1,08,1","99,9,+99999,9,03,1",,"9,AGL   ,+99999,+99999","03,99,1,01,1,99,9,01250,1,99,9,99,9","240,N,+0224,1","9,9,999,9,+000,1",,,"SYN09243058 22696 31418 10304 20262 40026 81840 222// 20000 333 20224 59000 6020/ 555 00225 10024=",
"43058099999","2023-06-12T12:00:00","4","18.6333333","72.8666666","7.0","ALIBAG, IN","FM-12","99999","V020","230,1,N,0093,1","99999,9,9,N","004000,1,9,9","+0302,1","+0266,1","10014,1",,,,,,,,,,,,,,,"SYN06543058 32996 02318 10302 20266 40014 222// 20000 333 N10331 58000=",
"43058099999","2023-06-13T03:00:00","4","18.6333333","72.8666666","7.0","ALIBAG, IN","FM-12","99999","V020","140,1,N,0093,1","99999,9,9,N","004000,1,9,9","+0296,1","+0264,1","10055,1","24,0050,3,1",,,,,"07,2,+01250,1,08,1","99,9,+99999,9,05,1",,"9,AGL   ,+99999,+99999","05,99,2,07,2,99,9,01250,1,99,9,99,9","240,N,+0235,1","9,9,999,9,+029,1",,,"SYN09243058 22696 51418 10296 20264 40055 8782/ 222// 20000 333 20235 58029 6005/ 555 00048 10028=",
"43058099999","2023-06-13T12:00:00","4","18.6333333","72.8666666","7.0","ALIBAG, IN","FM-12","99999","V020","260,1,N,0072,1","22000,1,9,N","004000,1,9,9","+0318,1","+0274,1","10036,1",,,,,,"06,2,+99999,9,08,1",,,"9,AGL   ,+99999,+99999","03,99,2,06,2,99,9,99999,9,99,9,99,9",,"9,9,999,9,+022,1",,,"SYN07043058 32996 32614 10318 20274 40036 868// 222// 20000 333 10330 58022=",
"43058099999","2023-06-14T03:00:00","4","18.6333333","72.8666666","7.0","ALIBAG, IN","FM-12","99999","V020","230,1,N,0093,1","22000,1,9,N","004000,1,9,9","+0314,1","+0270,1","10075,1","24,0050,3,1",,,,,"06,2,+01250,1,08,1",,,"9,AGL   ,+99999,+99999","04,99,2,06,2,99,9,01250,1,99,9,99,9","240,N,+0249,1","9,9,999,9,+039,1",,,"SYN09243058 22696 42318 10314 20270 40075 868// 222// 20000 333 20249 58039 6005/ 555 00051 10033=",
"43058099999","2023-06-14T06:00:00","4","18.6333333","72.8666666","7.0","ALIBAG, IN","FM-12","99999","V020","230,1,N,0093,1","22000,1,9,N","004000,1,9,9","+0314,1","+0270,1","10075,1","03,0050,3,1",,,,,"06,2,+01250,1,08,1",,,"9,AGL   ,+99999,+99999","04,99,2,06,2,99,9,01250,1,99,9,99,9","240,N,+0249,1","9,9,999,9,+039,1",,,"SYN09243058 22696 42318 10314 20270 40075 868// 222// 20000 333 20249 58039 6005/ 555 00051 10033=",
"43058099999","2023-06-14T12:00:00","4","18.6333333","72.8666666","7.0","ALIBAG, IN","FM-12","99999","V020","230,1,N,0077,1","22000,1,9,N","004000,1,9,9","+0314,1","+0270,1","10055,1",,,,,,"06,2,+01250,1,08,1",,,"9,AGL   ,+99999,+99999","04,99,2,06,2,99,9,01250,1,99,9,99,9","240,M,+0335,1","9,9,999,9,+019,1",,,"SYN07043058 32696 42315 10314 20270 40055 86800 222// 20000 333 10335 58019=",
"43058099999","2023-06-15T12:00:00","4","18.6333333","72.8666666","7.0","ALIBAG, IN","FM-12","99999","V020","230,1,N,0093,1","99999,9,9,N","004000,1,9,9","+0314,1","+0258,1","10055,1",,,,,,,,,"9,AGL   ,+99999,+99999","08,99,1,99,9,99,9,99999,9,99,9,99,9","240,M,+0332,1","9,9,999,9,-030,1",,,"SYN06443058 32996 82318 10314 20258 40055 222// 20000 333 10332 59030=",
"43058099999","2023-06-16T03:00:00","4","18.6333333","72.8666666","7.0","ALIBAG, IN","FM-12","99999","V020","230,1,N,0108,1","22000,1,9,N","004000,1,9,9","+0310,1","+0263,1","10076,1","24,0002,3,1",,,,,"04,1,+01250,1,08,1",,,"9,AGL   ,+99999,+99999","04,99,1,04,1,99,9,01250,1,99,9,99,9","240,N,+0267,1","9,9,999,9,-009,1",,,"SYN09243058 22696 42321 10310 20263 40076 848// 222// 20000 333 20267 59009 6992/ 555 00002 10036=",
"43058099999","2023-06-19T03:00:00","4","18.6333333","72.8666666","7.0","ALIBAG, IN","FM-12","99999","V020","230,1,N,0041,1","22000,1,9,N","010000,1,9,9","+0326,1","+0268,1","10078,1",,,,,,"02,1,+01250,1,08,1","99,9,+99999,9,03,1",,"9,AGL   ,+99999,+99999","04,99,1,02,1,99,9,01250,1,99,9,99,9","240,N,+0264,1","9,9,999,9,+000,1",,,"SYN08043058 32697 42308 10326 20268 40078 8283/ 222// 20000 333 20264 58000 555 10037=",
"43058099999","2023-06-19T12:00:00","4","18.6333333","72.8666666","7.0","ALIBAG, IN","FM-12","99999","V020","320,1,N,0051,1","99999,9,9,N","004000,1,9,9","+0316,1","+0266,1","10045,1",,,,,,,,,,,"240,M,+0335,1","9,9,999,9,+000,1",,,"SYN06443058 32996 03210 10316 20266 40045 222// 20000 333 10335 58000=",
"43058099999","2023-06-20T03:00:00","4","18.6333333","72.8666666","7.0","ALIBAG, IN","FM-12","99999","V020","230,1,N,0051,1","22000,1,9,N","004000,1,9,9","+0326,1","+0274,1","10066,1","24,0007,3,1",,,,,"04,1,+01250,1,08,1",,,"9,AGL   ,+99999,+99999","04,99,1,04,1,99,9,01250,1,99,9,99,9","240,N,+0259,1","9,9,999,9,-012,1",,,"SYN09243058 22696 42310 10326 20274 40066 848// 222// 20000 333 20259 59012 6997/ 555 00007 10037=",
"43058099999","2023-06-20T12:00:00","4","18.6333333","72.8666666","7.0","ALIBAG, IN","FM-12","99999","V020","320,1,N,0062,1","22000,1,9,N","004000,1,9,9","+0322,1","+0261,1","10044,1",,,,,,"02,1,+01250,1,08,1",,,"9,AGL   ,+99999,+99999","02,99,1,02,1,99,9,01250,1,99,9,99,9","240,M,+0354,1","9,9,999,9,+001,1",,,"SYN07043058 32696 23212 10322 20261 40044 828// 222// 20000 333 10354 58001=",
"43058099999","2023-06-21T12:00:00","4","18.6333333","72.8666666","7.0","ALIBAG, IN","FM-12","99999","V020","230,1,N,0057,1","99999,9,9,N","010000,1,9,9","+0336,1","+0267,1","10045,1",,,,,,,,,,,"240,M,+0364,1","9,9,999,9,+001,1",,,"SYN06443058 32997 02311 10336 20267 40045 222// 20000 333 10364 58001=",
"43058099999","2023-06-22T12:00:00","4","18.6333333","72.8666666","7.0","ALIBAG, IN","FM-12","99999","V020","320,1,N,0041,1","22000,1,9,N","004000,1,9,9","+0336,1","+0264,1","10043,1",,,,,,"02,1,+01250,1,08,1",,,"9,AGL   ,+99999,+99999","02,99,1,02,1,99,9,01250,1,99,9,99,9","240,M,+0356,1","9,9,999,9,-002,1",,,"SYN07043058 32696 23208 10336 20264 40043 82800 222// 20000 333 10356 59002=",
"43058099999","2023-06-23T03:00:00","4","18.6333333","72.8666666","7.0","ALIBAG, IN","FM-12","99999","V020","230,1,N,0051,1","22000,1,9,N","010000,1,9,9","+0306,1","+0255,1","10063,1","24,0050,3,1",,,,,"01,1,+01250,1,08,1","99,9,+99999,9,03,1","99,9,+99999,9,00,1","9,AGL   ,+99999,+99999","04,99,1,01,1,99,9,01250,1,99,9,99,9","240,N,+0247,1","9,9,999,9,-012,1",,,"SYN09243058 22697 42310 10306 20255 40063 81831 222// 20000 333 20247 59012 6005/ 555 00045 10044=",
"43058099999","2023-06-23T12:00:00","4","18.6333333","72.8666666","7.0","ALIBAG, IN","FM-12","99999","V020","230,1,N,0046,1","22000,1,9,N","004000,1,9,9","+0350,1","+0267,1","10036,1",,,,,,"02,1,+01250,1,08,1",,,"9,AGL   ,+99999,+99999","02,99,1,02,1,99,9,01250,1,99,9,99,9",,"9,9,999,9,-007,1",,,"SYN07043058 32696 22309 10350 20267 40036 828// 222// 20000 333 10350 59007=",
"43058099999","2023-06-26T03:00:00","4","18.6333333","72.8666666","7.0","ALIBAG, IN","FM-12","99999","V020","230,1,N,0098,1","99999,9,9,N","002000,1,9,9","+0298,1","+0265,1","10067,1","24,0680,3,1","6,1,02,1","5,1,02,1",,,"08,1,+01250,1,07,1",,,"9,AGL   ,+99999,+99999","08,99,1,08,1,99,9,01250,1,99,9,99,9","240,N,+0222,1","9,9,999,9,+000,1",,"20,1","SYN09843058 22695 82319 10298 20265 40067 72065 886// 222// 20000 333 20222 59000 6068/ 555 00682 10179=",
"43058099999","2023-06-26T12:00:00","4","18.6333333","72.8666666","7.0","ALIBAG, IN","FM-12","99999","V020","230,1,N,0072,1","99999,9,9,N","004000,1,9,9","+0294,1","+0269,1","10037,1","09,0004,3,1","6,1,02,1","5,1,02,1",,,"07,1,+01250,1,07,1",,,"9,AGL   ,+99999,+99999","07,99,1,07,1,99,9,01250,1,99,9,99,9",,"9,9,999,9,+000,1",,"20,1","SYN08243058 22696 72314 10294 20269 40037 72065 876// 222// 20000 333 10316 58000 6994/=",
"43058099999","2023-06-27T03:00:00","4","18.6333333","72.8666666","7.0","ALIBAG, IN","FM-12","99999","V020","140,1,N,0051,1","99999,9,9,N","004000,1,9,9","+0266,1","+0266,1","10058,1","24,0230,3,1","6,1,02,1","5,1,02,1",,,"08,1,+01250,1,07,1",,,"9,AGL   ,+99999,+99999","08,99,1,08,1,99,9,01250,1,99,9,99,9","240,N,+0228,1","9,9,999,9,-009,1",,"20,1","SYN09843058 21696 81410 10266 20266 40058 72065 886// 222// 20000 333 20228 59009 6023/ 555 00235 10202=",
"43058099999","2023-06-27T12:00:00","4","18.6333333","72.8666666","7.0","ALIBAG, IN","FM-12","99999","V020","320,1,N,0062,1","99999,9,9,N","002000,1,9,9","+0266,1","+0249,1","10037,1","09,0070,3,1","0,1,02,1","6,1,02,1",,,"08,1,+01250,1,07,1",,,"9,AGL   ,+99999,+99999","08,99,1,08,1,99,9,01250,1,99,9,99,9","240,M,+0294,1","9,9,999,9,+000,1",,"21,1","SYN08243058 22695 83212 10266 20249 40037 72106 887// 222// 20000 333 10294 59000 6007/=",
"43058099999","2023-06-28T03:00:00","4","18.6333333","72.8666666","7.0","ALIBAG, IN","FM-12","99999","V020","230,1,N,0031,1","99999,9,9,N","004000,1,9,9","+0262,1","+0248,1","10059,1","24,0530,3,1","0,1,02,1","6,1,02,1",,,"08,1,+01250,1,07,1",,,"9,AGL   ,+99999,+99999","08,99,1,08,1,99,9,01250,1,99,9,99,9","240,N,+0229,1","9,9,999,9,+001,1",,"65,1","SYN09843058 21696 82306 10262 20248 40059 76506 886// 222// 20000 333 20229 58001 6053/ 555 00528 10255=",
"43058099999","2023-06-28T12:00:00","4","18.6333333","72.8666666","7.0","ALIBAG, IN","FM-12","99999","V020","230,1,N,0062,1","99999,9,9,N","002000,1,9,9","+0306,1","+0217,1","10051,1",,"6,1,02,1","5,1,02,1",,,"08,1,+01250,1,07,1",,,"9,AGL   ,+99999,+99999","08,99,1,08,1,99,9,01250,1,99,9,99,9",,"9,9,999,9,+014,1",,"21,1","SYN07643058 21695 82312 10306 20217 40051 72165 887// 222// 20000 333 10282 58014=","Q0128.2  2EATMX "
"43058099999","2023-06-30T12:00:00","4","18.6333333","72.8666666","7.0","ALIBAG, IN","FM-12","99999","V020","999,9,V,0057,1","99999,9,9,N","004000,1,9,9","+0266,1","+0249,1","10049,1","09,0120,3,1","6,1,02,1","5,1,02,1",,,"08,1,+01250,1,03,1",,,"9,AGL   ,+99999,+99999","08,99,1,08,1,99,9,01250,1,99,9,99,9","240,M,+0306,1","9,9,999,9,+000,1",,"20,1","SYN08243058 21696 89911 10266 20249 40049 72065 8805/ 222// 20000 333 10306 58000 6012/=",
"43058099999","2023-07-03T03:00:00","4","18.6333333","72.8666666","7.0","ALIBAG, IN","FM-12","99999","V020","230,1,N,0031,1","99999,9,9,N","010000,1,9,9","+0288,1","+0269,1","10044,1","24,0170,3,1",,,,,"02,1,+01250,1,08,1","99,9,+99999,9,03,1",,"9,AGL   ,+99999,+99999","05,99,1,02,1,99,9,01250,1,99,9,99,9",,"9,9,999,9,+000,1",,,"SYN07043058 22697 52306 10288 20269 40044 8283/ 222// 20000 333 58000 6017/=",
"43058099999","2023-07-03T12:00:00","4","18.6333333","72.8666666","7.0","ALIBAG, IN","FM-12","99999","V020","230,1,N,0072,1","99999,9,9,N","004000,1,9,9","+0298,1","+0273,1","10029,1","09,0010,3,1","0,1,02,1","6,1,02,1",,,"06,1,+01250,1,07,1",,,"9,AGL   ,+99999,+99999","06,99,1,06,1,99,9,01250,1,99,9,99,9","240,M,+0328,1","9,9,999,9,+000,1",,"65,1","SYN08243058 22696 62314 10298 20273 40029 76506 866// 222// 20000 333 10328 59000 6001/=",
"43058099999","2023-07-04T03:00:00","4","18.6333333","72.8666666","7.0","ALIBAG, IN","FM-12","99999","V020","230,1,N,0021,1","99999,9,9,N","004000,1,9,9","+0268,1","+0248,1","10031,1","24,1390,3,1","6,1,02,1","5,1,02,1",,,"08,1,+01250,1,03,1",,,"9,AGL   ,+99999,+99999","08,99,1,08,1,99,9,01250,1,99,9,99,9","240,N,+0232,1","9,9,999,9,-013,1",,"20,1","SYN09843058 21696 82304 10268 20248 40031 72065 8805/ 222// 20000 333 20232 59013 6139/ 555 01387 10705=",
"43058099999","2023-07-04T12:00:00","4","18.6333333","72.8666666","7.0","ALIBAG, IN","FM-12","99999","V020","230,1,N,0051,1","99999,9,9,N","004000,1,9,9","+0260,1","+0251,1","10009,1","09,0250,3,1","6,1,02,1","5,1,02,1",,,"06,1,+01250,1,08,1",,,"9,AGL   ,+99999,+99999","08,99,1,06,1,99,9,01250,1,99,9,99,9","240,M,+0283,1","9,9,999,9,-020,1",,"21,1","SYN08243058 21696 82310 10260 20251 40009 72165 868// 222// 20000 333 10283 59020 6025/=",
"43058099999","2023-07-05T12:00:00","4","18.6333333","72.8666666","7.0","ALIBAG, IN","FM-12","99999","V020","230,1,N,0010,1","99999,9,9,N","010000,1,9,9","+0278,1","+0255,1","10002,1","09,0100,3,1",,,,,"02,1,+01250,1,08,1","99,9,+99999,9,03,1",,"9,AGL   ,+99999,+99999","08,99,1,02,1,99,9,01250,1,99,9,99,9","240,M,+0284,1","9,9,999,9,-007,1",,,"SYN07643058 22697 82302 10278 20255 40002 8287/ 222// 20000 333 10284 59007 6010/=",
"43058099999","2023-07-06T03:00:00","4","18.6333333","72.8666666","7.0","ALIBAG, IN","FM-12","99999","V020","230,1,N,0118,1","99999,9,9,N","004000,1,9,9","+0270,1","+0247,1","10018,1","24,0130,3,1","6,1,02,1","5,1,02,1",,,"02,1,+01250,1,08,1","99,9,+99999,9,03,1",,"9,AGL   ,+99999,+99999","08,99,1,02,1,99,9,01250,1,99,9,99,9","240,N,+0225,1",,,"20,1","SYN09843058 21696 82323 10270 20247 40018 72065 8284/ 222// 20000 333 20225 5//// 6013/ 555 00126 10782=",
"43058099999","2023-07-06T12:00:00","4","18.6333333","72.8666666","7.0","ALIBAG, IN","FM-12","99999","V020","230,1,N,0067,1","99999,9,9,N","004000,1,9,9","+0284,1","+0256,1","10011,1","09,0050,3,1",,,,,"03,1,+01250,1,08,1","99,9,+99999,9,03,1",,"9,AGL   ,+99999,+99999","08,99,1,03,1,99,9,01250,1,99,9,99,9","240,M,+0290,1","9,9,999,9,+009,1",,,"SYN07643058 22696 82313 10284 20256 40011 8384/ 222// 20000 333 10290 58009 6005/=",
"43058099999","2023-07-07T03:00:00","4","18.6333333","72.8666666","7.0","ALIBAG, IN","FM-12","99999","V020","230,1,N,0067,1","99999,9,9,N","004000,1,9,9","+0266,1","+0252,1","10042,1","24,0480,3,1","6,1,02,1","5,1,02,1",,,"02,1,+01250,1,08,1","99,9,+99999,9,03,1","99,9,+99999,9,00,1","9,AGL   ,+99999,+99999","08,99,1,02,1,99,9,01250,1,99,9,99,9","240,N,+0229,1","9,9,999,9,+024,1",,"20,1","SYN09843058 21696 82313 10266 20252 40042 72065 82831 222// 20000 333 20229 58024 6048/ 555 00478 10834=",
"43058099999","2023-07-07T06:00:00","4","18.6333333","72.8666666","7.0","ALIBAG, IN","FM-12","99999","V020","230,1,N,0067,1","99999,9,9,N","004000,1,9,9","+0266,1","+0252,1","10042,1","03,0480,3,1","6,1,02,1","5,1,02,1",,,"02,1,+01250,1,08,1","99,9,+99999,9,03,1","99,9,+99999,9,00,1","9,AGL   ,+99999,+99999","08,99,1,02,1,99,9,01250,1,99,9,99,9","240,N,+0229,1","9,9,999,9,+024,1",,"20,1","SYN09843058 21696 82313 10266 20252 40042 72065 82831 222// 20000 333 20229 58024 6048/ 555 00478 10834=",
"43058099999","2023-07-07T12:00:00","4","18.6333333","72.8666666","7.0","ALIBAG, IN","FM-12","99999","V020","230,1,N,0113,1","99999,9,9,N","004000,1,9,9","+0262,1","+0253,1","10021,1","09,0170,3,1","6,1,02,1","5,1,02,1",,,"08,1,+01250,1,06,1",,,"9,AGL   ,+99999,+99999","08,99,1,08,1,99,9,01250,1,99,9,99,9","240,M,+0300,1","9,9,999,9,+010,1",,"20,1","SYN08243058 21696 82322 10262 20253 40021 72065 885// 222// 20000 333 10300 58010 6017/=",
"43058099999","2023-07-10T03:00:00","4","18.6333333","72.8666666","7.0","ALIBAG, IN","FM-12","99999","V020","230,1,N,0051,1","22000,1,9,N","004000,1,9,9","+0296,1","+0262,1","09971,1","24,0010,3,1",,,,,"02,1,+01250,1,08,1","99,9,+99999,9,03,1",,"9,AGL   ,+99999,+99999","04,99,1,02,1,99,9,01250,1,99,9,99,9","240,N,+0254,1","9,9,999,9,+000,1",,,"SYN09243058 22696 42310 10296 20262 49971 8283/ 222// 20000 333 20254 58000 6001/ 555 00010 10872=",
"43058099999","2023-07-10T12:00:00","4","18.6333333","72.8666666","7.0","ALIBAG, IN","FM-12","99999","V020","230,1,N,0031,1","99999,9,9,N","010000,1,9,9","+0310,1","+0268,1","10058,1","09,0008,3,1",,,,,,,,,,,"9,9,999,9,+000,1",,,"SYN07043058 22697 02306 10310 20268 40058 222// 20000 333 10328 58000 6998/=",
"43058099999","2023-07-11T03:00:00","4","18.6333333","72.8666666","7.0","ALIBAG, IN","FM-12","99999","V020","230,1,N,0031,1","99999,9,9,N","004000,1,9,9","+0268,1","+0248,1","10075,1","24,0040,3,1",,,,,"02,1,+01250,1,08,1","99,9,+99999,9,03,1",,"9,AGL   ,+99999,+99999","05,99,1,02,1,99,9,01250,1,99,9,99,9","240,N,+0248,1","9,9,999,9,+005,1",,,"SYN09243058 22696 52306 10268 20248 40075 8283/ 222// 20000 333 20248 58005 6004/ 555 00038 10875=",
"43058099999","2023-07-12T03:00:00","4","18.6333333","72.8666666","7.0","ALIBAG, IN","FM-12","99999","V020","230,1,N,0051,1","99999,9,9,N","004000,1,9,9","+0296,1","+0251,1","10063,1","24,0020,3,1",,,,,"02,1,+01250,1,08,1","99,9,+99999,9,03,1",,"9,AGL   ,+99999,+99999","08,99,1,02,1,99,9,01250,1,99,9,99,9","240,N,+0201,1","9,9,999,9,-012,1",,,"SYN09243058 22696 82310 10296 20251 40063 8283/ 222// 20000 333 20201 59012 6002/ 555 00022 10878=",
"43058099999","2023-07-12T12:00:00","4","18.6333333","72.8666666","7.0","ALIBAG, IN","FM-12","99999","V020","230,1,N,0010,1","99999,9,9,N","010000,1,9,9","+0282,1","+0259,1","10048,1","09,0160,3,1",,,,,"02,1,+01250,1,08,1","99,9,+99999,9,03,1",,"9,AGL   ,+99999,+99999","06,99,1,02,1,99,9,01250,1,99,9,99,9","240,M,+0320,1","9,9,999,9,-012,1",,,"SYN07643058 22697 62302 10282 20259 40048 8284/ 222// 20000 333 10320 59012 6016/=",
"43058099999","2023-07-13T03:00:00","4","18.6333333","72.8666666","7.0","ALIBAG, IN","FM-12","99999","V020","140,1,N,0041,1","99999,9,9,N","004000,1,9,9","+0292,1","+0267,1","10053,1","24,0170,3,1",,,,,"02,1,+01250,1,08,1","99,9,+99999,9,03,1",,"9,AGL   ,+99999,+99999","06,99,1,02,1,99,9,01250,1,99,9,99,9","240,N,+0248,1","9,9,999,9,-010,1",,,"SYN09243058 22696 61408 10292 20267 40053 8284/ 222// 20000 333 20248 59010 6017/ 555 00167 10894=",
"43058099999","2023-07-13T12:00:00","4","18.6333333","72.8666666","7.0","ALIBAG, IN","FM-12","99999","V020","320,1,N,0046,1","99999,9,9,N","010000,1,9,9","+0298,1","+0268,1","10038,1",,,,,,"02,1,+01250,1,08,1","99,9,+99999,9,03,1",,"9,AGL   ,+99999,+99999","06,99,1,02,1,99,9,01250,1,99,9,99,9","240,M,+0322,1","9,9,999,9,-010,1",,,"SYN07043058 32697 63209 10298 20268 40038 8283/ 222// 20000 333 10322 59010=",
"43058099999","2023-07-14T03:00:00","4","18.6333333","72.8666666","7.0","ALIBAG, IN","FM-12","99999","V020","320,1,N,0057,1","99999,9,9,N","010000,1,9,9","+0276,1","+0241,1","10071,1","24,0040,3,1",,,,,"03,1,+01250,1,08,1","99,9,+99999,9,03,1",,"9,AGL   ,+99999,+99999","07,99,1,03,1,99,9,01250,1,99,9,99,9","240,N,+0193,1","9,9,999,9,+033,1",,,"SYN09243058 22697 73211 10276 20241 40071 8383/ 222// 20000 333 20193 58033 6004/ 555 00042 10898=",
"43058099999","2023-07-14T12:00:00","4","18.6333333","72.8666666","7.0","ALIBAG, IN","FM-12","99999","V020","140,1,N,0021,1","99999,9,9,N","004000,1,9,9","+0258,1","+0249,1","10060,1","09,0140,3,1","6,1,02,1","5,1,02,1",,,"08,1,+01250,1,06,1",,,"9,AGL   ,+99999,+99999","08,99,1,08,1,99,9,01250,1,99,9,99,9","240,M,+0282,1","9,9,999,9,+022,1",,"20,1","SYN08243058 21696 81404 10258 20249 40060 72065 885// 222// 20000 333 10282 58022 6014/=",
"43058099999","2023-07-17T03:00:00","4","18.6333333","72.8666666","7.0","ALIBAG, IN","FM-12","99999","V020","140,1,N,0021,1","99999,9,9,N","004000,1,9,9","+0256,1","+0241,1","10063,1","24,0320,3,1",,,,,"08,1,+01250,1,07,1",,,"9,AGL   ,+99999,+99999","08,99,1,08,1,99,9,01250,1,99,9,99,9","240,N,+0235,1",,,,"SYN09243058 21696 81404 10256 20241 40063 886// 222// 20000 333 20235 5//// 6032/ 555 00324 10953=",
"43058099999","2023-07-17T12:00:00","4","18.6333333","72.8666666","7.0","ALIBAG, IN","FM-12","99999","V020","320,1,N,0010,1","99999,9,9,N","004000,1,9,9","+0272,1","+0255,1","10070,1","09,0140,3,1",,,,,"03,1,+01250,1,08,1","99,9,+99999,9,03,1",,"9,AGL   ,+99999,+99999","07,99,1,03,1,99,9,01250,1,99,9,99,9",,"9,9,999,9,+000,1",,,"SYN07643058 22696 73202 10272 20255 40070 8383/ 222// 20000 333 10286 58000 6014/=",
"43058099999","2023-07-18T03:00:00","4","18.6333333","72.8666666","7.0","ALIBAG, IN","FM-12","99999","V020","230,1,N,0108,1","99999,9,9,N","004000,1,9,9","+0280,1","+0266,1","10049,1","24,0580,3,1","6,1,02,1","5,1,02,1",,,"03,1,+01250,1,08,1","99,9,+99999,9,03,1",,"9,AGL   ,+99999,+99999","07,99,1,03,1,99,9,01250,1,99,9,99,9","240,N,+0227,1","9,9,999,9,-014,1",,"21,1","SYN09843058 22696 72321 10280 20266 40049 72165 8383/ 222// 20000 333 20227 59014 6058/ 555 00584 11032=",
"43058099999","2023-07-18T12:00:00","4","18.6333333","72.8666666","7.0","ALIBAG, IN","FM-12","99999","V020","320,1,N,0088,1","99999,9,9,N","004000,1,9,9","+0272,1","+0258,1","10022,1","09,0100,3,1","2,1,02,1","2,1,02,1",,,"03,1,+01250,1,08,1","99,9,+99999,9,03,1","99,9,+99999,9,00,1","9,AGL   ,+99999,+99999","08,99,1,03,1,99,9,01250,1,99,9,99,9","240,M,+0289,1","9,9,999,9,+001,1",,"32,1","SYN08243058 22696 83217 10272 20258 40022 73222 83831 222// 20000 333 10289 58001 6010/=",
"43058099999","2023-07-19T03:00:00","4","18.6333333","72.8666666","7.0","ALIBAG, IN","FM-12","99999","V020","230,1,N,0118,1","99999,9,9,N","004000,1,9,9","+0252,1","+0225,1","10029,1","24,1170,3,1","6,1,02,1","5,1,02,1",,,"04,1,+01250,1,08,1","99,9,+99999,9,03,1",,"9,AGL   ,+99999,+99999","08,99,1,04,1,99,9,01250,1,99,9,99,9","240,N,+0222,1","9,9,999,9,-020,1",,"21,1","SYN09843058 22696 82323 10252 20225 40029 72165 8483/ 222// 20000 333 20222 59020 6117/ 555 01170 11159=",
"43058099999","2023-07-19T06:00:00","4","18.6333333","72.8666666","7.0","ALIBAG, IN","FM-12","99999","V020","230,1,N,0118,1","99999,9,9,N","004000,1,9,9","+0252,1","+0225,1","10029,1","03,1170,3,1","6,1,02,1","5,1,02,1",,,"04,1,+01250,1,08,1","99,9,+99999,9,03,1",,"9,AGL   ,+99999,+99999","08,99,1,04,1,99,9,01250,1,99,9,99,9","240,N,+0222,1","9,9,999,9,-020,1",,"21,1","SYN09843058 22696 82323 10252 20225 40029 72165 8483/ 222// 20000 333 20222 59020 6117/ 555 01170 11159=",
"43058099999","2023-07-19T12:00:00","4","18.6333333","72.8666666","7.0","ALIBAG, IN","FM-12","99999","V020","320,1,N,0088,1","99999,9,9,N","004000,1,9,9","+0272,1","+0258,1","10022,1","09,0610,3,1","0,1,02,1","6,1,02,1",,,"03,1,+01250,1,07,1",,,"9,AGL   ,+99999,+99999","08,99,1,03,1,99,9,01250,1,99,9,99,9","240,M,+0289,1","9,9,999,9,-026,1",,"21,1","SYN08243058 22696 83217 10272 20258 40022 72106 836// 222// 20000 333 10289 59026 6061/=",
"43058099999","2023-07-20T03:00:00","4","18.6333333","72.8666666","7.0","ALIBAG, IN","FM-12","99999","V020","230,1,N,0067,1","99999,9,9,N","004000,1,9,9","+0286,1","+0261,1","10038,1","24,0910,3,1","6,1,02,1","5,1,02,1",,,"03,1,+01250,1,08,1","99,9,+99999,9,03,1",,"9,AGL   ,+99999,+99999","07,99,1,03,1,99,9,01250,1,99,9,99,9","240,N,+0237,1","9,9,999,9,+009,1",,"22,1","SYN09843058 22696 72313 10286 20261 40038 72265 8384/ 222// 20000 333 20237 58009 6091/ 555 00907 11250=",
"43058099999","2023-07-21T03:00:00","4","18.6333333","72.8666666","7.0","ALIBAG, IN","FM-12","99999","V020","230,1,N,0072,1","99999,9,9,N","004000,1,9,9","+0250,1","+0229,1","10053,1","24,0710,3,1","6,1,02,1","5,1,02,1",,,"03,1,+01250,1,08,1","99,9,+99999,9,03,1",,"9,AGL   ,+99999,+99999","08,99,1,03,1,99,9,01250,1,99,9,99,9","240,N,+0224,1","9,9,999,9,+000,1",,"22,1","SYN09843058 22696 82314 10250 20229 40053 72265 8384/ 222// 20000 333 20224 58000 6071/ 555 00707 11321=",
"43058099999","2023-07-21T12:00:00","4","18.6333333","72.8666666","7.0","ALIBAG, IN","FM-12","99999","V020","320,1,N,0077,1","99999,9,9,N","004000,1,9,9","+0264,1","+0250,1","10042,1","09,0630,3,1","6,1,02,1","5,1,02,1",,,"08,1,+01250,1,06,1",,,"9,AGL   ,+99999,+99999","08,99,1,08,1,99,9,01250,1,99,9,99,9","240,M,+0268,1","9,9,999,9,+022,1",,"20,1","SYN08243058 21696 83215 10264 20250 40042 72065 885// 222// 20000 333 10268 58022 6063/=",
"43058099999","2023-07-24T03:00:00","4","18.6333333","72.8666666","7.0","ALIBAG, IN","FM-12","99999","V020","320,1,N,0057,1","99999,9,9,N","004000,1,9,9","+0276,1","+0262,1","10052,1","24,0360,3,1",,,,,"02,1,+01250,1,07,1","99,9,+99999,9,03,1",,"9,AGL   ,+99999,+99999","08,99,1,02,1,99,9,01250,1,99,9,99,9","240,N,+0228,1","9,9,999,9,+000,1",,,"SYN07643058 22696 83211 10276 20262 40052 8264/ 222// 20000 333 20228 59000 6036/=",
"43058099999","2023-07-24T12:00:00","4","18.6333333","72.8666666","7.0","ALIBAG, IN","FM-12","99999","V020","230,1,N,0077,1","99999,9,9,N","004000,1,9,9","+0280,1","+0266,1","10031,1","09,0020,3,1",,,,,"01,1,+01250,1,07,1","99,9,+99999,9,03,1",,"9,AGL   ,+99999,+99999","08,99,1,01,1,99,9,01250,1,99,9,99,9","240,M,+0301,1","9,9,999,9,+000,1",,,"SYN07643058 22696 82315 10280 20266 40031 8174/ 222// 20000 333 10301 59000 6002/=",
"43058099999","2023-07-25T03:00:00","4","18.6333333","72.8666666","7.0","ALIBAG, IN","FM-12","99999","V020","230,1,N,0077,1","99999,9,9,N","004000,1,9,9","+0268,1","+0248,1","10061,1","24,0350,3,1","6,1,02,1","5,1,02,1",,,"06,1,+01250,1,08,1","99,9,+99999,9,03,1",,"9,AGL   ,+99999,+99999","08,99,1,06,1,99,9,01250,1,99,9,99,9","240,N,+0233,1","9,9,999,9,+009,1",,"21,1","SYN09843058 21696 82315 10268 20248 40061 72165 8684/ 222// 20000 333 20233 58009 6035/ 555 00347 11529=",
"43058099999","2023-07-25T12:00:00","4","18.6333333","72.8666666","7.0","ALIBAG, IN","FM-12","99999","V020","230,1,N,0113,1","99999,9,9,N","004000,1,9,9","+0274,1","+0251,1","10051,1","09,0050,3,1",,,,,"03,1,+01250,1,07,1","99,9,+99999,9,03,1",,"9,AGL   ,+99999,+99999","08,99,1,03,1,99,9,01250,1,99,9,99,9","240,M,+0283,1","9,9,999,9,+020,1",,,"SYN07643058 22696 82322 10274 20251 40051 8374/ 222// 20000 333 10283 58020 6005/=",
"43058099999","2023-07-26T03:00:00","4","18.6333333","72.8666666","7.0","ALIBAG, IN","FM-12","99999","V020","320,1,N,0057,1","99999,9,9,N","004000,1,9,9","+0256,1","+0247,1","10082,1","24,0560,3,1","6,1,02,1","5,1,02,1",,,"03,1,+01250,1,06,1","99,9,+99999,9,03,1",,"9,AGL   ,+99999,+99999","08,99,1,03,1,99,9,01250,1,99,9,99,9","240,N,+0225,1","9,9,999,9,+021,1",,"21,1","SYN09843058 21696 83211 10256 20247 40082 72165 8354/ 222// 20000 333 20225 58021 6056/ 555 00557 11590=",
"43058099999","2023-07-26T12:00:00","4","18.6333333","72.8666666","7.0","ALIBAG, IN","FM-12","99999","V020","320,1,N,0082,1","99999,9,9,N","004000,1,9,9","+0258,1","+0249,1","10063,1","09,0460,3,1","6,1,02,1","5,1,02,1",,,"08,1,+01250,1,06,1",,,"9,AGL   ,+99999,+99999","08,99,1,08,1,99,9,01250,1,99,9,99,9","240,M,+0268,1","9,9,999,9,+012,1",,"21,1","SYN08243058 21696 83216 10258 20249 40063 72165 885// 222// 20000 333 10268 58012 6046/=",
"43058099999","2023-07-27T03:00:00","4","18.6333333","72.8666666","7.0","ALIBAG, IN","FM-12","99999","V020","320,1,N,0062,1","99999,9,9,N","004000,1,9,9","+0250,1","+0247,1","10084,1","24,1830,3,1","6,1,02,1","5,1,02,1",,,"08,1,+01250,1,06,1",,,"9,AGL   ,+99999,+99999","08,99,1,08,1,99,9,01250,1,99,9,99,9","240,N,+0218,1","9,9,999,9,+002,1",,"21,1","SYN09843058 21696 83212 10250 20247 40084 72165 885// 222// 20000 333 20218 58002 6183/ 555 01830 11773=",
"43058099999","2023-07-27T12:00:00","4","18.6333333","72.8666666","7.0","ALIBAG, IN","FM-12","99999","V020","230,1,N,0072,1","99999,9,9,N","004000,1,9,9","+0252,1","+0249,1","10063,1","09,0600,3,1","6,1,02,1","5,1,02,1",,,"08,1,+01250,1,06,1",,,"9,AGL   ,+99999,+99999","08,99,1,08,1,99,9,01250,1,99,9,99,9","240,M,+0266,1","9,9,999,9,+000,1",,"21,1","SYN08243058 21696 82314 10252 20249 40063 72165 885// 222// 20000 333 10266 59000 6060/=",
"43058099999","2023-07-28T03:00:00","4","18.6333333","72.8666666","7.0","ALIBAG, IN","FM-12","99999","V020","230,1,N,0041,1","99999,9,9,N","004000,1,9,9","+0268,1","+0260,1","10082,1","24,0840,3,1","6,1,02,1","5,1,02,1",,,"02,1,+01250,1,07,1","99,9,+99999,9,03,1",,"9,AGL   ,+99999,+99999","08,99,1,02,1,99,9,01250,1,99,9,99,9","240,N,+0222,1","9,9,999,9,-002,1",,"21,1","SYN08243058 21696 82308 10268 20260 40082 72165 8274/ 222// 20000 333 20222 59002 6084/=",
"43058099999","2023-07-28T12:00:00","4","18.6333333","72.8666666","7.0","ALIBAG, IN","FM-12","99999","V020","320,1,N,0046,1","99999,9,9,N","004000,1,9,9","+0272,1","+0264,1","10070,1","09,0100,3,1",,,,,"07,1,+01250,1,07,1","99,9,+99999,9,03,1",,"9,AGL   ,+99999,+99999","08,99,1,07,1,99,9,01250,1,99,9,99,9","240,M,+0278,1","9,9,999,9,+007,1",,,"SYN07643058 22696 83209 10272 20264 40070 8774/ 222// 20000 333 10278 58007 6010/=",
"43058099999","2023-07-31T03:00:00","4","18.6333333","72.8666666","7.0","ALIBAG, IN","FM-12","99999","V020","270,1,N,0108,1","99999,9,9,N","010000,1,9,9","+0282,1","+0251,1","10081,1","24,0160,3,1",,,,,"02,1,+01250,1,08,1","99,9,+99999,9,03,1",,"9,AGL   ,+99999,+99999","06,99,1,02,1,99,9,01250,1,99,9,99,9","240,N,+0232,1","9,9,999,9,+000,1",,,"SYN09243058 22697 62721 10282 20251 40081 8283/ 222// 20000 333 20232 58000 6016/ 555 00156 11916=",
"43058099999","2023-07-31T12:00:00","4","18.6333333","72.8666666","7.0","ALIBAG, IN","FM-12","99999","V020","230,1,N,0067,1","99999,9,9,N","010000,1,9,9","+0284,1","+0267,1","10061,1",,,,,,"03,1,+01250,1,08,1","99,9,+99999,9,03,1","99,9,+99999,9,00,1","9,AGL   ,+99999,+99999","05,99,1,03,1,99,9,01250,1,99,9,99,9","240,M,+0296,1","9,9,999,9,+000,1",,,"SYN07043058 32697 52313 10284 20267 40061 83831 222// 20000 333 10296 58000=",
"43058099999","2023-08-01T12:00:00","4","18.6333333","72.8666666","7.0","ALIBAG, IN","FM-12","99999","V020","230,1,N,0082,1","99999,9,9,N","010000,1,9,9","+0292,1","+0258,1","10061,1",,,,,,"05,1,+01250,1,07,1",,,"9,AGL   ,+99999,+99999","05,99,1,05,1,99,9,01250,1,99,9,99,9","240,M,+0306,1","9,9,999,9,+000,1",,,"SYN07043058 22697 52316 10292 20258 40061 856// 222// 20000 333 10306 58000=",
"43058099999","2023-08-02T03:00:00","4","18.6333333","72.8666666","7.0","ALIBAG, IN","FM-12","99999","V020","230,1,N,0077,1","22000,1,9,N","004000,1,9,9","+0292,1","+0261,1","10078,1","24,0006,3,1",,,,,"04,1,+01250,1,08,1",,,"9,AGL   ,+99999,+99999","04,99,1,04,1,99,9,01250,1,99,9,99,9","240,N,+0237,1","9,9,999,9,+007,1",,,"SYN09243058 22696 42315 10292 20261 40078 848// 222// 20000 333 20237 58007 6996/ 555 00006 11926=",
"43058099999","2023-08-02T12:00:00","4","18.6333333","72.8666666","7.0","ALIBAG, IN","FM-12","99999","V020","230,1,N,0077,1","99999,9,9,N","004000,1,9,9","+0290,1","+0262,1","10060,1",,,,,,"05,1,+01250,1,07,1","99,9,+99999,9,03,1",,"9,AGL   ,+99999,+99999","08,99,1,05,1,99,9,01250,1,99,9,99,9","240,M,+0313,1","9,9,999,9,-001,1",,,"SYN07043058 32696 82315 10290 20262 40060 8574/ 222// 20000 333 10313 59001=",
"43058099999","2023-08-03T03:00:00","4","18.6333333","72.8666666","7.0","ALIBAG, IN","FM-12","99999","V020","230,1,N,0046,1","99999,9,9,N","010000,1,9,9","+0286,1","+0261,1","10079,1","24,0010,3,1",,,,,"04,1,+01250,1,07,1","99,9,+99999,9,03,1",,"9,AGL   ,+99999,+99999","08,99,1,04,1,99,9,01250,1,99,9,99,9","240,N,+0238,1","9,9,999,9,+001,1",,,"SYN09243058 22697 82309 10286 20261 40079 8474/ 222// 20000 333 20238 58001 6001/ 555 00010 11926=",
"43058099999","2023-08-03T12:00:00","4","18.6333333","72.8666666","7.0","ALIBAG, IN","FM-12","99999","V020","230,1,N,0072,1","99999,9,9,N","004000,1,9,9","+0284,1","+0256,1","10058,1","09,0004,3,1",,,,,"03,1,+01250,1,07,1","99,9,+99999,9,03,1",,"9,AGL   ,+99999,+99999","08,99,1,03,1,99,9,01250,1,99,9,99,9","240,M,+0303,1","9,9,999,9,-007,1",,,"SYN07643058 22696 82314 10284 20256 40058 8374/ 222// 20000 333 10303 59007 6994/=",
"43058099999","2023-08-04T03:00:00","4","18.6333333","72.8666666","7.0","ALIBAG, IN","FM-12","99999","V020","230,1,N,0062,1","99999,9,9,N","004000,1,9,9","+0288,1","+0263,1","10090,1","24,0030,3,1",,,,,"04,1,+01250,1,07,1","99,9,+99999,9,03,1",,"9,AGL   ,+99999,+99999","08,99,1,04,1,99,9,01250,1,99,9,99,9","240,N,+0233,1","9,9,999,9,+011,1",,,"SYN09243058 22696 82312 10288 20263 40090 8474/ 222// 20000 333 20233 58011 6003/ 555 00026 11930=",
"43058099999","2023-08-04T12:00:00","4","18.6333333","72.8666666","7.0","ALIBAG, IN","FM-12","99999","V020","230,1,N,0072,1","99999,9,9,N","004000,1,9,9","+0288,1","+0260,1","10070,1","09,0003,3,1",,,,,"04,1,+01250,1,07,1","99,9,+99999,9,03,1",,"9,AGL   ,+99999,+99999","08,99,1,04,1,99,9,01250,1,99,9,99,9","240,M,+0297,1","9,9,999,9,+012,1",,,"SYN07643058 22696 82314 10288 20260 40070 8464/ 222// 20000 333 10297 58012 6993/=",
"43058099999","2023-08-07T03:00:00","4","18.6333333","72.8666666","7.0","ALIBAG, IN","FM-12","99999","V020","230,1,N,0067,1","99999,9,9,N","010000,1,9,9","+0286,1","+0255,1","10088,1","24,0020,3,1",,,,,"06,1,+01750,1,03,1",,,"9,AGL   ,+99999,+99999","06,99,1,06,1,99,9,01750,1,99,9,99,9","240,N,+0237,1","9,9,999,9,+000,1",,,"SYN09243058 22797 62313 10286 20255 40088 86/4/ 222// 20000 333 20237 59000 6002/ 555 00018 11938=",
"43058099999","2023-08-07T12:00:00","4","18.6333333","72.8666666","7.0","ALIBAG, IN","FM-12","99999","V020","230,1,N,0051,1","99999,9,9,N","010000,1,9,9","+0294,1","+0260,1","10060,1",,,,,,"07,1,+01750,1,03,1","99,9,+99999,9,00,1",,"9,AGL   ,+99999,+99999","07,99,1,07,1,99,9,01750,1,99,9,99,9","240,M,+0316,1","9,9,999,9,+000,1",,,"SYN07043058 22797 72310 10294 20260 40060 87/41 222// 20000 333 10316 58000=",
"43058099999","2023-08-08T03:00:00","4","18.6333333","72.8666666","7.0","ALIBAG, IN","FM-12","99999","V020","230,1,N,0088,1","99999,9,9,N","004000,1,9,9","+0284,1","+0244,1","10079,1",,,,,,"08,1,+01750,1,99,9",,,"9,AGL   ,+99999,+99999","08,99,1,08,1,99,9,01750,1,99,9,99,9","240,N,+0250,1","9,9,999,9,-009,1",,,"SYN08043058 32796 82317 10284 20244 40079 88/// 222// 20000 333 20250 59009 555 11938=",
"43058099999","2023-08-08T12:00:00","4","18.6333333","72.8666666","7.0","ALIBAG, IN","FM-12","99999","V020","230,1,N,0051,1","99999,9,9,N","004000,1,9,9","+0296,1","+0262,1","10071,1","09,0010,3,1",,,,,"07,1,+01750,1,03,1",,,"9,AGL   ,+99999,+99999","07,99,1,07,1,99,9,01750,1,99,9,99,9","240,M,+0324,1","9,9,999,9,+011,1",,,"SYN07643058 22796 72310 10296 20262 40071 87/4/ 222// 20000 333 10324 58011 6001/=",
"43058099999","2023-08-09T03:00:00","4","18.6333333","72.8666666","7.0","ALIBAG, IN","FM-12","99999","V020","230,1,N,0062,1","99999,9,9,N","004000,1,9,9","+0296,1","+0262,1","10108,1","24,0020,3,1","6,1,02,1","5,1,02,1",,,"04,1,+01750,1,08,1","99,9,+99999,9,03,1",,"9,AGL   ,+99999,+99999","08,99,1,04,1,99,9,01750,1,99,9,99,9","240,N,+0236,1","9,9,999,9,+029,1",,"20,1","SYN09843058 22796 82312 10296 20262 40108 72065 8423/ 222// 20000 333 20236 58029 6002/ 555 00018 11940=",
"43058099999","2023-08-09T06:00:00","4","18.6333333","72.8666666","7.0","ALIBAG, IN","FM-12","99999","V020","230,1,N,0062,1","99999,9,9,N","004000,1,9,9","+0296,1","+0262,1","10108,1","03,0020,3,1","6,1,02,1","5,1,02,1",,,"04,1,+01750,1,08,1","99,9,+99999,9,03,1",,"9,AGL   ,+99999,+99999","08,99,1,04,1,99,9,01750,1,99,9,99,9","240,N,+0236,1","9,9,999,9,+029,1",,"20,1","SYN08243058 22796 82312 10296 20262 40108 72065 8423/ 222// 20000 333 20236 58029 6002/=",
"43058099999","2023-08-09T12:00:00","4","18.6333333","72.8666666","7.0","ALIBAG, IN","FM-12","99999","V020","230,1,N,0051,1","99999,9,9,N","010000,1,9,9","+0306,1","+0261,1","10098,1",,,,,,"07,1,+01750,1,06,1",,,"9,AGL   ,+99999,+99999","07,99,1,07,1,99,9,01750,1,99,9,99,9","240,M,+0326,1","9,9,999,9,+027,1",,,"SYN07043058 32797 72310 10306 20261 40098 874// 222// 20000 333 10326 58027=",
"43058099999","2023-08-10T03:00:00","4","18.6333333","72.8666666","7.0","ALIBAG, IN","FM-12","99999","V020","140,1,N,0062,1","99999,9,9,N","002000,1,9,9","+0298,1","+0265,1","10119,1","24,0100,3,1","6,1,02,1","5,1,02,1",,,"03,1,+01750,1,08,1","99,9,+99999,9,03,1",,"9,AGL   ,+99999,+99999","08,99,1,03,1,99,9,01750,1,99,9,99,9","240,N,+0229,1","9,9,999,9,+011,1",,"20,1","SYN09843058 22795 81412 10298 20265 40119 72065 8323/ 222// 20000 333 20229 58011 6010/ 555 00097 11949=",
"43058099999","2023-08-10T12:00:00","4","18.6333333","72.8666666","7.0","ALIBAG, IN","FM-12","99999","V020","230,1,N,0051,1","99999,9,9,N","010000,1,9,9","+0308,1","+0263,1","10099,1",,,,,,"07,1,+01750,1,03,1",,,"9,AGL   ,+99999,+99999","07,99,1,07,1,99,9,01750,1,99,9,99,9","240,M,+0321,1","9,9,999,9,+001,1",,,"SYN07043058 32797 72310 10308 20263 40099 87/4/ 222// 20000 333 10321 58001=",
"43058099999","2023-08-11T03:00:00","4","18.6333333","72.8666666","7.0","ALIBAG, IN","FM-12","99999","V020","230,1,N,0062,1","99999,9,9,N","010000,1,9,9","+0304,1","+0253,1","10109,1","24,0010,3,1","6,1,02,1","5,1,02,1",,,"06,1,+01250,1,08,1","99,9,+99999,9,03,1",,"9,AGL   ,+99999,+99999","08,99,1,06,1,99,9,01250,1,99,9,99,9","240,N,+0239,1","9,9,999,9,-010,1",,"20,1","SYN08243058 22697 82312 10304 20253 40109 72065 8684/ 222// 20000 333 20239 59010 6001/=",
"43058099999","2023-08-11T12:00:00","4","18.6333333","72.8666666","7.0","ALIBAG, IN","FM-12","99999","V020","230,1,N,0046,1","99999,9,9,N","004000,1,9,9","+0306,1","+0261,1","10087,1",,,,,,"04,1,+01750,1,08,1","99,9,+99999,9,04,1",,"9,AGL   ,+99999,+99999","06,99,1,04,1,99,9,01750,1,99,9,99,9","240,M,+0326,1","9,9,999,9,-012,1",,,"SYN07043058 32796 62309 10306 20261 40087 8421/ 222// 20000 333 10326 59012=",
"43058099999","2023-08-14T03:00:00","4","18.6333333","72.8666666","7.0","ALIBAG, IN","FM-12","99999","V020","230,1,N,0062,1","99999,9,9,N","010000,1,9,9","+0300,1","+0258,1","10100,1","24,0100,3,1","0,1,02,1","2,1,02,1",,,"06,1,+01250,1,08,1","99,9,+99999,9,03,1",,"9,AGL   ,+99999,+99999","08,99,1,06,1,99,9,01250,1,99,9,99,9","240,N,+0234,1",,,"20,1","SYN09843058 21697 82312 10300 20258 40100 72002 8684/ 222// 20000 333 20234 5//// 6010/ 555 00010 11954=",
"43058099999","2023-08-14T12:00:00","4","18.6333333","72.8666666","7.0","ALIBAG, IN","FM-12","99999","V020","320,1,N,0062,1","99999,9,9,N","004000,1,9,9","+0300,1","+0258,1","10079,1",,"0,1,02,1","2,1,02,1",,,"03,1,+02250,1,08,1","99,9,+99999,9,03,1",,"9,AGL   ,+99999,+99999","08,99,1,03,1,99,9,02250,1,99,9,99,9","240,M,+0322,1",,,"20,1","SYN07643058 22896 83212 10300 20258 40079 72002 8323/ 222// 20000 333 10322 5////=",
"43058099999","2023-08-16T12:00:00","4","18.6333333","72.8666666","7.0","ALIBAG, IN","FM-12","99999","V020","320,1,N,0051,1","22000,1,9,N","004000,1,9,9","+0238,1","+9999,9","10079,1",,,,,,"04,1,+01750,1,03,1",,,"9,AGL   ,+99999,+99999","04,99,1,04,1,99,9,01750,1,99,9,99,9",,"9,9,999,9,+000,1",,,"SYN07043058 32796 43210 10238 20256 40079 84/4/ 222// 20000 333 10322 58000=",
"43058099999","2023-08-17T03:00:00","4","18.6333333","72.8666666","7.0","ALIBAG, IN","FM-12","99999","V020","230,1,N,0015,1","99999,9,9,N","004000,1,9,9","+0262,1","+0251,1","10108,1","24,0020,3,1","0,1,02,1","6,1,02,1",,,"06,1,+01250,1,08,1","99,9,+99999,9,03,1",,"9,AGL   ,+99999,+99999","08,99,1,06,1,99,9,01250,1,99,9,99,9","240,N,+0231,1","9,9,999,9,+001,1",,"21,1","SYN09843058 21696 82303 10262 20251 40108 72106 8684/ 222// 20000 333 20231 58001 6002/ 555 00020 11957=",
"43058099999","2023-08-18T03:00:00","4","18.6333333","72.8666666","7.0","ALIBAG, IN","FM-12","99999","V020","320,1,N,0051,1","99999,9,9,N","010000,1,9,9","+0282,1","+0248,1","10099,1",,"0,1,02,1","2,1,02,1",,,"06,1,+01250,1,08,1","99,9,+99999,9,03,1","99,9,+99999,9,00,1","9,AGL   ,+99999,+99999","08,99,1,06,1,99,9,01250,1,99,9,99,9","240,N,+0246,1","9,9,999,9,-009,1",,"02,1","SYN09243058 21697 83210 10282 20248 40099 70202 86841 222// 20000 333 20246 59009 555 00002 11957=",
"43058099999","2023-08-18T12:00:00","4","18.6333333","72.8666666","7.0","ALIBAG, IN","FM-12","99999","V020","320,1,N,0067,1","99999,9,9,N","010000,1,9,9","+0268,1","+0239,1","10071,1","09,0020,3,1",,,,,"05,1,+01750,1,08,1","99,9,+99999,9,03,1","99,9,+99999,9,00,1","9,AGL   ,+99999,+99999","05,99,1,05,1,99,9,01750,1,99,9,99,9","240,M,+0309,1","9,9,999,9,+002,1",,,"SYN07643058 21797 53213 10268 20239 40071 85141 222// 20000 333 10309 58002 6002/=",
"43058099999","2023-08-21T03:00:00","4","18.6333333","72.8666666","7.0","ALIBAG, IN","FM-12","99999","V020","230,1,N,0057,1","99999,9,9,N","010000,1,9,9","+0292,1","+0258,1","10088,1","24,0110,3,1","0,1,02,1","2,1,02,1",,,"06,1,+01250,1,08,1","99,9,+99999,9,03,1","99,9,+99999,9,00,1","9,AGL   ,+99999,+99999","08,99,1,06,1,99,9,01250,1,99,9,99,9","240,N,+0228,1",,,"02,1","SYN09843058 21697 82311 10292 20258 40088 70202 86841 222// 20000 333 20228 5//// 6011/ 555 00113 10981=",
"43058099999","2023-08-22T03:00:00","4","18.6333333","72.8666666","7.0","ALIBAG, IN","FM-12","99999","V020","320,1,N,0041,1","99999,9,9,N","004000,1,9,9","+0268,1","+9999,9","99999,9","24,0040,3,1",,,,,"04,1,+01250,1,08,1","99,9,+99999,9,03,1",,"9,AGL   ,+99999,+99999","07,99,1,04,1,99,9,01250,1,99,9,99,9","240,N,+0230,1","9,9,999,9,-008,1",,,"SYN08043058 21696 73208 10268 8484/ 222// 20000 333 20230 59008 6004/ 555 00044 11986=",
"43058099999","2023-08-22T12:00:00","4","18.6333333","72.8666666","7.0","ALIBAG, IN","FM-12","99999","V020","320,1,N,0057,1","99999,9,9,N","004000,1,9,9","+0288,1","+0257,1","10066,1","09,0020,3,1",,,,,"05,1,+01750,1,06,1",,,"9,AGL   ,+99999,+99999","05,99,1,05,1,99,9,01750,1,99,9,99,9","240,M,+0294,1","9,9,999,9,+001,1",,,"SYN07643058 22796 53211 10288 20257 40066 85400 222// 20000 333 10294 58001 6002/=",
"43058099999","2023-08-23T03:00:00","4","18.6333333","72.8666666","7.0","ALIBAG, IN","FM-12","99999","V020","230,1,N,0046,1","99999,9,9,N","010000,1,9,9","+0302,1","+0260,1","10089,1",,"0,1,02,1","2,1,02,1",,,"05,1,+01750,1,03,1",,,"9,AGL   ,+99999,+99999","05,99,1,05,1,99,9,01750,1,99,9,99,9","240,N,+0242,1","9,9,999,9,+009,1",,"02,1","SYN08643058 22797 52309 10302 20260 40089 70202 85/4/ 222// 20000 333 20242 58009 555 11988=",
"43058099999","2023-08-23T12:00:00","4","18.6333333","72.8666666","7.0","ALIBAG, IN","FM-12","99999","V020","140,1,N,0046,1","22000,1,9,N","010000,1,9,9","+0294,1","+0248,1","10066,1",,,,,,"04,1,+01750,1,03,1",,,"9,AGL   ,+99999,+99999","04,99,1,04,1,99,9,01750,1,99,9,99,9","240,M,+0329,1","9,9,999,9,+000,1",,,"SYN07043058 22797 41409 10294 20248 40066 8404/ 222// 20000 333 10329 58000=",
"43058099999","2023-08-24T03:00:00","4","18.6333333","72.8666666","7.0","ALIBAG, IN","FM-12","99999","V020","230,1,N,0041,1","99999,9,9,N","010000,1,9,9","+0296,1","+0262,1","10080,1","24,0002,3,1","0,1,02,1","2,1,02,1",,,"05,1,+01750,1,03,1",,,"9,AGL   ,+99999,+99999","05,99,1,05,1,99,9,01750,1,99,9,99,9","240,N,+0236,1","9,9,999,9,-009,1",,"02,1","SYN09843058 22797 52308 10296 20262 40080 70202 85/4/ 222// 20000 333 20236 59009 6992/ 555 00044 11988=",
"43058099999","2023-08-24T12:00:00","4","18.6333333","72.8666666","7.0","ALIBAG, IN","FM-12","99999","V020","230,1,N,0041,1","99999,9,9,N","004000,1,9,9","+0298,1","+0265,1","10052,1","09,0010,3,1",,,,,"06,1,+01750,1,03,1",,,"9,AGL   ,+99999,+99999","06,99,1,06,1,99,9,01750,1,99,9,99,9","240,M,+0321,1","9,9,999,9,-014,1",,,"SYN07643058 22796 62308 10298 20265 40052 86/4/ 222// 20000 333 10321 59014 6001/=",
"43058099999","2023-08-25T12:00:00","4","18.6333333","72.8666666","7.0","ALIBAG, IN","FM-12","99999","V020","230,1,N,0026,1","99999,9,9,N","010000,1,9,9","+0284,1","+0264,1","10060,1","09,0020,3,1",,,,,"07,1,+01750,1,08,1","99,9,+99999,9,03,1",,"9,AGL   ,+99999,+99999","07,99,1,07,1,99,9,01750,1,99,9,99,9","240,M,+0318,1","9,9,999,9,+008,1",,,"SYN07643058 22797 72305 10284 20264 40060 8784/ 222// 20000 333 10318 58008 6002/=",
"43058099999","2023-08-28T03:00:00","4","18.6333333","72.8666666","7.0","ALIBAG, IN","FM-12","99999","V020","230,1,N,0051,1","99999,9,9,N","010000,1,9,9","+0302,1","+0257,1","10103,1","24,0110,3,1","0,1,02,1","6,1,02,1",,,"07,1,+01750,1,08,1","99,9,+99999,9,03,1",,"9,AGL   ,+99999,+99999","07,99,1,07,1,99,9,01750,1,99,9,99,9","240,N,+0225,1",,,"21,1","SYN08243058 22797 72310 10302 20257 40103 72106 8784/ 222// 20000 333 20225 5//// 6011/=",
"43058099999","2023-08-28T12:00:00","4","18.6333333","72.8666666","7.0","ALIBAG, IN","FM-12","99999","V020","230,1,N,0015,1","99999,9,9,N","004000,1,9,9","+0296,1","+0257,1","10072,1","09,0100,3,1",,,,,"05,1,+01750,1,08,1","99,9,+99999,9,04,1",,"9,AGL   ,+99999,+99999","07,99,1,05,1,99,9,01750,1,99,9,99,9","240,M,+0313,1","9,9,999,9,+000,1",,,"SYN07643058 22796 72303 10296 20257 40072 8521/ 222// 20000 333 10313 59000 6010/=",
"43058099999","2023-08-29T06:00:00","4","18.6333333","72.8666666","7.0","ALIBAG, IN","FM-12","99999","V020","320,1,N,0015,1","99999,9,9,N","010000,1,9,9","+0294,1","+0245,1","10099,1","03,0110,3,1","6,1,02,1","0,1,02,1",,,"06,1,+01250,1,08,1","99,9,+99999,9,03,1",,"9,AGL   ,+99999,+99999","06,99,1,06,1,99,9,01250,1,99,9,99,9","240,N,+0221,1","9,9,999,9,-004,1",,"20,1","SYN09843058 21697 63203 10294 20245 40099 72060 8684/ 222// 20000 333 20221 59004 6011/ 555 00112 12058=",
"43058099999","2023-08-29T12:00:00","4","18.6333333","72.8666666","7.0","ALIBAG, IN","FM-12","99999","V020","320,1,N,0026,1","22000,1,9,N","004000,1,9,9","+0304,1","+0247,1","10067,1",,,,,,"03,1,+01250,1,08,1",,,"9,AGL   ,+99999,+99999","03,99,1,03,1,99,9,01250,1,99,9,99,9","240,M,+0326,1","9,9,999,9,-005,1",,,"SYN07043058 32696 33205 10304 20247 40067 832// 222// 20000 333 10326 59005=",
"43058099999","2023-08-30T03:00:00","4","18.6333333","72.8666666","7.0","ALIBAG, IN","FM-12","99999","V020","230,1,N,0015,1","99999,9,9,N","010000,1,9,9","+0294,1","+0248,1","10108,1",,"0,1,02,1","5,1,02,1",,,"01,1,+00075,1,08,1","99,9,+99999,9,04,1",,"9,AGL   ,+99999,+99999","08,99,1,01,1,99,9,00075,1,99,9,99,9","240,N,+0225,1","9,9,999,9,+009,1",,"02,1","SYN09243058 22197 82303 10294 20248 40108 70205 8111/ 222// 20000 333 20225 58009 555 00000 12058=",
"43058099999","2023-08-30T12:00:00","4","18.6333333","72.8666666","7.0","ALIBAG, IN","FM-12","99999","V020","320,1,N,0051,1","22000,1,9,N","004000,1,9,9","+0304,1","+0247,1","10072,1",,,,,,"02,1,+01250,1,08,1",,,"9,AGL   ,+99999,+99999","02,99,1,02,1,99,9,01250,1,99,9,99,9","240,M,+0326,1","9,9,999,9,+005,1",,,"SYN07043058 32696 23210 10304 20247 40072 821// 222// 20000 333 10326 58005=",
"43058099999","2023-08-31T03:00:00","4","18.6333333","72.8666666","7.0","ALIBAG, IN","FM-12","99999","V020","320,1,N,0015,1","99999,9,9,N","010000,1,9,9","+0318,1","+0253,1","10099,1","24,0000,9,1","0,1,02,1","5,1,02,1",,,"02,1,+00075,1,99,9",,,"9,AGL   ,+99999,+99999","07,99,1,02,1,99,9,00075,1,99,9,99,9","240,N,+0317,1","9,9,999,9,-009,1",,"02,1","SYN09843058 22197 73203 10318 20253 40099 70205 82/// 222// 20000 333 20317 59009 6000/ 555 00000 12058=",
"43058099999","2023-08-31T12:00:00","4","18.6333333","72.8666666","7.0","ALIBAG, IN","FM-12","99999","V020","320,1,N,0046,1","99999,9,9,N","004000,1,9,9","+0302,1","+0245,1","10073,1",,,,,,,,,,,"240,M,+0323,1","9,9,999,9,+001,1",,,"SYN06443058 32996 03209 10302 20245 40073 222// 20000 333 10323 58001=",
"43058099999","2023-09-01T03:00:00","4","18.6333333","72.8666666","7.0","ALIBAG, IN","FM-12","99999","V020","320,1,N,0015,1","99999,9,9,N","010000,1,9,9","+0302,1","+0251,1","10097,1","24,0000,9,1","0,1,02,1","5,1,02,1",,,,,,,,"240,N,+0246,1","9,9,999,9,+006,1",,"02,1","SYN09243058 32997 03203 10302 20251 40097 70205 222// 20000 333 20246 58006 6000/ 555 00000 12058=",
"43058099999","2023-09-01T12:00:00","4","18.6333333","72.8666666","7.0","ALIBAG, IN","FM-12","99999","V020","320,1,N,0057,1","22000,1,9,N","004000,1,9,9","+0302,1","+0251,1","10067,1",,,,,,"04,1,+02250,1,08,1",,,"9,AGL   ,+99999,+99999","04,99,1,04,1,99,9,02250,1,99,9,99,9","240,M,+0316,1","9,9,999,9,-006,1",,,"SYN07043058 32896 43211 10302 20251 40067 842// 222// 20000 333 10316 59006=",
"43058099999","2023-09-04T03:00:00","4","18.6333333","72.8666666","7.0","ALIBAG, IN","FM-12","99999","V020","230,1,N,0010,1","22000,1,9,N","004000,1,9,9","+0266,1","+0246,1","10077,1","24,0140,3,1","6,1,02,1","5,1,02,1",,,"02,1,+01250,1,08,1",,,"9,AGL   ,+99999,+99999","02,99,1,02,1,99,9,01250,1,99,9,99,9","240,N,+0216,1","9,9,999,9,+000,1",,"20,1","SYN09843058 22696 22302 10266 20246 40077 72065 821// 222// 20000 333 20216 59000 6014/ 555 00140 12106=",
"43058099999","2023-09-04T06:00:00","4","18.6333333","72.8666666","7.0","ALIBAG, IN","FM-12","99999","V020","230,1,N,0010,1","22000,1,9,N","004000,1,9,9","+0266,1","+0246,1","10077,1","03,0140,3,1","6,1,02,1","5,1,02,1",,,"02,1,+01250,1,08,1",,,"9,AGL   ,+99999,+99999","02,99,1,02,1,99,9,01250,1,99,9,99,9","240,N,+0216,1","9,9,999,9,+000,1",,"20,1","SYN09243058 22696 22302 10266 20246 40077 72065 821// 222// 20000 333 20216 59000 6014/ 555 12106=",
"43058099999","2023-09-04T12:00:00","4","18.6333333","72.8666666","7.0","ALIBAG, IN","FM-12","99999","V020","320,1,N,0041,1","99999,9,9,N","004000,1,9,9","+0298,1","+0247,1","10050,1",,"0,1,02,1","5,1,02,1",,,"07,1,+01750,1,08,1","99,9,+99999,9,03,1","99,9,+99999,9,00,1","9,AGL   ,+99999,+99999","07,99,1,07,1,99,9,01750,1,99,9,99,9","240,M,+0306,1","9,9,999,9,+000,1",,"02,1","SYN07643058 22796 73208 10298 20247 40050 70205 87141 222// 20000 333 10306 58000=",
"43058099999","2023-09-05T03:00:00","4","18.6333333","72.8666666","7.0","ALIBAG, IN","FM-12","99999","V020","320,1,N,0015,1","22000,1,9,N","004000,1,9,9","+0286,1","+0252,1","10075,1","24,0010,3,1","6,1,02,1","5,1,02,1",,,"01,1,+01250,1,08,1",,,"9,AGL   ,+99999,+99999","01,99,1,01,1,99,9,01250,1,99,9,99,9","240,N,+0222,1","9,9,999,9,-002,1",,"20,1","SYN09843058 22696 13203 10286 20252 40075 72065 812// 222// 20000 333 20222 59002 6001/ 555 00010 12107=",
"43058099999","2023-09-05T12:00:00","4","18.6333333","72.8666666","7.0","ALIBAG, IN","FM-12","99999","V020","320,1,N,0031,1","99999,9,9,N","004000,1,9,9","+0300,1","+0243,1","10033,1",,,,,,"07,1,+01750,1,08,1","99,9,+99999,9,03,1",,"9,AGL   ,+99999,+99999","07,99,1,07,1,99,9,01750,1,99,9,99,9","240,M,+0308,1","9,9,999,9,-011,1",,,"SYN07043058 22796 73206 10300 20243 40033 8714/ 222// 20000 333 10308 59011=",
"43058099999","2023-09-06T03:00:00","4","18.6333333","72.8666666","7.0","ALIBAG, IN","FM-12","99999","V020","140,1,N,0010,1","99999,9,9,N","004000,1,9,9","+0262,1","+0248,1","10073,1","24,0040,3,1","6,1,02,1","6,1,02,1",,,"05,1,+01250,1,08,1","99,9,+99999,9,03,1",,"9,AGL   ,+99999,+99999","08,99,1,05,1,99,9,01250,1,99,9,99,9","240,N,+0229,1","9,9,999,9,-002,1",,"21,1","SYN09843058 22696 81402 10262 20248 40073 72166 8584/ 222// 20000 333 20229 59002 6004/ 555 00036 12110=",
"43058099999","2023-09-06T12:00:00","4","18.6333333","72.8666666","7.0","ALIBAG, IN","FM-12","99999","V020","320,1,N,0051,1","99999,9,9,N","010000,1,9,9","+0302,1","+0248,1","10048,1","09,0280,3,1",,,,,"02,1,+01750,1,08,1","99,9,+99999,9,03,1",,"9,AGL   ,+99999,+99999","05,99,1,02,1,99,9,01750,1,99,9,99,9","240,M,+0308,1","9,9,999,9,+009,1",,,"SYN07643058 22797 53210 10302 20248 40048 8284/ 222// 20000 333 10308 58009 6028/=",
"43058099999","2023-09-07T03:00:00","4","18.6333333","72.8666666","7.0","ALIBAG, IN","FM-12","99999","V020","050,1,N,0021,1","99999,9,9,N","004000,1,9,9","+0268,1","+0248,1","10068,1","24,0300,3,1","6,1,02,1","6,1,02,1",,,"03,1,+01250,1,08,1","99,9,+99999,9,03,1",,"9,AGL   ,+99999,+99999","08,99,1,03,1,99,9,01250,1,99,9,99,9","240,N,+0237,1","9,9,999,9,-005,1",,"21,1","SYN09843058 22696 80504 10268 20248 40068 72166 8324/ 222// 20000 333 20237 59005 6030/ 555 00300 12140=",
"43058099999","2023-09-07T12:00:00","4","18.6333333","72.8666666","7.0","ALIBAG, IN","FM-12","99999","V020","050,1,N,0015,1","99999,9,9,N","004000,1,9,9","+0254,1","+0239,1","10052,1","09,0090,3,1","6,1,02,1","6,1,02,1",,,"02,1,+01250,1,08,1","99,9,+99999,9,03,1",,"9,AGL   ,+99999,+99999","08,99,1,02,1,99,9,01250,1,99,9,99,9","240,M,+0277,1","9,9,999,9,+004,1",,"21,1","SYN08243058 22696 80503 10254 20239 40052 72166 8224/ 222// 20000 333 10277 58004 6009/=",
"43058099999","2023-09-08T03:00:00","4","18.6333333","72.8666666","7.0","ALIBAG, IN","FM-12","99999","V020","320,1,N,0031,1","99999,9,9,N","004000,1,9,9","+0274,1","+0257,1","10070,1","24,0130,3,1","6,1,02,1","6,1,02,1",,,"02,1,+01250,1,08,1","99,9,+99999,9,03,1",,"9,AGL   ,+99999,+99999","08,99,1,02,1,99,9,01250,1,99,9,99,9","240,N,+0216,1","9,9,999,9,+002,1",,"21,1","SYN08243058 22696 83206 10274 20257 40070 72166 8224/ 222// 20000 333 20216 58002 6013/=",
"43058099999","2023-09-08T12:00:00","4","18.6333333","72.8666666","7.0","ALIBAG, IN","FM-12","99999","V020","320,1,N,0082,1","99999,9,9,N","002000,1,9,9","+0256,1","+0247,1","10059,1","09,0520,3,1","6,1,02,1","6,1,02,1",,,"08,1,+01250,1,08,1",,,"9,AGL   ,+99999,+99999","08,99,1,08,1,99,9,01250,1,99,9,99,9","240,M,+0282,1","9,9,999,9,+007,1",,"21,1","SYN08243058 21695 83216 10256 20247 40059 72166 882// 222// 20000 333 10282 58007 6052/=",
"43058099999","2023-09-11T12:00:00","4","18.6333333","72.8666666","7.0","ALIBAG, IN","FM-12","99999","V020","320,1,N,0067,1","22000,1,9,N","004000,1,9,9","+0302,1","+0257,1","10056,1","09,0010,3,1","6,1,02,1","5,1,02,1",,,"02,1,+01250,1,08,1",,,"9,AGL   ,+99999,+99999","02,99,1,02,1,99,9,01250,1,99,9,99,9",,"9,9,999,9,+000,1",,"20,1","SYN08243058 22696 23213 10302 20257 40056 72065 822// 222// 20000 333 10314 59000 6001/=",
"43058099999","2023-09-12T03:00:00","4","18.6333333","72.8666666","7.0","ALIBAG, IN","FM-12","99999","V020","140,1,N,0015,1","22000,1,9,N","010000,1,9,9","+0300,1","+0252,1","10082,1","24,0010,3,1","0,1,02,1","2,1,02,1",,,"02,1,+01250,1,08,1",,,"9,AGL   ,+99999,+99999","02,99,1,02,1,99,9,01250,1,99,9,99,9","240,N,+0234,1","9,9,999,9,+009,1",,"02,1","SYN08243058 22697 21403 10300 20252 40082 70202 82200 222// 20000 333 20234 58009 6001/=",
"43058099999","2023-09-12T12:00:00","4","18.6333333","72.8666666","7.0","ALIBAG, IN","FM-12","99999","V020","320,1,N,0026,1","99999,9,9,N","004000,1,9,9","+0312,1","+0256,1","10067,1",,,,,,"07,1,+01250,1,08,1",,,"9,AGL   ,+99999,+99999","07,99,1,07,1,99,9,01250,1,99,9,99,9","240,M,+0333,1","9,9,999,9,+019,1",,,"SYN07043058 32696 73205 10312 20256 40067 872// 222// 20000 333 10333 58019=",
"43058099999","2023-09-13T03:00:00","4","18.6333333","72.8666666","7.0","ALIBAG, IN","FM-12","99999","V020","230,1,N,0021,1","22000,1,9,N","010000,1,9,9","+0236,1","+9999,9","10080,1","24,0010,3,1","0,1,02,1","2,1,02,1",,,"03,1,+01250,1,09,1",,,"9,AGL   ,+99999,+99999","03,99,1,03,1,99,9,01250,1,99,9,99,9","240,N,+0233,1","9,9,999,9,-002,1",,"02,1","SYN09843058 22697 32304 10236 20261 40080 70202 83300 222// 20000 333 20233 59002 6001/ 555 00018 12244=",
"43058099999","2023-09-13T12:00:00","4","18.6333333","72.8666666","7.0","ALIBAG, IN","FM-12","99999","V020","320,1,N,0026,1","99999,9,9,N","004000,1,9,9","+0296,1","+0251,1","10056,1","09,0020,3,1","6,1,02,1","5,1,02,1",,,"07,1,+01250,1,08,1",,,"9,AGL   ,+99999,+99999","07,99,1,07,1,99,9,01250,1,99,9,99,9","240,M,+0328,1","9,9,999,9,-011,1",,"20,1","SYN08243058 32696 73205 10296 20251 40056 72065 872// 222// 20000 333 10328 59011 6002/=",
"43058099999","2023-09-14T03:00:00","4","18.6333333","72.8666666","7.0","ALIBAG, IN","FM-12","99999","V020","140,1,N,0015,1","99999,9,9,N","004000,1,9,9","+0296,1","+0248,1","10079,1","24,0020,3,1","0,1,02,1","2,1,02,1",,,"05,1,+00800,1,03,1",,,"9,AGL   ,+99999,+99999","05,99,1,05,1,99,9,00800,1,99,9,99,9","240,N,+0225,1","9,9,999,9,-009,1",,"02,1","SYN09843058 22596 51403 10296 20248 40079 70202 85/4/ 222// 20000 333 20225 59009 6002/ 555 00023 12247=",
"43058099999","2023-09-14T12:00:00","4","18.6333333","72.8666666","7.0","ALIBAG, IN","FM-12","99999","V020","050,1,N,0015,1","99999,9,9,N","004000,1,9,9","+0286,1","+0258,1","10058,1","09,0060,3,1","6,1,02,1","5,1,02,1",,,"08,1,+01250,1,08,1",,,"9,AGL   ,+99999,+99999","08,99,1,08,1,99,9,01250,1,99,9,99,9",,"9,9,999,9,+002,1",,"20,1","SYN08243058 22696 80503 10286 20258 40058 72065 882// 222// 20000 333 10306 58002 6006/=",
"43058099999","2023-09-15T12:00:00","4","18.6333333","72.8666666","7.0","ALIBAG, IN","FM-12","99999","V020","230,1,N,0041,1","22000,1,9,N","004000,1,9,9","+0312,1","+0256,1","10056,1",,,,,,"02,1,+01250,1,08,1",,,"9,AGL   ,+99999,+99999","02,99,1,02,1,99,9,01250,1,99,9,99,9","240,M,+0336,1","9,9,999,9,-002,1",,,"SYN07043058 32696 22308 10312 20256 40056 821// 222// 20000 333 10336 59002=",
"43058099999","2023-09-18T12:00:00","4","18.6333333","72.8666666","7.0","ALIBAG, IN","FM-12","99999","V020","230,1,N,0077,1","99999,9,9,N","004000,1,9,9","+0300,1","+0264,1","10048,1","09,0060,3,1","6,1,02,1","6,1,02,1",,,"06,1,+01750,1,08,1",,,"9,AGL   ,+99999,+99999","06,99,1,06,1,99,9,01750,1,99,9,99,9","240,M,+0314,1","9,9,999,9,+000,1",,"21,1","SYN08243058 22796 62315 10300 20264 40048 72166 862// 222// 20000 333 10314 58000 6006/=",
"43058099999","2023-09-20T03:00:00","4","18.6333333","72.8666666","7.0","ALIBAG, IN","FM-12","99999","V020","230,1,N,0057,1","99999,9,9,N","004000,1,9,9","+0290,1","+0268,1","10078,1","24,0120,3,1","6,1,02,1","5,1,02,1",,,"07,1,+01250,1,08,1",,,"9,AGL   ,+99999,+99999","07,99,1,07,1,99,9,01250,1,99,9,99,9","240,N,+0228,1","9,9,999,9,+000,1",,"20,1","SYN09843058 22696 72311 10290 20268 40078 72065 872// 222// 20000 333 20228 59000 6012/ 555 00120 12290=",
"43058099999","2023-09-20T12:00:00","4","18.6333333","72.8666666","7.0","ALIBAG, IN","FM-12","99999","V020","230,1,N,0041,1","22000,1,9,N","004000,1,9,9","+0286,1","+0269,1","10057,1","09,0220,3,1","0,1,02,1","6,1,02,1",,,"02,1,+01250,1,08,1","99,9,+99999,9,04,1",,"9,AGL   ,+99999,+99999","03,99,1,02,1,99,9,01250,1,99,9,99,9","240,M,+0317,1","9,9,999,9,-002,1",,"02,1","SYN08243058 32696 32308 10286 20269 40057 70206 8211/ 222// 20000 333 10317 59002 6022/=",
"43058099999","2023-09-21T03:00:00","4","18.6333333","72.8666666","7.0","ALIBAG, IN","FM-12","99999","V020","140,1,N,0015,1","99999,9,9,N","004000,1,9,9","+0284,1","+0262,1","10088,1","24,0100,3,1","6,1,02,1","5,1,02,1",,,"07,1,+01250,1,08,1",,,"9,AGL   ,+99999,+99999","07,99,1,07,1,99,9,01250,1,99,9,99,9","240,N,+0234,1","9,9,999,9,+010,1",,"20,1","SYN09843058 22696 71403 10284 20262 40088 72065 871// 222// 20000 333 20234 58010 6010/ 555 00104 12300=",
"43058099999","2023-09-21T12:00:00","4","18.6333333","72.8666666","7.0","ALIBAG, IN","FM-12","99999","V020","320,1,N,0021,1","99999,9,9,N","004000,1,9,9","+0262,1","+0251,1","10069,1","09,0400,3,1","0,1,02,1","6,1,02,1",,,"07,1,+01250,1,08,1",,,"9,AGL   ,+99999,+99999","07,99,1,07,1,99,9,01250,1,99,9,99,9","240,M,+0328,1","9,9,999,9,+004,1",,"21,1","SYN08243058 21696 73204 10262 20251 40069 72106 871// 222// 20000 333 10328 58004 6040/=",
"43058099999","2023-09-22T03:00:00","4","18.6333333","72.8666666","7.0","ALIBAG, IN","FM-12","99999","V020","140,1,N,0015,1","99999,9,9,N","010000,1,9,9","+0243,1","+9999,9","10089,1","24,0880,3,1","0,1,02,1","3,1,02,1",,,"07,1,+01250,1,08,1",,,"9,AGL   ,+99999,+99999","07,99,1,07,1,99,9,01250,1,99,9,99,9","240,N,+0218,1","9,9,999,9,+001,1",,"02,1","SYN07643058 22697 71403 10243 40089 70203 871// 222// 20000 333 20218 58001 6088/=",
"43058099999","2023-09-22T12:00:00","4","18.6333333","72.8666666","7.0","ALIBAG, IN","FM-12","99999","V020","050,1,N,0015,1","99999,9,9,N","004000,1,9,9","+0268,1","+0251,1","10061,1","09,0070,3,1","6,1,02,1","5,1,02,1",,,"08,1,+01250,1,07,1",,,"9,AGL   ,+99999,+99999","08,99,1,08,1,99,9,01250,1,99,9,99,9","240,M,+0293,1","9,9,999,9,-008,1",,"20,1","SYN08243058 22696 80503 10268 20251 40061 72065 887// 222// 20000 333 10293 59008 6007/=",
"43058099999","2023-09-25T03:00:00","4","18.6333333","72.8666666","7.0","ALIBAG, IN","FM-12","99999","V020","140,1,N,0021,1","99999,9,9,N","010000,1,9,9","+0288,1","+0251,1","10092,1","24,0010,3,1","6,1,02,1","5,1,02,1",,,"03,1,+01250,1,08,1","99,9,+99999,9,03,1",,"9,AGL   ,+99999,+99999","08,99,1,03,1,99,9,01250,1,99,9,99,9","240,N,+0223,1","9,9,999,9,+000,1",,"20,1","SYN09843058 22697 81404 10288 20251 40092 72065 8314/ 222// 20000 333 20223 58000 6001/ 555 00004 12419=",
"43058099999","2023-09-25T12:00:00","4","18.6333333","72.8666666","7.0","ALIBAG, IN","FM-12","99999","V020","320,1,N,0031,1","22000,1,9,N","004000,1,9,9","+0290,1","+0253,1","10059,1",,"6,1,02,1","5,1,02,1",,,"03,1,+01750,1,08,1","99,9,+99999,9,03,1","99,9,+99999,9,00,1","9,AGL   ,+99999,+99999","03,99,1,03,1,99,9,01750,1,99,9,99,9","240,M,+0309,1","9,9,999,9,+000,1",,"20,1","SYN07643058 32796 33206 10290 20253 40059 72065 83131 222// 20000 333 10309 58000=",
"43058099999","2023-09-26T03:00:00","4","18.6333333","72.8666666","7.0","ALIBAG, IN","FM-12","99999","V020","230,1,N,0015,1","99999,9,9,N","004000,1,9,9","+0294,1","+0266,1","10090,1","24,0090,3,1","6,1,02,1","5,1,02,1",,,"06,1,+01250,1,08,1",,,"9,AGL   ,+99999,+99999","06,99,1,06,1,99,9,01250,1,99,9,99,9","240,N,+0227,1","9,9,999,9,-002,1",,"20,1","SYN09843058 22696 62303 10294 20266 40090 72065 862// 222// 20000 333 20227 59002 6009/ 555 00094 12428=",
"43058099999","2023-09-26T06:00:00","4","18.6333333","72.8666666","7.0","ALIBAG, IN","FM-12","99999","V020","230,1,N,0015,1","99999,9,9,N","004000,1,9,9","+0294,1","+0266,1","10090,1","03,0090,3,1","6,1,02,1","5,1,02,1",,,"06,1,+01250,1,08,1",,,"9,AGL   ,+99999,+99999","06,99,1,06,1,99,9,01250,1,99,9,99,9","240,N,+0227,1","9,9,999,9,-002,1",,"20,1","SYN09843058 22696 62303 10294 20266 40090 72065 862// 222// 20000 333 20227 59002 6009/ 555 00094 12428=",
"43058099999","2023-09-26T12:00:00","4","18.6333333","72.8666666","7.0","ALIBAG, IN","FM-12","99999","V020","320,1,N,0041,1","99999,9,9,N","010000,1,9,9","+0302,1","+0260,1","10061,1",,,,,,"06,1,+01750,1,03,1",,,"9,AGL   ,+99999,+99999","06,99,1,06,1,99,9,01750,1,99,9,99,9","240,M,+0316,1","9,9,999,9,+002,1",,,"SYN07043058 32797 63208 10302 20260 40061 86/3/ 222// 20000 333 10316 58002=",
"43058099999","2023-09-27T03:00:00","4","18.6333333","72.8666666","7.0","ALIBAG, IN","FM-12","99999","V020","230,1,N,0010,1","99999,9,9,N","004000,1,9,9","+0270,1","+0247,1","10080,1","24,0480,3,1","6,1,02,1","5,1,02,1",,,"08,1,+01750,1,03,1",,,"9,AGL   ,+99999,+99999","08,99,1,08,1,99,9,01750,1,99,9,99,9","240,N,+0219,1","9,9,999,9,-010,1",,"20,1","SYN09843058 22796 82302 10270 20247 40080 72065 88/4/ 222// 20000 333 20219 59010 6048/ 555 00476 12476=",
"43058099999","2023-09-27T12:00:00","4","18.6333333","72.8666666","7.0","ALIBAG, IN","FM-12","99999","V020","230,1,N,0010,1","99999,9,9,N","004000,1,9,9","+0282,1","+0245,1","10050,1","09,0050,3,1","6,1,02,1","5,1,02,1",,,"02,1,+01250,1,08,1","99,9,+99999,9,03,1",,"9,AGL   ,+99999,+99999","08,99,1,02,1,99,9,01250,1,99,9,99,9","240,M,+0295,1",,,"20,1","SYN07643058 22696 82302 10282 20245 40050 72065 8214/ 222// 20000 333 10295 6005/=",
"43058099999","2023-09-29T03:00:00","4","18.6333333","72.8666666","7.0","ALIBAG, IN","FM-12","99999","V020","140,1,N,0010,1","22000,1,9,N","004000,1,9,9","+0300,1","+0252,1","10065,1","24,0060,3,1","6,1,02,1","5,1,02,1",,,"04,1,+01750,1,03,1",,,"9,AGL   ,+99999,+99999","04,99,1,04,1,99,9,01750,1,99,9,99,9","240,N,+0229,1","9,9,999,9,+000,1",,"20,1","SYN09843058 22796 41402 10300 20252 40065 72065 84/3/ 222// 20000 333 20229 58000 6006/ 555 00060 12487=",
"43058099999","2023-09-29T12:00:00","4","18.6333333","72.8666666","7.0","ALIBAG, IN","FM-12","99999","V020","320,1,N,0031,1","99999,9,9,N","004000,1,9,9","+0272,1","+0246,1","10030,1","09,0380,3,1","6,1,02,1","5,1,02,1",,,"06,1,+01750,1,03,1",,,"9,AGL   ,+99999,+99999","06,99,1,06,1,99,9,01750,1,99,9,99,9","240,M,+0336,1","9,9,999,9,+000,1",,"20,1","SYN08243058 22796 63206 10272 20246 40030 72065 86/4/ 222// 20000 333 10336 58000 6038/=",
"43058099999","2023-10-03T03:00:00","4","18.6333333","72.8666666","7.0","ALIBAG, IN","FM-12","99999","V020","140,1,N,0015,1","22000,1,9,N","004000,1,9,9","+0284,1","+0250,1","10122,1",,,,,,"03,1,+01750,1,03,1",,,"9,AGL   ,+99999,+99999","03,99,1,03,1,99,9,01750,1,99,9,99,9","240,N,+0225,1","9,9,999,9,+000,1",,,"SYN08043058 32796 31403 10284 20250 40122 83/4/ 222// 20000 333 20225 58000 555 10059=",
"43058099999","2023-10-03T12:00:00","4","18.6333333","72.8666666","7.0","ALIBAG, IN","FM-12","99999","V020","320,1,N,0031,1","22000,1,9,N","004000,1,9,9","+0290,1","+0238,1","10078,1",,,,,,"04,1,+01750,1,03,1",,,"9,AGL   ,+99999,+99999","04,99,1,04,1,99,9,01750,1,99,9,99,9","240,M,+0311,1","9,9,999,9,+000,1",,,"SYN07043058 32796 43206 10290 20238 40078 84/4/ 222// 20000 333 10311 58000=",
"43058099999","2023-10-04T03:00:00","4","18.6333333","72.8666666","7.0","ALIBAG, IN","FM-12","99999","V020","320,1,N,0026,1","22000,1,9,N","004000,1,9,9","+0288,1","+0245,1","10121,1",,,,,,"03,1,+01250,1,08,1",,,"9,AGL   ,+99999,+99999","03,99,1,03,1,99,9,01250,1,99,9,99,9","240,N,+0233,1","9,9,999,9,-001,1",,,"SYN08043058 32696 33205 10288 20245 40121 832// 222// 20000 333 20233 59001 555 10059=",
"43058099999","2023-10-04T12:00:00","4","18.6333333","72.8666666","7.0","ALIBAG, IN","FM-12","99999","V020","320,1,N,0046,1","22000,1,9,N","004000,1,9,9","+0296,1","+0254,1","10090,1",,,,,,"04,1,+01250,1,07,1",,,"9,AGL   ,+99999,+99999","04,99,1,04,1,99,9,01250,1,99,9,99,9",,"9,9,999,9,+012,1",,,"SYN07043058 32696 43209 10296 20254 40090 847// 222// 20000 333 10308 58012=",
"43058099999","2023-10-05T03:00:00","4","18.6333333","72.8666666","7.0","ALIBAG, IN","FM-12","99999","V020","320,1,N,0015,1","99999,9,9,N","004000,1,9,9","+0292,1","+0249,1","10129,1",,,,,,"06,1,+01750,1,04,1",,,"9,AGL   ,+99999,+99999","06,99,1,06,1,99,9,01750,1,99,9,99,9","240,N,+0227,1","9,9,999,9,+008,1",,,"SYN08043058 32796 63203 10292 20249 40129 86/1/ 222// 20000 333 20227 58008 555 10059=",
"43058099999","2023-10-05T12:00:00","4","18.6333333","72.8666666","7.0","ALIBAG, IN","FM-12","99999","V020","320,1,N,0051,1","22000,1,9,N","004000,1,9,9","+0300,1","+0249,1","10082,1",,,,,,"03,1,+01750,1,08,1","99,9,+99999,9,03,1","99,9,+99999,9,00,1","9,AGL   ,+99999,+99999","03,99,1,03,1,99,9,01750,1,99,9,99,9","240,M,+0309,1","9,9,999,9,-008,1",,,"SYN07043058 32796 33210 10300 20249 40082 83131 222// 20000 333 10309 59008=",
"43058099999","2023-10-06T03:00:00","4","18.6333333","72.8666666","7.0","ALIBAG, IN","FM-12","99999","V020","320,1,N,0015,1","22000,1,9,N","004000,1,9,9","+0294,1","+0245,1","10121,1",,,,,,"04,1,+01250,1,08,1","99,9,+99999,9,04,1","99,9,+99999,9,00,1","9,AGL   ,+99999,+99999","04,99,1,04,1,99,9,01250,1,99,9,99,9","240,N,+0229,1","9,9,999,9,-008,1",,,"SYN08043058 32696 43203 10294 20245 40121 84811 22211 20000 333 20229 59008 555 10059=",
"43058099999","2023-10-06T12:00:00","4","18.6333333","72.8666666","7.0","ALIBAG, IN","FM-12","99999","V020","320,1,N,0031,1","22000,1,9,N","004000,1,9,9","+0302,1","+0239,1","10078,1",,,,,,"03,1,+01250,1,08,1",,,"9,AGL   ,+99999,+99999","03,99,1,03,1,99,9,01250,1,99,9,99,9",,"9,9,999,9,-004,1",,,"SYN07043058 32696 33206 10302 20239 40078 838// 222// 20000 333 10311 59004=",
"43058099999","2023-10-09T03:00:00","4","18.6333333","72.8666666","7.0","ALIBAG, IN","FM-12","99999","V020","050,1,N,0015,1","22000,1,9,N","006000,1,9,9","+0310,1","+0268,1","10128,1",,,,,,"03,1,+01750,1,03,1",,,"9,AGL   ,+99999,+99999","03,99,1,03,1,99,9,01750,1,99,9,99,9","240,N,+0237,1","9,9,999,9,+000,1",,,"SYN08043058 32756 30503 10310 20268 40128 83/3/ 222// 20000 333 20237 58000 555 10059=",
"43058099999","2023-10-09T12:00:00","4","18.6333333","72.8666666","7.0","ALIBAG, IN","FM-12","99999","V020","230,1,N,0026,1","22000,1,9,N","004000,1,9,9","+0308,1","+0266,1","10096,1",,,,,,"04,1,+01750,1,03,1",,,"9,AGL   ,+99999,+99999","04,99,1,04,1,99,9,01750,1,99,9,99,9","240,M,+0345,1","9,9,999,9,+000,1",,,"SYN07043058 32796 42305 10308 20266 40096 84/3/ 222// 20000 333 10345 58000=",
"43058099999","2023-10-10T03:00:00","4","18.6333333","72.8666666","7.0","ALIBAG, IN","FM-12","99999","V020","050,1,N,0021,1","22000,1,9,N","004000,1,9,9","+0302,1","+0248,1","10137,1",,,,,,"02,1,+01750,1,03,1",,,"9,AGL   ,+99999,+99999","02,99,1,02,1,99,9,01750,1,99,9,99,9","240,N,+0233,1","9,9,999,9,+001,1",,,"SYN08043058 32796 20504 10302 20248 40137 82/4/ 222// 20000 333 20233 58001 555 10059=",
"43058099999","2023-10-10T12:00:00","4","18.6333333","72.8666666","7.0","ALIBAG, IN","FM-12","99999","V020","320,1,N,0046,1","22000,1,9,N","004000,1,9,9","+0306,1","+0267,1","10106,1",,,,,,"03,1,+01750,1,03,1",,,"9,AGL   ,+99999,+99999","03,99,1,03,1,99,9,01750,1,99,9,99,9","240,M,+0332,1","9,9,999,9,+010,1",,,"SYN07043058 32796 33209 10306 20267 40106 83/4/ 222// 20000 333 10332 58010=",
"43058099999","2023-10-11T03:00:00","4","18.6333333","72.8666666","7.0","ALIBAG, IN","FM-12","99999","V020","050,1,N,0026,1","22000,1,9,N","004000,1,9,9","+0304,1","+0241,1","10137,1",,,,,,"04,1,+01750,1,03,1",,,"9,AGL   ,+99999,+99999","04,99,1,04,1,99,9,01750,1,99,9,99,9","240,N,+0225,1","9,9,999,9,+000,1",,,"SYN08043058 32796 40505 10304 20241 40137 84/3/ 222// 20000 333 20225 58000 555 10059=",
"43058099999","2023-10-11T12:00:00","4","18.6333333","72.8666666","7.0","ALIBAG, IN","FM-12","99999","V020","320,1,N,0031,1","22000,1,9,N","004000,1,9,9","+0302,1","+0260,1","10097,1",,,,,,"03,1,+01750,1,03,1",,,"9,AGL   ,+99999,+99999","03,99,1,03,1,99,9,01750,1,99,9,99,9","240,M,+0316,1","9,9,999,9,-009,1",,,"SYN07043058 32796 33206 10302 20260 40097 83/3/ 222// 20000 333 10316 59009=",
"43058099999","2023-10-12T03:00:00","4","18.6333333","72.8666666","7.0","ALIBAG, IN","FM-12","99999","V020","050,1,N,0021,1","22000,1,9,N","004000,1,9,9","+0302,1","+0242,1","10120,1",,,,,,"04,1,+01750,1,03,1",,,"9,AGL   ,+99999,+99999","04,99,1,04,1,99,9,01750,1,99,9,99,9","240,N,+0218,1","9,9,999,9,+017,1",,,"SYN08043058 32796 40504 10302 20242 40120 84/3/ 222// 20000 333 20218 58017 555 10059=",
"43058099999","2023-10-12T12:00:00","4","18.6333333","72.8666666","7.0","ALIBAG, IN","FM-12","99999","V020","320,1,N,0026,1","22000,1,9,N","004000,1,9,9","+0304,1","+0259,1","10131,1",,,,,,"03,1,+01750,1,03,1",,,"9,AGL   ,+99999,+99999","03,99,1,03,1,99,9,01750,1,99,9,99,9","240,M,+0314,1","9,9,999,9,+034,1",,,"SYN07043058 32796 33205 10304 20259 40131 83/3/ 222// 20000 333 10314 58034=",
"43058099999","2023-10-13T03:00:00","4","18.6333333","72.8666666","7.0","ALIBAG, IN","FM-12","99999","V020","320,1,N,0021,1","22000,1,9,N","004000,1,9,9","+0294,1","+0275,1","10138,1",,,,,,"03,1,+01750,1,08,1","99,9,+99999,9,03,1","99,9,+99999,9,00,1","9,AGL   ,+99999,+99999","03,99,1,03,1,99,9,01750,1,99,9,99,9","240,N,+0240,1","9,9,999,9,+018,1",,,"SYN08043058 32796 33204 10294 20275 40138 83141 222// 20000 333 20240 58018 555 10059=",
"43058099999","2023-10-13T12:00:00","4","18.6333333","72.8666666","7.0","ALIBAG, IN","FM-12","99999","V020","320,1,N,0026,1","22000,1,9,N","004000,1,9,9","+0304,1","+9999,9","10101,1",,,,,,"04,1,+01750,1,08,1","99,9,+99999,9,03,1","99,9,+99999,9,00,1","9,AGL   ,+99999,+99999","04,99,1,04,1,99,9,01750,1,99,9,99,9","240,M,+0325,1","9,9,999,9,-030,1",,,"SYN07043058 32796 43205 10304 20/// 40101 84131 222// 20000 333 10325 59030=",
"43058099999","2023-10-16T03:00:00","4","18.6333333","72.8666666","7.0","ALIBAG, IN","FM-12","99999","V020","050,1,N,0021,1","99999,9,9,N","004000,1,9,9","+0308,1","+0254,1","10116,1",,,,,,,,,,,"240,N,+0234,1","9,9,999,9,+000,1",,,"SYN07443058 32896 00504 10308 20254 40116 222// 20000 333 20234 59000 555 10059=",
"43058099999","2023-10-16T12:00:00","4","18.6333333","72.8666666","7.0","ALIBAG, IN","FM-12","99999","V020","320,1,N,0031,1","22000,1,9,N","004000,1,9,9","+0306,1","+0273,1","10081,1",,,,,,"04,1,+02250,1,03,1",,,"9,AGL   ,+99999,+99999","04,99,1,04,1,99,9,02250,1,99,9,99,9","240,M,+0339,1",,,,"SYN07043058 32896 43206 10306 20273 40081 84/3/ 222// 20000 333 10339 5////=",
"43058099999","2023-10-17T03:00:00","4","18.6333333","72.8666666","7.0","ALIBAG, IN","FM-12","99999","V020","140,1,N,0021,1","99999,9,9,N","004000,1,9,9","+0302,1","+0257,1","10136,1",,,,,,,,,,,"240,N,+0232,1","9,9,999,9,+020,1",,,"SYN07443058 32996 01404 10302 20257 40136 222// 20000 333 20232 58020 555 10059=",
"43058099999","2023-10-17T12:00:00","4","18.6333333","72.8666666","7.0","ALIBAG, IN","FM-12","99999","V020","230,1,N,0026,1","22000,1,9,N","004000,1,9,9","+0314,1","+0276,1","10103,1",,,,,,"04,1,+02250,1,03,1",,,"9,AGL   ,+99999,+99999","04,99,1,04,1,99,9,02250,1,99,9,99,9","240,M,+0336,1","9,9,999,9,+014,1",,,"SYN07043058 32896 42305 10314 20276 40103 84/3/ 222// 20000 333 10336 58014=",
"43058099999","2023-10-18T03:00:00","4","18.6333333","72.8666666","7.0","ALIBAG, IN","FM-12","99999","V020","050,1,N,0015,1","99999,9,9,N","004000,1,9,9","+0312,1","+0265,1","10138,1",,,,,,,,,,,"240,N,+0227,1","9,9,999,9,+002,1",,,"SYN07443058 32996 00503 10312 20265 40138 222// 20000 333 20227 58002 555 10059=",
"43058099999","2023-10-18T12:00:00","4","18.6333333","72.8666666","7.0","ALIBAG, IN","FM-12","99999","V020","320,1,N,0015,1","99999,9,9,N","020000,1,9,9","+0314,1","+0261,1","10097,1",,,,,,"03,1,+99999,9,03,1",,,"9,AGL   ,+99999,+99999","99,99,9,03,1,99,9,99999,9,99,9,99,9","240,M,+0339,1","9,9,999,9,-006,1",,,"SYN07043058 32998 03203 10314 20261 40097 83/3/ 222// 20000 333 10339 59006=",
"43058099999","2023-10-19T03:00:00","4","18.6333333","72.8666666","7.0","ALIBAG, IN","FM-12","99999","V020","050,1,N,0015,1","99999,9,9,N","004000,1,9,9","+0314,1","+0236,1","10136,1",,,,,,,,,,,"240,N,+0227,1","9,9,999,9,+000,1",,,"SYN07443058 32996 00503 10314 20236 40136 22211 20000 333 20227 58000 555 10059=",
"43058099999","2023-10-19T12:00:00","4","18.6333333","72.8666666","7.0","ALIBAG, IN","FM-12","99999","V020","320,1,N,0021,1","99999,9,9,N","004000,1,9,9","+0316,1","+0239,1","10098,1",,,,,,,,,,,,"9,9,999,9,+001,1",,,"SYN06443058 32996 03204 10316 20239 40098 222// 20000 333 10331 58001=",
"43058099999","2023-10-20T03:00:00","4","18.6333333","72.8666666","7.0","ALIBAG, IN","FM-12","99999","V020","230,1,N,0015,1","99999,9,9,N","004000,1,9,9","+0306,1","+0252,1","10131,1",,,,,,,,,,,"240,N,+0224,1","9,9,999,9,-005,1",,,"SYN07443058 32996 02303 10306 20252 40131 222// 20000 333 20224 59005 555 10059=",
"43058099999","2023-10-20T12:00:00","4","18.6333333","72.8666666","7.0","ALIBAG, IN","FM-12","99999","V020","320,1,N,0021,1","99999,9,9,N","004000,1,9,9","+0318,1","+0256,1","10096,1",,,,,,,,,,,"240,M,+0346,1","9,9,999,9,-002,1",,,"SYN06443058 32996 03204 10318 20256 40096 222// 20000 333 10346 59002=",
"43058099999","2023-10-23T03:00:00","4","18.6333333","72.8666666","7.0","ALIBAG, IN","FM-12","99999","V020","230,1,N,0015,1","99999,9,9,N","004000,1,9,9","+0304,1","+0244,1","10137,1","24,0000,9,1","0,1,02,1","5,1,02,1",,,,,,,"99,99,9,00,1,99,9,99999,9,99,9,99,9","240,N,+0226,1",,,"02,1","SYN09843058 32096 02303 10304 20244 40137 70205 80000 222// 20000 333 20226 5//// 6000/ 555 00000 10059=",
"43058099999","2023-10-25T03:00:00","4","18.6333333","72.8666666","7.0","ALIBAG, IN","FM-12","99999","V020","050,1,N,0015,1","99999,9,9,N","004000,1,9,9","+0302,1","+0245,1","10148,1",,,,,,,,,,,"240,N,+0220,1","9,9,999,9,+000,1",,,"SYN06443058 32996 00503 10302 20245 40148 222// 20000 333 20220 59000=",
"43058099999","2023-10-25T12:00:00","4","18.6333333","72.8666666","7.0","ALIBAG, IN","FM-12","99999","V020","320,1,N,0046,1","99999,9,9,N","004000,1,9,9","+0316,1","+0216,1","10108,1",,,,,,,,,,,"240,M,+0341,1","9,9,999,9,+000,1",,,"SYN06443058 32996 03209 10316 20216 40108 222// 20000 333 10341 59000=",
"43058099999","2023-10-26T03:00:00","4","18.6333333","72.8666666","7.0","ALIBAG, IN","FM-12","99999","V020","140,1,N,0010,1","99999,9,9,N","004000,1,9,9","+0302,1","+0219,1","10147,1",,,,,,,,,,,"240,N,+0205,1","9,9,999,9,-001,1",,,"SYN07443058 32996 01402 10302 20219 40147 222// 20000 333 20205 59001 555 10059=",
"43058099999","2023-10-26T12:00:00","4","18.6333333","72.8666666","7.0","ALIBAG, IN","FM-12","99999","V020","320,1,N,0046,1","99999,9,9,N","004000,1,9,9","+0310,1","+0215,1","10110,1",,,,,,,,,,,"240,M,+0350,1","9,9,999,9,+000,1",,,"SYN06443058 32996 03209 10310 20215 40110 222// 20000 333 10350 58000=",
"43058099999","2023-10-27T03:00:00","4","18.6333333","72.8666666","7.0","ALIBAG, IN","FM-12","99999","V020","140,1,N,0015,1","99999,9,9,N","004000,1,9,9","+0300,1","+0203,1","10139,1",,,,,,,,,,,"240,N,+0197,1","9,9,999,9,-008,1",,,"SYN07443058 32996 01403 10300 20203 40139 222// 20000 333 20197 59008 555 10059=",
"43058099999","2023-10-27T12:00:00","4","18.6333333","72.8666666","7.0","ALIBAG, IN","FM-12","99999","V020","320,1,N,0026,1","99999,9,9,N","004000,1,9,9","+0308,1","+0220,1","10089,1",,,,,,,,,,,"240,M,+0351,1","9,9,999,9,-021,1",,,"SYN06443058 32996 03205 10308 20220 40089 222// 20000 333 10351 59021=",
"43058099999","2023-10-30T03:00:00","4","18.6333333","72.8666666","7.0","ALIBAG, IN","FM-12","99999","V020","140,1,N,0015,1","22000,1,9,N","004000,1,9,9","+0290,1","+0199,1","10128,1",,,,,,"02,1,+01750,1,03,1",,,"9,AGL   ,+99999,+99999","02,99,1,02,1,99,9,01750,1,99,9,99,9","240,N,+0202,1","9,9,999,9,+000,1",,,"SYN08043058 32796 21403 10290 20199 40128 82/3/ 222// 20000 333 20202 58000 555 10059=",
"43058099999","2023-10-30T12:00:00","4","18.6333333","72.8666666","7.0","ALIBAG, IN","FM-12","99999","V020","320,1,N,0015,1","99999,9,9,N","004000,1,9,9","+0314,1","+0217,1","10083,1",,,,,,,,,,,"240,M,+0348,1","9,9,999,9,+000,1",,,"SYN06443058 32996 03203 10314 20217 40083 222// 20000 333 10348 58000=",
"43058099999","2023-10-31T03:00:00","4","18.6333333","72.8666666","7.0","ALIBAG, IN","FM-12","99999","V020","140,1,N,0021,1","99999,9,9,N","004000,1,9,9","+0292,1","+0204,1","10130,1",,,,,,,,,,,"240,N,+0209,1","9,9,999,9,+002,1",,,"SYN07443058 32996 01404 10292 20204 40130 222// 20000 333 20209 58002 555 10059=",
"43058099999","2023-10-31T12:00:00","4","18.6333333","72.8666666","7.0","ALIBAG, IN","FM-12","99999","V020","320,1,N,0021,1","99999,9,9,N","004000,1,9,9","+0312,1","+0231,1","10096,1",,,,,,,,,,,"240,M,+0355,1","9,9,999,9,+007,1",,,"SYN06443058 32996 03204 10312 20231 40096 222// 20000 333 10355 58007=",
"43058099999","2023-11-01T03:00:00","4","18.6333333","72.8666666","7.0","ALIBAG, IN","FM-12","99999","V020","140,1,N,0015,1","99999,9,9,N","004000,1,9,9","+0286,1","+0208,1","10143,1",,,,,,,,,,,"240,N,+0203,1","9,9,999,9,+013,1",,,"SYN07443058 32996 01403 10286 20208 40143 222// 20000 333 20203 58013 555 10059=",
"43058099999","2023-11-01T12:00:00","4","18.6333333","72.8666666","7.0","ALIBAG, IN","FM-12","99999","V020","320,1,N,0021,1","99999,9,9,N","004000,1,9,9","+0310,1","+0232,1","10106,1",,,,,,,,,,,"240,M,+0332,1","9,9,999,9,+010,1",,,"SYN06443058 32996 03204 10310 20232 40106 222// 20000 333 10332 58010=",
"43058099999","2023-11-02T03:00:00","4","18.6333333","72.8666666","7.0","ALIBAG, IN","FM-12","99999","V020","320,1,N,0021,1","99999,9,9,N","004000,1,9,9","+0284,1","+0192,1","10135,1",,,,,,,,,,,"240,N,+0193,1","9,9,999,9,+010,1",,,"SYN06443058 32996 03204 10284 20192 40135 222// 20000 333 20193 58010=",
"43058099999","2023-11-02T12:00:00","4","18.6333333","72.8666666","7.0","ALIBAG, IN","FM-12","99999","V020","320,1,N,0021,1","99999,9,9,N","004000,1,9,9","+0312,1","+0224,1","10098,1",,,,,,,,,,,"240,M,+0349,1","9,9,999,9,-008,1",,,"SYN06443058 32996 03204 10312 20224 40098 222// 20000 333 10349 59008=",
"43058099999","2023-11-03T03:00:00","4","18.6333333","72.8666666","7.0","ALIBAG, IN","FM-12","99999","V020","230,1,N,0021,1","99999,9,9,N","004000,1,9,9","+0282,1","+0196,1","10115,1",,,,,,,,,,,"240,N,+0199,1","9,9,999,9,+001,1",,,"SYN07443058 32996 02304 10282 20196 40115 222// 20000 333 20199 58001 555 10059=",
"43058099999","2023-11-03T12:00:00","4","18.6333333","72.8666666","7.0","ALIBAG, IN","FM-12","99999","V020","320,1,N,0021,1","99999,9,9,N","004000,1,9,9","+0312,1","+0247,1","10077,1",,,,,,,,,,,"240,M,+0354,1","9,9,999,9,-021,1",,,"SYN06443058 32996 03204 10312 20247 40077 222// 20000 333 10354 59021=",
"43058099999","2023-11-06T03:00:00","4","18.6333333","72.8666666","7.0","ALIBAG, IN","FM-12","99999","V020","050,1,N,0010,1","99999,9,9,N","004000,1,9,9","+0264,1","+0213,1","10138,1",,,,,,,,,,,"240,N,+0209,1","9,9,999,9,+000,1",,,"SYN07443058 32996 00502 10264 20213 40138 222// 20000 333 20209 58000 555 10059=",
"43058099999","2023-11-06T06:00:00","4","18.6333333","72.8666666","7.0","ALIBAG, IN","FM-12","99999","V020","050,1,N,0010,1","99999,9,9,N","004000,1,9,9","+0264,1","+0213,1","10138,1",,,,,,,,,,,"240,N,+0209,1","9,9,999,9,+000,1",,,"SYN07443058 32996 00502 10264 20213 40138 222// 20000 333 20209 58000 555 10059=",
"43058099999","2023-11-06T12:00:00","4","18.6333333","72.8666666","7.0","ALIBAG, IN","FM-12","99999","V020","320,1,N,0010,1","99999,9,9,N","004000,1,9,9","+0300,1","+0224,1","10067,1",,,,,,,,,,,"240,M,+0335,1","9,9,999,9,+000,1",,,"SYN06443058 32996 03202 10300 20224 40067 222// 20000 333 10335 58000=",
"43058099999","2023-11-07T03:00:00","4","18.6333333","72.8666666","7.0","ALIBAG, IN","FM-12","99999","V020","050,1,N,0015,1","99999,9,9,N","004000,1,9,9","+0278,1","+0192,1","10135,1",,,,,,,,,,,"240,N,+0192,1","9,9,999,9,-003,1",,,"SYN07443058 32996 00503 10278 20192 40135 222// 20000 333 20192 59003 555 10059=",
"43058099999","2023-11-07T12:00:00","4","18.6333333","72.8666666","7.0","ALIBAG, IN","FM-12","99999","V020","320,1,N,0021,1","99999,9,9,N","004000,1,9,9","+0312,1","+0221,1","10099,1",,,,,,,,,,,"240,M,+0346,1","9,9,999,9,+032,1",,,"SYN06443058 32996 03204 10312 20221 40099 222// 20000 333 10346 58032=",
"43058099999","2023-11-08T03:00:00","4","18.6333333","72.8666666","7.0","ALIBAG, IN","FM-12","99999","V020","140,1,N,0010,1","99999,9,9,N","004000,1,9,9","+0284,1","+0231,1","10132,1",,,,,,"08,1,+01750,1,03,1",,,"9,AGL   ,+99999,+99999","08,99,1,08,1,99,9,01750,1,99,9,99,9","240,N,+0223,1","9,9,999,9,-003,1",,,"SYN08043058 32796 81402 10284 20231 40132 88/4/ 222// 20000 333 20223 59003 555 10059=",
"43058099999","2023-11-08T12:00:00","4","18.6333333","72.8666666","7.0","ALIBAG, IN","FM-12","99999","V020","140,1,N,0041,1","99999,9,9,N","004000,1,9,9","+0272,1","+0218,1","10119,1","09,0010,3,1","6,1,02,1","2,1,02,1",,,"03,1,+01250,1,07,1","99,9,+99999,9,03,1",,"9,AGL   ,+99999,+99999","08,99,1,03,1,99,9,01250,1,99,9,99,9","240,M,+0330,1","9,9,999,9,+020,1",,"02,1","SYN08243058 21696 81408 10272 20218 40119 70262 8374/ 222// 20000 333 10330 58020 6001/=",
"43058099999","2023-11-09T03:00:00","4","18.6333333","72.8666666","7.0","ALIBAG, IN","FM-12","99999","V020","230,1,N,0010,1","99999,9,9,N","004000,1,9,9","+0284,1","+0250,1","10145,1","24,0020,3,1",,,,,,,,,,"240,N,+0211,1","9,9,999,9,+013,1",,,"SYN08643058 22996 02302 10284 20250 40145 222// 20000 333 20211 58013 6002/ 555 00021 10061=",
"43058099999","2023-11-09T12:00:00","4","18.6333333","72.8666666","7.0","ALIBAG, IN","FM-12","99999","V020","320,1,N,0031,1","99999,9,9,N","004000,1,9,9","+0308,1","+0245,1","10097,1",,,,,,,,,,,,"9,9,999,9,-022,1",,,"SYN06443058 32996 03206 10308 20245 40097 222// 20000 333 10342 59022=",
"43058099999","2023-11-10T03:00:00","4","18.6333333","72.8666666","7.0","ALIBAG, IN","FM-12","99999","V020","140,1,N,0015,1","99999,9,9,N","004000,1,9,9","+0286,1","+0237,1","10140,1","24,0000,9,1",,,,,,,,,,"240,N,+0215,1","9,9,999,9,+012,1",,,"SYN08643058 22996 01403 10286 20237 40140 222// 20000 333 20215 58012 6000/ 555 00000 10061=",
"43058099999","2023-11-10T12:00:00","4","18.6333333","72.8666666","7.0","ALIBAG, IN","FM-12","99999","V020","050,1,N,0010,1","99999,9,9,N","004000,1,9,9","+0310,1","+0238,1","10118,1",,,,,,,,,,,"240,M,+0343,1","9,9,999,9,+021,1",,,"SYN06443058 32996 00502 10310 20238 40118 222// 20000 333 10343 58021=",
"43058099999","2023-11-13T03:00:00","4","18.6333333","72.8666666","7.0","ALIBAG, IN","FM-12","99999","V020","140,1,N,0010,1","99999,9,9,N","004000,1,9,9","+0284,1","+0199,1","10143,1",,,,,,,,,,,"240,N,+0210,1","9,9,999,9,+000,1",,,"SYN07443058 32996 01402 10284 20199 40143 222// 20000 333 20210 59000 555 10061=",
"43058099999","2023-11-13T12:00:00","4","18.6333333","72.8666666","7.0","ALIBAG, IN","FM-12","99999","V020","320,1,N,0010,1","99999,9,9,N","004000,1,9,9","+0310,1","+0244,1","10116,1",,,,,,,,,,,"240,M,+0358,1","9,9,999,9,+000,1",,,"SYN06443058 32996 03202 10310 20244 40116 222// 20000 333 10358 58000=",
"43058099999","2023-11-14T03:00:00","4","18.6333333","72.8666666","7.0","ALIBAG, IN","FM-12","99999","V020","050,1,N,0010,1","99999,9,9,N","004000,1,9,9","+0274,1","+0224,1","10144,1",,,,,,,,,,,"240,N,+0203,1","9,9,999,9,+001,1",,,"SYN07443058 32996 00502 10274 20224 40144 222// 20000 333 20203 58001 555 10061=",
"43058099999","2023-11-14T06:00:00","4","18.6333333","72.8666666","7.0","ALIBAG, IN","FM-12","99999","V020","050,1,N,0010,1","99999,9,9,N","004000,1,9,9","+0274,1","+0224,1","10144,1",,,,,,,,,,,"240,N,+0203,1","9,9,999,9,+001,1",,,"SYN07443058 32996 00502 10274 20224 40144 222// 20000 333 20203 58001 555 10061=",
"43058099999","2023-11-14T12:00:00","4","18.6333333","72.8666666","7.0","ALIBAG, IN","FM-12","99999","V020","320,1,N,0015,1","99999,9,9,N","004000,1,9,9","+0306,1","+0230,1","10106,1",,,,,,,,,,,"240,M,+0346,1","9,9,999,9,-010,1",,,"SYN06443058 32996 03203 10306 20230 40106 222// 20000 333 10346 59010=",
"43058099999","2023-11-15T03:00:00","4","18.6333333","72.8666666","7.0","ALIBAG, IN","FM-12","99999","V020","140,1,N,0010,1","99999,9,9,N","004000,1,9,9","+0284,1","+0219,1","10140,1",,,,,,,,,,,"240,N,+0201,1","9,9,999,9,-004,1",,,"SYN07443058 32996 01402 10284 20219 40140 222// 20000 333 20201 59004 555 10061=",
"43058099999","2023-11-15T06:00:00","4","18.6333333","72.8666666","7.0","ALIBAG, IN","FM-12","99999","V020","140,1,N,0010,1","99999,9,9,N","004000,1,9,9","+0284,1","+0219,1","10140,1",,,,,,,,,,,"240,N,+0201,1","9,9,999,9,-004,1",,,"SYN07443058 32996 01402 10284 20219 40140 222// 20000 333 20201 59004 555 10061=",
"43058099999","2023-11-15T12:00:00","4","18.6333333","72.8666666","7.0","ALIBAG, IN","FM-12","99999","V020","320,1,N,0010,1","99999,9,9,N","004000,1,9,9","+0304,1","+0231,1","10103,1",,,,,,,,,,,"240,M,+0351,1","9,9,999,9,-003,1",,,"SYN06443058 32996 03202 10304 20231 40103 222// 20000 333 10351 59003=",
"43058099999","2023-11-16T03:00:00","4","18.6333333","72.8666666","7.0","ALIBAG, IN","FM-12","99999","V020","050,1,N,0010,1","99999,9,9,N","004000,1,9,9","+0262,1","+0211,1","10143,1",,,,,,,,,,,"240,N,+0190,1","9,9,999,9,+003,1",,,"SYN06443058 32996 00502 10262 20211 40143 222// 20000 333 20190 58003=",
"43058099999","2023-11-16T12:00:00","4","18.6333333","72.8666666","7.0","ALIBAG, IN","FM-12","99999","V020","320,1,N,0010,1","99999,9,9,N","004000,1,9,9","+0306,1","+0207,1","10118,1",,,,,,,,,,,"240,M,+0341,1","9,9,999,9,+015,1",,,"SYN06443058 32996 03202 10306 20207 40118 222// 20000 333 10341 58015=",
"43058099999","2023-11-17T03:00:00","4","18.6333333","72.8666666","7.0","ALIBAG, IN","FM-12","99999","V020","050,1,N,0010,1","99999,9,9,N","004000,1,9,9","+0264,1","+0200,1","10144,1",,,,,,,,,,,"240,N,+0194,1","9,9,999,9,+001,1",,,"SYN07443058 32996 00502 10264 20200 40144 222// 20000 333 20194 58001 555 10061=",
"43058099999","2023-11-17T12:00:00","4","18.6333333","72.8666666","7.0","ALIBAG, IN","FM-12","99999","V020","320,1,N,0015,1","99999,9,9,N","004000,1,9,9","+0304,1","+0231,1","99999,9",,,,,,,,,,,"240,M,+0352,1","9,9,999,9,-018,1","1,0100,9",,"SYN06443058 32996 03203 10304 20231 41100 222// 20000 333 10352 59018=",
"43058099999","2023-11-20T12:00:00","4","18.6333333","72.8666666","7.0","ALIBAG, IN","FM-12","99999","V020","320,1,N,0015,1","99999,9,9,N","004000,1,9,9","+0310,1","+0254,1","10107,1",,,,,,,,,,,"240,M,+0338,1","9,9,999,9,+000,1",,,"SYN06443058 32996 03203 10310 20254 40107 222// 20000 333 10338 58000=",
"43058099999","2023-11-21T06:00:00","4","18.6333333","72.8666666","7.0","ALIBAG, IN","FM-12","99999","V020","050,1,N,0010,1","99999,9,9,N","004000,1,9,9","+0284,1","+0199,1","10139,1",,,,,,,,,,,"240,N,+0213,1","9,9,999,9,-009,1",,,"SYN07443058 32996 00502 10284 20199 40139 222// 20000 333 20213 59009 555 10061=",
"43058099999","2023-11-21T12:00:00","4","18.6333333","72.8666666","7.0","ALIBAG, IN","FM-12","99999","V020","320,1,N,0026,1","99999,9,9,N","004000,1,9,9","+0304,1","+0228,1","10108,1",,,,,,,,,,,"240,M,+0332,1","9,9,999,9,+001,1",,,"SYN06443058 32996 03205 10304 20228 40108 222// 20000 333 10332 58001=",
"43058099999","2023-11-22T03:00:00","4","18.6333333","72.8666666","7.0","ALIBAG, IN","FM-12","99999","V020","140,1,N,0010,1","99999,9,9,N","004000,1,9,9","+0270,1","+0200,1","10134,1",,,,,,,,,,,"240,N,+0198,1","9,9,999,9,-005,1",,,"SYN07443058 32996 01402 10270 20200 40134 222// 20000 333 20198 59005 555 10061=",
"43058099999","2023-11-22T12:00:00","4","18.6333333","72.8666666","7.0","ALIBAG, IN","FM-12","99999","V020","320,1,N,0015,1","99999,9,9,N","004000,1,9,9","+0302,1","+0232,1","10096,1",,,,,,,,,,,"240,M,+0346,1","9,9,999,9,-012,1",,,"SYN06443058 32996 03203 10302 20232 40096 222// 20000 333 10346 59012=",
"43058099999","2023-11-23T03:00:00","4","18.6333333","72.8666666","7.0","ALIBAG, IN","FM-12","99999","V020","050,1,N,0021,1","99999,9,9,N","004000,1,9,9","+0270,1","+0179,1","10112,1",,,,,,,,,,,"240,N,+0196,1","9,9,999,9,-022,1",,,"SYN07443058 32996 00504 10270 20179 40112 222// 20000 333 20196 59022 555 10061=",
"43058099999","2023-11-23T12:00:00","4","18.6333333","72.8666666","7.0","ALIBAG, IN","FM-12","99999","V020","320,1,N,0026,1","99999,9,9,N","004000,1,9,9","+0302,1","+0225,1","10077,1",,,,,,,,,,,"240,M,+0332,1","9,9,999,9,-012,1",,,"SYN06443058 32996 03205 10302 20225 40077 222// 20000 333 10332 59012=",
"43058099999","2023-11-24T03:00:00","4","18.6333333","72.8666666","7.0","ALIBAG, IN","FM-12","99999","V020","140,1,N,0010,1","99999,9,9,N","004000,1,9,9","+0272,1","+0212,1","10105,1",,,,,,,,,,,"240,N,+0206,1","9,9,999,9,-007,1",,,"SYN07443058 32996 01402 10272 20212 40105 222// 20000 333 20206 59007 555 10061=",
"43058099999","2023-11-24T12:00:00","4","18.6333333","72.8666666","7.0","ALIBAG, IN","FM-12","99999","V020","320,1,N,0026,1","99999,9,9,N","004000,1,9,9","+0306,1","+0252,1","10088,1",,,,,,,,,,,"240,M,+0343,1","9,9,999,9,+011,1",,,"SYN06443058 32996 03205 10306 20252 40088 222// 20000 333 10343 58011=",
"43058099999","2023-11-28T03:00:00","4","18.6333333","72.8666666","7.0","ALIBAG, IN","FM-12","99999","V020","050,1,N,0015,1","99999,9,9,N","004000,1,9,9","+0274,1","+0236,1","10119,1",,,,,,,,,,,"240,N,+0217,1","9,9,999,9,+014,1",,,"SYN07443058 32996 00503 10274 20236 40119 222// 20000 333 20217 58014 555 10061=",
"43058099999","2023-11-28T12:00:00","4","18.6333333","72.8666666","7.0","ALIBAG, IN","FM-12","99999","V020","320,1,N,0031,1","99999,9,9,N","010000,1,9,9","+0288,1","+0207,1","10086,1",,,,,,,,,,,"240,M,+0300,1","9,9,999,9,+000,1",,,"SYN06443058 32997 03206 10288 20207 40086 222// 20000 333 10300 58000=",
"43058099999","2023-11-29T03:00:00","4","18.6333333","72.8666666","7.0","ALIBAG, IN","FM-12","99999","V020","140,1,N,0010,1","99999,9,9,N","004000,1,9,9","+0272,1","+0218,1","10131,1",,,,,,,,,,,"240,N,+0189,1","9,9,999,9,+012,1",,,"SYN07443058 32996 01402 10272 20218 40131 222// 20000 333 20189 58012 555 10065=",
"43058099999","2023-11-29T12:00:00","4","18.6333333","72.8666666","7.0","ALIBAG, IN","FM-12","99999","V020","320,1,N,0015,1","99999,9,9,N","004000,1,9,9","+0286,1","+0201,1","10098,1",,,,,,,,,,,"240,M,+0297,1","9,9,999,9,+012,1",,,"SYN06443058 32996 03203 10286 20201 40098 222// 20000 333 10297 58012=",
"43058099999","2023-11-30T03:00:00","4","18.6333333","72.8666666","7.0","ALIBAG, IN","FM-12","99999","V020","050,1,N,0010,1","99999,9,9,N","004000,1,9,9","+0258,1","+0193,1","10127,1",,,,,,,,,,,"240,N,+0183,1","9,9,999,9,-004,1",,,"SYN07443058 32996 00502 10258 20193 40127 222// 20000 333 20183 59004 555 10065=",
"43058099999","2023-11-30T12:00:00","4","18.6333333","72.8666666","7.0","ALIBAG, IN","FM-12","99999","V020","320,1,N,0021,1","99999,9,9,N","004000,1,9,9","+0288,1","+0193,1","10098,1",,,,,,,,,,,,"9,9,999,9,-029,1",,,"SYN06443058 32996 03204 10288 20193 40098 222// 20000 333 10297 59029=",
"43058099999","2023-12-01T03:00:00","4","18.6333333","72.8666666","7.0","ALIBAG, IN","FM-12","99999","V020","050,1,N,0015,1","99999,9,9,N","004000,1,9,9","+0266,1","+0218,1","10132,1",,,,,,,,,,,"240,N,+0188,1","9,9,999,9,+005,1",,,"SYN07443058 32996 00503 10266 20218 40132 222// 20000 333 20188 58005 555 10065=",
"43058099999","2023-12-01T12:00:00","4","18.6333333","72.8666666","7.0","ALIBAG, IN","FM-12","99999","V020","320,1,N,0041,1","99999,9,9,N","004000,1,9,9","+0282,1","+0210,1","10127,1",,,,,,,,,,,"240,M,+0313,1","9,9,999,9,+029,1",,,"SYN06443058 32996 03208 10282 20210 40127 222// 20000 333 10313 58029=",
"43058099999","2023-12-04T03:00:00","4","18.6333333","72.8666666","7.0","ALIBAG, IN","FM-12","99999","V020","050,1,N,0015,1","99999,9,9,N","004000,1,9,9","+0290,1","+0209,1","10118,1",,,,,,,,,,,"240,N,+0211,1","9,9,999,9,+000,1",,,"SYN07443058 32996 00503 10290 20209 40118 222// 20000 333 20211 59000 555 10065=",
"43058099999","2023-12-04T12:00:00","4","18.6333333","72.8666666","7.0","ALIBAG, IN","FM-12","99999","V020","320,1,N,0021,1","99999,9,9,N","004000,1,9,9","+0300,1","+0246,1","10076,1",,,,,,,,,,,"240,M,+0317,1","9,9,999,9,+000,1",,,"SYN06443058 32996 03204 10300 20246 40076 222// 20000 333 10317 59000=",
"43058099999","2023-12-05T03:00:00","4","18.6333333","72.8666666","7.0","ALIBAG, IN","FM-12","99999","V020","050,1,N,0010,1","99999,9,9,N","004000,1,9,9","+0278,1","+0212,1","10100,1",,,,,,,,,,,"240,N,+0209,1","9,9,999,9,-018,1",,,"SYN07443058 32996 00502 10278 20212 40100 222// 20000 333 20209 59018 555 10065=",
"43058099999","2023-12-05T06:00:00","4","18.6333333","72.8666666","7.0","ALIBAG, IN","FM-12","99999","V020","050,1,N,0010,1","99999,9,9,N","004000,1,9,9","+0278,1","+0212,1","10100,1",,,,,,,,,,,"240,N,+0209,1","9,9,999,9,-018,1",,,"SYN07443058 32996 00502 10278 20212 40100 222// 20000 333 20209 59018 555 10065=",
"43058099999","2023-12-05T12:00:00","4","18.6333333","72.8666666","7.0","ALIBAG, IN","FM-12","99999","V020","320,1,N,0026,1","99999,9,9,N","004000,1,9,9","+0294,1","+0239,1","10082,1",,,,,,,,,,,"240,M,+0335,1","9,9,999,9,-006,1",,,"SYN06443058 32996 03205 10294 20239 40082 222// 20000 333 10335 59006=",
"43058099999","2023-12-06T03:00:00","4","18.6333333","72.8666666","7.0","ALIBAG, IN","FM-12","99999","V020","050,1,N,0010,1","99999,9,9,N","004000,1,9,9","+0272,1","+0212,1","10118,1",,,,,,,,,,,"240,N,+0201,1","9,9,999,9,+018,1",,,"SYN07443058 32996 00502 10272 20212 40118 222// 20000 333 20201 58018 555 10065=",
"43058099999","2023-12-06T06:00:00","4","18.6333333","72.8666666","7.0","ALIBAG, IN","FM-12","99999","V020","050,1,N,0010,1","99999,9,9,N","004000,1,9,9","+0272,1","+0212,1","10118,1",,,,,,,,,,,"240,N,+0201,1","9,9,999,9,+018,1",,,"SYN07443058 32996 00502 10272 20212 40118 222// 20000 333 20201 58018 555 10065=",
"43058099999","2023-12-06T12:00:00","4","18.6333333","72.8666666","7.0","ALIBAG, IN","FM-12","99999","V020","050,1,N,0010,1","99999,9,9,N","004000,1,9,9","+0290,1","+0225,1","10076,1",,,,,,,,,,,"240,M,+0336,1","9,9,999,9,-006,1",,,"SYN06443058 32796 00502 10290 20225 40076 222// 20000 333 10336 59006=",
"43058099999","2023-12-07T12:00:00","4","18.6333333","72.8666666","7.0","ALIBAG, IN","FM-12","99999","V020","320,1,N,0031,1","99999,9,9,N","004000,1,9,9","+0290,1","+0206,1","10083,1",,,,,,,,,,,,"9,9,999,9,+007,1",,,"SYN06443058 32996 03206 10290 20206 40083 222// 20000 333 10321 58007=",
"43058099999","2023-12-08T03:00:00","4","18.6333333","72.8666666","7.0","ALIBAG, IN","FM-12","99999","V020","140,1,N,0010,1","99999,9,9,N","004000,1,9,9","+0264,1","+0213,1","10131,1",,,,,,,,,,,"240,N,+0189,1","9,9,999,9,-001,1",,,"SYN07443058 32996 01402 10264 20213 40131 222// 20000 333 20189 59001 555 10065=",
"43058099999","2023-12-08T12:00:00","4","18.6333333","72.8666666","7.0","ALIBAG, IN","FM-12","99999","V020","320,1,N,0041,1","99999,9,9,N","004000,1,9,9","+0296,1","+0216,1","10089,1",,,,,,,,,,,,"9,9,999,9,+006,1",,,"SYN06443058 32996 03208 10296 20216 40089 222// 20000 333 10333 58006=",
"43058099999","2023-12-11T12:00:00","4","18.6333333","72.8666666","7.0","ALIBAG, IN","FM-12","99999","V020","320,1,N,0015,1","99999,9,9,N","004000,1,9,9","+0298,1","+0231,1","10094,1",,,,,,,,,,,"240,M,+0312,1","9,9,999,9,+000,1",,,"SYN06443058 32996 03203 10298 20231 40094 222// 20000 333 10312 59000=",
"43058099999","2023-12-12T03:00:00","4","18.6333333","72.8666666","7.0","ALIBAG, IN","FM-12","99999","V020","050,1,N,0041,1","99999,9,9,N","004000,1,9,9","+0274,1","+0217,1","10130,1",,,,,,,,,,,"240,N,+0192,1","9,9,999,9,-012,1",,,"SYN07443058 32996 00508 10274 20217 40130 222// 20000 333 20192 59012 555 10065=",
"43058099999","2023-12-12T12:00:00","4","18.6333333","72.8666666","7.0","ALIBAG, IN","FM-12","99999","V020","320,1,N,0026,1","99999,9,9,N","004000,1,9,9","+0290,1","+0202,1","10087,1",,,,,,,,,,,"240,M,+0313,1","9,9,999,9,-007,1",,,"SYN06443058 32996 03205 10290 20202 40087 222// 20000 333 10313 59007=",
"43058099999","2023-12-13T12:00:00","4","18.6333333","72.8666666","7.0","ALIBAG, IN","FM-12","99999","V020","320,1,N,0031,1","99999,9,9,N","004000,1,9,9","+0290,1","+0209,1","10088,1",,,,,,,,,,,,"9,9,999,9,+001,1",,,"SYN06443058 32996 03206 10290 20209 40088 222// 20000 333 10321 58001=",
"43058099999","2023-12-14T03:00:00","4","18.6333333","72.8666666","7.0","ALIBAG, IN","FM-12","99999","V020","140,1,N,0010,1","99999,9,9,N","004000,1,9,9","+0262,1","+0180,1","10141,1",,,,,,,,,,,"240,N,+0181,1","9,9,999,9,-002,1",,,"SYN07443058 32996 01402 10262 20180 40141 222// 20000 333 20181 59002 555 10065=",
"43058099999","2023-12-14T12:00:00","4","18.6333333","72.8666666","7.0","ALIBAG, IN","FM-12","99999","V020","320,1,N,0031,1","99999,9,9,N","004000,1,9,9","+0290,1","+0123,1","10104,1",,,,,,,,,,,"240,M,+0342,1","9,9,999,9,+016,1",,,"SYN06443058 32996 03206 10290 20123 40104 222// 20000 333 10342 58016=",
"43058099999","2023-12-15T12:00:00","4","18.6333333","72.8666666","7.0","ALIBAG, IN","FM-12","99999","V020","320,1,N,0021,1","99999,9,9,N","004000,1,9,9","+0296,1","+0202,1","10114,1",,,,,,,,,,,"240,M,+0341,1","9,9,999,9,+010,1",,,"SYN06443058 32996 03204 10296 20202 40114 222// 20000 333 10341 58010=",
"43058099999","2023-12-18T03:00:00","4","18.6333333","72.8666666","7.0","ALIBAG, IN","FM-12","99999","V020","050,1,N,0026,1","99999,9,9,N","004000,1,9,9","+0280,1","+0168,1","10143,1",,,,,,,,,,,"240,N,+0198,1","9,9,999,9,+000,1",,,"SYN07443058 32996 00505 10280 20168 40143 222// 20000 333 20198 59000 555 10065=",
"43058099999","2023-12-18T12:00:00","4","18.6333333","72.8666666","7.0","ALIBAG, IN","FM-12","99999","V020","050,1,N,0010,1","99999,9,9,N","004000,1,9,9","+0312,1","+0189,1","10106,1",,,,,,,,,,,"240,M,+0349,1","9,9,999,9,+000,1",,,"SYN06443058 32996 00502 10312 20189 40106 222// 20000 333 10349 59000=",
"43058099999","2023-12-19T03:00:00","4","18.6333333","72.8666666","7.0","ALIBAG, IN","FM-12","99999","V020","050,1,N,0026,1","99999,9,9,N","004000,1,9,9","+0280,1","+0180,1","10150,1",,,,,,,,,,,"240,N,+0200,1","9,9,999,9,+007,1",,,"SYN07443058 32996 00505 10280 20180 40150 222// 20000 333 20200 58007 555 10065=",
"43058099999","2023-12-19T12:00:00","4","18.6333333","72.8666666","7.0","ALIBAG, IN","FM-12","99999","V020","320,1,N,0010,1","99999,9,9,N","004000,1,9,9","+0304,1","+0212,1","10113,1",,,,,,,,,,,,"9,9,999,9,+007,1",,,"SYN06443058 32996 03202 10304 20212 40113 22211 20000 333 10345 58007=",
"43058099999","2023-12-20T06:00:00","4","18.6333333","72.8666666","7.0","ALIBAG, IN","FM-12","99999","V020","050,1,N,0015,1","99999,9,9,N","004000,1,9,9","+0262,1","+0145,1","10164,1",,,,,,,,,,,,"9,9,999,9,+014,1",,,"SYN07443058 32996 00503 10262 20145 40164 222// 20000 333 00175 58014 555 10065=",
"43058099999","2023-12-20T12:00:00","4","18.6333333","72.8666666","7.0","ALIBAG, IN","FM-12","99999","V020","320,1,N,0026,1","99999,9,9,N","004000,1,9,9","+0280,1","+0208,1","10115,1",,,,,,,,,,,"240,M,+0322,1","9,9,999,9,+002,1",,,"SYN06443058 32996 03205 10280 20208 40115 222// 20000 333 10322 58002=",
"43058099999","2023-12-21T03:00:00","4","18.6333333","72.8666666","7.0","ALIBAG, IN","FM-12","99999","V020","050,1,N,0015,1","99999,9,9,N","004000,1,9,9","+0254,1","+0185,1","10151,1",,,,,,,,,,,"240,N,+0185,1","9,9,999,9,-013,1",,,"SYN07443058 32996 00503 10254 20185 40151 222// 20000 333 20185 59013 555 10065=",
"43058099999","2023-12-21T12:00:00","4","18.6333333","72.8666666","7.0","ALIBAG, IN","FM-12","99999","V020","320,1,N,0021,1","99999,9,9,N","004000,1,9,9","+0286,1","+0201,1","10111,1",,,,,,,,,,,"240,M,+0324,1","9,9,999,9,-004,1",,,"SYN06443058 32996 03204 10286 20201 40111 222// 20000 333 10324 59004=",
"43058099999","2023-12-22T06:00:00","4","18.6333333","72.8666666","7.0","ALIBAG, IN","FM-12","99999","V020","140,1,N,0010,1","99999,9,9,N","004000,1,9,9","+0272,1","+0181,1","10143,1",,,,,,,,,,,"240,N,+0191,1","9,9,999,9,-008,1",,,"SYN07443058 32996 01402 10272 20181 40143 222// 20000 333 20191 59008 555 10065=",
"43058099999","2023-12-22T12:00:00","4","18.6333333","72.8666666","7.0","ALIBAG, IN","FM-12","99999","V020","320,1,N,0010,1","99999,9,9,N","004000,1,9,9","+0290,1","+0199,1","10121,1",,,,,,"06,1,+01750,1,03,1",,,"9,AGL   ,+99999,+99999","06,99,1,06,1,99,9,01750,1,99,9,99,9",,"9,9,999,9,+010,1",,,"SYN07043058 32796 63202 10290 20199 40121 86/3/ 222// 20000 333 10301 58010=",
"43058099999","2023-12-27T03:00:00","4","18.6333333","72.8666666","7.0","ALIBAG, IN","FM-12","99999","V020","050,1,N,0010,1","99999,9,9,N","004000,1,9,9","+0256,1","+0180,1","10172,1",,,,,,,,,,,"240,N,+0180,1","9,9,999,9,+010,1",,,"SYN07443058 32996 00502 10256 20180 40172 222// 20000 333 20180 58010 555 10065=",
"43058099999","2023-12-27T12:00:00","4","18.6333333","72.8666666","7.0","ALIBAG, IN","FM-12","99999","V020","320,1,N,0041,1","99999,9,9,N","004000,1,9,9","+0292,1","+0228,1","10120,1",,,,,,,,,,,"240,M,+0306,1","9,9,999,9,-008,1",,,"SYN06443058 32996 03208 10292 20228 40120 222// 20000 333 10306 59008=",
"43058099999","2023-12-28T03:00:00","4","18.6333333","72.8666666","7.0","ALIBAG, IN","FM-12","99999","V020","140,1,N,0010,1","99999,9,9,N","004000,1,9,9","+0258,1","+0193,1","10152,1",,,,,,,,,,,"240,N,+0176,1","9,9,999,9,-020,1",,,"SYN07443058 32996 01402 10258 20193 40152 222// 20000 333 20176 59020 555 10065=",
"43058099999","2023-12-28T12:00:00","4","18.6333333","72.8666666","7.0","ALIBAG, IN","FM-12","99999","V020","320,1,N,0010,1","99999,9,9,N","004000,1,9,9","+0294,1","+0223,1","10109,1",,,,,,,,,,,,"9,9,999,9,-011,1",,,"SYN06443058 32996 03202 10294 20223 40109 222// 20000 333 10339 59011=",
"43058099999","2023-12-29T12:00:00","4","18.6333333","72.8666666","7.0","ALIBAG, IN","FM-12","99999","V020","320,1,N,0010,1","99999,9,9,N","004000,1,9,9","+0294,1","+0223,1","10105,1",,,,,,,,,,,"240,M,+0339,1","9,9,999,9,-011,1",,,"SYN06443058 32996 03202 10294 20223 40105 222// 20000 333 10339 59011=",
