"STATION","DATE","SOURCE","LATITUDE","LONGITUDE","ELEVATION","NAME","REPORT_TYPE","CALL_SIGN","QUALITY_CONTROL","WND","CIG","VIS","TMP","DEW","SLP","AA1","AW1","AY1","AY2","AZ1","AZ2","GA1","GA2","GA3","GE1","GF1","KA1","MD1","MW1","REM","EQD"
"43057099999","2023-01-01T03:00:00","4","18.9","72.8166666","11.0","BOMBAY COLABA, IN","FM-12","99999","V020","999,9,C,0000,1","99999,9,9,N","002000,1,9,9","+0200,1","+0160,1","10171,1",,,"0,1,02,1","0,1,02,1",,,,,,,,"240,N,+0185,1","9,9,999,9,-010,1","05,1","SYN06843057 31995 00000 10200 20160 40171 70500 333 20185 59010 555 10000=",
"43057099999","2023-01-01T12:00:00","4","18.9","72.8166666","11.0","BOMBAY COLABA, IN","FM-12","99999","V020","340,1,N,0010,1","99999,9,9,N","002000,1,9,9","+0258,1","+0186,1","10143,1",,,"0,1,02,1","0,1,02,1",,,,,,,,,"9,9,999,9,-004,1","05,1","SYN05843057 31995 03402 10258 20186 40143 70500 333 10288 59004=",
"43057099999","2023-01-02T03:00:00","4","18.9","72.8166666","11.0","BOMBAY COLABA, IN","FM-12","99999","V020","999,9,C,0000,1","99999,9,9,N","002000,1,9,9","+0204,1","+0182,1","10162,1",,,"0,1,02,1","0,1,02,1",,,,,,,,"240,N,+0188,1","9,9,999,9,-009,1","05,1","SYN06843057 31995 00000 10204 20182 40162 70500 333 20188 59009 555 10000=",
"43057099999","2023-01-02T12:00:00","4","18.9","72.8166666","11.0","BOMBAY COLABA, IN","FM-12","99999","V020","999,9,C,0000,1","99999,9,9,N","002000,1,9,9","+0264,1","+0210,1","10133,1",,,"0,1,02,1","0,1,02,1",,,,,,,,,"9,9,999,9,-010,1","04,1","SYN05843057 31995 00000 10264 20210 40133 70400 333 10304 59010=",
"43057099999","2023-01-03T03:00:00","4","18.9","72.8166666","11.0","BOMBAY COLABA, IN","FM-12","99999","V020","050,1,N,0005,1","99999,9,9,N","002000,1,9,9","+0214,1","+0192,1","10162,1",,,"0,1,02,1","0,1,02,1",,,,,,,,"240,N,+0192,1","9,9,999,9,+000,1","05,1","SYN06843057 31995 00501 10214 20192 40162 70500 333 20192 58000 555 10000=",
"43057099999","2023-01-03T06:00:00","4","18.9","72.8166666","11.0","BOMBAY COLABA, IN","FM-12","99999","V020","999,9,C,0000,1","99999,9,9,N","002000,1,9,9","+0274,1","+0187,1","10165,1",,,"0,1,02,1","0,1,02,1",,,,,,,,,"9,9,999,9,-001,1","04,1","SYN05243057 31995 00000 10274 20187 40165 70400 333 59001=",
"43057099999","2023-01-03T12:00:00","4","18.9","72.8166666","11.0","BOMBAY COLABA, IN","FM-12","99999","V020","320,1,N,0005,1","99999,9,9,N","002000,1,9,9","+0256,1","+0207,1","10129,1",,,"0,1,02,1","0,1,02,1",,,,,,,,,"9,9,999,9,-004,1","05,1","SYN05843057 31995 03201 10256 20207 40129 70500 333 10283 59004=",
"43057099999","2023-01-04T03:00:00","4","18.9","72.8166666","11.0","BOMBAY COLABA, IN","FM-12","99999","V020","999,9,C,0000,1","99999,9,9,N","002000,1,9,9","+0210,1","+0178,1","10151,1",,,"0,1,02,1","0,1,02,1",,,,,,,,"240,N,+0195,1","9,9,999,9,-011,1","05,1","SYN06843057 31995 00000 10210 20178 40151 70500 333 20195 59011 555 10000=",
"43057099999","2023-01-04T12:00:00","4","18.9","72.8166666","11.0","BOMBAY COLABA, IN","FM-12","99999","V020","999,9,C,0000,1","99999,9,9,N","002000,1,9,9","+0256,1","+0197,1","10117,1",,,"0,1,02,1","0,1,02,1",,,,,,,,,"9,9,999,9,-012,1","05,1","SYN05843057 31995 00000 10256 20197 40117 70500 333 10298 59012=",
"43057099999","2023-01-05T03:00:00","4","18.9","72.8166666","11.0","BOMBAY COLABA, IN","FM-12","99999","V020","999,9,C,0000,1","22000,1,9,N","002000,1,9,9","+0222,1","+0197,1","10154,1",,,"0,1,02,1","0,1,02,1",,,"02,1,+00800,1,06,1",,,"9,AGL   ,+99999,+99999","02,99,1,02,1,99,9,00800,1,99,9,99,9","240,N,+0212,1","9,9,999,9,+003,1","05,1","SYN07443057 31595 20000 10222 20197 40154 70500 82500 333 20212 58003 555 10000=",
"43057099999","2023-01-05T12:00:00","4","18.9","72.8166666","11.0","BOMBAY COLABA, IN","FM-12","99999","V020","999,9,C,0000,1","99999,9,9,N","002000,1,9,9","+0274,1","+0208,1","10130,1",,,"0,1,02,1","0,1,02,1",,,,,,,,,"9,9,999,9,+013,1","05,1","SYN05843057 31995 00000 10274 20208 40130 70500 333 10302 58013=",
"43057099999","2023-01-06T03:00:00","4","18.9","72.8166666","11.0","BOMBAY COLABA, IN","FM-12","99999","V020","110,1,N,0015,1","22000,1,9,9","002000,1,9,9","+0245,1","+0214,1","10174,1","99,9999,9,9",,"0,1,99,9","0,1,99,9",,,,,,,"00,99,1,99,9,99,9,99999,9,99,9,99,9","120,N,+0222,1","9,9,999,9,+020,1","05,1","SYN004BUFR",
"43057099999","2023-01-06T12:00:00","4","18.9","72.8166666","11.0","BOMBAY COLABA, IN","FM-12","99999","V020","999,9,C,0000,1","22000,1,9,N","002000,1,9,9","+0290,1","+0216,1","10143,1",,,"0,1,02,1","0,1,02,1",,,"02,1,+00800,1,06,1","99,9,+99999,9,00,1",,"9,AGL   ,+99999,+99999","03,99,1,02,1,99,9,00800,1,99,9,99,9",,"9,9,999,9,+013,1","05,1","SYN06443057 31595 30000 10290 20216 40143 70500 82501 333 10325 58013=",
"43057099999","2023-01-07T03:00:00","4","18.9","72.8166666","11.0","BOMBAY COLABA, IN","FM-12","99999","V020","999,9,C,0000,1","22000,1,9,N","002000,1,9,9","+0250,1","+0226,1","10174,1",,,"0,1,02,1","0,1,02,1",,,"02,1,+00800,1,06,1",,,"9,AGL   ,+99999,+99999","02,99,1,02,1,99,9,00800,1,99,9,99,9","240,N,+0236,1","9,9,999,9,+000,1","05,1","SYN07443057 31595 20000 10250 20226 40174 70500 82500 333 20236 58000 555 10000=",
"43057099999","2023-01-07T12:00:00","4","18.9","72.8166666","11.0","BOMBAY COLABA, IN","FM-12","99999","V020","290,1,N,0005,1","22000,1,9,N","002000,1,9,9","+0282,1","+0236,1","10139,1",,,"0,1,02,1","0,1,02,1",,,"02,1,+00800,1,06,1","99,9,+99999,9,03,1","99,9,+99999,9,00,1","9,AGL   ,+99999,+99999","04,99,1,02,1,99,9,00800,1,99,9,99,9",,"9,9,999,9,-004,1","05,1","SYN06443057 31595 42901 10282 20236 40139 70500 82531 333 10312 59004=",
"43057099999","2023-01-08T03:00:00","4","18.9","72.8166666","11.0","BOMBAY COLABA, IN","FM-12","99999","V020","999,9,C,0000,1","22000,1,9,N","002000,1,9,9","+0242,1","+0208,1","10166,1",,,"0,1,02,1","0,1,02,1",,,"01,1,+00800,1,06,1",,,"9,AGL   ,+99999,+99999","01,99,1,01,1,99,9,00800,1,99,9,99,9","240,N,+0228,1","9,9,999,9,-008,1","05,1","SYN07443057 31595 10000 10242 20208 40166 70500 81500 333 20228 59008 555 10000=",
"43057099999","2023-01-08T12:00:00","4","18.9","72.8166666","11.0","BOMBAY COLABA, IN","FM-12","99999","V020","320,1,N,0010,1","99999,9,9,N","002000,1,9,9","+0276,1","+0196,1","10130,1",,,"0,1,02,1","0,1,02,1",,,,,,,,,"9,9,999,9,-009,1","04,1","SYN05843057 31995 03202 10276 20196 40130 70400 333 10322 59009=",
"43057099999","2023-01-09T03:00:00","4","18.9","72.8166666","11.0","BOMBAY COLABA, IN","FM-12","99999","V020","999,9,C,0000,1","99999,9,9,N","002000,1,9,9","+0230,1","+0179,1","10176,1",,,"0,1,02,1","0,1,02,1",,,,,,,,"240,N,+0220,1","9,9,999,9,+010,1","05,1","SYN06843057 31995 00000 10230 20179 40176 70500 333 20220 58010 555 10000=",
"43057099999","2023-01-09T06:00:00","4","18.9","72.8166666","11.0","BOMBAY COLABA, IN","FM-12","99999","V020","020,1,N,0010,1","99999,9,9,N","002000,1,9,9","+0282,1","+0111,1","10182,1",,,"0,1,02,1","0,1,02,1",,,,,,,,,"9,9,999,9,+015,1","04,1","SYN05243057 31995 00202 10282 20111 40182 70400 333 58015=",
"43057099999","2023-01-09T12:00:00","4","18.9","72.8166666","11.0","BOMBAY COLABA, IN","FM-12","99999","V020","999,9,C,0000,1","99999,9,9,N","002000,1,9,9","+0266,1","+0142,1","10143,1",,,"0,1,02,1","0,1,02,1",,,,,,,,,"9,9,999,9,+013,1","04,1","SYN05843057 31995 00000 10266 20142 40143 70400 333 10306 58013=",
"43057099999","2023-01-10T03:00:00","4","18.9","72.8166666","11.0","BOMBAY COLABA, IN","FM-12","99999","V020","999,9,C,0000,1","99999,9,9,N","002000,1,9,9","+0216,1","+0163,1","10173,1",,,"0,1,02,1","0,1,02,1",,,,,,,,"240,N,+0200,1","9,9,999,9,-003,1","05,1","SYN06843057 31995 00000 10216 20163 40173 70500 333 20200 59003 555 10000=",
"43057099999","2023-01-10T12:00:00","4","18.9","72.8166666","11.0","BOMBAY COLABA, IN","FM-12","99999","V020","999,9,C,0000,1","99999,9,9,N","002000,1,9,9","+0270,1","+0193,1","10132,1",,,"0,1,02,1","0,1,02,1",,,,,,,,,"9,9,999,9,-011,1","04,1","SYN05843057 31995 00000 10270 20193 40132 70400 333 10322 59011=",
"43057099999","2023-01-11T03:00:00","4","18.9","72.8166666","11.0","BOMBAY COLABA, IN","FM-12","99999","V020","999,9,C,0000,1","99999,9,9,N","002000,1,9,9","+0214,1","+0175,1","10151,1",,,"0,1,02,1","0,1,02,1",,,,,,,,"240,N,+0200,1","9,9,999,9,-022,1","05,1","SYN06843057 31995 00000 10214 20175 40151 70500 333 20200 59022 555 10000=",
"43057099999","2023-01-11T06:00:00","4","18.9","72.8166666","11.0","BOMBAY COLABA, IN","FM-12","99999","V020","999,9,C,0000,1","99999,9,9,N","002000,1,9,9","+0266,1","+0170,1","10157,1",,,"0,1,02,1","0,1,02,1",,,,,,,,,"9,9,999,9,-017,1","04,1","SYN05243057 31995 00000 10266 20170 40157 70400 333 59017=",
"43057099999","2023-01-11T12:00:00","4","18.9","72.8166666","11.0","BOMBAY COLABA, IN","FM-12","99999","V020","999,9,C,0000,1","99999,9,9,N","002000,1,9,9","+0254,1","+0210,1","10119,1",,,"0,1,02,1","0,1,02,1",,,,,,,,,"9,9,999,9,-013,1","05,1","SYN05843057 31995 00000 10254 20210 40119 70500 333 10302 59013=",
"43057099999","2023-01-12T03:00:00","4","18.9","72.8166666","11.0","BOMBAY COLABA, IN","FM-12","99999","V020","999,9,C,0000,1","99999,9,9,N","002000,1,9,9","+0210,1","+0171,1","10144,1",,,"0,1,02,1","0,1,02,1",,,,,,,,"240,N,+0194,1","9,9,999,9,-007,1","05,1","SYN06843057 31995 00000 10210 20171 40144 70500 333 20194 59007 555 10000=",
"43057099999","2023-01-12T12:00:00","4","18.9","72.8166666","11.0","BOMBAY COLABA, IN","FM-12","99999","V020","340,1,N,0010,1","99999,9,9,N","002000,1,9,9","+0254,1","+0205,1","10111,1",,,"0,1,02,1","0,1,02,1",,,,,,,,,"9,9,999,9,-008,1","05,1","SYN05843057 31995 03402 10254 20205 40111 70500 333 10280 59008=",
"43057099999","2023-01-13T03:00:00","4","18.9","72.8166666","11.0","BOMBAY COLABA, IN","FM-12","99999","V020","999,9,C,0000,1","99999,9,9,N","002000,1,9,9","+0220,1","+0198,1","10150,1",,,"0,1,02,1","0,1,02,1",,,,,,,,"240,N,+0208,1","9,9,999,9,+006,1","05,1","SYN06843057 31995 00000 10220 20198 40150 70500 333 20208 58006 555 10000=",
"43057099999","2023-01-13T12:00:00","4","18.9","72.8166666","11.0","BOMBAY COLABA, IN","FM-12","99999","V020","999,9,C,0000,1","99999,9,9,N","002000,1,9,9","+0246,1","+0169,1","10125,1",,,"0,1,02,1","0,1,02,1",,,,,,,,,"9,9,999,9,+014,1","04,1","SYN05843057 31995 00000 10246 20169 40125 70400 333 10276 58014=",
"43057099999","2023-01-14T03:00:00","4","18.9","72.8166666","11.0","BOMBAY COLABA, IN","FM-12","99999","V020","999,9,C,0000,1","99999,9,9,N","002000,1,9,9","+0190,1","+0126,1","10155,1",,,"0,1,02,1","0,1,02,1",,,,,,,,"240,N,+0174,1","9,9,999,9,+005,1","05,1","SYN06843057 31995 00000 10190 20126 40155 70500 333 20174 58005 555 10000=",
"43057099999","2023-01-14T06:00:00","4","18.9","72.8166666","11.0","BOMBAY COLABA, IN","FM-12","99999","V020","999,9,C,0000,1","99999,9,9,N","002000,1,9,9","+0240,1","+0130,1","10156,1",,,"0,1,02,1","0,1,02,1",,,,,,,,,"9,9,999,9,-001,1","05,1","SYN05243057 31995 00000 10240 20130 40156 70500 333 59001=",
"43057099999","2023-01-14T12:00:00","4","18.9","72.8166666","11.0","BOMBAY COLABA, IN","FM-12","99999","V020","340,1,N,0015,1","99999,9,9,N","002000,1,9,9","+0234,1","+0108,1","10122,1",,,"0,1,02,1","0,1,02,1",,,,,,,,,"9,9,999,9,-003,1","04,1","SYN05843057 31995 03403 10234 20108 40122 70400 333 10274 59003=",
"43057099999","2023-01-15T00:00:00","4","18.9","72.8166666","11.0","BOMBAY COLABA, IN","FM-12","99999","V020","999,9,C,0000,1","99999,9,9,N","002000,1,9,9","+0174,1","+0103,1","10116,1",,,"0,1,02,1","0,1,02,1",,,,,,,,,"9,9,999,9,-020,1","05,1","SYN05243057 31995 00000 10174 20103 40116 70500 333 59020=",
"43057099999","2023-01-15T03:00:00","4","18.9","72.8166666","11.0","BOMBAY COLABA, IN","FM-12","99999","V020","999,9,C,0000,1","99999,9,9,N","002000,1,9,9","+0194,1","+0142,1","10137,1",,,"0,1,02,1","0,1,02,1",,,,,,,,"240,N,+0162,1","9,9,999,9,-018,1","05,1","SYN06843057 31995 00000 10194 20142 40137 70500 333 20162 59018 555 10000=",
"43057099999","2023-01-15T09:00:00","4","18.9","72.8166666","11.0","BOMBAY COLABA, IN","FM-12","99999","V020","999,9,C,0000,1","99999,9,9,N","002000,1,9,9","+0260,1","+0147,1","10104,1",,,"0,1,02,1","0,1,02,1",,,,,,,,,"9,9,999,9,-021,1","05,1","SYN05243057 31995 00000 10260 20147 40104 70500 333 59021=",
"43057099999","2023-01-15T12:00:00","4","18.9","72.8166666","11.0","BOMBAY COLABA, IN","FM-12","99999","V020","999,9,C,0000,1","99999,9,9,N","002000,1,9,9","+0246,1","+0157,1","10101,1",,,"0,1,02,1","0,1,02,1",,,,,,,,,"9,9,999,9,-021,1","05,1","SYN05843057 31995 00000 10246 20157 40101 70500 333 10264 59021=",
"43057099999","2023-01-16T03:00:00","4","18.9","72.8166666","11.0","BOMBAY COLABA, IN","FM-12","99999","V020","999,9,C,0000,1","99999,9,9,N","002000,1,9,9","+0196,1","+0176,1","10139,1",,,"0,1,02,1","0,1,02,1",,,,,,,,"240,N,+0182,1","9,9,999,9,+002,1","05,1","SYN06843057 31995 00000 10196 20176 40139 70500 333 20182 58002 555 10000=",
"43057099999","2023-01-16T12:00:00","4","18.9","72.8166666","11.0","BOMBAY COLABA, IN","FM-12","99999","V020","999,9,C,0000,1","99999,9,9,N","002000,1,9,9","+0240,1","+0169,1","10106,1",,,"0,1,02,1","0,1,02,1",,,,,,,,,"9,9,999,9,+005,1","04,1","SYN05843057 31995 00000 10240 20169 40106 70400 333 10264 58005=",
"43057099999","2023-01-17T03:00:00","4","18.9","72.8166666","11.0","BOMBAY COLABA, IN","FM-12","99999","V020","999,9,C,0000,1","99999,9,9,N","002000,1,9,9","+0198,1","+0175,1","10138,1",,,"0,1,02,1","0,1,02,1",,,,,,,,"240,N,+0180,1","9,9,999,9,-001,1","05,1","SYN06843057 31995 00000 10198 20175 40138 70500 333 20180 59001 555 10000=",
"43057099999","2023-01-17T06:00:00","4","18.9","72.8166666","11.0","BOMBAY COLABA, IN","FM-12","99999","V020","999,9,C,0000,1","99999,9,9,N","002000,1,9,9","+0248,1","+0178,1","10146,1",,,"0,1,02,1","0,1,02,1",,,,,,,,,"9,9,999,9,+004,1","04,1","SYN05243057 31995 00000 10248 20178 40146 70400 333 58004=",
"43057099999","2023-01-17T12:00:00","4","18.9","72.8166666","11.0","BOMBAY COLABA, IN","FM-12","99999","V020","320,1,N,0005,1","99999,9,9,N","002000,1,9,9","+0248,1","+0189,1","10112,1",,,"0,1,02,1","0,1,02,1",,,,,,,,,"9,9,999,9,+006,1","04,1","SYN05843057 31995 03201 10248 20189 40112 70400 333 10270 58006=",
"43057099999","2023-01-18T03:00:00","4","18.9","72.8166666","11.0","BOMBAY COLABA, IN","FM-12","99999","V020","070,1,N,0010,1","99999,9,9,N","002000,1,9,9","+0204,1","+0164,1","10147,1",,,"0,1,02,1","0,1,02,1",,,,,,,,"240,N,+0182,1","9,9,999,9,+009,1","05,1","SYN06843057 31995 00702 10204 20164 40147 70500 333 20182 58009 555 10000=",
"43057099999","2023-01-18T06:00:00","4","18.9","72.8166666","11.0","BOMBAY COLABA, IN","FM-12","99999","V020","070,1,N,0010,1","99999,9,9,N","002000,1,9,9","+0260,1","+0170,1","10154,1",,,"0,1,02,1","0,1,02,1",,,,,,,,,"9,9,999,9,+008,1","04,1","SYN05243057 31995 00702 10260 20170 40154 70400 333 58008=",
"43057099999","2023-01-18T12:00:00","4","18.9","72.8166666","11.0","BOMBAY COLABA, IN","FM-12","99999","V020","290,1,N,0005,1","22000,1,9,N","002000,1,9,9","+0274,1","+0180,1","10117,1",,,"0,1,02,1","0,1,02,1",,,"99,9,+99999,9,00,1",,,"9,AGL   ,+99999,+99999","01,99,1,00,1,99,9,99999,9,99,9,99,9",,"9,9,999,9,+005,1","04,1","SYN06443057 31995 12901 10274 20180 40117 70400 80001 333 10316 58005=","Q01    003SCCGA1"
"43057099999","2023-01-19T03:00:00","4","18.9","72.8166666","11.0","BOMBAY COLABA, IN","FM-12","99999","V020","999,9,C,0000,1","99999,9,9,N","002000,1,9,9","+0200,1","+0190,1","10153,1",,,"0,1,02,1","0,1,02,1",,,,,,,,"240,N,+0188,1","9,9,999,9,+006,1","05,1","SYN06843057 31995 00000 10200 20190 40153 70500 333 20188 58006 555 10000=",
"43057099999","2023-01-19T06:00:00","4","18.9","72.8166666","11.0","BOMBAY COLABA, IN","FM-12","99999","V020","999,9,C,0000,1","99999,9,9,N","002000,1,9,9","+0254,1","+0192,1","10157,1",,,"0,1,02,1","0,1,02,1",,,,,,,,,"9,9,999,9,+003,1","04,1","SYN05243057 31995 00000 10254 20192 40157 70400 333 58003=",
"43057099999","2023-01-19T09:00:00","4","18.9","72.8166666","11.0","BOMBAY COLABA, IN","FM-12","99999","V020","999,9,C,0000,1","99999,9,9,N","002000,1,9,9","+0280,1","+0194,1","10124,1",,,"0,1,02,1","0,1,02,1",,,,,,,,,"9,9,999,9,+002,1","04,1","SYN05243057 31995 00000 10280 20194 40124 70400 333 58002=",
"43057099999","2023-01-19T12:00:00","4","18.9","72.8166666","11.0","BOMBAY COLABA, IN","FM-12","99999","V020","999,9,C,0000,1","99999,9,9,N","002000,1,9,9","+0262,1","+0197,1","10116,1",,,"0,1,02,1","0,1,02,1",,,,,,,,,"9,9,999,9,-001,1","04,1","SYN05843057 31995 00000 10262 20197 40116 70400 333 10282 59001=",
"43057099999","2023-01-20T03:00:00","4","18.9","72.8166666","11.0","BOMBAY COLABA, IN","FM-12","99999","V020","999,9,C,0000,1","99999,9,9,N","002000,1,9,9","+0206,1","+0193,1","10147,1",,,"0,1,02,1","0,1,02,1",,,,,,,,"240,N,+0195,1","9,9,999,9,-006,1","05,1","SYN06843057 31995 00000 10206 20193 40147 70500 333 20195 59006 555 10000=",
"43057099999","2023-01-20T12:00:00","4","18.9","72.8166666","11.0","BOMBAY COLABA, IN","FM-12","99999","V020","999,9,C,0000,1","99999,9,9,N","002000,1,9,9","+0262,1","+0187,1","10120,1",,,"0,1,02,1","0,1,02,1",,,,,,,,,"9,9,999,9,+004,1","04,1","SYN05843057 31995 00000 10262 20187 40120 70400 333 10282 58004=",
"43057099999","2023-01-21T00:00:00","4","18.9","72.8166666","11.0","BOMBAY COLABA, IN","FM-12","99999","V020","999,9,C,0000,1","99999,9,9,N","002000,1,9,9","+0212,1","+0187,1","10131,1",,,"0,1,02,1","0,1,02,1",,,,,,,,,"9,9,999,9,+010,1","05,1","SYN05243057 31995 00000 10212 20187 40131 70500 333 58010=",
"43057099999","2023-01-21T03:00:00","4","18.9","72.8166666","11.0","BOMBAY COLABA, IN","FM-12","99999","V020","999,9,C,0000,1","99999,9,9,N","002000,1,9,9","+0218,1","+0199,1","10153,1",,,"0,1,02,1","0,1,02,1",,,,,,,,"240,N,+0195,1","9,9,999,9,+006,1","05,1","SYN06843057 31995 00000 10218 20199 40153 70500 333 20195 58006 555 10000=",
"43057099999","2023-01-21T12:00:00","4","18.9","72.8166666","11.0","BOMBAY COLABA, IN","FM-12","99999","V020","999,9,C,0000,1","99999,9,9,N","002000,1,9,9","+0256,1","+0092,1","10120,1",,,"0,1,02,1","0,1,02,1",,,,,,,,,"9,9,999,9,+000,1","04,1","SYN05843057 31995 00000 10256 20092 40120 70400 333 10272 58000=",
"43057099999","2023-01-22T03:00:00","4","18.9","72.8166666","11.0","BOMBAY COLABA, IN","FM-12","99999","V020","999,9,C,0000,1","99999,9,9,N","002000,1,9,9","+0206,1","+0103,1","10147,1",,,"0,1,02,1","0,1,02,1",,,,,,,,"240,N,+0192,1","9,9,999,9,-006,1","05,1","SYN06843057 31995 00000 10206 20103 40147 70500 333 20192 59006 555 10000=",
"43057099999","2023-01-22T12:00:00","4","18.9","72.8166666","11.0","BOMBAY COLABA, IN","FM-12","99999","V020","320,1,N,0015,1","99999,9,9,N","002000,1,9,9","+0236,1","+0129,1","10113,1",,,"0,1,02,1","0,1,02,1",,,,,,,,"240,M,+0264,1","9,9,999,9,-007,1","04,1","SYN05843057 31995 03203 10236 20129 40113 70400 333 10264 59007=",
"43057099999","2023-01-23T00:00:00","4","18.9","72.8166666","11.0","BOMBAY COLABA, IN","FM-12","99999","V020","999,9,C,0000,1","99999,9,9,N","002000,1,9,9","+0192,1","+0128,1","10117,1",,,"0,1,02,1","0,1,02,1",,,,,,,,,"9,9,999,9,-006,1","04,1","SYN05243057 31995 00000 10192 20128 40117 70400 333 59006=",
"43057099999","2023-01-23T03:00:00","4","18.9","72.8166666","11.0","BOMBAY COLABA, IN","FM-12","99999","V020","999,9,C,0000,1","99999,9,9,N","002000,1,9,9","+0200,1","+0109,1","10137,1",,,"0,1,02,1","0,1,02,1",,,,,,,,"240,N,+0175,1","9,9,999,9,-010,1","04,1","SYN06843057 31995 00000 10200 20109 40137 70400 333 20175 59010 555 10000=",
"43057099999","2023-01-23T06:00:00","4","18.9","72.8166666","11.0","BOMBAY COLABA, IN","FM-12","99999","V020","320,1,N,0005,1","99999,9,9,N","002000,1,9,9","+0244,1","+0134,1","10142,1",,,"0,1,02,1","0,1,02,1",,,,,,,,,"9,9,999,9,-007,1","04,1","SYN05243057 31995 03201 10244 20134 40142 70400 333 59007=",
"43057099999","2023-01-23T09:00:00","4","18.9","72.8166666","11.0","BOMBAY COLABA, IN","FM-12","99999","V020","999,9,C,0000,1","99999,9,9,N","002000,1,9,9","+0252,1","+0128,1","10111,1",,,"0,1,02,1","0,1,02,1",,,,,,,,,"9,9,999,9,-007,1","04,1","SYN05243057 31995 00000 10252 20128 40111 70400 333 59007=",
"43057099999","2023-01-23T12:00:00","4","18.9","72.8166666","11.0","BOMBAY COLABA, IN","FM-12","99999","V020","340,1,N,0010,1","99999,9,9,N","002000,1,9,9","+0232,1","+0128,1","10107,1",,,"0,1,02,1","0,1,02,1",,,,,,,,,"9,9,999,9,-006,1","04,1","SYN05843057 31995 03402 10232 20128 40107 70400 333 10255 59006=",
"43057099999","2023-01-24T03:00:00","4","18.9","72.8166666","11.0","BOMBAY COLABA, IN","FM-12","99999","V020","999,9,C,0000,1","99999,9,9,N","002000,1,9,9","+0200,1","+0095,1","10140,1",,,"0,1,02,1","0,1,02,1",,,,,,,,"240,N,+0176,1","9,9,999,9,+003,1","04,1","SYN06843057 31995 00000 10200 20095 40140 70400 333 20176 58003 555 10000=",
"43057099999","2023-01-24T12:00:00","4","18.9","72.8166666","11.0","BOMBAY COLABA, IN","FM-12","99999","V020","340,1,N,0010,1","99999,9,9,N","002000,1,9,9","+0234,1","+0130,1","10116,1",,,"0,1,02,1","0,1,02,1",,,,,,,,,"9,9,999,9,+009,1","04,1","SYN05843057 31995 03402 10234 20130 40116 70400 333 10252 58009=",
"43057099999","2023-01-25T03:00:00","4","18.9","72.8166666","11.0","BOMBAY COLABA, IN","FM-12","99999","V020","999,9,C,0000,1","99999,9,9,N","002000,1,9,9","+0194,1","+0110,1","10144,1",,,"0,1,02,1","0,1,02,1",,,,,,,,"240,N,+0176,1","9,9,999,9,+004,1","04,1","SYN06843057 31995 00000 10194 20110 40144 70400 333 20176 58004 555 10000=",
"43057099999","2023-01-25T06:00:00","4","18.9","72.8166666","11.0","BOMBAY COLABA, IN","FM-12","99999","V020","999,9,C,0000,1","99999,9,9,N","002000,1,9,9","+0238,1","+0118,1","10142,1",,,"0,1,02,1","0,1,02,1",,,,,,,,,"9,9,999,9,-009,1","04,1","SYN05243057 31995 00000 10238 20118 40142 70400 333 59009=",
"43057099999","2023-01-25T12:00:00","4","18.9","72.8166666","11.0","BOMBAY COLABA, IN","FM-12","99999","V020","340,1,N,0010,1","99999,9,9,N","002000,1,9,9","+0236,1","+0129,1","10113,1",,,"0,1,02,1","0,1,02,1",,,,,,,,,"9,9,999,9,-003,1","04,1","SYN05843057 31995 03402 10236 20129 40113 70400 333 10252 59003=",
"43057099999","2023-01-26T03:00:00","4","18.9","72.8166666","11.0","BOMBAY COLABA, IN","FM-12","99999","V020","999,9,C,0000,1","99999,9,9,N","002000,1,9,9","+0200,1","+0109,1","10136,1",,,"0,1,02,1","0,1,02,1",,,,,,,,"240,N,+0184,1","9,9,999,9,-008,1","04,1","SYN06843057 31995 00000 10200 20109 40136 70400 333 20184 59008 555 10000=",
"43057099999","2023-01-26T06:00:00","4","18.9","72.8166666","11.0","BOMBAY COLABA, IN","FM-12","99999","V020","999,9,C,0000,1","99999,9,9,N","002000,1,9,9","+0248,1","+0136,1","10136,1",,,"0,1,02,1","0,1,02,1",,,,,,,,,"9,9,999,9,-006,1","04,1","SYN05243057 31995 00000 10248 20136 40136 70400 333 59006=",
"43057099999","2023-01-26T12:00:00","4","18.9","72.8166666","11.0","BOMBAY COLABA, IN","FM-12","99999","V020","340,1,N,0005,1","99999,9,9,N","002000,1,9,9","+0250,1","+0191,1","10103,1",,,"0,1,02,1","0,1,02,1",,,,,,,,,"9,9,999,9,+002,1","04,1","SYN05843057 31995 03401 10250 20191 40103 70400 333 10257 58002=",
"43057099999","2023-01-27T03:00:00","4","18.9","72.8166666","11.0","BOMBAY COLABA, IN","FM-12","99999","V020","999,9,C,0000,1","99999,9,9,N","002000,1,9,9","+0222,1","+0184,1","10125,1",,,"0,1,02,1","0,1,02,1",,,,,,,,"240,N,+0186,1","9,9,999,9,-011,1","05,1","SYN06843057 31995 00000 10222 20184 40125 70500 333 20186 59011 555 10000=",
"43057099999","2023-01-27T06:00:00","4","18.9","72.8166666","11.0","BOMBAY COLABA, IN","FM-12","99999","V020","999,9,C,0000,1","99999,9,9,N","002000,1,9,9","+0280,1","+0168,1","10125,1",,,"0,1,02,1","0,1,02,1",,,,,,,,,"9,9,999,9,-011,1","04,1","SYN05243057 31995 00000 10280 20168 40125 70400 333 59011=",
"43057099999","2023-01-27T12:00:00","4","18.9","72.8166666","11.0","BOMBAY COLABA, IN","FM-12","99999","V020","290,1,N,0005,1","22000,1,9,N","002000,1,9,9","+0262,1","+0214,1","10094,1",,,"0,1,02,1","0,1,02,1",,,"99,9,+99999,9,00,1",,,"9,AGL   ,+99999,+99999","01,99,1,00,1,99,9,99999,9,99,9,99,9",,"9,9,999,9,-009,1","05,1","SYN06443057 31995 12901 10262 20214 40094 70500 80001 333 10310 59009=","Q01    003SCCGA1"
"43057099999","2023-01-28T03:00:00","4","18.9","72.8166666","11.0","BOMBAY COLABA, IN","FM-12","99999","V020","999,9,C,0000,1","99999,9,9,N","002000,1,9,9","+0226,1","+0208,1","10121,1",,,"0,1,02,1","0,1,02,1",,,,,,,,"240,N,+0205,1","9,9,999,9,-004,1","05,1","SYN06843057 31995 00000 10226 20208 40121 70500 333 20205 59004 555 10000=",
"43057099999","2023-01-28T06:00:00","4","18.9","72.8166666","11.0","BOMBAY COLABA, IN","FM-12","99999","V020","999,9,C,0000,1","99999,9,9,N","002000,1,9,9","+0280,1","+0140,1","10120,1",,,"0,1,02,1","0,1,02,1",,,,,,,,,"9,9,999,9,-005,1","04,1","SYN05243057 31995 00000 10280 20140 40120 70400 333 59005=",
"43057099999","2023-01-28T12:00:00","4","18.9","72.8166666","11.0","BOMBAY COLABA, IN","FM-12","99999","V020","270,1,N,0005,1","99999,9,9,N","002000,1,9,9","+0274,1","+0233,1","10084,1",,,"0,1,02,1","0,1,02,1",,,,,,,,,"9,9,999,9,-010,1","05,1","SYN05843057 31995 02701 10274 20233 40084 70500 333 10305 59010=",
"43057099999","2023-01-29T03:00:00","4","18.9","72.8166666","11.0","BOMBAY COLABA, IN","FM-12","99999","V020","999,9,C,0000,1","99999,9,9,N","002000,1,9,9","+0230,1","+0202,1","10113,1",,,"0,1,02,1","0,1,02,1",,,,,,,,"240,N,+0212,1","9,9,999,9,-008,1","05,1","SYN06843057 31995 00000 10230 20202 40113 70500 333 20212 59008 555 10000=",
"43057099999","2023-01-29T12:00:00","4","18.9","72.8166666","11.0","BOMBAY COLABA, IN","FM-12","99999","V020","999,9,C,0000,1","99999,9,9,N","002000,1,9,9","+0266,1","+0225,1","10084,1",,,"0,1,02,1","0,1,02,1",,,,,,,,,"9,9,999,9,+000,1","05,1","SYN05843057 31995 00000 10266 20225 40084 70500 333 10290 58000=",
"43057099999","2023-01-30T03:00:00","4","18.9","72.8166666","11.0","BOMBAY COLABA, IN","FM-12","99999","V020","999,9,C,0000,1","99999,9,9,N","002000,1,9,9","+0230,1","+0199,1","10143,1",,,"0,1,02,1","0,1,02,1",,,,,,,,"240,N,+0208,1","9,9,999,9,+030,1","05,1","SYN06843057 31995 00000 10230 20199 40143 70500 333 20208 58030 555 10000=",
"43057099999","2023-01-30T12:00:00","4","18.9","72.8166666","11.0","BOMBAY COLABA, IN","FM-12","99999","V020","340,1,N,0010,1","99999,9,9,N","002000,1,9,9","+0246,1","+0206,1","10116,1",,,"0,1,02,1","0,1,02,1",,,,,,,,"240,M,+0276,1","9,9,999,9,+032,1","05,1","SYN05843057 31995 03402 10246 20206 40116 70500 333 10276 58032=",
"43057099999","2023-01-31T03:00:00","4","18.9","72.8166666","11.0","BOMBAY COLABA, IN","FM-12","99999","V020","999,9,C,0000,1","99999,9,9,N","002000,1,9,9","+0220,1","+0171,1","10142,1",,,"0,1,02,1","0,1,02,1",,,,,,,,"240,N,+0205,1","9,9,999,9,-001,1","04,1","SYN06843057 31995 00000 10220 20171 40142 70400 333 20205 59001 555 10000=",
"43057099999","2023-01-31T12:00:00","4","18.9","72.8166666","11.0","BOMBAY COLABA, IN","FM-12","99999","V020","290,1,N,0015,1","22000,1,9,N","002000,1,9,9","+0262,1","+0211,1","10101,1",,,"0,1,02,1","0,1,02,1",,,"01,1,+00800,1,06,1",,,"9,AGL   ,+99999,+99999","01,99,1,01,1,99,9,00800,1,99,9,99,9",,"9,9,999,9,-015,1","05,1","SYN06443057 31595 12903 10262 20211 40101 70500 81500 333 10290 59015=",
"43057099999","2023-02-01T03:00:00","4","18.9","72.8166666","11.0","BOMBAY COLABA, IN","FM-12","99999","V020","999,9,C,0000,1","22000,1,9,N","002000,1,9,9","+0234,1","+0190,1","10129,1",,,"0,1,02,1","0,1,02,1",,,"01,1,+00800,1,06,1","99,9,+99999,9,03,1","99,9,+99999,9,00,1","9,AGL   ,+99999,+99999","03,99,1,01,1,99,9,00800,1,99,9,99,9","240,N,+0220,1","9,9,999,9,-013,1","05,1","SYN07443057 31595 30000 10234 20190 40129 70500 81531 333 20220 59013 555 10000=",
"43057099999","2023-02-01T12:00:00","4","18.9","72.8166666","11.0","BOMBAY COLABA, IN","FM-12","99999","V020","290,1,N,0005,1","99999,9,9,N","002000,1,9,9","+0270,1","+0210,1","10099,1",,,"0,1,02,1","0,1,02,1",,,,,,,,"240,M,+0330,1","9,9,999,9,-002,1","05,1","SYN05843057 31995 02901 10270 20210 40099 70500 333 10330 59002=",
"43057099999","2023-02-02T03:00:00","4","18.9","72.8166666","11.0","BOMBAY COLABA, IN","FM-12","99999","V020","050,1,N,0015,1","99999,9,9,N","002000,1,9,9","+0250,1","+0150,1","10135,1",,,"0,1,02,1","0,1,02,1",,,,,,,,"240,N,+0224,1","9,9,999,9,+006,1","04,1","SYN06843057 31995 00503 10250 20150 40135 70400 333 20224 58006 555 10000=",
"43057099999","2023-02-02T06:00:00","4","18.9","72.8166666","11.0","BOMBAY COLABA, IN","FM-12","99999","V020","050,1,N,0005,1","99999,9,9,N","002000,1,9,9","+0294,1","+0138,1","10137,1",,,"0,1,02,1","0,1,02,1",,,,,,,,,"9,9,999,9,+004,1","04,1","SYN05243057 31995 00501 10294 20138 40137 70400 333 58004=",
"43057099999","2023-02-02T12:00:00","4","18.9","72.8166666","11.0","BOMBAY COLABA, IN","FM-12","99999","V020","290,1,N,0010,1","99999,9,9,N","002000,1,9,9","+0274,1","+0208,1","10103,1",,,"0,1,02,1","0,1,02,1",,,,,,,,,"9,9,999,9,+004,1","05,1","SYN05843057 31995 02902 10274 20208 40103 70500 333 10332 58004=",
"43057099999","2023-02-03T03:00:00","4","18.9","72.8166666","11.0","BOMBAY COLABA, IN","FM-12","99999","V020","999,9,C,0000,1","99999,9,9,N","002000,1,9,9","+0224,1","+0172,1","10143,1",,,"0,1,02,1","0,1,02,1",,,,,,,,"240,N,+0210,1","9,9,999,9,+008,1","04,1","SYN06843057 31995 00000 10224 20172 40143 70400 333 20210 58008 555 10000=",
"43057099999","2023-02-03T06:00:00","4","18.9","72.8166666","11.0","BOMBAY COLABA, IN","FM-12","99999","V020","999,9,C,0000,1","99999,9,9,N","002000,1,9,9","+0300,1","+0114,1","10147,1",,,"0,1,02,1","0,1,02,1",,,,,,,,,"9,9,999,9,+010,1","04,1","SYN05243057 31995 00000 10300 20114 40147 70400 333 58010=",
"43057099999","2023-02-03T09:00:00","4","18.9","72.8166666","11.0","BOMBAY COLABA, IN","FM-12","99999","V020","290,1,N,0010,1","99999,9,9,N","002000,1,9,9","+0302,1","+0181,1","10114,1",,,"0,1,02,1","0,1,02,1",,,,,,,,,"9,9,999,9,+010,1","05,1","SYN05243057 31995 02902 10302 20181 40114 70500 333 58010=",
"43057099999","2023-02-03T12:00:00","4","18.9","72.8166666","11.0","BOMBAY COLABA, IN","FM-12","99999","V020","290,1,N,0010,1","22000,1,9,N","002000,1,9,9","+0270,1","+0196,1","10109,1",,,"0,1,02,1","0,1,02,1",,,"01,1,+00800,1,06,1",,,"9,AGL   ,+99999,+99999","01,99,1,01,1,99,9,00800,1,99,9,99,9",,"9,9,999,9,+006,1","04,1","SYN06443057 31595 12902 10270 20196 40109 70400 81500 333 10314 58006=",
"43057099999","2023-02-04T03:00:00","4","18.9","72.8166666","11.0","BOMBAY COLABA, IN","FM-12","99999","V020","999,9,C,0000,1","99999,9,9,N","002000,1,9,9","+0220,1","+0160,1","10127,1",,,"0,1,02,1","0,1,02,1",,,,,,,,"240,N,+0205,1","9,9,999,9,+016,1","04,1","SYN06843057 31995 00000 10220 20160 40127 70400 333 20205 58016 555 10000=",
"43057099999","2023-02-04T09:00:00","4","18.9","72.8166666","11.0","BOMBAY COLABA, IN","FM-12","99999","V020","340,1,N,0010,1","99999,9,9,N","002000,1,9,9","+0294,1","+0174,1","10102,1",,,"0,1,02,1","0,1,02,1",,,,,,,,,"9,9,999,9,-012,1","05,1","SYN05243057 31995 03402 10294 20174 40102 70500 333 59012=",
"43057099999","2023-02-04T12:00:00","4","18.9","72.8166666","11.0","BOMBAY COLABA, IN","FM-12","99999","V020","290,1,N,0010,1","99999,9,9,N","002000,1,9,9","+0282,1","+0193,1","10095,1",,,"0,1,02,1","0,1,02,1",,,,,,,,,"9,9,999,9,-014,1","05,1","SYN05843057 31995 02902 10282 20193 40095 70500 333 10300 59014=",
"43057099999","2023-02-05T03:00:00","4","18.9","72.8166666","11.0","BOMBAY COLABA, IN","FM-12","99999","V020","999,9,C,0000,1","99999,9,9,N","002000,1,9,9","+0220,1","+0198,1","10119,1",,,"0,1,02,1","0,1,02,1",,,,,,,,"240,N,+0205,1","9,9,999,9,-008,1","05,1","SYN06843057 31995 00000 10220 20198 40119 70500 333 20205 59008 555 10000=",
"43057099999","2023-02-05T06:00:00","4","18.9","72.8166666","11.0","BOMBAY COLABA, IN","FM-12","99999","V020","090,1,N,0010,1","99999,9,9,N","002000,1,9,9","+0284,1","+0141,1","10125,1",,,"0,1,02,1","0,1,02,1",,,,,,,,,"9,9,999,9,-007,1","04,1","SYN05243057 31995 00902 10284 20141 40125 70400 333 59007=",
"43057099999","2023-02-05T12:00:00","4","18.9","72.8166666","11.0","BOMBAY COLABA, IN","FM-12","99999","V020","290,1,N,0010,1","99999,9,9,N","002000,1,9,9","+0274,1","+0221,1","10093,1",,,"0,1,02,1","0,1,02,1",,,,,,,,,"9,9,999,9,-002,1","04,1","SYN05843057 31995 02902 10274 20221 40093 70400 333 10316 59002=",
"43057099999","2023-02-06T03:00:00","4","18.9","72.8166666","11.0","BOMBAY COLABA, IN","FM-12","99999","V020","999,9,C,0000,1","99999,9,9,N","002000,1,9,9","+0214,1","+0202,1","10126,1",,,"0,1,02,1","0,1,02,1",,,,,,,,"240,N,+0200,1","9,9,999,9,+007,1","05,1","SYN06843057 31995 00000 10214 20202 40126 70500 333 20200 58007 555 10000=",
"43057099999","2023-02-06T12:00:00","4","18.9","72.8166666","11.0","BOMBAY COLABA, IN","FM-12","99999","V020","320,1,N,0005,1","99999,9,9,N","002000,1,9,9","+0272,1","+0146,1","10098,1",,,"0,1,02,1","0,1,02,1",,,,,,,,,"9,9,999,9,+005,1","04,1","SYN05843057 31995 03201 10272 20146 40098 70400 333 10286 58005=",
"43057099999","2023-02-07T03:00:00","4","18.9","72.8166666","11.0","BOMBAY COLABA, IN","FM-12","99999","V020","999,9,C,0000,1","99999,9,9,N","002000,1,9,9","+0224,1","+0172,1","10127,1",,,"0,1,02,1","0,1,02,1",,,,,,,,"240,N,+0210,1","9,9,999,9,+001,1","05,1","SYN06843057 31995 00000 10224 20172 40127 70500 333 20210 58001 555 10000=",
"43057099999","2023-02-07T12:00:00","4","18.9","72.8166666","11.0","BOMBAY COLABA, IN","FM-12","99999","V020","340,1,N,0010,1","22000,1,9,N","002000,1,9,9","+0266,1","+0181,1","10093,1",,,"0,1,02,1","0,1,02,1",,,"99,9,+99999,9,00,1",,,"9,AGL   ,+99999,+99999","01,99,1,00,1,99,9,99999,9,99,9,99,9",,"9,9,999,9,-005,1","04,1","SYN06443057 31995 13402 10266 20181 40093 70400 80001 333 10302 59005=","Q01    003SCCGA1"
"43057099999","2023-02-08T03:00:00","4","18.9","72.8166666","11.0","BOMBAY COLABA, IN","FM-12","99999","V020","999,9,C,0000,1","99999,9,9,N","002000,1,9,9","+0218,1","+0199,1","10128,1",,,"0,1,02,1","0,1,02,1",,,,,,,,"240,N,+0202,1","9,9,999,9,+001,1","05,1","SYN06843057 31995 00000 10218 20199 40128 70500 333 20202 58001 555 10000=",
"43057099999","2023-02-08T12:00:00","4","18.9","72.8166666","11.0","BOMBAY COLABA, IN","FM-12","99999","V020","290,1,N,0010,1","99999,9,9,N","002000,1,9,9","+0274,1","+0194,1","10095,1",,,"0,1,02,1","0,1,02,1",,,,,,,,,"9,9,999,9,+002,1","05,1","SYN05843057 31995 02902 10274 20194 40095 70500 333 10302 58002=",
"43057099999","2023-02-09T03:00:00","4","18.9","72.8166666","11.0","BOMBAY COLABA, IN","FM-12","99999","V020","999,9,C,0000,1","99999,9,9,N","002000,1,9,9","+0220,1","+0178,1","10122,1",,,"0,1,02,1","0,1,02,1",,,,,,,,"240,N,+0205,1","9,9,999,9,-006,1","05,1","SYN06843057 31995 00000 10220 20178 40122 70500 333 20205 59006 555 10000=",
"43057099999","2023-02-09T06:00:00","4","18.9","72.8166666","11.0","BOMBAY COLABA, IN","FM-12","99999","V020","999,9,C,0000,1","99999,9,9,N","002000,1,9,9","+0300,1","+0154,1","10130,1",,,"0,1,02,1","0,1,02,1",,,,,,,,,"9,9,999,9,-005,1","05,1","SYN05243057 31995 00000 10300 20154 40130 70500 333 59005=",
"43057099999","2023-02-09T12:00:00","4","18.9","72.8166666","11.0","BOMBAY COLABA, IN","FM-12","99999","V020","320,1,N,0005,1","99999,9,9,N","002000,1,9,9","+0288,1","+0213,1","10104,1",,,"0,1,02,1","0,1,02,1",,,,,,,,,"9,9,999,9,+009,1","05,1","SYN05843057 31995 03201 10288 20213 40104 70500 333 10339 58009=",
"43057099999","2023-02-10T03:00:00","4","18.9","72.8166666","11.0","BOMBAY COLABA, IN","FM-12","99999","V020","999,9,C,0000,1","99999,9,9,N","002000,1,9,9","+0220,1","+0188,1","10144,1",,,"0,1,02,1","0,1,02,1",,,,,,,,"240,N,+0201,1","9,9,999,9,+022,1","05,1","SYN06843057 31995 00000 10220 20188 40144 70500 333 20201 58022 555 10000=",
"43057099999","2023-02-10T06:00:00","4","18.9","72.8166666","11.0","BOMBAY COLABA, IN","FM-12","99999","V020","999,9,C,0000,1","99999,9,9,N","002000,1,9,9","+0286,1","+0172,1","10150,1",,,"0,1,02,1","0,1,02,1",,,,,,,,,"9,9,999,9,+020,1","05,1","SYN05243057 31995 00000 10286 20172 40150 70500 333 58020=",
"43057099999","2023-02-10T12:00:00","4","18.9","72.8166666","11.0","BOMBAY COLABA, IN","FM-12","99999","V020","320,1,N,0005,1","99999,9,9,N","002000,1,9,9","+0270,1","+0210,1","10106,1",,,"0,1,02,1","0,1,02,1",,,,,,,,,"9,9,999,9,+002,1","05,1","SYN05843057 31995 03201 10270 20210 40106 70500 333 10304 58002=",
"43057099999","2023-02-11T03:00:00","4","18.9","72.8166666","11.0","BOMBAY COLABA, IN","FM-12","99999","V020","999,9,C,0000,1","99999,9,9,N","002000,1,9,9","+0214,1","+0157,1","10155,1",,,"0,1,02,1","0,1,02,1",,,,,,,,"240,N,+0198,1","9,9,999,9,+011,1","05,1","SYN06843057 31995 00000 10214 20157 40155 70500 333 20198 58011 555 10000=",
"43057099999","2023-02-11T06:00:00","4","18.9","72.8166666","11.0","BOMBAY COLABA, IN","FM-12","99999","V020","999,9,C,0000,1","99999,9,9,N","002000,1,9,9","+0286,1","+0126,1","10158,1",,,"0,1,02,1","0,1,02,1",,,,,,,,,"9,9,999,9,+008,1","04,1","SYN05243057 31995 00000 10286 20126 40158 70400 333 58008=",
"43057099999","2023-02-11T12:00:00","4","18.9","72.8166666","11.0","BOMBAY COLABA, IN","FM-12","99999","V020","290,1,N,0010,1","99999,9,9,N","002000,1,9,9","+0272,1","+0154,1","10117,1",,,"0,1,02,1","0,1,02,1",,,,,,,,,"9,9,999,9,+011,1","05,1","SYN05843057 31995 02902 10272 20154 40117 70500 333 10310 58011=",
"43057099999","2023-02-12T03:00:00","4","18.9","72.8166666","11.0","BOMBAY COLABA, IN","FM-12","99999","V020","999,9,C,0000,1","99999,9,9,N","002000,1,9,9","+0200,1","+0130,1","10150,1",,,"0,1,02,1","0,1,02,1",,,,,,,,"240,N,+0190,1","9,9,999,9,-005,1","05,1","SYN06843057 31995 00000 10200 20130 40150 70500 333 20190 59005 555 10000=",
"43057099999","2023-02-12T12:00:00","4","18.9","72.8166666","11.0","BOMBAY COLABA, IN","FM-12","99999","V020","340,1,N,0010,1","99999,9,9,N","002000,1,9,9","+0284,1","+0173,1","10116,1",,,"0,1,02,1","0,1,02,1",,,,,,,,,"9,9,999,9,-001,1","05,1","SYN05843057 31995 03402 10284 20173 40116 70500 333 10320 59001=",
"43057099999","2023-02-13T03:00:00","4","18.9","72.8166666","11.0","BOMBAY COLABA, IN","FM-12","99999","V020","050,1,N,0010,1","99999,9,9,N","002000,1,9,9","+0254,1","+0143,1","10150,1",,,"0,1,02,1","0,1,02,1",,,,,,,,"240,N,+0235,1","9,9,999,9,+000,1","05,1","SYN06843057 31995 00502 10254 20143 40150 70500 333 20235 58000 555 10000=",
"43057099999","2023-02-13T06:00:00","4","18.9","72.8166666","11.0","BOMBAY COLABA, IN","FM-12","99999","V020","050,1,N,0010,1","99999,9,9,N","002000,1,9,9","+0328,1","+0034,1","10156,1",,,"0,1,02,1","0,1,02,1",,,,,,,,,"9,9,999,9,+005,1","04,1","SYN05243057 31995 00502 10328 20034 40156 70400 333 58005=",
"43057099999","2023-02-13T09:00:00","4","18.9","72.8166666","11.0","BOMBAY COLABA, IN","FM-12","99999","V020","999,9,C,0000,1","99999,9,9,N","002000,1,9,9","+0320,1","+0177,2","10120,1",,,"0,1,02,1","0,1,02,1",,,,,,,,,"9,9,999,9,-002,1","05,1","SYN05243057 31995 00000 10320 20177 40120 70500 333 59002=",
"43057099999","2023-02-13T12:00:00","4","18.9","72.8166666","11.0","BOMBAY COLABA, IN","FM-12","99999","V020","340,1,N,0010,1","99999,9,9,N","002000,1,9,9","+0280,1","+0183,1","10114,1",,,"0,1,02,1","0,1,02,1",,,,,,,,,"9,9,999,9,-002,1","04,1","SYN05843057 31995 03402 10280 20183 40114 70400 333 10370 59002=",
"43057099999","2023-02-14T00:00:00","4","18.9","72.8166666","11.0","BOMBAY COLABA, IN","FM-12","99999","V020","999,9,C,0000,1","99999,9,9,N","002000,1,9,9","+0228,1","+0180,1","10129,1",,,"0,1,02,1","0,1,02,1",,,,,,,,,"9,9,999,9,+004,1","05,1","SYN05243057 31995 00000 10228 20180 40129 70500 333 58004=",
"43057099999","2023-02-14T03:00:00","4","18.9","72.8166666","11.0","BOMBAY COLABA, IN","FM-12","99999","V020","050,1,N,0010,1","99999,9,9,N","002000,1,9,9","+0230,1","+0168,1","10153,1",,,"0,1,02,1","0,1,02,1",,,,,,,,"240,N,+0212,1","9,9,999,9,+003,1","05,1","SYN06843057 31995 00502 10230 20168 40153 70500 333 20212 58003 555 10000=",
"43057099999","2023-02-14T12:00:00","4","18.9","72.8166666","11.0","BOMBAY COLABA, IN","FM-12","99999","V020","320,1,N,0005,1","99999,9,9,N","002000,1,9,9","+0282,1","+0220,1","10108,1",,,"0,1,02,1","0,1,02,1",,,,,,,,,"9,9,999,9,-006,1","04,1","SYN05843057 31995 03201 10282 20220 40108 70400 333 10342 59006=",
"43057099999","2023-02-15T03:00:00","4","18.9","72.8166666","11.0","BOMBAY COLABA, IN","FM-12","99999","V020","070,1,N,0005,1","99999,9,9,N","002000,1,9,9","+0228,1","+0170,1","10132,1",,,"0,1,02,1","0,1,02,1",,,,,,,,"240,N,+0206,1","9,9,999,9,-021,1","04,1","SYN06843057 31995 00701 10228 20170 40132 70400 333 20206 59021 555 10000=",
"43057099999","2023-02-15T12:00:00","4","18.9","72.8166666","11.0","BOMBAY COLABA, IN","FM-12","99999","V020","290,1,N,0010,1","22000,1,9,N","002000,1,9,9","+0286,1","+0218,1","10092,1",,,"0,1,02,1","0,1,02,1",,,"01,1,+00800,1,06,1",,,"9,AGL   ,+99999,+99999","01,99,1,01,1,99,9,00800,1,99,9,99,9",,"9,9,999,9,-016,1","04,1","SYN06443057 31595 12902 10286 20218 40092 70400 81500 333 10328 59016=",
"43057099999","2023-02-16T00:00:00","4","18.9","72.8166666","11.0","BOMBAY COLABA, IN","FM-12","99999","V020","070,1,N,0010,1","99999,9,9,N","002000,1,9,9","+0230,1","+0186,1","10107,1",,,"0,1,02,1","0,1,02,1",,,,,,,,,"9,9,999,9,-004,1","05,1","SYN05243057 31995 00702 10230 20186 40107 70500 333 59004=",
"43057099999","2023-02-16T03:00:00","4","18.9","72.8166666","11.0","BOMBAY COLABA, IN","FM-12","99999","V020","070,1,N,0010,1","99999,9,9,N","002000,1,9,9","+0226,1","+0175,1","10134,1",,,"0,1,02,1","0,1,02,1",,,,,,,,"240,N,+0212,1","9,9,999,9,+002,1","05,1","SYN06843057 31995 00702 10226 20175 40134 70500 333 20212 58002 555 10000=",
"43057099999","2023-02-16T12:00:00","4","18.9","72.8166666","11.0","BOMBAY COLABA, IN","FM-12","99999","V020","340,1,N,0005,1","99999,9,9,N","002000,1,9,9","+0300,1","+0150,1","10100,1",,,"0,1,02,1","0,1,02,1",,,,,,,,,"9,9,999,9,+008,1","04,1","SYN05843057 31995 03401 10300 20150 40100 70400 333 10364 58008=",
"43057099999","2023-02-17T03:00:00","4","18.9","72.8166666","11.0","BOMBAY COLABA, IN","FM-12","99999","V020","999,9,C,0000,1","99999,9,9,N","002000,1,9,9","+0244,1","+0177,1","10138,1",,,"0,1,02,1","0,1,02,1",,,,,,,,"240,N,+0222,1","9,9,999,9,+004,1","04,1","SYN06843057 31995 00000 10244 20177 40138 70400 333 20222 58004 555 10000=",
"43057099999","2023-02-17T12:00:00","4","18.9","72.8166666","11.0","BOMBAY COLABA, IN","FM-12","99999","V020","340,1,N,0010,1","99999,9,9,N","002000,1,9,9","+0310,1","+0172,1","10101,1",,,"0,1,02,1","0,1,02,1",,,,,,,,,"9,9,999,9,+001,1","04,1","SYN05843057 31995 03402 10310 20172 40101 70400 333 10341 58001=",
"43057099999","2023-02-18T03:00:00","4","18.9","72.8166666","11.0","BOMBAY COLABA, IN","FM-12","99999","V020","999,9,C,0000,1","99999,9,9,N","002000,1,9,9","+0246,1","+0193,1","10135,1",,,"0,1,02,1","0,1,02,1",,,,,,,,"240,N,+0220,1","9,9,999,9,-003,1","05,1","SYN06843057 31995 00000 10246 20193 40135 70500 333 20220 59003 555 10000=",
"43057099999","2023-02-18T12:00:00","4","18.9","72.8166666","11.0","BOMBAY COLABA, IN","FM-12","99999","V020","320,1,N,0010,1","99999,9,9,N","002000,1,9,9","+0298,1","+0211,1","10099,1",,,"0,1,02,1","0,1,02,1",,,,,,,,"240,M,+0353,1","9,9,999,9,-002,1","04,1","SYN05843057 31995 03202 10298 20211 40099 70400 333 10353 59002=",
"43057099999","2023-02-19T03:00:00","4","18.9","72.8166666","11.0","BOMBAY COLABA, IN","FM-12","99999","V020","999,9,C,0000,1","99999,9,9,N","002000,1,9,9","+0236,1","+0185,1","10139,1",,,"0,1,02,1","0,1,02,1",,,,,,,,"240,N,+0214,1","9,9,999,9,+004,1","04,1","SYN06843057 31995 00000 10236 20185 40139 70400 333 20214 58004 555 10000=",
"43057099999","2023-02-19T12:00:00","4","18.9","72.8166666","11.0","BOMBAY COLABA, IN","FM-12","99999","V020","999,9,C,0000,1","99999,9,9,N","002000,1,9,9","+0280,1","+0227,1","10099,1",,,"0,1,02,1","0,1,02,1",,,,,,,,,"9,9,999,9,+000,1","05,1","SYN05843057 31995 00000 10280 20227 40099 70500 333 10342 58000=",
"43057099999","2023-02-20T03:00:00","4","18.9","72.8166666","11.0","BOMBAY COLABA, IN","FM-12","99999","V020","999,9,C,0000,1","99999,9,9,N","002000,1,9,9","+0240,1","+0219,1","10141,1",,,"0,1,02,1","0,1,02,1",,,,,,,,"240,N,+0210,1","9,9,999,9,+002,1","05,1","SYN06843057 31995 00000 10240 20219 40141 70500 333 20210 58002 555 10000=",
"43057099999","2023-02-20T06:00:00","4","18.9","72.8166666","11.0","BOMBAY COLABA, IN","FM-12","99999","V020","999,9,C,0000,1","99999,9,9,N","002000,1,9,9","+0296,1","+0212,1","10142,1",,,"0,1,02,1","0,1,02,1",,,,,,,,,"9,9,999,9,+002,1","05,1","SYN05243057 31995 00000 10296 20212 40142 70500 333 58002=",
"43057099999","2023-02-20T12:00:00","4","18.9","72.8166666","11.0","BOMBAY COLABA, IN","FM-12","99999","V020","320,1,N,0021,1","99999,9,9,N","002000,1,9,9","+0290,1","+0244,1","10108,1",,,"0,1,02,1","0,1,02,1",,,,,,,,,"9,9,999,9,+009,1","05,1","SYN05843057 31995 03204 10290 20244 40108 70500 333 10318 58009=",
"43057099999","2023-02-21T03:00:00","4","18.9","72.8166666","11.0","BOMBAY COLABA, IN","FM-12","99999","V020","999,9,C,0000,1","99999,9,9,N","002000,1,9,9","+0240,1","+0225,1","10145,1",,,"0,1,02,1","0,1,02,1",,,,,,,,"240,N,+0225,1","9,9,999,9,+004,1","05,1","SYN06843057 31995 00000 10240 20225 40145 70500 333 20225 58004 555 10000=",
"43057099999","2023-02-21T06:00:00","4","18.9","72.8166666","11.0","BOMBAY COLABA, IN","FM-12","99999","V020","999,9,C,0000,1","99999,9,9,N","002000,1,9,9","+0300,1","+0158,1","10148,1",,,"0,1,02,1","0,1,02,1",,,,,,,,,"9,9,999,9,+006,1","04,1","SYN05243057 31995 00000 10300 20158 40148 70400 333 58006=",
"43057099999","2023-02-21T12:00:00","4","18.9","72.8166666","11.0","BOMBAY COLABA, IN","FM-12","99999","V020","290,1,N,0010,1","99999,9,9,N","002000,1,9,9","+0282,1","+0223,1","10117,1",,,"0,1,02,1","0,1,02,1",,,,,,,,,"9,9,999,9,+009,1","05,1","SYN05843057 31995 02902 10282 20223 40117 70500 333 10314 58009=",
"43057099999","2023-02-22T03:00:00","4","18.9","72.8166666","11.0","BOMBAY COLABA, IN","FM-12","99999","V020","999,9,C,0000,1","99999,9,9,N","002000,1,9,9","+0232,1","+0201,1","10140,1",,,"0,1,02,1","0,1,02,1",,,,,,,,"240,N,+0209,1","9,9,999,9,-005,1","05,1","SYN06843057 31995 00000 10232 20201 40140 70500 333 20209 59005 555 10000=",
"43057099999","2023-02-22T06:00:00","4","18.9","72.8166666","11.0","BOMBAY COLABA, IN","FM-12","99999","V020","340,1,N,0010,1","99999,9,9,N","002000,1,9,9","+0282,1","+0226,1","10146,1",,,"0,1,02,1","0,1,02,1",,,,,,,,,"9,9,999,9,-002,1","05,1","SYN05243057 31995 03402 10282 20226 40146 70500 333 59002=",
"43057099999","2023-02-22T12:00:00","4","18.9","72.8166666","11.0","BOMBAY COLABA, IN","FM-12","99999","V020","290,1,N,0005,1","22000,1,9,N","002000,1,9,9","+0268,1","+0214,1","10108,1",,,"0,1,02,1","0,1,02,1",,,"99,9,+99999,9,00,1",,,"9,AGL   ,+99999,+99999","01,99,1,00,1,99,9,99999,9,99,9,99,9",,"9,9,999,9,-009,1","04,1","SYN06443057 31995 12901 10268 20214 40108 70400 80001 333 10292 59009=","Q01    003SCCGA1"
"43057099999","2023-02-23T03:00:00","4","18.9","72.8166666","11.0","BOMBAY COLABA, IN","FM-12","99999","V020","999,9,C,0000,1","99999,9,9,N","002000,1,9,9","+0224,1","+0186,1","10132,1",,,"0,1,02,1","0,1,02,1",,,,,,,,"240,N,+0202,1","9,9,999,9,-008,1","05,1","SYN06843057 31995 00000 10224 20186 40132 70500 333 20202 59008 555 10000=",
"43057099999","2023-02-23T12:00:00","4","18.9","72.8166666","11.0","BOMBAY COLABA, IN","FM-12","99999","V020","290,1,N,0010,1","99999,9,9,N","002000,1,9,9","+0278,1","+0215,1","10100,1",,,"0,1,02,1","0,1,02,1",,,,,,,,,"9,9,999,9,-008,1","05,1","SYN05843057 31995 02902 10278 20215 40100 70500 333 10305 59008=",
"43057099999","2023-02-24T03:00:00","4","18.9","72.8166666","11.0","BOMBAY COLABA, IN","FM-12","99999","V020","999,9,C,0000,1","99999,9,9,N","002000,1,9,9","+0226,1","+0208,1","10138,1",,,"0,1,02,1","0,1,02,1",,,,,,,,"240,N,+0220,1","9,9,999,9,+006,1","05,1","SYN06843057 31995 00000 10226 20208 40138 70500 333 20220 58006 555 10000=",
"43057099999","2023-02-24T12:00:00","4","18.9","72.8166666","11.0","BOMBAY COLABA, IN","FM-12","99999","V020","999,9,C,0000,1","99999,9,9,N","002000,1,9,9","+0292,1","+0194,1","10110,1",,,"0,1,02,1","0,1,02,1",,,,,,,,,"9,9,999,9,+010,1","04,1","SYN05843057 31995 00000 10292 20194 40110 70400 333 10320 58010=",
"43057099999","2023-02-25T03:00:00","4","18.9","72.8166666","11.0","BOMBAY COLABA, IN","FM-12","99999","V020","999,9,C,0000,1","99999,9,9,N","002000,1,9,9","+0244,1","+0126,1","10161,1",,,"0,1,02,1","0,1,02,1",,,,,,,,"240,N,+0230,1","9,9,999,9,+023,1","04,1","SYN06843057 31995 00000 10244 20126 40161 70400 333 20230 58023 555 10000=",
"43057099999","2023-02-25T09:00:00","4","18.9","72.8166666","11.0","BOMBAY COLABA, IN","FM-12","99999","V020","290,1,N,0010,1","99999,9,9,N","002000,1,9,9","+0316,1","+0209,1","10130,1",,,"0,1,02,1","0,1,02,1",,,,,,,,,"9,9,999,9,+014,1","05,1","SYN05243057 31995 02902 10316 20209 40130 70500 333 58014=",
"43057099999","2023-02-25T12:00:00","4","18.9","72.8166666","11.0","BOMBAY COLABA, IN","FM-12","99999","V020","290,1,N,0010,1","99999,9,9,N","002000,1,9,9","+0292,1","+0221,1","10123,1",,,"0,1,02,1","0,1,02,1",,,,,,,,,"9,9,999,9,+013,1","05,1","SYN05843057 31995 02902 10292 20221 40123 70500 333 10326 58013=",
"43057099999","2023-02-26T03:00:00","4","18.9","72.8166666","11.0","BOMBAY COLABA, IN","FM-12","99999","V020","999,9,C,0000,1","99999,9,9,N","002000,1,9,9","+0228,1","+0166,1","10162,1",,,"0,1,02,1","0,1,02,1",,,,,,,,"240,N,+0216,1","9,9,999,9,+001,1","05,1","SYN06843057 31995 00000 10228 20166 40162 70500 333 20216 58001 555 10000=",
"43057099999","2023-02-26T12:00:00","4","18.9","72.8166666","11.0","BOMBAY COLABA, IN","FM-12","99999","V020","340,1,N,0005,1","99999,9,9,N","002000,1,9,9","+0294,1","+0210,1","10126,1",,,"0,1,02,1","0,1,02,1",,,,,,,,,"9,9,999,9,+003,1","04,1","SYN05843057 31995 03401 10294 20210 40126 70400 333 10324 58003=",
"43057099999","2023-02-27T03:00:00","4","18.9","72.8166666","11.0","BOMBAY COLABA, IN","FM-12","99999","V020","999,9,C,0000,1","99999,9,9,N","002000,1,9,9","+0244,1","+0207,1","10158,1",,,"0,1,02,1","0,1,02,1",,,,,,,,"240,N,+0224,1","9,9,999,9,-004,1","05,1","SYN06843057 31995 00000 10244 20207 40158 70500 333 20224 59004 555 10000=",
"43057099999","2023-02-27T12:00:00","4","18.9","72.8166666","11.0","BOMBAY COLABA, IN","FM-12","99999","V020","290,1,N,0010,1","99999,9,9,N","002000,1,9,9","+0298,1","+0211,1","10129,1",,,"0,1,02,1","0,1,02,1",,,,,,,,,"9,9,999,9,+003,1","05,1","SYN05843057 31995 02902 10298 20211 40129 70500 333 10320 58003=",
"43057099999","2023-02-28T03:00:00","4","18.9","72.8166666","11.0","BOMBAY COLABA, IN","FM-12","99999","V020","999,9,C,0000,1","99999,9,9,N","002000,1,9,9","+0240,1","+0200,1","10162,1",,,"0,1,02,1","0,1,02,1",,,,,,,,"240,N,+0222,1","9,9,999,9,+004,1","05,1","SYN06843057 31995 00000 10240 20200 40162 70500 333 20222 58004 555 10000=",
"43057099999","2023-02-28T12:00:00","4","18.9","72.8166666","11.0","BOMBAY COLABA, IN","FM-12","99999","V020","290,1,N,0005,1","99999,9,9,N","002000,1,9,9","+0280,1","+0197,1","10132,1",,,"0,1,02,1","0,1,02,1",,,,,,,,,"9,9,999,9,+003,1","04,1","SYN05843057 31995 02901 10280 20197 40132 70400 333 10314 58003=",
"43057099999","2023-03-01T03:00:00","4","18.9","72.8166666","11.0","BOMBAY COLABA, IN","FM-12","99999","V020","999,9,C,0000,1","99999,9,9,N","002000,1,9,9","+0240,1","+0185,1","10169,1",,,"0,1,02,1","0,1,02,1",,,,,,,,"240,N,+0218,1","9,9,999,9,+007,1","05,1","SYN06843057 31995 00000 10240 20185 40169 70500 333 20218 58007 555 10000=",
"43057099999","2023-03-01T06:00:00","4","18.9","72.8166666","11.0","BOMBAY COLABA, IN","FM-12","99999","V020","999,9,C,0000,1","99999,9,9,N","002000,1,9,9","+0312,1","+0081,1","10174,1",,,"0,1,02,1","0,1,02,1",,,,,,,,,"9,9,999,9,+004,1","04,1","SYN05243057 31995 00000 10312 20081 40174 70400 333 58004=",
"43057099999","2023-03-01T12:00:00","4","18.9","72.8166666","11.0","BOMBAY COLABA, IN","FM-12","99999","V020","999,9,C,0000,1","99999,9,9,N","002000,1,9,9","+0294,1","+0236,1","10130,1",,,"0,1,02,1","0,1,02,1",,,,,,,,,"9,9,999,9,-002,1","05,1","SYN05843057 31995 00000 10294 20236 40130 70500 333 10322 59002=",
"43057099999","2023-03-02T03:00:00","4","18.9","72.8166666","11.0","BOMBAY COLABA, IN","FM-12","99999","V020","999,9,C,0000,1","99999,9,9,N","002000,1,9,9","+0246,1","+0206,1","10169,1",,,"0,1,02,1","0,1,02,1",,,,,,,,"240,N,+0227,1","9,9,999,9,+000,1","05,1","SYN06843057 31995 00000 10246 20206 40169 70500 333 20227 58000 555 10000=",
"43057099999","2023-03-02T12:00:00","4","18.9","72.8166666","11.0","BOMBAY COLABA, IN","FM-12","99999","V020","999,9,C,0000,1","99999,9,9,N","002000,1,9,9","+0314,1","+0148,1","10130,1",,,"0,1,02,1","0,1,02,1",,,,,,,,,"9,9,999,9,+000,1","04,1","SYN05843057 31995 00000 10314 20148 40130 70400 333 10336 58000=",
"43057099999","2023-03-04T03:00:00","4","18.9","72.8166666","11.0","BOMBAY COLABA, IN","FM-12","99999","V020","999,9,C,0000,1","99999,9,9,N","002000,1,9,9","+0256,1","+0207,1","10177,1",,,"0,1,02,1","0,1,02,1",,,,,,,,"240,N,+0237,1","9,9,999,9,+002,1","05,1","SYN06843057 31995 00000 10256 20207 40177 70500 333 20237 58002 555 10000=",
"43057099999","2023-03-04T12:00:00","4","18.9","72.8166666","11.0","BOMBAY COLABA, IN","FM-12","99999","V020","999,9,C,0000,1","99999,9,9,N","002000,1,9,9","+0320,1","+0217,1","10127,1",,,"0,1,02,1","0,1,02,1",,,,,,,,,"9,9,999,9,-003,1","04,1","SYN05843057 31995 00000 10320 20217 40127 70400 333 10347 59003=",
"43057099999","2023-03-05T03:00:00","4","18.9","72.8166666","11.0","BOMBAY COLABA, IN","FM-12","99999","V020","999,9,C,0000,1","99999,9,9,N","002000,1,9,9","+0260,1","+0221,1","10171,1",,,"2,1,02,1","0,1,02,1",,,"02,1,+00800,1,06,1","99,9,+99999,9,03,1","99,9,+99999,9,00,1","9,AGL   ,+99999,+99999","05,99,1,02,1,99,9,00800,1,99,9,99,9","240,N,+0240,1","9,9,999,9,-006,1","05,1","SYN07443057 31595 50000 10260 20221 40171 70520 82531 333 20240 59006 555 10000=",
"43057099999","2023-03-05T12:00:00","4","18.9","72.8166666","11.0","BOMBAY COLABA, IN","FM-12","99999","V020","999,9,C,0000,1","99999,9,9,N","002000,1,9,9","+0322,1","+0265,1","10124,1",,,"0,1,02,1","0,1,02,1",,,,,,,,,"9,9,999,9,-003,1","05,1","SYN05843057 31995 00000 10322 20265 40124 70500 333 10362 59003=",
"43057099999","2023-03-06T03:00:00","4","18.9","72.8166666","11.0","BOMBAY COLABA, IN","FM-12","99999","V020","090,1,N,0010,1","99999,9,9,N","002000,1,9,9","+0280,1","+0160,1","10151,1",,,"2,1,02,1","0,1,02,1",,,"02,1,+00800,1,06,1","99,9,+99999,9,03,1","99,9,+99999,9,00,1","9,AGL   ,+99999,+99999","05,99,1,02,1,99,9,00800,1,99,9,99,9","240,N,+0247,1","9,9,999,9,-020,1","04,1","SYN07443057 31595 50902 10280 20160 40151 70420 82531 333 20247 59020 555 10000=",
"43057099999","2023-03-06T09:00:00","4","18.9","72.8166666","11.0","BOMBAY COLABA, IN","FM-12","99999","V020","999,9,C,0000,1","22000,1,9,N","002000,1,9,9","+0370,1","+0122,1","10113,1",,,"0,1,02,1","0,1,02,1",,,"01,1,+00800,1,06,1","99,9,+99999,9,00,1",,"9,AGL   ,+99999,+99999","02,99,1,01,1,99,9,00800,1,99,9,99,9",,"9,9,999,9,-022,1","04,1","SYN05843057 31595 20000 10370 20122 40113 70400 81501 333 59022=",
"43057099999","2023-03-06T12:00:00","4","18.9","72.8166666","11.0","BOMBAY COLABA, IN","FM-12","99999","V020","999,9,C,0000,1","22000,1,9,N","002000,1,9,9","+0316,1","+0194,1","10108,1",,,"0,1,02,1","0,1,02,1",,,"02,1,+00800,1,06,1","99,9,+99999,9,03,1","99,9,+99999,9,00,1","9,AGL   ,+99999,+99999","04,99,1,02,1,99,9,00800,1,99,9,99,9","240,M,+0370,1","9,9,999,9,-016,1","04,1","SYN06443057 31595 40000 10316 20194 40108 70400 82531 333 10370 59016=",
"43057099999","2023-03-07T03:00:00","4","18.9","72.8166666","11.0","BOMBAY COLABA, IN","FM-12","99999","V020","070,1,N,0010,1","99999,9,9,N","002000,1,9,9","+0264,1","+0171,1","10151,1",,,"2,1,02,1","2,1,02,1",,,"02,1,+00800,1,06,1","99,9,+99999,9,03,1","99,9,+99999,9,00,1","9,AGL   ,+99999,+99999","05,99,1,02,1,99,9,00800,1,99,9,99,9","240,N,+0250,1","9,9,999,9,+000,1","04,1","SYN07443057 31595 50702 10264 20171 40151 70422 82531 333 20250 58000 555 10000=",
"43057099999","2023-03-07T06:00:00","4","18.9","72.8166666","11.0","BOMBAY COLABA, IN","FM-12","99999","V020","090,1,N,0015,1","22000,1,9,N","002000,1,9,9","+0294,1","+0171,1","10154,1","03,0000,9,1",,"9,1,02,1","5,1,02,1",,,"01,1,+00800,1,06,1","99,9,+99999,9,03,1","99,9,+99999,9,00,1","9,AGL   ,+99999,+99999","03,99,1,01,1,99,9,00800,1,99,9,99,9",,"9,9,999,9,+002,1","29,1","SYN06443057 21595 30903 10294 20171 40154 72995 81531 333 58002 6990/=","Q01  00002PRCP03"
"43057099999","2023-03-07T12:00:00","4","18.9","72.8166666","11.0","BOMBAY COLABA, IN","FM-12","99999","V020","999,9,C,0000,1","99999,9,9,N","002000,1,9,9","+0330,1","+0168,1","10111,1","09,0000,9,1",,"2,1,02,1","0,1,02,1",,,"02,1,+00800,1,06,1","99,9,+99999,9,03,1","99,9,+99999,9,00,1","9,AGL   ,+99999,+99999","05,99,1,02,1,99,9,00800,1,99,9,99,9",,"9,9,999,9,+003,1","04,1","SYN07043057 21595 50000 10330 20168 40111 70420 82531 333 10330 58003 6990/=","Q01  00002PRCP09"
"43057099999","2023-03-08T03:00:00","4","18.9","72.8166666","11.0","BOMBAY COLABA, IN","FM-12","99999","V020","999,9,C,0000,1","22000,1,9,N","002000,1,9,9","+0260,1","+0141,1","10150,1","24,0000,9,1",,"0,1,02,1","0,1,02,1",,,"02,1,+00800,1,06,1","99,9,+99999,9,03,1",,"9,AGL   ,+99999,+99999","03,99,1,02,1,99,9,00800,1,99,9,99,9","240,N,+0242,1","9,9,999,9,-001,1","04,1","SYN08643057 21595 30000 10260 20141 40150 70400 82530 333 20242 59001 6990/ 555 00000 10000=","Q01  00002PRCP24"
"43057099999","2023-03-08T06:00:00","4","18.9","72.8166666","11.0","BOMBAY COLABA, IN","FM-12","99999","V020","999,9,C,0000,1","99999,9,9,N","002000,1,9,9","+0312,1","+0152,1","10155,1",,,"0,1,02,1","0,1,02,1",,,,,,,,,"9,9,999,9,+001,1","04,1","SYN05243057 31995 00000 10312 20152 40155 70400 333 58001=",
"43057099999","2023-03-08T12:00:00","4","18.9","72.8166666","11.0","BOMBAY COLABA, IN","FM-12","99999","V020","290,1,N,0010,1","99999,9,9,N","002000,1,9,9","+0290,1","+0229,1","10108,1",,,"0,1,02,1","0,1,02,1",,,,,,,,,"9,9,999,9,-003,1","04,1","SYN05843057 31995 02902 10290 20229 40108 70400 333 10324 59003=",
"43057099999","2023-03-09T03:00:00","4","18.9","72.8166666","11.0","BOMBAY COLABA, IN","FM-12","99999","V020","999,9,C,0000,1","99999,9,9,N","002000,1,9,9","+0262,1","+0137,1","10143,1",,,"0,1,02,1","0,1,02,1",,,,,,,,"240,N,+0244,1","9,9,999,9,-007,1","04,1","SYN06843057 31995 00000 10262 20137 40143 70400 333 20244 59007 555 10000=",
"43057099999","2023-03-09T06:00:00","4","18.9","72.8166666","11.0","BOMBAY COLABA, IN","FM-12","99999","V020","999,9,C,0000,1","99999,9,9,N","002000,1,9,9","+0325,1","+0194,1","10147,1",,,"0,1,02,1","0,1,02,1",,,,,,,,,"9,9,999,9,-008,1","04,1","SYN05243057 31995 00000 10325 20194 40147 70400 333 59008=",
"43057099999","2023-03-09T12:00:00","4","18.9","72.8166666","11.0","BOMBAY COLABA, IN","FM-12","99999","V020","999,9,C,0000,1","99999,9,9,N","002000,1,9,9","+0308,1","+0192,1","10103,1",,,"0,1,02,1","0,1,02,1",,,,,,,,"240,M,+0364,1","9,9,999,9,-005,1","04,1","SYN05843057 31995 00000 10308 20192 40103 70400 333 10364 59005=",
"43057099999","2023-03-10T03:00:00","4","18.9","72.8166666","11.0","BOMBAY COLABA, IN","FM-12","99999","V020","999,9,C,0000,1","99999,9,9,N","002000,1,9,9","+0270,1","+0130,1","10143,1",,,"0,1,02,1","0,1,02,1",,,"02,1,+00800,1,06,1","99,9,+99999,9,03,1","99,9,+99999,9,00,1","9,AGL   ,+99999,+99999","05,99,1,02,1,99,9,00800,1,99,9,99,9","240,N,+0250,1","9,9,999,9,+000,1","04,1","SYN07443057 31595 50000 10270 20130 40143 70400 82531 333 20250 58000 555 10000=",
"43057099999","2023-03-10T06:00:00","4","18.9","72.8166666","11.0","BOMBAY COLABA, IN","FM-12","99999","V020","999,9,C,0000,1","99999,9,9,N","002000,1,9,9","+0338,1","+0116,1","10140,1",,,"2,1,02,1","0,1,02,1",,,,,,,,,"9,9,999,9,-007,1","04,1","SYN05243057 31995 00000 10338 20116 40140 70420 333 59007=",
"43057099999","2023-03-10T12:00:00","4","18.9","72.8166666","11.0","BOMBAY COLABA, IN","FM-12","99999","V020","320,1,N,0010,1","99999,9,9,N","002000,1,9,9","+0306,1","+0170,1","10094,1",,,"0,1,02,1","0,1,02,1",,,,,,,,,"9,9,999,9,-009,1","04,1","SYN05843057 31995 03202 10306 20170 40094 70400 333 10348 59009=",
"43057099999","2023-03-11T03:00:00","4","18.9","72.8166666","11.0","BOMBAY COLABA, IN","FM-12","99999","V020","999,9,C,0000,1","99999,9,9,N","002000,1,9,9","+0260,1","+0174,1","10132,1",,,"0,1,02,1","0,1,02,1",,,,,,,,"240,N,+0244,1","9,9,999,9,-011,1","05,1","SYN06843057 31995 00000 10260 20174 40132 70500 333 20244 59011 555 10000=",
"43057099999","2023-03-11T12:00:00","4","18.9","72.8166666","11.0","BOMBAY COLABA, IN","FM-12","99999","V020","320,1,N,0005,1","99999,9,9,N","002000,1,9,9","+0304,1","+0241,1","10092,1",,,"0,1,02,1","0,1,02,1",,,,,,,,,"9,9,999,9,-002,1","05,1","SYN05843057 31995 03201 10304 20241 40092 70500 333 10374 59002=",
"43057099999","2023-03-12T03:00:00","4","18.9","72.8166666","11.0","BOMBAY COLABA, IN","FM-12","99999","V020","999,9,C,0000,1","99999,9,9,N","002000,1,9,9","+0268,1","+0222,1","10127,1",,,"0,1,02,1","0,1,02,1",,,"02,1,+00800,1,06,1","99,9,+99999,9,03,1","99,9,+99999,9,00,1","9,AGL   ,+99999,+99999","05,99,1,02,1,99,9,00800,1,99,9,99,9","240,N,+0248,1","9,9,999,9,-005,1","05,1","SYN07443057 31595 50000 10268 20222 40127 70500 82531 333 20248 59005 555 10000=",
"43057099999","2023-03-12T12:00:00","4","18.9","72.8166666","11.0","BOMBAY COLABA, IN","FM-12","99999","V020","999,9,C,0000,1","99999,9,9,N","002000,1,9,9","+0314,1","+0227,1","10089,1",,,"0,1,02,1","0,1,02,1",,,,,,,,,"9,9,999,9,-003,1","04,1","SYN05843057 31995 00000 10314 20227 40089 70400 333 10358 59003=",
"43057099999","2023-03-13T03:00:00","4","18.9","72.8166666","11.0","BOMBAY COLABA, IN","FM-12","99999","V020","070,1,N,0010,1","99999,9,9,N","002000,1,9,9","+0278,1","+0222,1","10113,1",,,"0,1,02,1","0,1,02,1",,,"02,1,+00800,1,06,1","99,9,+99999,9,03,1","99,9,+99999,9,00,1","9,AGL   ,+99999,+99999","05,99,1,02,1,99,9,00800,1,99,9,99,9","240,N,+0254,1","9,9,999,9,-014,1","05,1","SYN07443057 31595 50702 10278 20222 40113 70500 82531 333 20254 59014 555 10000=",
"43057099999","2023-03-13T12:00:00","4","18.9","72.8166666","11.0","BOMBAY COLABA, IN","FM-12","99999","V020","999,9,C,0000,1","22000,1,9,N","002000,1,9,9","+0314,1","+0220,1","10080,1",,,"0,1,02,1","0,1,02,1",,,"01,1,+00800,1,06,1","99,9,+99999,9,00,1",,"9,AGL   ,+99999,+99999","02,99,1,01,1,99,9,00800,1,99,9,99,9",,"9,9,999,9,-009,1","04,1","SYN06443057 31595 20000 10314 20220 40080 70400 81501 333 10342 59009=",
"43057099999","2023-03-14T03:00:00","4","18.9","72.8166666","11.0","BOMBAY COLABA, IN","FM-12","99999","V020","999,9,C,0000,1","22000,1,9,N","002000,1,9,9","+0272,1","+0218,1","10111,1",,,"0,1,02,1","0,1,02,1",,,"01,1,+00800,1,06,1","99,9,+99999,9,00,1",,"9,AGL   ,+99999,+99999","02,99,1,01,1,99,9,00800,1,99,9,99,9","240,N,+0245,1","9,9,999,9,-002,1","04,1","SYN07443057 31595 20000 10272 20218 40111 70400 81501 333 20245 59002 555 10000=",
"43057099999","2023-03-14T06:00:00","4","18.9","72.8166666","11.0","BOMBAY COLABA, IN","FM-12","99999","V020","999,9,C,0000,1","99999,9,9,N","002000,1,9,9","+0316,1","+0187,1","10103,1",,,"0,1,02,1","0,1,02,1",,,,,,,,,"9,9,999,9,-014,1","04,1","SYN05243057 31995 00000 10316 20187 40103 70400 333 59014=",
"43057099999","2023-03-14T12:00:00","4","18.9","72.8166666","11.0","BOMBAY COLABA, IN","FM-12","99999","V020","999,9,C,0000,1","99999,9,9,N","002000,1,9,9","+0312,1","+0265,1","10067,1",,,"0,1,02,1","0,1,02,1",,,,,,,,,"9,9,999,9,-013,1","05,1","SYN05843057 31995 00000 10312 20265 40067 70500 333 10354 59013=",
"43057099999","2023-03-15T03:00:00","4","18.9","72.8166666","11.0","BOMBAY COLABA, IN","FM-12","99999","V020","999,9,C,0000,1","22000,1,9,N","002000,1,9,9","+0276,1","+0182,1","10093,1",,,"0,1,02,1","0,1,02,1",,,"01,1,+00800,1,06,1","99,9,+99999,9,00,1",,"9,AGL   ,+99999,+99999","02,99,1,01,1,99,9,00800,1,99,9,99,9","240,N,+0245,1","9,9,999,9,-018,1","04,1","SYN07443057 31595 20000 10276 20182 40093 70400 81501 333 20245 59018 555 10000=",
"43057099999","2023-03-15T06:00:00","4","18.9","72.8166666","11.0","BOMBAY COLABA, IN","FM-12","99999","V020","999,9,C,0000,1","22000,1,9,N","002000,1,9,9","+0310,1","+0232,1","10088,1",,,"0,1,02,1","0,1,02,1",,,"01,1,+00800,1,06,1","99,9,+99999,9,03,1","99,9,+99999,9,00,1","9,AGL   ,+99999,+99999","04,99,1,01,1,99,9,00800,1,99,9,99,9",,"9,9,999,9,-015,1","04,1","SYN05843057 31595 40000 10310 20232 40088 70400 81531 333 59015=",
"43057099999","2023-03-15T12:00:00","4","18.9","72.8166666","11.0","BOMBAY COLABA, IN","FM-12","99999","V020","999,9,C,0000,1","99999,9,9,N","002000,1,9,9","+0310,1","+0244,1","10060,1",,,"2,1,02,1","2,1,02,1",,,"02,1,+00800,1,06,1","99,9,+99999,9,03,1","99,9,+99999,9,00,1","9,AGL   ,+99999,+99999","05,99,1,02,1,99,9,00800,1,99,9,99,9",,"9,9,999,9,-007,1","05,1","SYN06443057 31595 50000 10310 20244 40060 70522 82531 333 10340 59007=",
"43057099999","2023-03-16T03:00:00","4","18.9","72.8166666","11.0","BOMBAY COLABA, IN","FM-12","99999","V020","999,9,C,0000,1","22000,1,9,N","002000,1,9,9","+0274,1","+0242,1","10108,1","24,0000,9,1",,"0,1,02,1","0,1,02,1",,,"02,1,+00800,1,06,1","99,9,+99999,9,03,1","99,9,+99999,9,00,1","9,AGL   ,+99999,+99999","04,99,1,02,1,99,9,00800,1,99,9,99,9","240,N,+0258,1","9,9,999,9,+015,1","05,1","SYN08643057 21595 40000 10274 20242 40108 70500 82531 333 20258 58015 6990/ 555 00000 10000=","Q01  00002PRCP24"
"43057099999","2023-03-16T12:00:00","4","18.9","72.8166666","11.0","BOMBAY COLABA, IN","FM-12","99999","V020","999,9,C,0000,1","22000,1,9,N","002000,1,9,9","+0306,1","+0259,1","10078,1",,,"0,1,02,1","0,1,02,1",,,"02,1,+00800,1,06,1",,,"9,AGL   ,+99999,+99999","02,99,1,02,1,99,9,00800,1,99,9,99,9",,"9,9,999,9,+018,1","05,1","SYN06443057 31595 20000 10306 20259 40078 70500 82500 333 10322 58018=",
"43057099999","2023-03-17T03:00:00","4","18.9","72.8166666","11.0","BOMBAY COLABA, IN","FM-12","99999","V020","999,9,C,0000,1","99999,9,9,N","002000,1,9,9","+0264,1","+0198,1","10120,1",,,"2,1,02,1","0,1,02,1",,,"02,1,+00800,1,06,1","99,9,+99999,9,03,1",,"9,AGL   ,+99999,+99999","05,99,1,02,1,99,9,00800,1,99,9,99,9","240,N,+0240,1","9,9,999,9,+012,1","05,1","SYN07443057 31595 50000 10264 20198 40120 70520 82570 333 20240 58012 555 10000=",
"43057099999","2023-03-17T12:00:00","4","18.9","72.8166666","11.0","BOMBAY COLABA, IN","FM-12","99999","V020","290,1,N,0010,1","99999,9,9,N","002000,1,9,9","+0292,1","+0221,1","10076,1",,,"0,1,02,1","0,1,02,1",,,,,,,,,"9,9,999,9,-002,1","04,1","SYN05843057 31995 02902 10292 20221 40076 70400 333 10322 59002=",
"43057099999","2023-03-18T03:00:00","4","18.9","72.8166666","11.0","BOMBAY COLABA, IN","FM-12","99999","V020","999,9,C,0000,1","99999,9,9,N","002000,1,9,9","+0264,1","+0238,1","10107,1",,,"0,1,02,1","0,1,02,1",,,,,,,,"240,N,+0240,1","9,9,999,9,-013,1","05,1","SYN06843057 31995 00000 10264 20238 40107 70500 333 20240 59013 555 10000=",
"43057099999","2023-03-18T12:00:00","4","18.9","72.8166666","11.0","BOMBAY COLABA, IN","FM-12","99999","V020","290,1,N,0010,1","99999,9,9,N","002000,1,9,9","+0300,1","+0233,1","10064,1",,,"0,1,02,1","0,1,02,1",,,,,,,,,"9,9,999,9,-012,1","05,1","SYN05843057 31995 02902 10300 20233 40064 70500 333 10316 59012=",
"43057099999","2023-03-19T03:00:00","4","18.9","72.8166666","11.0","BOMBAY COLABA, IN","FM-12","99999","V020","999,9,C,0000,1","22000,1,9,N","002000,1,9,9","+0266,1","+0234,1","10104,1",,,"0,1,02,1","0,1,02,1",,,"01,1,+00800,1,06,1","99,9,+99999,9,00,1",,"9,AGL   ,+99999,+99999","02,99,1,01,1,99,9,00800,1,99,9,99,9","240,N,+0242,1","9,9,999,9,-003,1","05,1","SYN07443057 31595 20000 10266 20234 40104 70500 81501 333 20242 59003 555 10000=",
"43057099999","2023-03-19T12:00:00","4","18.9","72.8166666","11.0","BOMBAY COLABA, IN","FM-12","99999","V020","250,1,N,0021,1","22000,1,9,N","002000,1,9,9","+0290,1","+0192,1","10074,1",,,"0,1,02,1","0,1,02,1",,,"01,1,+00800,1,06,1",,,"9,AGL   ,+99999,+99999","01,99,1,01,1,99,9,00800,1,99,9,99,9",,"9,9,999,9,+010,1","04,1","SYN06443057 31595 12504 10290 20192 40074 70400 81500 333 10326 58010=",
"43057099999","2023-03-20T03:00:00","4","18.9","72.8166666","11.0","BOMBAY COLABA, IN","FM-12","99999","V020","999,9,C,0000,1","22000,1,9,N","002000,1,9,9","+0268,1","+0197,1","10099,1",,,"0,1,02,1","0,1,02,1",,,"01,1,+00800,1,06,1","99,9,+99999,9,00,1",,"9,AGL   ,+99999,+99999","02,99,1,01,1,99,9,00800,1,99,9,99,9","240,N,+0240,1","9,9,999,9,-005,1","04,1","SYN07443057 31595 20000 10268 20197 40099 70400 81501 333 20240 59005 555 10000=",
"43057099999","2023-03-20T12:00:00","4","18.9","72.8166666","11.0","BOMBAY COLABA, IN","FM-12","99999","V020","999,9,C,0000,1","99999,9,9,N","002000,1,9,9","+0294,1","+0189,1","10071,1",,,"0,1,02,1","0,1,02,1",,,,,,,,"240,M,+0320,1","9,9,999,9,-003,1","04,1","SYN05843057 31995 00000 10294 20189 40071 70400 333 10320 59003=",
"43057099999","2023-03-21T03:00:00","4","18.9","72.8166666","11.0","BOMBAY COLABA, IN","FM-12","99999","V020","070,1,N,0010,1","99999,9,9,N","002000,1,9,9","+0220,1","+0205,1","10108,1","24,0250,3,1",,"9,1,02,1","6,1,02,1",,,"02,1,+00800,1,09,1","99,9,+99999,9,05,1",,"9,AGL   ,+99999,+99999","08,99,1,02,1,99,9,00800,1,99,9,99,9","240,N,+0206,1","9,9,999,9,+009,1","50,1","SYN08643057 21595 80702 10220 20205 40108 75096 8292/ 333 20206 58009 6025/ 555 00254 10025=",
"43057099999","2023-03-21T12:00:00","4","18.9","72.8166666","11.0","BOMBAY COLABA, IN","FM-12","99999","V020","999,9,C,0000,1","99999,9,9,N","002000,1,9,9","+0284,1","+0188,1","10082,1","09,0004,3,1",,"0,1,02,1","0,1,02,1",,,,,,,,,"9,9,999,9,-011,1","04,1","SYN06443057 21995 00000 10284 20188 40082 70400 333 10308 59011 6994/=",
"43057099999","2023-03-22T03:00:00","4","18.9","72.8166666","11.0","BOMBAY COLABA, IN","FM-12","99999","V020","999,9,C,0000,1","22000,1,9,N","002000,1,9,9","+0262,1","+0220,1","10123,1","24,0004,3,1",,"0,1,02,1","0,1,02,1",,,"01,1,+00800,1,06,1","99,9,+99999,9,00,1",,"9,AGL   ,+99999,+99999","02,99,1,01,1,99,9,00800,1,99,9,99,9","240,N,+0232,1","9,9,999,9,+015,1","05,1","SYN08643057 21595 20000 10262 20220 40123 70500 81501 333 20232 58015 6994/ 555 00004 10026=",
"43057099999","2023-03-22T12:00:00","4","18.9","72.8166666","11.0","BOMBAY COLABA, IN","FM-12","99999","V020","999,9,C,0000,1","99999,9,9,N","002000,1,9,9","+0290,1","+0188,1","10087,1",,,"0,1,02,1","0,1,02,1",,,,,,,,,"9,9,999,9,+005,1","04,1","SYN05843057 31995 00000 10290 20188 40087 70400 333 10306 58005=",
"43057099999","2023-03-23T03:00:00","4","18.9","72.8166666","11.0","BOMBAY COLABA, IN","FM-12","99999","V020","999,9,C,0000,1","99999,9,9,N","002000,1,9,9","+0262,1","+0217,1","10120,1",,,"0,1,02,1","0,1,02,1",,,"02,1,+00800,1,06,1","99,9,+99999,9,03,1","99,9,+99999,9,00,1","9,AGL   ,+99999,+99999","06,99,1,02,1,99,9,00800,1,99,9,99,9","240,N,+0240,1","9,9,999,9,-003,1","05,1","SYN07443057 31595 60000 10262 20217 40120 70500 82531 333 20240 59003 555 10026=",
"43057099999","2023-03-23T06:00:00","4","18.9","72.8166666","11.0","BOMBAY COLABA, IN","FM-12","99999","V020","999,9,C,0000,1","22000,1,9,N","002000,1,9,9","+0298,1","+0208,1","10127,1",,,"0,1,02,1","0,1,02,1",,,"01,1,+00800,1,06,1","99,9,+99999,9,03,1",,"9,AGL   ,+99999,+99999","02,99,1,01,1,99,9,00800,1,99,9,99,9",,"9,9,999,9,+006,1","04,1","SYN05843057 31595 20000 10298 20208 40127 70400 81530 333 58006=",
"43057099999","2023-03-23T12:00:00","4","18.9","72.8166666","11.0","BOMBAY COLABA, IN","FM-12","99999","V020","290,1,N,0005,1","22000,1,9,N","004000,1,9,9","+0284,1","+0190,1","10090,1",,,"0,1,02,1","0,1,02,1",,,"99,9,+99999,9,00,1",,,"9,AGL   ,+99999,+99999","01,99,1,00,1,99,9,99999,9,99,9,99,9",,"9,9,999,9,+003,1","04,1","SYN06443057 31996 12901 10284 20190 40090 70400 80001 333 10316 58003=","Q01    003SCCGA1"
"43057099999","2023-03-24T03:00:00","4","18.9","72.8166666","11.0","BOMBAY COLABA, IN","FM-12","99999","V020","999,9,C,0000,1","22000,1,9,N","004000,1,9,9","+0262,1","+0220,1","10117,1",,,"0,1,02,1","0,1,02,1",,,"99,9,+99999,9,00,1",,,"9,AGL   ,+99999,+99999","01,99,1,00,1,99,9,99999,9,99,9,99,9","240,N,+0240,1","9,9,999,9,-003,1","05,1","SYN07443057 31996 10000 10262 20220 40117 70500 80001 333 20240 59003 555 10026=","Q01    003SCCGA1"
"43057099999","2023-03-24T12:00:00","4","18.9","72.8166666","11.0","BOMBAY COLABA, IN","FM-12","99999","V020","999,9,C,0000,1","99999,9,9,N","004000,1,9,9","+0296,1","+0209,1","10095,1",,,"0,1,02,1","0,1,02,1",,,,,,,,,"9,9,999,9,+005,1","05,1","SYN05843057 31996 00000 10296 20209 40095 70500 333 10315 58005=",
"43057099999","2023-03-25T03:00:00","4","18.9","72.8166666","11.0","BOMBAY COLABA, IN","FM-12","99999","V020","999,9,C,0000,1","99999,9,9,N","002000,1,9,9","+0250,1","+0170,1","10128,1",,,"0,1,02,1","0,1,02,1",,,,,,,,"240,N,+0221,1","9,9,999,9,+011,1","05,1","SYN06843057 31995 00000 10250 20170 40128 70500 333 20221 58011 555 10026=",
"43057099999","2023-03-25T12:00:00","4","18.9","72.8166666","11.0","BOMBAY COLABA, IN","FM-12","99999","V020","290,1,N,0005,1","99999,9,9,N","004000,1,9,9","+0278,1","+0150,1","10102,1",,,"0,1,02,1","0,1,02,1",,,,,,,,,"9,9,999,9,+007,1","04,1","SYN05843057 31996 02901 10278 20150 40102 70400 333 10314 58007=",
"43057099999","2023-03-26T03:00:00","4","18.9","72.8166666","11.0","BOMBAY COLABA, IN","FM-12","99999","V020","999,9,C,0000,1","99999,9,9,N","004000,1,9,9","+0254,1","+0174,1","10133,1",,,"0,1,02,1","0,1,02,1",,,,,,,,"240,N,+0220,1","9,9,999,9,+005,1","04,1","SYN06843057 31996 00000 10254 20174 40133 70400 333 20220 58005 555 10026=",
"43057099999","2023-03-26T12:00:00","4","18.9","72.8166666","11.0","BOMBAY COLABA, IN","FM-12","99999","V020","999,9,C,0000,1","99999,9,9,N","002000,1,9,9","+0288,1","+0174,1","10097,1",,,"0,1,02,1","0,1,02,1",,,,,,,,,"9,9,999,9,-005,1","05,1","SYN05843057 31995 00000 10288 20174 40097 70500 333 10304 59005=",
"43057099999","2023-03-27T03:00:00","4","18.9","72.8166666","11.0","BOMBAY COLABA, IN","FM-12","99999","V020","999,9,C,0000,1","99999,9,9,N","002000,1,9,9","+0256,1","+0211,1","10127,1",,,"0,1,02,1","0,1,02,1",,,,,,,,"240,N,+0230,1","9,9,999,9,-006,1","05,1","SYN06843057 31995 00000 10256 20211 40127 70500 333 20230 59006 555 10026=",
"43057099999","2023-03-27T06:00:00","4","18.9","72.8166666","11.0","BOMBAY COLABA, IN","FM-12","99999","V020","270,1,N,0005,1","22000,1,9,N","002000,1,9,9","+0294,1","+0203,1","10132,1",,,"0,1,02,1","0,1,02,1",,,"01,1,+00800,1,06,1",,,"9,AGL   ,+99999,+99999","01,99,1,01,1,99,9,00800,1,99,9,99,9",,"9,9,999,9,+000,1","04,1","SYN05843057 31595 12701 10294 20203 40132 70400 81500 333 58000=",
"43057099999","2023-03-27T12:00:00","4","18.9","72.8166666","11.0","BOMBAY COLABA, IN","FM-12","99999","V020","290,1,N,0005,1","99999,9,9,N","002000,1,9,9","+0292,1","+0198,1","10092,1",,,"0,1,02,1","0,1,02,1",,,,,,,,,"9,9,999,9,-005,1","04,1","SYN05843057 31995 02901 10292 20198 40092 70400 333 10310 59005=",
"43057099999","2023-03-28T03:00:00","4","18.9","72.8166666","11.0","BOMBAY COLABA, IN","FM-12","99999","V020","999,9,C,0000,1","99999,9,9,N","002000,1,9,9","+0264,1","+0226,1","10121,1",,,"0,1,02,1","0,1,02,1",,,,,,,,"240,N,+0240,1","9,9,999,9,-006,1","05,1","SYN06843057 31995 00000 10264 20226 40121 70500 333 20240 59006 555 10026=",
"43057099999","2023-03-28T12:00:00","4","18.9","72.8166666","11.0","BOMBAY COLABA, IN","FM-12","99999","V020","320,1,N,0010,1","99999,9,9,N","002000,1,9,9","+0296,1","+0202,1","10085,1",,,"0,1,02,1","0,1,02,1",,,,,,,,,"9,9,999,9,-007,1","04,1","SYN05843057 31995 03202 10296 20202 40085 70400 333 10310 59007=",
"43057099999","2023-03-29T03:00:00","4","18.9","72.8166666","11.0","BOMBAY COLABA, IN","FM-12","99999","V020","999,9,C,0000,1","22000,1,9,N","002000,1,9,9","+0256,1","+0211,1","10121,1",,,"0,1,02,1","0,1,02,1",,,"03,1,+00800,1,06,1",,,"9,AGL   ,+99999,+99999","03,99,1,03,1,99,9,00800,1,99,9,99,9","240,N,+0235,1","9,9,999,9,+000,1","05,1","SYN07443057 31595 30000 10256 20211 40121 70500 83500 333 20235 58000 555 10026=",
"43057099999","2023-03-29T06:00:00","4","18.9","72.8166666","11.0","BOMBAY COLABA, IN","FM-12","99999","V020","999,9,C,0000,1","99999,9,9,N","002000,1,9,9","+0302,1","+0202,1","10126,1",,,"0,1,02,1","0,1,02,1",,,,,,,,,"9,9,999,9,+003,1","04,1","SYN05243057 31995 00000 10302 20202 40126 70400 333 58003=",
"43057099999","2023-03-29T12:00:00","4","18.9","72.8166666","11.0","BOMBAY COLABA, IN","FM-12","99999","V020","290,1,N,0010,1","99999,9,9,N","002000,1,9,9","+0292,1","+0215,1","10096,1",,,"0,1,02,1","0,1,02,1",,,,,,,,,"9,9,999,9,+011,1","05,1","SYN05843057 31995 02902 10292 20215 40096 70500 333 10315 58011=",
"43057099999","2023-03-30T00:00:00","4","18.9","72.8166666","11.0","BOMBAY COLABA, IN","FM-12","99999","V020","999,9,C,0000,1","99999,9,9,N","002000,1,9,9","+0250,1","+0201,1","10100,1",,,"0,1,02,1","0,1,02,1",,,,,,,,,"9,9,999,9,+003,1","05,1","SYN05243057 31995 00000 10250 20201 40100 70500 333 58003=",
"43057099999","2023-03-30T03:00:00","4","18.9","72.8166666","11.0","BOMBAY COLABA, IN","FM-12","99999","V020","999,9,C,0000,1","22000,1,9,N","002000,1,9,9","+0266,1","+0228,1","10121,1",,,"0,1,02,1","0,1,02,1",,,"03,1,+00800,1,06,1",,,"9,AGL   ,+99999,+99999","03,99,1,03,1,99,9,00800,1,99,9,99,9","240,N,+0234,1","9,9,999,9,+000,1","05,1","SYN07443057 31595 30000 10266 20228 40121 70500 83500 333 20234 58000 555 10026=",
"43057099999","2023-03-30T12:00:00","4","18.9","72.8166666","11.0","BOMBAY COLABA, IN","FM-12","99999","V020","999,9,C,0000,1","99999,9,9,N","002000,1,9,9","+0286,1","+0201,1","10084,1",,,"0,1,02,1","0,1,02,1",,,,,,,,,"9,9,999,9,-012,1","04,1","SYN05843057 31995 00000 10286 20201 40084 70400 333 10314 59012=",
"43057099999","2023-03-31T00:00:00","4","18.9","72.8166666","11.0","BOMBAY COLABA, IN","FM-12","99999","V020","999,9,C,0000,1","22000,1,9,N","002000,1,9,9","+0272,1","+0234,1","10114,1",,,"0,1,02,1","0,1,02,1",,,"03,1,+00800,1,06,1","99,9,+99999,9,00,1",,"9,AGL   ,+99999,+99999","04,99,1,03,1,99,9,00800,1,99,9,99,9","120,N,+0250,1","9,9,999,9,-007,1","05,1","SYN07443057 31595 40000 10272 20234 40114 70500 83401 333 20250 59007 555 10026=",
"43057099999","2023-03-31T03:00:00","4","18.9","72.8166666","11.0","BOMBAY COLABA, IN","FM-12","99999","V020","999,9,C,0000,1","22000,1,9,N","002000,1,9,9","+0272,1","+0234,1","10114,1",,,"0,1,02,1","0,1,02,1",,,"03,1,+00800,1,06,1","99,9,+99999,9,00,1",,"9,AGL   ,+99999,+99999","04,99,1,03,1,99,9,00800,1,99,9,99,9","240,N,+0250,1","9,9,999,9,-007,1","05,1","SYN07443057 31595 40000 10272 20234 40114 70500 83401 333 20250 59007 555 10026=",
"43057099999","2023-03-31T06:00:00","4","18.9","72.8166666","11.0","BOMBAY COLABA, IN","FM-12","99999","V020","999,9,C,0000,1","22000,1,9,N","002000,1,9,9","+0310,1","+0219,1","10117,1",,,"0,1,02,1","0,1,02,1",,,"03,1,+00800,1,06,1","99,9,+99999,9,00,1",,"9,AGL   ,+99999,+99999","04,99,1,03,1,99,9,00800,1,99,9,99,9",,"9,9,999,9,-006,1","05,1","SYN05843057 31595 40000 10310 20219 40117 70500 83401 333 59006=",
"43057099999","2023-03-31T12:00:00","4","18.9","72.8166666","11.0","BOMBAY COLABA, IN","FM-12","99999","V020","999,9,C,0000,1","99999,9,9,N","002000,1,9,9","+0300,1","+0214,1","10080,1",,,"0,1,02,1","0,1,02,1",,,,,,,,,"9,9,999,9,-004,1","04,1","SYN05843057 31995 00000 10300 20214 40080 70400 333 10325 59004=",
"43057099999","2023-04-01T00:00:00","4","18.9","72.8166666","11.0","BOMBAY COLABA, IN","FM-12","99999","V020","999,9,C,0000,1","22000,1,9,N","002000,1,9,9","+0264,1","+0210,1","10100,1",,,"0,1,02,1","0,1,02,1",,,"02,1,+00800,1,06,1","99,9,+99999,9,00,1",,"9,AGL   ,+99999,+99999","03,99,1,02,1,99,9,00800,1,99,9,99,9",,"9,9,999,9,+006,1","05,1","SYN05843057 31595 30000 10264 20210 40100 70500 82501 333 58006=",
"43057099999","2023-04-01T03:00:00","4","18.9","72.8166666","11.0","BOMBAY COLABA, IN","FM-12","99999","V020","999,9,C,0000,1","99999,9,9,N","002000,1,9,9","+0262,1","+0207,1","10120,1",,,"0,1,02,1","0,1,02,1",,,,,,,,"240,N,+0241,1","9,9,999,9,+006,1","05,1","SYN06843057 31995 00000 10262 20207 40120 70500 333 20241 58006 555 10026=",
"43057099999","2023-04-01T06:00:00","4","18.9","72.8166666","11.0","BOMBAY COLABA, IN","FM-12","99999","V020","999,9,C,0000,1","99999,9,9,N","002000,1,9,9","+0304,1","+0183,1","10120,1",,,"0,1,02,1","0,1,02,1",,,,,,,,,"9,9,999,9,+003,1","04,1","SYN05243057 31995 00000 10304 20183 40120 70400 333 58003=",
"43057099999","2023-04-01T12:00:00","4","18.9","72.8166666","11.0","BOMBAY COLABA, IN","FM-12","99999","V020","290,1,N,0010,1","99999,9,9,N","004000,1,9,9","+0296,1","+0212,1","10086,1",,,"0,1,02,1","0,1,02,1",,,,,,,,,"9,9,999,9,+006,1","04,1","SYN05843057 31996 02902 10296 20212 40086 70400 333 10314 58006=",
"43057099999","2023-04-02T03:00:00","4","18.9","72.8166666","11.0","BOMBAY COLABA, IN","FM-12","99999","V020","999,9,C,0000,1","99999,9,9,N","002000,1,9,9","+0272,1","+0215,1","10119,1",,,"0,1,02,1","0,1,02,1",,,,,,,,"240,N,+0239,1","9,9,999,9,-001,1","04,1","SYN06843057 31995 00000 10272 20215 40119 70400 333 20239 59001 555 10026=",
"43057099999","2023-04-02T12:00:00","4","18.9","72.8166666","11.0","BOMBAY COLABA, IN","FM-12","99999","V020","290,1,N,0005,1","99999,9,9,N","002000,1,9,9","+0292,1","+0198,1","10082,1",,,"0,1,02,1","0,1,02,1",,,,,,,,,"9,9,999,9,-004,1","04,1","SYN05843057 31995 02901 10292 20198 40082 70400 333 10315 59004=",
"43057099999","2023-04-03T00:00:00","4","18.9","72.8166666","11.0","BOMBAY COLABA, IN","FM-12","99999","V020","999,9,C,0000,1","22000,1,9,N","002000,1,9,9","+0260,1","+0202,1","10086,1",,,"0,1,02,1","0,1,02,1",,,"02,1,+00800,1,06,1",,,"9,AGL   ,+99999,+99999","02,99,1,02,1,99,9,00800,1,99,9,99,9",,"9,9,999,9,-008,1","05,1","SYN05843057 31595 20000 10260 20202 40086 70500 82500 333 59008=",
"43057099999","2023-04-03T03:00:00","4","18.9","72.8166666","11.0","BOMBAY COLABA, IN","FM-12","99999","V020","999,9,C,0000,1","22000,1,9,N","002000,1,9,9","+0268,1","+0227,1","10110,1",,,"0,1,02,1","0,1,02,1",,,"01,1,+00800,1,06,1","99,9,+99999,9,03,1","99,9,+99999,9,00,1","9,AGL   ,+99999,+99999","03,99,1,01,1,99,9,00800,1,99,9,99,9","240,N,+0240,1","9,9,999,9,-009,1","04,1","SYN07443057 31595 30000 10268 20227 40110 70400 81531 333 20240 59009 555 10026=",
"43057099999","2023-04-03T12:00:00","4","18.9","72.8166666","11.0","BOMBAY COLABA, IN","FM-12","99999","V020","290,1,N,0010,1","99999,9,9,N","002000,1,9,9","+0290,1","+0216,1","10083,1",,,"0,1,02,1","0,1,02,1",,,,,,,,,"9,9,999,9,+001,1","05,1","SYN05843057 31995 02902 10290 20216 40083 70500 333 10308 58001=",
"43057099999","2023-04-04T03:00:00","4","18.9","72.8166666","11.0","BOMBAY COLABA, IN","FM-12","99999","V020","999,9,C,0000,1","22000,1,9,N","002000,1,9,9","+0270,1","+0241,1","10119,1",,,"0,1,02,1","0,1,02,1",,,"99,9,+99999,9,00,1",,,"9,AGL   ,+99999,+99999","01,99,1,00,1,99,9,99999,9,99,9,99,9","240,N,+0238,1","9,9,999,9,+009,1","05,1","SYN07443057 31995 10000 10270 20241 40119 70500 80001 333 20238 58009 555 10026=","Q01    003SCCGA1"
"43057099999","2023-04-04T06:00:00","4","18.9","72.8166666","11.0","BOMBAY COLABA, IN","FM-12","99999","V020","290,1,N,0010,1","99999,9,9,N","002000,1,9,9","+0304,1","+0235,1","10120,1",,,"0,1,02,1","0,1,02,1",,,,,,,,,"9,9,999,9,+005,1","04,1","SYN05243057 31995 02902 10304 20235 40120 70400 333 58005=",
"43057099999","2023-04-04T12:00:00","4","18.9","72.8166666","11.0","BOMBAY COLABA, IN","FM-12","99999","V020","290,1,N,0010,1","99999,9,9,N","002000,1,9,9","+0294,1","+0239,1","10085,1",,,"0,1,02,1","0,1,02,1",,,,,,,,,"9,9,999,9,+002,1","05,1","SYN05843057 31995 02902 10294 20239 40085 70500 333 10314 58002=",
"43057099999","2023-04-05T00:00:00","4","18.9","72.8166666","11.0","BOMBAY COLABA, IN","FM-12","99999","V020","999,9,C,0000,1","99999,9,9,N","002000,1,9,9","+0254,1","+0224,1","10090,1",,,"0,1,02,1","0,1,02,1",,,,,,,,,"9,9,999,9,-002,1","05,1","SYN05243057 31995 00000 10254 20224 40090 70500 333 59002=",
"43057099999","2023-04-05T03:00:00","4","18.9","72.8166666","11.0","BOMBAY COLABA, IN","FM-12","99999","V020","999,9,C,0000,1","22000,1,9,N","002000,1,9,9","+0268,1","+0239,1","10115,1",,,"0,1,02,1","0,1,02,1",,,"02,1,+00800,1,06,1",,,"9,AGL   ,+99999,+99999","02,99,1,02,1,99,9,00800,1,99,9,99,9","240,N,+0238,1","9,9,999,9,-004,1","05,1","SYN07443057 31595 20000 10268 20239 40115 70500 82500 333 20238 59004 555 10026=",
"43057099999","2023-04-05T12:00:00","4","18.9","72.8166666","11.0","BOMBAY COLABA, IN","FM-12","99999","V020","340,1,N,0010,1","99999,9,9,N","002000,1,9,9","+0290,1","+0247,1","10081,1",,,"0,1,02,1","0,1,02,1",,,,,,,,,"9,9,999,9,-004,1","05,1","SYN05843057 31995 03402 10290 20247 40081 70500 333 10312 59004=",
"43057099999","2023-04-06T03:00:00","4","18.9","72.8166666","11.0","BOMBAY COLABA, IN","FM-12","99999","V020","999,9,C,0000,1","99999,9,9,N","002000,1,9,9","+0262,1","+0187,1","10108,1",,,"0,1,02,1","0,1,02,1",,,,,,,,"240,N,+0241,1","9,9,999,9,-007,1","05,1","SYN06843057 31995 00000 10262 20187 40108 70500 333 20241 59007 555 10026=",
"43057099999","2023-04-06T06:00:00","4","18.9","72.8166666","11.0","BOMBAY COLABA, IN","FM-12","99999","V020","290,1,N,0010,1","22000,1,9,N","002000,1,9,9","+0322,1","+0212,1","10116,1",,,"0,1,02,1","0,1,02,1",,,"99,9,+01750,1,03,1","99,9,+99999,9,00,1",,"9,AGL   ,+99999,+99999","02,99,1,00,1,99,9,01750,1,99,9,99,9",,"9,9,999,9,-001,1","04,1","SYN05843057 31795 22902 10322 20212 40116 70400 80031 333 59001=","Q01    003SCCGA1"
"43057099999","2023-04-06T12:00:00","4","18.9","72.8166666","11.0","BOMBAY COLABA, IN","FM-12","99999","V020","340,1,N,0010,1","22000,1,9,N","002000,1,9,9","+0300,1","+0233,1","10075,1",,,"0,1,02,1","0,1,02,1",,,"02,1,+00800,1,06,1","99,9,+99999,9,00,1",,"9,AGL   ,+99999,+99999","03,99,1,02,1,99,9,00800,1,99,9,99,9",,"9,9,999,9,-006,1","05,1","SYN06443057 31595 33402 10300 20233 40075 70500 82401 333 10322 59006=",
"43057099999","2023-04-07T03:00:00","4","18.9","72.8166666","11.0","BOMBAY COLABA, IN","FM-12","99999","V020","999,9,C,0000,1","22000,1,9,N","002000,1,9,9","+0284,1","+0181,1","10113,1",,,"0,1,02,1","0,1,02,1",,,"02,1,+00800,1,06,1","99,9,+99999,9,03,1","99,9,+99999,9,00,1","9,AGL   ,+99999,+99999","04,99,1,02,1,99,9,00800,1,99,9,99,9","240,N,+0248,1","9,9,999,9,-003,1","05,1","SYN07443057 31595 40000 10284 20181 40113 70500 82531 333 20248 59003 555 10026=",
"43057099999","2023-04-07T06:00:00","4","18.9","72.8166666","11.0","BOMBAY COLABA, IN","FM-12","99999","V020","999,9,C,0000,1","22000,1,9,N","002000,1,9,9","+0324,1","+0222,1","10117,1",,,"0,1,02,1","0,1,02,1",,,"01,1,+00800,1,06,1","99,9,+99999,9,00,1",,"9,AGL   ,+99999,+99999","02,99,1,01,1,99,9,00800,1,99,9,99,9",,"9,9,999,9,-001,1","05,1","SYN05843057 31595 20000 10324 20222 40117 70500 81501 333 59001=",
"43057099999","2023-04-07T12:00:00","4","18.9","72.8166666","11.0","BOMBAY COLABA, IN","FM-12","99999","V020","340,1,N,0010,1","22000,1,9,N","002000,1,9,9","+0314,1","+0184,1","10077,1",,,"0,1,02,1","0,1,02,1",,,"01,1,+00800,1,06,1","99,9,+99999,9,03,1",,"9,AGL   ,+99999,+99999","02,99,1,01,1,99,9,00800,1,99,9,99,9",,"9,9,999,9,+002,1","05,1","SYN06443057 31595 23402 10314 20184 40077 70500 81430 333 10324 58002=",
"43057099999","2023-04-08T03:00:00","4","18.9","72.8166666","11.0","BOMBAY COLABA, IN","FM-12","99999","V020","999,9,C,0000,1","22000,1,9,N","002000,1,9,9","+0290,1","+0256,1","10133,1",,,"0,1,02,1","0,1,02,1",,,"01,1,+00800,1,06,1","99,9,+99999,9,00,1",,"9,AGL   ,+99999,+99999","02,99,1,01,1,99,9,00800,1,99,9,99,9","240,N,+0260,1","9,9,999,9,+020,1","05,1","SYN07443057 31595 20000 10290 20256 40133 70500 81501 333 20260 58020 555 10026=",
"43057099999","2023-04-08T06:00:00","4","18.9","72.8166666","11.0","BOMBAY COLABA, IN","FM-12","99999","V020","999,9,C,0000,1","22000,1,9,N","002000,1,9,9","+0330,1","+0232,1","10134,1",,,"0,1,02,1","0,1,02,1",,,"02,1,+00800,1,06,1","99,9,+99999,9,00,1",,"9,AGL   ,+99999,+99999","03,99,1,02,1,99,9,00800,1,99,9,99,9",,"9,9,999,9,+017,1","04,1","SYN05843057 31595 30000 10330 20232 40134 70400 82501 333 58017=",
"43057099999","2023-04-08T12:00:00","4","18.9","72.8166666","11.0","BOMBAY COLABA, IN","FM-12","99999","V020","999,9,C,0000,1","22000,1,9,N","002000,1,9,9","+0312,1","+0237,1","10100,1",,,"0,1,02,1","0,1,02,1",,,"01,1,+00800,1,06,1","99,9,+99999,9,00,1",,"9,AGL   ,+99999,+99999","02,99,1,01,1,99,9,00800,1,99,9,99,9",,"9,9,999,9,+023,1","05,1","SYN06443057 31595 20000 10312 20237 40100 70500 81401 333 10332 58023=",
"43057099999","2023-04-09T03:00:00","4","18.9","72.8166666","11.0","BOMBAY COLABA, IN","FM-12","99999","V020","999,9,C,0000,1","22000,1,9,N","002000,1,9,9","+0292,1","+0240,1","10143,1",,,"0,1,02,1","0,1,02,1",,,"99,9,+99999,9,00,1",,,"9,AGL   ,+99999,+99999","01,99,1,00,1,99,9,99999,9,99,9,99,9","240,N,+0262,1","9,9,999,9,+010,1","04,1","SYN07443057 31995 10000 10292 20240 40143 70400 80001 333 20262 58010 555 10026=","Q01    003SCCGA1"
"43057099999","2023-04-09T06:00:00","4","18.9","72.8166666","11.0","BOMBAY COLABA, IN","FM-12","99999","V020","999,9,C,0000,1","99999,9,9,N","002000,1,9,9","+0340,1","+0227,1","10140,1",,,"0,1,02,1","0,1,02,1",,,,,,,,,"9,9,999,9,+006,1","04,1","SYN05243057 31995 00000 10340 20227 40140 70400 333 58006=",
"43057099999","2023-04-09T12:00:00","4","18.9","72.8166666","11.0","BOMBAY COLABA, IN","FM-12","99999","V020","999,9,C,0000,1","22000,1,9,N","002000,1,9,9","+0304,1","+0244,1","10098,1",,,"0,1,02,1","0,1,02,1",,,"01,1,+00800,1,06,1","99,9,+99999,9,00,1",,"9,AGL   ,+99999,+99999","02,99,1,01,1,99,9,00800,1,99,9,99,9",,"9,9,999,9,-002,1","05,1","SYN06443057 31595 20000 10304 20244 40098 70500 81401 333 10348 59002=",
"43057099999","2023-04-10T03:00:00","4","18.9","72.8166666","11.0","BOMBAY COLABA, IN","FM-12","99999","V020","090,1,N,0005,1","22000,1,9,N","002000,1,9,9","+0292,1","+0252,1","10128,1",,,"0,1,02,1","0,1,02,1",,,"02,1,+00800,1,06,1","99,9,+99999,9,03,1","99,9,+99999,9,00,1","9,AGL   ,+99999,+99999","04,99,1,02,1,99,9,00800,1,99,9,99,9","240,N,+0260,1","9,9,999,9,-015,1","05,1","SYN07443057 31595 40901 10292 20252 40128 70500 82431 333 20260 59015 555 10026=",
"43057099999","2023-04-10T12:00:00","4","18.9","72.8166666","11.0","BOMBAY COLABA, IN","FM-12","99999","V020","999,9,C,0000,1","22000,1,9,N","002000,1,9,9","+0308,1","+0245,1","10084,1",,,"0,1,02,1","0,1,02,1",,,"01,1,+00800,1,06,1","99,9,+99999,9,00,1",,"9,AGL   ,+99999,+99999","02,99,1,01,1,99,9,00800,1,99,9,99,9",,"9,9,999,9,-014,1","05,1","SYN06443057 31595 20000 10308 20245 40084 70500 81401 333 10348 59014=",
"43057099999","2023-04-11T00:00:00","4","18.9","72.8166666","11.0","BOMBAY COLABA, IN","FM-12","99999","V020","999,9,C,0000,1","22000,1,9,N","002000,1,9,9","+0280,1","+0230,1","10094,1",,,"0,1,02,1","0,1,02,1",,,"02,1,+00800,1,06,1","99,9,+99999,9,03,1","99,9,+99999,9,00,1","9,AGL   ,+99999,+99999","04,99,1,02,1,99,9,00800,1,99,9,99,9",,"9,9,999,9,-014,1","05,1","SYN05843057 31595 40000 10280 20230 40094 70500 82531 333 59014=",
"43057099999","2023-04-11T03:00:00","4","18.9","72.8166666","11.0","BOMBAY COLABA, IN","FM-12","99999","V020","999,9,C,0000,1","22000,1,9,N","002000,1,9,9","+0282,1","+0245,1","10121,1",,,"0,1,02,1","0,1,02,1",,,"02,1,+00800,1,06,1","99,9,+99999,9,03,1",,"9,AGL   ,+99999,+99999","03,99,1,02,1,99,9,00800,1,99,9,99,9","240,N,+0268,1","9,9,999,9,-007,1","05,1","SYN07443057 31595 30000 10282 20245 40121 70500 82430 333 20268 59007 555 10026=",
"43057099999","2023-04-11T12:00:00","4","18.9","72.8166666","11.0","BOMBAY COLABA, IN","FM-12","99999","V020","290,1,N,0010,1","22000,1,9,N","002000,1,9,9","+0312,1","+0237,1","10091,1",,,"0,1,02,1","0,1,02,1",,,"01,1,+01750,1,03,1","99,9,+99999,9,00,1",,"9,AGL   ,+99999,+99999","02,99,1,01,1,99,9,01750,1,99,9,99,9",,"9,9,999,9,+007,1","05,1","SYN06443057 31795 22902 10312 20237 40091 70500 81031 333 10336 58007=",
"43057099999","2023-04-12T03:00:00","4","18.9","72.8166666","11.0","BOMBAY COLABA, IN","FM-12","99999","V020","999,9,C,0000,1","22000,1,9,N","002000,1,9,9","+0294,1","+0227,1","10125,1",,,"0,1,02,1","0,1,02,1",,,"01,1,+00800,1,06,1",,,"9,AGL   ,+99999,+99999","01,99,1,01,1,99,9,00800,1,99,9,99,9","240,N,+0255,1","9,9,999,9,+004,1","05,1","SYN07443057 31595 10000 10294 20227 40125 70500 81400 333 20255 58004 555 10026=",
"43057099999","2023-04-12T12:00:00","4","18.9","72.8166666","11.0","BOMBAY COLABA, IN","FM-12","99999","V020","340,1,N,0010,1","22000,1,9,N","002000,1,9,9","+0310,1","+0232,1","10078,1",,,"0,1,02,1","0,1,02,1",,,"02,1,+00800,1,06,1","99,9,+99999,9,00,1",,"9,AGL   ,+99999,+99999","03,99,1,02,1,99,9,00800,1,99,9,99,9",,"9,9,999,9,-001,1","04,1","SYN06443057 31595 33402 10310 20232 40078 70400 82501 333 10338 59001=",
"43057099999","2023-04-13T03:00:00","4","18.9","72.8166666","11.0","BOMBAY COLABA, IN","FM-12","99999","V020","999,9,C,0000,1","99999,9,9,N","004000,1,9,9","+0300,1","+0252,1","10112,1",,,"0,1,02,1","0,1,02,1",,,"01,1,+00800,1,06,1","99,9,+99999,9,03,1",,"9,AGL   ,+99999,+99999","05,99,1,01,1,99,9,00800,1,99,9,99,9","240,N,+0270,1","9,9,999,9,-013,1","05,1","SYN07443057 31596 50000 10300 20252 40112 70500 81450 333 20270 59013 555 10026=",
"43057099999","2023-04-13T12:00:00","4","18.9","72.8166666","11.0","BOMBAY COLABA, IN","FM-12","99999","V020","320,1,N,0010,1","22000,1,9,N","002000,1,9,9","+0310,1","+0254,1","10079,1",,,"0,1,02,1","0,1,02,1",,,"02,1,+00800,1,06,1","99,9,+99999,9,03,1","99,9,+99999,9,00,1","9,AGL   ,+99999,+99999","04,99,1,02,1,99,9,00800,1,99,9,99,9",,"9,9,999,9,+001,1","05,1","SYN06443057 31595 43202 10310 20254 40079 70500 82431 333 10316 58001=",
"43057099999","2023-04-14T03:00:00","4","18.9","72.8166666","11.0","BOMBAY COLABA, IN","FM-12","99999","V020","999,9,C,0000,1","22000,1,9,N","004000,1,9,9","+0292,1","+0252,1","10121,1",,,"0,1,02,1","0,1,02,1",,,"02,1,+00800,1,06,1","99,9,+99999,9,00,1",,"9,AGL   ,+99999,+99999","03,99,1,02,1,99,9,00800,1,99,9,99,9","240,N,+0260,1","9,9,999,9,+009,1","05,1","SYN07443057 31596 30000 10292 20252 40121 70500 82401 333 20260 58009 555 10026=",
"43057099999","2023-04-14T12:00:00","4","18.9","72.8166666","11.0","BOMBAY COLABA, IN","FM-12","99999","V020","340,1,N,0010,1","22000,1,9,N","002000,1,9,9","+0306,1","+0240,1","10077,1",,,"0,1,02,1","0,1,02,1",,,"02,1,+00800,1,06,1","99,9,+99999,9,03,1","99,9,+99999,9,00,1","9,AGL   ,+99999,+99999","04,99,1,02,1,99,9,00800,1,99,9,99,9","240,M,+0330,1","9,9,999,9,-002,1","04,1","SYN06443057 31595 43402 10306 20240 40077 70400 82431 333 10330 59002=",
"43057099999","2023-04-15T03:00:00","4","18.9","72.8166666","11.0","BOMBAY COLABA, IN","FM-12","99999","V020","999,9,C,0000,1","22000,1,9,N","002000,1,9,9","+0292,1","+0246,1","10119,1",,,"0,1,02,1","0,1,02,1",,,"99,9,+99999,9,00,1",,,"9,AGL   ,+99999,+99999","01,99,1,00,1,99,9,99999,9,99,9,99,9","240,N,+0250,1","9,9,999,9,-002,1","05,1","SYN07443057 31995 10000 10292 20246 40119 70500 80001 333 20250 59002 555 10026=","Q01    003SCCGA1"
"43057099999","2023-04-15T06:00:00","4","18.9","72.8166666","11.0","BOMBAY COLABA, IN","FM-12","99999","V020","290,1,N,0005,1","99999,9,9,N","002000,1,9,9","+0324,1","+0263,1","10115,1",,,"0,1,02,1","0,1,02,1",,,,,,,,,"9,9,999,9,-001,1","04,1","SYN05243057 31995 02901 10324 20263 40115 70400 333 59001=",
"43057099999","2023-04-15T12:00:00","4","18.9","72.8166666","11.0","BOMBAY COLABA, IN","FM-12","99999","V020","340,1,N,0010,1","22000,1,9,N","010000,1,9,9","+0300,1","+0214,1","10075,1",,,,,,,"01,1,+00800,1,06,1",,,"9,AGL   ,+99999,+99999","01,99,1,01,1,99,9,00800,1,99,9,99,9",,"9,9,999,9,-002,1",,"SYN05843057 32597 13402 10300 20214 40075 81400 333 10330 59002=",
"43057099999","2023-04-16T03:00:00","4","18.9","72.8166666","11.0","BOMBAY COLABA, IN","FM-12","99999","V020","999,9,C,0000,1","22000,1,9,N","004000,1,9,9","+0280,1","+0247,1","10105,1",,,"0,1,02,1","0,1,02,1",,,"01,1,+00800,1,06,1",,,"9,AGL   ,+99999,+99999","01,99,1,01,1,99,9,00800,1,99,9,99,9","240,N,+0255,1","9,9,999,9,-014,1","05,1","SYN07443057 31596 10000 10280 20247 40105 70500 81400 333 20255 59014 555 10026=",
"43057099999","2023-04-16T12:00:00","4","18.9","72.8166666","11.0","BOMBAY COLABA, IN","FM-12","99999","V020","290,1,N,0010,1","99999,9,9,N","002000,1,9,9","+0302,1","+0245,1","10066,1",,,"0,1,02,1","0,1,02,1",,,,,,,,,"9,9,999,9,-009,1","05,1","SYN05843057 31995 02902 10302 20245 40066 70500 333 10324 59009=",
"43057099999","2023-04-17T03:00:00","4","18.9","72.8166666","11.0","BOMBAY COLABA, IN","FM-12","99999","V020","999,9,C,0000,1","22000,1,9,N","002000,1,9,9","+0286,1","+0237,1","10098,1",,,"0,1,02,1","0,1,02,1",,,"99,9,+99999,9,00,1",,,"9,AGL   ,+99999,+99999","01,99,1,00,1,99,9,99999,9,99,9,99,9","240,N,+0256,1","9,9,999,9,-007,1","05,1","SYN07443057 31995 10000 10286 20237 40098 70500 80001 333 20256 59007 555 10026=","Q01    003SCCGA1"
"43057099999","2023-04-17T12:00:00","4","18.9","72.8166666","11.0","BOMBAY COLABA, IN","FM-12","99999","V020","290,1,N,0015,1","22000,1,9,N","002000,1,9,9","+0302,1","+0269,1","10073,1",,,"0,1,02,1","0,1,02,1",,,"01,1,+00800,1,06,1",,,"9,AGL   ,+99999,+99999","01,99,1,01,1,99,9,00800,1,99,9,99,9",,"9,9,999,9,+007,1","05,1","SYN06443057 31595 12903 10302 20269 40073 70500 81500 333 10322 58007=",
"43057099999","2023-04-18T03:00:00","4","18.9","72.8166666","11.0","BOMBAY COLABA, IN","FM-12","99999","V020","999,9,C,0000,1","22000,1,9,N","004000,1,9,9","+0280,1","+0190,1","10111,1",,,"0,1,02,1","0,1,02,1",,,"01,1,+00800,1,06,1",,,"9,AGL   ,+99999,+99999","01,99,1,01,1,99,9,00800,1,99,9,99,9","240,N,+0255,1","9,9,999,9,+013,1","05,1","SYN07443057 31596 10000 10280 20190 40111 70500 81400 333 20255 58013 555 10026=",
"43057099999","2023-04-18T12:00:00","4","18.9","72.8166666","11.0","BOMBAY COLABA, IN","FM-12","99999","V020","340,1,N,0005,1","99999,9,9,N","002000,1,9,9","+0308,1","+0254,1","10069,1",,,"0,1,02,1","0,1,02,1",,,,,,,,"240,M,+0334,1","9,9,999,9,-004,1","04,1","SYN05843057 31995 03401 10308 20254 40069 70400 333 10334 59004=",
"43057099999","2023-04-19T03:00:00","4","18.9","72.8166666","11.0","BOMBAY COLABA, IN","FM-12","99999","V020","999,9,C,0000,1","22000,1,9,N","004000,1,9,9","+0296,1","+0232,1","10090,1",,,"0,1,02,1","0,1,02,1",,,"01,1,+00800,1,06,1","99,9,+99999,9,03,1",,"9,AGL   ,+99999,+99999","02,99,1,01,1,99,9,00800,1,99,9,99,9","240,N,+0266,1","9,9,999,9,-021,1","05,1","SYN07443057 31596 20000 10296 20232 40090 70500 81430 333 20266 59021 555 10026=",
"43057099999","2023-04-19T12:00:00","4","18.9","72.8166666","11.0","BOMBAY COLABA, IN","FM-12","99999","V020","340,1,N,0010,1","99999,9,9,N","004000,1,9,9","+0324,1","+0204,1","10038,1",,,"0,1,02,1","0,1,02,1",,,,,,,,,"9,9,999,9,-031,1","04,1","SYN05843057 31996 03402 10324 20204 40038 70400 333 10346 59031=",
"43057099999","2023-04-20T03:00:00","4","18.9","72.8166666","11.0","BOMBAY COLABA, IN","FM-12","99999","V020","999,9,C,0000,1","22000,1,9,N","004000,1,9,9","+0296,1","+0260,1","10074,1",,,"0,1,02,1","0,1,02,1",,,"01,1,+00800,1,06,1","99,9,+99999,9,03,1",,"9,AGL   ,+99999,+99999","02,99,1,01,1,99,9,00800,1,99,9,99,9","240,N,+0262,1","9,9,999,9,-016,1","05,1","SYN07443057 31596 20000 10296 20260 40074 70500 81430 333 20262 59016 555 10026=",
"43057099999","2023-04-20T12:00:00","4","18.9","72.8166666","11.0","BOMBAY COLABA, IN","FM-12","99999","V020","290,1,N,0015,1","22000,1,9,N","004000,1,9,9","+0310,1","+0219,1","10036,1",,,"0,1,02,1","0,1,02,1",,,"02,1,+00800,1,06,1","99,9,+99999,9,03,1",,"9,AGL   ,+99999,+99999","04,99,1,02,1,99,9,00800,1,99,9,99,9",,"9,9,999,9,-002,1","05,1","SYN06443057 31596 42903 10310 20219 40036 70500 82430 333 10330 59002=",
"43057099999","2023-04-21T03:00:00","4","18.9","72.8166666","11.0","BOMBAY COLABA, IN","FM-12","99999","V020","999,9,C,0000,1","99999,9,9,N","004000,1,9,9","+0280,1","+0243,1","10080,1",,,"0,1,02,1","0,1,02,1",,,,,,,,"240,N,+0250,1","9,9,999,9,+006,1","05,1","SYN06843057 31996 00000 10280 20243 40080 70500 333 20250 58006 555 10026=",
"43057099999","2023-04-21T12:00:00","4","18.9","72.8166666","11.0","BOMBAY COLABA, IN","FM-12","99999","V020","290,1,N,0010,1","99999,9,9,N","004000,1,9,9","+0296,1","+0235,1","10056,1",,,,,,,,,,,,,"9,9,999,9,+020,1",,"SYN05243057 32996 02902 10296 20235 40056 333 10320 58020=",
"43057099999","2023-04-22T03:00:00","4","18.9","72.8166666","11.0","BOMBAY COLABA, IN","FM-12","99999","V020","999,9,C,0000,1","22000,1,9,N","004000,1,9,9","+0284,1","+0235,1","10086,1",,,"0,1,02,1","0,1,02,1",,,"02,1,+00800,1,06,1","99,9,+99999,9,03,1",,"9,AGL   ,+99999,+99999","04,99,1,02,1,99,9,00800,1,99,9,99,9","240,N,+0250,1","9,9,999,9,+006,1","05,1","SYN07443057 31596 40000 10284 20235 40086 70500 82430 333 20250 58006 555 10026=",
"43057099999","2023-04-22T06:00:00","4","18.9","72.8166666","11.0","BOMBAY COLABA, IN","FM-12","99999","V020","999,9,C,0000,1","22000,1,9,N","004000,1,9,9","+0322,1","+0242,1","10094,1",,,,,,,"01,1,+00800,1,08,1",,,"9,AGL   ,+99999,+99999","01,99,1,01,1,99,9,00800,1,99,9,99,9",,"9,9,999,9,+012,1",,"SYN05243057 32596 10000 10322 20242 40094 81200 333 58012=",
"43057099999","2023-04-22T09:00:00","4","18.9","72.8166666","11.0","BOMBAY COLABA, IN","FM-12","99999","V020","999,9,C,0000,1","99999,9,9,N","004000,1,9,9","+0320,1","+0227,1","10074,1",,,,,,,,,,,,,"9,9,999,9,+012,1",,"SYN04643057 32996 00000 10320 20227 40074 333 58012=",
"43057099999","2023-04-22T12:00:00","4","18.9","72.8166666","11.0","BOMBAY COLABA, IN","FM-12","99999","V020","320,1,N,0015,1","99999,9,9,N","004000,1,9,9","+0302,1","+0226,1","10059,1",,,,,,,,,,,,,"9,9,999,9,+003,1",,"SYN05243057 32996 03203 10302 20226 40059 333 10320 58003=",
"43057099999","2023-04-23T03:00:00","4","18.9","72.8166666","11.0","BOMBAY COLABA, IN","FM-12","99999","V020","999,9,C,0000,1","22000,1,9,N","004000,1,9,9","+0288,1","+0242,1","10089,1",,,"0,1,02,1","0,1,02,1",,,"02,1,+00800,1,06,1","99,9,+99999,9,03,1",,"9,AGL   ,+99999,+99999","04,99,1,02,1,99,9,00800,1,99,9,99,9","240,N,+0244,1","9,9,999,9,+003,1","05,1","SYN07443057 31596 40000 10288 20242 40089 70500 82430 333 20244 58003 555 10026=",
"43057099999","2023-04-23T12:00:00","4","18.9","72.8166666","11.0","BOMBAY COLABA, IN","FM-12","99999","V020","320,1,N,0015,1","99999,9,9,N","004000,1,9,9","+0294,1","+0239,1","10057,1",,,,,,,,,,,,,"9,9,999,9,-002,1",,"SYN05243057 32996 03203 10294 20239 40057 333 10320 59002=",
"43057099999","2023-04-24T03:00:00","4","18.9","72.8166666","11.0","BOMBAY COLABA, IN","FM-12","99999","V020","999,9,C,0000,1","22000,1,9,N","004000,1,9,9","+0274,1","+0239,1","10093,1",,,"0,1,02,1","0,1,02,1",,,"01,1,+00800,1,06,1","99,9,+99999,9,03,1",,"9,AGL   ,+99999,+99999","02,99,1,01,1,99,9,00800,1,99,9,99,9","240,N,+0250,1","9,9,999,9,+004,1","05,1","SYN07443057 31596 20000 10274 20239 40093 70500 81430 333 20250 58004 555 10026=",
"43057099999","2023-04-24T12:00:00","4","18.9","72.8166666","11.0","BOMBAY COLABA, IN","FM-12","99999","V020","270,1,N,0015,1","22000,1,9,N","002000,1,9,9","+0302,1","+0254,1","10052,1",,,"0,1,02,1","0,1,02,1",,,"01,1,+00800,1,06,1","99,9,+99999,9,03,1",,"9,AGL   ,+99999,+99999","02,99,1,01,1,99,9,00800,1,99,9,99,9",,"9,9,999,9,-005,1","05,1","SYN06443057 31595 22703 10302 20254 40052 70500 81430 333 10318 59005=",
"43057099999","2023-04-25T03:00:00","4","18.9","72.8166666","11.0","BOMBAY COLABA, IN","FM-12","99999","V020","999,9,C,0000,1","22000,1,9,N","004000,1,9,9","+0290,1","+0268,1","10088,1",,,"0,1,02,1","0,1,02,1",,,"01,1,+00800,1,06,1",,,"9,AGL   ,+99999,+99999","01,99,1,01,1,99,9,00800,1,99,9,99,9","240,N,+0260,1","9,9,999,9,-005,1","05,1","SYN07443057 31596 10000 10290 20268 40088 70500 81400 333 20260 59005 555 10026=",
"43057099999","2023-04-25T09:00:00","4","18.9","72.8166666","11.0","BOMBAY COLABA, IN","FM-12","99999","V020","250,1,N,0021,1","22000,1,9,N","004000,1,9,9","+0330,1","+0260,1","10069,1",,,,,,,"99,9,+99999,9,00,1",,,"9,AGL   ,+99999,+99999","01,99,1,00,1,99,9,99999,9,99,9,99,9",,"9,9,999,9,+003,1",,"SYN05243057 32996 12504 10330 20260 40069 80001 333 58003=","Q01    003SCCGA1"
"43057099999","2023-04-25T12:00:00","4","18.9","72.8166666","11.0","BOMBAY COLABA, IN","FM-12","99999","V020","250,1,N,0010,1","22000,1,9,N","002000,1,9,9","+0304,1","+0253,1","10062,1",,,"0,1,02,1","0,1,02,1",,,"02,1,+00800,1,06,1","99,9,+99999,9,03,1","99,9,+99999,9,00,1","9,AGL   ,+99999,+99999","04,99,1,02,1,99,9,00800,1,99,9,99,9",,"9,9,999,9,+010,1","04,1","SYN06443057 31595 42502 10304 20253 40062 70400 82431 333 10332 58010=",
"43057099999","2023-04-26T03:00:00","4","18.9","72.8166666","11.0","BOMBAY COLABA, IN","FM-12","99999","V020","090,1,N,0005,1","22000,1,9,N","002000,1,9,9","+0294,1","+0251,1","10098,1",,,"0,1,02,1","0,1,02,1",,,"01,1,+00800,1,06,1","99,9,+99999,9,03,1","99,9,+99999,9,00,1","9,AGL   ,+99999,+99999","03,99,1,01,1,99,9,00800,1,99,9,99,9","240,N,+0265,1","9,9,999,9,+010,1","05,1","SYN07443057 31595 30901 10294 20251 40098 70500 81431 333 20265 58010 555 10026=",
"43057099999","2023-04-26T12:00:00","4","18.9","72.8166666","11.0","BOMBAY COLABA, IN","FM-12","99999","V020","250,1,N,0015,1","22000,1,9,N","004000,1,9,9","+0306,1","+0237,1","10066,1",,,"0,1,02,1","0,1,02,1",,,"01,1,+00800,1,08,1","99,9,+99999,9,03,1","99,9,+99999,9,00,1","9,AGL   ,+99999,+99999","03,99,1,01,1,99,9,00800,1,99,9,99,9",,"9,9,999,9,+004,1","05,1","SYN06443057 31596 32503 10306 20237 40066 70500 81231 333 10327 58004=",
"43057099999","2023-04-27T03:00:00","4","18.9","72.8166666","11.0","BOMBAY COLABA, IN","FM-12","99999","V020","999,9,C,0000,1","22000,1,9,N","002000,1,9,9","+0286,1","+0237,1","10100,1",,,"0,1,02,1","0,1,02,1",,,"02,1,+00800,1,06,1","99,9,+99999,9,03,1","99,9,+99999,9,00,1","9,AGL   ,+99999,+99999","04,99,1,02,1,99,9,00800,1,99,9,99,9","240,N,+0254,1","9,9,999,9,+002,1","05,1","SYN07443057 31595 40000 10286 20237 40100 70500 82531 333 20254 58002 555 10026=",
"43057099999","2023-04-27T12:00:00","4","18.9","72.8166666","11.0","BOMBAY COLABA, IN","FM-12","99999","V020","270,1,N,0010,1","22000,1,9,N","004000,1,9,9","+0298,1","+0225,1","10065,1",,,"0,1,02,1","0,1,02,1",,,"02,1,+00800,1,06,1","99,9,+99999,9,03,1","99,9,+99999,9,00,1","9,AGL   ,+99999,+99999","04,99,1,02,1,99,9,00800,1,99,9,99,9",,"9,9,999,9,-001,1","05,1","SYN06443057 31596 42702 10298 20225 40065 70500 82531 333 10332 59001=",
"43057099999","2023-04-28T03:00:00","4","18.9","72.8166666","11.0","BOMBAY COLABA, IN","FM-12","99999","V020","999,9,C,0000,1","22000,1,9,N","004000,1,9,9","+0286,1","+0240,1","10109,1",,,"0,1,02,1","0,1,02,1",,,"02,1,+00800,1,06,1","99,9,+99999,9,03,1",,"9,AGL   ,+99999,+99999","04,99,1,02,1,99,9,00800,1,99,9,99,9","240,N,+0258,1","9,9,999,9,+009,1","05,1","SYN07443057 31596 40000 10286 20240 40109 70500 82430 333 20258 58009 555 10026=",
"43057099999","2023-04-28T12:00:00","4","18.9","72.8166666","11.0","BOMBAY COLABA, IN","FM-12","99999","V020","290,1,N,0010,1","99999,9,9,N","002000,1,9,9","+0300,1","+0220,1","10072,1",,,,,,,,,,,,,"9,9,999,9,+007,1",,"SYN05243057 32995 02902 10300 20220 40072 333 10320 58007=",
"43057099999","2023-04-29T00:00:00","4","18.9","72.8166666","11.0","BOMBAY COLABA, IN","FM-12","99999","V020","999,9,C,0000,1","22000,1,9,N","004000,1,9,9","+0268,1","+0236,1","10086,1",,,"0,1,02,1","0,1,02,1",,,"02,1,+00800,1,06,1","99,9,+99999,9,03,1","99,9,+99999,9,00,1","9,AGL   ,+99999,+99999","04,99,1,02,1,99,9,00800,1,99,9,99,9",,"9,9,999,9,-002,1","05,1","SYN05843057 31596 40000 10268 20236 40086 70500 82431 333 59002=",
"43057099999","2023-04-29T03:00:00","4","18.9","72.8166666","11.0","BOMBAY COLABA, IN","FM-12","99999","V020","999,9,C,0000,1","99999,9,9,N","002000,1,9,9","+0282,1","+0236,1","10106,1",,,"2,1,02,1","0,1,02,1",,,"02,1,+00800,1,06,1","99,9,+99999,9,03,1","99,9,+99999,9,00,1","9,AGL   ,+99999,+99999","06,99,1,02,1,99,9,00800,1,99,9,99,9","240,N,+0254,1","9,9,999,9,-003,1","05,1","SYN07443057 31595 60000 10282 20236 40106 70520 82431 333 20254 59003 555 10026=",
"43057099999","2023-04-29T12:00:00","4","18.9","72.8166666","11.0","BOMBAY COLABA, IN","FM-12","99999","V020","290,1,N,0021,1","22000,1,9,N","010000,1,9,9","+0314,1","+0210,1","10061,1",,,,,,,"01,1,+00800,1,06,1","99,9,+99999,9,03,1",,"9,AGL   ,+99999,+99999","02,99,1,01,1,99,9,00800,1,99,9,99,9",,"9,9,999,9,-011,1",,"SYN05843057 32597 22904 10314 20210 40061 81430 333 10340 59011=",
"43057099999","2023-04-30T03:00:00","4","18.9","72.8166666","11.0","BOMBAY COLABA, IN","FM-12","99999","V020","999,9,C,0000,1","22000,1,9,N","004000,1,9,9","+0274,1","+0251,1","10090,1","24,0020,3,1",,"6,1,02,1","2,1,02,1",,,"02,1,+00800,1,08,1","99,9,+99999,9,03,1",,"9,AGL   ,+99999,+99999","04,99,1,02,1,99,9,00800,1,99,9,99,9","240,N,+0260,1","9,9,999,9,-016,1","05,1","SYN08643057 21596 40000 10274 20251 40090 70562 82270 333 20260 59016 6002/ 555 00016 10027=",
"43057099999","2023-04-30T12:00:00","4","18.9","72.8166666","11.0","BOMBAY COLABA, IN","FM-12","99999","V020","999,9,C,0000,1","22000,1,9,N","004000,1,9,9","+0314,1","+0244,1","10051,1",,,,,,,"02,2,+00800,1,06,1",,,"9,AGL   ,+99999,+99999","01,99,2,02,2,99,9,00800,1,99,9,99,9",,"9,9,999,9,-010,1",,"SYN05843057 31596 10000 10314 20244 40051 82400 333 10328 59010=",
"43057099999","2023-05-01T03:00:00","4","18.9","72.8166666","11.0","BOMBAY COLABA, IN","FM-12","99999","V020","999,9,C,0000,1","22000,1,9,N","004000,1,9,9","+0284,1","+0238,1","10083,1",,,"0,1,02,1","0,1,02,1",,,"01,1,+00800,1,06,1","99,9,+99999,9,03,1","99,9,+99999,9,00,1","9,AGL   ,+99999,+99999","03,99,1,01,1,99,9,00800,1,99,9,99,9","240,N,+0255,1","9,9,999,9,-007,1","05,1","SYN07443057 31596 30000 10284 20238 40083 70500 81431 333 20255 59007 555 10027=",
"43057099999","2023-05-01T06:00:00","4","18.9","72.8166666","11.0","BOMBAY COLABA, IN","FM-12","99999","V020","290,1,N,0015,1","99999,9,9,N","004000,1,9,9","+0316,1","+0205,1","10088,1",,,"0,1,02,1","0,1,02,1",,,"02,1,+00800,1,08,1","99,9,+99999,9,03,1",,"9,AGL   ,+99999,+99999","05,99,1,02,1,99,9,00800,1,99,9,99,9",,"9,9,999,9,-002,1","05,1","SYN05843057 31596 52903 10316 20205 40088 70500 82270 333 59002=",
"43057099999","2023-05-01T12:00:00","4","18.9","72.8166666","11.0","BOMBAY COLABA, IN","FM-12","99999","V020","270,1,N,0015,1","22000,1,9,N","004000,1,9,9","+0314,1","+0220,1","10057,1",,,"0,1,02,1","0,1,02,1",,,"02,1,+00800,1,08,1","99,9,+99999,9,03,1",,"9,AGL   ,+99999,+99999","04,99,1,02,1,99,9,00800,1,99,9,99,9",,"9,9,999,9,+006,1","05,1","SYN06443057 31596 42703 10314 20220 40057 70500 82270 333 10332 58006=",
"43057099999","2023-05-02T03:00:00","4","18.9","72.8166666","11.0","BOMBAY COLABA, IN","FM-12","99999","V020","999,9,C,0000,1","22000,1,9,N","004000,1,9,9","+0262,1","+0242,1","10091,1","24,0120,3,1",,"6,1,02,1","2,1,02,1",,,"02,1,+00800,1,08,1","99,9,+99999,9,03,1",,"9,AGL   ,+99999,+99999","04,99,1,02,1,99,9,00800,1,99,9,99,9","240,N,+0230,1","9,9,999,9,+008,1","05,1","SYN08643057 21596 40000 10262 20242 40091 70562 82230 333 20230 58008 6012/ 555 00124 10040=",
"43057099999","2023-05-02T12:00:00","4","18.9","72.8166666","11.0","BOMBAY COLABA, IN","FM-12","99999","V020","999,9,C,0000,1","22000,1,9,N","004000,1,9,9","+0312,1","+0200,1","10054,1",,,"0,1,02,1","0,1,02,1",,,"01,1,+00800,1,06,1","99,9,+99999,9,03,1",,"9,AGL   ,+99999,+99999","02,99,1,01,1,99,9,00800,1,99,9,99,9",,"9,9,999,9,-003,1","05,1","SYN06443057 31596 20000 10312 20200 40054 70500 81430 333 10327 59003=",
"43057099999","2023-05-03T03:00:00","4","18.9","72.8166666","11.0","BOMBAY COLABA, IN","FM-12","99999","V020","999,9,C,0000,1","22000,1,9,N","004000,1,9,9","+0290,1","+0209,1","10107,1",,,"0,1,02,1","0,1,02,1",,,"01,1,+00800,1,06,1","99,9,+99999,9,03,1",,"9,AGL   ,+99999,+99999","02,99,1,01,1,99,9,00800,1,99,9,99,9","240,N,+0260,1","9,9,999,9,+016,1","05,1","SYN07443057 31596 20000 10290 20209 40107 70500 81430 333 20260 58016 555 10040=",
"43057099999","2023-05-03T12:00:00","4","18.9","72.8166666","11.0","BOMBAY COLABA, IN","FM-12","99999","V020","290,1,N,0015,1","22000,1,9,N","004000,1,9,9","+0306,1","+0217,1","10071,1",,,,,,,"01,1,+00800,1,06,1",,,"9,AGL   ,+99999,+99999","01,99,1,01,1,99,9,00800,1,99,9,99,9",,"9,9,999,9,+017,1",,"SYN05843057 32596 12903 10306 20217 40071 81500 333 10332 58017=",
"43057099999","2023-05-04T03:00:00","4","18.9","72.8166666","11.0","BOMBAY COLABA, IN","FM-12","99999","V020","090,1,N,0005,1","22000,1,9,N","002000,1,9,9","+0286,1","+0243,1","10104,1",,,"0,1,02,1","0,1,02,1",,,"02,1,+00800,1,06,1","99,9,+99999,9,03,1","99,9,+99999,9,00,1","9,AGL   ,+99999,+99999","04,99,1,02,1,99,9,00800,1,99,9,99,9","240,N,+0260,1","9,9,999,9,-003,1","05,1","SYN07443057 31595 40901 10286 20243 40104 70500 82431 333 20260 59003 555 10040=",
"43057099999","2023-05-04T12:00:00","4","18.9","72.8166666","11.0","BOMBAY COLABA, IN","FM-12","99999","V020","290,1,N,0010,1","22000,1,9,N","002000,1,9,9","+0304,1","+0218,1","10058,1",,,"0,1,02,1","0,1,02,1",,,"01,1,+00800,1,06,1","99,9,+99999,9,00,1",,"9,AGL   ,+99999,+99999","02,99,1,01,1,99,9,00800,1,99,9,99,9",,"9,9,999,9,-013,1","05,1","SYN06443057 31595 22902 10304 20218 40058 70500 81401 333 10326 59013=",
"43057099999","2023-05-05T03:00:00","4","18.9","72.8166666","11.0","BOMBAY COLABA, IN","FM-12","99999","V020","999,9,C,0000,1","99999,9,9,N","004000,1,9,9","+0290,1","+0244,1","10091,1",,,"2,1,02,1","0,1,02,1",,,"02,1,+00800,1,06,1","99,9,+99999,9,03,1","99,9,+99999,9,00,1","9,AGL   ,+99999,+99999","05,99,1,02,1,99,9,00800,1,99,9,99,9","240,N,+0256,1","9,9,999,9,-013,1","05,1","SYN07443057 31596 50000 10290 20244 40091 70520 82531 333 20256 59013 555 10040=",
"43057099999","2023-05-05T12:00:00","4","18.9","72.8166666","11.0","BOMBAY COLABA, IN","FM-12","99999","V020","290,1,N,0010,1","22000,1,9,N","004000,1,9,9","+0308,1","+0220,1","10056,1",,,"0,1,02,1","0,1,02,1",,,"01,1,+00800,1,06,1",,,"9,AGL   ,+99999,+99999","01,99,1,01,1,99,9,00800,1,99,9,99,9",,"9,9,999,9,-002,1","05,1","SYN06443057 31596 12902 10308 20220 40056 70500 81500 333 10322 59002=",
"43057099999","2023-05-06T03:00:00","4","18.9","72.8166666","11.0","BOMBAY COLABA, IN","FM-12","99999","V020","999,9,C,0000,1","22000,1,9,N","004000,1,9,9","+0292,1","+0231,1","10096,1",,,"0,1,02,1","0,1,02,1",,,"02,1,+00800,1,08,1","99,9,+99999,9,00,1",,"9,AGL   ,+99999,+99999","03,99,1,02,1,99,9,00800,1,99,9,99,9","240,N,+0256,1","9,9,999,9,+005,1","04,1","SYN07443057 31596 30000 10292 20231 40096 70400 82201 333 20256 58005 555 10040=",
"43057099999","2023-05-06T06:00:00","4","18.9","72.8166666","11.0","BOMBAY COLABA, IN","FM-12","99999","V020","290,1,N,0010,1","22000,1,9,N","004000,1,9,9","+0324,1","+0232,1","10071,1",,,"0,1,02,1","0,1,02,1",,,"01,1,+00800,1,08,1","99,9,+99999,9,00,1",,"9,AGL   ,+99999,+99999","02,99,1,01,1,99,9,00800,1,99,9,99,9",,"9,9,999,9,+005,1","05,1","SYN05843057 31596 22902 10324 20232 40071 70500 81201 333 58005=",
"43057099999","2023-05-06T12:00:00","4","18.9","72.8166666","11.0","BOMBAY COLABA, IN","FM-12","99999","V020","290,1,N,0010,1","22000,1,9,N","004000,1,9,9","+0312,1","+0224,1","10058,1",,,"0,1,02,1","0,1,02,1",,,"01,1,+00800,1,06,1",,,"9,AGL   ,+99999,+99999","01,99,1,01,1,99,9,00800,1,99,9,99,9",,"9,9,999,9,+002,1","05,1","SYN06443057 31596 12902 10312 20224 40058 70500 81500 333 10325 58002=",
"43057099999","2023-05-07T03:00:00","4","18.9","72.8166666","11.0","BOMBAY COLABA, IN","FM-12","99999","V020","999,9,C,0000,1","99999,9,9,N","004000,1,9,9","+0294,1","+0242,1","10101,1","24,0000,2,1",,"5,1,02,1","2,1,02,1",,,"02,1,+00800,1,08,1","99,9,+99999,9,03,1",,"9,AGL   ,+99999,+99999","06,99,1,02,1,99,9,00800,1,99,9,99,9","240,N,+0272,1","9,9,999,9,+005,1","20,1","SYN08043057 21596 60000 10294 20242 40101 72052 82270 333 20272 58005 6990/ 555 10040=",
"43057099999","2023-05-07T12:00:00","4","18.9","72.8166666","11.0","BOMBAY COLABA, IN","FM-12","99999","V020","290,1,N,0015,1","22000,1,9,N","004000,1,9,9","+0304,1","+0250,1","10058,1",,,"0,1,02,1","0,1,02,1",,,"01,1,+00800,1,08,1","99,9,+99999,9,00,1",,"9,AGL   ,+99999,+99999","02,99,1,01,1,99,9,00800,1,99,9,99,9",,"9,9,999,9,+000,1","04,1","SYN06443057 31596 22903 10304 20250 40058 70400 81201 333 10326 58000=",
"43057099999","2023-05-08T03:00:00","4","18.9","72.8166666","11.0","BOMBAY COLABA, IN","FM-12","99999","V020","999,9,C,0000,1","99999,9,9,N","004000,1,9,9","+0294,1","+0251,1","10090,1",,,"0,1,02,1","0,1,02,1",,,"02,1,+00800,1,06,1","99,9,+99999,9,03,1",,"9,AGL   ,+99999,+99999","05,99,1,02,1,99,9,00800,1,99,9,99,9","240,N,+0275,1","9,9,999,9,-011,1","05,1","SYN07443057 31596 50000 10294 20251 40090 70500 82470 333 20275 59011 555 10040=",
"43057099999","2023-05-08T12:00:00","4","18.9","72.8166666","11.0","BOMBAY COLABA, IN","FM-12","99999","V020","290,1,N,0010,1","22000,1,9,N","004000,1,9,9","+0312,1","+0250,1","10051,1",,,"0,1,02,1","0,1,02,1",,,"01,1,+00800,1,08,1","99,9,+99999,9,00,1",,"9,AGL   ,+99999,+99999","02,99,1,01,1,99,9,00800,1,99,9,99,9",,"9,9,999,9,-007,1","04,1","SYN06443057 31596 22902 10312 20250 40051 70400 81201 333 10326 59007=",
"43057099999","2023-05-09T03:00:00","4","18.9","72.8166666","11.0","BOMBAY COLABA, IN","FM-12","99999","V020","999,9,C,0000,1","22000,1,9,N","004000,1,9,9","+0294,1","+0254,1","10096,1",,,"0,1,02,1","0,1,02,1",,,"01,1,+00800,1,06,1","99,9,+99999,9,03,1","99,9,+99999,9,00,1","9,AGL   ,+99999,+99999","03,99,1,01,1,99,9,00800,1,99,9,99,9","240,N,+0275,1","9,9,999,9,+006,1","05,1","SYN07443057 31596 30000 10294 20254 40096 70500 81431 333 20275 58006 555 10040=",
"43057099999","2023-05-09T12:00:00","4","18.9","72.8166666","11.0","BOMBAY COLABA, IN","FM-12","99999","V020","270,1,N,0005,1","22000,1,9,N","004000,1,9,9","+0308,1","+0257,1","10054,1",,,"0,1,02,1","0,1,02,1",,,"02,1,+00800,1,06,1","99,9,+99999,9,03,1","99,9,+99999,9,00,1","9,AGL   ,+99999,+99999","04,99,1,02,1,99,9,00800,1,99,9,99,9",,"9,9,999,9,+003,1","05,1","SYN06443057 31596 42701 10308 20257 40054 70500 82531 333 10327 58003=",
"43057099999","2023-05-10T03:00:00","4","18.9","72.8166666","11.0","BOMBAY COLABA, IN","FM-12","99999","V020","999,9,C,0000,1","22000,1,9,N","004000,1,9,9","+0304,1","+0271,1","10086,1",,,"0,1,02,1","0,1,02,1",,,"01,1,+00800,1,06,1","99,9,+99999,9,00,1",,"9,AGL   ,+99999,+99999","02,99,1,01,1,99,9,00800,1,99,9,99,9","240,N,+0270,1","9,9,999,9,-010,1","05,1","SYN07443057 31596 20000 10304 20271 40086 70500 81401 333 20270 59010 555 10040=",
"43057099999","2023-05-10T12:00:00","4","18.9","72.8166666","11.0","BOMBAY COLABA, IN","FM-12","99999","V020","290,1,N,0010,1","22000,1,9,N","004000,1,9,9","+0320,1","+0281,1","10045,1",,,"0,1,02,1","0,1,02,1",,,"01,1,+00800,1,06,1","99,9,+99999,9,00,1",,"9,AGL   ,+99999,+99999","02,99,1,01,1,99,9,00800,1,99,9,99,9",,"9,9,999,9,-009,1","04,1","SYN06443057 31596 22902 10320 20281 40045 70400 81501 333 10336 59009=",
"43057099999","2023-05-11T00:00:00","4","18.9","72.8166666","11.0","BOMBAY COLABA, IN","FM-12","99999","V020","999,9,C,0000,1","22000,1,9,N","004000,1,9,9","+0294,1","+0275,1","10070,1",,,"0,1,02,1","0,1,02,1",,,"01,1,+00800,1,06,1","99,9,+99999,9,03,1",,"9,AGL   ,+99999,+99999","03,99,1,01,1,99,9,00800,1,99,9,99,9",,"9,9,999,9,-003,1","05,1","SYN05843057 31596 30000 10294 20275 40070 70500 81430 333 59003=",
"43057099999","2023-05-11T03:00:00","4","18.9","72.8166666","11.0","BOMBAY COLABA, IN","FM-12","99999","V020","999,9,C,0000,1","22000,1,9,N","004000,1,9,9","+0298,1","+0259,1","10088,1",,,"0,1,02,1","0,1,02,1",,,"01,1,+00800,1,06,1",,,"9,AGL   ,+99999,+99999","01,99,1,01,1,99,9,00800,1,99,9,99,9","240,N,+0275,1","9,9,999,9,+002,1","05,1","SYN07443057 31596 10000 10298 20259 40088 70500 81400 333 20275 58002 555 10040=",
"43057099999","2023-05-11T06:00:00","4","18.9","72.8166666","11.0","BOMBAY COLABA, IN","FM-12","99999","V020","999,9,C,0000,1","22000,1,9,N","004000,1,9,9","+0340,1","+0256,1","10086,1",,,"0,1,02,1","0,1,02,1",,,"01,1,+00800,1,06,1",,,"9,AGL   ,+99999,+99999","01,99,1,01,1,99,9,00800,1,99,9,99,9",,"9,9,999,9,+005,1","05,1","SYN05843057 31596 10000 10340 20256 40086 70500 81400 333 58005=",
"43057099999","2023-05-11T12:00:00","4","18.9","72.8166666","11.0","BOMBAY COLABA, IN","FM-12","99999","V020","999,9,C,0000,1","22000,1,9,N","004000,1,9,9","+0324,1","+0278,1","10053,1",,,"0,1,02,1","0,1,02,1",,,"02,1,+00800,1,06,1",,,"9,AGL   ,+99999,+99999","02,99,1,02,1,99,9,00800,1,99,9,99,9",,"9,9,999,9,+008,1","05,1","SYN06443057 31596 20000 10324 20278 40053 70500 82400 333 10342 58008=",
"43057099999","2023-05-12T03:00:00","4","18.9","72.8166666","11.0","BOMBAY COLABA, IN","FM-12","99999","V020","999,9,C,0000,1","22000,1,9,N","004000,1,9,9","+0306,1","+0261,1","10096,1",,,"0,1,02,1","0,1,02,1",,,"01,1,+00800,1,06,1",,,"9,AGL   ,+99999,+99999","01,99,1,01,1,99,9,00800,1,99,9,99,9","240,N,+0275,1","9,9,999,9,+008,1","05,1","SYN07443057 31596 10000 10306 20261 40096 70500 81500 333 20275 58008 555 10040=",
"43057099999","2023-05-12T12:00:00","4","18.9","72.8166666","11.0","BOMBAY COLABA, IN","FM-12","99999","V020","200,1,N,0010,1","22000,1,9,N","002000,1,9,9","+0320,1","+0270,1","10060,1",,,"0,1,02,1","0,1,02,1",,,"02,1,+00800,1,06,1",,,"9,AGL   ,+99999,+99999","02,99,1,02,1,99,9,00800,1,99,9,99,9",,"9,9,999,9,+007,1","05,1","SYN06443057 31595 22002 10320 20270 40060 70500 82400 333 10344 58007=",
"43057099999","2023-05-13T03:00:00","4","18.9","72.8166666","11.0","BOMBAY COLABA, IN","FM-12","99999","V020","999,9,C,0000,1","22000,1,9,N","004000,1,9,9","+0304,1","+0268,1","10100,1",,,"0,1,02,1","0,1,02,1",,,"02,1,+00800,1,08,1","99,9,+99999,9,03,1",,"9,AGL   ,+99999,+99999","03,99,1,02,1,99,9,00800,1,99,9,99,9","240,N,+0280,1","9,9,999,9,+004,1","05,1","SYN07443057 31596 30000 10304 20268 40100 70500 82230 333 20280 58004 555 10040=",
"43057099999","2023-05-13T12:00:00","4","18.9","72.8166666","11.0","BOMBAY COLABA, IN","FM-12","99999","V020","999,9,C,0000,1","22000,1,9,N","004000,1,9,9","+0330,1","+0257,1","10076,1",,,"0,1,02,1","0,1,02,1",,,"01,1,+00800,1,06,1",,,"9,AGL   ,+99999,+99999","01,99,1,01,1,99,9,00800,1,99,9,99,9",,"9,9,999,9,+016,1","05,1","SYN06443057 31596 10000 10330 20257 40076 70500 81400 333 10346 58016=",
"43057099999","2023-05-14T03:00:00","4","18.9","72.8166666","11.0","BOMBAY COLABA, IN","FM-12","99999","V020","999,9,C,0000,1","22000,1,9,N","004000,1,9,9","+0302,1","+0251,1","10098,1",,,"0,1,02,1","0,1,02,1",,,"01,1,+00800,1,06,1","99,9,+99999,9,03,1",,"9,AGL   ,+99999,+99999","02,99,1,01,1,99,9,00800,1,99,9,99,9","240,N,+0270,1","9,9,999,9,-002,1","05,1","SYN07443057 31596 20000 10302 20251 40098 70500 81430 333 20270 59002 555 10040=",
"43057099999","2023-05-14T12:00:00","4","18.9","72.8166666","11.0","BOMBAY COLABA, IN","FM-12","99999","V020","999,9,C,0000,1","22000,1,9,N","004000,1,9,9","+0330,1","+0260,1","10061,1",,,"0,1,02,1","0,1,02,1",,,"02,1,+00800,1,06,1",,,"9,AGL   ,+99999,+99999","02,99,1,02,1,99,9,00800,1,99,9,99,9",,"9,9,999,9,-015,1","05,1","SYN06443057 31596 20000 10330 20260 40061 70500 82400 333 10348 59015=",
"43057099999","2023-05-15T03:00:00","4","18.9","72.8166666","11.0","BOMBAY COLABA, IN","FM-12","99999","V020","999,9,C,0000,1","22000,1,9,N","004000,1,9,9","+0302,1","+0254,1","10104,1",,,"0,1,02,1","0,1,02,1",,,"01,1,+00800,1,06,1",,,"9,AGL   ,+99999,+99999","01,99,1,01,1,99,9,00800,1,99,9,99,9","240,N,+0275,1","9,9,999,9,+006,1","05,1","SYN07443057 31596 10000 10302 20254 40104 70500 81400 333 20275 58006 555 10040=",
"43057099999","2023-05-15T12:00:00","4","18.9","72.8166666","11.0","BOMBAY COLABA, IN","FM-12","99999","V020","999,9,C,0000,1","22000,1,9,N","004000,1,9,9","+0324,1","+0251,1","10075,1",,,"0,1,02,1","0,1,02,1",,,"02,1,+00800,1,06,1",,,"9,AGL   ,+99999,+99999","02,99,1,02,1,99,9,00800,1,99,9,99,9",,"9,9,999,9,+014,1","05,1","SYN06443057 31596 20000 10324 20251 40075 70500 82400 333 10346 58014=",
"43057099999","2023-05-16T03:00:00","4","18.9","72.8166666","11.0","BOMBAY COLABA, IN","FM-12","99999","V020","999,9,C,0000,1","22000,1,9,N","004000,1,9,9","+0300,1","+0240,1","10114,1",,,"0,1,02,1","0,1,02,1",,,"01,1,+00800,1,06,1",,,"9,AGL   ,+99999,+99999","01,99,1,01,1,99,9,00800,1,99,9,99,9","240,N,+0280,1","9,9,999,9,+010,1","05,1","SYN07443057 31596 10000 10300 20240 40114 70500 81400 333 20280 58010 555 10040=",
"43057099999","2023-05-16T12:00:00","4","18.9","72.8166666","11.0","BOMBAY COLABA, IN","FM-12","99999","V020","290,1,N,0010,1","22000,1,9,N","004000,1,9,9","+0330,1","+0242,1","10094,1",,,"0,1,02,1","0,1,02,1",,,"02,1,+00800,1,08,1","99,9,+99999,9,00,1",,"9,AGL   ,+99999,+99999","03,99,1,02,1,99,9,00800,1,99,9,99,9",,"9,9,999,9,+019,1","05,1","SYN06443057 31596 32902 10330 20242 40094 70500 82201 333 10350 58019=",
"43057099999","2023-05-17T03:00:00","4","18.9","72.8166666","11.0","BOMBAY COLABA, IN","FM-12","99999","V020","999,9,C,0000,1","22000,1,9,N","004000,1,9,9","+0296,1","+0232,1","10117,1",,,"0,1,02,1","0,1,02,1",,,"01,1,+00800,1,06,1",,,"9,AGL   ,+99999,+99999","01,99,1,01,1,99,9,00800,1,99,9,99,9","240,N,+0272,1","9,9,999,9,+003,1","05,1","SYN07443057 31596 10000 10296 20232 40117 70500 81400 333 20272 58003 555 10040=",
"43057099999","2023-05-17T12:00:00","4","18.9","72.8166666","11.0","BOMBAY COLABA, IN","FM-12","99999","V020","290,1,N,0010,1","22000,1,9,N","004000,1,9,9","+0322,1","+0245,1","10087,1",,,,,,,"01,1,+00800,1,06,1",,,"9,AGL   ,+99999,+99999","01,99,1,01,1,99,9,00800,1,99,9,99,9",,"9,9,999,9,-007,1",,"SYN05843057 32596 12902 10322 20245 40087 81400 333 10342 59007=",
"43057099999","2023-05-18T03:00:00","4","18.9","72.8166666","11.0","BOMBAY COLABA, IN","FM-12","99999","V020","999,9,C,0000,1","22000,1,9,N","004000,1,9,9","+0294,1","+0236,1","10136,1",,,"0,1,02,1","0,1,02,1",,,"01,1,+00800,1,06,1","99,9,+99999,9,03,1",,"9,AGL   ,+99999,+99999","03,99,1,01,1,99,9,00800,1,99,9,99,9","240,N,+0270,1","9,9,999,9,+019,1","05,1","SYN07443057 31596 30000 10294 20236 40136 70500 81430 333 20270 58019 555 10040=",
"43057099999","2023-05-18T12:00:00","4","18.9","72.8166666","11.0","BOMBAY COLABA, IN","FM-12","99999","V020","290,1,N,0015,1","22000,1,9,N","004000,1,9,9","+0314,1","+0258,1","10097,1",,,,,,,"01,1,+00800,1,08,1",,,"9,AGL   ,+99999,+99999","01,99,1,01,1,99,9,00800,1,99,9,99,9",,"9,9,999,9,+010,1",,"SYN05843057 32596 12903 10314 20258 40097 81200 333 10337 58010=",
"43057099999","2023-05-19T03:00:00","4","18.9","72.8166666","11.0","BOMBAY COLABA, IN","FM-12","99999","V020","999,9,C,0000,1","22000,1,9,N","004000,1,9,9","+0300,1","+0246,1","10115,1",,,"0,1,02,1","0,1,02,1",,,"01,1,+00800,1,06,1","99,9,+99999,9,03,1",,"9,AGL   ,+99999,+99999","02,99,1,01,1,99,9,00800,1,99,9,99,9","240,N,+0275,1","9,9,999,9,-021,1","05,1","SYN07443057 31596 20000 10300 20246 40115 70500 81430 333 20275 59021 555 10040=",
"43057099999","2023-05-19T06:00:00","4","18.9","72.8166666","11.0","BOMBAY COLABA, IN","FM-12","99999","V020","290,1,N,0015,1","22000,1,9,N","004000,1,9,9","+0330,1","+0251,1","10115,1",,,"0,1,02,1","0,1,02,1",,,"01,1,+00800,1,06,1",,,"9,AGL   ,+99999,+99999","01,99,1,01,1,99,9,00800,1,99,9,99,9",,"9,9,999,9,-019,1","05,1","SYN05843057 31596 12903 10330 20251 40115 70500 81400 333 59019=",
"43057099999","2023-05-19T12:00:00","4","18.9","72.8166666","11.0","BOMBAY COLABA, IN","FM-12","99999","V020","290,1,N,0015,1","22000,1,9,N","004000,1,9,9","+0310,1","+0257,1","10080,1",,,,,,,"01,1,+00800,1,08,1",,,"9,AGL   ,+99999,+99999","01,99,1,01,1,99,9,00800,1,99,9,99,9",,"9,9,999,9,-017,1",,"SYN05843057 32596 12903 10310 20257 40080 81200 333 10334 59017=",
"43057099999","2023-05-20T03:00:00","4","18.9","72.8166666","11.0","BOMBAY COLABA, IN","FM-12","99999","V020","999,9,C,0000,1","22000,1,9,N","004000,1,9,9","+0300,1","+0237,1","10103,1",,,"0,1,02,1","0,1,02,1",,,"01,1,+00800,1,06,1",,,"9,AGL   ,+99999,+99999","01,99,1,01,1,99,9,00800,1,99,9,99,9","240,N,+0270,1","9,9,999,9,-012,1","05,1","SYN07443057 31596 10000 10300 20237 40103 70500 81400 333 20270 59012 555 10040=",
"43057099999","2023-05-20T12:00:00","4","18.9","72.8166666","11.0","BOMBAY COLABA, IN","FM-12","99999","V020","290,1,N,0010,1","22000,1,9,N","004000,1,9,9","+0318,1","+0247,1","10082,1",,,"0,1,02,1","0,1,02,1",,,"01,1,+00800,1,06,1",,,"9,AGL   ,+99999,+99999","01,99,1,01,1,99,9,00800,1,99,9,99,9","240,M,+0335,1","9,9,999,9,+002,1","05,1","SYN06443057 31596 12902 10318 20247 40082 70500 81400 333 10335 58002=",
"43057099999","2023-05-21T03:00:00","4","18.9","72.8166666","11.0","BOMBAY COLABA, IN","FM-12","99999","V020","999,9,C,0000,1","22000,1,9,N","004000,1,9,9","+0302,1","+0242,1","10112,1",,,"0,1,02,1","0,1,02,1",,,"01,1,+00800,1,08,1",,,"9,AGL   ,+99999,+99999","01,99,1,01,1,99,9,00800,1,99,9,99,9","240,N,+0270,1","9,9,999,9,+009,1","05,1","SYN07443057 31596 10000 10302 20242 40112 70500 81100 333 20270 58009 555 10040=",
"43057099999","2023-05-21T12:00:00","4","18.9","72.8166666","11.0","BOMBAY COLABA, IN","FM-12","99999","V020","290,1,N,0010,1","99999,9,9,N","004000,1,9,9","+0312,1","+0243,1","10090,1",,,,,,,,,,,,,"9,9,999,9,+008,1",,"SYN05243057 32996 02902 10312 20243 40090 333 10336 58008=",
"43057099999","2023-05-22T03:00:00","4","18.9","72.8166666","11.0","BOMBAY COLABA, IN","FM-12","99999","V020","999,9,C,0000,1","99999,9,9,N","004000,1,9,9","+0296,1","+0257,1","10125,1",,,"2,1,02,1","0,1,02,1",,,"02,1,+00800,1,06,1","99,9,+99999,9,03,1","99,9,+99999,9,00,1","9,AGL   ,+99999,+99999","05,99,1,02,1,99,9,00800,1,99,9,99,9","240,N,+0274,1","9,9,999,9,+013,1","05,1","SYN07443057 31596 50000 10296 20257 40125 70520 82431 333 20274 58013 555 10040=",
"43057099999","2023-05-22T12:00:00","4","18.9","72.8166666","11.0","BOMBAY COLABA, IN","FM-12","99999","V020","270,1,N,0010,1","22000,1,9,N","004000,1,9,9","+0314,1","+0239,1","10094,1",,,"0,1,02,1","0,1,02,1",,,"02,1,+00800,1,06,1",,,"9,AGL   ,+99999,+99999","02,99,1,02,1,99,9,00800,1,99,9,99,9","240,M,+0337,1","9,9,999,9,+004,1","05,1","SYN06443057 31596 22702 10314 20239 40094 70500 82400 333 10337 58004=",
"43057099999","2023-05-23T03:00:00","4","18.9","72.8166666","11.0","BOMBAY COLABA, IN","FM-12","99999","V020","999,9,C,0000,1","22000,1,9,N","004000,1,9,9","+0302,1","+0260,1","10127,1",,,"0,1,02,1","0,1,02,1",,,"02,1,+00800,1,06,1","99,9,+99999,9,05,1","99,9,+99999,9,00,1","9,AGL   ,+99999,+99999","04,99,1,02,1,99,9,00800,1,99,9,99,9","240,N,+0275,1","9,9,999,9,+002,1","05,1","SYN07443057 31596 40000 10302 20260 40127 70500 82421 333 20275 58002 555 10040=",
"43057099999","2023-05-23T12:00:00","4","18.9","72.8166666","11.0","BOMBAY COLABA, IN","FM-12","99999","V020","290,1,N,0015,1","99999,9,9,N","004000,1,9,9","+0314,1","+0252,1","10087,1",,,,,,,,,,,,,"9,9,999,9,-007,1",,"SYN05243057 32996 02903 10314 20252 40087 333 10337 59007=",
"43057099999","2023-05-24T03:00:00","4","18.9","72.8166666","11.0","BOMBAY COLABA, IN","FM-12","99999","V020","999,9,C,0000,1","22000,1,9,N","004000,1,9,9","+0304,1","+0253,1","10111,1",,,,,,,"01,1,+00800,1,06,1",,,"9,AGL   ,+99999,+99999","01,99,1,01,1,99,9,00800,1,99,9,99,9","240,N,+0274,1","9,9,999,9,-016,1",,"SYN06843057 32596 10000 10304 20253 40111 81400 333 20274 59016 555 10040=",
"43057099999","2023-05-24T12:00:00","4","18.9","72.8166666","11.0","BOMBAY COLABA, IN","FM-12","99999","V020","999,9,C,0000,1","22000,1,9,N","004000,1,9,9","+0326,1","+0243,1","10093,1",,,"0,1,02,1","0,1,02,1",,,"01,1,+00800,1,08,1",,,"9,AGL   ,+99999,+99999","01,99,1,01,1,99,9,00800,1,99,9,99,9",,"9,9,999,9,+006,1","05,1","SYN06443057 31596 10000 10326 20243 40093 70500 81200 333 10342 58006=",
"43057099999","2023-05-25T03:00:00","4","18.9","72.8166666","11.0","BOMBAY COLABA, IN","FM-12","99999","V020","999,9,C,0000,1","22000,1,9,N","004000,1,9,9","+0308,1","+0236,1","10121,1",,,,,,,"01,1,+00800,1,08,1",,,"9,AGL   ,+99999,+99999","01,99,1,01,1,99,9,00800,1,99,9,99,9","240,N,+0276,1","9,9,999,9,+010,1",,"SYN06843057 32596 10000 10308 20236 40121 81200 333 20276 58010 555 10040=",
"43057099999","2023-05-25T12:00:00","4","18.9","72.8166666","11.0","BOMBAY COLABA, IN","FM-12","99999","V020","250,1,N,0010,1","22000,1,9,N","004000,1,9,9","+0318,1","+0234,1","10100,1",,,,,,,"01,1,+00800,1,08,1",,,"9,AGL   ,+99999,+99999","01,99,1,01,1,99,9,00800,1,99,9,99,9",,"9,9,999,9,+007,1",,"SYN05843057 32596 12502 10318 20234 40100 81200 333 10344 58007=",
"43057099999","2023-05-26T00:00:00","4","18.9","72.8166666","11.0","BOMBAY COLABA, IN","FM-12","99999","V020","999,9,C,0000,1","22000,1,9,N","004000,1,9,9","+0290,1","+0262,1","10110,1","21,0040,3,1",,"6,1,02,1","0,1,02,1",,,"01,1,+00800,1,06,1","99,9,+99999,9,03,1",,"9,AGL   ,+99999,+99999","03,99,1,01,1,99,9,00800,1,99,9,99,9",,"9,9,999,9,+004,1","05,1","SYN06443057 21596 30000 10290 20262 40110 70560 81430 333 58004 6004/=",
"43057099999","2023-05-26T03:00:00","4","18.9","72.8166666","11.0","BOMBAY COLABA, IN","FM-12","99999","V020","999,9,C,0000,1","22000,1,9,N","004000,1,9,9","+0308,1","+0257,1","10126,1","24,0040,3,1",,"0,1,02,1","0,1,02,1",,,"01,1,+00800,1,06,1",,,"9,AGL   ,+99999,+99999","02,99,1,01,1,99,9,00800,1,99,9,99,9","240,N,+0272,1","9,9,999,9,+005,1","05,1","SYN08643057 21596 20000 10308 20257 40126 70500 81400 333 20272 58005 6004/ 555 00044 10044=",
"43057099999","2023-05-26T12:00:00","4","18.9","72.8166666","11.0","BOMBAY COLABA, IN","FM-12","99999","V020","999,9,C,0000,1","22000,1,9,N","004000,1,9,9","+0328,1","+0246,1","10107,1","09,0004,3,1",,"0,1,02,1","0,1,02,1",,,"01,1,+00800,1,08,1",,,"9,AGL   ,+99999,+99999","01,99,1,01,1,99,9,00800,1,99,9,99,9",,"9,9,999,9,+008,1","05,1","SYN07043057 21596 10000 10328 20246 40107 70500 81200 333 10336 58008 6994/=",
"43057099999","2023-05-27T03:00:00","4","18.9","72.8166666","11.0","BOMBAY COLABA, IN","FM-12","99999","V020","999,9,C,0000,1","22000,1,9,N","004000,1,9,9","+0304,1","+0256,1","10112,1","24,0004,3,1",,"0,1,02,1","0,1,02,1",,,"02,1,+00800,1,06,1","99,9,+99999,9,03,1","99,9,+99999,9,00,1","9,AGL   ,+99999,+99999","04,99,1,02,1,99,9,00800,1,99,9,99,9","240,N,+0270,1","9,9,999,9,-014,1","05,1","SYN08643057 21596 40000 10304 20256 40112 70500 82431 333 20270 59014 6994/ 555 00004 10045=",
"43057099999","2023-05-27T12:00:00","4","18.9","72.8166666","11.0","BOMBAY COLABA, IN","FM-12","99999","V020","250,1,N,0010,1","22000,1,9,N","004000,1,9,9","+0324,1","+0241,1","10091,1",,,,,,,"01,1,+00800,1,06,1","99,9,+99999,9,00,1",,"9,AGL   ,+99999,+99999","02,99,1,01,1,99,9,00800,1,99,9,99,9",,"9,9,999,9,-017,1",,"SYN05843057 32596 22502 10324 20241 40091 81401 333 10346 59017=",
"43057099999","2023-05-28T03:00:00","4","18.9","72.8166666","11.0","BOMBAY COLABA, IN","FM-12","99999","V020","999,9,C,0000,1","22000,1,9,N","004000,1,9,9","+0310,1","+0254,1","10105,1",,,,,,,"02,1,+00800,1,08,1",,,"9,AGL   ,+99999,+99999","02,99,1,02,1,99,9,00800,1,99,9,99,9","240,N,+0288,1","9,9,999,9,-007,1",,"SYN06843057 32596 20000 10310 20254 40105 82200 333 20288 59007 555 10045=",
"43057099999","2023-05-28T06:00:00","4","18.9","72.8166666","11.0","BOMBAY COLABA, IN","FM-12","99999","V020","999,9,C,0000,1","22000,1,9,N","004000,1,9,9","+0332,1","+0247,1","10104,1",,,,,,,"01,1,+00800,1,08,1",,,"9,AGL   ,+99999,+99999","01,99,1,01,1,99,9,00800,1,99,9,99,9",,"9,9,999,9,-015,1",,"SYN05243057 32596 10000 10332 20247 40104 81200 333 59015=",
"43057099999","2023-05-28T09:00:00","4","18.9","72.8166666","11.0","BOMBAY COLABA, IN","FM-12","99999","V020","999,9,C,0000,1","22000,1,9,N","004000,1,9,9","+0342,1","+0252,1","10089,1",,,,,,,"01,1,+00800,1,08,1","99,9,+99999,9,00,1",,"9,AGL   ,+99999,+99999","02,99,1,01,1,99,9,00800,1,99,9,99,9",,"9,9,999,9,-013,1",,"SYN05243057 32596 20000 10342 20252 40089 81201 333 59013=",
"43057099999","2023-05-28T12:00:00","4","18.9","72.8166666","11.0","BOMBAY COLABA, IN","FM-12","99999","V020","999,9,C,0000,1","22000,1,9,N","004000,1,9,9","+0322,1","+0251,1","10075,1",,,,,,,"02,1,+00800,1,06,1",,,"9,AGL   ,+99999,+99999","02,99,1,02,1,99,9,00800,1,99,9,99,9",,"9,9,999,9,-016,1",,"SYN05843057 32596 20000 10322 20251 40075 82400 333 10344 59016=",
"43057099999","2023-05-29T03:00:00","4","18.9","72.8166666","11.0","BOMBAY COLABA, IN","FM-12","99999","V020","999,9,C,0000,1","22000,1,9,N","004000,1,9,9","+0306,1","+0255,1","10089,1",,,,,,,"01,1,+00800,1,08,1",,,"9,AGL   ,+99999,+99999","01,99,1,01,1,99,9,00800,1,99,9,99,9","240,N,+0284,1","9,9,999,9,-016,1",,"SYN06843057 32596 10000 10306 20255 40089 81200 333 20284 59016 555 10045=",
"43057099999","2023-05-29T12:00:00","4","18.9","72.8166666","11.0","BOMBAY COLABA, IN","FM-12","99999","V020","270,1,N,0010,1","22000,1,9,N","004000,1,9,9","+0316,1","+0260,1","10070,1",,,,,,,"01,1,+00800,1,06,1","99,9,+99999,9,00,1",,"9,AGL   ,+99999,+99999","02,99,1,01,1,99,9,00800,1,99,9,99,9",,"9,9,999,9,-005,1",,"SYN05843057 32596 22702 10316 20260 40070 81501 333 10344 59005=",
"43057099999","2023-05-30T03:00:00","4","18.9","72.8166666","11.0","BOMBAY COLABA, IN","FM-12","99999","V020","999,9,C,0000,1","22000,1,9,N","004000,1,9,9","+0310,1","+0254,1","10097,1",,,,,,,"02,1,+00800,1,06,1",,,"9,AGL   ,+99999,+99999","02,99,1,02,1,99,9,00800,1,99,9,99,9","240,N,+0278,1","9,9,999,9,+008,1",,"SYN06843057 32596 20000 10310 20254 40097 82400 333 20278 58008 555 10045=",
"43057099999","2023-05-30T12:00:00","4","18.9","72.8166666","11.0","BOMBAY COLABA, IN","FM-12","99999","V020","290,1,N,0015,1","22000,1,9,N","004000,1,9,9","+0322,1","+0255,1","10074,1",,,,,,,"01,1,+00800,1,08,1",,,"9,AGL   ,+99999,+99999","01,99,1,01,1,99,9,00800,1,99,9,99,9",,"9,9,999,9,+004,1",,"SYN05843057 32596 12903 10322 20255 40074 81200 333 10342 58004=",
"43057099999","2023-05-31T03:00:00","4","18.9","72.8166666","11.0","BOMBAY COLABA, IN","FM-12","99999","V020","999,9,C,0000,1","22000,1,9,N","004000,1,9,9","+0314,1","+0267,1","10101,1",,,,,,,"02,1,+00800,1,06,1",,,"9,AGL   ,+99999,+99999","02,99,1,02,1,99,9,00800,1,99,9,99,9","240,N,+0282,1","9,9,999,9,+004,1",,"SYN06843057 32596 20000 10314 20267 40101 82400 333 20282 58004 555 10045=",
"43057099999","2023-05-31T09:00:00","4","18.9","72.8166666","11.0","BOMBAY COLABA, IN","FM-12","99999","V020","270,1,N,0015,1","22000,1,9,N","004000,1,9,9","+0340,1","+0271,1","10074,1",,,"0,1,02,1","0,1,02,1",,,"01,1,+00800,1,08,1",,,"9,AGL   ,+99999,+99999","01,99,1,01,1,99,9,00800,1,99,9,99,9",,"9,9,999,9,-012,1","04,1","SYN05843057 32596 12703 10340 20271 40074 70400 81200 333 59012=",
"43057099999","2023-05-31T12:00:00","4","18.9","72.8166666","11.0","BOMBAY COLABA, IN","FM-12","99999","V020","290,1,N,0015,1","22000,1,9,N","004000,1,9,9","+0324,1","+0257,1","10062,1",,,,,,,"01,1,+00800,1,08,1",,,"9,AGL   ,+99999,+99999","01,99,1,01,1,99,9,00800,1,99,9,99,9",,"9,9,999,9,-012,1",,"SYN05843057 31596 12903 10324 20257 40062 81200 333 10344 59012=",
"43057099999","2023-06-01T03:00:00","4","18.9","72.8166666","11.0","BOMBAY COLABA, IN","FM-12","99999","V020","999,9,C,0000,1","22000,1,9,N","004000,1,9,9","+0308,1","+0263,1","10091,1",,,,,,,"01,1,+00800,1,06,1","99,9,+99999,9,00,1",,"9,AGL   ,+99999,+99999","02,99,1,01,1,99,9,00800,1,99,9,99,9","240,N,+0274,1","9,9,999,9,-010,1",,"SYN06843057 32596 20000 10308 20263 40091 81401 333 20274 59010 555 10000=",
"43057099999","2023-06-02T03:00:00","4","18.9","72.8166666","11.0","BOMBAY COLABA, IN","FM-12","99999","V020","999,9,C,0000,1","22000,1,9,N","004000,1,9,9","+0306,1","+0240,1","10101,1",,,"0,1,02,1","0,1,02,1",,,"01,1,+00800,1,06,1",,,"9,AGL   ,+99999,+99999","01,99,1,01,1,99,9,00800,1,99,9,99,9","240,N,+0275,1","9,9,999,9,+010,1","05,1","SYN07443057 31596 10000 10306 20240 40101 70500 81400 333 20275 58010 555 10000=",
"43057099999","2023-06-02T12:00:00","4","18.9","72.8166666","11.0","BOMBAY COLABA, IN","FM-12","99999","V020","270,1,N,0005,1","22000,1,9,N","004000,1,9,9","+0320,1","+0252,1","10081,1",,,,,,,"02,1,+00800,1,06,1",,,"9,AGL   ,+99999,+99999","02,99,1,02,1,99,9,00800,1,99,9,99,9",,"9,9,999,9,+011,1",,"SYN05843057 32596 22701 10320 20252 40081 82400 333 10344 58011=",
"43057099999","2023-06-03T03:00:00","4","18.9","72.8166666","11.0","BOMBAY COLABA, IN","FM-12","99999","V020","999,9,C,0000,1","22000,1,9,N","004000,1,9,9","+0310,1","+0254,1","10096,1",,,"0,1,02,1","0,1,02,1",,,"02,1,+00800,1,08,1","99,9,+99999,9,03,1",,"9,AGL   ,+99999,+99999","03,99,1,02,1,99,9,00800,1,99,9,99,9","240,N,+0285,1","9,9,999,9,-005,1","05,1","SYN06443057 31596 30000 10310 20254 40096 70500 82230 333 20285 59005=",
"43057099999","2023-06-03T12:00:00","4","18.9","72.8166666","11.0","BOMBAY COLABA, IN","FM-12","99999","V020","290,1,N,0005,1","99999,9,9,N","004000,1,9,9","+0324,1","+0251,1","10068,1",,,,,,,,,,,,,"9,9,999,9,-013,1",,"SYN05243057 32996 02901 10324 20251 40068 333 10352 59013=",
"43057099999","2023-06-04T03:00:00","4","18.9","72.8166666","11.0","BOMBAY COLABA, IN","FM-12","99999","V020","999,9,C,0000,1","22000,1,9,N","004000,1,9,9","+0318,1","+0274,1","10098,1",,,"0,1,02,1","0,1,02,1",,,"01,1,+00800,1,08,1",,,"9,AGL   ,+99999,+99999","01,99,1,01,1,99,9,00800,1,99,9,99,9","240,N,+0288,1","9,9,999,9,+002,1","05,1","SYN07443057 31596 10000 10318 20274 40098 70500 81200 333 20288 58002 555 10000=",
"43057099999","2023-06-04T12:00:00","4","18.9","72.8166666","11.0","BOMBAY COLABA, IN","FM-12","99999","V020","999,9,C,0000,1","22000,1,9,N","004000,1,9,9","+0330,1","+0269,1","10068,1",,,"0,1,02,1","0,1,02,1",,,"01,1,+00800,1,06,1",,,"9,AGL   ,+99999,+99999","01,99,1,01,1,99,9,00800,1,99,9,99,9",,"9,9,999,9,+000,1","04,1","SYN06443057 31596 10000 10330 20269 40068 70400 81400 333 10346 58000=",
"43057099999","2023-06-05T03:00:00","4","18.9","72.8166666","11.0","BOMBAY COLABA, IN","FM-12","99999","V020","999,9,C,0000,1","22000,1,9,N","004000,1,9,9","+0300,1","+0261,1","10092,1","24,0000,2,1",,"5,1,02,1","2,1,02,1",,,"02,1,+00800,1,08,1",,,"9,AGL   ,+99999,+99999","02,99,1,02,1,99,9,00800,1,99,9,99,9","240,N,+0280,1","9,9,999,9,-006,1","20,1","SYN08043057 21596 20000 10300 20261 40092 72052 82200 333 20280 59006 6990/ 555 10000=",
"43057099999","2023-06-05T12:00:00","4","18.9","72.8166666","11.0","BOMBAY COLABA, IN","FM-12","99999","V020","270,1,N,0010,1","22000,1,9,N","004000,1,9,9","+0334,1","+0256,1","10063,1",,,,,,,"02,1,+00800,1,08,1",,,"9,AGL   ,+99999,+99999","02,99,1,02,1,99,9,00800,1,99,9,99,9",,"9,9,999,9,-005,1",,"SYN05843057 32596 22702 10334 20256 40063 82200 333 10352 59005=",
"43057099999","2023-06-06T03:00:00","4","18.9","72.8166666","11.0","BOMBAY COLABA, IN","FM-12","99999","V020","999,9,C,0000,1","22000,1,9,N","004000,1,9,9","+0310,1","+0254,1","10092,1",,,"0,1,02,1","0,1,02,1",,,"02,1,+00800,1,08,1","99,9,+99999,9,03,1",,"9,AGL   ,+99999,+99999","03,99,1,02,1,99,9,00800,1,99,9,99,9","240,N,+0280,1","9,9,999,9,+000,1","05,1","SYN07443057 31596 30000 10310 20254 40092 70500 82230 333 20280 58000 555 10000=",
"43057099999","2023-06-06T12:00:00","4","18.9","72.8166666","11.0","BOMBAY COLABA, IN","FM-12","99999","V020","270,1,N,0005,1","22000,1,9,N","004000,1,9,9","+0332,1","+0260,1","10047,1",,,,,,,"01,1,+00800,1,08,1",,,"9,AGL   ,+99999,+99999","01,99,1,01,1,99,9,00800,1,99,9,99,9",,"9,9,999,9,+016,1",,"SYN05843057 32596 12701 10332 20260 40047 81200 333 10352 58016=",
"43057099999","2023-06-07T03:00:00","4","18.9","72.8166666","11.0","BOMBAY COLABA, IN","FM-12","99999","V020","999,9,C,0000,1","22000,1,9,N","004000,1,9,9","+0312,1","+0250,1","10073,1",,,"0,1,02,1","0,1,02,1",,,"01,1,+00800,1,06,1",,,"9,AGL   ,+99999,+99999","01,99,1,01,1,99,9,00800,1,99,9,99,9","240,N,+0288,1","9,9,999,9,-019,1","05,1","SYN07443057 31596 10000 10312 20250 40073 70500 81400 333 20288 59019 555 10000=",
"43057099999","2023-06-07T12:00:00","4","18.9","72.8166666","11.0","BOMBAY COLABA, IN","FM-12","99999","V020","270,1,N,0010,1","22000,1,9,N","004000,1,9,9","+0334,1","+0233,1","10053,1",,,,,,,"01,1,+00800,1,08,1",,,"9,AGL   ,+99999,+99999","01,99,1,01,1,99,9,00800,1,99,9,99,9",,"9,9,999,9,+006,1",,"SYN05843057 32596 12702 10334 20233 40053 81200 333 10352 58006=",
"43057099999","2023-06-08T03:00:00","4","18.9","72.8166666","11.0","BOMBAY COLABA, IN","FM-12","99999","V020","999,9,C,0000,1","22000,1,9,N","004000,1,9,9","+0302,1","+0254,1","10085,1",,,"0,1,02,1","0,1,02,1",,,"01,1,+00800,1,06,1",,,"9,AGL   ,+99999,+99999","01,99,1,01,1,99,9,00800,1,99,9,99,9","240,N,+0285,1","9,9,999,9,+012,1","05,1","SYN07443057 31596 10000 10302 20254 40085 70500 81400 333 20285 58012 555 10000=",
"43057099999","2023-06-09T03:00:00","4","18.9","72.8166666","11.0","BOMBAY COLABA, IN","FM-12","99999","V020","110,1,N,0026,1","22000,1,9,N","004000,1,9,9","+0306,1","+0255,1","10070,1",,,"0,1,02,1","0,1,02,1",,,"01,1,+00800,1,06,1",,,"9,AGL   ,+99999,+99999","01,99,1,01,1,99,9,00800,1,99,9,99,9","240,N,+0285,1","9,9,999,9,-015,1","05,1","SYN07443057 31596 11105 10306 20255 40070 70500 81400 333 20285 59015 555 10000=",
"43057099999","2023-06-09T12:00:00","4","18.9","72.8166666","11.0","BOMBAY COLABA, IN","FM-12","99999","V020","270,1,N,0010,1","22000,1,9,N","004000,1,9,9","+0336,1","+0270,1","10034,1",,,,,,,"02,1,+00800,1,06,1","99,9,+99999,9,04,1",,"9,AGL   ,+99999,+99999","03,99,1,02,1,99,9,00800,1,99,9,99,9",,"9,9,999,9,-022,1",,"SYN05843057 32596 32702 10336 20270 40034 82410 333 10360 59022=",
"43057099999","2023-06-10T03:00:00","4","18.9","72.8166666","11.0","BOMBAY COLABA, IN","FM-12","99999","V020","110,1,N,0026,1","22000,1,9,N","004000,1,9,9","+0314,1","+0252,1","10041,1",,,"0,1,02,1","0,1,02,1",,,"01,1,+00800,1,06,1",,,"9,AGL   ,+99999,+99999","01,99,1,01,1,99,9,00800,1,99,9,99,9","240,N,+0290,1","9,9,999,9,-029,1","05,1","SYN07443057 31596 11105 10314 20252 40041 70500 81400 333 20290 59029 555 10000=",
"43057099999","2023-06-10T12:00:00","4","18.9","72.8166666","11.0","BOMBAY COLABA, IN","FM-12","99999","V020","110,1,N,0021,1","22000,1,9,9","004000,1,9,9","+0330,1","+0251,1","10020,1","99,9999,9,9",,"0,1,99,9","0,1,99,9",,,"01,1,+00600,1,08,1","99,9,+99999,9,05,1","99,9,+99999,9,00,1","9,AGL   ,+99999,+99999","03,99,1,01,1,99,9,00600,1,99,9,99,9",,"9,9,999,9,-014,1","05,1","SYN004BUFR",
"43057099999","2023-06-11T03:00:00","4","18.9","72.8166666","11.0","BOMBAY COLABA, IN","FM-12","99999","V020","110,1,N,0021,1","22000,1,9,N","004000,1,9,9","+0308,1","+0242,1","10039,1","24,0007,3,1",,"0,1,02,1","0,1,02,1",,,"02,1,+00800,1,08,1","99,9,+99999,9,03,1","99,9,+99999,9,00,1","9,AGL   ,+99999,+99999","04,99,1,02,1,99,9,00800,1,99,9,99,9","240,N,+0278,1","9,9,999,9,-002,1","05,1","SYN08643057 21596 41104 10308 20242 40039 70500 82231 333 20278 59002 6997/ 555 00007 10001=",
"43057099999","2023-06-11T09:00:00","4","18.9","72.8166666","11.0","BOMBAY COLABA, IN","FM-12","99999","V020","110,1,N,0021,1","22000,1,9,N","004000,1,9,9","+0324,1","+0215,1","10025,1",,,"0,1,02,1","0,1,02,1",,,"02,1,+00800,1,08,1","99,9,+99999,9,00,1",,"9,AGL   ,+99999,+99999","03,99,1,02,1,99,9,00800,1,99,9,99,9",,"9,9,999,9,-004,1","05,1","SYN05843057 31596 31104 10324 20215 40025 70500 82201 333 59004=",
"43057099999","2023-06-11T12:00:00","4","18.9","72.8166666","11.0","BOMBAY COLABA, IN","FM-12","99999","V020","070,1,N,0015,1","99999,9,9,N","004000,1,9,9","+0316,1","+0254,1","10024,1",,,"0,1,02,1","0,1,02,1",,,"02,1,+00800,1,06,1","99,9,+99999,9,05,1","99,9,+99999,9,00,1","9,AGL   ,+99999,+99999","05,99,1,02,1,99,9,00800,1,99,9,99,9",,"9,9,999,9,+004,1","04,1","SYN06443057 31596 50703 10316 20254 40024 70400 82421 333 10345 58004=",
"43057099999","2023-06-12T03:00:00","4","18.9","72.8166666","11.0","BOMBAY COLABA, IN","FM-12","99999","V020","110,1,N,0051,1","99999,9,9,N","004000,1,9,9","+0300,1","+0252,1","10026,1","24,0070,3,1",,"6,1,02,1","2,1,02,1",,,"02,1,+00800,1,08,1","99,9,+99999,9,03,1",,"9,AGL   ,+99999,+99999","06,99,1,02,1,99,9,00800,1,99,9,99,9","240,N,+0240,1","9,9,999,9,-013,1","21,1","SYN08643057 21596 61110 10300 20252 40026 72162 82270 333 20240 59013 6007/ 555 00073 10008=",
"43057099999","2023-06-12T12:00:00","4","18.9","72.8166666","11.0","BOMBAY COLABA, IN","FM-12","99999","V020","050,1,N,0010,1","22000,1,9,N","004000,1,9,9","+0312,1","+0256,1","10013,1",,,"0,1,02,1","0,1,02,1",,,"02,1,+00800,1,08,1",,,"9,AGL   ,+99999,+99999","02,99,1,02,1,99,9,00800,1,99,9,99,9",,"9,9,999,9,-011,1","04,1","SYN06443057 31596 20502 10312 20256 40013 70400 82200 333 10334 59011=",
"43057099999","2023-06-13T03:00:00","4","18.9","72.8166666","11.0","BOMBAY COLABA, IN","FM-12","99999","V020","110,1,N,0067,1","99999,9,9,N","004000,1,9,9","+0294,1","+0266,1","10044,1","24,0010,3,1",,"6,1,02,1","2,1,02,1",,,"02,1,+00800,1,08,1","99,9,+99999,9,03,1",,"9,AGL   ,+99999,+99999","05,99,1,02,1,99,9,00800,1,99,9,99,9","240,N,+0275,1","9,9,999,9,+018,1","60,1","SYN08643057 21596 51113 10294 20266 40044 76062 82270 333 20275 58018 6001/ 555 00014 10009=",
"43057099999","2023-06-13T12:00:00","4","18.9","72.8166666","11.0","BOMBAY COLABA, IN","FM-12","99999","V020","999,9,C,0000,1","99999,9,9,N","004000,1,9,9","+0316,1","+0275,1","10034,1","09,0020,3,1",,"6,1,02,1","2,1,02,1",,,"02,1,+00800,1,08,1","99,9,+99999,9,03,1",,"9,AGL   ,+99999,+99999","05,99,1,02,1,99,9,00800,1,99,9,99,9",,"9,9,999,9,+021,1","60,1","SYN07043057 21596 50000 10316 20275 40034 76062 82270 333 10334 58021 6002/=",
"43057099999","2023-06-14T00:00:00","4","18.9","72.8166666","11.0","BOMBAY COLABA, IN","FM-12","99999","V020","270,1,N,0026,1","99999,9,9,N","004000,1,9,9","+0298,1","+0250,1","10044,1","21,0100,3,1",,"2,1,02,1","0,1,02,1",,,"02,1,+00800,1,08,1","99,9,+99999,9,03,1",,"9,AGL   ,+99999,+99999","05,99,1,02,1,99,9,00800,1,99,9,99,9",,"9,9,999,9,+020,1","05,1","SYN06443057 21596 52705 10298 20250 40044 70520 82270 333 58020 6010/=",
"43057099999","2023-06-14T03:00:00","4","18.9","72.8166666","11.0","BOMBAY COLABA, IN","FM-12","99999","V020","270,1,N,0051,1","99999,9,9,N","004000,1,9,9","+0304,1","+0253,1","10065,1","24,0100,3,1",,"2,1,02,1","2,1,02,1",,,"02,1,+00800,1,08,1","99,9,+99999,9,03,1",,"9,AGL   ,+99999,+99999","05,99,1,02,1,99,9,00800,1,99,9,99,9","240,N,+0265,1","9,9,999,9,+021,1","05,1","SYN08643057 21596 52710 10304 20253 40065 70522 82270 333 20265 58021 6010/ 555 00100 10019=",
"43057099999","2023-06-14T12:00:00","4","18.9","72.8166666","11.0","BOMBAY COLABA, IN","FM-12","99999","V020","340,1,N,0015,1","99999,9,9,N","004000,1,9,9","+0314,1","+0261,1","10055,1","09,0000,2,1",,"2,1,02,1","0,1,02,1",,,"02,1,+00800,1,08,1","99,9,+99999,9,03,1","99,9,+99999,9,00,1","9,AGL   ,+99999,+99999","05,99,1,02,1,99,9,00800,1,99,9,99,9","240,M,+0334,1","9,9,999,9,+021,1","50,1","SYN07043057 21596 53403 10314 20261 40055 75020 82231 333 10334 58021 6990/=",
"43057099999","2023-06-15T12:00:00","4","18.9","72.8166666","11.0","BOMBAY COLABA, IN","FM-12","99999","V020","320,1,N,0010,1","22000,1,9,N","004000,1,9,9","+0326,1","+0250,1","10052,1",,,"0,1,02,1","0,1,02,1",,,"02,1,+00800,1,08,1","99,9,+99999,9,03,1","99,9,+99999,9,00,1","9,AGL   ,+99999,+99999","04,99,1,02,1,99,9,00800,1,99,9,99,9","240,M,+0338,1","9,9,999,9,-003,1","05,1","SYN06443057 31596 43202 10326 20250 40052 70500 82231 333 10338 59003=",
"43057099999","2023-06-16T00:00:00","4","18.9","72.8166666","11.0","BOMBAY COLABA, IN","FM-12","99999","V020","110,1,N,0026,1","99999,9,9,N","004000,1,9,9","+0304,1","+0259,1","10042,1",,,"0,1,02,1","0,1,02,1",,,"02,1,+00800,1,08,1","99,9,+99999,9,03,1",,"9,AGL   ,+99999,+99999","06,99,1,02,1,99,9,00800,1,99,9,99,9",,"9,9,999,9,-011,1","05,1","SYN05843057 31596 61105 10304 20259 40042 70500 82270 333 59011=",
"43057099999","2023-06-16T03:00:00","4","18.9","72.8166666","11.0","BOMBAY COLABA, IN","FM-12","99999","V020","110,1,N,0026,1","22000,1,9,N","004000,1,9,9","+0312,1","+0256,1","10058,1",,,"0,1,02,1","0,1,02,1",,,"02,1,+00800,1,08,1","99,9,+99999,9,03,1",,"9,AGL   ,+99999,+99999","03,99,1,02,1,99,9,00800,1,99,9,99,9","240,N,+0285,1","9,9,999,9,-014,1","05,1","SYN07443057 31596 31105 10312 20256 40058 70500 82230 333 20285 59014 555 10021=",
"43057099999","2023-06-16T12:00:00","4","18.9","72.8166666","11.0","BOMBAY COLABA, IN","FM-12","99999","V020","270,1,N,0021,1","22000,1,9,N","004000,1,9,9","+0316,1","+0266,1","10051,1",,,"0,1,02,1","0,1,02,1",,,"02,1,+00800,1,08,1","99,9,+99999,9,03,1","99,9,+99999,9,00,1","9,AGL   ,+99999,+99999","04,99,1,02,1,99,9,00800,1,99,9,99,9",,"9,9,999,9,-001,1","05,1","SYN06443057 31596 42704 10316 20266 40051 70500 82231 333 10328 59001=",
"43057099999","2023-06-17T03:00:00","4","18.9","72.8166666","11.0","BOMBAY COLABA, IN","FM-12","99999","V020","230,1,N,0010,1","99999,9,9,N","004000,1,9,9","+0306,1","+0267,1","10072,1","24,0020,3,1",,"2,1,02,1","0,1,02,1",,,"02,1,+00800,1,08,1","99,9,+99999,9,03,1",,"9,AGL   ,+99999,+99999","06,99,1,02,1,99,9,00800,1,99,9,99,9","240,N,+0284,1","9,9,999,9,+014,1","50,1","SYN08643057 21596 62302 10306 20267 40072 75020 82270 333 20284 58014 6002/ 555 00018 10023=",
"43057099999","2023-06-17T12:00:00","4","18.9","72.8166666","11.0","BOMBAY COLABA, IN","FM-12","99999","V020","250,1,N,0021,1","22000,1,9,N","004000,1,9,9","+0314,1","+0261,1","10062,1",,,"0,1,02,1","0,1,02,1",,,"01,1,+00800,1,06,1","99,9,+99999,9,03,1","99,9,+99999,9,00,1","9,AGL   ,+99999,+99999","03,99,1,01,1,99,9,00800,1,99,9,99,9",,"9,9,999,9,+011,1","05,1","SYN06443057 31596 32504 10314 20261 40062 70500 81431 333 10328 58011=",
"43057099999","2023-06-18T03:00:00","4","18.9","72.8166666","11.0","BOMBAY COLABA, IN","FM-12","99999","V020","250,1,N,0010,1","99999,9,9,N","004000,1,9,9","+0304,1","+0265,1","10079,1","24,0006,3,1",,"5,1,02,1","2,1,02,1",,,"02,1,+00800,1,08,1","99,9,+99999,9,03,1",,"9,AGL   ,+99999,+99999","06,99,1,02,1,99,9,00800,1,99,9,99,9","240,N,+0280,1","9,9,999,9,+007,1","50,1","SYN08643057 21596 62502 10304 20265 40079 75052 82270 333 20280 58007 6996/ 555 00006 10024=",
"43057099999","2023-06-18T06:00:00","4","18.9","72.8166666","11.0","BOMBAY COLABA, IN","FM-12","99999","V020","250,1,N,0010,1","99999,9,9,N","004000,1,9,9","+0328,1","+0261,1","10081,1",,,"2,1,02,1","0,1,02,1",,,"02,1,+00800,1,08,1","99,9,+99999,9,03,1","99,9,+99999,9,00,1","9,AGL   ,+99999,+99999","05,99,1,02,1,99,9,00800,1,99,9,99,9",,"9,9,999,9,+007,1","05,1","SYN05843057 31596 52502 10328 20261 40081 70520 82231 333 58007=",
"43057099999","2023-06-18T12:00:00","4","18.9","72.8166666","11.0","BOMBAY COLABA, IN","FM-12","99999","V020","999,9,C,0000,1","22000,1,9,N","004000,1,9,9","+0326,1","+0262,1","10064,1",,,"0,1,02,1","0,1,02,1",,,"01,1,+00800,1,08,1","99,9,+99999,9,03,1","99,9,+99999,9,00,1","9,AGL   ,+99999,+99999","03,99,1,01,1,99,9,00800,1,99,9,99,9",,"9,9,999,9,+002,1","05,1","SYN06443057 31596 30000 10326 20262 40064 70500 81231 333 10340 58002=",
"43057099999","2023-06-19T03:00:00","4","18.9","72.8166666","11.0","BOMBAY COLABA, IN","FM-12","99999","V020","270,1,N,0021,1","99999,9,9,N","004000,1,9,9","+0304,1","+0256,1","10074,1",,,"0,1,02,1","0,1,02,1",,,"02,1,+00800,1,06,1","99,9,+99999,9,03,1",,"9,AGL   ,+99999,+99999","05,99,1,02,1,99,9,00800,1,99,9,99,9","240,N,+0282,1","9,9,999,9,-005,1","05,1","SYN07443057 31596 52704 10304 20256 40074 70500 82570 333 20282 59005 555 10024=",
"43057099999","2023-06-19T06:00:00","4","18.9","72.8166666","11.0","BOMBAY COLABA, IN","FM-12","99999","V020","270,1,N,0015,1","99999,9,9,N","004000,1,9,9","+0330,1","+0254,1","10074,1",,,"0,1,02,1","0,1,02,1",,,"02,1,+00800,1,08,1","99,9,+99999,9,03,1",,"9,AGL   ,+99999,+99999","05,99,1,02,1,99,9,00800,1,99,9,99,9",,"9,9,999,9,-007,1","05,1","SYN05843057 31596 52703 10330 20254 40074 70500 82230 333 59007=",
"43057099999","2023-06-19T12:00:00","4","18.9","72.8166666","11.0","BOMBAY COLABA, IN","FM-12","99999","V020","250,1,N,0010,1","22000,1,9,N","004000,1,9,9","+0326,1","+0253,1","10048,1",,,,,,,"02,1,+00800,1,08,1","99,9,+99999,9,03,1","99,9,+99999,9,00,1","9,AGL   ,+99999,+99999","04,99,1,02,1,99,9,00800,1,99,9,99,9",,"9,9,999,9,-016,1",,"SYN05843057 32596 42502 10326 20253 40048 82231 333 10337 59016=",
"43057099999","2023-06-20T03:00:00","4","18.9","72.8166666","11.0","BOMBAY COLABA, IN","FM-12","99999","V020","999,9,C,0000,1","99999,9,9,N","004000,1,9,9","+0306,1","+0255,1","10059,1",,,"2,1,02,1","2,1,02,1",,,"02,1,+00800,1,08,1","99,9,+99999,9,03,1",,"9,AGL   ,+99999,+99999","05,99,1,02,1,99,9,00800,1,99,9,99,9","240,N,+0280,1","9,9,999,9,-015,1","05,1","SYN07443057 31596 50000 10306 20255 40059 70522 82270 333 20280 59015 555 10024=",
"43057099999","2023-06-20T12:00:00","4","18.9","72.8166666","11.0","BOMBAY COLABA, IN","FM-12","99999","V020","270,1,N,0010,1","99999,9,9,N","004000,1,9,9","+0326,1","+0243,1","10045,1",,,"2,1,02,1","2,1,02,1",,,"02,1,+00800,1,08,1","99,9,+99999,9,03,1","99,9,+99999,9,00,1","9,AGL   ,+99999,+99999","05,99,1,02,1,99,9,00800,1,99,9,99,9",,"9,9,999,9,-003,1","05,1","SYN06443057 31596 52702 10326 20243 40045 70522 82231 333 10338 59003=",
"43057099999","2023-06-21T00:00:00","4","18.9","72.8166666","11.0","BOMBAY COLABA, IN","FM-12","99999","V020","999,9,C,0000,1","22000,1,9,N","004000,1,9,9","+0292,1","+0246,1","10046,1",,,"0,1,02,1","0,1,02,1",,,"01,1,+00800,1,08,1",,,"9,AGL   ,+99999,+99999","01,99,1,01,1,99,9,00800,1,99,9,99,9",,"9,9,999,9,+003,1","05,1","SYN05843057 31596 10000 10292 20246 40046 70500 81200 333 58003=",
"43057099999","2023-06-21T03:00:00","4","18.9","72.8166666","11.0","BOMBAY COLABA, IN","FM-12","99999","V020","270,1,N,0010,1","22000,1,9,N","004000,1,9,9","+0308,1","+0263,1","10061,1",,,"0,1,02,1","0,1,02,1",,,"02,1,+00800,1,08,1","99,9,+99999,9,03,1","99,9,+99999,9,00,1","9,AGL   ,+99999,+99999","04,99,1,02,1,99,9,00800,1,99,9,99,9","240,N,+0280,1","9,9,999,9,+002,1","05,1","SYN07443057 31596 42702 10308 20263 40061 70500 82231 333 20280 58002 555 10024=",
"43057099999","2023-06-21T12:00:00","4","18.9","72.8166666","11.0","BOMBAY COLABA, IN","FM-12","99999","V020","270,1,N,0010,1","22000,1,9,N","004000,1,9,9","+0330,1","+0251,1","10046,1",,,,,,,"01,1,+00800,1,08,1","99,9,+99999,9,00,1",,"9,AGL   ,+99999,+99999","02,99,1,01,1,99,9,00800,1,99,9,99,9",,"9,9,999,9,+001,1",,"SYN05843057 32596 22702 10330 20251 40046 81201 333 10350 58001=",
"43057099999","2023-06-22T03:00:00","4","18.9","72.8166666","11.0","BOMBAY COLABA, IN","FM-12","99999","V020","250,1,N,0010,1","22000,1,9,N","004000,1,9,9","+0310,1","+0266,1","10069,1",,,"0,1,02,1","0,1,02,1",,,"02,1,+00800,1,08,1",,,"9,AGL   ,+99999,+99999","02,99,1,02,1,99,9,00800,1,99,9,99,9","240,N,+0284,1","9,9,999,9,+008,1","05,1","SYN07443057 31596 22502 10310 20266 40069 70500 82200 333 20284 58008 555 10024=",
"43057099999","2023-06-22T12:00:00","4","18.9","72.8166666","11.0","BOMBAY COLABA, IN","FM-12","99999","V020","999,9,C,0000,1","22000,1,9,N","004000,1,9,9","+0330,1","+0251,1","10041,1",,,,,,,"01,1,+00800,1,08,1",,,"9,AGL   ,+99999,+99999","01,99,1,01,1,99,9,00800,1,99,9,99,9",,"9,9,999,9,-005,1",,"SYN05843057 32596 10000 10330 20251 40041 81200 333 10344 59005=",
"43057099999","2023-06-23T03:00:00","4","18.9","72.8166666","11.0","BOMBAY COLABA, IN","FM-12","99999","V020","230,1,N,0010,1","22000,1,9,N","004000,1,9,9","+0306,1","+0258,1","10061,1",,,"0,1,02,1","0,1,02,1",,,"02,1,+00800,1,08,1","99,9,+99999,9,00,1",,"9,AGL   ,+99999,+99999","03,99,1,02,1,99,9,00800,1,99,9,99,9","240,N,+0285,1","9,9,999,9,+008,1","05,1","SYN07443057 31596 32302 10306 20258 40061 70500 82201 333 20285 58008 555 10024=",
"43057099999","2023-06-23T12:00:00","4","18.9","72.8166666","11.0","BOMBAY COLABA, IN","FM-12","99999","V020","270,1,N,0010,1","22000,1,9,N","004000,1,9,9","+0328,1","+0255,1","10035,1",,,,,,,"02,1,+00800,1,08,1","99,9,+99999,9,00,1",,"9,AGL   ,+99999,+99999","03,99,1,02,1,99,9,00800,1,99,9,99,9",,"9,9,999,9,-006,1",,"SYN05843057 32596 32702 10328 20255 40035 82201 333 10346 59006=",
"43057099999","2023-06-24T03:00:00","4","18.9","72.8166666","11.0","BOMBAY COLABA, IN","FM-12","99999","V020","999,9,C,0000,1","99999,9,9,N","004000,1,9,9","+0298,1","+0262,1","10040,1","24,0002,3,1",,"2,1,02,1","2,1,02,1",,,"02,1,+00800,1,08,1","99,9,+99999,9,03,1",,"9,AGL   ,+99999,+99999","08,99,1,02,1,99,9,00800,1,99,9,99,9","240,N,+0283,1","9,9,999,9,-021,1","60,1","SYN08643057 21596 80000 10298 20262 40040 76022 8227/ 333 20283 59021 6992/ 555 00002 10024=",
"43057099999","2023-06-24T12:00:00","4","18.9","72.8166666","11.0","BOMBAY COLABA, IN","FM-12","99999","V020","230,1,N,0026,1","99999,9,9,N","004000,1,9,9","+0280,1","+0260,1","10033,1","09,0010,3,1",,"6,1,02,1","2,1,02,1",,,"02,1,+00800,1,08,1","99,9,+99999,9,03,1",,"9,AGL   ,+99999,+99999","08,99,1,02,1,99,9,00800,1,99,9,99,9",,"9,9,999,9,-002,1","60,1","SYN07043057 21596 82305 10280 20260 40033 76062 8227/ 333 10308 59002 6001/=",
"43057099999","2023-06-25T03:00:00","4","18.9","72.8166666","11.0","BOMBAY COLABA, IN","FM-12","99999","V020","999,9,C,0000,1","99999,9,9,N","004000,1,9,9","+0260,1","+0240,1","10043,1","24,0860,3,1",,"6,1,02,1","2,1,02,1",,,"03,1,+00800,1,07,1","99,9,+99999,9,05,1",,"9,AGL   ,+99999,+99999","08,99,1,03,1,99,9,00800,1,99,9,99,9","240,N,+0240,1","9,9,999,9,+003,1","60,1","SYN07043057 21596 80000 10260 20240 40043 76062 8372/ 333 20240 58003 6086/=",
"43057099999","2023-06-26T03:00:00","4","18.9","72.8166666","11.0","BOMBAY COLABA, IN","FM-12","99999","V020","250,1,N,0077,1","99999,9,9,N","004000,1,9,9","+0284,1","+0262,1","10054,1","24,0640,3,1",,"6,1,02,1","5,1,02,1",,,"02,1,+00800,1,07,1","99,9,+99999,9,05,1",,"9,AGL   ,+99999,+99999","08,99,1,02,1,99,9,00800,1,99,9,99,9","240,N,+0245,1","9,9,999,9,+011,1","51,1","SYN08643057 21596 82515 10284 20262 40054 75165 8272/ 333 20245 58011 6064/ 555 00636 10173=",
"43057099999","2023-06-26T12:00:00","4","18.9","72.8166666","11.0","BOMBAY COLABA, IN","FM-12","99999","V020","250,1,N,0031,1","99999,9,9,N","004000,1,9,9","+0300,1","+0264,1","10039,1",,,"2,1,02,1","2,1,02,1",,,"02,1,+00800,1,08,1","99,9,+99999,9,03,1",,"9,AGL   ,+99999,+99999","06,99,1,02,1,99,9,00800,1,99,9,99,9",,"9,9,999,9,+006,1","05,1","SYN06443057 31596 62506 10300 20264 40039 70522 82270 333 10304 58006=",
"43057099999","2023-06-27T03:00:00","4","18.9","72.8166666","11.0","BOMBAY COLABA, IN","FM-12","99999","V020","999,9,C,0000,1","99999,9,9,N","004000,1,9,9","+0276,1","+0259,1","10050,1","24,0500,3,1",,"6,1,02,1","5,1,02,1",,,"02,1,+00800,1,08,1","99,9,+99999,9,03,1",,"9,AGL   ,+99999,+99999","07,99,1,02,1,99,9,00800,1,99,9,99,9","240,N,+0240,1","9,9,999,9,-004,1","50,1","SYN08643057 21596 70000 10276 20259 40050 75065 82270 333 20240 59004 6050/ 555 00500 10223=",
"43057099999","2023-06-27T12:00:00","4","18.9","72.8166666","11.0","BOMBAY COLABA, IN","FM-12","99999","V020","250,1,N,0026,1","99999,9,9,N","002000,1,9,9","+0270,1","+0247,1","10039,1","09,0110,3,1",,"6,1,02,1","5,1,02,1",,,"02,1,+00800,1,07,1","99,9,+99999,9,05,1",,"9,AGL   ,+99999,+99999","08,99,1,02,1,99,9,00800,1,99,9,99,9",,"9,9,999,9,+000,1","61,1","SYN07043057 21595 82505 10270 20247 40039 76165 8272/ 333 10290 58000 6011/=",
"43057099999","2023-06-28T03:00:00","4","18.9","72.8166666","11.0","BOMBAY COLABA, IN","FM-12","99999","V020","250,1,N,0010,1","99999,9,9,N","004000,1,9,9","+0274,1","+0260,1","10058,1","24,0240,3,1",,"6,1,02,1","5,1,02,1",,,"02,1,+00800,1,06,1","99,9,+99999,9,05,1",,"9,AGL   ,+99999,+99999","08,99,1,02,1,99,9,00800,1,99,9,99,9","240,N,+0250,1","9,9,999,9,+004,1","21,1","SYN08643057 21596 82502 10274 20260 40058 72165 8252/ 333 20250 58004 6024/ 555 00236 10247=",
"43057099999","2023-06-28T12:00:00","4","18.9","72.8166666","11.0","BOMBAY COLABA, IN","FM-12","99999","V020","999,9,C,0000,1","99999,9,9,N","004000,1,9,9","+0266,1","+0246,1","10051,1","09,0770,3,1",,"6,1,02,1","5,1,02,1",,,"02,1,+00800,1,07,1","99,9,+99999,9,05,1",,"9,AGL   ,+99999,+99999","08,99,1,02,1,99,9,00800,1,99,9,99,9",,"9,9,999,9,+012,1","21,1","SYN07043057 21596 80000 10266 20246 40051 72165 8272/ 333 10274 58012 6077/=",
"43057099999","2023-06-29T03:00:00","4","18.9","72.8166666","11.0","BOMBAY COLABA, IN","FM-12","99999","V020","250,1,N,0010,1","99999,9,9,N","004000,1,9,9","+0264,1","+0247,1","10065,1","24,1480,3,1",,"6,1,02,1","5,1,02,1",,,"02,1,+00800,1,07,1","99,9,+99999,9,05,1",,"9,AGL   ,+99999,+99999","08,99,1,02,1,99,9,00800,1,99,9,99,9","240,N,+0245,1","9,9,999,9,+007,1","61,1","SYN08643057 21596 82502 10264 20247 40065 76165 8272/ 333 20245 58007 6148/ 555 01480 10395=",
"43057099999","2023-06-29T12:00:00","4","18.9","72.8166666","11.0","BOMBAY COLABA, IN","FM-12","99999","V020","250,1,N,0010,1","99999,9,9,N","004000,1,9,9","+0286,1","+0258,1","10045,1","09,0010,3,1",,"2,1,02,1","2,1,02,1",,,"02,1,+00800,1,06,1","99,9,+99999,9,03,1",,"9,AGL   ,+99999,+99999","07,99,1,02,1,99,9,00800,1,99,9,99,9",,"9,9,999,9,-006,1","05,1","SYN07043057 21596 72502 10286 20258 40045 70522 82570 333 10290 59006 6001/=",
"43057099999","2023-06-30T03:00:00","4","18.9","72.8166666","11.0","BOMBAY COLABA, IN","FM-12","99999","V020","250,1,N,0051,1","99999,9,9,N","002000,1,9,9","+0280,1","+0254,1","10065,1","24,0300,3,1",,"6,1,02,1","2,1,02,1",,,"02,1,+00800,1,06,1","99,9,+99999,9,05,1",,"9,AGL   ,+99999,+99999","08,99,1,02,1,99,9,00800,1,99,9,99,9","240,N,+0248,1","9,9,999,9,+000,1","05,1","SYN08643057 21595 82510 10280 20254 40065 70562 8252/ 333 20248 58000 6030/ 555 00298 10425=",
"43057099999","2023-06-30T12:00:00","4","18.9","72.8166666","11.0","BOMBAY COLABA, IN","FM-12","99999","V020","250,1,N,0021,1","99999,9,9,N","002000,1,9,9","+0270,1","+0250,1","10047,1","09,0260,3,1",,"6,1,02,1","6,1,02,1",,,"02,1,+00800,1,07,1","99,9,+99999,9,05,1",,"9,AGL   ,+99999,+99999","08,99,1,02,1,99,9,00800,1,99,9,99,9",,"9,9,999,9,+002,1","61,1","SYN07043057 21595 82504 10270 20250 40047 76166 8272/ 333 10288 58002 6026/=",
"43057099999","2023-07-01T03:00:00","4","18.9","72.8166666","11.0","BOMBAY COLABA, IN","FM-12","99999","V020","250,1,N,0021,1","99999,9,9,N","002000,1,9,9","+0266,1","+0246,1","10070,1","24,0450,3,1",,"6,1,02,1","5,1,02,1",,,"02,1,+00800,1,06,1","99,9,+99999,9,03,1",,"9,AGL   ,+99999,+99999","07,99,1,02,1,99,9,00800,1,99,9,99,9","240,N,+0242,1","9,9,999,9,+005,1","21,1","SYN08643057 21595 72504 10266 20246 40070 72165 82570 333 20242 58005 6045/ 555 00454 10470=",
"43057099999","2023-07-01T12:00:00","4","18.9","72.8166666","11.0","BOMBAY COLABA, IN","FM-12","99999","V020","250,1,N,0010,1","99999,9,9,N","004000,1,9,9","+0280,1","+0266,1","10057,1","09,0070,3,1",,"6,1,02,1","2,1,02,1",,,"02,1,+00800,1,08,1","99,9,+99999,9,03,1","99,9,+99999,9,00,1","9,AGL   ,+99999,+99999","05,99,1,02,1,99,9,00800,1,99,9,99,9",,"9,9,999,9,+010,1","05,1","SYN07043057 21596 52502 10280 20266 40057 70562 82231 333 10286 58010 6007/=",
"43057099999","2023-07-02T03:00:00","4","18.9","72.8166666","11.0","BOMBAY COLABA, IN","FM-12","99999","V020","250,1,N,0026,1","99999,9,9,N","004000,1,9,9","+0280,1","+0257,1","10063,1","24,0140,3,1",,"6,1,02,1","4,1,02,1",,,"02,1,+00800,1,09,1","99,9,+99999,9,03,1",,"9,AGL   ,+99999,+99999","07,99,1,02,1,99,9,00800,1,99,9,99,9","240,N,+0255,1","9,9,999,9,-007,1","20,1","SYN08643057 21596 72505 10280 20257 40063 72064 82370 333 20255 59007 6014/ 555 00140 10484=",
"43057099999","2023-07-02T12:00:00","4","18.9","72.8166666","11.0","BOMBAY COLABA, IN","FM-12","99999","V020","250,1,N,0010,1","99999,9,9,N","004000,1,9,9","+0290,1","+0268,1","10040,1","09,0200,3,1",,"5,1,02,1","2,1,02,1",,,"02,1,+00800,1,07,1","99,9,+99999,9,05,1",,"9,AGL   ,+99999,+99999","08,99,1,02,1,99,9,00800,1,99,9,99,9",,"9,9,999,9,-017,1","20,1","SYN07043057 21596 82502 10290 20268 40040 72052 8262/ 333 10299 59017 6020/=",
"43057099999","2023-07-03T03:00:00","4","18.9","72.8166666","11.0","BOMBAY COLABA, IN","FM-12","99999","V020","250,1,N,0010,1","99999,9,9,N","004000,1,9,9","+0280,1","+0257,1","10045,1","24,0220,3,1",,"6,1,02,1","4,1,02,1",,,"02,1,+00800,1,09,1","99,9,+99999,9,03,1",,"9,AGL   ,+99999,+99999","06,99,1,02,1,99,9,00800,1,99,9,99,9","240,N,+0260,1","9,9,999,9,-018,1","05,1","SYN08643057 21596 62502 10280 20257 40045 70564 82330 333 20260 59018 6022/ 555 00222 10506=",
"43057099999","2023-07-03T12:00:00","4","18.9","72.8166666","11.0","BOMBAY COLABA, IN","FM-12","99999","V020","999,9,C,0000,1","99999,9,9,N","004000,1,9,9","+0310,1","+0277,1","10018,1","09,0010,3,1",,"5,1,02,1","2,1,02,1",,,"02,1,+00800,1,08,1","99,9,+99999,9,03,1","99,9,+99999,9,00,1","9,AGL   ,+99999,+99999","06,99,1,02,1,99,9,00800,1,99,9,99,9",,"9,9,999,9,-022,1","20,1","SYN07043057 21596 60000 10310 20277 40018 72052 82231 333 10314 59022 6001/=",
"43057099999","2023-07-04T03:00:00","4","18.9","72.8166666","11.0","BOMBAY COLABA, IN","FM-12","99999","V020","999,9,C,0000,1","99999,9,9,N","004000,1,9,9","+0270,1","+0256,1","10027,1","24,0420,3,1",,"9,1,02,1","6,1,02,1",,,"02,1,+00800,1,07,1","99,9,+99999,9,03,1",,"9,AGL   ,+99999,+99999","07,99,1,02,1,99,9,00800,1,99,9,99,9","240,N,+0252,1","9,9,999,9,-018,1","62,1","SYN08643057 21596 70000 10270 20256 40027 76296 82670 333 20252 59018 6042/ 555 00421 10549=",
"43057099999","2023-07-04T12:00:00","4","18.9","72.8166666","11.0","BOMBAY COLABA, IN","FM-12","99999","V020","250,1,N,0051,1","99999,9,9,N","002000,1,9,9","+0270,1","+0256,1","10000,1","09,0180,3,1",,"6,1,02,1","4,1,02,1",,,"02,1,+00800,1,07,1","99,9,+99999,9,05,1",,"9,AGL   ,+99999,+99999","08,99,1,02,1,99,9,00800,1,99,9,99,9",,"9,9,999,9,-018,1","61,1","SYN07043057 21595 82510 10270 20256 40000 76164 8272/ 333 10280 59018 6018/=",
"43057099999","2023-07-05T03:00:00","4","18.9","72.8166666","11.0","BOMBAY COLABA, IN","FM-12","99999","V020","999,9,C,0000,1","99999,9,9,N","004000,1,9,9","+0270,1","+0253,1","10011,1","24,0330,3,1",,"6,1,02,1","5,1,02,1",,,"02,1,+00800,1,06,1","99,9,+99999,9,05,1",,"9,AGL   ,+99999,+99999","08,99,1,02,1,99,9,00800,1,99,9,99,9","240,N,+0250,1","9,9,999,9,-016,1","05,1","SYN08643057 21596 80000 10270 20253 40011 70565 8252/ 333 20250 59016 6033/ 555 00328 10581=",
"43057099999","2023-07-05T12:00:00","4","18.9","72.8166666","11.0","BOMBAY COLABA, IN","FM-12","99999","V020","999,9,C,0000,1","99999,9,9,N","004000,1,9,9","+0276,1","+0262,1","09986,1","09,0050,3,1",,"6,1,02,1","5,1,02,1",,,"02,1,+00800,1,06,1","99,9,+99999,9,03,1",,"9,AGL   ,+99999,+99999","07,99,1,02,1,99,9,00800,1,99,9,99,9",,"9,9,999,9,-014,1","05,1","SYN07043057 21596 70000 10276 20262 49986 70565 82570 333 10278 59014 6005/=",
"43057099999","2023-07-06T03:00:00","4","18.9","72.8166666","11.0","BOMBAY COLABA, IN","FM-12","99999","V020","999,9,C,0000,1","99999,9,9,N","004000,1,9,9","+0264,1","+0255,1","10020,1","24,0100,3,1",,"6,1,02,1","5,1,02,1",,,"02,1,+00800,1,07,1","99,9,+99999,9,05,1",,"9,AGL   ,+99999,+99999","08,99,1,02,1,99,9,00800,1,99,9,99,9","240,N,+0246,1","9,9,999,9,+009,1","61,1","SYN08643057 21596 80000 10264 20255 40020 76165 8272/ 333 20246 58009 6010/ 555 00100 10591=",
"43057099999","2023-07-06T12:00:00","4","18.9","72.8166666","11.0","BOMBAY COLABA, IN","FM-12","99999","V020","250,1,N,0026,1","99999,9,9,N","004000,1,9,9","+0278,1","+0246,1","10009,1","09,0040,3,1",,"6,1,02,1","5,1,02,1",,,"02,1,+00800,1,06,1","99,9,+99999,9,05,1",,"9,AGL   ,+99999,+99999","08,99,1,02,1,99,9,00800,1,99,9,99,9","240,M,+0282,1","9,9,999,9,+023,1","05,1","SYN07043057 21596 82505 10278 20246 40009 70565 8252/ 333 10282 58023 6004/=",
"43057099999","2023-07-07T03:00:00","4","18.9","72.8166666","11.0","BOMBAY COLABA, IN","FM-12","99999","V020","250,1,N,0021,1","99999,9,9,N","004000,1,9,9","+0276,1","+0253,1","10035,1","24,0200,3,1",,"6,1,02,1","5,1,02,1",,,"02,1,+00800,1,06,1","99,9,+99999,9,03,1",,"9,AGL   ,+99999,+99999","07,99,1,02,1,99,9,00800,1,99,9,99,9","240,N,+0250,1","9,9,999,9,+015,1","05,1","SYN08643057 21596 72504 10276 20253 40035 70565 82570 333 20250 58015 6020/ 555 00196 10611=",
"43057099999","2023-07-07T12:00:00","4","18.9","72.8166666","11.0","BOMBAY COLABA, IN","FM-12","99999","V020","230,1,N,0041,1","99999,9,9,N","002000,1,9,9","+0272,1","+0258,1","10020,1","09,0020,3,1",,"6,1,02,1","5,1,02,1",,,"02,1,+00800,1,07,1","99,9,+99999,9,05,1",,"9,AGL   ,+99999,+99999","08,99,1,02,1,99,9,00800,1,99,9,99,9",,"9,9,999,9,+011,1","61,1","SYN07043057 21595 82308 10272 20258 40020 76165 8272/ 333 10300 58011 6002/=",
"43057099999","2023-07-08T00:00:00","4","18.9","72.8166666","11.0","BOMBAY COLABA, IN","FM-12","99999","V020","250,1,N,0051,1","99999,9,9,N","002000,1,9,9","+0274,1","+0257,1","10039,1","21,0380,3,1",,"4,1,02,1","2,1,02,1",,,"02,1,+00800,1,09,1","99,9,+99999,9,03,1",,"9,AGL   ,+99999,+99999","07,99,1,02,1,99,9,00800,1,99,9,99,9",,"9,9,999,9,+022,1","05,1","SYN06443057 21595 72510 10274 20257 40039 70542 82370 333 58022 6038/=",
"43057099999","2023-07-08T03:00:00","4","18.9","72.8166666","11.0","BOMBAY COLABA, IN","FM-12","99999","V020","250,1,N,0051,1","99999,9,9,N","004000,1,9,9","+0280,1","+0260,1","10048,1","24,0400,3,1",,"6,1,02,1","5,1,02,1",,,"02,1,+00800,1,08,1","99,9,+99999,9,03,1","99,9,+99999,9,00,1","9,AGL   ,+99999,+99999","05,99,1,02,1,99,9,00800,1,99,9,99,9","240,N,+0250,1","9,9,999,9,+013,1","05,1","SYN08643057 21596 52510 10280 20260 40048 70565 82231 333 20250 58013 6040/ 555 00396 10650=",
"43057099999","2023-07-08T12:00:00","4","18.9","72.8166666","11.0","BOMBAY COLABA, IN","FM-12","99999","V020","230,1,N,0031,1","99999,9,9,N","004000,1,9,9","+0300,1","+0258,1","10044,1","09,0004,3,1",,"2,1,02,1","2,1,02,1",,,"02,1,+00800,1,06,1","99,9,+99999,9,05,1","99,9,+99999,9,00,1","9,AGL   ,+99999,+99999","06,99,1,02,1,99,9,00800,1,99,9,99,9",,"9,9,999,9,+024,1","05,1","SYN07043057 21596 62306 10300 20258 40044 70522 82521 333 10310 58024 6994/=",
"43057099999","2023-07-09T03:00:00","4","18.9","72.8166666","11.0","BOMBAY COLABA, IN","FM-12","99999","V020","230,1,N,0046,1","22000,1,9,N","004000,1,9,9","+0290,1","+0262,1","10060,1","24,0060,3,1",,"6,1,02,1","2,1,02,1",,,"02,1,+00800,1,06,1","99,9,+99999,9,03,1","99,9,+99999,9,00,1","9,AGL   ,+99999,+99999","04,99,1,02,1,99,9,00800,1,99,9,99,9","240,N,+0255,1","9,9,999,9,+012,1","05,1","SYN08643057 21596 42309 10290 20262 40060 70562 82531 333 20255 58012 6006/ 555 00064 10657=",
"43057099999","2023-07-09T12:00:00","4","18.9","72.8166666","11.0","BOMBAY COLABA, IN","FM-12","99999","V020","230,1,N,0021,1","99999,9,9,N","002000,1,9,9","+0284,1","+0256,1","10054,1",,,"2,1,02,1","2,1,02,1",,,"02,1,+00800,1,07,1","99,9,+99999,9,03,1",,"9,AGL   ,+99999,+99999","07,99,1,02,1,99,9,00800,1,99,9,99,9",,"9,9,999,9,+010,1","05,1","SYN06443057 31595 72304 10284 20256 40054 70522 82670 333 10310 58010=",
"43057099999","2023-07-10T03:00:00","4","18.9","72.8166666","11.0","BOMBAY COLABA, IN","FM-12","99999","V020","250,1,N,0026,1","22000,1,9,N","004000,1,9,9","+0294,1","+0265,1","10069,1","24,0020,3,1",,"4,1,02,1","2,1,02,1",,,"02,1,+00800,1,09,1","99,9,+99999,9,03,1","99,9,+99999,9,00,1","9,AGL   ,+99999,+99999","04,99,1,02,1,99,9,00800,1,99,9,99,9","240,N,+0265,1","9,9,999,9,+009,1","05,1","SYN08643057 21596 42505 10294 20265 40069 70542 82331 333 20265 58009 6002/ 555 00018 10659=",
"43057099999","2023-07-10T12:00:00","4","18.9","72.8166666","11.0","BOMBAY COLABA, IN","FM-12","99999","V020","250,1,N,0015,1","22000,1,9,N","004000,1,9,9","+0298,1","+0270,1","10055,1","09,0010,3,1",,"6,1,02,1","1,1,02,1",,,"02,1,+00800,1,06,1","99,9,+99999,9,03,1",,"9,AGL   ,+99999,+99999","04,99,1,02,1,99,9,00800,1,99,9,99,9",,"9,9,999,9,+001,1","21,1","SYN07043057 21596 42503 10298 20270 40055 72161 82570 333 10315 58001 6001/=",
"43057099999","2023-07-11T03:00:00","4","18.9","72.8166666","11.0","BOMBAY COLABA, IN","FM-12","99999","V020","250,1,N,0026,1","22000,1,9,N","004000,1,9,9","+0290,1","+0265,1","10076,1","24,0020,3,1",,"4,1,02,1","0,1,02,1",,,"02,1,+00800,1,09,1","99,9,+99999,9,03,1",,"9,AGL   ,+99999,+99999","03,99,1,02,1,99,9,00800,1,99,9,99,9","240,N,+0270,1","9,9,999,9,+007,1","20,1","SYN08643057 21596 32505 10290 20265 40076 72040 82330 333 20270 58007 6002/ 555 00022 10661=",
"43057099999","2023-07-11T12:00:00","4","18.9","72.8166666","11.0","BOMBAY COLABA, IN","FM-12","99999","V020","250,1,N,0026,1","99999,9,9,N","004000,1,9,9","+0304,1","+0265,1","10053,1",,,"4,1,02,1","2,1,02,1",,,"02,1,+00800,1,06,1","99,9,+99999,9,03,1",,"9,AGL   ,+99999,+99999","07,99,1,02,1,99,9,00800,1,99,9,99,9",,"9,9,999,9,-002,1","05,1","SYN06443057 31596 72505 10304 20265 40053 70542 82570 333 10313 59002=",
"43057099999","2023-07-12T03:00:00","4","18.9","72.8166666","11.0","BOMBAY COLABA, IN","FM-12","99999","V020","250,1,N,0010,1","99999,9,9,N","002000,1,9,9","+0290,1","+0268,1","10062,1","24,0010,3,1",,"2,1,02,1","2,1,02,1",,,"02,1,+00800,1,07,1","99,9,+99999,9,03,1",,"9,AGL   ,+99999,+99999","07,99,1,02,1,99,9,00800,1,99,9,99,9","240,N,+0262,1","9,9,999,9,+014,1","05,1","SYN08643057 21595 72502 10290 20268 40062 70522 82670 333 20262 58014 6001/ 555 00014 10662=",
"43057099999","2023-07-12T06:00:00","4","18.9","72.8166666","11.0","BOMBAY COLABA, IN","FM-12","99999","V020","250,1,N,0010,1","99999,9,9,N","002000,1,9,9","+0298,1","+0270,1","10062,1","03,0000,9,1",,"5,1,02,1","2,1,02,1",,,"02,1,+00800,1,08,1","99,9,+99999,9,03,1",,"9,AGL   ,+99999,+99999","07,99,1,02,1,99,9,00800,1,99,9,99,9",,"9,9,999,9,-019,1","05,1","SYN06443057 21595 72502 10298 20270 40062 70552 82270 333 59019 6990/=","Q01  00002PRCP03"
"43057099999","2023-07-12T12:00:00","4","18.9","72.8166666","11.0","BOMBAY COLABA, IN","FM-12","99999","V020","999,9,C,0000,1","99999,9,9,N","004000,1,9,9","+0304,1","+0282,1","10041,1","09,0006,3,1",,"6,1,02,1","2,1,02,1",,,"02,1,+00800,1,08,1","99,9,+99999,9,03,1",,"9,AGL   ,+99999,+99999","07,99,1,02,1,99,9,00800,1,99,9,99,9",,"9,9,999,9,-012,1","21,1","SYN07043057 21596 70000 10304 20282 40041 72162 82270 333 10306 59012 6996/=",
"43057099999","2023-07-13T03:00:00","4","18.9","72.8166666","11.0","BOMBAY COLABA, IN","FM-12","99999","V020","250,1,N,0010,1","99999,9,9,N","004000,1,9,9","+0294,1","+0272,1","10051,1","24,0006,3,1",,"2,1,02,1","0,1,02,1",,,"02,1,+00800,1,06,1","99,9,+99999,9,03,1",,"9,AGL   ,+99999,+99999","06,99,1,02,1,99,9,00800,1,99,9,99,9","240,N,+0270,1","9,9,999,9,-011,1","05,1","SYN08643057 21596 62502 10294 20272 40051 70520 82570 333 20270 59011 6996/ 555 00006 10663=",
"43057099999","2023-07-13T06:00:00","4","18.9","72.8166666","11.0","BOMBAY COLABA, IN","FM-12","99999","V020","250,1,N,0005,1","22000,1,9,N","004000,1,9,9","+0318,1","+0274,1","10056,1",,,"0,1,02,1","0,1,02,1",,,"02,1,+00800,1,06,1","99,9,+99999,9,03,1","99,9,+99999,9,00,1","9,AGL   ,+99999,+99999","04,99,1,02,1,99,9,00800,1,99,9,99,9",,"9,9,999,9,-006,1","05,1","SYN05843057 31596 42501 10318 20274 40056 70500 82431 333 59006=",
"43057099999","2023-07-13T12:00:00","4","18.9","72.8166666","11.0","BOMBAY COLABA, IN","FM-12","99999","V020","250,1,N,0010,1","99999,9,9,N","004000,1,9,9","+0312,1","+0279,1","10039,1","09,0006,3,1",,"6,1,02,1","4,1,02,1",,,"02,1,+00800,1,06,1","99,9,+99999,9,03,1",,"9,AGL   ,+99999,+99999","07,99,1,02,1,99,9,00800,1,99,9,99,9","240,M,+0323,1","9,9,999,9,-002,1","05,1","SYN07043057 21596 72502 10312 20279 40039 70564 82430 333 10323 59002 6996/=",
"43057099999","2023-07-14T03:00:00","4","18.9","72.8166666","11.0","BOMBAY COLABA, IN","FM-12","99999","V020","250,1,N,0021,1","99999,9,9,N","002000,1,9,9","+0266,1","+0255,1","10067,1","24,0450,3,1",,"9,1,02,1","6,1,02,1",,,"03,1,+00800,1,07,1","99,9,+99999,9,05,1",,"9,AGL   ,+99999,+99999","08,99,1,03,1,99,9,00800,1,99,9,99,9","240,N,+0242,1","9,9,999,9,+016,1","61,1","SYN08643057 21595 82504 10266 20255 40067 76196 8372/ 333 20242 58016 6045/ 555 00454 10708=",
"43057099999","2023-07-14T12:00:00","4","18.9","72.8166666","11.0","BOMBAY COLABA, IN","FM-12","99999","V020","250,1,N,0010,1","99999,9,9,N","002000,1,9,9","+0254,1","+0239,1","10064,1","09,0380,3,1",,"6,1,02,1","5,1,02,1",,,"02,1,+00800,1,07,1","99,9,+99999,9,05,1",,"9,AGL   ,+99999,+99999","08,99,1,02,1,99,9,00800,1,99,9,99,9",,"9,9,999,9,+025,1","61,1","SYN07043057 21595 82502 10254 20239 40064 76165 8272/ 333 10272 58025 6038/=",
"43057099999","2023-07-15T03:00:00","4","18.9","72.8166666","11.0","BOMBAY COLABA, IN","FM-12","99999","V020","250,1,N,0026,1","22000,1,9,N","004000,1,9,9","+0272,1","+0258,1","10075,1","24,0830,3,1",,"2,1,02,1","2,1,02,1",,,"02,1,+00800,1,09,1","99,9,+99999,9,03,1",,"9,AGL   ,+99999,+99999","04,99,1,02,1,99,9,00800,1,99,9,99,9","240,N,+0240,1","9,9,999,9,+008,1","05,1","SYN08643057 21596 42505 10272 20258 40075 70522 82370 333 20240 58008 6083/ 555 00834 10792=",
"43057099999","2023-07-15T06:00:00","4","18.9","72.8166666","11.0","BOMBAY COLABA, IN","FM-12","99999","V020","250,1,N,0026,1","99999,9,9,N","004000,1,9,9","+0300,1","+0269,1","10082,1",,,"4,1,02,1","2,1,02,1",,,"02,1,+00800,1,06,1","99,9,+99999,9,03,1",,"9,AGL   ,+99999,+99999","05,99,1,02,1,99,9,00800,1,99,9,99,9",,"9,9,999,9,+004,1","05,1","SYN05843057 31596 52505 10300 20269 40082 70542 82570 333 58004=",
"43057099999","2023-07-15T09:00:00","4","18.9","72.8166666","11.0","BOMBAY COLABA, IN","FM-12","99999","V020","250,1,N,0010,1","99999,9,9,N","002000,1,9,9","+0308,1","+0275,1","10068,1",,,"2,1,02,1","2,1,02,1",,,"02,1,+00800,1,06,1","99,9,+99999,9,03,1","99,9,+99999,9,00,1","9,AGL   ,+99999,+99999","05,99,1,02,1,99,9,00800,1,99,9,99,9",,"9,9,999,9,-003,1","05,1","SYN05843057 31595 52502 10308 20275 40068 70522 82431 333 59003=",
"43057099999","2023-07-15T12:00:00","4","18.9","72.8166666","11.0","BOMBAY COLABA, IN","FM-12","99999","V020","250,1,N,0021,1","99999,9,9,N","004000,1,9,9","+0296,1","+0260,1","10060,1",,,"2,1,02,1","2,1,02,1",,,"02,1,+00800,1,06,1","99,9,+99999,9,03,1","99,9,+99999,9,00,1","9,AGL   ,+99999,+99999","06,99,1,02,1,99,9,00800,1,99,9,99,9",,"9,9,999,9,-004,1","05,1","SYN06443057 31596 62504 10296 20260 40060 70522 82431 333 10313 59004=",
"43057099999","2023-07-16T03:00:00","4","18.9","72.8166666","11.0","BOMBAY COLABA, IN","FM-12","99999","V020","250,1,N,0010,1","99999,9,9,N","002000,1,9,9","+0286,1","+0266,1","10068,1","24,0006,3,1",,"2,1,02,1","2,1,02,1",,,"02,1,+00800,1,07,1","99,9,+99999,9,03,1",,"9,AGL   ,+99999,+99999","07,99,1,02,1,99,9,00800,1,99,9,99,9","240,N,+0264,1","9,9,999,9,-007,1","05,1","SYN08643057 21595 72502 10286 20266 40068 70522 82670 333 20264 59007 6996/ 555 00006 10848=",
"43057099999","2023-07-16T12:00:00","4","18.9","72.8166666","11.0","BOMBAY COLABA, IN","FM-12","99999","V020","270,1,N,0015,1","99999,9,9,N","002000,1,9,9","+0294,1","+0266,1","10050,1","09,0030,3,1",,"6,1,02,1","2,1,02,1",,,"02,1,+00800,1,06,1","99,9,+99999,9,03,1","99,9,+99999,9,00,1","9,AGL   ,+99999,+99999","06,99,1,02,1,99,9,00800,1,99,9,99,9",,"9,9,999,9,-010,1","05,1","SYN07043057 21595 62703 10294 20266 40050 70562 82431 333 10310 59010 6003/=",
"43057099999","2023-07-17T03:00:00","4","18.9","72.8166666","11.0","BOMBAY COLABA, IN","FM-12","99999","V020","250,1,N,0015,1","99999,9,9,N","004000,1,9,9","+0260,1","+0246,1","10060,1","24,0350,3,1",,"6,1,02,1","6,1,02,1",,,"03,1,+00800,1,07,1","99,9,+99999,9,05,1",,"9,AGL   ,+99999,+99999","08,99,1,03,1,99,9,00800,1,99,9,99,9","240,N,+0240,1","9,9,999,9,-008,1","61,1","SYN08643057 21596 82503 10260 20246 40060 76166 8372/ 333 20240 59008 6035/ 555 00354 10828=",
"43057099999","2023-07-17T12:00:00","4","18.9","72.8166666","11.0","BOMBAY COLABA, IN","FM-12","99999","V020","250,1,N,0031,1","99999,9,9,N","002000,1,9,9","+0268,1","+0251,1","10030,1","09,0510,3,1",,"6,1,02,1","6,1,02,1",,,"02,1,+00800,1,07,1","99,9,+99999,9,05,1",,"9,AGL   ,+99999,+99999","08,99,1,02,1,99,9,00800,1,99,9,99,9",,"9,9,999,9,-020,1","50,1","SYN07043057 21595 82506 10268 20251 40030 75066 8272/ 333 10280 59020 6051/=",
"43057099999","2023-07-18T03:00:00","4","18.9","72.8166666","11.0","BOMBAY COLABA, IN","FM-12","99999","V020","270,1,N,0010,1","99999,9,9,N","004000,1,9,9","+0268,1","+0251,1","10048,1","24,1060,3,1",,"6,1,02,1","6,1,02,1",,,"03,1,+00800,1,07,1","99,9,+99999,9,05,1",,"9,AGL   ,+99999,+99999","08,99,1,03,1,99,9,00800,1,99,9,99,9","240,N,+0245,1","9,9,999,9,-012,1","61,1","SYN08643057 21596 82702 10268 20251 40048 76166 8372/ 333 20245 59012 6106/ 555 01060 10934=",
"43057099999","2023-07-18T12:00:00","4","18.9","72.8166666","11.0","BOMBAY COLABA, IN","FM-12","99999","V020","250,1,N,0031,1","99999,9,9,N","002000,1,9,9","+0260,1","+0243,1","10020,1","09,0250,3,1",,"6,1,02,1","6,1,02,1",,,"02,1,+00800,1,07,1","99,9,+99999,9,05,1",,"9,AGL   ,+99999,+99999","08,99,1,02,1,99,9,00800,1,99,9,99,9",,"9,9,999,9,-010,1","61,1","SYN07043057 21595 82506 10260 20243 40020 76166 8272/ 333 10280 59010 6025/=",
"43057099999","2023-07-19T03:00:00","4","18.9","72.8166666","11.0","BOMBAY COLABA, IN","FM-12","99999","V020","250,1,N,0026,1","99999,9,9,N","002000,1,9,9","+0256,1","+0247,1","10026,1","24,0980,3,1",,"6,1,02,1","6,1,02,1",,,"02,1,+00800,1,07,1","99,9,+99999,9,05,1",,"9,AGL   ,+99999,+99999","08,99,1,02,1,99,9,00800,1,99,9,99,9","240,N,+0242,1","9,9,999,9,-022,1","63,1","SYN08643057 21595 82505 10256 20247 40026 76366 8272/ 333 20242 59022 6098/ 555 00984 11032=",
"43057099999","2023-07-19T12:00:00","4","18.9","72.8166666","11.0","BOMBAY COLABA, IN","FM-12","99999","V020","250,1,N,0015,1","99999,9,9,N","002000,1,9,9","+0260,1","+0251,1","10001,1","09,0630,3,1",,"6,1,02,1","6,1,02,1",,,"02,1,+00800,1,07,1","99,9,+99999,9,05,1",,"9,AGL   ,+99999,+99999","08,99,1,02,1,99,9,00800,1,99,9,99,9",,"9,9,999,9,-019,1","62,1","SYN07043057 21595 82503 10260 20251 40001 76266 8272/ 333 10272 59019 6063/=",
"43057099999","2023-07-20T03:00:00","4","18.9","72.8166666","11.0","BOMBAY COLABA, IN","FM-12","99999","V020","250,1,N,0031,1","99999,9,9,N","002000,1,9,9","+0284,1","+0262,1","10021,1","24,0850,3,1",,"2,1,02,1","2,1,02,1",,,"02,1,+00800,1,07,1","99,9,+99999,9,03,1",,"9,AGL   ,+99999,+99999","07,99,1,02,1,99,9,00800,1,99,9,99,9","240,N,+0244,1","9,9,999,9,-005,1","05,1","SYN08643057 21595 72506 10284 20262 40021 70522 82670 333 20244 59005 6085/ 555 00848 11117=",
"43057099999","2023-07-20T12:00:00","4","18.9","72.8166666","11.0","BOMBAY COLABA, IN","FM-12","99999","V020","250,1,N,0015,1","99999,9,9,N","002000,1,9,9","+0270,1","+0250,1","10014,1","09,0160,3,1",,"6,1,02,1","6,1,02,1",,,"02,1,+00800,1,07,1","99,9,+99999,9,05,1",,"9,AGL   ,+99999,+99999","08,99,1,02,1,99,9,00800,1,99,9,99,9","240,M,+0287,1","9,9,999,9,+013,1","21,1","SYN07043057 21595 82503 10270 20250 40014 72166 8272/ 333 10287 58013 6016/=",
"43057099999","2023-07-21T03:00:00","4","18.9","72.8166666","11.0","BOMBAY COLABA, IN","FM-12","99999","V020","270,1,N,0010,1","99999,9,9,N","004000,1,9,9","+0260,1","+0246,1","10043,1","24,0230,3,1",,"6,1,02,1","4,1,02,1",,,"02,1,+00800,1,07,1","99,9,+99999,9,05,1",,"9,AGL   ,+99999,+99999","08,99,1,02,1,99,9,00800,1,99,9,99,9","240,N,+0245,1","9,9,999,9,+022,1","61,1","SYN08643057 21596 82702 10260 20246 40043 76164 8272/ 333 20245 58022 6023/ 555 00231 11140=",
"43057099999","2023-07-21T12:00:00","4","18.9","72.8166666","11.0","BOMBAY COLABA, IN","FM-12","99999","V020","250,1,N,0015,1","99999,9,9,N","002000,1,9,9","+0262,1","+0253,1","10034,1","09,0920,3,1",,"6,1,02,1","5,1,02,1",,,"02,1,+00800,1,07,1","99,9,+99999,9,05,1",,"9,AGL   ,+99999,+99999","08,99,1,02,1,99,9,00800,1,99,9,99,9",,"9,9,999,9,+020,1","51,1","SYN07043057 21595 82503 10262 20253 40034 75165 8272/ 333 10266 58020 6092/=",
"43057099999","2023-07-22T03:00:00","4","18.9","72.8166666","11.0","BOMBAY COLABA, IN","FM-12","99999","V020","270,1,N,0051,1","99999,9,9,N","004000,1,9,9","+0272,1","+0258,1","10052,1","24,1030,3,1",,"6,1,02,1","5,1,02,1",,,"02,1,+00800,1,06,1","99,9,+99999,9,05,1",,"9,AGL   ,+99999,+99999","08,99,1,02,1,99,9,00800,1,99,9,99,9","240,N,+0245,1","9,9,999,9,+009,1","05,1","SYN08643057 21596 82710 10272 20258 40052 70565 8252/ 333 20245 58009 6103/ 555 01030 11243=",
"43057099999","2023-07-22T12:00:00","4","18.9","72.8166666","11.0","BOMBAY COLABA, IN","FM-12","99999","V020","250,1,N,0015,1","99999,9,9,N","002000,1,9,9","+0274,1","+0256,1","10030,1","09,0070,3,1",,"6,1,02,1","2,1,02,1",,,"02,1,+00800,1,07,1","99,9,+99999,9,05,1",,"9,AGL   ,+99999,+99999","08,99,1,02,1,99,9,00800,1,99,9,99,9",,"9,9,999,9,-004,1","50,1","SYN07043057 21595 82503 10274 20256 40030 75062 8272/ 333 10286 59004 6007/=",
"43057099999","2023-07-23T03:00:00","4","18.9","72.8166666","11.0","BOMBAY COLABA, IN","FM-12","99999","V020","250,1,N,0010,1","99999,9,9,N","002000,1,9,9","+0264,1","+0253,1","10040,1","24,0350,3,1",,"6,1,02,1","5,1,02,1",,,"02,1,+00800,1,06,1","99,9,+99999,9,03,1",,"9,AGL   ,+99999,+99999","07,99,1,02,1,99,9,00800,1,99,9,99,9","240,N,+0242,1","9,9,999,9,-012,1","05,1","SYN08643057 21595 72502 10264 20253 40040 70565 82570 333 20242 59012 6035/ 555 00352 11278=",
"43057099999","2023-07-23T12:00:00","4","18.9","72.8166666","11.0","BOMBAY COLABA, IN","FM-12","99999","V020","250,1,N,0010,1","99999,9,9,N","002000,1,9,9","+0272,1","+0255,1","10024,1","09,0090,3,1",,"6,1,02,1","5,1,02,1",,,"02,1,+00800,1,06,1","99,9,+99999,9,03,1",,"9,AGL   ,+99999,+99999","07,99,1,02,1,99,9,00800,1,99,9,99,9",,"9,9,999,9,-006,1","05,1","SYN07043057 21595 72502 10272 20255 40024 70565 82570 333 10280 59006 6009/=",
"43057099999","2023-07-24T03:00:00","4","18.9","72.8166666","11.0","BOMBAY COLABA, IN","FM-12","99999","V020","270,1,N,0026,1","99999,9,9,N","004000,1,9,9","+0270,1","+0256,1","10045,1","24,0450,3,1",,"6,1,02,1","6,1,02,1",,,"03,1,+00800,1,07,1","99,9,+99999,9,05,1",,"9,AGL   ,+99999,+99999","08,99,1,03,1,99,9,00800,1,99,9,99,9","240,N,+0248,1",,"21,1","SYN08043057 21596 82705 10270 20256 40045 72166 8372/ 333 20248 6045/ 555 00446 11323=",
"43057099999","2023-07-24T12:00:00","4","18.9","72.8166666","11.0","BOMBAY COLABA, IN","FM-12","99999","V020","250,1,N,0015,1","99999,9,9,N","004000,1,9,9","+0284,1","+0259,1","10023,1","09,0040,3,1",,"6,1,02,1","2,1,02,1",,,"03,1,+00800,1,07,1","99,9,+99999,9,05,1",,"9,AGL   ,+99999,+99999","07,99,1,03,1,99,9,00800,1,99,9,99,9",,"9,9,999,9,-001,1","05,1","SYN07043057 21596 72503 10284 20259 40023 70562 83720 333 10290 59001 6004/=",
"43057099999","2023-07-25T03:00:00","4","18.9","72.8166666","11.0","BOMBAY COLABA, IN","FM-12","99999","V020","270,1,N,0026,1","99999,9,9,N","004000,1,9,9","+0270,1","+0253,1","10058,1","24,0280,3,1",,"6,1,02,1","2,1,02,1",,,"03,1,+00800,1,07,1","99,9,+99999,9,05,1",,"9,AGL   ,+99999,+99999","08,99,1,03,1,99,9,00800,1,99,9,99,9","240,N,+0250,1","9,9,999,9,+013,1","05,1","SYN08643057 21596 82705 10270 20253 40058 70562 8372/ 333 20250 58013 6028/ 555 00282 11351=",
"43057099999","2023-07-25T12:00:00","4","18.9","72.8166666","11.0","BOMBAY COLABA, IN","FM-12","99999","V020","250,1,N,0015,1","99999,9,9,9","002000,1,9,9","+0275,1","+0257,1","10048,1",,,"6,1,99,9","6,1,99,9",,,"02,1,+00600,1,07,1","99,9,+99999,9,05,1","99,9,+99999,9,10,1","9,AGL   ,+99999,+99999","08,99,1,02,1,99,9,00600,1,99,9,99,9",,"9,9,999,9,+025,1","61,1","SYN004BUFR",
"43057099999","2023-07-26T03:00:00","4","18.9","72.8166666","11.0","BOMBAY COLABA, IN","FM-12","99999","V020","999,9,C,0000,1","99999,9,9,N","004000,1,9,9","+0272,1","+0258,1","10073,1","24,0450,3,1",,"6,1,02,1","6,1,02,1",,,"02,1,+00800,1,06,1","99,9,+99999,9,05,1",,"9,AGL   ,+99999,+99999","08,99,1,02,1,99,9,00800,1,99,9,99,9","240,N,+0245,1","9,9,999,9,+015,1","21,1","SYN08643057 21596 80000 10272 20258 40073 72166 8252/ 333 20245 58015 6045/ 555 00446 11396=",
"43057099999","2023-07-26T12:00:00","4","18.9","72.8166666","11.0","BOMBAY COLABA, IN","FM-12","99999","V020","250,1,N,0010,1","99999,9,9,N","002000,1,9,9","+0260,1","+0246,1","10058,1","09,1030,3,1",,"6,1,02,1","6,1,02,1",,,"03,1,+00800,1,07,1","99,9,+99999,9,05,1",,"9,AGL   ,+99999,+99999","08,99,1,03,1,99,9,00800,1,99,9,99,9",,"9,9,999,9,+010,1","65,1","SYN07043057 21595 82502 10260 20246 40058 76566 8372/ 333 10272 58010 6103/=",
"43057099999","2023-07-27T03:00:00","4","18.9","72.8166666","11.0","BOMBAY COLABA, IN","FM-12","99999","V020","250,1,N,0026,1","99999,9,9,N","004000,1,9,9","+0254,1","+0239,1","10080,1","24,2230,3,1",,"6,1,02,1","6,1,02,1",,,"03,1,+00800,1,07,1","99,9,+99999,9,05,1",,"9,AGL   ,+99999,+99999","08,99,1,03,1,99,9,00800,1,99,9,99,9","240,N,+0238,1","9,9,999,9,+007,1","63,1","SYN08643057 21596 82505 10254 20239 40080 76366 8372/ 333 20238 58007 6223/ 555 02232 11619=",
"43057099999","2023-07-27T12:00:00","4","18.9","72.8166666","11.0","BOMBAY COLABA, IN","FM-12","99999","V020","250,1,N,0021,1","99999,9,9,N","002000,1,9,9","+0254,1","+0239,1","10059,1","09,0860,3,1",,"6,1,02,1","6,1,02,1",,,"03,1,+00800,1,07,1","99,9,+99999,9,05,1",,"9,AGL   ,+99999,+99999","08,99,1,03,1,99,9,00800,1,99,9,99,9","240,M,+0257,1","9,9,999,9,+001,1","63,1","SYN07043057 21595 82504 10254 20239 40059 76366 8372/ 333 10257 58001 6086/=",
"43057099999","2023-07-28T03:00:00","4","18.9","72.8166666","11.0","BOMBAY COLABA, IN","FM-12","99999","V020","270,1,N,0051,1","99999,9,9,N","004000,1,9,9","+0250,1","+0235,1","10079,1","24,1160,3,1",,"6,1,02,1","6,1,02,1",,,"03,1,+00250,1,07,1","99,9,+99999,9,05,1",,"9,AGL   ,+99999,+99999","08,99,1,03,1,99,9,00250,1,99,9,99,9","240,N,+0235,1","9,9,999,9,-001,1","63,1","SYN08643057 21396 82710 10250 20235 40079 76366 8372/ 333 20235 59001 6116/ 555 01160 11735=",
"43057099999","2023-07-28T12:00:00","4","18.9","72.8166666","11.0","BOMBAY COLABA, IN","FM-12","99999","V020","999,9,C,0000,1","99999,9,9,N","002000,1,9,9","+0270,1","+0256,1","10065,1","09,0070,3,1",,"6,1,02,1","5,1,02,1",,,"02,1,+00800,1,07,1","99,9,+99999,9,05,1",,"9,AGL   ,+99999,+99999","08,99,1,02,1,99,9,00800,1,99,9,99,9",,"9,9,999,9,+016,1","21,1","SYN07043057 21595 80000 10270 20256 40065 72165 8272/ 333 10274 58016 6007/=",
"43057099999","2023-07-29T03:00:00","4","18.9","72.8166666","11.0","BOMBAY COLABA, IN","FM-12","99999","V020","250,1,N,0010,1","99999,9,9,N","004000,1,9,9","+0270,1","+0253,1","10083,1","24,0080,3,1",,"2,1,02,1","2,1,02,1",,,"02,1,+00800,1,06,1","99,9,+99999,9,03,1",,"9,AGL   ,+99999,+99999","07,99,1,02,1,99,9,00800,1,99,9,99,9","240,N,+0240,1","9,9,999,9,+004,1","05,1","SYN08643057 21596 72502 10270 20253 40083 70522 82570 333 20240 58004 6008/ 555 00078 11743=",
"43057099999","2023-07-29T12:00:00","4","18.9","72.8166666","11.0","BOMBAY COLABA, IN","FM-12","99999","V020","250,1,N,0015,1","99999,9,9,N","004000,1,9,9","+0280,1","+0263,1","10070,1","09,0070,3,1",,"6,1,02,1","2,1,02,1",,,"03,1,+00800,1,06,1","99,9,+99999,9,03,1",,"9,AGL   ,+99999,+99999","07,99,1,03,1,99,9,00800,1,99,9,99,9",,"9,9,999,9,+005,1","05,1","SYN07043057 21596 72503 10280 20263 40070 70562 83570 333 10286 58005 6007/=",
"43057099999","2023-07-30T03:00:00","4","18.9","72.8166666","11.0","BOMBAY COLABA, IN","FM-12","99999","V020","250,1,N,0010,1","99999,9,9,N","004000,1,9,9","+0266,1","+0249,1","10081,1","24,0130,3,1",,"6,1,02,1","5,1,02,1",,,"02,1,+00800,1,06,1","99,9,+99999,9,03,1",,"9,AGL   ,+99999,+99999","06,99,1,02,1,99,9,00800,1,99,9,99,9","240,N,+0250,1","9,9,999,9,-002,1","21,1","SYN08643057 21596 62502 10266 20249 40081 72165 82570 333 20250 59002 6013/ 555 00126 11755=",
"43057099999","2023-07-30T12:00:00","4","18.9","72.8166666","11.0","BOMBAY COLABA, IN","FM-12","99999","V020","250,1,N,0010,1","22000,1,9,N","004000,1,9,9","+0300,1","+0269,1","10054,1",,,"2,1,02,1","1,1,02,1",,,"02,1,+00800,1,06,1","99,9,+99999,9,03,1","99,9,+99999,9,00,1","9,AGL   ,+99999,+99999","04,99,1,02,1,99,9,00800,1,99,9,99,9",,"9,9,999,9,-016,1","05,1","SYN06443057 31596 42502 10300 20269 40054 70521 82531 333 10306 59016=",
"43057099999","2023-07-31T12:00:00","4","18.9","72.8166666","11.0","BOMBAY COLABA, IN","FM-12","99999","V020","250,1,N,0015,1","99999,9,9,N","004000,1,9,9","+0286,1","+0269,1","10053,1","09,0010,3,1",,"2,1,02,1","2,1,02,1",,,"02,1,+00800,1,06,1","99,9,+99999,9,03,1",,"9,AGL   ,+99999,+99999","07,99,1,02,1,99,9,00800,1,99,9,99,9",,"9,9,999,9,-001,1","21,1","SYN07043057 21596 72503 10286 20269 40053 72122 82570 333 10300 59001 6001/=",
"43057099999","2023-08-01T00:00:00","4","18.9","72.8166666","11.0","BOMBAY COLABA, IN","FM-12","99999","V020","270,1,N,0026,1","22000,1,9,N","004000,1,9,9","+0280,1","+0254,1","10055,1","21,0020,3,1",,"2,1,02,1","0,1,02,1",,,"02,1,+00800,1,08,1","99,9,+99999,9,03,1",,"9,AGL   ,+99999,+99999","04,99,1,02,1,99,9,00800,1,99,9,99,9",,"9,9,999,9,+005,1","05,1","SYN06443057 21596 42705 10280 20254 40055 70520 82270 333 58005 6002/=",
"43057099999","2023-08-01T03:00:00","4","18.9","72.8166666","11.0","BOMBAY COLABA, IN","FM-12","99999","V020","270,1,N,0026,1","99999,9,9,N","004000,1,9,9","+0280,1","+0260,1","10068,1","24,0020,3,1",,"6,1,02,1","4,1,02,1",,,"02,1,+00800,1,06,1","99,9,+99999,9,03,1",,"9,AGL   ,+99999,+99999","06,99,1,02,1,99,9,00800,1,99,9,99,9","240,N,+0256,1","9,9,999,9,+003,1","05,1","SYN08643057 21596 62705 10280 20260 40068 70564 82570 333 20256 58003 6002/ 555 00018 11759=",
"43057099999","2023-08-01T12:00:00","4","18.9","72.8166666","11.0","BOMBAY COLABA, IN","FM-12","99999","V020","250,1,N,0021,1","99999,9,9,N","004000,1,9,9","+0288,1","+0263,1","10057,1","09,0060,3,1",,"6,1,02,1","2,1,02,1",,,"02,1,+00800,1,07,1","99,9,+99999,9,05,1",,"9,AGL   ,+99999,+99999","08,99,1,02,1,99,9,00800,1,99,9,99,9",,"9,9,999,9,+004,1","60,1","SYN07043057 21596 82504 10288 20263 40057 76062 8272/ 333 10306 58004 6006/=",
"43057099999","2023-08-02T03:00:00","4","18.9","72.8166666","11.0","BOMBAY COLABA, IN","FM-12","99999","V020","270,1,N,0026,1","99999,9,9,N","004000,1,9,9","+0290,1","+0265,1","10076,1","24,0110,3,1",,"2,1,02,1","2,1,02,1",,,"02,1,+00800,1,06,1","99,9,+99999,9,03,1",,"9,AGL   ,+99999,+99999","07,99,1,02,1,99,9,00800,1,99,9,99,9","240,N,+0255,1","9,9,999,9,+008,1","05,1","SYN08643057 21596 72705 10290 20265 40076 70522 82570 333 20255 58008 6011/ 555 00108 11770=",
"43057099999","2023-08-02T12:00:00","4","18.9","72.8166666","11.0","BOMBAY COLABA, IN","FM-12","99999","V020","250,1,N,0021,1","99999,9,9,N","004000,1,9,9","+0284,1","+0262,1","10064,1","09,0000,2,1",,"5,1,02,1","2,1,02,1",,,"02,1,+00800,1,06,1","99,9,+99999,9,03,1",,"9,AGL   ,+99999,+99999","07,99,1,02,1,99,9,00800,1,99,9,99,9",,"9,9,999,9,+007,1","20,1","SYN07043057 21596 72504 10284 20262 40064 72052 82570 333 10300 58007 6990/=",
"43057099999","2023-08-03T03:00:00","4","18.9","72.8166666","11.0","BOMBAY COLABA, IN","FM-12","99999","V020","250,1,N,0026,1","99999,9,9,N","004000,1,9,9","+0280,1","+0257,1","10071,1","24,0006,3,1",,"2,1,02,1","2,1,02,1",,,"02,1,+00800,1,06,1","99,9,+99999,9,03,1",,"9,AGL   ,+99999,+99999","06,99,1,02,1,99,9,00800,1,99,9,99,9","240,N,+0258,1","9,9,999,9,-005,1","05,1","SYN08643057 21596 62505 10280 20257 40071 70522 82570 333 20258 59005 6996/ 555 00006 11771=",
"43057099999","2023-08-03T12:00:00","4","18.9","72.8166666","11.0","BOMBAY COLABA, IN","FM-12","99999","V020","250,1,N,0026,1","99999,9,9,N","004000,1,9,9","+0292,1","+0264,1","10059,1","09,0006,3,1",,"6,1,02,1","2,1,02,1",,,"02,1,+00800,1,06,1","99,9,+99999,9,03,1",,"9,AGL   ,+99999,+99999","07,99,1,02,1,99,9,00800,1,99,9,99,9",,"9,9,999,9,-005,1","05,1","SYN07043057 21596 72505 10292 20264 40059 70562 82570 333 10306 59005 6996/=",
"43057099999","2023-08-03T15:00:00","4","18.9","72.8166666","11.0","BOMBAY COLABA, IN","FM-12","99999","V020","250,1,N,0021,1","99999,9,9,N","004000,1,9,9","+0284,1","+0259,1","10072,1","12,0006,3,1",,"2,1,02,1","2,1,02,1",,,"02,1,+00800,1,06,1","99,9,+99999,9,03,1",,"9,AGL   ,+99999,+99999","05,99,1,02,1,99,9,00800,1,99,9,99,9",,"9,9,999,9,-002,1","05,1","SYN06443057 21596 52504 10284 20259 40072 70522 82470 333 59002 6996/=",
"43057099999","2023-08-04T00:00:00","4","18.9","72.8166666","11.0","BOMBAY COLABA, IN","FM-12","99999","V020","230,1,N,0026,1","99999,9,9,N","004000,1,9,9","+0280,1","+0260,1","10062,1","21,0020,3,1",,"6,1,02,1","5,1,02,1",,,"02,1,+00800,1,07,1","99,9,+99999,9,05,1",,"9,AGL   ,+99999,+99999","08,99,1,02,1,99,9,00800,1,99,9,99,9",,"9,9,999,9,+005,1","50,1","SYN06443057 21596 82305 10280 20260 40062 75065 8272/ 333 58005 6002/=",
"43057099999","2023-08-04T03:00:00","4","18.9","72.8166666","11.0","BOMBAY COLABA, IN","FM-12","99999","V020","230,1,N,0026,1","99999,9,9,N","004000,1,9,9","+0284,1","+0264,1","10075,1","24,0020,3,1",,"2,1,02,1","2,1,02,1",,,"02,1,+00800,1,06,1","99,9,+99999,9,03,1",,"9,AGL   ,+99999,+99999","07,99,1,02,1,99,9,00800,1,99,9,99,9","240,N,+0256,1","9,9,999,9,+004,1","05,1","SYN08643057 21596 72305 10284 20264 40075 70522 82570 333 20256 58004 6002/ 555 00016 11772=",
"43057099999","2023-08-04T12:00:00","4","18.9","72.8166666","11.0","BOMBAY COLABA, IN","FM-12","99999","V020","250,1,N,0015,1","99999,9,9,N","004000,1,9,9","+0292,1","+0271,1","10070,1","09,0006,3,1",,"6,1,02,1","5,1,02,1",,,"02,1,+00800,1,06,1","99,9,+99999,9,03,1",,"9,AGL   ,+99999,+99999","07,99,1,02,1,99,9,00800,1,99,9,99,9",,"9,9,999,9,+011,1","20,1","SYN07043057 21596 72503 10292 20271 40070 72065 82570 333 10296 58011 6996/=",
"43057099999","2023-08-05T03:00:00","4","18.9","72.8166666","11.0","BOMBAY COLABA, IN","FM-12","99999","V020","250,1,N,0010,1","99999,9,9,N","004000,1,9,9","+0280,1","+0260,1","10099,1","24,0030,3,1",,"2,1,02,1","2,1,02,1",,,"02,1,+00800,1,06,1","99,9,+99999,9,03,1",,"9,AGL   ,+99999,+99999","07,99,1,02,1,99,9,00800,1,99,9,99,9","240,N,+0250,1","9,9,999,9,+018,1","05,1","SYN08643057 21596 72502 10280 20260 40099 70522 82570 333 20250 58018 6003/ 555 00026 11775=",
"43057099999","2023-08-05T06:00:00","4","18.9","72.8166666","11.0","BOMBAY COLABA, IN","FM-12","99999","V020","250,1,N,0021,1","99999,9,9,N","004000,1,9,9","+0300,1","+0261,1","10104,1",,,"4,1,02,1","2,1,02,1",,,"02,1,+00800,1,06,1","99,9,+99999,9,03,1",,"9,AGL   ,+99999,+99999","06,99,1,02,1,99,9,00800,1,99,9,99,9",,"9,9,999,9,+018,1","05,1","SYN05843057 31596 62504 10300 20261 40104 70542 82570 333 58018=",
"43057099999","2023-08-05T12:00:00","4","18.9","72.8166666","11.0","BOMBAY COLABA, IN","FM-12","99999","V020","230,1,N,0021,1","99999,9,9,N","004000,1,9,9","+0290,1","+0256,1","10090,1",,,"2,1,02,1","2,1,02,1",,,"02,1,+00800,1,06,1","99,9,+99999,9,03,1","99,9,+99999,9,00,1","9,AGL   ,+99999,+99999","07,99,1,02,1,99,9,00800,1,99,9,99,9",,"9,9,999,9,+020,1","05,1","SYN06443057 31596 72304 10290 20256 40090 70522 82471 333 10307 58020=",
"43057099999","2023-08-06T03:00:00","4","18.9","72.8166666","11.0","BOMBAY COLABA, IN","FM-12","99999","V020","230,1,N,0021,1","99999,9,9,N","004000,1,9,9","+0282,1","+0251,1","10101,1",,,"2,1,02,1","2,1,02,1",,,"02,1,+00800,1,06,1","99,9,+99999,9,03,1",,"9,AGL   ,+99999,+99999","07,99,1,02,1,99,9,00800,1,99,9,99,9","240,N,+0268,1","9,9,999,9,+002,1","05,1","SYN07443057 31596 72304 10282 20251 40101 70522 82570 333 20268 58002 555 11775=",
"43057099999","2023-08-06T06:00:00","4","18.9","72.8166666","11.0","BOMBAY COLABA, IN","FM-12","99999","V020","250,1,N,0010,1","99999,9,9,N","004000,1,9,9","+0304,1","+0256,1","10100,1","03,0002,3,1",,"6,1,02,1","2,1,02,1",,,"02,1,+00800,1,06,1","99,9,+99999,9,03,1",,"9,AGL   ,+99999,+99999","06,99,1,02,1,99,9,00800,1,99,9,99,9",,"9,9,999,9,-004,1","60,1","SYN06443057 21596 62502 10304 20256 40100 76062 82570 333 59004 6992/=",
"43057099999","2023-08-06T12:00:00","4","18.9","72.8166666","11.0","BOMBAY COLABA, IN","FM-12","99999","V020","250,1,N,0010,1","99999,9,9,N","004000,1,9,9","+0304,1","+0265,1","10078,1","09,0002,3,1",,"2,1,02,1","2,1,02,1",,,"02,1,+00800,1,06,1","99,9,+99999,9,03,1",,"9,AGL   ,+99999,+99999","05,99,1,02,1,99,9,00800,1,99,9,99,9",,"9,9,999,9,-012,1","05,1","SYN07043057 21596 52502 10304 20265 40078 70522 82570 333 10310 59012 6992/=",
"43057099999","2023-08-07T03:00:00","4","18.9","72.8166666","11.0","BOMBAY COLABA, IN","FM-12","99999","V020","250,1,N,0026,1","99999,9,9,N","004000,1,9,9","+0292,1","+0270,1","10079,1","24,0002,3,1",,"2,1,02,1","2,1,02,1",,,"02,1,+00800,1,08,1","99,9,+99999,9,03,1",,"9,AGL   ,+99999,+99999","06,99,1,02,1,99,9,00800,1,99,9,99,9","240,N,+0266,1","9,9,999,9,-012,1","05,1","SYN08643057 21596 62505 10292 20270 40079 70522 82270 333 20266 59012 6992/ 555 00002 11775=",
"43057099999","2023-08-07T12:00:00","4","18.9","72.8166666","11.0","BOMBAY COLABA, IN","FM-12","99999","V020","250,1,N,0010,1","99999,9,9,N","004000,1,9,9","+0290,1","+0268,1","10066,1","09,0010,3,1",,"6,1,02,1","2,1,02,1",,,"02,1,+00800,1,06,1","99,9,+99999,9,03,1",,"9,AGL   ,+99999,+99999","06,99,1,02,1,99,9,00800,1,99,9,99,9",,"9,9,999,9,-012,1","05,1","SYN07043057 21596 62502 10290 20268 40066 70562 82570 333 10305 59012 6001/=",
"43057099999","2023-08-08T03:00:00","4","18.9","72.8166666","11.0","BOMBAY COLABA, IN","FM-12","99999","V020","250,1,N,0051,1","99999,9,9,N","004000,1,9,9","+0292,1","+0220,1","10078,1","24,0010,3,1",,"2,1,02,1","2,1,02,1",,,"02,1,+00800,1,06,1","99,9,+99999,9,03,1",,"9,AGL   ,+99999,+99999","06,99,1,02,1,99,9,00800,1,99,9,99,9","240,N,+0260,1","9,9,999,9,-001,1","05,1","SYN08643057 21596 62510 10292 20220 40078 70522 82570 333 20260 59001 6001/ 555 00012 11776=",
"43057099999","2023-08-08T06:00:00","4","18.9","72.8166666","11.0","BOMBAY COLABA, IN","FM-12","99999","V020","250,1,N,0026,1","22000,1,9,N","004000,1,9,9","+0310,1","+0271,1","10083,1",,,"4,1,02,1","2,1,02,1",,,"02,1,+00800,1,08,1","99,9,+99999,9,03,1",,"9,AGL   ,+99999,+99999","04,99,1,02,1,99,9,00800,1,99,9,99,9",,"9,9,999,9,+000,1","05,1","SYN05843057 31596 42505 10310 20271 40083 70542 82260 333 58000=",
"43057099999","2023-08-08T12:00:00","4","18.9","72.8166666","11.0","BOMBAY COLABA, IN","FM-12","99999","V020","250,1,N,0015,1","99999,9,9,N","004000,1,9,9","+0298,1","+0273,1","10072,1","09,0002,3,1",,"6,1,02,1","5,1,02,1",,,"02,1,+00800,1,06,1","99,9,+99999,9,03,1",,"9,AGL   ,+99999,+99999","06,99,1,02,1,99,9,00800,1,99,9,99,9",,"9,9,999,9,+006,1","05,1","SYN07043057 21596 62503 10298 20273 40072 70565 82570 333 10316 58006 6992/=",
"43057099999","2023-08-09T03:00:00","4","18.9","72.8166666","11.0","BOMBAY COLABA, IN","FM-12","99999","V020","250,1,N,0026,1","99999,9,9,N","004000,1,9,9","+0288,1","+0269,1","10105,1","24,0002,3,1",,"2,1,02,1","2,1,02,1",,,"02,1,+00800,1,06,1","99,9,+99999,9,03,1",,"9,AGL   ,+99999,+99999","07,99,1,02,1,99,9,00800,1,99,9,99,9","240,N,+0268,1","9,9,999,9,+027,1","05,1","SYN08643057 21596 72505 10288 20269 40105 70522 82570 333 20268 58027 6992/ 555 00002 11776=",
"43057099999","2023-08-09T12:00:00","4","18.9","72.8166666","11.0","BOMBAY COLABA, IN","FM-12","99999","V020","999,9,C,0000,1","99999,9,9,N","004000,1,9,9","+0306,1","+0261,1","10093,1",,,"2,1,02,1","2,1,02,1",,,"02,1,+00800,1,06,1","99,9,+99999,9,03,1",,"9,AGL   ,+99999,+99999","06,99,1,02,1,99,9,00800,1,99,9,99,9",,"9,9,999,9,+021,1","05,1","SYN06443057 31596 60000 10306 20261 40093 70522 82570 333 10316 58021=",
"43057099999","2023-08-10T03:00:00","4","18.9","72.8166666","11.0","BOMBAY COLABA, IN","FM-12","99999","V020","250,1,N,0010,1","99999,9,9,N","004000,1,9,9","+0280,1","+0260,1","10109,1","24,0040,3,1",,"6,1,02,1","2,1,02,1",,,"02,1,+00800,1,06,1","99,9,+99999,9,03,1",,"9,AGL   ,+99999,+99999","07,99,1,02,1,99,9,00800,1,99,9,99,9","240,N,+0254,1","9,9,999,9,+004,1","60,1","SYN08643057 21596 72502 10280 20260 40109 76062 82570 333 20254 58004 6004/ 555 00042 10781=",
"43057099999","2023-08-11T03:00:00","4","18.9","72.8166666","11.0","BOMBAY COLABA, IN","FM-12","99999","V020","250,1,N,0010,1","99999,9,9,N","004000,1,9,9","+0284,1","+0264,1","10105,1","24,0030,3,1",,"2,1,02,1","2,1,02,1",,,"02,1,+00800,1,06,1","99,9,+99999,9,03,1",,"9,AGL   ,+99999,+99999","06,99,1,02,1,99,9,00800,1,99,9,99,9","240,N,+0260,1","9,9,999,9,-004,1","05,1","SYN08643057 21596 62502 10284 20264 40105 70522 82570 333 20260 59004 6003/ 555 00026 11783=",
"43057099999","2023-08-11T12:00:00","4","18.9","72.8166666","11.0","BOMBAY COLABA, IN","FM-12","99999","V020","250,1,N,0010,1","99999,9,9,N","004000,1,9,9","+0310,1","+0260,1","10086,1","09,0004,3,1",,"2,1,02,1","0,1,02,1",,,"02,1,+00800,1,06,1","99,9,+99999,9,03,1",,"9,AGL   ,+99999,+99999","05,99,1,02,1,99,9,00800,1,99,9,99,9",,"9,9,999,9,-012,1","05,1","SYN07043057 21596 52502 10310 20260 40086 70520 82570 333 10322 59012 6994/=",
"43057099999","2023-08-12T03:00:00","4","18.9","72.8166666","11.0","BOMBAY COLABA, IN","FM-12","99999","V020","250,1,N,0026,1","99999,9,9,N","004000,1,9,9","+0284,1","+0264,1","10106,1","24,0010,3,1",,"6,1,02,1","2,1,02,1",,,"02,1,+00800,1,06,1","99,9,+99999,9,03,1",,"9,AGL   ,+99999,+99999","06,99,1,02,1,99,9,00800,1,99,9,99,9","240,N,+0255,1","9,9,999,9,+001,1","05,1","SYN08643057 21596 62505 10284 20264 40106 70562 82570 333 20255 58001 6001/ 555 00014 11785=",
"43057099999","2023-08-12T12:00:00","4","18.9","72.8166666","11.0","BOMBAY COLABA, IN","FM-12","99999","V020","250,1,N,0010,1","99999,9,9,N","004000,1,9,9","+0310,1","+0271,1","10083,1","09,0004,3,1",,"6,1,02,1","2,1,02,1",,,"02,1,+00800,1,08,1","99,9,+99999,9,03,1",,"9,AGL   ,+99999,+99999","05,99,1,02,1,99,9,00800,1,99,9,99,9",,"9,9,999,9,-003,1","05,1","SYN07043057 21596 52502 10310 20271 40083 70562 82260 333 10316 59003 6994/=",
"43057099999","2023-08-13T03:00:00","4","18.9","72.8166666","11.0","BOMBAY COLABA, IN","FM-12","99999","V020","250,1,N,0015,1","22000,1,9,N","004000,1,9,9","+0284,1","+0259,1","10089,1","24,0004,3,1",,"2,1,02,1","2,1,02,1",,,"02,1,+00800,1,08,1","99,9,+99999,9,03,1",,"9,AGL   ,+99999,+99999","04,99,1,02,1,99,9,00800,1,99,9,99,9","240,N,+0265,1","9,9,999,9,-017,1","05,1","SYN08643057 21596 42503 10284 20259 40089 70522 82260 333 20265 59017 6994/ 555 00004 11785=",
"43057099999","2023-08-13T12:00:00","4","18.9","72.8166666","11.0","BOMBAY COLABA, IN","FM-12","99999","V020","250,1,N,0021,1","99999,9,9,N","004000,1,9,9","+0302,1","+0254,1","10072,1","09,0005,3,1",,"2,1,02,1","0,1,02,1",,,"02,1,+00800,1,08,1","99,9,+99999,9,03,1",,"9,AGL   ,+99999,+99999","05,99,1,02,1,99,9,00800,1,99,9,99,9",,"9,9,999,9,-011,1","05,1","SYN07043057 21596 52504 10302 20254 40072 70520 82260 333 10318 59011 6995/=",
"43057099999","2023-08-14T06:00:00","4","18.9","72.8166666","11.0","BOMBAY COLABA, IN","FM-12","99999","V020","250,1,N,0026,1","99999,9,9,N","004000,1,9,9","+0300,1","+0258,1","10099,1",,,"6,1,02,1","2,1,02,1",,,"02,1,+00800,1,08,1","99,9,+99999,9,03,1",,"9,AGL   ,+99999,+99999","05,99,1,02,1,99,9,00800,1,99,9,99,9",,"9,9,999,9,+008,1","05,1","SYN05843057 31596 52505 10300 20258 40099 70562 82260 333 58008=",
"43057099999","2023-08-14T12:00:00","4","18.9","72.8166666","11.0","BOMBAY COLABA, IN","FM-12","99999","V020","250,1,N,0010,1","99999,9,9,N","004000,1,9,9","+0304,1","+0256,1","10077,1",,,"2,1,02,1","0,1,02,1",,,"02,1,+00800,1,06,1","99,9,+99999,9,03,1",,"9,AGL   ,+99999,+99999","05,99,1,02,1,99,9,00800,1,99,9,99,9",,"9,9,999,9,+005,1","05,1","SYN06443057 31596 52502 10304 20256 40077 70520 82530 333 10312 58005=",
"43057099999","2023-08-15T03:00:00","4","18.9","72.8166666","11.0","BOMBAY COLABA, IN","FM-12","99999","V020","250,1,N,0010,1","99999,9,9,N","004000,1,9,9","+0274,1","+0260,1","10096,1","24,0010,3,1",,"2,1,02,1","0,1,02,1",,,"02,1,+00800,1,06,1","99,9,+99999,9,03,1",,"9,AGL   ,+99999,+99999","07,99,1,02,1,99,9,00800,1,99,9,99,9","240,N,+0254,1","9,9,999,9,+005,1","21,1","SYN08643057 21596 72502 10274 20260 40096 72120 82570 333 20254 58005 6001/ 555 00012 11788=",
"43057099999","2023-08-15T12:00:00","4","18.9","72.8166666","11.0","BOMBAY COLABA, IN","FM-12","99999","V020","250,1,N,0026,1","99999,9,9,N","004000,1,9,9","+0300,1","+0258,1","10082,1","09,0000,2,1",,"2,1,02,1","2,1,02,1",,,"02,1,+00800,1,08,1","99,9,+99999,9,03,1",,"9,AGL   ,+99999,+99999","06,99,1,02,1,99,9,00800,1,99,9,99,9",,"9,9,999,9,+005,1","05,1","SYN07043057 21596 62505 10300 20258 40082 70522 82270 333 10310 58005 6990/=",
"43057099999","2023-08-16T03:00:00","4","18.9","72.8166666","11.0","BOMBAY COLABA, IN","FM-12","99999","V020","250,1,N,0010,1","99999,9,9,N","004000,1,9,9","+0282,1","+0259,1","10103,1","24,0002,3,1",,"6,1,02,1","2,1,02,1",,,"02,1,+00800,1,08,1","99,9,+99999,9,03,1",,"9,AGL   ,+99999,+99999","05,99,1,02,1,99,9,00800,1,99,9,99,9","240,N,+0265,1","9,9,999,9,+007,1","05,1","SYN08643057 21596 52502 10282 20259 40103 70562 8226/ 333 20265 58007 6992/ 555 00002 11788=",
"43057099999","2023-08-16T12:00:00","4","18.9","72.8166666","11.0","BOMBAY COLABA, IN","FM-12","99999","V020","250,1,N,0005,1","22000,1,9,N","002000,1,9,9","+0300,1","+0252,1","10085,1",,,"0,1,02,1","0,1,02,1",,,"02,1,+00800,1,08,1","99,9,+99999,9,03,1",,"9,AGL   ,+99999,+99999","04,99,1,02,1,99,9,00800,1,99,9,99,9",,"9,9,999,9,+003,1","05,1","SYN06443057 31595 42501 10300 20252 40085 70500 82260 333 10316 58003=",
"43057099999","2023-08-17T03:00:00","4","18.9","72.8166666","11.0","BOMBAY COLABA, IN","FM-12","99999","V020","999,9,C,0000,1","99999,9,9,N","004000,1,9,9","+0278,1","+0258,1","10103,1","24,0020,3,1",,"6,1,02,1","2,1,02,1",,,"02,1,+00800,1,08,1","99,9,+99999,9,03,1",,"9,AGL   ,+99999,+99999","05,99,1,02,1,99,9,00800,1,99,9,99,9","240,N,+0250,1","9,9,999,9,+000,1","05,1","SYN08643057 21596 50000 10278 20258 40103 70562 82270 333 20250 58000 6002/ 555 00016 11790=",
"43057099999","2023-08-17T12:00:00","4","18.9","72.8166666","11.0","BOMBAY COLABA, IN","FM-12","99999","V020","250,1,N,0010,1","99999,9,9,N","004000,1,9,9","+0304,1","+0256,1","10086,1","09,0020,3,1",,"6,1,02,1","2,1,02,1",,,"02,1,+00800,1,08,1","99,9,+99999,9,03,1",,"9,AGL   ,+99999,+99999","05,99,1,02,1,99,9,00800,1,99,9,99,9",,"9,9,999,9,+001,1","05,1","SYN07043057 21596 52502 10304 20256 40086 70562 82230 333 10312 58001 6002/=",
"43057099999","2023-08-18T03:00:00","4","18.9","72.8166666","11.0","BOMBAY COLABA, IN","FM-12","99999","V020","250,1,N,0010,1","99999,9,9,N","004000,1,9,9","+0288,1","+0263,1","10089,1","24,0020,3,1",,"2,1,02,1","0,1,02,1",,,"02,1,+00800,1,06,1","99,9,+99999,9,03,1",,"9,AGL   ,+99999,+99999","06,99,1,02,1,99,9,00800,1,99,9,99,9","240,N,+0265,1","9,9,999,9,-014,1","05,1","SYN08643057 21596 62502 10288 20263 40089 70520 82570 333 20265 59014 6002/ 555 00018 11792=",
"43057099999","2023-08-18T12:00:00","4","18.9","72.8166666","11.0","BOMBAY COLABA, IN","FM-12","99999","V020","270,1,N,0010,1","99999,9,9,N","004000,1,9,9","+0292,1","+0252,1","10073,1","09,0007,3,1",,"6,1,02,1","2,1,02,1",,,"02,1,+00800,1,06,1","99,9,+99999,9,03,1",,"9,AGL   ,+99999,+99999","05,99,1,02,1,99,9,00800,1,99,9,99,9",,"9,9,999,9,-013,1","05,1","SYN07043057 21596 52702 10292 20252 40073 70562 82570 333 10314 59013 6997/=",
"43057099999","2023-08-19T03:00:00","4","18.9","72.8166666","11.0","BOMBAY COLABA, IN","FM-12","99999","V020","250,1,N,0010,1","99999,9,9,N","004000,1,9,9","+0290,1","+0265,1","10075,1","24,0007,3,1",,"2,1,02,1","0,1,02,1",,,"02,1,+00800,1,06,1","99,9,+99999,9,03,1",,"9,AGL   ,+99999,+99999","06,99,1,02,1,99,9,00800,1,99,9,99,9","240,N,+0268,1","9,9,999,9,-014,1","05,1","SYN08643057 21596 62502 10290 20265 40075 70520 82570 333 20268 59014 6997/ 555 00007 11793=",
"43057099999","2023-08-19T12:00:00","4","18.9","72.8166666","11.0","BOMBAY COLABA, IN","FM-12","99999","V020","999,9,C,0000,1","99999,9,9,N","004000,1,9,9","+0268,1","+0254,1","10061,1","09,0070,3,1",,"6,1,02,1","5,1,02,1",,,"02,1,+00800,1,07,1","99,9,+99999,9,05,1",,"9,AGL   ,+99999,+99999","08,99,1,02,1,99,9,00800,1,99,9,99,9",,"9,9,999,9,-012,1","50,1","SYN07043057 21596 80000 10268 20254 40061 75065 8272/ 333 10306 59012 6007/=",
"43057099999","2023-08-20T03:00:00","4","18.9","72.8166666","11.0","BOMBAY COLABA, IN","FM-12","99999","V020","230,1,N,0015,1","99999,9,9,N","004000,1,9,9","+0282,1","+0254,1","10078,1","24,0090,3,1",,"5,1,02,1","2,1,02,1",,,"02,1,+00800,1,07,1","99,9,+99999,9,03,1",,"9,AGL   ,+99999,+99999","07,99,1,02,1,99,9,00800,1,99,9,99,9","240,N,+0255,1","9,9,999,9,+003,1","50,1","SYN08643057 21596 72303 10282 20254 40078 75052 82670 333 20255 58003 6009/ 555 00090 11801=",
"43057099999","2023-08-20T12:00:00","4","18.9","72.8166666","11.0","BOMBAY COLABA, IN","FM-12","99999","V020","270,1,N,0010,1","99999,9,9,N","004000,1,9,9","+0300,1","+0249,1","10064,1",,,"2,1,02,1","0,1,02,1",,,"02,1,+00800,1,08,1","99,9,+99999,9,03,1",,"9,AGL   ,+99999,+99999","06,99,1,02,1,99,9,00800,1,99,9,99,9",,"9,9,999,9,+003,1","05,1","SYN06443057 31596 62702 10300 20249 40064 70520 82270 333 10307 58003=",
"43057099999","2023-08-21T03:00:00","4","18.9","72.8166666","11.0","BOMBAY COLABA, IN","FM-12","99999","V020","270,1,N,0010,1","99999,9,9,N","004000,1,9,9","+0286,1","+0258,1","10083,1","24,0000,2,1",,"2,1,02,1","0,1,02,1",,,"02,1,+00800,1,08,1","99,9,+99999,9,03,1",,"9,AGL   ,+99999,+99999","05,99,1,02,1,99,9,00800,1,99,9,99,9","240,N,+0264,1","9,9,999,9,+005,1","05,1","SYN08643057 21596 52702 10286 20258 40083 70520 82270 333 20264 58005 6990/ 555 00000 11801=",
"43057099999","2023-08-21T12:00:00","4","18.9","72.8166666","11.0","BOMBAY COLABA, IN","FM-12","99999","V020","270,1,N,0010,1","22000,1,9,N","004000,1,9,9","+0290,1","+0259,1","10065,1","09,0002,3,1",,"6,1,02,1","2,1,02,1",,,"02,1,+00800,1,08,1","99,9,+99999,9,00,1",,"9,AGL   ,+99999,+99999","03,99,1,02,1,99,9,00800,1,99,9,99,9",,"9,9,999,9,+001,1","05,1","SYN07043057 21596 32702 10290 20259 40065 70562 82201 333 10318 58001 6992/=",
"43057099999","2023-08-22T03:00:00","4","18.9","72.8166666","11.0","BOMBAY COLABA, IN","FM-12","99999","V020","270,1,N,0010,1","99999,9,9,N","004000,1,9,9","+0278,1","+0261,1","10079,1","24,0030,3,1",,"6,1,02,1","2,1,02,1",,,"02,1,+00800,1,06,1","99,9,+99999,9,03,1","99,9,+99999,9,00,1","9,AGL   ,+99999,+99999","08,99,1,02,1,99,9,00800,1,99,9,99,9","240,N,+0250,1","9,9,999,9,-004,1","05,1","SYN08643057 21596 82702 10278 20261 40079 70562 82431 333 20250 59004 6003/ 555 00034 11805=",
"43057099999","2023-08-22T12:00:00","4","18.9","72.8166666","11.0","BOMBAY COLABA, IN","FM-12","99999","V020","290,1,N,0010,1","99999,9,9,N","004000,1,9,9","+0284,1","+0257,1","10068,1","09,0030,3,1",,"6,1,02,1","6,1,02,1",,,"02,1,+00800,1,08,1","99,9,+99999,9,03,1",,"9,AGL   ,+99999,+99999","06,99,1,02,1,99,9,00800,1,99,9,99,9",,"9,9,999,9,+003,1","05,1","SYN07043057 21596 62902 10284 20257 40068 70566 82270 333 10288 58003 6003/=",
"43057099999","2023-08-23T03:00:00","4","18.9","72.8166666","11.0","BOMBAY COLABA, IN","FM-12","99999","V020","270,1,N,0010,1","99999,9,9,N","004000,1,9,9","+0280,1","+0258,1","10080,1","24,0050,3,1",,"2,1,02,1","0,1,02,1",,,"02,1,+00800,1,08,1","99,9,+99999,9,03,1",,"9,AGL   ,+99999,+99999","06,99,1,02,1,99,9,00800,1,99,9,99,9","240,N,+0258,1","9,9,999,9,+001,1","21,1","SYN08643057 21596 62702 10280 20258 40080 72120 82270 333 20258 58001 6005/ 555 00054 11810=",
"43057099999","2023-08-23T12:00:00","4","18.9","72.8166666","11.0","BOMBAY COLABA, IN","FM-12","99999","V020","250,1,N,0010,1","22000,1,9,N","004000,1,9,9","+0294,1","+0251,1","10068,1","09,0010,3,1",,"6,1,02,1","2,1,02,1",,,"02,1,+00800,1,08,1","99,9,+99999,9,03,1","99,9,+99999,9,00,1","9,AGL   ,+99999,+99999","04,99,1,02,1,99,9,00800,1,99,9,99,9",,"9,9,999,9,+000,1","05,1","SYN07043057 21596 42502 10294 20251 40068 70562 82231 333 10307 58000 6001/=",
"43057099999","2023-08-24T03:00:00","4","18.9","72.8166666","11.0","BOMBAY COLABA, IN","FM-12","99999","V020","999,9,C,0000,1","99999,9,9,N","004000,1,9,9","+0276,1","+0259,1","10073,1","24,0060,3,1",,"2,1,02,1","2,1,02,1",,,"02,1,+00800,1,08,1","99,9,+99999,9,03,1",,"9,AGL   ,+99999,+99999","05,99,1,02,1,99,9,00800,1,99,9,99,9","240,N,+0250,1","9,9,999,9,-007,1","21,1","SYN08643057 21596 50000 10276 20259 40073 72122 82270 333 20250 59007 6006/ 555 00064 11817=",
"43057099999","2023-08-24T12:00:00","4","18.9","72.8166666","11.0","BOMBAY COLABA, IN","FM-12","99999","V020","230,1,N,0021,1","99999,9,9,N","004000,1,9,9","+0290,1","+0273,1","10054,1","09,0030,3,1",,"6,1,02,1","2,1,02,1",,,"02,1,+00800,1,07,1","99,9,+99999,9,03,1","99,9,+99999,9,00,1","9,AGL   ,+99999,+99999","05,99,1,02,1,99,9,00800,1,99,9,99,9","240,M,+0311,1","9,9,999,9,-014,1","05,1","SYN07043057 21596 52304 10290 20273 40054 70562 82631 333 10311 59014 6003/=",
"43057099999","2023-08-25T00:00:00","4","18.9","72.8166666","11.0","BOMBAY COLABA, IN","FM-12","99999","V020","250,1,N,0010,1","22000,1,9,N","004000,1,9,9","+0274,1","+0260,1","10049,1","21,0070,3,1",,"6,1,02,1","0,1,02,1",,,"02,1,+00800,1,08,1","99,9,+99999,9,03,1",,"9,AGL   ,+99999,+99999","04,99,1,02,1,99,9,00800,1,99,9,99,9",,"9,9,999,9,-013,1","21,1","SYN06443057 21596 42502 10274 20260 40049 72160 82230 333 59013 6007/=",
"43057099999","2023-08-25T03:00:00","4","18.9","72.8166666","11.0","BOMBAY COLABA, IN","FM-12","99999","V020","250,1,N,0010,1","99999,9,9,N","004000,1,9,9","+0284,1","+0262,1","10068,1","24,0070,3,1",,"6,1,02,1","2,1,02,1",,,"02,1,+00800,1,08,1","99,9,+99999,9,03,1",,"9,AGL   ,+99999,+99999","05,99,1,02,1,99,9,00800,1,99,9,99,9","240,N,+0255,1","9,9,999,9,-005,1","50,1","SYN08643057 21596 52502 10284 20262 40068 75062 82230 333 20255 59005 6007/ 555 00070 11824=",
"43057099999","2023-08-25T12:00:00","4","18.9","72.8166666","11.0","BOMBAY COLABA, IN","FM-12","99999","V020","270,1,N,0010,1","99999,9,9,N","004000,1,9,9","+0288,1","+0274,1","10059,1","09,0030,3,1",,"6,1,02,1","2,1,02,1",,,"02,1,+00800,1,08,1","99,9,+99999,9,03,1",,"9,AGL   ,+99999,+99999","05,99,1,02,1,99,9,00800,1,99,9,99,9",,"9,9,999,9,+005,1","05,1","SYN07043057 21596 52702 10288 20274 40059 70562 82270 333 10308 58005 6003/=",
"43057099999","2023-08-26T03:00:00","4","18.9","72.8166666","11.0","BOMBAY COLABA, IN","FM-12","99999","V020","270,1,N,0021,1","99999,9,9,N","004000,1,9,9","+0286,1","+0258,1","10081,1","24,0100,3,1",,"2,1,02,1","0,1,02,1",,,"02,1,+00800,1,06,1","99,9,+99999,9,03,1",,"9,AGL   ,+99999,+99999","06,99,1,02,1,99,9,00800,1,99,9,99,9","240,N,+0248,1","9,9,999,9,+013,1","21,1","SYN08643057 21596 62704 10286 20258 40081 72120 82570 333 20248 58013 6010/ 555 00102 11834=",
"43057099999","2023-08-26T12:00:00","4","18.9","72.8166666","11.0","BOMBAY COLABA, IN","FM-12","99999","V020","250,1,N,0026,1","99999,9,9,N","004000,1,9,9","+0274,1","+0260,1","10074,1","09,0160,3,1",,"6,1,02,1","2,1,02,1",,,"02,1,+00800,1,08,1","99,9,+99999,9,03,1",,"9,AGL   ,+99999,+99999","07,99,1,02,1,99,9,00800,1,99,9,99,9",,"9,9,999,9,+015,1","21,1","SYN07043057 21596 72505 10274 20260 40074 72162 82270 333 10308 58015 6016/=",
"43057099999","2023-08-27T00:00:00","4","18.9","72.8166666","11.0","BOMBAY COLABA, IN","FM-12","99999","V020","250,1,N,0010,1","99999,9,9,N","002000,1,9,9","+0266,1","+0255,1","10080,1","21,0230,3,1",,"6,1,02,1","1,1,02,1",,,"02,1,+00800,1,07,1","99,9,+99999,9,03,1",,"9,AGL   ,+99999,+99999","07,99,1,02,1,99,9,00800,1,99,9,99,9",,"9,9,999,9,+016,1","62,1","SYN06443057 21595 72502 10266 20255 40080 76261 82730 333 58016 6023/=",
"43057099999","2023-08-27T03:00:00","4","18.9","72.8166666","11.0","BOMBAY COLABA, IN","FM-12","99999","V020","250,1,N,0010,1","99999,9,9,N","004000,1,9,9","+0274,1","+0260,1","10100,1","24,0140,3,1",,"6,1,02,1","4,1,02,1",,,"02,1,+00800,1,07,1","99,9,+99999,9,03,1",,"9,AGL   ,+99999,+99999","06,99,1,02,1,99,9,00800,1,99,9,99,9","240,N,+0245,1","9,9,999,9,+019,1","05,1","SYN08643057 21596 62502 10274 20260 40100 70564 82670 333 20245 58019 6014/ 555 00136 11858=",
"43057099999","2023-08-27T09:00:00","4","18.9","72.8166666","11.0","BOMBAY COLABA, IN","FM-12","99999","V020","250,1,N,0015,1","99999,9,9,N","004000,1,9,9","+0316,1","+0260,1","10084,1",,,"2,1,02,1","0,1,02,1",,,"02,1,+00800,1,08,1","99,9,+99999,9,03,1","99,9,+99999,9,00,1","9,AGL   ,+99999,+99999","05,99,1,02,1,99,9,00800,1,99,9,99,9",,"9,9,999,9,+010,1","05,1","SYN05843057 31596 52503 10316 20260 40084 70520 82231 333 58010=",
"43057099999","2023-08-27T12:00:00","4","18.9","72.8166666","11.0","BOMBAY COLABA, IN","FM-12","99999","V020","230,1,N,0010,1","99999,9,9,N","004000,1,9,9","+0286,1","+0258,1","10076,1","09,0000,9,1",,"5,1,02,1","2,1,02,1",,,"02,1,+00800,1,06,1","99,9,+99999,9,03,1","99,9,+99999,9,00,1","9,AGL   ,+99999,+99999","06,99,1,02,1,99,9,00800,1,99,9,99,9",,"9,9,999,9,+002,1","05,1","SYN07043057 21596 62302 10286 20258 40076 70552 82531 333 10320 58002 6990/=","Q01  00002PRCP09"
"43057099999","2023-08-28T03:00:00","4","18.9","72.8166666","11.0","BOMBAY COLABA, IN","FM-12","99999","V020","250,1,N,0010,1","99999,9,9,N","004000,1,9,9","+0266,1","+0255,1","10097,1","24,0140,3,1",,"6,1,02,1","2,1,02,1",,,"02,1,+00800,1,08,1","99,9,+99999,9,03,1",,"9,AGL   ,+99999,+99999","06,99,1,02,1,99,9,00800,1,99,9,99,9","240,N,+0244,1","9,9,999,9,-003,1","05,1","SYN08643057 21596 62502 10266 20255 40097 70562 82270 333 20244 59003 6014/ 555 00142 11872=",
"43057099999","2023-08-28T12:00:00","4","18.9","72.8166666","11.0","BOMBAY COLABA, IN","FM-12","99999","V020","250,1,N,0015,1","99999,9,9,N","004000,1,9,9","+0274,1","+0263,1","10075,1","09,0050,3,1",,"6,1,02,1","2,1,02,1",,,"02,1,+00800,1,08,1","99,9,+99999,9,03,1",,"9,AGL   ,+99999,+99999","06,99,1,02,1,99,9,00800,1,99,9,99,9",,"9,9,999,9,-001,1","21,1","SYN07043057 21596 62503 10274 20263 40075 72162 82270 333 10317 59001 6005/=",
"43057099999","2023-08-29T03:00:00","4","18.9","72.8166666","11.0","BOMBAY COLABA, IN","FM-12","99999","V020","999,9,C,0000,1","99999,9,9,N","004000,1,9,9","+0270,1","+0256,1","10090,1","24,0070,3,1",,"6,1,02,1","2,1,02,1",,,"02,1,+00800,1,08,1","99,9,+99999,9,03,1",,"9,AGL   ,+99999,+99999","05,99,1,02,1,99,9,00800,1,99,9,99,9","240,N,+0252,1","9,9,999,9,-007,1","60,1","SYN08643057 21596 50000 10270 20256 40090 76062 82260 333 20252 59007 6007/ 555 00072 11869=",
"43057099999","2023-08-29T06:00:00","4","18.9","72.8166666","11.0","BOMBAY COLABA, IN","FM-12","99999","V020","999,9,C,0000,1","22000,1,9,N","004000,1,9,9","+0310,1","+0247,1","10096,1",,,"6,1,02,1","2,1,02,1",,,"02,1,+00800,1,08,1","99,9,+99999,9,03,1",,"9,AGL   ,+99999,+99999","04,99,1,02,1,99,9,00800,1,99,9,99,9",,"9,9,999,9,-006,1","05,1","SYN05843057 31596 40000 10310 20247 40096 70562 82260 333 59006=",
"43057099999","2023-08-29T12:00:00","4","18.9","72.8166666","11.0","BOMBAY COLABA, IN","FM-12","99999","V020","999,9,C,0000,1","22000,1,9,N","004000,1,9,9","+0302,1","+0245,1","10072,1",,,"0,1,02,1","0,1,02,1",,,"01,1,+00800,1,08,1",,,"9,AGL   ,+99999,+99999","01,99,1,01,1,99,9,00800,1,99,9,99,9",,"9,9,999,9,-003,1","05,1","SYN06443057 31596 10000 10302 20245 40072 70500 81200 333 10322 59003=",
"43057099999","2023-08-30T03:00:00","4","18.9","72.8166666","11.0","BOMBAY COLABA, IN","FM-12","99999","V020","999,9,C,0000,1","99999,9,9,N","004000,1,9,9","+0284,1","+0259,1","10105,1",,,"2,1,02,1","0,1,02,1",,,"02,1,+00800,1,08,1","99,9,+99999,9,03,1","99,9,+99999,9,00,1","9,AGL   ,+99999,+99999","05,99,1,02,1,99,9,00800,1,99,9,99,9","240,N,+0255,1","9,9,999,9,+015,1","05,1","SYN07443057 31596 50000 10284 20259 40105 70520 82231 333 20255 58015 555 11869=",
"43057099999","2023-08-30T12:00:00","4","18.9","72.8166666","11.0","BOMBAY COLABA, IN","FM-12","99999","V020","250,1,N,0010,1","22000,1,9,N","004000,1,9,9","+0308,1","+0248,1","10078,1",,,"0,1,02,1","0,1,02,1",,,"01,1,+00800,1,08,1","99,9,+99999,9,03,1",,"9,AGL   ,+99999,+99999","02,99,1,01,1,99,9,00800,1,99,9,99,9",,"9,9,999,9,+006,1","05,1","SYN06443057 31596 22502 10308 20248 40078 70500 81230 333 10326 58006=",
"43057099999","2023-08-31T03:00:00","4","18.9","72.8166666","11.0","BOMBAY COLABA, IN","FM-12","99999","V020","250,1,N,0010,1","22000,1,9,N","004000,1,9,9","+0276,1","+0253,1","10104,1",,,"0,1,02,1","0,1,02,1",,,"01,1,+00800,1,08,1","99,9,+99999,9,03,1",,"9,AGL   ,+99999,+99999","02,99,1,01,1,99,9,00800,1,99,9,99,9","240,N,+0262,1","9,9,999,9,-001,1","05,1","SYN07443057 31596 22502 10276 20253 40104 70500 81230 333 20262 59001 555 11869=",
"43057099999","2023-08-31T12:00:00","4","18.9","72.8166666","11.0","BOMBAY COLABA, IN","FM-12","99999","V020","999,9,C,0000,1","22000,1,9,N","004000,1,9,9","+0302,1","+0251,1","10071,1",,,"0,1,02,1","0,1,02,1",,,"01,1,+00800,1,00,1",,,"9,AGL   ,+99999,+99999","01,99,1,01,1,99,9,00800,1,99,9,99,9","240,M,+0320,1","9,9,999,9,-007,1","05,1","SYN06443057 31596 10000 10302 20251 40071 70500 81001 333 10320 59007=",
"43057099999","2023-09-01T03:00:00","4","18.9","72.8166666","11.0","BOMBAY COLABA, IN","FM-12","99999","V020","999,9,C,0000,1","99999,9,9,N","004000,1,9,9","+0286,1","+0269,1","10102,1","24,0006,3,1",,"6,1,02,1","2,1,02,1",,,"02,1,+00800,1,08,1","99,9,+99999,9,03,1","99,9,+99999,9,00,1","9,AGL   ,+99999,+99999","05,99,1,02,1,99,9,00800,1,99,9,99,9","240,N,+0264,1","9,9,999,9,-002,1","05,1","SYN08643057 21596 50000 10286 20269 40102 70562 82231 333 20264 59002 6996/ 555 00006 11870=",
"43057099999","2023-09-01T12:00:00","4","18.9","72.8166666","11.0","BOMBAY COLABA, IN","FM-12","99999","V020","290,1,N,0010,1","22000,1,9,N","004000,1,9,9","+0310,1","+0268,1","10066,1",,,"0,1,02,1","0,1,02,1",,,"01,1,+00800,1,08,1","99,9,+99999,9,03,1",,"9,AGL   ,+99999,+99999","02,99,1,01,1,99,9,00800,1,99,9,99,9",,"9,9,999,9,-005,1","05,1","SYN06443057 31596 22902 10310 20268 40066 70500 81230 333 10322 59005=",
"43057099999","2023-09-02T03:00:00","4","18.9","72.8166666","11.0","BOMBAY COLABA, IN","FM-12","99999","V020","999,9,C,0000,1","99999,9,9,N","002000,1,9,9","+0256,1","+0241,1","10102,1","24,0530,3,1",,"6,1,02,1","5,1,02,1",,,"02,1,+00800,1,07,1","99,9,+99999,9,05,1",,"9,AGL   ,+99999,+99999","08,99,1,02,1,99,9,00800,1,99,9,99,9","240,N,+0246,1","9,9,999,9,+000,1","62,1","SYN08643057 21595 80000 10256 20241 40102 76265 8272/ 333 20246 58000 6053/ 555 00534 11923=",
"43057099999","2023-09-02T12:00:00","4","18.9","72.8166666","11.0","BOMBAY COLABA, IN","FM-12","99999","V020","999,9,C,0000,1","99999,9,9,N","004000,1,9,9","+0280,1","+0260,1","10073,1","09,0310,3,1",,"2,1,02,1","2,1,02,1",,,"02,1,+00800,1,07,1","99,9,+99999,9,03,1",,"9,AGL   ,+99999,+99999","07,99,1,02,1,99,9,00800,1,99,9,99,9",,"9,9,999,9,+007,1","05,1","SYN07043057 21596 70000 10280 20260 40073 70522 82670 333 10280 58007 6031/=",
"43057099999","2023-09-03T03:00:00","4","18.9","72.8166666","11.0","BOMBAY COLABA, IN","FM-12","99999","V020","999,9,C,0000,1","99999,9,9,N","002000,1,9,9","+0254,1","+0245,1","10092,1","24,0350,3,1",,"6,1,02,1","5,1,02,1",,,"03,1,+00800,1,07,1","99,9,+99999,9,05,1",,"9,AGL   ,+99999,+99999","08,99,1,03,1,99,9,00800,1,99,9,99,9","240,N,+0243,1","9,9,999,9,-010,1","61,1","SYN08643057 21595 80000 10254 20245 40092 76165 8372/ 333 20243 59010 6035/ 555 00348 11958=",
"43057099999","2023-09-03T12:00:00","4","18.9","72.8166666","11.0","BOMBAY COLABA, IN","FM-12","99999","V020","999,9,C,0000,1","99999,9,9,N","004000,1,9,9","+0266,1","+0243,1","10067,1","09,0004,3,1",,"2,1,02,1","0,1,02,1",,,"02,1,+00800,1,07,1","99,9,+99999,9,03,1",,"9,AGL   ,+99999,+99999","07,99,1,02,1,99,9,00800,1,99,9,99,9",,"9,9,999,9,-006,1","50,1","SYN07043057 21596 70000 10266 20243 40067 75020 82670 333 10272 59006 6994/=",
"43057099999","2023-09-04T03:00:00","4","18.9","72.8166666","11.0","BOMBAY COLABA, IN","FM-12","99999","V020","999,9,C,0000,1","99999,9,9,N","004000,1,9,9","+0260,1","+0246,1","10070,1","24,0060,3,1",,"2,1,02,1","2,1,02,1",,,"02,1,+00800,1,08,1","99,9,+99999,9,03,1",,"9,AGL   ,+99999,+99999","07,99,1,02,1,99,9,00800,1,99,9,99,9","240,N,+0235,1","9,9,999,9,-014,1","05,1","SYN08643057 21596 70000 10260 20246 40070 70522 82270 333 20235 59014 6006/ 555 00056 11963=",
"43057099999","2023-09-04T12:00:00","4","18.9","72.8166666","11.0","BOMBAY COLABA, IN","FM-12","99999","V020","999,9,C,0000,1","22000,1,9,N","004000,1,9,9","+0300,1","+0249,1","10050,1",,,"0,1,02,1","0,1,02,1",,,"01,1,+00800,1,08,1","99,9,+99999,9,03,1",,"9,AGL   ,+99999,+99999","02,99,1,01,1,99,9,00800,1,99,9,99,9",,"9,9,999,9,-017,1","05,1","SYN06443057 31596 20000 10300 20249 40050 70500 81230 333 10312 59017=",
"43057099999","2023-09-05T03:00:00","4","18.9","72.8166666","11.0","BOMBAY COLABA, IN","FM-12","99999","V020","999,9,C,0000,1","22000,1,9,N","004000,1,9,9","+0274,1","+0257,1","10077,1",,,"0,1,02,1","0,1,02,1",,,"01,1,+00800,1,08,1","99,9,+99999,9,03,1",,"9,AGL   ,+99999,+99999","02,99,1,01,1,99,9,00800,1,99,9,99,9","240,N,+0250,1","9,9,999,9,-001,1","05,1","SYN07443057 31596 20000 10274 20257 40077 70500 81230 333 20250 59001 555 11963=",
"43057099999","2023-09-05T12:00:00","4","18.9","72.8166666","11.0","BOMBAY COLABA, IN","FM-12","99999","V020","999,9,C,0000,1","22000,1,9,N","004000,1,9,9","+0298,1","+0244,1","10040,1",,,"0,1,02,1","0,1,02,1",,,"01,1,+00800,1,08,1","99,9,+99999,9,00,1",,"9,AGL   ,+99999,+99999","02,99,1,01,1,99,9,00800,1,99,9,99,9",,"9,9,999,9,-012,1","05,1","SYN06443057 31596 20000 10298 20244 40040 70500 81201 333 10317 59012=",
"43057099999","2023-09-06T03:00:00","4","18.9","72.8166666","11.0","BOMBAY COLABA, IN","FM-12","99999","V020","999,9,C,0000,1","22000,1,9,N","004000,1,9,9","+0284,1","+0259,1","10072,1",,,"0,1,02,1","0,1,02,1",,,"02,1,+00800,1,08,1","99,9,+99999,9,03,1","99,9,+99999,9,00,1","9,AGL   ,+99999,+99999","04,99,1,02,1,99,9,00800,1,99,9,99,9","240,N,+0259,1","9,9,999,9,-005,1","05,1","SYN07443057 31596 40000 10284 20259 40072 70500 82231 333 20259 59005 555 11963=",
"43057099999","2023-09-07T03:00:00","4","18.9","72.8166666","11.0","BOMBAY COLABA, IN","FM-12","99999","V020","999,9,C,0000,1","99999,9,9,N","004000,1,9,9","+0270,1","+0258,1","10068,1","24,0030,3,1",,"6,1,02,1","2,1,02,1",,,"02,1,+00800,1,07,1","99,9,+99999,9,05,1",,"9,AGL   ,+99999,+99999","08,99,1,02,1,99,9,00800,1,99,9,99,9","240,N,+0255,1","9,9,999,9,-004,1","61,1","SYN08643057 21596 80000 10270 20258 40068 76162 8272/ 333 20255 59004 6003/ 555 00030 11966=",
"43057099999","2023-09-07T12:00:00","4","18.9","72.8166666","11.0","BOMBAY COLABA, IN","FM-12","99999","V020","999,9,C,0000,1","99999,9,9,N","002000,1,9,9","+0252,1","+0240,1","10047,1","09,0440,3,1",,"9,1,02,1","6,1,02,1",,,"02,1,+00800,1,09,1","99,9,+99999,9,05,1",,"9,AGL   ,+99999,+99999","08,99,1,02,1,99,9,00800,1,99,9,99,9","240,M,+0270,1","9,9,999,9,+003,1","61,1","SYN07043057 21595 80000 10252 20240 40047 76196 8232/ 333 10270 58003 6044/=",
"43057099999","2023-09-08T03:00:00","4","18.9","72.8166666","11.0","BOMBAY COLABA, IN","FM-12","99999","V020","999,9,C,0000,1","99999,9,9,N","002000,1,9,9","+0276,1","+0259,1","10065,1","24,0500,3,1",,"6,1,02,1","2,1,02,1",,,"02,1,+00800,1,07,1","99,9,+99999,9,03,1",,"9,AGL   ,+99999,+99999","07,99,1,02,1,99,9,00800,1,99,9,99,9","240,N,+0242,1","9,9,999,9,-003,1","50,1","SYN08643057 21595 70000 10276 20259 40065 75062 82670 333 20242 59003 6050/ 555 00504 12017=",
"43057099999","2023-09-08T12:00:00","4","18.9","72.8166666","11.0","BOMBAY COLABA, IN","FM-12","99999","V020","999,9,C,0000,1","99999,9,9,N","004000,1,9,9","+0260,1","+0246,1","10057,1","09,0460,3,1",,"6,1,02,1","6,1,02,1",,,"04,1,+00800,1,07,1","99,9,+99999,9,05,1",,"9,AGL   ,+99999,+99999","08,99,1,04,1,99,9,00800,1,99,9,99,9",,"9,9,999,9,+012,1","61,1","SYN07043057 21596 80000 10260 20246 40057 76166 8472/ 333 10277 58012 6046/=",
"43057099999","2023-09-09T03:00:00","4","18.9","72.8166666","11.0","BOMBAY COLABA, IN","FM-12","99999","V020","999,9,C,0000,1","99999,9,9,N","004000,1,9,9","+0274,1","+0260,1","10074,1","24,0530,3,1",,"6,1,02,1","2,1,02,1",,,"02,1,+00800,1,07,1","99,9,+99999,9,05,1",,"9,AGL   ,+99999,+99999","08,99,1,02,1,99,9,00800,1,99,9,99,9","240,N,+0240,1","9,9,999,9,+009,1","61,1","SYN08643057 21596 80000 10274 20260 40074 76162 8272/ 333 20240 58009 6053/ 555 00528 12069=",
"43057099999","2023-09-09T12:00:00","4","18.9","72.8166666","11.0","BOMBAY COLABA, IN","FM-12","99999","V020","999,9,C,0000,1","99999,9,9,N","004000,1,9,9","+0294,1","+0269,1","10050,1","09,0040,3,1",,"5,1,02,1","2,1,02,1",,,"02,1,+00800,1,08,1","99,9,+99999,9,03,1","99,9,+99999,9,00,1","9,AGL   ,+99999,+99999","05,99,1,02,1,99,9,00800,1,99,9,99,9",,"9,9,999,9,-007,1","20,1","SYN07043057 21596 50000 10294 20269 40050 72052 82231 333 10304 59007 6004/=",
"43057099999","2023-09-10T03:00:00","4","18.9","72.8166666","11.0","BOMBAY COLABA, IN","FM-12","99999","V020","999,9,C,0000,1","22000,1,9,N","004000,1,9,9","+0288,1","+0269,1","10071,1","24,0050,3,1",,"2,1,02,1","2,1,02,1",,,"01,1,+00800,1,08,1","99,9,+99999,9,00,1",,"9,AGL   ,+99999,+99999","02,99,1,01,1,99,9,00800,1,99,9,99,9","240,N,+0265,1","9,9,999,9,-003,1","05,1","SYN08643057 21596 20000 10288 20269 40071 70522 81201 333 20265 59003 6005/ 555 00048 12074=",
"43057099999","2023-09-10T12:00:00","4","18.9","72.8166666","11.0","BOMBAY COLABA, IN","FM-12","99999","V020","250,1,N,0005,1","22000,1,9,N","004000,1,9,9","+0300,1","+0264,1","10051,1","09,0000,2,1",,"5,1,02,1","0,1,02,1",,,"02,1,+00800,1,08,1","99,9,+99999,9,03,1","99,9,+99999,9,00,1","9,AGL   ,+99999,+99999","04,99,1,02,1,99,9,00800,1,99,9,99,9",,"9,9,999,9,+001,1","20,1","SYN07043057 21596 42501 10300 20264 40051 72050 82231 333 10322 58001 6990/=",
"43057099999","2023-09-11T03:00:00","4","18.9","72.8166666","11.0","BOMBAY COLABA, IN","FM-12","99999","V020","999,9,C,0000,1","22000,1,9,N","004000,1,9,9","+0290,1","+0241,1","10075,1","24,0000,2,1",,"0,1,02,1","0,1,02,1",,,"01,1,+00800,1,08,1","99,9,+99999,9,03,1",,"9,AGL   ,+99999,+99999","03,99,1,01,1,99,9,00800,1,99,9,99,9","240,N,+0256,1","9,9,999,9,+004,1","05,1","SYN08043057 21596 30000 10290 20241 40075 70500 81230 333 20256 58004 6990/ 555 12074=",
"43057099999","2023-09-11T12:00:00","4","18.9","72.8166666","11.0","BOMBAY COLABA, IN","FM-12","99999","V020","999,9,C,0000,1","22000,1,9,N","004000,1,9,9","+0300,1","+0258,1","10057,1","09,0004,3,1",,"5,1,02,1","4,1,02,1",,,"02,1,+00800,1,08,1","99,9,+99999,9,03,1",,"9,AGL   ,+99999,+99999","04,99,1,02,1,99,9,00800,1,99,9,99,9",,"9,9,999,9,+006,1","05,1","SYN07043057 21596 40000 10300 20258 40057 70554 82230 333 10320 58006 6994/=",
"43057099999","2023-09-12T03:00:00","4","18.9","72.8166666","11.0","BOMBAY COLABA, IN","FM-12","99999","V020","999,9,C,0000,1","22000,1,9,N","004000,1,9,9","+0284,1","+0262,1","10081,1","24,0006,3,1",,"6,1,02,1","2,1,02,1",,,"02,1,+00800,1,09,1","99,9,+99999,9,03,1",,"9,AGL   ,+99999,+99999","04,99,1,02,1,99,9,00800,1,99,9,99,9","240,N,+0260,1","9,9,999,9,+006,1","05,1","SYN08643057 21596 40000 10284 20262 40081 70562 82330 333 20260 58006 6996/ 555 00006 12075=",
"43057099999","2023-09-12T12:00:00","4","18.9","72.8166666","11.0","BOMBAY COLABA, IN","FM-12","99999","V020","270,1,N,0005,1","99999,9,9,N","004000,1,9,9","+0306,1","+0249,1","10064,1",,,"2,1,02,1","2,1,02,1",,,"02,1,+00800,1,08,1","99,9,+99999,9,03,1","99,9,+99999,9,00,1","9,AGL   ,+99999,+99999","05,99,1,02,1,99,9,00800,1,99,9,99,9",,"9,9,999,9,+007,1","05,1","SYN06443057 31596 52701 10306 20249 40064 70522 82231 333 10330 58007=",
"43057099999","2023-09-13T03:00:00","4","18.9","72.8166666","11.0","BOMBAY COLABA, IN","FM-12","99999","V020","999,9,C,0000,1","22000,1,9,N","004000,1,9,9","+0290,1","+0259,1","10078,1",,,"0,1,02,1","0,1,02,1",,,"02,1,+00800,1,08,1","99,9,+99999,9,00,1",,"9,AGL   ,+99999,+99999","03,99,1,02,1,99,9,00800,1,99,9,99,9","240,N,+0266,1","9,9,999,9,-003,1","05,1","SYN07443057 31596 30000 10290 20259 40078 70500 82201 333 20266 59003 555 12075=",
"43057099999","2023-09-13T12:00:00","4","18.9","72.8166666","11.0","BOMBAY COLABA, IN","FM-12","99999","V020","250,1,N,0010,1","22000,1,9,N","004000,1,9,9","+0306,1","+0255,1","10050,1","09,0000,9,1",,"5,1,02,1","0,1,02,1",,,"02,1,+00800,1,08,1","99,9,+99999,9,00,1",,"9,AGL   ,+99999,+99999","03,99,1,02,1,99,9,00800,1,99,9,99,9",,"9,9,999,9,-014,1","05,1","SYN07043057 21596 32502 10306 20255 40050 70550 82201 333 10332 59014 6990/=","Q01  00002PRCP09"
"43057099999","2023-09-14T03:00:00","4","18.9","72.8166666","11.0","BOMBAY COLABA, IN","FM-12","99999","V020","999,9,C,0000,1","22000,1,9,N","004000,1,9,9","+0286,1","+0264,1","10081,1","24,0000,9,1",,"2,1,02,1","0,1,02,1",,,"02,1,+00800,1,08,1","99,9,+99999,9,03,1","99,9,+99999,9,00,1","9,AGL   ,+99999,+99999","04,99,1,02,1,99,9,00800,1,99,9,99,9","240,N,+0266,1","9,9,999,9,+003,1","05,1","SYN08043057 21596 40000 10286 20264 40081 70520 82231 333 20266 58003 6990/ 555 12075=","Q01  00002PRCP24"
"43057099999","2023-09-14T12:00:00","4","18.9","72.8166666","11.0","BOMBAY COLABA, IN","FM-12","99999","V020","999,9,C,0000,1","99999,9,9,9","004000,1,9,9","+0276,1","+0250,1","10055,1",,,"5,1,99,9","2,1,99,9",,,"02,1,+00600,1,07,1","99,9,+99999,9,05,1","99,9,+99999,9,10,1","9,AGL   ,+99999,+99999","08,99,1,02,1,99,9,00600,1,99,9,99,9",,"9,9,999,9,+005,1","50,1","SYN004BUFR",
"43057099999","2023-09-15T03:00:00","4","18.9","72.8166666","11.0","BOMBAY COLABA, IN","FM-12","99999","V020","270,1,N,0010,1","22000,1,9,N","004000,1,9,9","+0274,1","+0254,1","10076,1","24,0000,2,1",,"0,1,02,1","0,1,02,1",,,"02,1,+00800,1,08,1","99,9,+99999,9,00,1",,"9,AGL   ,+99999,+99999","03,99,1,02,1,99,9,00800,1,99,9,99,9","240,N,+0254,1","9,9,999,9,-005,1","05,1","SYN08643057 21596 32702 10274 20254 40076 70500 82201 333 20254 59005 6990/ 555 00000 12075=",
"43057099999","2023-09-15T12:00:00","4","18.9","72.8166666","11.0","BOMBAY COLABA, IN","FM-12","99999","V020","250,1,N,0010,1","22000,1,9,N","004000,1,9,9","+0310,1","+0260,1","10057,1","09,0002,3,1",,"0,1,02,1","0,1,02,1",,,"02,1,+00800,1,08,1","99,9,+99999,9,03,1",,"9,AGL   ,+99999,+99999","03,99,1,02,1,99,9,00800,1,99,9,99,9",,"9,9,999,9,+002,1","05,1","SYN07043057 21596 32502 10310 20260 40057 70500 82230 333 10326 58002 6992/=",
"43057099999","2023-09-16T03:00:00","4","18.9","72.8166666","11.0","BOMBAY COLABA, IN","FM-12","99999","V020","250,1,N,0015,1","22000,1,9,N","004000,1,9,9","+0280,1","+0260,1","10071,1","24,0020,3,1",,"6,1,02,1","0,1,02,1",,,"02,1,+00800,1,08,1","99,9,+99999,9,03,1",,"9,AGL   ,+99999,+99999","04,99,1,02,1,99,9,00800,1,99,9,99,9","240,N,+0260,1","9,9,999,9,-005,1","21,1","SYN08643057 21596 42503 10280 20260 40071 72160 82270 333 20260 59005 6002/ 555 00024 12077=",
"43057099999","2023-09-16T06:00:00","4","18.9","72.8166666","11.0","BOMBAY COLABA, IN","FM-12","99999","V020","250,1,N,0015,1","22000,1,9,N","004000,1,9,9","+0294,1","+0263,1","10075,1",,,"2,1,02,1","0,1,02,1",,,"02,1,+00800,1,08,1","99,9,+99999,9,03,1",,"9,AGL   ,+99999,+99999","03,99,1,02,1,99,9,00800,1,99,9,99,9",,"9,9,999,9,-008,1","05,1","SYN05843057 31596 32503 10294 20263 40075 70520 82270 333 59008=",
"43057099999","2023-09-16T12:00:00","4","18.9","72.8166666","11.0","BOMBAY COLABA, IN","FM-12","99999","V020","250,1,N,0010,1","99999,9,9,N","004000,1,9,9","+0290,1","+0265,1","10053,1",,,"2,1,02,1","2,1,02,1",,,"02,1,+00800,1,08,1","99,9,+99999,9,03,1",,"9,AGL   ,+99999,+99999","07,99,1,02,1,99,9,00800,1,99,9,99,9",,"9,9,999,9,-018,1","05,1","SYN06443057 31596 72502 10290 20265 40053 70522 82270 333 10298 59018=",
"43057099999","2023-09-17T03:00:00","4","18.9","72.8166666","11.0","BOMBAY COLABA, IN","FM-12","99999","V020","250,1,N,0010,1","99999,9,9,N","004000,1,9,9","+0284,1","+0256,1","10066,1","24,0020,3,1",,"2,1,02,1","2,1,02,1",,,"02,1,+00800,1,06,1","99,9,+99999,9,03,1",,"9,AGL   ,+99999,+99999","05,99,1,02,1,99,9,00800,1,99,9,99,9","240,N,+0245,1","9,9,999,9,-005,1","05,1","SYN08643057 21596 52502 10284 20256 40066 70522 82570 333 20245 59005 6002/ 555 00018 12079=",
"43057099999","2023-09-17T12:00:00","4","18.9","72.8166666","11.0","BOMBAY COLABA, IN","FM-12","99999","V020","250,1,N,0010,1","99999,9,9,N","002000,1,9,9","+0292,1","+0252,1","10039,1",,,"2,1,02,1","2,1,02,1",,,"02,1,+00800,1,08,1","99,9,+99999,9,03,1",,"9,AGL   ,+99999,+99999","07,99,1,02,1,99,9,00800,1,99,9,99,9",,"9,9,999,9,-014,1","05,1","SYN06443057 31595 72502 10292 20252 40039 70522 82270 333 10314 59014=",
"43057099999","2023-09-18T03:00:00","4","18.9","72.8166666","11.0","BOMBAY COLABA, IN","FM-12","99999","V020","250,1,N,0015,1","99999,9,9,N","004000,1,9,9","+0282,1","+0265,1","10055,1","24,0150,3,1",,"6,1,02,1","5,1,02,1",,,"02,1,+00800,1,06,1","99,9,+99999,9,03,1",,"9,AGL   ,+99999,+99999","05,99,1,02,1,99,9,00800,1,99,9,99,9","240,N,+0240,1","9,9,999,9,-011,1","05,1","SYN08643057 21596 52503 10282 20265 40055 70565 82570 333 20240 59011 6015/ 555 00152 12094=",
"43057099999","2023-09-18T12:00:00","4","18.9","72.8166666","11.0","BOMBAY COLABA, IN","FM-12","99999","V020","250,1,N,0026,1","99999,9,9,N","004000,1,9,9","+0280,1","+0263,1","10039,1","09,0030,3,1",,"6,1,02,1","5,1,02,1",,,"02,1,+00800,1,08,1","99,9,+99999,9,03,1","99,9,+99999,9,00,1","9,AGL   ,+99999,+99999","06,99,1,02,1,99,9,00800,1,99,9,99,9",,"9,9,999,9,+000,1","21,1","SYN07043057 21596 62505 10280 20263 40039 72165 82231 333 10312 58000 6003/=",
"43057099999","2023-09-19T03:00:00","4","18.9","72.8166666","11.0","BOMBAY COLABA, IN","FM-12","99999","V020","999,9,C,0000,1","99999,9,9,N","004000,1,9,9","+0274,1","+0257,1","10073,1","24,0060,3,1",,"6,1,02,1","5,1,02,1",,,"02,1,+00800,1,06,1","99,9,+99999,9,03,1","99,9,+99999,9,00,1","9,AGL   ,+99999,+99999","05,99,1,02,1,99,9,00800,1,99,9,99,9","240,N,+0254,1","9,9,999,9,+018,1","21,1","SYN08643057 21596 50000 10274 20257 40073 72165 82531 333 20254 58018 6006/ 555 00056 12100=",
"43057099999","2023-09-19T12:00:00","4","18.9","72.8166666","11.0","BOMBAY COLABA, IN","FM-12","99999","V020","250,1,N,0010,1","22000,1,9,N","004000,1,9,9","+0300,1","+0272,1","10057,1","09,0008,3,1",,"5,1,02,1","0,1,02,1",,,"02,1,+00800,1,08,1","99,9,+99999,9,03,1",,"9,AGL   ,+99999,+99999","03,99,1,02,1,99,9,00800,1,99,9,99,9",,"9,9,999,9,+018,1","05,1","SYN07043057 21596 32502 10300 20272 40057 70550 82230 333 10316 58018 6998/=",
"43057099999","2023-09-20T03:00:00","4","18.9","72.8166666","11.0","BOMBAY COLABA, IN","FM-12","99999","V020","999,9,C,0000,1","22000,1,9,N","004000,1,9,9","+0282,1","+0262,1","10077,1","24,0150,3,1",,"6,1,02,1","5,1,02,1",,,"01,1,+00800,1,08,1","99,9,+99999,9,03,1","99,9,+99999,9,00,1","9,AGL   ,+99999,+99999","03,99,1,01,1,99,9,00800,1,99,9,99,9","240,N,+0255,1","9,9,999,9,+004,1","21,1","SYN08643057 21596 30000 10282 20262 40077 72165 81231 333 20255 58004 6015/ 555 00154 12115=",
"43057099999","2023-09-20T12:00:00","4","18.9","72.8166666","11.0","BOMBAY COLABA, IN","FM-12","99999","V020","999,9,C,0000,1","99999,9,9,N","004000,1,9,9","+0282,1","+0265,1","10054,1","09,0070,3,1",,"6,1,02,1","5,1,02,1",,,"02,1,+00800,1,08,1","99,9,+99999,9,03,1",,"9,AGL   ,+99999,+99999","07,99,1,02,1,99,9,00800,1,99,9,99,9",,"9,9,999,9,-003,1","21,1","SYN07043057 21596 70000 10282 20265 40054 72165 82270 333 10308 59003 6007/=",
"43057099999","2023-09-21T03:00:00","4","18.9","72.8166666","11.0","BOMBAY COLABA, IN","FM-12","99999","V020","999,9,C,0000,1","22000,1,9,N","004000,1,9,9","+0274,1","+0257,1","10084,1","24,0200,3,1",,"6,1,02,1","5,1,02,1",,,"02,1,+00800,1,08,1","99,9,+99999,9,03,1","99,9,+99999,9,00,1","9,AGL   ,+99999,+99999","04,99,1,02,1,99,9,00800,1,99,9,99,9","240,N,+0250,1","9,9,999,9,+007,1","05,1","SYN08643057 21596 40000 10274 20257 40084 70565 82231 333 20250 58007 6020/ 555 00204 12136=",
"43057099999","2023-09-21T12:00:00","4","18.9","72.8166666","11.0","BOMBAY COLABA, IN","FM-12","99999","V020","999,9,C,0000,1","99999,9,9,N","004000,1,9,9","+0290,1","+0273,1","10064,1","09,0006,3,1",,"6,1,02,1","5,1,02,1",,,"02,1,+00800,1,08,1","99,9,+99999,9,03,1",,"9,AGL   ,+99999,+99999","06,99,1,02,1,99,9,00800,1,99,9,99,9",,"9,9,999,9,+010,1","21,1","SYN07043057 21596 60000 10290 20273 40064 72165 82270 333 10322 58010 6996/=",
"43057099999","2023-09-22T03:00:00","4","18.9","72.8166666","11.0","BOMBAY COLABA, IN","FM-12","99999","V020","999,9,C,0000,1","99999,9,9,N","004000,1,9,9","+0268,1","+0251,1","10089,1","24,0280,3,1",,"6,1,02,1","2,1,02,1",,,"02,1,+00800,1,08,1","99,9,+99999,9,03,1",,"9,AGL   ,+99999,+99999","07,99,1,02,1,99,9,00800,1,99,9,99,9","240,N,+0248,1","9,9,999,9,+005,1","05,1","SYN08643057 21596 70000 10268 20251 40089 70562 82270 333 20248 58005 6028/ 555 00276 12163=",
"43057099999","2023-09-22T12:00:00","4","18.9","72.8166666","11.0","BOMBAY COLABA, IN","FM-12","99999","V020","999,9,C,0000,1","99999,9,9,N","004000,1,9,9","+0264,1","+0247,1","10067,1","09,0770,3,1",,"6,1,02,1","6,1,02,1",,,"02,1,+00800,1,06,1","99,9,+99999,9,03,1",,"9,AGL   ,+99999,+99999","06,99,1,02,1,99,9,00800,1,99,9,99,9",,"9,9,999,9,+003,1","05,1","SYN07043057 21596 60000 10264 20247 40067 70566 82570 333 10270 58003 6077/=",
"43057099999","2023-09-23T03:00:00","4","18.9","72.8166666","11.0","BOMBAY COLABA, IN","FM-12","99999","V020","999,9,C,0000,1","99999,9,9,N","002000,1,9,9","+0266,1","+0249,1","10096,1","24,0770,3,1",,"2,1,02,1","2,1,02,1",,,"02,1,+00800,1,06,1","99,9,+99999,9,03,1",,"9,AGL   ,+99999,+99999","06,99,1,02,1,99,9,00800,1,99,9,99,9","240,N,+0250,1","9,9,999,9,+007,1","05,1","SYN08643057 21595 60000 10266 20249 40096 70522 82570 333 20250 58007 6077/ 555 00770 12240=",
"43057099999","2023-09-23T12:00:00","4","18.9","72.8166666","11.0","BOMBAY COLABA, IN","FM-12","99999","V020","999,9,C,0000,1","99999,9,9,N","004000,1,9,9","+0264,1","+0250,1","10085,1","09,0160,3,1",,"6,1,02,1","2,1,02,1",,,"02,1,+00800,1,08,1","99,9,+99999,9,03,1",,"9,AGL   ,+99999,+99999","08,99,1,02,1,99,9,00800,1,99,9,99,9",,"9,9,999,9,+018,1","61,1","SYN07043057 21596 80000 10264 20250 40085 76162 8227/ 333 10286 58018 6016/=",
"43057099999","2023-09-24T03:00:00","4","18.9","72.8166666","11.0","BOMBAY COLABA, IN","FM-12","99999","V020","999,9,C,0000,1","99999,9,9,N","004000,1,9,9","+0262,1","+0248,1","10108,1","24,0210,3,1",,"2,1,02,1","0,1,02,1",,,"02,1,+00800,1,06,1","99,9,+99999,9,03,1",,"9,AGL   ,+99999,+99999","06,99,1,02,1,99,9,00800,1,99,9,99,9","240,N,+0242,1","9,9,999,9,+012,1","05,1","SYN08643057 21596 60000 10262 20248 40108 70520 82570 333 20242 58012 6021/ 555 00210 12261=",
"43057099999","2023-09-24T12:00:00","4","18.9","72.8166666","11.0","BOMBAY COLABA, IN","FM-12","99999","V020","999,9,C,0000,1","99999,9,9,N","004000,1,9,9","+0264,1","+0247,1","10080,1","09,0030,3,1",,"6,1,02,1","2,1,02,1",,,"02,1,+00800,1,06,1","99,9,+99999,9,03,1",,"9,AGL   ,+99999,+99999","07,99,1,02,1,99,9,00800,1,99,9,99,9",,"9,9,999,9,-005,1","50,1","SYN07043057 21596 70000 10264 20247 40080 75062 82570 333 10270 59005 6003/=",
"43057099999","2023-09-25T03:00:00","4","18.9","72.8166666","11.0","BOMBAY COLABA, IN","FM-12","99999","V020","999,9,C,0000,1","99999,9,9,N","004000,1,9,9","+0266,1","+0249,1","10094,1","24,0030,3,1",,"2,1,02,1","2,1,02,1",,,"02,1,+00800,1,06,1","99,9,+99999,9,03,1",,"9,AGL   ,+99999,+99999","07,99,1,02,1,99,9,00800,1,99,9,99,9","240,N,+0245,1","9,9,999,9,-014,1","05,1","SYN08643057 21596 70000 10266 20249 40094 70522 82570 333 20245 59014 6003/ 555 00026 12264=",
"43057099999","2023-09-25T06:00:00","4","18.9","72.8166666","11.0","BOMBAY COLABA, IN","FM-12","99999","V020","250,1,N,0010,1","22000,1,9,N","004000,1,9,9","+0292,1","+0252,1","10095,1",,,"2,1,02,1","0,1,02,1",,,"02,1,+00800,1,06,1","99,9,+99999,9,03,1",,"9,AGL   ,+99999,+99999","04,99,1,02,1,99,9,00800,1,99,9,99,9",,"9,9,999,9,-015,1","05,1","SYN05843057 31596 42502 10292 20252 40095 70520 82570 333 59015=",
"43057099999","2023-09-25T12:00:00","4","18.9","72.8166666","11.0","BOMBAY COLABA, IN","FM-12","99999","V020","999,9,C,0000,1","99999,9,9,N","004000,1,9,9","+0284,1","+0250,1","10066,1",,,"2,1,02,1","2,1,02,1",,,"02,1,+00800,1,08,1","99,9,+99999,9,03,1",,"9,AGL   ,+99999,+99999","05,99,1,02,1,99,9,00800,1,99,9,99,9",,"9,9,999,9,-014,1","05,1","SYN06443057 31596 50000 10284 20250 40066 70522 82270 333 10310 59014=",
"43057099999","2023-09-26T03:00:00","4","18.9","72.8166666","11.0","BOMBAY COLABA, IN","FM-12","99999","V020","999,9,C,0000,1","22000,1,9,N","004000,1,9,9","+0270,1","+0256,1","10089,1","24,0820,3,1",,"2,1,02,1","2,1,02,1",,,"02,1,+00800,1,08,1","99,9,+99999,9,03,1","99,9,+99999,9,00,1","9,AGL   ,+99999,+99999","04,99,1,02,1,99,9,00800,1,99,9,99,9","240,N,+0245,1","9,9,999,9,-005,1","05,1","SYN08643057 21596 40000 10270 20256 40089 70522 82231 333 20245 59005 6082/ 555 00820 12346=",
"43057099999","2023-09-26T12:00:00","4","18.9","72.8166666","11.0","BOMBAY COLABA, IN","FM-12","99999","V020","999,9,C,0000,1","22000,1,9,N","004000,1,9,9","+0306,1","+0267,1","10057,1",,,"0,1,02,1","0,1,02,1",,,"01,1,+00800,1,08,1","99,9,+99999,9,03,1",,"9,AGL   ,+99999,+99999","02,99,1,01,1,99,9,00800,1,99,9,99,9",,"9,9,999,9,-009,1","05,1","SYN06443057 31596 20000 10306 20267 40057 70500 81230 333 10318 59009=",
"43057099999","2023-09-27T03:00:00","4","18.9","72.8166666","11.0","BOMBAY COLABA, IN","FM-12","99999","V020","150,1,N,0494,2","22000,1,9,N","003400,1,9,9","+0264,1","+0250,1","10086,1",,"05,1",,,"2,1,02,1","2,1,02,1","99,9,+00025,1,99,9",,,"9,AGL   ,+99999,+99999","02,99,1,00,1,99,9,00025,1,99,9,99,9",,,,"SYN09243057 27034 21596 10264 20250 40086 70522 80000 8257/ 333 20250 59003 6004/ 555 00038 12350=","Q01    003SCCGA1"
"43057099999","2023-09-27T12:00:00","4","18.9","72.8166666","11.0","BOMBAY COLABA, IN","FM-12","99999","V020","999,9,C,0000,1","99999,9,9,N","004000,1,9,9","+0256,1","+0239,1","10060,1","09,0130,3,1",,"9,1,02,1","6,1,02,1",,,"02,1,+00800,1,09,1","99,9,+99999,9,05,1",,"9,AGL   ,+99999,+99999","08,99,1,02,1,99,9,00800,1,99,9,99,9",,"9,9,999,9,+003,1","95,1","SYN07043057 21596 80000 10256 20239 40060 79596 8292/ 333 10294 58003 6013/=",
"43057099999","2023-09-28T00:00:00","4","18.9","72.8166666","11.0","BOMBAY COLABA, IN","FM-12","99999","V020","999,9,C,0000,1","99999,9,9,N","004000,1,9,9","+0260,1","+0243,1","10052,1","21,0190,3,1",,"9,1,02,1","2,1,02,1",,,"02,1,+00800,1,09,1","99,9,+99999,9,03,1",,"9,AGL   ,+99999,+99999","06,99,1,02,1,99,9,00800,1,99,9,99,9",,"9,9,999,9,-018,1","17,1","SYN06443057 21596 60000 10260 20243 40052 71792 82370 333 59018 6019/=",
"43057099999","2023-09-28T03:00:00","4","18.9","72.8166666","11.0","BOMBAY COLABA, IN","FM-12","99999","V020","999,9,C,0000,1","99999,9,9,N","004000,1,9,9","+0270,1","+0253,1","10074,1","24,0200,3,1",,"9,1,02,1","4,1,02,1",,,"02,1,+00800,1,08,1","99,9,+99999,9,03,1",,"9,AGL   ,+99999,+99999","06,99,1,02,1,99,9,00800,1,99,9,99,9","240,N,+0235,1","9,9,999,9,-012,1","05,1","SYN08643057 21596 60000 10270 20253 40074 70594 82270 333 20235 59012 6020/ 555 00198 12369=",
"43057099999","2023-09-29T03:00:00","4","18.9","72.8166666","11.0","BOMBAY COLABA, IN","FM-12","99999","V020","250,1,N,0010,1","22000,1,9,N","004000,1,9,9","+0276,1","+0259,1","10065,1","24,0240,3,1",,"2,1,02,1","0,1,02,1",,,"01,1,+00800,1,08,1","99,9,+99999,9,03,1",,"9,AGL   ,+99999,+99999","04,99,1,01,1,99,9,00800,1,99,9,99,9","240,N,+0246,1","9,9,999,9,-009,1","05,1","SYN08643057 21596 42502 10276 20259 40065 70520 81230 333 20246 59009 6024/ 555 00242 12394=",
"43057099999","2023-09-29T06:00:00","4","18.9","72.8166666","11.0","BOMBAY COLABA, IN","FM-12","99999","V020","999,9,C,0000,1","99999,9,9,N","002000,1,9,9","+0304,1","+0271,1","10068,1",,,"2,1,02,1","0,1,02,1",,,"02,1,+00800,1,08,1","99,9,+99999,9,03,1",,"9,AGL   ,+99999,+99999","06,99,1,02,1,99,9,00800,1,99,9,99,9",,"9,9,999,9,+006,1","05,1","SYN05843057 31595 60000 10304 20271 40068 70520 82230 333 58006=",
"43057099999","2023-09-29T12:00:00","4","18.9","72.8166666","11.0","BOMBAY COLABA, IN","FM-12","99999","V020","999,9,C,0000,1","99999,9,9,N","004000,1,9,9","+0290,1","+0273,1","10027,1","09,0020,3,1",,"9,1,02,1","6,1,02,1",,,"02,1,+00800,1,09,1","99,9,+99999,9,05,1",,"9,AGL   ,+99999,+99999","08,99,1,02,1,99,9,00800,1,99,9,99,9",,"9,9,999,9,-011,1","29,1","SYN07043057 21596 80000 10290 20273 40027 72996 8292/ 333 10326 59011 6002/=",
"43057099999","2023-09-30T03:00:00","4","18.9","72.8166666","11.0","BOMBAY COLABA, IN","FM-12","99999","V020","999,9,C,0000,1","22000,1,9,N","004000,1,9,9","+0274,1","+0245,1","10062,1","24,0040,3,1",,"2,1,02,1","2,1,02,1",,,"02,1,+00800,1,08,1","99,9,+99999,9,03,1","99,9,+99999,9,00,1","9,AGL   ,+99999,+99999","04,99,1,02,1,99,9,00800,1,99,9,99,9","240,N,+0248,1","9,9,999,9,-003,1","05,1","SYN08643057 21596 40000 10274 20245 40062 70522 82231 333 20248 59003 6004/ 555 00040 12398=",
"43057099999","2023-09-30T06:00:00","4","18.9","72.8166666","11.0","BOMBAY COLABA, IN","FM-12","99999","V020","999,9,C,0000,1","22000,1,9,N","004000,1,9,9","+0324,1","+0232,1","10060,1",,,"4,1,02,1","2,1,02,1",,,"02,1,+00800,1,08,1","99,9,+99999,9,03,1","99,9,+99999,9,00,1","9,AGL   ,+99999,+99999","04,99,1,02,1,99,9,00800,1,99,9,99,9",,"9,9,999,9,-008,1","05,1","SYN05843057 31596 40000 10324 20232 40060 70542 82231 333 59008=",
"43057099999","2023-09-30T12:00:00","4","18.9","72.8166666","11.0","BOMBAY COLABA, IN","FM-12","99999","V020","999,9,C,0000,1","99999,9,9,N","004000,1,9,9","+0304,1","+0277,1","10029,1",,,"2,1,02,1","2,1,02,1",,,"02,1,+00800,1,08,1","99,9,+99999,9,03,1",,"9,AGL   ,+99999,+99999","07,99,1,02,1,99,9,00800,1,99,9,99,9",,"9,9,999,9,+002,1","05,1","SYN06443057 31596 70000 10304 20277 40029 70522 82270 333 10327 58002=",
"43057099999","2023-10-01T03:00:00","4","18.9","72.8166666","11.0","BOMBAY COLABA, IN","FM-12","99999","V020","999,9,C,0000,1","99999,9,9,N","002000,1,9,9","+0264,1","+0250,1","10065,1","24,0210,3,1",,"5,1,02,1","4,1,02,1",,,"02,1,+00800,1,07,1","99,9,+99999,9,05,1",,"9,AGL   ,+99999,+99999","08,99,1,02,1,99,9,00800,1,99,9,99,9","240,N,+0245,1","9,9,999,9,+003,1","05,1","SYN08643057 21595 80000 10264 20250 40065 70554 8272/ 333 20245 58003 6021/ 555 00212 10021=",
"43057099999","2023-10-01T12:00:00","4","18.9","72.8166666","11.0","BOMBAY COLABA, IN","FM-12","99999","V020","999,9,C,0000,1","99999,9,9,N","004000,1,9,9","+0290,1","+0271,1","10049,1","09,0002,3,1",,"6,1,02,1","2,1,02,1",,,"02,1,+00800,1,07,1","99,9,+99999,9,03,1",,"9,AGL   ,+99999,+99999","08,99,1,02,1,99,9,00800,1,99,9,99,9",,"9,9,999,9,+020,1","61,1","SYN07043057 21596 80000 10290 20271 40049 76162 8273/ 333 10292 58020 6992/=",
"43057099999","2023-10-02T03:00:00","4","18.9","72.8166666","11.0","BOMBAY COLABA, IN","FM-12","99999","V020","999,9,C,0000,1","99999,9,9,N","004000,1,9,9","+0266,1","+0243,1","10097,1","24,0030,3,1",,"6,1,02,1","5,1,02,1",,,"02,1,+00800,1,06,1","99,9,+99999,9,05,1",,"9,AGL   ,+99999,+99999","08,99,1,02,1,99,9,00800,1,99,9,99,9","240,N,+0250,1","9,9,999,9,+032,1","05,1","SYN08643057 21596 80000 10266 20243 40097 70565 8252/ 333 20250 58032 6003/ 555 00030 10024=",
"43057099999","2023-10-02T06:00:00","4","18.9","72.8166666","11.0","BOMBAY COLABA, IN","FM-12","99999","V020","999,9,C,0000,1","99999,9,9,N","004000,1,9,9","+0282,1","+0257,1","10106,1",,,"6,1,02,1","5,1,02,1",,,"02,1,+00800,1,06,1","99,9,+99999,9,03,1",,"9,AGL   ,+99999,+99999","07,99,1,02,1,99,9,00800,1,99,9,99,9",,"9,9,999,9,+039,1","05,1","SYN05843057 31596 70000 10282 20257 40106 70565 82570 333 58039=",
"43057099999","2023-10-02T12:00:00","4","18.9","72.8166666","11.0","BOMBAY COLABA, IN","FM-12","99999","V020","999,9,C,0000,1","99999,9,9,N","004000,1,9,9","+0296,1","+0265,1","10083,1",,,"2,1,02,1","0,1,02,1",,,"02,1,+00800,1,06,1","99,9,+99999,9,03,1",,"9,AGL   ,+99999,+99999","06,99,1,02,1,99,9,00800,1,99,9,99,9",,"9,9,999,9,+034,1","05,1","SYN06443057 31596 60000 10296 20265 40083 70520 82570 333 10298 58034=",
"43057099999","2023-10-03T03:00:00","4","18.9","72.8166666","11.0","BOMBAY COLABA, IN","FM-12","99999","V020","999,9,C,0000,1","22000,1,9,N","004000,1,9,9","+0274,1","+0251,1","10118,1",,,"0,1,02,1","0,1,02,1",,,"02,1,+00800,1,06,1","99,9,+99999,9,00,1",,"9,AGL   ,+99999,+99999","03,99,1,02,1,99,9,00800,1,99,9,99,9","240,N,+0246,1","9,9,999,9,+021,1","05,1","SYN07443057 31596 30000 10274 20251 40118 70500 82501 333 20246 58021 555 10024=",
"43057099999","2023-10-03T06:00:00","4","18.9","72.8166666","11.0","BOMBAY COLABA, IN","FM-12","99999","V020","999,9,C,0000,1","22000,1,9,N","004000,1,9,9","+0300,1","+0243,1","10119,1",,,"0,1,02,1","0,1,02,1",,,"01,1,+00800,1,06,1","99,9,+99999,9,00,1",,"9,AGL   ,+99999,+99999","02,99,1,01,1,99,9,00800,1,99,9,99,9",,"9,9,999,9,+013,1","05,1","SYN05843057 31596 20000 10300 20243 40119 70500 81501 333 58013=",
"43057099999","2023-10-03T09:00:00","4","18.9","72.8166666","11.0","BOMBAY COLABA, IN","FM-12","99999","V020","999,9,C,0000,1","22000,1,9,N","004000,1,9,9","+0310,1","+0232,1","10084,1",,,"0,1,02,1","0,1,02,1",,,"01,1,+00800,1,08,1","99,9,+99999,9,03,1",,"9,AGL   ,+99999,+99999","02,99,1,01,1,99,9,00800,1,99,9,99,9",,"9,9,999,9,-003,1","05,1","SYN05843057 31596 20000 10310 20232 40084 70500 81230 333 59003=",
"43057099999","2023-10-03T12:00:00","4","18.9","72.8166666","11.0","BOMBAY COLABA, IN","FM-12","99999","V020","999,9,C,0000,1","22000,1,9,N","004000,1,9,9","+0294,1","+0236,1","10083,1",,,"0,1,02,1","0,1,02,1",,,"02,1,+00800,1,06,1","99,9,+99999,9,03,1",,"9,AGL   ,+99999,+99999","03,99,1,02,1,99,9,00800,1,99,9,99,9",,"9,9,999,9,+000,1","05,1","SYN06443057 31596 30000 10294 20236 40083 70500 82530 333 10312 58000=",
"43057099999","2023-10-04T03:00:00","4","18.9","72.8166666","11.0","BOMBAY COLABA, IN","FM-12","99999","V020","999,9,C,0000,1","22000,1,9,N","004000,1,9,9","+0280,1","+0260,1","10119,1",,,"0,1,02,1","0,1,02,1",,,"01,1,+00800,1,08,1","99,9,+99999,9,03,1",,"9,AGL   ,+99999,+99999","03,99,1,01,1,99,9,00800,1,99,9,99,9","240,N,+0256,1","9,9,999,9,+001,1","05,1","SYN07443057 31596 30000 10280 20260 40119 70500 81230 333 20256 58001 555 10024=",
"43057099999","2023-10-04T06:00:00","4","18.9","72.8166666","11.0","BOMBAY COLABA, IN","FM-12","99999","V020","999,9,C,0000,1","22000,1,9,N","004000,1,9,9","+0302,1","+0257,1","10115,1",,,"0,1,02,1","0,1,02,1",,,"01,1,+00800,1,08,1","99,9,+99999,9,03,1",,"9,AGL   ,+99999,+99999","03,99,1,01,1,99,9,00800,1,99,9,99,9",,"9,9,999,9,-004,1","05,1","SYN05843057 31596 30000 10302 20257 40115 70500 81230 333 59004=",
"43057099999","2023-10-04T09:00:00","4","18.9","72.8166666","11.0","BOMBAY COLABA, IN","FM-12","99999","V020","999,9,C,0000,1","22000,1,9,N","004000,1,9,9","+0318,1","+0253,1","10092,1",,,"0,1,02,1","0,1,02,1",,,"01,1,+00800,1,08,1",,,"9,AGL   ,+99999,+99999","01,99,1,01,1,99,9,00800,1,99,9,99,9",,"9,9,999,9,+008,1","05,1","SYN05843057 31596 10000 10318 20253 40092 70500 81200 333 58008=",
"43057099999","2023-10-04T12:00:00","4","18.9","72.8166666","11.0","BOMBAY COLABA, IN","FM-12","99999","V020","999,9,C,0000,1","99999,9,9,N","004000,1,9,9","+0300,1","+0258,1","10092,1",,,"0,1,02,1","0,1,02,1",,,,,,,,,"9,9,999,9,+009,1","05,1","SYN05843057 31996 00000 10300 20258 40092 70500 333 10320 58009=",
"43057099999","2023-10-05T03:00:00","4","18.9","72.8166666","11.0","BOMBAY COLABA, IN","FM-12","99999","V020","999,9,C,0000,1","22000,1,9,N","004000,1,9,9","+0280,1","+0254,1","10121,1",,,"0,1,02,1","0,1,02,1",,,"01,1,+00800,1,08,1","99,9,+99999,9,03,1",,"9,AGL   ,+99999,+99999","03,99,1,01,1,99,9,00800,1,99,9,99,9","240,N,+0255,1","9,9,999,9,+002,1","05,1","SYN07443057 31596 30000 10280 20254 40121 70500 81230 333 20255 58002 555 10024=",
"43057099999","2023-10-05T12:00:00","4","18.9","72.8166666","11.0","BOMBAY COLABA, IN","FM-12","99999","V020","250,1,N,0010,1","22000,1,9,N","004000,1,9,9","+0300,1","+0255,1","10088,1",,,"0,1,02,1","0,1,02,1",,,"02,1,+00800,1,06,1",,,"9,AGL   ,+99999,+99999","02,99,1,02,1,99,9,00800,1,99,9,99,9","240,M,+0322,1","9,9,999,9,-004,1","05,1","SYN06443057 31596 22502 10300 20255 40088 70500 82400 333 10322 59004=",
"43057099999","2023-10-06T03:00:00","4","18.9","72.8166666","11.0","BOMBAY COLABA, IN","FM-12","99999","V020","050,1,N,0005,1","22000,1,9,N","004000,1,9,9","+0284,1","+0259,1","10112,1",,,"0,1,02,1","0,1,02,1",,,"01,1,+00800,1,08,1",,,"9,AGL   ,+99999,+99999","01,99,1,01,1,99,9,00800,1,99,9,99,9","240,N,+0256,1","9,9,999,9,-009,1","05,1","SYN07443057 31596 10501 10284 20259 40112 70500 81200 333 20256 59009 555 10024=",
"43057099999","2023-10-06T06:00:00","4","18.9","72.8166666","11.0","BOMBAY COLABA, IN","FM-12","99999","V020","999,9,C,0000,1","22000,1,9,N","004000,1,9,9","+0296,1","+0245,1","10108,1",,,"0,1,02,1","0,1,02,1",,,"01,1,+00800,1,08,1",,,"9,AGL   ,+99999,+99999","01,99,1,01,1,99,9,00800,1,99,9,99,9",,"9,9,999,9,-007,1","05,1","SYN05843057 31596 10000 10296 20245 40108 70500 81200 333 59007=",
"43057099999","2023-10-06T09:00:00","4","18.9","72.8166666","11.0","BOMBAY COLABA, IN","FM-12","99999","V020","340,1,N,0010,1","22000,1,9,N","004000,1,9,9","+0320,1","+0249,1","10080,1",,,"0,1,02,1","0,1,02,1",,,"01,1,+00800,1,08,1","99,9,+99999,9,03,1",,"9,AGL   ,+99999,+99999","02,99,1,01,1,99,9,00800,1,99,9,99,9",,"9,9,999,9,-009,1","05,1","SYN05843057 31596 23402 10320 20249 40080 70500 81130 333 59009=",
"43057099999","2023-10-06T12:00:00","4","18.9","72.8166666","11.0","BOMBAY COLABA, IN","FM-12","99999","V020","999,9,C,0000,1","22000,1,9,N","004000,1,9,9","+0304,1","+0247,1","10080,1",,,"0,1,02,1","0,1,02,1",,,"01,1,+00800,1,06,1","99,9,+99999,9,03,1",,"9,AGL   ,+99999,+99999","02,99,1,01,1,99,9,00800,1,99,9,99,9",,"9,9,999,9,-008,1","05,1","SYN06443057 31596 20000 10304 20247 40080 70500 81430 333 10320 59008=",
"43057099999","2023-10-07T03:00:00","4","18.9","72.8166666","11.0","BOMBAY COLABA, IN","FM-12","99999","V020","250,1,N,0010,1","22000,1,9,N","004000,1,9,9","+0280,1","+0254,1","10111,1",,,"0,1,02,1","0,1,02,1",,,"01,1,+00800,1,08,1","99,9,+99999,9,03,1",,"9,AGL   ,+99999,+99999","02,99,1,01,1,99,9,00800,1,99,9,99,9","240,N,+0255,1","9,9,999,9,+001,1","05,1","SYN07443057 31596 22502 10280 20254 40111 70500 81230 333 20255 58001 555 10024=",
"43057099999","2023-10-07T06:00:00","4","18.9","72.8166666","11.0","BOMBAY COLABA, IN","FM-12","99999","V020","999,9,C,0000,1","22000,1,9,N","004000,1,9,9","+0310,1","+0244,1","10106,1",,,"0,1,02,1","0,1,02,1",,,"01,1,+00800,1,06,1","99,9,+99999,9,03,1",,"9,AGL   ,+99999,+99999","02,99,1,01,1,99,9,00800,1,99,9,99,9",,"9,9,999,9,-002,1","05,1","SYN05843057 31596 20000 10310 20244 40106 70500 81430 333 59002=",
"43057099999","2023-10-07T09:00:00","4","18.9","72.8166666","11.0","BOMBAY COLABA, IN","FM-12","99999","V020","250,1,N,0015,1","22000,1,9,N","004000,1,9,9","+0310,1","+0244,1","10083,1",,,"0,1,02,1","0,1,02,1",,,"99,9,+99999,9,00,1",,,"9,AGL   ,+99999,+99999","01,99,1,00,1,99,9,99999,9,99,9,99,9",,"9,9,999,9,+003,1","05,1","SYN05843057 31996 12503 10310 20244 40083 70500 80001 333 58003=","Q01    003SCCGA1"
"43057099999","2023-10-07T12:00:00","4","18.9","72.8166666","11.0","BOMBAY COLABA, IN","FM-12","99999","V020","999,9,C,0000,1","99999,9,9,N","004000,1,9,9","+0304,1","+0256,1","10084,1",,,"0,1,02,1","0,1,02,1",,,,,,,,,"9,9,999,9,+004,1","05,1","SYN05843057 31996 00000 10304 20256 40084 70500 333 10320 58004=",
"43057099999","2023-10-08T03:00:00","4","18.9","72.8166666","11.0","BOMBAY COLABA, IN","FM-12","99999","V020","999,9,C,0000,1","99999,9,9,N","004000,1,9,9","+0282,1","+0254,1","10115,1",,,"0,1,02,1","0,1,02,1",,,,,,,,"240,N,+0255,1","9,9,999,9,+004,1","05,1","SYN06843057 31996 00000 10282 20254 40115 70500 333 20255 58004 555 10024=",
"43057099999","2023-10-08T06:00:00","4","18.9","72.8166666","11.0","BOMBAY COLABA, IN","FM-12","99999","V020","999,9,C,0000,1","99999,9,9,N","004000,1,9,9","+0316,1","+0260,1","10114,1",,,"0,1,02,1","0,1,02,1",,,,,,,,,"9,9,999,9,+008,1","05,1","SYN05243057 31996 00000 10316 20260 40114 70500 333 58008=",
"43057099999","2023-10-08T09:00:00","4","18.9","72.8166666","11.0","BOMBAY COLABA, IN","FM-12","99999","V020","340,1,N,0005,1","99999,9,9,N","004000,1,9,9","+0320,1","+0264,1","10091,1",,,"0,1,02,1","0,1,02,1",,,,,,,,,"9,9,999,9,+008,1","04,1","SYN05243057 31996 03401 10320 20264 40091 70400 333 58008=",
"43057099999","2023-10-08T12:00:00","4","18.9","72.8166666","11.0","BOMBAY COLABA, IN","FM-12","99999","V020","340,1,N,0005,1","99999,9,9,N","004000,1,9,9","+0304,1","+0271,1","10089,1",,,"0,1,02,1","0,1,02,1",,,,,,,,,"9,9,999,9,+005,1","05,1","SYN05843057 31996 03401 10304 20271 40089 70500 333 10322 58005=",
"43057099999","2023-10-09T03:00:00","4","18.9","72.8166666","11.0","BOMBAY COLABA, IN","FM-12","99999","V020","999,9,C,0000,1","22000,1,9,N","002000,1,9,9","+0290,1","+0268,1","10135,1",,,"0,1,02,1","0,1,02,1",,,"01,1,+00800,1,06,1",,,"9,AGL   ,+99999,+99999","01,99,1,01,1,99,9,00800,1,99,9,99,9","240,N,+0265,1","9,9,999,9,+020,1","05,1","SYN07443057 31595 10000 10290 20268 40135 70500 81500 333 20265 58020 555 10024=",
"43057099999","2023-10-09T06:00:00","4","18.9","72.8166666","11.0","BOMBAY COLABA, IN","FM-12","99999","V020","999,9,C,0000,1","22000,1,9,N","004000,1,9,9","+0320,1","+0233,1","10133,1",,,"4,1,02,1","0,1,02,1",,,"01,1,+00800,1,06,1",,,"9,AGL   ,+99999,+99999","01,99,1,01,1,99,9,00800,1,99,9,99,9",,"9,9,999,9,-019,1","05,1","SYN05843057 31596 10000 10320 20233 40133 70540 81500 333 59019=",
"43057099999","2023-10-09T09:00:00","4","18.9","72.8166666","11.0","BOMBAY COLABA, IN","FM-12","99999","V020","340,1,N,0010,1","22000,1,9,N","004000,1,9,9","+0320,1","+0261,1","10109,1",,,"0,1,02,1","0,1,02,1",,,"01,1,+00800,1,06,1",,,"9,AGL   ,+99999,+99999","01,99,1,01,1,99,9,00800,1,99,9,99,9",,"9,9,999,9,+018,1","05,1","SYN05843057 31596 13402 10320 20261 40109 70500 81500 333 58018=",
"43057099999","2023-10-09T12:00:00","4","18.9","72.8166666","11.0","BOMBAY COLABA, IN","FM-12","99999","V020","340,1,N,0015,1","22000,1,9,N","004000,1,9,9","+0310,1","+0274,1","10103,1",,,"4,1,02,1","0,1,02,1",,,"01,1,+00800,1,06,1",,,"9,AGL   ,+99999,+99999","01,99,1,01,1,99,9,00800,1,99,9,99,9",,"9,9,999,9,+014,1","05,1","SYN06443057 31596 13403 10310 20274 40103 70540 81500 333 10330 58014=",
"43057099999","2023-10-10T03:00:00","4","18.9","72.8166666","11.0","BOMBAY COLABA, IN","FM-12","99999","V020","999,9,C,0000,1","22000,1,9,N","004000,1,9,9","+0280,1","+0257,1","10138,1",,,"0,1,02,1","0,1,02,1",,,"01,1,+00800,1,06,1",,,"9,AGL   ,+99999,+99999","01,99,1,01,1,99,9,00800,1,99,9,99,9","240,N,+0255,1","9,9,999,9,+003,1","05,1","SYN07443057 31596 10000 10280 20257 40138 70500 81500 333 20255 58003 555 10024=",
"43057099999","2023-10-10T06:00:00","4","18.9","72.8166666","11.0","BOMBAY COLABA, IN","FM-12","99999","V020","999,9,C,0000,1","22000,1,9,N","004000,1,9,9","+0324,1","+0251,1","10132,1",,,"4,1,02,1","0,1,02,1",,,"01,1,+00800,1,06,1",,,"9,AGL   ,+99999,+99999","01,99,1,01,1,99,9,00800,1,99,9,99,9",,"9,9,999,9,-001,1","05,1","SYN05843057 31596 10000 10324 20251 40132 70540 81500 333 59001=",
"43057099999","2023-10-10T09:00:00","4","18.9","72.8166666","11.0","BOMBAY COLABA, IN","FM-12","99999","V020","999,9,C,0000,1","99999,9,9,N","004000,1,9,9","+0316,1","+0266,1","10108,1",,,"0,1,02,1","0,1,02,1",,,,,,,,,"9,9,999,9,-001,1","05,1","SYN05243057 31996 00000 10316 20266 40108 70500 333 59001=",
"43057099999","2023-10-10T12:00:00","4","18.9","72.8166666","11.0","BOMBAY COLABA, IN","FM-12","99999","V020","320,1,N,0005,1","99999,9,9,N","002000,1,9,9","+0300,1","+0267,1","10103,1",,,"0,1,02,1","0,1,02,1",,,,,,,,,"9,9,999,9,+000,1","05,1","SYN05843057 31995 03201 10300 20267 40103 70500 333 10326 58000=",
"43057099999","2023-10-11T03:00:00","4","18.9","72.8166666","11.0","BOMBAY COLABA, IN","FM-12","99999","V020","999,9,C,0000,1","22000,1,9,N","004000,1,9,9","+0280,1","+0252,1","10133,1",,,"0,1,02,1","0,1,02,1",,,"02,1,+00800,1,06,1","99,9,+99999,9,00,1",,"9,AGL   ,+99999,+99999","03,99,1,02,1,99,9,00800,1,99,9,99,9","240,N,+0264,1","9,9,999,9,-005,1","05,1","SYN07443057 31596 30000 10280 20252 40133 70500 82401 333 20264 59005 555 10024=",
"43057099999","2023-10-11T06:00:00","4","18.9","72.8166666","11.0","BOMBAY COLABA, IN","FM-12","99999","V020","999,9,C,0000,1","22000,1,9,N","004000,1,9,9","+0314,1","+0264,1","10129,1",,,"0,1,02,1","0,1,02,1",,,"02,1,+00800,1,06,1",,,"9,AGL   ,+99999,+99999","02,99,1,02,1,99,9,00800,1,99,9,99,9",,"9,9,999,9,-003,1","05,1","SYN05843057 31596 20000 10314 20264 40129 70500 82500 333 59003=",
"43057099999","2023-10-11T09:00:00","4","18.9","72.8166666","11.0","BOMBAY COLABA, IN","FM-12","99999","V020","999,9,C,0000,1","22000,1,9,N","004000,1,9,9","+0314,1","+0270,1","10103,1",,,"0,1,02,1","0,1,02,1",,,"01,1,+00800,1,06,1",,,"9,AGL   ,+99999,+99999","01,99,1,01,1,99,9,00800,1,99,9,99,9",,"9,9,999,9,-005,1","05,1","SYN05843057 31596 10000 10314 20270 40103 70500 81500 333 59005=",
"43057099999","2023-10-11T12:00:00","4","18.9","72.8166666","11.0","BOMBAY COLABA, IN","FM-12","99999","V020","340,1,N,0010,1","22000,1,9,N","004000,1,9,9","+0300,1","+0226,1","10101,1",,,"0,1,02,1","0,1,02,1",,,"01,1,+00800,1,06,1",,,"9,AGL   ,+99999,+99999","01,99,1,01,1,99,9,00800,1,99,9,99,9",,"9,9,999,9,-002,1","05,1","SYN06443057 31596 13402 10300 20226 40101 70500 81500 333 10317 59002=",
"43057099999","2023-10-12T03:00:00","4","18.9","72.8166666","11.0","BOMBAY COLABA, IN","FM-12","99999","V020","999,9,C,0000,1","22000,1,9,N","004000,1,9,9","+0282,1","+0259,1","10129,1",,,"0,1,02,1","0,1,02,1",,,"01,1,+00800,1,06,1",,,"9,AGL   ,+99999,+99999","01,99,1,01,1,99,9,00800,1,99,9,99,9","240,N,+0255,1","9,9,999,9,-004,1","05,1","SYN07443057 31596 10000 10282 20259 40129 70500 81400 333 20255 59004 555 10024=",
"43057099999","2023-10-12T09:00:00","4","18.9","72.8166666","11.0","BOMBAY COLABA, IN","FM-12","99999","V020","340,1,N,0010,1","99999,9,9,N","004000,1,9,9","+0314,1","+0261,1","10107,1",,,"0,1,02,1","0,1,02,1",,,,,,,,,"9,9,999,9,+004,1","05,1","SYN05243057 31996 03402 10314 20261 40107 70500 333 58004=",
"43057099999","2023-10-12T12:00:00","4","18.9","72.8166666","11.0","BOMBAY COLABA, IN","FM-12","99999","V020","320,1,N,0010,1","99999,9,9,N","004000,1,9,9","+0298,1","+0267,1","10106,1",,,"0,1,02,1","0,1,02,1",,,,,,,,,"9,9,999,9,+010,1","05,1","SYN05843057 31996 03202 10298 20267 40106 70500 333 10318 58010=",
"43057099999","2023-10-13T03:00:00","4","18.9","72.8166666","11.0","BOMBAY COLABA, IN","FM-12","99999","V020","999,9,C,0000,1","22000,1,9,N","002000,1,9,9","+0284,1","+0270,1","10138,1",,,"0,1,02,1","0,1,02,1",,,"02,1,+00800,1,06,1","99,9,+99999,9,03,1",,"9,AGL   ,+99999,+99999","03,99,1,02,1,99,9,00800,1,99,9,99,9","240,N,+0255,1","9,9,999,9,+009,1","05,1","SYN07443057 31595 30000 10284 20270 40138 70500 82570 333 20255 58009 555 10024=",
"43057099999","2023-10-13T06:00:00","4","18.9","72.8166666","11.0","BOMBAY COLABA, IN","FM-12","99999","V020","999,9,C,0000,1","99999,9,9,N","002000,1,9,9","+0324,1","+0272,1","10133,1",,,"0,1,02,1","0,1,02,1",,,,,,,,,"9,9,999,9,+005,1","05,1","SYN05243057 31995 00000 10324 20272 40133 70500 333 58005=",
"43057099999","2023-10-13T09:00:00","4","18.9","72.8166666","11.0","BOMBAY COLABA, IN","FM-12","99999","V020","999,9,C,0000,1","22000,1,9,N","004000,1,9,9","+0330,1","+0287,1","10110,1",,,"0,1,02,1","0,1,02,1",,,"02,1,+00800,1,06,1",,,"9,AGL   ,+99999,+99999","02,99,1,02,1,99,9,00800,1,99,9,99,9",,"9,9,999,9,+003,1","05,1","SYN05843057 31596 20000 10330 20287 40110 70500 82500 333 58003=",
"43057099999","2023-10-13T12:00:00","4","18.9","72.8166666","11.0","BOMBAY COLABA, IN","FM-12","99999","V020","999,9,C,0000,1","22000,1,9,N","004000,1,9,9","+0310,1","+0286,1","10104,1",,,"4,1,02,1","0,1,02,1",,,"02,1,+00800,1,06,1",,,"9,AGL   ,+99999,+99999","02,99,1,02,1,99,9,00800,1,99,9,99,9",,"9,9,999,9,-002,1","05,1","SYN06443057 31596 20000 10310 20286 40104 70540 82500 333 10335 59002=",
"43057099999","2023-10-14T03:00:00","4","18.9","72.8166666","11.0","BOMBAY COLABA, IN","FM-12","99999","V020","999,9,C,0000,1","22000,1,9,N","002000,1,9,9","+0282,1","+0262,1","10137,1",,,"2,1,02,1","0,1,02,1",,,"01,1,+00800,1,06,1","99,9,+99999,9,03,1",,"9,AGL   ,+99999,+99999","04,99,1,01,1,99,9,00800,1,99,9,99,9","240,N,+0265,1","9,9,999,9,-001,1","05,1","SYN07443057 31595 40000 10282 20262 40137 70520 81430 333 20265 59001 555 10024=",
"43057099999","2023-10-14T06:00:00","4","18.9","72.8166666","11.0","BOMBAY COLABA, IN","FM-12","99999","V020","999,9,C,0000,1","22000,1,9,N","004000,1,9,9","+0322,1","+0258,1","10136,1",,,"4,1,02,1","2,1,02,1",,,"01,1,+00800,1,06,1","99,9,+99999,9,03,1",,"9,AGL   ,+99999,+99999","04,99,1,01,1,99,9,00800,1,99,9,99,9",,"9,9,999,9,+003,1","05,1","SYN05843057 31596 40000 10322 20258 40136 70542 81530 333 58003=",
"43057099999","2023-10-14T09:00:00","4","18.9","72.8166666","11.0","BOMBAY COLABA, IN","FM-12","99999","V020","999,9,C,0000,1","99999,9,9,N","004000,1,9,9","+0334,1","+0274,1","10110,1",,,"0,1,02,1","0,1,02,1",,,,,,,,,"9,9,999,9,+000,1","05,1","SYN05243057 31996 00000 10334 20274 40110 70500 333 58000=",
"43057099999","2023-10-14T12:00:00","4","18.9","72.8166666","11.0","BOMBAY COLABA, IN","FM-12","99999","V020","999,9,C,0000,1","22000,1,9,N","004000,1,9,9","+0310,1","+0268,1","10104,1",,,"0,1,02,1","0,1,02,1",,,"02,1,+00800,1,06,1",,,"9,AGL   ,+99999,+99999","02,99,1,02,1,99,9,00800,1,99,9,99,9",,"9,9,999,9,+000,1","05,1","SYN06443057 31596 20000 10310 20268 40104 70500 82500 333 10340 58000=",
"43057099999","2023-10-15T03:00:00","4","18.9","72.8166666","11.0","BOMBAY COLABA, IN","FM-12","99999","V020","999,9,C,0000,1","22000,1,9,N","002000,1,9,9","+0286,1","+0266,1","10126,1",,,"0,1,02,1","0,1,02,1",,,"02,1,+00800,1,06,1",,,"9,AGL   ,+99999,+99999","02,99,1,02,1,99,9,00800,1,99,9,99,9","240,N,+0266,1","9,9,999,9,-011,1","05,1","SYN07443057 31595 20000 10286 20266 40126 70500 82500 333 20266 59011 555 10024=",
"43057099999","2023-10-15T06:00:00","4","18.9","72.8166666","11.0","BOMBAY COLABA, IN","FM-12","99999","V020","999,9,C,0000,1","22000,1,9,N","002000,1,9,9","+0320,1","+0264,1","10121,1",,,"0,1,02,1","0,1,02,1",,,"02,1,+00800,1,06,1",,,"9,AGL   ,+99999,+99999","02,99,1,02,1,99,9,00800,1,99,9,99,9",,"9,9,999,9,-015,1","05,1","SYN05843057 31595 20000 10320 20264 40121 70500 82500 333 59015=",
"43057099999","2023-10-15T09:00:00","4","18.9","72.8166666","11.0","BOMBAY COLABA, IN","FM-12","99999","V020","999,9,C,0000,1","99999,9,9,N","004000,1,9,9","+0326,1","+0262,1","10090,1",,,"0,1,02,1","0,1,02,1",,,,,,,,,"9,9,999,9,-020,1","05,1","SYN05243057 31996 00000 10326 20262 40090 70500 333 59020=",
"43057099999","2023-10-15T12:00:00","4","18.9","72.8166666","11.0","BOMBAY COLABA, IN","FM-12","99999","V020","999,9,C,0000,1","99999,9,9,N","004000,1,9,9","+0304,1","+0259,1","10085,1",,,"0,1,02,1","0,1,02,1",,,,,,,,,"9,9,999,9,-019,1","05,1","SYN05843057 31996 00000 10304 20259 40085 70500 333 10332 59019=",
"43057099999","2023-10-16T03:00:00","4","18.9","72.8166666","11.0","BOMBAY COLABA, IN","FM-12","99999","V020","999,9,C,0000,1","22000,1,9,N","002000,1,9,9","+0284,1","+0262,1","10119,1",,,"2,1,02,1","0,1,02,1",,,"02,1,+00800,1,06,1","99,9,+99999,9,03,1",,"9,AGL   ,+99999,+99999","04,99,1,02,1,99,9,00800,1,99,9,99,9","240,N,+0264,1","9,9,999,9,-007,1","05,1","SYN07443057 31595 40000 10284 20262 40119 70520 82570 333 20264 59007 555 10024=",
"43057099999","2023-10-16T06:00:00","4","18.9","72.8166666","11.0","BOMBAY COLABA, IN","FM-12","99999","V020","999,9,C,0000,1","22000,1,9,N","002000,1,9,9","+0314,1","+0243,1","10112,1",,,"4,1,02,1","2,1,02,1",,,"02,1,+00800,1,06,1","99,9,+99999,9,03,1",,"9,AGL   ,+99999,+99999","04,99,1,02,1,99,9,00800,1,99,9,99,9",,"9,9,999,9,-009,1","05,1","SYN05843057 31595 40000 10314 20243 40112 70542 82550 333 59009=",
"43057099999","2023-10-16T09:00:00","4","18.9","72.8166666","11.0","BOMBAY COLABA, IN","FM-12","99999","V020","999,9,C,0000,1","22000,1,9,N","004000,1,9,9","+0330,1","+0269,1","10091,1",,,"0,1,02,1","0,1,02,1",,,"01,1,+00800,1,06,1","99,9,+99999,9,03,1",,"9,AGL   ,+99999,+99999","03,99,1,01,1,99,9,00800,1,99,9,99,9",,"9,9,999,9,+001,1","05,1","SYN05843057 31596 30000 10330 20269 40091 70500 81530 333 58001=",
"43057099999","2023-10-16T12:00:00","4","18.9","72.8166666","11.0","BOMBAY COLABA, IN","FM-12","99999","V020","999,9,C,0000,1","22000,1,9,N","002000,1,9,9","+0310,1","+0271,1","10085,1",,,"4,1,02,1","0,1,02,1",,,"01,1,+00800,1,06,1","99,9,+99999,9,03,1",,"9,AGL   ,+99999,+99999","03,99,1,01,1,99,9,00800,1,99,9,99,9",,"9,9,999,9,+000,1","05,1","SYN06443057 31595 30000 10310 20271 40085 70540 81530 333 10335 58000=",
"43057099999","2023-10-17T03:00:00","4","18.9","72.8166666","11.0","BOMBAY COLABA, IN","FM-12","99999","V020","999,9,C,0000,1","22000,1,9,N","002000,1,9,9","+0282,1","+0257,1","10131,1",,,"0,1,02,1","0,1,02,1",,,"01,1,+00800,1,06,1","99,9,+99999,9,03,1",,"9,AGL   ,+99999,+99999","02,99,1,01,1,99,9,00800,1,99,9,99,9","240,N,+0265,1","9,9,999,9,+012,1","05,1","SYN07443057 31595 20000 10282 20257 40131 70500 81530 333 20265 58012 555 10024=",
"43057099999","2023-10-17T06:00:00","4","18.9","72.8166666","11.0","BOMBAY COLABA, IN","FM-12","99999","V020","999,9,C,0000,1","22000,1,9,N","002000,1,9,9","+0314,1","+0270,1","10130,1",,,"0,1,02,1","0,1,02,1",,,"01,1,+00800,1,06,1",,,"9,AGL   ,+99999,+99999","01,99,1,01,1,99,9,00800,1,99,9,99,9",,"9,9,999,9,+018,1","05,1","SYN05843057 31595 10000 10314 20270 40130 70500 81500 333 58018=",
"43057099999","2023-10-17T09:00:00","4","18.9","72.8166666","11.0","BOMBAY COLABA, IN","FM-12","99999","V020","340,1,N,0010,1","99999,9,9,N","004000,1,9,9","+0326,1","+0277,1","10107,1",,,"0,1,02,1","0,1,02,1",,,,,,,,,"9,9,999,9,+016,1","05,1","SYN05243057 31996 03402 10326 20277 40107 70500 333 58016=",
"43057099999","2023-10-17T12:00:00","4","18.9","72.8166666","11.0","BOMBAY COLABA, IN","FM-12","99999","V020","290,1,N,0010,1","22000,1,9,N","002000,1,9,9","+0310,1","+0283,1","10106,1",,,"0,1,02,1","0,1,02,1",,,"02,1,+00800,1,06,1",,,"9,AGL   ,+99999,+99999","02,99,1,02,1,99,9,00800,1,99,9,99,9",,"9,9,999,9,+021,1","05,1","SYN06443057 31595 22902 10310 20283 40106 70500 82500 333 10332 58021=",
"43057099999","2023-10-18T03:00:00","4","18.9","72.8166666","11.0","BOMBAY COLABA, IN","FM-12","99999","V020","999,9,C,0000,1","22000,1,9,N","002000,1,9,9","+0284,1","+0264,1","10139,1",,,"0,1,02,1","0,1,02,1",,,"02,1,+00800,1,06,1","99,9,+99999,9,03,1",,"9,AGL   ,+99999,+99999","04,99,1,02,1,99,9,00800,1,99,9,99,9","240,N,+0266,1","9,9,999,9,+008,1","05,1","SYN07443057 31595 40000 10284 20264 40139 70500 82530 333 20266 58008 555 10024=",
"43057099999","2023-10-18T12:00:00","4","18.9","72.8166666","11.0","BOMBAY COLABA, IN","FM-12","99999","V020","999,9,C,0000,1","22000,1,9,N","002000,1,9,9","+0310,1","+0266,1","10108,1",,,"0,1,02,1","0,1,02,1",,,"01,1,+00800,1,06,1",,,"9,AGL   ,+99999,+99999","01,99,1,01,1,99,9,00800,1,99,9,99,9",,"9,9,999,9,+002,1","05,1","SYN06443057 31595 10000 10310 20266 40108 70500 81500 333 10332 58002=",
"43057099999","2023-10-19T03:00:00","4","18.9","72.8166666","11.0","BOMBAY COLABA, IN","FM-12","99999","V020","999,9,C,0000,1","22000,1,9,N","002000,1,9,9","+0290,1","+0238,1","10134,1",,,"0,1,02,1","0,1,02,1",,,"01,1,+00800,1,06,1",,,"9,AGL   ,+99999,+99999","01,99,1,01,1,99,9,00800,1,99,9,99,9","240,N,+0260,1","9,9,999,9,-005,1","05,1","SYN07443057 31595 10000 10290 20238 40134 70500 81400 333 20260 59005 555 10024=",
"43057099999","2023-10-19T09:00:00","4","18.9","72.8166666","11.0","BOMBAY COLABA, IN","FM-12","99999","V020","999,9,C,0000,1","99999,9,9,N","004000,1,9,9","+0326,1","+0237,1","10111,1",,,"0,1,02,1","0,1,02,1",,,,,,,,,"9,9,999,9,+001,1","04,1","SYN05243057 31996 00000 10326 20237 40111 70400 333 58001=",
"43057099999","2023-10-19T12:00:00","4","18.9","72.8166666","11.0","BOMBAY COLABA, IN","FM-12","99999","V020","999,9,C,0000,1","22000,1,9,N","002000,1,9,9","+0314,1","+0236,1","10104,1",,,"0,1,02,1","0,1,02,1",,,"01,1,+00800,1,06,1",,,"9,AGL   ,+99999,+99999","01,99,1,01,1,99,9,00800,1,99,9,99,9",,"9,9,999,9,-004,1","04,1","SYN06443057 31595 10000 10314 20236 40104 70400 81500 333 10335 59004=",
"43057099999","2023-10-20T00:00:00","4","18.9","72.8166666","11.0","BOMBAY COLABA, IN","FM-12","99999","V020","999,9,C,0000,1","22000,1,9,N","002000,1,9,9","+0280,1","+0249,1","10111,1",,,"0,1,02,1","0,1,02,1",,,"01,1,+00800,1,06,1",,,"9,AGL   ,+99999,+99999","01,99,1,01,1,99,9,00800,1,99,9,99,9",,"9,9,999,9,-004,1","05,1","SYN05843057 31595 10000 10280 20249 40111 70500 81500 333 59004=",
"43057099999","2023-10-20T03:00:00","4","18.9","72.8166666","11.0","BOMBAY COLABA, IN","FM-12","99999","V020","999,9,C,0000,1","22000,1,9,N","002000,1,9,9","+0286,1","+0258,1","10132,1",,,"0,1,02,1","0,1,02,1",,,"02,1,+00800,1,06,1",,,"9,AGL   ,+99999,+99999","02,99,1,02,1,99,9,00800,1,99,9,99,9","240,N,+0258,1","9,9,999,9,-002,1","05,1","SYN07443057 31595 20000 10286 20258 40132 70500 82500 333 20258 59002 555 10024=",
"43057099999","2023-10-20T12:00:00","4","18.9","72.8166666","11.0","BOMBAY COLABA, IN","FM-12","99999","V020","999,9,C,0000,1","22000,1,9,N","002000,1,9,9","+0314,1","+0267,1","10102,1",,,"0,1,02,1","0,1,02,1",,,"02,1,+00800,1,06,1","99,9,+99999,9,03,1",,"9,AGL   ,+99999,+99999","04,99,1,02,1,99,9,00800,1,99,9,99,9",,"9,9,999,9,-002,1","05,1","SYN06443057 31595 40000 10314 20267 40102 70500 82430 333 10345 59002=",
"43057099999","2023-10-21T03:00:00","4","18.9","72.8166666","11.0","BOMBAY COLABA, IN","FM-12","99999","V020","999,9,C,0000,1","22000,1,9,N","002000,1,9,9","+0284,1","+0247,1","10136,1",,,"0,1,02,1","0,1,02,1",,,"01,1,+00800,1,06,1",,,"9,AGL   ,+99999,+99999","01,99,1,01,1,99,9,00800,1,99,9,99,9","240,N,+0265,1","9,9,999,9,+004,1","05,1","SYN07443057 31595 10000 10284 20247 40136 70500 81500 333 20265 58004 555 10024=",
"43057099999","2023-10-21T06:00:00","4","18.9","72.8166666","11.0","BOMBAY COLABA, IN","FM-12","99999","V020","999,9,C,0000,1","22000,1,9,N","004000,1,9,9","+0320,1","+0227,1","10132,1",,,"0,1,02,1","0,1,02,1",,,"01,1,+00800,1,06,1",,,"9,AGL   ,+99999,+99999","01,99,1,01,1,99,9,00800,1,99,9,99,9",,"9,9,999,9,+006,1","05,1","SYN05843057 31596 10000 10320 20227 40132 70500 81500 333 58006=",
"43057099999","2023-10-21T09:00:00","4","18.9","72.8166666","11.0","BOMBAY COLABA, IN","FM-12","99999","V020","999,9,C,0000,1","22000,1,9,N","002000,1,9,9","+0350,1","+0201,1","10108,1",,,"0,1,02,1","0,1,02,1",,,"02,1,+00800,1,06,1","99,9,+99999,9,03,1",,"9,AGL   ,+99999,+99999","03,99,1,02,1,99,9,00800,1,99,9,99,9",,"9,9,999,9,+006,1","04,1","SYN05843057 31595 30000 10350 20201 40108 70400 82530 333 58006=",
"43057099999","2023-10-21T12:00:00","4","18.9","72.8166666","11.0","BOMBAY COLABA, IN","FM-12","99999","V020","999,9,C,0000,1","22000,1,9,N","002000,1,9,9","+0316,1","+0260,1","10111,1",,,"0,1,02,1","0,1,02,1",,,"02,1,+00800,1,06,1",,,"9,AGL   ,+99999,+99999","02,99,1,02,1,99,9,00800,1,99,9,99,9",,"9,9,999,9,+009,1","04,1","SYN06443057 31595 20000 10316 20260 40111 70400 82500 333 10350 58009=",
"43057099999","2023-10-22T03:00:00","4","18.9","72.8166666","11.0","BOMBAY COLABA, IN","FM-12","99999","V020","999,9,C,0000,1","22000,1,9,N","002000,1,9,9","+0292,1","+0267,1","10145,1",,,"0,1,02,1","0,1,02,1",,,"01,1,+00800,1,06,1",,,"9,AGL   ,+99999,+99999","01,99,1,01,1,99,9,00800,1,99,9,99,9","240,N,+0270,1","9,9,999,9,+009,1","05,1","SYN07443057 31595 10000 10292 20267 40145 70500 81500 333 20270 58009 555 10024=",
"43057099999","2023-10-22T06:00:00","4","18.9","72.8166666","11.0","BOMBAY COLABA, IN","FM-12","99999","V020","999,9,C,0000,1","22000,1,9,N","002000,1,9,9","+0326,1","+0240,1","10139,1",,,"0,1,02,1","0,1,02,1",,,"02,1,+00800,1,06,1",,,"9,AGL   ,+99999,+99999","02,99,1,02,1,99,9,00800,1,99,9,99,9",,"9,9,999,9,+007,1","04,1","SYN05843057 31595 20000 10326 20240 40139 70400 82500 333 58007=",
"43057099999","2023-10-22T12:00:00","4","18.9","72.8166666","11.0","BOMBAY COLABA, IN","FM-12","99999","V020","999,9,C,0000,1","22000,1,9,N","002000,1,9,9","+0310,1","+0268,1","10112,1",,,"0,1,02,1","0,1,02,1",,,"02,1,+00800,1,06,1",,,"9,AGL   ,+99999,+99999","02,99,1,02,1,99,9,00800,1,99,9,99,9",,"9,9,999,9,+001,1","05,1","SYN06443057 31595 20000 10310 20268 40112 70500 82500 333 10355 58001=",
"43057099999","2023-10-23T03:00:00","4","18.9","72.8166666","11.0","BOMBAY COLABA, IN","FM-12","99999","V020","999,9,C,0000,1","22000,1,9,N","002000,1,9,9","+0280,1","+0248,1","10136,1",,,"0,1,02,1","0,1,02,1",,,"01,1,+00800,1,06,1",,,"9,AGL   ,+99999,+99999","01,99,1,01,1,99,9,00800,1,99,9,99,9","240,N,+0265,1","9,9,999,9,-009,1","05,1","SYN07443057 31595 10000 10280 20248 40136 70500 81500 333 20265 59009 555 10024=",
"43057099999","2023-10-23T12:00:00","4","18.9","72.8166666","11.0","BOMBAY COLABA, IN","FM-12","99999","V020","999,9,C,0000,1","22000,1,9,N","004000,1,9,9","+0310,1","+0257,1","10102,1",,,"0,1,02,1","0,1,02,1",,,"01,1,+00800,1,06,1",,,"9,AGL   ,+99999,+99999","01,99,1,01,1,99,9,00800,1,99,9,99,9",,"9,9,999,9,-010,1","05,1","SYN06443057 31596 10000 10310 20257 40102 70500 81500 333 10335 59010=",
"43057099999","2023-10-24T03:00:00","4","18.9","72.8166666","11.0","BOMBAY COLABA, IN","FM-12","99999","V020","999,9,C,0000,1","22000,1,9,N","002000,1,9,9","+0284,1","+0259,1","10129,1",,,"0,1,02,1","0,1,02,1",,,"02,1,+00800,1,06,1","99,9,+99999,9,03,1",,"9,AGL   ,+99999,+99999","03,99,1,02,1,99,9,00800,1,99,9,99,9","240,N,+0262,1","9,9,999,9,-007,1","05,1","SYN07443057 31595 30000 10284 20259 40129 70500 82530 333 20262 59007 555 10024=",
"43057099999","2023-10-24T12:00:00","4","18.9","72.8166666","11.0","BOMBAY COLABA, IN","FM-12","99999","V020","999,9,C,0000,1","22000,1,9,N","004000,1,9,9","+0310,1","+0238,1","10100,1",,,"0,1,02,1","0,1,02,1",,,"01,1,+00800,1,06,1",,,"9,AGL   ,+99999,+99999","01,99,1,01,1,99,9,00800,1,99,9,99,9",,"9,9,999,9,-002,1","04,1","SYN06443057 31596 10000 10310 20238 40100 70400 81500 333 10355 59002=",
"43057099999","2023-10-25T03:00:00","4","18.9","72.8166666","11.0","BOMBAY COLABA, IN","FM-12","99999","V020","999,9,C,0000,1","22000,1,9,N","002000,1,9,9","+0284,1","+0256,1","10144,1",,,"0,1,02,1","0,1,02,1",,,"02,1,+00800,1,06,1",,,"9,AGL   ,+99999,+99999","02,99,1,02,1,99,9,00800,1,99,9,99,9","240,N,+0256,1","9,9,999,9,+015,1","05,1","SYN07443057 31595 20000 10284 20256 40144 70500 82400 333 20256 58015 555 10024=",
"43057099999","2023-10-25T12:00:00","4","18.9","72.8166666","11.0","BOMBAY COLABA, IN","FM-12","99999","V020","999,9,C,0000,1","99999,9,9,N","004000,1,9,9","+0320,1","+0227,1","10115,1",,,"0,1,02,1","0,1,02,1",,,,,,,,,"9,9,999,9,+015,1","05,1","SYN05843057 31596 00000 10320 20227 40115 70500 333 10350 58015=",
"43057099999","2023-10-26T03:00:00","4","18.9","72.8166666","11.0","BOMBAY COLABA, IN","FM-12","99999","V020","999,9,C,0000,1","99999,9,9,N","002000,1,9,9","+0276,1","+0247,1","10150,1",,,"0,1,02,1","0,1,02,1",,,,,,,,"240,N,+0258,1","9,9,999,9,+006,1","05,1","SYN06843057 31595 00000 10276 20247 40150 70500 333 20258 58006 555 10024=",
"43057099999","2023-10-26T06:00:00","4","18.9","72.8166666","11.0","BOMBAY COLABA, IN","FM-12","99999","V020","999,9,C,0000,1","99999,9,9,N","004000,1,9,9","+0330,1","+0190,1","10147,1",,,"0,1,02,1","0,1,02,1",,,,,,,,,"9,9,999,9,+003,1","05,1","SYN05243057 31596 00000 10330 20190 40147 70500 333 58003=",
"43057099999","2023-10-26T12:00:00","4","18.9","72.8166666","11.0","BOMBAY COLABA, IN","FM-12","99999","V020","999,9,C,0000,1","22000,1,9,N","002000,1,9,9","+0306,1","+0234,1","10116,1",,,"0,1,02,1","0,1,02,1",,,"01,1,+00800,1,06,1",,,"9,AGL   ,+99999,+99999","01,99,1,01,1,99,9,00800,1,99,9,99,9",,"9,9,999,9,+001,1","04,1","SYN06443057 31595 10000 10306 20234 40116 70400 81500 333 10355 58001=",
"43057099999","2023-10-27T03:00:00","4","18.9","72.8166666","11.0","BOMBAY COLABA, IN","FM-12","99999","V020","070,1,N,0010,1","22000,1,9,N","002000,1,9,9","+0270,1","+0235,1","10137,1",,,"0,1,02,1","0,1,02,1",,,"01,1,+00800,1,06,1",,,"9,AGL   ,+99999,+99999","01,99,1,01,1,99,9,00800,1,99,9,99,9","240,N,+0248,1","9,9,999,9,-013,1","05,1","SYN07443057 31595 10702 10270 20235 40137 70500 81500 333 20248 59013 555 10024=",
"43057099999","2023-10-27T06:00:00","4","18.9","72.8166666","11.0","BOMBAY COLABA, IN","FM-12","99999","V020","999,9,C,0000,1","99999,9,9,N","002000,1,9,9","+0326,1","+0177,1","10134,1",,,"0,1,02,1","0,1,02,1",,,,,,,,,"9,9,999,9,-013,1","04,1","SYN05243057 31995 00000 10326 20177 40134 70400 333 59013=",
"43057099999","2023-10-27T09:00:00","4","18.9","72.8166666","11.0","BOMBAY COLABA, IN","FM-12","99999","V020","290,1,N,0010,1","99999,9,9,N","004000,1,9,9","+0342,1","+0223,1","10101,1",,,"0,1,02,1","0,1,02,1",,,,,,,,,"9,9,999,9,-017,1","05,1","SYN05243057 31596 02902 10342 20223 40101 70500 333 59017=",
"43057099999","2023-10-27T12:00:00","4","18.9","72.8166666","11.0","BOMBAY COLABA, IN","FM-12","99999","V020","999,9,C,0000,1","99999,9,9,N","004000,1,9,9","+0304,1","+0218,1","10097,1",,,"0,1,02,1","0,1,02,1",,,,,,,,,"9,9,999,9,-019,1","05,1","SYN05843057 31596 00000 10304 20218 40097 70500 333 10356 59019=",
"43057099999","2023-10-28T03:00:00","4","18.9","72.8166666","11.0","BOMBAY COLABA, IN","FM-12","99999","V020","090,1,N,0010,1","99999,9,9,N","004000,1,9,9","+0264,1","+0216,1","10130,1",,,"0,1,02,1","0,1,02,1",,,,,,,,"240,N,+0242,1","9,9,999,9,-007,1","05,1","SYN06843057 31596 00902 10264 20216 40130 70500 333 20242 59007 555 10024=",
"43057099999","2023-10-28T06:00:00","4","18.9","72.8166666","11.0","BOMBAY COLABA, IN","FM-12","99999","V020","090,1,N,0010,1","99999,9,9,N","004000,1,9,9","+0328,1","+0191,1","10129,1",,,"0,1,02,1","0,1,02,1",,,,,,,,,"9,9,999,9,-005,1","05,1","SYN05243057 31596 00902 10328 20191 40129 70500 333 59005=",
"43057099999","2023-10-28T09:00:00","4","18.9","72.8166666","11.0","BOMBAY COLABA, IN","FM-12","99999","V020","999,9,C,0000,1","99999,9,9,N","004000,1,9,9","+0352,1","+0172,1","10099,1",,,"0,1,02,1","0,1,02,1",,,,,,,,,"9,9,999,9,-002,1","04,1","SYN05243057 31996 00000 10352 20172 40099 70400 333 59002=",
"43057099999","2023-10-28T12:00:00","4","18.9","72.8166666","11.0","BOMBAY COLABA, IN","FM-12","99999","V020","999,9,C,0000,1","99999,9,9,N","004000,1,9,9","+0310,1","+0219,1","10101,1",,,"0,1,02,1","0,1,02,1",,,,,,,,,"9,9,999,9,+004,1","05,1","SYN05843057 31996 00000 10310 20219 40101 70500 333 10357 58004=",
"43057099999","2023-10-29T03:00:00","4","18.9","72.8166666","11.0","BOMBAY COLABA, IN","FM-12","99999","V020","090,1,N,0005,1","99999,9,9,N","002000,1,9,9","+0274,1","+0243,1","10124,1",,,"0,1,02,1","0,1,02,1",,,,,,,,"240,N,+0245,1","9,9,999,9,-006,1","05,1","SYN06843057 31995 00901 10274 20243 40124 70500 333 20245 59006 555 10024=",
"43057099999","2023-10-29T06:00:00","4","18.9","72.8166666","11.0","BOMBAY COLABA, IN","FM-12","99999","V020","999,9,C,0000,1","99999,9,9,N","002000,1,9,9","+0324,1","+0186,1","10124,1",,,"0,1,02,1","0,1,02,1",,,,,,,,,"9,9,999,9,-005,1","05,1","SYN05243057 31995 00000 10324 20186 40124 70500 333 59005=",
"43057099999","2023-10-29T12:00:00","4","18.9","72.8166666","11.0","BOMBAY COLABA, IN","FM-12","99999","V020","999,9,C,0000,1","99999,9,9,N","002000,1,9,9","+0314,1","+0223,1","10096,1",,,"0,1,02,1","0,1,02,1",,,,,,,,,"9,9,999,9,-005,1","05,1","SYN05843057 31995 00000 10314 20223 40096 70500 333 10355 59005=",
"43057099999","2023-10-30T03:00:00","4","18.9","72.8166666","11.0","BOMBAY COLABA, IN","FM-12","99999","V020","999,9,C,0000,1","99999,9,9,N","002000,1,9,9","+0268,1","+0207,1","10125,1",,,"0,1,02,1","0,1,02,1",,,,,,,,"240,N,+0250,1","9,9,999,9,+001,1","05,1","SYN06843057 31995 00000 10268 20207 40125 70500 333 20250 58001 555 10024=",
"43057099999","2023-10-30T09:00:00","4","18.9","72.8166666","11.0","BOMBAY COLABA, IN","FM-12","99999","V020","999,9,C,0000,1","99999,9,9,N","004000,1,9,9","+0344,1","+0189,1","10093,1",,,"0,1,02,1","0,1,02,1",,,,,,,,,"9,9,999,9,-002,1","05,1","SYN05243057 31596 00000 10344 20189 40093 70500 333 59002=",
"43057099999","2023-10-30T12:00:00","4","18.9","72.8166666","11.0","BOMBAY COLABA, IN","FM-12","99999","V020","999,9,C,0000,1","22000,1,9,N","002000,1,9,9","+0310,1","+0219,1","10095,1",,,"0,1,02,1","0,1,02,1",,,"01,1,+00800,1,06,1",,,"9,AGL   ,+99999,+99999","01,99,1,01,1,99,9,00800,1,99,9,99,9",,"9,9,999,9,-001,1","05,1","SYN06443057 31595 10000 10310 20219 40095 70500 81500 333 10352 59001=",
"43057099999","2023-10-31T03:00:00","4","18.9","72.8166666","11.0","BOMBAY COLABA, IN","FM-12","99999","V020","999,9,C,0000,1","22000,1,9,N","002000,1,9,9","+0274,1","+0227,1","10130,1",,,"0,1,02,1","0,1,02,1",,,"01,1,+00800,1,06,1","99,9,+99999,9,03,1",,"9,AGL   ,+99999,+99999","03,99,1,01,1,99,9,00800,1,99,9,99,9","240,N,+0255,1","9,9,999,9,+005,1","05,1","SYN07443057 31595 30000 10274 20227 40130 70500 81430 333 20255 58005 555 10024=",
"43057099999","2023-10-31T12:00:00","4","18.9","72.8166666","11.0","BOMBAY COLABA, IN","FM-12","99999","V020","270,1,N,0005,1","22000,1,9,N","002000,1,9,9","+0310,1","+0235,1","10103,1",,,"0,1,02,1","0,1,02,1",,,"01,1,+00800,1,06,1",,,"9,AGL   ,+99999,+99999","01,99,1,01,1,99,9,00800,1,99,9,99,9",,"9,9,999,9,+008,1","05,1","SYN06443057 31595 12701 10310 20235 40103 70500 81500 333 10352 58008=",
"43057099999","2023-11-01T00:00:00","4","18.9","72.8166666","11.0","BOMBAY COLABA, IN","FM-12","99999","V020","999,9,C,0000,1","22000,1,9,N","002000,1,9,9","+0270,1","+0244,1","10118,1",,,"0,1,02,1","0,1,02,1",,,"01,1,+00800,1,06,1",,,"9,AGL   ,+99999,+99999","01,99,1,01,1,99,9,00800,1,99,9,99,9",,"9,9,999,9,+007,1","05,1","SYN05843057 31595 10000 10270 20244 40118 70500 81500 333 58007=",
"43057099999","2023-11-01T03:00:00","4","18.9","72.8166666","11.0","BOMBAY COLABA, IN","FM-12","99999","V020","999,9,C,0000,1","22000,1,9,N","002000,1,9,9","+0270,1","+0213,1","10141,1",,,"0,1,02,1","0,1,02,1",,,"01,1,+00800,1,06,1",,,"9,AGL   ,+99999,+99999","01,99,1,01,1,99,9,00800,1,99,9,99,9","240,N,+0250,1","9,9,999,9,+011,1","05,1","SYN07443057 31595 10000 10270 20213 40141 70500 81500 333 20250 58011 555 10024=",
"43057099999","2023-11-01T12:00:00","4","18.9","72.8166666","11.0","BOMBAY COLABA, IN","FM-12","99999","V020","999,9,C,0000,1","22000,1,9,N","004000,1,9,9","+0306,1","+0234,1","10112,1",,,"0,1,02,1","0,1,02,1",,,"01,1,+00800,1,06,1",,,"9,AGL   ,+99999,+99999","01,99,1,01,1,99,9,00800,1,99,9,99,9","240,M,+0352,1","9,9,999,9,+009,1","05,1","SYN06443057 31596 10000 10306 20234 40112 70500 81500 333 10352 58009=",
"43057099999","2023-11-02T03:00:00","4","18.9","72.8166666","11.0","BOMBAY COLABA, IN","FM-12","99999","V020","999,9,C,0000,1","22000,1,9,N","002000,1,9,9","+0270,1","+0244,1","10136,1",,,"0,1,02,1","0,1,02,1",,,"01,1,+00800,1,06,1",,,"9,AGL   ,+99999,+99999","01,99,1,01,1,99,9,00800,1,99,9,99,9","240,N,+0250,1","9,9,999,9,-005,1","05,1","SYN07443057 31595 10000 10270 20244 40136 70500 81500 333 20250 59005 555 10024=",
"43057099999","2023-11-02T06:00:00","4","18.9","72.8166666","11.0","BOMBAY COLABA, IN","FM-12","99999","V020","070,1,N,0005,1","22000,1,9,N","002000,1,9,9","+0328,1","+0206,1","10129,1",,,"0,1,02,1","0,1,02,1",,,"01,1,+00800,1,06,1",,,"9,AGL   ,+99999,+99999","01,99,1,01,1,99,9,00800,1,99,9,99,9",,"9,9,999,9,-008,1","05,1","SYN05843057 31595 10701 10328 20206 40129 70500 81500 333 59008=",
"43057099999","2023-11-02T09:00:00","4","18.9","72.8166666","11.0","BOMBAY COLABA, IN","FM-12","99999","V020","999,9,C,0000,1","99999,9,9,N","002000,1,9,9","+0344,1","+0204,1","10106,1",,,"0,1,02,1","0,1,02,1",,,,,,,,,"9,9,999,9,-004,1","05,1","SYN05243057 31995 00000 10344 20204 40106 70500 333 59004=",
"43057099999","2023-11-02T12:00:00","4","18.9","72.8166666","11.0","BOMBAY COLABA, IN","FM-12","99999","V020","999,9,C,0000,1","99999,9,9,N","002000,1,9,9","+0310,1","+0238,1","10102,1",,,"0,1,02,1","0,1,02,1",,,,,,,,,"9,9,999,9,-010,1","05,1","SYN05843057 31995 00000 10310 20238 40102 70500 333 10350 59010=",
"43057099999","2023-11-03T03:00:00","4","18.9","72.8166666","11.0","BOMBAY COLABA, IN","FM-12","99999","V020","999,9,C,0000,1","22000,1,9,N","002000,1,9,9","+0272,1","+0237,1","10118,1",,,"0,1,02,1","0,1,02,1",,,"01,1,+99999,9,06,1",,,"9,AGL   ,+99999,+99999","01,99,1,01,1,99,9,99999,9,99,9,99,9","240,N,+0252,1","9,9,999,9,-018,1","05,1","SYN07443057 31995 10000 10272 20237 40118 70500 81500 333 20252 59018 555 10024=",
"43057099999","2023-11-03T12:00:00","4","18.9","72.8166666","11.0","BOMBAY COLABA, IN","FM-12","99999","V020","999,9,C,0000,1","22000,1,9,N","002000,1,9,9","+0310,1","+0257,1","10080,1",,,"0,1,02,1","0,1,02,1",,,"01,1,+00800,1,06,1",,,"9,AGL   ,+99999,+99999","01,99,1,01,1,99,9,00800,1,99,9,99,9",,"9,9,999,9,-022,1","05,1","SYN06443057 31595 10000 10310 20257 40080 70500 81500 333 10355 59022=",
"43057099999","2023-11-04T03:00:00","4","18.9","72.8166666","11.0","BOMBAY COLABA, IN","FM-12","99999","V020","090,1,N,0010,1","22000,1,9,N","002000,1,9,9","+0270,1","+0235,1","10107,1",,,"0,1,02,1","0,1,02,1",,,"01,1,+00800,1,06,1",,,"9,AGL   ,+99999,+99999","01,99,1,01,1,99,9,00800,1,99,9,99,9","240,N,+0250,1","9,9,999,9,-011,1","05,1","SYN07443057 31595 10902 10270 20235 40107 70500 81400 333 20250 59011 555 10024=",
"43057099999","2023-11-04T06:00:00","4","18.9","72.8166666","11.0","BOMBAY COLABA, IN","FM-12","99999","V020","999,9,C,0000,1","22000,1,9,N","002000,1,9,9","+0324,1","+0201,1","10101,1",,,"0,1,02,1","0,1,02,1",,,"01,1,+00800,1,06,1",,,"9,AGL   ,+99999,+99999","01,99,1,01,1,99,9,00800,1,99,9,99,9",,"9,9,999,9,+009,1","05,1","SYN05843057 31595 10000 10324 20201 40101 70500 81500 333 58009=",
"43057099999","2023-11-04T12:00:00","4","18.9","72.8166666","11.0","BOMBAY COLABA, IN","FM-12","99999","V020","999,9,C,0000,1","99999,9,9,N","002000,1,9,9","+0330,1","+0245,1","10077,1",,,"0,1,02,1","0,1,02,1",,,,,,,,,"9,9,999,9,-003,1","05,1","SYN05843057 31995 00000 10330 20245 40077 70500 333 10358 59003=",
"43057099999","2023-11-05T03:00:00","4","18.9","72.8166666","11.0","BOMBAY COLABA, IN","FM-12","99999","V020","999,9,C,0000,1","22000,1,9,N","002000,1,9,9","+0278,1","+0249,1","10124,1",,,"0,1,02,1","0,1,02,1",,,"01,1,+00800,1,06,1",,,"9,AGL   ,+99999,+99999","01,99,1,01,1,99,9,00800,1,99,9,99,9","240,N,+0260,1","9,9,999,9,+017,1","05,1","SYN07443057 31595 10000 10278 20249 40124 70500 81500 333 20260 58017 555 10024=",
"43057099999","2023-11-05T12:00:00","4","18.9","72.8166666","11.0","BOMBAY COLABA, IN","FM-12","99999","V020","999,9,C,0000,1","22000,1,9,N","002000,1,9,9","+0314,1","+0258,1","10095,1",,,"0,1,02,1","0,1,02,1",,,"01,1,+00800,1,06,1","99,9,+99999,9,03,1","99,9,+99999,9,00,1","9,AGL   ,+99999,+99999","04,99,1,01,1,99,9,00800,1,99,9,99,9",,"9,9,999,9,+018,1","05,1","SYN06443057 31595 40000 10314 20258 40095 70500 81541 333 10342 58018=",
"43057099999","2023-11-06T03:00:00","4","18.9","72.8166666","11.0","BOMBAY COLABA, IN","FM-12","99999","V020","999,9,C,0000,1","22000,1,9,N","002000,1,9,9","+0270,1","+0244,1","10137,1",,,"0,1,02,1","0,1,02,1",,,"01,1,+00800,1,06,1","99,9,+99999,9,00,1",,"9,AGL   ,+99999,+99999","02,99,1,01,1,99,9,00800,1,99,9,99,9","240,N,+0255,1","9,9,999,9,+013,1","05,1","SYN07443057 31595 20000 10270 20244 40137 70500 81501 333 20255 58013 555 10024=",
"43057099999","2023-11-06T06:00:00","4","18.9","72.8166666","11.0","BOMBAY COLABA, IN","FM-12","99999","V020","999,9,C,0000,1","22000,1,9,N","002000,1,9,9","+0318,1","+0190,1","10136,1",,,"0,1,02,1","0,1,02,1",,,"01,1,+00800,1,06,1","99,9,+99999,9,00,1",,"9,AGL   ,+99999,+99999","03,99,1,01,1,99,9,00800,1,99,9,99,9",,"9,9,999,9,+013,1","05,1","SYN05843057 31595 30000 10318 20190 40136 70500 81501 333 58013=",
"43057099999","2023-11-06T12:00:00","4","18.9","72.8166666","11.0","BOMBAY COLABA, IN","FM-12","99999","V020","999,9,C,0000,1","22000,1,9,N","002000,1,9,9","+0304,1","+0212,1","10113,1",,,"0,1,02,1","0,1,02,1",,,"02,1,+00800,1,06,1","99,9,+99999,9,00,1",,"9,AGL   ,+99999,+99999","03,99,1,02,1,99,9,00800,1,99,9,99,9",,"9,9,999,9,+018,1","05,1","SYN06443057 31595 30000 10304 20212 40113 70500 82501 333 10346 58018=",
"43057099999","2023-11-07T03:00:00","4","18.9","72.8166666","11.0","BOMBAY COLABA, IN","FM-12","99999","V020","090,1,N,0010,1","22000,1,9,N","002000,1,9,9","+0264,1","+0235,1","10141,1",,,"0,1,02,1","0,1,02,1",,,"01,1,+00800,1,06,1",,,"9,AGL   ,+99999,+99999","01,99,1,01,1,99,9,00800,1,99,9,99,9","240,N,+0245,1","9,9,999,9,+004,1","05,1","SYN07443057 31595 10902 10264 20235 40141 70500 81500 333 20245 58004 555 10024=",
"43057099999","2023-11-07T09:00:00","4","18.9","72.8166666","11.0","BOMBAY COLABA, IN","FM-12","99999","V020","999,9,C,0000,1","99999,9,9,N","002000,1,9,9","+0340,1","+0220,1","10107,1",,,"0,1,02,1","0,1,02,1",,,,,,,,,"9,9,999,9,-008,1","05,1","SYN05243057 31995 00000 10340 20220 40107 70500 333 59008=",
"43057099999","2023-11-07T12:00:00","4","18.9","72.8166666","11.0","BOMBAY COLABA, IN","FM-12","99999","V020","999,9,C,0000,1","22000,1,9,N","002000,1,9,9","+0306,1","+0246,1","10090,1",,,"0,1,02,1","0,1,02,1",,,"02,1,+00800,1,06,1","99,9,+99999,9,00,1",,"9,AGL   ,+99999,+99999","03,99,1,02,1,99,9,00800,1,99,9,99,9",,"9,9,999,9,-013,1","05,1","SYN06443057 31595 30000 10306 20246 40090 70500 82501 333 10352 59013=",
"43057099999","2023-11-08T03:00:00","4","18.9","72.8166666","11.0","BOMBAY COLABA, IN","FM-12","99999","V020","110,1,N,0015,1","22000,1,9,N","002000,1,9,9","+0278,1","+0246,1","10128,1",,,"0,1,02,1","0,1,02,1",,,"01,1,+00800,1,06,1","99,9,+99999,9,00,1",,"9,AGL   ,+99999,+99999","02,99,1,01,1,99,9,00800,1,99,9,99,9","240,N,+0256,1","9,9,999,9,-013,1","05,1","SYN07443057 31595 21103 10278 20246 40128 70500 81501 333 20256 59013 555 10024=",
"43057099999","2023-11-08T12:00:00","4","18.9","72.8166666","11.0","BOMBAY COLABA, IN","FM-12","99999","V020","140,1,N,0051,1","99999,9,9,N","002000,1,9,9","+0274,1","+0239,1","10121,1","09,0140,3,1",,"9,1,02,1","6,1,02,1",,,"03,1,+00800,1,09,1","99,9,+99999,9,05,1",,"9,AGL   ,+99999,+99999","08,99,1,03,1,99,9,00800,1,99,9,99,9",,"9,9,999,9,+021,1","95,1","SYN07043057 21595 81410 10274 20239 40121 79596 8392/ 333 10332 58021 6014/=",
"43057099999","2023-11-09T03:00:00","4","18.9","72.8166666","11.0","BOMBAY COLABA, IN","FM-12","99999","V020","999,9,C,0000,1","22000,1,9,N","002000,1,9,9","+0260,1","+0240,1","10138,1","24,0240,3,1",,"0,1,02,1","0,1,02,1",,,"01,1,+00800,1,06,1",,,"9,AGL   ,+99999,+99999","01,99,1,01,1,99,9,00800,1,99,9,99,9","240,N,+0230,1","9,9,999,9,+010,1","05,1","SYN08643057 21595 10000 10260 20240 40138 70500 81500 333 20230 58010 6024/ 555 00242 10048=",
"43057099999","2023-11-09T12:00:00","4","18.9","72.8166666","11.0","BOMBAY COLABA, IN","FM-12","99999","V020","999,9,C,0000,1","22000,1,9,N","002000,1,9,9","+0300,1","+0243,1","10105,1",,,"0,1,02,1","0,1,02,1",,,"01,1,+00800,1,06,1",,,"9,AGL   ,+99999,+99999","01,99,1,01,1,99,9,00800,1,99,9,99,9",,"9,9,999,9,-016,1","05,1","SYN06443057 31595 10000 10300 20243 40105 70500 81500 333 10334 59016=",
"43057099999","2023-11-10T03:00:00","4","18.9","72.8166666","11.0","BOMBAY COLABA, IN","FM-12","99999","V020","999,9,C,0000,1","22000,1,9,N","002000,1,9,9","+0264,1","+0242,1","10144,1","24,0010,3,1",,"0,1,02,1","0,1,02,1",,,"01,1,+00800,1,06,1",,,"9,AGL   ,+99999,+99999","01,99,1,01,1,99,9,00800,1,99,9,99,9","240,N,+0244,1","9,9,999,9,+004,1","05,1","SYN08643057 21595 10000 10264 20242 40144 70500 81500 333 20244 58004 6001/ 555 00012 10050=",
"43057099999","2023-11-10T12:00:00","4","18.9","72.8166666","11.0","BOMBAY COLABA, IN","FM-12","99999","V020","999,9,C,0000,1","22000,1,9,N","002000,1,9,9","+0302,1","+0232,1","10123,1",,,"0,1,02,1","0,1,02,1",,,"01,1,+00800,1,08,1",,,"9,AGL   ,+99999,+99999","01,99,1,01,1,99,9,00800,1,99,9,99,9",,"9,9,999,9,+018,1","05,1","SYN06443057 31595 10000 10302 20232 40123 70500 81100 333 10338 58018=",
"43057099999","2023-11-11T03:00:00","4","18.9","72.8166666","11.0","BOMBAY COLABA, IN","FM-12","99999","V020","050,1,N,0010,1","22000,1,9,N","002000,1,9,9","+0264,1","+0238,1","10154,1",,,"0,1,02,1","0,1,02,1",,,"01,1,+00800,1,06,1",,,"9,AGL   ,+99999,+99999","01,99,1,01,1,99,9,00800,1,99,9,99,9","240,N,+0250,1","9,9,999,9,+010,1","05,1","SYN07443057 31595 10502 10264 20238 40154 70500 81500 333 20250 58010 555 10050=",
"43057099999","2023-11-11T06:00:00","4","18.9","72.8166666","11.0","BOMBAY COLABA, IN","FM-12","99999","V020","050,1,N,0010,1","22000,1,9,N","004000,1,9,9","+0316,1","+0239,1","10149,1",,,"0,1,02,1","0,1,02,1",,,"01,1,+00800,1,06,1",,,"9,AGL   ,+99999,+99999","01,99,1,01,1,99,9,00800,1,99,9,99,9",,"9,9,999,9,+003,1","05,1","SYN05843057 31596 10502 10316 20239 40149 70500 81500 333 58003=",
"43057099999","2023-11-11T09:00:00","4","18.9","72.8166666","11.0","BOMBAY COLABA, IN","FM-12","99999","V020","999,9,C,0000,1","22000,1,9,N","004000,1,9,9","+0336,1","+0261,1","10119,1",,,"0,1,02,1","0,1,02,1",,,"01,1,+00800,1,06,1",,,"9,AGL   ,+99999,+99999","01,99,1,01,1,99,9,00800,1,99,9,99,9",,"9,9,999,9,+000,1","05,1","SYN05843057 31596 10000 10336 20261 40119 70500 81500 333 58000=",
"43057099999","2023-11-11T12:00:00","4","18.9","72.8166666","11.0","BOMBAY COLABA, IN","FM-12","99999","V020","320,1,N,0005,1","22000,1,9,N","002000,1,9,9","+0312,1","+0276,1","10117,1",,,"0,1,02,1","0,1,02,1",,,"01,1,+00800,1,06,1",,,"9,AGL   ,+99999,+99999","01,99,1,01,1,99,9,00800,1,99,9,99,9",,"9,9,999,9,-006,1","05,1","SYN06443057 31595 13201 10312 20276 40117 70500 81500 333 10344 59006=",
"43057099999","2023-11-12T03:00:00","4","18.9","72.8166666","11.0","BOMBAY COLABA, IN","FM-12","99999","V020","050,1,N,0010,1","22000,1,9,N","002000,1,9,9","+0274,1","+0224,1","10149,1",,,"0,1,02,1","0,1,02,1",,,"01,1,+00800,1,06,1",,,"9,AGL   ,+99999,+99999","01,99,1,01,1,99,9,00800,1,99,9,99,9","240,N,+0254,1","9,9,999,9,-005,1","05,1","SYN07443057 31595 10502 10274 20224 40149 70500 81500 333 20254 59005 555 10050=",
"43057099999","2023-11-12T12:00:00","4","18.9","72.8166666","11.0","BOMBAY COLABA, IN","FM-12","99999","V020","999,9,C,0000,1","22000,1,9,N","002000,1,9,9","+0314,1","+0236,1","10117,1",,,"0,1,02,1","0,1,02,1",,,"02,1,+00800,1,06,1",,,"9,AGL   ,+99999,+99999","02,99,1,02,1,99,9,00800,1,99,9,99,9",,"9,9,999,9,+000,1","05,1","SYN06443057 31595 20000 10314 20236 40117 70500 82500 333 10358 58000=",
"43057099999","2023-11-13T03:00:00","4","18.9","72.8166666","11.0","BOMBAY COLABA, IN","FM-12","99999","V020","110,1,N,0010,1","22000,1,9,N","002000,1,9,9","+0280,1","+0243,1","10143,1",,,"0,1,02,1","0,1,02,1",,,"01,1,+00800,1,06,1",,,"9,AGL   ,+99999,+99999","01,99,1,01,1,99,9,00800,1,99,9,99,9","240,N,+0258,1","9,9,999,9,-006,1","05,1","SYN07443057 31595 11102 10280 20243 40143 70500 81500 333 20258 59006 555 10050=",
"43057099999","2023-11-13T12:00:00","4","18.9","72.8166666","11.0","BOMBAY COLABA, IN","FM-12","99999","V020","999,9,C,0000,1","22000,1,9,N","002000,1,9,9","+0314,1","+0249,1","10113,1",,,"0,1,02,1","0,1,02,1",,,"01,1,+00800,1,06,1","99,9,+99999,9,00,1",,"9,AGL   ,+99999,+99999","02,99,1,01,1,99,9,00800,1,99,9,99,9",,"9,9,999,9,-004,1","05,1","SYN06443057 31595 20000 10314 20249 40113 70500 81501 333 10342 59004=",
"43057099999","2023-11-13T15:00:00","4","18.9","72.8166666","11.0","BOMBAY COLABA, IN","FM-12","99999","V020","999,9,C,0000,1","22000,1,9,N","002000,1,9,9","+0298,1","+0259,1","10134,1",,,"0,1,02,1","0,1,02,1",,,"01,1,+00800,1,06,1",,,"9,AGL   ,+99999,+99999","01,99,1,01,1,99,9,00800,1,99,9,99,9",,"9,9,999,9,-003,1","05,1","SYN05843057 31595 10000 10298 20259 40134 70500 81500 333 59003=",
"43057099999","2023-11-14T03:00:00","4","18.9","72.8166666","11.0","BOMBAY COLABA, IN","FM-12","99999","V020","999,9,C,0000,1","22000,1,9,N","002000,1,9,9","+0266,1","+0240,1","10143,1",,,"0,1,02,1","0,1,02,1",,,"01,1,+00800,1,06,1",,,"9,AGL   ,+99999,+99999","01,99,1,01,1,99,9,00800,1,99,9,99,9","240,N,+0246,1","9,9,999,9,+000,1","05,1","SYN07443057 31595 10000 10266 20240 40143 70500 81500 333 20246 58000 555 10050=",
"43057099999","2023-11-14T12:00:00","4","18.9","72.8166666","11.0","BOMBAY COLABA, IN","FM-12","99999","V020","999,9,C,0000,1","22000,1,9,N","002000,1,9,9","+0304,1","+0244,1","10109,1",,,"0,1,02,1","0,1,02,1",,,"01,1,+00800,1,06,1",,,"9,AGL   ,+99999,+99999","01,99,1,01,1,99,9,00800,1,99,9,99,9",,"9,9,999,9,-004,1","05,1","SYN06443057 31595 10000 10304 20244 40109 70500 81500 333 10334 59004=",
"43057099999","2023-11-15T00:00:00","4","18.9","72.8166666","11.0","BOMBAY COLABA, IN","FM-12","99999","V020","999,9,C,0000,1","22000,1,9,N","002000,1,9,9","+0264,1","+0238,1","10122,1",,,"0,1,02,1","0,1,02,1",,,"01,1,+00800,1,06,1",,,"9,AGL   ,+99999,+99999","01,99,1,01,1,99,9,00800,1,99,9,99,9",,"9,9,999,9,+001,1","05,1","SYN05843057 31595 10000 10264 20238 40122 70500 81500 333 58001=",
"43057099999","2023-11-15T03:00:00","4","18.9","72.8166666","11.0","BOMBAY COLABA, IN","FM-12","99999","V020","999,9,C,0000,1","22000,1,9,N","002000,1,9,9","+0260,1","+0234,1","10143,1",,,"0,1,02,1","0,1,02,1",,,"01,1,+00800,1,06,1",,,"9,AGL   ,+99999,+99999","01,99,1,01,1,99,9,00800,1,99,9,99,9","240,N,+0245,1","9,9,999,9,+000,1","05,1","SYN07443057 31595 10000 10260 20234 40143 70500 81500 333 20245 58000 555 10050=",
"43057099999","2023-11-15T12:00:00","4","18.9","72.8166666","11.0","BOMBAY COLABA, IN","FM-12","99999","V020","999,9,C,0000,1","22000,1,9,N","002000,1,9,9","+0310,1","+0232,1","10108,1",,,"0,1,02,1","0,1,02,1",,,"01,1,+00800,1,06,1",,,"9,AGL   ,+99999,+99999","01,99,1,01,1,99,9,00800,1,99,9,99,9",,"9,9,999,9,-001,1","05,1","SYN06443057 31595 10000 10310 20232 40108 70500 81500 333 10330 59001=",
"43057099999","2023-11-16T03:00:00","4","18.9","72.8166666","11.0","BOMBAY COLABA, IN","FM-12","99999","V020","999,9,C,0000,1","22000,1,9,N","002000,1,9,9","+0260,1","+0228,1","10142,1",,,"0,1,02,1","0,1,02,1",,,"01,1,+00800,1,06,1",,,"9,AGL   ,+99999,+99999","01,99,1,01,1,99,9,00800,1,99,9,99,9","240,N,+0240,1","9,9,999,9,-001,1","05,1","SYN07443057 31595 10000 10260 20228 40142 70500 81500 333 20240 59001 555 10050=",
"43057099999","2023-11-16T12:00:00","4","18.9","72.8166666","11.0","BOMBAY COLABA, IN","FM-12","99999","V020","999,9,C,0000,1","22000,1,9,N","002000,1,9,9","+0304,1","+0205,1","10116,1",,,"0,1,02,1","0,1,02,1",,,"01,1,+00800,1,06,1",,,"9,AGL   ,+99999,+99999","01,99,1,01,1,99,9,00800,1,99,9,99,9",,"9,9,999,9,+008,1","05,1","SYN06443057 31595 10000 10304 20205 40116 70500 81500 333 10332 58008=",
"43057099999","2023-11-17T03:00:00","4","18.9","72.8166666","11.0","BOMBAY COLABA, IN","FM-12","99999","V020","999,9,C,0000,1","22000,1,9,N","002000,1,9,9","+0264,1","+0221,1","10143,1",,,"0,1,02,1","0,1,02,1",,,"01,1,+00800,1,06,1",,,"9,AGL   ,+99999,+99999","01,99,1,01,1,99,9,00800,1,99,9,99,9","240,N,+0240,1","9,9,999,9,+001,1","05,1","SYN07443057 31595 10000 10264 20221 40143 70500 81500 333 20240 58001 555 10050=",
"43057099999","2023-11-17T12:00:00","4","18.9","72.8166666","11.0","BOMBAY COLABA, IN","FM-12","99999","V020","999,9,C,0000,1","22000,1,9,N","002000,1,9,9","+0300,1","+0196,1","10107,1",,,"0,1,02,1","0,1,02,1",,,"01,1,+00800,1,06,1",,,"9,AGL   ,+99999,+99999","01,99,1,01,1,99,9,00800,1,99,9,99,9",,"9,9,999,9,-009,1","05,1","SYN06443057 31595 10000 10300 20196 40107 70500 81500 333 10330 59009=",
"43057099999","2023-11-18T03:00:00","4","18.9","72.8166666","11.0","BOMBAY COLABA, IN","FM-12","99999","V020","999,9,C,0000,1","22000,1,9,N","002000,1,9,9","+0258,1","+0229,1","10135,1",,,"0,1,02,1","0,1,02,1",,,"01,1,+00800,1,06,1",,,"9,AGL   ,+99999,+99999","01,99,1,01,1,99,9,00800,1,99,9,99,9","240,N,+0240,1","9,9,999,9,-008,1","05,1","SYN07443057 31595 10000 10258 20229 40135 70500 81500 333 20240 59008 555 10050=",
"43057099999","2023-11-18T09:00:00","4","18.9","72.8166666","11.0","BOMBAY COLABA, IN","FM-12","99999","V020","999,9,C,0000,1","22000,1,9,N","002000,1,9,9","+0322,1","+0155,1","10105,1",,,"0,1,02,1","0,1,02,1",,,"01,1,+00800,1,06,1",,,"9,AGL   ,+99999,+99999","01,99,1,01,1,99,9,00800,1,99,9,99,9",,"9,9,999,9,-007,1","05,1","SYN05843057 31595 10000 10322 20155 40105 70500 81500 333 59007=",
"43057099999","2023-11-18T12:00:00","4","18.9","72.8166666","11.0","BOMBAY COLABA, IN","FM-12","99999","V020","999,9,C,0000,1","22000,1,9,N","002000,1,9,9","+0300,1","+0196,1","10105,1",,,"0,1,02,1","0,1,02,1",,,"01,1,+00800,1,06,1",,,"9,AGL   ,+99999,+99999","01,99,1,01,1,99,9,00800,1,99,9,99,9",,"9,9,999,9,-002,1","05,1","SYN06443057 31595 10000 10300 20196 40105 70500 81500 333 10332 59002=",
"43057099999","2023-11-19T03:00:00","4","18.9","72.8166666","11.0","BOMBAY COLABA, IN","FM-12","99999","V020","999,9,C,0000,1","22000,1,9,N","002000,1,9,9","+0260,1","+0234,1","10131,1",,,"0,1,02,1","0,1,02,1",,,"01,1,+00800,1,06,1",,,"9,AGL   ,+99999,+99999","01,99,1,01,1,99,9,00800,1,99,9,99,9","240,N,+0240,1","9,9,999,9,-004,1","05,1","SYN07443057 31595 10000 10260 20234 40131 70500 81500 333 20240 59004 555 10050=",
"43057099999","2023-11-19T12:00:00","4","18.9","72.8166666","11.0","BOMBAY COLABA, IN","FM-12","99999","V020","999,9,C,0000,1","22000,1,9,N","002000,1,9,9","+0304,1","+0218,1","10105,1",,,"0,1,02,1","0,1,02,1",,,"01,1,+00800,1,06,1",,,"9,AGL   ,+99999,+99999","01,99,1,01,1,99,9,00800,1,99,9,99,9",,"9,9,999,9,+000,1","05,1","SYN06443057 31595 10000 10304 20218 40105 70500 81500 333 10318 58000=",
"43057099999","2023-11-20T03:00:00","4","18.9","72.8166666","11.0","BOMBAY COLABA, IN","FM-12","99999","V020","999,9,C,0000,1","22000,1,9,N","002000,1,9,9","+0274,1","+0214,1","10138,1",,,"0,1,02,1","0,1,02,1",,,"01,1,+00800,1,06,1","99,9,+99999,9,03,1",,"9,AGL   ,+99999,+99999","03,99,1,01,1,99,9,00800,1,99,9,99,9","240,N,+0255,1","9,9,999,9,+007,1","05,1","SYN07443057 31595 30000 10274 20214 40138 70500 81530 333 20255 58007 555 10050=",
"43057099999","2023-11-20T12:00:00","4","18.9","72.8166666","11.0","BOMBAY COLABA, IN","FM-12","99999","V020","999,9,C,0000,1","22000,1,9,N","002000,1,9,9","+0270,1","+0206,1","10106,1",,,"0,1,02,1","0,1,02,1",,,"01,1,+00800,1,06,1",,,"9,AGL   ,+99999,+99999","01,99,1,01,1,99,9,00800,1,99,9,99,9",,"9,9,999,9,+001,1","05,1","SYN06443057 31595 10000 10270 20206 40106 70500 81500 333 10342 58001=",
"43057099999","2023-11-21T03:00:00","4","18.9","72.8166666","11.0","BOMBAY COLABA, IN","FM-12","99999","V020","999,9,C,0000,1","22000,1,9,N","002000,1,9,9","+0272,1","+0237,1","10140,1",,,"0,1,02,1","0,1,02,1",,,"01,1,+00800,1,06,1",,,"9,AGL   ,+99999,+99999","01,99,1,01,1,99,9,00800,1,99,9,99,9","240,N,+0254,1","9,9,999,9,+002,1","05,1","SYN07443057 31595 10000 10272 20237 40140 70500 81500 333 20254 58002 555 10050=",
"43057099999","2023-11-21T12:00:00","4","18.9","72.8166666","11.0","BOMBAY COLABA, IN","FM-12","99999","V020","999,9,C,0000,1","22000,1,9,N","002000,1,9,9","+0310,1","+0235,1","10105,1",,,"0,1,02,1","0,1,02,1",,,"01,1,+00800,1,06,1",,,"9,AGL   ,+99999,+99999","01,99,1,01,1,99,9,00800,1,99,9,99,9",,"9,9,999,9,-001,1","05,1","SYN06443057 31595 10000 10310 20235 40105 70500 81500 333 10342 59001=",
"43057099999","2023-11-22T03:00:00","4","18.9","72.8166666","11.0","BOMBAY COLABA, IN","FM-12","99999","V020","999,9,C,0000,1","22000,1,9,N","002000,1,9,9","+0264,1","+0213,1","10136,1",,,"0,1,02,1","0,1,02,1",,,"01,1,+00800,1,06,1",,,"9,AGL   ,+99999,+99999","01,99,1,01,1,99,9,00800,1,99,9,99,9","240,N,+0250,1","9,9,999,9,-004,1","05,1","SYN07443057 31595 10000 10264 20213 40136 70500 81500 333 20250 59004 555 10050=",
"43057099999","2023-11-22T12:00:00","4","18.9","72.8166666","11.0","BOMBAY COLABA, IN","FM-12","99999","V020","999,9,C,0000,1","22000,1,9,N","002000,1,9,9","+0294,1","+0233,1","10097,1",,,"0,1,02,1","0,1,02,1",,,"01,1,+00800,1,06,1",,,"9,AGL   ,+99999,+99999","01,99,1,01,1,99,9,00800,1,99,9,99,9",,"9,9,999,9,-008,1","05,1","SYN06443057 31595 10000 10294 20233 40097 70500 81500 333 10340 59008=",
"43057099999","2023-11-23T03:00:00","4","18.9","72.8166666","11.0","BOMBAY COLABA, IN","FM-12","99999","V020","999,9,C,0000,1","22000,1,9,N","002000,1,9,9","+0256,1","+0197,1","10115,1",,,"0,1,02,1","0,1,02,1",,,"01,1,+00800,1,06,1",,,"9,AGL   ,+99999,+99999","01,99,1,01,1,99,9,00800,1,99,9,99,9","240,N,+0233,1","9,9,999,9,-021,1","05,1","SYN07443057 31595 10000 10256 20197 40115 70500 81500 333 20233 59021 555 10050=",
"43057099999","2023-11-23T12:00:00","4","18.9","72.8166666","11.0","BOMBAY COLABA, IN","FM-12","99999","V020","999,9,C,0000,1","22000,1,9,N","004000,1,9,9","+0292,1","+0228,1","10076,1",,,"0,1,02,1","0,1,02,1",,,"01,1,+00800,1,06,1",,,"9,AGL   ,+99999,+99999","01,99,1,01,1,99,9,00800,1,99,9,99,9",,"9,9,999,9,-021,1","05,1","SYN06443057 31596 10000 10292 20228 40076 70500 81500 333 10342 59021=",
"43057099999","2023-11-24T03:00:00","4","18.9","72.8166666","11.0","BOMBAY COLABA, IN","FM-12","99999","V020","999,9,C,0000,1","22000,1,9,N","002000,1,9,9","+0262,1","+0207,1","10107,1",,,"0,1,02,1","0,1,02,1",,,"01,1,+00800,1,06,1",,,"9,AGL   ,+99999,+99999","01,99,1,01,1,99,9,00800,1,99,9,99,9","240,N,+0244,1","9,9,999,9,-008,1","05,1","SYN07443057 31595 10000 10262 20207 40107 70500 81400 333 20244 59008 555 10050=",
"43057099999","2023-11-24T06:00:00","4","18.9","72.8166666","11.0","BOMBAY COLABA, IN","FM-12","99999","V020","999,9,C,0000,1","22000,1,9,N","004000,1,9,9","+0320,1","+0240,1","10109,1",,,"0,1,02,1","0,1,02,1",,,"01,1,+00800,1,06,1",,,"9,AGL   ,+99999,+99999","01,99,1,01,1,99,9,00800,1,99,9,99,9",,"9,9,999,9,-002,1","05,1","SYN05843057 31596 10000 10320 20240 40109 70500 81500 333 59002=",
"43057099999","2023-11-24T09:00:00","4","18.9","72.8166666","11.0","BOMBAY COLABA, IN","FM-12","99999","V020","999,9,C,0000,1","22000,1,9,N","002000,1,9,9","+0334,1","+0237,1","10083,1",,,"0,1,02,1","0,1,02,1",,,"01,1,+00800,1,06,1",,,"9,AGL   ,+99999,+99999","01,99,1,01,1,99,9,00800,1,99,9,99,9",,"9,9,999,9,+004,1","05,1","SYN05843057 31595 10000 10334 20237 40083 70500 81500 333 58004=",
"43057099999","2023-11-24T12:00:00","4","18.9","72.8166666","11.0","BOMBAY COLABA, IN","FM-12","99999","V020","999,9,C,0000,1","22000,1,9,N","002000,1,9,9","+0304,1","+0259,1","10085,1",,,"0,1,02,1","0,1,02,1",,,"01,1,+00800,1,06,1",,,"9,AGL   ,+99999,+99999","01,99,1,01,1,99,9,00800,1,99,9,99,9",,"9,9,999,9,+009,1","05,1","SYN06443057 31595 10000 10304 20259 40085 70500 81500 333 10342 58009=",
"43057099999","2023-11-25T03:00:00","4","18.9","72.8166666","11.0","BOMBAY COLABA, IN","FM-12","99999","V020","070,1,N,0010,1","22000,1,9,N","002000,1,9,9","+0272,1","+0240,1","10126,1",,,"0,1,02,1","0,1,02,1",,,"01,1,+00800,1,06,1",,,"9,AGL   ,+99999,+99999","01,99,1,01,1,99,9,00800,1,99,9,99,9","240,N,+0254,1","9,9,999,9,+019,1","05,1","SYN07443057 31595 10702 10272 20240 40126 70500 81400 333 20254 58019 555 10050=",
"43057099999","2023-11-25T06:00:00","4","18.9","72.8166666","11.0","BOMBAY COLABA, IN","FM-12","99999","V020","090,1,N,0010,1","22000,1,9,N","004000,1,9,9","+0330,1","+0235,1","10123,1",,,"0,1,02,1","0,1,02,1",,,"01,1,+00800,1,06,1",,,"9,AGL   ,+99999,+99999","01,99,1,01,1,99,9,00800,1,99,9,99,9",,"9,9,999,9,-014,1","05,1","SYN05843057 31596 10902 10330 20235 40123 70500 81500 333 59014=",
"43057099999","2023-11-25T09:00:00","4","18.9","72.8166666","11.0","BOMBAY COLABA, IN","FM-12","99999","V020","999,9,C,0000,1","99999,9,9,N","002000,1,9,9","+0332,1","+0221,1","10098,1",,,"2,1,02,1","0,1,02,1",,,"02,1,+00800,1,06,1","99,9,+99999,9,03,1",,"9,AGL   ,+99999,+99999","06,99,1,02,1,99,9,00800,1,99,9,99,9",,"9,9,999,9,+015,1","05,1","SYN05843057 31595 60000 10332 20221 40098 70520 82430 333 58015=",
"43057099999","2023-11-25T12:00:00","4","18.9","72.8166666","11.0","BOMBAY COLABA, IN","FM-12","99999","V020","999,9,C,0000,1","22000,1,9,N","002000,1,9,9","+0304,1","+0244,1","10099,1",,,"0,1,02,1","0,1,02,1",,,"02,1,+00800,1,06,1","99,9,+99999,9,00,1",,"9,AGL   ,+99999,+99999","03,99,1,02,1,99,9,00800,1,99,9,99,9",,"9,9,999,9,+014,1","05,1","SYN06443057 31595 30000 10304 20244 40099 70500 82401 333 10338 58014=",
"43057099999","2023-11-26T00:00:00","4","18.9","72.8166666","11.0","BOMBAY COLABA, IN","FM-12","99999","V020","110,1,N,0005,1","99999,9,9,N","002000,1,9,9","+0250,1","+0235,1","10124,1","21,0090,3,1",,"9,1,02,1","6,1,02,1",,,"02,1,+00800,1,06,1","99,9,+99999,9,03,1",,"9,AGL   ,+99999,+99999","06,99,1,02,1,99,9,00800,1,99,9,99,9","120,N,+0222,1","9,9,999,9,-002,1","05,1","SYN08643057 21595 61101 10250 20235 40124 70596 82530 333 20222 59002 6009/ 555 00092 10059=",
"43057099999","2023-11-26T03:00:00","4","18.9","72.8166666","11.0","BOMBAY COLABA, IN","FM-12","99999","V020","110,1,N,0005,1","99999,9,9,N","002000,1,9,9","+0250,1","+0235,1","10124,1","24,0090,3,1",,"9,1,02,1","6,1,02,1",,,"02,1,+00800,1,06,1","99,9,+99999,9,03,1",,"9,AGL   ,+99999,+99999","06,99,1,02,1,99,9,00800,1,99,9,99,9","240,N,+0222,1","9,9,999,9,-002,1","05,1","SYN08643057 21595 61101 10250 20235 40124 70596 82530 333 20222 59002 6009/ 555 00092 10059=",
"43057099999","2023-11-26T06:00:00","4","18.9","72.8166666","11.0","BOMBAY COLABA, IN","FM-12","99999","V020","999,9,C,0000,1","22000,1,9,N","002000,1,9,9","+0294,1","+0239,1","10130,1",,,"0,1,02,1","0,1,02,1",,,"01,1,+00800,1,06,1","99,9,+99999,9,00,1",,"9,AGL   ,+99999,+99999","02,99,1,01,1,99,9,00800,1,99,9,99,9",,"9,9,999,9,+007,1","05,1","SYN05843057 31595 20000 10294 20239 40130 70500 81501 333 58007=",
"43057099999","2023-11-26T09:00:00","4","18.9","72.8166666","11.0","BOMBAY COLABA, IN","FM-12","99999","V020","999,9,C,0000,1","22000,1,9,N","002000,1,9,9","+0300,1","+0249,1","10099,1",,,"0,1,02,1","0,1,02,1",,,"02,1,+00800,1,06,1",,,"9,AGL   ,+99999,+99999","02,99,1,02,1,99,9,00800,1,99,9,99,9",,"9,9,999,9,+001,1","05,1","SYN05843057 31595 20000 10300 20249 40099 70500 82400 333 58001=",
"43057099999","2023-11-26T12:00:00","4","18.9","72.8166666","11.0","BOMBAY COLABA, IN","FM-12","99999","V020","999,9,C,0000,1","99999,9,9,N","002000,1,9,9","+0294,1","+0260,1","10101,1",,,"2,1,02,1","0,1,02,1",,,"02,1,+00800,1,09,1","99,9,+99999,9,03,1",,"9,AGL   ,+99999,+99999","07,99,1,02,1,99,9,00800,1,99,9,99,9",,"9,9,999,9,+002,1","17,1","SYN06443057 31595 70000 10294 20260 40101 71720 82370 333 10310 58002=",
"43057099999","2023-11-27T03:00:00","4","18.9","72.8166666","11.0","BOMBAY COLABA, IN","FM-12","99999","V020","999,9,C,0000,1","22000,1,9,N","004000,1,9,9","+0264,1","+0234,1","10122,1","24,0060,3,1",,"0,1,02,1","0,1,02,1",,,"01,1,+00800,1,06,1","99,9,+99999,9,03,1",,"9,AGL   ,+99999,+99999","03,99,1,01,1,99,9,00800,1,99,9,99,9","240,N,+0235,1","9,9,999,9,-002,1","05,1","SYN08643057 21596 30000 10264 20234 40122 70500 81430 333 20235 59002 6006/ 555 00064 10065=",
"43057099999","2023-11-27T12:00:00","4","18.9","72.8166666","11.0","BOMBAY COLABA, IN","FM-12","99999","V020","999,9,C,0000,1","99999,9,9,N","004000,1,9,9","+0282,1","+0239,1","10090,1","09,0020,3,1",,"6,1,02,1","2,1,02,1",,,"02,1,+00800,1,06,1","99,9,+99999,9,03,1",,"9,AGL   ,+99999,+99999","05,99,1,02,1,99,9,00800,1,99,9,99,9",,"9,9,999,9,-011,1","05,1","SYN07043057 21596 50000 10282 20239 40090 70562 82450 333 10292 59011 6002/=",
"43057099999","2023-11-28T03:00:00","4","18.9","72.8166666","11.0","BOMBAY COLABA, IN","FM-12","99999","V020","999,9,C,0000,1","22000,1,9,N","002000,1,9,9","+0256,1","+0226,1","10117,1","24,0020,3,1",,"0,1,02,1","0,1,02,1",,,"01,1,+00800,1,06,1","99,9,+99999,9,03,1",,"9,AGL   ,+99999,+99999","03,99,1,01,1,99,9,00800,1,99,9,99,9","240,N,+0240,1","9,9,999,9,-005,1","05,1","SYN08643057 21595 30000 10256 20226 40117 70500 81430 333 20240 59005 6002/ 555 00018 10067=",
"43057099999","2023-11-28T06:00:00","4","18.9","72.8166666","11.0","BOMBAY COLABA, IN","FM-12","99999","V020","999,9,C,0000,1","22000,1,9,N","004000,1,9,9","+0294,1","+0210,1","10118,1",,,"0,1,02,1","0,1,02,1",,,"01,1,+00800,1,06,1","99,9,+99999,9,03,1","99,9,+99999,9,00,1","9,AGL   ,+99999,+99999","03,99,1,01,1,99,9,00800,1,99,9,99,9",,"9,9,999,9,-004,1","05,1","SYN05843057 31596 30000 10294 20210 40118 70500 81431 333 59004=",
"43057099999","2023-11-28T09:00:00","4","18.9","72.8166666","11.0","BOMBAY COLABA, IN","FM-12","99999","V020","290,1,N,0005,1","22000,1,9,N","002000,1,9,9","+0294,1","+0193,1","10094,1",,,"0,1,02,1","0,1,02,1",,,"01,1,+00800,1,06,1",,,"9,AGL   ,+99999,+99999","01,99,1,01,1,99,9,00800,1,99,9,99,9",,"9,9,999,9,+000,1","05,1","SYN05843057 31595 12901 10294 20193 40094 70500 81500 333 58000=",
"43057099999","2023-11-28T12:00:00","4","18.9","72.8166666","11.0","BOMBAY COLABA, IN","FM-12","99999","V020","999,9,C,0000,1","22000,1,9,N","002000,1,9,9","+0276,1","+0193,1","10087,1",,,"0,1,02,1","0,1,02,1",,,"01,1,+00800,1,06,1","99,9,+99999,9,00,1",,"9,AGL   ,+99999,+99999","02,99,1,01,1,99,9,00800,1,99,9,99,9",,"9,9,999,9,-003,1","05,1","SYN06443057 31595 20000 10276 20193 40087 70500 81501 333 10302 59003=",
"43057099999","2023-11-29T03:00:00","4","18.9","72.8166666","11.0","BOMBAY COLABA, IN","FM-12","99999","V020","999,9,C,0000,1","22000,1,9,N","002000,1,9,9","+0248,1","+0224,1","10126,1",,,"0,1,02,1","0,1,02,1",,,"01,1,+00800,1,06,1",,,"9,AGL   ,+99999,+99999","01,99,1,01,1,99,9,00800,1,99,9,99,9","240,N,+0222,1","9,9,999,9,+009,1","05,1","SYN07443057 31595 10000 10248 20224 40126 70500 81500 333 20222 58009 555 10067=",
"43057099999","2023-11-29T06:00:00","4","18.9","72.8166666","11.0","BOMBAY COLABA, IN","FM-12","99999","V020","999,9,C,0000,1","22000,1,9,N","002000,1,9,9","+0288,1","+0207,1","10128,1",,,"0,1,02,1","0,1,02,1",,,"01,1,+00800,1,06,1",,,"9,AGL   ,+99999,+99999","01,99,1,01,1,99,9,00800,1,99,9,99,9",,"9,9,999,9,+010,1","05,1","SYN05843057 31595 10000 10288 20207 40128 70500 81500 333 58010=",
"43057099999","2023-11-29T09:00:00","4","18.9","72.8166666","11.0","BOMBAY COLABA, IN","FM-12","99999","V020","999,9,C,0000,1","22000,1,9,N","004000,1,9,9","+0290,1","+0181,1","10102,1",,,"0,1,02,1","0,1,02,1",,,"01,1,+00800,1,06,1",,,"9,AGL   ,+99999,+99999","01,99,1,01,1,99,9,00800,1,99,9,99,9",,"9,9,999,9,+008,1","05,1","SYN05843057 31596 10000 10290 20181 40102 70500 81500 333 58008=",
"43057099999","2023-11-29T12:00:00","4","18.9","72.8166666","11.0","BOMBAY COLABA, IN","FM-12","99999","V020","999,9,C,0000,1","22000,1,9,N","004000,1,9,9","+0274,1","+0201,1","10102,1",,,"0,1,02,1","0,1,02,1",,,"01,1,+00800,1,06,1",,,"9,AGL   ,+99999,+99999","01,99,1,01,1,99,9,00800,1,99,9,99,9",,"9,9,999,9,+015,1","05,1","SYN06443057 31596 10000 10274 20201 40102 70500 81500 333 10302 58015=",
"43057099999","2023-11-30T03:00:00","4","18.9","72.8166666","11.0","BOMBAY COLABA, IN","FM-12","99999","V020","999,9,C,0000,1","22000,1,9,N","002000,1,9,9","+0230,1","+0199,1","10130,1",,,"0,1,02,1","0,1,02,1",,,"01,1,+00800,1,06,1",,,"9,AGL   ,+99999,+99999","01,99,1,01,1,99,9,00800,1,99,9,99,9","240,N,+0210,1","9,9,999,9,+004,1","05,1","SYN07443057 31595 10000 10230 20199 40130 70500 81500 333 20210 58004 555 10067=",
"43057099999","2023-11-30T06:00:00","4","18.9","72.8166666","11.0","BOMBAY COLABA, IN","FM-12","99999","V020","999,9,C,0000,1","22000,1,9,N","004000,1,9,9","+0290,1","+0177,1","10128,1",,,"0,1,02,1","0,1,02,1",,,"01,1,+00800,1,06,1",,,"9,AGL   ,+99999,+99999","01,99,1,01,1,99,9,00800,1,99,9,99,9",,"9,9,999,9,+000,1","05,1","SYN05843057 31596 10000 10290 20177 40128 70500 81500 333 58000=",
"43057099999","2023-11-30T09:00:00","4","18.9","72.8166666","11.0","BOMBAY COLABA, IN","FM-12","99999","V020","999,9,C,0000,1","99999,9,9,N","004000,1,9,9","+0294,1","+0174,1","10104,1",,,"0,1,02,1","0,1,02,1",,,,,,,,,"9,9,999,9,+002,1","05,1","SYN05243057 31996 00000 10294 20174 40104 70500 333 58002=",
"43057099999","2023-11-30T12:00:00","4","18.9","72.8166666","11.0","BOMBAY COLABA, IN","FM-12","99999","V020","999,9,C,0000,1","99999,9,9,N","004000,1,9,9","+0276,1","+0182,1","10104,1",,,"0,1,02,1","0,1,02,1",,,,,,,,,"9,9,999,9,+002,1","05,1","SYN05843057 31996 00000 10276 20182 40104 70500 333 10302 58002=",
"43057099999","2023-12-01T03:00:00","4","18.9","72.8166666","11.0","BOMBAY COLABA, IN","FM-12","99999","V020","090,1,N,0010,1","22000,1,9,N","002000,1,9,9","+0244,1","+0217,1","10120,1",,,"0,1,02,1","0,1,02,1",,,"01,1,+00800,1,06,1",,,"9,AGL   ,+99999,+99999","01,99,1,01,1,99,9,00800,1,99,9,99,9","240,N,+0225,1","9,9,999,9,+000,1","05,1","SYN07443057 31595 10902 10244 20217 40120 70500 81500 333 20225 58000 555 10067=",
"43057099999","2023-12-01T06:00:00","4","18.9","72.8166666","11.0","BOMBAY COLABA, IN","FM-12","99999","V020","999,9,C,0000,1","22000,1,9,N","002000,1,9,9","+0286,1","+0227,1","10129,1",,,"0,1,02,1","0,1,02,1",,,"01,1,+00800,1,06,1",,,"9,AGL   ,+99999,+99999","01,99,1,01,1,99,9,00800,1,99,9,99,9",,"9,9,999,9,+001,1","05,1","SYN05843057 31595 10000 10286 20227 40129 70500 81500 333 58001=",
"43057099999","2023-12-01T12:00:00","4","18.9","72.8166666","11.0","BOMBAY COLABA, IN","FM-12","99999","V020","999,9,C,0000,1","22000,1,9,N","002000,1,9,9","+0276,1","+0216,1","10094,1",,,"0,1,02,1","0,1,02,1",,,"01,1,+00800,1,06,1",,,"9,AGL   ,+99999,+99999","01,99,1,01,1,99,9,00800,1,99,9,99,9",,"9,9,999,9,-010,1","05,1","SYN06443057 31595 10000 10276 20216 40094 70500 81500 333 10307 59010=",
"43057099999","2023-12-02T03:00:00","4","18.9","72.8166666","11.0","BOMBAY COLABA, IN","FM-12","99999","V020","999,9,C,0000,1","22000,1,9,N","002000,1,9,9","+0252,1","+0225,1","10117,1",,,"0,1,02,1","0,1,02,1",,,"02,1,+00800,1,06,1",,,"9,AGL   ,+99999,+99999","02,99,1,02,1,99,9,00800,1,99,9,99,9","240,N,+0226,1","9,9,999,9,-013,1","05,1","SYN07443057 31595 20000 10252 20225 40117 70500 82500 333 20226 59013 555 10067=",
"43057099999","2023-12-02T06:00:00","4","18.9","72.8166666","11.0","BOMBAY COLABA, IN","FM-12","99999","V020","070,1,N,0005,1","22000,1,9,N","002000,1,9,9","+0284,1","+0225,1","10115,1",,,"0,1,02,1","0,1,02,1",,,"01,1,+00800,1,06,1",,,"9,AGL   ,+99999,+99999","01,99,1,01,1,99,9,00800,1,99,9,99,9",,"9,9,999,9,-014,1","05,1","SYN05843057 31595 10701 10284 20225 40115 70500 81500 333 59014=",
"43057099999","2023-12-02T09:00:00","4","18.9","72.8166666","11.0","BOMBAY COLABA, IN","FM-12","99999","V020","999,9,C,0000,1","22000,1,9,N","002000,1,9,9","+0310,1","+0222,1","10087,1",,,"0,1,02,1","0,1,02,1",,,"01,1,+00800,1,06,1",,,"9,AGL   ,+99999,+99999","01,99,1,01,1,99,9,00800,1,99,9,99,9",,"9,9,999,9,+001,1","05,1","SYN05843057 31595 10000 10310 20222 40087 70500 81500 333 58001=",
"43057099999","2023-12-02T12:00:00","4","18.9","72.8166666","11.0","BOMBAY COLABA, IN","FM-12","99999","V020","290,1,N,0010,1","22000,1,9,N","002000,1,9,9","+0288,1","+0223,1","10082,1",,,"0,1,02,1","0,1,02,1",,,"01,1,+00800,1,06,1","99,9,+99999,9,00,1",,"9,AGL   ,+99999,+99999","02,99,1,01,1,99,9,00800,1,99,9,99,9",,"9,9,999,9,-012,1","05,1","SYN06443057 31595 22902 10288 20223 40082 70500 81501 333 10320 59012=",
"43057099999","2023-12-03T03:00:00","4","18.9","72.8166666","11.0","BOMBAY COLABA, IN","FM-12","99999","V020","999,9,C,0000,1","22000,1,9,N","002000,1,9,9","+0262,1","+0236,1","10121,1",,,"0,1,02,1","0,1,02,1",,,"01,1,+00800,1,06,1",,,"9,AGL   ,+99999,+99999","01,99,1,01,1,99,9,00800,1,99,9,99,9","240,N,+0240,1","9,9,999,9,+004,1","05,1","SYN07443057 31595 10000 10262 20236 40121 70500 81500 333 20240 58004 555 10067=",
"43057099999","2023-12-03T06:00:00","4","18.9","72.8166666","11.0","BOMBAY COLABA, IN","FM-12","99999","V020","090,1,N,0010,1","22000,1,9,N","002000,1,9,9","+0306,1","+0217,1","10121,1",,,"0,1,02,1","0,1,02,1",,,"01,1,+00800,1,06,1",,,"9,AGL   ,+99999,+99999","01,99,1,01,1,99,9,00800,1,99,9,99,9",,"9,9,999,9,+006,1","05,1","SYN05843057 31595 10902 10306 20217 40121 70500 81500 333 58006=",
"43057099999","2023-12-03T09:00:00","4","18.9","72.8166666","11.0","BOMBAY COLABA, IN","FM-12","99999","V020","999,9,C,0000,1","99999,9,9,N","002000,1,9,9","+0328,1","+0223,1","10091,1",,,"0,1,02,1","0,1,02,1",,,,,,,,,"9,9,999,9,-007,1","05,1","SYN05243057 31995 00000 10328 20223 40091 70500 333 59007=",
"43057099999","2023-12-03T12:00:00","4","18.9","72.8166666","11.0","BOMBAY COLABA, IN","FM-12","99999","V020","999,9,C,0000,1","22000,1,9,N","002000,1,9,9","+0298,1","+0244,1","10089,1",,,"0,1,02,1","0,1,02,1",,,"01,1,+00800,1,06,1",,,"9,AGL   ,+99999,+99999","01,99,1,01,1,99,9,00800,1,99,9,99,9",,"9,9,999,9,+007,1","05,1","SYN06443057 31595 10000 10298 20244 40089 70500 81500 333 10336 58007=",
"43057099999","2023-12-04T03:00:00","4","18.9","72.8166666","11.0","BOMBAY COLABA, IN","FM-12","99999","V020","999,9,C,0000,1","22000,1,9,N","002000,1,9,9","+0264,1","+0238,1","10114,1",,,"0,1,02,1","0,1,02,1",,,"01,1,+00800,1,06,1",,,"9,AGL   ,+99999,+99999","01,99,1,01,1,99,9,00800,1,99,9,99,9","240,N,+0245,1","9,9,999,9,-007,1","05,1","SYN07443057 31595 10000 10264 20238 40114 70500 81500 333 20245 59007 555 10067=",
"43057099999","2023-12-04T12:00:00","4","18.9","72.8166666","11.0","BOMBAY COLABA, IN","FM-12","99999","V020","320,1,N,0021,1","22000,1,9,N","002000,1,9,9","+0294,1","+0263,1","10081,1",,,"0,1,02,1","0,1,02,1",,,"01,1,+00800,1,06,1","99,9,+99999,9,00,1",,"9,AGL   ,+99999,+99999","01,99,1,01,1,99,9,00800,1,99,9,99,9",,"9,9,999,9,-008,1","05,1","SYN06443057 31595 13204 10294 20263 40081 70500 81501 333 10322 59008=",
"43057099999","2023-12-05T03:00:00","4","18.9","72.8166666","11.0","BOMBAY COLABA, IN","FM-12","99999","V020","999,9,C,0000,1","22000,1,9,N","004000,1,9,9","+0260,1","+0231,1","10099,1",,,"0,1,02,1","0,1,02,1",,,"01,1,+00800,1,06,1",,,"9,AGL   ,+99999,+99999","01,99,1,01,1,99,9,00800,1,99,9,99,9","240,N,+0245,1","9,9,999,9,-015,1","05,1","SYN07443057 31596 10000 10260 20231 40099 70500 81500 333 20245 59015 555 10067=",
"43057099999","2023-12-05T12:00:00","4","18.9","72.8166666","11.0","BOMBAY COLABA, IN","FM-12","99999","V020","290,1,N,0005,1","22000,1,9,N","002000,1,9,9","+0290,1","+0253,1","10077,1",,,"0,1,02,1","0,1,02,1",,,"02,1,+00800,1,06,1",,,"9,AGL   ,+99999,+99999","02,99,1,02,1,99,9,00800,1,99,9,99,9",,"9,9,999,9,-004,1","05,1","SYN06443057 31595 22901 10290 20253 40077 70500 82500 333 10320 59004=",
"43057099999","2023-12-06T03:00:00","4","18.9","72.8166666","11.0","BOMBAY COLABA, IN","FM-12","99999","V020","999,9,C,0000,1","22000,1,9,N","002000,1,9,9","+0260,1","+0231,1","10112,1",,,"0,1,02,1","0,1,02,1",,,"01,1,+00800,1,06,1",,,"9,AGL   ,+99999,+99999","01,99,1,01,1,99,9,00800,1,99,9,99,9","240,N,+0242,1","9,9,999,9,+013,1","05,1","SYN07443057 31595 10000 10260 20231 40112 70500 81500 333 20242 58013 555 10067=",
"43057099999","2023-12-06T12:00:00","4","18.9","72.8166666","11.0","BOMBAY COLABA, IN","FM-12","99999","V020","999,9,C,0000,1","22000,1,9,N","002000,1,9,9","+0290,1","+0241,1","10086,1",,,"0,1,02,1","0,1,02,1",,,"01,1,+00800,1,06,1",,,"9,AGL   ,+99999,+99999","01,99,1,01,1,99,9,00800,1,99,9,99,9",,"9,9,999,9,+009,1","05,1","SYN06443057 31595 10000 10290 20241 40086 70500 81500 333 10322 58009=",
"43057099999","2023-12-07T03:00:00","4","18.9","72.8166666","11.0","BOMBAY COLABA, IN","FM-12","99999","V020","999,9,C,0000,1","22000,1,9,N","004000,1,9,9","+0250,1","+0204,1","10125,1",,,"0,1,02,1","0,1,02,1",,,"01,1,+00800,1,06,1",,,"9,AGL   ,+99999,+99999","01,99,1,01,1,99,9,00800,1,99,9,99,9","240,N,+0235,1","9,9,999,9,+013,1","05,1","SYN07443057 31596 10000 10250 20204 40125 70500 81500 333 20235 58013 555 10067=",
"43057099999","2023-12-07T12:00:00","4","18.9","72.8166666","11.0","BOMBAY COLABA, IN","FM-12","99999","V020","999,9,C,0000,1","22000,1,9,N","002000,1,9,9","+0286,1","+0214,1","10094,1",,,"0,1,02,1","0,1,02,1",,,"01,1,+00800,1,06,1",,,"9,AGL   ,+99999,+99999","01,99,1,01,1,99,9,00800,1,99,9,99,9",,"9,9,999,9,+008,1","05,1","SYN06443057 31595 10000 10286 20214 40094 70500 81500 333 10312 58008=",
"43057099999","2023-12-08T03:00:00","4","18.9","72.8166666","11.0","BOMBAY COLABA, IN","FM-12","99999","V020","999,9,C,0000,1","22000,1,9,N","004000,1,9,9","+0250,1","+0223,1","10129,1",,,"0,1,02,1","0,1,02,1",,,"01,1,+00800,1,06,1",,,"9,AGL   ,+99999,+99999","01,99,1,01,1,99,9,00800,1,99,9,99,9","240,N,+0232,1","9,9,999,9,+004,1","05,1","SYN07443057 31596 10000 10250 20223 40129 70500 81500 333 20232 58004 555 10067=",
"43057099999","2023-12-08T12:00:00","4","18.9","72.8166666","11.0","BOMBAY COLABA, IN","FM-12","99999","V020","320,1,N,0010,1","22000,1,9,N","002000,1,9,9","+0292,1","+0231,1","10099,1",,,"0,1,02,1","0,1,02,1",,,"01,1,+00800,1,06,1",,,"9,AGL   ,+99999,+99999","01,99,1,01,1,99,9,00800,1,99,9,99,9",,"9,9,999,9,+005,1","05,1","SYN06443057 31595 13202 10292 20231 40099 70500 81500 333 10324 58005=",
"43057099999","2023-12-09T03:00:00","4","18.9","72.8166666","11.0","BOMBAY COLABA, IN","FM-12","99999","V020","999,9,C,0000,1","22000,1,9,N","002000,1,9,9","+0248,1","+0215,1","10144,1",,,"0,1,02,1","0,1,02,1",,,"01,1,+00800,1,06,1",,,"9,AGL   ,+99999,+99999","01,99,1,01,1,99,9,00800,1,99,9,99,9","240,N,+0228,1","9,9,999,9,+015,1","05,1","SYN07443057 31595 10000 10248 20215 40144 70500 81500 333 20228 58015 555 10067=",
"43057099999","2023-12-09T06:00:00","4","18.9","72.8166666","11.0","BOMBAY COLABA, IN","FM-12","99999","V020","999,9,C,0000,1","22000,1,9,N","002000,1,9,9","+0248,1","+0215,1","10144,1",,,"0,1,02,1","0,1,02,1",,,"01,1,+00800,1,06,1",,,"9,AGL   ,+99999,+99999","01,99,1,01,1,99,9,00800,1,99,9,99,9",,"9,9,999,9,+015,1","05,1","SYN05843057 31595 10000 10248 20215 40144 70500 81500 333 58015=",
"43057099999","2023-12-09T12:00:00","4","18.9","72.8166666","11.0","BOMBAY COLABA, IN","FM-12","99999","V020","290,1,N,0010,1","22000,1,9,N","002000,1,9,9","+0280,1","+0230,1","10104,1",,,"0,1,02,1","0,1,02,1",,,"01,1,+00800,1,06,1",,,"9,AGL   ,+99999,+99999","01,99,1,01,1,99,9,00800,1,99,9,99,9",,"9,9,999,9,+005,1","05,1","SYN06443057 31595 12902 10280 20230 40104 70500 81500 333 10310 58005=",
"43057099999","2023-12-10T03:00:00","4","18.9","72.8166666","11.0","BOMBAY COLABA, IN","FM-12","99999","V020","070,1,N,0010,1","22000,1,9,N","002000,1,9,9","+0252,1","+0213,1","10128,1",,,"0,1,02,1","0,1,02,1",,,"01,1,+00800,1,06,1",,,"9,AGL   ,+99999,+99999","01,99,1,01,1,99,9,00800,1,99,9,99,9","240,N,+0228,1","9,9,999,9,-016,1","05,1","SYN07443057 31595 10702 10252 20213 40128 70500 81400 333 20228 59016 555 10067=",
"43057099999","2023-12-10T12:00:00","4","18.9","72.8166666","11.0","BOMBAY COLABA, IN","FM-12","99999","V020","320,1,N,0010,1","22000,1,9,N","002000,1,9,9","+0290,1","+0229,1","10093,1",,,"0,1,02,1","0,1,02,1",,,"01,1,+00800,1,06,1",,,"9,AGL   ,+99999,+99999","01,99,1,01,1,99,9,00800,1,99,9,99,9",,"9,9,999,9,-011,1","05,1","SYN06443057 31595 13202 10290 20229 40093 70500 81500 333 10324 59011=",
"43057099999","2023-12-11T03:00:00","4","18.9","72.8166666","11.0","BOMBAY COLABA, IN","FM-12","99999","V020","999,9,C,0000,1","22000,1,9,N","004000,1,9,9","+0244,1","+0207,1","10130,1",,,"0,1,02,1","0,1,02,1",,,"01,1,+00800,1,06,1",,,"9,AGL   ,+99999,+99999","01,99,1,01,1,99,9,00800,1,99,9,99,9","240,N,+0228,1","9,9,999,9,+002,1","05,1","SYN07443057 31596 10000 10244 20207 40130 70500 81500 333 20228 58002 555 10067=",
"43057099999","2023-12-11T12:00:00","4","18.9","72.8166666","11.0","BOMBAY COLABA, IN","FM-12","99999","V020","340,1,N,0010,1","22000,1,9,N","002000,1,9,9","+0288,1","+0223,1","10103,1",,,"0,1,02,1","0,1,02,1",,,"01,1,+00800,1,06,1",,,"9,AGL   ,+99999,+99999","01,99,1,01,1,99,9,00800,1,99,9,99,9",,"9,9,999,9,+010,1","05,1","SYN06443057 31595 13402 10288 20223 40103 70500 81500 333 10314 58010=",
"43057099999","2023-12-12T03:00:00","4","18.9","72.8166666","11.0","BOMBAY COLABA, IN","FM-12","99999","V020","999,9,C,0000,1","22000,1,9,N","002000,1,9,9","+0248,1","+0215,1","10124,1",,,"0,1,02,1","0,1,02,1",,,"01,1,+00800,1,06,1",,,"9,AGL   ,+99999,+99999","01,99,1,01,1,99,9,00800,1,99,9,99,9","240,N,+0230,1","9,9,999,9,-006,1","05,1","SYN07443057 31595 10000 10248 20215 40124 70500 81500 333 20230 59006 555 10067=",
"43057099999","2023-12-12T06:00:00","4","18.9","72.8166666","11.0","BOMBAY COLABA, IN","FM-12","99999","V020","999,9,C,0000,1","22000,1,9,N","004000,1,9,9","+0294,1","+0203,1","10122,1",,,"0,1,02,1","0,1,02,1",,,"01,1,+00800,1,06,1",,,"9,AGL   ,+99999,+99999","01,99,1,01,1,99,9,00800,1,99,9,99,9",,"9,9,999,9,-009,1","05,1","SYN05843057 31596 10000 10294 20203 40122 70500 81500 333 59009=",
"43057099999","2023-12-12T09:00:00","4","18.9","72.8166666","11.0","BOMBAY COLABA, IN","FM-12","99999","V020","999,9,C,0000,1","22000,1,9,N","004000,1,9,9","+0300,1","+0207,1","10095,1",,,"0,1,02,1","0,1,02,1",,,"01,1,+00800,1,06,1",,,"9,AGL   ,+99999,+99999","01,99,1,01,1,99,9,00800,1,99,9,99,9",,"9,9,999,9,-010,1","05,1","SYN05843057 31596 10000 10300 20207 40095 70500 81500 333 59010=",
"43057099999","2023-12-12T12:00:00","4","18.9","72.8166666","11.0","BOMBAY COLABA, IN","FM-12","99999","V020","999,9,C,0000,1","22000,1,9,N","004000,1,9,9","+0274,1","+0190,1","10095,1",,,"0,1,02,1","0,1,02,1",,,"01,1,+00800,1,06,1",,,"9,AGL   ,+99999,+99999","01,99,1,01,1,99,9,00800,1,99,9,99,9",,"9,9,999,9,-008,1","05,1","SYN06443057 31596 10000 10274 20190 40095 70500 81500 333 10315 59008=",
"43057099999","2023-12-13T03:00:00","4","18.9","72.8166666","11.0","BOMBAY COLABA, IN","FM-12","99999","V020","999,9,C,0000,1","22000,1,9,N","004000,1,9,9","+0230,1","+0196,1","10132,1",,,"0,1,02,1","0,1,02,1",,,"01,1,+00800,1,06,1",,,"9,AGL   ,+99999,+99999","01,99,1,01,1,99,9,00800,1,99,9,99,9","240,N,+0215,1","9,9,999,9,+008,1","05,1","SYN07443057 31596 10000 10230 20196 40132 70500 81500 333 20215 58008 555 10067=",
"43057099999","2023-12-13T12:00:00","4","18.9","72.8166666","11.0","BOMBAY COLABA, IN","FM-12","99999","V020","999,9,C,0000,1","22000,1,9,N","002000,1,9,9","+0288,1","+0207,1","10098,1",,,"0,1,02,1","0,1,02,1",,,"01,1,+00800,1,06,1",,,"9,AGL   ,+99999,+99999","01,99,1,01,1,99,9,00800,1,99,9,99,9",,"9,9,999,9,+003,1","05,1","SYN06443057 31595 10000 10288 20207 40098 70500 81500 333 10308 58003=",
"43057099999","2023-12-14T03:00:00","4","18.9","72.8166666","11.0","BOMBAY COLABA, IN","FM-12","99999","V020","999,9,C,0000,1","22000,1,9,N","004000,1,9,9","+0250,1","+0150,1","10140,1",,,"0,1,02,1","0,1,02,1",,,"01,1,+00800,1,06,1",,,"9,AGL   ,+99999,+99999","01,99,1,01,1,99,9,00800,1,99,9,99,9","240,N,+0228,1","9,9,999,9,+008,1","05,1","SYN07443057 31596 10000 10250 20150 40140 70500 81500 333 20228 58008 555 10067=",
"43057099999","2023-12-14T12:00:00","4","18.9","72.8166666","11.0","BOMBAY COLABA, IN","FM-12","99999","V020","999,9,C,0000,1","22000,1,9,N","002000,1,9,9","+0294,1","+0207,1","10112,1",,,"0,1,02,1","0,1,02,1",,,"01,1,+00800,1,06,1",,,"9,AGL   ,+99999,+99999","01,99,1,01,1,99,9,00800,1,99,9,99,9",,"9,9,999,9,+014,1","05,1","SYN06443057 31595 10000 10294 20207 40112 70500 81500 333 10326 58014=",
"43057099999","2023-12-15T03:00:00","4","18.9","72.8166666","11.0","BOMBAY COLABA, IN","FM-12","99999","V020","070,1,N,0010,1","99999,9,9,N","002000,1,9,9","+0246,1","+0179,1","10152,1",,,"0,1,02,1","0,1,02,1",,,,,,,,"240,N,+0228,1","9,9,999,9,+012,1","05,1","SYN06843057 31995 00702 10246 20179 40152 70500 333 20228 58012 555 10067=",
"43057099999","2023-12-15T12:00:00","4","18.9","72.8166666","11.0","BOMBAY COLABA, IN","FM-12","99999","V020","999,9,C,0000,1","22000,1,9,N","002000,1,9,9","+0294,1","+0167,1","10119,1",,,"0,1,02,1","0,1,02,1",,,"01,1,+00800,1,06,1",,,"9,AGL   ,+99999,+99999","01,99,1,01,1,99,9,00800,1,99,9,99,9",,"9,9,999,9,+007,1","05,1","SYN06443057 31595 10000 10294 20167 40119 70500 81500 333 10316 58007=",
"43057099999","2023-12-16T03:00:00","4","18.9","72.8166666","11.0","BOMBAY COLABA, IN","FM-12","99999","V020","999,9,C,0000,1","22000,1,9,N","002000,1,9,9","+0230,1","+0192,1","10150,1",,,"0,1,02,1","0,1,02,1",,,"01,1,+00800,1,06,1",,,"9,AGL   ,+99999,+99999","01,99,1,01,1,99,9,00800,1,99,9,99,9","240,N,+0224,1","9,9,999,9,-002,1","05,1","SYN07443057 31595 10000 10230 20192 40150 70500 81500 333 20224 59002 555 10067=",
"43057099999","2023-12-16T09:00:00","4","18.9","72.8166666","11.0","BOMBAY COLABA, IN","FM-12","99999","V020","999,9,C,0000,1","22000,1,9,N","002000,1,9,9","+0310,1","+0119,1","10116,1",,,"0,1,02,1","0,1,02,1",,,"01,1,+00800,1,06,1",,,"9,AGL   ,+99999,+99999","01,99,1,01,1,99,9,00800,1,99,9,99,9",,"9,9,999,9,-008,1","05,1","SYN05843057 31595 10000 10310 20119 40116 70500 81500 333 59008=",
"43057099999","2023-12-16T12:00:00","4","18.9","72.8166666","11.0","BOMBAY COLABA, IN","FM-12","99999","V020","320,1,N,0010,1","22000,1,9,N","002000,1,9,9","+0288,1","+0147,1","10116,1",,,"0,1,02,1","0,1,02,1",,,"01,1,+00800,1,06,1",,,"9,AGL   ,+99999,+99999","01,99,1,01,1,99,9,00800,1,99,9,99,9",,"9,9,999,9,+003,1","05,1","SYN06443057 31595 13202 10288 20147 40116 70500 81500 333 10316 58003=",
"43057099999","2023-12-17T03:00:00","4","18.9","72.8166666","11.0","BOMBAY COLABA, IN","FM-12","99999","V020","999,9,C,0000,1","22000,1,9,N","002000,1,9,9","+0236,1","+0164,1","10137,1",,,"0,1,02,1","0,1,02,1",,,"01,1,+00800,1,06,1",,,"9,AGL   ,+99999,+99999","01,99,1,01,1,99,9,00800,1,99,9,99,9","240,N,+0224,1","9,9,999,9,-013,1","05,1","SYN07443057 31595 10000 10236 20164 40137 70500 81500 333 20224 59013 555 10067=",
"43057099999","2023-12-17T12:00:00","4","18.9","72.8166666","11.0","BOMBAY COLABA, IN","FM-12","99999","V020","999,9,C,0000,1","22000,1,9,N","002000,1,9,9","+0300,1","+0243,1","10107,1",,,"0,1,02,1","0,1,02,1",,,"01,1,+00800,1,06,1",,,"9,AGL   ,+99999,+99999","01,99,1,01,1,99,9,00800,1,99,9,99,9",,"9,9,999,9,-009,1","05,1","SYN06443057 31595 10000 10300 20243 40107 70500 81500 333 10320 59009=",
"43057099999","2023-12-18T03:00:00","4","18.9","72.8166666","11.0","BOMBAY COLABA, IN","FM-12","99999","V020","090,1,N,0015,1","99999,9,9,9","002000,1,9,9","+0260,1","+0170,1","10151,1","99,9999,9,9",,"2,1,99,9","0,1,99,9",,,"03,1,+00600,1,06,1","99,9,+99999,9,03,1","99,9,+99999,9,00,1","9,AGL   ,+99999,+99999","05,99,1,03,1,99,9,00600,1,99,9,99,9","120,N,+0244,1","9,9,999,9,+007,1","05,1","SYN004BUFR",
"43057099999","2023-12-18T06:00:00","4","18.9","72.8166666","11.0","BOMBAY COLABA, IN","FM-12","99999","V020","020,1,N,0015,1","22000,1,9,N","002000,1,9,9","+0290,1","+0192,1","10041,2",,,"0,1,02,1","0,1,02,1",,,"01,1,+00800,1,06,1","99,9,+99999,9,00,1",,"9,AGL   ,+99999,+99999","02,99,1,01,1,99,9,00800,1,99,9,99,9",,"9,9,999,9,-008,1","05,1","SYN05843057 31595 20203 10290 20192 40041 70500 81501 333 59008=",
"43057099999","2023-12-18T09:00:00","4","18.9","72.8166666","11.0","BOMBAY COLABA, IN","FM-12","99999","V020","290,1,N,0010,1","22000,1,9,N","002000,1,9,9","+0304,1","+0201,1","10115,1",,,"0,1,02,1","0,1,02,1",,,"02,1,+00800,1,06,1","99,9,+99999,9,03,1","99,9,+99999,9,00,1","9,AGL   ,+99999,+99999","04,99,1,02,1,99,9,00800,1,99,9,99,9",,"9,9,999,9,+011,1","05,1","SYN05843057 31595 42902 10304 20201 40115 70500 82531 333 58011=",
"43057099999","2023-12-18T12:00:00","4","18.9","72.8166666","11.0","BOMBAY COLABA, IN","FM-12","99999","V020","999,9,C,0000,1","22000,1,9,N","002000,1,9,9","+0294,1","+0167,1","10114,1",,,"0,1,02,1","0,1,02,1",,,"01,1,+00800,1,06,1","99,9,+99999,9,03,1","99,9,+99999,9,00,1","9,AGL   ,+99999,+99999","03,99,1,01,1,99,9,00800,1,99,9,99,9",,"9,9,999,9,+007,1","05,1","SYN06443057 31595 30000 10294 20167 40114 70500 81531 333 10310 58007=",
"43057099999","2023-12-19T03:00:00","4","18.9","72.8166666","11.0","BOMBAY COLABA, IN","FM-12","99999","V020","090,1,N,0015,1","99999,9,9,N","002000,1,9,9","+0260,1","+0170,1","10151,1",,,"2,1,02,1","0,1,02,1",,,"03,1,+00800,1,06,1","99,9,+99999,9,03,1","99,9,+99999,9,00,1","9,AGL   ,+99999,+99999","05,99,1,03,1,99,9,00800,1,99,9,99,9","240,N,+0244,1","9,9,999,9,+007,1","05,1","SYN07443057 31595 50903 10260 20170 40151 70520 83531 333 20244 58007 555 10132=",
"43057099999","2023-12-19T06:00:00","4","18.9","72.8166666","11.0","BOMBAY COLABA, IN","FM-12","99999","V020","070,1,N,0010,1","22000,1,9,N","002000,1,9,9","+0286,1","+0164,1","10151,1",,,"2,1,02,1","0,1,02,1",,,"02,1,+00800,1,06,1","99,9,+99999,9,00,1",,"9,AGL   ,+99999,+99999","03,99,1,02,1,99,9,00800,1,99,9,99,9",,"9,9,999,9,+010,1","05,1","SYN05843057 31595 30702 10286 20164 40151 70520 82401 333 58010=",
"43057099999","2023-12-19T09:00:00","4","18.9","72.8166666","11.0","BOMBAY COLABA, IN","FM-12","99999","V020","999,9,C,0000,1","22000,1,9,N","002000,1,9,9","+0310,1","+0164,1","10125,1",,,"0,1,02,1","0,1,02,1",,,"01,1,+00800,1,06,1","99,9,+99999,9,00,1",,"9,AGL   ,+99999,+99999","02,99,1,01,1,99,9,00800,1,99,9,99,9",,"9,9,999,9,+010,1","05,1","SYN05843057 31595 20000 10310 20164 40125 70500 81501 333 58010=",
"43057099999","2023-12-19T12:00:00","4","18.9","72.8166666","11.0","BOMBAY COLABA, IN","FM-12","99999","V020","999,9,C,0000,1","22000,1,9,N","002000,1,9,9","+0292,1","+0204,1","10125,1",,,"0,1,02,1","0,1,02,1",,,"02,1,+00800,1,06,1","99,9,+99999,9,00,1",,"9,AGL   ,+99999,+99999","03,99,1,02,1,99,9,00800,1,99,9,99,9",,"9,9,999,9,+011,1","05,1","SYN06443057 31595 30000 10292 20204 40125 70500 82401 333 10316 58011=",
"43057099999","2023-12-20T03:00:00","4","18.9","72.8166666","11.0","BOMBAY COLABA, IN","FM-12","99999","V020","110,1,N,0005,1","99999,9,9,N","002000,1,9,9","+0248,1","+0161,1","10154,1",,,"2,1,02,1","0,1,02,1",,,"02,1,+00800,1,06,1","99,9,+99999,9,03,1","99,9,+99999,9,00,1","9,AGL   ,+99999,+99999","05,99,1,02,1,99,9,00800,1,99,9,99,9","240,N,+0235,1","9,9,999,9,+003,1","05,1","SYN07443057 31595 51101 10248 20161 40154 70520 82531 333 20235 58003 555 10067=",
"43057099999","2023-12-20T12:00:00","4","18.9","72.8166666","11.0","BOMBAY COLABA, IN","FM-12","99999","V020","999,9,C,0000,1","22000,1,9,N","002000,1,9,9","+0280,1","+0201,1","10122,1",,,"0,1,02,1","0,1,02,1",,,"01,1,+00800,1,06,1","99,9,+99999,9,03,1","99,9,+99999,9,00,1","9,AGL   ,+99999,+99999","03,99,1,01,1,99,9,00800,1,99,9,99,9",,"9,9,999,9,-003,1","05,1","SYN06443057 31595 30000 10280 20201 40122 70500 81531 333 10308 59003=",
"43057099999","2023-12-21T03:00:00","4","18.9","72.8166666","11.0","BOMBAY COLABA, IN","FM-12","99999","V020","999,9,C,0000,1","22000,1,9,N","002000,1,9,9","+0252,1","+0179,1","10140,1",,,"0,1,02,1","0,1,02,1",,,"02,1,+00800,1,06,1","99,9,+99999,9,03,1","99,9,+99999,9,00,1","9,AGL   ,+99999,+99999","04,99,1,02,1,99,9,00800,1,99,9,99,9","240,N,+0232,1","9,9,999,9,-014,1","05,1","SYN07443057 31595 40000 10252 20179 40140 70500 82531 333 20232 59014 555 10067=",
"43057099999","2023-12-21T12:00:00","4","18.9","72.8166666","11.0","BOMBAY COLABA, IN","FM-12","99999","V020","999,9,C,0000,1","22000,1,9,N","002000,1,9,9","+0292,1","+0221,1","10114,1",,,"0,1,02,1","0,1,02,1",,,"02,1,+00800,1,06,1","99,9,+99999,9,03,1","99,9,+99999,9,00,1","9,AGL   ,+99999,+99999","04,99,1,02,1,99,9,00800,1,99,9,99,9",,"9,9,999,9,-008,1","05,1","SYN06443057 31595 40000 10292 20221 40114 70500 82531 333 10320 59008=",
"43057099999","2023-12-22T03:00:00","4","18.9","72.8166666","11.0","BOMBAY COLABA, IN","FM-12","99999","V020","999,9,C,0000,1","22000,1,9,N","002000,1,9,9","+0250,1","+0207,1","10141,1",,,"0,1,02,1","0,1,02,1",,,"02,1,+00800,1,06,1","99,9,+99999,9,03,1","99,9,+99999,9,00,1","9,AGL   ,+99999,+99999","04,99,1,02,1,99,9,00800,1,99,9,99,9","240,N,+0230,1","9,9,999,9,+001,1","05,1","SYN07443057 31595 40000 10250 20207 40141 70500 82531 333 20230 58001 555 10670=",
"43057099999","2023-12-22T12:00:00","4","18.9","72.8166666","11.0","BOMBAY COLABA, IN","FM-12","99999","V020","999,9,C,0000,1","99999,9,9,N","002000,1,9,9","+0282,1","+0213,1","10114,1",,,"2,1,02,1","2,1,02,1",,,"02,1,+00800,1,06,1","99,9,+99999,9,03,1","99,9,+99999,9,00,1","9,AGL   ,+99999,+99999","06,99,1,02,1,99,9,00800,1,99,9,99,9",,"9,9,999,9,+000,1","05,1","SYN06443057 31595 60000 10282 20213 40114 70522 82531 333 10302 58000=",
"43057099999","2023-12-23T03:00:00","4","18.9","72.8166666","11.0","BOMBAY COLABA, IN","FM-12","99999","V020","999,9,C,0000,1","22000,1,9,N","002000,1,9,9","+0242,1","+0221,1","10145,1",,,"0,1,02,1","0,1,02,1",,,"02,1,+00800,1,06,1","99,9,+99999,9,00,1",,"9,AGL   ,+99999,+99999","03,99,1,02,1,99,9,00800,1,99,9,99,9","240,N,+0222,1","9,9,999,9,+004,1","05,1","SYN07443057 31595 30000 10242 20221 40145 70500 82501 333 20222 58004 555 10067=",
"43057099999","2023-12-23T09:00:00","4","18.9","72.8166666","11.0","BOMBAY COLABA, IN","FM-12","99999","V020","999,9,C,0000,1","22000,1,9,N","002000,1,9,9","+0272,1","+0184,1","10117,1",,,"0,1,02,1","0,1,02,1",,,"99,9,+00800,1,00,1",,,"9,AGL   ,+99999,+99999","01,99,1,00,1,99,9,00800,1,99,9,99,9",,"9,9,999,9,-002,1","05,1","SYN05843057 31595 10000 10272 20184 40117 70500 80001 333 59002=","Q01    003SCCGA1"
"43057099999","2023-12-23T12:00:00","4","18.9","72.8166666","11.0","BOMBAY COLABA, IN","FM-12","99999","V020","290,1,N,0005,1","22000,1,9,N","002000,1,9,9","+0280,1","+0224,1","10120,1",,,"0,1,02,1","0,1,02,1",,,"02,1,+00800,1,06,1","99,9,+99999,9,00,1",,"9,AGL   ,+99999,+99999","03,99,1,02,1,99,9,00800,1,99,9,99,9",,"9,9,999,9,+006,1","05,1","SYN06443057 31595 32901 10280 20224 40120 70500 82501 333 10316 58006=",
"43057099999","2023-12-24T03:00:00","4","18.9","72.8166666","11.0","BOMBAY COLABA, IN","FM-12","99999","V020","999,9,C,0000,1","22000,1,9,N","002000,1,9,9","+0236,1","+0205,1","10163,1",,,"0,1,02,1","0,1,02,1",,,"02,1,+00800,1,06,1","99,9,+99999,9,04,1","99,9,+99999,9,00,1","9,AGL   ,+99999,+99999","04,99,1,02,1,99,9,00800,1,99,9,99,9","240,N,+0218,1","9,9,999,9,+018,1","05,1","SYN07443057 31595 40000 10236 20205 40163 70500 82511 333 20218 58018 555 10067=",
"43057099999","2023-12-24T12:00:00","4","18.9","72.8166666","11.0","BOMBAY COLABA, IN","FM-12","99999","V020","999,9,C,0000,1","22000,1,9,N","002000,1,9,9","+0282,1","+0213,1","10128,1",,,"0,1,02,1","0,1,02,1",,,"01,1,+00800,1,06,1","99,9,+99999,9,00,1",,"9,AGL   ,+99999,+99999","02,99,1,01,1,99,9,00800,1,99,9,99,9",,"9,9,999,9,+008,1","05,1","SYN06443057 31595 20000 10282 20213 40128 70500 81501 333 10326 58008=",
"43057099999","2023-12-26T12:00:00","4","18.9","72.8166666","11.0","BOMBAY COLABA, IN","FM-12","99999","V020","999,9,C,0000,1","22000,1,9,9","002000,1,9,9","+0292,1","+0221,1","10130,1","99,9999,9,9",,"0,1,99,9","0,1,99,9",,,,,,,"00,99,1,99,9,99,9,99999,9,99,9,99,9",,"9,9,999,9,+004,1","05,1","SYN004BUFR",
"43057099999","2023-12-27T03:00:00","4","18.9","72.8166666","11.0","BOMBAY COLABA, IN","FM-12","99999","V020","999,9,C,0000,1","22000,1,9,N","002000,1,9,9","+0244,1","+0217,1","10170,1",,,"0,1,02,1","0,1,02,1",,,"01,1,+00800,1,06,1","99,9,+99999,9,03,1","99,9,+99999,9,00,1","9,AGL   ,+99999,+99999","03,99,1,01,1,99,9,00800,1,99,9,99,9","240,N,+0222,1","9,9,999,9,+009,1","05,1","SYN07443057 31595 30000 10244 20217 40170 70500 81531 333 20222 58009 555 10067=",
"43057099999","2023-12-27T06:00:00","4","18.9","72.8166666","11.0","BOMBAY COLABA, IN","FM-12","99999","V020","999,9,C,0000,1","22000,1,9,N","002000,1,9,9","+0296,1","+0199,1","10171,1",,,"0,1,02,1","0,1,02,1",,,"99,9,+99999,9,00,1",,,"9,AGL   ,+99999,+99999","01,99,1,00,1,99,9,99999,9,99,9,99,9",,"9,9,999,9,+007,1","05,1","SYN05843057 31995 10000 10296 20199 40171 70500 80001 333 58007=","Q01    003SCCGA1"
"43057099999","2023-12-27T09:00:00","4","18.9","72.8166666","11.0","BOMBAY COLABA, IN","FM-12","99999","V020","999,9,C,0000,1","22000,1,9,N","002000,1,9,9","+0308,1","+0220,1","10133,1",,,"0,1,02,1","0,1,02,1",,,"99,9,+99999,9,00,1",,,"9,AGL   ,+99999,+99999","01,99,1,00,1,99,9,99999,9,99,9,99,9",,"9,9,999,9,-001,1","05,1","SYN05843057 31995 10000 10308 20220 40133 70500 80001 333 59001=","Q01    003SCCGA1"
"43057099999","2023-12-27T12:00:00","4","18.9","72.8166666","11.0","BOMBAY COLABA, IN","FM-12","99999","V020","999,9,C,0000,1","22000,1,9,N","002000,1,9,9","+0284,1","+0238,1","10125,1",,,"0,1,02,1","0,1,02,1",,,"01,1,+00800,1,06,1",,,"9,AGL   ,+99999,+99999","01,99,1,01,1,99,9,00800,1,99,9,99,9",,"9,9,999,9,-005,1","05,1","SYN06443057 31595 10000 10284 20238 40125 70500 81500 333 10324 59005=",
"43057099999","2023-12-28T03:00:00","4","18.9","72.8166666","11.0","BOMBAY COLABA, IN","FM-12","99999","V020","999,9,C,0000,1","99999,9,9,N","002000,1,9,9","+0242,1","+0218,1","10151,1",,,"0,1,02,1","0,1,02,1",,,,,,,,"240,N,+0223,1","9,9,999,9,-019,1","05,1","SYN06843057 31995 00000 10242 20218 40151 70500 333 20223 59019 555 10067=",
"43057099999","2023-12-28T06:00:00","4","18.9","72.8166666","11.0","BOMBAY COLABA, IN","FM-12","99999","V020","999,9,C,0000,1","99999,9,9,N","002000,1,9,9","+0290,1","+0219,1","10144,1",,,"0,1,02,1","0,1,02,1",,,,,,,,,"9,9,999,9,-027,1","05,1","SYN05243057 31995 00000 10290 20219 40144 70500 333 59027=",
"43057099999","2023-12-28T09:00:00","4","18.9","72.8166666","11.0","BOMBAY COLABA, IN","FM-12","99999","V020","999,9,C,0000,1","99999,9,9,N","002000,1,9,9","+0320,1","+0165,1","10112,1",,,"0,1,02,1","0,1,02,1",,,,,,,,,"9,9,999,9,-021,1","05,1","SYN05243057 31995 00000 10320 20165 40112 70500 333 59021=",
"43057099999","2023-12-28T12:00:00","4","18.9","72.8166666","11.0","BOMBAY COLABA, IN","FM-12","99999","V020","999,9,C,0000,1","22000,1,9,N","002000,1,9,9","+0288,1","+0230,1","10114,1",,,"0,1,02,1","0,1,02,1",,,"01,1,+00800,1,06,1","99,9,+99999,9,00,1",,"9,AGL   ,+99999,+99999","02,99,1,01,1,99,9,00800,1,99,9,99,9",,"9,9,999,9,-011,1","05,1","SYN06443057 31595 20000 10288 20230 40114 70500 81501 333 10324 59011=",
"43057099999","2023-12-29T03:00:00","4","18.9","72.8166666","11.0","BOMBAY COLABA, IN","FM-12","99999","V020","999,9,C,0000,1","99999,9,9,N","002000,1,9,9","+0240,1","+0216,1","10148,1",,,"0,1,02,1","0,1,02,1",,,,,,,,"240,N,+0225,1","9,9,999,9,-003,1","05,1","SYN06843057 31995 00000 10240 20216 40148 70500 333 20225 59003 555 10067=",
"43057099999","2023-12-29T12:00:00","4","18.9","72.8166666","11.0","BOMBAY COLABA, IN","FM-12","99999","V020","999,9,C,0000,1","99999,9,9,N","002000,1,9,9","+0300,1","+0214,1","10113,1",,,"0,1,02,1","0,1,02,1",,,,,,,,,"9,9,999,9,-001,1","05,1","SYN05843057 31995 00000 10300 20214 40113 70500 333 10324 59001=",
"43057099999","2023-12-30T03:00:00","4","18.9","72.8166666","11.0","BOMBAY COLABA, IN","FM-12","99999","V020","999,9,C,0000,1","99999,9,9,N","002000,1,9,9","+0242,1","+0218,1","10142,1",,,"0,1,02,1","0,1,02,1",,,,,,,,"240,N,+0224,1","9,9,999,9,-006,1","05,1","SYN06843057 31995 00000 10242 20218 40142 70500 333 20224 59006 555 10067=",
"43057099999","2023-12-30T09:00:00","4","18.9","72.8166666","11.0","BOMBAY COLABA, IN","FM-12","99999","V020","999,9,C,0000,1","99999,9,9,N","002000,1,9,9","+0306,1","+0217,1","10120,1",,,"0,1,02,1","0,1,02,1",,,,,,,,,"9,9,999,9,+007,1","05,1","SYN05243057 31995 00000 10306 20217 40120 70500 333 58007=",
"43057099999","2023-12-30T12:00:00","4","18.9","72.8166666","11.0","BOMBAY COLABA, IN","FM-12","99999","V020","999,9,C,0000,1","99999,9,9,N","002000,1,9,9","+0286,1","+0237,1","10110,1",,,"0,1,02,1","0,1,02,1",,,,,,,,,"9,9,999,9,-003,1","05,1","SYN05843057 31995 00000 10286 20237 40110 70500 333 10326 59003=",
"43057099999","2023-12-31T00:00:00","4","18.9","72.8166666","11.0","BOMBAY COLABA, IN","FM-12","99999","V020","999,9,C,0000,1","99999,9,9,N","002000,1,9,9","+0234,1","+0213,1","10120,1",,,"0,1,02,1","0,1,02,1",,,,,,,,,"9,9,999,9,-006,1","05,1","SYN05243057 31995 00000 10234 20213 40120 70500 333 59006=",
"43057099999","2023-12-31T03:00:00","4","18.9","72.8166666","11.0","BOMBAY COLABA, IN","FM-12","99999","V020","999,9,C,0000,1","99999,9,9,N","002000,1,9,9","+0240,1","+0219,1","10135,1",,,"0,1,02,1","0,1,02,1",,,,,,,,"240,N,+0222,1","9,9,999,9,-007,1","05,1","SYN07443057 31995 00000 10240 20219 40135 70500 333 20222 59007 555 00000 10067=",
"43057099999","2023-12-31T12:00:00","4","18.9","72.8166666","11.0","BOMBAY COLABA, IN","FM-12","99999","V020","999,9,C,0000,1","99999,9,9,N","002000,1,9,9","+0284,1","+0228,1","10100,1",,,"0,1,02,1","0,1,02,1",,,,,,,,,"9,9,999,9,-010,1","05,1","SYN05843057 31995 00000 10284 20228 40100 70500 333 10328 59010=",
