"STATION","DATE","SOURCE","LATITUDE","LONGITUDE","ELEVATION","NAME","REPORT_TYPE","CALL_SIGN","QUALITY_CONTROL","WND","CIG","VIS","TMP","DEW","SLP","AA1","AY1","AY2","AZ1","AZ2","GA1","GA2","GE1","GF1","KA1","MD1","ME1","MW1","REM","EQD"
"43071099999","2023-01-02T03:00:00","4","18.2","75.2","521.0","JEUR, IN","FM-12","99999","V020","999,9,9,9999,9","99999,9,9,N","004000,1,9,9","+0200,1","+0133,1","10173,1",,,,,,"03,1,+99999,9,08,1","99,9,+99999,9,00,1","9,AGL   ,+99999,+99999","99,99,9,03,1,99,9,99999,9,99,9,99,9","240,N,+0140,1","9,9,999,9,-021,1",,,"SYN06843071 32996 ///// 10200 20133 40173 83201 333 20140 59021 555 10000=",
"43071099999","2023-01-02T12:00:00","4","18.2","75.2","521.0","JEUR, IN","FM-12","99999","V020","999,9,C,0000,1","22000,1,9,N","004000,1,9,9","+9999,9","+0179,1","10113,1",,,,,,"03,2,+99999,9,08,1","99,9,+99999,9,00,1","9,AGL   ,+99999,+99999","01,99,2,03,2,99,9,99999,9,99,9,99,9","240,M,+0320,1","9,9,999,9,-009,1",,,"SYN05243071 32996 10300 20179 40113 83201 333 10320 59009=",
"43071099999","2023-01-03T03:00:00","4","18.2","75.2","521.0","JEUR, IN","FM-12","99999","V020","999,9,C,0000,1","22000,1,9,N","004000,1,9,9","+9999,9","+0151,1","10185,1",,,,,,"03,2,+99999,9,08,1","99,9,+99999,9,00,1","9,AGL   ,+99999,+99999","01,99,2,03,2,99,9,99999,9,99,9,99,9","240,N,+0160,1","9,9,999,9,+011,1",,,"SYN06243071 32996 10200 20151 40185 83201 333 20160 58011 555 10000=",
"43071099999","2023-01-04T03:00:00","4","18.2","75.2","521.0","JEUR, IN","FM-12","99999","V020","999,9,C,0000,1","22000,1,9,N","004000,1,9,9","+0210,1","+0162,1","10170,1",,,,,,"03,1,+99999,9,08,1","99,9,+99999,9,00,1","9,AGL   ,+99999,+99999","04,99,1,03,1,99,9,99999,9,99,9,99,9","240,N,+0180,1","9,9,999,9,+012,1",,,"SYN06843071 32996 40000 10210 20162 40170 83201 333 20180 58012 555 10000=",
"43071099999","2023-01-04T12:00:00","4","18.2","75.2","521.0","JEUR, IN","FM-12","99999","V020","999,9,9,9999,9","22000,1,9,N","004000,1,9,9","+0290,1","+0167,1","10095,1",,,,,,"03,1,+99999,9,08,1","99,9,+99999,9,00,1","9,AGL   ,+99999,+99999","04,99,1,03,1,99,9,99999,9,99,9,99,9","240,M,+0300,1","9,9,999,9,-019,1",,,"SYN05843071 32996 4//// 10290 20167 40095 83201 333 10300 59019=",
"43071099999","2023-02-13T12:00:00","4","18.2","75.2","521.0","JEUR, IN","FM-12","99999","V020","999,9,9,9999,9","99999,9,9,N","004000,1,9,9","+0330,1","+0216,1","10095,1",,,,,,"03,1,+99999,9,08,1","99,9,+99999,9,00,1","9,AGL   ,+99999,+99999","99,99,9,03,1,99,9,99999,9,99,9,99,9","240,M,+0350,1","9,9,999,9,+001,1",,,"SYN05843071 32996 ///// 10330 20216 40095 83201 333 10350 58001=",
"43071099999","2023-02-14T03:00:00","4","18.2","75.2","521.0","JEUR, IN","FM-12","99999","V020","999,9,9,9999,9","99999,9,9,N","004000,1,9,9","+0220,1","+0096,1","10169,1",,,,,,"03,1,+99999,9,08,1","99,9,+99999,9,00,1","9,AGL   ,+99999,+99999","99,99,9,03,1,99,9,99999,9,99,9,99,9","240,N,+0140,1","9,9,999,9,+012,1",,,"SYN06843071 32996 ///// 10220 20096 40169 83201 333 20140 58012 555 10000=",
"43071099999","2023-02-14T12:00:00","4","18.2","75.2","521.0","JEUR, IN","FM-12","99999","V020","999,9,9,9999,9","22000,1,9,N","004000,1,9,9","+0330,1","+0181,1","10096,1",,,,,,"03,1,+99999,9,08,1","99,9,+99999,9,00,1","9,AGL   ,+99999,+99999","04,99,1,03,1,99,9,99999,9,99,9,99,9","240,M,+0340,1","9,9,999,9,+001,1",,,"SYN05843071 32996 4//// 10330 20181 40096 83201 333 10340 58001=",
"43071099999","2023-02-15T03:00:00","4","18.2","75.2","521.0","JEUR, IN","FM-12","99999","V020","999,9,9,9999,9","99999,9,9,N","004000,1,9,9","+0190,1","+0079,1","10166,1",,,,,,"03,1,+99999,9,08,1","99,9,+99999,9,00,1","9,AGL   ,+99999,+99999","99,99,9,03,1,99,9,99999,9,99,9,99,9","240,N,+0110,1","9,9,999,9,-003,1",,,"SYN06843071 32996 ///// 10190 20079 40166 83201 333 20110 59003 555 10000=",
"43071099999","2023-02-15T12:00:00","4","18.2","75.2","521.0","JEUR, IN","FM-12","99999","V020","999,9,9,9999,9","99999,9,9,N","004000,1,9,9","+0330,1","+0141,1","10085,1",,,,,,"03,1,+99999,9,08,1","99,9,+99999,9,00,1","9,AGL   ,+99999,+99999","99,99,9,03,1,99,9,99999,9,99,9,99,9","240,M,+0350,1","9,9,999,9,-011,1",,,"SYN05843071 32996 ///// 10330 20141 40085 83201 333 10350 59011=",
"43071099999","2023-02-16T03:00:00","4","18.2","75.2","521.0","JEUR, IN","FM-12","99999","V020","020,1,N,0154,1","22000,1,9,N","004000,1,9,9","+9999,9","+0109,1","10146,1",,,,,,"03,2,+99999,9,08,1","99,9,+99999,9,00,1","9,AGL   ,+99999,+99999","01,99,2,03,2,99,9,99999,9,99,9,99,9","240,N,+0140,1","9,9,999,9,-020,1",,,"SYN06243071 32996 10230 20109 40146 83201 333 20140 59020 555 10000=",
"43071099999","2023-02-17T03:00:00","4","18.2","75.2","521.0","JEUR, IN","FM-12","99999","V020","999,9,9,9999,9","99999,9,9,N","004000,1,9,9","+0230,1","+0087,1","10156,1",,,,,,"03,1,+99999,9,08,1","99,9,+99999,9,00,1","9,AGL   ,+99999,+99999","99,99,9,03,1,99,9,99999,9,99,9,99,9","240,N,+0122,1","9,9,999,9,+010,1",,,"SYN06843071 32996 ///// 10230 20087 40156 83201 333 20122 58010 555 10000=",
"43071099999","2023-02-18T03:00:00","4","18.2","75.2","521.0","JEUR, IN","FM-12","99999","V020","999,9,9,9999,9","99999,9,9,N","004000,1,9,9","+0240,1","+0077,1","10142,1",,,,,,"03,1,+99999,9,08,1","99,9,+99999,9,00,1","9,AGL   ,+99999,+99999","99,99,9,03,1,99,9,99999,9,99,9,99,9","240,N,+0141,1","9,9,999,9,-014,1",,,"SYN06843071 32996 ///// 10240 20077 40142 83201 333 20141 59014 555 10000=",
"43071099999","2023-02-20T03:00:00","4","18.2","75.2","521.0","JEUR, IN","FM-12","99999","V020","999,9,9,9999,9","99999,9,9,N","004000,1,9,9","+0230,1","+0109,1","10154,1",,,,,,"03,1,+99999,9,08,1","99,9,+99999,9,00,1","9,AGL   ,+99999,+99999","99,99,9,03,1,99,9,99999,9,99,9,99,9","240,N,+0141,1","9,9,999,9,+012,1",,,"SYN06843071 32996 ///// 10230 20109 40154 83201 333 20141 58012 555 10000=",
"43071099999","2023-02-20T12:00:00","4","18.2","75.2","521.0","JEUR, IN","FM-12","99999","V020","999,9,9,9999,9","99999,9,9,N","004000,1,9,9","+0330,1","+0141,1","10082,1",,,,,,"03,1,+99999,9,08,1","99,9,+99999,9,00,1","9,AGL   ,+99999,+99999","99,99,9,03,1,99,9,99999,9,99,9,99,9","240,M,+0350,1","9,9,999,9,-012,1",,,"SYN05843071 32996 ///// 10330 20141 40082 83201 333 10350 59012=",
"43071099999","2023-02-21T03:00:00","4","18.2","75.2","521.0","JEUR, IN","FM-12","99999","V020","020,1,N,0154,1","22000,1,9,N","004000,1,9,9","+9999,9","+0087,1","10143,1",,,,,,"03,2,+99999,9,08,1","99,9,+99999,9,00,1","9,AGL   ,+99999,+99999","01,99,2,03,2,99,9,99999,9,99,9,99,9","240,N,+0150,1","9,9,999,9,-011,1",,,"SYN06243071 32996 10230 20087 40143 83201 333 20150 59011 555 10000=",
"43071099999","2023-02-21T12:00:00","4","18.2","75.2","521.0","JEUR, IN","FM-12","99999","V020","999,9,9,9999,9","99999,9,9,N","004000,1,9,9","+0350,1","+0148,1","10087,1",,,,,,"03,1,+99999,9,08,1","99,9,+99999,9,00,1","9,AGL   ,+99999,+99999","99,99,9,03,1,99,9,99999,9,99,9,99,9","240,M,+0360,1","9,9,999,9,+005,1",,,"SYN05843071 32996 ///// 10350 20148 40087 83201 333 10360 58005=",
"43071099999","2023-02-22T03:00:00","4","18.2","75.2","521.0","JEUR, IN","FM-12","99999","V020","020,1,N,0206,1","22000,1,9,N","004000,1,9,9","+9999,9","+0101,1","10140,1",,,,,,"03,2,+99999,9,08,1","99,9,+99999,9,00,1","9,AGL   ,+99999,+99999","01,99,2,03,2,99,9,99999,9,99,9,99,9","240,N,+0160,1","9,9,999,9,-003,1",,,"SYN06243071 32996 10240 20101 40140 83201 333 20160 59003 555 10000=",
"43071099999","2023-02-22T12:00:00","4","18.2","75.2","521.0","JEUR, IN","FM-12","99999","V020","030,1,N,0257,1","22000,1,9,N","004000,1,9,9","+9999,9","+0126,1","10077,1",,,,,,"03,2,+99999,9,08,1","99,9,+99999,9,00,1","9,AGL   ,+99999,+99999","01,99,2,03,2,99,9,99999,9,99,9,99,9","240,M,+0360,1","9,9,999,9,-010,1",,,"SYN05243071 32996 10350 20126 40077 83201 333 10360 59010=",
"43071099999","2023-02-23T03:00:00","4","18.2","75.2","521.0","JEUR, IN","FM-12","99999","V020","020,1,N,0154,1","22000,1,9,N","004000,1,9,9","+9999,9","+0109,1","10143,1",,,,,,"03,2,+99999,9,08,1","99,9,+99999,9,00,1","9,AGL   ,+99999,+99999","01,99,2,03,2,99,9,99999,9,99,9,99,9","240,N,+0142,1","9,9,999,9,+003,1",,,"SYN06243071 32996 10230 20109 40143 83201 333 20142 58003 555 10000=",
"43071099999","2023-02-23T12:00:00","4","18.2","75.2","521.0","JEUR, IN","FM-12","99999","V020","030,1,N,0206,1","22000,1,9,N","004000,1,9,9","+9999,9","+0155,1","10079,1",,,,,,"03,2,+99999,9,08,1","99,9,+99999,9,00,1","9,AGL   ,+99999,+99999","01,99,2,03,2,99,9,99999,9,99,9,99,9","240,M,+0360,1","9,9,999,9,+002,1",,,"SYN05243071 32996 10340 20155 40079 83201 333 10360 58002=",
"43071099999","2023-02-24T03:00:00","4","18.2","75.2","521.0","JEUR, IN","FM-12","99999","V020","999,9,9,9999,9","99999,9,9,N","004000,1,9,9","+0240,1","+0077,1","10152,1",,,,,,"03,1,+99999,9,08,1","99,9,+99999,9,00,1","9,AGL   ,+99999,+99999","99,99,9,03,1,99,9,99999,9,99,9,99,9","240,N,+0152,1","9,9,999,9,+009,1",,,"SYN06843071 32996 ///// 10240 20077 40152 83201 333 20152 58009 555 10000=",
"43071099999","2023-02-24T12:00:00","4","18.2","75.2","521.0","JEUR, IN","FM-12","99999","V020","999,9,9,9999,9","99999,9,9,N","004000,1,9,9","+0330,1","+0161,1","10092,1",,,,,,"03,1,+99999,9,08,1","99,9,+99999,9,00,1","9,AGL   ,+99999,+99999","99,99,9,03,1,99,9,99999,9,99,9,99,9","240,M,+0362,1","9,9,999,9,+013,1",,,"SYN05843071 32996 ///// 10330 20161 40092 83201 333 10362 58013=",
"43071099999","2023-02-25T03:00:00","4","18.2","75.2","521.0","JEUR, IN","FM-12","99999","V020","999,9,9,9999,9","99999,9,9,N","004000,1,9,9","+0230,1","+0087,1","10165,1",,,,,,"03,1,+99999,9,08,1","99,9,+99999,9,00,1","9,AGL   ,+99999,+99999","99,99,9,03,1,99,9,99999,9,99,9,99,9","240,N,+0161,1","9,9,999,9,+023,1",,,"SYN06843071 32996 ///// 10230 20087 40165 83201 333 20161 58023 555 10000=",
"43071099999","2023-02-27T03:00:00","4","18.2","75.2","521.0","JEUR, IN","FM-12","99999","V020","020,1,N,0103,1","22000,1,9,N","004000,1,9,9","+9999,9","+0096,1","10175,1",,,,,,"03,2,+99999,9,08,1","99,9,+99999,9,00,1","9,AGL   ,+99999,+99999","01,99,2,03,2,99,9,99999,9,99,9,99,9","240,N,+0152,1","9,9,999,9,+010,1",,,"SYN06243071 32996 10220 20096 40175 83201 333 20152 58010 555 10000=",
"43071099999","2023-02-27T12:00:00","4","18.2","75.2","521.0","JEUR, IN","FM-12","99999","V020","030,1,N,0206,1","22000,1,9,N","004000,1,9,9","+9999,9","+0110,1","10113,1",,,,,,"03,2,+99999,9,08,1","99,9,+99999,9,00,1","9,AGL   ,+99999,+99999","01,99,2,03,2,99,9,99999,9,99,9,99,9","240,M,+0361,1","9,9,999,9,+021,1",,,"SYN05243071 32996 10340 20110 40113 83201 333 10361 58021=",
"43071099999","2023-02-28T03:00:00","4","18.2","75.2","521.0","JEUR, IN","FM-12","99999","V020","020,1,N,0206,1","22000,1,9,N","004000,1,9,9","+9999,9","+0101,1","10070,1",,,,,,"03,2,+99999,9,08,1","99,9,+99999,9,00,1","9,AGL   ,+99999,+99999","01,99,2,03,2,99,9,99999,9,99,9,99,9","240,N,+0162,1","9,9,999,9,-005,1",,,"SYN06243071 32996 10240 20101 40070 83201 333 20162 59005 555 10000=",
"43071099999","2023-02-28T12:00:00","4","18.2","75.2","521.0","JEUR, IN","FM-12","99999","V020","030,1,N,0154,1","22000,1,9,N","004000,1,9,9","+9999,9","+0118,1","10112,1",,,,,,"03,2,+99999,9,08,1","99,9,+99999,9,00,1","9,AGL   ,+99999,+99999","01,99,2,03,2,99,9,99999,9,99,9,99,9",,,,,"SYN05343071 32996 10330 20118 40112 83201 333 1035.2 59001=",
"43071099999","2023-03-01T12:00:00","4","18.2","75.2","521.0","JEUR, IN","FM-12","99999","V020","010,1,N,0211,1","22000,1,9,9","003000,1,9,9","+9999,9","+9999,9","10125,1",,,,,,"99,9,+00200,1,99,9",,"9,AGL   ,+99999,+99999","02,99,1,99,9,99,9,00200,1,99,9,99,9",,"9,9,999,9,-004,1",,,"SYN004BUFR",
"43071099999","2023-03-02T03:00:00","4","18.2","75.2","521.0","JEUR, IN","FM-12","99999","V020","999,9,C,0000,1","99999,9,9,N","004000,1,9,9","+0240,1","+0082,1","10181,1",,,,,,,,,,"240,N,+0172,1","9,9,999,9,-001,1",,,"SYN06243071 32996 00000 10240 20082 40181 333 20172 59001 555 10000=",
"43071099999","2023-03-02T12:00:00","4","18.2","75.2","521.0","JEUR, IN","FM-12","99999","V020","999,9,C,0000,1","99999,9,9,N","004000,1,9,9","+0320,1","+0126,1","10126,1",,,,,,,,,,"240,M,+0350,1","9,9,999,9,+001,1",,,"SYN05243071 32996 00000 10320 20126 40126 333 10350 58001=",
"43071099999","2023-03-06T03:00:00","4","18.2","75.2","521.0","JEUR, IN","FM-12","99999","V020","020,1,N,0216,1","22000,1,9,N","004000,1,9,9","+9999,9","+0125,1","10167,1",,,,,,"03,2,+00800,1,08,1","99,9,+99999,9,00,1","9,AGL   ,+99999,+99999","01,99,2,03,2,99,9,00800,1,99,9,99,9","240,N,+0180,1","9,9,999,9,+023,1",,,"SYN06243071 32596 10242 20125 40167 83201 333 20180 58023 555 10000=",
"43071099999","2023-03-06T12:00:00","4","18.2","75.2","521.0","JEUR, IN","FM-12","99999","V020","030,1,N,0154,1","22000,1,9,N","004000,1,9,9","+9999,9","+0161,1","10092,1",,,,,,"03,2,+00800,1,08,1","99,9,+99999,9,00,1","9,AGL   ,+99999,+99999","01,99,2,03,2,99,9,00800,1,99,9,99,9","240,M,+0350,1","9,9,999,9,-017,1",,,"SYN05243071 32596 10330 20161 40092 83201 333 10350 59017=",
"43071099999","2023-03-08T03:00:00","4","18.2","75.2","521.0","JEUR, IN","FM-12","99999","V020","999,9,C,0000,1","22000,1,9,N","004000,1,9,9","+0220,1","+0118,1","10166,1",,,,,,"03,1,+00800,1,08,1","99,9,+99999,9,00,1","9,AGL   ,+99999,+99999","04,99,1,03,1,99,9,00800,1,99,9,99,9","240,N,+0152,1","9,9,999,9,-001,1",,,"SYN06843071 32596 40000 10220 20118 40166 83201 333 20152 59001 555 10000=",
"43071099999","2023-03-08T12:00:00","4","18.2","75.2","521.0","JEUR, IN","FM-12","99999","V020","999,9,C,0000,1","22000,1,9,N","004000,1,9,9","+0320,1","+0168,1","10097,1",,,,,,"03,1,+00800,1,08,1","99,9,+99999,9,00,1","9,AGL   ,+99999,+99999","04,99,1,03,1,99,9,00800,1,99,9,99,9","240,M,+0342,1","9,9,999,9,+005,1",,,"SYN05843071 32596 40000 10320 20168 40097 83201 333 10342 58005=",
"43071099999","2023-03-09T03:00:00","4","18.2","75.2","521.0","JEUR, IN","FM-12","99999","V020","020,1,N,0165,1","22000,1,9,N","004000,1,9,9","+9999,9","+0129,1","10162,1",,,,,,"03,2,+00800,1,08,1","99,9,+99999,9,00,1","9,AGL   ,+99999,+99999","01,99,2,03,2,99,9,00800,1,99,9,99,9","240,N,+0180,1","9,9,999,9,-004,1",,,"SYN06243071 32596 10232 20129 40162 83201 333 20180 59004 555 10000=",
"43071099999","2023-03-09T12:00:00","4","18.2","75.2","521.0","JEUR, IN","FM-12","99999","V020","030,1,N,0113,1","22000,1,9,N","004000,1,9,9","+9999,9","+0166,1","10092,1",,,,,,"03,2,+00800,1,08,1","99,9,+99999,9,00,1","9,AGL   ,+99999,+99999","01,99,2,03,2,99,9,00800,1,99,9,99,9","240,M,+0352,1","9,9,999,9,-005,1",,,"SYN05243071 32596 10322 20166 40092 83201 333 10352 59005=",
"43071099999","2023-03-10T03:00:00","4","18.2","75.2","521.0","JEUR, IN","FM-12","99999","V020","020,1,N,0309,1","22000,1,9,N","004000,1,9,9","+9999,9","+0206,1","10145,1",,,,,,"03,2,+00800,1,08,1","99,9,+99999,9,00,1","9,AGL   ,+99999,+99999","01,99,2,03,2,99,9,00800,1,99,9,99,9","240,N,+0190,1","9,9,999,9,-017,1",,,"SYN06243071 32596 10260 20206 40145 83201 333 20190 59017 555 10000=",
"43071099999","2023-03-10T12:00:00","4","18.2","75.2","521.0","JEUR, IN","FM-12","99999","V020","030,1,N,0154,1","22000,1,9,N","004000,1,9,9","+9999,9","+0161,1","10081,1",,,,,,"03,2,+00800,1,08,1","99,9,+99999,9,00,1","9,AGL   ,+99999,+99999","01,99,2,03,2,99,9,00800,1,99,9,99,9","240,M,+0352,1","9,9,999,9,-011,1",,,"SYN05243071 32596 10330 20161 40081 83201 333 10352 59011=",
"43071099999","2023-03-11T03:00:00","4","18.2","75.2","521.0","JEUR, IN","FM-12","99999","V020","020,1,N,0309,1","22000,1,9,N","004000,1,9,9","+9999,9","+0111,1","10144,1",,,,,,"03,2,+00800,1,08,1","99,9,+99999,9,00,1","9,AGL   ,+99999,+99999","01,99,2,03,2,99,9,00800,1,99,9,99,9","240,N,+0192,1","9,9,999,9,-001,1",,,"SYN06243071 32596 10260 20111 40144 83201 333 20192 59001 555 10000=",
"43071099999","2023-03-11T12:00:00","4","18.2","75.2","521.0","JEUR, IN","FM-12","99999","V020","030,1,N,0206,1","22000,1,9,N","004000,1,9,9","+9999,9","+0159,1","10079,1",,,,,,"03,2,+00800,1,08,1","99,9,+99999,9,00,1","9,AGL   ,+99999,+99999","01,99,2,03,2,99,9,00800,1,99,9,99,9","240,M,+0361,1","9,9,999,9,-002,1",,,"SYN05243071 32596 10340 20159 40079 83201 333 10361 59002=",
"43071099999","2023-03-13T03:00:00","4","18.2","75.2","521.0","JEUR, IN","FM-12","99999","V020","020,1,N,0206,1","22000,1,9,N","004000,1,9,9","+9999,9","+0143,1","10138,1",,,,,,"03,2,+00800,1,08,1","99,9,+99999,9,00,1","9,AGL   ,+99999,+99999","01,99,2,03,2,99,9,00800,1,99,9,99,9","240,N,+0200,1","9,9,999,9,-006,1",,,"SYN06243071 32596 10240 20143 40138 83201 333 20200 59006 555 10000=",
"43071099999","2023-03-13T12:00:00","4","18.2","75.2","521.0","JEUR, IN","FM-12","99999","V020","030,1,N,0154,1","22000,1,9,N","004000,1,9,9","+9999,9","+0145,1","10070,1",,,,,,"03,2,+00800,1,08,1","99,9,+99999,9,00,1","9,AGL   ,+99999,+99999","01,99,2,03,2,99,9,00800,1,99,9,99,9","240,M,+0360,1","9,9,999,9,-009,1",,,"SYN05243071 32596 10330 20145 40070 83201 333 10360 59009=",
"43071099999","2023-03-14T03:00:00","4","18.2","75.2","521.0","JEUR, IN","FM-12","99999","V020","020,1,N,0206,1","22000,1,9,N","004000,1,9,9","+9999,9","+0123,1","10127,1",,,,,,"03,2,+00800,1,08,1","99,9,+99999,9,00,1","9,AGL   ,+99999,+99999","01,99,2,03,2,99,9,00800,1,99,9,99,9","240,N,+0180,1","9,9,999,9,-011,1",,,"SYN06243071 32596 10240 20123 40127 83201 333 20180 59011 555 10000=",
"43071099999","2023-03-14T12:00:00","4","18.2","75.2","521.0","JEUR, IN","FM-12","99999","V020","030,1,N,0206,1","22000,1,9,N","004000,1,9,9","+9999,9","+0255,1","99999,9",,,,,,"03,2,+00800,1,08,1","99,9,+99999,9,00,1","9,AGL   ,+99999,+99999","01,99,2,03,2,99,9,00800,1,99,9,99,9","240,M,+0370,1","9,9,999,9,-025,1",,,"SYN05243071 32596 10340 20255 4//// 83201 333 10370 59025=",
"43071099999","2023-03-15T03:00:00","4","18.2","75.2","521.0","JEUR, IN","FM-12","99999","V020","020,1,N,0257,1","22000,1,9,N","004000,1,9,9","+9999,9","+0215,1","10091,1",,,,,,"03,2,+00800,1,08,1","99,9,+99999,9,00,1","9,AGL   ,+99999,+99999","01,99,2,03,2,99,9,00800,1,99,9,99,9","240,N,+0192,1","9,9,999,9,-038,1",,,"SYN06243071 33596 10250 20215 40091 83201 333 20192 59038 555 10000=",
"43071099999","2023-03-15T12:00:00","4","18.2","75.2","521.0","JEUR, IN","FM-12","99999","V020","030,1,N,0154,1","22000,1,9,N","004000,1,9,9","+9999,9","+0161,1","10040,1",,,,,,"03,2,+00800,1,08,1","99,9,+99999,9,00,1","9,AGL   ,+99999,+99999","01,99,2,03,2,99,9,00800,1,99,9,99,9","240,M,+0360,1","9,9,999,9,-005,1",,,"SYN05243071 32596 10330 20161 40040 83201 333 10360 59005=",
"43071099999","2023-03-16T12:00:00","4","18.2","75.2","521.0","JEUR, IN","FM-12","99999","V020","030,1,N,0051,1","22000,1,9,N","004000,1,9,9","+9999,9","+0174,1","10065,1",,,,,,"03,2,+00800,1,08,1","99,9,+99999,9,00,1","9,AGL   ,+99999,+99999","01,99,2,03,2,99,9,00800,1,99,9,99,9","240,M,+0350,1","9,9,999,9,+025,1",,,"SYN05243071 32596 10310 20174 40065 83201 333 10350 58025=",
"43071099999","2023-03-17T03:00:00","4","18.2","75.2","521.0","JEUR, IN","FM-12","99999","V020","999,9,C,0000,1","22000,1,9,N","004000,1,9,9","+0230,1","+0167,1","10130,1","24,0070,3,1",,,,,"03,1,+00800,1,08,1","99,9,+99999,9,00,1","9,AGL   ,+99999,+99999","04,99,1,03,1,99,9,00800,1,99,9,99,9","240,N,+0170,1","9,9,999,9,+007,1",,,"SYN08043071 22596 40000 10230 20167 40130 83201 333 20170 58007 6007/ 555 00070 10007=",
"43071099999","2023-03-17T12:00:00","4","18.2","75.2","521.0","JEUR, IN","FM-12","99999","V020","999,9,C,0000,1","22000,1,9,N","004000,1,9,9","+9999,9","+0197,1","10047,1",,,,,,"03,2,+00800,1,08,1","99,9,+99999,9,00,1","9,AGL   ,+99999,+99999","01,99,2,03,2,99,9,00800,1,99,9,99,9","240,M,+0360,1","9,9,999,9,-018,1",,,"SYN05243071 32596 10300 20197 40047 83201 333 10360 59018=",
"43071099999","2023-03-18T03:00:00","4","18.2","75.2","521.0","JEUR, IN","FM-12","99999","V020","020,1,N,0206,1","22000,1,9,N","004000,1,9,9","+9999,9","+0165,1","10128,1",,,,,,"03,2,+00800,1,08,1","99,9,+99999,9,00,1","9,AGL   ,+99999,+99999","01,99,2,03,2,99,9,00800,1,99,9,99,9","240,N,+0192,1","9,9,999,9,-012,1",,,"SYN06243071 32596 10240 20165 40128 83201 333 20192 59012 555 10007=",
"43071099999","2023-03-18T12:00:00","4","18.2","75.2","521.0","JEUR, IN","FM-12","99999","V020","020,1,N,0309,1","22000,1,9,N","004000,1,9,9","+9999,9","+0184,1","10046,1","09,0030,3,1",,,,,"03,2,+00800,1,08,1","99,9,+99999,9,00,1","9,AGL   ,+99999,+99999","01,99,2,03,2,99,9,00800,1,99,9,99,9","240,M,+0330,1","9,9,999,9,-001,1",,,"SYN05843071 22596 10260 20184 40046 83201 333 10330 59001 6003/=",
"43071099999","2023-03-20T03:00:00","4","18.2","75.2","521.0","JEUR, IN","FM-12","99999","V020","999,9,9,9999,9","99999,9,9,N","004000,1,9,9","+0232,1","+0182,1","10097,1",,,,,,"03,1,+99999,9,08,1","99,9,+99999,9,00,1","9,AGL   ,+99999,+99999","99,99,9,03,1,99,9,99999,9,99,9,99,9","240,N,+0182,1","9,9,999,9,-021,1",,,"SYN06843071 32596 ///// 10232 20182 40097 83201 333 20182 59021 555 10010=",
"43071099999","2023-03-21T03:00:00","4","18.2","75.2","521.0","JEUR, IN","FM-12","99999","V020","020,1,N,0103,1","22000,1,9,N","004000,1,9,9","+9999,9","+0138,1","10101,1",,,,,,"03,2,+00800,1,08,1","99,9,+99999,9,00,1","9,AGL   ,+99999,+99999","01,99,2,03,2,99,9,00800,1,99,9,99,9","240,N,+0162,1","9,9,999,9,+004,1",,,"SYN06243071 32596 10220 20138 40101 83201 333 20162 58004 555 10010=",
"43071099999","2023-03-23T03:00:00","4","18.2","75.2","521.0","JEUR, IN","FM-12","99999","V020","020,1,N,0216,1","22000,1,9,N","004000,1,9,9","+9999,9","+0160,1","10108,1",,,,,,"03,2,+00800,1,08,1","99,9,+99999,9,00,1","9,AGL   ,+99999,+99999","01,99,2,03,2,99,9,00800,1,99,9,99,9","240,N,+0172,1","9,9,999,9,+007,1",,,"SYN06243071 32596 10242 20160 40108 83201 333 20172 58007 555 10010=",
"43071099999","2023-03-23T12:00:00","4","18.2","75.2","521.0","JEUR, IN","FM-12","99999","V020","030,1,N,0113,1","22000,1,9,N","004000,1,9,9","+9999,9","+0129,1","10050,1",,,,,,"03,2,+00800,1,08,1","99,9,+99999,9,00,1","9,AGL   ,+99999,+99999","01,99,2,03,2,99,9,00800,1,99,9,99,9","240,M,+0342,1","9,9,999,9,+015,1",,,"SYN05243071 32596 10322 20129 40050 83201 333 10342 58015=",
"43071099999","2023-03-24T03:00:00","4","18.2","75.2","521.0","JEUR, IN","FM-12","99999","V020","020,1,N,0309,1","22000,1,9,N","004000,1,9,9","+9999,9","+0167,1","10101,1",,,,,,"03,2,+00800,1,08,1","99,9,+99999,9,00,1","9,AGL   ,+99999,+99999","01,99,2,03,2,99,9,00800,1,99,9,99,9","240,N,+0190,1","9,9,999,9,-007,1",,,"SYN06243071 32596 10260 20167 40101 83201 333 29190 59007 555 10010=",
"43071099999","2023-03-25T03:00:00","4","18.2","75.2","521.0","JEUR, IN","FM-12","99999","V020","020,1,N,0257,1","22000,1,9,N","004000,1,9,9","+9999,9","+0135,1","10125,1",,,,,,"03,2,+00800,1,08,1","99,9,+99999,9,00,1","9,AGL   ,+99999,+99999","01,99,2,03,2,99,9,00800,1,99,9,99,9","240,N,+0172,1","9,9,999,9,+024,1",,,"SYN06243071 32596 10250 20135 40125 83201 333 20172 58024 555 10010=",
"43071099999","2023-03-25T12:00:00","4","18.2","75.2","521.0","JEUR, IN","FM-12","99999","V020","030,1,N,0206,1","22000,1,9,N","004000,1,9,9","+9999,9","+0159,1","10057,1",,,,,,"03,2,+00800,1,08,1","99,9,+99999,9,00,1","9,AGL   ,+99999,+99999","01,99,2,03,2,99,9,00800,1,99,9,99,9","240,M,+0360,1","9,9,999,9,+007,1",,,"SYN05243071 32596 10340 20159 40057 83201 333 10360 58007=",
"43071099999","2023-03-27T03:00:00","4","18.2","75.2","521.0","JEUR, IN","FM-12","99999","V020","020,1,N,0165,1","22000,1,9,N","004000,1,9,9","+9999,9","+0166,1","10117,1",,,,,,"03,2,+00800,1,08,1","99,9,+99999,9,00,1","9,AGL   ,+99999,+99999","01,99,2,03,2,99,9,00800,1,99,9,99,9","240,N,+0172,1","9,9,999,9,-008,1",,,"SYN06243071 33596 10232 20166 40117 83201 333 20172 59008 555 10010=",
"43071099999","2023-03-27T12:00:00","4","18.2","75.2","521.0","JEUR, IN","FM-12","99999","V020","030,1,N,0206,1","22000,1,9,N","004000,1,9,9","+9999,9","+0141,1","10059,1",,,,,,"03,2,+00800,1,08,1","99,9,+99999,9,00,1","9,AGL   ,+99999,+99999","01,99,2,03,2,99,9,00800,1,99,9,99,9","240,M,+0360,1","9,9,999,9,+002,1",,,"SYN05243071 33596 10340 20141 40059 83201 333 10360 58002=",
"43071099999","2023-03-28T03:00:00","4","18.2","75.2","521.0","JEUR, IN","FM-12","99999","V020","020,1,N,0257,1","22000,1,9,N","004000,1,9,9","+9999,9","+0155,1","10115,1",,,,,,"03,2,+00800,1,08,1","99,9,+99999,9,00,1","9,AGL   ,+99999,+99999","01,99,2,03,2,99,9,00800,1,99,9,99,9","240,N,+0180,1","9,9,999,9,-002,1",,,"SYN06243071 32596 10250 20155 40115 83201 333 20180 59002 555 10010=",
"43071099999","2023-03-29T03:00:00","4","18.2","75.2","521.0","JEUR, IN","FM-12","99999","V020","020,1,N,0412,2","22000,1,9,N","004000,1,9,9","+9999,9","+0134,1","10109,1",,,,,,"03,2,+00800,1,08,1","99,9,+99999,9,00,1","9,AGL   ,+99999,+99999","01,99,2,03,2,99,9,00800,1,99,9,99,9","240,N,+0180,1","9,9,999,9,-006,1",,,"SYN06243071 32596 10280 20134 40109 83201 333 20180 59006 555 10010=",
"43071099999","2023-03-29T12:00:00","4","18.2","75.2","521.0","JEUR, IN","FM-12","99999","V020","030,1,N,0309,1","22000,1,9,N","004000,1,9,9","+9999,9","+0118,1","10039,1",,,,,,"03,2,+00800,1,08,1","99,9,+99999,9,00,1","9,AGL   ,+99999,+99999","01,99,2,03,2,99,9,00800,1,99,9,99,9","240,M,+0380,1","9,9,999,9,-020,1",,,"SYN05243071 32596 10360 20118 40039 83201 333 10380 59020=",
"43071099999","2023-03-30T00:00:00","4","18.2","75.2","521.0","JEUR, IN","FM-12","99999","V020","020,1,N,0309,1","22000,1,9,N","004000,1,9,9","+9999,9","+0128,1","10112,1",,,,,,"03,2,+00800,1,08,1","99,9,+99999,9,00,1","9,AGL   ,+99999,+99999","01,99,2,03,2,99,9,00800,1,99,9,99,9","120,N,+0160,1","9,9,999,9,-003,1",,,"SYN06243071 32596 10260 20128 40112 83201 333 20160 59003 555 10010=",
"43071099999","2023-03-30T03:00:00","4","18.2","75.2","521.0","JEUR, IN","FM-12","99999","V020","020,1,N,0309,1","22000,1,9,N","004000,1,9,9","+9999,9","+0128,1","10112,1",,,,,,"03,2,+00800,1,08,1","99,9,+99999,9,00,1","9,AGL   ,+99999,+99999","01,99,2,03,2,99,9,00800,1,99,9,99,9","240,N,+0160,1","9,9,999,9,-003,1",,,"SYN06243071 32596 10260 20128 40112 83201 333 20160 59003 555 10010=",
"43071099999","2023-03-30T12:00:00","4","18.2","75.2","521.0","JEUR, IN","FM-12","99999","V020","030,1,N,0257,1","22000,1,9,N","004000,1,9,9","+9999,9","+0126,1","10042,1",,,,,,"03,2,+00800,1,08,1","99,9,+99999,9,00,1","9,AGL   ,+99999,+99999","01,99,2,03,2,99,9,00800,1,99,9,99,9","240,M,+0370,1","9,9,999,9,+003,1",,,"SYN05243071 32596 10350 20126 40042 83201 333 10370 58003=",
"43071099999","2023-03-31T03:00:00","4","18.2","75.2","521.0","JEUR, IN","FM-12","99999","V020","020,1,N,0360,1","22000,1,9,N","004000,1,9,9","+9999,9","+0161,1","10098,1",,,,,,"03,2,+01250,1,08,1","99,9,+99999,9,00,1","9,AGL   ,+99999,+99999","01,99,2,03,2,99,9,01250,1,99,9,99,9","240,N,+0200,1","9,9,999,9,-014,1",,,"SYN06243071 32696 10270 20161 40098 83201 333 20200 59014 555 10019=",
"43071099999","2023-03-31T12:00:00","4","18.2","75.2","521.0","JEUR, IN","FM-12","99999","V020","030,1,N,0154,1","22000,1,9,N","004000,1,9,9","+9999,9","+0161,1","10039,1",,,,,,"03,2,+00800,1,08,1","99,9,+99999,9,00,1","9,AGL   ,+99999,+99999","01,99,2,03,2,99,9,00800,1,99,9,99,9","240,M,+0360,1","9,9,999,9,-003,1",,,"SYN05243071 32596 10330 20161 40039 83201 333 10360 59003=",
"43071099999","2023-04-01T03:00:00","4","18.2","75.2","521.0","JEUR, IN","FM-12","99999","V020","020,1,N,0257,1","22000,1,9,N","004000,1,9,9","+9999,9","+0135,1","10114,1",,,,,,"03,2,+00800,1,08,1","99,9,+99999,9,00,1","9,AGL   ,+99999,+99999","01,99,2,03,2,99,9,00800,1,99,9,99,9","240,N,+0180,1","9,9,999,9,+016,1",,,"SYN06243071 32596 10250 20135 40114 83201 333 20180 58016 555 10010=",
"43071099999","2023-04-01T12:00:00","4","18.2","75.2","521.0","JEUR, IN","FM-12","99999","V020","030,1,N,0206,1","22000,1,9,N","004000,1,9,9","+9999,9","+0175,1","10034,1",,,,,,"03,2,+00800,1,08,1","99,9,+99999,9,00,1","9,AGL   ,+99999,+99999","01,99,2,03,2,99,9,00800,1,99,9,99,9","240,M,+0360,1","9,9,999,9,-005,1",,,"SYN05243071 32596 10340 20175 40034 83201 333 10360 59005=",
"43071099999","2023-04-03T12:00:00","4","18.2","75.2","521.0","JEUR, IN","FM-12","99999","V020","030,1,N,0206,1","22000,1,9,N","004000,1,9,9","+9999,9","+0133,1","10033,1",,,,,,"03,2,+99999,9,08,1","99,9,+99999,9,00,1","9,AGL   ,+99999,+99999","01,99,2,03,2,99,9,99999,9,99,9,99,9","240,M,+0370,1","9,9,999,9,-001,1",,,"SYN05243071 32996 10340 20133 40033 83201 333 10370 59001=",
"43071099999","2023-04-05T03:00:00","4","18.2","75.2","521.0","JEUR, IN","FM-12","99999","V020","030,1,N,0051,1","22000,1,9,N","004000,1,9,9","+9999,9","+0111,1","10081,1",,,,,,"03,2,+00800,1,08,1","99,9,+99999,9,00,1","9,AGL   ,+99999,+99999","01,99,2,03,2,99,9,00800,1,99,9,99,9","240,N,+0200,1","9,9,999,9,-008,1",,,"SYN06243071 32596 10310 20111 40081 83201 333 20200 59008 555 10010=",
"43071099999","2023-04-05T12:00:00","4","18.2","75.2","521.0","JEUR, IN","FM-12","99999","V020","030,1,N,0309,1","22000,1,9,N","004000,1,9,9","+9999,9","+0163,1","10039,1",,,,,,"03,2,+00800,1,08,1","99,9,+99999,9,00,1","9,AGL   ,+99999,+99999","01,99,2,03,2,99,9,00800,1,99,9,99,9","240,M,+0390,1","9,9,999,9,+006,1",,,"SYN05243071 32596 10360 20163 40039 83201 333 10390 58006=",
"43071099999","2023-04-06T03:00:00","4","18.2","75.2","521.0","JEUR, IN","FM-12","99999","V020","020,1,N,0463,2","22000,1,9,N","004000,1,9,9","+9999,9","+0167,1","10102,1",,,,,,"03,2,+00800,1,08,1","99,9,+99999,9,00,1","9,AGL   ,+99999,+99999","01,99,2,03,2,99,9,00800,1,99,9,99,9","240,N,+0230,1",,,,"SYN06243071 32596 10290 20167 40102 83201 333 20230 58202 555 10010=",
"43071099999","2023-04-06T12:00:00","4","18.2","75.2","521.0","JEUR, IN","FM-12","99999","V020","999,9,9,9999,9","99999,9,9,N","004000,1,9,9","+0360,1","+0163,1","10037,1",,,,,,"03,1,+99999,9,08,1","99,9,+99999,9,00,1","9,AGL   ,+99999,+99999","99,99,9,03,1,99,9,99999,9,99,9,99,9","240,M,+0390,1","9,9,999,9,-002,1",,,"SYN05843071 32596 ///// 10360 20163 40037 83201 333 10390 59002=",
"43071099999","2023-04-08T03:00:00","4","18.2","75.2","521.0","JEUR, IN","FM-12","99999","V020","999,9,9,9999,9","99999,9,9,N","004000,1,9,9","+0270,1","+0161,1","10149,1",,,,,,"03,1,+99999,9,08,1","99,9,+99999,9,00,1","9,AGL   ,+99999,+99999","99,99,9,03,1,99,9,99999,9,99,9,99,9","240,N,+0220,1","9,9,999,9,+007,1",,,"SYN06843071 32596 ///// 10270 20161 40149 83201 333 20220 58007 555 10010=",
"43071099999","2023-04-11T03:00:00","4","18.2","75.2","521.0","JEUR, IN","FM-12","99999","V020","999,9,C,0000,1","99999,9,9,N","004000,1,9,9","+0320,1","+0126,1","10118,1",,,,,,"03,1,+99999,9,08,1","99,9,+99999,9,00,1","9,AGL   ,+99999,+99999","99,99,9,03,1,99,9,99999,9,99,9,99,9","240,N,+0220,1","9,9,999,9,-012,1",,,"SYN05843071 32596 00000 10320 20126 40118 83201 333 20220 59012=",
"43071099999","2023-04-12T03:00:00","4","18.2","75.2","521.0","JEUR, IN","FM-12","99999","V020","030,1,N,0103,1","22000,1,9,N","004000,1,9,9","+9999,9","+0148,1","10115,1",,,,,,"03,2,+00800,1,08,1","99,9,+99999,9,00,1","9,AGL   ,+99999,+99999","01,99,2,03,2,99,9,00800,1,99,9,99,9","240,N,+0220,1","9,9,999,9,-003,1",,,"SYN06243071 32596 10320 20148 40115 83201 333 20220 59003 555 10010=",
"43071099999","2023-04-13T03:00:00","4","18.2","75.2","521.0","JEUR, IN","FM-12","99999","V020","030,1,N,0103,1","22000,1,9,N","004000,1,9,9","+9999,9","+0168,1","10104,1",,,,,,"03,2,+00800,1,08,1","99,9,+99999,9,00,1","9,AGL   ,+99999,+99999","01,99,2,03,2,99,9,00800,1,99,9,99,9",,"9,9,999,9,-011,1",,,"SYN06243071 32596 10320 20168 40104 83201 333 30240 59011 555 10010=",
"43071099999","2023-04-13T12:00:00","4","18.2","75.2","521.0","JEUR, IN","FM-12","99999","V020","030,1,N,0412,2","22000,1,9,N","004000,1,9,9","+9999,9","+0171,1","10043,1",,,,,,"03,2,+00800,1,08,1","99,9,+99999,9,00,1","9,AGL   ,+99999,+99999","01,99,2,03,2,99,9,00800,1,99,9,99,9","240,M,+0400,1","9,9,999,9,+006,1",,,"SYN05243071 32596 10380 20171 40043 83201 333 10400 58006=",
"43071099999","2023-04-15T03:00:00","4","18.2","75.2","521.0","JEUR, IN","FM-12","99999","V020","020,1,N,0257,1","22000,1,9,N","004000,1,9,9","+9999,9","+0206,1","10131,1",,,,,,"03,2,+00800,1,08,1","99,9,+99999,9,00,1","9,AGL   ,+99999,+99999","01,99,2,03,2,99,9,00800,1,99,9,99,9","240,N,+0220,1","9,9,999,9,+027,1",,,"SYN06243071 32596 10250 20206 40131 83201 333 20220 58027 555 10010=",
"43071099999","2023-04-17T03:00:00","4","18.2","75.2","521.0","JEUR, IN","FM-12","99999","V020","999,9,9,9999,9","22000,1,9,N","004000,1,9,9","+0310,1","+0154,1","10096,1",,,,,,"03,1,+00800,1,08,1","99,9,+99999,9,00,1","9,AGL   ,+99999,+99999","04,99,1,03,1,99,9,00800,1,99,9,99,9","240,N,+0220,1","9,9,999,9,-035,1",,,"SYN06843071 32596 4//// 10310 20154 40096 83201 333 20220 59035 555 10010=",
"43071099999","2023-04-17T12:00:00","4","18.2","75.2","521.0","JEUR, IN","FM-12","99999","V020","030,1,N,0412,2","22000,1,9,N","004000,1,9,9","+9999,9","+0171,1","10044,1",,,,,,"03,2,+00800,1,08,1","99,9,+99999,9,00,1","9,AGL   ,+99999,+99999","01,99,2,03,2,99,9,00800,1,99,9,99,9","240,M,+0400,1","9,9,999,9,+001,1",,,"SYN05243071 32596 10380 20171 40044 83201 333 10400 58001=",
"43071099999","2023-04-18T03:00:00","4","18.2","75.2","521.0","JEUR, IN","FM-12","99999","V020","030,1,N,0134,1","22000,1,9,N","004000,1,9,9","+9999,9","+0168,1","10104,1",,,,,,"03,2,+00800,1,08,1","99,9,+99999,9,00,1","9,AGL   ,+99999,+99999","01,99,2,03,2,99,9,00800,1,99,9,99,9","240,N,+0240,1","9,9,999,9,+018,1",,,"SYN06243071 32596 10326 20168 40104 83201 333 20240 58018 555 10010=",
"43071099999","2023-04-18T12:00:00","4","18.2","75.2","521.0","JEUR, IN","FM-12","99999","V020","999,9,9,9999,9","99999,9,9,N","004000,1,9,9","+0350,1","+0188,1","10048,1",,,,,,"03,1,+00800,1,08,1","99,9,+99999,9,00,1","9,AGL   ,+99999,+99999","05,99,1,03,1,99,9,00800,1,99,9,99,9","240,M,+0410,1","9,9,999,9,+004,1",,,"SYN05843071 32596 5//// 10350 20188 40048 83201 333 10410 58004=",
"43071099999","2023-04-19T03:00:00","4","18.2","75.2","521.0","JEUR, IN","FM-12","99999","V020","030,1,N,0103,1","22000,1,9,N","004000,1,9,9","+9999,9","+0148,1","10080,1",,,,,,"03,2,+00800,1,08,1","99,9,+99999,9,00,1","9,AGL   ,+99999,+99999","01,99,2,03,2,99,9,00800,1,99,9,99,9","240,N,+0240,1","9,9,999,9,+024,1",,,"SYN05243071 32596 10320 20148 40080 83201 333 20240 58024=",
"43071099999","2023-04-19T12:00:00","4","18.2","75.2","521.0","JEUR, IN","FM-12","99999","V020","030,1,N,0412,2","22000,1,9,N","004000,1,9,9","+9999,9","+0171,1","10009,1",,,,,,"03,2,+00800,1,08,1",,"9,AGL   ,+99999,+99999","01,99,2,03,2,99,9,00800,1,99,9,99,9","240,M,+0410,1","9,9,999,9,-039,1",,,"SYN05243071 32596 10380 20171 40009 8320/ 333 10410 59039=",
"43071099999","2023-04-20T03:00:00","4","18.2","75.2","521.0","JEUR, IN","FM-12","99999","V020","030,1,N,0051,1","22000,1,9,N","004000,1,9,9","+9999,9","+0174,1","10062,1",,,,,,"03,2,+00800,1,08,1","99,9,+99999,9,00,1","9,AGL   ,+99999,+99999","01,99,2,03,2,99,9,00800,1,99,9,99,9","240,N,+0240,1","9,9,999,9,-018,1",,,"SYN06243071 32596 10310 20174 40062 83201 333 20240 59018 555 10010=",
"43071099999","2023-04-20T12:00:00","4","18.2","75.2","521.0","JEUR, IN","FM-12","99999","V020","999,9,9,9999,9","99999,9,9,N","004000,1,9,9","+0380,1","+0171,1","09990,1",,,,,,"03,1,+99999,9,08,1","99,9,+99999,9,00,1","9,AGL   ,+99999,+99999","99,99,9,03,1,99,9,99999,9,99,9,99,9","240,M,+0400,1","9,9,999,9,-019,1",,,"SYN05843071 32596 ///// 10380 20171 49990 83201 333 10400 59019=",
"43071099999","2023-04-21T03:00:00","4","18.2","75.2","521.0","JEUR, IN","FM-12","99999","V020","999,9,C,0000,1","22000,1,9,N","004000,1,9,9","+9999,9","+0161,1","10064,1",,,,,,"03,2,+00800,1,08,1","99,9,+99999,9,00,1","9,AGL   ,+99999,+99999","01,99,2,03,2,99,9,00800,1,99,9,99,9","240,N,+0222,1","9,9,999,9,+004,1",,,"SYN06243071 32596 10300 20161 40064 83201 333 20222 58004 555 10010=",
"43071099999","2023-04-21T12:00:00","4","18.2","75.2","521.0","JEUR, IN","FM-12","99999","V020","999,9,9,9999,9","99999,9,9,N","004000,1,9,9","+0370,1","+0177,1","10003,1",,,,,,"03,1,+99999,9,08,1","99,9,+99999,9,00,1","9,AGL   ,+99999,+99999","99,99,9,03,1,99,9,99999,9,99,9,99,9","240,M,+0390,1","9,9,999,9,+013,1",,,"SYN05843071 32596 ///// 10370 20177 40003 83201 333 10390 58013=",
"43071099999","2023-04-24T03:00:00","4","18.2","75.2","521.0","JEUR, IN","FM-12","99999","V020","020,1,N,0463,2","22000,1,9,N","004000,1,9,9","+9999,9","+0147,1","10077,1",,,,,,"03,2,+00800,1,08,1","99,9,+99999,9,00,1","9,AGL   ,+99999,+99999","01,99,2,03,2,99,9,00800,1,99,9,99,9","240,N,+0210,1","9,9,999,9,+011,1",,,"SYN06243071 32596 10290 20147 40077 83201 333 20210 58011 555 10010=",
"43071099999","2023-04-24T12:00:00","4","18.2","75.2","521.0","JEUR, IN","FM-12","99999","V020","030,1,N,0412,2","22000,1,9,N","004000,1,9,9","+9999,9","+0150,1","10022,1",,,,,,"03,2,+00800,1,08,1","99,9,+99999,9,00,1","9,AGL   ,+99999,+99999","01,99,2,03,2,99,9,00800,1,99,9,99,9","240,M,+0400,1","9,9,999,9,+019,1",,,"SYN05243071 32596 10380 20150 40022 83201 333 10400 58019=",
"43071099999","2023-04-25T03:00:00","4","18.2","75.2","521.0","JEUR, IN","FM-12","99999","V020","999,9,9,9999,9","99999,9,9,N","004000,1,9,9","+0310,1","+0133,1","10064,1",,,,,,"03,1,+00800,1,08,1","99,9,+99999,9,00,1","9,AGL   ,+99999,+99999","06,99,1,03,1,99,9,00800,1,99,9,99,9","240,N,+0220,1","9,9,999,9,-013,1",,,"SYN06843071 32596 6//// 10310 20133 40064 83201 333 20220 59013 555 10010=",
"43071099999","2023-04-25T12:00:00","4","18.2","75.2","521.0","JEUR, IN","FM-12","99999","V020","030,1,N,0360,1","22000,1,9,N","004000,1,9,9","+9999,9","+0196,1","10013,1",,,,,,"03,2,+00800,1,08,1","99,9,+99999,9,00,1","9,AGL   ,+99999,+99999","01,99,2,03,2,99,9,00800,1,99,9,99,9","240,M,+0400,1","9,9,999,9,-009,1",,,"SYN05243071 32596 10370 20196 40013 83201 333 10400 59009=",
"43071099999","2023-04-26T03:00:00","4","18.2","75.2","521.0","JEUR, IN","FM-12","99999","V020","020,1,N,0412,2","22000,1,9,N","004000,1,9,9","+9999,9","+0207,1","10090,1",,,,,,"03,2,+00800,1,08,1","99,9,+99999,9,00,1","9,AGL   ,+99999,+99999","01,99,2,03,2,99,9,00800,1,99,9,99,9","240,N,+0240,1","9,9,999,9,+026,1",,,"SYN06243071 32596 10280 20207 40090 83201 333 20240 58026 555 10010=",
"43071099999","2023-04-26T12:00:00","4","18.2","75.2","521.0","JEUR, IN","FM-12","99999","V020","030,1,N,0371,1","22000,1,9,N","004000,1,9,9","+9999,9","+0199,1","10011,1",,,,,,"03,2,+00800,1,08,1","99,9,+99999,9,00,1","9,AGL   ,+99999,+99999","01,99,2,03,2,99,9,00800,1,99,9,99,9","240,M,+0400,1","9,9,999,9,-002,1",,,"SYN05243071 32596 10372 20199 40011 83201 333 10400 59002=",
"43071099999","2023-04-28T03:00:00","4","18.2","75.2","521.0","JEUR, IN","FM-12","99999","V020","020,1,N,0412,2","22000,1,9,N","004000,1,9,9","+9999,9","+0190,1","10101,1",,,,,,"03,2,+00800,1,08,1","99,9,+99999,9,00,1","9,AGL   ,+99999,+99999","01,99,2,03,2,99,9,00800,1,99,9,99,9","240,N,+0230,1","9,9,999,9,+021,1",,,"SYN06243071 32596 10280 20190 40101 83201 333 20230 58021 555 10010=",
"43071099999","2023-04-28T12:00:00","4","18.2","75.2","521.0","JEUR, IN","FM-12","99999","V020","999,9,C,0000,1","22000,1,9,N","004000,1,9,9","+9999,9","+0213,1","10055,1",,,,,,"03,2,+00800,1,08,1","99,9,+99999,9,00,1","9,AGL   ,+99999,+99999","01,99,2,03,2,99,9,00800,1,99,9,99,9","240,M,+0340,1","9,9,999,9,+044,1",,,"SYN05243071 32596 10300 20213 40055 83201 333 10340 58044=",
"43071099999","2023-04-29T03:00:00","4","18.2","75.2","521.0","JEUR, IN","FM-12","99999","V020","020,1,N,0309,1","22000,1,9,N","004000,1,9,9","+9999,9","+0184,1","99999,9",,,,,,"03,2,+00800,1,08,1","99,9,+99999,9,00,1","9,AGL   ,+99999,+99999","01,99,2,03,2,99,9,00800,1,99,9,99,9","240,N,+0210,1","9,9,999,9,+000,1",,,"SYN05643071 32596 10260 20184 83201 333 20210 58000 555 10010=",
"43071099999","2023-05-08T03:00:00","4","18.2","75.2","521.0","JEUR, IN","FM-12","99999","V020","999,9,9,9999,9","99999,9,9,N","004000,1,9,9","+0250,1","+0236,1","10041,1",,,,,,"03,1,+99999,9,08,1","99,9,+99999,9,00,1","9,AGL   ,+99999,+99999","99,99,9,03,1,99,9,99999,9,99,9,99,9","240,N,+0250,1","9,9,999,9,-003,1",,,"SYN06843071 32596 ///// 10250 20236 40041 83201 333 20250 59003 555 10025=",
"43071099999","2023-05-08T12:00:00","4","18.2","75.2","521.0","JEUR, IN","FM-12","99999","V020","999,9,9,9999,9","99999,9,9,N","004000,1,9,9","+0360,1","+0219,1","10025,1",,,,,,"03,1,+99999,9,08,1","99,9,+99999,9,00,1","9,AGL   ,+99999,+99999","99,99,9,03,1,99,9,99999,9,99,9,99,9","240,M,+0370,1","9,9,999,9,-011,1",,,"SYN05843071 32596 ///// 10360 20219 40025 83201 333 10370 59011=",
"43071099999","2023-05-09T03:00:00","4","18.2","75.2","521.0","JEUR, IN","FM-12","99999","V020","999,9,9,9999,9","99999,9,9,N","004000,1,9,9","+0290,1","+0234,1","10063,1",,,,,,"03,1,+99999,9,08,1","99,9,+99999,9,00,1","9,AGL   ,+99999,+99999","99,99,9,03,1,99,9,99999,9,99,9,99,9","240,N,+0250,1","9,9,999,9,-003,1",,,"SYN06843071 32596 ///// 10290 20234 40063 83201 333 20250 59003 555 10250=",
"43071099999","2023-05-09T12:00:00","4","18.2","75.2","521.0","JEUR, IN","FM-12","99999","V020","999,9,9,9999,9","99999,9,9,N","004000,1,9,9","+0370,1","+0214,1","10036,1",,,,,,"03,1,+99999,9,08,1","99,9,+99999,9,00,1","9,AGL   ,+99999,+99999","99,99,9,03,1,99,9,99999,9,99,9,99,9","240,M,+0385,1","9,9,999,9,+011,1",,,"SYN05843071 32596 ///// 10370 20214 40036 83201 333 10385 58011=",
"43071099999","2023-05-10T03:00:00","4","18.2","75.2","521.0","JEUR, IN","FM-12","99999","V020","999,9,9,9999,9","22000,1,9,N","004000,1,9,9","+0268,1","+0240,1","10058,1",,"0,1,02,1","1,1,02,1",,,"03,1,+00800,1,08,1","99,9,+99999,9,00,1","9,AGL   ,+99999,+99999","04,99,1,03,1,99,9,00800,1,99,9,99,9","240,N,+0250,1","9,9,999,9,-005,1",,"25,1","SYN07443071 32596 4//// 10268 20240 40058 72501 83201 333 20250 59005 555 10025=",
"43071099999","2023-05-10T12:00:00","4","18.2","75.2","521.0","JEUR, IN","FM-12","99999","V020","999,9,C,0000,1","22000,1,9,N","004000,1,9,9","+9999,9","+0244,1","99999,9",,,,,,"03,2,+00800,1,08,1","99,9,+99999,9,00,1","9,AGL   ,+99999,+99999","01,99,2,03,2,99,9,00800,1,99,9,99,9","240,M,+0430,1","9,9,999,9,+027,1",,,"SYN04643071 32596 10300 20244 83201 333 10430 58027=",
"43071099999","2023-05-11T03:00:00","4","18.2","75.2","521.0","JEUR, IN","FM-12","99999","V020","030,1,N,0051,1","22000,1,9,N","004000,1,9,9","+9999,9","+0240,1","10064,1",,,,,,"03,2,+00800,1,08,1","99,9,+99999,9,00,1","9,AGL   ,+99999,+99999","01,99,2,03,2,99,9,00800,1,99,9,99,9","240,N,+0250,1","9,9,999,9,+006,1",,,"SYN06243071 32596 10310 20240 40064 83201 333 20250 58006 555 10025=",
"43071099999","2023-05-11T12:00:00","4","18.2","75.2","521.0","JEUR, IN","FM-12","99999","V020","030,1,N,0360,1","22000,1,9,N","004000,1,9,9","+9999,9","+0231,1","10030,1",,,,,,"03,2,+00800,1,08,1","99,9,+99999,9,00,1","9,AGL   ,+99999,+99999","01,99,2,03,2,99,9,00800,1,99,9,99,9","240,M,+0420,1","9,9,999,9,-021,1",,,"SYN05243071 32596 10370 20231 40030 83201 333 10420 59021=",
"43071099999","2023-05-12T03:00:00","4","18.2","75.2","521.0","JEUR, IN","FM-12","99999","V020","030,1,N,0103,1","22000,1,9,N","004000,1,9,9","+9999,9","+0240,1","10079,1",,,,,,"03,2,+00800,1,08,1","99,9,+99999,9,00,1","9,AGL   ,+99999,+99999","01,99,2,03,2,99,9,00800,1,99,9,99,9","240,N,+0250,1","9,9,999,9,+015,1",,,"SYN06243071 32596 10320 20240 40079 83201 333 20250 58015 555 10250=",
"43071099999","2023-05-12T12:00:00","4","18.2","75.2","521.0","JEUR, IN","FM-12","99999","V020","999,9,9,9999,9","99999,9,9,N","004000,1,9,9","+0370,1","+0247,1","10027,1",,,,,,"03,1,+99999,9,08,1","99,9,+99999,9,00,1","9,AGL   ,+99999,+99999","99,99,9,03,1,99,9,99999,9,99,9,99,9",,"9,9,999,9,-003,1",,,"SYN05843071 32596 ///// 10370 20247 40027 83201 333 20430 59003=","Q0143    2EATMN "
"43071099999","2023-05-13T03:00:00","4","18.2","75.2","521.0","JEUR, IN","FM-12","99999","V020","999,9,9,9999,9","99999,9,9,N","004000,1,9,9","+0310,1","+0192,1","10082,1",,,,,,"03,1,+99999,9,08,1","99,9,+99999,9,00,1","9,AGL   ,+99999,+99999","99,99,9,03,1,99,9,99999,9,99,9,99,9","240,N,+0255,1","9,9,999,9,-003,1",,,"SYN06843071 32596 ///// 10310 20192 40082 83201 333 20255 59003 555 10250=",
"43071099999","2023-05-13T12:00:00","4","18.2","75.2","521.0","JEUR, IN","FM-12","99999","V020","030,1,N,0360,1","22000,1,9,N","004000,1,9,9","+9999,9","+0196,1","10051,1",,,,,,"03,2,+00800,1,08,1","99,9,+99999,9,00,1","9,AGL   ,+99999,+99999","01,99,2,03,2,99,9,00800,1,99,9,99,9","240,M,+0425,1","9,9,999,9,+024,1",,,"SYN06243071 32596 10370 20196 40051 83201 333 10425 58024 555 10025=",
"43071099999","2023-05-15T03:00:00","4","18.2","75.2","521.0","JEUR, IN","FM-12","99999","V020","020,1,N,0247,1","22000,1,9,N","004000,1,9,9","+9999,9","+0248,1","10068,1",,,,,,"03,2,+00800,1,08,1","99,9,+99999,9,00,1","9,AGL   ,+99999,+99999","01,99,2,03,2,99,9,00800,1,99,9,99,9","240,N,+0240,1","9,9,999,9,-014,1",,,"SYN06243071 32596 10248 20248 40068 83201 333 20240 59014 555 10250=",
"43071099999","2023-05-15T12:00:00","4","18.2","75.2","521.0","JEUR, IN","FM-12","99999","V020","030,1,N,0360,1","22000,1,9,N","004000,1,9,9","+9999,9","+0196,1","10052,1",,,,,,"03,2,+00800,1,08,1",,"9,AGL   ,+99999,+99999","01,99,2,03,2,99,9,00800,1,99,9,99,9","240,M,+0400,1","9,9,999,9,+001,1",,,"SYN06243071 32596 10370 20196 40052 8320/ 333 10400 58001 555 10025=",
"43071099999","2023-05-16T03:00:00","4","18.2","75.2","521.0","JEUR, IN","FM-12","99999","V020","999,9,9,9999,9","99999,9,9,N","004000,1,9,9","+0280,1","+0223,1","10187,1",,,,,,"03,1,+99999,9,08,1","99,9,+99999,9,00,1","9,AGL   ,+99999,+99999","99,99,9,03,1,99,9,99999,9,99,9,99,9","240,N,+0230,1","9,9,999,9,+019,1",,,"SYN06843071 32596 ///// 10280 20223 40187 83201 333 20230 58019 555 10025=",
"43071099999","2023-05-16T12:00:00","4","18.2","75.2","521.0","JEUR, IN","FM-12","99999","V020","999,9,9,9999,9","99999,9,9,N","004000,1,9,9","+0370,1","+0196,1","10021,1",,,,,,"03,1,+99999,9,08,1","99,9,+99999,9,00,1","9,AGL   ,+99999,+99999","99,99,9,03,1,99,9,99999,9,99,9,99,9","240,M,+0400,1","9,9,999,9,-031,1",,,"SYN06843071 32596 ///// 10370 20196 40021 83201 333 10400 59031 555 10025=",
"43071099999","2023-05-17T03:00:00","4","18.2","75.2","521.0","JEUR, IN","FM-12","99999","V020","020,1,N,0463,2","22000,1,9,N","004000,1,9,9","+9999,9","+0202,1","10097,1",,,,,,"03,2,+00800,1,08,1","99,9,+99999,9,00,1","9,AGL   ,+99999,+99999","01,99,2,03,2,99,9,00800,1,99,9,99,9","240,N,+0230,1","9,9,999,9,+076,1",,,"SYN06243071 32596 10290 20202 40097 83201 333 20230 58076 555 10025=",
"43071099999","2023-05-17T12:00:00","4","18.2","75.2","521.0","JEUR, IN","FM-12","99999","V020","030,1,N,0360,1","22000,1,9,N","004000,1,9,9","+9999,9","+0196,1","10034,1",,,,,,"03,2,+00800,1,08,1","99,9,+99999,9,00,1","9,AGL   ,+99999,+99999","01,99,2,03,2,99,9,00800,1,99,9,99,9","240,M,+0405,1","9,9,999,9,+015,1",,,"SYN05243071 32596 10370 20196 40034 83201 333 10405 58015=",
"43071099999","2023-05-18T03:00:00","4","18.2","75.2","521.0","JEUR, IN","FM-12","99999","V020","020,1,N,0463,2","22000,1,9,N","004000,1,9,9","+9999,9","+0218,1","10122,1",,,,,,"03,2,+00800,1,08,1","99,9,+99999,9,00,1","9,AGL   ,+99999,+99999","01,99,2,03,2,99,9,00800,1,99,9,99,9","240,N,+0250,1","9,9,999,9,+025,1",,,"SYN06243071 32596 10290 20218 40122 83201 333 20250 58025 555 10025=",
"43071099999","2023-05-18T12:00:00","4","18.2","75.2","521.0","JEUR, IN","FM-12","99999","V020","999,9,9,9999,9","22000,1,9,N","004000,1,9,9","+0370,1","+0196,1","10058,1",,,,,,"03,1,+00800,1,08,1","99,9,+99999,9,00,1","9,AGL   ,+99999,+99999","04,99,1,03,1,99,9,00800,1,99,9,99,9","240,M,+0405,1","9,9,999,9,+024,1",,,"SYN05843071 32596 4//// 10370 20196 40058 83201 333 10405 58024=",
"43071099999","2023-05-19T03:00:00","4","18.2","75.2","521.0","JEUR, IN","FM-12","99999","V020","030,1,N,0103,1","22000,1,9,N","004000,1,9,9","+9999,9","+0148,1","10095,1",,,,,,"03,2,+00800,1,08,1","99,9,+99999,9,00,1","9,AGL   ,+99999,+99999","01,99,2,03,2,99,9,00800,1,99,9,99,9","240,N,+0245,1","9,9,999,9,-027,1",,,"SYN06243071 32596 10320 20148 40095 83201 333 20245 59027 555 10025=",
"43071099999","2023-05-19T12:00:00","4","18.2","75.2","521.0","JEUR, IN","FM-12","99999","V020","999,9,9,9999,9","99999,9,9,N","004000,1,9,9","+0370,1","+0196,1","10034,1",,,,,,"03,1,+99999,9,08,1","99,9,+99999,9,00,1","9,AGL   ,+99999,+99999","99,99,9,03,1,99,9,99999,9,99,9,99,9","240,M,+0425,1","9,9,999,9,-024,1",,,"SYN06843071 32596 ///// 10370 20196 40034 83201 333 10425 59024 555 10025=",
"43071099999","2023-05-20T03:00:00","4","18.2","75.2","521.0","JEUR, IN","FM-12","99999","V020","999,9,9,9999,9","22000,1,9,N","004000,1,9,9","+0300,1","+0213,1","10089,1",,,,,,"03,1,+00800,1,08,1","99,9,+99999,9,00,1","9,AGL   ,+99999,+99999","04,99,1,03,1,99,9,00800,1,99,9,99,9","240,N,+0250,1","9,9,999,9,-006,1",,,"SYN06843071 32596 4//// 10300 20213 40089 83201 333 20250 59006 555 10025=",
"43071099999","2023-05-20T12:00:00","4","18.2","75.2","521.0","JEUR, IN","FM-12","99999","V020","999,9,9,9999,9","99999,9,9,N","004000,1,9,9","+0380,1","+0191,1","10043,1",,,,,,"03,1,+99999,9,08,1","99,9,+99999,9,00,1","9,AGL   ,+99999,+99999","99,99,9,03,1,99,9,99999,9,99,9,99,9","240,M,+0430,1","9,9,999,9,+009,1",,,"SYN05843071 32596 ///// 10380 20191 40043 83201 333 10430 58009=",
"43071099999","2023-05-22T03:00:00","4","18.2","75.2","521.0","JEUR, IN","FM-12","99999","V020","030,1,N,0051,1","22000,1,9,N","004000,1,9,9","+9999,9","+0255,1","10108,1",,,,,,"03,2,+00800,1,08,1","99,9,+99999,9,00,1","9,AGL   ,+99999,+99999","01,99,2,03,2,99,9,00800,1,99,9,99,9","240,N,+0250,1","9,9,999,9,+019,1",,,"SYN06243071 32596 10310 20255 40108 83201 333 20250 58019 555 10025=",
"43071099999","2023-05-22T12:00:00","4","18.2","75.2","521.0","JEUR, IN","FM-12","99999","V020","999,9,9,9999,9","99999,9,9,N","004000,1,9,9","+0360,1","+0266,1","10048,1",,,,,,"03,1,+99999,9,08,1","99,9,+99999,9,00,1","9,AGL   ,+99999,+99999","99,99,9,03,1,99,9,99999,9,99,9,99,9","240,M,+0415,1","9,9,999,9,+005,1",,,"SYN05843071 32596 ///// 10360 20266 40048 83201 333 10415 58005=",
"43071099999","2023-05-23T03:00:00","4","18.2","75.2","521.0","JEUR, IN","FM-12","99999","V020","999,9,9,9999,9","99999,9,9,N","004000,1,9,9","+0290,1","+0218,1","10099,1",,,,,,"03,1,+99999,9,08,1","99,9,+99999,9,00,1","9,AGL   ,+99999,+99999","99,99,9,03,1,99,9,99999,9,99,9,99,9","240,N,+0270,1","9,9,999,9,-009,1",,,"SYN06843071 32596 ///// 10290 20218 40099 83201 333 20270 59009 555 10025=",
"43071099999","2023-05-23T12:00:00","4","18.2","75.2","521.0","JEUR, IN","FM-12","99999","V020","999,9,9,9999,9","99999,9,9,N","004000,1,9,9","+0370,1","+0196,1","10034,1",,,,,,"03,1,+99999,9,08,1","99,9,+99999,9,00,1","9,AGL   ,+99999,+99999","99,99,9,03,1,99,9,99999,9,99,9,99,9","240,M,+0415,1","9,9,999,9,-014,1",,,"SYN05843071 32596 ///// 10370 20196 40034 83201 333 10415 59014=",
"43071099999","2023-05-24T03:00:00","4","18.2","75.2","521.0","JEUR, IN","FM-12","99999","V020","020,1,N,0463,2","22000,1,9,N","004000,1,9,9","+9999,9","+0218,1","10099,1",,,,,,"03,2,+00800,1,08,1","99,9,+99999,9,00,1","9,AGL   ,+99999,+99999","01,99,2,03,2,99,9,00800,1,99,9,99,9","240,N,+0265,1","9,9,999,9,+000,1",,,"SYN06243071 32596 10290 20218 40099 83201 333 20265 58000 555 10025=",
"43071099999","2023-05-24T12:00:00","4","18.2","75.2","521.0","JEUR, IN","FM-12","99999","V020","999,9,9,9999,9","99999,9,9,N","004000,1,9,9","+0370,1","+0214,1","10034,1",,,,,,"03,1,+99999,9,08,1","99,9,+99999,9,00,1","9,AGL   ,+99999,+99999","99,99,9,03,1,99,9,99999,9,99,9,99,9","240,M,+0410,1","9,9,999,9,+000,1",,,"SYN06843071 32596 ///// 10370 20214 40034 83201 333 10410 58000 555 10025=",
"43071099999","2023-05-25T03:00:00","4","18.2","75.2","521.0","JEUR, IN","FM-12","99999","V020","020,1,N,0463,2","22000,1,9,N","004000,1,9,9","+9999,9","+0202,1","10101,1",,,,,,"03,2,+00800,1,08,1","99,9,+99999,9,00,1","9,AGL   ,+99999,+99999","01,99,2,03,2,99,9,00800,1,99,9,99,9","240,N,+0240,1","9,9,999,9,+002,1",,,"SYN06243071 32596 10290 20202 40101 83201 333 20240 58002 555 10025=",
"43071099999","2023-05-25T12:00:00","4","18.2","75.2","521.0","JEUR, IN","FM-12","99999","V020","999,9,9,9999,9","99999,9,9,N","004000,1,9,9","+0370,1","+0196,1","10048,1",,,,,,"03,1,+99999,9,08,1","99,9,+99999,9,00,1","9,AGL   ,+99999,+99999","99,99,9,03,1,99,9,99999,9,99,9,99,9","240,M,+0400,1","9,9,999,9,+014,1",,,"SYN05843071 32596 ///// 10370 20196 40048 83201 333 10400 58014=",
"43071099999","2023-05-26T03:00:00","4","18.2","75.2","521.0","JEUR, IN","FM-12","99999","V020","999,9,C,0000,1","22000,1,9,N","002000,1,9,9","+0290,1","+0218,1","10113,1",,,,,,"03,1,+00800,1,08,1","99,9,+99999,9,00,1","9,AGL   ,+99999,+99999","03,99,1,03,1,99,9,00800,1,99,9,99,9","240,N,+0240,1","9,9,999,9,+012,1",,,"SYN06843071 32595 30000 10290 20218 40113 83201 333 20240 58012 555 10025=",
"43071099999","2023-05-26T12:00:00","4","18.2","75.2","521.0","JEUR, IN","FM-12","99999","V020","999,9,9,9999,9","99999,9,9,N","004000,1,9,9","+0350,1","+0188,1","10052,1",,,,,,"03,1,+99999,9,08,1","99,9,+99999,9,00,1","9,AGL   ,+99999,+99999","99,99,9,03,1,99,9,99999,9,99,9,99,9","240,M,+0400,1","9,9,999,9,+004,1",,,"SYN05843071 32596 ///// 10350 20188 40052 83201 333 10400 58004=",
"43071099999","2023-05-27T03:00:00","4","18.2","75.2","521.0","JEUR, IN","FM-12","99999","V020","999,9,C,0000,1","22000,1,9,N","004000,1,9,9","+0280,1","+0190,1","10104,1",,,,,,"03,1,+00800,1,08,1","99,9,+99999,9,00,1","9,AGL   ,+99999,+99999","04,99,1,03,1,99,9,00800,1,99,9,99,9","240,N,+0230,1","9,9,999,9,-009,1",,,"SYN06843071 32596 40000 10280 20190 40104 83201 333 20230 59009 555 10025=",
"43071099999","2023-05-27T12:00:00","4","18.2","75.2","521.0","JEUR, IN","FM-12","99999","V020","999,9,9,9999,9","22000,1,9,N","004000,1,9,9","+0390,1","+0143,1","10031,1",,,,,,"03,1,+00800,1,08,1","99,9,+99999,9,00,1","9,AGL   ,+99999,+99999","04,99,1,03,1,99,9,00800,1,99,9,99,9","240,M,+0395,1","9,9,999,9,-021,1",,,"SYN05843071 32596 4//// 10390 20143 40031 83201 333 10395 59021=",
"43071099999","2023-05-29T03:00:00","4","18.2","75.2","521.0","JEUR, IN","FM-12","99999","V020","999,9,9,9999,9","99999,9,9,N","004000,1,9,9","+0310,1","+0192,1","10088,1",,,,,,"03,1,+99999,9,08,1","99,9,+99999,9,00,1","9,AGL   ,+99999,+99999","99,99,9,03,1,99,9,99999,9,99,9,99,9","240,N,+0240,1","9,9,999,9,-016,1",,,"SYN06843071 32596 ///// 10310 20192 40088 83201 333 20240 59016 555 10025=",
"43071099999","2023-05-29T12:00:00","4","18.2","75.2","521.0","JEUR, IN","FM-12","99999","V020","030,1,N,0360,1","22000,1,9,N","004000,1,9,9","+9999,9","+0177,1","10024,1",,,,,,"03,2,+00800,1,08,1","99,9,+99999,9,00,1","9,AGL   ,+99999,+99999","01,99,2,03,2,99,9,00800,1,99,9,99,9","240,M,+0420,1","9,9,999,9,-007,1",,,"SYN06243071 32596 10370 20177 40024 83201 333 10420 59007 555 10025=",
"43071099999","2023-05-30T03:00:00","4","18.2","75.2","521.0","JEUR, IN","FM-12","99999","V020","030,1,N,0051,1","22000,1,9,N","004000,1,9,9","+9999,9","+0209,1","10075,1",,,,,,"03,2,+00800,1,08,1","99,9,+99999,9,00,1","9,AGL   ,+99999,+99999","01,99,2,03,2,99,9,00800,1,99,9,99,9","240,N,+0240,1","9,9,999,9,-013,1",,,"SYN06243071 32596 10310 20209 40075 83201 333 20240 59013 555 10025=",
"43071099999","2023-05-30T12:00:00","4","18.2","75.2","521.0","JEUR, IN","FM-12","99999","V020","030,1,N,0360,1","22000,1,9,N","002000,1,9,9","+9999,9","+0177,1","10013,1",,,,,,"03,2,+00800,1,08,1","99,9,+99999,9,00,1","9,AGL   ,+99999,+99999","01,99,2,03,2,99,9,00800,1,99,9,99,9","240,M,+0410,1","9,9,999,9,-011,1",,,"SYN05243071 32595 10370 20177 40013 83201 333 10410 59011=",
"43071099999","2023-05-31T12:00:00","4","18.2","75.2","521.0","JEUR, IN","FM-12","99999","V020","030,1,N,0391,1","22000,1,9,N","004000,1,9,9","+9999,9","+0156,1","10013,1",,,,,,"03,2,+00800,1,08,1","99,9,+99999,9,00,1","9,AGL   ,+99999,+99999","01,99,2,03,2,99,9,00800,1,99,9,99,9","240,M,+0420,1","9,9,999,9,+000,1",,,"SYN06243071 32596 10376 20156 40013 83201 333 10420 58000 555 10025=",
"43071099999","2023-06-01T03:00:00","4","18.2","75.2","521.0","JEUR, IN","FM-12","99999","V020","030,1,N,0051,1","22000,1,9,N","004000,1,9,9","+9999,9","+0174,1","10076,1",,,,,,"03,2,+00800,1,08,1","99,9,+99999,9,00,1","9,AGL   ,+99999,+99999","01,99,2,03,2,99,9,00800,1,99,9,99,9","240,N,+0250,1","9,9,999,9,-019,1",,,"SYN06243071 32596 10310 20174 40076 83201 333 20250 59019 555 10025=",
"43071099999","2023-06-02T03:00:00","4","18.2","75.2","521.0","JEUR, IN","FM-12","99999","V020","020,1,N,0463,2","22000,1,9,N","004000,1,9,9","+9999,9","+0185,1","10091,1",,,,,,"03,2,+00800,1,08,1","99,9,+99999,9,00,1","9,AGL   ,+99999,+99999","01,99,2,03,2,99,9,00800,1,99,9,99,9","240,N,+0245,1","9,9,999,9,+015,1",,,"SYN06243071 32596 10290 20185 40091 83201 333 20245 58015 555 10000=",
"43071099999","2023-06-02T12:00:00","4","18.2","75.2","521.0","JEUR, IN","FM-12","99999","V020","999,9,9,9999,9","99999,9,9,N","004000,1,9,9","+0370,1","+0156,1","10034,1",,,,,,"03,1,+99999,9,08,1","99,9,+99999,9,00,1","9,AGL   ,+99999,+99999","99,99,9,03,1,99,9,99999,9,99,9,99,9","240,M,+0415,1","9,9,999,9,+021,1",,,"SYN05843071 32596 ///// 10370 20156 40034 83201 333 10415 58021=",
"43071099999","2023-06-03T03:00:00","4","18.2","75.2","521.0","JEUR, IN","FM-12","99999","V020","020,1,N,0463,2","22000,1,9,N","004000,1,9,9","+9999,9","+0218,1","10080,1",,,,,,"03,2,+00800,1,08,1","99,9,+99999,9,00,1","9,AGL   ,+99999,+99999","01,99,2,03,2,99,9,00800,1,99,9,99,9","240,N,+0240,1","9,9,999,9,-011,1",,,"SYN05243071 32596 10290 20218 40080 83201 333 20240 59011=",
"43071099999","2023-06-03T12:00:00","4","18.2","75.2","521.0","JEUR, IN","FM-12","99999","V020","030,1,N,0360,1","22000,1,9,N","004000,1,9,9","+9999,9","+0156,1","10024,1",,,,,,"03,2,+00800,1,08,1","99,9,+99999,9,00,1","9,AGL   ,+99999,+99999","01,99,2,03,2,99,9,00800,1,99,9,99,9","240,M,+0410,1","9,9,999,9,-010,1",,,"SYN05243071 32596 10370 20156 40024 83201 333 10410 59010=",
"43071099999","2023-06-05T03:00:00","4","18.2","75.2","521.0","JEUR, IN","FM-12","99999","V020","020,1,N,0412,2","22000,1,9,N","004000,1,9,9","+9999,9","+0207,1","10075,1",,,,,,"03,2,+00800,1,08,1","99,9,+99999,9,00,1","9,AGL   ,+99999,+99999","01,99,2,03,2,99,9,00800,1,99,9,99,9","240,N,+0215,1","9,9,999,9,-005,1",,,"SYN06243071 32596 10280 20207 40075 83201 333 20215 59005 555 10000=",
"43071099999","2023-06-05T12:00:00","4","18.2","75.2","521.0","JEUR, IN","FM-12","99999","V020","999,9,9,9999,9","99999,9,9,N","004000,1,9,9","+0390,1","+0165,1","10013,1",,,,,,"03,1,+99999,9,08,1",,"9,AGL   ,+99999,+99999","99,99,9,03,1,99,9,99999,9,99,9,99,9","240,M,+0395,1","9,9,999,9,-011,1",,,"SYN06843071 32596 ///// 10390 20165 40013 8320/ 333 10395 59011 555 10000=",
"43071099999","2023-06-06T03:00:00","4","18.2","75.2","521.0","JEUR, IN","FM-12","99999","V020","999,9,9,9999,9","99999,9,9,N","004000,1,9,9","+0290,1","+0202,1","10071,1",,,,,,"03,1,+99999,9,08,1","99,9,+99999,9,00,1","9,AGL   ,+99999,+99999","99,99,9,03,1,99,9,99999,9,99,9,99,9","240,N,+0240,1","9,9,999,9,-004,1",,,"SYN06843071 32596 ///// 10290 20202 40071 83201 333 20240 59004 555 10000=",
"43071099999","2023-06-06T12:00:00","4","18.2","75.2","521.0","JEUR, IN","FM-12","99999","V020","999,9,9,9999,9","22000,1,9,N","004000,1,9,9","+0380,1","+0171,1","09999,1",,,,,,"03,1,+00800,1,08,1","99,9,+99999,9,00,1","9,AGL   ,+99999,+99999","04,99,1,03,1,99,9,00800,1,99,9,99,9","240,M,+0400,1","9,9,999,9,-014,1",,,"SYN05843071 32596 4//// 10380 20171 49999 83201 333 10400 59014=",
"43071099999","2023-06-07T03:00:00","4","18.2","75.2","521.0","JEUR, IN","FM-12","99999","V020","999,9,9,9999,9","99999,9,9,N","004000,1,9,9","+0290,1","+0202,1","10060,1",,,,,,"03,1,+99999,9,08,1","99,9,+99999,9,00,1","9,AGL   ,+99999,+99999","99,99,9,03,1,99,9,99999,9,99,9,99,9","240,N,+0250,1","9,9,999,9,-011,1",,,"SYN06843071 32596 ///// 10290 20202 40060 83201 333 20250 59011 555 10000=",
"43071099999","2023-06-08T03:00:00","4","18.2","75.2","521.0","JEUR, IN","FM-12","99999","V020","020,1,N,0463,2","22000,1,9,N","004000,1,9,9","+9999,9","+0202,1","10070,1",,,,,,"03,2,+00800,1,08,1","99,9,+99999,9,00,1","9,AGL   ,+99999,+99999","01,99,2,03,2,99,9,00800,1,99,9,99,9","240,N,+0255,1","9,9,999,9,+010,1",,,"SYN06243071 32596 10290 20202 40070 83201 333 20255 58010 555 10000=",
"43071099999","2023-06-08T12:00:00","4","18.2","75.2","521.0","JEUR, IN","FM-12","99999","V020","040,1,N,0051,1","22000,1,9,N","004000,1,9,9","+9999,9","+0174,1","09998,1",,,,,,"03,2,+00800,1,08,1","99,9,+99999,9,00,1","9,AGL   ,+99999,+99999","01,99,2,03,2,99,9,00800,1,99,9,99,9","240,M,+0410,1","9,9,999,9,-002,1",,,"SYN05243071 32596 10410 20174 49998 83201 333 10410 59002=",
"43071099999","2023-06-09T03:00:00","4","18.2","75.2","521.0","JEUR, IN","FM-12","99999","V020","999,9,C,0000,1","22000,1,9,N","004000,1,9,9","+9999,9","+0213,1","10055,1",,,,,,"05,2,+00800,1,08,1","99,9,+99999,9,00,1","9,AGL   ,+99999,+99999","01,99,2,05,2,99,9,00800,1,99,9,99,9","240,N,+0255,1","9,9,999,9,-015,1",,,"SYN06243071 32596 10300 20213 40055 85201 333 20255 59015 555 10000=",
"43071099999","2023-06-09T12:00:00","4","18.2","75.2","521.0","JEUR, IN","FM-12","99999","V020","040,1,N,0103,1","22000,1,9,N","004000,1,9,9","+9999,9","+0168,1","09983,1",,,,,,"03,2,+00800,1,08,1","99,9,+99999,9,00,1","9,AGL   ,+99999,+99999","01,99,2,03,2,99,9,00800,1,99,9,99,9","240,M,+0420,1","9,9,999,9,-015,1",,,"SYN05243071 32596 10420 20168 49983 83201 333 10420 59015=",
"43071099999","2023-06-10T03:00:00","4","18.2","75.2","521.0","JEUR, IN","FM-12","99999","V020","999,9,9,9999,9","99999,9,9,N","060000,1,9,9","+0310,1","+0192,1","10045,1",,,,,,"03,1,+99999,9,08,1","99,9,+99999,9,00,1","9,AGL   ,+99999,+99999","99,99,9,03,1,99,9,99999,9,99,9,99,9","240,N,+0252,1","9,9,999,9,+010,1",,,"SYN06843071 32586 ///// 10310 20192 40045 83201 333 20252 58010 555 10000=",
"43071099999","2023-06-10T12:00:00","4","18.2","75.2","521.0","JEUR, IN","FM-12","99999","V020","040,1,N,0005,1","22000,1,9,N","004000,1,9,9","+9999,9","+0199,1","09978,1",,,,,,"03,2,+00800,1,08,1","99,9,+99999,9,00,1","9,AGL   ,+99999,+99999","01,99,2,03,2,99,9,00800,1,99,9,99,9","240,M,+0405,1","9,9,999,9,-005,1",,,"SYN05243071 32596 10401 20199 49978 83201 333 10405 59005=",
"43071099999","2023-06-13T03:00:00","4","18.2","75.2","521.0","JEUR, IN","FM-12","99999","V020","999,9,C,0000,1","22000,1,9,N","004000,1,9,9","+9999,9","+0197,1","10037,1",,,,,,"03,2,+00800,1,08,1","99,9,+99999,9,00,1","9,AGL   ,+99999,+99999","01,99,2,03,2,99,9,00800,1,99,9,99,9","240,N,+0240,1","9,9,999,9,+010,1",,,"SYN06243071 32596 10300 20197 40037 83201 333 20240 58010 555 10000=",
"43071099999","2023-06-13T12:00:00","4","18.2","75.2","521.0","JEUR, IN","FM-12","99999","V020","030,1,N,0463,2","22000,1,9,N","004000,1,9,9","+9999,9","+0165,1","10003,1",,,,,,"03,2,+00800,1,08,1","99,9,+99999,9,00,1","9,AGL   ,+99999,+99999","01,99,2,03,2,99,9,00800,1,99,9,99,9","240,M,+0395,1","9,9,999,9,+015,1",,,"SYN05243071 32596 10390 20165 40003 83201 333 10395 58015=",
"43071099999","2023-06-14T03:00:00","4","18.2","75.2","521.0","JEUR, IN","FM-12","99999","V020","999,9,C,0000,1","22000,1,9,N","004000,1,9,9","+9999,9","+0213,1","99999,9",,,,,,"99,9,+00800,1,99,9",,"9,AGL   ,+99999,+99999","01,99,1,99,9,99,9,00800,1,99,9,99,9",,,,,"SYN06943071 32596 10300 202132 49488 83201 333 20240 59549 60000 555 10000=",
"43071099999","2023-06-14T12:00:00","4","18.2","75.2","521.0","JEUR, IN","FM-12","99999","V020","999,9,9,9999,9","22000,1,9,N","004000,1,9,9","+0360,1","+0183,1","99999,9",,,,,,"03,1,+00800,1,08,1","99,9,+99999,9,00,1","9,AGL   ,+99999,+99999","04,99,1,03,1,99,9,00800,1,99,9,99,9","240,M,+0385,1","9,9,999,9,+015,1",,,"SYN05243071 32596 4//// 10360 20183 83201 333 10385 58015=",
"43071099999","2023-06-15T03:00:00","4","18.2","75.2","521.0","JEUR, IN","FM-12","99999","V020","999,9,C,0000,1","22000,1,9,N","004000,1,9,9","+9999,9","+0192,1","10069,1",,,,,,"03,2,+00800,1,08,1","99,9,+99999,9,00,1","9,AGL   ,+99999,+99999","01,99,2,03,2,99,9,00800,1,99,9,99,9","240,N,+0230,1",,,,"SYN06243071 32596 10300 20192 40069 83201 333 20230 58581 555 10000=",
"43071099999","2023-06-15T12:00:00","4","18.2","75.2","521.0","JEUR, IN","FM-12","99999","V020","999,9,C,0000,1","22000,1,9,N","004000,1,9,9","+9999,9","+0192,1","10069,1",,,,,,"03,2,+00800,1,08,1","99,9,+99999,9,00,1","9,AGL   ,+99999,+99999","01,99,2,03,2,99,9,00800,1,99,9,99,9","240,M,+0385,1","9,9,999,9,-015,1",,,"SYN05243071 32596 10300 20192 40069 83201 333 10385 59015=",
"43071099999","2023-06-16T03:00:00","4","18.2","75.2","521.0","JEUR, IN","FM-12","99999","V020","999,9,9,9999,9","99999,9,9,N","004000,1,9,9","+0290,1","+0202,1","10052,1",,,,,,"03,1,+99999,9,08,1","99,9,+99999,9,00,1","9,AGL   ,+99999,+99999","99,99,9,03,1,99,9,99999,9,99,9,99,9","240,N,+0235,1","9,9,999,9,-017,1",,,"SYN06843071 32596 ///// 10290 20202 40052 83201 333 20235 59017 555 10000=",
"43071099999","2023-06-17T03:00:00","4","18.2","75.2","521.0","JEUR, IN","FM-12","99999","V020","999,9,C,0000,1","22000,1,9,N","004000,1,9,9","+9999,9","+0213,1","10058,1",,,,,,"03,2,+00800,1,08,1","99,9,+99999,9,00,1","9,AGL   ,+99999,+99999","01,99,2,03,2,99,9,00800,1,99,9,99,9","240,N,+0245,1","9,9,999,9,+006,1",,,"SYN06243071 32596 10300 20213 40058 83201 333 20245 58006 555 10000=",
"43071099999","2023-06-17T12:00:00","4","18.2","75.2","521.0","JEUR, IN","FM-12","99999","V020","999,9,9,9999,9","99999,9,9,N","004000,1,9,9","+0380,1","+0213,1","10005,1",,,,,,"03,1,+99999,9,08,1","99,9,+99999,9,00,1","9,AGL   ,+99999,+99999","99,99,9,03,1,99,9,99999,9,99,9,99,9","240,M,+0395,1","9,9,999,9,-005,1",,,"SYN06843071 32596 ///// 10380 20213 40005 83201 333 10395 59005 555 10000=",
"43071099999","2023-06-19T03:00:00","4","18.2","75.2","521.0","JEUR, IN","FM-12","99999","V020","020,1,N,0463,2","22000,1,9,N","004000,1,9,9","+9999,9","+0202,1","10062,1",,,,,,"03,2,+00800,1,08,1","99,9,+99999,9,00,1","9,AGL   ,+99999,+99999","01,99,2,03,2,99,9,00800,1,99,9,99,9","240,N,+0235,1","9,9,999,9,+004,1",,,"SYN06243071 32596 10290 20202 40062 83201 333 20235 58004 555 10000=",
"43071099999","2023-06-19T12:00:00","4","18.2","75.2","521.0","JEUR, IN","FM-12","99999","V020","030,1,N,0360,1","22000,1,9,N","004000,1,9,9","+9999,9","+0202,1","09995,1",,,,,,"03,2,+00800,1,08,1","99,9,+99999,9,00,1","9,AGL   ,+99999,+99999","01,99,2,03,2,99,9,00800,1,99,9,99,9","240,M,+0385,1","9,9,999,9,-010,1",,,"SYN05243071 32596 10370 20202 49995 83201 333 10385 59010=",
"43071099999","2023-06-20T03:00:00","4","18.2","75.2","521.0","JEUR, IN","FM-12","99999","V020","020,1,N,0412,2","22000,1,9,N","004000,1,9,9","+9999,9","+0207,1","10042,1",,,,,,"03,2,+00800,1,08,1","99,9,+99999,9,00,1","9,AGL   ,+99999,+99999","01,99,2,03,2,99,9,00800,1,99,9,99,9","240,N,+0245,1","9,9,999,9,-020,1",,,"SYN06243071 32596 10280 20207 40042 83201 333 20245 59020 555 10000=",
"43071099999","2023-06-20T12:00:00","4","18.2","75.2","521.0","JEUR, IN","FM-12","99999","V020","030,1,N,0463,2","22000,1,9,N","004000,1,9,9","+9999,9","+0143,1","09991,1",,,,,,"03,2,+00800,1,08,1","99,9,+99999,9,00,1","9,AGL   ,+99999,+99999","01,99,2,03,2,99,9,00800,1,99,9,99,9","240,M,+0385,1","9,9,999,9,-004,1",,,"SYN06243071 32596 10390 20143 49991 83201 333 10385 59004 555 10000=",
"43071099999","2023-06-21T12:00:00","4","18.2","75.2","521.0","JEUR, IN","FM-12","99999","V020","999,9,9,9999,9","99999,9,9,N","004000,1,9,9","+0380,1","+0202,1","10000,1",,,,,,"03,1,+99999,9,08,1","99,9,+99999,9,00,1","9,AGL   ,+99999,+99999","99,99,9,03,1,99,9,99999,9,99,9,99,9","240,M,+0385,1","9,9,999,9,+009,1",,,"SYN06843071 32596 ///// 10380 20202 40000 83201 333 10385 58009 555 10000=",
"43071099999","2023-06-22T03:00:00","4","18.2","75.2","521.0","JEUR, IN","FM-12","99999","V020","999,9,9,9999,9","99999,9,9,N","004000,1,9,9","+0290,1","+0202,1","10060,1",,,,,,"03,1,+99999,9,08,1","99,9,+99999,9,00,1","9,AGL   ,+99999,+99999","99,99,9,03,1,99,9,99999,9,99,9,99,9","240,N,+0245,1","9,9,999,9,+022,1",,,"SYN06843071 32596 ///// 10290 20202 40060 83201 333 20245 58022 555 10000=",
"43071099999","2023-06-22T12:00:00","4","18.2","75.2","521.0","JEUR, IN","FM-12","99999","V020","999,9,9,9999,9","99999,9,9,N","004000,1,9,9","+0370,1","+0156,1","09985,1",,,,,,"03,1,+99999,9,08,1","99,9,+99999,9,00,1","9,AGL   ,+99999,+99999","99,99,9,03,1,99,9,99999,9,99,9,99,9","240,M,+0385,1","9,9,999,9,-015,1",,,"SYN05843071 32596 ///// 10370 20156 49985 83201 333 10385 59015=",
"43071099999","2023-06-23T03:00:00","4","18.2","75.2","521.0","JEUR, IN","FM-12","99999","V020","020,1,N,0412,2","22000,1,9,N","004000,1,9,9","+9999,9","+0223,1","10052,1","00,0000,9,1",,,,,"03,2,+00800,1,03,1",,"9,AGL   ,+99999,+99999","01,99,2,03,2,99,9,00800,1,99,9,99,9","240,N,+0245,1","9,9,999,9,-008,1",,,"SYN06843071 32596 10280 20223 40052 8307/ 333 20245 59008 60000 555 10000=",
"43071099999","2023-06-23T12:00:00","4","18.2","75.2","521.0","JEUR, IN","FM-12","99999","V020","030,1,N,0412,2","22000,1,9,N","004000,1,9,9","+9999,9","+0191,1","09990,1",,,,,,"03,2,+00800,1,08,1","99,9,+99999,9,00,1","9,AGL   ,+99999,+99999","01,99,2,03,2,99,9,00800,1,99,9,99,9","240,M,+0385,1","9,9,999,9,+005,1",,,"SYN06243071 32596 10380 20191 49990 83201 333 10385 58005 555 10000=",
"43071099999","2023-06-24T03:00:00","4","18.2","75.2","521.0","JEUR, IN","FM-12","99999","V020","999,9,C,0000,1","22000,1,9,N","004000,1,9,9","+9999,9","+0213,1","10037,1","00,0000,9,1",,,,,"03,2,+00800,1,03,1","99,9,+99999,9,00,1","9,AGL   ,+99999,+99999","01,99,2,03,2,99,9,00800,1,99,9,99,9","240,N,+0255,1","9,9,999,9,-015,1",,,"SYN06843071 32596 10300 20213 40037 83071 333 20255 59015 60000 555 10000=",
"43071099999","2023-06-24T12:00:00","4","18.2","75.2","521.0","JEUR, IN","FM-12","99999","V020","999,9,9,9999,9","99999,9,9,N","004000,1,9,9","+0280,1","+0238,1","10019,1",,,,,,"03,1,+00800,1,08,1","99,9,+99999,9,00,1","9,AGL   ,+99999,+99999","06,99,1,03,1,99,9,00800,1,99,9,99,9","240,M,+0345,1","9,9,999,9,+029,1",,,"SYN05843071 32596 6//// 10280 20238 40019 83201 333 10345 58029=",
"43071099999","2023-06-26T03:00:00","4","18.2","75.2","521.0","JEUR, IN","FM-12","99999","V020","999,9,9,9999,9","99999,9,9,N","004000,1,9,9","+0260,1","+0232,1","10051,1",,,,,,"03,1,+99999,9,03,1","99,9,+99999,9,00,1","9,AGL   ,+99999,+99999","99,99,9,03,1,99,9,99999,9,99,9,99,9","240,N,+0225,1","9,9,999,9,+014,1",,,"SYN06843071 32596 ///// 10260 20232 40051 83071 333 20225 58014 555 10000=",
"43071099999","2023-06-26T12:00:00","4","18.2","75.2","521.0","JEUR, IN","FM-12","99999","V020","020,1,N,0257,1","22000,1,9,N","004000,1,9,9","+9999,9","+0232,1","10020,1","09,0060,3,1",,,,,"03,2,+00800,1,08,1","99,9,+99999,9,00,1","9,AGL   ,+99999,+99999","01,99,2,03,2,99,9,00800,1,99,9,99,9","240,M,+0305,1","9,9,999,9,+001,1",,,"SYN05843071 22596 10250 20232 40020 83201 333 10305 58001 6006/=",
"43071099999","2023-06-27T03:00:00","4","18.2","75.2","521.0","JEUR, IN","FM-12","99999","V020","999,9,9,9999,9","99999,9,9,N","004000,1,9,9","+0250,1","+0236,1","10052,1","24,0060,3,1",,,,,"03,1,+99999,9,03,1","99,9,+99999,9,00,1","9,AGL   ,+99999,+99999","99,99,9,03,1,99,9,99999,9,99,9,99,9","240,N,+0225,1","9,9,999,9,+001,1",,,"SYN07443071 32596 ///// 10250 20236 40052 83071 333 20225 58001 6006/ 555 10006=",
"43071099999","2023-06-27T12:00:00","4","18.2","75.2","521.0","JEUR, IN","FM-12","99999","V020","030,1,N,0026,1","22000,1,9,N","004000,1,9,9","+9999,9","+0236,1","10042,1","09,0080,3,1",,,,,"03,2,+00800,1,03,1","99,9,+99999,9,00,1","9,AGL   ,+99999,+99999","01,99,2,03,2,99,9,00800,1,99,9,99,9","240,M,+0250,1","9,9,999,9,+022,1",,,"SYN05843071 22596 10305 20236 40042 83071 333 10250 58022 6008/=",
"43071099999","2023-06-28T12:00:00","4","18.2","75.2","521.0","JEUR, IN","FM-12","99999","V020","020,1,N,0412,2","22000,1,9,N","004000,1,9,9","+9999,9","+0207,1","10022,1",,,,,,"03,2,+00800,1,03,1","99,9,+99999,9,00,1","9,AGL   ,+99999,+99999","01,99,2,03,2,99,9,00800,1,99,9,99,9","240,M,+0315,1","9,9,999,9,-020,1",,,"SYN05243071 32596 10280 20207 40022 83071 333 10315 59020=",
"43071099999","2023-06-30T12:00:00","4","18.2","75.2","521.0","JEUR, IN","FM-12","99999","V020","999,9,C,0000,1","22000,1,9,N","004000,1,9,9","+9999,9","+0207,1","10016,1",,,,,,"03,2,+00800,1,03,1","99,9,+99999,9,00,1","9,AGL   ,+99999,+99999","01,99,2,03,2,99,9,00800,1,99,9,99,9","240,M,+0325,1","9,9,999,9,-006,1",,,"SYN05243071 32596 10300 20207 40016 83071 333 10325 59006=",
"43071099999","2023-07-01T03:00:00","4","18.2","75.2","521.0","JEUR, IN","FM-12","99999","V020","999,9,9,9999,9","99999,9,9,N","004000,1,9,9","+0280,1","+0207,1","10059,1",,,,,,"03,1,+99999,9,03,1","99,9,+99999,9,00,1","9,AGL   ,+99999,+99999","99,99,9,03,1,99,9,99999,9,99,9,99,9","240,N,+0225,1","9,9,999,9,+000,1",,,"SYN06843071 32596 ///// 10280 20207 40059 83071 333 20225 58000 555 10014=",
"43071099999","2023-07-01T12:00:00","4","18.2","75.2","521.0","JEUR, IN","FM-12","99999","V020","030,1,N,0051,1","22000,1,9,N","004000,1,9,9","+9999,9","+0209,1","10035,1",,,,,,"03,2,+00800,1,03,1","99,9,+99999,9,00,1","9,AGL   ,+99999,+99999","01,99,2,03,2,99,9,00800,1,99,9,99,9","240,M,+0345,1","9,9,999,9,+019,1",,,"SYN05243071 32596 10310 20209 40035 83071 333 10345 58019=",
"43071099999","2023-07-03T03:00:00","4","18.2","75.2","521.0","JEUR, IN","FM-12","99999","V020","020,1,N,0463,2","22000,1,9,N","004000,1,9,9","+9999,9","+0218,1","10043,1","24,0040,3,1",,,,,"03,2,+00800,1,03,1","99,9,+99999,9,00,1","9,AGL   ,+99999,+99999","01,99,2,03,2,99,9,00800,1,99,9,99,9","240,N,+0235,1","9,9,999,9,-016,1",,,"SYN07443071 22596 10290 20218 40043 83071 333 20235 59016 6004/ 555 00040 10018=",
"43071099999","2023-07-03T12:00:00","4","18.2","75.2","521.0","JEUR, IN","FM-12","99999","V020","999,9,9,9999,9","99999,9,9,N","004000,1,9,9","+0340,1","+0228,1","09997,1",,,,,,"03,1,+99999,9,03,1","99,9,+99999,9,00,1","9,AGL   ,+99999,+99999","99,99,9,03,1,99,9,99999,9,99,9,99,9","240,M,+0355,1","9,9,999,9,-038,1",,,"SYN06843071 32596 ///// 10340 20228 49997 83071 333 10355 59038 555 10018=",
"43071099999","2023-07-04T03:00:00","4","18.2","75.2","521.0","JEUR, IN","FM-12","99999","V020","020,1,N,0257,1","22000,1,9,N","004000,1,9,9","+9999,9","+0236,1","10042,1","24,0350,3,1",,,,,"03,2,+00800,1,03,1","99,9,+99999,9,00,1","9,AGL   ,+99999,+99999","01,99,2,03,2,99,9,00800,1,99,9,99,9","240,N,+0235,1","9,9,999,9,-001,1",,,"SYN07443071 22596 10250 20236 40042 83071 333 20235 59001 6035/ 555 00354 10053=",
"43071099999","2023-07-04T12:00:00","4","18.2","75.2","521.0","JEUR, IN","FM-12","99999","V020","999,9,9,9999,9","99999,9,9,N","004000,1,9,9","+0330,1","+0232,1","09989,1",,,,,,"03,1,+99999,9,03,1","99,9,+99999,9,00,1","9,AGL   ,+99999,+99999","99,99,9,03,1,99,9,99999,9,99,9,99,9","240,M,+0335,1","9,9,999,9,-008,1",,,"SYN05843071 32596 ///// 10330 20232 49989 83071 333 10335 59008=",
"43071099999","2023-07-05T03:00:00","4","18.2","75.2","521.0","JEUR, IN","FM-12","99999","V020","020,1,N,0309,1","22000,1,9,N","004000,1,9,9","+9999,9","+0216,1","10018,1",,,,,,"03,2,+00800,1,03,1","99,9,+99999,9,00,1","9,AGL   ,+99999,+99999","01,99,2,03,2,99,9,00800,1,99,9,99,9","240,N,+0235,1","9,9,999,9,-024,1",,,"SYN06243071 32596 10260 20216 40018 83071 333 20235 59024 555 10053=",
"43071099999","2023-07-05T12:00:00","4","18.2","75.2","521.0","JEUR, IN","FM-12","99999","V020","030,1,N,0103,1","22000,1,9,N","004000,1,9,9","+9999,9","+0220,1","09398,2",,,,,,"03,2,+00800,1,03,1","99,9,+99999,9,00,1","9,AGL   ,+99999,+99999","01,99,2,03,2,99,9,00800,1,99,9,99,9","240,M,+0325,1","9,9,999,9,-001,1",,,"SYN05243071 32596 10320 20220 49398 83071 333 10325 59001=",
"43071099999","2023-07-06T03:00:00","4","18.2","75.2","521.0","JEUR, IN","FM-12","99999","V020","020,1,N,0257,1","22000,1,9,N","004000,1,9,9","+9999,9","+0236,1","10042,1","24,0170,3,1",,,,,"03,2,+00800,1,03,1","99,9,+99999,9,00,1","9,AGL   ,+99999,+99999","01,99,2,03,2,99,9,00800,1,99,9,99,9","240,N,+0235,1","9,9,999,9,+024,1",,,"SYN07443071 22596 10250 20236 40042 83071 333 20235 58024 6017/ 555 00172 10071=",
"43071099999","2023-07-06T12:00:00","4","18.2","75.2","521.0","JEUR, IN","FM-12","99999","V020","999,9,9,9999,9","22000,1,9,N","004000,1,9,9","+0300,1","+0244,1","10009,1",,,,,,"03,1,+00800,1,03,1","99,9,+99999,9,00,1","9,AGL   ,+99999,+99999","04,99,1,03,1,99,9,00800,1,99,9,99,9","240,M,+0305,1",,,,"SYN05843071 32596 4//// 10300 20244 40009 83071 333 10305 58///=",
"43071099999","2023-07-07T03:00:00","4","18.2","75.2","521.0","JEUR, IN","FM-12","99999","V020","999,9,9,9999,9","22000,1,9,N","004000,1,9,9","+0260,1","+0216,1","10041,1",,,,,,"03,1,+00800,1,03,1",,"9,AGL   ,+99999,+99999","04,99,1,03,1,99,9,00800,1,99,9,99,9","240,N,+0225,1","9,9,999,9,-001,1",,,"SYN06843071 32596 4//// 10260 20216 40041 8307/ 333 20225 59001 555 10071=",
"43071099999","2023-07-07T12:00:00","4","18.2","75.2","521.0","JEUR, IN","FM-12","99999","V020","999,9,C,0000,1","22000,1,9,N","004000,1,9,9","+9999,9","+0229,1","10008,1",,,,,,"03,2,+00800,1,03,1","99,9,+99999,9,00,1","9,AGL   ,+99999,+99999","01,99,2,03,2,99,9,00800,1,99,9,99,9","240,M,+0335,1","9,9,999,9,-001,1",,,"SYN06243071 32596 10300 20229 40008 83071 333 10335 59001 555 10706=",
"43071099999","2023-07-08T03:00:00","4","18.2","75.2","521.0","JEUR, IN","FM-12","99999","V020","020,1,N,0360,1","22000,1,9,N","004000,1,9,9","+9999,9","+0227,1","10067,1","00,0000,9,1",,,,,"03,2,+00800,1,03,1",,"9,AGL   ,+99999,+99999","01,99,2,03,2,99,9,00800,1,99,9,99,9","240,N,+0235,1","9,9,999,9,+028,1",,,"SYN06843071 32596 10270 20227 40067 8307/ 333 20235 58028 60000 555 10071=",
"43071099999","2023-07-08T12:00:00","4","18.2","75.2","521.0","JEUR, IN","FM-12","99999","V020","030,1,N,0103,1","22000,1,9,N","004000,1,9,9","+9999,9","+0220,1","10013,1",,,,,,"03,2,+00800,1,03,1","99,9,+99999,9,00,1","9,AGL   ,+99999,+99999","01,99,2,03,2,99,9,00800,1,99,9,99,9","240,M,+0345,1","9,9,999,9,+005,1",,,"SYN06243071 32596 10320 20220 40013 83071 333 10345 58005 555 10071=",
"43071099999","2023-07-10T03:00:00","4","18.2","75.2","521.0","JEUR, IN","FM-12","99999","V020","020,1,N,0463,2","22000,1,9,N","004000,1,9,9","+9999,9","+0218,1","10055,1",,,,,,"03,2,+00800,1,03,1","99,9,+99999,9,00,1","9,AGL   ,+99999,+99999","01,99,2,03,2,99,9,00800,1,99,9,99,9","240,N,+0235,1","9,9,999,9,-014,1",,,"SYN06243071 32596 10290 20218 40055 83071 333 20235 59014 555 10071=",
"43071099999","2023-07-10T12:00:00","4","18.2","75.2","521.0","JEUR, IN","FM-12","99999","V020","030,1,N,0206,1","22000,1,9,N","004000,1,9,9","+9999,9","+0211,1","09468,2",,,,,,"03,2,+00800,1,03,1","99,9,+99999,9,00,1","9,AGL   ,+99999,+99999","01,99,2,03,2,99,9,00800,1,99,9,99,9","240,M,+0345,1",,,,"SYN05243071 32596 10340 20211 49468 83071 333 10345 59545=",
"43071099999","2023-07-11T03:00:00","4","18.2","75.2","521.0","JEUR, IN","FM-12","99999","V020","020,1,N,0309,1","22000,1,9,N","004000,1,9,9","+9999,9","+0216,1","10071,1","00,0000,9,1",,,,,"03,2,+00800,1,03,1","99,9,+99999,9,00,1","9,AGL   ,+99999,+99999","01,99,2,03,2,99,9,00800,1,99,9,99,9","240,N,+0235,1","9,9,999,9,+016,1",,,"SYN06843071 32596 10260 20216 40071 83071 333 20235 58016 60000 555 10071=",
"43071099999","2023-07-11T12:00:00","4","18.2","75.2","521.0","JEUR, IN","FM-12","99999","V020","999,9,C,0000,1","22000,1,9,N","004000,1,9,9","+9999,9","+0213,1","10029,1",,,,,,"03,2,+00800,1,03,1","99,9,+99999,9,00,1","9,AGL   ,+99999,+99999","01,99,2,03,2,99,9,00800,1,99,9,99,9","240,M,+0335,1","9,9,999,9,+001,1",,,"SYN05243071 32596 10300 20213 40029 83071 333 10335 58001=",
"43071099999","2023-07-12T03:00:00","4","18.2","75.2","521.0","JEUR, IN","FM-12","99999","V020","020,1,N,0309,1","22000,1,9,N","004000,1,9,9","+9999,9","+0216,1","10071,1",,,,,,"03,2,+00800,1,03,1","99,9,+99999,9,00,1","9,AGL   ,+99999,+99999","01,99,2,03,2,99,9,00800,1,99,9,99,9","240,N,+0235,1","9,9,999,9,+000,1",,,"SYN06243071 32596 10260 20216 40071 83071 333 20235 58000 555 10071=",
"43071099999","2023-07-12T12:00:00","4","18.2","75.2","521.0","JEUR, IN","FM-12","99999","V020","999,9,9,9999,9","99999,9,9,N","004000,1,9,9","+0250,1","+0236,1","10018,1","09,0090,3,1",,,,,"03,1,+99999,9,03,1","99,9,+99999,9,00,1","9,AGL   ,+99999,+99999","99,99,9,03,1,99,9,99999,9,99,9,99,9","240,M,+0325,1","9,9,999,9,+011,1",,,"SYN06443071 22596 ///// 10250 20236 40018 83071 333 10325 58011 6009/=",
"43071099999","2023-07-13T03:00:00","4","18.2","75.2","521.0","JEUR, IN","FM-12","99999","V020","020,1,N,0412,2","22000,1,9,N","004000,1,9,9","+9999,9","+0223,1","10057,1",,,,,,"03,2,+00800,1,03,1","99,9,+99999,9,00,1","9,AGL   ,+99999,+99999","01,99,2,03,2,99,9,00800,1,99,9,99,9","240,N,+0245,1","9,9,999,9,-014,1",,,"SYN06243071 32596 10280 20223 40057 83071 333 20245 59014 555 10078=",
"43071099999","2023-07-13T12:00:00","4","18.2","75.2","521.0","JEUR, IN","FM-12","99999","V020","999,9,9,9999,9","22000,1,9,N","004000,1,9,9","+0320,1","+0220,1","10011,1",,,,,,"03,1,+00800,1,03,1","99,9,+99999,9,00,1","9,AGL   ,+99999,+99999","04,99,1,03,1,99,9,00800,1,99,9,99,9","240,M,+0335,1","9,9,999,9,-007,1",,,"SYN05843071 32596 4//// 10320 20220 40011 83071 333 10335 59007=",
"43071099999","2023-07-14T12:00:00","4","18.2","75.2","521.0","JEUR, IN","FM-12","99999","V020","999,9,9,9999,9","22000,1,9,N","004000,1,9,9","+0300,1","+0229,1","10029,1",,,,,,"03,1,+00800,1,03,1","99,9,+99999,9,00,1","9,AGL   ,+99999,+99999","04,99,1,03,1,99,9,00800,1,99,9,99,9","240,M,+0325,1","9,9,999,9,+018,1",,,"SYN05843071 32596 4//// 10300 20229 40029 83071 333 10325 58018=",
"43071099999","2023-07-15T03:00:00","4","18.2","75.2","521.0","JEUR, IN","FM-12","99999","V020","999,9,9,9999,9","99999,9,9,N","004000,1,9,9","+0290,1","+0218,1","10065,1",,,,,,"03,1,+99999,9,03,1","99,9,+99999,9,00,1","9,AGL   ,+99999,+99999","99,99,9,03,1,99,9,99999,9,99,9,99,9","240,N,+0225,1","9,9,999,9,-006,1",,,"SYN06843071 32596 ///// 10290 20218 40065 83071 333 20225 59006 555 10078=",
"43071099999","2023-07-15T12:00:00","4","18.2","75.2","521.0","JEUR, IN","FM-12","99999","V020","030,1,N,0103,1","22000,1,9,N","004000,1,9,9","+9999,9","+0220,1","10035,1",,,,,,"03,2,+00800,1,03,1","99,9,+99999,9,00,1","9,AGL   ,+99999,+99999","01,99,2,03,2,99,9,00800,1,99,9,99,9","240,M,+0335,1","9,9,999,9,+006,1",,,"SYN05243071 32596 10320 20220 40035 83071 333 10335 58006=",
"43071099999","2023-07-17T03:00:00","4","18.2","75.2","521.0","JEUR, IN","FM-12","99999","V020","020,1,N,0309,1","22000,1,9,N","004000,1,9,9","+9999,9","+0216,1","10041,1","00,0000,9,1",,,,,"03,2,+00800,1,03,1","99,9,+99999,9,00,1","9,AGL   ,+99999,+99999","01,99,2,03,2,99,9,00800,1,99,9,99,9","240,N,+0225,1","9,9,999,9,-001,1",,,"SYN06843071 32596 10260 20216 40041 83071 333 20225 59001 60000 555 10078=",
"43071099999","2023-07-17T12:00:00","4","18.2","75.2","521.0","JEUR, IN","FM-12","99999","V020","020,1,N,0257,1","22000,1,9,N","004000,1,9,9","+9999,9","+0236,1","10049,1",,,,,,"03,2,+00800,1,03,1","99,9,+99999,9,00,1","9,AGL   ,+99999,+99999","01,99,2,03,2,99,9,00800,1,99,9,99,9","240,M,+0335,1","9,9,999,9,+014,1",,,"SYN06243071 32596 10250 20236 40049 83071 333 10335 58014 555 10078=",
"43071099999","2023-07-18T03:00:00","4","18.2","75.2","521.0","JEUR, IN","FM-12","99999","V020","020,1,N,0257,1","22000,1,9,N","004000,1,9,9","+9999,9","+0221,1","10044,1",,,,,,"03,2,+00800,1,03,1","99,9,+99999,9,00,1","9,AGL   ,+99999,+99999","01,99,2,03,2,99,9,00800,1,99,9,99,9","240,N,+0235,1",,,,"SYN05643071 32596 10250 20221 40044 83071 333 20235 555 10078=",
"43071099999","2023-07-18T12:00:00","4","18.2","75.2","521.0","JEUR, IN","FM-12","99999","V020","999,9,9,9999,9","99999,9,9,N","004000,1,9,9","+0240,1","+0226,1","10025,1",,,,,,"03,1,+99999,9,03,1","99,9,+99999,9,00,1","9,AGL   ,+99999,+99999","99,99,9,03,1,99,9,99999,9,99,9,99,9","240,M,+0245,1","9,9,999,9,-004,1",,,"SYN06843071 32596 ///// 10240 20226 40025 83071 333 10245 59004 555 10078=",
"43071099999","2023-07-19T03:00:00","4","18.2","75.2","521.0","JEUR, IN","FM-12","99999","V020","020,1,N,0206,1","22000,1,9,N","004000,1,9,9","+9999,9","+0226,1","10024,1","24,0220,3,1",,,,,"03,2,+00800,1,03,1","99,9,+99999,9,00,1","9,AGL   ,+99999,+99999","01,99,2,03,2,99,9,00800,1,99,9,99,9","240,N,+0225,1","9,9,999,9,-020,1",,,"SYN07443071 22596 10240 20226 40024 83071 333 20225 59020 6022/ 555 00216 10101=",
"43071099999","2023-07-19T12:00:00","4","18.2","75.2","521.0","JEUR, IN","FM-12","99999","V020","020,1,N,0412,2","22000,1,9,N","004000,1,9,9","+9999,9","+0223,1","10005,1",,,,,,"03,2,+00800,1,03,1","99,9,+99999,9,00,1","9,AGL   ,+99999,+99999","01,99,2,03,2,99,9,00800,1,99,9,99,9","240,M,+0285,1","9,9,999,9,-020,1",,,"SYN05243071 32596 10280 20223 40005 83071 333 10285 59020=",
"43071099999","2023-07-20T03:00:00","4","18.2","75.2","521.0","JEUR, IN","FM-12","99999","V020","020,1,N,0257,1","22000,1,9,N","004000,1,9,9","+9999,9","+0221,1","10023,1","00,0000,9,1",,,,,"03,2,+00800,1,03,1","99,9,+99999,9,00,1","9,AGL   ,+99999,+99999","01,99,2,03,2,99,9,00800,1,99,9,99,9","240,N,+0225,1",,,,"SYN06843071 32596 10250 20221 40023 83071 333 20225 50001 60000 555 10101=",
"43071099999","2023-07-20T12:00:00","4","18.2","75.2","521.0","JEUR, IN","FM-12","99999","V020","999,9,9,9999,9","99999,9,9,N","004000,1,9,9","+0280,1","+0223,1","10005,1",,,,,,"03,1,+99999,9,03,1","99,9,+99999,9,00,1","9,AGL   ,+99999,+99999","99,99,9,03,1,99,9,99999,9,99,9,99,9","240,M,+0285,1","9,9,999,9,-020,1",,,"SYN05843071 32596 ///// 10280 20223 40005 83071 333 10285 59020=",
"43071099999","2023-07-21T03:00:00","4","18.2","75.2","521.0","JEUR, IN","FM-12","99999","V020","020,1,N,0206,1","22000,1,9,N","004000,1,9,9","+9999,9","+0211,1","10034,1",,,,,,"03,2,+00800,1,03,1","99,9,+99999,9,00,1","9,AGL   ,+99999,+99999","01,99,2,03,2,99,9,00800,1,99,9,99,9","240,N,+0225,1","9,9,999,9,+011,1",,,"SYN06243071 32596 10240 20211 40034 83071 333 20225 58011 555 10101=",
"43071099999","2023-07-21T12:00:00","4","18.2","75.2","521.0","JEUR, IN","FM-12","99999","V020","020,1,N,0257,1","22000,1,9,N","004000,1,9,9","+9999,9","+0236,1","10023,1","06,0020,3,1",,,,,"03,2,+00800,1,03,1","99,9,+99999,9,00,1","9,AGL   ,+99999,+99999","01,99,2,03,2,99,9,00800,1,99,9,99,9","240,M,+0275,1","9,9,999,9,+001,1",,,"SYN05943071 22596 10250 20236 40023 83071 333 10275 58001 60021/=",
"43071099999","2023-07-22T03:00:00","4","18.2","75.2","521.0","JEUR, IN","FM-12","99999","V020","020,1,N,0206,1","22000,1,9,N","004000,1,9,9","+9999,9","+0226,1","10046,1",,,,,,"03,2,+00800,1,03,1","99,9,+99999,9,00,1","9,AGL   ,+99999,+99999","01,99,2,03,2,99,9,00800,1,99,9,99,9","240,N,+0225,1","9,9,999,9,+012,1",,,"SYN06243071 32596 10240 20226 40046 83071 333 20225 58012 555 10122=",
"43071099999","2023-07-22T12:00:00","4","18.2","75.2","521.0","JEUR, IN","FM-12","99999","V020","020,1,N,0412,2","22000,1,9,N","004000,1,9,9","+9999,9","+0223,1","10005,1",,,,,,"03,2,+00800,1,03,1","99,9,+99999,9,00,1","9,AGL   ,+99999,+99999","01,99,2,03,2,99,9,00800,1,99,9,99,9","240,M,+0275,1","9,9,999,9,-018,1",,,"SYN05243071 32596 10280 20223 40005 83071 333 10275 59018=",
"43071099999","2023-07-24T03:00:00","4","18.2","75.2","521.0","JEUR, IN","FM-12","99999","V020","999,9,9,9999,9","99999,9,9,N","004000,1,9,9","+0260,1","+0232,1","10052,1",,,,,,"03,1,+99999,9,03,1","99,9,+99999,9,00,1","9,AGL   ,+99999,+99999","99,99,9,03,1,99,9,99999,9,99,9,99,9","240,N,+0225,1","9,9,999,9,+006,1",,,"SYN06843071 32596 ///// 10260 20232 40052 83071 333 20225 58006 555 10121=",
"43071099999","2023-07-24T12:00:00","4","18.2","75.2","521.0","JEUR, IN","FM-12","99999","V020","999,9,9,9999,9","99999,9,9,N","004000,1,9,9","+0260,1","+0246,1","10041,1","09,0060,3,1",,,,,"03,1,+00800,1,03,1","99,9,+99999,9,00,1","9,AGL   ,+99999,+99999","06,99,1,03,1,99,9,00800,1,99,9,99,9","240,M,+0315,1","9,9,999,9,+036,1",,,"SYN06443071 22596 6//// 10260 20246 40041 83071 333 10315 58036 6006/=",
"43071099999","2023-07-25T03:00:00","4","18.2","75.2","521.0","JEUR, IN","FM-12","99999","V020","020,1,N,0206,1","22000,1,9,N","004000,1,9,9","+9999,9","+0226,1","10055,1","24,0040,3,1",,,,,"03,2,+00800,1,03,1","99,9,+99999,9,00,1","9,AGL   ,+99999,+99999","01,99,2,03,2,99,9,00800,1,99,9,99,9","240,N,+0235,1","9,9,999,9,+003,1",,,"SYN07443071 22596 10240 20226 40055 83071 333 20235 58003 6004/ 555 00042 10132=",
"43071099999","2023-07-25T12:00:00","4","18.2","75.2","521.0","JEUR, IN","FM-12","99999","V020","020,1,N,0206,1","22000,1,9,N","004000,1,9,9","+9999,9","+0226,1","10046,1","09,0200,3,1",,,,,"03,2,+00800,1,03,1","99,9,+99999,9,00,1","9,AGL   ,+99999,+99999","01,99,2,03,2,99,9,00800,1,99,9,99,9","240,M,+0255,1","9,9,999,9,+005,1",,,"SYN05843071 22596 10240 20226 40046 83071 333 10255 58005 6020/=",
"43071099999","2023-07-26T03:00:00","4","18.2","75.2","521.0","JEUR, IN","FM-12","99999","V020","020,1,N,0206,1","22000,1,9,N","004000,1,9,9","+9999,9","+0226,1","10055,1","24,0020,3,1",,,,,"03,2,+00800,1,03,1","99,9,+99999,9,00,1","9,AGL   ,+99999,+99999","01,99,2,03,2,99,9,00800,1,99,9,99,9","240,N,+0225,1","9,9,999,9,+000,1",,,"SYN07443071 22596 10240 20226 40055 83071 333 20225 58000 6002/ 555 00023 10134=",
"43071099999","2023-07-26T12:00:00","4","18.2","75.2","521.0","JEUR, IN","FM-12","99999","V020","020,1,N,0412,2","22000,1,9,N","004000,1,9,9","+9999,9","+0223,1","99999,9",,,,,,"03,2,+00800,1,03,1","99,9,+99999,9,00,1","9,AGL   ,+99999,+99999","01,99,2,03,2,99,9,00800,1,99,9,99,9","240,M,+0285,1","9,9,999,9,-009,1",,,"SYN05243071 32596 10280 20223 43071 83071 333 10285 59009=",
"43071099999","2023-07-27T03:00:00","4","18.2","75.2","521.0","JEUR, IN","FM-12","99999","V020","020,1,N,0206,1","22000,1,9,N","004000,1,9,9","+9999,9","+0226,1","99999,9",,,,,,"03,2,+00800,1,03,1","99,9,+99999,9,00,1","9,AGL   ,+99999,+99999","01,99,2,03,2,99,9,00800,1,99,9,99,9","240,N,+0225,1","9,9,999,9,+015,1",,,"SYN06243071 32596 10240 20226 43071 83071 333 20225 58015 555 10134=",
"43071099999","2023-07-27T12:00:00","4","18.2","75.2","521.0","JEUR, IN","FM-12","99999","V020","020,1,N,0206,1","22000,1,9,N","004000,1,9,9","+9999,9","+0240,1","10070,1","09,0110,3,1",,,,,"03,2,+00800,1,03,1","99,9,+99999,9,00,1","9,AGL   ,+99999,+99999","01,99,2,03,2,99,9,00800,1,99,9,99,9","240,M,+0255,1","9,9,999,9,+033,1",,,"SYN05843071 22596 10240 20240 40070 83071 333 10255 58033 6011/=",
"43071099999","2023-07-28T03:00:00","4","18.2","75.2","521.0","JEUR, IN","FM-12","99999","V020","020,1,N,0154,1","22000,1,9,N","004000,1,9,9","+9999,9","+0215,1","10071,1","24,0080,3,1",,,,,"03,2,+00800,1,03,1","99,9,+99999,9,00,1","9,AGL   ,+99999,+99999","01,99,2,03,2,99,9,00800,1,99,9,99,9","240,N,+0215,1","9,9,999,9,+001,1",,,"SYN06843071 22596 10230 20215 40071 83071 333 20215 58001 6008/ 555 10143=",
"43071099999","2023-07-28T12:00:00","4","18.2","75.2","521.0","JEUR, IN","FM-12","99999","V020","020,1,N,0309,1","22000,1,9,N","004000,1,9,9","+9999,9","+0232,1","10052,1",,,,,,"03,2,+00800,1,03,1","99,9,+99999,9,00,1","9,AGL   ,+99999,+99999","01,99,2,03,2,99,9,00800,1,99,9,99,9","240,M,+0275,1","9,9,999,9,-018,1",,,"SYN05243071 32596 10260 20232 40052 83071 333 10275 59018=",
"43071099999","2023-07-31T03:00:00","4","18.2","75.2","521.0","JEUR, IN","FM-12","99999","V020","020,1,N,0257,1","22000,1,9,N","004000,1,9,9","+9999,9","+0221,1","10057,1","24,0040,3,1",,,,,"03,2,+00800,1,03,1","99,9,+99999,9,00,1","9,AGL   ,+99999,+99999","01,99,2,03,2,99,9,00800,1,99,9,99,9","240,N,+0215,1","9,9,999,9,-014,1",,,"SYN07443071 22596 10250 20221 40057 83071 333 20215 59014 6004/ 555 00044 10158=",
"43071099999","2023-07-31T12:00:00","4","18.2","75.2","521.0","JEUR, IN","FM-12","99999","V020","020,1,N,0412,2","22000,1,9,N","004000,1,9,9","+9999,9","+0223,1","99999,9",,,,,,"03,2,+00800,1,03,1","99,9,+99999,9,00,1","9,AGL   ,+99999,+99999","01,99,2,03,2,99,9,00800,1,99,9,99,9","240,M,+0295,1","9,9,999,9,-017,1",,,"SYN05243071 32596 10280 20223 43071 83071 333 10295 59017=",
"43071099999","2023-08-01T03:00:00","4","18.2","75.2","521.0","JEUR, IN","FM-12","99999","V020","020,1,N,0206,1","22000,1,9,N","004000,1,9,9","+9999,9","+0225,1","10056,1",,,,,,"03,2,+00800,1,03,1","99,9,+99999,9,00,1","9,AGL   ,+99999,+99999","01,99,2,03,2,99,9,00800,1,99,9,99,9","240,N,+0225,1","9,9,999,9,-001,1",,,"SYN06243071 32596 10240 20225 40056 83071 333 20225 59001 555 10158=",
"43071099999","2023-08-01T12:00:00","4","18.2","75.2","521.0","JEUR, IN","FM-12","99999","V020","999,9,9,9999,9","99999,9,9,N","004000,1,9,9","+0270,1","+0227,1","10038,1","09,0050,3,1",,,,,"03,1,+00800,1,03,1","99,9,+99999,9,00,1","9,AGL   ,+99999,+99999","06,99,1,03,1,99,9,00800,1,99,9,99,9","240,M,+0295,1","9,9,999,9,-003,1",,,"SYN06443071 22596 6//// 10270 20227 40038 83071 333 10295 59003 6005/=",
"43071099999","2023-08-02T03:00:00","4","18.2","75.2","521.0","JEUR, IN","FM-12","99999","V020","020,1,N,0206,1","22000,1,9,N","004000,1,9,9","+9999,9","+0226,1","10056,1",,,,,,"03,2,+00800,1,03,1","99,9,+99999,9,00,1","9,AGL   ,+99999,+99999","01,99,2,03,2,99,9,00800,1,99,9,99,9","240,N,+0235,1","9,9,999,9,+000,1",,,"SYN06243071 32596 10240 20226 40056 83071 333 20235 58000 555 10163=",
"43071099999","2023-08-02T12:00:00","4","18.2","75.2","521.0","JEUR, IN","FM-12","99999","V020","020,1,N,0412,2","22000,1,9,N","004000,1,9,9","+9999,9","+0223,1","10047,1",,,,,,"03,2,+00800,1,03,1","99,9,+99999,9,00,1","9,AGL   ,+99999,+99999","01,99,2,03,2,99,9,00800,1,99,9,99,9","240,M,+0295,1","9,9,999,9,+009,1",,,"SYN05243071 32596 10280 20223 40047 83071 333 10295 58009=",
"43071099999","2023-08-03T03:00:00","4","18.2","75.2","521.0","JEUR, IN","FM-12","99999","V020","020,1,N,0206,1","22000,1,9,N","004000,1,9,9","+9999,9","+0226,1","10056,1",,,,,,"03,2,+00800,1,03,1","99,9,+99999,9,00,1","9,AGL   ,+99999,+99999","01,99,2,03,2,99,9,00800,1,99,9,99,9","240,N,+0223,1","9,9,999,9,+000,1",,,"SYN06343071 32596 10240 20226 40056 83071 333 20223 58000 555 101631=",
"43071099999","2023-08-03T12:00:00","4","18.2","75.2","521.0","JEUR, IN","FM-12","99999","V020","020,1,N,0360,1","22000,1,9,N","004000,1,9,9","+9999,9","+9999,9","99999,9",,,,,,"99,9,+00800,1,99,9",,"9,AGL   ,+99999,+99999","01,99,1,99,9,99,9,00800,1,99,9,99,9",,,,,"SYN06343071 32596 10270 2022 40038 7 83071 333 10295 50009 555 10163=",
"43071099999","2023-08-04T03:00:00","4","18.2","75.2","521.0","JEUR, IN","FM-12","99999","V020","020,1,N,0257,1","22000,1,9,N","004000,1,9,9","+9999,9","+0221,1","10066,1","24,0030,3,1",,,,,"03,2,+00800,1,03,1","99,9,+99999,9,00,1","9,AGL   ,+99999,+99999","01,99,2,03,2,99,9,00800,1,99,9,99,9","240,N,+0225,1","9,9,999,9,+010,1",,,"SYN07443071 22596 10250 20221 40066 83071 333 20225 58010 6003/ 555 00035 10167=",
"43071099999","2023-08-04T12:00:00","4","18.2","75.2","521.0","JEUR, IN","FM-12","99999","V020","999,9,9,9999,9","99999,9,9,N","004000,1,9,9","+0300,1","+0213,1","10051,1",,,,,,"03,1,+99999,9,03,1","99,9,+99999,9,00,1","9,AGL   ,+99999,+99999","99,99,9,03,1,99,9,99999,9,99,9,99,9","240,M,+0305,1","9,9,999,9,+013,1",,,"SYN06843071 32596 ///// 10300 20213 40051 83071 333 10305 58013 555 10167=",
"43071099999","2023-08-05T03:00:00","4","18.2","75.2","521.0","JEUR, IN","FM-12","99999","V020","020,1,N,0257,1","22000,1,9,N","004000,1,9,9","+9999,9","+0221,1","10106,1",,,,,,"03,2,+00800,1,03,1","99,9,+99999,9,00,1","9,AGL   ,+99999,+99999","01,99,2,03,2,99,9,00800,1,99,9,99,9","240,N,+0225,1","9,9,999,9,+040,1",,,"SYN06243071 32596 10250 20221 40106 83071 333 20225 58040 555 10167=",
"43071099999","2023-08-05T12:00:00","4","18.2","75.2","521.0","JEUR, IN","FM-12","99999","V020","999,9,C,0000,1","22000,1,9,N","004000,1,9,9","+9999,9","+0229,1","10063,1","09,0020,3,1",,,,,"03,2,+00800,1,03,1","99,9,+99999,9,00,1","9,AGL   ,+99999,+99999","01,99,2,03,2,99,9,00800,1,99,9,99,9","240,M,+0305,1","9,9,999,9,+012,1",,,"SYN05843071 22596 10300 20229 40063 83071 333 10305 58012 6002/=",
"43071099999","2023-08-07T03:00:00","4","18.2","75.2","521.0","JEUR, IN","FM-12","99999","V020","020,1,N,0257,1","22000,1,9,N","004000,1,9,9","+9999,9","+0221,1","10076,1",,,,,,"03,2,+00800,1,03,1","99,9,+99999,9,00,1","9,AGL   ,+99999,+99999","01,99,2,03,2,99,9,00800,1,99,9,99,9","240,N,+0221,1","9,9,999,9,-030,1",,,"SYN06243071 32596 10250 20221 40076 83071 333 20221 59030 555 10169=",
"43071099999","2023-08-07T12:00:00","4","18.2","75.2","521.0","JEUR, IN","FM-12","99999","V020","020,1,N,0412,2","22000,1,9,N","004000,1,9,9","+9999,9","+0223,1","10045,1",,,,,,"03,2,+00800,1,03,1","99,9,+99999,9,00,1","9,AGL   ,+99999,+99999","01,99,2,03,2,99,9,00800,1,99,9,99,9","240,M,+0315,1","9,9,999,9,-018,1",,,"SYN06243071 32596 10280 20223 40045 83071 333 10315 59018 555 10169=",
"43071099999","2023-08-08T03:00:00","4","18.2","75.2","521.0","JEUR, IN","FM-12","99999","V020","020,1,N,0309,1","22000,1,9,N","004000,1,9,9","+9999,9","+0216,1","10063,1",,,,,,"03,2,+00800,1,03,1","99,9,+99999,9,00,1","9,AGL   ,+99999,+99999","01,99,2,03,2,99,9,00800,1,99,9,99,9","240,N,+0225,1","9,9,999,9,-013,1",,,"SYN06243071 32596 10260 20216 40063 83071 333 20225 59013 555 10169=",
"43071099999","2023-08-08T12:00:00","4","18.2","75.2","521.0","JEUR, IN","FM-12","99999","V020","020,1,N,0309,1","22000,1,9,N","004000,1,9,9","+9999,9","+0213,1","10060,1",,,,,,"03,2,+00800,1,03,1","99,9,+99999,9,00,1","9,AGL   ,+99999,+99999","01,99,2,03,2,99,9,00800,1,99,9,99,9","240,M,+0325,1","9,9,999,9,+015,1",,,"SYN05243071 32596 10260 20213 40060 83071 333 10325 58015=",
"43071099999","2023-08-09T03:00:00","4","18.2","75.2","521.0","JEUR, IN","FM-12","99999","V020","999,9,9,9999,9","99999,9,9,N","004000,1,9,9","+0240,1","+0221,1","10098,1",,,,,,"03,1,+99999,9,03,1","99,9,+99999,9,00,1","9,AGL   ,+99999,+99999","99,99,9,03,1,99,9,99999,9,99,9,99,9","240,N,+0225,1","9,9,999,9,+035,1",,,"SYN06843071 32596 ///// 10240 20221 40098 83071 333 20225 58035 555 10169=",
"43071099999","2023-08-09T12:00:00","4","18.2","75.2","521.0","JEUR, IN","FM-12","99999","V020","030,1,N,0051,1","22000,1,9,N","004000,1,9,9","+9999,9","+0240,1","10059,1","09,0030,3,1",,,,,"03,2,+00800,1,03,1","99,9,+99999,9,00,1","9,AGL   ,+99999,+99999","01,99,2,03,2,99,9,00800,1,99,9,99,9","240,M,+0325,1","9,9,999,9,-001,1",,,"SYN05843071 22596 10310 20240 40059 83071 333 10325 59001 6003/=",
"43071099999","2023-08-10T03:00:00","4","18.2","75.2","521.0","JEUR, IN","FM-12","99999","V020","020,1,N,0257,1","22000,1,9,N","004000,1,9,9","+9999,9","+0221,1","10108,1",,,,,,"03,2,+00800,1,03,1","99,9,+99999,9,00,1","9,AGL   ,+99999,+99999","01,99,2,03,2,99,9,00800,1,99,9,99,9","240,N,+0215,1","9,9,999,9,+010,1",,,"SYN06243071 32596 10250 20221 40108 83071 333 20215 58010 555 10172=",
"43071099999","2023-08-11T03:00:00","4","18.2","75.2","521.0","JEUR, IN","FM-12","99999","V020","020,1,N,0257,1","22000,1,9,N","004000,1,9,9","+9999,9","+0221,1","10097,1",,,,,,"03,2,+00800,1,03,1","99,9,+99999,9,00,1","9,AGL   ,+99999,+99999","01,99,2,03,2,99,9,00800,1,99,9,99,9","240,N,+0215,1","9,9,999,9,-011,1",,,"SYN06243071 32596 10250 20221 40097 83071 333 20215 59011 555 10172=",
"43071099999","2023-08-11T12:00:00","4","18.2","75.2","521.0","JEUR, IN","FM-12","99999","V020","030,1,N,0051,1","22000,1,9,N","004000,1,9,9","+9999,9","+0225,1","10046,1",,,,,,"03,2,+00800,1,03,1","99,9,+99999,9,00,1","9,AGL   ,+99999,+99999","01,99,2,03,2,99,9,00800,1,99,9,99,9",,,,,"SYN05343071 32596 10310 20225 40046 83071 333 1033.5 59024=",
"43071099999","2023-08-12T03:00:00","4","18.2","75.2","521.0","JEUR, IN","FM-12","99999","V020","020,1,N,0257,1","22000,1,9,N","004000,1,9,9","+9999,9","+0206,1","10096,1",,,,,,"03,2,+00800,1,03,1","99,9,+99999,9,00,1","9,AGL   ,+99999,+99999","01,99,2,03,2,99,9,00800,1,99,9,99,9","240,N,+0215,1","9,9,999,9,+001,1",,,"SYN06243071 32596 10250 20206 40096 83071 333 20215 58001 555 10172=",
"43071099999","2023-08-14T03:00:00","4","18.2","75.2","521.0","JEUR, IN","FM-12","99999","V020","020,1,N,0257,1","22000,1,9,N","004000,1,9,9","+9999,9","+0221,1","10097,1",,,,,,"03,2,+00800,1,03,1","99,9,+99999,9,00,1","9,AGL   ,+99999,+99999","01,99,2,03,2,99,9,00800,1,99,9,99,9","240,N,+0215,1","9,9,999,9,+001,1",,,"SYN05243071 32596 10250 20221 40097 83071 333 20215 58001=",
"43071099999","2023-08-14T12:00:00","4","18.2","75.2","521.0","JEUR, IN","FM-12","99999","V020","999,9,C,0000,1","22000,1,9,N","004000,1,9,9","+9999,9","+0213,1","10050,1",,,,,,"03,2,+00800,1,03,1","99,9,+99999,9,00,1","9,AGL   ,+99999,+99999","01,99,2,03,2,99,9,00800,1,99,9,99,9","240,M,+0325,1","9,9,999,9,+004,1",,,"SYN05243071 32596 10300 20213 40050 83071 333 10325 58004=",
"43071099999","2023-08-16T03:00:00","4","18.2","75.2","521.0","JEUR, IN","FM-12","99999","V020","020,1,N,0257,1","22000,1,9,N","004000,1,9,9","+9999,9","+0221,1","10091,1",,,,,,"03,2,+00800,1,03,1","99,9,+99999,9,00,1","9,AGL   ,+99999,+99999","01,99,2,03,2,99,9,00800,1,99,9,99,9","240,N,+0215,1","9,9,999,9,+000,1",,,"SYN06243071 32596 10250 20221 40091 83071 333 20215 58000 555 10172=",
"43071099999","2023-08-16T12:00:00","4","18.2","75.2","521.0","JEUR, IN","FM-12","99999","V020","030,1,N,0103,1","22000,1,9,N","004000,1,9,9","+9999,9","+0220,1","10076,1",,,,,,"03,2,+00800,1,03,1","99,9,+99999,9,00,1","9,AGL   ,+99999,+99999","01,99,2,03,2,99,9,00800,1,99,9,99,9","240,M,+0320,1","9,9,999,9,+026,1",,,"SYN06243071 32596 10320 20220 40076 83071 333 10320 58026 555 10171=",
"43071099999","2023-08-17T03:00:00","4","18.2","75.2","521.0","JEUR, IN","FM-12","99999","V020","020,1,N,0257,1","22000,1,9,N","004000,1,9,9","+9999,9","+0221,1","10096,1",,,,,,"03,2,+00800,1,03,1","99,9,+99999,9,00,1","9,AGL   ,+99999,+99999","01,99,2,03,2,99,9,00800,1,99,9,99,9","240,N,+0215,1","9,9,999,9,-009,1",,,"SYN06243071 32596 10250 20221 40096 83071 333 20215 59009 555 10172=",
"43071099999","2023-08-17T12:00:00","4","18.2","75.2","521.0","JEUR, IN","FM-12","99999","V020","999,9,C,0000,1","22000,1,9,N","004000,1,9,9","+9999,9","+0229,1","10061,1",,,,,,"03,2,+00800,1,03,1","99,9,+99999,9,00,1","9,AGL   ,+99999,+99999","01,99,2,03,2,99,9,00800,1,99,9,99,9","240,M,+0325,1","9,9,999,9,-015,1",,,"SYN05243071 32596 10300 20229 40061 83071 333 10325 59015=",
"43071099999","2023-08-18T03:00:00","4","18.2","75.2","521.0","JEUR, IN","FM-12","99999","V020","999,9,9,9999,9","99999,9,9,N","004000,1,9,9","+0250,1","+0206,1","10075,1",,,,,,"03,1,+99999,9,03,1","99,9,+99999,9,00,1","9,AGL   ,+99999,+99999","99,99,9,03,1,99,9,99999,9,99,9,99,9","240,N,+0215,1","9,9,999,9,-021,1",,,"SYN06843071 32596 ///// 10250 20206 40075 83071 333 20215 59021 555 10172=",
"43071099999","2023-08-18T12:00:00","4","18.2","75.2","521.0","JEUR, IN","FM-12","99999","V020","020,1,N,0463,2","22000,1,9,N","004000,1,9,9","+9999,9","+0202,1","10055,1",,,,,,"03,2,+00800,1,03,1","99,9,+99999,9,00,1","9,AGL   ,+99999,+99999","01,99,2,03,2,99,9,00800,1,99,9,99,9","240,M,+0305,1","9,9,999,9,-006,1",,,"SYN05243071 32596 10290 20202 40055 83071 333 10305 59006=",
"43071099999","2023-08-19T03:00:00","4","18.2","75.2","521.0","JEUR, IN","FM-12","99999","V020","020,1,N,0257,1","22000,1,9,N","004000,1,9,9","+9999,9","+0206,1","10086,1","00,0000,9,1",,,,,"03,2,+00800,1,03,1","99,9,+99999,9,00,1","9,AGL   ,+99999,+99999","01,99,2,03,2,99,9,00800,1,99,9,99,9","240,N,+0230,1","9,9,999,9,+011,1",,,"SYN06843071 32596 10250 20206 40086 83071 333 20230 58011 60000 555 10172=",
"43071099999","2023-08-19T12:00:00","4","18.2","75.2","521.0","JEUR, IN","FM-12","99999","V020","020,1,N,0412,2","22000,1,9,N","004000,1,9,9","+9999,9","+0207,1","10045,1",,,,,,"03,2,+00800,1,03,1","99,9,+99999,9,00,1","9,AGL   ,+99999,+99999","01,99,2,03,2,99,9,00800,1,99,9,99,9","240,M,+0295,1","9,9,999,9,-010,1",,,"SYN05243071 32596 10280 20207 40045 83071 333 10295 59010=",
"43071099999","2023-08-21T03:00:00","4","18.2","75.2","521.0","JEUR, IN","FM-12","99999","V020","020,1,N,0206,1","22000,1,9,N","004000,1,9,9","+9999,9","+0211,1","10082,1","00,0000,9,1",,,,,"03,2,+00800,1,03,1","99,9,+99999,9,00,1","9,AGL   ,+99999,+99999","01,99,2,03,2,99,9,00800,1,99,9,99,9","240,N,+0205,1","9,9,999,9,-004,1",,,"SYN06843071 32596 10240 20211 40082 83071 333 20205 59004 60000 555 10172=",
"43071099999","2023-08-21T12:00:00","4","18.2","75.2","521.0","JEUR, IN","FM-12","99999","V020","030,1,N,0103,1","22000,1,9,N","004000,1,9,9","+9999,9","+0204,1","10035,1",,,,,,"03,2,+00800,1,03,1","99,9,+99999,9,00,1","9,AGL   ,+99999,+99999","01,99,2,03,2,99,9,00800,1,99,9,99,9","240,M,+0335,1","9,9,999,9,+001,1",,,"SYN05243071 32596 10320 20204 40035 83071 333 10335 58001=",
"43071099999","2023-08-22T03:00:00","4","18.2","75.2","521.0","JEUR, IN","FM-12","99999","V020","020,1,N,0257,1","22000,1,9,N","004000,1,9,9","+9999,9","+0201,1","10066,1","24,0040,3,1",,,,,"03,2,+00800,1,03,1","99,9,+99999,9,00,1","9,AGL   ,+99999,+99999","01,99,2,03,2,99,9,00800,1,99,9,99,9","240,N,+0205,1","9,9,999,9,+016,1",,,"SYN07443071 22596 10250 20201 40066 83071 333 20205 58016 6004/ 555 00042 10176=",
"43071099999","2023-08-22T12:00:00","4","18.2","75.2","521.0","JEUR, IN","FM-12","99999","V020","999,9,C,0000,1","22000,1,9,N","004000,1,9,9","+0320,1","+0220,1","10023,1",,,,,,"03,1,+00800,1,03,1","99,9,+99999,9,00,1","9,AGL   ,+99999,+99999","04,99,1,03,1,99,9,00800,1,99,9,99,9","240,M,+0345,1","9,9,999,9,-012,1",,,"SYN05843071 32596 40000 10320 20220 40023 83071 333 10345 59012=",
"43071099999","2023-08-23T03:00:00","4","18.2","75.2","521.0","JEUR, IN","FM-12","99999","V020","020,1,N,0257,1","22000,1,9,N","004000,1,9,9","+9999,9","+0221,1","10073,1",,,,,,"03,2,+00800,1,03,1","99,9,+99999,9,00,1","9,AGL   ,+99999,+99999","01,99,2,03,2,99,9,00800,1,99,9,99,9",,,,,"SYN06343071 32596 10250 20221 40073 83071 333 2022.5 58007 555 10176=",
"43071099999","2023-08-23T12:00:00","4","18.2","75.2","521.0","JEUR, IN","FM-12","99999","V020","030,1,N,0051,1","22000,1,9,N","004000,1,9,9","+9999,9","+0209,1","10037,1",,,,,,"03,2,+00800,1,03,1","99,9,+99999,9,00,1","9,AGL   ,+99999,+99999","01,99,2,03,2,99,9,00800,1,99,9,99,9","240,M,+0345,1","9,9,999,9,+014,1",,,"SYN05243071 32596 10310 20209 40037 83071 333 10345 58014=",
"43071099999","2023-08-24T03:00:00","4","18.2","75.2","521.0","JEUR, IN","FM-12","99999","V020","020,1,N,0309,1","22000,1,9,N","004000,1,9,9","+9999,9","+0201,1","99999,9",,,,,,"03,2,+00800,1,03,1","99,9,+99999,9,00,1","9,AGL   ,+99999,+99999","01,99,2,03,2,99,9,00800,1,99,9,99,9","240,N,+0205,1","9,9,999,9,-010,1",,,"SYN06243071 32596 10260 20201 43071 83071 333 20205 59010 555 10176=",
"43071099999","2023-08-24T12:00:00","4","18.2","75.2","521.0","JEUR, IN","FM-12","99999","V020","030,1,N,0103,1","22000,1,9,N","004000,1,9,9","+9999,9","+0020,1","99999,9",,,,,,"99,9,+00800,1,99,9",,"9,AGL   ,+99999,+99999","01,99,1,99,9,99,9,00800,1,99,9,99,9",,,,,"SYN05443071 32596 10320 2020/4 40023 83071 333 1034.5 59014=",
"43071099999","2023-08-25T03:00:00","4","18.2","75.2","521.0","JEUR, IN","FM-12","99999","V020","999,9,9,9999,9","99999,9,9,N","004000,1,9,9","+0260,1","+0216,1","99999,9",,,,,,"03,1,+99999,9,03,1","99,9,+99999,9,00,1","9,AGL   ,+99999,+99999","99,99,9,03,1,99,9,99999,9,99,9,99,9","240,N,+0225,1","9,9,999,9,+008,1",,,"SYN06843071 32596 ///// 10260 20216 43071 83071 333 20225 58008 555 10176=",
"43071099999","2023-08-25T12:00:00","4","18.2","75.2","521.0","JEUR, IN","FM-12","99999","V020","999,9,9,9999,9","22000,1,9,N","004000,1,9,9","+0290,1","+0234,1","10040,1",,,,,,"03,1,+00800,1,03,1","99,9,+99999,9,00,1","9,AGL   ,+99999,+99999","04,99,1,03,1,99,9,00800,1,99,9,99,9","240,M,+0345,1","9,9,999,9,+017,1",,,"SYN05843071 32596 4//// 10290 20234 40040 83071 333 10345 58017=",
"43071099999","2023-08-26T12:00:00","4","18.2","75.2","521.0","JEUR, IN","FM-12","99999","V020","020,1,N,0463,2","22000,1,9,N","004000,1,9,9","+9999,9","+0218,1","10050,1",,,,,,"03,2,+00800,1,03,1","99,9,+99999,9,00,1","9,AGL   ,+99999,+99999","01,99,2,03,2,99,9,00800,1,99,9,99,9","240,M,+0345,1","9,9,999,9,+010,1",,,"SYN06243071 32596 10290 20218 40050 83071 333 10345 58010 555 10176=",
"43071099999","2023-08-28T03:00:00","4","18.2","75.2","521.0","JEUR, IN","FM-12","99999","V020","020,1,N,0309,1","22000,1,9,N","004000,1,9,9","+9999,9","+0216,1","10084,1","24,0010,3,1",,,,,"03,2,+00800,1,03,1","99,9,+99999,9,00,1","9,AGL   ,+99999,+99999","01,99,2,03,2,99,9,00800,1,99,9,99,9","240,N,+0205,1","9,9,999,9,+000,1",,,"SYN07443071 22596 10260 20216 40084 83071 333 20205 58000 6001/ 555 00014 10177=",
"43071099999","2023-08-28T12:00:00","4","18.2","75.2","521.0","JEUR, IN","FM-12","99999","V020","020,1,N,0360,1","22000,1,9,N","004000,1,9,9","+9999,9","+0212,1","10057,1",,,,,,"03,2,+00800,1,03,1","99,9,+99999,9,00,1","9,AGL   ,+99999,+99999","01,99,2,03,2,99,9,00800,1,99,9,99,9","240,M,+0335,1","9,9,999,9,+007,1",,,"SYN05243071 32596 10270 20212 40057 83071 333 10335 58007=",
"43071099999","2023-08-29T03:00:00","4","18.2","75.2","521.0","JEUR, IN","FM-12","99999","V020","020,1,N,0309,1","22000,1,9,N","004000,1,9,9","+9999,9","+0216,1","10084,1",,,,,,"03,2,+00800,1,03,1","99,9,+99999,9,00,1","9,AGL   ,+99999,+99999","01,99,2,03,2,99,9,00800,1,99,9,99,9","240,N,+0205,1","9,9,999,9,+000,1",,,"SYN06243071 32596 10260 20216 40084 83071 333 20205 58000 555 10172=",
"43071099999","2023-08-29T12:00:00","4","18.2","75.2","521.0","JEUR, IN","FM-12","99999","V020","999,9,9,9999,9","99999,9,9,N","004000,1,9,9","+0340,1","+0211,1","10030,1",,,,,,"03,1,+99999,9,03,1","99,9,+99999,9,00,1","9,AGL   ,+99999,+99999","99,99,9,03,1,99,9,99999,9,99,9,99,9","240,M,+0345,1","9,9,999,9,-027,1",,,"SYN05843071 32596 ///// 10340 20211 40030 83071 333 10345 59027=",
"43071099999","2023-08-30T03:00:00","4","18.2","75.2","521.0","JEUR, IN","FM-12","99999","V020","020,1,N,0309,1","22000,1,9,N","004000,1,9,9","+9999,9","+0216,1","10094,1","00,0000,9,1",,,,,"03,2,+00800,1,03,1","99,9,+99999,9,00,1","9,AGL   ,+99999,+99999","01,99,2,03,2,99,9,00800,1,99,9,99,9","240,N,+0215,1","9,9,999,9,+010,1",,,"SYN06843071 32596 10260 20216 40094 83071 333 20215 58010 60000 555 10177=",
"43071099999","2023-08-30T12:00:00","4","18.2","75.2","521.0","JEUR, IN","FM-12","99999","V020","020,1,N,0309,1","22000,1,9,N","004000,1,9,9","+9999,9","+0221,1","10060,1","09,0100,3,1",,,,,"03,2,+00800,1,03,1","99,9,+99999,9,00,1","9,AGL   ,+99999,+99999","01,99,2,03,2,99,9,00800,1,99,9,99,9","240,M,+0345,1","9,9,999,9,+030,1",,,"SYN05843071 22596 10260 20221 40060 83071 333 10345 58030 6010/=",
"43071099999","2023-08-31T03:00:00","4","18.2","75.2","521.0","JEUR, IN","FM-12","99999","V020","020,1,N,0309,1","22000,1,9,N","004000,1,9,9","+9999,9","+0216,1","10094,1",,,,,,"03,2,+00800,1,03,1","99,9,+99999,9,00,1","9,AGL   ,+99999,+99999","01,99,2,03,2,99,9,00800,1,99,9,99,9","240,N,+0225,1","9,9,999,9,+000,1",,,"SYN06243071 32596 10260 20216 40094 83071 333 20225 58000 555 10187=",
"43071099999","2023-08-31T12:00:00","4","18.2","75.2","521.0","JEUR, IN","FM-12","99999","V020","030,1,N,0103,1","22000,1,9,N","004000,1,9,9","+9999,9","+0204,1","10044,1",,,,,,"03,2,+00800,1,03,1","99,9,+99999,9,00,1","9,AGL   ,+99999,+99999","01,99,2,03,2,99,9,00800,1,99,9,99,9","240,M,+0345,1","9,9,999,9,-016,1",,,"SYN06243071 32596 10320 20204 40044 83071 333 10345 59016 555 10189=",
"43071099999","2023-09-01T03:00:00","4","18.2","75.2","521.0","JEUR, IN","FM-12","99999","V020","020,1,N,0412,2","22000,1,9,N","004000,1,9,9","+9999,9","+0223,1","10099,1","00,0000,9,1",,,,,"03,2,+00800,1,03,1","99,9,+99999,9,00,1","9,AGL   ,+99999,+99999","01,99,2,03,2,99,9,00800,1,99,9,99,9","240,N,+0235,1","9,9,999,9,+005,1",,,"SYN06843071 32596 10280 20223 40099 83071 333 20235 58005 60000 555 10187=",
"43071099999","2023-09-01T12:00:00","4","18.2","75.2","521.0","JEUR, IN","FM-12","99999","V020","030,1,N,0206,1","22000,1,9,N","004000,1,9,9","+9999,9","+0228,1","10029,1",,,,,,"03,2,+00800,1,03,1","99,9,+99999,9,00,1","9,AGL   ,+99999,+99999","01,99,2,03,2,99,9,00800,1,99,9,99,9","240,M,+0355,1","9,9,999,9,-015,1",,,"SYN05243071 32596 10340 20228 40029 83071 333 10355 59015=",
"43071099999","2023-09-02T03:00:00","4","18.2","75.2","521.0","JEUR, IN","FM-12","99999","V020","999,9,9,9999,9","99999,9,9,N","004000,1,9,9","+0270,1","+0227,1","10088,1",,,,,,"03,1,+99999,9,03,1","99,9,+99999,9,00,1","9,AGL   ,+99999,+99999","99,99,9,03,1,99,9,99999,9,99,9,99,9","240,N,+0245,1","9,9,999,9,+011,1",,,"SYN06843071 32596 ///// 10270 20227 40088 83071 333 20245 58011 555 10187=",
"43071099999","2023-09-02T12:00:00","4","18.2","75.2","521.0","JEUR, IN","FM-12","99999","V020","020,1,N,0360,1","22000,1,9,N","004000,1,9,9","+9999,9","+0242,1","10045,1","09,0060,3,1",,,,,"03,2,+00800,1,03,1","99,9,+99999,9,00,1","9,AGL   ,+99999,+99999","01,99,2,03,2,99,9,00800,1,99,9,99,9","240,M,+0355,1","9,9,999,9,+016,1",,,"SYN05843071 22596 10270 20242 40045 83071 333 10355 58016 6006/=",
"43071099999","2023-09-04T03:00:00","4","18.2","75.2","521.0","JEUR, IN","FM-12","99999","V020","020,1,N,0309,1","22000,1,9,N","004000,1,9,9","+9999,9","+0215,1","10069,1","24,0270,3,1",,,,,"03,2,+00800,1,03,1","99,9,+99999,9,00,1","9,AGL   ,+99999,+99999","01,99,2,03,2,99,9,00800,1,99,9,99,9","240,N,+0215,1","9,9,999,9,-015,1",,,"SYN07443071 22596 10260 20215 40069 83071 333 20215 59015 6027/ 555 00266 10219=",
"43071099999","2023-09-05T03:00:00","4","18.2","75.2","521.0","JEUR, IN","FM-12","99999","V020","999,9,9,9999,9","99999,9,9,N","004000,1,9,9","+0250,1","+0221,1","10065,1",,,,,,"03,1,+99999,9,03,1","99,9,+99999,9,00,1","9,AGL   ,+99999,+99999","99,99,9,03,1,99,9,99999,9,99,9,99,9","240,N,+0210,1","9,9,999,9,-004,1",,,"SYN06843071 32596 ///// 10250 20221 40065 83071 333 20210 59004 555 10223=",
"43071099999","2023-09-05T12:00:00","4","18.2","75.2","521.0","JEUR, IN","FM-12","99999","V020","030,1,N,0051,1","22000,1,9,N","004000,1,9,9","+9999,9","+0225,1","10075,1",,,,,,"03,2,+00800,1,03,1","99,9,+99999,9,00,1","9,AGL   ,+99999,+99999","01,99,2,03,2,99,9,00800,1,99,9,99,9","240,M,+0325,1","9,9,999,9,-057,1",,,"SYN05243071 32596 10310 20225 40075 83071 333 10325 59057=",
"43071099999","2023-09-06T03:00:00","4","18.2","75.2","521.0","JEUR, IN","FM-12","99999","V020","020,1,N,0257,1","22000,1,9,N","004000,1,9,9","+9999,9","+0206,1","10054,1","00,0000,9,1",,,,,"03,2,+00800,1,03,1","99,9,+99999,9,00,1","9,AGL   ,+99999,+99999","01,99,2,03,2,99,9,00800,1,99,9,99,9","240,N,+0215,1","9,9,999,9,-011,1",,,"SYN06843071 32596 10250 20206 40054 83071 333 20215 59011 60000 555 10223=",
"43071099999","2023-09-06T12:00:00","4","18.2","75.2","521.0","JEUR, IN","FM-12","99999","V020","030,1,N,0154,1","22000,1,9,N","004000,1,9,9","+9999,9","+0216,1","09991,1",,,,,,"03,2,+00800,1,03,1","99,9,+99999,9,00,1","9,AGL   ,+99999,+99999","01,99,2,03,2,99,9,00800,1,99,9,99,9","240,M,+0345,1","9,9,999,9,-014,1",,,"SYN05243071 32596 10330 20216 49991 83071 333 10345 59014=",
"43071099999","2023-09-07T03:00:00","4","18.2","75.2","521.0","JEUR, IN","FM-12","99999","V020","020,1,N,0257,1","22000,1,9,N","004000,1,9,9","+9999,9","+0206,1","10052,1","00,0000,9,1",,,,,"03,2,+00800,1,03,1","99,9,+99999,9,00,1","9,AGL   ,+99999,+99999","01,99,2,03,2,99,9,00800,1,99,9,99,9","240,N,+0230,1","9,9,999,9,-002,1",,,"SYN06843071 32596 10250 20206 40052 83071 333 20230 59002 60000 555 10223=",
"43071099999","2023-09-07T12:00:00","4","18.2","75.2","521.0","JEUR, IN","FM-12","99999","V020","020,1,N,0360,1","22000,1,9,N","004000,1,9,9","+9999,9","+0212,1","10026,1",,,,,,"03,2,+00800,1,03,1","99,9,+99999,9,00,1","9,AGL   ,+99999,+99999","01,99,2,03,2,99,9,00800,1,99,9,99,9","240,M,+0295,1","9,9,999,9,+035,1",,,"SYN05243071 32596 10270 20212 40026 83071 333 10295 58035=",
"43071099999","2023-09-08T03:00:00","4","18.2","75.2","521.0","JEUR, IN","FM-12","99999","V020","020,1,N,0206,1","22000,1,9,N","004000,1,9,9","+9999,9","+0226,1","99999,9","24,0040,3,1",,,,,"03,2,+00800,1,03,1","99,9,+99999,9,00,1","9,AGL   ,+99999,+99999","01,99,2,03,2,99,9,00800,1,99,9,99,9","240,N,+0225,1","9,9,999,9,+003,1",,,"SYN07443071 22596 10240 20226 43071 83071 333 20225 58003 6004/ 555 00044 10227=",
"43071099999","2023-09-08T12:00:00","4","18.2","75.2","521.0","JEUR, IN","FM-12","99999","V020","020,1,N,0309,1","22000,1,9,N","004000,1,9,9","+9999,9","+0212,1","10028,1","00,0000,9,1",,,,,"03,2,+00800,1,03,1","99,9,+99999,9,00,1","9,AGL   ,+99999,+99999","01,99,2,03,2,99,9,00800,1,99,9,99,9","240,M,+0285,1","9,9,999,9,+002,1",,,"SYN06843071 32596 10260 20212 40028 83071 333 10285 58002 60000 555 10223=",
"43071099999","2023-09-09T03:00:00","4","18.2","75.2","521.0","JEUR, IN","FM-12","99999","V020","020,1,N,0257,1","22000,1,9,N","004000,1,9,9","+9999,9","+0221,1","10055,1",,,,,,"03,2,+00800,1,03,1","99,9,+99999,9,00,1","9,AGL   ,+99999,+99999","01,99,2,03,2,99,9,00800,1,99,9,99,9","240,N,+0230,1","9,9,999,9,+000,1",,,"SYN06243071 32596 10250 20221 40055 83071 333 20230 58000 555 10227=",
"43071099999","2023-09-09T12:00:00","4","18.2","75.2","521.0","JEUR, IN","FM-12","99999","V020","020,1,N,0412,2","22000,1,9,N","004000,1,9,9","+9999,9","+0207,1","10025,1",,,,,,"03,2,+00800,1,03,1","99,9,+99999,9,00,1","9,AGL   ,+99999,+99999","01,99,2,03,2,99,9,00800,1,99,9,99,9","240,M,+0305,1","9,9,999,9,+003,1",,,"SYN05243071 32596 10280 20207 40025 83071 333 10305 58003=",
"43071099999","2023-09-11T03:00:00","4","18.2","75.2","521.0","JEUR, IN","FM-12","99999","V020","020,1,N,0309,1","22000,1,9,N","004000,1,9,9","+9999,9","+0216,1","10063,1","00,0000,9,1",,,,,"03,2,+00800,1,03,1","99,9,+99999,9,00,1","9,AGL   ,+99999,+99999","01,99,2,03,2,99,9,00800,1,99,9,99,9","240,N,+0215,1","9,9,999,9,+008,1",,,"SYN06943071 32596 10260 20216 40063 83071 333 20215 58008 60000 555 102274=",
"43071099999","2023-09-11T12:00:00","4","18.2","75.2","521.0","JEUR, IN","FM-12","99999","V020","030,1,N,0154,1","22000,1,9,N","004000,1,9,9","+9999,9","+0216,1","10040,1",,,,,,"03,2,+00800,1,03,1","99,9,+99999,9,00,1","9,AGL   ,+99999,+99999","01,99,2,03,2,99,9,00800,1,99,9,99,9","240,M,+0355,1","9,9,999,9,+015,1",,,"SYN05243071 32596 10330 20216 40040 83071 333 10355 58015=",
"43071099999","2023-09-12T03:00:00","4","18.2","75.2","521.0","JEUR, IN","FM-12","99999","V020","020,1,N,0360,1","22000,1,9,N","004000,1,9,9","+9999,9","+0212,1","10071,1",,,,,,"03,2,+00800,1,03,1","99,9,+99999,9,00,1","9,AGL   ,+99999,+99999","01,99,2,03,2,99,9,00800,1,99,9,99,9","240,N,+0215,1","9,9,999,9,+008,1",,,"SYN06243071 32596 10270 20212 40071 83071 333 20215 58008 555 10227=",
"43071099999","2023-09-12T12:00:00","4","18.2","75.2","521.0","JEUR, IN","FM-12","99999","V020","030,1,N,0154,1","22000,1,9,N","004000,1,9,9","+9999,9","+0199,1","10021,1",,,,,,"03,2,+00800,1,03,1","99,9,+99999,9,00,1","9,AGL   ,+99999,+99999","01,99,2,03,2,99,9,00800,1,99,9,99,9","240,M,+0345,1","9,9,999,9,-019,1",,,"SYN06243071 32596 10330 20199 40021 83071 333 10345 59019 555 10227=",
"43071099999","2023-09-13T03:00:00","4","18.2","75.2","521.0","JEUR, IN","FM-12","99999","V020","020,1,N,0309,1","22000,1,9,N","004000,1,9,9","+9999,9","+0201,1","10073,1",,,,,,"03,2,+00800,1,03,1","99,9,+99999,9,00,1","9,AGL   ,+99999,+99999","01,99,2,03,2,99,9,00800,1,99,9,99,9","240,N,+0215,1","9,9,999,9,+002,1",,,"SYN06243071 32596 10260 20201 40073 83071 333 20215 58002 555 10227=",
"43071099999","2023-09-13T12:00:00","4","18.2","75.2","521.0","JEUR, IN","FM-12","99999","V020","030,1,N,0051,1","22000,1,9,N","004000,1,9,9","+9999,9","+0225,1","10013,1",,,,,,"03,2,+00800,1,03,1","99,9,+99999,9,00,1","9,AGL   ,+99999,+99999","01,99,2,03,2,99,9,00800,1,99,9,99,9","240,M,+0345,1","9,9,999,9,-008,1",,,"SYN05243071 32596 10310 20225 40013 83071 333 10345 59008=",
"43071099999","2023-09-14T03:00:00","4","18.2","75.2","521.0","JEUR, IN","FM-12","99999","V020","020,1,N,0309,1","22000,1,9,N","004000,1,9,9","+9999,9","+0211,1","10077,1",,,,,,"03,2,+00800,1,03,1","99,9,+99999,9,00,1","9,AGL   ,+99999,+99999","01,99,2,03,2,99,9,00800,1,99,9,99,9","240,N,+0205,1","9,9,999,9,+004,1",,,"SYN06243071 32596 10260 20211 40077 83071 333 20205 58004 555 10227=",
"43071099999","2023-09-14T12:00:00","4","18.2","75.2","521.0","JEUR, IN","FM-12","99999","V020","030,1,N,0154,1","22000,1,9,9","004000,1,9,9","+9999,9","+0216,1","10011,1","99,9999,9,9",,,"0,1,99,9","0,1,99,9","03,2,+00600,1,03,1","99,9,+99999,9,00,1","9,AGL   ,+99999,+99999","01,99,2,03,2,99,9,00600,1,99,9,99,9",,"9,9,999,9,+002,1",,,"SYN004BUFR",
"43071099999","2023-09-15T03:00:00","4","18.2","75.2","521.0","JEUR, IN","FM-12","99999","V020","020,1,N,0309,1","22000,1,9,N","004000,1,9,9","+9999,9","+0201,1","10073,1","24,0050,3,1",,,,,"03,2,+00800,1,03,1","99,9,+99999,9,00,1","9,AGL   ,+99999,+99999","01,99,2,03,2,99,9,00800,1,99,9,99,9","240,N,+0205,1","9,9,999,9,+004,1",,,"SYN07443071 22596 10260 20201 40073 83071 333 20205 58004 6005/ 555 00046 10232=",
"43071099999","2023-09-15T12:00:00","4","18.2","75.2","521.0","JEUR, IN","FM-12","99999","V020","999,9,9,9999,9","99999,9,9,N","004000,1,9,9","+0320,1","+0204,1","10010,1",,,,,,"03,1,+00800,1,03,1","99,9,+99999,9,00,1","9,AGL   ,+99999,+99999","05,99,1,03,1,99,9,00800,1,99,9,99,9","240,M,+0335,1","9,9,999,9,-001,1",,,"SYN05843071 32596 5//// 10320 20204 40010 83071 333 10335 59001=",
"43071099999","2023-09-16T03:00:00","4","18.2","75.2","521.0","JEUR, IN","FM-12","99999","V020","020,1,N,0309,1","22000,1,9,N","004000,1,9,9","+9999,9","+0201,1","10063,1",,,,,,"03,2,+00800,1,03,1","99,9,+99999,9,00,1","9,AGL   ,+99999,+99999","01,99,2,03,2,99,9,00800,1,99,9,99,9","240,N,+0225,1",,,,"SYN06243071 32596 10260 20201 40063 83071 333 20225 50010 555 10232=",
"43071099999","2023-09-16T12:00:00","4","18.2","75.2","521.0","JEUR, IN","FM-12","99999","V020","999,9,C,0000,1","22000,1,9,N","004000,1,9,9","+9999,9","+0197,1","10027,1",,,,,,"03,2,+00800,1,03,1","99,9,+99999,9,00,1","9,AGL   ,+99999,+99999","01,99,2,03,2,99,9,00800,1,99,9,99,9","240,M,+0335,1","9,9,999,9,+017,1",,,"SYN06243071 32596 10300 20197 40027 83071 333 10335 58017 555 10232=",
"43071099999","2023-09-18T03:00:00","4","18.2","75.2","521.0","JEUR, IN","FM-12","99999","V020","020,1,N,0257,1","22000,1,9,N","004000,1,9,9","+9999,9","+0206,1","10051,1","00,0000,9,1",,,,,"03,2,+00800,1,03,1","99,9,+99999,9,00,1","9,AGL   ,+99999,+99999","01,99,2,03,2,99,9,00800,1,99,9,99,9","240,N,+0215,1","9,9,999,9,-012,1",,,"SYN06843071 32596 10250 20206 40051 83071 333 20215 59012 60000 555 10232=",
"43071099999","2023-09-18T12:00:00","4","18.2","75.2","521.0","JEUR, IN","FM-12","99999","V020","030,1,N,0051,1","22000,1,9,N","004000,1,9,9","+9999,9","+0225,1","10025,1",,,,,,"03,2,+00800,1,03,1","99,9,+99999,9,00,1","9,AGL   ,+99999,+99999","01,99,2,03,2,99,9,00800,1,99,9,99,9","240,M,+0360,1","9,9,999,9,-002,1",,,"SYN05243071 32596 10310 20225 40025 83071 333 10360 59002=",
"43071099999","2023-09-20T03:00:00","4","18.2","75.2","521.0","JEUR, IN","FM-12","99999","V020","020,1,N,0412,2","22000,1,9,N","004000,1,9,9","+9999,9","+0223,1","10080,1","00,0000,9,1",,,,,"03,2,+00800,1,03,1","99,9,+99999,9,00,1","9,AGL   ,+99999,+99999","01,99,2,03,2,99,9,00800,1,99,9,99,9","240,N,+0220,1","9,9,999,9,+029,1",,,"SYN06843071 32596 10280 20223 40080 83071 333 20220 58029 60000 555 10232=",
"43071099999","2023-09-20T12:00:00","4","18.2","75.2","521.0","JEUR, IN","FM-12","99999","V020","030,1,N,0154,1","22000,1,9,N","004000,1,9,9","+9999,9","+0247,1","10023,1",,,,,,"03,2,+00800,1,03,1","99,9,+99999,9,00,1","9,AGL   ,+99999,+99999","01,99,2,03,2,99,9,00800,1,99,9,99,9","240,M,+0335,1","9,9,999,9,-002,1",,,"SYN05243071 32596 10330 20247 40023 83071 333 10335 59002=",
"43071099999","2023-09-21T03:00:00","4","18.2","75.2","521.0","JEUR, IN","FM-12","99999","V020","020,1,N,0309,1","22000,1,9,N","004000,1,9,9","+9999,9","+0216,1","10084,1","00,0000,9,1",,,,,"03,2,+00800,1,03,1","99,9,+99999,9,00,1","9,AGL   ,+99999,+99999","01,99,2,03,2,99,9,00800,1,99,9,99,9","240,N,+0220,1","9,9,999,9,+004,1",,,"SYN07443071 22596 10260 20216 40084 83071 333 20220 58004 60000 555 00010 10233=",
"43071099999","2023-09-21T12:00:00","4","18.2","75.2","521.0","JEUR, IN","FM-12","99999","V020","030,1,N,0154,1","22000,1,9,N","004000,1,9,9","+9999,9","+0247,1","10020,1",,,,,,"03,2,+00800,1,03,1","99,9,+99999,9,00,1","9,AGL   ,+99999,+99999","01,99,2,03,2,99,9,00800,1,99,9,99,9","240,M,+0355,1","9,9,999,9,-003,1",,,"SYN05243071 32596 10330 20247 40020 83071 333 10355 59003=",
"43071099999","2023-09-22T03:00:00","4","18.2","75.2","521.0","JEUR, IN","FM-12","99999","V020","020,1,N,0257,1","22000,1,9,N","004000,1,9,9","+9999,9","+0236,1","10084,1","24,0120,3,1",,,,,"03,2,+00800,1,03,1","99,9,+99999,9,00,1","9,AGL   ,+99999,+99999","01,99,2,03,2,99,9,00800,1,99,9,99,9","240,N,+0230,1","9,9,999,9,+000,1",,,"SYN07443071 22596 10250 20236 40084 83071 333 20230 58000 6012/ 555 00124 10245=",
"43071099999","2023-09-22T12:00:00","4","18.2","75.2","521.0","JEUR, IN","FM-12","99999","V020","020,1,N,0412,2","22000,1,9,N","004000,1,9,9","+9999,9","+0238,1","10055,1",,,,,,"03,2,+00800,1,03,1","99,9,+99999,9,00,1","9,AGL   ,+99999,+99999","01,99,2,03,2,99,9,00800,1,99,9,99,9","240,M,+0305,1","9,9,999,9,+035,1",,,"SYN06243071 32596 10280 20238 40055 83071 333 10305 58035 555 10246=",
"43071099999","2023-09-23T03:00:00","4","18.2","75.2","521.0","JEUR, IN","FM-12","99999","V020","020,1,N,0206,1","22000,1,9,N","004000,1,9,9","+9999,9","+0226,1","10098,1",,,,,,"03,2,+00800,1,03,1","99,9,+99999,9,00,1","9,AGL   ,+99999,+99999","01,99,2,03,2,99,9,00800,1,99,9,99,9","240,N,+0225,1","9,9,999,9,+014,1",,,"SYN06243071 32596 10240 20226 40098 83071 333 20225 58014 555 10245=",
"43071099999","2023-09-23T12:00:00","4","18.2","75.2","521.0","JEUR, IN","FM-12","99999","V020","020,1,N,0412,2","22000,1,9,N","004000,1,9,9","+9999,9","+0226,1","10055,1",,,,,,"03,2,+00800,1,03,1","99,9,+99999,9,00,1","9,AGL   ,+99999,+99999","01,99,2,03,2,99,9,00800,1,99,9,99,9","240,N,+0305,1","9,9,999,9,+000,1",,,"SYN05243071 32596 10280 20226 40055 83071 333 20305 58000=",
"43071099999","2023-09-25T03:00:00","4","18.2","75.2","521.0","JEUR, IN","FM-12","99999","V020","020,1,N,0206,1","22000,1,9,N","004000,1,9,9","+9999,9","+0226,1","10089,1","24,0050,3,1",,,,,"03,2,+00800,1,03,1","99,9,+99999,9,00,1","9,AGL   ,+99999,+99999","01,99,2,03,2,99,9,00800,1,99,9,99,9","240,N,+0215,1","9,9,999,9,+009,1",,,"SYN07443071 22596 10240 20226 40089 83071 333 20215 58009 6005/ 555 00050 10251=",
"43071099999","2023-09-25T12:00:00","4","18.2","75.2","521.0","JEUR, IN","FM-12","99999","V020","030,1,N,0051,1","22000,1,9,N","004000,1,9,9","+9999,9","+0240,1","10028,1",,,,,,"03,2,+00800,1,03,1","99,9,+99999,9,00,1","9,AGL   ,+99999,+99999","01,99,2,03,2,99,9,00800,1,99,9,99,9","240,M,+0315,1","9,9,999,9,+027,1",,,"SYN05243071 32596 10310 20240 40028 83071 333 10315 58027=",
"43071099999","2023-09-26T03:00:00","4","18.2","75.2","521.0","JEUR, IN","FM-12","99999","V020","999,9,9,9999,9","99999,9,9,N","004000,1,9,9","+0250,1","+0221,1","10075,1","24,0120,3,1",,,,,"03,1,+99999,9,03,1","99,9,+99999,9,00,1","9,AGL   ,+99999,+99999","99,99,9,03,1,99,9,99999,9,99,9,99,9","240,N,+0225,1","9,9,999,9,+014,1",,,"SYN08043071 22596 ///// 10250 20221 40075 83071 333 20225 58014 6012/ 555 00124 10263=",
"43071099999","2023-09-26T12:00:00","4","18.2","75.2","521.0","JEUR, IN","FM-12","99999","V020","020,1,N,0309,1","22000,1,9,N","004000,1,9,9","+9999,9","+0216,1","10039,1","09,0080,3,1",,,,,"03,2,+00800,1,03,1","99,9,+99999,9,00,1","9,AGL   ,+99999,+99999","01,99,2,03,2,99,9,00800,1,99,9,99,9","240,N,+0285,1","9,9,999,9,+011,1",,,"SYN05843071 22596 10260 20216 40039 83071 333 20285 58011 6008/=",
"43071099999","2023-09-27T03:00:00","4","18.2","75.2","521.0","JEUR, IN","FM-12","99999","V020","020,1,N,0309,1","22000,1,9,N","004000,1,9,9","+9999,9","+0215,1","10079,1","24,0080,3,1",,,,,"03,2,+00800,1,03,1","99,9,+99999,9,00,1","9,AGL   ,+99999,+99999","01,99,2,03,2,99,9,00800,1,99,9,99,9","240,N,+0215,1","9,9,999,9,+004,1",,,"SYN07443071 22596 10260 20215 40079 83071 333 20215 58004 6008/ 555 00082 10280=",
"43071099999","2023-09-27T12:00:00","4","18.2","75.2","521.0","JEUR, IN","FM-12","99999","V020","020,1,N,0463,2","22000,1,9,N","004000,1,9,9","+9999,9","+0234,1","10031,1",,,,,,"03,2,+00800,1,03,1","99,9,+99999,9,00,1","9,AGL   ,+99999,+99999","01,99,2,03,2,99,9,00800,1,99,9,99,9","240,M,+0305,1","9,9,999,9,-008,1",,,"SYN06243071 32596 10290 20234 40031 83071 333 10305 59008 555 10279=",
"43071099999","2023-09-28T03:00:00","4","18.2","75.2","521.0","JEUR, IN","FM-12","99999","V020","020,1,N,0257,1","22000,1,9,N","004000,1,9,9","+9999,9","+0221,1","10075,1","00,0000,9,1",,,,,"03,2,+00800,1,03,1","99,9,+99999,9,00,1","9,AGL   ,+99999,+99999","01,99,2,03,2,99,9,00800,1,99,9,99,9","240,N,+0225,1","9,9,999,9,-004,1",,,"SYN06843071 32596 10250 20221 40075 83071 333 20225 59004 60000 555 10280=",
"43071099999","2023-09-30T03:00:00","4","18.2","75.2","521.0","JEUR, IN","FM-12","99999","V020","020,1,N,0257,1","22000,1,9,N","004000,1,9,9","+9999,9","+0221,1","10075,1","02,0080,3,1",,,,,"03,2,+00800,1,03,1","99,9,+99999,9,00,1","9,AGL   ,+99999,+99999","01,99,2,03,2,99,9,00800,1,99,9,99,9","240,N,+0215,1","9,9,999,9,+000,1",,,"SYN06843071 22596 10250 20221 40075 83071 333 20215 58000 60086 555 10327=",
"43071099999","2023-09-30T12:00:00","4","18.2","75.2","521.0","JEUR, IN","FM-12","99999","V020","020,1,N,0463,2","22000,1,9,N","004000,1,9,9","+9999,9","+0234,1","10020,1",,,,,,"03,2,+00800,1,03,1","99,9,+99999,9,00,1","9,AGL   ,+99999,+99999","01,99,2,03,2,99,9,00800,1,99,9,99,9","240,M,+0295,1","9,9,999,9,+017,1",,,"SYN05243071 32596 10290 20234 40020 83071 333 10295 58017=",
"43071099999","2023-10-03T03:00:00","4","18.2","75.2","521.0","JEUR, IN","FM-12","99999","V020","999,9,9,9999,9","22000,1,9,N","004000,1,9,9","+0250,1","+0221,1","10097,1","24,0400,3,1",,,,,"03,1,+00800,1,03,1","99,9,+99999,9,00,1","9,AGL   ,+99999,+99999","04,99,1,03,1,99,9,00800,1,99,9,99,9","240,N,+0220,1","9,9,999,9,+022,1",,,"SYN08043071 22596 4//// 10250 20221 40097 83071 333 20220 58022 6040/ 555 00402 10067=",
"43071099999","2023-10-03T12:00:00","4","18.2","75.2","521.0","JEUR, IN","FM-12","99999","V020","030,1,N,0051,1","22000,1,9,N","004000,1,9,9","+9999,9","+0255,1","10048,1",,,,,,"03,2,+00800,1,03,1","99,9,+99999,9,00,1","9,AGL   ,+99999,+99999","01,99,2,03,2,99,9,00800,1,99,9,99,9","240,M,+0315,1","9,9,999,9,+028,1",,,"SYN05243071 32596 10310 20255 40048 83071 333 10315 58028=",
"43071099999","2023-10-04T12:00:00","4","18.2","75.2","521.0","JEUR, IN","FM-12","99999","V020","030,1,N,0051,1","22000,1,9,N","004000,1,9,9","+9999,9","+0209,1","10058,1",,,,,,"03,2,+00800,1,03,1","99,9,+99999,9,00,1","9,AGL   ,+99999,+99999","01,99,2,03,2,99,9,00800,1,99,9,99,9","240,M,+0335,1","9,9,999,9,+010,1",,,"SYN05243071 32596 10310 20209 40058 83071 333 10335 58010=",
"43071099999","2023-10-05T03:00:00","4","18.2","75.2","521.0","JEUR, IN","FM-12","99999","V020","020,1,N,0206,1","22000,1,9,N","004000,1,9,9","+9999,9","+0226,1","10009,1","00,0000,9,1",,,,,"03,2,+00800,1,03,1","99,9,+99999,9,00,1","9,AGL   ,+99999,+99999","01,99,2,03,2,99,9,00800,1,99,9,99,9","240,N,+0205,1","9,9,999,9,-002,1",,,"SYN06843071 32596 10240 20226 40009 83071 333 20205 59002 60000 555 10368=",
"43071099999","2023-10-05T12:00:00","4","18.2","75.2","521.0","JEUR, IN","FM-12","99999","V020","030,1,N,0051,1","22000,1,9,N","004000,1,9,9","+9999,9","+0240,1","10056,1",,,,,,"03,2,+00800,1,03,1","99,9,+99999,9,00,1","9,AGL   ,+99999,+99999","01,99,2,03,2,99,9,00800,1,99,9,99,9","240,M,+0335,1","9,9,999,9,+002,1",,,"SYN05243071 32596 10310 20240 40056 83071 333 10335 58002=",
"43071099999","2023-10-06T03:00:00","4","18.2","75.2","521.0","JEUR, IN","FM-12","99999","V020","999,9,9,9999,9","99999,9,9,N","004000,1,9,9","+0290,1","+0185,1","10088,1",,,,,,"03,1,+99999,9,03,1","99,9,+99999,9,00,1","9,AGL   ,+99999,+99999","99,99,9,03,1,99,9,99999,9,99,9,99,9","240,N,+0200,1",,,,"SYN06843071 32596 ///// 10290 20185 40088 83071 333 20200 50021 555 10368=",
"43071099999","2023-10-06T12:00:00","4","18.2","75.2","521.0","JEUR, IN","FM-12","99999","V020","999,9,9,9999,9","99999,9,9,N","004000,1,9,9","+0320,1","+0251,1","10054,1",,,,,,"03,1,+99999,9,03,1","99,9,+99999,9,00,1","9,AGL   ,+99999,+99999","99,99,9,03,1,99,9,99999,9,99,9,99,9","240,M,+0345,1","9,9,999,9,+002,1",,,"SYN06843071 32596 ///// 10320 20251 40054 83071 333 10345 58002 555 10368=",
"43071099999","2023-10-07T03:00:00","4","18.2","75.2","521.0","JEUR, IN","FM-12","99999","V020","999,9,C,0000,1","99999,9,9,N","004000,1,9,9","+0260,1","+0216,1","10105,1","00,0000,9,1",,,,,"03,1,+99999,9,03,1","99,9,+99999,9,00,1","9,AGL   ,+99999,+99999","99,99,9,03,1,99,9,99999,9,99,9,99,9","240,N,+0210,1","9,9,999,9,+017,1",,,"SYN07443071 32596 00000 10260 20216 40105 83071 333 20210 58017 60000 555 10000=",
"43071099999","2023-10-07T12:00:00","4","18.2","75.2","521.0","JEUR, IN","FM-12","99999","V020","030,1,N,0103,1","22000,1,9,N","004000,1,9,9","+9999,9","+0251,1","10052,1",,,,,,"03,2,+00800,1,03,1","99,9,+99999,9,00,1","9,AGL   ,+99999,+99999","01,99,2,03,2,99,9,00800,1,99,9,99,9","240,M,+0345,1","9,9,999,9,-002,1",,,"SYN05243071 32596 10320 20251 40052 83071 333 10345 59002=",
"43071099999","2023-10-09T03:00:00","4","18.2","75.2","521.0","JEUR, IN","FM-12","99999","V020","999,9,C,0000,1","99999,9,9,N","004000,1,9,9","+0260,1","+0206,1","10126,1","00,0000,9,1",,,,,"03,1,+99999,9,03,1","99,9,+99999,9,00,1","9,AGL   ,+99999,+99999","99,99,9,03,1,99,9,99999,9,99,9,99,9","240,N,+0200,1","9,9,999,9,+023,1",,,"SYN07543071 32596 00000 10260 20206 40126 83071 333 20200 58023 60000 555 103676=",
"43071099999","2023-10-09T12:00:00","4","18.2","75.2","521.0","JEUR, IN","FM-12","99999","V020","030,1,N,0154,1","22000,1,9,N","004000,1,9,9","+9999,9","+0247,1","10083,1",,,,,,"03,2,+00800,1,03,1","99,9,+99999,9,00,1","9,AGL   ,+99999,+99999","01,99,2,03,2,99,9,00800,1,99,9,99,9","240,M,+0355,1","9,9,999,9,+031,1",,,"SYN05243071 32596 10330 20247 40083 83071 333 10355 58031=",
"43071099999","2023-10-10T03:00:00","4","18.2","75.2","521.0","JEUR, IN","FM-12","99999","V020","999,9,C,0000,1","99999,9,9,N","004000,1,9,9","+0270,1","+0212,1","10132,1",,,,,,"03,1,+99999,9,03,1","99,9,+99999,9,00,1","9,AGL   ,+99999,+99999","99,99,9,03,1,99,9,99999,9,99,9,99,9","240,N,+0210,1","9,9,999,9,+004,1",,,"SYN06843071 32596 00000 10270 20212 40132 83071 333 20210 58004 555 00000=",
"43071099999","2023-10-10T12:00:00","4","18.2","75.2","521.0","JEUR, IN","FM-12","99999","V020","030,1,N,0103,1","22000,1,9,N","004000,1,9,9","+9999,9","+0251,1","10056,1",,,,,,"03,2,+00800,1,03,1","99,9,+99999,9,00,1","9,AGL   ,+99999,+99999","01,99,2,03,2,99,9,00800,1,99,9,99,9","240,M,+0345,1","9,9,999,9,-027,1",,,"SYN05243071 32596 10320 20251 40056 83071 333 10345 59027=",
"43071099999","2023-10-11T03:00:00","4","18.2","75.2","521.0","JEUR, IN","FM-12","99999","V020","020,1,N,0360,1","22000,1,9,N","004000,1,9,9","+9999,9","+0212,1","10122,1",,,,,,"03,2,+00800,1,03,1","99,9,+99999,9,00,1","9,AGL   ,+99999,+99999","01,99,2,03,2,99,9,00800,1,99,9,99,9","240,N,+0220,1","9,9,999,9,+019,1",,,"SYN06243071 32596 10270 20212 40122 83071 333 20220 58019 555 00000=",
"43071099999","2023-10-11T12:00:00","4","18.2","75.2","521.0","JEUR, IN","FM-12","99999","V020","030,1,N,0154,1","22000,1,9,N","004000,1,9,9","+9999,9","+0277,1","99999,9",,,,,,"03,2,+00800,1,03,1","99,9,+99999,9,00,1","9,AGL   ,+99999,+99999","01,99,2,03,2,99,9,00800,1,99,9,99,9","240,M,+0345,1","9,9,073,1,+017,1",,,"SYN05243071 32596 10330 20277 50073 83071 333 10345 58017=",
"43071099999","2023-10-12T03:00:00","4","18.2","75.2","521.0","JEUR, IN","FM-12","99999","V020","020,1,N,0257,1","22000,1,9,N","004000,1,9,9","+9999,9","+0206,1","10126,1",,,,,,"03,2,+00800,1,03,1","99,9,+99999,9,00,1","9,AGL   ,+99999,+99999","01,99,2,03,2,99,9,00800,1,99,9,99,9","240,N,+0210,1","9,9,999,9,+004,1",,,"SYN06243071 32596 10250 20206 40126 83071 333 20210 58004 555 10000=",
"43071099999","2023-10-12T12:00:00","4","18.2","75.2","521.0","JEUR, IN","FM-12","99999","V020","030,1,N,0154,1","22000,1,9,N","004000,1,9,9","+9999,9","+0277,1","10084,1",,,,,,"03,2,+00800,1,03,1","99,9,+99999,9,00,1","9,AGL   ,+99999,+99999","01,99,2,03,2,99,9,00800,1,99,9,99,9","240,M,+0355,1","9,9,999,9,+011,1",,,"SYN05243071 32596 10330 20277 40084 83071 333 10355 58011=",
"43071099999","2023-10-13T03:00:00","4","18.2","75.2","521.0","JEUR, IN","FM-12","99999","V020","020,1,N,0360,1","22000,1,9,N","004000,1,9,9","+9999,9","+0179,1","10132,1",,,,,,"03,2,+00800,1,03,1","99,9,+99999,9,00,1","9,AGL   ,+99999,+99999","01,99,2,03,2,99,9,00800,1,99,9,99,9","240,N,+0200,1","9,9,999,9,+006,1",,,"SYN06243071 32596 10270 20179 40132 83071 333 20200 58006 555 00000=",
"43071099999","2023-10-13T12:00:00","4","18.2","75.2","521.0","JEUR, IN","FM-12","99999","V020","030,1,N,0154,1","22000,1,9,N","004000,1,9,9","+9999,9","+0262,1","10083,1",,,,,,"03,2,+00800,1,03,1","99,9,+99999,9,00,1","9,AGL   ,+99999,+99999","01,99,2,03,2,99,9,00800,1,99,9,99,9","240,M,+0355,1","9,9,999,9,-001,1",,,"SYN05243071 32596 10330 20262 40083 83071 333 10355 59001=",
"43071099999","2023-10-16T03:00:00","4","18.2","75.2","521.0","JEUR, IN","FM-12","99999","V020","020,1,N,0257,1","22000,1,9,N","004000,1,9,9","+9999,9","+0195,1","10118,1",,,,,,"03,2,+00800,1,03,1","99,9,+99999,9,00,1","9,AGL   ,+99999,+99999","01,99,2,03,2,99,9,00800,1,99,9,99,9","240,N,+0195,1","9,9,999,9,-027,1",,,"SYN05243071 32596 10250 20195 40118 83071 333 20195 59027=",
"43071099999","2023-10-16T12:00:00","4","18.2","75.2","521.0","JEUR, IN","FM-12","99999","V020","030,1,N,0051,1","22000,1,9,N","004000,1,9,9","+9999,9","+0192,1","10067,1",,,,,,"03,2,+00800,1,03,1","99,9,+99999,9,00,1","9,AGL   ,+99999,+99999","01,99,2,03,2,99,9,00800,1,99,9,99,9","240,M,+0355,1","9,9,999,9,+039,1",,,"SYN05243071 32596 10310 20192 40067 83071 333 10355 58039=",
"43071099999","2023-10-17T03:00:00","4","18.2","75.2","521.0","JEUR, IN","FM-12","99999","V020","020,1,N,0360,1","22000,1,9,N","004000,1,9,9","+9999,9","+0179,1","10132,1",,,,,,"03,2,+00800,1,03,1","99,9,+99999,9,00,1","9,AGL   ,+99999,+99999","01,99,2,03,2,99,9,00800,1,99,9,99,9","240,N,+0215,1","9,9,999,9,+014,1",,,"SYN05243071 32596 10270 20179 40132 83071 333 20215 58014=",
"43071099999","2023-10-17T12:00:00","4","18.2","75.2","521.0","JEUR, IN","FM-12","99999","V020","030,1,N,0154,1","22000,1,9,N","004000,1,9,9","+9999,9","+0181,1","10096,1",,,,,,"03,2,+00800,1,03,1","99,9,+99999,9,00,1","9,AGL   ,+99999,+99999","01,99,2,03,2,99,9,00800,1,99,9,99,9","240,M,+0345,1","9,9,999,9,+029,1",,,"SYN05243071 32596 10330 20181 40096 83071 333 10345 58029=",
"43071099999","2023-10-18T03:00:00","4","18.2","75.2","521.0","JEUR, IN","FM-12","99999","V020","999,9,9,9999,9","99999,9,9,N","004000,1,9,9","+0250,1","+0190,1","10136,1",,,,,,"03,1,+99999,9,03,1","99,9,+99999,9,00,1","9,AGL   ,+99999,+99999","99,99,9,03,1,99,9,99999,9,99,9,99,9","240,N,+0210,1","9,9,999,9,+004,1",,,"SYN05843071 32596 ///// 10250 20190 40136 83071 333 20210 58004=",
"43071099999","2023-10-18T12:00:00","4","18.2","75.2","521.0","JEUR, IN","FM-12","99999","V020","030,1,N,0103,1","22000,1,9,N","004000,1,9,9","+9999,9","+0251,1","10086,1",,,,,,"03,2,+00800,1,03,1","99,9,+99999,9,00,1","9,AGL   ,+99999,+99999","01,99,2,03,2,99,9,00800,1,99,9,99,9","240,M,+0345,1","9,9,999,9,-010,1",,,"SYN05243071 32596 10320 20251 40086 83071 333 10345 59010=",
"43071099999","2023-10-19T03:00:00","4","18.2","75.2","521.0","JEUR, IN","FM-12","99999","V020","020,1,N,0257,1","22000,1,9,N","004000,1,9,9","+9999,9","+0190,1","10136,1",,,,,,"03,2,+00800,1,03,1","99,9,+99999,9,00,1","9,AGL   ,+99999,+99999","01,99,2,03,2,99,9,00800,1,99,9,99,9","240,N,+0200,1","9,9,999,9,+000,1",,,"SYN05243071 32596 10250 20190 40136 83071 333 20200 58000=",
"43071099999","2023-10-19T12:00:00","4","18.2","75.2","521.0","JEUR, IN","FM-12","99999","V020","030,1,N,0103,1","22000,1,9,N","004000,1,9,9","+9999,9","+0020,1","99999,9",,,,,,"99,9,+00800,1,99,9",,"9,AGL   ,+99999,+99999","01,99,1,99,9,99,9,00800,1,99,9,99,9",,,,,"SYN05343071 32596 10320 2020/4 40086 83071 333 10355 58000=",
"43071099999","2023-10-20T03:00:00","4","18.2","75.2","521.0","JEUR, IN","FM-12","99999","V020","020,1,N,0257,1","22000,1,9,N","004000,1,9,9","+9999,9","+0221,1","10136,1",,,,,,"03,2,+00800,1,03,1","99,9,+99999,9,00,1","9,AGL   ,+99999,+99999","01,99,2,03,2,99,9,00800,1,99,9,99,9","240,N,+0220,1","9,9,999,9,+000,1",,,"SYN05243071 32596 10250 20221 40136 83071 333 20220 58000=",
"43071099999","2023-10-20T12:00:00","4","18.2","75.2","521.0","JEUR, IN","FM-12","99999","V020","030,1,N,0103,1","22000,1,9,N","004000,1,9,9","+9999,9","+0204,1","10086,1",,,,,,"03,2,+00800,1,03,1","99,9,+99999,9,00,1","9,AGL   ,+99999,+99999","01,99,2,03,2,99,9,00800,1,99,9,99,9","240,M,+0345,1","9,9,999,9,+000,1",,,"SYN05243071 32596 10320 20204 40086 83071 333 10345 58000=",
"43071099999","2023-10-21T03:00:00","4","18.2","75.2","521.0","JEUR, IN","FM-12","99999","V020","999,9,C,0000,1","99999,9,9,N","004000,1,9,9","+0250,1","+0190,1","10145,1",,,,,,"03,1,+99999,9,03,1","99,9,+99999,9,00,1","9,AGL   ,+99999,+99999","99,99,9,03,1,99,9,99999,9,99,9,99,9","240,N,+0210,1",,,,"SYN05843071 32596 00000 10250 20190 40145 83071 333 20210 50009=",
"43071099999","2023-10-21T12:00:00","4","18.2","75.2","521.0","JEUR, IN","FM-12","99999","V020","030,1,N,0103,1","22000,1,9,N","004000,1,9,9","+9999,9","+0204,1","10105,1",,,,,,"03,2,+00800,1,03,1","99,9,+99999,9,00,1","9,AGL   ,+99999,+99999","01,99,2,03,2,99,9,00800,1,99,9,99,9","240,M,+0345,1","9,9,999,9,+019,1",,,"SYN05243071 32596 10320 20204 40105 83071 333 10345 58019=",
"43071099999","2023-10-23T03:00:00","4","18.2","75.2","521.0","JEUR, IN","FM-12","99999","V020","020,1,N,0257,1","22000,1,9,N","004000,1,9,9","+9999,9","+0161,1","10137,1",,,,,,"03,2,+00800,1,03,1","99,9,+99999,9,00,1","9,AGL   ,+99999,+99999","01,99,2,03,2,99,9,00800,1,99,9,99,9","240,N,+0170,1","9,9,999,9,-008,1",,,"SYN05243071 32596 10250 20161 40137 83071 333 20170 59008=",
"43071099999","2023-10-23T12:00:00","4","18.2","75.2","521.0","JEUR, IN","FM-12","99999","V020","030,1,N,0051,1","22000,1,9,N","004000,1,9,9","+9999,9","+0161,1","10088,1",,,,,,"03,2,+00800,1,03,1","99,9,+99999,9,00,1","9,AGL   ,+99999,+99999","01,99,2,03,2,99,9,00800,1,99,9,99,9","240,M,+0345,1","9,9,999,9,-017,1",,,"SYN05243071 32596 10310 20161 40088 83071 333 10345 59017=",
"43071099999","2023-10-25T03:00:00","4","18.2","75.2","521.0","JEUR, IN","FM-12","99999","V020","020,1,N,0257,1","22000,1,9,N","004000,1,9,9","+9999,9","+0161,1","10148,1",,,,,,"03,2,+00800,1,03,1","99,9,+99999,9,00,1","9,AGL   ,+99999,+99999","01,99,2,03,2,99,9,00800,1,99,9,99,9","240,N,+0180,1","9,9,999,9,+011,1",,,"SYN05243071 32596 10250 20161 40148 83071 333 20180 58011=",
"43071099999","2023-10-25T12:00:00","4","18.2","75.2","521.0","JEUR, IN","FM-12","99999","V020","999,9,C,0000,1","22000,1,9,N","004000,1,9,9","+9999,9","+0179,1","10102,1",,,,,,"03,2,+00800,1,03,1","99,9,+99999,9,00,1","9,AGL   ,+99999,+99999","01,99,2,03,2,99,9,00800,1,99,9,99,9","240,M,+0345,1","9,9,999,9,+019,1",,,"SYN05243071 32596 10300 20179 40102 83071 333 10345 58019=",
"43071099999","2023-10-26T03:00:00","4","18.2","75.2","521.0","JEUR, IN","FM-12","99999","V020","999,9,9,9999,9","22000,1,9,N","004000,1,9,9","+0220,1","+0138,1","10154,1",,,,,,"03,1,+00800,1,03,1","99,9,+99999,9,00,1","9,AGL   ,+99999,+99999","04,99,1,03,1,99,9,00800,1,99,9,99,9","240,N,+0160,1","9,9,999,9,+006,1",,,"SYN05843071 32596 4//// 10220 20138 40154 83071 333 20160 58006=",
"43071099999","2023-10-26T12:00:00","4","18.2","75.2","521.0","JEUR, IN","FM-12","99999","V020","030,1,N,0051,1","22000,1,9,N","004000,1,9,9","+9999,9","+0154,1","10100,1",,,,,,"03,2,+00800,1,03,1","99,9,+99999,9,00,1","9,AGL   ,+99999,+99999","01,99,2,03,2,99,9,00800,1,99,9,99,9","240,M,+0325,1","9,9,999,9,-002,1",,,"SYN05243071 32596 10310 20154 40100 83071 333 10325 59002=",
"43071099999","2023-10-27T03:00:00","4","18.2","75.2","521.0","JEUR, IN","FM-12","99999","V020","999,9,9,9999,9","22000,1,9,N","004000,1,9,9","+0220,1","+0118,1","10147,1",,,,,,"03,1,+00800,1,03,1","99,9,+99999,9,00,1","9,AGL   ,+99999,+99999","04,99,1,03,1,99,9,00800,1,99,9,99,9","240,N,+0155,1","9,9,999,9,-007,1",,,"SYN05843071 32596 4//// 10220 20118 40147 83071 333 20155 59007=",
"43071099999","2023-10-27T12:00:00","4","18.2","75.2","521.0","JEUR, IN","FM-12","99999","V020","030,1,N,0051,1","22000,1,9,N","004000,1,9,9","+9999,9","+0111,1","10079,1",,,,,,"03,2,+00800,1,03,1","99,9,+99999,9,00,1","9,AGL   ,+99999,+99999","01,99,2,03,2,99,9,00800,1,99,9,99,9","240,M,+0335,1","9,9,999,9,-024,1",,,"SYN05243071 32596 10310 20111 40079 83071 333 10335 59024=",
"43071099999","2023-10-28T03:00:00","4","18.2","75.2","521.0","JEUR, IN","FM-12","99999","V020","020,1,N,0103,1","22000,1,9,N","004000,1,9,9","+9999,9","+0118,1","10147,1",,,,,,"03,2,+00800,1,03,1","99,9,+99999,9,00,1","9,AGL   ,+99999,+99999","01,99,2,03,2,99,9,00800,1,99,9,99,9","240,N,+0150,1","9,9,999,9,+000,1",,,"SYN05243071 32596 10220 20118 40147 83071 333 20150 58000=",
"43071099999","2023-10-28T12:00:00","4","18.2","75.2","521.0","JEUR, IN","FM-12","99999","V020","030,1,N,0103,1","22000,1,9,N","004000,1,9,9","+9999,9","+0148,1","10088,1",,,,,,"03,2,+00800,1,03,1","99,9,+99999,9,00,1","9,AGL   ,+99999,+99999","01,99,2,03,2,99,9,00800,1,99,9,99,9","240,M,+0345,1","9,9,999,9,+064,1",,,"SYN05243071 32596 10320 20148 40088 83071 333 10345 58064=",
"43071099999","2023-10-30T03:00:00","4","18.2","75.2","521.0","JEUR, IN","FM-12","99999","V020","020,1,N,0103,1","22000,1,9,N","004000,1,9,9","+9999,9","+0138,1","10147,1",,,,,,"03,2,+00800,1,03,1","99,9,+99999,9,00,1","9,AGL   ,+99999,+99999","01,99,2,03,2,99,9,00800,1,99,9,99,9","240,N,+0155,1","9,9,999,9,+000,1",,,"SYN05243071 32596 10220 20138 40147 83071 333 20155 58000=",
"43071099999","2023-10-30T12:00:00","4","18.2","75.2","521.0","JEUR, IN","FM-12","99999","V020","030,1,N,0051,1","22000,1,9,N","004000,1,9,9","+9999,9","+0154,1","10048,1",,,,,,"03,2,+00800,1,03,1","99,9,+99999,9,00,1","9,AGL   ,+99999,+99999","01,99,2,03,2,99,9,00800,1,99,9,99,9","240,M,+0335,1","9,9,999,9,-040,1",,,"SYN05243071 32596 10310 20154 40048 83071 333 10335 59040=",
"43071099999","2023-10-31T03:00:00","4","18.2","75.2","521.0","JEUR, IN","FM-12","99999","V020","020,1,N,0154,1","22000,1,9,N","004000,1,9,9","+9999,9","+0130,1","10145,1",,,,,,"03,2,+00800,1,03,1","99,9,+99999,9,00,1","9,AGL   ,+99999,+99999","01,99,2,03,2,99,9,00800,1,99,9,99,9","240,N,+0160,1","9,9,999,9,-002,1",,,"SYN05243071 32596 10230 20130 40145 83071 333 20160 59002=",
"43071099999","2023-10-31T12:00:00","4","18.2","75.2","521.0","JEUR, IN","FM-12","99999","V020","030,1,N,0051,1","22000,1,9,N","004000,1,9,9","+9999,9","+0154,1","10048,1",,,,,,"03,2,+00800,1,03,1","99,9,+99999,9,00,1","9,AGL   ,+99999,+99999","01,99,2,03,2,99,9,00800,1,99,9,99,9","240,M,+0335,1","9,9,999,9,+000,1",,,"SYN05243071 32596 10310 20154 40048 83071 333 10335 58000=",
"43071099999","2023-11-01T03:00:00","4","18.2","75.2","521.0","JEUR, IN","FM-12","99999","V020","020,1,N,0154,1","22000,1,9,N","004000,1,9,9","+9999,9","+0130,1","10145,1",,,,,,"03,2,+00800,1,03,1","99,9,+99999,9,00,1","9,AGL   ,+99999,+99999","01,99,2,03,2,99,9,00800,1,99,9,99,9","240,N,+0155,1","9,9,999,9,+000,1",,,"SYN05243071 32596 10230 20130 40145 83071 333 20155 58000=",
"43071099999","2023-11-01T12:00:00","4","18.2","75.2","521.0","JEUR, IN","FM-12","99999","V020","030,1,N,0051,1","22000,1,9,N","004000,1,9,9","+9999,9","+0174,1","10090,1",,,,,,"03,2,+00800,1,03,1","99,9,+99999,9,00,1","9,AGL   ,+99999,+99999","01,99,2,03,2,99,9,00800,1,99,9,99,9","240,M,+0335,1","9,9,999,9,+042,1",,,"SYN05243071 32596 10310 20174 40090 83071 333 10335 58042=",
"43071099999","2023-11-02T03:00:00","4","18.2","75.2","521.0","JEUR, IN","FM-12","99999","V020","999,9,C,0000,1","22000,1,9,N","004000,1,9,9","+0240,1","+0143,1","10143,1",,,,,,"03,1,+00800,1,03,1","99,9,+99999,9,00,1","9,AGL   ,+99999,+99999","03,99,1,03,1,99,9,00800,1,99,9,99,9","240,N,+0160,1","9,9,999,9,-002,1",,,"SYN05843071 32596 30000 10240 20143 40143 83071 333 20160 59002=",
"43071099999","2023-11-02T12:00:00","4","18.2","75.2","521.0","JEUR, IN","FM-12","99999","V020","999,9,C,0000,1","22000,1,9,N","004000,1,9,9","+9999,9","+0179,1","10092,1",,,,,,"03,2,+00800,1,03,1","99,9,+99999,9,00,1","9,AGL   ,+99999,+99999","01,99,2,03,2,99,9,00800,1,99,9,99,9","240,M,+0335,1","9,9,999,9,+002,1",,,"SYN05243071 32596 10300 20179 40092 83071 333 10335 58002=",
"43071099999","2023-11-03T03:00:00","4","18.2","75.2","521.0","JEUR, IN","FM-12","99999","V020","020,1,N,0154,1","22000,1,9,N","004000,1,9,9","+9999,9","+0149,1","10135,1",,,,,,"03,2,+00800,1,03,1","99,9,+99999,9,00,1","9,AGL   ,+99999,+99999","01,99,2,03,2,99,9,00800,1,99,9,99,9","240,N,+0165,1","9,9,999,9,+008,1",,,"SYN05243071 32596 10230 20149 40135 83071 333 20165 58008=",
"43071099999","2023-11-03T12:00:00","4","18.2","75.2","521.0","JEUR, IN","FM-12","99999","V020","999,9,9,9999,9","22000,1,9,N","004000,1,9,9","+0310,1","+0174,1","10066,1",,,,,,"03,1,+00800,1,03,1","99,9,+99999,9,00,1","9,AGL   ,+99999,+99999","04,99,1,03,1,99,9,00800,1,99,9,99,9","240,M,+0330,1","9,9,999,9,-026,1",,,"SYN05843071 32596 4//// 10310 20174 40066 83071 333 10330 59026=",
"43071099999","2023-11-04T03:00:00","4","18.2","75.2","521.0","JEUR, IN","FM-12","99999","V020","999,9,C,0000,1","99999,9,9,N","004000,1,9,9","+0250,1","+0155,1","10118,1",,,,,,"03,1,+99999,9,03,1","99,9,+99999,9,00,1","9,AGL   ,+99999,+99999","99,99,9,03,1,99,9,99999,9,99,9,99,9","240,N,+0185,1","9,9,999,9,-017,1",,,"SYN06843071 32596 00000 10250 20155 40118 83071 333 20185 59017 555 00000=",
"43071099999","2023-11-04T12:00:00","4","18.2","75.2","521.0","JEUR, IN","FM-12","99999","V020","030,1,N,0051,1","22000,1,9,N","004000,1,9,9","+9999,9","+0192,1","10069,1",,,,,,"03,2,+00800,1,03,1","99,9,+99999,9,00,1","9,AGL   ,+99999,+99999","01,99,2,03,2,99,9,00800,1,99,9,99,9","240,M,+0335,1","9,9,999,9,+003,1",,,"SYN05243071 32596 10310 20192 40069 83071 333 10335 58003=",
"43071099999","2023-11-06T03:00:00","4","18.2","75.2","521.0","JEUR, IN","FM-12","99999","V020","020,1,N,0154,1","22000,1,9,N","004000,1,9,9","+9999,9","+0149,1","10135,1",,,,,,"03,2,+00800,1,03,1","99,9,+99999,9,00,1","9,AGL   ,+99999,+99999","01,99,2,03,2,99,9,00800,1,99,9,99,9","240,N,+0170,1","9,9,999,9,+017,1",,,"SYN05243071 32596 10230 20149 40135 83071 333 20170 58017=",
"43071099999","2023-11-06T12:00:00","4","18.2","75.2","521.0","JEUR, IN","FM-12","99999","V020","999,9,C,0000,1","22000,1,9,N","004000,1,9,9","+9999,9","+0161,1","10093,1",,,,,,"03,2,+00800,1,03,1","99,9,+99999,9,00,1","9,AGL   ,+99999,+99999","01,99,2,03,2,99,9,00800,1,99,9,99,9","240,M,+0315,1","9,9,999,9,+024,1",,,"SYN05243071 32596 10300 20161 40093 83071 333 10315 58024=",
"43071099999","2023-11-07T03:00:00","4","18.2","75.2","521.0","JEUR, IN","FM-12","99999","V020","020,1,N,0206,1","22000,1,9,N","004000,1,9,9","+9999,9","+0195,1","10139,1",,,,,,"03,2,+00800,1,03,1","99,9,+99999,9,00,1","9,AGL   ,+99999,+99999","01,99,2,03,2,99,9,00800,1,99,9,99,9","240,N,+0205,1","9,9,999,9,+004,1",,,"SYN06243071 32596 10240 20195 40139 83071 333 20205 58004 555 10076=",
"43071099999","2023-11-07T12:00:00","4","18.2","75.2","521.0","JEUR, IN","FM-12","99999","V020","999,9,C,0000,1","22000,1,9,N","004000,1,9,9","+9999,9","+0197,1","10093,1",,,,,,"03,2,+00800,1,03,1","99,9,+99999,9,00,1","9,AGL   ,+99999,+99999","01,99,2,03,2,99,9,00800,1,99,9,99,9","240,M,+0325,1","9,9,999,9,+000,1",,,"SYN05243071 32596 10300 20197 40093 83071 333 10325 58000=",
"43071099999","2023-11-08T03:00:00","4","18.2","75.2","521.0","JEUR, IN","FM-12","99999","V020","020,1,N,0257,1","22000,1,9,N","004000,1,9,9","+9999,9","+0206,1","10138,1",,,,,,"03,2,+00800,1,03,1","99,9,+99999,9,00,1","9,AGL   ,+99999,+99999","01,99,2,03,2,99,9,00800,1,99,9,99,9","240,N,+0235,1","9,9,999,9,-001,1",,,"SYN06243071 32596 10250 20206 40138 83071 333 20235 59001 555 1////=",
"43071099999","2023-11-08T12:00:00","4","18.2","75.2","521.0","JEUR, IN","FM-12","99999","V020","999,9,9,9999,9","99999,9,9,N","004000,1,9,9","+0260,1","+0216,1","10101,1",,,,,,"03,1,+99999,9,03,1","99,9,+99999,9,00,1","9,AGL   ,+99999,+99999","99,99,9,03,1,99,9,99999,9,99,9,99,9","240,M,+0295,1","9,9,999,9,+008,1",,,"SYN05843071 32596 ///// 10260 20216 40101 83071 333 10295 58008=",
"43071099999","2023-11-09T03:00:00","4","18.2","75.2","521.0","JEUR, IN","FM-12","99999","V020","020,1,N,0206,1","22000,1,9,N","004000,1,9,9","+9999,9","+0211,1","10141,1",,,,,,"03,2,+00800,1,03,1","99,9,+99999,9,00,1","9,AGL   ,+99999,+99999","01,99,2,03,2,99,9,00800,1,99,9,99,9","240,N,+0220,1","9,9,999,9,+003,1",,,"SYN05243071 32596 10240 20211 40141 83071 333 20220 58003=",
"43071099999","2023-11-09T12:00:00","4","18.2","75.2","521.0","JEUR, IN","FM-12","99999","V020","020,1,N,0412,2","22000,1,9,N","004000,1,9,9","+9999,9","+0207,1","10099,1",,,,,,"03,2,+00800,1,03,1","99,9,+99999,9,00,1","9,AGL   ,+99999,+99999","01,99,2,03,2,99,9,00800,1,99,9,99,9","240,M,+0315,1","9,9,999,9,-002,1",,,"SYN05243071 32596 10280 20207 40099 83071 333 10315 59002=",
"43071099999","2023-11-10T03:00:00","4","18.2","75.2","521.0","JEUR, IN","FM-12","99999","V020","020,1,N,0257,1","22000,1,9,N","004000,1,9,9","+9999,9","+0206,1","10147,1",,,,,,"03,2,+00800,1,03,1","99,9,+99999,9,00,1","9,AGL   ,+99999,+99999","01,99,2,03,2,99,9,00800,1,99,9,99,9","240,N,+0225,1","9,9,999,9,+006,1",,,"SYN05243071 32596 10250 20206 40147 83071 333 20225 58006=",
"43071099999","2023-11-10T12:00:00","4","18.2","75.2","521.0","JEUR, IN","FM-12","99999","V020","020,1,N,0463,2","22000,1,9,N","004000,1,9,9","+9999,9","+0202,1","10116,1",,,,,,"03,2,+00800,1,03,1","99,9,+99999,9,00,1","9,AGL   ,+99999,+99999","01,99,2,03,2,99,9,00800,1,99,9,99,9","240,M,+0315,1","9,9,999,9,+017,1",,,"SYN05243071 32596 10290 20202 40116 83071 333 10315 58017=",
"43071099999","2023-11-11T03:00:00","4","18.2","75.2","521.0","JEUR, IN","FM-12","99999","V020","020,1,N,0309,1","22000,1,9,N","004000,1,9,9","+9999,9","+0165,1","10156,1",,,,,,"03,2,+00800,1,03,1","99,9,+99999,9,00,1","9,AGL   ,+99999,+99999","01,99,2,03,2,99,9,00800,1,99,9,99,9","240,N,+0215,1","9,9,999,9,+009,1",,,"SYN06243071 32596 10260 20165 40156 83071 333 20215 58009 555 00000=",
"43071099999","2023-11-11T12:00:00","4","18.2","75.2","521.0","JEUR, IN","FM-12","99999","V020","030,1,N,0103,1","22000,1,9,N","004000,1,9,9","+9999,9","+0168,1","10098,1",,,,,,"03,2,+00800,1,03,1","99,9,+99999,9,00,1","9,AGL   ,+99999,+99999","01,99,2,03,2,99,9,00800,1,99,9,99,9","240,M,+0345,1","9,9,999,9,-018,1",,,"SYN05243071 32596 10320 20168 40098 83071 333 10345 59018=",
"43071099999","2023-11-13T03:00:00","4","18.2","75.2","521.0","JEUR, IN","FM-12","99999","V020","020,1,N,0154,1","22000,1,9,N","004000,1,9,9","+9999,9","+0149,1","99999,9",,,,,,"03,2,+00800,1,03,1","99,9,+99999,9,00,1","9,AGL   ,+99999,+99999","01,99,2,03,2,99,9,00800,1,99,9,99,9","240,N,+0180,1",,"1,0044,9",,"SYN05243071 32596 10230 20149 41044 83071 333 20180 50012=",
"43071099999","2023-11-13T12:00:00","4","18.2","75.2","521.0","JEUR, IN","FM-12","99999","V020","999,9,C,0000,1","22000,1,9,N","004000,1,9,9","+9999,9","+0179,1","10115,1",,,,,,"03,2,+00800,1,03,1","99,9,+99999,9,00,1","9,AGL   ,+99999,+99999","01,99,2,03,2,99,9,00800,1,99,9,99,9","240,M,+0335,1","9,9,999,9,+017,1",,,"SYN05243071 32596 10300 20179 40115 83071 333 10335 58017=",
"43071099999","2023-11-14T03:00:00","4","18.2","75.2","521.0","JEUR, IN","FM-12","99999","V020","020,1,N,0103,1","22000,1,9,N","004000,1,9,9","+9999,9","+0138,1","10147,1",,,,,,"03,2,+00800,1,03,1","99,9,+99999,9,00,1","9,AGL   ,+99999,+99999","01,99,2,03,2,99,9,00800,1,99,9,99,9","240,N,+0180,1","9,9,999,9,+003,1",,,"SYN05243071 32596 10220 20138 40147 83071 333 20180 58003=",
"43071099999","2023-11-14T12:00:00","4","18.2","75.2","521.0","JEUR, IN","FM-12","99999","V020","999,9,C,0000,1","22000,1,9,N","004000,1,9,9","+9999,9","+0179,1","10103,1",,,,,,"03,2,+00800,1,03,1","99,9,+99999,9,00,1","9,AGL   ,+99999,+99999","01,99,2,03,2,99,9,00800,1,99,9,99,9","240,M,+0325,1","9,9,999,9,-012,1",,,"SYN05243071 32596 10300 20179 40103 83071 333 10325 59012=",
"43071099999","2023-11-15T03:00:00","4","18.2","75.2","521.0","JEUR, IN","FM-12","99999","V020","999,9,C,0000,1","22000,1,9,N","004000,1,9,9","+9999,9","+0113,1","10153,1",,,,,,"03,2,+00800,1,03,1","99,9,+99999,9,00,1","9,AGL   ,+99999,+99999","01,99,2,03,2,99,9,00800,1,99,9,99,9","240,N,+0155,1","9,9,999,9,+006,1",,,"SYN05243071 32596 10200 20113 40153 83071 333 20155 58006=",
"43071099999","2023-11-15T12:00:00","4","18.2","75.2","521.0","JEUR, IN","FM-12","99999","V020","999,9,C,0000,1","22000,1,9,N","004000,1,9,9","+9999,9","+0119,1","10093,1",,,,,,"03,2,+00800,1,03,1","99,9,+99999,9,00,1","9,AGL   ,+99999,+99999","01,99,2,03,2,99,9,00800,1,99,9,99,9","240,M,+0325,1","9,9,999,9,-010,1",,,"SYN05243071 32596 10300 20119 40093 83071 333 10325 59010=",
"43071099999","2023-11-16T03:00:00","4","18.2","75.2","521.0","JEUR, IN","FM-12","99999","V020","020,1,N,0051,1","22000,1,9,N","004000,1,9,9","+9999,9","+0144,1","10151,1",,,,,,"03,2,+00800,1,03,1","99,9,+99999,9,00,1","9,AGL   ,+99999,+99999","01,99,2,03,2,99,9,00800,1,99,9,99,9","240,N,+0150,1","9,9,999,9,-002,1",,,"SYN05243071 32596 10210 20144 40151 83071 333 20150 59002=",
"43071099999","2023-11-16T12:00:00","4","18.2","75.2","521.0","JEUR, IN","FM-12","99999","V020","020,1,N,0463,2","22000,1,9,N","004000,1,9,9","+9999,9","+0127,1","10105,1",,,,,,"03,2,+00800,1,03,1","99,9,+99999,9,00,1","9,AGL   ,+99999,+99999","01,99,2,03,2,99,9,00800,1,99,9,99,9","240,M,+0325,1","9,9,999,9,+012,1",,,"SYN05243071 32596 10290 20127 40105 83071 333 10325 58012=",
"43071099999","2023-11-17T03:00:00","4","18.2","75.2","521.0","JEUR, IN","FM-12","99999","V020","999,9,C,0000,1","22000,1,9,N","004000,1,9,9","+9999,9","+0133,1","10153,1",,,,,,"03,2,+00800,1,03,1","99,9,+99999,9,00,1","9,AGL   ,+99999,+99999","01,99,2,03,2,99,9,00800,1,99,9,99,9","240,N,+0155,1","9,9,999,9,-002,1",,,"SYN05243071 32596 10200 20133 40153 83071 333 20155 59002=",
"43071099999","2023-11-17T12:00:00","4","18.2","75.2","521.0","JEUR, IN","FM-12","99999","V020","999,9,C,0000,1","22000,1,9,N","004000,1,9,9","+9999,9","+0161,1","10093,1",,,,,,"03,2,+00800,1,03,1","99,9,+99999,9,00,1","9,AGL   ,+99999,+99999","01,99,2,03,2,99,9,00800,1,99,9,99,9","240,M,+0335,1",,,,"SYN05243071 32596 10300 20161 40093 83071 333 10335 50012=",
"43071099999","2023-11-18T03:00:00","4","18.2","75.2","521.0","JEUR, IN","FM-12","99999","V020","999,9,C,0000,1","99999,9,9,N","004000,1,9,9","+0200,1","+0151,1","10143,1",,,,,,"03,1,+99999,9,03,1","99,9,+99999,9,00,1","9,AGL   ,+99999,+99999","99,99,9,03,1,99,9,99999,9,99,9,99,9","240,N,+0160,1","9,9,999,9,+010,1",,,"SYN06843071 32596 00000 10200 20151 40143 83071 333 20160 58010 555 00000=",
"43071099999","2023-11-18T12:00:00","4","18.2","75.2","521.0","JEUR, IN","FM-12","99999","V020","999,9,C,0000,1","22000,1,9,N","004000,1,9,9","+9999,9","+0151,1","10143,1",,,,,,"03,2,+00800,1,03,1","99,9,+99999,9,00,1","9,AGL   ,+99999,+99999","01,99,2,03,2,99,9,00800,1,99,9,99,9","240,M,+0345,1","9,9,999,9,-002,1",,,"SYN05243071 32596 10200 20151 40143 83071 333 10345 59002=",
"43071099999","2023-11-20T12:00:00","4","18.2","75.2","521.0","JEUR, IN","FM-12","99999","V020","999,9,C,0000,1","22000,1,9,N","004000,1,9,9","+9999,9","+0161,1","10093,1",,,,,,"03,2,+00800,1,03,1","99,9,+99999,9,00,1","9,AGL   ,+99999,+99999","01,99,2,03,2,99,9,00800,1,99,9,99,9","240,M,+0325,1","9,9,999,9,+002,1",,,"SYN05243071 32596 10300 20161 40093 83071 333 10325 58002=",
"43071099999","2023-11-21T03:00:00","4","18.2","75.2","521.0","JEUR, IN","FM-12","99999","V020","020,1,N,0051,1","22000,1,9,N","004000,1,9,9","+9999,9","+0144,1","10142,1",,,,,,"03,2,+00800,1,03,1","99,9,+99999,9,00,1","9,AGL   ,+99999,+99999","01,99,2,03,2,99,9,00800,1,99,9,99,9","240,N,+0170,1","9,9,999,9,-001,1",,,"SYN05243071 32596 10210 20144 40142 83071 333 20170 59001=",
"43071099999","2023-11-21T12:00:00","4","18.2","75.2","521.0","JEUR, IN","FM-12","99999","V020","999,9,C,0000,1","22000,1,9,N","004000,1,9,9","+9999,9","+0161,1","99999,9",,,,,,"03,2,+00800,1,03,1","99,9,+99999,9,00,1","9,AGL   ,+99999,+99999","01,99,2,03,2,99,9,00800,1,99,9,99,9","240,M,+0325,1","9,9,999,9,+000,1",,,"SYN05243071 32596 10300 20161 43093 83071 333 10325 58000=",
"43071099999","2023-11-22T03:00:00","4","18.2","75.2","521.0","JEUR, IN","FM-12","99999","V020","020,1,N,0103,1","22000,1,9,N","004000,1,9,9","+9999,9","+0138,1","10147,1",,,,,,"03,2,+00800,1,03,1","99,9,+99999,9,00,1","9,AGL   ,+99999,+99999","01,99,2,03,2,99,9,00800,1,99,9,99,9","240,N,+0160,1","9,9,999,9,+002,1",,,"SYN05243071 32596 10220 20138 40147 83071 333 20160 58002=",
"43071099999","2023-11-22T12:00:00","4","18.2","75.2","521.0","JEUR, IN","FM-12","99999","V020","030,1,N,0051,1","22000,1,9,N","004000,1,9,9","+9999,9","+0174,1","10080,1",,,,,,"03,2,+00800,1,03,1","99,9,+99999,9,00,1","9,AGL   ,+99999,+99999","01,99,2,03,2,99,9,00800,1,99,9,99,9","240,M,+0335,1","9,9,999,9,-013,1",,,"SYN05243071 32596 10310 20174 40080 83071 333 10335 59013=",
"43071099999","2023-11-23T03:00:00","4","18.2","75.2","521.0","JEUR, IN","FM-12","99999","V020","020,1,N,0154,1","22000,1,9,N","004000,1,9,9","+9999,9","+0149,1","10114,1",,,,,,"03,2,+00800,1,03,1","99,9,+99999,9,00,1","9,AGL   ,+99999,+99999","01,99,2,03,2,99,9,00800,1,99,9,99,9","240,N,+0180,1","9,9,999,9,-003,1",,,"SYN05243071 32596 10230 20149 40114 83071 333 20180 59003=",
"43071099999","2023-11-23T12:00:00","4","18.2","75.2","521.0","JEUR, IN","FM-12","99999","V020","030,1,N,0103,1","22000,1,9,N","004000,1,9,9","+9999,9","+0186,1","10056,1",,,,,,"03,2,+00800,1,03,1","99,9,+99999,9,00,1","9,AGL   ,+99999,+99999","01,99,2,03,2,99,9,00800,1,99,9,99,9","240,M,+0345,1","9,9,999,9,-024,1",,,"SYN05243071 32596 10320 20186 40056 83071 333 10345 59024=",
"43071099999","2023-11-24T03:00:00","4","18.2","75.2","521.0","JEUR, IN","FM-12","99999","V020","999,9,C,0000,1","99999,9,9,N","004000,1,9,9","+0220,1","+0190,1","10124,1",,,,,,"03,1,+99999,9,03,1","99,9,+99999,9,00,1","9,AGL   ,+99999,+99999","99,99,9,03,1,99,9,99999,9,99,9,99,9","240,N,+0190,1","9,9,999,9,+010,1",,,"SYN06843071 32596 00000 10220 20190 40124 83071 333 20190 58010 555 00000=",
"43071099999","2023-11-24T12:00:00","4","18.2","75.2","521.0","JEUR, IN","FM-12","99999","V020","999,9,C,0000,1","22000,1,9,N","004000,1,9,9","+9999,9","+0213,1","10082,1",,,,,,"03,2,+00800,1,03,1","99,9,+99999,9,00,1","9,AGL   ,+99999,+99999","01,99,2,03,2,99,9,00800,1,99,9,99,9","240,M,+0325,1","9,9,999,9,+026,1",,,"SYN05243071 32596 10300 20213 40082 83071 333 10325 58026=",
"43071099999","2023-11-25T03:00:00","4","18.2","75.2","521.0","JEUR, IN","FM-12","99999","V020","999,9,C,0000,1","99999,9,9,N","004000,1,9,9","+0240,1","+0195,1","10141,1",,,,,,"03,1,+99999,9,03,1","99,9,+99999,9,00,1","9,AGL   ,+99999,+99999","99,99,9,03,1,99,9,99999,9,99,9,99,9","240,N,+0205,1","9,9,999,9,+017,1",,,"SYN05843071 32596 00000 10240 20195 40141 83071 333 20205 58017=",
"43071099999","2023-11-25T12:00:00","4","18.2","75.2","521.0","JEUR, IN","FM-12","99999","V020","999,9,C,0000,1","22000,1,9,N","004000,1,9,9","+9999,9","+0179,1","10082,1",,,,,,"03,2,+00800,1,03,1","99,9,+99999,9,00,1","9,AGL   ,+99999,+99999","01,99,2,03,2,99,9,00800,1,99,9,99,9","240,M,+0325,1","9,9,999,9,+000,1",,,"SYN05243071 32596 10300 20179 40082 83071 333 10325 58000=",
"43071099999","2023-11-28T03:00:00","4","18.2","75.2","521.0","JEUR, IN","FM-12","99999","V020","020,1,N,0257,1","22000,1,9,N","004000,1,9,9","+9999,9","+0205,1","10118,1",,,,,,"03,2,+00800,1,03,1","99,9,+99999,9,00,1","9,AGL   ,+99999,+99999","01,99,2,03,2,99,9,00800,1,99,9,99,9","240,N,+0220,1","9,9,999,9,-029,1",,,"SYN05243071 32596 10250 20205 40118 83071 333 20220 59029=",
"43071099999","2023-11-28T12:00:00","4","18.2","75.2","521.0","JEUR, IN","FM-12","99999","V020","020,1,N,0257,1","22000,1,9,N","004000,1,9,9","+9999,9","+0206,1","10118,1",,,,,,"03,2,+00800,1,03,1","99,9,+99999,9,00,1","9,AGL   ,+99999,+99999","01,99,2,03,2,99,9,00800,1,99,9,99,9","240,M,+0335,1","9,9,999,9,+036,1",,,"SYN05243071 22596 10250 20206 40118 83071 333 10335 58036=",
"43071099999","2023-11-29T03:00:00","4","18.2","75.2","521.0","JEUR, IN","FM-12","99999","V020","999,9,C,0000,1","99999,9,9,N","004000,1,9,9","+0220,1","+0190,1","10124,1",,,,,,"03,1,+99999,9,03,1","99,9,+99999,9,00,1","9,AGL   ,+99999,+99999","99,99,9,03,1,99,9,99999,9,99,9,99,9","240,N,+0195,1","9,9,999,9,+006,1",,,"SYN06843071 32596 00000 10220 20190 40124 83071 333 20195 58006 555 00000=",
"43071099999","2023-11-29T12:00:00","4","18.2","75.2","521.0","JEUR, IN","FM-12","99999","V020","999,9,C,0000,1","22000,1,9,N","004000,1,9,9","+9999,9","+0213,1","10082,1",,,,,,"03,2,+00800,1,03,1","99,9,+99999,9,00,1","9,AGL   ,+99999,+99999","01,99,2,03,2,99,9,00800,1,99,9,99,9","240,M,+0315,1","9,9,999,9,-036,1",,,"SYN05243071 32596 10300 20213 40082 83071 333 10315 59036=",
"43071099999","2023-11-30T03:00:00","4","18.2","75.2","521.0","JEUR, IN","FM-12","99999","V020","020,1,N,0103,1","22000,1,9,N","004000,1,9,9","+9999,9","+0220,1","10124,1","24,0090,3,1",,,,,"03,2,+00800,1,03,1","99,9,+99999,9,00,1","9,AGL   ,+99999,+99999","01,99,2,03,2,99,9,00800,1,99,9,99,9","240,N,+0210,1","9,9,999,9,+000,1",,,"SYN05843071 22596 10220 20220 40124 83071 333 20210 58000 6009/=",
"43071099999","2023-11-30T12:00:00","4","18.2","75.2","521.0","JEUR, IN","FM-12","99999","V020","020,1,N,0412,2","22000,1,9,N","004000,1,9,9","+9999,9","+0213,1","10088,1",,,,,,"03,2,+00800,1,03,1","99,9,+99999,9,00,1","9,AGL   ,+99999,+99999","01,99,2,03,2,99,9,00800,1,99,9,99,9","240,M,+0305,1","9,9,999,9,+006,1",,,"SYN05243071 32596 10280 20213 40088 83071 333 10305 58006=",
"43071099999","2023-12-01T03:00:00","4","18.2","75.2","521.0","JEUR, IN","FM-12","99999","V020","020,1,N,0103,1","22000,1,9,N","004000,1,9,9","+9999,9","+0205,1","10124,1",,,,,,"03,2,+00800,1,03,1","99,9,+99999,9,00,1","9,AGL   ,+99999,+99999","01,99,2,03,2,99,9,00800,1,99,9,99,9","240,N,+0205,1","9,9,999,9,+000,1",,,"SYN05243071 22596 10220 20205 40124 83071 333 20205 58000=",
"43071099999","2023-12-01T12:00:00","4","18.2","75.2","521.0","JEUR, IN","FM-12","99999","V020","020,1,N,0412,2","22000,1,9,N","004000,1,9,9","+9999,9","+0207,1","10088,1",,,,,,"03,2,+00800,1,03,1","99,9,+99999,9,00,1","9,AGL   ,+99999,+99999","01,99,2,03,2,99,9,00800,1,99,9,99,9","240,M,+0305,1",,,,"SYN05243071 32596 10280 20207 40088 83071 333 10305 59///=",
"43071099999","2023-12-02T03:00:00","4","18.2","75.2","521.0","JEUR, IN","FM-12","99999","V020","020,1,N,0103,1","22000,1,9,N","004000,1,9,9","+9999,9","+0205,1","10124,1",,,,,,"03,2,+00800,1,03,1","99,9,+99999,9,00,1","9,AGL   ,+99999,+99999","01,99,2,03,2,99,9,00800,1,99,9,99,9","240,N,+0205,1","9,9,999,9,+000,1",,,"SYN05243071 32596 10220 20205 40124 83071 333 20205 58000=",
"43071099999","2023-12-02T12:00:00","4","18.2","75.2","521.0","JEUR, IN","FM-12","99999","V020","020,1,N,0463,2","22000,1,9,N","004000,1,9,9","+9999,9","+0167,1","10063,1",,,,,,"03,2,+00800,1,03,1","99,9,+99999,9,00,1","9,AGL   ,+99999,+99999","01,99,2,03,2,99,9,00800,1,99,9,99,9","240,M,+0305,1","9,9,999,9,+025,1",,,"SYN05243071 32596 10290 20167 40063 83071 333 10305 58025=",
"43071099999","2023-12-04T03:00:00","4","18.2","75.2","521.0","JEUR, IN","FM-12","99999","V020","999,9,C,0000,1","22000,1,9,N","004000,1,9,9","+9999,9","+0068,1","10122,1",,,,,,"03,2,+00800,1,03,1","99,9,+99999,9,00,1","9,AGL   ,+99999,+99999","01,99,2,03,2,99,9,00800,1,99,9,99,9","240,N,+0175,1","9,9,999,9,-002,1",,,"SYN05243071 32596 10200 20068 40122 83071 333 20175 59002=",
"43071099999","2023-12-04T12:00:00","4","18.2","75.2","521.0","JEUR, IN","FM-12","99999","V020","999,9,9,9999,9","22000,1,9,N","004000,1,9,9","+0290,1","+0167,1","10063,1",,,,,,"03,1,+00800,1,03,1","99,9,+99999,9,00,1","9,AGL   ,+99999,+99999","04,99,1,03,1,99,9,00800,1,99,9,99,9","240,M,+0315,1","9,9,999,9,+000,1",,,"SYN05843071 32596 4//// 10290 20167 40063 83071 333 10315 58000=",
"43071099999","2023-12-05T03:00:00","4","18.2","75.2","521.0","JEUR, IN","FM-12","99999","V020","020,1,N,0051,1","22000,1,9,N","004000,1,9,9","+9999,9","+0179,1","10105,1",,,,,,"03,2,+00800,1,03,1","99,9,+99999,9,00,1","9,AGL   ,+99999,+99999","01,99,2,03,2,99,9,00800,1,99,9,99,9","240,N,+0185,1","9,9,999,9,-017,1",,,"SYN05243071 32596 10210 20179 40105 83071 333 20185 59017=",
"43071099999","2023-12-05T12:00:00","4","18.2","75.2","521.0","JEUR, IN","FM-12","99999","V020","020,1,N,0360,1","22000,1,9,N","004000,1,9,9","+9999,9","+0179,1","10070,1",,,,,,"03,2,+00800,1,03,1","99,9,+99999,9,00,1","9,AGL   ,+99999,+99999","01,99,2,03,2,99,9,00800,1,99,9,99,9","240,M,+0305,1","9,9,999,9,+017,1",,,"SYN05243071 32596 10270 20179 40070 83071 333 10305 58017=",
"43071099999","2023-12-06T12:00:00","4","18.2","75.2","521.0","JEUR, IN","FM-12","99999","V020","020,1,N,0360,1","22000,1,9,N","004000,1,9,9","+9999,9","+0179,1","10099,1",,,,,,"03,2,+00800,1,03,1","99,9,+99999,9,00,1","9,AGL   ,+99999,+99999","01,99,2,03,2,99,9,00800,1,99,9,99,9","240,M,+0255,1","9,9,999,9,+029,1",,,"SYN05243071 32596 10270 20179 40099 83071 333 10255 58029=",
"43071099999","2023-12-07T03:00:00","4","18.2","75.2","521.0","JEUR, IN","FM-12","99999","V020","999,9,9,9999,9","99999,9,9,N","004000,1,9,9","+0200,1","+0184,1","10144,1",,,,,,"03,1,+99999,9,03,1","99,9,+99999,9,00,1","9,AGL   ,+99999,+99999","99,99,9,03,1,99,9,99999,9,99,9,99,9","240,N,+0170,1","9,9,999,9,+017,1",,,"SYN05843071 32596 ///// 10200 20184 40144 83071 333 20170 58017=",
"43071099999","2023-12-07T12:00:00","4","18.2","75.2","521.0","JEUR, IN","FM-12","99999","V020","999,9,9,9999,9","22000,1,9,N","004000,1,9,9","+0270,1","+0179,1","10099,1",,,,,,"03,1,+00800,1,03,1","99,9,+99999,9,00,1","9,AGL   ,+99999,+99999","04,99,1,03,1,99,9,00800,1,99,9,99,9",,"9,9,999,9,+029,1",,,"SYN05843071 32596 4//// 10270 20179 40099 83071 333 10255 58029=","Q0125.5  2EATMX "
"43071099999","2023-12-08T03:00:00","4","18.2","75.2","521.0","JEUR, IN","FM-12","99999","V020","999,9,C,0000,1","22000,1,9,N","004000,1,9,9","+9999,9","+0158,1","10129,1",,,,,,"03,2,+00800,1,03,1","99,9,+99999,9,00,1","9,AGL   ,+99999,+99999","01,99,2,03,2,99,9,00800,1,99,9,99,9","240,N,+0140,1","9,9,999,9,-015,1",,,"SYN05243071 32596 10200 20158 40129 83071 333 20140 59015=",
"43071099999","2023-12-08T12:00:00","4","18.2","75.2","521.0","JEUR, IN","FM-12","99999","V020","020,1,N,0360,1","22000,1,9,N","004000,1,9,9","+9999,9","+0161,1","10093,1",,,,,,"03,2,+00800,1,03,1","99,9,+99999,9,00,1","9,AGL   ,+99999,+99999","01,99,2,03,2,99,9,00800,1,99,9,99,9","240,M,+0305,1","9,9,999,9,-006,1",,,"SYN05243071 32596 10270 20161 40093 83071 333 10305 59006=",
"43071099999","2023-12-09T03:00:00","4","18.2","75.2","521.0","JEUR, IN","FM-12","99999","V020","999,9,C,0000,1","99999,9,9,N","004000,1,9,9","+0200,1","+0151,1","10148,1",,,,,,"03,1,+99999,9,03,1","99,9,+99999,9,00,1","9,AGL   ,+99999,+99999","99,99,9,03,1,99,9,99999,9,99,9,99,9","240,N,+0155,1","9,9,999,9,+019,1",,,"SYN06843071 32596 00000 10200 20151 40148 83071 333 20155 58019 555 1////=",
"43071099999","2023-12-09T12:00:00","4","18.2","75.2","521.0","JEUR, IN","FM-12","99999","V020","020,1,N,0360,1","22000,1,9,N","004000,1,9,9","+9999,9","+0151,1","10109,1",,,,,,"03,2,+00800,1,03,1","99,9,+99999,9,00,1","9,AGL   ,+99999,+99999","01,99,2,03,2,99,9,00800,1,99,9,99,9","240,M,+0315,1","9,9,999,9,+016,1",,,"SYN05243071 32596 10270 20151 40109 83071 333 10315 58016=",
"43071099999","2023-12-11T03:00:00","4","18.2","75.2","521.0","JEUR, IN","FM-12","99999","V020","999,9,C,0000,1","22000,1,9,N","004000,1,9,9","+9999,9","+0151,1","10146,1",,,,,,"03,2,+00800,1,03,1","99,9,+99999,9,00,1","9,AGL   ,+99999,+99999","01,99,2,03,2,99,9,00800,1,99,9,99,9","240,N,+0160,1","9,9,999,9,-002,1",,,"SYN05243071 32596 10200 20151 40146 83071 333 20160 59002=",
"43071099999","2023-12-11T12:00:00","4","18.2","75.2","521.0","JEUR, IN","FM-12","99999","V020","020,1,N,0463,2","22000,1,9,N","004000,1,9,9","+9999,9","+0167,1","10097,1",,,,,,"03,2,+00800,1,03,1","99,9,+99999,9,00,1","9,AGL   ,+99999,+99999","01,99,2,03,2,99,9,00800,1,99,9,99,9","240,M,+0315,1","9,9,999,9,-012,1",,,"SYN05243071 32596 10290 20167 40097 83071 333 10315 59012=",
"43071099999","2023-12-12T03:00:00","4","18.2","75.2","521.0","JEUR, IN","FM-12","99999","V020","999,9,C,0000,1","99999,9,9,N","004000,1,9,9","+0200,1","+0151,1","10144,1",,,,,,"03,1,+99999,9,03,1","99,9,+99999,9,00,1","9,AGL   ,+99999,+99999","99,99,9,03,1,99,9,99999,9,99,9,99,9","240,N,+0165,1","9,9,999,9,-002,1",,,"SYN05843071 32596 00000 10200 20151 40144 83071 333 20165 59002=",
"43071099999","2023-12-12T12:00:00","4","18.2","75.2","521.0","JEUR, IN","FM-12","99999","V020","020,1,N,0412,2","22000,1,9,N","004000,1,9,9","+9999,9","+0134,1","10101,1",,,,,,"03,2,+00800,1,03,1","99,9,+99999,9,00,1","9,AGL   ,+99999,+99999","01,99,2,03,2,99,9,00800,1,99,9,99,9","240,M,+0310,1","9,9,999,9,+004,1",,,"SYN05243071 32596 10280 20134 40101 83071 333 10310 58004=",
"43071099999","2023-12-13T03:00:00","4","18.2","75.2","521.0","JEUR, IN","FM-12","99999","V020","010,1,N,0412,2","22000,1,9,N","004000,1,9,9","+9999,9","+0129,1","10151,1",,,,,,"03,2,+00800,1,03,1","99,9,+99999,9,00,1","9,AGL   ,+99999,+99999","01,99,2,03,2,99,9,00800,1,99,9,99,9","240,N,+0145,1","9,9,999,9,+007,1",,,"SYN06243071 32596 10180 20129 40151 83071 333 20145 58007 555 10000=",
"43071099999","2023-12-13T12:00:00","4","18.2","75.2","521.0","JEUR, IN","FM-12","99999","V020","020,1,N,0412,2","22000,1,9,N","004000,1,9,9","+9999,9","+0154,1","10090,1",,,,,,"03,2,+00800,1,03,1","99,9,+99999,9,00,1","9,AGL   ,+99999,+99999","01,99,2,03,2,99,9,00800,1,99,9,99,9","240,M,+0310,1","9,9,999,9,-011,1",,,"SYN05243071 32596 10280 20154 40090 83071 333 10310 59011=",
"43071099999","2023-12-14T03:00:00","4","18.2","75.2","521.0","JEUR, IN","FM-12","99999","V020","999,9,9,9999,9","22000,1,9,N","004000,1,9,9","+0170,1","+0118,1","10163,1",,,,,,"03,1,+00800,1,03,1","99,9,+99999,9,00,1","9,AGL   ,+99999,+99999","04,99,1,03,1,99,9,00800,1,99,9,99,9",,,,,"SYN06843071 32596 4//// 10170 20118 40163 83071 333 10150 50012 555 10000=",
"43071099999","2023-12-14T12:00:00","4","18.2","75.2","521.0","JEUR, IN","FM-12","99999","V020","020,1,N,0360,1","22000,1,9,N","004000,1,9,9","+9999,9","+0098,1","10114,1",,,,,,"03,2,+00800,1,03,1","99,9,+99999,9,00,1","9,AGL   ,+99999,+99999","01,99,2,03,2,99,9,00800,1,99,9,99,9","240,M,+0275,1","9,9,999,9,+024,1",,,"SYN05243071 32596 10270 20098 40114 83071 333 10275 58024=",
"43071099999","2023-12-15T03:00:00","4","18.2","75.2","521.0","JEUR, IN","FM-12","99999","V020","999,9,9,9999,9","99999,9,9,N","004000,1,9,9","+0170,1","+0118,1","10163,1",,,,,,"03,1,+99999,9,03,1","99,9,+99999,9,00,1","9,AGL   ,+99999,+99999","99,99,9,03,1,99,9,99999,9,99,9,99,9",,,,,"SYN05843071 32596 ///// 10170 20118 40163 83071 333 10150 50012=",
"43071099999","2023-12-15T12:00:00","4","18.2","75.2","521.0","JEUR, IN","FM-12","99999","V020","020,1,N,0360,1","22000,1,9,N","004000,1,9,9","+9999,9","+0141,1","10114,1",,,,,,"03,2,+00800,1,03,1","99,9,+99999,9,00,1","9,AGL   ,+99999,+99999","01,99,2,03,2,99,9,00800,1,99,9,99,9","240,M,+0295,1","9,9,999,9,+000,1",,,"SYN05243071 32596 10270 20141 40114 83071 333 10295 58000=",
"43071099999","2023-12-16T03:00:00","4","18.2","75.2","521.0","JEUR, IN","FM-12","99999","V020","010,1,N,0412,2","22000,1,9,N","004000,1,9,9","+9999,9","+0129,1","10154,1",,,,,,"03,2,+00800,1,03,1","99,9,+99999,9,00,1","9,AGL   ,+99999,+99999","01,99,2,03,2,99,9,00800,1,99,9,99,9","240,M,+0130,1","9,9,999,9,-009,1",,,"SYN05243071 32596 10180 20129 40154 83071 333 10130 59009=",
"43071099999","2023-12-16T12:00:00","4","18.2","75.2","521.0","JEUR, IN","FM-12","99999","V020","020,1,N,0360,1","22000,1,9,N","004000,1,9,9","+9999,9","+0161,1","10104,1",,,,,,"03,2,+00800,1,03,1","99,9,+99999,9,00,1","9,AGL   ,+99999,+99999","01,99,2,03,2,99,9,00800,1,99,9,99,9","240,M,+0305,1","9,9,999,9,-010,1",,,"SYN05243071 32596 10270 20161 40104 83071 333 10305 59010=",
"43071099999","2023-12-18T03:00:00","4","18.2","75.2","521.0","JEUR, IN","FM-12","99999","V020","999,9,C,0000,1","99999,9,9,N","004000,1,9,9","+0210,1","+0144,1","10152,1",,,,,,"03,1,+99999,9,03,1","99,9,+99999,9,00,1","9,AGL   ,+99999,+99999","99,99,9,03,1,99,9,99999,9,99,9,99,9","240,N,+0175,1","9,9,999,9,-002,1",,,"SYN05843071 32596 00000 10210 20144 40152 83071 333 20175 59002=",
"43071099999","2023-12-18T12:00:00","4","18.2","75.2","521.0","JEUR, IN","FM-12","99999","V020","020,1,N,0360,1","22000,1,9,N","004000,1,9,9","+9999,9","+0141,1","10114,1",,,,,,"03,2,+00800,1,03,1","99,9,+99999,9,00,1","9,AGL   ,+99999,+99999","01,99,2,03,2,99,9,00800,1,99,9,99,9","240,M,+0295,1","9,9,999,9,+010,1",,,"SYN05243071 32596 10270 20141 40114 83071 333 10295 58010=",
"43071099999","2023-12-19T03:00:00","4","18.2","75.2","521.0","JEUR, IN","FM-12","99999","V020","999,9,C,0000,1","99999,9,9,N","004000,1,9,9","+0170,1","+0118,1","10177,1",,,,,,"03,1,+99999,9,03,1","99,9,+99999,9,00,1","9,AGL   ,+99999,+99999","99,99,9,03,1,99,9,99999,9,99,9,99,9","240,N,+0150,1","9,9,999,9,+025,1",,,"SYN05843071 32596 00000 10170 20118 40177 83071 333 20150 58025=",
"43071099999","2023-12-19T12:00:00","4","18.2","75.2","521.0","JEUR, IN","FM-12","99999","V020","020,1,N,0360,1","22000,1,9,N","004000,1,9,9","+9999,9","+0120,1","10125,1",,,,,,"03,2,+00800,1,03,1","99,9,+99999,9,00,1","9,AGL   ,+99999,+99999","01,99,2,03,2,99,9,00800,1,99,9,99,9","240,M,+0285,1","9,9,999,9,+011,1",,,"SYN05243071 32596 10270 20120 40125 83071 333 10285 58011=",
"43071099999","2023-12-20T03:00:00","4","18.2","75.2","521.0","JEUR, IN","FM-12","99999","V020","010,1,N,0309,1","22000,1,9,N","004000,1,9,9","+9999,9","+0085,1","10186,1",,,,,,"03,2,+00800,1,03,1","99,9,+99999,9,00,1","9,AGL   ,+99999,+99999","01,99,2,03,2,99,9,00800,1,99,9,99,9","240,N,+0120,1","9,9,999,9,+009,1",,,"SYN05243071 32596 10160 20085 40186 83071 333 20120 58009=",
"43071099999","2023-12-20T12:00:00","4","18.2","75.2","521.0","JEUR, IN","FM-12","99999","V020","020,1,N,0360,1","22000,1,9,N","004000,1,9,9","+9999,9","+0141,1","10114,1",,,,,,"03,2,+00800,1,03,1","99,9,+99999,9,00,1","9,AGL   ,+99999,+99999","01,99,2,03,2,99,9,00800,1,99,9,99,9","240,M,+0295,1","9,9,999,9,-001,1",,,"SYN05243071 32596 10270 20141 40114 83071 333 10295 59001=",
"43071099999","2023-12-21T03:00:00","4","18.2","75.2","521.0","JEUR, IN","FM-12","99999","V020","010,1,N,0257,1","22000,1,9,N","004000,1,9,9","+9999,9","+0095,1","10169,1",,,,,,"03,2,+00800,1,03,1","99,9,+99999,9,00,1","9,AGL   ,+99999,+99999","01,99,2,03,2,99,9,00800,1,99,9,99,9","240,N,+0140,1","9,9,999,9,-017,1",,,"SYN06243071 32596 10150 20095 40169 83071 333 20140 59017 555 1////=",
"43071099999","2023-12-21T12:00:00","4","18.2","75.2","521.0","JEUR, IN","FM-12","99999","V020","020,1,N,0463,2","22000,1,9,N","004000,1,9,9","+9999,9","+0167,1","10100,1",,,,,,"03,2,+00800,1,03,1","99,9,+99999,9,00,1","9,AGL   ,+99999,+99999","01,99,2,03,2,99,9,00800,1,99,9,99,9","240,M,+0315,1","9,9,999,9,-014,1",,,"SYN05243071 32596 10290 20167 40100 83071 333 10315 59014=",
"43071099999","2023-12-22T03:00:00","4","18.2","75.2","521.0","JEUR, IN","FM-12","99999","V020","010,1,N,0309,1","22000,1,9,N","004000,1,9,9","+9999,9","+0085,1","10167,1",,,,,,"03,2,+00800,1,03,1","99,9,+99999,9,00,1","9,AGL   ,+99999,+99999","01,99,2,03,2,99,9,00800,1,99,9,99,9","240,N,+0120,1","9,9,999,9,-002,1",,,"SYN05243071 32596 10160 20085 40167 83071 333 20120 59002=",
"43071099999","2023-12-22T12:00:00","4","18.2","75.2","521.0","JEUR, IN","FM-12","99999","V020","999,9,C,0000,1","22000,1,9,N","004000,1,9,9","+9999,9","+0244,1","10107,1",,,,,,"03,2,+00800,1,03,1","99,9,+99999,9,00,1","9,AGL   ,+99999,+99999","01,99,2,03,2,99,9,00800,1,99,9,99,9","240,M,+0330,1","9,9,999,9,+007,1",,,"SYN05243071 32596 10300 20244 40107 83071 333 10330 58007=",
"43071099999","2023-12-23T03:00:00","4","18.2","75.2","521.0","JEUR, IN","FM-12","99999","V020","010,1,N,0309,1","22000,1,9,N","004000,1,9,9","+9999,9","+0085,1","10167,1",,,,,,"03,2,+00800,1,03,1","99,9,+99999,9,00,1","9,AGL   ,+99999,+99999","01,99,2,03,2,99,9,00800,1,99,9,99,9","240,N,+0115,1","9,9,999,9,+000,1",,,"SYN06243071 32596 10160 20085 40167 83071 333 20115 58000 555 10000=",
"43071099999","2023-12-23T12:00:00","4","18.2","75.2","521.0","JEUR, IN","FM-12","99999","V020","999,9,C,0000,1","22000,1,9,N","004000,1,9,9","+9999,9","+0244,1","10107,1",,,,,,"03,2,+00800,1,03,1","99,9,+99999,9,00,1","9,AGL   ,+99999,+99999","01,99,2,03,2,99,9,00800,1,99,9,99,9","240,M,+0330,1","9,9,999,9,+000,1",,,"SYN05243071 32596 10300 20244 40107 83071 333 10330 58000=",
"43071099999","2023-12-26T12:00:00","4","18.2","75.2","521.0","JEUR, IN","FM-12","99999","V020","030,1,N,0051,1","22000,1,9,9","004000,1,9,9","+9999,9","+0174,1","10116,1","99,9999,9,9",,,"0,1,99,9","0,1,99,9","03,2,+00600,1,03,1","99,9,+99999,9,00,1","9,AGL   ,+99999,+99999","01,99,2,03,2,99,9,00600,1,99,9,99,9",,"9,9,999,9,+009,1",,,"SYN004BUFR",
"43071099999","2023-12-27T03:00:00","4","18.2","75.2","521.0","JEUR, IN","FM-12","99999","V020","999,9,C,0000,1","99999,9,9,N","004000,1,9,9","+0160,1","+0106,1","10157,1",,,,,,"03,1,+99999,9,03,1","99,9,+99999,9,00,1","9,AGL   ,+99999,+99999","99,99,9,03,1,99,9,99999,9,99,9,99,9","240,N,+0130,1","9,9,999,9,+002,1",,,"SYN05843071 32596 00000 10160 20106 40157 83071 333 20130 58002=",
"43071099999","2023-12-27T12:00:00","4","18.2","75.2","521.0","JEUR, IN","FM-12","99999","V020","020,1,N,0463,2","22000,1,9,N","004000,1,9,9","+9999,9","+0147,1","10120,1",,,,,,"03,2,+00800,1,03,1","99,9,+99999,9,00,1","9,AGL   ,+99999,+99999","01,99,2,03,2,99,9,00800,1,99,9,99,9","240,M,+0345,1","9,9,999,9,+004,1",,,"SYN05243071 32596 10290 20147 40120 83071 333 10345 58004=",
"43071099999","2023-12-28T03:00:00","4","18.2","75.2","521.0","JEUR, IN","FM-12","99999","V020","010,1,N,0360,1","22000,1,9,N","004000,1,9,9","+9999,9","+0118,1","10174,1",,,,,,"03,2,+00800,1,03,1","99,9,+99999,9,00,1","9,AGL   ,+99999,+99999","01,99,2,03,2,99,9,00800,1,99,9,99,9","240,N,+0130,1","9,9,999,9,+017,1",,,"SYN06243071 32596 10170 20118 40174 83071 333 20130 58017 555 1////=",
"43071099999","2023-12-28T12:00:00","4","18.2","75.2","521.0","JEUR, IN","FM-12","99999","V020","020,1,N,0463,2","22000,1,9,N","004000,1,9,9","+9999,9","+0154,1","10109,1",,,,,,"03,2,+00800,1,03,1","99,9,+99999,9,00,1","9,AGL   ,+99999,+99999","01,99,2,03,2,99,9,00800,1,99,9,99,9","240,M,+0310,1","9,9,999,9,-021,1",,,"SYN05243071 32596 10290 20154 40109 83071 333 10310 59021=",
"43071099999","2023-12-29T03:00:00","4","18.2","75.2","521.0","JEUR, IN","FM-12","99999","V020","010,1,N,0360,1","22000,1,9,N","004000,1,9,9","+9999,9","+0118,1","10174,1",,,,,,"03,2,+00800,1,03,1","99,9,+99999,9,00,1","9,AGL   ,+99999,+99999","01,99,2,03,2,99,9,00800,1,99,9,99,9","240,N,+0130,1","9,9,999,9,+017,1",,,"SYN06243071 32596 10170 20118 40174 83071 333 20130 58017 555 43071=",
"43071099999","2023-12-29T12:00:00","4","18.2","75.2","521.0","JEUR, IN","FM-12","99999","V020","999,9,C,0000,1","22000,1,9,N","004000,1,9,9","+9999,9","+0141,1","10097,1",,,,,,"03,2,+00800,1,03,1","99,9,+99999,9,00,1","9,AGL   ,+99999,+99999","01,99,2,03,2,99,9,00800,1,99,9,99,9","240,M,+0315,1","9,9,999,9,-012,1",,,"SYN06243071 32596 10300 20141 40097 83071 333 10315 59012 555 1////=",
"43071099999","2023-12-30T03:00:00","4","18.2","75.2","521.0","JEUR, IN","FM-12","99999","V020","010,1,N,0412,2","22000,1,9,N","004000,1,9,9","+9999,9","+0109,1","10161,1",,,,,,"03,2,+00800,1,03,1","99,9,+99999,9,00,1","9,AGL   ,+99999,+99999","01,99,2,03,2,99,9,00800,1,99,9,99,9","240,N,+0140,1","9,9,999,9,-013,1",,,"SYN05243071 32596 10180 20109 40161 83071 333 20140 59013=",
"43071099999","2023-12-30T12:00:00","4","18.2","75.2","521.0","JEUR, IN","FM-12","99999","V020","999,9,C,0000,1","22000,1,9,N","004000,1,9,9","+9999,9","+0161,1","10097,1",,,,,,"03,2,+00800,1,03,1","99,9,+99999,9,00,1","9,AGL   ,+99999,+99999","01,99,2,03,2,99,9,00800,1,99,9,99,9","240,M,+0325,1","9,9,999,9,+000,1",,,"SYN05243071 32596 10300 20161 40097 83071 333 10325 58000=",
