"STATION","DATE","SOURCE","LATITUDE","LONGITUDE","ELEVATION","NAME","REPORT_TYPE","CALL_SIGN","QUALITY_CONTROL","WND","CIG","VIS","TMP","DEW","SLP","AA1","AY1","AY2","AZ1","AZ2","GA1","GA2","GA3","GA4","GE1","GF1","KA1","KA2","MA1","MD1","MW1","REM","EQD"
"42170099999","2025-01-01T00:00:00","4","28.25","74.9166666","291.0","CHURU, IN","FM-12","99999","V020","999,9,C,0000,1","00030,1,W,N","000050,1,9,9","+0066,1","+0066,1","10200,1",,"4,1,02,1","0,1,02,1",,,,,,,,"09,99,1,99,9,99,9,99999,9,99,9,99,9",,,,"9,9,999,9,-011,1","45,1","SYN05242170 31/91 90000 10066 20066 40200 74540 333 59011=",
"42170099999","2025-01-01T03:00:00","4","28.25","74.9166666","291.0","CHURU, IN","FM-12","99999","V020","110,1,N,0005,1","00030,1,W,N","000050,1,9,9","+0060,1","+0060,1","10220,1",,"4,1,02,1","4,1,02,1",,,,,,,,"09,99,1,99,9,99,9,99999,9,99,9,99,9","240,N,+0056,1",,"99999,9,09865,1","9,9,999,9,-015,1","45,1","SYN08042170 31/91 91101 10060 20060 39865 40220 74544 333 20056 59015 89/99 555 10000=",
"42170099999","2025-01-01T06:00:00","4","28.25","74.9166666","291.0","CHURU, IN","FM-12","99999","V020","180,1,N,0005,1","00120,1,W,N","000500,1,9,9","+0084,1","+0080,1","10219,1",,"4,1,02,1","4,1,02,1",,,,,,,,"09,99,1,99,9,99,9,99999,9,99,9,99,9",,,"99999,9,09868,1","9,9,999,9,-021,1","45,1","SYN06442170 31/93 91801 10084 20080 39868 40219 74544 333 59021 89/99=",
"42170099999","2025-01-01T09:00:00","4","28.25","74.9166666","291.0","CHURU, IN","FM-12","99999","V020","050,1,N,0010,1","99999,9,9,N","004000,1,9,9","+0146,1","+0096,1","10183,1",,,,,,,,,,,,,,,"9,9,999,9,-016,1",,"SYN04642170 32996 00502 10146 20096 40183 333 59016=",
"42170099999","2025-01-01T12:00:00","4","28.25","74.9166666","291.0","CHURU, IN","FM-12","99999","V020","050,1,N,0005,1","22000,1,9,N","004000,1,9,9","+0146,1","+0096,1","10177,1",,,,,,"02,1,+03600,1,03,1",,,,"9,AGL   ,+99999,+99999","02,99,1,02,1,99,9,03600,1,99,9,99,9",,,,"9,9,999,9,-020,1",,"SYN06442170 32996 20501 10146 20096 40177 82030 333 10166 59020 82362=",
"42170099999","2025-01-01T15:00:00","4","28.25","74.9166666","291.0","CHURU, IN","FM-12","99999","V020","999,9,C,0000,1","99999,9,9,N","001000,1,9,9","+0102,1","+0090,1","10196,1",,"0,1,02,1","0,1,02,1",,,,,,,,,,,,"9,9,999,9,-018,1","10,1","SYN05242170 31994 00000 10102 20090 40196 71000 333 59018=",
"42170099999","2025-01-01T18:00:00","4","28.25","74.9166666","291.0","CHURU, IN","FM-12","99999","V020","999,9,C,0000,1","99999,9,9,N","001000,1,9,9","+0082,1","+0074,1","10199,1",,"0,1,02,1","0,1,02,1",,,,,,,,,,,,"9,9,999,9,-013,1","10,1","SYN05242170 31994 00000 10082 20074 40199 71000 333 59013=",
"42170099999","2025-01-01T21:00:00","4","28.25","74.9166666","291.0","CHURU, IN","FM-12","99999","V020","999,9,C,0000,1","99999,9,9,N","001000,1,9,9","+0068,1","+0064,1","10195,1",,"0,1,02,1","0,1,02,1",,,,,,,,,,,,"9,9,999,9,-012,1","10,1","SYN05242170 31994 00000 10068 20064 40195 71000 333 59012=",
"42170099999","2025-01-02T00:00:00","4","28.25","74.9166666","291.0","CHURU, IN","FM-12","99999","V020","999,9,C,0000,1","00060,1,W,N","000200,1,9,9","+0062,1","+0062,1","10185,1",,"4,1,02,1","4,1,02,1",,,,,,,,"09,99,1,99,9,99,9,99999,9,99,9,99,9",,,,"9,9,999,9,-015,1","45,1","SYN05842170 31/92 90000 10062 20062 40185 74544 333 59015 89/99=",
"42170099999","2025-01-02T03:00:00","4","28.25","74.9166666","291.0","CHURU, IN","FM-12","99999","V020","999,9,C,0000,1","00030,1,W,N","000050,1,9,9","+0060,1","+0060,1","10211,1",,"4,1,02,1","4,1,02,1",,,,,,,,"09,99,1,99,9,99,9,99999,9,99,9,99,9","240,M,+0166,1","240,N,+0054,1",,"9,9,999,9,-009,1","45,1","SYN07442170 31/91 90000 10060 20060 40211 74544 333 10166 20054 59009 555 10000=",
"42170099999","2025-01-02T06:00:00","4","28.25","74.9166666","291.0","CHURU, IN","FM-12","99999","V020","140,1,N,0005,1","03000,1,C,N","002000,1,9,9","+0114,1","+0106,1","10211,1",,"4,1,02,1","4,1,02,1",,,"05,1,+03000,1,04,1",,,,"9,AGL   ,+99999,+99999","05,99,1,05,1,99,9,03000,1,99,9,99,9",,,,"9,9,999,9,-004,1","10,1","SYN06442170 31995 51401 10114 20106 40211 71044 85010 333 59004 85460=",
"42170099999","2025-01-02T09:00:00","4","28.25","74.9166666","291.0","CHURU, IN","FM-12","99999","V020","050,1,N,0005,1","03000,1,C,N","004000,1,9,9","+0192,1","+0094,1","10170,1",,,,,,"05,1,+03000,1,04,1",,,,"9,AGL   ,+99999,+99999","05,99,1,05,1,99,9,03000,1,99,9,99,9",,,,"9,9,999,9,-007,1",,"SYN05842170 32996 50501 10192 20094 40170 85010 333 59007 85460=",
"42170099999","2025-01-02T12:00:00","4","28.25","74.9166666","291.0","CHURU, IN","FM-12","99999","V020","050,1,N,0005,1","03000,1,C,N","004000,1,9,9","+0180,1","+0083,1","10172,1",,,,,,"05,1,+03000,1,04,1",,,,"9,AGL   ,+99999,+99999","05,99,1,05,1,99,9,03000,1,99,9,99,9","240,M,+0202,1",,,"9,9,999,9,-001,1",,"SYN06442170 32996 50501 10180 20083 40172 85010 333 10202 59001 85460=",
"42170099999","2025-01-02T15:00:00","4","28.25","74.9166666","291.0","CHURU, IN","FM-12","99999","V020","999,9,C,0000,1","22000,1,9,N","002000,1,9,9","+0126,1","+0090,1","10186,1",,"0,1,02,1","0,1,02,1",,,"03,1,+03000,1,04,1",,,,"9,AGL   ,+99999,+99999","03,99,1,03,1,99,9,03000,1,99,9,99,9",,,,"9,9,999,9,-008,1","10,1","SYN06442170 31995 30000 10126 20090 40186 71000 83010 333 59008 83460=",
"42170099999","2025-01-02T18:00:00","4","28.25","74.9166666","291.0","CHURU, IN","FM-12","99999","V020","999,9,C,0000,1","99999,9,9,N","002000,1,9,9","+0102,1","+0090,1","10188,1",,"0,1,02,1","0,1,02,1",,,,,,,,,,,,"9,9,999,9,-008,1","10,1","SYN05242170 31995 00000 10102 20090 40188 71000 333 59008=",
"42170099999","2025-01-02T21:00:00","4","28.25","74.9166666","291.0","CHURU, IN","FM-12","99999","V020","999,9,C,0000,1","99999,9,9,N","001000,1,9,9","+0086,1","+0078,1","10188,1",,"0,1,02,1","0,1,02,1",,,,,,,,,,,,"9,9,999,9,-005,1","10,1","SYN05242170 31994 00000 10086 20078 40188 71000 333 59005=",
"42170099999","2025-01-03T00:00:00","4","28.25","74.9166666","291.0","CHURU, IN","FM-12","99999","V020","999,9,C,0000,1","99999,9,9,N","000500,1,9,9","+0078,1","+0069,1","10182,1",,"0,1,02,1","0,1,02,1",,,,,,,,,,,,"9,9,999,9,-002,1","44,1","SYN05242170 31993 00000 10078 20069 40182 74400 333 59002=",
"42170099999","2025-01-03T03:00:00","4","28.25","74.9166666","291.0","CHURU, IN","FM-12","99999","V020","999,9,C,0000,1","03000,1,C,N","001000,1,9,9","+0080,1","+0067,1","10196,1",,"4,1,02,1","0,1,02,1",,,"06,1,+03000,1,04,1",,,,"9,AGL   ,+99999,+99999","06,99,1,06,1,99,9,03000,1,99,9,99,9","240,M,+0202,1","240,N,+0068,1",,"9,9,999,9,-012,1","10,1","SYN08642170 31994 60000 10080 20067 40196 71040 86010 333 10202 20068 59012 86460 555 10000=",
"42170099999","2025-01-03T06:00:00","4","28.25","74.9166666","291.0","CHURU, IN","FM-12","99999","V020","050,1,N,0005,1","03000,1,C,N","004000,1,9,9","+0180,1","+0078,1","10195,1",,,,,,"06,1,+03000,1,04,1",,,,"9,AGL   ,+99999,+99999","06,99,1,06,1,99,9,03000,1,99,9,99,9",,,,"9,9,999,9,-009,1",,"SYN05842170 32996 60501 10180 20078 40195 86010 333 59009 86460=",
"42170099999","2025-01-03T09:00:00","4","28.25","74.9166666","291.0","CHURU, IN","FM-12","99999","V020","090,1,N,0010,1","22000,1,9,N","004000,1,9,9","+0236,1","+0087,1","10164,1",,,,,,"02,1,+09000,1,00,1",,,,"9,AGL   ,+99999,+99999","02,99,1,02,1,99,9,09000,1,99,9,99,9",,,"99999,9,09831,1","9,9,999,9,-002,1",,"SYN06442170 32996 20902 10236 20087 39831 40164 80001 333 59002 82080=",
"42170099999","2025-01-03T12:00:00","4","28.25","74.9166666","291.0","CHURU, IN","FM-12","99999","V020","050,1,N,0010,1","99999,9,9,N","004000,1,9,9","+0216,1","+0093,1","10156,1",,,,,,,,,,,,"240,M,+0248,1",,,"9,9,999,9,-011,1",,"SYN05242170 32996 00502 10216 20093 40156 333 10248 59011=",
"42170099999","2025-01-03T15:00:00","4","28.25","74.9166666","291.0","CHURU, IN","FM-12","99999","V020","050,1,N,0010,1","99999,9,9,N","004000,1,9,9","+0150,1","+0105,1","10170,1",,,,,,,,,,,,,,,"9,9,999,9,-012,1",,"SYN04642170 32996 00502 10150 20105 40170 333 59012=",
"42170099999","2025-01-03T18:00:00","4","28.25","74.9166666","291.0","CHURU, IN","FM-12","99999","V020","999,9,C,0000,1","99999,9,9,N","002000,1,9,9","+0120,1","+0105,1","10168,1",,"0,1,02,1","0,1,02,1",,,,,,,,,,,,"9,9,999,9,-018,1","10,1","SYN05242170 31995 00000 10120 20105 40168 71000 333 59018=",
"42170099999","2025-01-03T21:00:00","4","28.25","74.9166666","291.0","CHURU, IN","FM-12","99999","V020","999,9,C,0000,1","99999,9,9,N","001000,1,9,9","+0090,1","+0084,1","10156,1",,"0,1,02,1","0,1,02,1",,,,,,,,,,,,"9,9,999,9,-029,1","10,1","SYN05242170 31994 00000 10090 20084 40156 71000 333 59029=",
"42170099999","2025-01-04T00:00:00","4","28.25","74.9166666","291.0","CHURU, IN","FM-12","99999","V020","999,9,C,0000,1","99999,9,9,N","002000,1,9,9","+0080,1","+0071,1","10152,1",,"0,1,02,1","0,1,02,1",,,,,,,,,,,,"9,9,999,9,-028,1","10,1","SYN05242170 31995 00000 10080 20071 40152 71000 333 59028=",
"42170099999","2025-01-04T03:00:00","4","28.25","74.9166666","291.0","CHURU, IN","FM-12","99999","V020","999,9,C,0000,1","99999,9,9,N","004000,1,9,9","+0086,1","+0073,1","10172,1",,,,,,,,,,,,"240,M,+0284,1","240,N,+0075,1",,"9,9,999,9,-022,1",,"SYN05842170 32996 00000 10086 20073 40172 333 10284 20075 59022=",
"42170099999","2025-01-04T06:00:00","4","28.25","74.9166666","291.0","CHURU, IN","FM-12","99999","V020","140,1,N,0010,1","99999,9,9,N","004000,1,9,9","+0244,2","+0089,1","10109,1",,,,,,,,,,,,,,,"9,9,999,9,-075,1",,"SYN04642170 32996 01402 10244 20089 40109 333 59075=",
"42170099999","2025-01-04T09:00:00","4","28.25","74.9166666","291.0","CHURU, IN","FM-12","99999","V020","050,1,N,0005,1","99999,9,9,N","004000,1,9,9","+0284,2","+0104,1","10121,1",,,,,,,,,,,,,,,"9,9,999,9,-036,1",,"SYN04642170 32996 00501 10284 20104 40121 333 59036=",
"42170099999","2025-01-04T12:00:00","4","28.25","74.9166666","291.0","CHURU, IN","FM-12","99999","V020","999,9,C,0000,1","99999,9,9,N","004000,1,9,9","+0260,1","+0135,1","10114,1",,,,,,,,,,,,,,,"9,9,999,9,-036,1",,"SYN05242170 32996 00000 10260 20135 40114 333 10306 59036=",
"42170099999","2025-01-04T15:00:00","4","28.25","74.9166666","291.0","CHURU, IN","FM-12","99999","V020","090,1,N,0010,1","99999,9,9,N","002000,1,9,9","+0190,1","+0130,1","10139,1",,,,,,,,,,,,,,,"9,9,999,9,-026,1",,"SYN04642170 32995 00902 10190 20130 40139 333 59026=",
"42170099999","2025-01-04T18:00:00","4","28.25","74.9166666","291.0","CHURU, IN","FM-12","99999","V020","999,9,C,0000,1","99999,9,9,N","001000,1,9,9","+0148,1","+0122,1","10150,1",,"0,1,02,1","0,1,02,1",,,,,,,,,,,,"9,9,999,9,-014,1","10,1","SYN05242170 31994 00000 10148 20122 40150 71000 333 59014=",
"42170099999","2025-01-04T21:00:00","4","28.25","74.9166666","291.0","CHURU, IN","FM-12","99999","V020","999,9,C,0000,1","99999,9,9,N","002000,1,9,9","+0126,1","+0115,1","10146,1",,"0,1,02,1","0,1,02,1",,,,,,,,,,,,"9,9,999,9,-006,1","10,1","SYN05242170 31995 00000 10126 20115 40146 71000 333 59006=",
"42170099999","2025-01-05T00:00:00","4","28.25","74.9166666","291.0","CHURU, IN","FM-12","99999","V020","050,1,N,0010,1","99999,9,9,N","002000,1,9,9","+0118,1","+0110,1","10136,1",,"0,1,02,1","0,1,02,1",,,,,,,,,,,,"9,9,999,9,-011,1","10,1","SYN05242170 31995 00502 10118 20110 40136 71000 333 59011=",
"42170099999","2025-01-05T03:00:00","4","28.25","74.9166666","291.0","CHURU, IN","FM-12","99999","V020","999,9,C,0000,1","00060,1,W,N","000200,1,9,9","+0104,1","+0104,1","10159,1",,"0,1,02,1","0,1,02,1",,,,,,,,"09,99,1,99,9,99,9,99999,9,99,9,99,9","240,M,+0306,1","240,N,+0096,1",,"9,9,999,9,-010,1","45,1","SYN06442170 31/92 90000 10104 20104 40159 74500 333 10306 20096 59010=",
"42170099999","2025-01-05T06:00:00","4","28.25","74.9166666","291.0","CHURU, IN","FM-12","99999","V020","320,1,N,0005,1","99999,9,9,N","002000,1,9,9","+0150,1","+0117,1","10164,1",,"4,1,02,1","0,1,02,1",,,,,,,,,,,,"9,9,999,9,+042,1","10,1","SYN05242170 31995 03201 10150 20117 40164 71040 333 58042=",
"42170099999","2025-01-05T09:00:00","4","28.25","74.9166666","291.0","CHURU, IN","FM-12","99999","V020","320,1,N,0005,1","99999,9,9,N","004000,1,9,9","+0216,1","+0137,1","10128,1",,,,,,,,,,,,,,,"9,9,999,9,+000,1",,"SYN04642170 32996 03201 10216 20137 40128 333 58000=",
"42170099999","2025-01-05T12:00:00","4","28.25","74.9166666","291.0","CHURU, IN","FM-12","99999","V020","320,1,N,0005,1","99999,9,9,N","004000,1,9,9","+0162,1","+0130,1","10133,1",,,,,,,,,,,,"240,M,+0222,1",,,"9,9,999,9,+008,1",,"SYN05242170 32996 03201 10162 20130 40133 333 10222 58008=",
"42170099999","2025-01-05T15:00:00","4","28.25","74.9166666","291.0","CHURU, IN","FM-12","99999","V020","320,1,N,0005,1","99999,9,9,N","001000,1,9,9","+0128,1","+0121,1","10165,1",,"0,1,02,1","0,1,02,1",,,,,,,,,,,,"9,9,999,9,+018,1","10,1","SYN05242170 31994 03201 10128 20121 40165 71000 333 58018=",
"42170099999","2025-01-05T18:00:00","4","28.25","74.9166666","291.0","CHURU, IN","FM-12","99999","V020","360,1,N,0010,1","22000,1,9,N","001000,1,9,9","+0128,1","+0121,1","10173,1",,"0,1,02,1","0,1,02,1",,,"04,1,+06000,1,01,1",,,,"9,AGL   ,+99999,+99999","04,99,1,04,1,99,9,06000,1,99,9,99,9",,,,"9,9,999,9,+020,1","10,1","SYN06442170 31994 43602 10128 20121 40173 71000 80002 333 58020 84170=",
"42170099999","2025-01-05T21:00:00","4","28.25","74.9166666","291.0","CHURU, IN","FM-12","99999","V020","320,1,N,0005,1","22000,1,9,N","002000,1,9,9","+0118,1","+0114,1","10167,1",,"0,1,02,1","0,1,02,1",,,"04,2,+06000,1,00,1",,,,"9,AGL   ,+99999,+99999","03,99,2,04,2,99,9,06000,1,99,9,99,9",,,,"9,9,999,9,+019,1","10,1","SYN06442170 31995 33201 10118 20114 40167 71000 80001 333 58019 84070=",
"42170099999","2025-01-06T00:00:00","4","28.25","74.9166666","291.0","CHURU, IN","FM-12","99999","V020","360,1,N,0005,1","22000,1,9,N","002000,1,9,9","+0108,1","+0104,1","10169,1",,"0,1,02,1","0,1,02,1",,,"02,1,+06000,1,00,1",,,,"9,AGL   ,+99999,+99999","02,99,1,02,1,99,9,06000,1,99,9,99,9",,,,"9,9,999,9,+031,1","10,1","SYN06442170 31995 23601 10108 20104 40169 71000 80001 333 58031 82070=",
"42170099999","2025-01-06T03:00:00","4","28.25","74.9166666","291.0","CHURU, IN","FM-12","99999","V020","320,1,N,0005,1","00120,1,W,N","000500,1,9,9","+0108,1","+0100,1","10192,1",,"1,1,02,1","0,1,02,1",,,,,,,,"09,99,1,99,9,99,9,99999,9,99,9,99,9","240,M,+0222,1","240,N,+0102,1",,"9,9,999,9,+032,1","45,1","SYN06442170 31/93 93201 10108 20100 40192 74510 333 10222 20102 58032=",
"42170099999","2025-01-06T06:00:00","4","28.25","74.9166666","291.0","CHURU, IN","FM-12","99999","V020","320,1,N,0010,1","99999,9,9,N","002000,1,9,9","+0144,1","+0094,1","10200,1",,"4,1,02,1","1,1,02,1",,,,,,,,,,,,"9,9,999,9,+034,1","05,1","SYN05242170 31995 03202 10144 20094 40200 70541 333 58034=",
"42170099999","2025-01-06T09:00:00","4","28.25","74.9166666","291.0","CHURU, IN","FM-12","99999","V020","320,1,N,0010,1","99999,9,9,N","004000,1,9,9","+0190,1","+0091,1","10169,1",,,,,,,,,,,,,,,"9,9,999,9,+036,1",,"SYN04642170 32996 03202 10190 20091 40169 333 58036=",
"42170099999","2025-01-06T12:00:00","4","28.25","74.9166666","291.0","CHURU, IN","FM-12","99999","V020","360,1,N,0005,1","99999,9,9,N","004000,1,9,9","+0174,1","+0085,1","10167,1",,,,,,,,,,,,"240,M,+0194,1",,,"9,9,999,9,+034,1",,"SYN05242170 32996 03601 10174 20085 40167 333 10194 58034=",
"42170099999","2025-01-06T15:00:00","4","28.25","74.9166666","291.0","CHURU, IN","FM-12","99999","V020","320,1,N,0005,1","99999,9,9,N","002000,1,9,9","+0118,1","+0081,1","10190,1",,"0,1,02,1","0,1,02,1",,,,,,,,,,,,"9,9,999,9,+023,1","05,1","SYN05242170 31995 03201 10118 20081 40190 70500 333 58023=",
"42170099999","2025-01-06T18:00:00","4","28.25","74.9166666","291.0","CHURU, IN","FM-12","99999","V020","999,9,C,0000,1","99999,9,9,N","001000,1,9,9","+0102,1","+0090,1","10200,1",,"0,1,02,1","0,1,02,1",,,,,,,,,,,,"9,9,999,9,+023,1","10,1","SYN05242170 31994 00000 10102 20090 40200 71000 333 58023=",
"42170099999","2025-01-06T21:00:00","4","28.25","74.9166666","291.0","CHURU, IN","FM-12","99999","V020","999,9,C,0000,1","99999,9,9,N","001000,1,9,9","+0088,1","+0080,1","10197,1",,"0,1,02,1","0,1,02,1",,,,,,,,,,,,"9,9,999,9,+025,1","10,1","SYN05242170 31994 00000 10088 20080 40197 71000 333 58025=",
"42170099999","2025-01-07T00:00:00","4","28.25","74.9166666","291.0","CHURU, IN","FM-12","99999","V020","320,1,N,0010,1","00120,1,W,N","000500,1,9,9","+0098,1","+0090,1","10200,1",,"4,1,02,1","0,1,02,1",,,,,,,,"09,99,1,99,9,99,9,99999,9,99,9,99,9",,,,"9,9,999,9,+028,1","45,1","SYN05842170 31/93 93202 10098 20090 40200 74540 333 58028 89/99=",
"42170099999","2025-01-07T03:00:00","4","28.25","74.9166666","291.0","CHURU, IN","FM-12","99999","V020","270,1,N,0005,1","00120,1,W,N","000500,1,9,9","+0112,1","+0100,1","10211,1",,"4,1,02,1","4,1,02,1",,,,,,,,"09,99,1,99,9,99,9,99999,9,99,9,99,9","240,M,+0194,1","240,N,+0086,1",,"9,9,999,9,+020,1","45,1","SYN07442170 31/93 92701 10112 20100 40211 74544 333 10194 20086 58020 555 10000=",
"42170099999","2025-01-07T06:00:00","4","28.25","74.9166666","291.0","CHURU, IN","FM-12","99999","V020","320,1,N,0005,1","99999,9,9,N","002000,1,9,9","+0156,1","+0094,1","10215,1",,"4,1,02,1","4,1,02,1",,,,,,,,,,,,"9,9,999,9,+016,1","05,1","SYN05242170 31995 03201 10156 20094 40215 70544 333 58016=",
"42170099999","2025-01-07T09:00:00","4","28.25","74.9166666","291.0","CHURU, IN","FM-12","99999","V020","360,1,N,0021,1","99999,9,9,N","002000,1,9,9","+0194,1","+0062,1","10174,1",,"0,1,02,1","0,1,02,1",,,,,,,,,,,,"9,9,999,9,+006,1","05,1","SYN05242170 31995 03604 10194 20062 40174 70500 333 58006=",
"42170099999","2025-01-07T12:00:00","4","28.25","74.9166666","291.0","CHURU, IN","FM-12","99999","V020","360,1,N,0010,1","99999,9,9,N","002000,1,9,9","+0178,1","+0060,1","10169,1",,"0,1,02,1","0,1,02,1",,,,,,,,,"240,M,+0200,1",,,"9,9,999,9,+002,1","05,1","SYN05842170 31995 03602 10178 20060 40169 70500 333 10200 58002=",
"42170099999","2025-01-07T15:00:00","4","28.25","74.9166666","291.0","CHURU, IN","FM-12","99999","V020","999,9,C,0000,1","99999,9,9,N","004000,1,9,9","+0110,1","+0063,1","10186,1",,,,,,,,,,,,,,,"9,9,999,9,-005,1",,"SYN04642170 32996 00000 10110 20063 40186 333 59005=",
"42170099999","2025-01-07T18:00:00","4","28.25","74.9166666","291.0","CHURU, IN","FM-12","99999","V020","999,9,C,0000,1","99999,9,9,N","004000,1,9,9","+0076,1","+0054,1","10191,1",,,,,,,,,,,,,,,"9,9,999,9,-012,1",,"SYN04642170 32996 00000 10076 20054 40191 333 59012=",
"42170099999","2025-01-07T21:00:00","4","28.25","74.9166666","291.0","CHURU, IN","FM-12","99999","V020","999,9,C,0000,1","99999,9,9,N","004000,1,9,9","+0060,1","+0046,1","10174,1",,,,,,,,,,,,,,,"9,9,999,9,-026,1",,"SYN04642170 32996 00000 10060 20046 40174 333 59026=",
"42170099999","2025-01-08T00:00:00","4","28.25","74.9166666","291.0","CHURU, IN","FM-12","99999","V020","999,9,C,0000,1","99999,9,9,N","004000,1,9,9","+0046,1","+0036,1","10169,1",,,,,,,,,,,,,,,"9,9,999,9,-036,1",,"SYN04642170 32996 00000 10046 20036 40169 333 59036=",
"42170099999","2025-01-08T03:00:00","4","28.25","74.9166666","291.0","CHURU, IN","FM-12","99999","V020","180,1,N,0005,1","99999,9,9,N","004000,1,9,9","+0062,1","+0034,1","10189,1",,,,,,,,,,,,"240,M,+0200,1","240,N,+0040,1",,"9,9,999,9,-028,1",,"SYN06842170 32996 01801 10062 20034 40189 333 10200 20040 59028 555 10000=",
"42170099999","2025-01-08T06:00:00","4","28.25","74.9166666","291.0","CHURU, IN","FM-12","99999","V020","270,1,N,0005,1","99999,9,9,N","004000,1,9,9","+0190,2","+0039,1","10184,1",,,,,,,,,,,,,,,"9,9,999,9,-026,1",,"SYN04642170 32996 02701 10190 20039 40184 333 59026=",
"42170099999","2025-01-08T09:00:00","4","28.25","74.9166666","291.0","CHURU, IN","FM-12","99999","V020","360,1,N,0010,1","99999,9,9,N","004000,1,9,9","+0222,1","+0043,1","10147,1",,,,,,,,,,,,,,,"9,9,999,9,-023,1",,"SYN04642170 32996 03602 10222 20043 40147 333 59023=",
"42170099999","2025-01-08T12:00:00","4","28.25","74.9166666","291.0","CHURU, IN","FM-12","99999","V020","999,9,C,0000,1","99999,9,9,N","004000,1,9,9","+0208,1","+0082,1","10145,1",,,,,,,,,,,,,,,"9,9,999,9,-020,1",,"SYN05242170 32996 00000 10208 20082 40145 333 10237 59020=",
"42170099999","2025-01-08T15:00:00","4","28.25","74.9166666","291.0","CHURU, IN","FM-12","99999","V020","999,9,C,0000,1","99999,9,9,N","004000,1,9,9","+0122,1","+0077,1","10168,1",,,,,,,,,,,,,,,"9,9,999,9,-015,1",,"SYN04642170 32996 00000 10122 20077 40168 333 59015=",
"42170099999","2025-01-08T18:00:00","4","28.25","74.9166666","291.0","CHURU, IN","FM-12","99999","V020","999,9,C,0000,1","99999,9,9,N","002000,1,9,9","+0090,1","+0055,1","10178,1",,"0,1,02,1","0,1,02,1",,,,,,,,,,,,"9,9,999,9,-011,1","05,1","SYN05242170 31995 00000 10090 20055 40178 70500 333 59011=",
"42170099999","2025-01-08T21:00:00","4","28.25","74.9166666","291.0","CHURU, IN","FM-12","99999","V020","999,9,C,0000,1","99999,9,9,N","002000,1,9,9","+0074,1","+0047,1","10161,1",,"0,1,02,1","0,1,02,1",,,,,,,,,,,,"9,9,999,9,-010,1","05,1","SYN05242170 31995 00000 10074 20047 40161 70500 333 59010=",
"42170099999","2025-01-09T00:00:00","4","28.25","74.9166666","291.0","CHURU, IN","FM-12","99999","V020","999,9,C,0000,1","99999,9,9,N","002000,1,9,9","+0056,1","+0047,1","10173,1",,"0,1,02,1","0,1,02,1",,,,,,,,,,,,"9,9,999,9,+005,1","05,1","SYN05242170 31995 00000 10056 20047 40173 70500 333 58005=",
"42170099999","2025-01-09T03:00:00","4","28.25","74.9166666","291.0","CHURU, IN","FM-12","99999","V020","999,9,C,0000,1","22000,1,9,N","002000,1,9,9","+0064,1","+0041,1","10194,1",,"0,1,02,1","0,1,02,1",,,"01,1,+06000,1,00,1",,,,"9,AGL   ,+99999,+99999","01,99,1,01,1,99,9,06000,1,99,9,99,9","240,M,+0237,1","240,N,+0047,1",,"9,9,999,9,+005,1","05,1","SYN08642170 31995 10000 10064 20041 40194 70500 80001 333 10237 20047 58005 81070 555 10000=",
"42170099999","2025-01-09T06:00:00","4","28.25","74.9166666","291.0","CHURU, IN","FM-12","99999","V020","050,1,N,0010,1","22000,1,9,N","004000,1,9,9","+0204,2","+0055,1","10189,1",,,,,,"01,1,+06000,1,00,1",,,,"9,AGL   ,+99999,+99999","01,99,1,01,1,99,9,06000,1,99,9,99,9",,,,"9,9,999,9,+006,1",,"SYN05842170 32996 10502 10204 20055 40189 80001 333 58006 81070=",
"42170099999","2025-01-09T09:00:00","4","28.25","74.9166666","291.0","CHURU, IN","FM-12","99999","V020","140,1,N,0005,1","22000,1,9,N","004000,1,9,9","+0248,2","+0044,1","10158,1",,,,,,"03,1,+06000,1,00,1",,,,"9,AGL   ,+99999,+99999","03,99,1,03,1,99,9,06000,1,99,9,99,9",,,,"9,9,999,9,+013,1",,"SYN05842170 32996 31401 10248 20044 40158 80001 333 58013 83070=",
"42170099999","2025-01-09T12:00:00","4","28.25","74.9166666","291.0","CHURU, IN","FM-12","99999","V020","999,9,C,0000,1","22000,1,9,N","004000,1,9,9","+0220,1","+0068,1","10159,1",,,,,,"03,1,+06000,1,00,1",,,,"9,AGL   ,+99999,+99999","03,99,1,03,1,99,9,06000,1,99,9,99,9","240,M,+0258,1",,,"9,9,999,9,+015,1",,"SYN06442170 32996 30000 10220 20068 40159 80001 333 10258 58015 83070=",
"42170099999","2025-01-09T15:00:00","4","28.25","74.9166666","291.0","CHURU, IN","FM-12","99999","V020","050,1,N,0005,1","99999,9,9,N","004000,1,9,9","+0150,1","+0068,1","10187,1",,,,,,,,,,,,,,,"9,9,999,9,+021,1",,"SYN04642170 32996 00501 10150 20068 40187 333 58021=",
"42170099999","2025-01-09T18:00:00","4","28.25","74.9166666","291.0","CHURU, IN","FM-12","99999","V020","999,9,C,0000,1","99999,9,9,N","004000,1,9,9","+0110,1","+0068,1","10196,1",,,,,,,,,,,,,,,"9,9,999,9,+020,1",,"SYN04642170 32996 00000 10110 20068 40196 333 58020=",
"42170099999","2025-01-10T00:00:00","4","28.25","74.9166666","291.0","CHURU, IN","FM-12","99999","V020","999,9,C,0000,1","99999,9,9,N","002000,1,9,9","+0072,1","+0054,1","10198,1",,"0,1,02,1","0,1,02,1",,,,,,,,,,,,"9,9,999,9,+027,1","10,1","SYN05242170 31995 00000 10072 20054 40198 71000 333 58027=",
"42170099999","2025-01-10T03:00:00","4","28.25","74.9166666","291.0","CHURU, IN","FM-12","99999","V020","999,9,C,0000,1","99999,9,9,N","004000,1,9,9","+0072,1","+0049,1","10213,1",,,,,,,,,,,,"240,M,+0258,1","240,N,+0054,1",,"9,9,999,9,+019,1",,"SYN06842170 32996 00000 10072 20049 40213 333 10258 20054 58019 555 10000=",
"42170099999","2025-01-10T06:00:00","4","28.25","74.9166666","291.0","CHURU, IN","FM-12","99999","V020","050,1,N,0005,1","99999,9,9,N","004000,1,9,9","+0204,2","+0066,1","10204,1",,,,,,,,,,,,,,,"9,9,999,9,+015,1",,"SYN04642170 32996 00501 10204 20066 40204 333 58015=",
"42170099999","2025-01-10T09:00:00","4","28.25","74.9166666","291.0","CHURU, IN","FM-12","99999","V020","090,1,N,0010,1","99999,9,9,N","004000,1,9,9","+0234,1","+0051,1","10170,1",,,,,,,,,,,,,,,"9,9,999,9,+010,1",,"SYN04642170 32996 00902 10234 20051 40170 333 58010=",
"42170099999","2025-01-10T12:00:00","4","28.25","74.9166666","291.0","CHURU, IN","FM-12","99999","V020","050,1,N,0010,1","99999,9,9,N","004000,1,9,9","+0212,1","+0102,1","10157,1",,,,,,,,,,,,"240,M,+0246,1",,,"9,9,999,9,-002,1",,"SYN05242170 32996 00502 10212 20102 40157 333 10246 59002=",
"42170099999","2025-01-10T15:00:00","4","28.25","74.9166666","291.0","CHURU, IN","FM-12","99999","V020","050,1,N,0015,1","99999,9,9,N","002000,1,9,9","+0140,1","+0110,1","10175,1",,"0,1,02,1","0,1,02,1",,,,,,,,,,,,"9,9,999,9,-013,1","10,1","SYN05242170 31995 00503 10140 20110 40175 71000 333 59013=",
"42170099999","2025-01-10T18:00:00","4","28.25","74.9166666","291.0","CHURU, IN","FM-12","99999","V020","050,1,N,0005,1","00060,1,W,N","000200,1,9,9","+0114,1","+0106,1","10182,1",,"0,1,02,1","0,1,02,1",,,,,,,,"09,99,1,99,9,99,9,99999,9,99,9,99,9",,,,"9,9,999,9,-013,1","45,1","SYN05242170 31/92 90501 10114 20106 40182 74500 333 59013=",
"42170099999","2025-01-10T21:00:00","4","28.25","74.9166666","291.0","CHURU, IN","FM-12","99999","V020","999,9,C,0000,1","00030,1,W,N","000050,1,9,9","+0104,1","+0096,1","10170,1",,"4,1,02,1","4,1,02,1",,,,,,,,"09,99,1,99,9,99,9,99999,9,99,9,99,9",,,,"9,9,999,9,-009,1","45,1","SYN05242170 31/91 90000 10104 20096 40170 74544 333 59009=",
"42170099999","2025-01-11T00:00:00","4","28.25","74.9166666","291.0","CHURU, IN","FM-12","99999","V020","050,1,N,0010,1","00060,1,W,N","000200,1,9,9","+0088,1","+0084,1","10166,1",,"4,1,02,1","4,1,02,1",,,,,,,,"09,99,1,99,9,99,9,99999,9,99,9,99,9",,,,"9,9,999,9,-030,1","45,1","SYN05242170 31/92 90502 10088 20084 40166 74544 333 59030=",
"42170099999","2025-01-11T03:00:00","4","28.25","74.9166666","291.0","CHURU, IN","FM-12","99999","V020","050,1,N,0010,1","00120,1,W,N","000500,1,9,9","+0092,1","+0084,1","10189,1","24,0006,3,1","5,1,02,1","4,1,02,1",,,,,,,,"09,99,1,99,9,99,9,99999,9,99,9,99,9","240,M,+0246,1","240,N,+0084,1",,"9,9,999,9,-020,1","45,1","SYN09242170 21/93 90502 10092 20084 40189 74554 333 10246 20084 59020 6996/ 89/99 555 00006 10001=",
"42170099999","2025-01-11T06:00:00","4","28.25","74.9166666","291.0","CHURU, IN","FM-12","99999","V020","050,1,N,0010,1","00120,1,W,N","000500,1,9,9","+0102,1","+0098,1","10202,1","03,0010,3,1","5,1,02,1","4,1,02,1",,,,,,,,"09,99,1,99,9,99,9,99999,9,99,9,99,9",,,,"9,9,999,9,-014,1","60,1","SYN06442170 21/93 90502 10102 20098 40202 76054 333 59014 6001/ 89/99=",
"42170099999","2025-01-11T09:00:00","4","28.25","74.9166666","291.0","CHURU, IN","FM-12","99999","V020","050,1,N,0015,1","00240,1,W,N","001000,1,9,9","+0108,1","+0108,1","10166,1","06,0070,3,1","6,1,02,1","5,1,02,1",,,,,,,,"09,99,1,99,9,99,9,99999,9,99,9,99,9",,,,"9,9,999,9,-018,1","21,1","SYN05842170 21/94 90503 10108 20108 40166 72165 333 59018 6007/=",
"42170099999","2025-01-11T12:00:00","4","28.25","74.9166666","291.0","CHURU, IN","FM-12","99999","V020","140,1,N,0010,1","00900,1,C,N","001000,1,9,9","+0120,1","+0116,1","10162,1","09,0070,3,1","6,1,02,1","5,1,02,1",,,"08,1,+00900,1,07,1",,,,"9,AGL   ,+99999,+99999","08,99,1,08,1,99,9,00900,1,99,9,99,9","240,M,+0128,1",,,"9,9,999,9,-007,1","02,1","SYN07642170 21594 81402 10120 20116 40162 70265 887// 333 10128 59007 6007/ 88730=",
"42170099999","2025-01-11T15:00:00","4","28.25","74.9166666","291.0","CHURU, IN","FM-12","99999","V020","140,1,N,0005,1","00900,1,C,N","001000,1,9,9","+0118,1","+0110,1","10181,1","12,0070,3,1","2,1,02,1","2,1,02,1",,,"08,1,+00900,1,07,1",,,,"9,AGL   ,+99999,+99999","08,99,1,08,1,99,9,00900,1,99,9,99,9",,,,"9,9,999,9,+003,1","10,1","SYN07042170 21594 81401 10118 20110 40181 71022 887// 333 58003 6007/ 88730=",
"42170099999","2025-01-11T18:00:00","4","28.25","74.9166666","291.0","CHURU, IN","FM-12","99999","V020","999,9,C,0000,1","00900,1,C,N","001000,1,9,9","+0116,1","+0108,1","10184,1","15,0070,3,1","2,1,02,1","2,1,02,1",,,"08,1,+00900,1,07,1",,,,"9,AGL   ,+99999,+99999","08,99,1,08,1,99,9,00900,1,99,9,99,9",,,,"9,9,999,9,+002,1","10,1","SYN07042170 21594 80000 10116 20108 40184 71022 887// 333 58002 6007/ 88730=",
"42170099999","2025-01-11T21:00:00","4","28.25","74.9166666","291.0","CHURU, IN","FM-12","99999","V020","999,9,C,0000,1","00120,1,W,N","000500,1,9,9","+0114,1","+0114,1","10181,1","18,0070,3,1","2,1,02,1","2,1,02,1",,,,,,,,"09,99,1,99,9,99,9,99999,9,99,9,99,9",,,,"9,9,999,9,+012,1","45,1","SYN05842170 21/93 90000 10114 20114 40181 74522 333 58012 6007/=",
"42170099999","2025-01-12T00:00:00","4","28.25","74.9166666","291.0","CHURU, IN","FM-12","99999","V020","999,9,C,0000,1","00120,1,W,N","000500,1,9,9","+0106,1","+0106,1","10188,1","21,0070,3,1","4,1,02,1","2,1,02,1",,,,,,,,"09,99,1,99,9,99,9,99999,9,99,9,99,9",,,,"9,9,999,9,+024,1","45,1","SYN05842170 21/93 90000 10106 20106 40188 74542 333 58024 6007/=",
"42170099999","2025-01-12T03:00:00","4","28.25","74.9166666","291.0","CHURU, IN","FM-12","99999","V020","270,1,N,0010,1","00900,1,C,N","001000,1,9,9","+0106,1","+0102,1","10210,1","24,0070,3,1","4,1,02,1","4,1,02,1",,,"08,1,+00900,1,07,1",,,,"9,AGL   ,+99999,+99999","08,99,1,08,1,99,9,00900,1,99,9,99,9","240,M,+0128,1","240,N,+0104,1",,"9,9,999,9,+021,1","10,1","SYN09842170 21594 82702 10106 20102 40210 71044 887// 333 10128 20104 58021 6007/ 88730 555 00068 10007=",
"42170099999","2025-01-12T06:00:00","4","28.25","74.9166666","291.0","CHURU, IN","FM-12","99999","V020","270,1,N,0005,1","00900,1,C,N","002000,1,9,9","+0118,1","+0098,1","10223,1",,"0,1,02,1","0,1,02,1",,,"08,1,+00900,1,07,1",,,,"9,AGL   ,+99999,+99999","08,99,1,08,1,99,9,00900,1,99,9,99,9",,,,"9,9,999,9,+022,1","10,1","SYN06442170 31595 82701 10118 20098 40223 71000 887// 333 58022 88730=",
"42170099999","2025-01-12T09:00:00","4","28.25","74.9166666","291.0","CHURU, IN","FM-12","99999","V020","090,1,N,0005,1","00900,1,C,N","002000,1,9,9","+0114,1","+0094,1","10203,1",,"2,1,02,1","2,1,02,1",,,"08,1,+00900,1,07,1",,,,"9,AGL   ,+99999,+99999","08,99,1,08,1,99,9,00900,1,99,9,99,9",,,,"9,9,999,9,+037,1","10,1","SYN06442170 31595 80901 10114 20094 40203 71022 887// 333 58037 88730=",
"42170099999","2025-01-12T12:00:00","4","28.25","74.9166666","291.0","CHURU, IN","FM-12","99999","V020","999,9,C,0000,1","00900,1,C,N","002000,1,9,9","+0118,1","+0103,1","10203,1",,"2,1,02,1","2,1,02,1",,,"08,1,+00900,1,07,1",,,,"9,AGL   ,+99999,+99999","08,99,1,08,1,99,9,00900,1,99,9,99,9",,,,"9,9,999,9,+040,1","10,1","SYN07042170 31595 80000 10118 20103 40203 71022 887// 333 10120 58040 88730=",
"42170099999","2025-01-12T15:00:00","4","28.25","74.9166666","291.0","CHURU, IN","FM-12","99999","V020","999,9,C,0000,1","00120,1,W,N","000500,1,9,9","+0092,1","+0088,1","10219,1",,"2,1,02,1","0,1,02,1",,,,,,,,"09,99,1,99,9,99,9,99999,9,99,9,99,9",,,,"9,9,999,9,+035,1","45,1","SYN05242170 31/93 90000 10092 20088 40219 74520 333 58035=",
"42170099999","2025-01-12T18:00:00","4","28.25","74.9166666","291.0","CHURU, IN","FM-12","99999","V020","999,9,C,0000,1","00120,1,W,N","000500,1,9,9","+0090,1","+0086,1","10226,1",,"4,1,02,1","0,1,02,1",,,,,,,,"09,99,1,99,9,99,9,99999,9,99,9,99,9",,,,"9,9,999,9,+037,1","45,1","SYN05242170 31/93 90000 10090 20086 40226 74540 333 58037=",
"42170099999","2025-01-12T21:00:00","4","28.25","74.9166666","291.0","CHURU, IN","FM-12","99999","V020","999,9,C,0000,1","00030,1,W,N","000050,1,9,9","+0084,1","+0080,1","10214,1",,"4,1,02,1","4,1,02,1",,,,,,,,"09,99,1,99,9,99,9,99999,9,99,9,99,9",,,,"9,9,999,9,+028,1","45,1","SYN05242170 31/91 90000 10084 20080 40214 74544 333 58028=",
"42170099999","2025-01-13T00:00:00","4","28.25","74.9166666","291.0","CHURU, IN","FM-12","99999","V020","999,9,C,0000,1","00030,1,W,N","000050,1,9,9","+0082,1","+0078,1","10216,1",,"4,1,02,1","4,1,02,1",,,,,,,,"09,99,1,99,9,99,9,99999,9,99,9,99,9",,,,"9,9,999,9,+024,1","45,1","SYN05242170 31/91 90000 10082 20078 40216 74544 333 58024=",
"42170099999","2025-01-13T03:00:00","4","28.25","74.9166666","291.0","CHURU, IN","FM-12","99999","V020","999,9,C,0000,1","00030,1,W,N","000050,1,9,9","+0090,1","+0090,1","10228,1",,"4,1,02,1","4,1,02,1",,,,,,,,"09,99,1,99,9,99,9,99999,9,99,9,99,9","240,M,+0120,1","240,N,+0072,1",,"9,9,999,9,+015,1","45,1","SYN08042170 31/91 90000 10090 20090 40228 74544 333 10120 20072 58015 89/99 555 10007=",
"42170099999","2025-01-13T06:00:00","4","28.25","74.9166666","291.0","CHURU, IN","FM-12","99999","V020","360,1,N,0010,1","00120,1,W,N","000500,1,9,9","+0106,1","+0098,1","10220,1",,"4,1,02,1","4,1,02,1",,,,,,,,"09,99,1,99,9,99,9,99999,9,99,9,99,9",,,,"9,9,999,9,+005,1","45,1","SYN05842170 31/93 93602 10106 20098 40220 74544 333 58005 89/99=",
"42170099999","2025-01-13T09:00:00","4","28.25","74.9166666","291.0","CHURU, IN","FM-12","99999","V020","320,1,N,0010,1","03000,1,C,N","004000,1,9,9","+0140,1","+0110,1","10193,1",,,,,,"02,1,+01200,1,06,1","05,1,+03000,1,04,1",,,"9,AGL   ,+99999,+99999","05,99,1,02,1,99,9,01200,1,99,9,99,9",,,,"9,9,999,9,-007,1",,"SYN06442170 32696 53202 10140 20110 40193 82510 333 59007 82640 85460=",
"42170099999","2025-01-13T12:00:00","4","28.25","74.9166666","291.0","CHURU, IN","FM-12","99999","V020","320,1,N,0005,1","22000,1,9,N","004000,1,9,9","+0160,1","+0124,1","10186,1",,,,,,"02,1,+01200,1,06,1",,,,"9,AGL   ,+99999,+99999","02,99,1,02,1,99,9,01200,1,99,9,99,9","240,M,+0168,1",,,"9,9,999,9,-012,1",,"SYN06442170 32696 23201 10160 20124 40186 82500 333 10168 59012 82640=",
"42170099999","2025-01-13T15:00:00","4","28.25","74.9166666","291.0","CHURU, IN","FM-12","99999","V020","999,9,C,0000,1","99999,9,9,N","002000,1,9,9","+0122,1","+0111,1","10196,1",,"0,1,02,1","0,1,02,1",,,,,,,,,,,,"9,9,999,9,-019,1","10,1","SYN05242170 31995 00000 10122 20111 40196 71000 333 59019=",
"42170099999","2025-01-13T18:00:00","4","28.25","74.9166666","291.0","CHURU, IN","FM-12","99999","V020","999,9,C,0000,1","00060,1,W,N","000200,1,9,9","+0100,1","+0100,1","10201,1",,"4,1,02,1","0,1,02,1",,,,,,,,"09,99,1,99,9,99,9,99999,9,99,9,99,9",,,,"9,9,999,9,-023,1","45,1","SYN05242170 31/92 90000 10100 20100 40201 74540 333 59023=",
"42170099999","2025-01-13T21:00:00","4","28.25","74.9166666","291.0","CHURU, IN","FM-12","99999","V020","999,9,C,0000,1","00060,1,W,N","000200,1,9,9","+0090,1","+0090,1","10190,1",,"4,1,02,1","4,1,02,1",,,,,,,,"09,99,1,99,9,99,9,99999,9,99,9,99,9",,,,"9,9,999,9,-021,1","45,1","SYN05242170 31/92 90000 10090 20090 40190 74544 333 59021=",
"42170099999","2025-01-14T00:00:00","4","28.25","74.9166666","291.0","CHURU, IN","FM-12","99999","V020","180,1,N,0005,1","00060,1,W,N","000200,1,9,9","+0084,1","+0084,1","10194,1",,"4,1,02,1","4,1,02,1",,,,,,,,"09,99,1,99,9,99,9,99999,9,99,9,99,9",,,,"9,9,999,9,-021,1","45,1","SYN05242170 31/92 91801 10084 20084 40194 74544 333 59021=",
"42170099999","2025-01-14T03:00:00","4","28.25","74.9166666","291.0","CHURU, IN","FM-12","99999","V020","140,1,N,0005,1","00030,1,W,N","000050,1,9,9","+0072,1","+0072,1","10215,1",,"4,1,02,1","4,1,02,1",,,,,,,,"09,99,1,99,9,99,9,99999,9,99,9,99,9","240,M,+0168,1","240,N,+0068,1",,"9,9,999,9,-014,1","45,1","SYN07442170 31/91 91401 10072 20072 40215 74544 333 10168 20068 59014 555 10007=",
"42170099999","2025-01-14T06:00:00","4","28.25","74.9166666","291.0","CHURU, IN","FM-12","99999","V020","140,1,N,0005,1","99999,9,9,N","002000,1,9,9","+0122,1","+0107,1","10223,1",,"4,1,02,1","0,1,02,1",,,,,,,,,,,,"9,9,999,9,-004,1","10,1","SYN05242170 31995 01401 10122 20107 40223 71040 333 59004=",
"42170099999","2025-01-14T09:00:00","4","28.25","74.9166666","291.0","CHURU, IN","FM-12","99999","V020","050,1,N,0010,1","99999,9,9,N","004000,1,9,9","+0182,1","+0095,1","10190,1",,,,,,,,,,,,,,,"9,9,999,9,+002,1",,"SYN04642170 32996 00502 10182 20095 40190 333 58002=",
"42170099999","2025-01-14T12:00:00","4","28.25","74.9166666","291.0","CHURU, IN","FM-12","99999","V020","050,1,N,0010,1","99999,9,9,N","004000,1,9,9","+0172,1","+0087,1","10184,1",,,,,,,,,,,,"240,M,+0192,1",,,"9,9,999,9,+001,1",,"SYN05242170 32996 00502 10172 20087 40184 333 10192 58001=",
"42170099999","2025-01-14T15:00:00","4","28.25","74.9166666","291.0","CHURU, IN","FM-12","99999","V020","999,9,C,0000,1","99999,9,9,N","002000,1,9,9","+0122,1","+0099,1","10205,1",,"0,1,02,1","0,1,02,1",,,,,,,,,,,,"9,9,999,9,+009,1","10,1","SYN05242170 31995 00000 10122 20099 40205 71000 333 58009=",
"42170099999","2025-01-14T18:00:00","4","28.25","74.9166666","291.0","CHURU, IN","FM-12","99999","V020","999,9,C,0000,1","99999,9,9,N","001000,1,9,9","+0092,1","+0088,1","10211,1",,"0,1,02,1","0,1,02,1",,,,,,,,,,,,"9,9,999,9,+010,1","10,1","SYN05242170 31994 00000 10092 20088 40211 71000 333 58010=",
"42170099999","2025-01-14T21:00:00","4","28.25","74.9166666","291.0","CHURU, IN","FM-12","99999","V020","999,9,C,0000,1","99999,9,9,N","001000,1,9,9","+0084,1","+0080,1","10205,1",,"0,1,02,1","0,1,02,1",,,,,,,,,,,,"9,9,999,9,+013,1","10,1","SYN05242170 31994 00000 10084 20080 40205 71000 333 58013=",
"42170099999","2025-01-15T00:00:00","4","28.25","74.9166666","291.0","CHURU, IN","FM-12","99999","V020","999,9,C,0000,1","00030,1,W,N","000050,1,9,9","+0062,1","+0058,1","10211,1",,"4,1,02,1","0,1,02,1",,,,,,,,"09,99,1,99,9,99,9,99999,9,99,9,99,9",,,,"9,9,999,9,+014,1","45,1","SYN05242170 31/91 90000 10062 20058 40211 74540 333 58014=",
"42170099999","2025-01-15T03:00:00","4","28.25","74.9166666","291.0","CHURU, IN","FM-12","99999","V020","090,1,N,0005,1","00030,1,W,N","000050,1,9,9","+0064,1","+0064,1","10226,1",,"4,1,02,1","4,1,02,1",,,,,,,,"09,99,1,99,9,99,9,99999,9,99,9,99,9","240,M,+0192,1","240,N,+0054,1",,"9,9,999,9,+009,1","45,1","SYN06442170 31/91 90901 10064 20064 40226 74544 333 10192 20054 58009=",
"42170099999","2025-01-15T06:00:00","4","28.25","74.9166666","291.0","CHURU, IN","FM-12","99999","V020","090,1,N,0005,1","99999,9,9,N","002000,1,9,9","+0130,1","+0111,1","10227,1",,"4,1,02,1","0,1,02,1",,,,,,,,,,,,"9,9,999,9,+004,1","10,1","SYN05242170 31995 00901 10130 20111 40227 71040 333 58004=",
"42170099999","2025-01-15T09:00:00","4","28.25","74.9166666","291.0","CHURU, IN","FM-12","99999","V020","050,1,N,0010,1","99999,9,9,N","004000,1,9,9","+0196,1","+0065,1","10179,1",,,,,,,,,,,,,,,"9,9,999,9,-009,1",,"SYN04642170 32996 00502 10196 20065 40179 333 59009=",
"42170099999","2025-01-15T12:00:00","4","28.25","74.9166666","291.0","CHURU, IN","FM-12","99999","V020","090,1,N,0010,1","99999,9,9,N","004000,1,9,9","+0184,1","+0079,1","10170,1",,,,,,,,,,,,"240,M,+0205,1",,"99999,9,09832,1","9,9,999,9,-013,1",,"SYN05842170 32996 00902 10184 20079 39832 40170 333 10205 59013=",
"42170099999","2025-01-15T15:00:00","4","28.25","74.9166666","291.0","CHURU, IN","FM-12","99999","V020","999,9,C,0000,1","22000,1,9,N","004000,1,9,9","+0150,1","+0109,1","10184,1",,,,,,"03,1,+03000,1,04,1",,,,"9,AGL   ,+99999,+99999","03,99,1,03,1,99,9,03000,1,99,9,99,9",,,,"9,9,999,9,-018,1",,"SYN05842170 32996 30000 10150 20109 40184 83010 333 59018 83460=",
"42170099999","2025-01-15T18:00:00","4","28.25","74.9166666","291.0","CHURU, IN","FM-12","99999","V020","999,9,C,0000,1","22000,1,9,N","002000,1,9,9","+0132,1","+0117,1","10187,1",,"1,1,02,1","0,1,02,1",,,"03,1,+03600,1,03,1",,,,"9,AGL   ,+99999,+99999","03,99,1,03,1,99,9,03600,1,99,9,99,9",,,,"9,9,999,9,-018,1","10,1","SYN06442170 31995 30000 10132 20117 40187 71010 83030 333 59018 83362=",
"42170099999","2025-01-15T21:00:00","4","28.25","74.9166666","291.0","CHURU, IN","FM-12","99999","V020","999,9,C,0000,1","00060,1,W,N","000200,1,9,9","+0114,1","+0114,1","10190,1",,"0,1,02,1","0,1,02,1",,,,,,,,"09,99,1,99,9,99,9,99999,9,99,9,99,9",,,,"9,9,999,9,-011,1","45,1","SYN05242170 31/92 90000 10114 20114 40190 74500 333 59011=",
"42170099999","2025-01-16T00:00:00","4","28.25","74.9166666","291.0","CHURU, IN","FM-12","99999","V020","999,9,C,0000,1","00030,1,W,N","000050,1,9,9","+0102,1","+0102,1","10191,1",,"4,1,02,1","0,1,02,1",,,,,,,,"09,99,1,99,9,99,9,99999,9,99,9,99,9",,,,"9,9,999,9,-014,1","45,1","SYN05242170 31/91 90000 10102 20102 40191 74540 333 59014=",
"42170099999","2025-01-16T03:00:00","4","28.25","74.9166666","291.0","CHURU, IN","FM-12","99999","V020","090,1,N,0005,1","00030,1,W,N","000050,1,9,9","+0100,1","+0100,1","10214,1",,"4,1,02,1","4,1,02,1",,,,,,,,"09,99,1,99,9,99,9,99999,9,99,9,99,9","240,M,+0205,1","240,N,+0097,1",,"9,9,999,9,-007,1","45,1","SYN08042170 31/91 90901 10100 20100 40214 74544 333 10205 20097 59007 89/99 555 10007=",
"42170099999","2025-01-16T06:00:00","4","28.25","74.9166666","291.0","CHURU, IN","FM-12","99999","V020","050,1,N,0010,1","00120,1,W,N","000500,1,9,9","+0114,1","+0106,1","10236,1",,"4,1,02,1","4,1,02,1",,,,,,,,"09,99,1,99,9,99,9,99999,9,99,9,99,9",,,,"9,9,999,9,+004,1","45,1","SYN05242170 31/93 90502 10114 20106 40236 74544 333 58004=",
"42170099999","2025-01-16T09:00:00","4","28.25","74.9166666","291.0","CHURU, IN","FM-12","99999","V020","360,1,N,0010,1","99999,9,9,N","002000,1,9,9","+0160,1","+0112,1","10212,1",,"4,1,02,1","0,1,02,1",,,,,,,,,,,,"9,9,999,9,+027,1","10,1","SYN05242170 31995 03602 10160 20112 40212 71040 333 58027=",
"42170099999","2025-01-16T12:00:00","4","28.25","74.9166666","291.0","CHURU, IN","FM-12","99999","V020","360,1,N,0010,1","99999,9,9,N","002000,1,9,9","+0166,1","+0102,1","10209,1",,"4,1,02,1","0,1,02,1",,,,,,,,,,,,"9,9,999,9,+036,1","05,1","SYN05842170 31995 03602 10166 20102 40209 70540 333 10178 58036=",
"42170099999","2025-01-16T15:00:00","4","28.25","74.9166666","291.0","CHURU, IN","FM-12","99999","V020","050,1,N,0005,1","99999,9,9,N","002000,1,9,9","+0128,1","+0101,1","10232,1",,"0,1,02,1","0,1,02,1",,,,,,,,,,,,"9,9,999,9,+044,1","05,1","SYN05242170 31995 00501 10128 20101 40232 70500 333 58044=",
"42170099999","2025-01-16T18:00:00","4","28.25","74.9166666","291.0","CHURU, IN","FM-12","99999","V020","999,9,C,0000,1","00060,1,W,N","000200,1,9,9","+0102,1","+0098,1","10248,1",,"0,1,02,1","0,1,02,1",,,,,,,,"09,99,1,99,9,99,9,99999,9,99,9,99,9",,,,"9,9,999,9,+055,1","45,1","SYN05242170 31/92 90000 10102 20098 40248 74500 333 58055=",
"42170099999","2025-01-16T21:00:00","4","28.25","74.9166666","291.0","CHURU, IN","FM-12","99999","V020","999,9,C,0000,1","00030,1,W,N","000050,1,9,9","+0092,1","+0092,1","10243,1",,"4,1,02,1","4,1,02,1",,,,,,,,"09,99,1,99,9,99,9,99999,9,99,9,99,9",,,,"9,9,999,9,+049,1","45,1","SYN05242170 31/91 90000 10092 20092 40243 74544 333 58049=",
"42170099999","2025-01-17T00:00:00","4","28.25","74.9166666","291.0","CHURU, IN","FM-12","99999","V020","090,1,N,0005,1","00060,1,W,N","000200,1,9,9","+0094,1","+0090,1","10230,1",,"4,1,02,1","4,1,02,1",,,,,,,,"09,99,1,99,9,99,9,99999,9,99,9,99,9",,,,"9,9,999,9,+036,1","45,1","SYN05242170 31/92 90901 10094 20090 40230 74544 333 58036=",
"42170099999","2025-01-17T03:00:00","4","28.25","74.9166666","291.0","CHURU, IN","FM-12","99999","V020","999,9,C,0000,1","00060,1,W,N","000200,1,9,9","+0092,1","+0084,1","10242,1",,"4,1,02,1","4,1,02,1",,,,,,,,"09,99,1,99,9,99,9,99999,9,99,9,99,9","240,M,+0178,1","240,N,+0086,1",,"9,9,999,9,+027,1","45,1","SYN08042170 31/92 90000 10092 20084 40242 74544 333 10178 20086 58027 89/99 555 10007=",
"42170099999","2025-01-17T06:00:00","4","28.25","74.9166666","291.0","CHURU, IN","FM-12","99999","V020","050,1,N,0010,1","03000,1,C,N","002000,1,9,9","+0124,1","+0088,1","10246,1",,"4,1,02,1","2,1,02,1",,,"03,1,+00600,1,06,1","04,1,+03000,1,04,1",,,"9,AGL   ,+99999,+99999","07,99,1,03,1,99,9,00600,1,99,9,99,9",,,,"9,9,999,9,+014,1","10,1","SYN07042170 31595 70502 10124 20088 40246 71042 83570 333 58014 83620 84460=",
"42170099999","2025-01-17T09:00:00","4","28.25","74.9166666","291.0","CHURU, IN","FM-12","99999","V020","050,1,N,0010,1","99999,9,9,N","004000,1,9,9","+0150,1","+0083,1","10207,1",,,,,,,,,,,,,,,"9,9,999,9,-006,1",,"SYN04642170 32996 00502 10150 20083 40207 333 59006=",
"42170099999","2025-01-17T12:00:00","4","28.25","74.9166666","291.0","CHURU, IN","FM-12","99999","V020","050,1,N,0005,1","99999,9,9,N","002000,1,9,9","+0146,1","+0087,1","10194,1",,"0,1,02,1","0,1,02,1",,,,,,,,,"240,M,+0161,1",,,"9,9,999,9,-018,1","05,1","SYN05842170 31995 00501 10146 20087 40194 70500 333 10161 59018=",
"42170099999","2025-01-17T15:00:00","4","28.25","74.9166666","291.0","CHURU, IN","FM-12","99999","V020","320,1,N,0005,1","99999,9,9,N","002000,1,9,9","+0112,1","+0088,1","10200,1",,"0,1,02,1","0,1,02,1",,,,,,,,,,,,"9,9,999,9,-032,1","10,1","SYN05242170 31995 03201 10112 20088 40200 71000 333 59032=",
"42170099999","2025-01-17T18:00:00","4","28.25","74.9166666","291.0","CHURU, IN","FM-12","99999","V020","050,1,N,0010,1","00120,1,W,N","000500,1,9,9","+0090,1","+0086,1","10203,1",,"0,1,02,1","0,1,02,1",,,,,,,,"09,99,1,99,9,99,9,99999,9,99,9,99,9",,,,"9,9,999,9,-042,1","45,1","SYN05242170 31/93 90502 10090 20086 40203 74500 333 59042=",
"42170099999","2025-01-17T21:00:00","4","28.25","74.9166666","291.0","CHURU, IN","FM-12","99999","V020","999,9,C,0000,1","00030,1,W,N","000050,1,9,9","+0084,1","+0084,1","10196,1",,"4,1,02,1","0,1,02,1",,,,,,,,"09,99,1,99,9,99,9,99999,9,99,9,99,9",,,,"9,9,999,9,-047,1","45,1","SYN05242170 31/91 90000 10084 20084 40196 74540 333 59047=",
"42170099999","2025-01-18T00:00:00","4","28.25","74.9166666","291.0","CHURU, IN","FM-12","99999","V020","050,1,N,0005,1","00030,1,W,N","000050,1,9,9","+0080,1","+0080,1","10188,1",,"4,1,02,1","4,1,02,1",,,,,,,,"09,99,1,99,9,99,9,99999,9,99,9,99,9",,,,"9,9,999,9,-043,1","45,1","SYN05242170 31/91 90501 10080 20080 40188 74544 333 59043=",
"42170099999","2025-01-18T03:00:00","4","28.25","74.9166666","291.0","CHURU, IN","FM-12","99999","V020","140,1,N,0010,1","00030,1,W,N","000050,1,9,9","+0082,1","+0082,1","10204,1",,"4,1,02,1","4,1,02,1",,,,,,,,"09,99,1,99,9,99,9,99999,9,99,9,99,9","240,M,+0161,1","240,N,+0076,1",,"9,9,999,9,-038,1","45,1","SYN07042170 31/91 91402 10082 20082 40204 74544 333 10161 20076 59038 89/99=",
"42170099999","2025-01-18T06:00:00","4","28.25","74.9166666","291.0","CHURU, IN","FM-12","99999","V020","050,1,N,0010,1","03000,1,9,N","002000,1,9,9","+0122,1","+0099,1","10209,1",,"4,1,02,1","2,1,02,1",,,"03,1,+00600,1,08,1","06,1,+03000,1,04,1",,,"9,AGL   ,+99999,+99999","06,99,1,03,1,99,9,00600,1,99,9,99,9",,,,"9,9,999,9,-035,1","10,1","SYN07042170 31595 60502 10122 20099 40209 71042 83470 333 59035 83820 86460=",
"42170099999","2025-01-18T09:00:00","4","28.25","74.9166666","291.0","CHURU, IN","FM-12","99999","V020","360,1,N,0010,1","22000,1,9,N","004000,1,9,9","+0176,1","+0097,1","10167,1",,,,,,"04,1,+01200,1,06,1",,,,"9,AGL   ,+99999,+99999","04,99,1,04,1,99,9,01200,1,99,9,99,9",,,,"9,9,999,9,-035,1",,"SYN05842170 32696 43602 10176 20097 40167 84400 333 59035 84640=",
"42170099999","2025-01-18T12:00:00","4","28.25","74.9166666","291.0","CHURU, IN","FM-12","99999","V020","050,1,N,0010,1","99999,9,9,N","004000,1,9,9","+0178,1","+0090,1","10154,1",,,,,,,,,,,,"240,M,+0193,1",,,"9,9,999,9,-035,1",,"SYN05242170 32996 00502 10178 20090 40154 333 10193 59035=",
"42170099999","2025-01-18T15:00:00","4","28.25","74.9166666","291.0","CHURU, IN","FM-12","99999","V020","090,1,N,0005,1","99999,9,9,N","002000,1,9,9","+0138,1","+0095,1","10167,1",,"0,1,02,1","0,1,02,1",,,,,,,,,,,,"9,9,999,9,-030,1","05,1","SYN05242170 31995 00901 10138 20095 40167 70500 333 59030=",
"42170099999","2025-01-18T18:00:00","4","28.25","74.9166666","291.0","CHURU, IN","FM-12","99999","V020","999,9,C,0000,1","99999,9,9,N","001000,1,9,9","+0120,1","+0101,1","10175,1",,"0,1,02,1","0,1,02,1",,,,,,,,,,,,"9,9,999,9,-023,1","10,1","SYN05242170 31994 00000 10120 20101 40175 71000 333 59023=",
"42170099999","2025-01-18T21:00:00","4","28.25","74.9166666","291.0","CHURU, IN","FM-12","99999","V020","999,9,C,0000,1","99999,9,9,N","001000,1,9,9","+0106,1","+0094,1","10171,1",,"0,1,02,1","0,1,02,1",,,,,,,,,,,,"9,9,999,9,-021,1","10,1","SYN05242170 31994 00000 10106 20094 40171 71000 333 59021=",
"42170099999","2025-01-19T00:00:00","4","28.25","74.9166666","291.0","CHURU, IN","FM-12","99999","V020","999,9,C,0000,1","99999,9,9,N","001000,1,9,9","+0100,1","+0092,1","10167,1",,"0,1,02,1","0,1,02,1",,,,,,,,,,,,"9,9,999,9,-016,1","10,1","SYN05242170 31994 00000 10100 20092 40167 71000 333 59016=",
"42170099999","2025-01-19T03:00:00","4","28.25","74.9166666","291.0","CHURU, IN","FM-12","99999","V020","360,1,N,0005,1","22000,1,9,N","001000,1,9,9","+0106,1","+0094,1","10186,1",,"1,1,02,1","0,1,02,1",,,"03,1,+03000,1,04,1",,,,"9,AGL   ,+99999,+99999","03,99,1,03,1,99,9,03000,1,99,9,99,9","240,M,+0193,1","240,N,+0096,1",,"9,9,999,9,-015,1","10,1","SYN08642170 31994 33601 10106 20094 40186 71010 83010 333 10193 20096 59015 83460 555 10007=",
"42170099999","2025-01-19T06:00:00","4","28.25","74.9166666","291.0","CHURU, IN","FM-12","99999","V020","180,1,N,0005,1","99999,9,9,N","002000,1,9,9","+0210,1","+0121,1","10180,1",,"1,1,02,1","0,1,02,1",,,,,,,,,,,,"9,9,999,9,-019,1","05,1","SYN05242170 31995 01801 10210 20121 40180 70510 333 59019=",
"42170099999","2025-01-19T09:00:00","4","28.25","74.9166666","291.0","CHURU, IN","FM-12","99999","V020","230,1,N,0005,1","99999,9,9,N","004000,1,9,9","+0256,1","+0146,1","10146,1",,,,,,,,,,,,,,,"9,9,999,9,-012,1",,"SYN04642170 32996 02301 10256 20146 40146 333 59012=",
"42170099999","2025-01-19T12:00:00","4","28.25","74.9166666","291.0","CHURU, IN","FM-12","99999","V020","360,1,N,0010,1","03000,1,C,N","004000,1,9,9","+0230,1","+0134,1","10146,1",,,,,,"05,1,+03000,1,04,1",,,,"9,AGL   ,+99999,+99999","05,99,1,05,1,99,9,03000,1,99,9,99,9","240,M,+0266,1",,,"9,9,999,9,-002,1",,"SYN06442170 32996 53602 10230 20134 40146 85010 333 10266 59002 85460=",
"42170099999","2025-01-19T15:00:00","4","28.25","74.9166666","291.0","CHURU, IN","FM-12","99999","V020","999,9,C,0000,1","99999,9,9,N","002000,1,9,9","+0174,1","+0139,1","10166,1",,"0,1,02,1","0,1,02,1",,,,,,,,,,,,"9,9,999,9,+004,1","10,1","SYN05242170 31995 00000 10174 20139 40166 71000 333 58004=",
"42170099999","2025-01-19T18:00:00","4","28.25","74.9166666","291.0","CHURU, IN","FM-12","99999","V020","360,1,N,0010,1","99999,9,9,N","002000,1,9,9","+0152,1","+0134,1","10175,1",,"0,1,02,1","0,1,02,1",,,,,,,,,,,,"9,9,999,9,+004,1","10,1","SYN05242170 31995 03602 10152 20134 40175 71000 333 58004=",
"42170099999","2025-01-19T21:00:00","4","28.25","74.9166666","291.0","CHURU, IN","FM-12","99999","V020","999,9,C,0000,1","00120,1,W,N","000500,1,9,9","+0132,1","+0128,1","10168,1",,"4,1,02,1","0,1,02,1",,,,,,,,"09,99,1,99,9,99,9,99999,9,99,9,99,9",,,,"9,9,999,9,+000,1","45,1","SYN05242170 31/93 90000 10132 20128 40168 74540 333 58000=",
"42170099999","2025-01-20T00:00:00","4","28.25","74.9166666","291.0","CHURU, IN","FM-12","99999","V020","360,1,N,0010,1","00120,1,W,N","000500,1,9,9","+0110,1","+0110,1","10170,1",,"4,1,02,1","4,1,02,1",,,,,,,,"09,99,1,99,9,99,9,99999,9,99,9,99,9",,,,"9,9,999,9,+003,1","45,1","SYN05242170 31/93 93602 10110 20110 40170 74544 333 58003=",
"42170099999","2025-01-20T03:00:00","4","28.25","74.9166666","291.0","CHURU, IN","FM-12","99999","V020","999,9,C,0000,1","00060,1,W,N","000200,1,9,9","+0116,1","+0112,1","10184,1",,"4,1,02,1","4,1,02,1",,,,,,,,"09,99,1,99,9,99,9,99999,9,99,9,99,9","240,M,+0266,1","240,N,+0110,1",,"9,9,999,9,-001,1","45,1","SYN07442170 31/92 90000 10116 20112 40184 74544 333 10266 20110 59001 555 10007=",
"42170099999","2025-01-20T06:00:00","4","28.25","74.9166666","291.0","CHURU, IN","FM-12","99999","V020","050,1,N,0005,1","99999,9,9,N","002000,1,9,9","+0170,1","+0119,1","10194,1",,"4,1,02,1","0,1,02,1",,,,,,,,,,,,"9,9,999,9,+006,1","05,1","SYN05242170 31995 00501 10170 20119 40194 70540 333 58006=",
"42170099999","2025-01-20T09:00:00","4","28.25","74.9166666","291.0","CHURU, IN","FM-12","99999","V020","320,1,N,0010,1","99999,9,9,N","004000,1,9,9","+0232,1","+0110,1","10149,1",,,,,,,,,,,,,,,"9,9,999,9,+001,1",,"SYN04642170 32996 03202 10232 20110 40149 333 58001=",
"42170099999","2025-01-20T12:00:00","4","28.25","74.9166666","291.0","CHURU, IN","FM-12","99999","V020","050,1,N,0005,1","99999,9,9,N","004000,1,9,9","+0220,1","+0099,1","10140,1",,,,,,,,,,,,"240,M,+0247,1",,,"9,9,999,9,-006,1",,"SYN05242170 32996 00501 10220 20099 40140 333 10247 59006=",
"42170099999","2025-01-20T15:00:00","4","28.25","74.9166666","291.0","CHURU, IN","FM-12","99999","V020","999,9,C,0000,1","99999,9,9,N","004000,1,9,9","+0154,1","+0101,1","10156,1",,,,,,,,,,,,,,,"9,9,999,9,-012,1",,"SYN04642170 32996 00000 10154 20101 40156 333 59012=",
"42170099999","2025-01-20T18:00:00","4","28.25","74.9166666","291.0","CHURU, IN","FM-12","99999","V020","999,9,C,0000,1","99999,9,9,N","002000,1,9,9","+0134,1","+0103,1","10165,1",,"0,1,02,1","0,1,02,1",,,,,,,,,,,,"9,9,999,9,-012,1","05,1","SYN05242170 31995 00000 10134 20103 40165 70500 333 59012=",
"42170099999","2025-01-20T21:00:00","4","28.25","74.9166666","291.0","CHURU, IN","FM-12","99999","V020","999,9,C,0000,1","99999,9,9,N","002000,1,9,9","+0106,1","+0094,1","10160,1",,"0,1,02,1","0,1,02,1",,,,,,,,,,,,"9,9,999,9,-011,1","05,1","SYN05242170 31995 00000 10106 20094 40160 70500 333 59011=",
"42170099999","2025-01-21T00:00:00","4","28.25","74.9166666","291.0","CHURU, IN","FM-12","99999","V020","999,9,C,0000,1","99999,9,9,N","002000,1,9,9","+0086,1","+0073,1","10155,1",,"0,1,02,1","0,1,02,1",,,,,,,,,,,,"9,9,999,9,-017,1","05,1","SYN05242170 31995 00000 10086 20073 40155 70500 333 59017=",
"42170099999","2025-01-21T03:00:00","4","28.25","74.9166666","291.0","CHURU, IN","FM-12","99999","V020","999,9,C,0000,1","99999,9,9,N","002000,1,9,9","+0086,1","+0073,1","10174,1",,"0,1,02,1","0,1,02,1",,,,,,,,,"240,M,+0247,1","240,N,+0073,1",,"9,9,999,9,-013,1","10,1","SYN07442170 31995 00000 10086 20073 40174 71000 333 10247 20073 59013 555 10007=",
"42170099999","2025-01-21T06:00:00","4","28.25","74.9166666","291.0","CHURU, IN","FM-12","99999","V020","320,1,N,0005,1","99999,9,9,N","002000,1,9,9","+0190,1","+0061,1","10172,1",,"0,1,02,1","0,1,02,1",,,,,,,,,,,,"9,9,999,9,-016,1","05,1","SYN05242170 31995 03201 10190 20061 40172 70500 333 59016=",
"42170099999","2025-01-21T09:00:00","4","28.25","74.9166666","291.0","CHURU, IN","FM-12","99999","V020","360,1,N,0010,1","99999,9,9,N","004000,1,9,9","+0240,1","+0049,1","10137,1",,,,,,,,,,,,,,,"9,9,999,9,-011,1",,"SYN04642170 32996 03602 10240 20049 40137 333 59011=",
"42170099999","2025-01-21T12:00:00","4","28.25","74.9166666","291.0","CHURU, IN","FM-12","99999","V020","050,1,N,0010,1","99999,9,9,N","004000,1,9,9","+0228,1","+0059,1","10123,1",,,,,,,,,,,,"240,M,+0252,1",,,"9,9,999,9,-016,1",,"SYN05242170 32996 00502 10228 20059 40123 333 10252 59016=",
"42170099999","2025-01-21T15:00:00","4","28.25","74.9166666","291.0","CHURU, IN","FM-12","99999","V020","360,1,N,0010,1","99999,9,9,N","004000,1,9,9","+0164,1","+0057,1","10144,1",,,,,,,,,,,,,,,"9,9,999,9,-010,1",,"SYN04642170 32996 03602 10164 20057 40144 333 59010=",
"42170099999","2025-01-21T18:00:00","4","28.25","74.9166666","291.0","CHURU, IN","FM-12","99999","V020","999,9,C,0000,1","99999,9,9,N","004000,1,9,9","+0146,1","+0087,1","10152,1",,,,,,,,,,,,,,,"9,9,999,9,-011,1",,"SYN04642170 32996 00000 10146 20087 40152 333 59011=",
"42170099999","2025-01-21T21:00:00","4","28.25","74.9166666","291.0","CHURU, IN","FM-12","99999","V020","999,9,C,0000,1","99999,9,9,N","002000,1,9,9","+0106,1","+0081,1","10150,1",,"0,1,02,1","0,1,02,1",,,,,,,,,,,,"9,9,999,9,-010,1","10,1","SYN05242170 31995 00000 10106 20081 40150 71000 333 59010=",
"42170099999","2025-01-22T00:00:00","4","28.25","74.9166666","291.0","CHURU, IN","FM-12","99999","V020","180,1,N,0005,1","99999,9,9,N","002000,1,9,9","+0090,1","+0069,1","10144,1",,"0,1,02,1","0,1,02,1",,,,,,,,,,,,"9,9,999,9,-011,1","10,1","SYN05242170 31995 01801 10090 20069 40144 71000 333 59011=",
"42170099999","2025-01-22T03:00:00","4","28.25","74.9166666","291.0","CHURU, IN","FM-12","99999","V020","999,9,C,0000,1","22000,1,9,N","002000,1,9,9","+0090,1","+0069,1","10161,1",,"1,1,02,1","0,1,02,1",,,"03,1,+03000,1,04,1",,,,"9,AGL   ,+99999,+99999","03,99,1,03,1,99,9,03000,1,99,9,99,9","240,M,+0252,1","240,N,+0078,1",,"9,9,999,9,-013,1","10,1","SYN08642170 31995 30000 10090 20069 40161 71010 83070 333 10252 20078 59013 83460 555 10007=",
"42170099999","2025-01-22T06:00:00","4","28.25","74.9166666","291.0","CHURU, IN","FM-12","99999","V020","050,1,N,0010,1","03000,1,C,N","002000,1,9,9","+0194,1","+0087,1","10156,1",,"2,1,02,1","1,1,02,1",,,"03,1,+00600,1,06,1","04,1,+03000,1,04,1",,,"9,AGL   ,+99999,+99999","07,99,1,03,1,99,9,00600,1,99,9,99,9",,,,"9,9,999,9,-014,1","05,1","SYN07042170 31595 70502 10194 20087 40156 70521 83570 333 59014 83620 84460=",
"42170099999","2025-01-22T09:00:00","4","28.25","74.9166666","291.0","CHURU, IN","FM-12","99999","V020","050,1,N,0005,1","03000,1,C,N","004000,1,9,9","+0222,1","+0087,1","10126,1",,,,,,"03,1,+01200,1,06,1","05,1,+03000,1,03,1",,,"9,AGL   ,+99999,+99999","05,99,1,03,1,99,9,01200,1,99,9,99,9",,,,"9,9,999,9,-012,1",,"SYN06442170 32696 50501 10222 20087 40126 83530 333 59012 83640 85360=",
"42170099999","2025-01-22T12:00:00","4","28.25","74.9166666","291.0","CHURU, IN","FM-12","99999","V020","050,1,N,0005,1","03000,1,C,N","004000,1,9,9","+0220,1","+0079,1","10121,1",,,,,,"03,1,+01200,1,06,1","05,1,+03000,1,03,1",,,"9,AGL   ,+99999,+99999","05,99,1,03,1,99,9,01200,1,99,9,99,9","240,M,+0230,1",,,"9,9,999,9,-003,1",,"SYN07042170 32696 50501 10220 20079 40121 83530 333 10230 59003 83640 85360=",
"42170099999","2025-01-22T15:00:00","4","28.25","74.9166666","291.0","CHURU, IN","FM-12","99999","V020","999,9,C,0000,1","22000,1,9,N","004000,1,9,9","+0154,1","+0105,1","10143,1",,,,,,"02,1,+02400,1,03,1",,,,"9,AGL   ,+99999,+99999","02,99,1,02,1,99,9,02400,1,99,9,99,9",,,,"9,9,999,9,-002,1",,"SYN05842170 32996 20000 10154 20105 40143 82030 333 59002 82358=",
"42170099999","2025-01-22T18:00:00","4","28.25","74.9166666","291.0","CHURU, IN","FM-12","99999","V020","999,9,C,0000,1","99999,9,9,N","002000,1,9,9","+0122,1","+0099,1","10156,1",,"0,1,02,1","0,1,02,1",,,,,,,,,,,,"9,9,999,9,+001,1","10,1","SYN05242170 31995 00000 10122 20099 40156 71000 333 58001=",
"42170099999","2025-01-22T21:00:00","4","28.25","74.9166666","291.0","CHURU, IN","FM-12","99999","V020","999,9,C,0000,1","99999,9,9,N","001000,1,9,9","+0104,1","+0092,1","10155,1",,"0,1,02,1","0,1,02,1",,,,,,,,,,,,"9,9,999,9,+005,1","10,1","SYN05242170 31994 00000 10104 20092 40155 71000 333 58005=",
"42170099999","2025-01-23T00:00:00","4","28.25","74.9166666","291.0","CHURU, IN","FM-12","99999","V020","999,9,C,0000,1","99999,9,9,N","001000,1,9,9","+0090,1","+0082,1","10154,1",,"0,1,02,1","0,1,02,1",,,,,,,,,,,,"9,9,999,9,+010,1","10,1","SYN05242170 31994 00000 10090 20082 40154 71000 333 58010=",
"42170099999","2025-01-23T03:00:00","4","28.25","74.9166666","291.0","CHURU, IN","FM-12","99999","V020","999,9,C,0000,1","99999,9,9,N","002000,1,9,9","+0088,1","+0075,1","10174,1",,"0,1,02,1","0,1,02,1",,,,,,,,,"240,M,+0230,1","240,N,+0074,1",,"9,9,999,9,+013,1","10,1","SYN07442170 31995 00000 10088 20075 40174 71000 333 10230 20074 58013 555 10007=",
"42170099999","2025-01-23T06:00:00","4","28.25","74.9166666","291.0","CHURU, IN","FM-12","99999","V020","360,1,N,0005,1","99999,9,9,N","002000,1,9,9","+0196,1","+0108,1","10179,1",,"0,1,02,1","0,1,02,1",,,,,,,,,,,,"9,9,999,9,+022,1","05,1","SYN05242170 31995 03601 10196 20108 40179 70500 333 58022=",
"42170099999","2025-01-23T09:00:00","4","28.25","74.9166666","291.0","CHURU, IN","FM-12","99999","V020","270,1,N,0010,1","22000,1,9,N","004000,1,9,9","+0236,1","+0054,1","10152,1",,,,,,"04,1,+01200,1,06,1",,,,"9,AGL   ,+99999,+99999","04,99,1,04,1,99,9,01200,1,99,9,99,9",,,,"9,9,999,9,-026,1",,"SYN05842170 32696 42702 10236 20054 40152 84500 333 59026 84640=",
"42170099999","2025-01-23T12:00:00","4","28.25","74.9166666","291.0","CHURU, IN","FM-12","99999","V020","360,1,N,0010,1","01200,1,C,N","004000,1,9,9","+0218,1","+0048,1","10148,1",,,,,,"06,1,+01200,1,06,1",,,,"9,AGL   ,+99999,+99999","06,99,1,06,1,99,9,01200,1,99,9,99,9","240,M,+0244,1",,,"9,9,999,9,+026,1",,"SYN06442170 32696 63602 10218 20048 40148 86500 333 10244 58026 86640=",
"42170099999","2025-01-23T15:00:00","4","28.25","74.9166666","291.0","CHURU, IN","FM-12","99999","V020","999,9,C,0000,1","22000,1,9,N","004000,1,9,9","+0160,1","+0090,1","10175,1",,,,,,"02,1,+03000,1,04,1",,,,"9,AGL   ,+99999,+99999","02,99,1,02,1,99,9,03000,1,99,9,99,9",,,,"9,9,999,9,+030,1",,"SYN05842170 32996 20000 10160 20090 40175 82010 333 58030 82460=",
"42170099999","2025-01-23T18:00:00","4","28.25","74.9166666","291.0","CHURU, IN","FM-12","99999","V020","999,9,C,0000,1","99999,9,9,N","004000,1,9,9","+0120,1","+0088,1","10181,1",,,,,,,,,,,,,,,"9,9,999,9,+023,1",,"SYN04642170 32996 00000 10120 20088 40181 333 58023=",
"42170099999","2025-01-24T00:00:00","4","28.25","74.9166666","291.0","CHURU, IN","FM-12","99999","V020","999,9,C,0000,1","99999,9,9,N","004000,1,9,9","+0082,1","+0065,1","10170,1",,,,,,,,,,,,,,,"9,9,999,9,+015,1",,"SYN04642170 32996 00000 10082 20065 40170 333 58015=",
"42170099999","2025-01-24T03:00:00","4","28.25","74.9166666","291.0","CHURU, IN","FM-12","99999","V020","999,9,C,0000,1","99999,9,9,N","004000,1,9,9","+0082,1","+0065,1","10192,1",,,,,,,,,,,,"240,M,+0244,1","240,N,+0070,1",,"9,9,999,9,+017,1",,"SYN05842170 32996 00000 10082 20065 40192 333 10244 20070 58017=",
"42170099999","2025-01-24T06:00:00","4","28.25","74.9166666","291.0","CHURU, IN","FM-12","99999","V020","320,1,N,0010,1","99999,9,9,N","004000,1,9,9","+0206,2","+0040,1","10186,1",,,,,,,,,,,,,,,"9,9,999,9,+008,1",,"SYN04642170 32996 03202 10206 20040 40186 333 58008=",
"42170099999","2025-01-24T09:00:00","4","28.25","74.9166666","291.0","CHURU, IN","FM-12","99999","V020","270,1,N,0021,1","99999,9,9,N","004000,1,9,9","+0234,1","-0011,1","10156,1",,,,,,,,,,,,,,,"9,9,999,9,+004,1",,"SYN04642170 32996 02704 10234 21011 40156 333 58004=",
"42170099999","2025-01-24T12:00:00","4","28.25","74.9166666","291.0","CHURU, IN","FM-12","99999","V020","360,1,N,0010,1","99999,9,9,N","004000,1,9,9","+0214,1","-0006,1","10153,1",,,,,,,,,,,,"240,M,+0240,1",,,"9,9,999,9,+005,1",,"SYN05242170 32996 03602 10214 21006 40153 333 10240 58005=",
"42170099999","2025-01-24T15:00:00","4","28.25","74.9166666","291.0","CHURU, IN","FM-12","99999","V020","999,9,C,0000,1","99999,9,9,N","004000,1,9,9","+0138,1","+0042,1","10169,1",,,,,,,,,,,,,,,"9,9,999,9,-008,1",,"SYN04642170 32996 00000 10138 20042 40169 333 59008=",
"42170099999","2025-01-24T18:00:00","4","28.25","74.9166666","291.0","CHURU, IN","FM-12","99999","V020","999,9,C,0000,1","99999,9,9,N","002000,1,9,9","+0096,1","+0042,1","10180,1",,"0,1,02,1","0,1,02,1",,,,,,,,,,,,"9,9,999,9,-003,1","05,1","SYN05242170 31995 00000 10096 20042 40180 70500 333 59003=",
"42170099999","2025-01-24T21:00:00","4","28.25","74.9166666","291.0","CHURU, IN","FM-12","99999","V020","999,9,C,0000,1","99999,9,9,N","002000,1,9,9","+0076,1","+0039,1","10169,1",,"0,1,02,1","0,1,02,1",,,,,,,,,,,,"9,9,999,9,-004,1","10,1","SYN05242170 31995 00000 10076 20039 40169 71000 333 59004=",
"42170099999","2025-01-25T00:00:00","4","28.25","74.9166666","291.0","CHURU, IN","FM-12","99999","V020","999,9,C,0000,1","99999,9,9,N","002000,1,9,9","+0058,1","+0034,1","10168,1",,"0,1,02,1","0,1,02,1",,,,,,,,,,,,"9,9,999,9,-006,1","10,1","SYN05242170 31995 00000 10058 20034 40168 71000 333 59006=",
"42170099999","2025-01-25T03:00:00","4","28.25","74.9166666","291.0","CHURU, IN","FM-12","99999","V020","180,1,N,0005,1","99999,9,9,N","002000,1,9,9","+0058,1","+0029,1","10185,1",,"0,1,02,1","0,1,02,1",,,,,,,,,"240,M,+0240,1","240,N,+0044,1",,"9,9,999,9,-010,1","10,1","SYN07442170 31995 01801 10058 20029 40185 71000 333 10240 20044 59010 555 10007=",
"42170099999","2025-01-25T06:00:00","4","28.25","74.9166666","291.0","CHURU, IN","FM-12","99999","V020","270,1,N,0010,1","99999,9,9,N","004000,1,9,9","+0204,2","+0024,1","10180,1",,,,,,,,,,,,,,,"9,9,999,9,+038,1",,"SYN04642170 32996 02702 10204 20024 40180 333 58038=",
"42170099999","2025-01-25T09:00:00","4","28.25","74.9166666","291.0","CHURU, IN","FM-12","99999","V020","050,1,N,0010,1","99999,9,9,N","004000,1,9,9","+0238,2","-0030,1","10145,1",,,,,,,,,,,,,,,"9,9,999,9,-011,1",,"SYN04642170 32996 00502 10238 21030 40145 333 59011=",
"42170099999","2025-01-25T12:00:00","4","28.25","74.9166666","291.0","CHURU, IN","FM-12","99999","V020","320,1,N,0005,1","99999,9,9,N","004000,1,9,9","+0222,1","-0006,1","10138,1",,,,,,,,,,,,"240,M,+0252,1",,,"9,9,999,9,-013,1",,"SYN05242170 32996 03201 10222 21006 40138 333 10252 59013=",
"42170099999","2025-01-25T15:00:00","4","28.25","74.9166666","291.0","CHURU, IN","FM-12","99999","V020","999,9,C,0000,1","99999,9,9,N","004000,1,9,9","+0134,1","+0037,1","10163,1",,,,,,,,,,,,,,,"9,9,999,9,-006,1",,"SYN04642170 32996 00000 10134 20037 40163 333 59006=",
"42170099999","2025-01-25T18:00:00","4","28.25","74.9166666","291.0","CHURU, IN","FM-12","99999","V020","999,9,C,0000,1","99999,9,9,N","004000,1,9,9","+0094,1","+0039,1","10168,1",,,,,,,,,,,,,,,"9,9,999,9,-012,1",,"SYN04642170 32996 00000 10094 20039 40168 333 59012=",
"42170099999","2025-01-25T21:00:00","4","28.25","74.9166666","291.0","CHURU, IN","FM-12","99999","V020","999,9,C,0000,1","99999,9,9,N","004000,1,9,9","+0068,1","+0025,1","10164,1",,,,,,,,,,,,,,,"9,9,999,9,-006,1",,"SYN04642170 32996 00000 10068 20025 40164 333 59006=",
"42170099999","2025-01-26T00:00:00","4","28.25","74.9166666","291.0","CHURU, IN","FM-12","99999","V020","999,9,C,0000,1","99999,9,9,N","004000,1,9,9","+0050,1","+0015,1","10165,1",,,,,,,,,,,,,,,"9,9,999,9,-004,1",,"SYN04642170 32996 00000 10050 20015 40165 333 59004=",
"42170099999","2025-01-26T03:00:00","4","28.25","74.9166666","291.0","CHURU, IN","FM-12","99999","V020","140,1,N,0005,1","99999,9,9,N","004000,1,9,9","+0052,1","+0022,1","10183,1",,,,,,,,,,,,"240,M,+0252,1","240,N,+0036,1",,"9,9,999,9,-003,1",,"SYN06842170 32996 01401 10052 20022 40183 333 10252 20036 59003 555 10007=",
"42170099999","2025-01-26T06:00:00","4","28.25","74.9166666","291.0","CHURU, IN","FM-12","99999","V020","320,1,N,0005,1","99999,9,9,N","004000,1,9,9","+0206,2","+0000,1","10175,1",,,,,,,,,,,,,,,"9,9,999,9,-005,1",,"SYN04642170 32996 03201 10206 20000 40175 333 59005=",
"42170099999","2025-01-26T09:00:00","4","28.25","74.9166666","291.0","CHURU, IN","FM-12","99999","V020","090,1,N,0010,1","99999,9,9,N","004000,1,9,9","+0236,1","-0017,1","10142,1",,,,,,,,,,,,,,,"9,9,999,9,-003,1",,"SYN04642170 32996 00902 10236 21017 40142 333 59003=",
"42170099999","2025-01-26T12:00:00","4","28.25","74.9166666","291.0","CHURU, IN","FM-12","99999","V020","320,1,N,0010,1","99999,9,9,N","004000,1,9,9","+0230,1","-0022,1","10128,1",,,,,,,,,,,,"240,M,+0250,1",,,"9,9,999,9,-010,1",,"SYN05242170 32996 03202 10230 21022 40128 333 10250 59010=",
"42170099999","2025-01-26T15:00:00","4","28.25","74.9166666","291.0","CHURU, IN","FM-12","99999","V020","999,9,C,0000,1","99999,9,9,N","004000,1,9,9","+0132,1","+0051,1","10148,1",,,,,,,,,,,,,,,"9,9,999,9,-014,1",,"SYN04642170 32996 00000 10132 20051 40148 333 59014=",
"42170099999","2025-01-26T18:00:00","4","28.25","74.9166666","291.0","CHURU, IN","FM-12","99999","V020","999,9,C,0000,1","99999,9,9,N","004000,1,9,9","+0092,1","+0026,1","10159,1",,,,,,,,,,,,,,,"9,9,999,9,-009,1",,"SYN04642170 32996 00000 10092 20026 40159 333 59009=",
"42170099999","2025-01-26T21:00:00","4","28.25","74.9166666","291.0","CHURU, IN","FM-12","99999","V020","999,9,C,0000,1","99999,9,9,N","004000,1,9,9","+0072,1","+0034,1","10154,1",,,,,,,,,,,,,,,"9,9,999,9,-008,1",,"SYN04642170 32996 00000 10072 20034 40154 333 59008=",
"42170099999","2025-01-27T00:00:00","4","28.25","74.9166666","291.0","CHURU, IN","FM-12","99999","V020","999,9,C,0000,1","99999,9,9,N","004000,1,9,9","+0046,1","+0016,1","10153,1",,,,,,,,,,,,,,,"9,9,999,9,-011,1",,"SYN04642170 32996 00000 10046 20016 40153 333 59011=",
"42170099999","2025-01-27T03:00:00","4","28.25","74.9166666","291.0","CHURU, IN","FM-12","99999","V020","999,9,C,0000,1","99999,9,9,N","004000,1,9,9","+0048,1","+0007,1","10170,1",,,,,,,,,,,,"240,M,+0250,1","240,N,+0034,1",,"9,9,999,9,-013,1",,"SYN06842170 32996 00000 10048 20007 40170 333 10250 20034 59013 555 10007=",
"42170099999","2025-01-27T06:00:00","4","28.25","74.9166666","291.0","CHURU, IN","FM-12","99999","V020","270,1,N,0005,1","99999,9,9,N","004000,1,9,9","+0218,2","-0043,1","10155,1",,,,,,,,,,,,,,,"9,9,999,9,-018,1",,"SYN04642170 32996 02701 10218 21043 40155 333 59018=",
"42170099999","2025-01-27T09:00:00","4","28.25","74.9166666","291.0","CHURU, IN","FM-12","99999","V020","050,1,N,0010,1","99999,9,9,N","004000,1,9,9","+0252,1","-0057,1","10117,1",,,,,,,,,,,,,,,"9,9,999,9,-021,1",,"SYN04642170 32996 00502 10252 21057 40117 333 59021=",
"42170099999","2025-01-27T12:00:00","4","28.25","74.9166666","291.0","CHURU, IN","FM-12","99999","V020","090,1,N,0010,1","99999,9,9,N","004000,1,9,9","+0234,1","-0045,1","10109,1",,,,,,,,,,,,"240,M,+0265,1",,,"9,9,999,9,-017,1",,"SYN05242170 32996 00902 10234 21045 40109 333 10265 59017=",
"42170099999","2025-01-27T15:00:00","4","28.25","74.9166666","291.0","CHURU, IN","FM-12","99999","V020","999,9,C,0000,1","99999,9,9,N","004000,1,9,9","+0134,1","+0037,1","10135,1",,,,,,,,,,,,,,,"9,9,999,9,-013,1",,"SYN04642170 32996 00000 10134 20037 40135 333 59013=",
"42170099999","2025-01-27T18:00:00","4","28.25","74.9166666","291.0","CHURU, IN","FM-12","99999","V020","999,9,C,0000,1","99999,9,9,N","004000,1,9,9","+0098,1","+0028,1","10142,1",,,,,,,,,,,,,,,"9,9,999,9,-016,1",,"SYN04642170 32996 00000 10098 20028 40142 333 59016=",
"42170099999","2025-01-27T21:00:00","4","28.25","74.9166666","291.0","CHURU, IN","FM-12","99999","V020","999,9,C,0000,1","99999,9,9,N","004000,1,9,9","+0068,1","+0014,1","10140,1",,,,,,,,,,,,,,,"9,9,999,9,-015,1",,"SYN04642170 32996 00000 10068 20014 40140 333 59015=",
"42170099999","2025-01-28T00:00:00","4","28.25","74.9166666","291.0","CHURU, IN","FM-12","99999","V020","999,9,C,0000,1","99999,9,9,N","004000,1,9,9","+0050,1","+0009,1","10134,1",,,,,,,,,,,,,,,"9,9,999,9,-017,1",,"SYN04642170 32996 00000 10050 20009 40134 333 59017=",
"42170099999","2025-01-28T03:00:00","4","28.25","74.9166666","291.0","CHURU, IN","FM-12","99999","V020","999,9,C,0000,1","99999,9,9,N","004000,1,9,9","+0060,1","-0002,1","10157,1",,,,,,,,,,,,"240,M,+0265,1","240,N,+0039,1",,"9,9,999,9,-011,1",,"SYN06842170 32996 00000 10060 21002 40157 333 10265 20039 59011 555 10007=",
"42170099999","2025-01-28T06:00:00","4","28.25","74.9166666","291.0","CHURU, IN","FM-12","99999","V020","999,9,C,0000,1","99999,9,9,N","004000,1,9,9","+0232,2","+0014,1","10145,1",,,,,,,,,,,,,,,"9,9,999,9,-008,1",,"SYN04642170 32996 00000 10232 20014 40145 333 59008=",
"42170099999","2025-01-28T09:00:00","4","28.25","74.9166666","291.0","CHURU, IN","FM-12","99999","V020","180,1,N,0005,1","99999,9,9,N","004000,1,9,9","+0264,1","-0011,1","10113,1",,,,,,,,,,,,,,,"9,9,999,9,-003,1",,"SYN04642170 32996 01801 10264 21011 40113 333 59003=",
"42170099999","2025-01-28T12:00:00","4","28.25","74.9166666","291.0","CHURU, IN","FM-12","99999","V020","090,1,N,0015,1","99999,9,9,N","004000,1,9,9","+0246,1","-0011,1","10100,1",,,,,,,,,,,,"240,M,+0277,1",,,"9,9,999,9,-007,1",,"SYN05242170 32996 00903 10246 21011 40100 333 10277 59007=",
"42170099999","2025-01-28T15:00:00","4","28.25","74.9166666","291.0","CHURU, IN","FM-12","99999","V020","999,9,C,0000,1","99999,9,9,N","004000,1,9,9","+0150,1","+0048,1","10126,1",,,,,,,,,,,,,,,"9,9,999,9,-007,1",,"SYN04642170 32996 00000 10150 20048 40126 333 59007=",
"42170099999","2025-01-28T18:00:00","4","28.25","74.9166666","291.0","CHURU, IN","FM-12","99999","V020","999,9,C,0000,1","99999,9,9,N","004000,1,9,9","+0120,1","+0040,1","10135,1",,,,,,,,,,,,,,,"9,9,999,9,-004,1",,"SYN04642170 32996 00000 10120 20040 40135 333 59004=",
"42170099999","2025-01-28T21:00:00","4","28.25","74.9166666","291.0","CHURU, IN","FM-12","99999","V020","999,9,C,0000,1","99999,9,9,N","004000,1,9,9","+0100,1","+0047,1","10136,1",,,,,,,,,,,,,,,"9,9,999,9,+000,1",,"SYN04642170 32996 00000 10100 20047 40136 333 58000=",
"42170099999","2025-01-29T00:00:00","4","28.25","74.9166666","291.0","CHURU, IN","FM-12","99999","V020","999,9,C,0000,1","99999,9,9,N","004000,1,9,9","+0084,1","+0043,1","10140,1",,,,,,,,,,,,,,,"9,9,999,9,+009,1",,"SYN04642170 32996 00000 10084 20043 40140 333 58009=",
"42170099999","2025-01-29T03:00:00","4","28.25","74.9166666","291.0","CHURU, IN","FM-12","99999","V020","050,1,N,0010,1","99999,9,9,N","004000,1,9,9","+0110,1","+0033,1","10155,1",,,,,,,,,,,,"240,M,+0277,1","240,N,+0079,1",,"9,9,999,9,+004,1",,"SYN06842170 32996 00502 10110 20033 40155 333 10277 20079 58004 555 10007=",
"42170099999","2025-01-29T06:00:00","4","28.25","74.9166666","291.0","CHURU, IN","FM-12","99999","V020","180,1,N,0010,1","99999,9,9,N","004000,1,9,9","+0240,2","+0067,1","10147,1",,,,,,,,,,,,,,,"9,9,999,9,+002,1",,"SYN04642170 32996 01802 10240 20067 40147 333 58002=",
"42170099999","2025-01-29T09:00:00","4","28.25","74.9166666","291.0","CHURU, IN","FM-12","99999","V020","999,9,C,0000,1","99999,9,9,N","004000,1,9,9","+0284,2","+0066,1","10107,1",,,,,,,,,,,,,,,"9,9,999,9,-004,1",,"SYN04642170 32996 00000 10284 20066 40107 333 59004=",
"42170099999","2025-01-29T12:00:00","4","28.25","74.9166666","291.0","CHURU, IN","FM-12","99999","V020","999,9,C,0000,1","99999,9,9,N","004000,1,9,9","+0262,1","+0057,1","10094,1",,,,,,,,,,,,,,,"9,9,999,9,-003,1",,"SYN05242170 32996 00000 10262 20057 40094 333 10294 59003=",
"42170099999","2025-01-29T15:00:00","4","28.25","74.9166666","291.0","CHURU, IN","FM-12","99999","V020","090,1,N,0015,1","99999,9,9,N","004000,1,9,9","+0190,1","+0096,1","10114,1",,,,,,,,,,,,,,,"9,9,999,9,-007,1",,"SYN04642170 32996 00903 10190 20096 40114 333 59007=",
"42170099999","2025-01-29T18:00:00","4","28.25","74.9166666","291.0","CHURU, IN","FM-12","99999","V020","999,9,C,0000,1","99999,9,9,N","004000,1,9,9","+0150,1","+0100,1","10123,1",,,,,,,,,,,,,,,"9,9,999,9,-008,1",,"SYN04642170 32996 00000 10150 20100 40123 333 59008=",
"42170099999","2025-01-29T21:00:00","4","28.25","74.9166666","291.0","CHURU, IN","FM-12","99999","V020","999,9,C,0000,1","99999,9,9,N","004000,1,9,9","+0130,1","+0077,1","10109,1",,,,,,,,,,,,,,,"9,9,999,9,-023,1",,"SYN04642170 32996 00000 10130 20077 40109 333 59023=",
"42170099999","2025-01-30T00:00:00","4","28.25","74.9166666","291.0","CHURU, IN","FM-12","99999","V020","090,1,N,0010,1","99999,9,9,N","002000,1,9,9","+0116,1","+0092,1","10103,1",,"0,1,02,1","0,1,02,1",,,,,,,,,,,,"9,9,999,9,-032,1","10,1","SYN05242170 31995 00902 10116 20092 40103 71000 333 59032=",
"42170099999","2025-01-30T03:00:00","4","28.25","74.9166666","291.0","CHURU, IN","FM-12","99999","V020","999,9,C,0000,1","99999,9,9,N","004000,1,9,9","+0126,1","+0099,1","10118,1",,,,,,,,,,,,"240,M,+0294,1","240,N,+0112,1",,"9,9,999,9,-033,1",,"SYN06842170 32996 00000 10126 20099 40118 333 10294 20112 59033 555 10007=",
"42170099999","2025-01-30T06:00:00","4","28.25","74.9166666","291.0","CHURU, IN","FM-12","99999","V020","180,1,N,0010,1","99999,9,9,N","004000,1,9,9","+0222,1","+0055,1","10115,1",,,,,,,,,,,,,,,"9,9,999,9,-032,1",,"SYN04642170 32996 01802 10222 20055 40115 333 59032=",
"42170099999","2025-01-30T09:00:00","4","28.25","74.9166666","291.0","CHURU, IN","FM-12","99999","V020","270,1,N,0010,1","99999,9,9,N","004000,1,9,9","+0264,1","+0061,1","10083,1",,,,,,,,,,,,,,,"9,9,999,9,-025,1",,"SYN04642170 32996 02702 10264 20061 40083 333 59025=",
"42170099999","2025-01-30T12:00:00","4","28.25","74.9166666","291.0","CHURU, IN","FM-12","99999","V020","320,1,N,0010,1","99999,9,9,N","004000,1,9,9","+0234,1","+0084,1","10081,1",,,,,,,,,,,,"240,M,+0270,1",,,"9,9,999,9,-017,1",,"SYN05242170 32996 03202 10234 20084 40081 333 10270 59017=",
"42170099999","2025-01-30T15:00:00","4","28.25","74.9166666","291.0","CHURU, IN","FM-12","99999","V020","999,9,C,0000,1","99999,9,9,N","004000,1,9,9","+0174,1","+0107,1","10102,1",,,,,,,,,,,,,,,"9,9,999,9,-013,1",,"SYN04642170 32996 00000 10174 20107 40102 333 59013=",
"42170099999","2025-01-30T18:00:00","4","28.25","74.9166666","291.0","CHURU, IN","FM-12","99999","V020","999,9,C,0000,1","99999,9,9,N","004000,1,9,9","+0140,1","+0110,1","10112,1",,,,,,,,,,,,,,,"9,9,999,9,-012,1",,"SYN04642170 32996 00000 10140 20110 40112 333 59012=",
"42170099999","2025-01-30T21:00:00","4","28.25","74.9166666","291.0","CHURU, IN","FM-12","99999","V020","999,9,C,0000,1","99999,9,9,N","002000,1,9,9","+0122,1","+0107,1","10102,1",,"0,1,02,1","0,1,02,1",,,,,,,,,,,,"9,9,999,9,-007,1","10,1","SYN05242170 31995 00000 10122 20107 40102 71000 333 59007=",
"42170099999","2025-01-31T00:00:00","4","28.25","74.9166666","291.0","CHURU, IN","FM-12","99999","V020","999,9,C,0000,1","00030,1,W,N","000050,1,9,9","+0116,1","+0112,1","10103,1",,"4,1,02,1","0,1,02,1",,,,,,,,"09,99,1,99,9,99,9,99999,9,99,9,99,9",,,,"9,9,999,9,+000,1","45,1","SYN05242170 31/91 90000 10116 20112 40103 74540 333 58000=",
"42170099999","2025-01-31T03:00:00","4","28.25","74.9166666","291.0","CHURU, IN","FM-12","99999","V020","320,1,N,0005,1","00030,1,W,N","000050,1,9,9","+0124,1","+0124,1","10123,1",,"4,1,02,1","4,1,02,1",,,,,,,,"09,99,1,99,9,99,9,99999,9,99,9,99,9","240,M,+0270,1","240,N,+0112,1",,"9,9,999,9,+005,1","45,1","SYN07442170 31/91 93201 10124 20124 40123 74544 333 10270 20112 58005 555 10007=",
"42170099999","2025-01-31T06:00:00","4","28.25","74.9166666","291.0","CHURU, IN","FM-12","99999","V020","270,1,N,0005,1","00120,1,W,N","000500,1,9,9","+0152,1","+0138,1","10135,1",,"4,1,02,1","4,1,02,1",,,,,,,,"09,99,1,99,9,99,9,99999,9,99,9,99,9",,,,"9,9,999,9,+012,1","45,1","SYN05242170 31/93 92701 10152 20138 40135 74544 333 58012=",
"42170099999","2025-01-31T09:00:00","4","28.25","74.9166666","291.0","CHURU, IN","FM-12","99999","V020","180,1,N,0005,1","99999,9,9,N","002000,1,9,9","+0230,1","+0129,1","10099,1",,"4,1,02,1","0,1,02,1",,,,,,,,,,,,"9,9,999,9,+011,1","05,1","SYN05242170 31995 01801 10230 20129 40099 70540 333 58011=",
"42170099999","2025-01-31T12:00:00","4","28.25","74.9166666","291.0","CHURU, IN","FM-12","99999","V020","360,1,N,0005,1","99999,9,9,N","002000,1,9,9","+0222,1","+0087,1","10091,1",,"4,1,02,1","0,1,02,1",,,,,,,,,"240,M,+0244,1",,,"9,9,999,9,+009,1","05,1","SYN05842170 31995 03601 10222 20087 40091 70540 333 10244 58009=",
"42170099999","2025-01-31T15:00:00","4","28.25","74.9166666","291.0","CHURU, IN","FM-12","99999","V020","999,9,C,0000,1","99999,9,9,N","002000,1,9,9","+0160,1","+0108,1","10117,1",,"0,1,02,1","0,1,02,1",,,,,,,,,,,,"9,9,999,9,+012,1","05,1","SYN05242170 31995 00000 10160 20108 40117 70500 333 58012=",
"42170099999","2025-01-31T18:00:00","4","28.25","74.9166666","291.0","CHURU, IN","FM-12","99999","V020","999,9,C,0000,1","99999,9,9,N","002000,1,9,9","+0132,1","+0101,1","10129,1",,"0,1,02,1","0,1,02,1",,,,,,,,,,,,"9,9,999,9,+017,1","05,1","SYN05242170 31995 00000 10132 20101 40129 70500 333 58017=",
"42170099999","2025-02-01T00:00:00","4","28.25","74.9166666","291.0","CHURU, IN","FM-12","99999","V020","999,9,C,0000,1","99999,9,9,N","000500,1,9,9","+0104,1","+0104,1","10122,1",,"0,1,02,1","0,1,02,1",,,,,,,,,,,,"9,9,999,9,+017,1","44,1","SYN05242170 31993 00000 10104 20104 40122 74400 333 58017=",
"42170099999","2025-02-01T03:00:00","4","28.25","74.9166666","291.0","CHURU, IN","FM-12","99999","V020","090,1,N,0005,1","01200,1,C,N","002000,1,9,9","+0114,1","+0106,1","10144,1",,"4,1,02,1","1,1,02,1",,,"07,1,+01200,1,06,1",,,,"9,AGL   ,+99999,+99999","07,99,1,07,1,99,9,01200,1,99,9,99,9","240,M,+0244,1","240,N,+0101,1",,"9,9,999,9,+019,1","10,1","SYN08642170 31695 70901 10114 20106 40144 71041 87500 333 10244 20101 58019 87640 555 10007=",
"42170099999","2025-02-01T06:00:00","4","28.25","74.9166666","291.0","CHURU, IN","FM-12","99999","V020","050,1,N,0010,1","22000,1,9,N","002000,1,9,9","+0200,1","+0117,1","10152,1",,"4,1,02,1","1,1,02,1",,,"03,1,+00600,1,06,1",,,,"9,AGL   ,+99999,+99999","03,99,1,03,1,99,9,00600,1,99,9,99,9",,,,"9,9,999,9,+021,1","05,1","SYN06442170 31595 30502 10200 20117 40152 70541 83500 333 58021 83620=",
"42170099999","2025-02-01T09:00:00","4","28.25","74.9166666","291.0","CHURU, IN","FM-12","99999","V020","360,1,N,0021,1","02400,1,C,N","004000,1,9,9","+0234,1","+0099,1","10123,1",,,,,,"02,1,+00900,1,06,1","05,1,+02400,1,04,1",,,"9,AGL   ,+99999,+99999","05,99,1,02,1,99,9,00900,1,99,9,99,9",,,,"9,9,999,9,+024,1",,"SYN06442170 32596 53604 10234 20099 40123 82510 333 58024 82630 85458=",
"42170099999","2025-02-01T12:00:00","4","28.25","74.9166666","291.0","CHURU, IN","FM-12","99999","V020","360,1,N,0015,1","22000,1,9,N","004000,1,9,9","+0214,1","+0070,1","10125,1",,,,,,"02,1,+03000,1,04,1",,,,"9,AGL   ,+99999,+99999","02,99,1,02,1,99,9,03000,1,99,9,99,9",,,,"9,9,999,9,+032,1",,"SYN06442170 32996 23603 10214 20070 40125 82010 333 10245 58032 82460=",
"42170099999","2025-02-01T15:00:00","4","28.25","74.9166666","291.0","CHURU, IN","FM-12","99999","V020","360,1,N,0010,1","22000,1,9,N","004000,1,9,9","+0174,1","+0075,1","10147,1",,,,,,"02,1,+03000,1,04,1",,,,"9,AGL   ,+99999,+99999","02,99,1,02,1,99,9,03000,1,99,9,99,9",,,,"9,9,999,9,+032,1",,"SYN05842170 32996 23602 10174 20075 40147 82010 333 58032 82460=",
"42170099999","2025-02-01T18:00:00","4","28.25","74.9166666","291.0","CHURU, IN","FM-12","99999","V020","320,1,N,0005,1","22000,1,9,N","002000,1,9,9","+0152,1","+0130,1","10159,1",,"0,1,02,1","0,1,02,1",,,"02,1,+03000,1,04,1",,,,"9,AGL   ,+99999,+99999","02,99,1,02,1,99,9,03000,1,99,9,99,9",,,,"9,9,999,9,+031,1","10,1","SYN06442170 31995 23201 10152 20130 40159 71000 82010 333 58031 82460=",
"42170099999","2025-02-01T21:00:00","4","28.25","74.9166666","291.0","CHURU, IN","FM-12","99999","V020","999,9,C,0000,1","22000,1,9,N","002000,1,9,9","+0130,1","+0115,1","10155,1",,"0,1,02,1","0,1,02,1",,,"02,1,+03000,1,04,1",,,,"9,AGL   ,+99999,+99999","02,99,1,02,1,99,9,03000,1,99,9,99,9",,,,"9,9,999,9,+030,1","10,1","SYN06442170 31995 20000 10130 20115 40155 71000 82010 333 58030 82460=",
"42170099999","2025-02-02T00:00:00","4","28.25","74.9166666","291.0","CHURU, IN","FM-12","99999","V020","999,9,C,0000,1","00030,1,W,N","000050,1,9,9","+0094,1","+0094,1","10163,1",,"4,1,02,1","0,1,02,1",,,,,,,,"09,99,1,99,9,99,9,99999,9,99,9,99,9",,,,"9,9,999,9,+038,1","45,1","SYN05242170 31/91 90000 10094 20094 40163 74540 333 58038=",
"42170099999","2025-02-02T03:00:00","4","28.25","74.9166666","291.0","CHURU, IN","FM-12","99999","V020","999,9,C,0000,1","00030,1,W,N","000050,1,9,9","+0094,1","+0094,1","10180,1",,"4,1,02,1","4,1,02,1",,,,,,,,"09,99,1,99,9,99,9,99999,9,99,9,99,9","240,M,+0245,1","240,N,+0090,1",,"9,9,999,9,+022,1","45,1","SYN06442170 31/91 90000 10094 20094 40180 74544 333 10245 20090 58022=",
"42170099999","2025-02-02T06:00:00","4","28.25","74.9166666","291.0","CHURU, IN","FM-12","99999","V020","050,1,N,0005,1","99999,9,9,N","004000,1,9,9","+0170,1","+0094,1","10193,1",,"0,1,02,1","0,1,02,1",,,,,,,,,,,,"9,9,999,9,+036,1","05,1","SYN05242170 31996 00501 10170 20094 40193 70500 333 58036=",
"42170099999","2025-02-02T09:00:00","4","28.25","74.9166666","291.0","CHURU, IN","FM-12","99999","V020","320,1,N,0010,1","99999,9,9,N","004000,1,9,9","+0234,1","+0025,1","10154,1",,,,,,,,,,,,,,,"9,9,999,9,+030,1",,"SYN04642170 32996 03202 10234 20025 40154 333 58030=",
"42170099999","2025-02-02T12:00:00","4","28.25","74.9166666","291.0","CHURU, IN","FM-12","99999","V020","320,1,N,0010,1","99999,9,9,N","004000,1,9,9","+0228,1","+0034,1","10143,1",,,,,,,,,,,,"240,M,+0237,1",,,"9,9,999,9,+018,1",,"SYN05242170 32996 03202 10228 20034 40143 333 10237 58018=",
"42170099999","2025-02-02T15:00:00","4","28.25","74.9166666","291.0","CHURU, IN","FM-12","99999","V020","360,1,N,0015,1","99999,9,9,N","004000,1,9,9","+0160,1","+0040,1","10163,1",,,,,,,,,,,,,,,"9,9,999,9,+013,1",,"SYN04642170 32996 03603 10160 20040 40163 333 58013=",
"42170099999","2025-02-02T18:00:00","4","28.25","74.9166666","291.0","CHURU, IN","FM-12","99999","V020","999,9,C,0000,1","99999,9,9,N","004000,1,9,9","+0128,1","+0070,1","10171,1",,,,,,,,,,,,,,,"9,9,999,9,+008,1",,"SYN04642170 32996 00000 10128 20070 40171 333 58008=",
"42170099999","2025-02-02T21:00:00","4","28.25","74.9166666","291.0","CHURU, IN","FM-12","99999","V020","999,9,C,0000,1","99999,9,9,N","002000,1,9,9","+0094,1","+0064,1","10158,1",,"0,1,02,1","0,1,02,1",,,,,,,,,,,,"9,9,999,9,-001,1","10,1","SYN05242170 31995 00000 10094 20064 40158 71000 333 59001=",
"42170099999","2025-02-03T00:00:00","4","28.25","74.9166666","291.0","CHURU, IN","FM-12","99999","V020","999,9,C,0000,1","99999,9,9,N","002000,1,9,9","+0076,1","+0058,1","10152,1",,"0,1,02,1","0,1,02,1",,,,,,,,,,,,"9,9,999,9,-012,1","10,1","SYN05242170 31995 00000 10076 20058 40152 71000 333 59012=",
"42170099999","2025-02-03T03:00:00","4","28.25","74.9166666","291.0","CHURU, IN","FM-12","99999","V020","270,1,N,0005,1","99999,9,9,N","002000,1,9,9","+0086,1","+0060,1","10166,1",,"0,1,02,1","0,1,02,1",,,,,,,,,"240,M,+0237,1","240,N,+0065,1",,"9,9,999,9,-015,1","10,1","SYN06442170 31995 02701 10086 20060 40166 71000 333 10237 20065 59015=",
"42170099999","2025-02-03T06:00:00","4","28.25","74.9166666","291.0","CHURU, IN","FM-12","99999","V020","050,1,N,0005,1","99999,9,9,N","004000,1,9,9","+0204,2","+0037,1","10155,1",,,,,,,,,,,,,,,"9,9,999,9,-032,1",,"SYN04642170 32996 00501 10204 20037 40155 333 59032=",
"42170099999","2025-02-03T09:00:00","4","28.25","74.9166666","291.0","CHURU, IN","FM-12","99999","V020","180,1,N,0010,1","99999,9,9,N","004000,1,9,9","+0252,1","+0045,1","10123,1",,,,,,,,,,,,,,,"9,9,999,9,-028,1",,"SYN04642170 32996 01802 10252 20045 40123 333 59028=",
"42170099999","2025-02-03T12:00:00","4","28.25","74.9166666","291.0","CHURU, IN","FM-12","99999","V020","140,1,N,0010,1","99999,9,9,N","004000,1,9,9","+0236,1","+0071,1","10114,1",,,,,,,,,,,,"240,M,+0265,1",,,"9,9,999,9,-026,1",,"SYN05242170 32996 01402 10236 20071 40114 333 10265 59026=",
"42170099999","2025-02-03T15:00:00","4","28.25","74.9166666","291.0","CHURU, IN","FM-12","99999","V020","090,1,N,0010,1","99999,9,9,N","004000,1,9,9","+0168,1","+0077,1","10140,1",,,,,,,,,,,,,,,"9,9,999,9,-023,1",,"SYN04642170 32996 00902 10168 20077 40140 333 59023=",
"42170099999","2025-02-03T18:00:00","4","28.25","74.9166666","291.0","CHURU, IN","FM-12","99999","V020","050,1,N,0010,1","99999,9,9,N","004000,1,9,9","+0148,1","+0085,1","10151,1",,,,,,,,,,,,,,,"9,9,999,9,-017,1",,"SYN04642170 32996 00502 10148 20085 40151 333 59017=",
"42170099999","2025-02-03T21:00:00","4","28.25","74.9166666","291.0","CHURU, IN","FM-12","99999","V020","050,1,N,0005,1","99999,9,9,N","002000,1,9,9","+0124,1","+0088,1","10152,1",,"0,1,02,1","0,1,02,1",,,,,,,,,,,,"9,9,999,9,-002,1","10,1","SYN05242170 31995 00501 10124 20088 40152 71000 333 59002=",
"42170099999","2025-02-04T00:00:00","4","28.25","74.9166666","291.0","CHURU, IN","FM-12","99999","V020","050,1,N,0015,1","03000,1,C,N","002000,1,9,9","+0130,1","+0082,1","10144,1",,"1,1,02,1","0,1,02,1",,,"03,1,+00900,1,06,1","05,1,+03000,1,04,1",,,"9,AGL   ,+99999,+99999","05,99,1,03,1,99,9,00900,1,99,9,99,9",,,,"9,9,999,9,-001,1","05,1","SYN07042170 31595 50503 10130 20082 40144 70510 83510 333 59001 83630 85460=",
"42170099999","2025-02-04T03:00:00","4","28.25","74.9166666","291.0","CHURU, IN","FM-12","99999","V020","050,1,N,0010,1","03000,1,9,N","004000,1,9,9","+0136,1","+0075,1","10160,1","24,0000,2,1","2,1,02,1","2,1,02,1",,,"04,1,+01050,1,06,1","05,1,+03000,1,04,1",,,"9,AGL   ,+99999,+99999","06,99,1,04,1,99,9,01050,1,99,9,99,9","240,M,+0265,1","240,N,+0123,1",,"9,9,999,9,+000,1","50,1","SYN09842170 21696 60502 10136 20075 40160 75022 84510 333 10265 20123 58000 6990/ 84635 85460 555 10007=",
"42170099999","2025-02-04T06:00:00","4","28.25","74.9166666","291.0","CHURU, IN","FM-12","99999","V020","090,1,N,0010,1","02400,1,9,N","004000,1,9,9","+0194,1","+0051,1","10162,1",,,,,,"04,1,+01050,1,06,1","07,1,+02400,1,04,1",,,"9,AGL   ,+99999,+99999","07,99,1,04,1,99,9,01050,1,99,9,99,9",,,,"9,9,999,9,+006,1",,"SYN06442170 32696 70902 10194 20051 40162 84510 333 58006 84635 87458=",
"42170099999","2025-02-04T09:00:00","4","28.25","74.9166666","291.0","CHURU, IN","FM-12","99999","V020","999,9,C,0000,1","22000,1,9,N","004000,1,9,9","+0244,1","+0089,1","10129,1",,,,,,"02,1,+06000,1,00,1",,,,"9,AGL   ,+99999,+99999","02,99,1,02,1,99,9,06000,1,99,9,99,9",,,,"9,9,999,9,+005,1",,"SYN05842170 32996 20000 10244 20089 40129 80001 333 58005 82070=",
"42170099999","2025-02-04T12:00:00","4","28.25","74.9166666","291.0","CHURU, IN","FM-12","99999","V020","270,1,N,0005,1","99999,9,9,N","004000,1,9,9","+0228,1","+0059,1","10123,1",,,,,,,,,,,,"240,M,+0254,1",,,"9,9,999,9,+007,1",,"SYN05242170 32996 02701 10228 20059 40123 333 10254 58007=",
"42170099999","2025-02-04T15:00:00","4","28.25","74.9166666","291.0","CHURU, IN","FM-12","99999","V020","320,1,N,0005,1","22000,1,9,N","004000,1,9,9","+0174,1","+0055,1","10147,1",,,,,,"01,1,+03000,1,04,1",,,,"9,AGL   ,+99999,+99999","01,99,1,01,1,99,9,03000,1,99,9,99,9",,,,"9,9,999,9,+010,1",,"SYN05842170 32996 13201 10174 20055 40147 81010 333 58010 81460=",
"42170099999","2025-02-04T18:00:00","4","28.25","74.9166666","291.0","CHURU, IN","FM-12","99999","V020","320,1,N,0005,1","99999,9,9,N","004000,1,9,9","+0146,1","+0096,1","10159,1",,,,,,,,,,,,,,,"9,9,999,9,+008,1",,"SYN04642170 32996 03201 10146 20096 40159 333 58008=",
"42170099999","2025-02-04T21:00:00","4","28.25","74.9166666","291.0","CHURU, IN","FM-12","99999","V020","999,9,C,0000,1","99999,9,9,N","004000,1,9,9","+0100,1","+0075,1","10158,1",,,,,,,,,,,,,,,"9,9,999,9,+002,1",,"SYN04642170 32996 00000 10100 20075 40158 333 58002=",
"42170099999","2025-02-05T00:00:00","4","28.25","74.9166666","291.0","CHURU, IN","FM-12","99999","V020","999,9,C,0000,1","99999,9,9,N","004000,1,9,9","+0080,1","+0067,1","10157,1",,,,,,,,,,,,,,,"9,9,999,9,+006,1",,"SYN04642170 32996 00000 10080 20067 40157 333 58006=",
"42170099999","2025-02-05T03:00:00","4","28.25","74.9166666","291.0","CHURU, IN","FM-12","99999","V020","270,1,N,0005,1","99999,9,9,N","004000,1,9,9","+0090,1","+0069,1","10182,1",,,,,,,,,,,,"240,M,+0254,1","240,N,+0072,1",,"9,9,999,9,+015,1",,"SYN06842170 32996 02701 10090 20069 40182 333 10254 20072 58015 555 10007=",
"42170099999","2025-02-05T06:00:00","4","28.25","74.9166666","291.0","CHURU, IN","FM-12","99999","V020","360,1,N,0005,1","99999,9,9,N","004000,1,9,9","+0206,2","+0063,1","10176,1",,,,,,,,,,,,,,,"9,9,999,9,+014,1",,"SYN04642170 32996 03601 10206 20063 40176 333 58014=",
"42170099999","2025-02-05T09:00:00","4","28.25","74.9166666","291.0","CHURU, IN","FM-12","99999","V020","320,1,N,0005,1","99999,9,9,N","004000,1,9,9","+0240,1","-0016,1","10152,1",,,,,,,,,,,,,,,"9,9,999,9,+021,1",,"SYN04642170 32996 03201 10240 21016 40152 333 58021=",
"42170099999","2025-02-05T12:00:00","4","28.25","74.9166666","291.0","CHURU, IN","FM-12","99999","V020","999,9,C,0000,1","99999,9,9,N","004000,1,9,9","+0228,1","+0034,1","10147,1",,,,,,,,,,,,"240,M,+0248,1",,,"9,9,999,9,+023,1",,"SYN05242170 32996 00000 10228 20034 40147 333 10248 58023=",
"42170099999","2025-02-05T15:00:00","4","28.25","74.9166666","291.0","CHURU, IN","FM-12","99999","V020","999,9,C,0000,1","99999,9,9,N","004000,1,9,9","+0146,1","+0048,1","10172,1",,,,,,,,,,,,,,,"9,9,999,9,+021,1",,"SYN04642170 32996 00000 10146 20048 40172 333 58021=",
"42170099999","2025-02-05T18:00:00","4","28.25","74.9166666","291.0","CHURU, IN","FM-12","99999","V020","999,9,C,0000,1","99999,9,9,N","004000,1,9,9","+0122,1","+0058,1","10186,1",,,,,,,,,,,,,,,"9,9,999,9,+022,1",,"SYN04642170 32996 00000 10122 20058 40186 333 58022=",
"42170099999","2025-02-05T21:00:00","4","28.25","74.9166666","291.0","CHURU, IN","FM-12","99999","V020","999,9,C,0000,1","99999,9,9,N","004000,1,9,9","+0096,1","+0062,1","10188,1",,,,,,,,,,,,,,,"9,9,999,9,+029,1",,"SYN04642170 32996 00000 10096 20062 40188 333 58029=",
"42170099999","2025-02-06T00:00:00","4","28.25","74.9166666","291.0","CHURU, IN","FM-12","99999","V020","999,9,C,0000,1","99999,9,9,N","004000,1,9,9","+0078,1","+0046,1","10186,1",,,,,,,,,,,,,,,"9,9,999,9,+028,1",,"SYN04642170 32996 00000 10078 20046 40186 333 58028=",
"42170099999","2025-02-06T03:00:00","4","28.25","74.9166666","291.0","CHURU, IN","FM-12","99999","V020","999,9,C,0000,1","99999,9,9,N","004000,1,9,9","+0080,1","+0049,1","10207,1",,,,,,,,,,,,"240,M,+0248,1","240,N,+0062,1",,"9,9,999,9,+023,1",,"SYN06842170 32996 00000 10080 20049 40207 333 10248 20062 58023 555 10007=",
"42170099999","2025-02-06T06:00:00","4","28.25","74.9166666","291.0","CHURU, IN","FM-12","99999","V020","050,1,N,0010,1","99999,9,9,N","004000,1,9,9","+0194,2","+0067,1","10203,1",,,,,,,,,,,,,,,"9,9,999,9,+025,1",,"SYN04642170 32996 00502 10194 20067 40203 333 58025=",
"42170099999","2025-02-06T09:00:00","4","28.25","74.9166666","291.0","CHURU, IN","FM-12","99999","V020","320,1,N,0010,1","99999,9,9,N","004000,1,9,9","+0236,1","+0022,1","10178,1",,,,,,,,,,,,,,,"9,9,999,9,+025,1",,"SYN04642170 32996 03202 10236 20022 40178 333 58025=",
"42170099999","2025-02-06T12:00:00","4","28.25","74.9166666","291.0","CHURU, IN","FM-12","99999","V020","320,1,N,0015,1","99999,9,9,N","004000,1,9,9","+0220,1","-0017,1","10161,1",,,,,,,,,,,,"240,M,+0241,1",,,"9,9,999,9,+013,1",,"SYN05242170 32996 03203 10220 21017 40161 333 10241 58013=",
"42170099999","2025-02-06T15:00:00","4","28.25","74.9166666","291.0","CHURU, IN","FM-12","99999","V020","999,9,C,0000,1","22000,1,9,N","004000,1,9,9","+0152,1","+0034,1","10186,1",,,,,,"04,1,+06000,1,00,1",,,,"9,AGL   ,+99999,+99999","04,99,1,04,1,99,9,06000,1,99,9,99,9",,,,"9,9,999,9,+014,1",,"SYN05842170 32996 40000 10152 20034 40186 80001 333 58014 84070=",
"42170099999","2025-02-06T18:00:00","4","28.25","74.9166666","291.0","CHURU, IN","FM-12","99999","V020","999,9,C,0000,1","22000,1,9,N","004000,1,9,9","+0124,1","+0040,1","10201,1",,,,,,"01,1,+06000,1,00,1",,,,"9,AGL   ,+99999,+99999","01,99,1,01,1,99,9,06000,1,99,9,99,9",,,,"9,9,999,9,+016,1",,"SYN05842170 32996 10000 10124 20040 40201 80001 333 58016 81070=",
"42170099999","2025-02-06T21:00:00","4","28.25","74.9166666","291.0","CHURU, IN","FM-12","99999","V020","999,9,C,0000,1","99999,9,9,N","004000,1,9,9","+0084,1","+0038,1","10200,1",,,,,,,,,,,,,,,"9,9,999,9,+010,1",,"SYN04642170 32996 00000 10084 20038 40200 333 58010=",
"42170099999","2025-02-07T00:00:00","4","28.25","74.9166666","291.0","CHURU, IN","FM-12","99999","V020","999,9,C,0000,1","99999,9,9,N","004000,1,9,9","+0064,1","+0036,1","10195,1",,,,,,,,,,,,,,,"9,9,999,9,+008,1",,"SYN04642170 32996 00000 10064 20036 40195 333 58008=",
"42170099999","2025-02-07T03:00:00","4","28.25","74.9166666","291.0","CHURU, IN","FM-12","99999","V020","230,1,N,0005,1","22000,1,9,N","004000,1,9,9","+0084,1","+0033,1","10205,1",,,,,,"02,1,+03000,1,04,1",,,,"9,AGL   ,+99999,+99999","02,99,1,02,1,99,9,03000,1,99,9,99,9","240,M,+0241,1","240,N,+0056,1",,"9,9,999,9,+000,1",,"SYN08042170 32996 22301 10084 20033 40205 82010 333 10241 20056 58000 82460 555 10007=",
"42170099999","2025-02-07T06:00:00","4","28.25","74.9166666","291.0","CHURU, IN","FM-12","99999","V020","320,1,N,0005,1","99999,9,9,N","004000,1,9,9","+0208,2","+0018,1","10201,1",,,,,,,,,,,,,,,"9,9,999,9,-001,1",,"SYN04642170 32996 03201 10208 20018 40201 333 59001=",
"42170099999","2025-02-07T09:00:00","4","28.25","74.9166666","291.0","CHURU, IN","FM-12","99999","V020","360,1,N,0015,1","22000,1,9,N","004000,1,9,9","+0230,1","-0031,1","10170,1",,,,,,"03,1,+03000,1,03,1",,,,"9,AGL   ,+99999,+99999","03,99,1,03,1,99,9,03000,1,99,9,99,9",,,,"9,9,999,9,-010,1",,"SYN05842170 32996 33603 10230 21031 40170 83030 333 59010 83360=",
"42170099999","2025-02-07T12:00:00","4","28.25","74.9166666","291.0","CHURU, IN","FM-12","99999","V020","320,1,N,0005,1","22000,1,9,N","004000,1,9,9","+0228,1","+0014,1","10157,1",,,,,,"03,1,+03000,1,00,1",,,,"9,AGL   ,+99999,+99999","03,99,1,03,1,99,9,03000,1,99,9,99,9",,,,"9,9,999,9,-003,1",,"SYN06442170 32996 33201 10228 20014 40157 80001 333 10245 59003 83060=",
"42170099999","2025-02-07T15:00:00","4","28.25","74.9166666","291.0","CHURU, IN","FM-12","99999","V020","999,9,C,0000,1","99999,9,9,N","004000,1,9,9","+0148,1","+0045,1","10178,1",,,,,,,,,,,,,,,"9,9,999,9,-009,1",,"SYN04642170 32996 00000 10148 20045 40178 333 59009=",
"42170099999","2025-02-07T18:00:00","4","28.25","74.9166666","291.0","CHURU, IN","FM-12","99999","V020","999,9,C,0000,1","99999,9,9,N","004000,1,9,9","+0112,1","+0046,1","10182,1",,,,,,,,,,,,,,,"9,9,999,9,-020,1",,"SYN04642170 32996 00000 10112 20046 40182 333 59020=",
"42170099999","2025-02-08T00:00:00","4","28.25","74.9166666","291.0","CHURU, IN","FM-12","99999","V020","999,9,C,0000,1","99999,9,9,N","004000,1,9,9","+0066,1","+0033,1","10172,1",,,,,,,,,,,,,,,"9,9,999,9,-022,1",,"SYN04642170 32996 00000 10066 20033 40172 333 59022=",
"42170099999","2025-02-08T03:00:00","4","28.25","74.9166666","291.0","CHURU, IN","FM-12","99999","V020","180,1,N,0005,1","22000,1,9,N","004000,1,9,9","+0084,1","+0016,1","10189,1",,,,,,"01,1,+06000,1,00,1",,,,"9,AGL   ,+99999,+99999","01,99,1,01,1,99,9,06000,1,99,9,99,9","240,M,+0245,1","240,N,+0056,1",,"9,9,999,9,-016,1",,"SYN08042170 32996 11801 10084 20016 40189 80001 333 10245 20056 59016 81070 555 10007=",
"42170099999","2025-02-08T06:00:00","4","28.25","74.9166666","291.0","CHURU, IN","FM-12","99999","V020","050,1,N,0005,1","22000,1,9,N","004000,1,9,9","+0226,2","+0010,1","10175,1",,,,,,"01,1,+06000,1,00,1",,,,"9,AGL   ,+99999,+99999","01,99,1,01,1,99,9,06000,1,99,9,99,9",,,,"9,9,999,9,-023,1",,"SYN05842170 32996 10501 10226 20010 40175 80001 333 59023 81070=",
"42170099999","2025-02-08T09:00:00","4","28.25","74.9166666","291.0","CHURU, IN","FM-12","99999","V020","050,1,N,0005,1","22000,1,9,N","004000,1,9,9","+0254,1","-0027,1","10140,1",,,,,,"03,1,+03000,1,04,1",,,,"9,AGL   ,+99999,+99999","03,99,1,03,1,99,9,03000,1,99,9,99,9",,,,"9,9,999,9,-025,1",,"SYN05842170 32996 30501 10254 21027 40140 83010 333 59025 83460=",
"42170099999","2025-02-08T12:00:00","4","28.25","74.9166666","291.0","CHURU, IN","FM-12","99999","V020","050,1,N,0005,1","22000,1,9,N","004000,1,9,9","+0256,1","+0019,1","10127,1",,,,,,"01,1,+01200,1,06,1","04,1,+03600,1,03,1",,,"9,AGL   ,+99999,+99999","04,99,1,01,1,99,9,01200,1,99,9,99,9","240,M,+0270,1",,,"9,9,999,9,-026,1",,"SYN07042170 32696 40501 10256 20019 40127 81530 333 10270 59026 81640 84362=",
"42170099999","2025-02-08T15:00:00","4","28.25","74.9166666","291.0","CHURU, IN","FM-12","99999","V020","999,9,C,0000,1","22000,1,9,N","004000,1,9,9","+0180,1","+0058,1","10154,1",,,,,,"03,1,+03000,1,04,1",,,,"9,AGL   ,+99999,+99999","03,99,1,03,1,99,9,03000,1,99,9,99,9",,,,"9,9,999,9,-020,1",,"SYN05842170 32996 30000 10180 20058 40154 83010 333 59020 83460=",
"42170099999","2025-02-08T18:00:00","4","28.25","74.9166666","291.0","CHURU, IN","FM-12","99999","V020","999,9,C,0000,1","22000,1,9,N","004000,1,9,9","+0138,1","+0068,1","10168,1",,,,,,"02,1,+03000,1,04,1",,,,"9,AGL   ,+99999,+99999","02,99,1,02,1,99,9,03000,1,99,9,99,9",,,,"9,9,999,9,-011,1",,"SYN05842170 32996 20000 10138 20068 40168 82010 333 59011 82460=",
"42170099999","2025-02-08T21:00:00","4","28.25","74.9166666","291.0","CHURU, IN","FM-12","99999","V020","999,9,C,0000,1","03000,1,C,N","004000,1,9,9","+0110,1","+0068,1","10157,1",,,,,,"02,1,+01200,1,06,1","06,1,+03000,1,04,1",,,"9,AGL   ,+99999,+99999","06,99,1,02,1,99,9,01200,1,99,9,99,9",,,,"9,9,999,9,-020,1",,"SYN06442170 32696 60000 10110 20068 40157 82530 333 59020 82640 86460=",
"42170099999","2025-02-09T00:00:00","4","28.25","74.9166666","291.0","CHURU, IN","FM-12","99999","V020","999,9,C,0000,1","03000,1,C,N","004000,1,9,9","+0110,1","+0068,1","10151,1",,,,,,"02,1,+01200,1,06,1","05,1,+03000,1,04,1",,,"9,AGL   ,+99999,+99999","05,99,1,02,1,99,9,01200,1,99,9,99,9",,,,"9,9,999,9,-016,1",,"SYN06442170 32696 50000 10110 20068 40151 82510 333 59016 82640 85460=",
"42170099999","2025-02-09T03:00:00","4","28.25","74.9166666","291.0","CHURU, IN","FM-12","99999","V020","999,9,C,0000,1","22000,1,9,N","004000,1,9,9","+0120,1","+0061,1","10167,1",,,,,,"04,1,+03000,1,03,1",,,,"9,AGL   ,+99999,+99999","04,99,1,04,1,99,9,03000,1,99,9,99,9","240,M,+0270,1","240,N,+0104,1",,"9,9,999,9,-017,1",,"SYN08042170 32996 40000 10120 20061 40167 84030 333 10270 20104 59017 84360 555 10007=",
"42170099999","2025-02-09T06:00:00","4","28.25","74.9166666","291.0","CHURU, IN","FM-12","99999","V020","140,1,N,0015,1","22000,1,9,N","004000,1,9,9","+0248,2","+0024,1","10155,1",,,,,,"02,1,+03000,1,03,1",,,,"9,AGL   ,+99999,+99999","02,99,1,02,1,99,9,03000,1,99,9,99,9",,,,"9,9,999,9,-017,1",,"SYN05842170 32996 21403 10248 20024 40155 82030 333 59017 82360=",
"42170099999","2025-02-09T09:00:00","4","28.25","74.9166666","291.0","CHURU, IN","FM-12","99999","V020","360,1,N,0005,1","22000,1,9,N","004000,1,9,9","+0280,1","+0010,1","10128,1",,,,,,"04,1,+03000,1,03,1",,,,"9,AGL   ,+99999,+99999","04,99,1,04,1,99,9,03000,1,99,9,99,9",,,,"9,9,999,9,-009,1",,"SYN05842170 32996 43601 10280 20010 40128 84030 333 59009 84360=",
"42170099999","2025-02-09T12:00:00","4","28.25","74.9166666","291.0","CHURU, IN","FM-12","99999","V020","050,1,N,0005,1","99999,9,9,N","004000,1,9,9","+0270,1","+0026,1","10121,1",,,,,,,,,,,,"240,M,+0290,1",,,"9,9,999,9,-005,1",,"SYN05242170 32996 00501 10270 20026 40121 333 10290 59005=",
"42170099999","2025-02-09T15:00:00","4","28.25","74.9166666","291.0","CHURU, IN","FM-12","99999","V020","999,9,C,0000,1","99999,9,9,N","004000,1,9,9","+0178,1","+0060,1","10135,1",,,,,,,,,,,,,,,"9,9,999,9,-018,1",,"SYN04642170 32996 00000 10178 20060 40135 333 59018=",
"42170099999","2025-02-09T18:00:00","4","28.25","74.9166666","291.0","CHURU, IN","FM-12","99999","V020","050,1,N,0005,1","22000,1,9,N","004000,1,9,9","+0164,1","+0067,1","10140,1",,,,,,"03,1,+03000,1,03,1",,,,"9,AGL   ,+99999,+99999","03,99,1,03,1,99,9,03000,1,99,9,99,9",,,,"9,9,999,9,-023,1",,"SYN05842170 32996 30501 10164 20067 40140 83030 333 59023 83360=",
"42170099999","2025-02-10T00:00:00","4","28.25","74.9166666","291.0","CHURU, IN","FM-12","99999","V020","999,9,C,0000,1","22000,1,9,N","004000,1,9,9","+0112,1","+0075,1","10136,1",,,,,,"01,1,+03000,1,03,1",,,,"9,AGL   ,+99999,+99999","01,99,1,01,1,99,9,03000,1,99,9,99,9",,,,"9,9,999,9,-013,1",,"SYN05842170 32996 10000 10112 20075 40136 81030 333 59013 81360=",
"42170099999","2025-02-10T03:00:00","4","28.25","74.9166666","291.0","CHURU, IN","FM-12","99999","V020","140,1,N,0005,1","22000,1,9,N","004000,1,9,9","+0126,1","+0068,1","10153,1",,,,,,"03,1,+03600,1,03,1",,,,"9,AGL   ,+99999,+99999","03,99,1,03,1,99,9,03600,1,99,9,99,9","240,M,+0290,1","240,N,+0103,1",,"9,9,999,9,-012,1",,"SYN08042170 32996 31401 10126 20068 40153 83030 333 10290 20103 59012 83362 555 10007=",
"42170099999","2025-02-10T06:00:00","4","28.25","74.9166666","291.0","CHURU, IN","FM-12","99999","V020","230,1,N,0010,1","22000,1,9,N","004000,1,9,9","+0260,2","+0059,1","10152,1",,,,,,"03,1,+03000,1,04,1",,,,"9,AGL   ,+99999,+99999","03,99,1,03,1,99,9,03000,1,99,9,99,9",,,,"9,9,999,9,-002,1",,"SYN05842170 32996 32302 10260 20059 40152 83010 333 59002 83460=",
"42170099999","2025-02-10T09:00:00","4","28.25","74.9166666","291.0","CHURU, IN","FM-12","99999","V020","320,1,N,0010,1","22000,1,9,N","004000,1,9,9","+0296,1","-0002,1","10122,1",,,,,,"04,1,+03000,1,03,1",,,,"9,AGL   ,+99999,+99999","04,99,1,04,1,99,9,03000,1,99,9,99,9",,,,"9,9,999,9,-004,1",,"SYN05842170 32996 43202 10296 21002 40122 84030 333 59004 84360=",
"42170099999","2025-02-10T12:00:00","4","28.25","74.9166666","291.0","CHURU, IN","FM-12","99999","V020","230,1,N,0005,1","22000,1,9,N","004000,1,9,9","+0286,1","+0015,1","10111,1",,,,,,"04,1,+03000,1,03,1",,,,"9,AGL   ,+99999,+99999","04,99,1,04,1,99,9,03000,1,99,9,99,9","240,M,+0306,1",,,"9,9,999,9,-007,1",,"SYN06442170 32996 42301 10286 20015 40111 84030 333 10306 59007 84360=",
"42170099999","2025-02-10T15:00:00","4","28.25","74.9166666","291.0","CHURU, IN","FM-12","99999","V020","999,9,C,0000,1","99999,9,9,N","004000,1,9,9","+0190,1","+0072,1","10137,1",,,,,,,,,,,,,,,"9,9,999,9,+003,1",,"SYN04642170 32996 00000 10190 20072 40137 333 58003=",
"42170099999","2025-02-10T18:00:00","4","28.25","74.9166666","291.0","CHURU, IN","FM-12","99999","V020","999,9,C,0000,1","99999,9,9,N","004000,1,9,9","+0160,1","+0095,1","10143,1",,,,,,,,,,,,,,,"9,9,999,9,+002,1",,"SYN04642170 32996 00000 10160 20095 40143 333 58002=",
"42170099999","2025-02-11T00:00:00","4","28.25","74.9166666","291.0","CHURU, IN","FM-12","99999","V020","999,9,C,0000,1","99999,9,9,N","004000,1,9,9","+0120,1","+0088,1","10134,1",,,,,,,,,,,,,,,"9,9,999,9,-002,1",,"SYN04642170 32996 00000 10120 20088 40134 333 59002=",
"42170099999","2025-02-11T03:00:00","4","28.25","74.9166666","291.0","CHURU, IN","FM-12","99999","V020","999,9,C,0000,1","22000,1,9,N","004000,1,9,9","+0132,1","+0080,1","10146,1",,,,,,"01,1,+03000,1,04,1",,,,"9,AGL   ,+99999,+99999","01,99,1,01,1,99,9,03000,1,99,9,99,9","240,M,+0306,1","240,N,+0106,1",,"9,9,999,9,-006,1",,"SYN08042170 32996 10000 10132 20080 40146 81010 333 10306 20106 59006 81460 555 10007=",
"42170099999","2025-02-11T06:00:00","4","28.25","74.9166666","291.0","CHURU, IN","FM-12","99999","V020","230,1,N,0005,1","99999,9,9,N","004000,1,9,9","+0278,2","+0028,1","10140,1",,,,,,,,,,,,,,,"9,9,999,9,-009,1",,"SYN04642170 32996 02301 10278 20028 40140 333 59009=",
"42170099999","2025-02-11T09:00:00","4","28.25","74.9166666","291.0","CHURU, IN","FM-12","99999","V020","270,1,N,0005,1","22000,1,9,N","004000,1,9,9","+0320,2","+0007,1","10105,1",,,,,,"02,1,+06000,1,00,1",,,,"9,AGL   ,+99999,+99999","02,99,1,02,1,99,9,06000,1,99,9,99,9",,,,"9,9,999,9,-014,1",,"SYN05842170 32996 22701 10320 20007 40105 80001 333 59014 82070=",
"42170099999","2025-02-11T12:00:00","4","28.25","74.9166666","291.0","CHURU, IN","FM-12","99999","V020","320,1,N,0005,1","22000,1,9,N","004000,1,9,9","+0290,1","+0017,1","10096,1",,,,,,"02,1,+06000,1,00,1",,,,"9,AGL   ,+99999,+99999","02,99,1,02,1,99,9,06000,1,99,9,99,9","240,M,+0323,1",,,"9,9,999,9,-015,1",,"SYN06442170 32996 23201 10290 20017 40096 80001 333 10323 59015 82070=",
"42170099999","2025-02-11T15:00:00","4","28.25","74.9166666","291.0","CHURU, IN","FM-12","99999","V020","999,9,C,0000,1","99999,9,9,N","004000,1,9,9","+0220,1","+0112,1","10124,1",,,,,,,,,,,,,,,"9,9,999,9,-009,1",,"SYN04642170 32996 00000 10220 20112 40124 333 59009=",
"42170099999","2025-02-12T00:00:00","4","28.25","74.9166666","291.0","CHURU, IN","FM-12","99999","V020","320,1,N,0010,1","99999,9,9,N","002000,1,9,9","+0140,1","+0114,1","10150,1",,"0,1,02,1","0,1,02,1",,,,,,,,,,,,"9,9,999,9,+018,1","10,1","SYN05242170 31995 03202 10140 20114 40150 71000 333 58018=",
"42170099999","2025-02-12T03:00:00","4","28.25","74.9166666","291.0","CHURU, IN","FM-12","99999","V020","999,9,C,0000,1","99999,9,9,N","002000,1,9,9","+0124,1","+0105,1","10169,1",,"0,1,02,1","0,1,02,1",,,,,,,,,"240,M,+0323,1","240,N,+0112,1",,"9,9,999,9,+021,1","10,1","SYN06442170 31995 00000 10124 20105 40169 71000 333 10323 20112 58021=",
"42170099999","2025-02-12T06:00:00","4","28.25","74.9166666","291.0","CHURU, IN","FM-12","99999","V020","050,1,N,0010,1","99999,9,9,N","004000,1,9,9","+0232,1","+0048,1","10174,1",,,,,,,,,,,,,,,"9,9,999,9,+028,1",,"SYN04642170 32996 00502 10232 20048 40174 333 58028=",
"42170099999","2025-02-12T09:00:00","4","28.25","74.9166666","291.0","CHURU, IN","FM-12","99999","V020","360,1,N,0010,1","22000,1,9,N","004000,1,9,9","+0260,1","+0027,1","10149,1",,,,,,"03,1,+06000,1,00,1",,,,"9,AGL   ,+99999,+99999","03,99,1,03,1,99,9,06000,1,99,9,99,9",,,,"9,9,999,9,+036,1",,"SYN05842170 32996 33602 10260 20027 40149 80001 333 58036 83070=",
"42170099999","2025-02-12T12:00:00","4","28.25","74.9166666","291.0","CHURU, IN","FM-12","99999","V020","360,1,N,0015,1","99999,9,9,N","004000,1,9,9","+0246,1","+0034,1","10144,1",,,,,,,,,,,,"240,M,+0274,1",,,"9,9,999,9,+042,1",,"SYN05242170 32996 03603 10246 20034 40144 333 10274 58042=",
"42170099999","2025-02-12T15:00:00","4","28.25","74.9166666","291.0","CHURU, IN","FM-12","99999","V020","050,1,N,0005,1","99999,9,9,N","004000,1,9,9","+0194,1","+0067,1","10163,1",,,,,,,,,,,,,,,"9,9,999,9,+036,1",,"SYN04642170 32996 00501 10194 20067 40163 333 58036=",
"42170099999","2025-02-12T18:00:00","4","28.25","74.9166666","291.0","CHURU, IN","FM-12","99999","V020","999,9,C,0000,1","99999,9,9,N","004000,1,9,9","+0144,1","+0075,1","10183,1",,,,,,,,,,,,,,,"9,9,999,9,+036,1",,"SYN04642170 32996 00000 10144 20075 40183 333 58036=",
"42170099999","2025-02-12T21:00:00","4","28.25","74.9166666","291.0","CHURU, IN","FM-12","99999","V020","999,9,C,0000,1","99999,9,9,N","004000,1,9,9","+0110,1","+0068,1","10174,1",,,,,,,,,,,,,,,"9,9,999,9,+032,1",,"SYN04642170 32996 00000 10110 20068 40174 333 58032=",
"42170099999","2025-02-13T00:00:00","4","28.25","74.9166666","291.0","CHURU, IN","FM-12","99999","V020","999,9,C,0000,1","99999,9,9,N","004000,1,9,9","+0088,1","+0062,1","10172,1",,,,,,,,,,,,,,,"9,9,999,9,+015,1",,"SYN04642170 32996 00000 10088 20062 40172 333 58015=",
"42170099999","2025-02-13T03:00:00","4","28.25","74.9166666","291.0","CHURU, IN","FM-12","99999","V020","999,9,C,0000,1","99999,9,9,N","004000,1,9,9","+0104,1","+0061,1","10187,1",,,,,,,,,,,,"240,M,+0274,1","240,N,+0075,1",,"9,9,999,9,+015,1",,"SYN05842170 32996 00000 10104 20061 40187 333 10274 20075 58015=",
"42170099999","2025-02-13T06:00:00","4","28.25","74.9166666","291.0","CHURU, IN","FM-12","99999","V020","360,1,N,0010,1","99999,9,9,N","004000,1,9,9","+0232,2","-0001,1","10178,1",,,,,,,,,,,,,,,"9,9,999,9,+004,1",,"SYN04642170 32996 03602 10232 21001 40178 333 58004=",
"42170099999","2025-02-13T09:00:00","4","28.25","74.9166666","291.0","CHURU, IN","FM-12","99999","V020","320,1,N,0010,1","99999,9,9,N","004000,1,9,9","+0266,1","-0056,1","10151,1",,,,,,,,,,,,,,,"9,9,999,9,+004,1",,"SYN04642170 32996 03202 10266 21056 40151 333 58004=",
"42170099999","2025-02-13T12:00:00","4","28.25","74.9166666","291.0","CHURU, IN","FM-12","99999","V020","320,1,N,0010,1","99999,9,9,N","004000,1,9,9","+0258,1","-0036,1","10133,1",,,,,,,,,,,,"240,M,+0279,1",,,"9,9,999,9,-009,1",,"SYN05242170 32996 03202 10258 21036 40133 333 10279 59009=",
"42170099999","2025-02-13T15:00:00","4","28.25","74.9166666","291.0","CHURU, IN","FM-12","99999","V020","360,1,N,0005,1","99999,9,9,N","004000,1,9,9","+0174,1","+0032,1","10159,1",,,,,,,,,,,,,,,"9,9,999,9,-007,1",,"SYN04642170 32996 03601 10174 20032 40159 333 59007=",
"42170099999","2025-02-13T18:00:00","4","28.25","74.9166666","291.0","CHURU, IN","FM-12","99999","V020","999,9,C,0000,1","99999,9,9,N","004000,1,9,9","+0140,1","+0028,1","10162,1",,,,,,,,,,,,,,,"9,9,999,9,-022,1",,"SYN04642170 32996 00000 10140 20028 40162 333 59022=",
"42170099999","2025-02-13T21:00:00","4","28.25","74.9166666","291.0","CHURU, IN","FM-12","99999","V020","999,9,C,0000,1","99999,9,9,N","004000,1,9,9","+0112,1","+0035,1","10158,1",,,,,,,,,,,,,,,"9,9,999,9,-015,1",,"SYN04642170 32996 00000 10112 20035 40158 333 59015=",
"42170099999","2025-02-14T00:00:00","4","28.25","74.9166666","291.0","CHURU, IN","FM-12","99999","V020","999,9,C,0000,1","99999,9,9,N","004000,1,9,9","+0096,1","+0037,1","10152,1",,,,,,,,,,,,,,,"9,9,999,9,-018,1",,"SYN04642170 32996 00000 10096 20037 40152 333 59018=",
"42170099999","2025-02-14T03:00:00","4","28.25","74.9166666","291.0","CHURU, IN","FM-12","99999","V020","180,1,N,0005,1","99999,9,9,N","004000,1,9,9","+0116,1","+0018,1","10167,1",,,,,,,,,,,,"240,M,+0279,1","240,N,+0085,1",,"9,9,999,9,-018,1",,"SYN06842170 32996 01801 10116 20018 40167 333 10279 20085 59018 555 10007=",
"42170099999","2025-02-14T06:00:00","4","28.25","74.9166666","291.0","CHURU, IN","FM-12","99999","V020","140,1,N,0005,1","99999,9,9,N","004000,1,9,9","+0258,2","+0023,1","10156,1",,,,,,,,,,,,,,,"9,9,999,9,-019,1",,"SYN04642170 32996 01401 10258 20023 40156 333 59019=",
"42170099999","2025-02-14T09:00:00","4","28.25","74.9166666","291.0","CHURU, IN","FM-12","99999","V020","360,1,N,0010,1","99999,9,9,N","004000,1,9,9","+0294,2","+0010,1","10119,1",,,,,,,,,,,,,,,"9,9,999,9,-029,1",,"SYN04642170 32996 03602 10294 20010 40119 333 59029=",
"42170099999","2025-02-14T12:00:00","4","28.25","74.9166666","291.0","CHURU, IN","FM-12","99999","V020","270,1,N,0010,1","22000,1,9,N","004000,1,9,9","+0276,1","+0017,1","10104,1",,,,,,"03,1,+06000,1,00,1",,,,"9,AGL   ,+99999,+99999","03,99,1,03,1,99,9,06000,1,99,9,99,9","240,M,+0300,1",,,"9,9,999,9,-026,1",,"SYN06442170 32996 32702 10276 20017 40104 80001 333 10300 59026 83070=",
"42170099999","2025-02-14T15:00:00","4","28.25","74.9166666","291.0","CHURU, IN","FM-12","99999","V020","999,9,C,0000,1","99999,9,9,N","004000,1,9,9","+0202,1","+0083,1","10120,1",,,,,,,,,,,,,,,"9,9,999,9,-034,1",,"SYN04642170 32996 00000 10202 20083 40120 333 59034=",
"42170099999","2025-02-14T18:00:00","4","28.25","74.9166666","291.0","CHURU, IN","FM-12","99999","V020","999,9,C,0000,1","99999,9,9,N","004000,1,9,9","+0174,1","+0070,1","10119,1",,,,,,,,,,,,,,,"9,9,999,9,-036,1",,"SYN04642170 32996 00000 10174 20070 40119 333 59036=",
"42170099999","2025-02-14T21:00:00","4","28.25","74.9166666","291.0","CHURU, IN","FM-12","99999","V020","999,9,C,0000,1","99999,9,9,N","004000,1,9,9","+0150,1","+0078,1","10106,1",,,,,,,,,,,,,,,"9,9,999,9,-046,1",,"SYN04642170 32996 00000 10150 20078 40106 333 59046=",
"42170099999","2025-02-15T00:00:00","4","28.25","74.9166666","291.0","CHURU, IN","FM-12","99999","V020","999,9,C,0000,1","22000,1,9,N","004000,1,9,9","+0138,1","+0068,1","10100,1",,,,,,"03,1,+03600,1,03,1",,,,"9,AGL   ,+99999,+99999","03,99,1,03,1,99,9,03600,1,99,9,99,9",,,,"9,9,999,9,-046,1",,"SYN05842170 32996 30000 10138 20068 40100 83030 333 59046 83362=",
"42170099999","2025-02-15T03:00:00","4","28.25","74.9166666","291.0","CHURU, IN","FM-12","99999","V020","360,1,N,0005,1","22000,1,9,N","004000,1,9,9","+0166,1","+0059,1","10117,1",,,,,,"02,1,+03000,1,03,1",,,,"9,AGL   ,+99999,+99999","02,99,1,02,1,99,9,03000,1,99,9,99,9","240,M,+0300,1","240,N,+0136,1",,"9,9,999,9,-043,1",,"SYN08042170 32996 23601 10166 20059 40117 82030 333 10300 20136 59043 82360 555 10007=",
"42170099999","2025-02-15T06:00:00","4","28.25","74.9166666","291.0","CHURU, IN","FM-12","99999","V020","270,1,N,0005,1","99999,9,9,N","004000,1,9,9","+0228,1","+0059,1","10123,1",,,,,,,,,,,,"240,M,+0254,1",,,"9,9,999,9,+007,1",,"SYN05242170 32996 02701 10228 20059 40123 333 10254 58007=",
"42170099999","2025-02-15T09:00:00","4","28.25","74.9166666","291.0","CHURU, IN","FM-12","99999","V020","050,1,N,0010,1","99999,9,9,N","004000,1,9,9","+0284,1","+0033,1","10180,1",,,,,,,,,,,,,,,"9,9,999,9,-038,1",,"SYN04642170 32996 00502 10284 20033 40180 333 59038=",
"42170099999","2025-02-15T12:00:00","4","28.25","74.9166666","291.0","CHURU, IN","FM-12","99999","V020","050,1,N,0015,1","99999,9,9,N","004000,1,9,9","+0266,1","+0045,1","10082,2",,,,,,,,,,,,"240,M,+0294,1",,,"9,9,999,9,-022,1",,"SYN05242170 32996 00503 10266 20045 40082 333 10294 59022=",
"42170099999","2025-02-15T15:00:00","4","28.25","74.9166666","291.0","CHURU, IN","FM-12","99999","V020","090,1,N,0010,1","99999,9,9,N","004000,1,9,9","+0204,1","+0081,1","10107,1",,,,,,,,,,,,,,,"9,9,999,9,-013,1",,"SYN04642170 32996 00902 10204 20081 40107 333 59013=",
"42170099999","2025-02-15T18:00:00","4","28.25","74.9166666","291.0","CHURU, IN","FM-12","99999","V020","090,1,N,0005,1","99999,9,9,N","004000,1,9,9","+0170,1","+0094,1","10124,1",,,,,,,,,,,,,,,"9,9,999,9,+003,1",,"SYN04642170 32996 00901 10170 20094 40124 333 58003=",
"42170099999","2025-02-15T21:00:00","4","28.25","74.9166666","291.0","CHURU, IN","FM-12","99999","V020","999,9,C,0000,1","99999,9,9,N","004000,1,9,9","+0148,1","+0080,1","10115,1",,,,,,,,,,,,,,,"9,9,999,9,+008,1",,"SYN04642170 32996 00000 10148 20080 40115 333 58008=",
"42170099999","2025-02-16T00:00:00","4","28.25","74.9166666","291.0","CHURU, IN","FM-12","99999","V020","999,9,C,0000,1","99999,9,9,N","004000,1,9,9","+0130,1","+0091,1","10115,1",,,,,,,,,,,,,,,"9,9,999,9,+014,1",,"SYN04642170 32996 00000 10130 20091 40115 333 58014=",
"42170099999","2025-02-16T03:00:00","4","28.25","74.9166666","291.0","CHURU, IN","FM-12","99999","V020","090,1,N,0010,1","99999,9,9,N","004000,1,9,9","+0140,1","+0093,1","10138,1",,,,,,,,,,,,"240,M,+0294,1","240,N,+0114,1",,"9,9,999,9,+017,1",,"SYN06842170 32996 00902 10140 20093 40138 333 10294 20114 58017 555 10007=",
"42170099999","2025-02-16T06:00:00","4","28.25","74.9166666","291.0","CHURU, IN","FM-12","99999","V020","090,1,N,0005,1","22000,1,9,N","004000,1,9,9","+0248,1","+0095,1","10129,1",,,,,,"04,1,+03000,1,03,1",,,,"9,AGL   ,+99999,+99999","04,99,1,04,1,99,9,03000,1,99,9,99,9",,,,"9,9,999,9,+019,1",,"SYN05842170 32996 40901 10248 20095 40129 84030 333 58019 84360=",
"42170099999","2025-02-16T09:00:00","4","28.25","74.9166666","291.0","CHURU, IN","FM-12","99999","V020","360,1,N,0010,1","22000,1,9,N","004000,1,9,9","+0288,1","+0048,1","10101,1",,,,,,"04,1,+02400,1,03,1",,,,"9,AGL   ,+99999,+99999","04,99,1,04,1,99,9,02400,1,99,9,99,9",,,,"9,9,999,9,+020,1",,"SYN05842170 32896 43602 10288 20048 40101 84030 333 58020 84358=",
"42170099999","2025-02-16T12:00:00","4","28.25","74.9166666","291.0","CHURU, IN","FM-12","99999","V020","360,1,N,0005,1","02400,1,C,N","004000,1,9,9","+0274,1","+0078,1","10094,1",,,,,,"05,1,+02400,1,03,1",,,,"9,AGL   ,+99999,+99999","05,99,1,05,1,99,9,02400,1,99,9,99,9","240,M,+0301,1",,,"9,9,999,9,+013,1",,"SYN06442170 32896 53601 10274 20078 40094 85030 333 10301 58013 85358=",
"42170099999","2025-02-16T15:00:00","4","28.25","74.9166666","291.0","CHURU, IN","FM-12","99999","V020","050,1,N,0010,1","03000,1,C,N","004000,1,9,9","+0232,1","+0091,1","10131,1",,,,,,"02,1,+00600,1,06,1","03,1,+03000,1,04,1",,,"9,AGL   ,+99999,+99999","05,99,1,02,1,99,9,00600,1,99,9,99,9",,,,"9,9,999,9,+027,1",,"SYN06442170 32596 50502 10232 20091 40131 82530 333 58027 82620 83460=",
"42170099999","2025-02-16T18:00:00","4","28.25","74.9166666","291.0","CHURU, IN","FM-12","99999","V020","050,1,N,0010,1","03000,1,C,N","004000,1,9,9","+0194,1","+0114,1","10145,1",,,,,,"02,1,+00600,1,06,1","03,1,+03000,1,04,1",,,"9,AGL   ,+99999,+99999","05,99,1,02,1,99,9,00600,1,99,9,99,9",,,,"9,9,999,9,+024,1",,"SYN06442170 32596 50502 10194 20114 40145 82530 333 58024 82620 83460=",
"42170099999","2025-02-16T21:00:00","4","28.25","74.9166666","291.0","CHURU, IN","FM-12","99999","V020","090,1,N,0015,1","03000,1,C,N","004000,1,9,9","+0178,1","+0112,1","10139,1",,,,,,"03,1,+00600,1,06,1","03,1,+03000,1,04,1",,,"9,AGL   ,+99999,+99999","06,99,1,03,1,99,9,00600,1,99,9,99,9",,,,"9,9,999,9,+027,1",,"SYN06442170 32596 60903 10178 20112 40139 83570 333 58027 83620 83460=",
"42170099999","2025-02-17T00:00:00","4","28.25","74.9166666","291.0","CHURU, IN","FM-12","99999","V020","090,1,N,0010,1","03000,1,C,N","004000,1,9,9","+0164,1","+0112,1","10141,1",,,,,,"03,1,+00600,1,06,1","03,1,+03000,1,04,1",,,"9,AGL   ,+99999,+99999","06,99,1,03,1,99,9,00600,1,99,9,99,9",,,,"9,9,999,9,+030,1",,"SYN06442170 32596 60902 10164 20112 40141 83570 333 58030 83620 83460=",
"42170099999","2025-02-17T03:00:00","4","28.25","74.9166666","291.0","CHURU, IN","FM-12","99999","V020","050,1,N,0005,1","22000,1,9,N","004000,1,9,9","+0174,1","+0111,1","10165,1",,,,,,"02,1,+01200,1,06,1",,,,"9,AGL   ,+99999,+99999","02,99,1,02,1,99,9,01200,1,99,9,99,9","240,M,+0301,1","240,N,+0157,1",,"9,9,999,9,+031,1",,"SYN07042170 32696 20501 10174 20111 40165 82500 333 10301 20157 58031 82640=",
"42170099999","2025-02-17T06:00:00","4","28.25","74.9166666","291.0","CHURU, IN","FM-12","99999","V020","050,1,N,0015,1","22000,1,9,N","004000,1,9,9","+0248,1","+0095,1","10162,1",,,,,,"01,1,+03000,1,03,1",,,,"9,AGL   ,+99999,+99999","01,99,1,01,1,99,9,03000,1,99,9,99,9",,,,"9,9,999,9,+032,1",,"SYN05842170 32996 10503 10248 20095 40162 81030 333 58032 81360=",
"42170099999","2025-02-17T09:00:00","4","28.25","74.9166666","291.0","CHURU, IN","FM-12","99999","V020","050,1,N,0010,1","99999,9,9,N","004000,1,9,9","+0290,1","+0065,1","10139,1",,,,,,,,,,,,,,,"9,9,999,9,+037,1",,"SYN04642170 32996 00502 10290 20065 40139 333 58037=",
"42170099999","2025-02-17T12:00:00","4","28.25","74.9166666","291.0","CHURU, IN","FM-12","99999","V020","090,1,N,0010,1","99999,9,9,N","004000,1,9,9","+0280,1","+0059,1","10136,1",,,,,,,,,,,,"240,M,+0300,1",,,"9,9,999,9,+040,1",,"SYN05242170 32996 00902 10280 20059 40136 333 10300 58040=",
"42170099999","2025-02-17T15:00:00","4","28.25","74.9166666","291.0","CHURU, IN","FM-12","99999","V020","140,1,N,0005,1","99999,9,9,N","004000,1,9,9","+0222,1","+0092,1","10144,1",,,,,,,,,,,,,,,"9,9,999,9,+011,1",,"SYN04642170 32996 01401 10222 20092 40144 333 58011=",
"42170099999","2025-02-17T18:00:00","4","28.25","74.9166666","291.0","CHURU, IN","FM-12","99999","V020","140,1,N,0005,1","22000,1,9,N","004000,1,9,9","+0200,1","+0104,1","10157,1",,,,,,"04,1,+03000,1,03,1",,,,"9,AGL   ,+99999,+99999","04,99,1,04,1,99,9,03000,1,99,9,99,9",,,,"9,9,999,9,+012,1",,"SYN05842170 32996 41401 10200 20104 40157 84030 333 58012 84360=",
"42170099999","2025-02-17T21:00:00","4","28.25","74.9166666","291.0","CHURU, IN","FM-12","99999","V020","050,1,N,0010,1","22000,1,9,N","004000,1,9,9","+0186,1","+0109,1","10147,1",,,,,,"04,1,+03000,1,03,1",,,,"9,AGL   ,+99999,+99999","04,99,1,04,1,99,9,03000,1,99,9,99,9",,,,"9,9,999,9,+009,1",,"SYN05842170 32996 40502 10186 20109 40147 84030 333 58009 84360=",
"42170099999","2025-02-18T00:00:00","4","28.25","74.9166666","291.0","CHURU, IN","FM-12","99999","V020","090,1,N,0005,1","22000,1,9,N","004000,1,9,9","+0174,1","+0116,1","10142,1",,,,,,"04,1,+03000,1,03,1",,,,"9,AGL   ,+99999,+99999","04,99,1,04,1,99,9,03000,1,99,9,99,9",,,,"9,9,999,9,+002,1",,"SYN05842170 32996 40901 10174 20116 40142 84030 333 58002 84360=",
"42170099999","2025-02-18T03:00:00","4","28.25","74.9166666","291.0","CHURU, IN","FM-12","99999","V020","999,9,C,0000,1","02400,1,9,N","004000,1,9,9","+0178,1","+0136,1","10159,1","24,0005,3,1","6,1,02,1","2,1,02,1",,,"04,1,+01050,1,06,1","07,1,+02400,1,03,1",,,"9,AGL   ,+99999,+99999","07,99,1,04,1,99,9,01050,1,99,9,99,9","240,M,+0300,1","240,N,+0168,1",,"9,9,999,9,-006,1","02,1","SYN10442170 21696 70000 10178 20136 40159 70262 84530 333 10300 20168 59006 6995/ 84635 87358 555 00005 10008=",
"42170099999","2025-02-18T06:00:00","4","28.25","74.9166666","291.0","CHURU, IN","FM-12","99999","V020","050,1,N,0005,1","22000,1,9,N","004000,1,9,9","+0262,1","+0120,1","10154,1",,"6,1,02,1","2,1,02,1",,,"02,1,+01200,1,06,1",,,,"9,AGL   ,+99999,+99999","02,99,1,02,1,99,9,01200,1,99,9,99,9",,,,"9,9,999,9,-005,1","01,1","SYN06442170 31696 20501 10262 20120 40154 70162 82500 333 59005 82640=",
"42170099999","2025-02-18T09:00:00","4","28.25","74.9166666","291.0","CHURU, IN","FM-12","99999","V020","090,1,N,0010,1","99999,9,9,N","004000,1,9,9","+0284,1","+0094,1","10130,1",,,,,,,,,,,,,,,"9,9,999,9,-009,1",,"SYN04642170 32996 00902 10284 20094 40130 333 59009=",
"42170099999","2025-02-18T12:00:00","4","28.25","74.9166666","291.0","CHURU, IN","FM-12","99999","V020","050,1,N,0005,1","99999,9,9,N","004000,1,9,9","+0282,1","+0074,1","10117,1",,,,,,,,,,,,"240,M,+0282,1",,,"9,9,999,9,-018,1",,"SYN05242170 32996 00501 10282 20074 40117 333 10282 59018=",
"42170099999","2025-02-18T15:00:00","4","28.25","74.9166666","291.0","CHURU, IN","FM-12","99999","V020","050,1,N,0010,1","99999,9,9,N","004000,1,9,9","+0220,1","+0079,1","10140,1",,,,,,,,,,,,,,,"9,9,999,9,-004,1",,"SYN04642170 32996 00502 10220 20079 40140 333 59004=",
"42170099999","2025-02-18T18:00:00","4","28.25","74.9166666","291.0","CHURU, IN","FM-12","99999","V020","999,9,C,0000,1","99999,9,9,N","004000,1,9,9","+0180,1","+0092,1","10152,1",,,,,,,,,,,,,,,"9,9,999,9,-008,1",,"SYN04642170 32996 00000 10180 20092 40152 333 59008=",
"42170099999","2025-02-18T21:00:00","4","28.25","74.9166666","291.0","CHURU, IN","FM-12","99999","V020","999,9,C,0000,1","99999,9,9,N","004000,1,9,9","+0150,1","+0100,1","10144,1",,,,,,,,,,,,,,,"9,9,999,9,-008,1",,"SYN04642170 32996 00000 10150 20100 40144 333 59008=",
"42170099999","2025-02-19T00:00:00","4","28.25","74.9166666","291.0","CHURU, IN","FM-12","99999","V020","999,9,C,0000,1","99999,9,9,N","004000,1,9,9","+0136,1","+0101,1","10139,1",,,,,,,,,,,,,,,"9,9,999,9,-008,1",,"SYN04642170 32996 00000 10136 20101 40139 333 59008=",
"42170099999","2025-02-19T03:00:00","4","28.25","74.9166666","291.0","CHURU, IN","FM-12","99999","V020","999,9,C,0000,1","22000,1,9,N","004000,1,9,9","+0140,1","+0093,1","10155,1",,,,,,"03,1,+06000,1,00,1",,,,"9,AGL   ,+99999,+99999","03,99,1,03,1,99,9,06000,1,99,9,99,9","240,M,+0302,1","240,N,+0124,1",,"9,9,999,9,-009,1",,"SYN08042170 32996 30000 10140 20093 40155 80001 333 10302 20124 59009 83070 555 10008=",
"42170099999","2025-02-19T06:00:00","4","28.25","74.9166666","291.0","CHURU, IN","FM-12","99999","V020","050,1,N,0010,1","22000,1,9,N","004000,1,9,9","+0264,2","+0048,1","10137,1",,,,,,"04,1,+03000,1,03,1",,,,"9,AGL   ,+99999,+99999","04,99,1,04,1,99,9,03000,1,99,9,99,9",,,,"9,9,999,9,-017,1",,"SYN05842170 32996 40502 10264 20048 40137 84030 333 59017 84360=",
"42170099999","2025-02-19T09:00:00","4","28.25","74.9166666","291.0","CHURU, IN","FM-12","99999","V020","360,1,N,0010,1","22000,1,9,N","004000,1,9,9","+0296,1","+0075,1","10098,1",,,,,,"04,1,+00600,1,06,1",,,,"9,AGL   ,+99999,+99999","04,99,1,04,1,99,9,00600,1,99,9,99,9",,,,"9,9,999,9,-030,1",,"SYN05842170 32596 43602 10296 20075 40098 84500 333 59030 84620=",
"42170099999","2025-02-19T12:00:00","4","28.25","74.9166666","291.0","CHURU, IN","FM-12","99999","V020","230,1,N,0015,1","03000,1,9,N","002000,1,9,9","+0272,1","+0091,1","10097,1","09,0000,2,1","2,1,02,1","1,1,02,1",,,"04,1,+00600,1,09,1","08,1,+03000,1,04,1","99,9,+99999,9,00,1",,"9,AGL   ,+99999,+99999","08,99,1,04,1,99,9,00600,1,99,9,99,9","240,M,+0302,1",,,,"95,1","SYN08842170 21595 82303 10272 20091 40097 79521 84974 333 10302 57941 59020 6990/ 84920 88460=",
"42170099999","2025-02-19T15:00:00","4","28.25","74.9166666","291.0","CHURU, IN","FM-12","99999","V020","999,9,C,0000,1","01200,1,C,N","004000,1,9,9","+0176,1","+0141,1","10125,1","12,0030,3,1","9,1,02,1","6,1,02,1",,,"03,1,+00600,1,06,1","03,1,+01200,1,04,1",,,"9,AGL   ,+99999,+99999","06,99,1,03,1,99,9,00600,1,99,9,99,9",,,,"9,9,999,9,-019,1","02,1","SYN07642170 21596 60000 10176 20141 40125 70296 83570 333 59019 6003/ 83620 83440=",
"42170099999","2025-02-19T18:00:00","4","28.25","74.9166666","291.0","CHURU, IN","FM-12","99999","V020","050,1,N,0010,1","01800,1,C,N","002000,1,9,9","+0172,1","+0140,1","10120,1","15,0030,3,1","9,1,02,1","6,1,02,1",,,"03,1,+00900,1,06,1","05,1,+01800,1,04,1",,,"9,AGL   ,+99999,+99999","05,99,1,03,1,99,9,00900,1,99,9,99,9",,,,"9,9,999,9,-030,1","02,1","SYN07642170 21595 50502 10172 20140 40120 70296 83510 333 59030 6003/ 83630 85456=",
"42170099999","2025-02-19T21:00:00","4","28.25","74.9166666","291.0","CHURU, IN","FM-12","99999","V020","999,9,C,0000,1","99999,9,C,N","002000,1,9,9","+0154,1","+0125,1","10115,1","18,0030,3,1","9,1,02,1","2,1,02,1",,,"02,1,+00900,1,06,1","04,1,+01800,1,04,1",,,"9,AGL   ,+99999,+99999","04,99,1,02,1,99,9,00900,1,99,9,99,9",,,,"9,9,999,9,-027,1","02,1","SYN07642170 21595 40000 10154 20125 40115 70292 82510 333 59027 6003/ 82630 84456=","Q01 018003SCOCIG"
"42170099999","2025-02-20T00:00:00","4","28.25","74.9166666","291.0","CHURU, IN","FM-12","99999","V020","050,1,N,0015,1","02400,1,C,N","004000,1,9,9","+0146,1","+0124,1","10108,1","21,0030,3,1","9,1,02,1","2,1,02,1",,,"03,1,+00900,1,06,1","05,1,+02400,1,04,1",,,"9,AGL   ,+99999,+99999","05,99,1,03,1,99,9,00900,1,99,9,99,9",,,,"9,9,999,9,-028,1","02,1","SYN07642170 21596 50503 10146 20124 40108 70292 83510 333 59028 6003/ 83630 85458=",
"42170099999","2025-02-20T03:00:00","4","28.25","74.9166666","291.0","CHURU, IN","FM-12","99999","V020","090,1,N,0010,1","22000,1,9,N","004000,1,9,9","+0152,1","+0119,1","10122,1","24,0030,3,1",,,,,"03,1,+02400,1,03,1",,,,"9,AGL   ,+99999,+99999","03,99,1,03,1,99,9,02400,1,99,9,99,9","240,M,+0302,1","240,N,+0138,1",,"9,9,999,9,-029,1",,"SYN07642170 22996 30902 10152 20119 40122 83030 333 10302 20138 59029 6003/ 83358=",
"42170099999","2025-02-20T06:00:00","4","28.25","74.9166666","291.0","CHURU, IN","FM-12","99999","V020","180,1,N,0015,1","99999,9,9,N","004000,1,9,9","+0252,1","+0137,1","10128,1",,,,,,,,,,,,,,,"9,9,999,9,-010,1",,"SYN04642170 32996 01803 10252 20137 40128 333 59010=",
"42170099999","2025-02-20T09:00:00","4","28.25","74.9166666","291.0","CHURU, IN","FM-12","99999","V020","270,1,N,0015,1","22000,1,9,N","004000,1,9,9","+0274,1","+0136,1","10106,1",,,,,,"04,1,+01200,1,06,1",,,,"9,AGL   ,+99999,+99999","04,99,1,04,1,99,9,01200,1,99,9,99,9",,,,"9,9,999,9,+006,1",,"SYN05842170 32696 42703 10274 20136 40106 84500 333 58006 84640=",
"42170099999","2025-02-20T12:00:00","4","28.25","74.9166666","291.0","CHURU, IN","FM-12","99999","V020","270,1,N,0021,1","99999,9,9,N","004000,1,9,9","+0258,1","+0073,1","10109,1",,,,,,,,,,,,"240,M,+0281,1",,,"9,9,999,9,+010,1",,"SYN05242170 32996 02704 10258 20073 40109 333 10281 58010=",
"42170099999","2025-02-20T15:00:00","4","28.25","74.9166666","291.0","CHURU, IN","FM-12","99999","V020","999,9,C,0000,1","99999,9,9,N","004000,1,9,9","+0204,1","+0066,1","10143,1",,,,,,,,,,,,,,,"9,9,999,9,+020,1",,"SYN04642170 32996 00000 10204 20066 40143 333 58020=",
"42170099999","2025-02-20T18:00:00","4","28.25","74.9166666","291.0","CHURU, IN","FM-12","99999","V020","020,1,N,0010,1","99999,9,9,N","004000,1,9,9","+0176,1","+0137,1","10171,1",,,,,,,,,,,,,,,"9,9,999,9,+049,1",,"SYN04642170 32996 00202 10176 20137 40171 333 58049=",
"42170099999","2025-02-21T00:00:00","4","28.25","74.9166666","291.0","CHURU, IN","FM-12","99999","V020","320,1,N,0010,1","00120,1,W,N","000500,1,9,9","+0130,1","+0126,1","10177,1",,"1,1,02,1","0,1,02,1",,,,,,,,"09,99,1,99,9,99,9,99999,9,99,9,99,9",,,,"9,9,999,9,+063,1","45,1","SYN05842170 31/93 93202 10130 20126 40177 74510 333 58063 89/99=",
"42170099999","2025-02-21T03:00:00","4","28.25","74.9166666","291.0","CHURU, IN","FM-12","99999","V020","270,1,N,0005,1","00060,1,W,N","000200,1,9,9","+0116,1","+0116,1","10197,1",,"4,1,02,1","4,1,02,1",,,,,,,,"09,99,1,99,9,99,9,99999,9,99,9,99,9","240,M,+0281,1","240,N,+0112,1",,"9,9,999,9,+068,1","44,1","SYN08042170 31/92 92701 10116 20116 40197 74444 333 10281 20112 58068 89/99 555 10011=",
"42170099999","2025-02-21T06:00:00","4","28.25","74.9166666","291.0","CHURU, IN","FM-12","99999","V020","270,1,N,0010,1","06000,1,9,N","002000,1,9,9","+0188,1","+0128,1","10199,1",,"4,1,02,1","2,1,02,1",,,"06,1,+06000,1,01,1",,,,"9,AGL   ,+99999,+99999","06,99,1,06,1,99,9,06000,1,99,9,99,9",,,,"9,9,999,9,+061,1","05,1","SYN06442170 31995 62702 10188 20128 40199 70542 80002 333 58061 86170=",
"42170099999","2025-02-21T09:00:00","4","28.25","74.9166666","291.0","CHURU, IN","FM-12","99999","V020","050,1,N,0015,1","22000,1,9,N","004000,1,9,9","+0244,1","+0067,1","10165,1",,,,,,"01,1,+06000,1,00,1",,,,"9,AGL   ,+99999,+99999","01,99,1,01,1,99,9,06000,1,99,9,99,9",,,,"9,9,999,9,+054,1",,"SYN05842170 32996 10503 10244 20067 40165 80001 333 58054 81070=",
"42170099999","2025-02-21T12:00:00","4","28.25","74.9166666","291.0","CHURU, IN","FM-12","99999","V020","320,1,N,0010,1","22000,1,9,N","004000,1,9,9","+0240,1","+0067,1","10155,1",,,,,,"02,1,+06000,1,00,1",,,,"9,AGL   ,+99999,+99999","02,99,1,02,1,99,9,06000,1,99,9,99,9","240,M,+0260,1",,,"9,9,999,9,+042,1",,"SYN06442170 32996 23202 10240 20067 40155 80001 333 10260 58042 82070=",
"42170099999","2025-02-21T15:00:00","4","28.25","74.9166666","291.0","CHURU, IN","FM-12","99999","V020","360,1,N,0010,1","22000,1,9,N","004000,1,9,9","+0190,1","+0082,1","10178,1",,,,,,"02,1,+06000,1,00,1",,,,"9,AGL   ,+99999,+99999","02,99,1,02,1,99,9,06000,1,99,9,99,9",,,,"9,9,999,9,+032,1",,"SYN05842170 32996 23602 10190 20082 40178 80001 333 58032 82070=",
"42170099999","2025-02-21T18:00:00","4","28.25","74.9166666","291.0","CHURU, IN","FM-12","99999","V020","999,9,C,0000,1","99999,9,9,N","004000,1,9,9","+0156,1","+0099,1","10186,1",,,,,,,,,,,,,,,"9,9,999,9,+012,1",,"SYN04642170 32996 00000 10156 20099 40186 333 58012=",
"42170099999","2025-02-21T21:00:00","4","28.25","74.9166666","291.0","CHURU, IN","FM-12","99999","V020","999,9,C,0000,1","99999,9,9,N","004000,1,9,9","+0132,1","+0101,1","10183,1",,"0,1,02,1","0,1,02,1",,,,,,,,,,,,"9,9,999,9,+008,1","10,1","SYN05242170 31996 00000 10132 20101 40183 71000 333 58008=",
"42170099999","2025-02-22T00:00:00","4","28.25","74.9166666","291.0","CHURU, IN","FM-12","99999","V020","999,9,C,0000,1","99999,9,9,N","002000,1,9,9","+0124,1","+0105,1","10171,1",,"0,1,02,1","0,1,02,1",,,,,,,,,,,,"9,9,999,9,-005,1","10,1","SYN05242170 31995 00000 10124 20105 40171 71000 333 59005=",
"42170099999","2025-02-22T03:00:00","4","28.25","74.9166666","291.0","CHURU, IN","FM-12","99999","V020","999,9,C,0000,1","99999,9,9,N","004000,1,9,9","+0120,1","+0101,1","10193,1",,,,,,,,,,,,"240,M,+0260,1","240,N,+0107,1",,"9,9,999,9,-004,1",,"SYN05842170 32996 00000 10120 20101 40193 333 10260 20107 59004=",
"42170099999","2025-02-22T06:00:00","4","28.25","74.9166666","291.0","CHURU, IN","FM-12","99999","V020","320,1,N,0005,1","99999,9,9,N","004000,1,9,9","+0220,1","+0084,1","10190,1",,,,,,,,,,,,,,,"9,9,999,9,-005,1",,"SYN04642170 32996 03201 10220 20084 40190 333 59005=",
"42170099999","2025-02-22T09:00:00","4","28.25","74.9166666","291.0","CHURU, IN","FM-12","99999","V020","050,1,N,0010,1","99999,9,9,N","004000,1,9,9","+0250,1","+0066,1","10165,1",,,,,,,,,,,,,,,"9,9,999,9,+000,1",,"SYN04642170 32996 00502 10250 20066 40165 333 58000=",
"42170099999","2025-02-22T12:00:00","4","28.25","74.9166666","291.0","CHURU, IN","FM-12","99999","V020","050,1,N,0005,1","99999,9,9,N","004000,1,9,9","+0254,1","+0078,1","10151,1",,,,,,,,,,,,"240,M,+0268,1",,,"9,9,999,9,-002,1",,"SYN05242170 32996 00501 10254 20078 40151 333 10268 59002=",
"42170099999","2025-02-22T15:00:00","4","28.25","74.9166666","291.0","CHURU, IN","FM-12","99999","V020","999,9,C,0000,1","99999,9,9,N","004000,1,9,9","+0200,1","+0104,1","10174,1",,,,,,,,,,,,,,,"9,9,999,9,-003,1",,"SYN04642170 32996 00000 10200 20104 40174 333 59003=",
"42170099999","2025-02-22T18:00:00","4","28.25","74.9166666","291.0","CHURU, IN","FM-12","99999","V020","090,1,N,0010,1","99999,9,9,N","004000,1,9,9","+0178,1","+0094,1","10182,1",,,,,,,,,,,,,,,"9,9,999,9,-001,1",,"SYN04642170 32996 00902 10178 20094 40182 333 59001=",
"42170099999","2025-02-22T21:00:00","4","28.25","74.9166666","291.0","CHURU, IN","FM-12","99999","V020","999,9,C,0000,1","99999,9,9,N","004000,1,9,9","+0138,1","+0095,1","10178,1",,,,,,,,,,,,,,,"9,9,999,9,-005,1",,"SYN04642170 32996 00000 10138 20095 40178 333 59005=",
"42170099999","2025-02-23T00:00:00","4","28.25","74.9166666","291.0","CHURU, IN","FM-12","99999","V020","999,9,C,0000,1","99999,9,9,N","002000,1,9,9","+0118,1","+0094,1","10180,1",,"0,1,02,1","0,1,02,1",,,,,,,,,,,,"9,9,999,9,+007,1","10,1","SYN05242170 31995 00000 10118 20094 40180 71000 333 58007=",
"42170099999","2025-02-23T03:00:00","4","28.25","74.9166666","291.0","CHURU, IN","FM-12","99999","V020","180,1,N,0005,1","99999,9,9,N","004000,1,9,9","+0126,1","+0095,1","10198,1",,,,,,,,,,,,"240,M,+0268,1","240,N,+0105,1",,"9,9,999,9,+006,1",,"SYN06842170 32996 01801 10126 20095 40198 333 10268 20105 58006 555 10011=",
"42170099999","2025-02-23T06:00:00","4","28.25","74.9166666","291.0","CHURU, IN","FM-12","99999","V020","320,1,N,0005,1","99999,9,9,N","004000,1,9,9","+0236,2","+0097,1","10194,1",,,,,,,,,,,,,,,"9,9,999,9,+006,1",,"SYN04642170 32996 03201 10236 20097 40194 333 58006=",
"42170099999","2025-02-23T09:00:00","4","28.25","74.9166666","291.0","CHURU, IN","FM-12","99999","V020","050,1,N,0010,1","99999,9,9,N","004000,1,9,9","+0274,1","+0066,1","10156,1",,,,,,,,,,,,,,,"9,9,999,9,-005,1",,"SYN04642170 32996 00502 10274 20066 40156 333 59005=",
"42170099999","2025-02-23T12:00:00","4","28.25","74.9166666","291.0","CHURU, IN","FM-12","99999","V020","050,1,N,0005,1","99999,9,9,N","004000,1,9,9","+0266,1","+0058,1","10143,1",,,,,,,,,,,,"240,M,+0284,1",,,"9,9,999,9,-006,1",,"SYN05242170 32996 00501 10266 20058 40143 333 10284 59006=",
"42170099999","2025-02-23T15:00:00","4","28.25","74.9166666","291.0","CHURU, IN","FM-12","99999","V020","360,1,N,0010,1","99999,9,9,N","004000,1,9,9","+0214,1","+0059,1","10170,1",,,,,,,,,,,,,,,"9,9,999,9,-002,1",,"SYN04642170 32996 03602 10214 20059 40170 333 59002=",
"42170099999","2025-02-23T18:00:00","4","28.25","74.9166666","291.0","CHURU, IN","FM-12","99999","V020","999,9,C,0000,1","99999,9,9,N","004000,1,9,9","+0178,1","+0099,1","10187,1",,,,,,,,,,,,,,,"9,9,999,9,+005,1",,"SYN04642170 32996 00000 10178 20099 40187 333 58005=",
"42170099999","2025-02-23T21:00:00","4","28.25","74.9166666","291.0","CHURU, IN","FM-12","99999","V020","999,9,C,0000,1","99999,9,9,N","002000,1,9,9","+0148,1","+0094,1","10184,1",,"0,1,02,1","0,1,02,1",,,,,,,,,,,,"9,9,999,9,+006,1","05,1","SYN05242170 31995 00000 10148 20094 40184 70500 333 58006=",
"42170099999","2025-02-24T00:00:00","4","28.25","74.9166666","291.0","CHURU, IN","FM-12","99999","V020","999,9,C,0000,1","99999,9,9,N","002000,1,9,9","+0138,1","+0108,1","10185,1",,"0,1,02,1","0,1,02,1",,,,,,,,,,,,"9,9,999,9,+008,1","10,1","SYN05242170 31995 00000 10138 20108 40185 71000 333 58008=",
"42170099999","2025-02-24T03:00:00","4","28.25","74.9166666","291.0","CHURU, IN","FM-12","99999","V020","090,1,N,0005,1","99999,9,9,N","004000,1,9,9","+0152,1","+0111,1","10202,1",,,,,,,,,,,,"240,M,+0284,1","240,N,+0130,1",,"9,9,999,9,+007,1",,"SYN06842170 32996 00901 10152 20111 40202 333 10284 20130 58007 555 10011=",
"42170099999","2025-02-24T06:00:00","4","28.25","74.9166666","291.0","CHURU, IN","FM-12","99999","V020","360,1,N,0005,1","99999,9,9,N","004000,1,9,9","+0256,1","+0086,1","10197,1",,,,,,,,,,,,,,,"9,9,999,9,+005,1",,"SYN04642170 32996 03601 10256 20086 40197 333 58005=",
"42170099999","2025-02-24T09:00:00","4","28.25","74.9166666","291.0","CHURU, IN","FM-12","99999","V020","360,1,N,0010,1","22000,1,9,N","004000,1,9,9","+0298,1","+0067,1","10160,1",,,,,,"01,1,+06000,1,00,1",,,,"9,AGL   ,+99999,+99999","01,99,1,01,1,99,9,06000,1,99,9,99,9",,,,"9,9,999,9,+005,1",,"SYN05842170 32996 13602 10298 20067 40160 80001 333 58005 81070=",
"42170099999","2025-02-24T12:00:00","4","28.25","74.9166666","291.0","CHURU, IN","FM-12","99999","V020","360,1,N,0010,1","22000,1,9,N","004000,1,9,9","+0284,1","+0072,1","10155,1",,,,,,"02,1,+06000,1,00,1",,,,"9,AGL   ,+99999,+99999","02,99,1,02,1,99,9,06000,1,99,9,99,9","240,M,+0304,1",,,"9,9,999,9,+014,1",,"SYN06442170 32996 23602 10284 20072 40155 80001 333 10304 58014 82070=",
"42170099999","2025-02-24T15:00:00","4","28.25","74.9166666","291.0","CHURU, IN","FM-12","99999","V020","140,1,N,0005,1","22000,1,9,N","004000,1,9,9","+0226,1","+0116,1","10183,1",,,,,,"02,1,+06000,1,00,1",,,,"9,AGL   ,+99999,+99999","02,99,1,02,1,99,9,06000,1,99,9,99,9",,,,"9,9,999,9,+014,1",,"SYN05842170 32996 21401 10226 20116 40183 80001 333 58014 82070=",
"42170099999","2025-02-24T18:00:00","4","28.25","74.9166666","291.0","CHURU, IN","FM-12","99999","V020","140,1,N,0010,1","99999,9,9,N","004000,1,9,9","+0194,1","+0114,1","10192,1",,,,,,,,,,,,,,,"9,9,999,9,+006,1",,"SYN04642170 32996 01402 10194 20114 40192 333 58006=",
"42170099999","2025-02-24T21:00:00","4","28.25","74.9166666","291.0","CHURU, IN","FM-12","99999","V020","999,9,C,0000,1","99999,9,9,N","004000,1,9,9","+0170,1","+0119,1","10175,1",,,,,,,,,,,,,,,"9,9,999,9,-006,1",,"SYN04642170 32996 00000 10170 20119 40175 333 59006=",
"42170099999","2025-02-25T00:00:00","4","28.25","74.9166666","291.0","CHURU, IN","FM-12","99999","V020","999,9,C,0000,1","99999,9,9,N","004000,1,9,9","+0152,1","+0119,1","10169,1",,,,,,,,,,,,,,,"9,9,999,9,-013,1",,"SYN04642170 32996 00000 10152 20119 40169 333 59013=",
"42170099999","2025-02-25T03:00:00","4","28.25","74.9166666","291.0","CHURU, IN","FM-12","99999","V020","090,1,N,0010,1","22000,1,9,N","004000,1,9,9","+0174,1","+0116,1","10191,1",,,,,,"02,1,+02400,1,03,1",,,,"9,AGL   ,+99999,+99999","02,99,1,02,1,99,9,02400,1,99,9,99,9","240,M,+0304,1","240,N,+0145,1",,"9,9,999,9,-008,1",,"SYN07042170 32896 20902 10174 20116 40191 82030 333 10304 20145 59008 82358=",
"42170099999","2025-02-25T06:00:00","4","28.25","74.9166666","291.0","CHURU, IN","FM-12","99999","V020","140,1,N,0005,1","22000,1,9,N","004000,1,9,9","+0284,1","+0083,1","10191,1",,,,,,"04,1,+06000,1,00,1",,,,"9,AGL   ,+99999,+99999","04,99,1,04,1,99,9,06000,1,99,9,99,9",,,,"9,9,999,9,-003,1",,"SYN05842170 32996 41401 10284 20083 40191 80001 333 59003 84070=",
"42170099999","2025-02-25T09:00:00","4","28.25","74.9166666","291.0","CHURU, IN","FM-12","99999","V020","180,1,N,0005,1","03000,1,9,N","004000,1,9,9","+0304,1","+0078,1","10163,1",,,,,,"03,1,+01200,1,06,1","07,1,+03000,1,03,1",,,"9,AGL   ,+99999,+99999","07,99,1,03,1,99,9,01200,1,99,9,99,9",,,,"9,9,999,9,+004,1",,"SYN06442170 32696 71801 10304 20078 40163 83530 333 58004 83640 87360=",
"42170099999","2025-02-25T12:00:00","4","28.25","74.9166666","291.0","CHURU, IN","FM-12","99999","V020","270,1,N,0005,1","03000,1,C,N","004000,1,9,9","+0320,1","+0098,1","10154,1",,,,,,"05,1,+03000,1,03,1",,,,"9,AGL   ,+99999,+99999","05,99,1,05,1,99,9,03000,1,99,9,99,9",,,,"9,9,999,9,+001,1",,"SYN06442170 32996 52701 10320 20098 40154 85030 333 10320 58001 85360=",
"42170099999","2025-02-25T15:00:00","4","28.25","74.9166666","291.0","CHURU, IN","FM-12","99999","V020","140,1,N,0010,1","22000,1,9,N","004000,1,9,9","+0220,1","+0127,1","10179,1",,,,,,"02,1,+03000,1,06,1",,,,"9,AGL   ,+99999,+99999","02,99,1,02,1,99,9,03000,1,99,9,99,9",,,,"9,9,999,9,-004,1",,"SYN05842170 32996 21402 10220 20127 40179 82010 333 59004 82660=",
"42170099999","2025-02-25T18:00:00","4","28.25","74.9166666","291.0","CHURU, IN","FM-12","99999","V020","140,1,N,0005,1","22000,1,9,N","004000,1,9,9","+0204,1","+0142,1","10187,1",,,,,,"04,1,+03000,1,04,1",,,,"9,AGL   ,+99999,+99999","04,99,1,04,1,99,9,03000,1,99,9,99,9",,,,"9,9,999,9,-004,1",,"SYN05842170 32996 41401 10204 20142 40187 84010 333 59004 84460=",
"42170099999","2025-02-25T21:00:00","4","28.25","74.9166666","291.0","CHURU, IN","FM-12","99999","V020","999,9,C,0000,1","22000,1,9,N","004000,1,9,9","+0202,1","+0132,1","10177,1",,,,,,"02,1,+03000,1,04,1",,,,"9,AGL   ,+99999,+99999","03,99,1,02,1,99,9,03000,1,99,9,99,9",,,,"9,9,999,9,+006,1",,"SYN05842170 32996 30000 10202 20132 40177 83010 333 58006 82460=",
"42170099999","2025-02-26T00:00:00","4","28.25","74.9166666","291.0","CHURU, IN","FM-12","99999","V020","180,1,N,0010,1","03000,1,9,N","004000,1,9,9","+0210,1","+0121,1","10168,1",,,,,,"03,1,+00900,1,06,1","06,1,+03000,1,04,1",,,"9,AGL   ,+99999,+99999","06,99,1,03,1,99,9,00900,1,99,9,99,9",,,,"9,9,999,9,+003,1",,"SYN06442170 32596 61802 10210 20121 40168 83510 333 58003 83630 86460=",
"42170099999","2025-02-26T03:00:00","4","28.25","74.9166666","291.0","CHURU, IN","FM-12","99999","V020","140,1,N,0010,1","03000,1,9,N","004000,1,9,9","+0210,1","+0121,1","10182,1",,,,,,"03,1,+01050,1,06,1","06,1,+03000,1,04,1",,,"9,AGL   ,+99999,+99999","06,99,1,03,1,99,9,01050,1,99,9,99,9","240,M,+0320,1","240,N,+0198,1",,"9,9,999,9,-006,1",,"SYN08642170 32696 61402 10210 20121 40182 83510 333 10320 20198 59006 83635 86460 555 10011=",
"42170099999","2025-02-26T06:00:00","4","28.25","74.9166666","291.0","CHURU, IN","FM-12","99999","V020","180,1,N,0010,1","03000,1,9,N","004000,1,9,9","+0290,1","+0093,1","10182,1",,,,,,"03,1,+01050,1,06,1","06,1,+03000,1,04,1",,,"9,AGL   ,+99999,+99999","06,99,1,03,1,99,9,01050,1,99,9,99,9",,,,"9,9,999,9,-009,1",,"SYN06442170 32696 61802 10290 20093 40182 83510 333 59009 83635 86460=",
"42170099999","2025-02-26T09:00:00","4","28.25","74.9166666","291.0","CHURU, IN","FM-12","99999","V020","230,1,N,0005,1","03000,1,9,N","004000,1,9,9","+0310,1","+0099,1","10152,1",,,,,,"03,1,+01200,1,06,1","08,1,+03000,1,04,1",,,"9,AGL   ,+99999,+99999","08,99,1,03,1,99,9,01200,1,99,9,99,9",,,,"9,9,999,9,-010,1",,"SYN06442170 32696 82301 10310 20099 40152 8351/ 333 59010 83640 88460=",
"42170099999","2025-02-26T12:00:00","4","28.25","74.9166666","291.0","CHURU, IN","FM-12","99999","V020","320,1,N,0005,1","03000,1,9,N","004000,1,9,9","+0290,1","+0098,1","10148,1",,,,,,"03,1,+01200,1,06,1","06,1,+03000,1,04,1",,,"9,AGL   ,+99999,+99999","06,99,1,03,1,99,9,01200,1,99,9,99,9","240,M,+0320,1",,,"9,9,999,9,-008,1",,"SYN07042170 32696 63201 10290 20098 40148 83510 333 10320 59008 83640 86460=",
"42170099999","2025-02-26T15:00:00","4","28.25","74.9166666","291.0","CHURU, IN","FM-12","99999","V020","320,1,N,0005,1","99999,9,C,N","004000,1,9,9","+0250,1","+0154,1","10160,1",,,,,,"02,1,+01200,1,06,1","04,1,+03000,1,04,1",,,"9,AGL   ,+99999,+99999","04,99,1,02,1,99,9,01200,1,99,9,99,9",,,,"9,9,999,9,-016,1",,"SYN06442170 32696 43201 10250 20154 40160 82510 333 59016 82640 84460=","Q01 030003SCOCIG"
"42170099999","2025-02-26T18:00:00","4","28.25","74.9166666","291.0","CHURU, IN","FM-12","99999","V020","140,1,N,0005,1","22000,1,9,9","004000,1,9,9","+0215,1","+0161,1","10170,1","99,9999,9,9",,,"0,1,99,9","0,1,99,9","02,1,+03000,1,04,1",,,,"9,AGL   ,+99999,+99999","02,99,1,02,1,99,9,03000,1,99,9,99,9",,,,"9,9,999,9,-016,1",,"SYN004BUFR",
"42170099999","2025-02-26T21:00:00","4","28.25","74.9166666","291.0","CHURU, IN","FM-12","99999","V020","140,1,N,0005,1","22000,1,9,N","004000,1,9,9","+0206,1","+0141,1","10138,1",,,,,,"02,1,+03000,1,04,1",,,,"9,AGL   ,+99999,+99999","02,99,1,02,1,99,9,03000,1,99,9,99,9",,,,"9,9,999,9,-037,1",,"SYN05842170 32996 21401 10206 20141 40138 82010 333 59037 82460=",
"42170099999","2025-02-27T00:00:00","4","28.25","74.9166666","291.0","CHURU, IN","FM-12","99999","V020","230,1,N,0005,1","03000,1,C,N","004000,1,9,9","+0202,1","+0111,1","10141,1",,,,,,"02,1,+01200,1,06,1","06,1,+03000,1,04,1",,,"9,AGL   ,+99999,+99999","06,99,1,02,1,99,9,01200,1,99,9,99,9",,,,"9,9,999,9,-025,1",,"SYN06442170 32696 62301 10202 20111 40141 82510 333 59025 82640 86460=",
"42170099999","2025-02-27T03:00:00","4","28.25","74.9166666","291.0","CHURU, IN","FM-12","99999","V020","180,1,N,0005,1","03000,1,9,N","004000,1,9,9","+0214,1","+0122,1","10150,1",,,,,,"02,1,+01200,1,06,1","08,1,+03000,1,04,1",,,"9,AGL   ,+99999,+99999","08,99,1,02,1,99,9,01200,1,99,9,99,9","240,M,+0320,1","240,N,+0198,1",,"9,9,999,9,-030,1",,"SYN07642170 32696 81801 10214 20122 40150 8251/ 333 10320 20198 59030 82640 88460=",
"42170099999","2025-02-27T06:00:00","4","28.25","74.9166666","291.0","CHURU, IN","FM-12","99999","V020","360,1,N,0010,1","03000,1,9,N","004000,1,9,9","+0240,1","+0134,1","10161,1",,,,,,"04,1,+01200,1,06,1","08,1,+03000,1,04,1",,,"9,AGL   ,+99999,+99999","08,99,1,04,1,99,9,01200,1,99,9,99,9",,,,"9,9,999,9,-025,1",,"SYN06442170 32696 83602 10240 20134 40161 8451/ 333 59025 84640 88460=",
"42170099999","2025-02-27T09:00:00","4","28.25","74.9166666","291.0","CHURU, IN","FM-12","99999","V020","090,1,N,0010,1","03000,1,9,N","004000,1,9,9","+0270,1","+0135,1","10116,1",,,,,,"04,1,+01200,1,06,1","08,1,+03000,1,04,1",,,"9,AGL   ,+99999,+99999","08,99,1,04,1,99,9,01200,1,99,9,99,9",,,,"9,9,999,9,-039,1",,"SYN06442170 32696 80902 10270 20135 40116 8451/ 333 59039 84640 88460=",
"42170099999","2025-02-27T12:00:00","4","28.25","74.9166666","291.0","CHURU, IN","FM-12","99999","V020","050,1,N,0015,1","02400,1,9,N","004000,1,9,9","+0252,1","+0153,1","10117,1","09,0000,2,1","2,1,02,1","2,1,02,1",,,"04,1,+01140,1,06,1","08,1,+02400,1,04,1",,,"9,AGL   ,+99999,+99999","08,99,1,04,1,99,9,01140,1,99,9,99,9","240,M,+0278,1",,,"9,9,999,9,-033,1","50,1","SYN08242170 21696 80503 10252 20153 40117 75022 8451/ 333 10278 59033 6990/ 84638 88458=",
"42170099999","2025-02-27T15:00:00","4","28.25","74.9166666","291.0","CHURU, IN","FM-12","99999","V020","090,1,N,0015,1","03000,1,C,N","004000,1,9,9","+0218,1","+0147,1","10127,1","12,0000,2,1",,,,,"03,1,+00600,1,06,1","03,1,+03000,1,04,1",,,"9,AGL   ,+99999,+99999","06,99,1,03,1,99,9,00600,1,99,9,99,9",,,,"9,9,999,9,-035,1",,"SYN07042170 22596 60903 10218 20147 40127 83570 333 59035 6990/ 83620 83460=",
"42170099999","2025-02-27T18:00:00","4","28.25","74.9166666","291.0","CHURU, IN","FM-12","99999","V020","110,1,N,0015,1","03000,1,C,N","004000,1,9,9","+0212,1","+0151,1","10119,1","15,0000,2,1",,,,,"03,1,+00600,1,06,1","03,1,+03000,1,04,1",,,"9,AGL   ,+99999,+99999","06,99,1,03,1,99,9,00600,1,99,9,99,9",,,,"9,9,999,9,-048,1",,"SYN07042170 22596 61103 10212 20151 40119 83570 333 59048 6990/ 83620 83460=",
"42170099999","2025-02-27T21:00:00","4","28.25","74.9166666","291.0","CHURU, IN","FM-12","99999","V020","140,1,N,0015,1","03000,1,C,N","004000,1,9,9","+0206,1","+0152,1","10101,1","18,0000,2,1",,,,,"03,1,+00600,1,06,1","04,1,+03000,1,04,1",,,"9,AGL   ,+99999,+99999","07,99,1,03,1,99,9,00600,1,99,9,99,9",,,,"9,9,999,9,-035,1",,"SYN07042170 22596 71403 10206 20152 40101 83570 333 59035 6990/ 83620 84460=",
"42170099999","2025-02-28T00:00:00","4","28.25","74.9166666","291.0","CHURU, IN","FM-12","99999","V020","360,1,N,0010,1","00600,1,C,N","004000,1,9,9","+0198,1","+0158,1","10095,1",,,,,,"03,1,+00600,1,06,1","04,1,+00600,1,04,1",,,"9,AGL   ,+99999,+99999","07,99,1,03,1,99,9,00600,1,99,9,99,9",,,,"9,9,999,9,-045,1",,"SYN06442170 32596 73602 10198 20158 40095 83570 333 59045 83620 84420=",
"42170099999","2025-02-28T03:00:00","4","28.25","74.9166666","291.0","CHURU, IN","FM-12","99999","V020","050,1,N,0005,1","03000,1,9,N","004000,1,9,9","+0188,1","+0151,1","10122,1","24,0000,2,1","5,1,02,1","2,1,02,1",,,"01,1,+00900,1,09,1","04,1,+01050,1,06,1","08,1,+03000,1,04,1",,"9,AGL   ,+99999,+99999","08,99,1,01,1,99,9,00900,1,99,9,99,9","240,M,+0278,1","240,N,+0184,1",,"9,9,999,9,-030,1","95,1","SYN10442170 21596 80501 10188 20151 40122 79552 8432/ 333 10278 20184 59030 6990/ 81930 84635 88460 555 10011=",
"42170099999","2025-02-28T06:00:00","4","28.25","74.9166666","291.0","CHURU, IN","FM-12","99999","V020","180,1,N,0005,1","03000,1,9,N","004000,1,9,9","+0224,1","+0158,1","10124,1","03,0000,2,1","9,1,02,1","5,1,02,1",,,"03,1,+01200,1,06,1","07,1,+03000,1,04,1",,,"9,AGL   ,+99999,+99999","07,99,1,03,1,99,9,01200,1,99,9,99,9",,,,"9,9,999,9,-037,1","02,1","SYN07642170 21696 71801 10224 20158 40124 70295 83520 333 59037 6990/ 83640 87460=",
"42170099999","2025-02-28T09:00:00","4","28.25","74.9166666","291.0","CHURU, IN","FM-12","99999","V020","270,1,N,0026,1","22000,1,9,N","004000,1,9,9","+0286,1","+0131,1","10088,1","06,0000,2,1",,,,,"01,1,+06000,1,00,1",,,,"9,AGL   ,+99999,+99999","01,99,1,01,1,99,9,06000,1,99,9,99,9",,,,"9,9,999,9,-025,1",,"SYN06442170 22996 12705 10286 20131 40088 80001 333 59025 6990/ 81070=",
"42170099999","2025-02-28T21:00:00","4","28.25","74.9166666","291.0","CHURU, IN","FM-12","99999","V020","999,9,C,0000,1","00900,1,C,N","002000,1,9,9","+0174,1","+0167,1","10129,1","18,0170,3,1","9,1,02,1","6,1,02,1",,,"01,1,+00660,1,09,1","05,1,+00900,1,06,1","08,1,+03000,1,04,1",,"9,AGL   ,+99999,+99999","08,99,1,01,1,99,9,00660,1,99,9,99,9",,,,"9,9,999,9,+023,1","95,1","SYN08242170 21595 80000 10174 20167 40129 79596 8532/ 333 58023 6017/ 81922 85630 88460=",
"42170099999","2025-03-01T00:00:00","4","28.25","74.9166666","291.0","CHURU, IN","FM-12","99999","V020","230,1,N,0010,1","03000,1,9,N","004000,1,9,9","+0170,1","+0153,1","10115,1","21,0260,3,1","9,1,02,1","6,1,02,1",,,"03,1,+00900,1,06,1","06,1,+03000,1,04,1",,,"9,AGL   ,+99999,+99999","06,99,1,03,1,99,9,00900,1,99,9,99,9",,,,"9,9,999,9,+015,1","01,1","SYN07642170 21596 62302 10170 20153 40115 70196 83510 333 58015 6026/ 83630 86460=",
"42170099999","2025-03-01T03:00:00","4","28.25","74.9166666","291.0","CHURU, IN","FM-12","99999","V020","090,1,N,0010,1","03000,1,C,N","004000,1,9,9","+0176,1","+0169,1","10137,1","24,0280,3,1","9,1,02,1","6,1,02,1",,,"02,1,+00600,1,06,1","03,1,+03000,1,04,1",,,"9,AGL   ,+99999,+99999","05,99,1,02,1,99,9,00600,1,99,9,99,9","240,M,+0295,1","240,N,+0166,1",,"9,9,999,9,+013,1","02,1","SYN10442170 21596 50902 10176 20169 40137 70296 82570 333 10295 20166 58013 6028/ 82620 83460 555 00282 10028=",
"42170099999","2025-03-01T06:00:00","4","28.25","74.9166666","291.0","CHURU, IN","FM-12","99999","V020","020,1,N,0005,1","22000,1,9,N","004000,1,9,9","+0228,1","+0177,1","10147,1",,"9,1,02,1","6,1,02,1",,,"03,1,+03000,1,03,1",,,,"9,AGL   ,+99999,+99999","03,99,1,03,1,99,9,03000,1,99,9,99,9",,,,"9,9,999,9,+022,1","01,1","SYN06442170 31996 30201 10228 20177 40147 70196 83030 333 58022 83360=",
"42170099999","2025-03-01T09:00:00","4","28.25","74.9166666","291.0","CHURU, IN","FM-12","99999","V020","360,1,N,0021,1","06000,1,9,N","004000,1,9,9","+0252,1","+0164,1","10120,1",,,,,,"03,1,+01200,1,06,1","06,1,+06000,1,00,1",,,"9,AGL   ,+99999,+99999","06,99,1,03,1,99,9,01200,1,99,9,99,9",,,,"9,9,999,9,+027,1",,"SYN06442170 32696 63604 10252 20164 40120 83501 333 58027 83640 86070=",
"42170099999","2025-03-01T12:00:00","4","28.25","74.9166666","291.0","CHURU, IN","FM-12","99999","V020","360,1,N,0015,1","22000,1,9,N","004000,1,9,9","+0244,1","+0151,1","10116,1",,,,,,"01,1,+01200,1,06,1","04,1,+06000,1,00,1",,,"9,AGL   ,+99999,+99999","04,99,1,01,1,99,9,01200,1,99,9,99,9","240,M,+0256,1",,,"9,9,999,9,+036,1",,"SYN07042170 32696 43603 10244 20151 40116 81501 333 10256 58036 81640 84070=",
"42170099999","2025-03-01T15:00:00","4","28.25","74.9166666","291.0","CHURU, IN","FM-12","99999","V020","360,1,N,0015,1","22000,1,9,N","004000,1,9,9","+0214,1","+0157,1","10135,1",,,,,,"03,1,+03000,1,03,1",,,,"9,AGL   ,+99999,+99999","03,99,1,03,1,99,9,03000,1,99,9,99,9",,,,"9,9,999,9,+023,1",,"SYN05842170 32996 33603 10214 20157 40135 83030 333 58023 83360=",
"42170099999","2025-03-01T18:00:00","4","28.25","74.9166666","291.0","CHURU, IN","FM-12","99999","V020","050,1,N,0010,1","22000,1,9,N","002000,1,9,9","+0190,1","+0174,1","10149,1",,"0,1,02,1","0,1,02,1",,,"04,1,+03000,1,03,1",,,,"9,AGL   ,+99999,+99999","04,99,1,04,1,99,9,03000,1,99,9,99,9",,,,"9,9,999,9,+023,1","10,1","SYN06442170 31995 40502 10190 20174 40149 71000 84030 333 58023 84360=",
"42170099999","2025-03-01T21:00:00","4","28.25","74.9166666","291.0","CHURU, IN","FM-12","99999","V020","360,1,N,0005,1","03000,1,C,N","002000,1,9,9","+0168,1","+0158,1","10145,1",,"0,1,02,1","0,1,02,1",,,"05,1,+03000,1,03,1",,,,"9,AGL   ,+99999,+99999","05,99,1,05,1,99,9,03000,1,99,9,99,9",,,,"9,9,999,9,+015,1","10,1","SYN06442170 31995 53601 10168 20158 40145 71000 85030 333 58015 85360=",
"42170099999","2025-03-02T00:00:00","4","28.25","74.9166666","291.0","CHURU, IN","FM-12","99999","V020","360,1,N,0005,1","03000,1,C,N","002000,1,9,9","+0156,1","+0142,1","10136,1",,"0,1,02,1","0,1,02,1",,,"05,1,+03000,1,03,1",,,,"9,AGL   ,+99999,+99999","05,99,1,05,1,99,9,03000,1,99,9,99,9",,,,"9,9,999,9,+020,1","10,1","SYN06442170 31995 53601 10156 20142 40136 71000 85030 333 58020 85360=",
"42170099999","2025-03-02T03:00:00","4","28.25","74.9166666","291.0","CHURU, IN","FM-12","99999","V020","360,1,N,0010,1","99999,9,9,N","002000,1,9,9","+0154,1","+0129,1","10156,1",,"0,1,02,1","0,1,02,1",,,,,,,,,"240,M,+0256,1","240,N,+0140,1",,"9,9,999,9,+016,1","10,1","SYN07442170 31995 03602 10154 20129 40156 71000 333 10256 20140 58016 555 10028=",
"42170099999","2025-03-02T06:00:00","4","28.25","74.9166666","291.0","CHURU, IN","FM-12","99999","V020","050,1,N,0010,1","99999,9,9,N","004000,1,9,9","+0230,1","+0038,1","10154,1",,,,,,,,,,,,,,,"9,9,999,9,+007,1",,"SYN04642170 32996 00502 10230 20038 40154 333 58007=",
"42170099999","2025-03-02T09:00:00","4","28.25","74.9166666","291.0","CHURU, IN","FM-12","99999","V020","320,1,N,0010,1","99999,9,9,N","004000,1,9,9","+0262,1","+0031,1","10120,1",,,,,,,,,,,,,,,"9,9,999,9,+001,1",,"SYN04642170 32996 03202 10262 20031 40120 333 58001=",
"42170099999","2025-03-02T12:00:00","4","28.25","74.9166666","291.0","CHURU, IN","FM-12","99999","V020","360,1,N,0010,1","99999,9,9,N","004000,1,9,9","+0256,1","+0026,1","10107,1",,,,,,,,,,,,"240,M,+0270,1",,,"9,0,999,0,-008,1",,"SYN05242170 32996 03602 10256 20026 40107 333 10270 59008=",
"42170099999","2025-03-02T15:00:00","4","28.25","74.9166666","291.0","CHURU, IN","FM-12","99999","V020","999,9,C,0000,1","99999,9,9,N","004000,1,9,9","+0188,1","+0111,1","10123,1",,,,,,,,,,,,,,,"9,9,999,9,-015,1",,"SYN04642170 32996 00000 10188 20111 40123 333 59015=",
"42170099999","2025-03-02T18:00:00","4","28.25","74.9166666","291.0","CHURU, IN","FM-12","99999","V020","999,9,C,0000,1","99999,9,9,N","004000,1,9,9","+0158,1","+0097,1","10130,1",,,,,,,,,,,,,,,"9,9,999,9,-021,1",,"SYN04642170 32996 00000 10158 20097 40130 333 59021=",
"42170099999","2025-03-02T21:00:00","4","28.25","74.9166666","291.0","CHURU, IN","FM-12","99999","V020","999,9,C,0000,1","99999,9,9,N","004000,1,9,9","+0144,1","+0094,1","10126,1",,,,,,,,,,,,,,,"9,9,999,9,-021,1",,"SYN04642170 32996 00000 10144 20094 40126 333 59021=",
"42170099999","2025-03-03T00:00:00","4","28.25","74.9166666","291.0","CHURU, IN","FM-12","99999","V020","999,9,C,0000,1","99999,9,9,N","004000,1,9,9","+0138,1","+0087,1","10122,1",,,,,,,,,,,,,,,"9,9,999,9,-016,1",,"SYN04642170 32996 00000 10138 20087 40122 333 59016=",
"42170099999","2025-03-03T03:00:00","4","28.25","74.9166666","291.0","CHURU, IN","FM-12","99999","V020","140,1,N,0010,1","22000,1,9,N","004000,1,9,9","+0172,1","+0082,1","10133,1",,,,,,"03,1,+03000,1,03,1",,,,"9,AGL   ,+99999,+99999","03,99,1,03,1,99,9,03000,1,99,9,99,9","240,M,+0270,1","240,N,+0134,1",,"9,9,999,9,-020,1",,"SYN08042170 32996 31402 10172 20082 40133 83030 333 10270 20134 59020 83360 555 10028=",
"42170099999","2025-03-03T06:00:00","4","28.25","74.9166666","291.0","CHURU, IN","FM-12","99999","V020","230,1,N,0010,1","99999,9,9,N","004000,1,9,9","+0276,1","+0097,1","10120,1",,,,,,,,,,,,,,,"9,9,999,9,-028,1",,"SYN04642170 32996 02302 10276 20097 40120 333 59028=",
"42170099999","2025-03-03T09:00:00","4","28.25","74.9166666","291.0","CHURU, IN","FM-12","99999","V020","320,1,N,0015,1","22000,1,9,N","004000,1,9,9","+0310,1","+0089,1","10077,1",,,,,,"02,1,+03000,1,03,1",,,,"9,AGL   ,+99999,+99999","02,99,1,02,1,99,9,03000,1,99,9,99,9",,,,"9,9,999,9,-037,1",,"SYN05842170 32996 23203 10310 20089 40077 82030 333 59037 82360=",
"42170099999","2025-03-03T12:00:00","4","28.25","74.9166666","291.0","CHURU, IN","FM-12","99999","V020","320,1,N,0021,1","99999,9,9,N","004000,1,9,9","+0294,1","+0047,1","10071,1",,,,,,,,,,,,"240,M,+0317,1",,,"9,9,999,9,-031,1",,"SYN05242170 32996 03204 10294 20047 40071 333 10317 59031=",
"42170099999","2025-03-03T15:00:00","4","28.25","74.9166666","291.0","CHURU, IN","FM-12","99999","V020","230,1,N,0005,1","99999,9,9,N","004000,1,9,9","+0234,1","+0130,1","10088,1",,,,,,,,,,,,,,,"9,9,999,9,-029,1",,"SYN04642170 32996 02301 10234 20130 40088 333 59029=",
"42170099999","2025-03-03T18:00:00","4","28.25","74.9166666","291.0","CHURU, IN","FM-12","99999","V020","999,9,C,0000,1","99999,9,9,N","004000,1,9,9","+0204,1","+0134,1","10109,1",,,,,,,,,,,,,,,"9,9,999,9,-015,1",,"SYN04642170 32996 00000 10204 20134 40109 333 59015=",
"42170099999","2025-03-03T21:00:00","4","28.25","74.9166666","291.0","CHURU, IN","FM-12","99999","V020","999,9,C,0000,1","99999,9,9,N","004000,1,9,9","+0176,1","+0137,1","10104,1",,,,,,,,,,,,,,,"9,9,999,9,-018,1",,"SYN04642170 32996 00000 10176 20137 40104 333 59018=",
"42170099999","2025-03-04T00:00:00","4","28.25","74.9166666","291.0","CHURU, IN","FM-12","99999","V020","230,1,N,0015,1","99999,9,9,N","004000,1,9,9","+0160,1","+0103,1","10113,1",,,,,,,,,,,,,,,"9,9,999,9,-007,1",,"SYN04642170 32996 02303 10160 20103 40113 333 59007=",
"42170099999","2025-03-04T03:00:00","4","28.25","74.9166666","291.0","CHURU, IN","FM-12","99999","V020","320,1,N,0015,1","99999,9,9,N","004000,1,9,9","+0156,1","+0051,1","10149,1",,,,,,,,,,,,"240,M,+0317,1","240,N,+0142,1",,"9,9,999,9,+014,1",,"SYN06842170 32996 03203 10156 20051 40149 333 10317 20142 58014 555 10028=",
"42170099999","2025-03-04T06:00:00","4","28.25","74.9166666","291.0","CHURU, IN","FM-12","99999","V020","270,1,N,0010,1","99999,9,9,N","004000,1,9,9","+0222,1","+0082,1","10167,1",,,,,,,,,,,,,,,"9,9,999,9,+040,1",,"SYN04642170 32996 02702 10222 20082 40167 333 58040=",
"42170099999","2025-03-04T09:00:00","4","28.25","74.9166666","291.0","CHURU, IN","FM-12","99999","V020","320,1,N,0015,1","99999,9,9,N","004000,1,9,9","+0244,1","+0044,1","10151,1",,,,,,,,,,,,,,,"9,9,999,9,+065,1",,"SYN04642170 32996 03203 10244 20044 40151 333 58065=",
"42170099999","2025-03-04T12:00:00","4","28.25","74.9166666","291.0","CHURU, IN","FM-12","99999","V020","320,1,N,0021,1","99999,9,9,N","004000,1,9,9","+0232,1","+0021,1","10151,1",,,,,,,,,,,,"240,M,+0247,1",,,"9,9,999,9,+071,1",,"SYN05242170 32996 03204 10232 20021 40151 333 10247 58071=",
"42170099999","2025-03-04T15:00:00","4","28.25","74.9166666","291.0","CHURU, IN","FM-12","99999","V020","320,1,N,0010,1","99999,9,9,N","004000,1,9,9","+0186,1","+0032,1","10177,1",,,,,,,,,,,,,,,,,"SYN04642170 32996 03202 10186 20032 40177 333 58081=",
"42170099999","2025-03-04T18:00:00","4","28.25","74.9166666","291.0","CHURU, IN","FM-12","99999","V020","320,1,N,0005,1","99999,9,9,N","004000,1,9,9","+0150,1","+0078,1","10190,1",,,,,,,,,,,,,,,"9,9,999,9,+072,1",,"SYN04642170 32996 03201 10150 20078 40190 333 58072=",
"42170099999","2025-03-04T21:00:00","4","28.25","74.9166666","291.0","CHURU, IN","FM-12","99999","V020","999,9,C,0000,1","99999,9,9,N","004000,1,9,9","+0126,1","+0073,1","10186,1",,,,,,,,,,,,,,,"9,9,999,9,+073,1",,"SYN04642170 32996 00000 10126 20073 40186 333 58073=",
"42170099999","2025-03-05T00:00:00","4","28.25","74.9166666","291.0","CHURU, IN","FM-12","99999","V020","999,9,C,0000,1","99999,9,9,N","004000,1,9,9","+0102,1","+0068,1","10182,1",,,,,,,,,,,,,,,"9,9,999,9,+061,1",,"SYN04642170 32996 00000 10102 20068 40182 333 58061=",
"42170099999","2025-03-05T03:00:00","4","28.25","74.9166666","291.0","CHURU, IN","FM-12","99999","V020","320,1,N,0010,1","99999,9,9,N","004000,1,9,9","+0126,1","+0068,1","10193,1",,,,,,,,,,,,"240,M,+0247,1","240,N,+0088,1",,"9,9,999,9,+038,1",,"SYN05842170 32996 03202 10126 20068 40193 333 10247 20088 58038=",
"42170099999","2025-03-05T06:00:00","4","28.25","74.9166666","291.0","CHURU, IN","FM-12","99999","V020","320,1,N,0010,1","99999,9,9,N","004000,1,9,9","+0230,1","-0041,1","10185,1",,,,,,,,,,,,,,,"9,9,999,9,+018,1",,"SYN04642170 32996 03202 10230 21041 40185 333 58018=",
"42170099999","2025-03-05T09:00:00","4","28.25","74.9166666","291.0","CHURU, IN","FM-12","99999","V020","270,1,N,0021,1","99999,9,9,N","004000,1,9,9","+0264,1","-0050,1","10146,1",,,,,,,,,,,,,,,"9,9,999,9,-002,1",,"SYN04642170 32996 02704 10264 21050 40146 333 59002=",
"42170099999","2025-03-05T12:00:00","4","28.25","74.9166666","291.0","CHURU, IN","FM-12","99999","V020","320,1,N,0031,1","99999,9,9,N","004000,1,9,9","+0252,1","-0023,1","10136,1",,,,,,,,,,,,"240,M,+0270,1",,,"9,9,999,9,-012,1",,"SYN05242170 32996 03206 10252 21023 40136 333 10270 59012=",
"42170099999","2025-03-05T15:00:00","4","28.25","74.9166666","291.0","CHURU, IN","FM-12","99999","V020","320,1,N,0015,1","99999,9,9,N","004000,1,9,9","+0194,1","+0039,1","10150,1",,,,,,,,,,,,,,,"9,9,999,9,-025,1",,"SYN04642170 32996 03203 10194 20039 40150 333 59025=",
"42170099999","2025-03-05T18:00:00","4","28.25","74.9166666","291.0","CHURU, IN","FM-12","99999","V020","320,1,N,0005,1","99999,9,9,N","004000,1,9,9","+0158,1","+0031,1","10157,1",,,,,,,,,,,,,,,"9,9,999,9,-031,1",,"SYN04642170 32996 03201 10158 20031 40157 333 59031=",
"42170099999","2025-03-05T21:00:00","4","28.25","74.9166666","291.0","CHURU, IN","FM-12","99999","V020","999,9,C,0000,1","99999,9,9,N","004000,1,9,9","+0112,1","+0051,1","10143,1",,,,,,,,,,,,,,,"9,9,999,9,-042,1",,"SYN04642170 32996 00000 10112 20051 40143 333 59042=",
"42170099999","2025-03-06T00:00:00","4","28.25","74.9166666","291.0","CHURU, IN","FM-12","99999","V020","999,9,C,0000,1","99999,9,9,N","004000,1,9,9","+0100,1","+0042,1","10139,1",,,,,,,,,,,,,,,"9,9,999,9,-043,1",,"SYN04642170 32996 00000 10100 20042 40139 333 59043=",
"42170099999","2025-03-06T03:00:00","4","28.25","74.9166666","291.0","CHURU, IN","FM-12","99999","V020","230,1,N,0005,1","99999,9,9,N","004000,1,9,9","+0134,1","+0026,1","10156,1",,,,,,,,,,,,"240,M,+0270,1","240,N,+0089,1",,"9,9,999,9,-035,1",,"SYN05842170 32996 02301 10134 20026 40156 333 10270 20089 59035=",
"42170099999","2025-03-06T06:00:00","4","28.25","74.9166666","291.0","CHURU, IN","FM-12","99999","V020","230,1,N,0010,1","99999,9,9,N","004000,1,9,9","+0264,2","-0040,1","10138,1",,,,,,,,,,,,,,,"9,9,999,9,-041,1",,"SYN04642170 32996 02302 10264 21040 40138 333 59041=",
"42170099999","2025-03-06T09:00:00","4","28.25","74.9166666","291.0","CHURU, IN","FM-12","99999","V020","230,1,N,0015,1","99999,9,9,N","004000,1,9,9","+0302,1","-0073,1","10109,1",,,,,,,,,,,,,,,"9,9,999,9,-032,1",,"SYN04642170 32996 02303 10302 21073 40109 333 59032=",
"42170099999","2025-03-06T12:00:00","4","28.25","74.9166666","291.0","CHURU, IN","FM-12","99999","V020","270,1,N,0010,1","99999,9,9,N","004000,1,9,9","+0292,1","-0003,1","10100,1",,,,,,,,,,,,,,,"9,9,999,9,+031,1",,"SYN05242170 32996 02702 10292 21003 40100 333 10312 58031=",
"42170099999","2025-03-06T15:00:00","4","28.25","74.9166666","291.0","CHURU, IN","FM-12","99999","V020","999,9,C,0000,1","99999,9,9,N","004000,1,9,9","+0208,1","+0092,1","10116,1",,,,,,,,,,,,,,,"9,9,999,9,-032,1",,"SYN04642170 32996 00000 10208 20092 40116 333 59032=",
"42170099999","2025-03-06T18:00:00","4","28.25","74.9166666","291.0","CHURU, IN","FM-12","99999","V020","320,1,N,0005,1","99999,9,9,N","004000,1,9,9","+0172,1","+0067,1","10134,1",,,,,,,,,,,,,,,"9,9,999,9,-019,1",,"SYN04642170 32996 03201 10172 20067 40134 333 59019=",
"42170099999","2025-03-06T21:00:00","4","28.25","74.9166666","291.0","CHURU, IN","FM-12","99999","V020","999,9,C,0000,1","99999,9,9,N","004000,1,9,9","+0142,1","+0082,1","10124,1",,,,,,,,,,,,,,,"9,9,999,9,-015,1",,"SYN04642170 32996 00000 10142 20082 40124 333 59015=",
"42170099999","2025-03-07T00:00:00","4","28.25","74.9166666","291.0","CHURU, IN","FM-12","99999","V020","999,9,C,0000,1","99999,9,9,N","004000,1,9,9","+0120,1","+0070,1","10127,1",,,,,,,,,,,,,,,"9,9,999,9,-007,1",,"SYN04642170 32996 00000 10120 20070 40127 333 59007=",
"42170099999","2025-03-07T03:00:00","4","28.25","74.9166666","291.0","CHURU, IN","FM-12","99999","V020","140,1,N,0005,1","99999,9,9,N","004000,1,9,9","+0148,1","+0056,1","10133,1",,,,,,,,,,,,"240,M,+0312,1","240,N,+0112,1",,"9,9,999,9,-021,1",,"SYN06842170 32996 01401 10148 20056 40133 333 10312 20112 59021 555 10028=",
"42170099999","2025-03-07T06:00:00","4","28.25","74.9166666","291.0","CHURU, IN","FM-12","99999","V020","050,1,N,0010,1","99999,9,9,N","004000,1,9,9","+0280,2","+0025,1","10112,1",,,,,,,,,,,,,,,"9,9,999,9,-024,1",,"SYN04642170 32996 00502 10280 20025 40112 333 59024=",
"42170099999","2025-03-07T09:00:00","4","28.25","74.9166666","291.0","CHURU, IN","FM-12","99999","V020","230,1,N,0010,1","99999,9,9,N","004000,1,9,9","+0322,1","-0005,1","10085,1",,,,,,,,,,,,,,,"9,9,999,9,-023,1",,"SYN04642170 32996 02302 10322 21005 40085 333 59023=",
"42170099999","2025-03-07T12:00:00","4","28.25","74.9166666","291.0","CHURU, IN","FM-12","99999","V020","360,1,N,0010,1","99999,9,9,N","004000,1,9,9","+0306,1","+0030,1","10078,1",,,,,,,,,,,,"240,M,+0328,1",,,"9,9,999,9,-020,1",,"SYN05242170 32996 03602 10306 20030 40078 333 10328 59020=",
"42170099999","2025-03-07T15:00:00","4","28.25","74.9166666","291.0","CHURU, IN","FM-12","99999","V020","360,1,N,0010,1","99999,9,9,N","004000,1,9,9","+0242,1","+0052,1","10096,1",,,,,,,,,,,,,,,"9,9,999,9,-015,1",,"SYN04642170 32996 03602 10242 20052 40096 333 59015=",
"42170099999","2025-03-07T18:00:00","4","28.25","74.9166666","291.0","CHURU, IN","FM-12","99999","V020","999,9,C,0000,1","99999,9,9,N","004000,1,9,9","+0190,1","+0096,1","10108,1",,,,,,,,,,,,,,,"9,9,999,9,-025,1",,"SYN04642170 32996 00000 10190 20096 40108 333 59025=",
"42170099999","2025-03-07T21:00:00","4","28.25","74.9166666","291.0","CHURU, IN","FM-12","99999","V020","999,9,C,0000,1","99999,9,9,N","004000,1,9,9","+0162,1","+0106,1","10101,1",,,,,,,,,,,,,,,"9,9,999,9,-020,1",,"SYN04642170 32996 00000 10162 20106 40101 333 59020=",
"42170099999","2025-03-08T00:00:00","4","28.25","74.9166666","291.0","CHURU, IN","FM-12","99999","V020","999,9,C,0000,1","99999,9,9,N","004000,1,9,9","+0132,1","+0097,1","10097,1",,,,,,,,,,,,,,,"9,9,999,9,-029,1",,"SYN04642170 32996 00000 10132 20097 40097 333 59029=",
"42170099999","2025-03-08T03:00:00","4","28.25","74.9166666","291.0","CHURU, IN","FM-12","99999","V020","180,1,N,0005,1","99999,9,9,N","004000,1,9,9","+0152,1","+0090,1","10103,1",,,,,,,,,,,,"240,M,+0328,1","240,N,+0121,1",,"9,9,999,9,-028,1",,"SYN06842170 32996 01801 10152 20090 40103 333 10328 20121 59028 555 10028=",
"42170099999","2025-03-08T06:00:00","4","28.25","74.9166666","291.0","CHURU, IN","FM-12","99999","V020","050,1,N,0010,1","99999,9,9,N","004000,1,9,9","+0290,2","+0059,1","10096,1",,,,,,,,,,,,,,,"9,9,999,9,-015,1",,"SYN04642170 32996 00502 10290 20059 40096 333 59015=",
"42170099999","2025-03-08T09:00:00","4","28.25","74.9166666","291.0","CHURU, IN","FM-12","99999","V020","360,1,N,0010,1","99999,9,9,N","004000,1,9,9","+0324,1","+0025,1","10065,1",,,,,,,,,,,,,,,"9,9,999,9,-017,1",,"SYN04642170 32996 03602 10324 20025 40065 333 59017=",
"42170099999","2025-03-08T12:00:00","4","28.25","74.9166666","291.0","CHURU, IN","FM-12","99999","V020","270,1,N,0010,1","99999,9,9,N","004000,1,9,9","+0312,1","+0056,1","10060,1",,,,,,,,,,,,,,,"9,9,999,9,-016,1",,"SYN05242170 32996 02702 10312 20056 40060 333 10333 59016=",
"42170099999","2025-03-08T15:00:00","4","28.25","74.9166666","291.0","CHURU, IN","FM-12","99999","V020","999,9,C,0000,1","99999,9,9,N","004000,1,9,9","+0238,1","+0109,1","10080,1",,,,,,,,,,,,,,,"9,9,999,9,-017,1",,"SYN04642170 32996 00000 10238 20109 40080 333 59017=",
"42170099999","2025-03-08T18:00:00","4","28.25","74.9166666","291.0","CHURU, IN","FM-12","99999","V020","999,9,C,0000,1","99999,9,9,N","004000,1,9,9","+0208,1","+0087,1","10096,1",,,,,,,,,,,,,,,"9,9,999,9,-009,1",,"SYN04642170 32996 00000 10208 20087 40096 333 59009=",
"42170099999","2025-03-08T21:00:00","4","28.25","74.9166666","291.0","CHURU, IN","FM-12","99999","V020","050,1,N,0005,1","99999,9,9,N","004000,1,9,9","+0186,1","+0077,1","10094,1",,,,,,,,,,,,,,,"9,9,999,9,-005,1",,"SYN04642170 32996 00501 10186 20077 40094 333 59005=",
"42170099999","2025-03-09T00:00:00","4","28.25","74.9166666","291.0","CHURU, IN","FM-12","99999","V020","050,1,N,0010,1","99999,9,9,N","004000,1,9,9","+0168,1","+0077,1","10096,1",,,,,,,,,,,,,,,"9,9,999,9,+003,1",,"SYN04642170 32996 00502 10168 20077 40096 333 58003=",
"42170099999","2025-03-09T03:00:00","4","28.25","74.9166666","291.0","CHURU, IN","FM-12","99999","V020","180,1,N,0010,1","22000,1,9,N","004000,1,9,9","+0206,1","+0058,1","10112,1",,,,,,"02,1,+06000,1,00,1",,,,"9,AGL   ,+99999,+99999","02,99,1,02,1,99,9,06000,1,99,9,99,9","240,M,+0333,1","240,N,+0164,1",,"9,9,999,9,+015,1",,"SYN08042170 32996 21802 10206 20058 40112 80001 333 10333 20164 58015 82070 555 10028=",
"42170099999","2025-03-09T06:00:00","4","28.25","74.9166666","291.0","CHURU, IN","FM-12","99999","V020","090,1,N,0005,1","99999,9,9,N","004000,1,9,9","+0318,2","+0074,1","10113,1",,,,,,,,,,,,,,,"9,9,999,9,+020,1",,"SYN04642170 32996 00901 10318 20074 40113 333 58020=",
"42170099999","2025-03-09T09:00:00","4","28.25","74.9166666","291.0","CHURU, IN","FM-12","99999","V020","320,1,N,0015,1","22000,1,9,N","004000,1,9,9","+0348,1","+0057,1","10085,1",,,,,,"03,1,+06000,1,00,1",,,,"9,AGL   ,+99999,+99999","03,99,1,03,1,99,9,06000,1,99,9,99,9",,,,"9,9,999,9,+021,1",,"SYN05842170 32996 33203 10348 20057 40085 80001 333 58021 83070=",
"42170099999","2025-03-09T12:00:00","4","28.25","74.9166666","291.0","CHURU, IN","FM-12","99999","V020","320,1,N,0015,1","22000,1,9,N","004000,1,9,9","+0330,1","+0059,1","10085,1",,,,,,"02,1,+06000,1,00,1",,,,"9,AGL   ,+99999,+99999","02,99,1,02,1,99,9,06000,1,99,9,99,9","240,M,+0358,1",,,"9,9,999,9,+025,1",,"SYN06442170 32996 23203 10330 20059 40085 80001 333 10358 58025 82070=",
"42170099999","2025-03-09T15:00:00","4","28.25","74.9166666","291.0","CHURU, IN","FM-12","99999","V020","090,1,N,0015,1","22000,1,9,N","004000,1,9,9","+0254,1","+0135,1","10113,1",,,,,,"02,1,+06000,1,00,1",,,,"9,AGL   ,+99999,+99999","02,99,1,02,1,99,9,06000,1,99,9,99,9",,,,"9,9,999,9,+035,1",,"SYN05842170 32996 20903 10254 20135 40113 80001 333 58035 82070=",
"42170099999","2025-03-09T18:00:00","4","28.25","74.9166666","291.0","CHURU, IN","FM-12","99999","V020","050,1,N,0010,1","22000,1,9,N","004000,1,9,9","+0232,1","+0144,1","10128,1",,,,,,"02,1,+06000,1,00,1",,,,"9,AGL   ,+99999,+99999","02,99,1,02,1,99,9,06000,1,99,9,99,9",,,,"9,9,999,9,+034,1",,"SYN05842170 32996 20502 10232 20144 40128 80001 333 58034 82070=",
"42170099999","2025-03-09T21:00:00","4","28.25","74.9166666","291.0","CHURU, IN","FM-12","99999","V020","050,1,N,0005,1","22000,1,9,N","004000,1,9,9","+0200,1","+0145,1","10124,1",,,,,,"02,1,+06000,1,00,1",,,,"9,AGL   ,+99999,+99999","02,99,1,02,1,99,9,06000,1,99,9,99,9",,,,"9,9,999,9,+031,1",,"SYN05842170 32996 20501 10200 20145 40124 80001 333 58031 82070=",
"42170099999","2025-03-10T00:00:00","4","28.25","74.9166666","291.0","CHURU, IN","FM-12","99999","V020","999,9,C,0000,1","99999,9,9,N","004000,1,9,9","+0174,1","+0120,1","10124,1",,,,,,,,,,,,,,,"9,9,999,9,+029,1",,"SYN04642170 32996 00000 10174 20120 40124 333 58029=",
"42170099999","2025-03-10T03:00:00","4","28.25","74.9166666","291.0","CHURU, IN","FM-12","99999","V020","050,1,N,0010,1","22000,1,9,N","004000,1,9,9","+0202,1","+0116,1","10151,1",,,,,,"02,1,+06000,1,00,1",,,,"9,AGL   ,+99999,+99999","02,99,1,02,1,99,9,06000,1,99,9,99,9","240,M,+0358,1","240,N,+0167,1",,"9,9,999,9,+038,1",,"SYN08042170 32996 20502 10202 20116 40151 80001 333 10358 20167 58038 82070 555 10028=",
"42170099999","2025-03-10T06:00:00","4","28.25","74.9166666","291.0","CHURU, IN","FM-12","99999","V020","320,1,N,0005,1","22000,1,9,N","004000,1,9,9","+0334,2","+0086,1","10146,1",,,,,,"03,1,+06000,1,00,1",,,,"9,AGL   ,+99999,+99999","03,99,1,03,1,99,9,06000,1,99,9,99,9",,,,"9,9,999,9,+034,1",,"SYN05842170 32996 33201 10334 20086 40146 80001 333 58034 83070=",
"42170099999","2025-03-10T09:00:00","4","28.25","74.9166666","291.0","CHURU, IN","FM-12","99999","V020","320,1,N,0005,1","22000,1,9,N","004000,1,9,9","+0356,1","+0079,1","10117,1",,,,,,"03,1,+06000,1,00,1",,,,"9,AGL   ,+99999,+99999","03,99,1,03,1,99,9,06000,1,99,9,99,9",,,,"9,9,999,9,+032,1",,"SYN05842170 32996 33201 10356 20079 40117 80001 333 58032 83070=",
"42170099999","2025-03-10T12:00:00","4","28.25","74.9166666","291.0","CHURU, IN","FM-12","99999","V020","320,1,N,0005,1","22000,1,9,N","004000,1,9,9","+0344,1","+0075,1","10105,1",,,,,,"03,1,+06000,1,00,1",,,,"9,AGL   ,+99999,+99999","03,99,1,03,1,99,9,06000,1,99,9,99,9",,,,"9,9,999,9,+022,1",,"SYN06442170 32996 33201 10344 20075 40105 80001 333 10366 58022 83070=",
"42170099999","2025-03-10T15:00:00","4","28.25","74.9166666","291.0","CHURU, IN","FM-12","99999","V020","090,1,N,0010,1","22000,1,9,N","004000,1,9,9","+0274,1","+0140,1","10129,1",,,,,,"04,1,+06000,1,00,1",,,,"9,AGL   ,+99999,+99999","04,99,1,04,1,99,9,06000,1,99,9,99,9",,,,"9,9,999,9,+017,1",,"SYN05842170 32996 40902 10274 20140 40129 80001 333 58017 84070=",
"42170099999","2025-03-10T18:00:00","4","28.25","74.9166666","291.0","CHURU, IN","FM-12","99999","V020","090,1,N,0010,1","22000,1,9,N","004000,1,9,9","+0234,1","+0147,1","10136,1",,,,,,"03,1,+06000,1,00,1",,,,"9,AGL   ,+99999,+99999","03,99,1,03,1,99,9,06000,1,99,9,99,9",,,,"9,9,999,9,+008,1",,"SYN05842170 32996 30902 10234 20147 40136 80001 333 58008 83070=",
"42170099999","2025-03-10T21:00:00","4","28.25","74.9166666","291.0","CHURU, IN","FM-12","99999","V020","090,1,N,0005,1","22000,1,9,N","004000,1,9,9","+0204,1","+0150,1","10132,1",,,,,,"01,1,+06000,1,00,1",,,,"9,AGL   ,+99999,+99999","01,99,1,01,1,99,9,06000,1,99,9,99,9",,,,"9,9,999,9,+008,1",,"SYN05842170 32996 10901 10204 20150 40132 80001 333 58008 81070=",
"42170099999","2025-03-11T00:00:00","4","28.25","74.9166666","291.0","CHURU, IN","FM-12","99999","V020","180,1,N,0010,1","22000,1,9,N","004000,1,9,9","+0188,1","+0120,1","10124,1",,,,,,"02,1,+06000,1,00,1",,,,"9,AGL   ,+99999,+99999","02,99,1,02,1,99,9,06000,1,99,9,99,9",,,,"9,9,999,9,+001,1",,"SYN05842170 32996 21802 10188 20120 40124 80001 333 58001 82070=",
"42170099999","2025-03-11T03:00:00","4","28.25","74.9166666","291.0","CHURU, IN","FM-12","99999","V020","230,1,N,0005,1","22000,1,9,N","004000,1,9,9","+0228,1","+0105,1","10143,1",,,,,,"02,1,+06000,1,00,1",,,,"9,AGL   ,+99999,+99999","02,99,1,02,1,99,9,06000,1,99,9,99,9","240,M,+0366,1","240,N,+0182,1",,"9,9,999,9,-006,1",,"SYN08042170 32996 22301 10228 20105 40143 80001 333 10366 20182 59006 82070 555 10028=",
"42170099999","2025-03-11T06:00:00","4","28.25","74.9166666","291.0","CHURU, IN","FM-12","99999","V020","230,1,N,0005,1","03000,1,C,N","004000,1,9,9","+0324,1","+0112,1","10135,1",,,,,,"02,1,+01200,1,06,1","05,1,+03000,1,04,1",,,"9,AGL   ,+99999,+99999","05,99,1,02,1,99,9,01200,1,99,9,99,9",,,,"9,9,999,9,-012,1",,"SYN06442170 32696 52301 10324 20112 40135 82510 333 59012 82640 85460=",
"42170099999","2025-03-11T09:00:00","4","28.25","74.9166666","291.0","CHURU, IN","FM-12","99999","V020","320,1,N,0010,1","22000,1,9,N","004000,1,9,9","+0360,1","+0069,1","10108,1",,,,,,"04,1,+03000,1,03,1",,,,"9,AGL   ,+99999,+99999","04,99,1,04,1,99,9,03000,1,99,9,99,9",,,,"9,9,999,9,-009,1",,"SYN05842170 32996 43202 10360 20069 40108 84030 333 59009 84360=",
"42170099999","2025-03-11T12:00:00","4","28.25","74.9166666","291.0","CHURU, IN","FM-12","99999","V020","320,1,N,0010,1","22000,1,9,N","004000,1,9,9","+0334,1","+0102,1","10098,1",,,,,,"04,1,+03000,1,03,1",,,,"9,AGL   ,+99999,+99999","04,99,1,04,1,99,9,03000,1,99,9,99,9","240,M,+0364,1",,,"9,9,999,9,-009,1",,"SYN06442170 32996 43202 10334 20102 40098 84030 333 10364 59009 84360=",
"42170099999","2025-03-11T15:00:00","4","28.25","74.9166666","291.0","CHURU, IN","FM-12","99999","V020","360,1,N,0010,1","22000,1,9,N","004000,1,9,9","+0284,1","+0137,1","10112,1",,,,,,"03,1,+03000,1,04,1",,,,"9,AGL   ,+99999,+99999","03,99,1,03,1,99,9,03000,1,99,9,99,9",,,,"9,9,999,9,-015,1",,"SYN05842170 32996 33602 10284 20137 40112 83010 333 59015 83460=",
"42170099999","2025-03-11T18:00:00","4","28.25","74.9166666","291.0","CHURU, IN","FM-12","99999","V020","999,9,C,0000,1","22000,1,9,N","004000,1,9,9","+0240,1","+0158,1","10119,1",,,,,,"02,1,+03000,1,04,1",,,,"9,AGL   ,+99999,+99999","02,99,1,02,1,99,9,03000,1,99,9,99,9",,,,"9,9,999,9,-016,1",,"SYN05842170 32996 20000 10240 20158 40119 82010 333 59016 82460=",
"42170099999","2025-03-11T21:00:00","4","28.25","74.9166666","291.0","CHURU, IN","FM-12","99999","V020","999,9,C,0000,1","22000,1,9,N","004000,1,9,9","+0204,1","+0150,1","10118,1",,,,,,"02,1,+02400,1,04,1",,,,"9,AGL   ,+99999,+99999","02,99,1,02,1,99,9,02400,1,99,9,99,9",,,,"9,9,999,9,-013,1",,"SYN05842170 32996 20000 10204 20150 40118 82010 333 59013 82458=",
"42170099999","2025-03-12T00:00:00","4","28.25","74.9166666","291.0","CHURU, IN","FM-12","99999","V020","999,9,C,0000,1","99999,9,9,N","004000,1,9,9","+0190,1","+0163,1","10104,1",,,,,,,,,,,,,,,"9,9,999,9,-020,1",,"SYN04642170 32996 00000 10190 20163 40104 333 59020=",
"42170099999","2025-03-12T03:00:00","4","28.25","74.9166666","291.0","CHURU, IN","FM-12","99999","V020","999,9,C,0000,1","99999,9,9,N","004000,1,9,9","+0206,1","+0163,1","10118,1",,,,,,,,,,,,"240,M,+0364,1","240,N,+0178,1",,"9,9,999,9,-026,1",,"SYN06842170 32996 00000 10206 20163 40118 333 10364 20178 59026 555 10028=",
"42170099999","2025-03-12T06:00:00","4","28.25","74.9166666","291.0","CHURU, IN","FM-12","99999","V020","320,1,N,0005,1","22000,1,9,N","004000,1,9,9","+0300,1","+0154,1","10109,1",,,,,,"04,1,+01200,1,06,1",,,,"9,AGL   ,+99999,+99999","04,99,1,04,1,99,9,01200,1,99,9,99,9",,,,"9,9,999,9,-028,1",,"SYN05842170 32696 43201 10300 20154 40109 84500 333 59028 84640=",
"42170099999","2025-03-12T09:00:00","4","28.25","74.9166666","291.0","CHURU, IN","FM-12","99999","V020","180,1,N,0010,1","99999,9,C,N","004000,1,9,9","+0334,1","+0118,1","10074,1",,,,,,"02,1,+01200,1,06,1","04,1,+06000,1,00,1",,,"9,AGL   ,+99999,+99999","04,99,1,02,1,99,9,01200,1,99,9,99,9",,,,"9,9,999,9,-035,1",,"SYN06442170 32696 41802 10334 20118 40074 82501 333 59035 82640 84070=","Q01 060003SCOCIG"
"42170099999","2025-03-12T12:00:00","4","28.25","74.9166666","291.0","CHURU, IN","FM-12","99999","V020","270,1,N,0010,1","06000,1,9,N","004000,1,9,9","+0322,1","+0133,1","10059,1",,,,,,"01,1,+01200,1,06,1","04,1,+03000,1,03,1","08,1,+06000,1,00,1",,"9,AGL   ,+99999,+99999","08,99,1,01,1,99,9,01200,1,99,9,99,9",,,,"9,9,999,9,-038,1",,"SYN07642170 32696 82702 10322 20133 40059 81531 333 10342 59038 81640 84360 88070=",
"42170099999","2025-03-12T15:00:00","4","28.25","74.9166666","291.0","CHURU, IN","FM-12","99999","V020","999,9,C,0000,1","99999,9,C,N","004000,1,9,9","+0270,1","+0156,1","10075,1",,,,,,"02,1,+03000,1,04,1","04,1,+06000,1,00,1",,,"9,AGL   ,+99999,+99999","04,99,1,02,1,99,9,03000,1,99,9,99,9",,,,"9,9,999,9,-038,1",,"SYN06442170 32996 40000 10270 20156 40075 82010 333 59038 82460 84070=","Q01 060003SCOCIG"
"42170099999","2025-03-12T18:00:00","4","28.25","74.9166666","291.0","CHURU, IN","FM-12","99999","V020","999,9,C,0000,1","22000,1,9,N","004000,1,9,9","+0240,1","+0158,1","10087,1",,,,,,"03,1,+06000,1,00,1",,,,"9,AGL   ,+99999,+99999","03,99,1,03,1,99,9,06000,1,99,9,99,9",,,,"9,9,999,9,-032,1",,"SYN05842170 32996 30000 10240 20158 40087 80001 333 59032 83070=",
"42170099999","2025-03-13T00:00:00","4","28.25","74.9166666","291.0","CHURU, IN","FM-12","99999","V020","999,9,C,0000,1","03000,1,C,N","004000,1,9,9","+0216,1","+0156,1","10080,1",,,,,,"01,1,+01200,1,06,1","05,1,+03000,1,04,1",,,"9,AGL   ,+99999,+99999","05,99,1,01,1,99,9,01200,1,99,9,99,9",,,,"9,9,999,9,-019,1",,"SYN06442170 32696 50000 10216 20156 40080 81510 333 59019 81640 85460=",
"42170099999","2025-03-13T03:00:00","4","28.25","74.9166666","291.0","CHURU, IN","FM-12","99999","V020","140,1,N,0010,1","00600,1,C,N","004000,1,9,9","+0222,1","+0159,1","10086,1","24,0000,9,1","5,1,02,1","2,1,02,1",,,"06,1,+00600,1,08,1",,,,"9,AGL   ,+99999,+99999","06,99,1,06,1,99,9,00600,1,99,9,99,9","240,M,+0342,1","240,N,+0206,1",,"9,9,999,9,-029,1","02,1","SYN09242170 21596 61402 10222 20159 40086 70252 86800 333 10342 20206 59029 6990/ 86820 555 10028=","Q01  00002PRCP24"
"42170099999","2025-03-13T06:00:00","4","28.25","74.9166666","291.0","CHURU, IN","FM-12","99999","V020","140,1,N,0010,1","22000,1,9,N","004000,1,9,9","+0320,1","+0139,1","99999,9",,"5,1,02,1","2,1,02,1",,,"02,1,+00600,1,06,1",,,,"9,AGL   ,+99999,+99999","02,99,1,02,1,99,9,00600,1,99,9,99,9",,,,"9,9,999,9,-027,1","01,1","SYN06442170 31596 21402 10320 20139 40779 70152 82500 333 59027 82620=",
"42170099999","2025-03-13T09:00:00","4","28.25","74.9166666","291.0","CHURU, IN","FM-12","99999","V020","230,1,N,0005,1","99999,9,C,N","004000,1,9,9","+0352,1","+0112,1","10040,1",,,,,,"03,1,+00900,1,08,1","04,1,+01200,1,06,1",,,"9,AGL   ,+99999,+99999","04,99,1,03,1,99,9,00900,1,99,9,99,9",,,,"9,9,999,9,-031,1",,"SYN06442170 32596 42301 10352 20112 40040 84400 333 59031 83830 84640=","Q01 012003SCOCIG"
"42170099999","2025-03-13T12:00:00","4","28.25","74.9166666","291.0","CHURU, IN","FM-12","99999","V020","230,1,N,0010,1","22000,1,9,N","004000,1,9,9","+0338,1","+0099,1","10028,1",,,,,,"02,1,+00900,1,08,1",,,,"9,AGL   ,+99999,+99999","02,99,1,02,1,99,9,00900,1,99,9,99,9",,,,"9,9,999,9,-030,1",,"SYN06442170 32596 22302 10338 20099 40028 82100 333 10357 59030 82830=",
"42170099999","2025-03-13T15:00:00","4","28.25","74.9166666","291.0","CHURU, IN","FM-12","99999","V020","320,1,N,0021,1","22000,1,9,N","004000,1,9,9","+0274,1","+0165,1","10059,1",,,,,,"02,1,+01200,1,06,1",,,,"9,AGL   ,+99999,+99999","02,99,1,02,1,99,9,01200,1,99,9,99,9",,,,"9,9,999,9,-015,1",,"SYN05842170 32696 23204 10274 20165 40059 82500 333 59015 82640=",
"42170099999","2025-03-13T18:00:00","4","28.25","74.9166666","291.0","CHURU, IN","FM-12","99999","V020","140,1,N,0010,1","99999,9,9,N","004000,1,9,9","+0244,1","+0170,1","10080,1",,,,,,,,,,,,,,,"9,9,999,9,-006,1",,"SYN04642170 32996 01402 10244 20170 40080 333 59006=",
"42170099999","2025-03-13T21:00:00","4","28.25","74.9166666","291.0","CHURU, IN","FM-12","99999","V020","090,1,N,0005,1","99999,9,9,N","004000,1,9,9","+0216,1","+0167,1","10071,1",,,,,,,,,,,,,,,"9,9,999,9,-008,1",,"SYN04642170 32996 00901 10216 20167 40071 333 59008=",
"42170099999","2025-03-14T00:00:00","4","28.25","74.9166666","291.0","CHURU, IN","FM-12","99999","V020","999,9,C,0000,1","99999,9,9,N","004000,1,9,9","+0200,1","+0167,1","10077,1",,,,,,,,,,,,,,,"9,9,999,9,-006,1",,"SYN04642170 32996 00000 10200 20167 40077 333 59006=",
"42170099999","2025-03-14T03:00:00","4","28.25","74.9166666","291.0","CHURU, IN","FM-12","99999","V020","140,1,N,0005,1","99999,9,9,N","004000,1,9,9","+0218,1","+0166,1","10095,1",,,,,,,,,,,,"240,M,+0357,1","240,N,+0186,1",,"9,9,999,9,+008,1",,"SYN06842170 32996 01401 10218 20166 40095 333 10357 20186 58008 555 10028=",
"42170099999","2025-03-14T06:00:00","4","28.25","74.9166666","291.0","CHURU, IN","FM-12","99999","V020","140,1,N,0015,1","01200,1,C,N","004000,1,9,9","+0326,1","+0110,1","10087,1",,,,,,"02,1,+00900,1,08,1","05,1,+01200,1,06,1",,,"9,AGL   ,+99999,+99999","05,99,1,02,1,99,9,00900,1,99,9,99,9",,,,"9,9,999,9,+009,1",,"SYN06442170 32596 51403 10326 20110 40087 85400 333 58009 82830 85640=",
"42170099999","2025-03-14T09:00:00","4","28.25","74.9166666","291.0","CHURU, IN","FM-12","99999","V020","050,1,N,0010,1","99999,9,C,N","004000,1,9,9","+0336,1","+0077,1","10054,1","06,0000,9,1","5,1,02,1","2,1,02,1",,,"02,1,+00900,1,08,1","04,1,+01200,1,06,1",,,"9,AGL   ,+99999,+99999","04,99,1,02,1,99,9,00900,1,99,9,99,9",,,,"9,9,999,9,+012,1","01,1","SYN07642170 21596 40502 10336 20077 40054 70152 84400 333 58012 6990/ 82830 84640=","Q01  00002PRCP06Q02 012003SCOCIG"
"42170099999","2025-03-14T12:00:00","4","28.25","74.9166666","291.0","CHURU, IN","FM-12","99999","V020","050,1,N,0015,1","22000,1,9,N","004000,1,9,9","+0274,1","+0157,1","10063,1","09,0000,9,1","9,1,02,1","5,1,02,1",,,"03,1,+00900,1,06,1",,,,"9,AGL   ,+99999,+99999","03,99,1,03,1,99,9,00900,1,99,9,99,9",,,,"9,9,999,9,+028,1","01,1","SYN07642170 21596 30503 10274 20157 40063 70195 83500 333 10348 58028 6990/ 83630=","Q01  00002PRCP09"
"42170099999","2025-03-14T15:00:00","4","28.25","74.9166666","291.0","CHURU, IN","FM-12","99999","V020","050,1,N,0010,1","99999,9,C,N","004000,1,9,9","+0240,1","+0154,1","10075,1","12,0000,9,1",,,,,"02,1,+00900,1,08,1","04,1,+01200,1,06,1",,,"9,AGL   ,+99999,+99999","04,99,1,02,1,99,9,00900,1,99,9,99,9",,,,"9,9,999,9,+012,1",,"SYN07042170 22596 40502 10240 20154 40075 84400 333 58012 6990/ 82830 84640=","Q01  00002PRCP12Q02 012003SCOCIG"
"42170099999","2025-03-14T18:00:00","4","28.25","74.9166666","291.0","CHURU, IN","FM-12","99999","V020","360,1,N,0015,1","03000,1,C,N","002000,1,9,9","+0216,1","+0148,1","10104,1","15,0001,3,1","2,1,02,1","1,1,02,1",,,"03,1,+00600,1,09,1","03,1,+03000,1,04,1",,,"9,AGL   ,+99999,+99999","06,99,1,03,1,99,9,00600,1,99,9,99,9",,,,,"95,1","SYN08242170 21595 63603 10216 20148 40104 79521 83920 333 57981 58020 6991/ 83920 83460=",
"42170099999","2025-03-14T21:00:00","4","28.25","74.9166666","291.0","CHURU, IN","FM-12","99999","V020","050,1,N,0021,1","03000,1,C,N","004000,1,9,9","+0198,1","+0131,1","10089,1","18,0001,3,1",,,,,"03,1,+00600,1,08,1","03,1,+03000,1,04,1",,,"9,AGL   ,+99999,+99999","06,99,1,03,1,99,9,00600,1,99,9,99,9",,,,"9,9,999,9,+015,1",,"SYN07042170 22596 60504 10198 20131 40089 83870 333 58015 6991/ 83820 83460=",
"42170099999","2025-03-15T00:00:00","4","28.25","74.9166666","291.0","CHURU, IN","FM-12","99999","V020","050,1,N,0021,1","22000,1,9,N","004000,1,9,9","+0178,1","+0132,1","10101,1","21,0001,3,1",,,,,"01,1,+00600,1,06,1","03,1,+03000,1,03,1",,,"9,AGL   ,+99999,+99999","04,99,1,01,1,99,9,00600,1,99,9,99,9",,,,"9,9,999,9,+021,1",,"SYN07042170 22596 40504 10178 20132 40101 81530 333 58021 6991/ 81620 83360=",
"42170099999","2025-03-15T03:00:00","4","28.25","74.9166666","291.0","CHURU, IN","FM-12","99999","V020","050,1,N,0021,1","22000,1,9,N","004000,1,9,9","+0194,1","+0123,1","10115,1","24,0001,3,1",,,,,"01,1,+03000,1,04,1",,,,"9,AGL   ,+99999,+99999","01,99,1,01,1,99,9,03000,1,99,9,99,9","240,M,+0348,1","240,N,+0165,1",,"9,9,999,9,+017,1",,"SYN09242170 22996 10504 10194 20123 40115 81010 333 10348 20165 58017 6991/ 81460 555 00001 10028=",
"42170099999","2025-03-15T06:00:00","4","28.25","74.9166666","291.0","CHURU, IN","FM-12","99999","V020","050,1,N,0015,1","22000,1,9,N","004000,1,9,9","+0256,1","+0129,1","10113,1",,,,,,"02,1,+06000,1,00,1",,,,"9,AGL   ,+99999,+99999","02,99,1,02,1,99,9,06000,1,99,9,99,9",,,,"9,9,999,9,+018,1",,"SYN05842170 32996 20503 10256 20129 40113 80001 333 58018 82070=",
"42170099999","2025-03-15T09:00:00","4","28.25","74.9166666","291.0","CHURU, IN","FM-12","99999","V020","140,1,N,0015,1","22000,1,9,N","004000,1,9,9","+0298,1","+0134,1","10090,1",,,,,,"03,1,+06000,1,00,1",,,,"9,AGL   ,+99999,+99999","03,99,1,03,1,99,9,06000,1,99,9,99,9",,,,"9,9,999,9,+031,1",,"SYN05842170 32996 31403 10298 20134 40090 80001 333 58031 83070=",
"42170099999","2025-03-15T12:00:00","4","28.25","74.9166666","291.0","CHURU, IN","FM-12","99999","V020","360,1,N,0015,1","22000,1,9,N","004000,1,9,9","+0290,1","+0127,1","10085,1",,,,,,"02,1,+03000,1,03,1",,,,"9,AGL   ,+99999,+99999","02,99,1,02,1,99,9,03000,1,99,9,99,9","240,M,+0307,1",,,"9,9,999,9,+023,1",,"SYN06442170 32996 23603 10290 20127 40085 82030 333 10307 58023 82360=",
"42170099999","2025-03-15T15:00:00","4","28.25","74.9166666","291.0","CHURU, IN","FM-12","99999","V020","360,1,N,0026,1","22000,1,9,N","004000,1,9,9","+0230,1","+0168,1","10122,1",,,,,,"02,1,+01050,1,06,1",,,,"9,AGL   ,+99999,+99999","02,99,1,02,1,99,9,01050,1,99,9,99,9",,,,"9,9,999,9,+044,1",,"SYN05842170 32696 23605 10230 20168 40122 82500 333 58044 82635=",
"42170099999","2025-03-15T18:00:00","4","28.25","74.9166666","291.0","CHURU, IN","FM-12","99999","V020","360,1,N,0015,1","99999,9,9,N","004000,1,9,9","+0206,1","+0170,1","10135,1",,,,,,,,,,,,,,,"9,9,999,9,+029,1",,"SYN04642170 32996 03603 10206 20170 40135 333 58029=",
"42170099999","2025-03-15T21:00:00","4","28.25","74.9166666","291.0","CHURU, IN","FM-12","99999","V020","360,1,N,0010,1","99999,9,9,N","004000,1,9,9","+0186,1","+0163,1","10129,1",,,,,,,,,,,,,,,"9,9,999,9,+037,1",,"SYN04642170 32996 03602 10186 20163 40129 333 58037=",
"42170099999","2025-03-16T00:00:00","4","28.25","74.9166666","291.0","CHURU, IN","FM-12","99999","V020","999,9,C,0000,1","22000,1,9,N","004000,1,9,9","+0176,1","+0166,1","10124,1",,,,,,"02,1,+03000,1,03,1",,,,"9,AGL   ,+99999,+99999","02,99,1,02,1,99,9,03000,1,99,9,99,9",,,,"9,9,999,9,+023,1",,"SYN05842170 32996 20000 10176 20166 40124 82030 333 58023 82360=",
"42170099999","2025-03-16T03:00:00","4","28.25","74.9166666","291.0","CHURU, IN","FM-12","99999","V020","050,1,N,0005,1","22000,1,9,N","004000,1,9,9","+0192,1","+0148,1","10143,1",,,,,,"01,1,+03000,1,03,1",,,,"9,AGL   ,+99999,+99999","01,99,1,01,1,99,9,03000,1,99,9,99,9","240,M,+0307,1","240,N,+0157,1",,"9,9,999,9,+027,1",,"SYN08042170 32996 10501 10192 20148 40143 81030 333 10307 20157 58027 81360 555 10028=",
"42170099999","2025-03-16T06:00:00","4","28.25","74.9166666","291.0","CHURU, IN","FM-12","99999","V020","320,1,N,0010,1","99999,9,9,N","004000,1,9,9","+0268,1","+0114,1","10143,1",,,,,,,,,,,,,,,"9,9,999,9,+030,1",,"SYN04642170 32996 03202 10268 20114 40143 333 58030=",
"42170099999","2025-03-16T09:00:00","4","28.25","74.9166666","291.0","CHURU, IN","FM-12","99999","V020","360,1,N,0015,1","99999,9,C,N","004000,1,9,9","+0290,1","+0082,1","10112,1",,,,,,"03,1,+01050,1,08,1","04,1,+01200,1,06,1",,,"9,AGL   ,+99999,+99999","04,99,1,03,1,99,9,01050,1,99,9,99,9",,,,"9,9,999,9,+020,1",,"SYN06442170 32696 43603 10290 20082 40112 84800 333 58020 83835 84640=","Q01 012003SCOCIG"
"42170099999","2025-03-16T12:00:00","4","28.25","74.9166666","291.0","CHURU, IN","FM-12","99999","V020","320,1,N,0010,1","22000,1,9,N","004000,1,9,9","+0288,1","+0055,1","10097,1",,,,,,"03,1,+01050,1,08,1",,,,"9,AGL   ,+99999,+99999","03,99,1,03,1,99,9,01050,1,99,9,99,9","240,M,+0305,1",,,"9,9,999,9,+011,1",,"SYN06442170 32696 33202 10288 20055 40097 83100 333 10305 58011 83835=",
"42170099999","2025-03-16T15:00:00","4","28.25","74.9166666","291.0","CHURU, IN","FM-12","99999","V020","999,9,C,0000,1","99999,9,9,N","004000,1,9,9","+0234,1","+0099,1","10108,1",,,,,,,,,,,,,,,"9,9,999,9,-012,1",,"SYN04642170 32996 00000 10234 20099 40108 333 59012=",
"42170099999","2025-03-16T18:00:00","4","28.25","74.9166666","291.0","CHURU, IN","FM-12","99999","V020","999,9,C,0000,1","03000,1,C,N","004000,1,9,9","+0214,1","+0104,1","10123,1",,,,,,"02,1,+01200,1,06,1","05,1,+03000,1,04,1",,,"9,AGL   ,+99999,+99999","05,99,1,02,1,99,9,01200,1,99,9,99,9",,,,"9,9,999,9,-010,1",,"SYN06442170 32696 50000 10214 20104 40123 82510 333 59010 82640 85460=",
"42170099999","2025-03-16T21:00:00","4","28.25","74.9166666","291.0","CHURU, IN","FM-12","99999","V020","050,1,N,0010,1","99999,9,C,N","004000,1,9,9","+0200,1","+0130,1","10122,1","18,0000,9,1","5,1,02,1","2,1,02,1",,,"02,1,+00900,1,06,1","04,1,+03000,1,03,1",,,"9,AGL   ,+99999,+99999","04,99,1,02,1,99,9,00900,1,99,9,99,9",,,,"9,9,999,9,-005,1","01,1","SYN07642170 21596 40502 10200 20130 40122 70152 82530 333 59005 6990/ 82630 84360=","Q01  00002PRCP18Q02 030003SCOCIG"
"42170099999","2025-03-17T00:00:00","4","28.25","74.9166666","291.0","CHURU, IN","FM-12","99999","V020","999,9,C,0000,1","22000,1,9,N","004000,1,9,9","+0164,1","+0124,1","10132,1","21,0000,9,1","5,1,02,1","2,1,02,1",,,"02,1,+03000,1,04,1",,,,"9,AGL   ,+99999,+99999","02,99,1,02,1,99,9,03000,1,99,9,99,9",,,,"9,9,999,9,+006,1","01,1","SYN07042170 21996 20000 10164 20124 40132 70152 82010 333 58006 6990/ 82460=","Q01  00002PRCP21"
"42170099999","2025-03-17T03:00:00","4","28.25","74.9166666","291.0","CHURU, IN","FM-12","99999","V020","270,1,N,0005,1","99999,9,9,N","004000,1,9,9","+0196,1","+0117,1","10149,1","24,0000,9,1",,,,,,,,,,,"240,M,+0305,1","240,N,+0156,1",,"9,9,999,9,+006,1",,"SYN06442170 22996 02701 10196 20117 40149 333 10305 20156 58006 6990/=","Q01  00002PRCP24"
"42170099999","2025-03-17T06:00:00","4","28.25","74.9166666","291.0","CHURU, IN","FM-12","99999","V020","360,1,N,0005,1","22000,1,9,N","004000,1,9,9","+0272,1","+0120,1","10146,1",,,,,,"02,1,+06000,1,00,1",,,,"9,AGL   ,+99999,+99999","02,99,1,02,1,99,9,06000,1,99,9,99,9",,,,"9,9,999,9,+004,1",,"SYN05842170 32996 23601 10272 20120 40146 80001 333 58004 82070=",
"42170099999","2025-03-17T09:00:00","4","28.25","74.9166666","291.0","CHURU, IN","FM-12","99999","V020","360,1,N,0021,1","22000,1,9,N","004000,1,9,9","+0294,1","+0072,1","10117,1",,,,,,"01,1,+03000,1,03,1",,,,"9,AGL   ,+99999,+99999","01,99,1,01,1,99,9,03000,1,99,9,99,9",,,,"9,9,999,9,+005,1",,"SYN05842170 32996 13604 10294 20072 40117 81030 333 58005 81360=",
"42170099999","2025-03-17T12:00:00","4","28.25","74.9166666","291.0","CHURU, IN","FM-12","99999","V020","360,1,N,0015,1","99999,9,9,N","004000,1,9,9","+0280,1","+0087,1","10112,1",,,,,,,,,,,,"240,M,+0303,1",,,"9,9,999,9,+014,1",,"SYN05242170 32996 03603 10280 20087 40112 333 10303 58014=",
"42170099999","2025-03-17T15:00:00","4","28.25","74.9166666","291.0","CHURU, IN","FM-12","99999","V020","360,1,N,0010,1","99999,9,9,N","004000,1,9,9","+0248,1","+0105,1","10131,1",,,,,,,,,,,,,,,"9,9,999,9,+023,1",,"SYN04642170 32996 03602 10248 20105 40131 333 58023=",
"42170099999","2025-03-17T18:00:00","4","28.25","74.9166666","291.0","CHURU, IN","FM-12","99999","V020","999,9,C,0000,1","99999,9,9,N","004000,1,9,9","+0210,1","+0126,1","10143,1",,,,,,,,,,,,,,,"9,9,999,9,+018,1",,"SYN04642170 32996 00000 10210 20126 40143 333 58018=",
"42170099999","2025-03-17T21:00:00","4","28.25","74.9166666","291.0","CHURU, IN","FM-12","99999","V020","999,9,C,0000,1","99999,9,9,N","004000,1,9,9","+0176,1","+0122,1","10140,1",,,,,,,,,,,,,,,"9,9,999,9,+015,1",,"SYN04642170 32996 00000 10176 20122 40140 333 58015=",
"42170099999","2025-03-18T00:00:00","4","28.25","74.9166666","291.0","CHURU, IN","FM-12","99999","V020","999,9,C,0000,1","99999,9,9,N","004000,1,9,9","+0158,1","+0125,1","10133,1",,,,,,,,,,,,,,,"9,9,999,9,+000,1",,"SYN04642170 32996 00000 10158 20125 40133 333 58000=",
"42170099999","2025-03-18T03:00:00","4","28.25","74.9166666","291.0","CHURU, IN","FM-12","99999","V020","140,1,N,0005,1","99999,9,9,N","004000,1,9,9","+0198,1","+0123,1","10147,1",,,,,,,,,,,,"240,M,+0303,1","240,N,+0147,1",,"9,9,999,9,-002,1",,"SYN05842170 32996 01401 10198 20123 40147 333 10303 20147 59002=",
"42170099999","2025-03-18T06:00:00","4","28.25","74.9166666","291.0","CHURU, IN","FM-12","99999","V020","050,1,N,0015,1","99999,9,9,N","004000,1,9,9","+0280,1","+0059,1","10139,1",,,,,,,,,,,,,,,"9,9,999,9,-007,1",,"SYN04642170 32996 00503 10280 20059 40139 333 59007=",
"42170099999","2025-03-18T09:00:00","4","28.25","74.9166666","291.0","CHURU, IN","FM-12","99999","V020","050,1,N,0010,1","99999,9,9,N","004000,1,9,9","+0306,1","+0022,1","10113,1",,,,,,,,,,,,,,,"9,9,999,9,-002,1",,"SYN04642170 32996 00502 10306 20022 40113 333 59002=",
"42170099999","2025-03-18T12:00:00","4","28.25","74.9166666","291.0","CHURU, IN","FM-12","99999","V020","320,1,N,0005,1","99999,9,9,N","004000,1,9,9","+0304,1","+0018,1","10101,1",,,,,,,,,,,,"240,M,+0320,1",,,"9,9,999,9,-008,1",,"SYN05242170 32996 03201 10304 20018 40101 333 10320 59008=",
"42170099999","2025-03-18T15:00:00","4","28.25","74.9166666","291.0","CHURU, IN","FM-12","99999","V020","090,1,N,0005,1","99999,9,9,N","004000,1,9,9","+0242,1","+0091,1","10122,1",,,,,,,,,,,,,,,"9,9,999,9,-009,1",,"SYN04642170 32996 00901 10242 20091 40122 333 59009=",
"42170099999","2025-03-18T18:00:00","4","28.25","74.9166666","291.0","CHURU, IN","FM-12","99999","V020","999,9,C,0000,1","22000,1,9,N","004000,1,9,9","+0192,1","+0089,1","10135,1",,,,,,"01,1,+03000,1,03,1",,,,"9,AGL   ,+99999,+99999","01,99,1,01,1,99,9,03000,1,99,9,99,9",,,,"9,9,999,9,-009,1",,"SYN05842170 32996 10000 10192 20089 40135 81030 333 59009 81360=",
"42170099999","2025-03-18T21:00:00","4","28.25","74.9166666","291.0","CHURU, IN","FM-12","99999","V020","999,9,C,0000,1","22000,1,9,N","004000,1,9,9","+0180,1","+0088,1","10125,1",,,,,,"02,1,+06000,1,00,1",,,,"9,AGL   ,+99999,+99999","02,99,1,02,1,99,9,06000,1,99,9,99,9",,,,"9,9,999,9,-014,1",,"SYN05842170 32996 20000 10180 20088 40125 80001 333 59014 82070=",
"42170099999","2025-03-19T00:00:00","4","28.25","74.9166666","291.0","CHURU, IN","FM-12","99999","V020","999,9,C,0000,1","22000,1,9,N","004000,1,9,9","+0164,1","+0081,1","10124,1",,,,,,"03,1,+03000,1,03,1",,,,"9,AGL   ,+99999,+99999","03,99,1,03,1,99,9,03000,1,99,9,99,9",,,,"9,9,999,9,-008,1",,"SYN05842170 32996 30000 10164 20081 40124 83030 333 59008 83360=",
"42170099999","2025-03-19T03:00:00","4","28.25","74.9166666","291.0","CHURU, IN","FM-12","99999","V020","140,1,N,0005,1","99999,9,9,N","004000,1,9,9","+0220,1","+0074,1","10139,1",,,,,,,,,,,,"240,M,+0320,1","240,N,+0147,1",,"9,9,999,9,-005,1",,"SYN06842170 32996 01401 10220 20074 40139 333 10320 20147 59005 555 10028=",
"42170099999","2025-03-19T06:00:00","4","28.25","74.9166666","291.0","CHURU, IN","FM-12","99999","V020","050,1,N,0005,1","99999,9,9,N","004000,1,9,9","+0310,1","+0038,1","10137,1",,,,,,,,,,,,,,,"9,9,999,9,+001,1",,"SYN04642170 32996 00501 10310 20038 40137 333 58001=",
"42170099999","2025-03-19T09:00:00","4","28.25","74.9166666","291.0","CHURU, IN","FM-12","99999","V020","270,1,N,0010,1","99999,9,C,N","004000,1,9,9","+0340,1","+0007,1","10109,1",,,,,,"03,1,+01050,1,08,1","04,1,+01200,1,06,1",,,"9,AGL   ,+99999,+99999","04,99,1,03,1,99,9,01050,1,99,9,99,9",,,,"9,9,999,9,-001,1",,"SYN06442170 32696 42702 10340 20007 40109 84800 333 59001 83835 84640=","Q01 012003SCOCIG"
"42170099999","2025-03-19T12:00:00","4","28.25","74.9166666","291.0","CHURU, IN","FM-12","99999","V020","090,1,N,0010,1","01200,1,C,N","004000,1,9,9","+0322,1","+0020,1","10100,1",,,,,,"05,1,+01200,1,06,1",,,,"9,AGL   ,+99999,+99999","05,99,1,05,1,99,9,01200,1,99,9,99,9","240,M,+0349,1",,,"9,9,999,9,+001,1",,"SYN06442170 32696 50902 10322 20020 40100 85500 333 10349 58001 85640=",
"42170099999","2025-03-19T15:00:00","4","28.25","74.9166666","291.0","CHURU, IN","FM-12","99999","V020","050,1,N,0005,1","22000,1,9,N","004000,1,9,9","+0266,1","+0064,1","10126,1",,,,,,"01,1,+03000,1,04,1",,,,"9,AGL   ,+99999,+99999","01,99,1,01,1,99,9,03000,1,99,9,99,9",,,,"9,9,999,9,+006,1",,"SYN05842170 32996 10501 10266 20064 40126 81010 333 58006 81460=",
"42170099999","2025-03-19T18:00:00","4","28.25","74.9166666","291.0","CHURU, IN","FM-12","99999","V020","090,1,N,0005,1","99999,9,9,N","004000,1,9,9","+0230,1","+0103,1","10144,1",,,,,,,,,,,,,,,"9,9,999,9,+012,1",,"SYN04642170 32996 00901 10230 20103 40144 333 58012=",
"42170099999","2025-03-19T21:00:00","4","28.25","74.9166666","291.0","CHURU, IN","FM-12","99999","V020","050,1,N,0005,1","99999,9,9,N","004000,1,9,9","+0206,1","+0121,1","10141,1",,,,,,,,,,,,,,,"9,9,999,9,+018,1",,"SYN04642170 32996 00501 10206 20121 40141 333 58018=",
"42170099999","2025-03-20T00:00:00","4","28.25","74.9166666","291.0","CHURU, IN","FM-12","99999","V020","090,1,N,0005,1","99999,9,9,N","004000,1,9,9","+0190,1","+0118,1","10139,1",,,,,,,,,,,,,,,"9,9,999,9,+018,1",,"SYN04642170 32996 00901 10190 20118 40139 333 58018=",
"42170099999","2025-03-20T03:00:00","4","28.25","74.9166666","291.0","CHURU, IN","FM-12","99999","V020","180,1,N,0005,1","22000,1,9,N","004000,1,9,9","+0214,1","+0122,1","10164,1",,,,,,"03,1,+01200,1,06,1",,,,"9,AGL   ,+99999,+99999","03,99,1,03,1,99,9,01200,1,99,9,99,9","240,M,+0349,1","240,N,+0174,1",,"9,9,999,9,+024,1",,"SYN08042170 32696 31801 10214 20122 40164 83500 333 10349 20174 58024 83640 555 10028=",
"42170099999","2025-03-20T06:00:00","4","28.25","74.9166666","291.0","CHURU, IN","FM-12","99999","V020","320,1,N,0010,1","22000,1,9,N","004000,1,9,9","+0314,1","+0009,2","10151,1",,,,,,"01,1,+01200,1,06,1",,,,"9,AGL   ,+99999,+99999","01,99,1,01,1,99,9,01200,1,99,9,99,9",,,,"9,9,999,9,+015,1",,"SYN05842170 32696 13202 10314 20009 40151 81500 333 58015 81640=",
"42170099999","2025-03-20T09:00:00","4","28.25","74.9166666","291.0","CHURU, IN","FM-12","99999","V020","360,1,N,0015,1","22000,1,9,N","004000,1,9,9","+0334,1","+0033,1","10124,1",,,,,,"01,1,+01200,1,06,1","02,1,+03000,1,03,1",,,"9,AGL   ,+99999,+99999","03,99,1,01,1,99,9,01200,1,99,9,99,9",,,,"9,9,999,9,+015,1",,"SYN06442170 32696 33603 10334 20033 40124 81530 333 58015 81640 82360=",
"42170099999","2025-03-20T12:00:00","4","28.25","74.9166666","291.0","CHURU, IN","FM-12","99999","V020","360,1,N,0021,1","01200,1,C,N","004000,1,9,9","+0318,1","+0019,1","10111,1",,,,,,"03,1,+00900,1,08,1","04,1,+01200,1,06,1","06,1,+03000,1,04,1",,"9,AGL   ,+99999,+99999","07,99,1,03,1,99,9,00900,1,99,9,99,9","240,M,+0348,1",,,"9,9,999,9,+010,1",,"SYN07642170 32596 73604 10318 20019 40111 84410 333 10348 58010 83830 84640 86460=",
"42170099999","2025-03-20T15:00:00","4","28.25","74.9166666","291.0","CHURU, IN","FM-12","99999","V020","050,1,N,0010,1","99999,9,C,N","004000,1,9,9","+0276,1","+0081,1","10136,1",,,,,,"02,1,+01200,1,06,1","04,1,+03000,1,04,1",,,"9,AGL   ,+99999,+99999","04,99,1,02,1,99,9,01200,1,99,9,99,9",,,,"9,9,999,9,+011,1",,"SYN06442170 32696 40502 10276 20081 40136 82510 333 58011 82640 84460=","Q01 030003SCOCIG"
"42170099999","2025-03-20T18:00:00","4","28.25","74.9166666","291.0","CHURU, IN","FM-12","99999","V020","999,9,C,0000,1","22000,1,9,N","004000,1,9,9","+0244,1","+0122,1","10152,1",,,,,,"03,1,+03000,1,04,1",,,,"9,AGL   ,+99999,+99999","03,99,1,03,1,99,9,03000,1,99,9,99,9",,,,"9,9,999,9,+010,1",,"SYN05842170 32996 30000 10244 20122 40152 83010 333 58010 83460=",
"42170099999","2025-03-20T21:00:00","4","28.25","74.9166666","291.0","CHURU, IN","FM-12","99999","V020","999,9,C,0000,1","22000,1,9,N","004000,1,9,9","+0230,1","+0125,1","10143,1",,,,,,"02,1,+03000,1,04,1",,,,"9,AGL   ,+99999,+99999","02,99,1,02,1,99,9,03000,1,99,9,99,9",,,,"9,9,999,9,+004,1",,"SYN05842170 32996 20000 10230 20125 40143 82010 333 58004 82460=",
"42170099999","2025-03-21T00:00:00","4","28.25","74.9166666","291.0","CHURU, IN","FM-12","99999","V020","999,9,C,0000,1","22000,1,9,N","004000,1,9,9","+0184,1","+0123,1","10151,1",,,,,,"03,1,+03000,1,04,1",,,,"9,AGL   ,+99999,+99999","03,99,1,03,1,99,9,03000,1,99,9,99,9",,,,"9,9,999,9,+010,1",,"SYN05842170 32996 30000 10184 20123 40151 83010 333 58010 83460=",
"42170099999","2025-03-21T03:00:00","4","28.25","74.9166666","291.0","CHURU, IN","FM-12","99999","V020","999,9,C,0000,1","99999,9,9,N","004000,1,9,9","+0228,1","+0118,1","10164,1",,,,,,,,,,,,"240,M,+0348,1","240,N,+0172,1",,"9,9,999,9,+000,1",,"SYN05842170 32996 00000 10228 20118 40164 333 10348 20172 58000=",
"42170099999","2025-03-21T06:00:00","4","28.25","74.9166666","291.0","CHURU, IN","FM-12","99999","V020","320,1,N,0010,1","99999,9,9,N","004000,1,9,9","+0304,1","+0066,1","10160,1",,,,,,,,,,,,,,,"9,9,999,9,+007,1",,"SYN04642170 32996 03202 10304 20066 40160 333 58007=",
"42170099999","2025-03-21T09:00:00","4","28.25","74.9166666","291.0","CHURU, IN","FM-12","99999","V020","320,1,N,0010,1","22000,1,9,N","004000,1,9,9","+0330,1","+0053,1","10130,1",,,,,,"02,1,+01050,1,08,1",,,,"9,AGL   ,+99999,+99999","02,99,1,02,1,99,9,01050,1,99,9,99,9",,,,"9,9,999,9,+005,1",,"SYN05842170 32696 23202 10330 20053 40130 82100 333 58005 82835=",
"42170099999","2025-03-21T12:00:00","4","28.25","74.9166666","291.0","CHURU, IN","FM-12","99999","V020","320,1,N,0010,1","22000,1,9,N","004000,1,9,9","+0326,1","+0022,1","10110,1",,,,,,"02,1,+01050,1,08,1",,,,"9,AGL   ,+99999,+99999","02,99,1,02,1,99,9,01050,1,99,9,99,9","240,M,+0339,1",,,"9,9,999,9,+000,1",,"SYN06442170 32696 23202 10326 20022 40110 82100 333 10339 58000 82835=",
"42170099999","2025-03-21T15:00:00","4","28.25","74.9166666","291.0","CHURU, IN","FM-12","99999","V020","360,1,N,0010,1","99999,9,9,N","004000,1,9,9","+0272,1","+0030,1","10126,1",,,,,,,,,,,,,,,"9,9,999,9,-010,1",,"SYN04642170 32996 03602 10272 20030 40126 333 59010=",
"42170099999","2025-03-21T18:00:00","4","28.25","74.9166666","291.0","CHURU, IN","FM-12","99999","V020","999,9,C,0000,1","99999,9,9,N","004000,1,9,9","+0222,1","+0087,1","10131,1",,,,,,,,,,,,,,,"9,9,999,9,-022,1",,"SYN04642170 32996 00000 10222 20087 40131 333 59022=",
"42170099999","2025-03-21T21:00:00","4","28.25","74.9166666","291.0","CHURU, IN","FM-12","99999","V020","999,9,C,0000,1","99999,9,9,N","004000,1,9,9","+0206,1","+0103,1","10127,1",,,,,,,,,,,,,,,"9,9,999,9,-018,1",,"SYN04642170 32996 00000 10206 20103 40127 333 59018=",
"42170099999","2025-03-22T00:00:00","4","28.25","74.9166666","291.0","CHURU, IN","FM-12","99999","V020","999,9,C,0000,1","99999,9,9,N","004000,1,9,9","+0178,1","+0099,1","10122,1",,,,,,,,,,,,,,,"9,9,999,9,-028,1",,"SYN04642170 32996 00000 10178 20099 40122 333 59028=",
"42170099999","2025-03-22T03:00:00","4","28.25","74.9166666","291.0","CHURU, IN","FM-12","99999","V020","140,1,N,0005,1","99999,9,9,N","004000,1,9,9","+0220,1","+0094,1","10135,1",,,,,,,,,,,,"240,M,+0339,1","240,N,+0161,1",,"9,9,999,9,-025,1",,"SYN06842170 32996 01401 10220 20094 40135 333 10339 20161 59025 555 10028=",
"42170099999","2025-03-22T06:00:00","4","28.25","74.9166666","291.0","CHURU, IN","FM-12","99999","V020","050,1,N,0010,1","99999,9,9,N","004000,1,9,9","+0314,1","+0079,1","10129,1",,,,,,,,,,,,,,,"9,9,999,9,-028,1",,"SYN04642170 32996 00502 10314 20079 40129 333 59028=",
"42170099999","2025-03-22T09:00:00","4","28.25","74.9166666","291.0","CHURU, IN","FM-12","99999","V020","050,1,N,0015,1","99999,9,9,N","004000,1,9,9","+0338,1","+0010,1","10106,1",,,,,,,,,,,,,,,"9,9,999,9,-023,1",,"SYN04642170 32996 00503 10338 20010 40106 333 59023=",
"42170099999","2025-03-22T12:00:00","4","28.25","74.9166666","291.0","CHURU, IN","FM-12","99999","V020","360,1,N,0010,1","99999,9,9,N","004000,1,9,9","+0328,1","+0010,1","10099,1",,,,,,,,,,,,"240,M,+0348,1",,,"9,9,999,9,-011,1",,"SYN05242170 32996 03602 10328 20010 40099 333 10348 59011=",
"42170099999","2025-03-22T15:00:00","4","28.25","74.9166666","291.0","CHURU, IN","FM-12","99999","V020","360,1,N,0015,1","99999,9,9,N","004000,1,9,9","+0276,1","+0024,1","10127,1",,,,,,,,,,,,,,,"9,9,999,9,+001,1",,"SYN04642170 32996 03603 10276 20024 40127 333 58001=",
"42170099999","2025-03-22T18:00:00","4","28.25","74.9166666","291.0","CHURU, IN","FM-12","99999","V020","999,9,C,0000,1","99999,9,9,N","004000,1,9,9","+0222,1","+0066,1","10138,1",,,,,,,,,,,,,,,"9,9,999,9,+007,1",,"SYN04642170 32996 00000 10222 20066 40138 333 58007=",
"42170099999","2025-03-22T21:00:00","4","28.25","74.9166666","291.0","CHURU, IN","FM-12","99999","V020","999,9,C,0000,1","99999,9,9,N","004000,1,9,9","+0196,1","+0099,1","10131,1",,,,,,,,,,,,,,,"9,9,999,9,+003,1",,"SYN04642170 32996 00000 10196 20099 40131 333 58003=",
"42170099999","2025-03-23T00:00:00","4","28.25","74.9166666","291.0","CHURU, IN","FM-12","99999","V020","999,9,C,0000,1","99999,9,9,N","004000,1,9,9","+0164,1","+0100,1","10136,1",,,,,,,,,,,,,,,"9,9,999,9,+012,1",,"SYN04642170 32996 00000 10164 20100 40136 333 58012=",
"42170099999","2025-03-23T03:00:00","4","28.25","74.9166666","291.0","CHURU, IN","FM-12","99999","V020","230,1,N,0010,1","99999,9,9,N","004000,1,9,9","+0200,1","+0086,1","10142,1",,,,,,,,,,,,"240,M,+0348,1","240,N,+0150,1",,"9,9,999,9,+011,1",,"SYN06842170 32996 02302 10200 20086 40142 333 10348 20150 58011 555 10028=",
"42170099999","2025-03-23T06:00:00","4","28.25","74.9166666","291.0","CHURU, IN","FM-12","99999","V020","180,1,N,0010,1","99999,9,9,N","004000,1,9,9","+0324,2","+0032,1","10159,1",,,,,,,,,,,,,,,"9,9,999,9,+019,1",,"SYN04642170 32996 01802 10324 20032 40159 333 58019=",
"42170099999","2025-03-23T09:00:00","4","28.25","74.9166666","291.0","CHURU, IN","FM-12","99999","V020","320,1,N,0005,1","99999,9,9,N","004000,1,9,9","+0350,1","+0007,1","10117,1",,,,,,,,,,,,,,,"9,9,999,9,+012,1",,"SYN04642170 32996 03201 10350 20007 40117 333 58012=",
"42170099999","2025-03-23T12:00:00","4","28.25","74.9166666","291.0","CHURU, IN","FM-12","99999","V020","050,1,N,0005,1","99999,9,9,N","004000,1,9,9","+0340,1","-0022,1","10110,1",,,,,,,,,,,,"240,M,+0365,1",,,"9,9,999,9,+012,1",,"SYN05242170 32996 00501 10340 21022 40110 333 10365 58012=",
"42170099999","2025-03-23T15:00:00","4","28.25","74.9166666","291.0","CHURU, IN","FM-12","99999","V020","050,1,N,0005,1","99999,9,9,N","004000,1,9,9","+0264,1","+0066,1","10130,1",,,,,,,,,,,,,,,"9,9,999,9,+002,1",,"SYN04642170 32996 00501 10264 20066 40130 333 58002=",
"42170099999","2025-03-23T18:00:00","4","28.25","74.9166666","291.0","CHURU, IN","FM-12","99999","V020","050,1,N,0010,1","99999,9,9,N","004000,1,9,9","+0236,1","+0077,1","10142,1",,,,,,,,,,,,,,,"9,9,999,9,+004,1",,"SYN04642170 32996 00502 10236 20077 40142 333 58004=",
"42170099999","2025-03-23T21:00:00","4","28.25","74.9166666","291.0","CHURU, IN","FM-12","99999","V020","050,1,N,0005,1","99999,9,9,N","004000,1,9,9","+0198,1","+0088,1","10136,1",,,,,,,,,,,,,,,"9,9,999,9,+005,1",,"SYN04642170 32996 00501 10198 20088 40136 333 58005=",
"42170099999","2025-03-24T00:00:00","4","28.25","74.9166666","291.0","CHURU, IN","FM-12","99999","V020","999,9,C,0000,1","99999,9,9,N","004000,1,9,9","+0194,1","+0106,1","10132,1",,,,,,,,,,,,,,,"9,9,999,9,-001,1",,"SYN04642170 32996 00000 10194 20106 40132 333 59001=",
"42170099999","2025-03-24T03:00:00","4","28.25","74.9166666","291.0","CHURU, IN","FM-12","99999","V020","180,1,N,0005,1","99999,9,9,N","004000,1,9,9","+0224,1","+0099,1","10147,1",,,,,,,,,,,,"240,M,+0365,1","240,N,+0177,1",,"9,9,999,9,-002,1",,"SYN06842170 32996 01801 10224 20099 40147 333 10365 20177 59002 555 10028=",
"42170099999","2025-03-24T06:00:00","4","28.25","74.9166666","291.0","CHURU, IN","FM-12","99999","V020","230,1,N,0010,1","99999,9,9,N","004000,1,9,9","+0350,2","+0040,1","10134,1",,,,,,,,,,,,,,,"9,9,999,9,-012,1",,"SYN04642170 32996 02302 10350 20040 40134 333 59012=",
"42170099999","2025-03-24T09:00:00","4","28.25","74.9166666","291.0","CHURU, IN","FM-12","99999","V020","270,1,N,0010,1","99999,9,9,N","004000,1,9,9","+0380,1","+0018,1","10101,1",,,,,,,,,,,,,,,"9,9,999,9,-012,1",,"SYN04642170 32996 02702 10380 20018 40101 333 59012=",
"42170099999","2025-03-24T12:00:00","4","28.25","74.9166666","291.0","CHURU, IN","FM-12","99999","V020","360,1,N,0005,1","99999,9,9,N","004000,1,9,9","+0362,1","+0038,1","10084,1",,,,,,,,,,,,"240,M,+0385,1",,,"9,9,999,9,-022,1",,"SYN05242170 32996 03601 10362 20038 40084 333 10385 59022=",
"42170099999","2025-03-24T15:00:00","4","28.25","74.9166666","291.0","CHURU, IN","FM-12","99999","V020","050,1,N,0010,1","99999,9,9,N","004000,1,9,9","+0296,1","+0057,1","10109,1",,,,,,,,,,,,,,,"9,9,999,9,-017,1",,"SYN04642170 32996 00502 10296 20057 40109 333 59017=",
"42170099999","2025-03-24T18:00:00","4","28.25","74.9166666","291.0","CHURU, IN","FM-12","99999","V020","050,1,N,0005,1","99999,9,9,N","004000,1,9,9","+0254,1","+0089,1","10118,1",,,,,,,,,,,,,,,"9,9,999,9,-020,1",,"SYN04642170 32996 00501 10254 20089 40118 333 59020=",
"42170099999","2025-03-24T21:00:00","4","28.25","74.9166666","291.0","CHURU, IN","FM-12","99999","V020","999,9,C,0000,1","99999,9,9,N","004000,1,9,9","+0220,1","+0112,1","10105,1",,,,,,,,,,,,,,,"9,9,999,9,-028,1",,"SYN04642170 32996 00000 10220 20112 40105 333 59028=",
"42170099999","2025-03-25T00:00:00","4","28.25","74.9166666","291.0","CHURU, IN","FM-12","99999","V020","140,1,N,0010,1","99999,9,9,N","004000,1,9,9","+0202,1","+0098,1","10091,1",,,,,,,,,,,,,,,"9,9,999,9,-038,1",,"SYN04642170 32996 01402 10202 20098 40091 333 59038=",
"42170099999","2025-03-25T03:00:00","4","28.25","74.9166666","291.0","CHURU, IN","FM-12","99999","V020","180,1,N,0005,1","99999,9,9,N","004000,1,9,9","+0242,1","+0096,1","10103,1",,,,,,,,,,,,"240,M,+0385,1","240,N,+0191,1",,"9,9,999,9,-040,1",,"SYN06842170 32996 01801 10242 20096 40103 333 10385 20191 59040 555 10028=",
"42170099999","2025-03-25T06:00:00","4","28.25","74.9166666","291.0","CHURU, IN","FM-12","99999","V020","230,1,N,0010,1","99999,9,9,N","004000,1,9,9","+0366,2","+0047,1","10088,1",,,,,,,,,,,,,,,"9,9,999,9,-042,1",,"SYN04642170 32996 02302 10366 20047 40088 333 59042=",
"42170099999","2025-03-25T09:00:00","4","28.25","74.9166666","291.0","CHURU, IN","FM-12","99999","V020","360,1,N,0010,1","99999,9,9,N","004000,1,9,9","+0386,1","+0026,1","10057,1",,,,,,,,,,,,,,,"9,9,999,9,-042,1",,"SYN04642170 32996 03602 10386 20026 40057 333 59042=",
"42170099999","2025-03-25T12:00:00","4","28.25","74.9166666","291.0","CHURU, IN","FM-12","99999","V020","230,1,N,0005,1","99999,9,9,N","004000,1,9,9","+0376,1","+0041,1","10041,1",,,,,,,,,,,,"240,M,+0397,1",,,"9,9,999,9,-040,1",,"SYN05242170 32996 02301 10376 20041 40041 333 10397 59040=",
"42170099999","2025-03-25T15:00:00","4","28.25","74.9166666","291.0","CHURU, IN","FM-12","99999","V020","999,9,C,0000,1","99999,9,9,N","004000,1,9,9","+0286,1","+0107,1","10064,1",,,,,,,,,,,,,,,"9,9,999,9,-045,1",,"SYN04642170 32996 00000 10286 20107 40064 333 59045=",
"42170099999","2025-03-25T18:00:00","4","28.25","74.9166666","291.0","CHURU, IN","FM-12","99999","V020","090,1,N,0010,1","99999,9,9,N","004000,1,9,9","+0266,1","+0130,1","10076,1",,,,,,,,,,,,,,,"9,9,999,9,-040,1",,"SYN04642170 32996 00902 10266 20130 40076 333 59040=",
"42170099999","2025-03-25T21:00:00","4","28.25","74.9166666","291.0","CHURU, IN","FM-12","99999","V020","090,1,N,0010,1","99999,9,9,N","004000,1,9,9","+0238,1","+0123,1","10062,1",,,,,,,,,,,,,,,"9,9,999,9,-039,1",,"SYN04642170 32996 00902 10238 20123 40062 333 59039=",
"42170099999","2025-03-26T00:00:00","4","28.25","74.9166666","291.0","CHURU, IN","FM-12","99999","V020","200,1,N,0010,1","99999,9,9,N","004000,1,9,9","+0206,1","+0112,1","10059,1",,,,,,,,,,,,,,,"9,9,999,9,-031,1",,"SYN04642170 32996 02002 10206 20112 40059 333 59031=",
"42170099999","2025-03-26T03:00:00","4","28.25","74.9166666","291.0","CHURU, IN","FM-12","99999","V020","180,1,N,0005,1","22000,1,9,N","004000,1,9,9","+0250,1","+0060,1","10073,1",,,,,,"01,1,+03000,1,03,1",,,,"9,AGL   ,+99999,+99999","01,99,1,01,1,99,9,03000,1,99,9,99,9","240,M,+0397,1","240,N,+0196,1",,"9,9,999,9,-029,1",,"SYN08042170 32996 11801 10250 20060 40073 81030 333 10397 20196 59029 81360 555 10028=",
"42170099999","2025-03-26T06:00:00","4","28.25","74.9166666","291.0","CHURU, IN","FM-12","99999","V020","320,1,N,0005,1","99999,9,9,N","004000,1,9,9","+0362,2","+0045,1","10070,1",,,,,,,,,,,,,,,"9,9,999,9,-018,1",,"SYN04642170 32996 03201 10362 20045 40070 333 59018=",
"42170099999","2025-03-26T09:00:00","4","28.25","74.9166666","291.0","CHURU, IN","FM-12","99999","V020","320,1,N,0010,1","99999,9,9,N","004000,1,9,9","+0390,1","+0036,1","10034,1",,,,,,,,,,,,,,,"9,9,999,9,-022,1",,"SYN04642170 32996 03202 10390 20036 40034 333 59022=",
"42170099999","2025-03-26T12:00:00","4","28.25","74.9166666","291.0","CHURU, IN","FM-12","99999","V020","230,1,N,0010,1","22000,1,9,N","004000,1,9,9","+0372,1","+0023,1","10022,1",,,,,,"01,1,+03600,1,03,1",,,,"9,AGL   ,+99999,+99999","01,99,1,01,1,99,9,03600,1,99,9,99,9","240,M,+0396,1",,,"9,9,999,9,-019,1",,"SYN06442170 32996 12302 10372 20023 40022 81030 333 10396 59019 81362=",
"42170099999","2025-03-26T15:00:00","4","28.25","74.9166666","291.0","CHURU, IN","FM-12","99999","V020","999,9,C,0000,1","99999,9,9,N","004000,1,9,9","+0298,1","+0111,1","10047,1",,,,,,,,,,,,,,,"9,9,999,9,-015,1",,"SYN04642170 32996 00000 10298 20111 40047 333 59015=",
"42170099999","2025-03-26T18:00:00","4","28.25","74.9166666","291.0","CHURU, IN","FM-12","99999","V020","999,9,C,0000,1","99999,9,9,N","004000,1,9,9","+0252,1","+0115,1","10061,1",,,,,,,,,,,,,,,"9,9,999,9,-016,1",,"SYN04642170 32996 00000 10252 20115 40061 333 59016=",
"42170099999","2025-03-26T21:00:00","4","28.25","74.9166666","291.0","CHURU, IN","FM-12","99999","V020","999,9,C,0000,1","99999,9,9,N","004000,1,9,9","+0230,1","+0103,1","10059,1",,,,,,,,,,,,,,,"9,9,999,9,-003,1",,"SYN04642170 32996 00000 10230 20103 40059 333 59003=",
"42170099999","2025-03-27T00:00:00","4","28.25","74.9166666","291.0","CHURU, IN","FM-12","99999","V020","999,9,C,0000,1","99999,9,9,N","004000,1,9,9","+0208,1","+0092,1","10069,1",,,,,,,,,,,,,,,"9,9,999,9,+009,1",,"SYN04642170 32996 00000 10208 20092 40069 333 58009=",
"42170099999","2025-03-27T03:00:00","4","28.25","74.9166666","291.0","CHURU, IN","FM-12","99999","V020","140,1,N,0005,1","22000,1,9,N","004000,1,9,9","+0256,1","+0086,1","10084,1",,,,,,"03,1,+03000,1,03,1",,,,"9,AGL   ,+99999,+99999","03,99,1,03,1,99,9,03000,1,99,9,99,9","240,M,+0396,1","240,N,+0203,1",,"9,9,999,9,+011,1",,"SYN08042170 32996 31401 10256 20086 40084 83030 333 10396 20203 58011 83360 555 10028=",
"42170099999","2025-03-27T06:00:00","4","28.25","74.9166666","291.0","CHURU, IN","FM-12","99999","V020","320,1,N,0010,1","99999,9,9,N","004000,1,9,9","+0338,1","+0069,1","10078,1",,,,,,,,,,,,,,,"9,9,999,9,+005,1",,"SYN04642170 32996 03202 10338 20069 40078 333 58005=",
"42170099999","2025-03-27T09:00:00","4","28.25","74.9166666","291.0","CHURU, IN","FM-12","99999","V020","230,1,N,0010,1","22000,1,9,N","004000,1,9,9","+0372,1","+0061,1","10044,1",,,,,,"03,1,+06000,1,00,1",,,,"9,AGL   ,+99999,+99999","03,99,1,03,1,99,9,06000,1,99,9,99,9",,,,"9,9,999,9,+008,1",,"SYN05842170 32996 32302 10372 20061 40044 80001 333 58008 83070=",
"42170099999","2025-03-27T12:00:00","4","28.25","74.9166666","291.0","CHURU, IN","FM-12","99999","V020","230,1,N,0015,1","22000,1,9,N","004000,1,9,9","+0350,1","+0032,1","10032,1",,,,,,"04,1,+06000,1,00,1",,,,"9,AGL   ,+99999,+99999","04,99,1,04,1,99,9,06000,1,99,9,99,9","240,M,+0374,1",,,"9,9,999,9,+006,1",,"SYN06442170 32996 42303 10350 20032 40032 80001 333 10374 58006 84070=",
"42170099999","2025-03-27T15:00:00","4","28.25","74.9166666","291.0","CHURU, IN","FM-12","99999","V020","999,9,C,0000,1","22000,1,9,N","004000,1,9,9","+0288,1","+0035,1","10052,1",,,,,,"02,1,+06000,1,00,1",,,,"9,AGL   ,+99999,+99999","02,99,1,02,1,99,9,06000,1,99,9,99,9",,,,"9,9,999,9,+004,1",,"SYN05842170 32996 20000 10288 20035 40052 80001 333 58004 82070=",
"42170099999","2025-03-27T18:00:00","4","28.25","74.9166666","291.0","CHURU, IN","FM-12","99999","V020","230,1,N,0010,1","99999,9,9,N","004000,1,9,9","+0246,1","+0047,1","10070,1",,,,,,,,,,,,,,,"9,9,999,9,+008,1",,"SYN04642170 32996 02302 10246 20047 40070 333 58008=",
"42170099999","2025-03-27T21:00:00","4","28.25","74.9166666","291.0","CHURU, IN","FM-12","99999","V020","230,1,N,0005,1","22000,1,9,9","004000,1,9,9","+0227,1","+0059,1","10084,1","99,9999,9,9",,,"0,1,99,9","0,1,99,9",,,,,,"00,99,1,99,9,99,9,99999,9,99,9,99,9",,,,"9,9,999,9,+023,1",,"SYN004BUFR",
"42170099999","2025-03-28T06:00:00","4","28.25","74.9166666","291.0","CHURU, IN","FM-12","99999","V020","320,1,N,0015,1","99999,9,9,N","004000,1,9,9","+0274,1","-0054,1","10128,1",,,,,,,,,,,,,,,"9,9,999,9,+042,1",,"SYN04642170 32996 03203 10274 21054 40128 333 58042=",
"42170099999","2025-03-28T09:00:00","4","28.25","74.9166666","291.0","CHURU, IN","FM-12","99999","V020","360,1,N,0010,1","99999,9,9,N","004000,1,9,9","+0300,1","-0080,1","10105,1",,,,,,,,,,,,,,,"9,9,999,9,+051,1",,"SYN04642170 32996 03602 10300 21080 40105 333 58051=",
"42170099999","2025-03-28T12:00:00","4","28.25","74.9166666","291.0","CHURU, IN","FM-12","99999","V020","320,1,N,0015,1","99999,9,9,N","004000,1,9,9","+0294,1","-0072,1","10091,1",,,,,,,,,,,,"240,M,+0312,1",,,"9,9,999,9,+053,1",,"SYN05242170 32996 03203 10294 21072 40091 333 10312 58053=",
"42170099999","2025-03-28T15:00:00","4","28.25","74.9166666","291.0","CHURU, IN","FM-12","99999","V020","320,1,N,0010,1","99999,9,9,N","004000,1,9,9","+0242,1","-0050,1","10114,1",,,,,,,,,,,,,,,"9,9,999,9,+056,1",,"SYN04642170 32996 03202 10242 21050 40114 333 58056=",
"42170099999","2025-03-28T18:00:00","4","28.25","74.9166666","291.0","CHURU, IN","FM-12","99999","V020","320,1,N,0005,1","99999,9,9,N","004000,1,9,9","+0200,1","-0005,1","10134,1",,,,,,,,,,,,,,,"9,9,999,9,+058,1",,"SYN04642170 32996 03201 10200 21005 40134 333 58058=",
"42170099999","2025-03-28T21:00:00","4","28.25","74.9166666","291.0","CHURU, IN","FM-12","99999","V020","320,1,N,0005,1","99999,9,9,N","004000,1,9,9","+0154,1","+0037,1","10127,1",,,,,,,,,,,,,,,"9,9,999,9,+034,1",,"SYN04642170 32996 03201 10154 20037 40127 333 58034=",
"42170099999","2025-03-29T00:00:00","4","28.25","74.9166666","291.0","CHURU, IN","FM-12","99999","V020","999,9,C,0000,1","99999,9,9,N","004000,1,9,9","+0122,1","+0032,1","10126,1",,,,,,,,,,,,,,,"9,9,999,9,+020,1",,"SYN04642170 32996 00000 10122 20032 40126 333 58020=",
"42170099999","2025-03-29T03:00:00","4","28.25","74.9166666","291.0","CHURU, IN","FM-12","99999","V020","360,1,N,0010,1","06000,1,9,N","004000,1,9,9","+0184,1","-0005,1","10141,1",,,,,,"03,1,+03000,1,03,1","07,1,+06000,1,00,1",,,"9,AGL   ,+99999,+99999","07,99,1,03,1,99,9,03000,1,99,9,99,9","240,M,+0312,1","240,N,+0115,1",,"9,9,999,9,+016,1",,"SYN08642170 32996 73602 10184 21005 40141 83031 333 10312 20115 58016 83360 87070 555 10028=",
"42170099999","2025-03-29T06:00:00","4","28.25","74.9166666","291.0","CHURU, IN","FM-12","99999","V020","360,1,N,0021,1","06000,1,9,N","004000,1,9,9","+0274,1","-0069,1","10133,1",,,,,,"01,1,+01200,1,06,1","03,1,+03000,1,03,1","06,1,+06000,1,01,1",,"9,AGL   ,+99999,+99999","07,99,1,01,1,99,9,01200,1,99,9,99,9",,,"99999,9,09806,1","9,9,999,9,+005,1",,"SYN07642170 32696 73604 10274 21069 39806 40133 81532 333 58005 81640 83360 86170=",
"42170099999","2025-03-29T09:00:00","4","28.25","74.9166666","291.0","CHURU, IN","FM-12","99999","V020","320,1,N,0015,1","03000,1,C,N","004000,1,9,9","+0302,1","-0056,1","10102,1",,,,,,"01,1,+00600,1,06,1","05,1,+03000,1,04,1",,,"9,AGL   ,+99999,+99999","06,99,1,01,1,99,9,00600,1,99,9,99,9",,,,"9,9,999,9,-002,1",,"SYN06442170 32596 63203 10302 21056 40102 81570 333 59002 81620 85460=",
"42170099999","2025-03-29T12:00:00","4","28.25","74.9166666","291.0","CHURU, IN","FM-12","99999","V020","320,1,N,0010,1","22000,1,9,N","004000,1,9,9","+0294,1","-0026,1","10089,1",,,,,,"04,1,+03000,1,03,1",,,,"9,AGL   ,+99999,+99999","04,99,1,04,1,99,9,03000,1,99,9,99,9","240,M,+0312,1",,,"9,9,999,9,-002,1",,"SYN06442170 32996 43202 10294 21026 40089 84030 333 10312 59002 84360=",
"42170099999","2025-03-29T15:00:00","4","28.25","74.9166666","291.0","CHURU, IN","FM-12","99999","V020","050,1,N,0005,1","22000,1,9,N","004000,1,9,9","+0238,1","+0039,1","10103,1",,,,,,"03,1,+03000,1,03,1",,,,"9,AGL   ,+99999,+99999","03,99,1,03,1,99,9,03000,1,99,9,99,9",,,,"9,9,999,9,-012,1",,"SYN05842170 32996 30501 10238 20039 40103 83030 333 59012 83360=",
"42170099999","2025-03-29T18:00:00","4","28.25","74.9166666","291.0","CHURU, IN","FM-12","99999","V020","999,9,C,0000,1","22000,1,9,N","004000,1,9,9","+0198,1","+0033,1","10115,1",,,,,,"03,1,+03000,1,03,1",,,,"9,AGL   ,+99999,+99999","03,99,1,03,1,99,9,03000,1,99,9,99,9",,,,"9,9,999,9,-018,1",,"SYN05842170 32996 30000 10198 20033 40115 83030 333 59018 83360=",
"42170099999","2025-03-29T21:00:00","4","28.25","74.9166666","291.0","CHURU, IN","FM-12","99999","V020","999,9,C,0000,1","22000,1,9,N","004000,1,9,9","+0166,1","+0049,1","10116,1",,,,,,"02,1,+03000,1,03,1",,,,"9,AGL   ,+99999,+99999","02,99,1,02,1,99,9,03000,1,99,9,99,9",,,,"9,9,999,9,-010,1",,"SYN05842170 32996 20000 10166 20049 40116 82030 333 59010 82360=",
"42170099999","2025-03-30T00:00:00","4","28.25","74.9166666","291.0","CHURU, IN","FM-12","99999","V020","999,9,C,0000,1","22000,1,9,N","004000,1,9,9","+0128,1","+0040,1","10111,1",,,,,,"02,1,+03000,1,03,1",,,,"9,AGL   ,+99999,+99999","02,99,1,02,1,99,9,03000,1,99,9,99,9",,,,"9,9,999,9,-015,1",,"SYN05842170 32996 20000 10128 20040 40111 82030 333 59015 82360=",
"42170099999","2025-03-30T03:00:00","4","28.25","74.9166666","291.0","CHURU, IN","FM-12","99999","V020","140,1,N,0005,1","99999,9,9,N","004000,1,9,9","+0206,1","+0137,1","10125,1",,,,,,,,,,,,"240,M,+0312,1","240,N,+0115,1",,"9,9,999,9,-014,1",,"SYN06842170 32996 01401 10206 20137 40125 333 10312 20115 59014 555 10028=",
"42170099999","2025-03-30T06:00:00","4","28.25","74.9166666","291.0","CHURU, IN","FM-12","99999","V020","360,1,N,0005,1","99999,9,9,N","004000,1,9,9","+0300,1","-0029,2","10129,1",,,,,,,,,,,,,,,"9,9,999,9,-004,1",,"SYN04642170 32996 03601 10300 21029 40129 333 59004=",
"42170099999","2025-03-30T09:00:00","4","28.25","74.9166666","291.0","CHURU, IN","FM-12","99999","V020","320,1,N,0015,1","99999,9,9,N","004000,1,9,9","+0334,1","-0066,2","10100,1",,,,,,,,,,,,,,,"9,9,999,9,+001,1",,"SYN04642170 32996 03203 10334 21066 40100 333 58001=",
"42170099999","2025-03-30T12:00:00","4","28.25","74.9166666","291.0","CHURU, IN","FM-12","99999","V020","270,1,N,0010,1","99999,9,9,N","004000,1,9,9","+0328,1","+0002,1","10085,1",,,,,,,,,,,,"240,M,+0344,1",,,"9,9,999,9,-001,1",,"SYN05242170 32996 02702 10328 20002 40085 333 10344 59001=",
"42170099999","2025-03-30T15:00:00","4","28.25","74.9166666","291.0","CHURU, IN","FM-12","99999","V020","999,9,C,0000,1","99999,9,9,N","004000,1,9,9","+0246,1","+0053,1","10103,1",,,,,,,,,,,,,,,"9,9,999,9,+001,1",,"SYN04642170 32996 00000 10246 20053 40103 333 58001=",
"42170099999","2025-03-30T18:00:00","4","28.25","74.9166666","291.0","CHURU, IN","FM-12","99999","V020","999,9,C,0000,1","99999,9,9,N","004000,1,9,9","+0200,1","+0065,1","10122,1",,,,,,,,,,,,,,,"9,9,999,9,+007,1",,"SYN04642170 32996 00000 10200 20065 40122 333 58007=",
"42170099999","2025-03-30T21:00:00","4","28.25","74.9166666","291.0","CHURU, IN","FM-12","99999","V020","999,9,C,0000,1","99999,9,9,N","004000,1,9,9","+0164,1","+0062,1","10118,1",,,,,,,,,,,,,,,"9,9,999,9,+002,1",,"SYN04642170 32996 00000 10164 20062 40118 333 58002=",
"42170099999","2025-03-31T00:00:00","4","28.25","74.9166666","291.0","CHURU, IN","FM-12","99999","V020","999,9,C,0000,1","99999,9,9,N","004000,1,9,9","+0144,1","+0051,1","10118,1",,,,,,,,,,,,,,,"9,9,999,9,+009,1",,"SYN04642170 32996 00000 10144 20051 40118 333 58009=",
"42170099999","2025-03-31T03:00:00","4","28.25","74.9166666","291.0","CHURU, IN","FM-12","99999","V020","140,1,N,0005,1","99999,9,9,N","004000,1,9,9","+0232,1","+0041,1","10125,1",,,,,,,,,,,,"240,M,+0344,1","240,N,+0137,1",,"9,9,999,9,+004,1",,"SYN06842170 32996 01401 10232 20041 40125 333 10344 20137 58004 555 10028=",
"42170099999","2025-03-31T06:00:00","4","28.25","74.9166666","291.0","CHURU, IN","FM-12","99999","V020","320,1,N,0005,1","99999,9,9,N","004000,1,9,9","+0328,1","+0019,1","10121,1",,,,,,,,,,,,,,,"9,9,999,9,-004,1",,"SYN04642170 32996 03201 10328 20019 40121 333 59004=",
"42170099999","2025-03-31T09:00:00","4","28.25","74.9166666","291.0","CHURU, IN","FM-12","99999","V020","050,1,N,0010,1","99999,9,9,N","004000,1,9,9","+0346,1","+0005,1","10097,1",,,,,,,,,,,,,,,"9,9,999,9,-001,1",,"SYN04642170 32996 00502 10346 20005 40097 333 59001=",
"42170099999","2025-03-31T12:00:00","4","28.25","74.9166666","291.0","CHURU, IN","FM-12","99999","V020","360,1,N,0010,1","99999,9,9,N","004000,1,9,9","+0338,1","+0010,1","10079,1",,,,,,,,,,,,"240,M,+0362,1",,,"9,9,999,9,-005,1",,"SYN05242170 32996 03602 10338 20010 40079 333 10362 59005=",
"42170099999","2025-03-31T15:00:00","4","28.25","74.9166666","291.0","CHURU, IN","FM-12","99999","V020","050,1,N,0010,1","99999,9,9,N","004000,1,9,9","+0284,1","+0019,1","10095,1",,,,,,,,,,,,,,,"9,9,999,9,-004,1",,"SYN04642170 32996 00502 10284 20019 40095 333 59004=",
"42170099999","2025-03-31T18:00:00","4","28.25","74.9166666","291.0","CHURU, IN","FM-12","99999","V020","050,1,N,0005,1","99999,9,9,N","004000,1,9,9","+0240,1","+0049,1","10100,1",,,,,,,,,,,,,,,"9,9,999,9,-014,1",,"SYN04642170 32996 00501 10240 20049 40100 333 59014=",
"42170099999","2025-03-31T21:00:00","4","28.25","74.9166666","291.0","CHURU, IN","FM-12","99999","V020","999,9,C,0000,1","22000,1,9,9","004000,1,9,9","+0187,1","+0053,1","10099,1","99,9999,9,9",,,"0,1,99,9","0,1,99,9",,,,,,"00,99,1,99,9,99,9,99999,9,99,9,99,9",,,,"9,9,999,9,-012,1",,"SYN004BUFR",
"42170099999","2025-04-01T00:00:00","4","28.25","74.9166666","291.0","CHURU, IN","FM-12","99999","V020","999,9,C,0000,1","99999,9,9,N","004000,1,9,9","+0154,1","+0064,1","10101,1",,,,,,,,,,,,,,,"9,9,999,9,-015,1",,"SYN04642170 32996 00000 10154 20064 40101 333 59015=",
"42170099999","2025-04-01T03:00:00","4","28.25","74.9166666","291.0","CHURU, IN","FM-12","99999","V020","140,1,N,0005,1","99999,9,9,N","004000,1,9,9","+0228,1","+0053,1","10112,1",,,,,,,,,,,,"240,M,+0362,1","240,N,+0146,1",,"9,9,999,9,-014,1",,"SYN05842170 32996 01401 10228 20053 40112 333 10362 20146 59014=",
"42170099999","2025-04-01T06:00:00","4","28.25","74.9166666","291.0","CHURU, IN","FM-12","99999","V020","140,1,N,0005,1","99999,9,9,N","004000,1,9,9","+0330,1","+0007,1","10109,1",,,,,,,,,,,,,,,"9,9,999,9,-012,1",,"SYN04642170 32996 01401 10330 20007 40109 333 59012=",
"42170099999","2025-04-01T09:00:00","4","28.25","74.9166666","291.0","CHURU, IN","FM-12","99999","V020","360,1,N,0010,1","99999,9,9,N","004000,1,9,9","+0354,1","-0020,1","10084,1",,,,,,,,,,,,,,,"9,9,999,9,-012,1",,"SYN04642170 32996 03602 10354 21020 40084 333 59012=",
"42170099999","2025-04-01T12:00:00","4","28.25","74.9166666","291.0","CHURU, IN","FM-12","99999","V020","320,1,N,0010,1","99999,9,9,N","004000,1,9,9","+0346,1","-0004,1","10070,1",,,,,,,,,,,,,,,"9,9,999,9,-008,1",,"SYN05242170 32996 03202 10346 21004 40070 333 10366 59008=",
"42170099999","2025-04-01T15:00:00","4","28.25","74.9166666","291.0","CHURU, IN","FM-12","99999","V020","999,9,C,0000,1","99999,9,9,N","004000,1,9,9","+0260,1","+0077,1","10093,1",,,,,,,,,,,,,,,"9,9,999,9,-005,1",,"SYN04642170 32996 00000 10260 20077 40093 333 59005=",
"42170099999","2025-04-01T18:00:00","4","28.25","74.9166666","291.0","CHURU, IN","FM-12","99999","V020","999,9,C,0000,1","99999,9,9,N","004000,1,9,9","+0238,1","+0063,1","10099,1",,,,,,,,,,,,,,,"9,9,999,9,-004,1",,"SYN04642170 32996 00000 10238 20063 40099 333 59004=",
"42170099999","2025-04-01T21:00:00","4","28.25","74.9166666","291.0","CHURU, IN","FM-12","99999","V020","999,9,C,0000,1","99999,9,9,N","004000,1,9,9","+0200,1","+0065,1","10093,1",,,,,,,,,,,,,,,"9,9,999,9,-008,1",,"SYN04642170 32996 00000 10200 20065 40093 333 59008=",
"42170099999","2025-04-02T00:00:00","4","28.25","74.9166666","291.0","CHURU, IN","FM-12","99999","V020","999,9,C,0000,1","99999,9,9,N","004000,1,9,9","+0172,1","+0067,1","10095,1",,,,,,,,,,,,,,,"9,9,999,9,-004,1",,"SYN04642170 32996 00000 10172 20067 40095 333 59004=",
"42170099999","2025-04-02T03:00:00","4","28.25","74.9166666","291.0","CHURU, IN","FM-12","99999","V020","090,1,N,0010,1","99999,9,9,N","004000,1,9,9","+0244,1","+0062,1","10110,1",,,,,,,,,,,,"240,M,+0366,1","240,N,+0162,1",,"9,9,999,9,+001,1",,"SYN06842170 32996 00902 10244 20062 40110 333 10366 20162 58001 555 10028=",
"42170099999","2025-04-02T06:00:00","4","28.25","74.9166666","291.0","CHURU, IN","FM-12","99999","V020","140,1,N,0010,1","99999,9,9,N","004000,1,9,9","+0350,1","+0047,1","10108,1",,,,,,,,,,,,,,,"9,9,999,9,+002,1",,"SYN04642170 32996 01402 10350 20047 40108 333 58002=",
"42170099999","2025-04-02T09:00:00","4","28.25","74.9166666","291.0","CHURU, IN","FM-12","99999","V020","320,1,N,0010,1","99999,9,9,N","004000,1,9,9","+0376,1","-0012,1","10078,1",,,,,,,,,,,,,,,"9,9,999,9,-004,1",,"SYN04642170 32996 03202 10376 21012 40078 333 59004=",
"42170099999","2025-04-02T12:00:00","4","28.25","74.9166666","291.0","CHURU, IN","FM-12","99999","V020","999,9,C,0000,1","99999,9,9,N","004000,1,9,9","+0374,1","+0036,1","10065,1",,,,,,,,,,,,"240,M,+0386,1",,,"9,9,999,9,-002,1",,"SYN05242170 32996 00000 10374 20036 40065 333 10386 59002=",
"42170099999","2025-04-02T15:00:00","4","28.25","74.9166666","291.0","CHURU, IN","FM-12","99999","V020","999,9,C,0000,1","99999,9,9,N","004000,1,9,9","+0278,1","+0089,1","10087,1",,,,,,,,,,,,,,,"9,9,999,9,-003,1",,"SYN04642170 32996 00000 10278 20089 40087 333 59003=",
"42170099999","2025-04-02T18:00:00","4","28.25","74.9166666","291.0","CHURU, IN","FM-12","99999","V020","999,9,C,0000,1","99999,9,9,N","004000,1,9,9","+0256,1","+0059,1","10103,1",,,,,,,,,,,,,,,"9,9,999,9,+006,1",,"SYN04642170 32996 00000 10256 20059 40103 333 58006=",
"42170099999","2025-04-02T21:00:00","4","28.25","74.9166666","291.0","CHURU, IN","FM-12","99999","V020","999,9,C,0000,1","99999,9,9,N","004000,1,9,9","+0234,1","+0074,1","10101,1",,,,,,,,,,,,,,,"9,9,999,9,+012,1",,"SYN04642170 32996 00000 10234 20074 40101 333 58012=",
"42170099999","2025-04-03T00:00:00","4","28.25","74.9166666","291.0","CHURU, IN","FM-12","99999","V020","999,9,C,0000,1","99999,9,9,N","004000,1,9,9","+0200,1","+0076,1","10102,1",,,,,,,,,,,,,,,"9,9,999,9,+010,1",,"SYN04642170 32996 00000 10200 20076 40102 333 58010=",
"42170099999","2025-04-03T03:00:00","4","28.25","74.9166666","291.0","CHURU, IN","FM-12","99999","V020","140,1,N,0015,1","99999,9,9,N","004000,1,9,9","+0264,1","+0048,1","10114,1",,,,,,,,,,,,"240,M,+0386,1","240,N,+0181,1",,"9,9,999,9,+006,1",,"SYN06842170 32996 01403 10264 20048 40114 333 10386 20181 58006 555 10028=",
"42170099999","2025-04-03T06:00:00","4","28.25","74.9166666","291.0","CHURU, IN","FM-12","99999","V020","140,1,N,0026,1","22000,1,9,N","004000,1,9,9","+0364,1","+0001,1","10105,1",,,,,,"03,1,+03000,1,03,1",,,,"9,AGL   ,+99999,+99999","03,99,1,03,1,99,9,03000,1,99,9,99,9",,,,"9,9,999,9,-001,1",,"SYN05842170 32996 31405 10364 20001 40105 83030 333 59001 83360=",
"42170099999","2025-04-03T09:00:00","4","28.25","74.9166666","291.0","CHURU, IN","FM-12","99999","V020","180,1,N,0005,1","01200,1,9,N","004000,1,9,9","+0362,1","+0038,1","10081,1",,,,,,"04,1,+00900,1,09,1","07,1,+01200,1,06,1","07,1,+03000,1,04,1",,"9,AGL   ,+99999,+99999","08,99,1,04,1,99,9,00900,1,99,9,99,9",,,,"9,9,999,9,+002,1",,"SYN07042170 32596 81801 10362 20038 40081 87310 333 58002 84930 87640 87460=",
"42170099999","2025-04-03T12:00:00","4","28.25","74.9166666","291.0","CHURU, IN","FM-12","99999","V020","090,1,N,0015,1","01200,1,9,N","004000,1,9,9","+0354,1","+0026,1","10068,1",,,,,,"04,1,+00900,1,08,1","05,1,+01200,1,06,1","06,1,+03000,1,04,1",,"9,AGL   ,+99999,+99999","06,99,1,04,1,99,9,00900,1,99,9,99,9","240,M,+0386,1",,,"9,9,999,9,+001,1",,"SYN07642170 32596 60903 10354 20026 40068 85410 333 10386 58001 84830 85640 86460=",
"42170099999","2025-04-03T15:00:00","4","28.25","74.9166666","291.0","CHURU, IN","FM-12","99999","V020","050,1,N,0010,1","22000,1,9,N","004000,1,9,9","+0312,1","+0035,1","10092,1",,,,,,"02,1,+01200,1,06,1",,,,"9,AGL   ,+99999,+99999","02,99,1,02,1,99,9,01200,1,99,9,99,9",,,,"9,9,999,9,+008,1",,"SYN05842170 32696 20502 10312 20035 40092 82500 333 58008 82640=",
"42170099999","2025-04-03T18:00:00","4","28.25","74.9166666","291.0","CHURU, IN","FM-12","99999","V020","999,9,C,0000,1","99999,9,9,N","004000,1,9,9","+0252,1","+0085,1","10109,1",,,,,,,,,,,,,,,"9,9,999,9,+006,1",,"SYN04642170 32696 00000 10252 20085 40109 333 58006=",
"42170099999","2025-04-03T21:00:00","4","28.25","74.9166666","291.0","CHURU, IN","FM-12","99999","V020","999,9,C,0000,1","99999,9,9,N","004000,1,9,9","+0226,1","+0072,1","10110,1",,,,,,,,,,,,,,,"9,9,999,9,+007,1",,"SYN04642170 32996 00000 10226 20072 40110 333 58007=",
"42170099999","2025-04-04T00:00:00","4","28.25","74.9166666","291.0","CHURU, IN","FM-12","99999","V020","999,9,C,0000,1","99999,9,9,N","004000,1,9,9","+0194,1","+0087,1","10110,1",,,,,,,,,,,,,,,"9,9,999,9,+007,1",,"SYN04642170 32996 00000 10194 20087 40110 333 58007=",
"42170099999","2025-04-04T03:00:00","4","28.25","74.9166666","291.0","CHURU, IN","FM-12","99999","V020","320,1,N,0005,1","99999,9,9,N","004000,1,9,9","+0250,1","+0072,1","10127,1",,,,,,,,,,,,"240,M,+0386,1","240,N,+0185,1",,"9,9,999,9,+010,1",,"SYN06842170 32996 03201 10250 20072 40127 333 10386 20185 58010 555 10028=",
"42170099999","2025-04-04T06:00:00","4","28.25","74.9166666","291.0","CHURU, IN","FM-12","99999","V020","050,1,N,0005,1","99999,9,9,N","004000,1,9,9","+0344,1","+0062,1","10117,1",,,,,,,,,,,,,,,"9,9,999,9,+009,1",,"SYN04642170 32996 00501 10344 20062 40117 333 58009=",
"42170099999","2025-04-04T09:00:00","4","28.25","74.9166666","291.0","CHURU, IN","FM-12","99999","V020","360,1,N,0010,1","99999,9,9,N","004000,1,9,9","+0366,1","+0068,1","10092,1",,,,,,,,,,,,,,,"9,9,999,9,+011,1",,"SYN04642170 32996 03602 10366 20068 40092 333 58011=",
"42170099999","2025-04-04T12:00:00","4","28.25","74.9166666","291.0","CHURU, IN","FM-12","99999","V020","360,1,N,0010,1","99999,9,9,N","004000,1,9,9","+0364,1","+0057,1","10075,1",,,,,,,,,,,,"240,M,+0386,1",,,"9,9,999,9,+008,1",,"SYN05242170 32996 03602 10364 20057 40075 333 10386 58008=",
"42170099999","2025-04-04T15:00:00","4","28.25","74.9166666","291.0","CHURU, IN","FM-12","99999","V020","360,1,N,0005,1","99999,9,9,N","004000,1,9,9","+0306,1","+0087,1","10091,1",,,,,,,,,,,,,,,"9,9,999,9,-001,1",,"SYN04642170 32996 03601 10306 20087 40091 333 59001=",
"42170099999","2025-04-04T18:00:00","4","28.25","74.9166666","291.0","CHURU, IN","FM-12","99999","V020","360,1,N,0005,1","99999,9,9,N","004000,1,9,9","+0270,1","+0087,1","10103,1",,,,,,,,,,,,,,,"9,9,999,9,-005,1",,"SYN04642170 32996 03601 10270 20087 40103 333 59005=",
"42170099999","2025-04-04T21:00:00","4","28.25","74.9166666","291.0","CHURU, IN","FM-12","99999","V020","999,9,C,0000,1","99999,9,9,N","004000,1,9,9","+0242,1","+0101,1","10100,1",,,,,,,,,,,,,,,"9,9,999,9,-007,1",,"SYN04642170 32996 00000 10242 20101 40100 333 59007=",
"42170099999","2025-04-05T00:00:00","4","28.25","74.9166666","291.0","CHURU, IN","FM-12","99999","V020","999,9,C,0000,1","99999,9,9,N","004000,1,9,9","+0192,1","+0094,1","10106,1",,,,,,,,,,,,,,,"9,9,999,9,-004,1",,"SYN04642170 32996 00000 10192 20094 40106 333 59004=",
"42170099999","2025-04-05T03:00:00","4","28.25","74.9166666","291.0","CHURU, IN","FM-12","99999","V020","999,9,C,0000,1","99999,9,9,N","004000,1,9,9","+0240,1","+0093,1","10118,1",,,,,,,,,,,,"240,M,+0386,1","240,N,+0182,1",,"9,9,999,9,-009,1",,"SYN06842170 32996 00000 10240 20093 40118 333 10386 20182 59009 555 10028=",
"42170099999","2025-04-05T06:00:00","4","28.25","74.9166666","291.0","CHURU, IN","FM-12","99999","V020","050,1,N,0015,1","99999,9,9,N","004000,1,9,9","+0346,1","+0072,1","10111,1",,,,,,,,,,,,,,,"9,9,999,9,-006,1",,"SYN04642170 32996 00503 10346 20072 40111 333 59006=",
"42170099999","2025-04-05T09:00:00","4","28.25","74.9166666","291.0","CHURU, IN","FM-12","99999","V020","320,1,N,0015,1","99999,9,9,N","004000,1,9,9","+0376,1","+0055,1","10073,1",,,,,,,,,,,,,,,"9,9,999,9,-018,1",,"SYN04642170 32996 03203 10376 20055 40073 333 59018=",
"42170099999","2025-04-05T12:00:00","4","28.25","74.9166666","291.0","CHURU, IN","FM-12","99999","V020","320,1,N,0015,1","99999,9,9,N","004000,1,9,9","+0374,1","+0072,1","10050,1",,,,,,,,,,,,"240,M,+0385,1",,,"9,9,999,9,-023,1",,"SYN05242170 32996 03203 10374 20072 40050 333 10385 59023=",
"42170099999","2025-04-05T15:00:00","4","28.25","74.9166666","291.0","CHURU, IN","FM-12","99999","V020","999,9,C,0000,1","99999,9,9,N","004000,1,9,9","+0298,1","+0125,1","10071,1",,,,,,,,,,,,,,,"9,9,999,9,-021,1",,"SYN04642170 32996 00000 10298 20125 40071 333 59021=",
"42170099999","2025-04-05T18:00:00","4","28.25","74.9166666","291.0","CHURU, IN","FM-12","99999","V020","999,9,C,0000,1","99999,9,9,N","004000,1,9,9","+0262,1","+0120,1","10074,1",,,,,,,,,,,,,,,"9,9,999,9,-028,1",,"SYN04642170 32996 00000 10262 20120 40074 333 59028=",
"42170099999","2025-04-05T21:00:00","4","28.25","74.9166666","291.0","CHURU, IN","FM-12","99999","V020","999,9,C,0000,1","99999,9,9,N","004000,1,9,9","+0222,1","+0115,1","10070,1",,,,,,,,,,,,,,,"9,9,999,9,-031,1",,"SYN04642170 32996 00000 10222 20115 40070 333 59031=",
"42170099999","2025-04-06T00:00:00","4","28.25","74.9166666","291.0","CHURU, IN","FM-12","99999","V020","999,9,C,0000,1","99999,9,9,N","004000,1,9,9","+0200,1","+0100,1","10069,1",,,,,,,,,,,,,,,"9,9,999,9,-036,1",,"SYN04642170 32996 00000 10200 20100 40069 333 59036=",
"42170099999","2025-04-06T03:00:00","4","28.25","74.9166666","291.0","CHURU, IN","FM-12","99999","V020","999,9,C,0000,1","99999,9,9,N","004000,1,9,9","+0278,1","+0089,1","10081,1",,,,,,,,,,,,"240,M,+0385,1","240,N,+0196,1",,"9,9,999,9,-032,1",,"SYN06842170 32996 00000 10278 20089 40081 333 10385 20196 59032 555 10028=",
"42170099999","2025-04-06T06:00:00","4","28.25","74.9166666","291.0","CHURU, IN","FM-12","99999","V020","180,1,N,0010,1","99999,9,9,N","004000,1,9,9","+0374,1","+0078,1","10071,1",,,,,,,,,,,,,,,"9,9,999,9,-036,1",,"SYN04642170 32996 01802 10374 20078 40071 333 59036=",
"42170099999","2025-04-06T09:00:00","4","28.25","74.9166666","291.0","CHURU, IN","FM-12","99999","V020","050,1,N,0005,1","99999,9,9,N","004000,1,9,9","+0400,1","+0067,1","10036,1",,,,,,,,,,,,,,,"9,9,999,9,-033,1",,"SYN04642170 32996 00501 10400 20067 40036 333 59033=",
"42170099999","2025-04-06T12:00:00","4","28.25","74.9166666","291.0","CHURU, IN","FM-12","99999","V020","999,9,C,0000,1","99999,9,9,N","004000,1,9,9","+0414,1","+0097,1","10020,1",,,,,,,,,,,,"240,M,+0424,1",,,"9,9,999,9,-025,1",,"SYN05242170 32996 00000 10414 20097 40020 333 10424 59025=",
"42170099999","2025-04-06T15:00:00","4","28.25","74.9166666","291.0","CHURU, IN","FM-12","99999","V020","999,9,C,0000,1","99999,9,9,N","004000,1,9,9","+0334,1","+0132,1","10043,1",,,,,,,,,,,,,,,"9,9,999,9,-023,1",,"SYN04642170 32996 00000 10334 20132 40043 333 59023=",
"42170099999","2025-04-06T18:00:00","4","28.25","74.9166666","291.0","CHURU, IN","FM-12","99999","V020","999,9,C,0000,1","99999,9,9,N","004000,1,9,9","+0294,1","+0109,1","10062,1",,,,,,,,,,,,,,,"9,9,999,9,-009,1",,"SYN04642170 32996 00000 10294 20109 40062 333 59009=",
"42170099999","2025-04-06T21:00:00","4","28.25","74.9166666","291.0","CHURU, IN","FM-12","99999","V020","999,9,C,0000,1","99999,9,9,N","004000,1,9,9","+0264,1","+0104,1","10057,1",,,,,,,,,,,,,,,"9,9,999,9,-009,1",,"SYN04642170 32996 00000 10264 20104 40057 333 59009=",
"42170099999","2025-04-07T00:00:00","4","28.25","74.9166666","291.0","CHURU, IN","FM-12","99999","V020","050,1,N,0005,1","99999,9,9,N","004000,1,9,9","+0244,1","+0104,1","10059,1",,,,,,,,,,,,,,,"9,9,999,9,-004,1",,"SYN04642170 32996 00501 10244 20104 40059 333 59004=",
"42170099999","2025-04-07T03:00:00","4","28.25","74.9166666","291.0","CHURU, IN","FM-12","99999","V020","090,1,N,0010,1","99999,9,9,N","004000,1,9,9","+0312,1","+0097,1","10075,1",,,,,,,,,,,,"240,M,+0424,1","240,N,+0236,1",,"9,9,999,9,-002,1",,"SYN06842170 32996 00902 10312 20097 40075 333 10424 20236 59002 555 10028=",
"42170099999","2025-04-07T06:00:00","4","28.25","74.9166666","291.0","CHURU, IN","FM-12","99999","V020","140,1,N,0010,1","99999,9,9,N","004000,1,9,9","+0382,1","+0094,1","10070,1",,,,,,,,,,,,,,,"9,9,999,9,+000,1",,"SYN04642170 32996 01402 10382 20094 40070 333 58000=",
"42170099999","2025-04-07T09:00:00","4","28.25","74.9166666","291.0","CHURU, IN","FM-12","99999","V020","090,1,N,0010,1","99999,9,9,N","004000,1,9,9","+0414,1","+0085,1","10043,1",,,,,,,,,,,,,,,"9,9,999,9,+008,1",,"SYN04642170 32996 00902 10414 20085 40043 333 58008=",
"42170099999","2025-04-07T12:00:00","4","28.25","74.9166666","291.0","CHURU, IN","FM-12","99999","V020","360,1,N,0010,1","99999,9,9,N","004000,1,9,9","+0414,1","+0109,1","10032,1",,,,,,,,,,,,"240,M,+0433,1",,,"9,9,999,9,+012,1",,"SYN05242170 32996 03602 10414 20109 40032 333 10433 58012=",
"42170099999","2025-04-07T15:00:00","4","28.25","74.9166666","291.0","CHURU, IN","FM-12","99999","V020","050,1,N,0005,1","99999,9,9,N","004000,1,9,9","+0354,1","+0088,1","10057,1",,,,,,,,,,,,,,,"9,9,999,9,+016,1",,"SYN04642170 32996 00501 10354 20088 40057 333 58016=",
"42170099999","2025-04-07T18:00:00","4","28.25","74.9166666","291.0","CHURU, IN","FM-12","99999","V020","090,1,N,0005,1","99999,9,9,N","004000,1,9,9","+0308,1","+0135,1","10073,1",,,,,,,,,,,,,,,"9,9,999,9,+012,1",,"SYN04642170 32996 00901 10308 20135 40073 333 58012=",
"42170099999","2025-04-07T21:00:00","4","28.25","74.9166666","291.0","CHURU, IN","FM-12","99999","V020","140,1,N,0005,1","99999,9,9,N","004000,1,9,9","+0282,1","+0106,1","10065,1",,,,,,,,,,,,,,,"9,9,999,9,+010,1",,"SYN04642170 32996 01401 10282 20106 40065 333 58010=",
"42170099999","2025-04-08T00:00:00","4","28.25","74.9166666","291.0","CHURU, IN","FM-12","99999","V020","140,1,N,0005,1","99999,9,9,N","004000,1,9,9","+0266,1","+0116,1","10074,1",,,,,,,,,,,,,,,"9,9,999,9,+017,1",,"SYN04642170 32996 01401 10266 20116 40074 333 58017=",
"42170099999","2025-04-08T03:00:00","4","28.25","74.9166666","291.0","CHURU, IN","FM-12","99999","V020","140,1,N,0005,1","99999,9,9,N","004000,1,9,9","+0314,1","+0116,1","10097,1",,,,,,,,,,,,"240,M,+0433,1","240,N,+0250,1",,"9,9,999,9,+021,1",,"SYN06842170 32996 01401 10314 20116 40097 333 10433 20250 58021 555 10028=",
"42170099999","2025-04-08T06:00:00","4","28.25","74.9166666","291.0","CHURU, IN","FM-12","99999","V020","140,1,N,0010,1","99999,9,9,N","004000,1,9,9","+0402,1","+0097,1","10089,1",,,,,,,,,,,,,,,"9,9,999,9,+021,1",,"SYN04642170 32996 01402 10402 20097 40089 333 58021=",
"42170099999","2025-04-08T09:00:00","4","28.25","74.9166666","291.0","CHURU, IN","FM-12","99999","V020","230,1,N,0010,1","22000,1,9,N","004000,1,9,9","+0434,1","+0061,1","10059,1",,,,,,"01,1,+00600,1,06,1","03,1,+03000,1,03,1",,,"9,AGL   ,+99999,+99999","04,99,1,01,1,99,9,00600,1,99,9,99,9",,,,"9,9,999,9,+018,1",,"SYN06442170 32596 42302 10434 20061 40059 81530 333 58018 81620 83360=",
"42170099999","2025-04-08T12:00:00","4","28.25","74.9166666","291.0","CHURU, IN","FM-12","99999","V020","230,1,N,0010,1","22000,1,9,N","004000,1,9,9","+0426,1","+0115,1","10045,1",,,,,,"04,1,+00600,1,06,1",,,,"9,AGL   ,+99999,+99999","04,99,1,04,1,99,9,00600,1,99,9,99,9",,,,"9,9,999,9,+013,1",,"SYN06442170 32596 42302 10426 20115 40045 84500 333 10442 58013 84620=",
"42170099999","2025-04-08T15:00:00","4","28.25","74.9166666","291.0","CHURU, IN","FM-12","99999","V020","999,9,C,0000,1","22000,1,9,N","004000,1,9,9","+0348,1","+0154,1","10061,1",,,,,,"03,1,+00900,1,06,1",,,,"9,AGL   ,+99999,+99999","03,99,1,03,1,99,9,00900,1,99,9,99,9",,,,"9,9,999,9,+003,1",,"SYN05842170 32596 30000 10348 20154 40061 83500 333 58003 83630=",
"42170099999","2025-04-08T18:00:00","4","28.25","74.9166666","291.0","CHURU, IN","FM-12","99999","V020","999,9,C,0000,1","99999,9,9,N","004000,1,9,9","+0320,1","+0135,1","10072,1",,,,,,,,,,,,,,,"9,9,999,9,+000,1",,"SYN04642170 32996 00000 10320 20135 40072 333 58000=",
"42170099999","2025-04-08T21:00:00","4","28.25","74.9166666","291.0","CHURU, IN","FM-12","99999","V020","999,9,C,0000,1","99999,9,9,N","004000,1,9,9","+0294,1","+0119,1","10065,1",,,,,,,,,,,,,,,"9,9,999,9,+001,1",,"SYN04642170 32996 00000 10294 20119 40065 333 58001=",
"42170099999","2025-04-09T00:00:00","4","28.25","74.9166666","291.0","CHURU, IN","FM-12","99999","V020","999,9,C,0000,1","22000,1,9,N","004000,1,9,9","+0252,1","+0124,1","10066,1",,,,,,"02,1,+03000,1,03,1",,,,"9,AGL   ,+99999,+99999","02,99,1,02,1,99,9,03000,1,99,9,99,9",,,,"9,9,999,9,-009,1",,"SYN05842170 32996 20000 10252 20124 40066 82030 333 59009 82360=",
"42170099999","2025-04-09T03:00:00","4","28.25","74.9166666","291.0","CHURU, IN","FM-12","99999","V020","270,1,N,0010,1","99999,9,9,N","004000,1,9,9","+0314,1","+0111,1","10079,1",,,,,,,,,,,,"240,M,+0442,1","240,N,+0251,1",,"9,9,999,9,-017,1",,"SYN06842170 32996 02702 10314 20111 40079 333 10442 20251 59017 555 10028=",
"42170099999","2025-04-09T06:00:00","4","28.25","74.9166666","291.0","CHURU, IN","FM-12","99999","V020","270,1,N,0026,1","22000,1,9,N","004000,1,9,9","+0396,1","+0103,1","10070,1",,,,,,"02,1,+06000,1,00,1",,,,"9,AGL   ,+99999,+99999","02,99,1,02,1,99,9,06000,1,99,9,99,9",,,,"9,9,999,9,-020,1",,"SYN05842170 32996 22705 10396 20103 40070 80001 333 59020 82070=",
"42170099999","2025-04-09T09:00:00","4","28.25","74.9166666","291.0","CHURU, IN","FM-12","99999","V020","270,1,N,0015,1","22000,1,9,N","004000,1,9,9","+0430,1","+0093,1","10036,1",,,,,,"02,1,+03000,1,03,1",,,,"9,AGL   ,+99999,+99999","02,99,1,02,1,99,9,03000,1,99,9,99,9",,,,"9,9,999,9,-023,1",,"SYN05842170 32996 22703 10430 20093 40036 82030 333 59023 82360=",
"42170099999","2025-04-09T12:00:00","4","28.25","74.9166666","291.0","CHURU, IN","FM-12","99999","V020","320,1,N,0015,1","22000,1,9,N","004000,1,9,9","+0414,1","+0091,1","10011,1",,,,,,"04,1,+03000,1,03,1",,,,"9,AGL   ,+99999,+99999","04,99,1,04,1,99,9,03000,1,99,9,99,9","240,M,+0435,1",,,"9,9,999,9,-034,1",,"SYN06442170 32996 43203 10414 20091 40011 84030 333 10435 59034 84360=",
"42170099999","2025-04-09T15:00:00","4","28.25","74.9166666","291.0","CHURU, IN","FM-12","99999","V020","230,1,N,0026,1","03000,1,C,N","002000,1,9,9","+0340,1","+0102,1","10058,1",,"9,1,02,1","2,1,02,1",,,"02,1,+00600,1,06,1","02,1,+00900,1,09,1","04,1,+03000,1,04,1",,"9,AGL   ,+99999,+99999","08,99,1,02,1,99,9,00600,1,99,9,99,9",,,,,"17,1","SYN08242170 31595 82305 10340 20102 40058 71792 8497/ 333 57951 59004 82620 82930 84460=",
"42170099999","2025-04-09T18:00:00","4","28.25","74.9166666","291.0","CHURU, IN","FM-12","99999","V020","180,1,N,0021,1","03000,1,C,9","002000,1,9,9","+0312,1","+0108,1","10068,1",,"9,1,99,9","6,1,99,9",,,"02,1,+00600,1,06,1","01,1,+00900,1,09,1","05,1,+03000,1,04,1","99,9,+99999,9,09,1","9,AGL   ,+99999,+99999","08,99,1,02,1,99,9,00600,1,99,9,99,9",,,,"9,9,999,9,-003,1","17,1","SYN004BUFR",
"42170099999","2025-04-09T21:00:00","4","28.25","74.9166666","291.0","CHURU, IN","FM-12","99999","V020","180,1,N,0005,1","22000,1,9,N","004000,1,9,9","+0284,1","+0145,1","10039,1","18,0002,3,1","9,1,02,1","1,1,02,1",,,"01,1,+00600,1,06,1","03,1,+03000,1,03,1",,,"9,AGL   ,+99999,+99999","04,99,1,01,1,99,9,00600,1,99,9,99,9",,,,"9,9,999,9,-026,1","01,1","SYN07642170 21596 41801 10284 20145 40039 70191 81530 333 59026 6992/ 81620 83360=",
"42170099999","2025-04-10T00:00:00","4","28.25","74.9166666","291.0","CHURU, IN","FM-12","99999","V020","180,1,N,0005,1","03000,1,C,N","004000,1,9,9","+0262,1","+0149,1","10039,1","21,0002,3,1","9,1,02,1","1,1,02,1",,,"03,1,+00750,1,06,1","03,1,+03000,1,04,1",,,"9,AGL   ,+99999,+99999","06,99,1,03,1,99,9,00750,1,99,9,99,9",,,,"9,9,999,9,-025,1","02,1","SYN07642170 21596 61801 10262 20149 40039 70291 83570 333 59025 6992/ 83625 83460=",
"42170099999","2025-04-10T03:00:00","4","28.25","74.9166666","291.0","CHURU, IN","FM-12","99999","V020","230,1,N,0005,1","02400,1,9,N","004000,1,9,9","+0294,1","+0129,1","10046,1","24,0002,3,1",,,,,"03,1,+01200,1,06,1","06,1,+02400,1,04,1",,,"9,AGL   ,+99999,+99999","06,99,1,03,1,99,9,01200,1,99,9,99,9","240,M,+0435,1","240,N,+0254,1",,"9,9,999,9,-034,1",,"SYN09842170 22696 62301 10294 20129 40046 83520 333 10435 20254 59034 6992/ 83640 86458 555 00002 10029=",
"42170099999","2025-04-10T06:00:00","4","28.25","74.9166666","291.0","CHURU, IN","FM-12","99999","V020","230,1,N,0015,1","22000,1,9,N","004000,1,9,9","+0388,1","+0105,1","10030,1",,,,,,"03,1,+03000,1,03,1",,,,"9,AGL   ,+99999,+99999","03,99,1,03,1,99,9,03000,1,99,9,99,9",,,,"9,9,999,9,-039,1",,"SYN05842170 32996 32303 10388 20105 40030 83030 333 59039 83360=",
"42170099999","2025-04-10T09:00:00","4","28.25","74.9166666","291.0","CHURU, IN","FM-12","99999","V020","230,1,N,0010,1","22000,1,9,N","004000,1,9,9","+0422,1","+0107,1","09995,1",,,,,,"02,1,+00900,1,08,1",,,,"9,AGL   ,+99999,+99999","02,99,1,02,1,99,9,00900,1,99,9,99,9",,,,"9,9,999,9,-040,1",,"SYN05842170 32596 22302 10422 20107 49995 82100 333 59040 82830=",
"42170099999","2025-04-10T12:00:00","4","28.25","74.9166666","291.0","CHURU, IN","FM-12","99999","V020","180,1,N,0010,1","03000,1,C,N","004000,1,9,9","+0390,1","+0085,1","09970,1",,,,,,"03,1,+00900,1,06,1","05,1,+03000,1,04,1",,,"9,AGL   ,+99999,+99999","05,99,1,03,1,99,9,00900,1,99,9,99,9",,,,"9,9,999,9,-042,1",,"SYN07042170 32596 51802 10390 20085 49970 83510 333 10428 59042 83630 85460=",
"42170099999","2025-04-10T15:00:00","4","28.25","74.9166666","291.0","CHURU, IN","FM-12","99999","V020","999,9,C,0000,1","99999,9,9,N","004000,1,9,9","+0320,1","+0125,1","09988,1",,,,,,,,,,,,,,,"9,9,999,9,-070,1",,"SYN04642170 32996 00000 10320 20125 49988 333 59070=",
"42170099999","2025-04-10T18:00:00","4","28.25","74.9166666","291.0","CHURU, IN","FM-12","99999","V020","140,1,N,0010,1","99999,9,9,N","004000,1,9,9","+0294,1","+0105,1","10000,1",,,,,,,,,,,,,,,"9,9,999,9,-069,1",,"SYN04642170 32996 01402 10294 20105 40000 333 59069=",
"42170099999","2025-04-10T21:00:00","4","28.25","74.9166666","291.0","CHURU, IN","FM-12","99999","V020","999,9,C,0000,1","99999,9,9,N","004000,1,9,9","+0280,1","+0113,1","09986,1",,,,,,,,,,,,,,,"9,9,999,9,-052,1",,"SYN04642170 32996 00000 10280 20113 49986 333 59052=",
"42170099999","2025-04-11T00:00:00","4","28.25","74.9166666","291.0","CHURU, IN","FM-12","99999","V020","999,9,C,0000,1","99999,9,9,N","004000,1,9,9","+0256,1","+0102,1","09998,1",,,,,,,,,,,,,,,"9,9,999,9,-041,1",,"SYN04642170 32996 00000 10256 20102 49998 333 59041=",
"42170099999","2025-04-11T03:00:00","4","28.25","74.9166666","291.0","CHURU, IN","FM-12","99999","V020","140,1,N,0026,1","99999,9,9,N","004000,1,9,9","+0302,1","+0107,1","10006,1",,,,,,,,,,,,"240,M,+0428,1","240,N,+0244,1",,"9,9,999,9,-037,1",,"SYN05842170 32996 01405 10302 20107 40006 333 10428 20244 59037=",
"42170099999","2025-04-11T06:00:00","4","28.25","74.9166666","291.0","CHURU, IN","FM-12","99999","V020","230,1,N,0021,1","22000,1,9,N","004000,1,9,9","+0376,1","+0088,1","09998,1",,,,,,"02,1,+03000,1,04,1",,,,"9,AGL   ,+99999,+99999","02,99,1,02,1,99,9,03000,1,99,9,99,9",,,,"9,9,999,9,-032,1",,"SYN05842170 32996 22304 10376 20088 49998 82010 333 59032 82460=",
"42170099999","2025-04-11T09:00:00","4","28.25","74.9166666","291.0","CHURU, IN","FM-12","99999","V020","230,1,N,0015,1","22000,1,9,N","004000,1,9,9","+0412,1","+0122,1","09970,1",,,,,,"04,1,+00750,1,06,1",,,,"9,AGL   ,+99999,+99999","04,99,1,04,1,99,9,00750,1,99,9,99,9",,,,"9,9,999,9,-025,1",,"SYN05842170 32596 42303 10412 20122 49970 84500 333 59025 84625=",
"42170099999","2025-04-11T12:00:00","4","28.25","74.9166666","291.0","CHURU, IN","FM-12","99999","V020","230,1,N,0015,1","03000,1,C,N","004000,1,9,9","+0314,1","+0101,1","09995,1","09,0000,9,1","9,1,02,1","6,1,02,1",,,"02,1,+00750,1,06,1","01,1,+00900,1,09,1","05,1,+03000,1,04,1",,"9,AGL   ,+99999,+99999","08,99,1,02,1,99,9,00750,1,99,9,99,9","240,M,+0416,1",,,,"02,1","SYN09442170 21596 82303 10314 20101 49995 70296 8397/ 333 10416 57942 58017 6990/ 82625 81930 85460=","Q01  00002PRCP09"
"42170099999","2025-04-11T15:00:00","4","28.25","74.9166666","291.0","CHURU, IN","FM-12","99999","V020","050,1,N,0026,1","03000,1,9,N","004000,1,9,9","+0266,1","+0116,1","10029,1","12,0000,9,1","2,1,02,1","2,1,02,1",,,"02,1,+01050,1,06,1","01,1,+00900,1,09,1","07,1,+03000,1,04,1",,"9,AGL   ,+99999,+99999","07,99,1,02,1,99,9,01050,1,99,9,99,9",,,,"9,9,999,9,+035,1","29,1","SYN08242170 21596 70505 10266 20116 40029 72922 83940 333 58035 6990/ 82635 81930 87460=","Q01  00002PRCP12"
"42170099999","2025-04-11T18:00:00","4","28.25","74.9166666","291.0","CHURU, IN","FM-12","99999","V020","140,1,N,0015,1","99999,9,C,N","004000,1,9,9","+0234,1","+0143,1","10045,1","15,0000,9,1","9,1,02,1","2,1,02,1",,,"02,1,+01200,1,06,1","04,1,+03000,1,04,1",,,"9,AGL   ,+99999,+99999","04,99,1,02,1,99,9,01200,1,99,9,99,9",,,,"9,9,999,9,+038,1","01,1","SYN07642170 21696 41403 10234 20143 40045 70192 82540 333 58038 6990/ 82640 84460=","Q01  00002PRCP15Q02 030003SCOCIG"
"42170099999","2025-04-11T21:00:00","4","28.25","74.9166666","291.0","CHURU, IN","FM-12","99999","V020","140,1,N,0005,1","22000,1,9,N","004000,1,9,9","+0214,1","+0142,1","10028,1","18,0000,9,1",,,,,"03,1,+01200,1,06,1",,,,"9,AGL   ,+99999,+99999","03,99,1,03,1,99,9,01200,1,99,9,99,9",,,,"9,9,999,9,+034,1",,"SYN06442170 22696 31401 10214 20142 40028 83500 333 58034 6990/ 83640=","Q01  00002PRCP18"
"42170099999","2025-04-12T00:00:00","4","28.25","74.9166666","291.0","CHURU, IN","FM-12","99999","V020","050,1,N,0010,1","22000,1,9,N","004000,1,9,9","+0212,1","+0140,1","10044,1","21,0000,9,1",,,,,"02,1,+01200,1,06,1",,,,"9,AGL   ,+99999,+99999","02,99,1,02,1,99,9,01200,1,99,9,99,9",,,,"9,9,999,9,+040,1",,"SYN06442170 22696 20502 10212 20140 40044 82500 333 58040 6990/ 82640=","Q01  00002PRCP21"
"42170099999","2025-04-12T03:00:00","4","28.25","74.9166666","291.0","CHURU, IN","FM-12","99999","V020","180,1,N,0010,1","22000,1,9,N","004000,1,9,9","+0252,1","+0137,1","10068,1","24,0000,9,1",,,,,"01,1,+06000,1,00,1",,,,"9,AGL   ,+99999,+99999","01,99,1,01,1,99,9,06000,1,99,9,99,9","240,M,+0416,1","240,N,+0197,1",,"9,9,999,9,+054,1",,"SYN08642170 22996 11802 10252 20137 40068 80001 333 10416 20197 58054 6990/ 81070 555 10028=","Q01  00002PRCP24"
"42170099999","2025-04-12T06:00:00","4","28.25","74.9166666","291.0","CHURU, IN","FM-12","99999","V020","090,1,N,0010,1","99999,9,9,N","004000,1,9,9","+0332,1","+0129,1","10065,1",,,,,,,,,,,,,,,"9,9,999,9,+061,1",,"SYN04642170 32996 00902 10332 20129 40065 333 58061=",
"42170099999","2025-04-12T09:00:00","4","28.25","74.9166666","291.0","CHURU, IN","FM-12","99999","V020","050,1,N,0005,1","99999,9,9,N","004000,1,9,9","+0356,1","+0157,1","10039,1",,,,,,,,,,,,,,,"9,9,999,9,+060,1",,"SYN04642170 32996 00501 10356 20157 40039 333 58060=",
"42170099999","2025-04-12T12:00:00","4","28.25","74.9166666","291.0","CHURU, IN","FM-12","99999","V020","320,1,N,0005,1","22000,1,9,N","004000,1,9,9","+0360,1","+0154,1","10023,1",,,,,,"01,1,+00900,1,08,1",,,,"9,AGL   ,+99999,+99999","01,99,1,01,1,99,9,00900,1,99,9,99,9","240,M,+0375,1",,,"9,9,999,9,+031,1",,"SYN05842170 32596 13201 10360 20154 40023 333 10375 58031 81830=",
"42170099999","2025-04-12T15:00:00","4","28.25","74.9166666","291.0","CHURU, IN","FM-12","99999","V020","090,1,N,0010,1","99999,9,9,N","004000,1,9,9","+0314,1","+0144,1","10046,1",,,,,,,,,,,,,,,"9,9,999,9,+021,1",,"SYN04642170 32996 00902 10314 20144 40046 333 58021=",
"42170099999","2025-04-12T18:00:00","4","28.25","74.9166666","291.0","CHURU, IN","FM-12","99999","V020","050,1,N,0010,1","99999,9,9,N","004000,1,9,9","+0284,1","+0137,1","10061,1",,,,,,,,,,,,,,,"9,9,999,9,+020,1",,"SYN04642170 32996 00502 10284 20137 40061 333 58020=",
"42170099999","2025-04-12T21:00:00","4","28.25","74.9166666","291.0","CHURU, IN","FM-12","99999","V020","999,9,C,0000,1","99999,9,9,N","004000,1,9,9","+0258,1","+0128,1","10046,1",,,,,,,,,,,,,,,"9,9,999,9,+022,1",,"SYN04642170 32996 00000 10258 20128 40046 333 58022=",
"42170099999","2025-04-13T00:00:00","4","28.25","74.9166666","291.0","CHURU, IN","FM-12","99999","V020","140,1,N,0010,1","99999,9,9,N","004000,1,9,9","+0234,1","+0139,1","10066,1",,,,,,,,,,,,,,,"9,9,999,9,+024,1",,"SYN04642170 32996 01402 10234 20139 40066 333 58024=",
"42170099999","2025-04-13T03:00:00","4","28.25","74.9166666","291.0","CHURU, IN","FM-12","99999","V020","090,1,N,0005,1","99999,9,9,N","004000,1,9,9","+0282,1","+0147,1","10084,1",,,,,,,,,,,,"240,M,+0375,1","240,N,+0226,1",,"9,9,999,9,+019,1",,"SYN06842170 32996 00901 10282 20147 40084 333 10375 20226 58019 555 10028=",
"42170099999","2025-04-13T06:00:00","4","28.25","74.9166666","291.0","CHURU, IN","FM-12","99999","V020","050,1,N,0005,1","99999,9,9,N","004000,1,9,9","+0356,1","+0114,1","10078,1",,,,,,,,,,,,,,,"9,9,999,9,+014,1",,"SYN04642170 32996 00501 10356 20114 40078 333 58014=",
"42170099999","2025-04-13T09:00:00","4","28.25","74.9166666","291.0","CHURU, IN","FM-12","99999","V020","360,1,N,0005,1","99999,9,9,N","004000,1,9,9","+0392,1","+0107,1","10054,1",,,,,,,,,,,,,,,"9,9,999,9,+019,1",,"SYN04642170 32996 03601 10392 20107 40054 333 58019=",
"42170099999","2025-04-13T12:00:00","4","28.25","74.9166666","291.0","CHURU, IN","FM-12","99999","V020","320,1,N,0010,1","99999,9,9,N","004000,1,9,9","+0378,1","+0104,1","10039,1",,,,,,,,,,,,"240,M,+0395,1",,,"9,9,999,9,+010,1",,"SYN05242170 32996 03202 10378 20104 40039 333 10395 58010=",
"42170099999","2025-04-13T15:00:00","4","28.25","74.9166666","291.0","CHURU, IN","FM-12","99999","V020","050,1,N,0010,1","99999,9,9,N","004000,1,9,9","+0324,1","+0122,1","10057,1",,,,,,,,,,,,,,,"9,9,999,9,+012,1",,"SYN04642170 32996 00502 10324 20122 40057 333 58012=",
"42170099999","2025-04-13T18:00:00","4","28.25","74.9166666","291.0","CHURU, IN","FM-12","99999","V020","050,1,N,0005,1","99999,9,9,N","004000,1,9,9","+0288,1","+0129,1","10067,1",,,,,,,,,,,,,,,"9,9,999,9,+006,1",,"SYN04642170 32996 00501 10288 20129 40067 333 58006=",
"42170099999","2025-04-13T21:00:00","4","28.25","74.9166666","291.0","CHURU, IN","FM-12","99999","V020","999,9,C,0000,1","99999,9,9,N","004000,1,9,9","+0254,1","+0135,1","10064,1",,,,,,,,,,,,,,,"9,9,999,9,+017,1",,"SYN04642170 32996 00000 10254 20135 40064 333 58017=",
"42170099999","2025-04-14T00:00:00","4","28.25","74.9166666","291.0","CHURU, IN","FM-12","99999","V020","999,9,C,0000,1","99999,9,9,N","004000,1,9,9","+0232,1","+0132,1","10068,1",,,,,,,,,,,,,,,"9,9,999,9,+002,1",,"SYN04642170 32996 00000 10232 20132 40068 333 58002=",
"42170099999","2025-04-14T03:00:00","4","28.25","74.9166666","291.0","CHURU, IN","FM-12","99999","V020","180,1,N,0005,1","99999,9,9,N","004000,1,9,9","+0300,1","+0142,1","10077,1",,,,,,,,,,,,"240,M,+0395,1","240,N,+0229,1",,"9,9,999,9,-006,1",,"SYN06842170 32996 01801 10300 20142 40077 333 10395 20229 59006 555 10029=",
"42170099999","2025-04-14T06:00:00","4","28.25","74.9166666","291.0","CHURU, IN","FM-12","99999","V020","050,1,N,0010,1","99999,9,9,N","004000,1,9,9","+0384,1","+0120,1","10067,1",,,,,,,,,,,,,,,"9,9,999,9,-008,1",,"SYN04642170 32996 00502 10384 20120 40067 333 59008=",
"42170099999","2025-04-14T09:00:00","4","28.25","74.9166666","291.0","CHURU, IN","FM-12","99999","V020","090,1,N,0010,1","99999,9,9,N","004000,1,9,9","+0402,1","+0120,1","10042,1",,,,,,,,,,,,,,,"9,9,999,9,-011,1",,"SYN04642170 32996 00902 10402 20120 40042 333 59011=",
"42170099999","2025-04-14T12:00:00","4","28.25","74.9166666","291.0","CHURU, IN","FM-12","99999","V020","050,1,N,0010,1","22000,1,9,9","004000,1,9,9","+0395,1","+0099,1","10028,1","99,9999,9,9",,,"0,1,99,9","0,1,99,9",,,,,,"00,99,1,99,9,99,9,99999,9,99,9,99,9",,,,"9,9,999,9,-009,1",,"SYN004BUFR",
"42170099999","2025-04-14T15:00:00","4","28.25","74.9166666","291.0","CHURU, IN","FM-12","99999","V020","050,1,N,0005,1","99999,9,9,N","004000,1,9,9","+0344,1","+0119,1","10050,1",,,,,,,,,,,,,,,"9,9,999,9,-005,1",,"SYN04642170 32996 00501 10344 20119 40050 333 59005=",
"42170099999","2025-04-14T18:00:00","4","28.25","74.9166666","291.0","CHURU, IN","FM-12","99999","V020","050,1,N,0005,1","99999,9,9,N","004000,1,9,9","+0306,1","+0132,1","10062,1",,,,,,,,,,,,,,,"9,9,999,9,-002,1",,"SYN04642170 32996 00501 10306 20132 40062 333 59002=",
"42170099999","2025-04-14T21:00:00","4","28.25","74.9166666","291.0","CHURU, IN","FM-12","99999","V020","050,1,N,0005,1","99999,9,9,N","004000,1,9,9","+0276,1","+0130,1","10057,1",,,,,,,,,,,,,,,"9,9,999,9,-005,1",,"SYN04642170 32996 00501 10276 20130 40057 333 59005=",
"42170099999","2025-04-15T00:00:00","4","28.25","74.9166666","291.0","CHURU, IN","FM-12","99999","V020","140,1,N,0010,1","99999,9,9,N","004000,1,9,9","+0254,1","+0139,1","10071,1",,,,,,,,,,,,,,,"9,9,999,9,+005,1",,"SYN04642170 32996 01402 10254 20139 40071 333 58005=",
"42170099999","2025-04-15T03:00:00","4","28.25","74.9166666","291.0","CHURU, IN","FM-12","99999","V020","050,1,N,0021,1","99999,9,9,N","004000,1,9,9","+0310,1","+0134,1","10081,1",,,,,,,,,,,,"240,M,+0414,1","240,N,+0250,1",,"9,9,999,9,+005,1",,"SYN06842170 32996 00504 10310 20134 40081 333 10414 20250 58005 555 10028=",
"42170099999","2025-04-15T06:00:00","4","28.25","74.9166666","291.0","CHURU, IN","FM-12","99999","V020","140,1,N,0021,1","99999,9,9,N","004000,1,9,9","+0390,1","+0130,1","10074,1",,,,,,,,,,,,,,,"9,9,999,9,+009,1",,"SYN04642170 32996 01404 10390 20130 40074 333 58009=",
"42170099999","2025-04-15T09:00:00","4","28.25","74.9166666","291.0","CHURU, IN","FM-12","99999","V020","180,1,N,0010,1","22000,1,9,N","004000,1,9,9","+0404,1","+0144,1","10045,1",,,,,,"03,1,+00750,1,06,1",,,,"9,AGL   ,+99999,+99999","03,99,1,03,1,99,9,00750,1,99,9,99,9",,,,"9,9,999,9,+003,1",,"SYN05842170 32596 31802 10404 20144 40045 83500 333 58003 83625=",
"42170099999","2025-04-15T12:00:00","4","28.25","74.9166666","291.0","CHURU, IN","FM-12","99999","V020","180,1,N,0010,1","22000,1,9,N","004000,1,9,9","+0404,1","+0129,1","10030,1",,,,,,"03,1,+00750,1,08,1",,,,"9,AGL   ,+99999,+99999","03,99,1,03,1,99,9,00750,1,99,9,99,9",,,,"9,9,999,9,+003,1",,"SYN06442170 32596 31802 10404 20129 40030 83800 333 10414 58003 83825=",
"42170099999","2025-04-15T15:00:00","4","28.25","74.9166666","291.0","CHURU, IN","FM-12","99999","V020","090,1,N,0010,1","99999,9,9,N","004000,1,9,9","+0350,1","+0152,1","10044,1",,,,,,,,,,,,,,,"9,9,999,9,-006,1",,"SYN04642170 32996 00902 10350 20152 40044 333 59006=",
"42170099999","2025-04-15T18:00:00","4","28.25","74.9166666","291.0","CHURU, IN","FM-12","99999","V020","090,1,N,0010,1","22000,1,9,9","004000,1,9,9","+0316,1","+0151,1","10057,1","99,9999,9,9",,,"0,1,99,9","0,1,99,9",,,,,,"00,99,1,99,9,99,9,99999,9,99,9,99,9",,,,"9,9,999,9,-004,1",,"SYN004BUFR",
"42170099999","2025-04-15T21:00:00","4","28.25","74.9166666","291.0","CHURU, IN","FM-12","99999","V020","090,1,N,0005,1","99999,9,9,N","004000,1,9,9","+0292,1","+0152,1","10049,1",,,,,,,,,,,,,,,"9,9,999,9,-005,1",,"SYN04642170 32996 00901 10292 20152 40049 333 59005=",
"42170099999","2025-04-16T00:00:00","4","28.25","74.9166666","291.0","CHURU, IN","FM-12","99999","V020","140,1,N,0010,1","99999,9,9,N","004000,1,9,9","+0266,1","+0147,1","10060,1",,,,,,,,,,,,,,,"9,9,999,9,-010,1",,"SYN04642170 32996 01402 10266 20147 40060 333 59010=",
"42170099999","2025-04-16T03:00:00","4","28.25","74.9166666","291.0","CHURU, IN","FM-12","99999","V020","180,1,N,0005,1","99999,9,9,N","004000,1,9,9","+0322,1","+0147,1","10067,1",,,,,,,,,,,,"240,M,+0414,1","240,N,+0259,1",,"9,9,999,9,-011,1",,"SYN06842170 32996 01801 10322 20147 40067 333 10414 20259 59011 555 10029=",
"42170099999","2025-04-16T06:00:00","4","28.25","74.9166666","291.0","CHURU, IN","FM-12","99999","V020","180,1,N,0021,1","22000,1,9,N","004000,1,9,9","+0394,1","+0137,1","10059,1",,,,,,"03,1,+06000,1,01,1",,,,"9,AGL   ,+99999,+99999","03,99,1,03,1,99,9,06000,1,99,9,99,9",,,,"9,9,999,9,-015,1",,"SYN05842170 32996 31804 10394 20137 40059 80002 333 59015 83170=",
"42170099999","2025-04-16T09:00:00","4","28.25","74.9166666","291.0","CHURU, IN","FM-12","99999","V020","180,1,N,0010,1","22000,1,9,N","004000,1,9,9","+0412,1","+0138,1","10034,1",,,,,,"02,1,+03000,1,03,1",,,,"9,AGL   ,+99999,+99999","02,99,1,02,1,99,9,03000,1,99,9,99,9",,,,"9,9,999,9,-009,1",,"SYN05842170 32996 21802 10412 20138 40034 82030 333 59009 82360=",
"42170099999","2025-04-16T12:00:00","4","28.25","74.9166666","291.0","CHURU, IN","FM-12","99999","V020","160,1,N,0010,1","22000,1,9,N","004000,1,9,9","+0414,1","+0151,1","10009,1",,,,,,"02,1,+03000,1,03,1",,,,"9,AGL   ,+99999,+99999","02,99,1,02,1,99,9,03000,1,99,9,99,9","240,M,+0426,1",,,"9,9,999,9,-020,1",,"SYN06442170 32996 21602 10414 20151 40009 82030 333 10426 59020 82360=",
"42170099999","2025-04-16T15:00:00","4","28.25","74.9166666","291.0","CHURU, IN","FM-12","99999","V020","180,1,N,0005,1","99999,9,9,N","004000,1,9,9","+0350,1","+0161,1","10024,1",,,,,,,,,,,,,,,"9,9,999,9,-019,1",,"SYN04642170 32996 01801 10350 20161 40024 333 59019=",
"42170099999","2025-04-16T18:00:00","4","28.25","74.9166666","291.0","CHURU, IN","FM-12","99999","V020","999,9,C,0000,1","99999,9,9,N","004000,1,9,9","+0310,1","+0155,1","10034,1",,,,,,,,,,,,,,,"9,9,999,9,-024,1",,"SYN04642170 32996 00000 10310 20155 40034 333 59024=",
"42170099999","2025-04-16T21:00:00","4","28.25","74.9166666","291.0","CHURU, IN","FM-12","99999","V020","999,9,C,0000,1","99999,9,9,N","004000,1,9,9","+0288,1","+0155,1","10030,1",,,,,,,,,,,,,,,"9,9,999,9,-019,1",,"SYN04642170 32996 00000 10288 20155 40030 333 59019=",
"42170099999","2025-04-17T00:00:00","4","28.25","74.9166666","291.0","CHURU, IN","FM-12","99999","V020","050,1,N,0010,1","03000,1,C,N","004000,1,9,9","+0304,1","+0147,1","10039,1",,"9,1,02,1","1,1,02,1",,,"03,1,+01050,1,06,1","05,1,+03000,1,03,1",,,"9,AGL   ,+99999,+99999","05,99,1,03,1,99,9,01050,1,99,9,99,9",,,,"9,9,999,9,-016,1","03,1","SYN07042170 31696 50502 10304 20147 40039 70391 83530 333 59016 83635 85360=",
"42170099999","2025-04-17T03:00:00","4","28.25","74.9166666","291.0","CHURU, IN","FM-12","99999","V020","050,1,N,0015,1","22000,1,9,N","004000,1,9,9","+0304,1","+0156,1","10053,1",,,,,,"03,1,+06000,1,00,1",,,,"9,AGL   ,+99999,+99999","03,99,1,03,1,99,9,06000,1,99,9,99,9","240,M,+0426,1","240,N,+0264,1",,"9,9,999,9,-016,1",,"SYN08042170 32996 30503 10304 20156 40053 80001 333 10426 20264 59016 83070 555 10029=",
"42170099999","2025-04-17T06:00:00","4","28.25","74.9166666","291.0","CHURU, IN","FM-12","99999","V020","230,1,N,0010,1","22000,1,9,N","004000,1,9,9","+0402,1","+0120,1","10029,1",,,,,,"04,1,+06000,1,00,1",,,,"9,AGL   ,+99999,+99999","04,99,1,04,1,99,9,06000,1,99,9,99,9",,,,"9,9,999,9,-028,1",,"SYN05842170 32996 42302 10402 20120 40029 80001 333 59028 84070=",
"42170099999","2025-04-17T09:00:00","4","28.25","74.9166666","291.0","CHURU, IN","FM-12","99999","V020","320,1,N,0010,1","99999,9,9,N","004000,1,9,9","+0440,1","+0096,1","10001,1",,,,,,,,,,,,,,,"9,9,999,9,-032,1",,"SYN04642170 32996 03202 10440 20096 40001 333 59032=",
"42170099999","2025-04-17T12:00:00","4","28.25","74.9166666","291.0","CHURU, IN","FM-12","99999","V020","320,1,N,0015,1","99999,9,9,N","004000,1,9,9","+0422,1","+0083,1","09983,1",,,,,,,,,,,,"240,M,+0442,1",,,"9,9,999,9,-024,1",,"SYN05242170 32996 03203 10422 20083 49983 333 10442 59024=",
"42170099999","2025-04-17T15:00:00","4","28.25","74.9166666","291.0","CHURU, IN","FM-12","99999","V020","360,1,N,0010,1","99999,9,9,N","004000,1,9,9","+0370,1","+0122,1","10001,1",,,,,,,,,,,,,,,"9,9,999,9,-020,1",,"SYN04642170 32996 03602 10370 20122 40001 333 59020=",
"42170099999","2025-04-17T18:00:00","4","28.25","74.9166666","291.0","CHURU, IN","FM-12","99999","V020","180,1,N,0005,1","99999,9,9,N","004000,1,9,9","+0318,1","+0150,1","10026,1",,,,,,,,,,,,,,,"9,9,999,9,-006,1",,"SYN04642170 32996 01801 10318 20150 40026 333 59006=",
"42170099999","2025-04-17T21:00:00","4","28.25","74.9166666","291.0","CHURU, IN","FM-12","99999","V020","999,9,C,0000,1","99999,9,9,N","004000,1,9,9","+0294,1","+0138,1","10007,1",,,,,,,,,,,,,,,"9,9,999,9,-022,1",,"SYN04642170 32996 00000 10294 20138 40007 333 59022=",
"42170099999","2025-04-18T00:00:00","4","28.25","74.9166666","291.0","CHURU, IN","FM-12","99999","V020","999,9,C,0000,1","99999,9,9,N","004000,1,9,9","+0268,1","+0128,1","10020,1",,,,,,,,,,,,,,,"9,9,999,9,-022,1",,"SYN04642170 32996 00000 10268 20128 40020 333 59022=",
"42170099999","2025-04-18T03:00:00","4","28.25","74.9166666","291.0","CHURU, IN","FM-12","99999","V020","140,1,N,0010,1","99999,9,9,N","004000,1,9,9","+0334,1","+0128,1","10033,1",,,,,,,,,,,,"240,M,+0442,1","240,N,+0262,1",,"9,9,999,9,-017,1",,"SYN06842170 32996 01402 10334 20128 40033 333 10442 20262 59017 555 10029=",
"42170099999","2025-04-18T06:00:00","4","28.25","74.9166666","291.0","CHURU, IN","FM-12","99999","V020","180,1,N,0010,1","99999,9,9,N","004000,1,9,9","+0414,1","+0126,1","10019,1",,,,,,,,,,,,,,,"9,9,999,9,-009,1",,"SYN04642170 32996 01802 10414 20126 40019 333 59009=",
"42170099999","2025-04-18T09:00:00","4","28.25","74.9166666","291.0","CHURU, IN","FM-12","99999","V020","320,1,N,0015,1","99999,9,9,N","004000,1,9,9","+0448,1","+0074,1","09984,1",,,,,,,,,,,,,,,"9,9,999,9,-015,1",,"SYN04642170 32996 03203 10448 20074 49984 333 59015=",
"42170099999","2025-04-18T12:00:00","4","28.25","74.9166666","291.0","CHURU, IN","FM-12","99999","V020","230,1,N,0026,1","22000,1,9,N","004000,1,9,9","+0434,1","+0029,1","09966,1",,,,,,"02,1,+03000,1,03,1",,,,"9,AGL   ,+99999,+99999","02,99,1,02,1,99,9,03000,1,99,9,99,9",,,,"9,9,999,9,-016,1",,"SYN06442170 32996 22305 10434 20029 49966 82030 333 10454 59016 82360=",
"42170099999","2025-04-18T15:00:00","4","28.25","74.9166666","291.0","CHURU, IN","FM-12","99999","V020","999,9,C,0000,1","99999,9,9,N","002000,1,9,9","+0378,1","+0130,1","09983,1",,"0,1,02,1","0,1,02,1",,,,,,,,,,,,"9,9,999,9,-017,1","05,1","SYN05242170 31995 00000 10378 20130 49983 70500 333 59017=",
"42170099999","2025-04-18T18:00:00","4","28.25","74.9166666","291.0","CHURU, IN","FM-12","99999","V020","999,9,C,0000,1","99999,9,9,N","002000,1,9,9","+0354,1","+0115,1","10006,1",,"0,1,02,1","0,1,02,1",,,,,,,,,,,,"9,9,999,9,-016,1","05,1","SYN05242170 31995 00000 10354 20115 40006 70500 333 59016=",
"42170099999","2025-04-18T21:00:00","4","28.25","74.9166666","291.0","CHURU, IN","FM-12","99999","V020","140,1,N,0005,1","99999,9,9,N","002000,1,9,9","+0294,1","+0174,1","10010,1",,"0,1,02,1","0,1,02,1",,,,,,,,,,,,"9,9,999,9,+003,1","05,1","SYN05242170 31995 01401 10294 20174 40010 70500 333 58003=",
"42170099999","2025-04-19T00:00:00","4","28.25","74.9166666","291.0","CHURU, IN","FM-12","99999","V020","140,1,N,0010,1","99999,9,9,N","004000,1,9,9","+0268,1","+0165,1","10017,1",,,,,,,,,,,,,,,"9,9,999,9,-003,1",,"SYN04642170 32996 01402 10268 20165 40017 333 59003=",
"42170099999","2025-04-19T03:00:00","4","28.25","74.9166666","291.0","CHURU, IN","FM-12","99999","V020","180,1,N,0015,1","99999,9,9,N","004000,1,9,9","+0324,1","+0073,1","10029,1",,,,,,,,,,,,"240,M,+0454,1","240,N,+0255,1",,"9,9,999,9,-005,1",,"SYN06842170 32996 01803 10324 20073 40029 333 10454 20255 59005 555 10029=",
"42170099999","2025-04-19T06:00:00","4","28.25","74.9166666","291.0","CHURU, IN","FM-12","99999","V020","180,1,N,0026,1","99999,9,9,N","004000,1,9,9","+0390,1","+0001,1","10017,1",,,,,,,,,,,,,,,"9,9,999,9,-005,1",,"SYN04642170 32996 01805 10390 20001 40017 333 59005=",
"42170099999","2025-04-19T09:00:00","4","28.25","74.9166666","291.0","CHURU, IN","FM-12","99999","V020","230,1,N,0015,1","99999,9,9,N","004000,1,9,9","+0414,1","+0016,1","09988,1",,,,,,,,,,,,,,,"9,9,999,9,+001,1",,"SYN04642170 32996 02303 10414 20016 49988 333 58001=",
"42170099999","2025-04-19T12:00:00","4","28.25","74.9166666","291.0","CHURU, IN","FM-12","99999","V020","230,1,N,0010,1","99999,9,9,N","004000,1,9,9","+0404,1","+0055,1","09972,1",,,,,,,,,,,,"240,M,+0422,1",,,"9,9,999,9,+004,1",,"SYN05242170 32996 02302 10404 20055 49972 333 10422 58004=",
"42170099999","2025-04-19T15:00:00","4","28.25","74.9166666","291.0","CHURU, IN","FM-12","99999","V020","230,1,N,0010,1","99999,9,9,N","004000,1,9,9","+0350,1","+0119,1","09992,1",,,,,,,,,,,,,,,"9,9,999,9,+006,1",,"SYN04642170 32996 02302 10350 20119 49992 333 58006=",
"42170099999","2025-04-19T18:00:00","4","28.25","74.9166666","291.0","CHURU, IN","FM-12","99999","V020","180,1,N,0010,1","99999,9,9,N","004000,1,9,9","+0326,1","+0152,1","10004,1",,,,,,,,,,,,,,,"9,9,999,9,-004,1",,"SYN04642170 32996 01802 10326 20152 40004 333 59004=",
"42170099999","2025-04-19T21:00:00","4","28.25","74.9166666","291.0","CHURU, IN","FM-12","99999","V020","180,1,N,0005,1","99999,9,9,N","004000,1,9,9","+0296,1","+0157,1","10007,1",,,,,,,,,,,,,,,"9,9,999,9,-003,1",,"SYN04642170 32996 01801 10296 20157 40007 333 59003=",
"42170099999","2025-04-20T00:00:00","4","28.25","74.9166666","291.0","CHURU, IN","FM-12","99999","V020","180,1,N,0010,1","99999,9,9,N","004000,1,9,9","+0284,1","+0128,1","10008,1",,,,,,,,,,,,,,,"9,9,999,9,-007,1",,"SYN04642170 32996 01802 10284 20128 40008 333 59007=",
"42170099999","2025-04-20T03:00:00","4","28.25","74.9166666","291.0","CHURU, IN","FM-12","99999","V020","230,1,N,0010,1","99999,9,9,N","004000,1,9,9","+0312,1","+0123,1","10030,1",,"0,1,02,1","0,1,02,1",,,,,,,,,"240,M,+0422,1","240,N,+0272,1",,"9,9,999,9,+000,1","05,1","SYN07442170 31996 02302 10312 20123 40030 70500 333 10422 20272 58000 555 10029=",
"42170099999","2025-04-20T06:00:00","4","28.25","74.9166666","291.0","CHURU, IN","FM-12","99999","V020","180,1,N,0010,1","99999,9,9,N","004000,1,9,9","+0394,1","-0006,2","10029,1",,"0,1,02,1","0,1,02,1",,,,,,,,,,,,"9,9,999,9,+013,1","05,1","SYN05242170 31996 01802 10394 21006 40029 70500 333 58013=",
"42170099999","2025-04-20T09:00:00","4","28.25","74.9166666","291.0","CHURU, IN","FM-12","99999","V020","230,1,N,0021,1","99999,9,9,N","002000,1,9,9","+0414,1","+0007,1","10008,1",,"0,1,02,1","0,1,02,1",,,,,,,,,,,,"9,9,999,9,+019,1","06,1","SYN05242170 31995 02304 10414 20007 40008 70600 333 58019=",
"42170099999","2025-04-20T12:00:00","4","28.25","74.9166666","291.0","CHURU, IN","FM-12","99999","V020","140,1,N,0010,1","99999,9,9,N","002000,1,9,9","+0396,1","+0097,1","09996,1",,"0,1,02,1","0,1,02,1",,,,,,,,,"240,M,+0422,1",,,"9,9,999,9,+022,1","06,1","SYN05842170 31995 01402 10396 20097 49996 70600 333 10422 58022=",
"42170099999","2025-04-20T15:00:00","4","28.25","74.9166666","291.0","CHURU, IN","FM-12","99999","V020","230,1,N,0010,1","22000,1,9,N","004000,1,9,9","+0354,1","+0125,1","10018,1",,,,,,"03,1,+03000,1,04,1",,,,"9,AGL   ,+99999,+99999","03,99,1,03,1,99,9,03000,1,99,9,99,9",,,,"9,9,999,9,+026,1",,"SYN05842170 32996 32302 10354 20125 40018 83010 333 58026 83460=",
"42170099999","2025-04-20T18:00:00","4","28.25","74.9166666","291.0","CHURU, IN","FM-12","99999","V020","230,1,N,0015,1","99999,9,9,N","004000,1,9,9","+0330,1","+0111,1","10040,1",,,,,,,,,,,,,,,"9,9,999,9,+034,1",,"SYN04642170 32996 02303 10330 20111 40040 333 58034=",
"42170099999","2025-04-20T21:00:00","4","28.25","74.9166666","291.0","CHURU, IN","FM-12","99999","V020","230,1,N,0005,1","99999,9,9,N","004000,1,9,9","+0288,1","+0120,1","10036,1",,,,,,,,,,,,,,,"9,9,999,9,+030,1",,"SYN04642170 32996 02301 10288 20120 40036 333 58030=",
"42170099999","2025-04-21T00:00:00","4","28.25","74.9166666","291.0","CHURU, IN","FM-12","99999","V020","230,1,N,0005,1","99999,9,9,N","004000,1,9,9","+0242,1","+0058,1","10056,1",,,,,,,,,,,,,,,"9,9,999,9,+043,1",,"SYN04642170 32996 02301 10242 20058 40056 333 58043=",
"42170099999","2025-04-21T03:00:00","4","28.25","74.9166666","291.0","CHURU, IN","FM-12","99999","V020","230,1,N,0005,1","99999,9,9,N","004000,1,9,9","+0286,1","-0001,1","10073,1",,,,,,,,,,,,"240,M,+0422,1","240,N,+0226,1",,"9,9,999,9,+039,1",,"SYN06842170 32996 02301 10286 21001 40073 333 10422 20226 58039 555 10029=",
"42170099999","2025-04-21T06:00:00","4","28.25","74.9166666","291.0","CHURU, IN","FM-12","99999","V020","320,1,N,0005,1","22000,1,9,N","004000,1,9,9","+0380,1","-0032,1","10068,1",,,,,,"02,1,+06000,1,00,1",,,,"9,AGL   ,+99999,+99999","02,99,1,02,1,99,9,06000,1,99,9,99,9",,,,"9,9,999,9,+035,1",,"SYN05842170 32996 23201 10380 21032 40068 80001 333 58035 82070=",
"42170099999","2025-04-21T09:00:00","4","28.25","74.9166666","291.0","CHURU, IN","FM-12","99999","V020","320,1,N,0015,1","22000,1,9,N","004000,1,9,9","+0402,1","-0047,1","10054,1",,,,,,"04,1,+03000,1,03,1",,,,"9,AGL   ,+99999,+99999","04,99,1,04,1,99,9,03000,1,99,9,99,9",,,,"9,9,999,9,+044,1",,"SYN05842170 32996 43203 10402 21047 40054 84030 333 58044 84360=",
"42170099999","2025-04-21T12:00:00","4","28.25","74.9166666","291.0","CHURU, IN","FM-12","99999","V020","270,1,N,0015,1","03000,1,C,N","004000,1,9,9","+0384,1","-0029,1","10048,1",,,,,,"05,1,+03000,1,03,1",,,,"9,AGL   ,+99999,+99999","05,99,1,05,1,99,9,03000,1,99,9,99,9",,,,"9,9,999,9,+049,1",,"SYN06442170 32996 52703 10384 21029 40048 85030 333 10404 58049 85360=",
"42170099999","2025-04-21T15:00:00","4","28.25","74.9166666","291.0","CHURU, IN","FM-12","99999","V020","999,9,C,0000,1","22000,1,9,N","004000,1,9,9","+0312,1","+0056,1","10072,1",,,,,,"01,1,+06000,1,00,1",,,,"9,AGL   ,+99999,+99999","01,99,1,01,1,99,9,06000,1,99,9,99,9",,,,"9,9,999,9,+048,1",,"SYN05842170 32996 10000 10312 20056 40072 80001 333 58048 81070=",
"42170099999","2025-04-21T18:00:00","4","28.25","74.9166666","291.0","CHURU, IN","FM-12","99999","V020","180,1,N,0005,1","99999,9,9,N","004000,1,9,9","+0262,1","+0080,1","10085,1",,,,,,,,,,,,,,,"9,9,999,9,+038,1",,"SYN04642170 32996 01801 10262 20080 40085 333 58038=",
"42170099999","2025-04-21T21:00:00","4","28.25","74.9166666","291.0","CHURU, IN","FM-12","99999","V020","999,9,C,0000,1","99999,9,9,N","004000,1,9,9","+0234,1","+0032,1","10081,1",,,,,,,,,,,,,,,"9,9,999,9,+035,1",,"SYN04642170 32996 00000 10234 20032 40081 333 58035=",
"42170099999","2025-04-22T00:00:00","4","28.25","74.9166666","291.0","CHURU, IN","FM-12","99999","V020","180,1,N,0005,1","22000,1,9,N","004000,1,9,9","+0208,1","+0050,1","10085,1",,,,,,"01,1,+06000,1,00,1",,,,"9,AGL   ,+99999,+99999","01,99,1,01,1,99,9,06000,1,99,9,99,9",,,,"9,9,999,9,+023,1",,"SYN05842170 32996 11801 10208 20050 40085 80001 333 58023 81070=",
"42170099999","2025-04-22T03:00:00","4","28.25","74.9166666","291.0","CHURU, IN","FM-12","99999","V020","270,1,N,0005,1","99999,9,9,N","004000,1,9,9","+0274,1","+0034,1","10099,1",,,,,,,,,,,,"240,M,+0404,1","240,N,+0199,1",,"9,9,999,9,+024,1",,"SYN05842170 32996 02701 10274 20034 40099 333 10404 20199 58024=",
"42170099999","2025-04-22T06:00:00","4","28.25","74.9166666","291.0","CHURU, IN","FM-12","99999","V020","360,1,N,0010,1","99999,9,9,N","004000,1,9,9","+0370,1","-0011,1","10093,1",,,,,,,,,,,,,,,"9,9,999,9,+024,1",,"SYN04642170 32996 03602 10370 21011 40093 333 58024=",
"42170099999","2025-04-22T09:00:00","4","28.25","74.9166666","291.0","CHURU, IN","FM-12","99999","V020","230,1,N,0015,1","99999,9,9,N","004000,1,9,9","+0402,1","-0061,1","10068,1",,,,,,,,,,,,,,,"9,9,999,9,+013,1",,"SYN04642170 32996 02303 10402 21061 40068 333 58013=",
"42170099999","2025-04-22T12:00:00","4","28.25","74.9166666","291.0","CHURU, IN","FM-12","99999","V020","320,1,N,0015,1","99999,9,9,N","004000,1,9,9","+0394,1","+0003,1","10055,1",,,,,,,,,,,,"240,M,+0408,1",,,"9,9,999,9,+008,1",,"SYN05242170 32996 03203 10394 20003 40055 333 10408 58008=",
"42170099999","2025-04-22T15:00:00","4","28.25","74.9166666","291.0","CHURU, IN","FM-12","99999","V020","999,9,C,0000,1","99999,9,9,N","004000,1,9,9","+0300,1","+0065,1","10071,1",,,,,,,,,,,,,,,"9,9,999,9,-003,1",,"SYN04642170 32996 00000 10300 20065 40071 333 59003=",
"42170099999","2025-04-22T18:00:00","4","28.25","74.9166666","291.0","CHURU, IN","FM-12","99999","V020","999,9,C,0000,1","99999,9,9,N","004000,1,9,9","+0244,1","+0050,1","10081,1",,,,,,,,,,,,,,,"9,9,999,9,-007,1",,"SYN04642170 32996 00000 10244 20050 40081 333 59007=",
"42170099999","2025-04-22T21:00:00","4","28.25","74.9166666","291.0","CHURU, IN","FM-12","99999","V020","999,9,C,0000,1","99999,9,9,N","004000,1,9,9","+0246,1","+0034,1","10070,1",,,,,,,,,,,,,,,"9,9,999,9,-009,1",,"SYN04642170 32996 00000 10246 20034 40070 333 59009=",
"42170099999","2025-04-23T00:00:00","4","28.25","74.9166666","291.0","CHURU, IN","FM-12","99999","V020","999,9,C,0000,1","99999,9,9,N","004000,1,9,9","+0192,1","+0053,1","10074,1",,,,,,,,,,,,,,,"9,9,999,9,-012,1",,"SYN04642170 32996 00000 10192 20053 40074 333 59012=",
"42170099999","2025-04-23T03:00:00","4","28.25","74.9166666","291.0","CHURU, IN","FM-12","99999","V020","999,9,C,0000,1","99999,9,9,N","004000,1,9,9","+0268,1","+0006,1","10084,1",,,,,,,,,,,,"240,M,+0408,1","240,N,+0182,1",,"9,9,999,9,-015,1",,"SYN06842170 32996 00000 10268 20006 40084 333 10408 20182 59015 555 10029=",
"42170099999","2025-04-23T06:00:00","4","28.25","74.9166666","291.0","CHURU, IN","FM-12","99999","V020","270,1,N,0010,1","99999,9,9,N","004000,1,9,9","+0380,2","-0010,1","10071,1",,,,,,,,,,,,,,,"9,9,999,9,-021,1",,"SYN04642170 32996 02702 10380 21010 40071 333 59021=",
"42170099999","2025-04-23T09:00:00","4","28.25","74.9166666","291.0","CHURU, IN","FM-12","99999","V020","180,1,N,0010,1","99999,9,9,N","004000,1,9,9","+0404,1","-0046,1","10036,1",,,,,,,,,,,,,,,"9,9,999,9,-030,1",,"SYN04642170 32996 01802 10404 21046 40036 333 59030=",
"42170099999","2025-04-23T12:00:00","4","28.25","74.9166666","291.0","CHURU, IN","FM-12","99999","V020","360,1,N,0010,1","99999,9,9,N","004000,1,9,9","+0402,1","-0020,1","10019,1",,,,,,,,,,,,,,,"9,9,999,9,-034,1",,"SYN05242170 32996 03602 10402 21020 40019 333 10414 59034=",
"42170099999","2025-04-23T15:00:00","4","28.25","74.9166666","291.0","CHURU, IN","FM-12","99999","V020","999,9,C,0000,1","99999,9,9,N","004000,1,9,9","+0314,1","+0079,1","10033,1",,,,,,,,,,,,,,,"9,9,999,9,-035,1",,"SYN04642170 32996 00000 10314 20079 40033 333 59035=",
"42170099999","2025-04-23T18:00:00","4","28.25","74.9166666","291.0","CHURU, IN","FM-12","99999","V020","180,1,N,0005,1","99999,9,9,N","004000,1,9,9","+0272,1","+0030,1","10038,1",,,,,,,,,,,,,,,"9,9,999,9,-038,1",,"SYN04642170 32996 01801 10272 20030 40038 333 59038=",
"42170099999","2025-04-23T21:00:00","4","28.25","74.9166666","291.0","CHURU, IN","FM-12","99999","V020","180,1,N,0005,1","99999,9,9,N","004000,1,9,9","+0244,1","+0050,1","10033,1",,,,,,,,,,,,,,,"9,9,999,9,-036,1",,"SYN04642170 32996 01801 10244 20050 40033 333 59036=",
"42170099999","2025-04-24T00:00:00","4","28.25","74.9166666","291.0","CHURU, IN","FM-12","99999","V020","180,1,N,0005,1","99999,9,9,N","004000,1,9,9","+0222,1","+0009,1","10029,1",,,,,,,,,,,,,,,"9,9,999,9,-040,1",,"SYN04642170 32996 01801 10222 20009 40029 333 59040=",
"42170099999","2025-04-24T03:00:00","4","28.25","74.9166666","291.0","CHURU, IN","FM-12","99999","V020","180,1,N,0010,1","99999,9,9,N","004000,1,9,9","+0288,1","-0004,1","10048,1",,,,,,,,,,,,"240,M,+0414,1","240,N,+0206,1",,"9,9,999,9,-033,1",,"SYN06842170 32996 01802 10288 21004 40048 333 10414 20206 59033 555 10029=",
"42170099999","2025-04-24T06:00:00","4","28.25","74.9166666","291.0","CHURU, IN","FM-12","99999","V020","230,1,N,0015,1","99999,9,9,N","004000,1,9,9","+0402,2","-0061,1","10036,1",,,,,,,,,,,,,,,"9,9,999,9,-030,1",,"SYN04642170 32996 02303 10402 21061 40036 333 59030=",
"42170099999","2025-04-24T09:00:00","4","28.25","74.9166666","291.0","CHURU, IN","FM-12","99999","V020","270,1,N,0010,1","99999,9,9,N","004000,1,9,9","+0422,1","-0051,1","10009,1",,,,,,,,,,,,,,,"9,9,999,9,-025,1",,"SYN04642170 32996 02702 10422 21051 40009 333 59025=",
"42170099999","2025-04-24T12:00:00","4","28.25","74.9166666","291.0","CHURU, IN","FM-12","99999","V020","270,1,N,0010,1","99999,9,9,N","004000,1,9,9","+0410,1","-0036,1","09995,1",,,,,,,,,,,,,,,"9,9,999,9,-023,1",,"SYN05242170 32996 02702 10410 21036 49995 333 10425 59023=",
"42170099999","2025-04-24T15:00:00","4","28.25","74.9166666","291.0","CHURU, IN","FM-12","99999","V020","999,9,C,0000,1","99999,9,9,N","004000,1,9,9","+0332,1","+0088,2","10014,1",,,,,,,,,,,,,,,"9,9,999,9,-016,1",,"SYN04642170 32996 00000 10332 20088 40014 333 59016=",
"42170099999","2025-04-24T18:00:00","4","28.25","74.9166666","291.0","CHURU, IN","FM-12","99999","V020","999,9,C,0000,1","99999,9,9,N","004000,1,9,9","+0286,1","+0070,1","10035,1",,,,,,,,,,,,,,,"9,9,999,9,-002,1",,"SYN04642170 32996 00000 10286 20070 40035 333 59002=",
"42170099999","2025-04-24T21:00:00","4","28.25","74.9166666","291.0","CHURU, IN","FM-12","99999","V020","999,9,C,0000,1","99999,9,9,N","004000,1,9,9","+0258,1","+0062,1","10029,1",,,,,,,,,,,,,,,"9,9,999,9,-003,1",,"SYN04642170 32996 00000 10258 20062 40029 333 59003=",
"42170099999","2025-04-25T00:00:00","4","28.25","74.9166666","291.0","CHURU, IN","FM-12","99999","V020","999,9,C,0000,1","22000,1,9,N","004000,1,9,9","+0234,1","+0057,1","10038,1",,,,,,"01,1,+03000,1,03,1",,,,"9,AGL   ,+99999,+99999","01,99,1,01,1,99,9,03000,1,99,9,99,9",,,,"9,9,999,9,+010,1",,"SYN05842170 32996 10000 10234 20057 40038 81030 333 58010 81360=",
"42170099999","2025-04-25T03:00:00","4","28.25","74.9166666","291.0","CHURU, IN","FM-12","99999","V020","140,1,N,0005,1","99999,9,9,N","004000,1,9,9","+0306,1","+0037,1","10050,1",,,,,,,,,,,,"240,M,+0425,1","240,N,+0227,1",,"9,9,999,9,+004,1",,"SYN06842170 32996 01401 10306 20037 40050 333 10425 20227 58004 555 10029=",
"42170099999","2025-04-25T06:00:00","4","28.25","74.9166666","291.0","CHURU, IN","FM-12","99999","V020","230,1,N,0010,1","99999,9,9,N","004000,1,9,9","+0410,1","+0004,1","10045,1",,,,,,,,,,,,,,,"9,9,999,9,+008,1",,"SYN04642170 32996 02302 10410 20004 40045 333 58008=",
"42170099999","2025-04-25T09:00:00","4","28.25","74.9166666","291.0","CHURU, IN","FM-12","99999","V020","320,1,N,0015,1","22000,1,9,N","004000,1,9,9","+0426,1","+0005,1","10016,1",,,,,,"03,1,+00750,1,06,1",,,,"9,AGL   ,+99999,+99999","03,99,1,03,1,99,9,00750,1,99,9,99,9",,,,"9,9,999,9,+007,1",,"SYN05842170 32596 33203 10426 20005 40016 83500 333 58007 83625=",
"42170099999","2025-04-25T12:00:00","4","28.25","74.9166666","291.0","CHURU, IN","FM-12","99999","V020","180,1,N,0010,1","22000,1,9,N","004000,1,9,9","+0424,1","+0036,1","10005,1",,,,,,"03,1,+00750,1,06,1",,,,"9,AGL   ,+99999,+99999","03,99,1,03,1,99,9,00750,1,99,9,99,9","240,M,+0434,1",,,"9,9,999,9,+011,1",,"SYN06442170 32596 31802 10424 20036 40005 83500 333 10434 58011 83625=",
"42170099999","2025-04-25T15:00:00","4","28.25","74.9166666","291.0","CHURU, IN","FM-12","99999","V020","999,9,C,0000,1","99999,9,9,N","004000,1,9,9","+0336,1","+0100,1","10021,1",,,,,,,,,,,,,,,"9,9,999,9,+007,1",,"SYN04642170 32996 00000 10336 20100 40021 333 58007=",
"42170099999","2025-04-25T18:00:00","4","28.25","74.9166666","291.0","CHURU, IN","FM-12","99999","V020","999,9,C,0000,1","99999,9,9,N","004000,1,9,9","+0280,1","+0082,1","10032,1",,,,,,,,,,,,,,,"9,9,999,9,-003,1",,"SYN04642170 32996 00000 10280 20082 40032 333 59003=",
"42170099999","2025-04-25T21:00:00","4","28.25","74.9166666","291.0","CHURU, IN","FM-12","99999","V020","999,9,C,0000,1","99999,9,9,N","004000,1,9,9","+0276,1","+0045,1","10027,1",,,,,,,,,,,,,,,"9,9,999,9,+001,1",,"SYN04642170 32996 00000 10276 20045 40027 333 58001=",
"42170099999","2025-04-26T00:00:00","4","28.25","74.9166666","291.0","CHURU, IN","FM-12","99999","V020","360,1,N,0005,1","03000,1,C,N","004000,1,9,9","+0272,1","+0068,1","10023,1",,,,,,"06,1,+03000,1,04,1",,,,"9,AGL   ,+99999,+99999","06,99,1,06,1,99,9,03000,1,99,9,99,9",,,,"9,9,999,9,-010,1",,"SYN05842170 32996 63601 10272 20068 40023 86010 333 59010 86460=",
"42170099999","2025-04-26T03:00:00","4","28.25","74.9166666","291.0","CHURU, IN","FM-12","99999","V020","180,1,N,0010,1","03000,1,9,N","004000,1,9,9","+0344,1","+0055,1","10035,1",,,,,,"04,1,+01200,1,06,1","07,1,+03000,1,04,1",,,"9,AGL   ,+99999,+99999","07,99,1,04,1,99,9,01200,1,99,9,99,9","240,M,+0434,1","240,N,+0266,1",,"9,9,999,9,-011,1",,"SYN08642170 32696 71802 10344 20055 40035 84510 333 10434 20266 59011 84640 87460 555 10029=",
"42170099999","2025-04-26T06:00:00","4","28.25","74.9166666","291.0","CHURU, IN","FM-12","99999","V020","180,1,N,0010,1","03000,1,9,N","004000,1,9,9","+0404,1","+0055,1","10034,1",,,,,,"03,1,+01200,1,06,1","06,1,+03000,1,03,1",,,"9,AGL   ,+99999,+99999","06,99,1,03,1,99,9,01200,1,99,9,99,9",,,,"9,9,999,9,-010,1",,"SYN06442170 32696 61802 10404 20055 40034 83530 333 59010 83640 86360=",
"42170099999","2025-04-26T09:00:00","4","28.25","74.9166666","291.0","CHURU, IN","FM-12","99999","V020","180,1,N,0010,1","03000,1,9,N","004000,1,9,9","+0390,1","+0052,1","10022,1",,,,,,"03,1,+01050,1,06,1","06,1,+03000,1,04,1",,,"9,AGL   ,+99999,+99999","06,99,1,03,1,99,9,01050,1,99,9,99,9",,,,"9,9,999,9,+002,1",,"SYN06442170 32696 61802 10390 20052 40022 83510 333 58002 83635 86460=",
"42170099999","2025-04-26T12:00:00","4","28.25","74.9166666","291.0","CHURU, IN","FM-12","99999","V020","180,1,N,0015,1","03000,1,C,N","004000,1,9,9","+0364,1","+0050,1","10016,1",,,,,,"03,1,+01050,1,06,1","05,1,+03000,1,04,1",,,"9,AGL   ,+99999,+99999","05,99,1,03,1,99,9,01050,1,99,9,99,9",,,,"9,9,999,9,+008,1",,"SYN07042170 32696 51803 10364 20050 40016 82510 333 10413 58008 83635 85460=",
"42170099999","2025-04-26T15:00:00","4","28.25","74.9166666","291.0","CHURU, IN","FM-12","99999","V020","999,9,C,0000,1","03000,1,C,N","004000,1,9,9","+0326,1","+0110,1","10039,1",,,,,,"02,1,+01050,1,06,1","06,1,+03000,1,04,1",,,"9,AGL   ,+99999,+99999","06,99,1,02,1,99,9,01050,1,99,9,99,9",,,,"9,9,999,9,+016,1",,"SYN06442170 32696 60000 10326 20110 40039 82510 333 58016 82635 86460=",
"42170099999","2025-04-26T18:00:00","4","28.25","74.9166666","291.0","CHURU, IN","FM-12","99999","V020","999,9,C,0000,1","22000,1,9,N","004000,1,9,9","+0292,1","+0091,1","10044,1",,,,,,"03,1,+03000,1,04,1",,,,"9,AGL   ,+99999,+99999","03,99,1,03,1,99,9,03000,1,99,9,99,9",,,,"9,9,999,9,+013,1",,"SYN05842170 32996 30000 10292 20091 40044 83010 333 58013 83460=",
"42170099999","2025-04-26T21:00:00","4","28.25","74.9166666","291.0","CHURU, IN","FM-12","99999","V020","999,9,C,0000,1","99999,9,9,N","004000,1,9,9","+0266,1","+0097,1","10043,1",,,,,,,,,,,,,,,"9,9,999,9,+014,1",,"SYN04642170 32996 00000 10266 20097 40043 333 58014=",
"42170099999","2025-04-27T00:00:00","4","28.25","74.9166666","291.0","CHURU, IN","FM-12","99999","V020","999,9,C,0000,1","99999,9,9,N","004000,1,9,9","+0232,1","+0106,1","10049,1",,,,,,,,,,,,,,,"9,9,999,9,+021,1",,"SYN04642170 32996 00000 10232 20106 40049 333 58021=",
"42170099999","2025-04-27T03:00:00","4","28.25","74.9166666","291.0","CHURU, IN","FM-12","99999","V020","999,9,C,0000,1","99999,9,9,N","004000,1,9,9","+0284,1","+0099,1","10063,1",,,,,,,,,,,,"240,M,+0413,1","240,N,+0224,1",,"9,9,999,9,+021,1",,"SYN05842170 32996 00000 10284 20099 40063 333 10413 20224 58021=",
"42170099999","2025-04-27T06:00:00","4","28.25","74.9166666","291.0","CHURU, IN","FM-12","99999","V020","320,1,N,0005,1","99999,9,9,N","004000,1,9,9","+0390,1","+0059,1","10055,1",,,,,,,,,,,,,,,"9,9,999,9,+018,1",,"SYN04642170 32996 03201 10390 20059 40055 333 58018=",
"42170099999","2025-04-27T09:00:00","4","28.25","74.9166666","291.0","CHURU, IN","FM-12","99999","V020","230,1,N,0005,1","99999,9,9,N","004000,1,9,9","+0424,1","+0027,1","10027,1",,,,,,,,,,,,,,,"9,9,999,9,+009,1",,"SYN04642170 32996 02301 10424 20027 40027 333 58009=",
"42170099999","2025-04-27T12:00:00","4","28.25","74.9166666","291.0","CHURU, IN","FM-12","99999","V020","320,1,N,0005,1","99999,9,9,N","004000,1,9,9","+0410,1","+0031,1","10013,1",,,,,,,,,,,,"240,M,+0426,1",,,"9,9,999,9,+002,1",,"SYN05242170 32996 03201 10410 20031 40013 333 10426 58002=",
"42170099999","2025-04-27T15:00:00","4","28.25","74.9166666","291.0","CHURU, IN","FM-12","99999","V020","999,9,C,0000,1","99999,9,9,N","004000,1,9,9","+0332,1","+0115,1","10032,1",,,,,,,,,,,,,,,"9,9,999,9,-006,1",,"SYN04642170 32996 00000 10332 20115 40032 333 59006=",
"42170099999","2025-04-27T18:00:00","4","28.25","74.9166666","291.0","CHURU, IN","FM-12","99999","V020","360,1,N,0005,1","99999,9,9,N","004000,1,9,9","+0320,1","+0083,1","10049,1",,,,,,,,,,,,,,,"9,9,999,9,+007,1",,"SYN04642170 32996 03601 10320 20083 40049 333 58007=",
"42170099999","2025-04-27T21:00:00","4","28.25","74.9166666","291.0","CHURU, IN","FM-12","99999","V020","360,1,N,0005,1","99999,9,9,N","004000,1,9,9","+0302,1","+0091,1","10043,1",,,,,,,,,,,,,,,"9,9,999,9,+004,1",,"SYN04642170 32996 03601 10302 20091 40043 333 58004=",
"42170099999","2025-04-28T00:00:00","4","28.25","74.9166666","291.0","CHURU, IN","FM-12","99999","V020","999,9,C,0000,1","99999,9,9,N","004000,1,9,9","+0232,1","+0086,1","10039,1",,,,,,,,,,,,,,,"9,9,999,9,-010,1",,"SYN04642170 32996 00000 10232 20086 40039 333 59010=",
"42170099999","2025-04-28T03:00:00","4","28.25","74.9166666","291.0","CHURU, IN","FM-12","99999","V020","999,9,C,0000,1","99999,9,9,N","004000,1,9,9","+0314,1","+0079,1","10044,1",,,,,,,,,,,,"240,M,+0426,1","240,N,+0222,1",,"9,9,999,9,-015,1",,"SYN06842170 32996 00000 10314 20079 40044 333 10426 20222 59015 555 10029=",
"42170099999","2025-04-28T06:00:00","4","28.25","74.9166666","291.0","CHURU, IN","FM-12","99999","V020","360,1,N,0010,1","99999,9,9,N","004000,1,9,9","+0388,1","-0005,1","10029,1",,,,,,,,,,,,,,,"9,9,999,9,-025,1",,"SYN04642170 32996 03602 10388 21005 40029 333 59025=",
"42170099999","2025-04-28T09:00:00","4","28.25","74.9166666","291.0","CHURU, IN","FM-12","99999","V020","050,1,N,0005,1","99999,9,9,N","004000,1,9,9","+0410,1","+0023,1","10006,1",,,,,,,,,,,,,,,"9,9,999,9,-023,1",,"SYN04642170 32996 00501 10410 20023 40006 333 59023=",
"42170099999","2025-04-28T12:00:00","4","28.25","74.9166666","291.0","CHURU, IN","FM-12","99999","V020","320,1,N,0010,1","99999,9,9,N","004000,1,9,9","+0406,1","+0020,1","09991,1",,,,,,,,,,,,,,,"9,9,999,9,-022,1",,"SYN05242170 32996 03202 10406 20020 49991 333 10422 59022=",
"42170099999","2025-04-28T15:00:00","4","28.25","74.9166666","291.0","CHURU, IN","FM-12","99999","V020","999,9,C,0000,1","99999,9,9,N","004000,1,9,9","+0330,1","+0101,1","10011,1",,,,,,,,,,,,,,,"9,9,999,9,-021,1",,"SYN04642170 32996 00000 10330 20101 40011 333 59021=",
"42170099999","2025-04-28T18:00:00","4","28.25","74.9166666","291.0","CHURU, IN","FM-12","99999","V020","999,9,C,0000,1","99999,9,9,N","004000,1,9,9","+0300,1","+0093,1","10023,1",,,,,,,,,,,,,,,"9,9,999,9,-027,1",,"SYN04642170 32996 00000 10300 20093 40023 333 59027=",
"42170099999","2025-04-28T21:00:00","4","28.25","74.9166666","291.0","CHURU, IN","FM-12","99999","V020","999,9,C,0000,1","99999,9,9,N","004000,1,9,9","+0272,1","+0101,1","10019,1",,,,,,,,,,,,,,,"9,9,999,9,-026,1",,"SYN04642170 32996 00000 10272 20101 40019 333 59026=",
"42170099999","2025-04-29T00:00:00","4","28.25","74.9166666","291.0","CHURU, IN","FM-12","99999","V020","180,1,N,0005,1","99999,9,9,N","004000,1,9,9","+0256,1","+0111,1","10025,1",,,,,,,,,,,,,,,"9,9,999,9,-012,1",,"SYN04642170 32996 01801 10256 20111 40025 333 59012=",
"42170099999","2025-04-29T03:00:00","4","28.25","74.9166666","291.0","CHURU, IN","FM-12","99999","V020","140,1,N,0010,1","99999,9,9,N","004000,1,9,9","+0292,1","+0116,1","10039,1",,,,,,,,,,,,"240,M,+0422,1","240,N,+0248,1",,"9,9,999,9,-007,1",,"SYN06842170 32996 01402 10292 20116 40039 333 10422 20248 59007 555 10029=",
"42170099999","2025-04-29T06:00:00","4","28.25","74.9166666","291.0","CHURU, IN","FM-12","99999","V020","999,9,C,0000,1","99999,9,9,N","004000,1,9,9","+0390,1","+0103,1","10029,1",,,,,,,,,,,,,,,"9,9,999,9,+000,1",,"SYN04642170 32996 00000 10390 20103 40029 333 58000=",
"42170099999","2025-04-29T09:00:00","4","28.25","74.9166666","291.0","CHURU, IN","FM-12","99999","V020","320,1,N,0010,1","99999,9,9,N","004000,1,9,9","+0428,1","+0062,1","10005,1",,,,,,,,,,,,,,,"9,9,999,9,+001,1",,"SYN04642170 32996 03202 10428 20062 40005 333 58001=",
"42170099999","2025-04-29T12:00:00","4","28.25","74.9166666","291.0","CHURU, IN","FM-12","99999","V020","090,1,N,0010,1","99999,9,9,N","004000,1,9,9","+0410,1","+0083,1","09991,1",,,,,,,,,,,,"240,M,+0433,1",,,"9,9,999,9,+000,1",,"SYN05242170 32996 00902 10410 20083 49991 333 10433 58000=",
"42170099999","2025-04-29T15:00:00","4","28.25","74.9166666","291.0","CHURU, IN","FM-12","99999","V020","090,1,N,0010,1","99999,9,9,N","004000,1,9,9","+0354,1","+0135,1","10014,1",,,,,,,,,,,,,,,"9,9,999,9,+006,1",,"SYN04642170 32996 00902 10354 20135 40014 333 58006=",
"42170099999","2025-04-29T18:00:00","4","28.25","74.9166666","291.0","CHURU, IN","FM-12","99999","V020","090,1,N,0010,1","99999,9,9,N","004000,1,9,9","+0316,1","+0138,1","10034,1",,,,,,,,,,,,,,,"9,9,999,9,+012,1",,"SYN04642170 32996 00902 10316 20138 40034 333 58012=",
"42170099999","2025-04-29T21:00:00","4","28.25","74.9166666","291.0","CHURU, IN","FM-12","99999","V020","180,1,N,0005,1","99999,9,9,N","004000,1,9,9","+0282,1","+0155,1","10025,1",,,,,,,,,,,,,,,"9,9,999,9,+007,1",,"SYN04642170 32996 01801 10282 20155 40025 333 58007=",
"42170099999","2025-04-30T00:00:00","4","28.25","74.9166666","291.0","CHURU, IN","FM-12","99999","V020","180,1,N,0010,1","99999,9,9,N","004000,1,9,9","+0258,1","+0144,1","10043,1",,,,,,,,,,,,,,,"9,9,999,9,+018,1",,"SYN04642170 32996 01802 10258 20144 40043 333 58018=",
"42170099999","2025-04-30T03:00:00","4","28.25","74.9166666","291.0","CHURU, IN","FM-12","99999","V020","140,1,N,0010,1","99999,9,9,N","004000,1,9,9","+0330,1","+0166,1","10051,1",,,,,,,,,,,,"240,M,+0433,1","240,N,+0256,1",,"9,9,999,9,+015,1",,"SYN06842170 32996 01402 10330 20166 40051 333 10433 20256 58015 555 10029=",
"42170099999","2025-04-30T06:00:00","4","28.25","74.9166666","291.0","CHURU, IN","FM-12","99999","V020","140,1,N,0005,1","99999,9,9,N","004000,1,9,9","+0400,1","+0122,1","10041,1",,,,,,,,,,,,,,,"9,9,999,9,+013,1",,"SYN04642170 32996 01401 10400 20122 40041 333 58013=",
"42170099999","2025-04-30T09:00:00","4","28.25","74.9166666","291.0","CHURU, IN","FM-12","99999","V020","320,1,N,0015,1","99999,9,9,N","004000,1,9,9","+0426,1","+0078,1","10015,1",,,,,,,,,,,,,,,"9,9,999,9,+010,1",,"SYN04642170 32996 03203 10426 20078 40015 333 58010=",
"42170099999","2025-04-30T12:00:00","4","28.25","74.9166666","291.0","CHURU, IN","FM-12","99999","V020","090,1,N,0010,1","99999,9,9,N","004000,1,9,9","+0416,1","+0089,1","09999,1",,,,,,,,,,,,,,,"9,9,999,9,+008,1",,"SYN05242170 32996 00902 10416 20089 49999 333 10434 58008=",
"42170099999","2025-04-30T15:00:00","4","28.25","74.9166666","291.0","CHURU, IN","FM-12","99999","V020","050,1,N,0010,1","99999,9,9,N","004000,1,9,9","+0368,1","+0124,1","10020,1",,,,,,,,,,,,,,,"9,9,999,9,+007,1",,"SYN04642170 32996 00502 10368 20124 40020 333 58007=",
"42170099999","2025-04-30T18:00:00","4","28.25","74.9166666","291.0","CHURU, IN","FM-12","99999","V020","050,1,N,0015,1","99999,9,9,N","004000,1,9,9","+0334,1","+0155,1","10040,1",,,,,,,,,,,,,,,"9,9,999,9,+008,1",,"SYN04642170 32996 00503 10334 20155 40040 333 58008=",
"42170099999","2025-04-30T21:00:00","4","28.25","74.9166666","291.0","CHURU, IN","FM-12","99999","V020","050,1,N,0010,1","99999,9,9,N","004000,1,9,9","+0298,1","+0160,1","10033,1",,,,,,,,,,,,,,,"9,9,999,9,+008,1",,"SYN04642170 32996 00502 10298 20160 40033 333 58008=",
"42170099999","2025-05-01T00:00:00","4","28.25","74.9166666","291.0","CHURU, IN","FM-12","99999","V020","999,9,C,0000,1","99999,9,9,N","004000,1,9,9","+0280,1","+0172,1","10053,1",,,,,,,,,,,,,,,"9,9,999,9,+012,1",,"SYN04642170 32996 00000 10280 20172 40053 333 58012=",
"42170099999","2025-05-01T03:00:00","4","28.25","74.9166666","291.0","CHURU, IN","FM-12","99999","V020","090,1,N,0010,1","99999,9,9,N","004000,1,9,9","+0326,1","+0177,1","10059,1",,,,,,,,,,,,"240,M,+0434,1","240,N,+0276,1",,"9,9,999,9,+008,1",,"SYN06842170 32996 00902 10326 20177 40059 333 10434 20276 58008 555 10029=",
"42170099999","2025-05-01T06:00:00","4","28.25","74.9166666","291.0","CHURU, IN","FM-12","99999","V020","090,1,N,0010,1","99999,9,9,N","004000,1,9,9","+0394,1","+0161,1","10051,1",,,,,,,,,,,,,,,"9,9,999,9,+009,1",,"SYN04642170 32996 00902 10394 20161 40051 333 58009=",
"42170099999","2025-05-01T09:00:00","4","28.25","74.9166666","291.0","CHURU, IN","FM-12","99999","V020","090,1,N,0010,1","99999,9,9,N","004000,1,9,9","+0426,1","+0121,1","10020,1",,,,,,,,,,,,,,,"9,9,999,9,+005,1",,"SYN04642170 32996 00902 10426 20121 40020 333 58005=",
"42170099999","2025-05-01T12:00:00","4","28.25","74.9166666","291.0","CHURU, IN","FM-12","99999","V020","090,1,N,0010,1","99999,9,C,N","004000,1,9,9","+0418,1","+0128,1","10003,1",,,,,,"01,1,+01200,1,06,1","01,1,+03000,1,03,1","04,1,+06000,1,00,1",,"9,AGL   ,+99999,+99999","04,99,1,01,1,99,9,01200,1,99,9,99,9","240,M,+0435,1",,,"9,9,999,9,+004,1",,"SYN07642170 32696 40902 10418 20128 40003 81531 333 10435 58004 81640 81360 84070=","Q01 060003SCOCIG"
"42170099999","2025-05-01T15:00:00","4","28.25","74.9166666","291.0","CHURU, IN","FM-12","99999","V020","090,1,N,0010,1","99999,9,9,N","004000,1,9,9","+0372,1","+0145,1","10015,1",,,,,,,,,,,,,,,"9,9,999,9,-005,1",,"SYN04642170 32996 00902 10372 20145 40015 333 59005=",
"42170099999","2025-05-01T18:00:00","4","28.25","74.9166666","291.0","CHURU, IN","FM-12","99999","V020","090,1,N,0021,1","22000,1,9,N","004000,1,9,9","+0340,1","+0172,1","10035,1",,,,,,"04,1,+03000,1,03,1",,,,"9,AGL   ,+99999,+99999","04,99,1,04,1,99,9,03000,1,99,9,99,9",,,,"9,9,999,9,-005,1",,"SYN05842170 32996 40904 10340 20172 40035 84030 333 59005 84360=",
"42170099999","2025-05-01T21:00:00","4","28.25","74.9166666","291.0","CHURU, IN","FM-12","99999","V020","090,1,N,0005,1","22000,1,9,N","004000,1,9,9","+0310,1","+0172,1","10025,1",,,,,,"04,1,+03000,1,03,1",,,,"9,AGL   ,+99999,+99999","04,99,1,04,1,99,9,03000,1,99,9,99,9",,,,"9,9,999,9,-006,1",,"SYN05842170 32996 40901 10310 20172 40025 84030 333 59006 84360=",
"42170099999","2025-05-02T00:00:00","4","28.25","74.9166666","291.0","CHURU, IN","FM-12","99999","V020","320,1,N,0041,1","03000,1,C,N","004000,1,9,9","+0220,1","+0171,1","10105,2",,"1,1,02,1","0,1,02,1",,,"02,1,+01050,1,06,1","05,1,+03000,1,04,1",,,"9,AGL   ,+99999,+99999","05,99,1,02,1,99,9,01050,1,99,9,99,9",,,,"9,9,999,9,+043,1","30,1","SYN07042170 31696 53208 10220 20171 40105 73010 82510 333 58043 82635 85460=",
"42170099999","2025-05-02T03:00:00","4","28.25","74.9166666","291.0","CHURU, IN","FM-12","99999","V020","090,1,N,0026,1","06000,1,9,N","004000,1,9,9","+0254,1","+0143,1","10082,1",,,,,,"07,1,+06000,1,01,1",,,,"9,AGL   ,+99999,+99999","07,99,1,07,1,99,9,06000,1,99,9,99,9","240,M,+0435,1","240,N,+0217,1",,"9,9,999,9,+014,1",,"SYN08042170 32996 70905 10254 20143 40082 80002 333 10435 20217 58014 87170 555 10029=",
"42170099999","2025-05-02T06:00:00","4","28.25","74.9166666","291.0","CHURU, IN","FM-12","99999","V020","140,1,N,0021,1","22000,1,9,N","004000,1,9,9","+0322,1","+0133,1","10076,1",,"0,1,02,1","0,1,02,1",,,"02,1,+06000,1,00,1",,,,"9,AGL   ,+99999,+99999","02,99,1,02,1,99,9,06000,1,99,9,99,9",,,,"9,9,999,9,+017,1","05,1","SYN06442170 31996 21404 10322 20133 40076 70500 80001 333 58017 82070=",
"42170099999","2025-05-02T09:00:00","4","28.25","74.9166666","291.0","CHURU, IN","FM-12","99999","V020","050,1,N,0010,1","99999,9,9,N","004000,1,9,9","+0352,1","+0137,1","10058,1",,,,,,,,,,,,,,,"9,9,999,9,+030,1",,"SYN04642170 32996 00502 10352 20137 40058 333 58030=",
"42170099999","2025-05-02T12:00:00","4","28.25","74.9166666","291.0","CHURU, IN","FM-12","99999","V020","050,1,N,0015,1","99999,9,9,N","004000,1,9,9","+0342,1","+0166,1","10039,1",,,,,,,,,,,,"240,M,+0362,1",,,"9,9,999,9,+028,1",,"SYN05242170 32996 00503 10342 20166 40039 333 10362 58028=",
"42170099999","2025-05-02T15:00:00","4","28.25","74.9166666","291.0","CHURU, IN","FM-12","99999","V020","090,1,N,0015,1","99999,9,9,N","004000,1,9,9","+0292,1","+0190,1","10044,1",,,,,,,,,,,,,,,"9,9,999,9,+021,1",,"SYN04642170 32996 00903 10292 20190 40044 333 58021=",
"42170099999","2025-05-02T18:00:00","4","28.25","74.9166666","291.0","CHURU, IN","FM-12","99999","V020","050,1,N,0015,1","99999,9,9,N","004000,1,9,9","+0272,1","+0184,1","10052,1",,,,,,,,,,,,,,,"9,9,999,9,+011,1",,"SYN04642170 32996 00503 10272 20184 40052 333 58011=",
"42170099999","2025-05-02T21:00:00","4","28.25","74.9166666","291.0","CHURU, IN","FM-12","99999","V020","050,1,N,0010,1","99999,9,9,N","004000,1,9,9","+0256,1","+0194,1","10046,1",,,,,,,,,,,,,,,"9,9,999,9,+015,1",,"SYN04642170 32996 00502 10256 20194 40046 333 58015=",
"42170099999","2025-05-03T00:00:00","4","28.25","74.9166666","291.0","CHURU, IN","FM-12","99999","V020","050,1,N,0015,1","99999,9,9,N","004000,1,9,9","+0244,1","+0194,1","10045,1",,,,,,,,,,,,,,,"9,9,999,9,-054,1",,"SYN04642170 32996 00503 10244 20194 40045 333 59054=",
"42170099999","2025-05-03T03:00:00","4","28.25","74.9166666","291.0","CHURU, IN","FM-12","99999","V020","090,1,N,0015,1","99999,9,9,N","004000,1,9,9","+0280,1","+0197,1","10055,1",,,,,,,,,,,,"240,M,+0362,1","240,N,+0241,1",,"9,9,999,9,-024,1",,"SYN06842170 32996 00903 10280 20197 40055 333 10362 20241 59024 555 10029=",
"42170099999","2025-05-03T06:00:00","4","28.25","74.9166666","291.0","CHURU, IN","FM-12","99999","V020","140,1,N,0015,1","99999,9,9,N","004000,1,9,9","+0376,1","+0142,1","10037,1",,,,,,,,,,,,,,,"9,9,999,9,-032,1",,"SYN04642170 32996 01403 10376 20142 40037 333 59032=",
"42170099999","2025-05-03T09:00:00","4","28.25","74.9166666","291.0","CHURU, IN","FM-12","99999","V020","050,1,N,0005,1","99999,9,9,N","004000,1,9,9","+0398,1","+0134,1","10001,1",,,,,,,,,,,,,,,"9,9,999,9,-052,1",,"SYN04642170 32996 00501 10398 20134 40001 333 59052=",
"42170099999","2025-05-03T12:00:00","4","28.25","74.9166666","291.0","CHURU, IN","FM-12","99999","V020","230,1,N,0026,1","03000,1,C,N","002000,1,9,9","+0364,1","+0127,1","09994,1",,"0,1,02,1","0,1,02,1",,,"03,1,+01200,1,06,1","05,1,+03000,1,04,1",,,"9,AGL   ,+99999,+99999","05,99,1,03,1,99,9,01200,1,99,9,99,9","240,M,+0414,1",,,"9,9,999,9,-041,1","07,1","SYN07642170 31695 52305 10364 20127 49994 70700 83510 333 10414 59041 83640 85460=",
"42170099999","2025-05-03T15:00:00","4","28.25","74.9166666","291.0","CHURU, IN","FM-12","99999","V020","180,1,N,0021,1","00900,1,9,N","002000,1,9,9","+0286,1","+0131,1","10029,1","12,0020,3,1","9,1,02,1","6,1,02,1",,,"04,1,+00750,1,09,1","06,1,+00900,1,06,1","08,1,+03000,1,04,1",,"9,AGL   ,+99999,+99999","08,99,1,04,1,99,9,00750,1,99,9,99,9",,,,"9,9,999,9,-015,1","29,1","SYN08242170 21595 81804 10286 20131 40029 72996 8692/ 333 59015 6002/ 84925 86630 88460=",
"42170099999","2025-05-03T18:00:00","4","28.25","74.9166666","291.0","CHURU, IN","FM-12","99999","V020","180,1,N,0010,1","01200,1,C,N","004000,1,9,9","+0268,1","+0157,1","10033,1","15,0020,3,1","9,1,02,1","6,1,02,1",,,"05,1,+01200,1,06,1","06,1,+03000,1,03,1","08,1,+06000,1,00,1",,"9,AGL   ,+99999,+99999","08,99,1,05,1,99,9,01200,1,99,9,99,9",,,,"9,9,999,9,-019,1","01,1","SYN08242170 21696 81802 10268 20157 40033 70196 85531 333 59019 6002/ 85640 86360 88070=",
"42170099999","2025-05-03T21:00:00","4","28.25","74.9166666","291.0","CHURU, IN","FM-12","99999","V020","180,1,N,0010,1","22000,1,9,N","004000,1,9,9","+0264,1","+0140,1","10012,1","18,0020,3,1",,,,,"02,1,+03000,1,04,1",,,,"9,AGL   ,+99999,+99999","02,99,1,02,1,99,9,03000,1,99,9,99,9",,,,"9,9,999,9,-032,1",,"SYN06442170 22996 21802 10264 20140 40012 82010 333 59032 6002/ 82460=",
"42170099999","2025-05-04T00:00:00","4","28.25","74.9166666","291.0","CHURU, IN","FM-12","99999","V020","180,1,N,0015,1","03000,1,C,N","004000,1,9,9","+0258,1","+0132,1","10024,1","21,0020,3,1",,,,,"08,1,+03000,1,04,1",,,,"9,AGL   ,+99999,+99999","08,99,1,08,1,99,9,03000,1,99,9,99,9",,,,"9,9,999,9,-020,1",,"SYN06442170 22996 81803 10258 20132 40024 88010 333 59020 6002/ 88460=",
"42170099999","2025-05-04T03:00:00","4","28.25","74.9166666","291.0","CHURU, IN","FM-12","99999","V020","270,1,N,0015,1","99999,9,9,N","002000,1,9,9","+0286,1","+0164,1","10038,1","24,0020,3,1","0,1,02,1","0,1,02,1",,,,,,,,,"240,M,+0414,1","240,N,+0246,1",,"9,9,999,9,-015,1","05,1","SYN08642170 21995 02703 10286 20164 40038 70500 333 10414 20246 59015 6002/ 555 00019 10030=",
"42170099999","2025-05-04T06:00:00","4","28.25","74.9166666","291.0","CHURU, IN","FM-12","99999","V020","090,1,N,0021,1","22000,1,9,N","002000,1,9,9","+0304,1","+0164,1","10041,1",,"0,1,02,1","0,1,02,1",,,"03,1,+01200,1,06,1",,,,"9,AGL   ,+99999,+99999","03,99,1,03,1,99,9,01200,1,99,9,99,9",,,,"9,9,999,9,-004,1","05,1","SYN06442170 31695 30904 10304 20164 40041 70500 83500 333 59004 83640=",
"42170099999","2025-05-04T09:00:00","4","28.25","74.9166666","291.0","CHURU, IN","FM-12","99999","V020","050,1,N,0010,1","03000,1,C,N","002000,1,9,9","+0332,1","+0161,1","10014,1",,"0,1,02,1","0,1,02,1",,,"02,1,+01200,1,06,1","05,1,+03000,1,04,1",,,"9,AGL   ,+99999,+99999","05,99,1,02,1,99,9,01200,1,99,9,99,9",,,,"9,9,999,9,+007,1","05,1","SYN07042170 31695 50502 10332 20161 40014 70500 82510 333 58007 82640 85460=",
"42170099999","2025-05-04T12:00:00","4","28.25","74.9166666","291.0","CHURU, IN","FM-12","99999","V020","140,1,N,0005,1","03000,1,9,N","004000,1,9,9","+0354,1","+0158,1","09995,1",,,,,,"03,1,+01200,1,06,1","06,1,+03000,1,04,1",,,"9,AGL   ,+99999,+99999","06,99,1,03,1,99,9,01200,1,99,9,99,9","240,M,+0358,1",,,"9,9,999,9,+000,1",,"SYN07042170 32696 61401 10354 20158 49995 83510 333 10358 58000 83640 86460=",
"42170099999","2025-05-04T15:00:00","4","28.25","74.9166666","291.0","CHURU, IN","FM-12","99999","V020","140,1,N,0010,1","03000,1,C,N","004000,1,9,9","+0292,1","+0139,1","10025,1",,,,,,"02,1,+01200,1,06,1","05,1,+03000,1,04,1",,,"9,AGL   ,+99999,+99999","05,99,1,02,1,99,9,01200,1,99,9,99,9",,,,"9,9,999,9,-003,1",,"SYN06442170 32696 51402 10292 20139 40025 82510 333 59003 82640 85460=",
"42170099999","2025-05-04T18:00:00","4","28.25","74.9166666","291.0","CHURU, IN","FM-12","99999","V020","999,9,C,0000,1","99999,9,C,N","004000,1,9,9","+0276,1","+0163,1","10041,1",,,,,,"02,1,+01200,1,06,1","04,1,+03600,1,03,1",,,"9,AGL   ,+99999,+99999","04,99,1,02,1,99,9,01200,1,99,9,99,9",,,,"9,9,999,9,+008,1",,"SYN06442170 32696 40000 10276 20163 40041 82530 333 58008 82640 84362=","Q01 036003SCOCIG"
"42170099999","2025-05-04T21:00:00","4","28.25","74.9166666","291.0","CHURU, IN","FM-12","99999","V020","050,1,N,0005,1","99999,9,C,N","004000,1,9,9","+0246,1","+0190,1","10038,1",,,,,,"02,1,+01200,1,06,1","04,1,+03000,1,04,1",,,"9,AGL   ,+99999,+99999","04,99,1,02,1,99,9,01200,1,99,9,99,9",,,,"9,9,999,9,+023,1",,"SYN06442170 32696 40501 10246 20190 40038 82510 333 58023 82640 84460=","Q01 030003SCOCIG"
"42170099999","2025-05-05T00:00:00","4","28.25","74.9166666","291.0","CHURU, IN","FM-12","99999","V020","140,1,N,0010,1","22000,1,9,N","004000,1,9,9","+0246,1","+0190,1","10035,1",,,,,,"02,1,+01200,1,06,1",,,,"9,AGL   ,+99999,+99999","02,99,1,02,1,99,9,01200,1,99,9,99,9",,,,"9,9,999,9,+010,1",,"SYN05842170 32696 21402 10246 20190 40035 82500 333 58010 82640=",
"42170099999","2025-05-05T03:00:00","4","28.25","74.9166666","291.0","CHURU, IN","FM-12","99999","V020","180,1,N,0010,1","99999,9,C,N","004000,1,9,9","+0280,1","+0183,1","10051,1",,,,,,"02,1,+03000,1,03,1","04,1,+06000,1,00,1",,,"9,AGL   ,+99999,+99999","04,99,1,02,1,99,9,03000,1,99,9,99,9","240,M,+0358,1","240,N,+0244,1",,"9,9,999,9,+012,1",,"SYN08642170 32996 41802 10280 20183 40051 82031 333 10358 20244 58012 82360 84070 555 10030=","Q01 060003SCOCIG"
"42170099999","2025-05-05T06:00:00","4","28.25","74.9166666","291.0","CHURU, IN","FM-12","99999","V020","180,1,N,0026,1","03000,1,C,N","004000,1,9,9","+0314,1","+0135,1","10059,1",,,,,,"07,1,+03000,1,04,1",,,,"9,AGL   ,+99999,+99999","07,99,1,07,1,99,9,03000,1,99,9,99,9",,,,"9,9,999,9,+018,1",,"SYN05842170 32996 71805 10314 20135 40059 87010 333 58018 87460=",
"42170099999","2025-05-05T09:00:00","4","28.25","74.9166666","291.0","CHURU, IN","FM-12","99999","V020","050,1,N,0015,1","22000,1,9,N","004000,1,9,9","+0350,1","+0108,1","10019,1",,,,,,"03,1,+03000,1,04,1",,,,"9,AGL   ,+99999,+99999","03,99,1,03,1,99,9,03000,1,99,9,99,9",,,,"9,9,999,9,+006,1",,"SYN05842170 32996 30503 10350 20108 40019 83010 333 58006 83460=",
"42170099999","2025-05-05T12:00:00","4","28.25","74.9166666","291.0","CHURU, IN","FM-12","99999","V020","050,1,N,0015,1","22000,1,9,N","004000,1,9,9","+0350,1","+0134,1","10010,1",,,,,,"04,1,+03000,1,04,1",,,,"9,AGL   ,+99999,+99999","04,99,1,04,1,99,9,03000,1,99,9,99,9",,,,"9,9,999,9,+013,1",,"SYN06442170 32996 40503 10350 20134 40010 84010 333 10368 58013 84460=",
"42170099999","2025-05-05T15:00:00","4","28.25","74.9166666","291.0","CHURU, IN","FM-12","99999","V020","180,1,N,0010,1","22000,1,9,N","004000,1,9,9","+0300,1","+0154,1","10030,1",,,,,,"03,1,+03000,1,03,1",,,,"9,AGL   ,+99999,+99999","03,99,1,03,1,99,9,03000,1,99,9,99,9",,,,"9,9,999,9,+005,1",,"SYN05842170 32996 31802 10300 20154 40030 83030 333 58005 83360=",
"42170099999","2025-05-05T18:00:00","4","28.25","74.9166666","291.0","CHURU, IN","FM-12","99999","V020","140,1,N,0010,1","22000,1,9,N","004000,1,9,9","+0266,1","+0170,1","10042,1",,,,,,"03,1,+03000,1,03,1",,,,"9,AGL   ,+99999,+99999","03,99,1,03,1,99,9,03000,1,99,9,99,9",,,,"9,9,999,9,+000,1",,"SYN05842170 32996 31402 10266 20170 40042 83030 333 58000 83360=",
"42170099999","2025-05-05T21:00:00","4","28.25","74.9166666","291.0","CHURU, IN","FM-12","99999","V020","180,1,N,0010,1","03000,1,C,N","004000,1,9,9","+0244,1","+0177,1","10043,1",,,,,,"03,1,+00750,1,06,1","03,1,+03000,1,04,1",,,"9,AGL   ,+99999,+99999","06,99,1,03,1,99,9,00750,1,99,9,99,9",,,,"9,9,999,9,+005,1",,"SYN06442170 32596 61802 10244 20177 40043 83570 333 58005 83625 83460=",
"42170099999","2025-05-06T00:00:00","4","28.25","74.9166666","291.0","CHURU, IN","FM-12","99999","V020","999,9,C,0000,1","03000,1,C,N","004000,1,9,9","+0242,1","+0175,1","10046,1",,,,,,"02,1,+00750,1,06,1","04,1,+03000,1,04,1",,,"9,AGL   ,+99999,+99999","06,99,1,02,1,99,9,00750,1,99,9,99,9",,,,"9,9,999,9,+011,1",,"SYN06442170 32596 60000 10242 20175 40046 82570 333 58011 82625 84460=",
"42170099999","2025-05-06T03:00:00","4","28.25","74.9166666","291.0","CHURU, IN","FM-12","99999","V020","140,1,N,0021,1","06000,1,9,N","004000,1,9,9","+0264,1","+0168,1","10058,1",,,,,,"05,1,+06000,1,00,1",,,,"9,AGL   ,+99999,+99999","05,99,1,05,1,99,9,06000,1,99,9,99,9","240,M,+0368,1","240,N,+0245,1",,"9,9,999,9,+005,1",,"SYN08042170 32996 51404 10264 20168 40058 80001 333 10368 20245 58005 85070 555 10030=",
"42170099999","2025-05-06T06:00:00","4","28.25","74.9166666","291.0","CHURU, IN","FM-12","99999","V020","140,1,N,0021,1","99999,9,9,N","004000,1,9,9","+0324,1","+0145,1","10054,1",,,,,,,,,,,,,,,"9,9,999,9,-003,1",,"SYN04642170 32996 01404 10324 20145 40054 333 59003=",
"42170099999","2025-05-06T09:00:00","4","28.25","74.9166666","291.0","CHURU, IN","FM-12","99999","V020","140,1,N,0005,1","03000,1,9,N","004000,1,9,9","+0332,1","+0143,1","10031,1",,,,,,"03,1,+01200,1,06,1","06,1,+03000,1,04,1",,,"9,AGL   ,+99999,+99999","06,99,1,03,1,99,9,01200,1,99,9,99,9",,,,"9,9,999,9,+010,1",,"SYN06442170 32696 61401 10332 20143 40031 83510 333 58010 83640 86460=",
"42170099999","2025-05-06T12:00:00","4","28.25","74.9166666","291.0","CHURU, IN","FM-12","99999","V020","050,1,N,0015,1","01200,1,C,N","004000,1,9,9","+0346,1","+0155,1","10007,1",,,,,,"02,1,+00900,1,08,1","05,1,+01200,1,06,1",,,"9,AGL   ,+99999,+99999","05,99,1,02,1,99,9,00900,1,99,9,99,9","240,M,+0357,1",,,"9,9,999,9,-002,1",,"SYN07042170 32596 50503 10346 20155 40007 85400 333 10357 59002 82830 85640=",
"42170099999","2025-05-06T15:00:00","4","28.25","74.9166666","291.0","CHURU, IN","FM-12","99999","V020","230,1,N,0010,1","03000,1,C,N","004000,1,9,9","+0300,1","+0154,1","10032,1",,,,,,"02,1,+01200,1,06,1","05,1,+03000,1,04,1",,,"9,AGL   ,+99999,+99999","05,99,1,02,1,99,9,01200,1,99,9,99,9",,,,"9,9,999,9,+001,1",,"SYN06442170 32696 52302 10300 20154 40032 82510 333 58001 82640 85460=",
"42170099999","2025-05-06T18:00:00","4","28.25","74.9166666","291.0","CHURU, IN","FM-12","99999","V020","999,9,C,0000,1","03000,1,9,N","004000,1,9,9","+0288,1","+0182,1","10042,1",,,,,,"03,1,+01050,1,06,1","07,1,+03000,1,04,1",,,"9,AGL   ,+99999,+99999","07,99,1,03,1,99,9,01050,1,99,9,99,9",,,,"9,9,999,9,+002,1",,"SYN06442170 32696 70000 10288 20182 40042 83510 333 58002 83635 87460=",
"42170099999","2025-05-06T21:00:00","4","28.25","74.9166666","291.0","CHURU, IN","FM-12","99999","V020","999,9,C,0000,1","02400,1,9,N","004000,1,9,9","+0276,1","+0193,1","10040,1",,,,,,"03,1,+01050,1,06,1","06,1,+02400,1,04,1",,,"9,AGL   ,+99999,+99999","06,99,1,03,1,99,9,01050,1,99,9,99,9",,,,"9,9,999,9,+000,1",,"SYN06442170 32696 60000 10276 20193 40040 83510 333 58000 83635 86458=",
"42170099999","2025-05-07T00:00:00","4","28.25","74.9166666","291.0","CHURU, IN","FM-12","99999","V020","999,9,C,0000,1","22000,1,9,N","004000,1,9,9","+0246,1","+0179,1","10046,1",,,,,,"02,1,+03000,1,03,1",,,,"9,AGL   ,+99999,+99999","02,99,1,02,1,99,9,03000,1,99,9,99,9",,,,"9,9,999,9,+000,1",,"SYN05842170 32996 20000 10246 20179 40046 82030 333 58000 82360=",
"42170099999","2025-05-07T03:00:00","4","28.25","74.9166666","291.0","CHURU, IN","FM-12","99999","V020","999,9,C,0000,1","22000,1,9,N","004000,1,9,9","+0306,1","+0178,1","10049,1",,,,,,"02,1,+06000,1,00,1",,,,"9,AGL   ,+99999,+99999","02,99,1,02,1,99,9,06000,1,99,9,99,9","240,M,+0357,1","240,N,+0242,1",,"9,9,999,9,-004,1",,"SYN08042170 32996 20000 10306 20178 40049 80001 333 10357 20242 59004 82070 555 10030=",
"42170099999","2025-05-07T06:00:00","4","28.25","74.9166666","291.0","CHURU, IN","FM-12","99999","V020","050,1,N,0005,1","22000,1,9,N","004000,1,9,9","+0350,1","+0165,1","10034,1",,,,,,"03,1,+00900,1,08,1",,,,"9,AGL   ,+99999,+99999","03,99,1,03,1,99,9,00900,1,99,9,99,9",,,,"9,9,999,9,-013,1",,"SYN05842170 32596 30501 10350 20165 40034 83100 333 59013 83830=",
"42170099999","2025-05-07T09:00:00","4","28.25","74.9166666","291.0","CHURU, IN","FM-12","99999","V020","360,1,N,0010,1","03000,1,9,N","004000,1,9,9","+0360,1","+0145,1","10012,1",,,,,,"03,1,+01050,1,06,1","06,1,+03000,1,03,1",,,"9,AGL   ,+99999,+99999","06,99,1,03,1,99,9,01050,1,99,9,99,9",,,,"9,9,999,9,-016,1",,"SYN06442170 32696 63602 10360 20145 40012 83530 333 59016 83635 86360=",
"42170099999","2025-05-07T12:00:00","4","28.25","74.9166666","291.0","CHURU, IN","FM-12","99999","V020","090,1,N,0015,1","03000,1,C,N","004000,1,9,9","+0338,1","+0169,1","10000,1","09,0000,9,1","5,1,02,1","2,1,02,1",,,"02,1,+01050,1,06,1","05,1,+03000,1,03,1",,,"9,AGL   ,+99999,+99999","05,99,1,02,1,99,9,01050,1,99,9,99,9","240,M,+0373,1",,,"9,9,999,9,-008,1","01,1","SYN08242170 21696 50903 10338 20169 40000 70152 82530 333 10373 59008 6990/ 82635 85360=","Q01  00002PRCP09"
"42170099999","2025-05-07T15:00:00","4","28.25","74.9166666","291.0","CHURU, IN","FM-12","99999","V020","050,1,N,0015,1","03000,1,C,N","004000,1,9,9","+0306,1","+0178,1","10024,1","12,0000,9,1",,,,,"02,1,+01200,1,06,1","04,1,+03000,1,03,1",,,"9,AGL   ,+99999,+99999","05,99,1,02,1,99,9,01200,1,99,9,99,9",,,,"9,9,999,9,-006,1",,"SYN07042170 22696 50503 10306 20178 40024 82530 333 59006 6990/ 82640 84360=","Q01  00002PRCP12"
"42170099999","2025-05-07T18:00:00","4","28.25","74.9166666","291.0","CHURU, IN","FM-12","99999","V020","180,1,N,0010,1","22000,1,9,N","004000,1,9,9","+0280,1","+0187,1","10036,1","15,0000,9,1",,,,,"02,1,+06000,1,01,1",,,,"9,AGL   ,+99999,+99999","02,99,1,02,1,99,9,06000,1,99,9,99,9",,,,"9,9,999,9,-007,1",,"SYN06442170 22996 21802 10280 20187 40036 80002 333 59007 6990/ 82170=","Q01  00002PRCP15"
"42170099999","2025-05-07T21:00:00","4","28.25","74.9166666","291.0","CHURU, IN","FM-12","99999","V020","999,9,C,0000,1","22000,1,9,N","004000,1,9,9","+0270,1","+0193,1","10033,1","18,0000,9,1",,,,,"01,1,+03000,1,03,1","01,1,+06000,1,00,1",,,"9,AGL   ,+99999,+99999","02,99,1,01,1,99,9,03000,1,99,9,99,9",,,,"9,9,999,9,-007,1",,"SYN07042170 22996 20000 10270 20193 40033 81031 333 59007 6990/ 81360 81070=","Q01  00002PRCP18"
"42170099999","2025-05-08T00:00:00","4","28.25","74.9166666","291.0","CHURU, IN","FM-12","99999","V020","050,1,N,0010,1","03000,1,9,N","004000,1,9,9","+0260,1","+0192,1","10035,1","21,0000,9,1",,,,,"02,1,+01200,1,06,1","07,1,+03000,1,03,1","08,1,+06000,1,00,1",,"9,AGL   ,+99999,+99999","08,99,1,02,1,99,9,01200,1,99,9,99,9",,,,"9,9,999,9,-010,1",,"SYN07642170 22696 80502 10260 20192 40035 82531 333 59010 6990/ 82640 87360 88070=","Q01  00002PRCP21"
"42170099999","2025-05-08T03:00:00","4","28.25","74.9166666","291.0","CHURU, IN","FM-12","99999","V020","140,1,N,0005,1","03000,1,9,N","004000,1,9,9","+0278,1","+0195,1","10049,1","24,0000,9,1",,,,,"02,1,+01200,1,06,1","07,1,+03000,1,03,1",,,"9,AGL   ,+99999,+99999","07,99,1,02,1,99,9,01200,1,99,9,99,9","240,M,+0373,1","240,N,+0256,1",,"9,9,999,9,-003,1",,"SYN09242170 22696 71401 10278 20195 40049 82530 333 10373 20256 59003 6990/ 82640 87360 555 10030=","Q01  00002PRCP24"
"42170099999","2025-05-08T06:00:00","4","28.25","74.9166666","291.0","CHURU, IN","FM-12","99999","V020","140,1,N,0010,1","00750,1,C,N","004000,1,9,9","+0362,1","+0186,1","10041,1",,,,,,"05,1,+00750,1,08,1",,,,"9,AGL   ,+99999,+99999","05,99,1,05,1,99,9,00750,1,99,9,99,9",,,,"9,9,999,9,+005,1",,"SYN05842170 32596 51402 10362 20186 40041 85800 333 58005 85825=",
"42170099999","2025-05-08T09:00:00","4","28.25","74.9166666","291.0","CHURU, IN","FM-12","99999","V020","140,1,N,0010,1","03000,1,9,N","004000,1,9,9","+0380,1","+0183,1","10013,1",,,,,,"04,1,+00900,1,06,1","06,1,+03000,1,04,1",,,"9,AGL   ,+99999,+99999","06,99,1,04,1,99,9,00900,1,99,9,99,9",,,,"9,9,999,9,+003,1",,"SYN06442170 32596 61402 10380 20183 40013 84510 333 58003 84630 86460=",
"42170099999","2025-05-08T12:00:00","4","28.25","74.9166666","291.0","CHURU, IN","FM-12","99999","V020","140,1,N,0021,1","02400,1,9,N","004000,1,9,9","+0320,1","+0196,1","10014,1","09,0000,9,1","9,1,02,1","6,1,02,1",,,"01,1,+00750,1,09,1","04,1,+00900,1,06,1","06,1,+02400,1,04,1",,"9,AGL   ,+99999,+99999","06,99,1,01,1,99,9,00750,1,99,9,99,9",,,,"9,9,999,9,+018,1","17,1","SYN08842170 21596 61404 10320 20196 40014 71796 84310 333 10382 58018 6990/ 81925 84630 86458=","Q01  00002PRCP09"
"42170099999","2025-05-08T15:00:00","4","28.25","74.9166666","291.0","CHURU, IN","FM-12","99999","V020","140,1,N,0005,1","22000,1,9,N","004000,1,9,9","+0294,1","+0203,1","10036,1","12,0000,9,1","9,1,02,1","6,1,02,1",,,"01,1,+01200,1,06,1","03,1,+03000,1,04,1",,,"9,AGL   ,+99999,+99999","03,99,1,01,1,99,9,01200,1,99,9,99,9",,,,"9,9,999,9,+010,1","01,1","SYN07642170 21696 31401 10294 20203 40036 70196 81510 333 58010 6990/ 81640 83460=","Q01  00002PRCP12"
"42170099999","2025-05-08T18:00:00","4","28.25","74.9166666","291.0","CHURU, IN","FM-12","99999","V020","999,9,C,0000,1","22000,1,9,N","004000,1,9,9","+0270,1","+0200,1","10054,1","15,0000,9,1","9,1,02,1","6,1,02,1",,,"01,1,+03000,1,04,1",,,,"9,AGL   ,+99999,+99999","01,99,1,01,1,99,9,03000,1,99,9,99,9",,,,"9,9,999,9,+017,1","01,1","SYN07042170 21996 10000 10270 20200 40054 70196 81010 333 58017 6990/ 81460=","Q01  00002PRCP15"
"42170099999","2025-05-08T21:00:00","4","28.25","74.9166666","291.0","CHURU, IN","FM-12","99999","V020","999,9,C,0000,1","22000,1,9,N","004000,1,9,9","+0260,1","+0205,1","10051,1","18,0000,9,1",,,,,"03,1,+03000,1,04,1",,,,"9,AGL   ,+99999,+99999","03,99,1,03,1,99,9,03000,1,99,9,99,9",,,,"9,9,999,9,+016,1",,"SYN06442170 22996 30000 10260 20205 40051 83010 333 58016 6990/ 83460=","Q01  00002PRCP18"
"42170099999","2025-05-09T00:00:00","4","28.25","74.9166666","291.0","CHURU, IN","FM-12","99999","V020","999,9,C,0000,1","03000,1,9,N","004000,1,9,9","+0254,1","+0208,1","10059,1","21,0000,9,1",,,,,"03,1,+01200,1,06,1","06,1,+03000,1,04,1",,,"9,AGL   ,+99999,+99999","06,99,1,03,1,99,9,01200,1,99,9,99,9",,,,"9,9,999,9,+023,1",,"SYN07042170 22696 60000 10254 20208 40059 83510 333 58023 6990/ 83640 86460=","Q01  00002PRCP21"
"42170099999","2025-05-09T03:00:00","4","28.25","74.9166666","291.0","CHURU, IN","FM-12","99999","V020","090,1,N,0010,1","99999,9,9,N","004000,1,9,9","+0286,1","+0208,1","10066,1","24,0000,9,1",,,,,,,,,,,"240,M,+0382,1","240,N,+0250,1",,"9,9,999,9,+017,1",,"SYN06442170 22996 00902 10286 20208 40066 333 10382 20250 58017 6990/=","Q01  00002PRCP24"
"42170099999","2025-05-09T06:00:00","4","28.25","74.9166666","291.0","CHURU, IN","FM-12","99999","V020","230,1,N,0010,1","22000,1,9,N","004000,1,9,9","+0350,1","+0208,1","10065,1",,,,,,"04,1,+00750,1,06,1",,,,"9,AGL   ,+99999,+99999","04,99,1,04,1,99,9,00750,1,99,9,99,9",,,,"9,9,999,9,+021,1",,"SYN05842170 32596 42302 10350 20208 40065 84500 333 58021 84625=",
"42170099999","2025-05-09T09:00:00","4","28.25","74.9166666","291.0","CHURU, IN","FM-12","99999","V020","050,1,N,0010,1","00900,1,C,N","004000,1,9,9","+0366,1","+0199,1","10037,1",,,,,,"06,1,+00900,1,08,1","04,1,+01200,1,06,1","08,1,+03000,1,04,1",,"9,AGL   ,+99999,+99999","08,99,1,06,1,99,9,00900,1,99,9,99,9",,,,"9,9,999,9,+023,1",,"SYN07042170 32596 80502 10366 20199 40037 8641/ 333 58023 86830 84640 88460=",
"42170099999","2025-05-09T12:00:00","4","28.25","74.9166666","291.0","CHURU, IN","FM-12","99999","V020","999,9,C,0000,1","01200,1,C,N","004000,1,9,9","+0362,1","+0209,1","10019,1",,,,,,"02,1,+00900,1,08,1","03,1,+01200,1,06,1","07,1,+03000,1,04,1",,"9,AGL   ,+99999,+99999","07,99,1,02,1,99,9,00900,1,99,9,99,9","240,M,+0381,1",,,"9,9,999,9,-003,1",,"SYN07642170 32696 70000 10362 20209 40019 83410 333 10381 59003 82830 83640 87460=",
"42170099999","2025-05-09T15:00:00","4","28.25","74.9166666","291.0","CHURU, IN","FM-12","99999","V020","360,1,N,0010,1","02400,1,9,N","004000,1,9,9","+0304,1","+0215,1","10051,1","12,0000,9,1","9,1,02,1","5,1,02,1",,,"03,1,+01050,1,06,1","07,1,+02400,1,04,1","01,1,+00900,1,09,1",,"9,AGL   ,+99999,+99999","08,99,1,03,1,99,9,01050,1,99,9,99,9",,,,"9,9,999,9,+016,1","29,1","SYN08242170 21596 83602 10304 20215 40051 72995 8432/ 333 58016 6990/ 83635 87458 81930=","Q01  00002PRCP12"
"42170099999","2025-05-09T18:00:00","4","28.25","74.9166666","291.0","CHURU, IN","FM-12","99999","V020","999,9,C,0000,1","03000,1,C,N","004000,1,9,9","+0272,1","+0225,1","10056,1","15,0002,3,1","9,1,02,1","5,1,02,1",,,"03,1,+01140,1,06,1","05,1,+03000,1,04,1",,,"9,AGL   ,+99999,+99999","05,99,1,03,1,99,9,01140,1,99,9,99,9",,,,"9,9,999,9,+002,1","01,1","SYN07642170 21696 50000 10272 20225 40056 70195 83520 333 58002 6992/ 83638 85460=",
"42170099999","2025-05-09T21:00:00","4","28.25","74.9166666","291.0","CHURU, IN","FM-12","99999","V020","999,9,C,0000,1","99999,9,C,N","004000,1,9,9","+0248,1","+0205,1","10054,1","18,0002,3,1",,,,,"03,1,+01140,1,06,1","04,1,+03000,1,04,1",,,"9,AGL   ,+99999,+99999","04,99,1,03,1,99,9,01140,1,99,9,99,9",,,,"9,9,999,9,+002,1",,"SYN07042170 22696 40000 10248 20205 40054 83520 333 58002 6992/ 83638 84460=","Q01 030003SCOCIG"
"42170099999","2025-05-10T00:00:00","4","28.25","74.9166666","291.0","CHURU, IN","FM-12","99999","V020","999,9,C,0000,1","22000,1,9,N","004000,1,9,9","+0252,1","+0219,1","10054,1","21,0002,3,1",,,,,"02,1,+01200,1,06,1",,,,"9,AGL   ,+99999,+99999","02,99,1,02,1,99,9,01200,1,99,9,99,9",,,,"9,9,999,9,-004,1",,"SYN06442170 22696 20000 10252 20219 40054 82500 333 59004 6992/ 82640=",
"42170099999","2025-05-10T03:00:00","4","28.25","74.9166666","291.0","CHURU, IN","FM-12","99999","V020","180,1,N,0010,1","99999,9,9,N","002000,1,9,9","+0284,1","+0225,1","10072,1","24,0002,3,1","0,1,02,1","0,1,02,1",,,,,,,,,"240,M,+0381,1","240,N,+0251,1",,"9,9,999,9,+006,1","05,1","SYN07042170 21995 01802 10284 20225 40072 70500 333 10381 20251 58006 6992/=",
"42170099999","2025-05-10T06:00:00","4","28.25","74.9166666","291.0","CHURU, IN","FM-12","99999","V020","270,1,N,0010,1","22000,1,9,N","002000,1,9,9","+0358,1","+0211,1","10063,1",,"0,1,02,1","0,1,02,1",,,"01,1,+01200,1,06,1",,,,"9,AGL   ,+99999,+99999","01,99,1,01,1,99,9,01200,1,99,9,99,9",,,,"9,9,999,9,-001,1","05,1","SYN06442170 31695 12702 10358 20211 40063 70500 81500 333 59001 81640=",
"42170099999","2025-05-10T09:00:00","4","28.25","74.9166666","291.0","CHURU, IN","FM-12","99999","V020","360,1,N,0010,1","22000,1,9,N","004000,1,9,9","+0382,1","+0194,1","10037,1",,,,,,"04,1,+00750,1,08,1",,,,"9,AGL   ,+99999,+99999","04,99,1,04,1,99,9,00750,1,99,9,99,9",,,,"9,9,999,9,+002,1",,"SYN05842170 32596 43602 10382 20194 40037 84800 333 58002 84825=",
"42170099999","2025-05-10T12:00:00","4","28.25","74.9166666","291.0","CHURU, IN","FM-12","99999","V020","320,1,N,0010,1","22000,1,9,N","004000,1,9,9","+0382,1","+0194,1","10010,1",,,,,,"03,1,+00750,1,08,1",,,,"9,AGL   ,+99999,+99999","03,99,1,03,1,99,9,00750,1,99,9,99,9","240,M,+0396,1",,,"9,9,999,9,-007,1",,"SYN06442170 32596 33202 10382 20194 40010 83800 333 10396 59007 83825=",
"42170099999","2025-05-10T15:00:00","4","28.25","74.9166666","291.0","CHURU, IN","FM-12","99999","V020","230,1,N,0010,1","99999,9,9,N","004000,1,9,9","+0314,1","+0220,1","10041,1",,,,,,,,,,,,,,,"9,9,999,9,-009,1",,"SYN04642170 32996 02302 10314 20220 40041 333 59009=",
"42170099999","2025-05-10T18:00:00","4","28.25","74.9166666","291.0","CHURU, IN","FM-12","99999","V020","180,1,N,0005,1","99999,9,9,N","004000,1,9,9","+0298,1","+0218,1","10049,1",,,,,,,,,,,,,,,"9,9,999,9,-004,1",,"SYN04642170 32996 01801 10298 20218 40049 333 59004=",
"42170099999","2025-05-10T21:00:00","4","28.25","74.9166666","291.0","CHURU, IN","FM-12","99999","V020","999,9,C,0000,1","99999,9,9,N","004000,1,9,9","+0282,1","+0213,1","10046,1",,,,,,,,,,,,,,,"9,9,999,9,-004,1",,"SYN04642170 32996 00000 10282 20213 40046 333 59004=",
"42170099999","2025-05-11T00:00:00","4","28.25","74.9166666","291.0","CHURU, IN","FM-12","99999","V020","999,9,C,0000,1","99999,9,9,N","004000,1,9,9","+0268,1","+0217,1","10045,1",,,,,,,,,,,,,,,"9,9,999,9,-008,1",,"SYN04642170 32996 00000 10268 20217 40045 333 59008=",
"42170099999","2025-05-11T03:00:00","4","28.25","74.9166666","291.0","CHURU, IN","FM-12","99999","V020","999,9,C,0000,1","99999,9,9,N","004000,1,9,9","+0316,1","+0212,1","10053,1",,,,,,,,,,,,"240,M,+0396,1","240,N,+0265,1",,"9,9,999,9,-015,1",,"SYN06842170 32996 00000 10316 20212 40053 333 10396 20265 59015 555 10031=",
"42170099999","2025-05-11T06:00:00","4","28.25","74.9166666","291.0","CHURU, IN","FM-12","99999","V020","230,1,N,0005,1","99999,9,9,N","004000,1,9,9","+0392,1","+0200,1","10044,1",,,,,,,,,,,,,,,"9,9,999,9,-015,1",,"SYN04642170 32996 02301 10392 20200 40044 333 59015=",
"42170099999","2025-05-11T09:00:00","4","28.25","74.9166666","291.0","CHURU, IN","FM-12","99999","V020","180,1,N,0010,1","03000,1,C,N","004000,1,9,9","+0418,1","+0184,1","10012,1",,,,,,"02,1,+01200,1,06,1","05,1,+03000,1,03,1",,,"9,AGL   ,+99999,+99999","05,99,1,02,1,99,9,01200,1,99,9,99,9",,,,"9,9,999,9,-022,1",,"SYN06442170 32696 51802 10418 20184 40012 82530 333 59022 82640 85360=",
"42170099999","2025-05-11T12:00:00","4","28.25","74.9166666","291.0","CHURU, IN","FM-12","99999","V020","320,1,N,0010,1","22000,1,9,N","004000,1,9,9","+0404,1","+0180,1","09979,1",,,,,,"03,1,+03000,1,03,1",,,,"9,AGL   ,+99999,+99999","03,99,1,03,1,99,9,03000,1,99,9,99,9","240,M,+0420,1",,,"9,9,999,9,-028,1",,"SYN06442170 32996 33202 10404 20180 49979 83030 333 10420 59028 83360=",
"42170099999","2025-05-11T15:00:00","4","28.25","74.9166666","291.0","CHURU, IN","FM-12","99999","V020","360,1,N,0010,1","00900,1,C,N","002000,1,9,9","+0278,2","+0202,1","10035,1","12,0030,3,1","9,1,02,1","6,1,02,1",,,"06,1,+00900,1,08,1","08,1,+01200,1,06,1",,,"9,AGL   ,+99999,+99999","08,99,1,06,1,99,9,00900,1,99,9,99,9",,,,"9,9,999,9,-010,1","02,1","SYN07642170 21595 83602 10278 20202 40035 70296 888// 333 59010 6003/ 86830 88640=",
"42170099999","2025-05-11T18:00:00","4","28.25","74.9166666","291.0","CHURU, IN","FM-12","99999","V020","180,1,N,0005,1","01200,1,C,N","002000,1,9,9","+0282,1","+0193,1","10037,1","15,0040,3,1","9,1,02,1","6,1,02,1",,,"02,1,+00900,1,08,1","04,1,+01200,1,06,1","07,1,+03000,1,03,1",,"9,AGL   ,+99999,+99999","08,99,1,02,1,99,9,00900,1,99,9,99,9",,,,"9,9,999,9,-013,1","01,1","SYN08242170 21595 81801 10282 20193 40037 70196 8443/ 333 59013 6004/ 82830 84640 87360=",
"42170099999","2025-05-11T21:00:00","4","28.25","74.9166666","291.0","CHURU, IN","FM-12","99999","V020","090,1,N,0010,1","03000,1,9,N","004000,1,9,9","+0256,1","+0184,1","10043,1","18,0040,3,1",,,,,"02,1,+01200,1,06,1","07,1,+03000,1,03,1","08,1,+06000,1,00,1",,"9,AGL   ,+99999,+99999","08,99,1,02,1,99,9,01200,1,99,9,99,9",,,,"9,9,999,9,-006,1",,"SYN07642170 22696 80902 10256 20184 40043 82531 333 59006 6004/ 82640 87360 88070=",
"42170099999","2025-05-12T00:00:00","4","28.25","74.9166666","291.0","CHURU, IN","FM-12","99999","V020","999,9,C,0000,1","22000,1,9,N","004000,1,9,9","+0238,1","+0191,1","10042,1","21,0040,3,1",,,,,"04,1,+03000,1,03,1",,,,"9,AGL   ,+99999,+99999","04,99,1,04,1,99,9,03000,1,99,9,99,9",,,,"9,9,999,9,-006,1",,"SYN06442170 22996 40000 10238 20191 40042 84030 333 59006 6004/ 84360=",
"42170099999","2025-05-12T03:00:00","4","28.25","74.9166666","291.0","CHURU, IN","FM-12","99999","V020","140,1,N,0010,1","99999,9,9,N","004000,1,9,9","+0292,1","+0183,1","10044,1","24,0040,3,1",,,,,,,,,,,"240,M,+0420,1","240,N,+0235,1",,"9,9,999,9,-011,1",,"SYN06442170 22996 01402 10292 20183 40044 333 10420 20235 59011 6004/=",
"42170099999","2025-05-12T06:00:00","4","28.25","74.9166666","291.0","CHURU, IN","FM-12","99999","V020","320,1,N,0010,1","99999,9,9,N","004000,1,9,9","+0374,1","+0191,1","10035,1",,,,,,,,,,,,,,,"9,9,999,9,-010,1",,"SYN04642170 32996 03202 10374 20191 40035 333 59010=",
"42170099999","2025-05-12T09:00:00","4","28.25","74.9166666","291.0","CHURU, IN","FM-12","99999","V020","320,1,N,0010,1","22000,1,9,N","004000,1,9,9","+0408,1","+0194,1","10010,1",,,,,,"02,1,+01050,1,08,1",,,,"9,AGL   ,+99999,+99999","02,99,1,02,1,99,9,01050,1,99,9,99,9",,,,"9,9,999,9,-003,1",,"SYN05842170 32696 23202 10408 20194 40010 82100 333 59003 82835=",
"42170099999","2025-05-12T12:00:00","4","28.25","74.9166666","291.0","CHURU, IN","FM-12","99999","V020","320,1,N,0015,1","03000,1,C,N","004000,1,9,9","+0410,1","+0181,1","09986,1",,,,,,"03,1,+00900,1,06,1","05,1,+03000,1,04,1",,,"9,AGL   ,+99999,+99999","05,99,1,03,1,99,9,00900,1,99,9,99,9","240,M,+0415,1",,,"9,9,999,9,+007,1",,"SYN07042170 32596 53203 10410 20181 49986 83510 333 10415 58007 83630 85460=",
"42170099999","2025-05-12T15:00:00","4","28.25","74.9166666","291.0","CHURU, IN","FM-12","99999","V020","090,1,N,0010,1","99999,9,C,N","004000,1,9,9","+0312,1","+0186,1","10019,1",,,,,,"02,1,+00900,1,06,1","04,1,+03000,1,03,1",,,"9,AGL   ,+99999,+99999","04,99,1,02,1,99,9,00900,1,99,9,99,9",,,,"9,9,999,9,-011,1",,"SYN06442170 32596 40902 10312 20186 40019 82530 333 59011 82630 84360=","Q01 030003SCOCIG"
"42170099999","2025-05-12T21:00:00","4","28.25","74.9166666","291.0","CHURU, IN","FM-12","99999","V020","140,1,N,0015,1","03000,1,9,N","004000,1,9,9","+0270,1","+0179,1","10024,1","18,0000,9,1","9,1,02,1","5,1,02,1",,,"03,1,+00900,1,06,1","06,1,+03000,1,04,1",,,"9,AGL   ,+99999,+99999","06,99,1,03,1,99,9,00900,1,99,9,99,9",,,,"9,9,999,9,-017,1","02,1","SYN07642170 21596 61403 10270 20179 40024 70295 83510 333 59017 6990/ 83630 86460=","Q01  00002PRCP18"
"42170099999","2025-05-13T00:00:00","4","28.25","74.9166666","291.0","CHURU, IN","FM-12","99999","V020","230,1,N,0005,1","22000,1,9,N","004000,1,9,9","+0262,1","+0173,1","10037,1","21,0000,9,1",,,,,"02,1,+00900,1,06,1",,,,"9,AGL   ,+99999,+99999","02,99,1,02,1,99,9,00900,1,99,9,99,9",,,,"9,9,999,9,-002,1",,"SYN06442170 22596 22301 10262 20173 40037 82500 333 59002 6990/ 82630=","Q01  00002PRCP21"
"42170099999","2025-05-13T03:00:00","4","28.25","74.9166666","291.0","CHURU, IN","FM-12","99999","V020","230,1,N,0010,1","99999,9,9,N","004000,1,9,9","+0304,1","+0191,1","10045,1","24,0000,9,1",,,,,,,,,,,"240,M,+0415,1","240,N,+0256,1",,"9,9,999,9,+002,1",,"SYN08042170 22996 02302 10304 20191 40045 333 10415 20256 58002 6990/ 555 00000 10035=","Q01  00002PRCP24"
"42170099999","2025-05-13T06:00:00","4","28.25","74.9166666","291.0","CHURU, IN","FM-12","99999","V020","230,1,N,0010,1","99999,9,9,N","004000,1,9,9","+0378,1","+0207,1","10039,1",,,,,,,,,,,,,,,"9,9,999,9,+004,1",,"SYN04642170 32996 02302 10378 20207 40039 333 58004=",
"42170099999","2025-05-13T09:00:00","4","28.25","74.9166666","291.0","CHURU, IN","FM-12","99999","V020","230,1,N,0021,1","22000,1,9,N","002000,1,9,9","+0412,1","+0192,1","10012,1",,"0,1,02,1","0,1,02,1",,,"03,1,+01200,1,06,1",,,,"9,AGL   ,+99999,+99999","03,99,1,03,1,99,9,01200,1,99,9,99,9",,,,"9,9,999,9,+003,1","05,1","SYN06442170 31695 32304 10412 20192 40012 70500 83500 333 58003 83640=",
"42170099999","2025-05-13T12:00:00","4","28.25","74.9166666","291.0","CHURU, IN","FM-12","99999","V020","270,1,N,0021,1","22000,1,9,N","002000,1,9,9","+0408,1","+0165,1","09985,1",,"0,1,02,1","0,1,02,1",,,"03,1,+00900,1,08,1",,,,"9,AGL   ,+99999,+99999","03,99,1,03,1,99,9,00900,1,99,9,99,9","240,M,+0419,1",,,"9,9,999,9,-001,1","05,1","SYN07042170 31595 32704 10408 20165 49985 70500 83200 333 10419 59001 83830=",
"42170099999","2025-05-13T15:00:00","4","28.25","74.9166666","291.0","CHURU, IN","FM-12","99999","V020","140,1,N,0021,1","22000,1,9,N","004000,1,9,9","+0306,1","+0182,1","10023,1","12,0000,9,1","9,1,02,1","5,1,02,1",,,"04,1,+01200,1,06,1",,,,"9,AGL   ,+99999,+99999","04,99,1,04,1,99,9,01200,1,99,9,99,9",,,,"9,9,999,9,+003,1","01,1","SYN07042170 21696 41404 10306 20182 40023 70195 84500 333 58003 6990/ 84640=","Q01  00002PRCP12"
"42170099999","2025-05-13T18:00:00","4","28.25","74.9166666","291.0","CHURU, IN","FM-12","99999","V020","180,1,N,0015,1","22000,1,9,N","004000,1,9,9","+0296,1","+0177,1","10027,1","15,0000,9,1","9,1,02,1","5,1,02,1",,,"04,1,+01200,1,06,1",,,,"9,AGL   ,+99999,+99999","04,99,1,04,1,99,9,01200,1,99,9,99,9",,,,"9,9,999,9,-013,1","02,1","SYN07042170 21696 41803 10296 20177 40027 70295 84500 333 59013 6990/ 84640=","Q01  00002PRCP15"
"42170099999","2025-05-13T21:00:00","4","28.25","74.9166666","291.0","CHURU, IN","FM-12","99999","V020","180,1,N,0010,1","22000,1,9,N","004000,1,9,9","+0282,1","+0178,1","10022,1","18,0000,9,1",,,,,"03,1,+01200,1,06,1",,,,"9,AGL   ,+99999,+99999","03,99,1,03,1,99,9,01200,1,99,9,99,9",,,,"9,9,999,9,+000,1",,"SYN06442170 22696 31802 10282 20178 40022 83500 333 58000 6990/ 83640=","Q01  00002PRCP18"
"42170099999","2025-05-14T00:00:00","4","28.25","74.9166666","291.0","CHURU, IN","FM-12","99999","V020","180,1,N,0005,1","99999,9,9,N","004000,1,9,9","+0268,1","+0194,1","10032,1","21,0000,9,1",,,,,,,,,,"99,99,9,03,1,99,9,99999,9,99,9,99,9",,,,"9,9,999,9,-004,1",,"SYN05842170 22696 01801 10268 20194 40032 83500 333 59004 6990/=","Q01  00002PRCP21"
"42170099999","2025-05-14T03:00:00","4","28.25","74.9166666","291.0","CHURU, IN","FM-12","99999","V020","180,1,N,0021,1","99999,9,9,N","002000,1,9,9","+0322,1","+0187,1","10045,1","24,0000,9,1","0,1,02,1","0,1,02,1",,,,,,,,,"240,M,+0419,1","240,N,+0262,1",,"9,9,999,9,+002,1","05,1","SYN08042170 21995 01804 10322 20187 40045 70500 333 10419 20262 58002 6990/ 555 10035=","Q01  00002PRCP24"
"42170099999","2025-05-14T06:00:00","4","28.25","74.9166666","291.0","CHURU, IN","FM-12","99999","V020","270,1,N,0021,1","99999,9,9,N","002000,1,9,9","+0396,1","+0201,1","10036,1",,"0,1,02,1","0,1,02,1",,,,,,,,,,,,"9,9,999,9,-001,1","05,1","SYN05242170 31995 02704 10396 20201 40036 70500 333 59001=",
"42170099999","2025-05-14T09:00:00","4","28.25","74.9166666","291.0","CHURU, IN","FM-12","99999","V020","320,1,N,0010,1","22000,1,9,N","004000,1,9,9","+0422,1","+0159,1","10012,1",,,,,,"03,1,+00900,1,08,1",,,,"9,AGL   ,+99999,+99999","03,99,1,03,1,99,9,00900,1,99,9,99,9",,,,"9,9,999,9,+001,1",,"SYN05842170 32596 33202 10422 20159 40012 83100 333 58001 83830=",
"42170099999","2025-05-14T12:00:00","4","28.25","74.9166666","291.0","CHURU, IN","FM-12","99999","V020","320,1,N,0015,1","03000,1,9,N","004000,1,9,9","+0372,1","+0149,1","09999,1","09,0000,9,1","9,1,02,1","6,1,02,1",,,"01,1,+00750,1,09,1","04,1,+00900,1,06,1","06,1,+03000,1,04,1",,"9,AGL   ,+99999,+99999","06,99,1,01,1,99,9,00750,1,99,9,99,9","240,M,+0434,1",,,"9,9,999,9,+011,1","17,1","SYN08842170 21596 63203 10372 20149 49999 71796 84310 333 10434 58011 6990/ 81925 84630 86460=","Q01  00002PRCP09"
"42170099999","2025-05-14T15:00:00","4","28.25","74.9166666","291.0","CHURU, IN","FM-12","99999","V020","320,1,N,0015,1","99999,9,C,N","004000,1,9,9","+0316,1","+0151,1","10037,1","12,0000,9,1","9,1,02,1","2,1,02,1",,,"03,1,+01050,1,06,1","04,1,+03000,1,04,1",,,"9,AGL   ,+99999,+99999","04,99,1,03,1,99,9,01050,1,99,9,99,9",,,,"9,9,999,9,+014,1","01,1","SYN07642170 21696 43203 10316 20151 40037 70192 83510 333 58014 6990/ 83635 84460=","Q01  00002PRCP12Q02 030003SCOCIG"
"42170099999","2025-05-14T18:00:00","4","28.25","74.9166666","291.0","CHURU, IN","FM-12","99999","V020","230,1,N,0005,1","22000,1,9,N","004000,1,9,9","+0310,1","+0155,1","10031,1","15,0000,9,1","9,1,02,1","1,1,02,1",,,"02,1,+03000,1,03,1",,,,"9,AGL   ,+99999,+99999","02,99,1,02,1,99,9,03000,1,99,9,99,9",,,,"9,9,999,9,+004,1","01,1","SYN07042170 21996 22301 10310 20155 40031 70191 82030 333 58004 6990/ 82360=","Q01  00002PRCP15"
"42170099999","2025-05-14T21:00:00","4","28.25","74.9166666","291.0","CHURU, IN","FM-12","99999","V020","999,9,C,0000,1","22000,1,9,N","004000,1,9,9","+0296,1","+0161,1","10028,1","18,0000,9,1",,,,,"01,1,+03000,1,03,1",,,,"9,AGL   ,+99999,+99999","01,99,1,01,1,99,9,03000,1,99,9,99,9",,,,"9,9,999,9,+007,1",,"SYN06442170 22996 10000 10296 20161 40028 81030 333 58007 6990/ 81360=","Q01  00002PRCP18"
"42170099999","2025-05-15T00:00:00","4","28.25","74.9166666","291.0","CHURU, IN","FM-12","99999","V020","230,1,N,0005,1","99999,9,9,N","004000,1,9,9","+0272,1","+0174,1","10049,1","21,0000,9,1",,,,,,,,,,,,,,"9,9,999,9,+017,1",,"SYN05242170 22996 02301 10272 20174 40049 333 58017 6990/=","Q01  00002PRCP21"
"42170099999","2025-05-15T03:00:00","4","28.25","74.9166666","291.0","CHURU, IN","FM-12","99999","V020","230,1,N,0005,1","99999,9,9,N","004000,1,9,9","+0344,1","+0143,1","10043,1","24,0000,9,1",,,,,,,,,,,"240,M,+0434,1","240,N,+0267,1",,"9,9,999,9,+000,1",,"SYN07442170 22996 02301 10344 20143 40043 333 10434 20267 58000 6990/ 555 10035=","Q01  00002PRCP24"
"42170099999","2025-05-15T06:00:00","4","28.25","74.9166666","291.0","CHURU, IN","FM-12","99999","V020","360,1,N,0010,1","99999,9,9,N","004000,1,9,9","+0404,1","+0176,1","10032,1",,,,,,,,,,,,,,,"9,9,999,9,-003,1",,"SYN04642170 32996 03602 10404 20176 40032 333 59003=",
"42170099999","2025-05-15T09:00:00","4","28.25","74.9166666","291.0","CHURU, IN","FM-12","99999","V020","320,1,N,0015,1","99999,9,C,N","004000,1,9,9","+0438,1","+0162,1","10011,1",,,,,,"02,1,+01050,1,08,1","04,1,+01200,1,06,1",,,"9,AGL   ,+99999,+99999","04,99,1,02,1,99,9,01050,1,99,9,99,9",,,,"9,9,999,9,+000,1",,"SYN06442170 32696 43203 10438 20162 40011 84800 333 58000 82835 84640=","Q01 012003SCOCIG"
"42170099999","2025-05-15T12:00:00","4","28.25","74.9166666","291.0","CHURU, IN","FM-12","99999","V020","320,1,N,0015,1","99999,9,C,N","004000,1,9,9","+0434,1","+0155,1","09991,1",,,,,,"02,1,+01050,1,08,1","04,1,+01200,1,06,1",,,"9,AGL   ,+99999,+99999","04,99,1,02,1,99,9,01050,1,99,9,99,9","240,M,+0441,1",,,"9,9,999,9,-002,1",,"SYN07042170 32696 43203 10434 20155 49991 84800 333 10441 59002 82835 84640=","Q01 012003SCOCIG"
"42170099999","2025-05-15T15:00:00","4","28.25","74.9166666","291.0","CHURU, IN","FM-12","99999","V020","999,9,C,0000,1","99999,9,9,N","004000,1,9,9","+0372,1","+0176,1","10001,1",,,,,,,,,,,,,,,"9,9,999,9,-028,1",,"SYN04642170 32996 00000 10372 20176 40001 333 59028=",
"42170099999","2025-05-15T18:00:00","4","28.25","74.9166666","291.0","CHURU, IN","FM-12","99999","V020","180,1,N,0005,1","99999,9,9,N","004000,1,9,9","+0328,1","+0180,1","10012,1",,"0,1,02,1","0,1,02,1",,,,,,,,,,,,"9,9,999,9,-016,1","05,1","SYN05242170 31996 01801 10328 20180 40012 70500 333 59016=",
"42170099999","2025-05-15T21:00:00","4","28.25","74.9166666","291.0","CHURU, IN","FM-12","99999","V020","999,9,C,0000,1","99999,9,9,N","002000,1,9,9","+0308,1","+0165,1","10008,1",,"0,1,02,1","0,1,02,1",,,,,,,,,,,,"9,9,999,9,-018,1","05,1","SYN05242170 31995 00000 10308 20165 40008 70500 333 59018=",
"42170099999","2025-05-16T00:00:00","4","28.25","74.9166666","291.0","CHURU, IN","FM-12","99999","V020","999,9,C,0000,1","99999,9,9,N","004000,1,9,9","+0282,1","+0167,1","10022,1",,,,,,,,,,,,,,,"9,9,999,9,-025,1",,"SYN04642170 32996 00000 10282 20167 40022 333 59025=",
"42170099999","2025-05-16T03:00:00","4","28.25","74.9166666","291.0","CHURU, IN","FM-12","99999","V020","180,1,N,0005,1","99999,9,9,N","004000,1,9,9","+0346,1","+0180,1","10032,1",,,,,,,,,,,,"240,M,+0441,1","240,N,+0277,1",,"9,9,999,9,-011,1",,"SYN06842170 32996 01801 10346 20180 40032 333 10441 20277 59011 555 10035=",
"42170099999","2025-05-16T06:00:00","4","28.25","74.9166666","291.0","CHURU, IN","FM-12","99999","V020","270,1,N,0010,1","99999,9,9,N","004000,1,9,9","+0410,1","+0185,1","10024,1",,,,,,,,,,,,,,,"9,9,999,9,-008,1",,"SYN04642170 32996 02702 10410 20185 40024 333 59008=",
"42170099999","2025-05-16T09:00:00","4","28.25","74.9166666","291.0","CHURU, IN","FM-12","99999","V020","230,1,N,0010,1","22000,1,9,N","004000,1,9,9","+0448,1","+0160,1","10001,1",,,,,,"01,1,+03000,1,03,1",,,,"9,AGL   ,+99999,+99999","01,99,1,01,1,99,9,03000,1,99,9,99,9",,,,"9,9,999,9,-009,1",,"SYN05842170 32996 12302 10448 20160 40001 81030 333 59009 81360=",
"42170099999","2025-05-16T12:00:00","4","28.25","74.9166666","291.0","CHURU, IN","FM-12","99999","V020","230,1,N,0010,1","22000,1,9,N","004000,1,9,9","+0446,1","+0152,1","09973,1",,,,,,"02,1,+00900,1,08,1",,,,"9,AGL   ,+99999,+99999","02,99,1,02,1,99,9,00900,1,99,9,99,9","240,M,+0456,1",,,"9,9,999,9,-017,1",,"SYN06442170 32596 22302 10446 20152 49973 82100 333 10456 59017 82830=",
"42170099999","2025-05-16T15:00:00","4","28.25","74.9166666","291.0","CHURU, IN","FM-12","99999","V020","999,9,C,0000,1","22000,1,9,N","004000,1,9,9","+0386,1","+0179,1","09996,1",,,,,,"01,1,+03000,1,04,1",,,,"9,AGL   ,+99999,+99999","01,99,1,01,1,99,9,03000,1,99,9,99,9",,,,"9,9,999,9,-004,1",,"SYN05842170 32996 10000 10386 20179 49996 81010 333 59004 81460=",
"42170099999","2025-05-16T18:00:00","4","28.25","74.9166666","291.0","CHURU, IN","FM-12","99999","V020","230,1,N,0005,1","99999,9,9,N","004000,1,9,9","+0344,1","+0148,1","10005,1",,,,,,,,,,,,,,,"9,9,999,9,-005,1",,"SYN04642170 32996 02301 10344 20148 40005 333 59005=",
"42170099999","2025-05-16T21:00:00","4","28.25","74.9166666","291.0","CHURU, IN","FM-12","99999","V020","999,9,C,0000,1","99999,9,9,N","004000,1,9,9","+0334,1","+0191,1","10002,1",,,,,,,,,,,,,,,"9,9,999,9,-003,1",,"SYN04642170 32996 00000 10334 20191 40002 333 59003=",
"42170099999","2025-05-17T00:00:00","4","28.25","74.9166666","291.0","CHURU, IN","FM-12","99999","V020","999,9,C,0000,1","99999,9,9,N","004000,1,9,9","+0302,1","+0192,1","10013,1",,,,,,,,,,,,,,,"9,9,999,9,-007,1",,"SYN04642170 32996 00000 10302 20192 40013 333 59007=",
"42170099999","2025-05-17T03:00:00","4","28.25","74.9166666","291.0","CHURU, IN","FM-12","99999","V020","230,1,N,0005,1","99999,9,9,N","004000,1,9,9","+0356,1","+0201,1","10023,1",,,,,,,,,,,,"240,M,+0456,1","240,N,+0296,1",,"9,9,999,9,-007,1",,"SYN06842170 32996 02301 10356 20201 40023 333 10456 20296 59007 555 10035=",
"42170099999","2025-05-17T06:00:00","4","28.25","74.9166666","291.0","CHURU, IN","FM-12","99999","V020","320,1,N,0010,1","99999,9,9,N","004000,1,9,9","+0414,1","+0191,1","10018,1",,,,,,,,,,,,,,,"9,9,999,9,-005,1",,"SYN04642170 32996 03202 10414 20191 40018 333 59005=",
"42170099999","2025-05-17T09:00:00","4","28.25","74.9166666","291.0","CHURU, IN","FM-12","99999","V020","320,1,N,0010,1","22000,1,9,N","004000,1,9,9","+0444,1","+0153,1","09992,1",,,,,,"02,1,+00900,1,08,1",,,,"9,AGL   ,+99999,+99999","02,99,1,02,1,99,9,00900,1,99,9,99,9",,,,"9,9,999,9,-008,1",,"SYN05842170 32596 23202 10444 20153 49992 82100 333 59008 82830=",
"42170099999","2025-05-17T12:00:00","4","28.25","74.9166666","291.0","CHURU, IN","FM-12","99999","V020","320,1,N,0010,1","22000,1,9,N","004000,1,9,9","+0440,1","+0114,1","09976,1",,,,,,"01,1,+00900,1,08,1",,,,"9,AGL   ,+99999,+99999","01,99,1,01,1,99,9,00900,1,99,9,99,9",,,,"9,9,999,9,+002,1",,"SYN06442170 32596 13202 10440 20114 49976 81100 333 10454 58002 81830=",
"42170099999","2025-05-17T15:00:00","4","28.25","74.9166666","291.0","CHURU, IN","FM-12","99999","V020","999,9,C,0000,1","99999,9,9,N","004000,1,9,9","+0386,1","+0171,1","09992,1",,,,,,,,,,,,,,,"9,9,999,9,-004,1",,"SYN04642170 32996 00000 10386 20171 49992 333 59004=",
"42170099999","2025-05-17T18:00:00","4","28.25","74.9166666","291.0","CHURU, IN","FM-12","99999","V020","180,1,N,0010,1","99999,9,9,N","004000,1,9,9","+0354,1","+0158,1","10001,1",,,,,,,,,,,,,,,"9,9,999,9,-002,1",,"SYN04642170 32996 01802 10354 20158 40001 333 59002=",
"42170099999","2025-05-17T21:00:00","4","28.25","74.9166666","291.0","CHURU, IN","FM-12","99999","V020","140,1,N,0010,1","99999,9,9,N","002000,1,9,9","+0342,1","+0174,1","10000,1",,"0,1,02,1","0,1,02,1",,,,,,,,,,,,"9,9,999,9,-001,1","05,1","SYN05242170 31995 01402 10342 20174 40000 70500 333 59001=",
"42170099999","2025-05-18T00:00:00","4","28.25","74.9166666","291.0","CHURU, IN","FM-12","99999","V020","230,1,N,0010,1","99999,9,9,N","004000,1,9,9","+0318,1","+0211,1","10012,1",,,,,,,,,,,,,,,"9,9,999,9,+000,1",,"SYN04642170 32996 02302 10318 20211 40012 333 58000=",
"42170099999","2025-05-18T03:00:00","4","28.25","74.9166666","291.0","CHURU, IN","FM-12","99999","V020","230,1,N,0005,1","99999,9,9,N","004000,1,9,9","+0360,1","+0199,1","10028,1",,,,,,,,,,,,"240,M,+0454,1","240,N,+0314,1",,"9,9,999,9,+004,1",,"SYN06842170 32996 02301 10360 20199 40028 333 10454 20314 58004 555 10035=",
"42170099999","2025-05-18T06:00:00","4","28.25","74.9166666","291.0","CHURU, IN","FM-12","99999","V020","320,1,N,0005,1","99999,9,9,N","004000,1,9,9","+0422,1","+0194,1","10013,1",,,,,,,,,,,,,,,"9,9,999,9,-004,1",,"SYN04642170 32996 03201 10422 20194 40013 333 59004=",
"42170099999","2025-05-18T09:00:00","4","28.25","74.9166666","291.0","CHURU, IN","FM-12","99999","V020","230,1,N,0010,1","22000,1,9,N","004000,1,9,9","+0448,1","+0174,1","09987,1",,,,,,"04,1,+00750,1,08,1",,,,"9,AGL   ,+99999,+99999","04,99,1,04,1,99,9,00750,1,99,9,99,9",,,,"9,9,999,9,-005,1",,"SYN05842170 32596 42302 10448 20174 49987 84400 333 59005 84825=",
"42170099999","2025-05-18T12:00:00","4","28.25","74.9166666","291.0","CHURU, IN","FM-12","99999","V020","320,1,N,0010,1","22000,1,9,N","004000,1,9,9","+0446,1","+0141,1","09970,1",,,,,,"02,1,+00900,1,08,1",,,,"9,AGL   ,+99999,+99999","02,99,1,02,1,99,9,00900,1,99,9,99,9","240,M,+0458,1",,,"9,9,999,9,-005,1",,"SYN06442170 32596 23202 10446 20141 49970 82100 333 10458 59005 82830=",
"42170099999","2025-05-18T15:00:00","4","28.25","74.9166666","291.0","CHURU, IN","FM-12","99999","V020","999,9,C,0000,1","99999,9,9,N","004000,1,9,9","+0394,1","+0178,1","09987,1",,,,,,,,,,,,,,,"9,9,999,9,-004,1",,"SYN04642170 32996 00000 10394 20178 49987 333 59004=",
"42170099999","2025-05-18T18:00:00","4","28.25","74.9166666","291.0","CHURU, IN","FM-12","99999","V020","230,1,N,0005,1","99999,9,9,N","004000,1,9,9","+0364,1","+0172,1","09997,1",,,,,,,,,,,,,,,"9,9,999,9,-003,1",,"SYN04642170 32996 02301 10364 20172 49997 333 59003=",
"42170099999","2025-05-18T21:00:00","4","28.25","74.9166666","291.0","CHURU, IN","FM-12","99999","V020","999,9,C,0000,1","99999,9,9,N","004000,1,9,9","+0348,1","+0179,1","09996,1",,,,,,,,,,,,,,,"9,9,999,9,-004,1",,"SYN04642170 32996 00000 10348 20179 49996 333 59004=",
"42170099999","2025-05-19T00:00:00","4","28.25","74.9166666","291.0","CHURU, IN","FM-12","99999","V020","230,1,N,0015,1","99999,9,9,N","004000,1,9,9","+0330,1","+0219,1","10009,1",,,,,,,,,,,,,,,"9,9,999,9,-002,1",,"SYN04642170 32996 02303 10330 20219 40009 333 59002=",
"42170099999","2025-05-19T03:00:00","4","28.25","74.9166666","291.0","CHURU, IN","FM-12","99999","V020","320,1,N,0010,1","99999,9,9,N","004000,1,9,9","+0362,1","+0223,1","10020,1",,,,,,,,,,,,"240,M,+0458,1","240,N,+0324,1",,"9,9,999,9,-006,1",,"SYN06842170 32996 03202 10362 20223 40020 333 10458 20324 59006 555 10035=",
"42170099999","2025-05-19T06:00:00","4","28.25","74.9166666","291.0","CHURU, IN","FM-12","99999","V020","320,1,N,0010,1","99999,9,9,N","004000,1,9,9","+0414,1","+0203,1","10020,1",,,,,,,,,,,,,,,"9,9,999,9,+006,1",,"SYN04642170 32996 03202 10414 20203 40020 333 58006=",
"42170099999","2025-05-19T09:00:00","4","28.25","74.9166666","291.0","CHURU, IN","FM-12","99999","V020","230,1,N,0010,1","99999,9,9,N","004000,1,9,9","+0450,1","+0163,1","09986,1",,,,,,,,,,,,,,,"9,9,999,9,-001,1",,"SYN04642170 32996 02302 10450 20163 49986 333 59001=",
"42170099999","2025-05-19T12:00:00","4","28.25","74.9166666","291.0","CHURU, IN","FM-12","99999","V020","320,1,N,0021,1","99999,9,9,N","004000,1,9,9","+0448,1","+0135,1","09965,1",,,,,,,,,,,,"240,M,+0460,1",,,"9,9,999,9,-005,1",,"SYN05242170 32996 03204 10448 20135 49965 333 10460 59005=",
"42170099999","2025-05-19T15:00:00","4","28.25","74.9166666","291.0","CHURU, IN","FM-12","99999","V020","999,9,C,0000,1","99999,9,9,N","004000,1,9,9","+0392,1","+0175,1","09977,1",,,,,,,,,,,,,,,"9,9,999,9,-009,1",,"SYN04642170 32996 00000 10392 20175 49977 333 59009=",
"42170099999","2025-05-19T18:00:00","4","28.25","74.9166666","291.0","CHURU, IN","FM-12","99999","V020","230,1,N,0010,1","99999,9,9,N","004000,1,9,9","+0354,1","+0158,1","09993,1",,,,,,,,,,,,,,,"9,9,999,9,-005,1",,"SYN04642170 32996 02302 10354 20158 49993 333 59005=",
"42170099999","2025-05-19T21:00:00","4","28.25","74.9166666","291.0","CHURU, IN","FM-12","99999","V020","230,1,N,0010,1","99999,9,9,N","004000,1,9,9","+0348,1","+0175,1","09990,1",,,,,,,,,,,,,,,"9,9,999,9,-006,1",,"SYN04642170 32996 02302 10348 20175 49990 333 59006=",
"42170099999","2025-05-20T00:00:00","4","28.25","74.9166666","291.0","CHURU, IN","FM-12","99999","V020","230,1,N,0015,1","99999,9,9,N","004000,1,9,9","+0330,1","+0182,1","09997,1",,,,,,,,,,,,,,,"9,9,999,9,-011,1",,"SYN04642170 32996 02303 10330 20182 49997 333 59011=",
"42170099999","2025-05-20T03:00:00","4","28.25","74.9166666","291.0","CHURU, IN","FM-12","99999","V020","230,1,N,0015,1","99999,9,9,N","004000,1,9,9","+0364,1","+0200,1","10010,1",,,,,,,,,,,,"240,M,+0460,1","240,N,+0328,1",,"9,9,999,9,-010,1",,"SYN06842170 32996 02303 10364 20200 40010 333 10460 20328 59010 555 10035=",
"42170099999","2025-05-20T06:00:00","4","28.25","74.9166666","291.0","CHURU, IN","FM-12","99999","V020","320,1,N,0021,1","99999,9,9,N","004000,1,9,9","+0404,1","+0180,1","10003,1",,,,,,,,,,,,,,,"9,9,999,9,-018,1",,"SYN04642170 32996 03204 10404 20180 40003 333 59018=",
"42170099999","2025-05-20T09:00:00","4","28.25","74.9166666","291.0","CHURU, IN","FM-12","99999","V020","320,1,N,0015,1","99999,9,9,N","004000,1,9,9","+0444,1","+0162,1","09974,1",,,,,,,,,,,,,,,"9,9,999,9,-012,1",,"SYN04642170 32996 03203 10444 20162 49974 333 59012=",
"42170099999","2025-05-20T12:00:00","4","28.25","74.9166666","291.0","CHURU, IN","FM-12","99999","V020","320,1,N,0010,1","99999,9,9,N","004000,1,9,9","+0448,1","+0155,1","09955,1",,,,,,,,,,,,"240,M,+0456,1",,,"9,9,999,9,-010,1",,"SYN05242170 32996 03202 10448 20155 49955 333 10456 59010=",
"42170099999","2025-05-20T15:00:00","4","28.25","74.9166666","291.0","CHURU, IN","FM-12","99999","V020","230,1,N,0005,1","99999,9,9,N","004000,1,9,9","+0396,1","+0181,1","09970,1",,,,,,,,,,,,,,,"9,9,999,9,-007,1",,"SYN04642170 32996 02301 10396 20181 49970 333 59007=",
"42170099999","2025-05-20T18:00:00","4","28.25","74.9166666","291.0","CHURU, IN","FM-12","99999","V020","999,9,C,0000,1","99999,9,9,N","004000,1,9,9","+0360,1","+0179,1","09976,1",,,,,,,,,,,,,,,"9,9,999,9,-015,1",,"SYN04642170 32996 00000 10360 20179 49976 333 59015=",
"42170099999","2025-05-20T21:00:00","4","28.25","74.9166666","291.0","CHURU, IN","FM-12","99999","V020","999,9,C,0000,1","99999,9,9,N","004000,1,9,9","+0346,1","+0180,1","09976,1",,,,,,,,,,,,,,,"9,9,999,9,-014,1",,"SYN04642170 32996 00000 10346 20180 49976 333 59014=",
"42170099999","2025-05-21T00:00:00","4","28.25","74.9166666","291.0","CHURU, IN","FM-12","99999","V020","230,1,N,0010,1","99999,9,9,N","004000,1,9,9","+0326,1","+0165,1","09989,1",,,,,,,,,,,,,,,"9,9,999,9,-008,1",,"SYN04642170 32996 02302 10326 20165 49989 333 59008=",
"42170099999","2025-05-21T03:00:00","4","28.25","74.9166666","291.0","CHURU, IN","FM-12","99999","V020","270,1,N,0021,1","99999,9,9,N","004000,1,9,9","+0366,1","+0183,1","10000,1",,,,,,,,,,,,"240,M,+0456,1","240,N,+0325,1",,"9,9,999,9,-009,1",,"SYN06842170 32996 02704 10366 20183 40000 333 10456 20325 59009 555 10035=",
"42170099999","2025-05-21T06:00:00","4","28.25","74.9166666","291.0","CHURU, IN","FM-12","99999","V020","270,1,N,0015,1","99999,9,9,N","004000,1,9,9","+0422,1","+0182,1","10004,1",,,,,,,,,,,,,,,"9,9,999,9,+003,1",,"SYN04642170 32996 02703 10422 20182 40004 333 58003=",
"42170099999","2025-05-21T09:00:00","4","28.25","74.9166666","291.0","CHURU, IN","FM-12","99999","V020","270,1,N,0015,1","99999,9,9,N","004000,1,9,9","+0460,1","+0141,1","09978,1",,,,,,,,,,,,,,,"9,9,999,9,+005,1",,"SYN04642170 32996 02703 10460 20141 49978 333 58005=",
"42170099999","2025-05-21T12:00:00","4","28.25","74.9166666","291.0","CHURU, IN","FM-12","99999","V020","320,1,N,0021,1","99999,9,9,N","004000,1,9,9","+0458,1","+0109,1","09950,1",,,,,,,,,,,,,,,"9,9,999,9,-003,1",,"SYN05242170 32996 03204 10458 20109 49950 333 10468 59003=",
"42170099999","2025-05-21T15:00:00","4","28.25","74.9166666","291.0","CHURU, IN","FM-12","99999","V020","320,1,N,0010,1","99999,9,9,N","004000,1,9,9","+0396,1","+0168,1","09970,1",,,,,,,,,,,,,,,"9,9,999,9,-002,1",,"SYN04642170 32996 03202 10396 20168 49970 333 59002=",
"42170099999","2025-05-21T18:00:00","4","28.25","74.9166666","291.0","CHURU, IN","FM-12","99999","V020","090,1,N,0021,1","99999,9,9,N","004000,1,9,9","+0324,1","+0145,1","10001,1",,,,,,,,,,,,,,,"9,9,999,9,+020,1",,"SYN04642170 32996 00904 10324 20145 40001 333 58020=",
"42170099999","2025-05-21T21:00:00","4","28.25","74.9166666","291.0","CHURU, IN","FM-12","99999","V020","090,1,N,0005,1","99999,9,9,N","004000,1,9,9","+0320,1","+0139,1","09988,1",,,,,,,,,,,,,,,"9,9,999,9,+009,1",,"SYN04642170 32996 00901 10320 20139 49988 333 58009=",
"42170099999","2025-05-22T00:00:00","4","28.25","74.9166666","291.0","CHURU, IN","FM-12","99999","V020","180,1,N,0015,1","99999,9,9,N","004000,1,9,9","+0300,1","+0182,1","09988,1",,,,,,,,,,,,,,,"9,9,999,9,-004,1",,"SYN04642170 32996 01803 10300 20182 49988 333 59004=",
"42170099999","2025-05-22T03:00:00","4","28.25","74.9166666","291.0","CHURU, IN","FM-12","99999","V020","230,1,N,0015,1","99999,9,9,N","004000,1,9,9","+0348,1","+0202,1","10006,1",,,,,,,,,,,,"240,M,+0468,1","240,N,+0294,1",,"9,9,999,9,+003,1",,"SYN06842170 32996 02303 10348 20202 40006 333 10468 20294 58003 555 10035=",
"42170099999","2025-05-22T06:00:00","4","28.25","74.9166666","291.0","CHURU, IN","FM-12","99999","V020","140,1,N,0010,1","99999,9,9,N","004000,1,9,9","+0408,1","+0194,1","10013,1",,,,,,,,,,,,,,,"9,9,999,9,+007,1",,"SYN04642170 32996 01402 10408 20194 40013 333 58007=",
"42170099999","2025-05-22T09:00:00","4","28.25","74.9166666","291.0","CHURU, IN","FM-12","99999","V020","320,1,N,0005,1","22000,1,9,N","004000,1,9,9","+0454,1","+0156,1","09965,1",,,,,,"01,1,+03000,1,03,1",,,,"9,AGL   ,+99999,+99999","01,99,1,01,1,99,9,03000,1,99,9,99,9",,,,"9,9,999,9,-013,1",,"SYN05842170 32996 13201 10454 20156 49965 81030 333 59013 81360=",
"42170099999","2025-05-22T12:00:00","4","28.25","74.9166666","291.0","CHURU, IN","FM-12","99999","V020","320,1,N,0005,1","99999,9,9,N","004000,1,9,9","+0458,1","+0142,1","09943,1",,,,,,,,,,,,"240,M,+0461,1",,,"9,9,999,9,-007,1",,"SYN05242170 32996 03201 10458 20142 49943 333 10461 59007=",
"42170099999","2025-05-22T15:00:00","4","28.25","74.9166666","291.0","CHURU, IN","FM-12","99999","V020","050,1,N,0015,1","99999,9,9,N","004000,1,9,9","+0382,1","+0201,1","09958,1",,,,,,,,,,,,,,,"9,9,999,9,-011,1",,"SYN04642170 32996 00503 10382 20201 49958 333 59011=",
"42170099999","2025-05-22T18:00:00","4","28.25","74.9166666","291.0","CHURU, IN","FM-12","99999","V020","050,1,N,0010,1","99999,9,9,N","004000,1,9,9","+0340,1","+0213,1","09993,1",,,,,,,,,,,,,,,"9,9,999,9,-027,1",,"SYN04642170 32996 00502 10340 20213 49993 333 59027=",
"42170099999","2025-05-22T21:00:00","4","28.25","74.9166666","291.0","CHURU, IN","FM-12","99999","V020","230,1,N,0005,1","99999,9,9,N","004000,1,9,9","+0316,1","+0212,1","09969,1",,,,,,,,,,,,,,,"9,9,999,9,-019,1",,"SYN04642170 32996 02301 10316 20212 49969 333 59019=",
"42170099999","2025-05-23T00:00:00","4","28.25","74.9166666","291.0","CHURU, IN","FM-12","99999","V020","140,1,N,0005,1","99999,9,9,N","004000,1,9,9","+0306,1","+0204,1","09974,1",,,,,,,,,,,,,,,"9,9,999,9,-013,1",,"SYN04642170 32996 01401 10306 20204 49974 333 59013=",
"42170099999","2025-05-23T03:00:00","4","28.25","74.9166666","291.0","CHURU, IN","FM-12","99999","V020","180,1,N,0015,1","99999,9,9,N","004000,1,9,9","+0354,1","+0187,1","09978,1",,,,,,,,,,,,"240,M,+0461,1","240,N,+0302,1",,"9,9,999,9,-026,1",,"SYN06842170 32996 01803 10354 20187 49978 333 10461 20302 59026 555 10035=",
"42170099999","2025-05-23T06:00:00","4","28.25","74.9166666","291.0","CHURU, IN","FM-12","99999","V020","230,1,N,0015,1","99999,9,9,N","004000,1,9,9","+0426,1","+0137,1","09965,1",,,,,,,,,,,,,,,"9,9,999,9,-044,1",,"SYN04642170 32996 02303 10426 20137 49965 333 59044=",
"42170099999","2025-05-23T09:00:00","4","28.25","74.9166666","291.0","CHURU, IN","FM-12","99999","V020","360,1,N,0015,1","99999,9,9,N","004000,1,9,9","+0450,1","+0138,1","09935,1",,,,,,,,,,,,,,,"9,9,999,9,-030,1",,"SYN04642170 32996 03603 10450 20138 49935 333 59030=",
"42170099999","2025-05-23T12:00:00","4","28.25","74.9166666","291.0","CHURU, IN","FM-12","99999","V020","360,1,N,0010,1","22000,1,9,N","004000,1,9,9","+0440,1","+0114,1","09917,1",,,,,,"01,1,+01200,1,06,1",,,,"9,AGL   ,+99999,+99999","01,99,1,01,1,99,9,01200,1,99,9,99,9","240,M,+0456,1",,,"9,9,999,9,-027,1",,"SYN06442170 32696 13602 10440 20114 49917 81500 333 10456 59027 81640=",
"42170099999","2025-05-23T15:00:00","4","28.25","74.9166666","291.0","CHURU, IN","FM-12","99999","V020","360,1,N,0005,1","99999,9,9,N","004000,1,9,9","+0390,1","+0154,1","09938,1",,,,,,,,,,,,,,,"9,9,999,9,-019,1",,"SYN04642170 32996 03601 10390 20154 49938 333 59019=",
"42170099999","2025-05-23T18:00:00","4","28.25","74.9166666","291.0","CHURU, IN","FM-12","99999","V020","090,1,N,0021,1","99999,9,9,N","004000,1,9,9","+0350,1","+0219,1","09962,1",,,,,,,,,,,,,,,"9,9,999,9,-009,1",,"SYN04642170 32996 00904 10350 20219 49962 333 59009=",
"42170099999","2025-05-23T21:00:00","4","28.25","74.9166666","291.0","CHURU, IN","FM-12","99999","V020","090,1,N,0010,1","99999,9,9,N","004000,1,9,9","+0324,1","+0222,1","09955,1",,,,,,,,,,,,,,,"9,9,999,9,-012,1",,"SYN04642170 32996 00902 10324 20222 49955 333 59012=",
"42170099999","2025-05-24T00:00:00","4","28.25","74.9166666","291.0","CHURU, IN","FM-12","99999","V020","050,1,N,0015,1","99999,9,9,N","004000,1,9,9","+0310,1","+0222,1","09965,1",,,,,,,,,,,,,,,"9,9,999,9,-008,1",,"SYN04642170 32996 00503 10310 20222 49965 333 59008=",
"42170099999","2025-05-24T03:00:00","4","28.25","74.9166666","291.0","CHURU, IN","FM-12","99999","V020","140,1,N,0005,1","99999,9,9,N","004000,1,9,9","+0350,1","+0219,1","09980,1",,,,,,,,,,,,"240,M,+0456,1","240,N,+0307,1",,"9,9,999,9,+001,1",,"SYN06842170 32996 01401 10350 20219 49980 333 10456 20307 58001 555 10035=",
"42170099999","2025-05-24T06:00:00","4","28.25","74.9166666","291.0","CHURU, IN","FM-12","99999","V020","050,1,N,0010,1","99999,9,9,N","004000,1,9,9","+0410,1","+0205,1","09966,1",,,,,,,,,,,,,,,"9,9,999,9,-001,1",,"SYN04642170 32996 00502 10410 20205 49966 333 59001=",
"42170099999","2025-05-24T09:00:00","4","28.25","74.9166666","291.0","CHURU, IN","FM-12","99999","V020","050,1,N,0015,1","22000,1,9,N","004000,1,9,9","+0434,1","+0178,1","09938,1",,,,,,"02,1,+01200,1,06,1",,,,"9,AGL   ,+99999,+99999","02,99,1,02,1,99,9,01200,1,99,9,99,9",,,,"9,9,999,9,+002,1",,"SYN05842170 32696 20503 10434 20178 49938 82500 333 58002 82640=",
"42170099999","2025-05-24T12:00:00","4","28.25","74.9166666","291.0","CHURU, IN","FM-12","99999","V020","090,1,N,0010,1","22000,1,9,N","004000,1,9,9","+0440,1","+0170,1","09918,1",,,,,,"01,1,+01050,1,08,1","03,1,+01200,1,06,1",,,"9,AGL   ,+99999,+99999","03,99,1,01,1,99,9,01050,1,99,9,99,9","240,M,+0450,1",,,"9,9,999,9,+001,1",,"SYN07042170 32696 30902 10440 20170 49918 83800 333 10450 58001 81835 83640=",
"42170099999","2025-05-24T15:00:00","4","28.25","74.9166666","291.0","CHURU, IN","FM-12","99999","V020","050,1,N,0010,1","22000,1,9,N","004000,1,9,9","+0398,1","+0192,1","09945,1",,,,,,"02,1,+01200,1,06,1",,,,"9,AGL   ,+99999,+99999","02,99,1,02,1,99,9,01200,1,99,9,99,9",,,,"9,9,999,9,+007,1",,"SYN05842170 32696 20502 10398 20192 49945 82500 333 58007 82640=",
"42170099999","2025-05-24T18:00:00","4","28.25","74.9166666","291.0","CHURU, IN","FM-12","99999","V020","320,1,N,0051,1","00900,1,C,N","000500,1,9,9","+0252,2","+0213,1","10016,1","15,0000,2,1","3,1,02,1","1,1,02,1",,,"01,1,+00750,1,09,1","05,1,+00900,1,06,1","08,1,+03000,1,04,1",,"9,AGL   ,+99999,+99999","08,99,1,01,1,99,9,00750,1,99,9,99,9",,,,"9,9,999,9,+042,1","95,1","SYN08242170 21593 83210 10252 20213 40016 79531 8532/ 333 58042 6990/ 81925 85630 88460=",
"42170099999","2025-05-24T21:00:00","4","28.25","74.9166666","291.0","CHURU, IN","FM-12","99999","V020","320,1,N,0015,1","22000,1,9,N","004000,1,9,9","+0262,1","+0191,1","09996,1","18,0000,2,1",,,,,"03,1,+01200,1,06,1",,,,"9,AGL   ,+99999,+99999","03,99,1,03,1,99,9,01200,1,99,9,99,9",,,,"9,9,999,9,+033,1",,"SYN06442170 22696 33203 10262 20191 49996 83500 333 58033 6990/ 83640=",
"42170099999","2025-05-25T00:00:00","4","28.25","74.9166666","291.0","CHURU, IN","FM-12","99999","V020","140,1,N,0005,1","03600,1,9,N","004000,1,9,9","+0264,1","+0182,1","10008,1","21,0000,2,1",,,,,"03,1,+01200,1,06,1","06,1,+03600,1,03,1",,,"9,AGL   ,+99999,+99999","06,99,1,03,1,99,9,01200,1,99,9,99,9",,,,"9,9,999,9,+037,1",,"SYN07042170 22696 61401 10264 20182 40008 83530 333 58037 6990/ 83640 86362=",
"42170099999","2025-05-25T03:00:00","4","28.25","74.9166666","291.0","CHURU, IN","FM-12","99999","V020","050,1,N,0010,1","22000,1,9,N","004000,1,9,9","+0286,1","+0190,1","10020,1","24,0000,2,1",,,,,"03,1,+06000,1,00,1",,,,"9,AGL   ,+99999,+99999","03,99,1,03,1,99,9,06000,1,99,9,99,9","240,M,+0450,1","240,N,+0248,1",,"9,9,999,9,+033,1",,"SYN09242170 22996 30502 10286 20190 40020 80001 333 10450 20248 58033 6990/ 83070 555 00000 10035=",
"42170099999","2025-05-25T06:00:00","4","28.25","74.9166666","291.0","CHURU, IN","FM-12","99999","V020","050,1,N,0021,1","99999,9,9,N","002000,1,9,9","+0354,1","+0179,1","10027,1",,"0,1,02,1","0,1,02,1",,,,,,,,,,,,"9,9,999,9,+053,1","05,1","SYN05242170 31995 00504 10354 20179 40027 70500 333 58053=",
"42170099999","2025-05-25T09:00:00","4","28.25","74.9166666","291.0","CHURU, IN","FM-12","99999","V020","050,1,N,0010,1","99999,9,9,N","004000,1,9,9","+0346,1","+0203,1","10008,1",,,,,,,,,,,,,,,"9,9,999,9,+059,1",,"SYN04642170 32996 00502 10346 20203 40008 333 58059=",
"42170099999","2025-05-25T12:00:00","4","28.25","74.9166666","291.0","CHURU, IN","FM-12","99999","V020","050,1,N,0015,1","99999,9,9,N","004000,1,9,9","+0344,1","+0215,1","09992,1",,,,,,,,,,,,"240,M,+0356,1",,,"9,9,999,9,+063,1",,"SYN05242170 32996 00503 10344 20215 49992 333 10356 58063=",
"42170099999","2025-05-25T15:00:00","4","28.25","74.9166666","291.0","CHURU, IN","FM-12","99999","V020","050,1,N,0015,1","99999,9,9,N","004000,1,9,9","+0304,1","+0225,1","10006,1",,,,,,,,,,,,,,,"9,9,999,9,+051,1",,"SYN04642170 32996 00503 10304 20225 40006 333 58051=",
"42170099999","2025-05-25T18:00:00","4","28.25","74.9166666","291.0","CHURU, IN","FM-12","99999","V020","050,1,N,0010,1","99999,9,9,N","004000,1,9,9","+0286,1","+0227,1","10027,1",,,,,,,,,,,,,,,"9,9,999,9,+015,1",,"SYN04642170 32996 00502 10286 20227 40027 333 58015=",
"42170099999","2025-05-25T21:00:00","4","28.25","74.9166666","291.0","CHURU, IN","FM-12","99999","V020","050,1,N,0005,1","99999,9,9,N","004000,1,9,9","+0272,1","+0228,1","10007,1",,,,,,,,,,,,,,,"9,9,999,9,+012,1",,"SYN04642170 32996 00501 10272 20228 40007 333 58012=",
"42170099999","2025-05-26T00:00:00","4","28.25","74.9166666","291.0","CHURU, IN","FM-12","99999","V020","050,1,N,0015,1","99999,9,9,N","004000,1,9,9","+0254,1","+0233,1","10024,1",,,,,,,,,,,,,,,"9,9,999,9,+014,1",,"SYN04642170 32996 00503 10254 20233 40024 333 58014=",
"42170099999","2025-05-26T03:00:00","4","28.25","74.9166666","291.0","CHURU, IN","FM-12","99999","V020","050,1,N,0015,1","99999,9,9,N","002000,1,9,9","+0284,1","+0241,1","10029,1",,"0,1,02,1","0,1,02,1",,,,,,,,,"240,M,+0356,1","240,N,+0254,1",,"9,9,999,9,+006,1","05,1","SYN07442170 31995 00503 10284 20241 40029 70500 333 10356 20254 58006 555 10035=",
"42170099999","2025-05-26T06:00:00","4","28.25","74.9166666","291.0","CHURU, IN","FM-12","99999","V020","050,1,N,0015,1","22000,1,9,N","002000,1,9,9","+0354,1","+0234,1","10014,1",,"0,1,02,1","0,1,02,1",,,"04,1,+01200,1,06,1",,,,"9,AGL   ,+99999,+99999","04,99,1,04,1,99,9,01200,1,99,9,99,9",,,,"9,9,999,9,-012,1","05,1","SYN06442170 31695 40503 10354 20234 40014 70500 84500 333 59012 84640=",
"42170099999","2025-05-26T09:00:00","4","28.25","74.9166666","291.0","CHURU, IN","FM-12","99999","V020","050,1,N,0010,1","22000,1,9,N","002000,1,9,9","+0378,1","+0222,1","09983,1",,"2,1,02,1","0,1,02,1",,,"03,1,+00900,1,08,1",,,,"9,AGL   ,+99999,+99999","03,99,1,03,1,99,9,00900,1,99,9,99,9",,,,"9,9,999,9,-021,1","05,1","SYN06442170 31595 30502 10378 20222 49983 70520 83100 333 59021 83830=",
"42170099999","2025-05-26T12:00:00","4","28.25","74.9166666","291.0","CHURU, IN","FM-12","99999","V020","050,1,N,0010,1","99999,9,C,N","002000,1,9,9","+0374,1","+0217,1","09963,1",,"2,1,02,1","2,1,02,1",,,"02,1,+00900,1,08,1","04,1,+01200,1,06,1",,,"9,AGL   ,+99999,+99999","04,99,1,02,1,99,9,00900,1,99,9,99,9",,,,"9,9,999,9,-026,1","05,1","SYN07642170 31595 40502 10374 20217 49963 70522 84400 333 10385 59026 82830 84640=","Q01 012003SCOCIG"
"42170099999","2025-05-26T15:00:00","4","28.25","74.9166666","291.0","CHURU, IN","FM-12","99999","V020","050,1,N,0010,1","99999,9,9,N","004000,1,9,9","+0340,1","+0217,1","09972,1",,"0,1,02,1","0,1,02,1",,,,,,,,,,,,"9,9,999,9,-031,1","05,1","SYN05242170 31996 00502 10340 20217 49972 70500 333 59031=",
"42170099999","2025-05-26T18:00:00","4","28.25","74.9166666","291.0","CHURU, IN","FM-12","99999","V020","050,1,N,0010,1","99999,9,9,N","004000,1,9,9","+0314,1","+0236,1","09988,1",,"0,1,02,1","0,1,02,1",,,,,,,,,,,,"9,9,999,9,-035,1","05,1","SYN05242170 31996 00502 10314 20236 49988 70500 333 59035=",
"42170099999","2025-05-26T21:00:00","4","28.25","74.9166666","291.0","CHURU, IN","FM-12","99999","V020","050,1,N,0005,1","99999,9,9,N","004000,1,9,9","+0298,1","+0244,1","09979,1",,"0,1,02,1","0,1,02,1",,,,,,,,,,,,"9,9,999,9,-025,1","05,1","SYN05242170 31996 00501 10298 20244 49979 70500 333 59025=",
"42170099999","2025-05-27T00:00:00","4","28.25","74.9166666","291.0","CHURU, IN","FM-12","99999","V020","090,1,N,0010,1","99999,9,9,N","004000,1,9,9","+0284,1","+0244,1","09995,1",,"0,1,02,1","0,1,02,1",,,,,,,,,,,,"9,9,999,9,-025,1","05,1","SYN05242170 31996 00902 10284 20244 49995 70500 333 59025=",
"42170099999","2025-05-27T03:00:00","4","28.25","74.9166666","291.0","CHURU, IN","FM-12","99999","V020","050,1,N,0015,1","99999,9,9,N","002000,1,9,9","+0324,1","+0238,1","09993,1",,"0,1,02,1","0,1,02,1",,,,,,,,,"240,M,+0385,1","240,N,+0282,1",,"9,9,999,9,-028,1","05,1","SYN07442170 31995 00503 10324 20238 49993 70500 333 10385 20282 59028 555 10035=",
"42170099999","2025-05-27T06:00:00","4","28.25","74.9166666","291.0","CHURU, IN","FM-12","99999","V020","050,1,N,0010,1","01200,1,C,N","004000,1,9,9","+0380,1","+0217,1","09980,1",,,,,,"03,1,+01050,1,08,1","05,1,+01200,1,06,1",,,"9,AGL   ,+99999,+99999","05,99,1,03,1,99,9,01050,1,99,9,99,9",,,,"9,9,999,9,-031,1",,"SYN06442170 32696 50502 10380 20217 49980 85800 333 59031 83835 85640=",
"42170099999","2025-05-27T09:00:00","4","28.25","74.9166666","291.0","CHURU, IN","FM-12","99999","V020","360,1,N,0010,1","22000,1,9,N","004000,1,9,9","+0404,1","+0197,1","09957,1",,,,,,"04,1,+00750,1,08,1",,,,"9,AGL   ,+99999,+99999","04,99,1,04,1,99,9,00750,1,99,9,99,9",,,,"9,9,999,9,-022,1",,"SYN05842170 32596 43602 10404 20197 49957 84800 333 59022 84825=",
"42170099999","2025-05-27T12:00:00","4","28.25","74.9166666","291.0","CHURU, IN","FM-12","99999","V020","050,1,N,0015,1","22000,1,9,N","004000,1,9,9","+0400,1","+0191,1","09934,1",,,,,,"03,1,+00750,1,06,1",,,,"9,AGL   ,+99999,+99999","03,99,1,03,1,99,9,00750,1,99,9,99,9","240,M,+0422,1",,,"9,9,999,9,-025,1",,"SYN06442170 32596 30503 10400 20191 49934 83500 333 10422 59025 83625=",
"42170099999","2025-05-27T15:00:00","4","28.25","74.9166666","291.0","CHURU, IN","FM-12","99999","V020","050,1,N,0015,1","99999,9,9,N","004000,1,9,9","+0364,1","+0200,1","09945,1",,,,,,,,,,,,,,,"9,9,999,9,-023,1",,"SYN04642170 32996 00503 10364 20200 49945 333 59023=",
"42170099999","2025-05-27T18:00:00","4","28.25","74.9166666","291.0","CHURU, IN","FM-12","99999","V020","090,1,N,0015,1","99999,9,9,N","004000,1,9,9","+0336,1","+0194,1","09974,1",,,,,,,,,,,,,,,"9,9,999,9,-012,1",,"SYN04642170 32996 00903 10336 20194 49974 333 59012=",
"42170099999","2025-05-27T21:00:00","4","28.25","74.9166666","291.0","CHURU, IN","FM-12","99999","V020","090,1,N,0015,1","99999,9,9,N","004000,1,9,9","+0316,1","+0209,1","09971,1",,,,,,,,,,,,,,,"9,9,999,9,-006,1",,"SYN04642170 32996 00903 10316 20209 49971 333 59006=",
"42170099999","2025-05-28T00:00:00","4","28.25","74.9166666","291.0","CHURU, IN","FM-12","99999","V020","090,1,N,0005,1","99999,9,9,N","004000,1,9,9","+0300,1","+0210,1","09965,1",,,,,,,,,,,,,,,"9,9,999,9,-027,1",,"SYN04642170 32996 00901 10300 20210 49965 333 59027=",
"42170099999","2025-05-28T03:00:00","4","28.25","74.9166666","291.0","CHURU, IN","FM-12","99999","V020","230,1,N,0015,1","99999,9,9,N","004000,1,9,9","+0356,1","+0208,1","09984,1",,,,,,,,,,,,"240,M,+0422,1","240,N,+0296,1",,"9,9,999,9,-006,1",,"SYN05842170 32996 02303 10356 20208 49984 333 10422 20296 59006=",
"42170099999","2025-05-28T06:00:00","4","28.25","74.9166666","291.0","CHURU, IN","FM-12","99999","V020","050,1,N,0010,1","99999,9,9,N","004000,1,9,9","+0404,1","+0193,1","09974,1",,,,,,,,,,,,,,,"9,9,999,9,-002,1",,"SYN04642170 32996 00502 10404 20193 49974 333 59002=",
"42170099999","2025-05-28T09:00:00","4","28.25","74.9166666","291.0","CHURU, IN","FM-12","99999","V020","050,1,N,0021,1","22000,1,9,N","004000,1,9,9","+0420,1","+0170,1","09934,1",,,,,,"01,1,+04500,1,03,1","99,9,+99999,9,03,1",,,"9,AGL   ,+99999,+99999","02,99,1,01,1,99,9,04500,1,99,9,99,9",,,,"9,9,999,9,-021,1",,"SYN05842170 32696 20504 10420 20170 49934 81830 333 59021 81365=",
"42170099999","2025-05-28T12:00:00","4","28.25","74.9166666","291.0","CHURU, IN","FM-12","99999","V020","360,1,N,0010,1","99999,9,C,N","004000,1,9,9","+0422,1","+0177,1","09921,1",,,,,,"02,1,+01050,1,08,1","04,1,+01200,1,06,1",,,"9,AGL   ,+99999,+99999","04,99,1,02,1,99,9,01050,1,99,9,99,9",,,,"9,9,999,9,-010,1",,"SYN07042170 32696 43602 10422 20177 49921 84800 333 10434 59010 82835 84640=","Q01 012003SCOCIG"
"42170099999","2025-05-28T15:00:00","4","28.25","74.9166666","291.0","CHURU, IN","FM-12","99999","V020","090,1,N,0005,1","99999,9,C,N","004000,1,9,9","+0388,1","+0206,1","09931,1",,,,,,"02,1,+01050,1,08,1","04,1,+01200,1,06,1",,,"9,AGL   ,+99999,+99999","04,99,1,02,1,99,9,01050,1,99,9,99,9",,,,"9,9,999,9,-011,1",,"SYN06442170 32696 40901 10388 20206 49931 84800 333 59011 82835 84640=","Q01 012003SCOCIG"
"42170099999","2025-05-28T18:00:00","4","28.25","74.9166666","291.0","CHURU, IN","FM-12","99999","V020","230,1,N,0005,1","01200,1,C,N","004000,1,9,9","+0364,1","+0219,1","09947,1",,,,,,"05,1,+01200,1,06,1",,,,"9,AGL   ,+99999,+99999","05,99,1,05,1,99,9,01200,1,99,9,99,9",,,,"9,9,999,9,-023,1",,"SYN05842170 32696 52301 10364 20219 49947 85500 333 59023 85640=",
"42170099999","2025-05-28T21:00:00","4","28.25","74.9166666","291.0","CHURU, IN","FM-12","99999","V020","230,1,N,0005,1","22000,1,9,N","004000,1,9,9","+0348,1","+0227,1","09940,1",,,,,,"04,1,+01200,1,06,1",,,,"9,AGL   ,+99999,+99999","04,99,1,04,1,99,9,01200,1,99,9,99,9",,,,"9,9,999,9,-020,1",,"SYN05842170 32696 42301 10348 20227 49940 84500 333 59020 84640=",
"42170099999","2025-05-29T00:00:00","4","28.25","74.9166666","291.0","CHURU, IN","FM-12","99999","V020","270,1,N,0010,1","01200,1,C,N","004000,1,9,9","+0328,1","+0172,1","09955,1",,,,,,"05,1,+01200,1,06,1",,,,"9,AGL   ,+99999,+99999","05,99,1,05,1,99,9,01200,1,99,9,99,9",,,,"9,9,999,9,-008,1",,"SYN05842170 32696 52702 10328 20172 49955 85500 333 59008 85640=",
"42170099999","2025-05-29T03:00:00","4","28.25","74.9166666","291.0","CHURU, IN","FM-12","99999","V020","270,1,N,0010,1","06000,1,C,N","002000,1,9,9","+0338,1","+0196,1","09987,1",,"0,1,02,1","0,1,02,1",,,"03,1,+03000,1,03,1","05,1,+06000,1,00,1",,,"9,AGL   ,+99999,+99999","06,99,1,03,1,99,9,03000,1,99,9,99,9","240,M,+0434,1","240,N,+0244,1",,"9,9,999,9,+001,1","05,1","SYN09242170 31695 62702 10338 20196 49987 70500 83031 333 10434 20244 58001 83360 85070 555 10035=",
"42170099999","2025-05-29T06:00:00","4","28.25","74.9166666","291.0","CHURU, IN","FM-12","99999","V020","320,1,N,0015,1","22000,1,9,N","002000,1,9,9","+0402,1","+0169,1","09956,1",,"0,1,02,1","0,1,02,1",,,"04,1,+06000,1,00,1",,,,"9,AGL   ,+99999,+99999","04,99,1,04,1,99,9,06000,1,99,9,99,9",,,,"9,9,999,9,-018,1","05,1","SYN06442170 31995 43203 10402 20169 49956 70500 80001 333 59018 84070=",
"42170099999","2025-05-29T09:00:00","4","28.25","74.9166666","291.0","CHURU, IN","FM-12","99999","V020","320,1,N,0015,1","03000,1,C,N","004000,1,9,9","+0426,1","+0175,1","09929,1",,"2,1,02,1","2,1,02,1",,,"03,1,+00900,1,06,1","05,1,+03000,1,04,1",,,"9,AGL   ,+99999,+99999","05,99,1,03,1,99,9,00900,1,99,9,99,9",,,,"9,9,999,9,-004,1","05,1","SYN07042170 31596 53203 10426 20175 49929 70522 83510 333 59004 83630 85460=",
"42170099999","2025-05-29T12:00:00","4","28.25","74.9166666","291.0","CHURU, IN","FM-12","99999","V020","320,1,N,0010,1","03000,1,9,N","004000,1,9,9","+0398,1","+0139,1","09909,1",,"2,1,02,1","2,1,02,1",,,"01,1,+00900,1,09,1","03,1,+00960,1,06,1","06,1,+03000,1,04,1",,"9,AGL   ,+99999,+99999","06,99,1,01,1,99,9,00900,1,99,9,99,9",,,,"9,9,999,9,-015,1","17,1","SYN08242170 32596 63202 10398 20139 49909 71722 84310 333 10430 59015 81930 83632 86460=",
"42170099999","2025-05-29T15:00:00","4","28.25","74.9166666","291.0","CHURU, IN","FM-12","99999","V020","140,1,N,0021,1","22000,1,9,N","004000,1,9,9","+0352,1","+0159,1","09922,1",,"9,1,02,1","2,1,02,1",,,"01,1,+01200,1,06,1","04,1,+03000,1,04,1",,,"9,AGL   ,+99999,+99999","04,99,1,01,1,99,9,01200,1,99,9,99,9",,,,"9,9,999,9,-012,1","01,1","SYN07042170 31696 41404 10352 20159 49922 70192 81510 333 59012 81640 84460=",
"42170099999","2025-05-29T18:00:00","4","28.25","74.9166666","291.0","CHURU, IN","FM-12","99999","V020","230,1,N,0026,1","03000,1,C,N","002000,1,9,9","+0320,1","+0181,1","09947,1",,"9,1,02,1","2,1,02,1",,,"06,1,+03000,1,04,1",,,,"9,AGL   ,+99999,+99999","06,99,1,06,1,99,9,03000,1,99,9,99,9",,,,"9,9,999,9,-005,1","06,1","SYN06442170 31995 62305 10320 20181 49947 70692 86010 333 59005 86460=",
"42170099999","2025-05-29T21:00:00","4","28.25","74.9166666","291.0","CHURU, IN","FM-12","99999","V020","180,1,N,0005,1","03000,1,C,N","002000,1,9,9","+0314,1","+0184,1","09932,1",,"2,1,02,1","2,1,02,1",,,"08,1,+03000,1,04,1",,,,"9,AGL   ,+99999,+99999","08,99,1,08,1,99,9,03000,1,99,9,99,9",,,,"9,9,999,9,-011,1","06,1","SYN06442170 31995 81801 10314 20184 49932 70622 8801/ 333 59011 88460=",
"42170099999","2025-05-30T00:00:00","4","28.25","74.9166666","291.0","CHURU, IN","FM-12","99999","V020","230,1,N,0010,1","03000,1,C,N","004000,1,9,9","+0308,1","+0157,1","09941,1",,,,,,"08,1,+03000,1,04,1",,,,"9,AGL   ,+99999,+99999","08,99,1,08,1,99,9,03000,1,99,9,99,9",,,,"9,9,999,9,-015,1",,"SYN05842170 32996 82302 10308 20157 49941 8801/ 333 59015 88460=",
"42170099999","2025-05-30T03:00:00","4","28.25","74.9166666","291.0","CHURU, IN","FM-12","99999","V020","140,1,N,0010,1","03000,1,C,N","004000,1,9,9","+0326,1","+0177,1","09950,1",,,,,,"02,1,+00750,1,06,1","06,1,+03000,1,04,1",,,"9,AGL   ,+99999,+99999","08,99,1,02,1,99,9,00750,1,99,9,99,9","240,M,+0430,1","240,N,+0306,1",,"9,9,999,9,-037,1",,"SYN08642170 32596 81402 10326 20177 49950 8257/ 333 10430 20306 59037 82625 86460 555 10035=",
"42170099999","2025-05-30T06:00:00","4","28.25","74.9166666","291.0","CHURU, IN","FM-12","99999","V020","140,1,N,0010,1","03000,1,9,N","004000,1,9,9","+0360,1","+0179,1","09955,1",,,,,,"04,1,+00900,1,06,1","07,1,+03000,1,04,1",,,"9,AGL   ,+99999,+99999","07,99,1,04,1,99,9,00900,1,99,9,99,9",,,,"9,9,999,9,-006,1",,"SYN06442170 32596 71402 10360 20179 49955 84510 333 59006 84630 87460=",
"42170099999","2025-05-30T09:00:00","4","28.25","74.9166666","291.0","CHURU, IN","FM-12","99999","V020","140,1,N,0015,1","02400,1,9,N","004000,1,9,9","+0390,1","+0164,1","09923,1",,,,,,"03,1,+00900,1,06,1","06,1,+02400,1,04,1",,,"9,AGL   ,+99999,+99999","06,99,1,03,1,99,9,00900,1,99,9,99,9",,,,"9,9,999,9,+000,1",,"SYN06442170 32596 61403 10390 20164 49923 83510 333 58000 83630 86458=",
"42170099999","2025-05-30T12:00:00","4","28.25","74.9166666","291.0","CHURU, IN","FM-12","99999","V020","140,1,N,0015,1","99999,9,C,N","004000,1,9,9","+0380,1","+0162,1","09915,1",,,,,,"02,1,+00900,1,06,1","04,1,+03000,1,04,1",,,"9,AGL   ,+99999,+99999","04,99,1,02,1,99,9,00900,1,99,9,99,9","240,M,+0399,1",,,"9,9,999,9,+003,1",,"SYN07042170 32596 41403 10380 20162 49915 82510 333 10399 58003 82630 84460=","Q01 030003SCOCIG"
"42170099999","2025-05-30T15:00:00","4","28.25","74.9166666","291.0","CHURU, IN","FM-12","99999","V020","140,1,N,0005,1","22000,1,9,N","004000,1,9,9","+0336,1","+0166,1","09945,1",,,,,,"03,1,+03000,1,04,1",,,,"9,AGL   ,+99999,+99999","03,99,1,03,1,99,9,03000,1,99,9,99,9",,,,"9,9,999,9,+020,1",,"SYN05842170 32996 31401 10336 20166 49945 83010 333 58020 83460=",
"42170099999","2025-05-30T18:00:00","4","28.25","74.9166666","291.0","CHURU, IN","FM-12","99999","V020","140,1,N,0005,1","99999,9,C,N","004000,1,9,9","+0304,1","+0201,1","09952,1",,,,,,"02,1,+01200,1,06,1","04,1,+03000,1,04,1",,,"9,AGL   ,+99999,+99999","04,99,1,02,1,99,9,01200,1,99,9,99,9",,,,"9,9,999,9,+004,1",,"SYN06442170 32696 41401 10304 20201 49952 82510 333 58004 82640 84460=","Q01 030003SCOCIG"
"42170099999","2025-05-30T21:00:00","4","28.25","74.9166666","291.0","CHURU, IN","FM-12","99999","V020","050,1,N,0005,1","99999,9,C,N","004000,1,9,9","+0294,1","+0196,1","09960,1",,,,,,"02,1,+01200,1,06,1","04,1,+01200,1,06,1",,,"9,AGL   ,+99999,+99999","04,99,1,02,1,99,9,01200,1,99,9,99,9",,,,"9,9,999,9,+025,1",,"SYN06442170 32696 40501 10294 20196 49960 82510 333 58025 82640 84640=","Q01 012003SCOCIG"
"42170099999","2025-05-31T00:00:00","4","28.25","74.9166666","291.0","CHURU, IN","FM-12","99999","V020","230,1,N,0010,1","22000,1,9,N","004000,1,9,9","+0310,1","+0198,1","09953,1",,,,,,"01,1,+99999,9,04,1",,,,"9,AGL   ,+99999,+99999","01,99,1,01,1,99,9,99999,9,99,9,99,9",,,,"9,9,999,9,+011,1",,"SYN05842170 32996 12302 10310 20198 49953 81010 333 58011 58///=",
"42170099999","2025-05-31T03:00:00","4","28.25","74.9166666","291.0","CHURU, IN","FM-12","99999","V020","230,1,N,0015,1","99999,9,9,N","004000,1,9,9","+0336,1","+0208,1","09963,1",,,,,,,,,,,,"240,M,+0399,1","240,N,+0290,1",,"9,9,999,9,+014,1",,"SYN06842170 32996 02303 10336 20208 49963 333 10399 20290 58014 555 10035=",
"42170099999","2025-05-31T06:00:00","4","28.25","74.9166666","291.0","CHURU, IN","FM-12","99999","V020","230,1,N,0021,1","22000,1,9,N","002000,1,9,9","+0396,1","+0193,1","09956,1",,"0,1,02,1","0,1,02,1",,,"01,1,+03000,1,04,1",,,,"9,AGL   ,+99999,+99999","01,99,1,01,1,99,9,03000,1,99,9,99,9",,,,"9,9,999,9,+005,1","05,1","SYN06442170 31995 12304 10396 20193 49956 70500 81010 333 58005 81460=",
"42170099999","2025-05-31T09:00:00","4","28.25","74.9166666","291.0","CHURU, IN","FM-12","99999","V020","230,1,N,0010,1","22000,1,9,N","002000,1,9,9","+0426,1","+0161,1","09934,1",,"0,1,02,1","0,1,02,1",,,"02,1,+00900,1,08,1",,,,"9,AGL   ,+99999,+99999","02,99,1,02,1,99,9,00900,1,99,9,99,9",,,,"9,9,999,9,+005,1","05,1","SYN06442170 31595 22302 10426 20161 49934 70500 82100 333 58005 82830=",
"42170099999","2025-05-31T12:00:00","4","28.25","74.9166666","291.0","CHURU, IN","FM-12","99999","V020","230,1,N,0015,1","22000,1,9,N","004000,1,9,9","+0426,1","+0103,1","09925,1",,,,,,"02,1,+00750,1,06,1",,,,"9,AGL   ,+99999,+99999","02,99,1,02,1,99,9,00750,1,99,9,99,9",,,,"9,9,999,9,+016,1",,"SYN06442170 32596 22303 10426 20103 49925 82500 333 10436 58016 82625=",
"42170099999","2025-05-31T15:00:00","4","28.25","74.9166666","291.0","CHURU, IN","FM-12","99999","V020","050,1,N,0015,1","22000,1,9,N","004000,1,9,9","+0330,1","+0190,1","09954,1",,,,,,"02,1,+03000,1,03,1",,,,"9,AGL   ,+99999,+99999","02,99,1,02,1,99,9,03000,1,99,9,99,9",,,,"9,9,999,9,+009,1",,"SYN05842170 32996 20503 10330 20190 49954 82030 333 58009 82360=",
"42170099999","2025-05-31T18:00:00","4","28.25","74.9166666","291.0","CHURU, IN","FM-12","99999","V020","050,1,N,0010,1","22000,1,9,N","004000,1,9,9","+0310,1","+0187,1","09973,1",,,,,,"02,1,+03000,1,04,1",,,,"9,AGL   ,+99999,+99999","02,99,1,02,1,99,9,03000,1,99,9,99,9",,,,"9,9,999,9,+020,1",,"SYN05842170 32996 20502 10310 20187 49973 82010 333 58020 82460=",
"42170099999","2025-05-31T21:00:00","4","28.25","74.9166666","291.0","CHURU, IN","FM-12","99999","V020","050,1,N,0010,1","03000,1,C,N","004000,1,9,9","+0320,1","+0161,1","09963,1",,,,,,"08,1,+03000,1,04,1",,,,"9,AGL   ,+99999,+99999","08,99,1,08,1,99,9,03000,1,99,9,99,9",,,,"9,9,999,9,+005,1",,"SYN05842170 32996 80502 10320 20161 49963 8801/ 333 58005 88460=",
"42170099999","2025-06-01T00:00:00","4","28.25","74.9166666","291.0","CHURU, IN","FM-12","99999","V020","180,1,N,0005,1","06000,1,9,N","004000,1,9,9","+0314,1","+0165,1","09973,1",,,,,,"03,1,+03000,1,03,1","07,1,+06000,1,00,1",,,"9,AGL   ,+99999,+99999","07,99,1,03,1,99,9,03000,1,99,9,99,9",,,,"9,9,999,9,+020,1",,"SYN06442170 32996 71801 10314 20165 49973 83031 333 58020 83360 87070=",
"42170099999","2025-06-01T03:00:00","4","28.25","74.9166666","291.0","CHURU, IN","FM-12","99999","V020","230,1,N,0015,1","99999,9,9,N","002000,1,9,9","+0334,1","+0199,1","09987,1",,"0,1,02,1","0,1,02,1",,,,,,,,,"240,N,+0307,1",,,"9,9,999,9,+023,1","05,1","SYN06842170 31995 02303 10334 20199 49987 70500 333 20307 58023 555 10000=",
"42170099999","2025-06-01T06:00:00","4","28.25","74.9166666","291.0","CHURU, IN","FM-12","99999","V020","230,1,N,0021,1","99999,9,9,N","004000,1,9,9","+0374,1","+0206,1","09983,1",,"0,1,02,1","0,1,02,1",,,,,,,,,,,,"9,9,999,9,+024,1","05,1","SYN05242170 31996 02304 10374 20206 49983 70500 333 58024=",
"42170099999","2025-06-01T09:00:00","4","28.25","74.9166666","291.0","CHURU, IN","FM-12","99999","V020","230,1,N,0010,1","22000,1,9,N","002000,1,9,9","+0402,1","+0194,1","09963,1",,"0,1,02,1","0,1,02,1",,,"02,1,+00900,1,08,1",,,,"9,AGL   ,+99999,+99999","02,99,1,02,1,99,9,00900,1,99,9,99,9",,,,"9,9,999,9,+026,1","06,1","SYN06442170 31595 22302 10402 20194 49963 70600 82100 333 58026 82830=",
"42170099999","2025-06-01T12:00:00","4","28.25","74.9166666","291.0","CHURU, IN","FM-12","99999","V020","230,1,N,0010,1","22000,1,9,N","002000,1,9,9","+0394,1","+0191,1","09946,1",,"0,1,02,1","0,1,02,1",,,"02,1,+00900,1,08,1",,,,"9,AGL   ,+99999,+99999","02,99,1,02,1,99,9,00900,1,99,9,99,9","240,M,+0404,1",,,"9,9,999,9,+016,1","06,1","SYN07042170 31595 22302 10394 20191 49946 70600 82100 333 10404 58016 82830=",
"42170099999","2025-06-01T15:00:00","4","28.25","74.9166666","291.0","CHURU, IN","FM-12","99999","V020","090,1,N,0026,1","03000,1,9,N","002000,1,9,9","+0290,1","+0181,1","09970,1",,"1,1,02,1","1,1,02,1",,,"04,1,+00900,1,06,1","06,1,+03000,1,04,1",,,"9,AGL   ,+99999,+99999","06,99,1,04,1,99,9,00900,1,99,9,99,9",,,,"9,9,999,9,+011,1","06,1","SYN07042170 31595 60905 10290 20181 49970 70611 84510 333 58011 84630 86460=",
"42170099999","2025-06-01T18:00:00","4","28.25","74.9166666","291.0","CHURU, IN","FM-12","99999","V020","140,1,N,0010,1","02400,1,9,N","004000,1,9,9","+0254,1","+0221,1","09988,1","15,0080,3,1","9,1,02,1","6,1,02,1",,,"04,1,+00900,1,06,1","08,1,+02400,1,04,1",,,"9,AGL   ,+99999,+99999","08,99,1,04,1,99,9,00900,1,99,9,99,9",,,,"9,9,999,9,+010,1","02,1","SYN07642170 21596 81402 10254 20221 49988 70296 8451/ 333 58010 6008/ 84630 88458=",
"42170099999","2025-06-01T21:00:00","4","28.25","74.9166666","291.0","CHURU, IN","FM-12","99999","V020","999,9,C,0000,1","03000,1,9,N","004000,1,9,9","+0264,1","+0213,1","09977,1","18,0080,3,1",,,,,"03,1,+00900,1,06,1","06,1,+03000,1,04,1",,,"9,AGL   ,+99999,+99999","06,99,1,03,1,99,9,00900,1,99,9,99,9",,,,"9,9,999,9,+008,1",,"SYN07042170 22596 60000 10264 20213 49977 83510 333 58008 6008/ 83630 86460=",
"42170099999","2025-06-02T00:00:00","4","28.25","74.9166666","291.0","CHURU, IN","FM-12","99999","V020","180,1,N,0015,1","99999,9,C,N","004000,1,9,9","+0258,1","+0210,1","09970,1","21,0080,3,1",,,,,"02,1,+01050,1,06,1","04,1,+03000,1,04,1",,,"9,AGL   ,+99999,+99999","04,99,1,02,1,99,9,01050,1,99,9,99,9",,,,"9,9,999,9,-009,1",,"SYN07042170 22696 41803 10258 20210 49970 82510 333 59009 6008/ 82635 84460=","Q01 030003SCOCIG"
"42170099999","2025-06-02T03:00:00","4","28.25","74.9166666","291.0","CHURU, IN","FM-12","99999","V020","230,1,N,0010,1","22000,1,9,N","004000,1,9,9","+0290,1","+0216,1","09986,1","24,0080,3,1",,,,,"04,1,+06000,1,00,1",,,,"9,AGL   ,+99999,+99999","04,99,1,04,1,99,9,06000,1,99,9,99,9","240,M,+0404,1","240,N,+0240,1",,"9,9,999,9,-010,1",,"SYN09242170 22996 42302 10290 20216 49986 80001 333 10404 20240 59010 6008/ 84070 555 00078 10008=",
"42170099999","2025-06-02T06:00:00","4","28.25","74.9166666","291.0","CHURU, IN","FM-12","99999","V020","230,1,N,0015,1","99999,9,9,N","004000,1,9,9","+0352,1","+0218,1","09978,1",,,,,,,,,,,,,,,"9,9,999,9,-007,1",,"SYN04642170 32996 02303 10352 20218 49978 333 59007=",
"42170099999","2025-06-02T09:00:00","4","28.25","74.9166666","291.0","CHURU, IN","FM-12","99999","V020","050,1,N,0021,1","01200,1,C,N","004000,1,9,9","+0288,1","+0200,1","09962,1",,,,,,"02,1,+00900,1,08,1","06,1,+01200,1,06,1",,,"9,AGL   ,+99999,+99999","06,99,1,02,1,99,9,00900,1,99,9,99,9",,,,"9,9,999,9,-013,1",,"SYN06442170 32596 60504 10288 20200 49962 86400 333 59013 82830 86640=",
"42170099999","2025-06-02T12:00:00","4","28.25","74.9166666","291.0","CHURU, IN","FM-12","99999","V020","050,1,N,0015,1","03000,1,9,N","004000,1,9,9","+0232,1","+0211,1","09985,1","09,0120,3,1","9,1,02,1","6,1,02,1",,,"04,1,+00900,1,06,1","08,1,+03000,1,04,1",,,"9,AGL   ,+99999,+99999","08,99,1,04,1,99,9,00900,1,99,9,99,9","240,M,+0382,1",,,"9,9,999,9,+023,1","02,1","SYN08242170 21596 80503 10232 20211 49985 70296 8452/ 333 10382 58023 6012/ 84630 88460=",
"42170099999","2025-06-02T15:00:00","4","28.25","74.9166666","291.0","CHURU, IN","FM-12","99999","V020","140,1,N,0015,1","03000,1,C,N","002000,1,9,9","+0228,1","+0210,1","09992,1","12,0190,3,1","9,1,02,1","6,1,02,1",,,"01,1,+00750,1,06,1","01,1,+00900,1,09,1","06,1,+03000,1,04,1",,"9,AGL   ,+99999,+99999","08,99,1,01,1,99,9,00750,1,99,9,99,9",,,,,"95,1","SYN08842170 21595 81403 10228 20210 49992 79596 8292/ 333 57942 58014 6019/ 81625 81930 86460=",
"42170099999","2025-06-02T18:00:00","4","28.25","74.9166666","291.0","CHURU, IN","FM-12","99999","V020","180,1,N,0010,1","03000,1,C,N","004000,1,9,9","+0250,1","+0211,1","09985,1","15,0190,3,1","9,1,02,1","6,1,02,1",,,"03,1,+00600,1,06,1","05,1,+03000,1,04,1",,,"9,AGL   ,+99999,+99999","09,99,1,03,1,99,9,00600,1,99,9,99,9",,,,,"02,1","SYN06442170 21896 91802 10250 20211 49985 70296 333 6019/ 83620 85460=",
"42170099999","2025-06-03T00:00:00","4","28.25","74.9166666","291.0","CHURU, IN","FM-12","99999","V020","050,1,N,0010,1","03000,1,C,N","004000,1,9,9","+0244,1","+0207,1","10008,1","21,0190,3,1",,,,,"03,1,+00750,1,06,1","03,1,+03000,1,04,1",,,"9,AGL   ,+99999,+99999","06,99,1,03,1,99,9,00750,1,99,9,99,9",,,,"9,9,999,9,+036,1",,"SYN07042170 22596 60502 10244 20207 40008 83570 333 58036 6019/ 83625 83460=",
"42170099999","2025-06-03T03:00:00","4","28.25","74.9166666","291.0","CHURU, IN","FM-12","99999","V020","140,1,N,0010,1","01050,1,C,N","004000,1,9,9","+0256,1","+0207,1","10012,1","24,0190,3,1",,,,,"05,1,+01050,1,06,1","08,1,+02400,1,04,1",,,"9,AGL   ,+99999,+99999","08,99,1,05,1,99,9,01050,1,99,9,99,9","240,M,+0382,1","240,N,+0221,1",,"9,9,999,9,+026,1",,"SYN09842170 22696 81402 10256 20207 40012 8552/ 333 10382 20221 58026 6019/ 85635 88458 555 00188 10027=",
"42170099999","2025-06-03T06:00:00","4","28.25","74.9166666","291.0","CHURU, IN","FM-12","99999","V020","140,1,N,0005,1","03000,1,9,N","004000,1,9,9","+0228,1","+0187,1","10021,1","03,0020,3,1","9,1,02,1","6,1,02,1",,,"04,1,+00900,1,06,1","08,1,+03000,1,04,1",,,"9,AGL   ,+99999,+99999","08,99,1,04,1,99,9,00900,1,99,9,99,9",,,,"9,9,999,9,+028,1","21,1","SYN07642170 21596 81401 10228 20187 40021 72196 8452/ 333 58028 6002/ 84630 88460=",
"42170099999","2025-06-03T09:00:00","4","28.25","74.9166666","291.0","CHURU, IN","FM-12","99999","V020","180,1,N,0015,1","03000,1,9,N","004000,1,9,9","+0270,1","+0200,1","10014,1","06,0020,3,1",,,,,"04,1,+00900,1,06,1","08,1,+03000,1,04,1",,,"9,AGL   ,+99999,+99999","08,99,1,04,1,99,9,00900,1,99,9,99,9",,,,"9,9,999,9,+048,1",,"SYN07042170 22596 81803 10270 20200 40014 8451/ 333 58048 6002/ 84630 88460=",
"42170099999","2025-06-03T12:00:00","4","28.25","74.9166666","291.0","CHURU, IN","FM-12","99999","V020","140,1,N,0005,1","99999,9,C,N","004000,1,9,9","+0308,1","+0206,1","09994,1","09,0020,3,1",,,,,"02,1,+00900,1,08,1","04,1,+01200,1,06,1",,,"9,AGL   ,+99999,+99999","04,99,1,02,1,99,9,00900,1,99,9,99,9","240,M,+0310,1",,,"9,9,999,9,+016,1",,"SYN07642170 22596 41401 10308 20206 49994 84400 333 10310 58016 6002/ 82830 84640=","Q01 012003SCOCIG"
"42170099999","2025-06-03T15:00:00","4","28.25","74.9166666","291.0","CHURU, IN","FM-12","99999","V020","999,9,C,0000,1","99999,9,C,N","004000,1,9,9","+0272,1","+0218,1","10006,1","12,0020,3,1",,,,,"02,1,+01200,1,06,1","03,1,+03000,1,04,1",,,"9,AGL   ,+99999,+99999","03,99,1,02,1,99,9,01200,1,99,9,99,9",,,,"9,9,999,9,+019,1",,"SYN07042170 22696 30000 10272 20218 40006 82510 333 58019 6002/ 82640 83460=","Q01 030003SCOCIG"
"42170099999","2025-06-03T18:00:00","4","28.25","74.9166666","291.0","CHURU, IN","FM-12","99999","V020","050,1,N,0010,1","03000,1,9,N","004000,1,9,9","+0254,1","+0174,1","10019,1","15,0020,3,1","9,1,02,1","6,1,02,1",,,"01,1,+00750,1,09,1","04,1,+00900,1,06,1","06,1,+03000,1,04,1",,"9,AGL   ,+99999,+99999","06,99,1,01,1,99,9,00750,1,99,9,99,9",,,,"9,9,999,9,+033,1","17,1","SYN08242170 21596 60502 10254 20174 40019 71796 84320 333 58033 6002/ 81925 84630 86460=",
"42170099999","2025-06-03T21:00:00","4","28.25","74.9166666","291.0","CHURU, IN","FM-12","99999","V020","050,1,N,0005,1","00900,1,C,N","004000,1,9,9","+0246,1","+0186,1","10010,1","18,0020,3,1","9,1,02,1","2,1,02,1",,,"01,1,+00750,1,09,1","05,1,+00900,1,06,1","08,1,+03000,1,04,1",,"9,AGL   ,+99999,+99999","08,99,1,01,1,99,9,00750,1,99,9,99,9",,,,"9,9,999,9,+027,1","95,1","SYN08242170 21596 80501 10246 20186 40010 79592 8532/ 333 58027 6002/ 81925 85630 88460=",
"42170099999","2025-06-04T00:00:00","4","28.25","74.9166666","291.0","CHURU, IN","FM-12","99999","V020","140,1,N,0021,1","03000,1,9,N","004000,1,9,9","+0208,1","+0169,1","10009,1","21,0060,3,1","9,1,02,1","6,1,02,1",,,"04,1,+00900,1,06,1","08,1,+03000,1,04,1",,,"9,AGL   ,+99999,+99999","08,99,1,04,1,99,9,00900,1,99,9,99,9",,,,"9,9,999,9,-004,1","50,1","SYN07642170 21596 81404 10208 20169 40009 75096 8452/ 333 59004 6006/ 84630 88460=",
"42170099999","2025-06-04T03:00:00","4","28.25","74.9166666","291.0","CHURU, IN","FM-12","99999","V020","140,1,N,0010,1","01050,1,C,N","004000,1,9,9","+0240,1","+0180,1","09989,1","24,0060,3,1",,,,,"07,1,+01050,1,06,1",,,,"9,AGL   ,+99999,+99999","07,99,1,07,1,99,9,01050,1,99,9,99,9","240,M,+0310,1","240,N,+0198,1",,"9,9,999,9,-024,1",,"SYN09242170 22696 71402 10240 20180 49989 87500 333 10310 20198 59024 6006/ 87635 555 00062 10033=",
"42170099999","2025-06-04T06:00:00","4","28.25","74.9166666","291.0","CHURU, IN","FM-12","99999","V020","320,1,N,0010,1","01050,1,C,N","004000,1,9,9","+0260,1","+0181,1","10058,1","03,0000,2,1","2,1,02,1","0,1,02,1",,,"05,1,+01050,1,06,1","08,1,+03000,1,04,1",,,"9,AGL   ,+99999,+99999","08,99,1,05,1,99,9,01050,1,99,9,99,9",,,,"9,9,999,9,+039,1","95,1","SYN07642170 21696 83202 10260 20181 40058 79520 8552/ 333 58039 6990/ 85635 88460=",
"42170099999","2025-06-04T09:00:00","4","28.25","74.9166666","291.0","CHURU, IN","FM-12","99999","V020","320,1,N,0010,1","03000,1,C,N","002000,1,9,9","+0240,1","+0180,1","10062,1","06,0020,3,1","9,1,02,1","6,1,02,1",,,"01,1,+00750,1,06,1","01,1,+00900,1,09,1","04,1,+03000,1,04,1",,"9,AGL   ,+99999,+99999","06,99,1,01,1,99,9,00750,1,99,9,99,9",,,,,"50,1","SYN08842170 21595 63202 10240 20180 40062 75096 82920 333 57912 58043 6002/ 81625 81930 84460=",
"42170099999","2025-06-04T12:00:00","4","28.25","74.9166666","291.0","CHURU, IN","FM-12","99999","V020","050,1,N,0015,1","22000,1,9,N","004000,1,9,9","+0268,1","+0176,1","10029,1","09,0040,3,1","9,1,02,1","6,1,02,1",,,"01,1,+00750,1,06,1","03,1,+03000,1,04,1",,,"9,AGL   ,+99999,+99999","04,99,1,01,1,99,9,00750,1,99,9,99,9","240,M,+0278,1",,,"9,9,999,9,+029,1","01,1","SYN08242170 21596 40503 10268 20176 40029 70196 81570 333 10278 58029 6004/ 81625 83460=",
"42170099999","2025-06-04T15:00:00","4","28.25","74.9166666","291.0","CHURU, IN","FM-12","99999","V020","999,9,C,0000,1","99999,9,C,N","004000,1,9,9","+0256,1","+0211,1","10034,1","12,0040,3,1",,,,,"02,1,+01200,1,06,1","04,1,+03000,1,03,1",,,"9,AGL   ,+99999,+99999","04,99,1,02,1,99,9,01200,1,99,9,99,9",,,,"9,9,999,9,+025,1",,"SYN07042170 22696 40000 10256 20211 40034 82530 333 58025 6004/ 82640 84360=","Q01 030003SCOCIG"
"42170099999","2025-06-04T18:00:00","4","28.25","74.9166666","291.0","CHURU, IN","FM-12","99999","V020","180,1,N,0005,1","01200,1,C,N","004000,1,9,9","+0242,1","+0192,1","10048,1","15,0040,3,1",,,,,"05,1,+01200,1,06,1",,,,"9,AGL   ,+99999,+99999","05,99,1,05,1,99,9,01200,1,99,9,99,9",,,,"9,9,999,9,+028,1",,"SYN06442170 22696 51801 10242 20192 40048 85500 333 58028 6004/ 85640=",
"42170099999","2025-06-04T21:00:00","4","28.25","74.9166666","291.0","CHURU, IN","FM-12","99999","V020","999,9,C,0000,1","03000,1,9,N","004000,1,9,9","+0226,1","+0185,1","10061,1","18,0040,3,1","6,1,02,1","2,1,02,1",,,"04,1,+01200,1,06,1","06,1,+03000,1,04,1",,,"9,AGL   ,+99999,+99999","06,99,1,04,1,99,9,01200,1,99,9,99,9",,,,"9,9,999,9,+047,1","01,1","SYN07642170 21696 60000 10226 20185 40061 70162 84520 333 58047 6004/ 84640 86460=",
"42170099999","2025-06-05T00:00:00","4","28.25","74.9166666","291.0","CHURU, IN","FM-12","99999","V020","180,1,N,0010,1","22000,1,9,N","002000,1,9,9","+0214,1","+0182,1","10061,1","21,0040,3,1","6,1,02,1","1,1,02,1",,,"01,1,+01200,1,06,1",,,,"9,AGL   ,+99999,+99999","01,99,1,01,1,99,9,01200,1,99,9,99,9",,,,"9,9,999,9,+052,1","05,1","SYN07042170 21695 11802 10214 20182 40061 70561 81500 333 58052 6004/ 81640=",
"42170099999","2025-06-05T03:00:00","4","28.25","74.9166666","291.0","CHURU, IN","FM-12","99999","V020","140,1,N,0015,1","22000,1,9,N","004000,1,9,9","+0250,1","+0180,1","10085,1","24,0040,3,1",,,,,"04,1,+00750,1,08,1",,,,"9,AGL   ,+99999,+99999","04,99,1,04,1,99,9,00750,1,99,9,99,9","240,M,+0278,1","240,N,+0212,1",,"9,9,999,9,+049,1",,"SYN09242170 22596 41403 10250 20180 40085 84800 333 10278 20212 58049 6004/ 84825 555 00038 10037=",
"42170099999","2025-06-05T06:00:00","4","28.25","74.9166666","291.0","CHURU, IN","FM-12","99999","V020","140,1,N,0010,1","22000,1,9,N","004000,1,9,9","+0310,1","+0194,1","10080,1",,,,,,"04,1,+00750,1,08,1",,,,"9,AGL   ,+99999,+99999","04,99,1,04,1,99,9,00750,1,99,9,99,9",,,,"9,9,999,9,+027,1",,"SYN05842170 32596 41402 10310 20194 40080 84800 333 58027 84825=",
"42170099999","2025-06-05T09:00:00","4","28.25","74.9166666","291.0","CHURU, IN","FM-12","99999","V020","230,1,N,0010,1","22000,1,9,N","004000,1,9,9","+0350,1","+0193,1","10058,1",,,,,,"02,1,+00900,1,08,1",,,,"9,AGL   ,+99999,+99999","02,99,1,02,1,99,9,00900,1,99,9,99,9",,,,"9,9,999,9,+008,1",,"SYN05842170 32596 22302 10350 20193 40058 82100 333 58008 82830=",
"42170099999","2025-06-05T12:00:00","4","28.25","74.9166666","291.0","CHURU, IN","FM-12","99999","V020","140,1,N,0005,1","22000,1,9,N","004000,1,9,9","+0336,1","+0212,1","10039,1","09,0002,3,1","9,1,02,1","6,1,02,1",,,"02,1,+00900,1,06,1",,,,"9,AGL   ,+99999,+99999","02,99,1,02,1,99,9,00900,1,99,9,99,9",,,,"9,9,999,9,+017,1","02,1","SYN07642170 21596 21401 10336 20212 40039 70296 82500 333 10354 58017 6992/ 82630=",
"42170099999","2025-06-05T15:00:00","4","28.25","74.9166666","291.0","CHURU, IN","FM-12","99999","V020","140,1,N,0005,1","99999,9,9,N","004000,1,9,9","+0306,1","+0230,1","10038,1","12,0002,3,1",,,,,,,,,,,,,,"9,9,999,9,+009,1",,"SYN05242170 22996 01401 10306 20230 40038 333 58009 6992/=",
"42170099999","2025-06-05T18:00:00","4","28.25","74.9166666","291.0","CHURU, IN","FM-12","99999","V020","999,9,C,0000,1","22000,1,9,N","004000,1,9,9","+0286,1","+0227,1","10052,1","15,0002,3,1",,,,,"02,1,+03000,1,03,1",,,,"9,AGL   ,+99999,+99999","02,99,1,02,1,99,9,03000,1,99,9,99,9",,,,"9,9,999,9,+008,1",,"SYN06442170 22996 20000 10286 20227 40052 82030 333 58008 6992/ 82360=",
"42170099999","2025-06-05T21:00:00","4","28.25","74.9166666","291.0","CHURU, IN","FM-12","99999","V020","999,9,C,0000,1","22000,1,9,N","004000,1,9,9","+0272,1","+0225,1","10061,1","18,0002,3,1",,,,,"01,1,+03000,1,03,1",,,,"9,AGL   ,+99999,+99999","01,99,1,01,1,99,9,03000,1,99,9,99,9",,,,"9,9,999,9,+005,1",,"SYN06442170 22996 10000 10272 20225 40061 81030 333 58005 6992/ 81360=",
"42170099999","2025-06-06T00:00:00","4","28.25","74.9166666","291.0","CHURU, IN","FM-12","99999","V020","999,9,C,0000,1","22000,1,9,N","004000,1,9,9","+0262,1","+0223,1","10051,1","21,0002,3,1",,,,,"03,1,+00900,1,06,1",,,,"9,AGL   ,+99999,+99999","03,99,1,03,1,99,9,00900,1,99,9,99,9",,,,"9,9,999,9,-004,1",,"SYN06442170 22596 30000 10262 20223 40051 83500 333 59004 6992/ 83630=",
"42170099999","2025-06-06T03:00:00","4","28.25","74.9166666","291.0","CHURU, IN","FM-12","99999","V020","140,1,N,0005,1","99999,9,9,N","004000,1,9,9","+0308,1","+0223,1","10057,1","24,0002,3,1",,,,,,,,,,,"240,M,+0354,1","240,N,+0262,1",,"9,9,999,9,-020,1",,"SYN08042170 22996 01401 10308 20223 40057 333 10354 20262 59020 6992/ 555 00002 10037=",
"42170099999","2025-06-06T06:00:00","4","28.25","74.9166666","291.0","CHURU, IN","FM-12","99999","V020","140,1,N,0005,1","22000,1,9,N","004000,1,9,9","+0354,1","+0213,1","10052,1",,,,,,"02,1,+03000,1,04,1",,,,"9,AGL   ,+99999,+99999","02,99,1,02,1,99,9,03000,1,99,9,99,9",,,,"9,9,999,9,-022,1",,"SYN05842170 32996 21401 10354 20213 40052 82010 333 59022 82460=",
"42170099999","2025-06-06T09:00:00","4","28.25","74.9166666","291.0","CHURU, IN","FM-12","99999","V020","270,1,N,0015,1","22000,1,9,N","004000,1,9,9","+0394,1","+0214,1","10036,1",,,,,,"03,1,+01200,1,06,1",,,,"9,AGL   ,+99999,+99999","03,99,1,03,1,99,9,01200,1,99,9,99,9",,,,"9,9,999,9,-016,1",,"SYN05842170 32696 32703 10394 20214 40036 83500 333 59016 83640=",
"42170099999","2025-06-06T12:00:00","4","28.25","74.9166666","291.0","CHURU, IN","FM-12","99999","V020","230,1,N,0015,1","22000,1,9,N","004000,1,9,9","+0396,1","+0193,1","10015,1",,,,,,"03,1,+01200,1,06,1",,,,"9,AGL   ,+99999,+99999","03,99,1,03,1,99,9,01200,1,99,9,99,9",,,,"9,9,999,9,-017,1",,"SYN06442170 32696 32303 10396 20193 40015 83500 333 10402 59017 83640=",
"42170099999","2025-06-06T15:00:00","4","28.25","74.9166666","291.0","CHURU, IN","FM-12","99999","V020","360,1,N,0010,1","22000,1,9,N","004000,1,9,9","+0354,1","+0216,1","10023,1",,,,,,"02,1,+00750,1,06,1",,,,"9,AGL   ,+99999,+99999","02,99,1,02,1,99,9,00750,1,99,9,99,9",,,,"9,9,999,9,-009,1",,"SYN05842170 32596 23602 10354 20216 40023 82500 333 59009 82625=",
"42170099999","2025-06-06T18:00:00","4","28.25","74.9166666","291.0","CHURU, IN","FM-12","99999","V020","090,1,N,0010,1","22000,1,9,N","004000,1,9,9","+0324,1","+0208,1","10035,1",,,,,,"02,1,+00750,1,06,1",,,,"9,AGL   ,+99999,+99999","02,99,1,02,1,99,9,00750,1,99,9,99,9",,,,"9,9,999,9,-013,1",,"SYN05842170 32596 20902 10324 20208 40035 82500 333 59013 82625=",
"42170099999","2025-06-06T21:00:00","4","28.25","74.9166666","291.0","CHURU, IN","FM-12","99999","V020","180,1,N,0005,1","99999,9,9,N","004000,1,9,9","+0304,1","+0225,1","10030,1",,,,,,,,,,,,,,,"9,9,999,9,-026,1",,"SYN04642170 32996 01801 10304 20225 40030 333 59026=",
"42170099999","2025-06-07T00:00:00","4","28.25","74.9166666","291.0","CHURU, IN","FM-12","99999","V020","999,9,C,0000,1","22000,1,9,N","004000,1,9,9","+0292,1","+0224,1","10032,1",,,,,,"01,1,+03000,1,03,1",,,,"9,AGL   ,+99999,+99999","01,99,1,01,1,99,9,03000,1,99,9,99,9",,,,"9,9,999,9,-015,1",,"SYN05842170 32996 10000 10292 20224 40032 81030 333 59015 81360=",
"42170099999","2025-06-07T03:00:00","4","28.25","74.9166666","291.0","CHURU, IN","FM-12","99999","V020","230,1,N,0010,1","99999,9,9,N","004000,1,9,9","+0332,1","+0221,1","10043,1",,,,,,,,,,,,"240,M,+0402,1","240,N,+0289,1",,"9,9,999,9,-011,1",,"SYN05842170 32996 02302 10332 20221 40043 333 10402 20289 59011=",
"42170099999","2025-06-07T06:00:00","4","28.25","74.9166666","291.0","CHURU, IN","FM-12","99999","V020","320,1,N,0005,1","99999,9,9,N","004000,1,9,9","+0404,1","+0212,1","10029,1",,,,,,,,,,,,,,,"9,9,999,9,-017,1",,"SYN04642170 32996 03201 10404 20212 40029 333 59017=",
"42170099999","2025-06-07T09:00:00","4","28.25","74.9166666","291.0","CHURU, IN","FM-12","99999","V020","230,1,N,0005,1","22000,1,9,N","004000,1,9,9","+0426,1","+0200,1","10008,1",,,,,,"01,1,+00900,1,08,1",,,,"9,AGL   ,+99999,+99999","01,99,1,01,1,99,9,00900,1,99,9,99,9",,,,"9,9,999,9,-025,1",,"SYN05842170 32596 12301 10426 20200 40008 81100 333 59025 81830=",
"42170099999","2025-06-07T12:00:00","4","28.25","74.9166666","291.0","CHURU, IN","FM-12","99999","V020","320,1,N,0010,1","22000,1,9,N","004000,1,9,9","+0424,1","+0189,1","09990,1",,,,,,"02,1,+00900,1,08,1",,,,"9,AGL   ,+99999,+99999","02,99,1,02,1,99,9,00900,1,99,9,99,9","240,M,+0436,1",,,"9,9,999,9,-021,1",,"SYN06442170 32596 23202 10424 20189 49990 82100 333 10436 59021 82830=",
"42170099999","2025-06-07T15:00:00","4","28.25","74.9166666","291.0","CHURU, IN","FM-12","99999","V020","050,1,N,0010,1","99999,9,9,N","004000,1,9,9","+0380,1","+0195,1","10001,1",,,,,,,,,,,,,,,"9,9,999,9,-019,1",,"SYN04642170 32996 00502 10380 20195 40001 333 59019=",
"42170099999","2025-06-07T18:00:00","4","28.25","74.9166666","291.0","CHURU, IN","FM-12","99999","V020","999,9,C,0000,1","99999,9,9,N","004000,1,9,9","+0346,1","+0214,1","10014,1",,,,,,,,,,,,,,,"9,9,999,9,-018,1",,"SYN04642170 32996 00000 10346 20214 40014 333 59018=",
"42170099999","2025-06-07T21:00:00","4","28.25","74.9166666","291.0","CHURU, IN","FM-12","99999","V020","999,9,C,0000,1","99999,9,9,N","004000,1,9,9","+0328,1","+0213,1","10013,1",,,,,,,,,,,,,,,"9,9,999,9,-016,1",,"SYN04642170 32996 00000 10328 20213 40013 333 59016=",
"42170099999","2025-06-08T00:00:00","4","28.25","74.9166666","291.0","CHURU, IN","FM-12","99999","V020","999,9,C,0000,1","99999,9,9,N","004000,1,9,9","+0296,1","+0206,1","10022,1",,,,,,,,,,,,,,,"9,9,999,9,-010,1",,"SYN04642170 32996 00000 10296 20206 40022 333 59010=",
"42170099999","2025-06-08T03:00:00","4","28.25","74.9166666","291.0","CHURU, IN","FM-12","99999","V020","230,1,N,0010,1","99999,9,9,N","004000,1,9,9","+0346,1","+0180,1","10034,1",,,,,,,,,,,,"240,M,+0436,1","240,N,+0292,1",,"9,9,999,9,-008,1",,"SYN06842170 32996 02302 10346 20180 40034 333 10436 20292 59008 555 10037=",
"42170099999","2025-06-08T06:00:00","4","28.25","74.9166666","291.0","CHURU, IN","FM-12","99999","V020","270,1,N,0010,1","99999,9,9,N","004000,1,9,9","+0408,1","+0186,1","10024,1",,,,,,,,,,,,,,,"9,9,999,9,-005,1",,"SYN04642170 32996 02702 10408 20186 40024 333 59005=",
"42170099999","2025-06-08T09:00:00","4","28.25","74.9166666","291.0","CHURU, IN","FM-12","99999","V020","320,1,N,0005,1","99999,9,9,N","004000,1,9,9","+0452,1","+0189,1","09996,1",,,,,,,,,,,,,,,"9,9,999,9,-009,1",,"SYN04642170 32996 03201 10452 20189 49996 333 59009=",
"42170099999","2025-06-08T15:00:00","4","28.25","74.9166666","291.0","CHURU, IN","FM-12","99999","V020","320,1,N,0010,1","22000,1,9,N","004000,1,9,9","+0382,1","+0173,1","09992,1",,,,,,"02,1,+00750,1,06,1",,,,"9,AGL   ,+99999,+99999","02,99,1,02,1,99,9,00750,1,99,9,99,9",,,,"9,9,999,9,-008,1",,"SYN05842170 32596 23202 10382 20173 49992 82500 333 59008 82625=",
"42170099999","2025-06-08T18:00:00","4","28.25","74.9166666","291.0","CHURU, IN","FM-12","99999","V020","270,1,N,0010,1","99999,9,9,N","004000,1,9,9","+0346,1","+0159,1","10003,1",,,,,,,,,,,,,,,"9,9,999,9,-010,1",,"SYN04642170 32996 02702 10346 20159 40003 333 59010=",
"42170099999","2025-06-08T21:00:00","4","28.25","74.9166666","291.0","CHURU, IN","FM-12","99999","V020","200,1,N,0010,1","99999,9,9,N","004000,1,9,9","+0320,1","+0192,1","10001,1",,,,,,,,,,,,,,,"9,9,999,9,-011,1",,"SYN04642170 32996 02002 10320 20192 40001 333 59011=",
"42170099999","2025-06-09T00:00:00","4","28.25","74.9166666","291.0","CHURU, IN","FM-12","99999","V020","230,1,N,0010,1","99999,9,9,N","004000,1,9,9","+0292,1","+0179,1","10014,1",,,,,,,,,,,,,,,"9,9,999,9,-008,1",,"SYN04642170 32996 02302 10292 20179 40014 333 59008=",
"42170099999","2025-06-09T03:00:00","4","28.25","74.9166666","291.0","CHURU, IN","FM-12","99999","V020","230,1,N,0010,1","99999,9,9,N","004000,1,9,9","+0336,1","+0178,1","10031,1",,,,,,,,,,,,"240,M,+0456,1","240,N,+0286,1",,"9,9,999,9,-004,1",,"SYN06842170 32996 02302 10336 20178 40031 333 10456 20286 59004 555 10037=",
"42170099999","2025-06-09T06:00:00","4","28.25","74.9166666","291.0","CHURU, IN","FM-12","99999","V020","270,1,N,0015,1","99999,9,9,N","004000,1,9,9","+0416,1","+0194,1","10025,1",,,,,,,,,,,,,,,"9,9,999,9,+001,1",,"SYN04642170 32996 02703 10416 20194 40025 333 58001=",
"42170099999","2025-06-09T09:00:00","4","28.25","74.9166666","291.0","CHURU, IN","FM-12","99999","V020","320,1,N,0010,1","99999,9,9,N","004000,1,9,9","+0450,1","+0168,1","09992,1",,,,,,,,,,,,,,,"9,9,999,9,-004,1",,"SYN04642170 32996 03202 10450 20168 49992 333 59004=",
"42170099999","2025-06-09T12:00:00","4","28.25","74.9166666","291.0","CHURU, IN","FM-12","99999","V020","230,1,N,0010,1","99999,9,9,N","004000,1,9,9","+0446,1","+0152,1","09969,1",,,,,,,,,,,,"240,M,+0456,1",,,"9,9,999,9,-011,1",,"SYN05242170 32996 02302 10446 20152 49969 333 10456 59011=",
"42170099999","2025-06-09T15:00:00","4","28.25","74.9166666","291.0","CHURU, IN","FM-12","99999","V020","999,9,C,0000,1","99999,9,9,N","004000,1,9,9","+0382,1","+0181,1","09983,1",,,,,,,,,,,,,,,"9,9,999,9,-009,1",,"SYN04642170 32996 00000 10382 20181 49983 333 59009=",
"42170099999","2025-06-09T18:00:00","4","28.25","74.9166666","291.0","CHURU, IN","FM-12","99999","V020","320,1,N,0005,1","99999,9,9,N","004000,1,9,9","+0346,1","+0164,1","09985,1",,,,,,,,,,,,,,,"9,9,999,9,-018,1",,"SYN04642170 32996 03201 10346 20164 49985 333 59018=",
"42170099999","2025-06-09T21:00:00","4","28.25","74.9166666","291.0","CHURU, IN","FM-12","99999","V020","999,9,C,0000,1","99999,9,9,N","004000,1,9,9","+0318,1","+0174,1","09984,1",,,,,,,,,,,,,,,"9,9,999,9,-017,1",,"SYN04642170 32996 00000 10318 20174 49984 333 59017=",
"42170099999","2025-06-10T00:00:00","4","28.25","74.9166666","291.0","CHURU, IN","FM-12","99999","V020","230,1,N,0005,1","99999,9,9,N","004000,1,9,9","+0286,1","+0176,1","10002,1",,,,,,,,,,,,,,,"9,9,999,9,-013,1",,"SYN04642170 32996 02301 10286 20176 40002 333 59013=",
"42170099999","2025-06-10T03:00:00","4","28.25","74.9166666","291.0","CHURU, IN","FM-12","99999","V020","320,1,N,0010,1","99999,9,9,N","004000,1,9,9","+0346,1","+0192,1","10011,1",,,,,,,,,,,,"240,M,+0456,1","240,N,+0285,1",,"9,9,999,9,-018,1",,"SYN06842170 32996 03202 10346 20192 40011 333 10456 20285 59018 555 10037=",
"42170099999","2025-06-10T06:00:00","4","28.25","74.9166666","291.0","CHURU, IN","FM-12","99999","V020","230,1,N,0010,1","99999,9,9,N","004000,1,9,9","+0412,1","+0204,1","10005,1",,,,,,,,,,,,,,,"9,9,999,9,-019,1",,"SYN04642170 32996 02302 10412 20204 40005 333 59019=",
"42170099999","2025-06-10T09:00:00","4","28.25","74.9166666","291.0","CHURU, IN","FM-12","99999","V020","270,1,N,0015,1","99999,9,9,N","004000,1,9,9","+0442,1","+0195,1","09978,1",,,,,,,,,,,,,,,"9,9,999,9,-014,1",,"SYN04642170 32996 02703 10442 20195 49978 333 59014=",
"42170099999","2025-06-10T12:00:00","4","28.25","74.9166666","291.0","CHURU, IN","FM-12","99999","V020","270,1,N,0010,1","99999,9,9,N","004000,1,9,9","+0450,1","+0194,1","09961,1",,,,,,,,,,,,"240,M,+0455,1",,,"9,9,999,9,-008,1",,"SYN05242170 32996 02702 10450 20194 49961 333 10455 59008=",
"42170099999","2025-06-10T15:00:00","4","28.25","74.9166666","291.0","CHURU, IN","FM-12","99999","V020","230,1,N,0010,1","99999,9,9,N","004000,1,9,9","+0388,1","+0198,1","09972,1",,,,,,,,,,,,,,,"9,9,999,9,-010,1",,"SYN04642170 32996 02302 10388 20198 49972 333 59010=",
"42170099999","2025-06-10T18:00:00","4","28.25","74.9166666","291.0","CHURU, IN","FM-12","99999","V020","999,9,C,0000,1","99999,9,9,N","004000,1,9,9","+0326,1","+0185,1","09992,1",,,,,,,,,,,,,,,"9,9,999,9,+005,1",,"SYN04642170 32996 00000 10326 20185 49992 333 58005=",
"42170099999","2025-06-10T21:00:00","4","28.25","74.9166666","291.0","CHURU, IN","FM-12","99999","V020","180,1,N,0010,1","99999,9,9,N","004000,1,9,9","+0318,1","+0182,1","09988,1",,,,,,,,,,,,,,,"9,9,999,9,+004,1",,"SYN04642170 32996 01802 10318 20182 49988 333 58004=",
"42170099999","2025-06-11T00:00:00","4","28.25","74.9166666","291.0","CHURU, IN","FM-12","99999","V020","320,1,N,0010,1","99999,9,9,N","004000,1,9,9","+0302,1","+0177,1","09995,1",,,,,,,,,,,,,,,"9,9,999,9,-004,1",,"SYN04642170 32996 03202 10302 20177 49995 333 59004=",
"42170099999","2025-06-11T03:00:00","4","28.25","74.9166666","291.0","CHURU, IN","FM-12","99999","V020","270,1,N,0021,1","99999,9,9,N","004000,1,9,9","+0354,1","+0217,1","10010,1",,,,,,,,,,,,"240,M,+0455,1","240,N,+0299,1",,"9,9,999,9,+000,1",,"SYN06842170 32996 02704 10354 20217 40010 333 10455 20299 58000 555 10037=",
"42170099999","2025-06-11T06:00:00","4","28.25","74.9166666","291.0","CHURU, IN","FM-12","99999","V020","180,1,N,0021,1","99999,9,9,N","004000,1,9,9","+0410,1","+0238,1","10008,1",,,,,,,,,,,,,,,"9,9,999,9,+002,1",,"SYN04642170 32996 01804 10410 20238 40008 333 58002=",
"42170099999","2025-06-11T09:00:00","4","28.25","74.9166666","291.0","CHURU, IN","FM-12","99999","V020","140,1,N,0010,1","99999,9,9,N","004000,1,9,9","+0440,1","+0238,1","09983,1",,,,,,,,,,,,,,,"9,9,999,9,+004,1",,"SYN04642170 32996 01402 10440 20238 49983 333 58004=",
"42170099999","2025-06-11T12:00:00","4","28.25","74.9166666","291.0","CHURU, IN","FM-12","99999","V020","320,1,N,0005,1","99999,9,9,N","004000,1,9,9","+0450,1","+0237,1","09963,1",,,,,,,,,,,,"240,M,+0458,1",,,"9,9,999,9,+002,1",,"SYN05242170 32996 03201 10450 20237 49963 333 10458 58002=",
"42170099999","2025-06-11T15:00:00","4","28.25","74.9166666","291.0","CHURU, IN","FM-12","99999","V020","999,9,C,0000,1","99999,9,9,N","004000,1,9,9","+0388,1","+0224,1","09974,1",,,,,,,,,,,,,,,"9,9,999,9,+002,1",,"SYN04642170 32996 00000 10388 20224 49974 333 58002=",
"42170099999","2025-06-11T18:00:00","4","28.25","74.9166666","291.0","CHURU, IN","FM-12","99999","V020","230,1,N,0005,1","99999,9,9,N","004000,1,9,9","+0340,1","+0203,1","09986,1",,,,,,,,,,,,,,,"9,9,999,9,-005,1",,"SYN04642170 32996 02301 10340 20203 49986 333 59005=",
"42170099999","2025-06-12T03:00:00","4","28.25","74.9166666","291.0","CHURU, IN","FM-12","99999","V020","270,1,N,0005,1","99999,9,9,N","004000,1,9,9","+0354,1","+0198,1","10001,1",,,,,,,,,,,,"240,M,+0458,1","240,N,+0288,1",,"9,9,999,9,-008,1",,"SYN06842170 32996 02701 10354 20198 40001 333 10458 20288 59008 555 10037=",
"42170099999","2025-06-12T06:00:00","4","28.25","74.9166666","291.0","CHURU, IN","FM-12","99999","V020","270,1,N,0005,1","99999,9,9,N","004000,1,9,9","+0430,1","+0243,1","09991,1",,,,,,,,,,,,,,,"9,9,999,9,-014,1",,"SYN04642170 32996 02701 10430 20243 49991 333 59014=",
"42170099999","2025-06-12T09:00:00","4","28.25","74.9166666","291.0","CHURU, IN","FM-12","99999","V020","110,1,N,0010,1","22000,1,9,N","004000,1,9,9","+0456,1","+0238,1","09971,1",,,,,,"02,1,+00750,1,06,1",,,,"9,AGL   ,+99999,+99999","02,99,1,02,1,99,9,00750,1,99,9,99,9",,,,"9,9,999,9,-010,1",,"SYN05842170 32596 21102 10456 20238 49971 82500 333 59010 82625=",
"42170099999","2025-06-12T12:00:00","4","28.25","74.9166666","291.0","CHURU, IN","FM-12","99999","V020","230,1,N,0010,1","22000,1,9,N","004000,1,9,9","+0460,1","+0225,1","09948,1",,,,,,"02,1,+00750,1,06,1",,,,"9,AGL   ,+99999,+99999","02,99,1,02,1,99,9,00750,1,99,9,99,9","240,M,+0462,1",,,"9,9,999,9,-013,1",,"SYN06442170 32596 22302 10460 20225 49948 82500 333 10462 59013 82625=",
"42170099999","2025-06-12T15:00:00","4","28.25","74.9166666","291.0","CHURU, IN","FM-12","99999","V020","999,9,C,0000,1","99999,9,9,N","004000,1,9,9","+0390,1","+0223,1","09963,1",,,,,,,,,,,,,,,"9,9,999,9,-011,1",,"SYN04642170 32996 00000 10390 20223 49963 333 59011=",
"42170099999","2025-06-12T18:00:00","4","28.25","74.9166666","291.0","CHURU, IN","FM-12","99999","V020","999,9,C,0000,1","99999,9,9,N","004000,1,9,9","+0350,1","+0208,1","09973,1",,,,,,,,,,,,,,,"9,9,999,9,-012,1",,"SYN04642170 32996 00000 10350 20208 49973 333 59012=",
"42170099999","2025-06-12T21:00:00","4","28.25","74.9166666","291.0","CHURU, IN","FM-12","99999","V020","999,9,C,0000,1","03000,1,C,N","004000,1,9,9","+0326,1","+0203,1","09975,1",,,,,,"06,1,+03000,1,03,1",,,,"9,AGL   ,+99999,+99999","06,99,1,06,1,99,9,03000,1,99,9,99,9",,,,"9,9,999,9,-008,1",,"SYN05842170 32996 60000 10326 20203 49975 86030 333 59008 86360=",
"42170099999","2025-06-13T00:00:00","4","28.25","74.9166666","291.0","CHURU, IN","FM-12","99999","V020","999,9,C,0000,1","22000,1,9,N","004000,1,9,9","+0310,1","+0205,1","09982,1",,,,,,"02,1,+03000,1,03,1",,,,"9,AGL   ,+99999,+99999","02,99,1,02,1,99,9,03000,1,99,9,99,9",,,,"9,9,999,9,-007,1",,"SYN05842170 32996 20000 10310 20205 49982 82030 333 59007 82360=",
"42170099999","2025-06-13T03:00:00","4","28.25","74.9166666","291.0","CHURU, IN","FM-12","99999","V020","140,1,N,0005,1","99999,9,9,N","004000,1,9,9","+0390,1","+0197,1","09990,1",,,,,,,,,,,,"240,M,+0462,1","240,N,+0307,1",,"9,9,999,9,-008,1",,"SYN06842170 32996 01401 10390 20197 49990 333 10462 20307 59008 555 10037=",
"42170099999","2025-06-13T06:00:00","4","28.25","74.9166666","291.0","CHURU, IN","FM-12","99999","V020","230,1,N,0010,1","99999,9,9,N","004000,1,9,9","+0450,1","+0226,1","09981,1",,,,,,,,,,,,,,,"9,9,999,9,-008,1",,"SYN04642170 32996 02302 10450 20226 49981 333 59008=",
"42170099999","2025-06-13T09:00:00","4","28.25","74.9166666","291.0","CHURU, IN","FM-12","99999","V020","090,1,N,0015,1","22000,1,9,N","004000,1,9,9","+0466,1","+0234,1","09960,1",,,,,,"01,1,+01050,1,06,1","99,9,+99999,9,04,1",,,"9,AGL   ,+99999,+99999","03,99,1,01,1,99,9,01050,1,99,9,99,9",,,,"9,9,999,9,-009,1",,"SYN05842170 32696 30903 10466 20234 49960 82810 333 59009 81635=",
"42170099999","2025-06-13T12:00:00","4","28.25","74.9166666","291.0","CHURU, IN","FM-12","99999","V020","050,1,N,0021,1","22000,1,9,N","004000,1,9,9","+0420,1","+0230,1","09951,1",,,,,,"01,1,+01050,1,06,1","99,9,+99999,9,03,1",,,"9,AGL   ,+99999,+99999","03,99,1,01,1,99,9,01050,1,99,9,99,9","240,M,+0476,1",,,"9,9,999,9,-001,1",,"SYN06442170 32696 30504 10420 20230 49951 82830 333 10476 59001 81635=",
"42170099999","2025-06-13T15:00:00","4","28.25","74.9166666","291.0","CHURU, IN","FM-12","99999","V020","090,1,N,0010,1","22000,1,9,N","004000,1,9,9","+0370,1","+0223,1","09980,1",,,,,,"03,1,+00900,1,06,1",,,,"9,AGL   ,+99999,+99999","03,99,1,03,1,99,9,00900,1,99,9,99,9",,,,"9,9,999,9,+014,1",,"SYN05842170 32596 30902 10370 20223 49980 83500 333 58014 83630=",
"42170099999","2025-06-13T18:00:00","4","28.25","74.9166666","291.0","CHURU, IN","FM-12","99999","V020","140,1,N,0015,1","22000,1,9,N","004000,1,9,9","+0342,1","+0246,1","09983,1",,,,,,"01,1,+01200,1,06,1",,,,"9,AGL   ,+99999,+99999","01,99,1,01,1,99,9,01200,1,99,9,99,9",,,,"9,9,999,9,+010,1",,"SYN05842170 32696 11403 10342 20246 49983 81500 333 58010 81640=",
"42170099999","2025-06-13T21:00:00","4","28.25","74.9166666","291.0","CHURU, IN","FM-12","99999","V020","140,1,N,0005,1","99999,9,9,N","004000,1,9,9","+0330,1","+0251,1","09977,1",,,,,,,,,,,,,,,"9,9,999,9,+002,1",,"SYN04642170 32996 01401 10330 20251 49977 333 58002=",
"42170099999","2025-06-14T00:00:00","4","28.25","74.9166666","291.0","CHURU, IN","FM-12","99999","V020","140,1,N,0005,1","22000,1,9,N","004000,1,9,9","+0324,1","+0232,1","09975,1",,,,,,"02,1,+03000,1,04,1",,,,"9,AGL   ,+99999,+99999","02,99,1,02,1,99,9,03000,1,99,9,99,9",,,,"9,9,999,9,-005,1",,"SYN05842170 32996 21401 10324 20232 49975 82010 333 59005 82460=",
"42170099999","2025-06-14T03:00:00","4","28.25","74.9166666","291.0","CHURU, IN","FM-12","99999","V020","140,1,N,0010,1","99999,9,9,N","004000,1,9,9","+0360,1","+0238,1","09989,1",,,,,,,,,,,,"240,M,+0476,1","240,N,+0314,1",,"9,9,999,9,-004,1",,"SYN06842170 32996 01402 10360 20238 49989 333 10476 20314 59004 555 10037=",
"42170099999","2025-06-14T06:00:00","4","28.25","74.9166666","291.0","CHURU, IN","FM-12","99999","V020","140,1,N,0010,1","99999,9,9,N","004000,1,9,9","+0360,1","+0238,1","09989,1",,,,,,,,,,,,"240,M,+0476,1","240,N,+0314,1",,"9,9,999,9,-004,1",,"SYN06842170 32996 01402 10360 20238 49989 333 10476 20314 59004 555 10037=",
"42170099999","2025-06-14T12:00:00","4","28.25","74.9166666","291.0","CHURU, IN","FM-12","99999","V020","180,1,N,0005,1","01200,1,C,N","004000,1,9,9","+0442,1","+0248,1","09922,1",,,,,,"03,1,+00900,1,08,1","04,1,+01200,1,06,1","07,1,+03000,1,03,1",,"9,AGL   ,+99999,+99999","07,99,1,03,1,99,9,00900,1,99,9,99,9","240,M,+0465,1",,,"9,9,999,9,-025,1",,"SYN07642170 32596 71801 10442 20248 49922 84430 333 10465 59025 83830 84640 87360=",
"42170099999","2025-06-14T15:00:00","4","28.25","74.9166666","291.0","CHURU, IN","FM-12","99999","V020","020,1,N,0015,1","03000,1,C,N","004000,1,9,9","+0346,1","+0224,1","09958,1",,,,,,"03,1,+00750,1,06,1","04,1,+03000,1,04,1",,,"9,AGL   ,+99999,+99999","07,99,1,03,1,99,9,00750,1,99,9,99,9",,,,"9,9,999,9,-023,1",,"SYN06442170 32596 70203 10346 20224 49958 83570 333 59023 83625 84460=",
"42170099999","2025-06-14T18:00:00","4","28.25","74.9166666","291.0","CHURU, IN","FM-12","99999","V020","270,1,N,0010,1","03000,1,C,N","004000,1,9,9","+0344,1","+0225,1","09966,1",,,,,,"03,1,+00750,1,06,1","04,1,+03000,1,04,1",,,"9,AGL   ,+99999,+99999","07,99,1,03,1,99,9,00750,1,99,9,99,9",,,,"9,9,999,9,-017,1",,"SYN06442170 32596 72702 10344 20225 49966 83570 333 59017 83625 84460=",
"42170099999","2025-06-14T21:00:00","4","28.25","74.9166666","291.0","CHURU, IN","FM-12","99999","V020","140,1,N,0010,1","03000,1,C,N","004000,1,9,9","+0334,1","+0227,1","09971,1",,,,,,"03,1,+00750,1,06,1","05,1,+03000,1,04,1",,,"9,AGL   ,+99999,+99999","08,99,1,03,1,99,9,00750,1,99,9,99,9",,,,"9,9,999,9,-005,1",,"SYN06442170 32596 81402 10334 20227 49971 8357/ 333 59005 83625 85460=",
"42170099999","2025-06-15T00:00:00","4","28.25","74.9166666","291.0","CHURU, IN","FM-12","99999","V020","140,1,N,0010,1","03000,1,C,N","004000,1,9,9","+0330,1","+0225,1","09956,1",,,,,,"02,1,+00750,1,06,1","04,1,+03000,1,04,1",,,"9,AGL   ,+99999,+99999","06,99,1,02,1,99,9,00750,1,99,9,99,9",,,,"9,9,999,9,-018,1",,"SYN06442170 32596 61402 10330 20225 49956 82570 333 59018 82625 84460=",
"42170099999","2025-06-15T03:00:00","4","28.25","74.9166666","291.0","CHURU, IN","FM-12","99999","V020","999,9,C,0000,1","03000,1,C,N","004000,1,9,9","+0358,1","+0225,1","09972,1",,,,,,"03,1,+00750,1,08,1","03,1,+03000,1,04,1",,,"9,AGL   ,+99999,+99999","06,99,1,03,1,99,9,00750,1,99,9,99,9","240,M,+0465,1","240,N,+0326,1",,"9,9,999,9,-017,1",,"SYN08642170 32596 60000 10358 20225 49972 83870 333 10465 20326 59017 83825 83460 555 10037=",
"42170099999","2025-06-15T06:00:00","4","28.25","74.9166666","291.0","CHURU, IN","FM-12","99999","V020","340,1,N,0010,1","22000,1,9,N","004000,1,9,9","+0394,1","+0228,1","09962,1",,,,,,"01,1,+00750,1,06,1","03,1,+03000,1,03,1",,,"9,AGL   ,+99999,+99999","04,99,1,01,1,99,9,00750,1,99,9,99,9",,,,"9,9,999,9,-014,1",,"SYN06442170 32596 43402 10394 20228 49962 81530 333 59014 81625 83360=",
"42170099999","2025-06-15T09:00:00","4","28.25","74.9166666","291.0","CHURU, IN","FM-12","99999","V020","050,1,N,0010,1","06000,1,9,N","004000,1,9,9","+0408,1","+0243,1","09935,1",,,,,,"02,1,+03000,1,03,1","08,1,+06000,1,00,1",,,"9,AGL   ,+99999,+99999","08,99,1,02,1,99,9,03000,1,99,9,99,9",,,,"9,9,999,9,-015,1",,"SYN06442170 32996 80502 10408 20243 49935 82031 333 59015 82360 88070=",
"42170099999","2025-06-15T12:00:00","4","28.25","74.9166666","291.0","CHURU, IN","FM-12","99999","V020","050,1,N,0015,1","01200,1,C,N","004000,1,9,9","+0392,1","+0139,1","09922,1",,,,,,"03,1,+00900,1,08,1","05,1,+01200,1,06,1","07,1,+03000,1,03,1",,"9,AGL   ,+99999,+99999","07,99,1,03,1,99,9,00900,1,99,9,99,9","240,M,+0415,1",,,"9,9,999,9,-005,1",,"SYN07642170 32596 70503 10392 20139 49922 85830 333 10415 59005 83830 85640 87360=",
"42170099999","2025-06-15T15:00:00","4","28.25","74.9166666","291.0","CHURU, IN","FM-12","99999","V020","270,1,N,0005,1","03000,1,9,N","002000,1,9,9","+0270,2","+0256,2","09985,1","12,0010,3,1","9,1,02,1","6,1,02,1",,,"04,1,+00900,1,06,1","08,1,+03000,1,04,1",,,"9,AGL   ,+99999,+99999","08,99,1,04,1,99,9,00900,1,99,9,99,9",,,,"9,9,999,9,+018,1","02,1","SYN07642170 21595 82701 10270 20256 49985 70296 8452/ 333 58018 6001/ 84630 88460=",
"42170099999","2025-06-15T18:00:00","4","28.25","74.9166666","291.0","CHURU, IN","FM-12","99999","V020","230,1,N,0010,1","02400,1,9,N","002000,1,9,9","+0282,1","+0262,1","09993,1","15,0010,3,1","9,1,02,1","6,1,02,1",,,"03,1,+00900,1,06,1","08,1,+02400,1,04,1",,,"9,AGL   ,+99999,+99999","08,99,1,03,1,99,9,00900,1,99,9,99,9",,,,"9,9,999,9,+020,1","02,1","SYN07642170 21595 82302 10282 20262 49993 70296 8351/ 333 58020 6001/ 83630 88458=",
"42170099999","2025-06-15T21:00:00","4","28.25","74.9166666","291.0","CHURU, IN","FM-12","99999","V020","999,9,C,0000,1","03000,1,9,N","004000,1,9,9","+0278,1","+0246,1","09999,1","18,0010,3,1",,,,,"04,1,+01050,1,06,1","08,1,+03000,1,04,1",,,"9,AGL   ,+99999,+99999","08,99,1,04,1,99,9,01050,1,99,9,99,9",,,,"9,9,999,9,+018,1",,"SYN07042170 22696 80000 10278 20246 49999 8451/ 333 58018 6001/ 84635 88460=",
"42170099999","2025-06-16T00:00:00","4","28.25","74.9166666","291.0","CHURU, IN","FM-12","99999","V020","999,9,C,0000,1","03000,1,9,N","004000,1,9,9","+0284,1","+0264,1","09975,1","21,0010,3,1",,,,,"04,1,+00900,1,06,1","07,1,+03000,1,04,1",,,"9,AGL   ,+99999,+99999","07,99,1,04,1,99,9,00900,1,99,9,99,9",,,,"9,9,999,9,+014,1",,"SYN07042170 22596 70000 10284 20264 49975 84510 333 58014 6001/ 84630 87460=",
"42170099999","2025-06-16T03:00:00","4","28.25","74.9166666","291.0","CHURU, IN","FM-12","99999","V020","140,1,N,0005,1","22000,1,9,N","004000,1,9,9","+0318,1","+0250,1","09978,1","24,0010,3,1",,,,,"03,1,+03000,1,04,1",,,,"9,AGL   ,+99999,+99999","03,99,1,03,1,99,9,03000,1,99,9,99,9","240,M,+0415,1","240,N,+0267,1",,"9,9,999,9,+002,1",,"SYN09242170 22996 31401 10318 20250 49978 83010 333 10415 20267 58002 6001/ 83460 555 00012 10038=",
"42170099999","2025-06-16T06:00:00","4","28.25","74.9166666","291.0","CHURU, IN","FM-12","99999","V020","090,1,N,0010,1","02400,1,9,N","004000,1,9,9","+0346,1","+0244,1","09973,1",,,,,,"04,1,+00900,1,06,1","07,1,+02400,1,04,1",,,"9,AGL   ,+99999,+99999","07,99,1,04,1,99,9,00900,1,99,9,99,9",,,,"9,9,999,9,+005,1",,"SYN06442170 32596 70902 10346 20244 49973 84510 333 58005 84630 87458=",
"42170099999","2025-06-16T09:00:00","4","28.25","74.9166666","291.0","CHURU, IN","FM-12","99999","V020","140,1,N,0026,1","03000,1,C,N","004000,1,9,9","+0374,1","+0251,1","09946,1",,,,,,"03,1,+00750,1,08,1","03,1,+03000,1,04,1",,,"9,AGL   ,+99999,+99999","06,99,1,03,1,99,9,00750,1,99,9,99,9",,,,"9,9,999,9,+007,1",,"SYN06442170 32596 61405 10374 20251 49946 83870 333 58007 83825 83460=",
"42170099999","2025-06-16T12:00:00","4","28.25","74.9166666","291.0","CHURU, IN","FM-12","99999","V020","320,1,N,0010,1","03000,1,C,N","004000,1,9,9","+0318,1","+0256,1","09958,1",,,,,,"03,1,+00750,1,08,1","04,1,+03000,1,04,1",,,"9,AGL   ,+99999,+99999","07,99,1,03,1,99,9,00750,1,99,9,99,9","240,M,+0390,1",,,"9,9,999,9,+027,1",,"SYN07042170 32596 73202 10318 20256 49958 83870 333 10390 58027 83825 84460=",
"42170099999","2025-06-16T15:00:00","4","28.25","74.9166666","291.0","CHURU, IN","FM-12","99999","V020","050,1,N,0015,1","03000,1,9,N","004000,1,9,9","+0296,1","+0254,1","09968,1",,,,,,"04,1,+01200,1,06,1","08,1,+03000,1,04,1",,,"9,AGL   ,+99999,+99999","08,99,1,04,1,99,9,01200,1,99,9,99,9",,,,"9,9,999,9,-013,1",,"SYN06442170 32696 80503 10296 20254 49968 8451/ 333 59013 84640 88460=",
"42170099999","2025-06-16T18:00:00","4","28.25","74.9166666","291.0","CHURU, IN","FM-12","99999","V020","180,1,N,0026,1","00900,1,9,N","004000,1,9,9","+0284,1","+0241,1","09997,1",,"2,1,02,1","2,1,02,1",,,"04,1,+00900,1,09,1","06,1,+00900,1,06,1","08,1,+03000,1,04,1",,"9,AGL   ,+99999,+99999","08,99,1,04,1,99,9,00900,1,99,9,99,9",,,,"9,9,999,9,+004,1","13,1","SYN07642170 31596 81805 10284 20241 49997 71322 8631/ 333 58004 84930 86630 88460=",
"42170099999","2025-06-16T21:00:00","4","28.25","74.9166666","291.0","CHURU, IN","FM-12","99999","V020","090,1,N,0005,1","00900,1,C,N","004000,1,9,9","+0262,1","+0253,1","09978,1","18,0001,3,1","9,1,02,1","6,1,02,1",,,"08,1,+00900,1,07,1",,,,"9,AGL   ,+99999,+99999","08,99,1,08,1,99,9,00900,1,99,9,99,9",,,,"9,9,999,9,-012,1","01,1","SYN07042170 21596 80901 10262 20253 49978 70196 887// 333 59012 6991/ 88730=",
"42170099999","2025-06-17T00:00:00","4","28.25","74.9166666","291.0","CHURU, IN","FM-12","99999","V020","050,1,N,0010,1","01200,1,C,N","004000,1,9,9","+0266,1","+0255,1","09981,1","21,0001,3,1","9,1,02,1","6,1,02,1",,,"06,1,+01200,1,06,1","08,1,+03000,1,04,1",,,"9,AGL   ,+99999,+99999","08,99,1,06,1,99,9,01200,1,99,9,99,9",,,,"9,9,999,9,+004,1","02,1","SYN07642170 21696 80502 10266 20255 49981 70296 8651/ 333 58004 6991/ 86640 88460=",
"42170099999","2025-06-17T03:00:00","4","28.25","74.9166666","291.0","CHURU, IN","FM-12","99999","V020","090,1,N,0010,1","03000,1,C,N","004000,1,9,9","+0280,1","+0257,1","09996,1","24,0001,3,1",,,,,"02,1,+00750,1,08,1","05,1,+03000,1,04,1",,,"9,AGL   ,+99999,+99999","07,99,1,02,1,99,9,00750,1,99,9,99,9","240,M,+0390,1","240,N,+0258,1",,"9,9,999,9,+012,1",,"SYN09842170 22596 70902 10280 20257 49996 82870 333 10390 20258 58012 6991/ 82825 85460 555 00001 10038=",
"42170099999","2025-06-17T06:00:00","4","28.25","74.9166666","291.0","CHURU, IN","FM-12","99999","V020","050,1,N,0010,1","03000,1,C,N","004000,1,9,9","+0304,1","+0271,1","09991,1","03,0006,3,1","6,1,02,1","2,1,02,1",,,"02,1,+00750,1,08,1","05,1,+03000,1,04,1",,,"9,AGL   ,+99999,+99999","07,99,1,02,1,99,9,00750,1,99,9,99,9",,,,"9,9,999,9,+014,1","02,1","SYN07642170 21596 70502 10304 20271 49991 70262 82870 333 58014 6996/ 82825 85460=",
"42170099999","2025-06-17T09:00:00","4","28.25","74.9166666","291.0","CHURU, IN","FM-12","99999","V020","050,1,N,0021,1","03000,1,9,N","004000,1,9,9","+0344,1","+0270,1","09962,1","06,0006,3,1",,,,,"04,1,+00900,1,06,1","08,1,+03000,1,04,1",,,"9,AGL   ,+99999,+99999","08,99,1,04,1,99,9,00900,1,99,9,99,9",,,,"9,9,999,9,+013,1",,"SYN07042170 22596 80504 10344 20270 49962 8451/ 333 58013 6996/ 84630 88460=",
"42170099999","2025-06-17T12:00:00","4","28.25","74.9166666","291.0","CHURU, IN","FM-12","99999","V020","999,9,C,0000,1","02400,1,9,N","002000,1,9,9","+0264,1","+0261,1","09962,1","09,0520,3,1","9,1,02,1","6,1,02,1",,,"04,1,+00900,1,06,1","08,1,+02400,1,04,1",,,"9,AGL   ,+99999,+99999","08,99,1,04,1,99,9,00900,1,99,9,99,9",,,,"9,9,999,9,-001,1","02,1","SYN08242170 21595 80000 10264 20261 49962 70296 8452/ 333 10354 59001 6052/ 84630 88458=",
"42170099999","2025-06-17T15:00:00","4","28.25","74.9166666","291.0","CHURU, IN","FM-12","99999","V020","050,1,N,0015,1","03000,1,9,N","002000,1,9,9","+0262,1","+0259,1","09975,1","12,0530,3,1","6,1,02,1","2,1,02,1",,,"03,1,+00900,1,06,1","08,1,+03000,1,04,1",,,"9,AGL   ,+99999,+99999","08,99,1,03,1,99,9,00900,1,99,9,99,9",,,,"9,9,999,9,+003,1","02,1","SYN07642170 21595 80503 10262 20259 49975 70262 8352/ 333 58003 6053/ 83630 88460=",
"42170099999","2025-06-17T18:00:00","4","28.25","74.9166666","291.0","CHURU, IN","FM-12","99999","V020","140,1,N,0005,1","03000,1,9,N","004000,1,9,9","+0260,1","+0251,1","09980,1","15,0530,3,1","6,1,02,1","2,1,02,1",,,"03,1,+00900,1,06,1","06,1,+03000,1,04,1",,,"9,AGL   ,+99999,+99999","06,99,1,03,1,99,9,00900,1,99,9,99,9",,,,"9,9,999,9,-019,1","01,1","SYN07642170 21596 61401 10260 20251 49980 70162 83520 333 59019 6053/ 83630 86460=",
"42170099999","2025-06-17T21:00:00","4","28.25","74.9166666","291.0","CHURU, IN","FM-12","99999","V020","999,9,C,0000,1","03000,1,9,N","004000,1,9,9","+0260,1","+0251,1","09972,1","18,0530,3,1",,,,,"03,1,+00900,1,06,1","06,1,+03000,1,04,1",,,"9,AGL   ,+99999,+99999","06,99,1,03,1,99,9,00900,1,99,9,99,9",,,,,,"SYN06442170 22596 60000 10260 20251 49972 83510 333 6053/ 83630 86460=",
"42170099999","2025-06-18T00:00:00","4","28.25","74.9166666","291.0","CHURU, IN","FM-12","99999","V020","999,9,C,0000,1","03000,1,9,N","004000,1,9,9","+0258,1","+0255,1","09968,1","21,0530,3,1",,,,,"04,1,+00900,1,06,1","06,1,+03000,1,04,1",,,"9,AGL   ,+99999,+99999","06,99,1,04,1,99,9,00900,1,99,9,99,9",,,,"9,9,999,9,-014,1",,"SYN07042170 22596 60000 10258 20255 49968 84510 333 59014 6053/ 84630 86460=",
"42170099999","2025-06-18T03:00:00","4","28.25","74.9166666","291.0","CHURU, IN","FM-12","99999","V020","999,9,C,0000,1","22000,1,9,N","004000,1,9,9","+0284,1","+0264,1","09977,1","24,0530,3,1",,,,,"04,1,+00900,1,06,1",,,,"9,AGL   ,+99999,+99999","04,99,1,04,1,99,9,00900,1,99,9,99,9","240,M,+0354,1","240,N,+0256,1",,"9,9,999,9,-016,1",,"SYN09242170 22596 40000 10284 20264 49977 84500 333 10354 20256 59016 6053/ 84630 555 00526 10091=",
"42170099999","2025-06-18T06:00:00","4","28.25","74.9166666","291.0","CHURU, IN","FM-12","99999","V020","140,1,N,0005,1","99999,9,C,N","004000,1,9,9","+0318,1","+0265,1","09970,1",,,,,,"02,1,+00900,1,08,1","04,1,+01200,1,06,1",,,"9,AGL   ,+99999,+99999","04,99,1,02,1,99,9,00900,1,99,9,99,9",,,,"9,9,999,9,-020,1",,"SYN06442170 32596 41401 10318 20265 49970 84400 333 59020 82830 84640=","Q01 012003SCOCIG"
"42170099999","2025-06-18T09:00:00","4","28.25","74.9166666","291.0","CHURU, IN","FM-12","99999","V020","090,1,N,0015,1","03000,1,9,N","004000,1,9,9","+0342,1","+0264,1","09949,1",,,,,,"04,1,+00900,1,08,1","06,1,+03000,1,04,1",,,"9,AGL   ,+99999,+99999","06,99,1,04,1,99,9,00900,1,99,9,99,9",,,,"9,9,999,9,-013,1",,"SYN06442170 32596 60903 10342 20264 49949 84110 333 59013 84830 86460=",
"42170099999","2025-06-18T12:00:00","4","28.25","74.9166666","291.0","CHURU, IN","FM-12","99999","V020","090,1,N,0010,1","03000,1,C,N","004000,1,9,9","+0358,1","+0264,1","09932,1",,,,,,"03,1,+01200,1,06,1","05,1,+03000,1,04,1",,,"9,AGL   ,+99999,+99999","05,99,1,03,1,99,9,01200,1,99,9,99,9","240,M,+0363,1",,,"9,9,999,9,-020,1",,"SYN07042170 32596 50902 10358 20264 49932 83510 333 10363 59020 83640 85460=",
"42170099999","2025-06-18T15:00:00","4","28.25","74.9166666","291.0","CHURU, IN","FM-12","99999","V020","140,1,N,0010,1","22000,1,9,N","004000,1,9,9","+0318,1","+0265,1","09949,1",,,,,,"01,1,+00750,1,06,1","03,1,+03000,1,04,1",,,"9,AGL   ,+99999,+99999","04,99,1,01,1,99,9,00750,1,99,9,99,9",,,,"9,9,999,9,-020,1",,"SYN06442170 32596 41402 10318 20265 49949 81530 333 59020 81625 83460=",
"42170099999","2025-06-18T18:00:00","4","28.25","74.9166666","291.0","CHURU, IN","FM-12","99999","V020","140,1,N,0010,1","22000,1,9,N","004000,1,9,9","+0308,1","+0257,1","09953,1",,,,,,"02,1,+03000,1,03,1",,,,"9,AGL   ,+99999,+99999","02,99,1,02,1,99,9,03000,1,99,9,99,9",,,,"9,9,999,9,-021,1",,"SYN05842170 32996 21402 10308 20257 49953 82030 333 59021 82360=",
"42170099999","2025-06-18T21:00:00","4","28.25","74.9166666","291.0","CHURU, IN","FM-12","99999","V020","140,1,N,0010,1","99999,9,9,N","004000,1,9,9","+0288,1","+0269,1","09943,1",,,,,,,,,,,,,,,"9,9,999,9,-025,1",,"SYN04642170 32996 01402 10288 20269 49943 333 59025=",
"42170099999","2025-06-19T00:00:00","4","28.25","74.9166666","291.0","CHURU, IN","FM-12","99999","V020","180,1,N,0005,1","22000,1,9,N","004000,1,9,9","+0284,1","+0267,1","09945,1",,,,,,"02,1,+00750,1,08,1",,,,"9,AGL   ,+99999,+99999","02,99,1,02,1,99,9,00750,1,99,9,99,9",,,,"9,9,999,9,-019,1",,"SYN05842170 32596 21801 10284 20267 49945 82800 333 59019 82825=",
"42170099999","2025-06-19T03:00:00","4","28.25","74.9166666","291.0","CHURU, IN","FM-12","99999","V020","180,1,N,0005,1","99999,9,9,N","002000,1,9,9","+0318,1","+0271,1","09953,1",,"0,1,02,1","0,1,02,1",,,,,,,,,"240,M,+0363,1","240,N,+0282,1",,"9,9,999,9,-020,1","05,1","SYN07442170 31995 01801 10318 20271 49953 70500 333 10363 20282 59020 555 10091=",
"42170099999","2025-06-19T06:00:00","4","28.25","74.9166666","291.0","CHURU, IN","FM-12","99999","V020","270,1,N,0005,1","01200,1,9,N","002000,1,9,9","+0352,1","+0263,1","09947,1",,"2,1,02,1","1,1,02,1",,,"04,1,+00900,1,08,1","06,1,+01200,1,06,1",,,"9,AGL   ,+99999,+99999","06,99,1,04,1,99,9,00900,1,99,9,99,9",,,,"9,9,999,9,-018,1","05,1","SYN07042170 31595 62701 10352 20263 49947 70521 86400 333 59018 84830 86640=",
"42170099999","2025-06-19T09:00:00","4","28.25","74.9166666","291.0","CHURU, IN","FM-12","99999","V020","050,1,N,0010,1","22000,1,9,N","004000,1,9,9","+0380,1","+0252,1","09929,1",,,,,,"03,1,+00900,1,08,1",,,,"9,AGL   ,+99999,+99999","03,99,1,03,1,99,9,00900,1,99,9,99,9",,,,"9,9,999,9,-015,1",,"SYN05842170 32596 30502 10380 20252 49929 83100 333 59015 83830=",
"42170099999","2025-06-19T12:00:00","4","28.25","74.9166666","291.0","CHURU, IN","FM-12","99999","V020","050,1,N,0015,1","99999,9,C,N","004000,1,9,9","+0374,1","+0257,1","09919,1",,,,,,"02,1,+00900,1,08,1","04,1,+03000,1,04,1",,,"9,AGL   ,+99999,+99999","04,99,1,02,1,99,9,00900,1,99,9,99,9","240,M,+0392,1",,,"9,9,999,9,-011,1",,"SYN07042170 32596 40503 10374 20257 49919 82110 333 10392 59011 82830 84460=","Q01 030003SCOCIG"
"42170099999","2025-06-19T15:00:00","4","28.25","74.9166666","291.0","CHURU, IN","FM-12","99999","V020","140,1,N,0015,1","22000,1,9,N","004000,1,9,9","+0340,1","+0262,1","09934,1",,,,,,"03,1,+00900,1,06,1",,,,"9,AGL   ,+99999,+99999","03,99,1,03,1,99,9,00900,1,99,9,99,9",,,,"9,9,999,9,-012,1",,"SYN05842170 32596 31403 10340 20262 49934 83500 333 59012 83630=",
"42170099999","2025-06-19T18:00:00","4","28.25","74.9166666","291.0","CHURU, IN","FM-12","99999","V020","180,1,N,0015,1","22000,1,9,N","004000,1,9,9","+0314,1","+0267,1","09958,1",,,,,,"03,1,+00900,1,06,1",,,,"9,AGL   ,+99999,+99999","03,99,1,03,1,99,9,00900,1,99,9,99,9",,,,"9,9,999,9,+006,1",,"SYN05842170 32596 31803 10314 20267 49958 83500 333 58006 83630=",
"42170099999","2025-06-19T21:00:00","4","28.25","74.9166666","291.0","CHURU, IN","FM-12","99999","V020","140,1,N,0005,1","22000,1,9,N","004000,1,9,9","+0296,1","+0265,1","09952,1",,,,,,"04,1,+00900,1,06,1",,,,"9,AGL   ,+99999,+99999","04,99,1,04,1,99,9,00900,1,99,9,99,9",,,,"9,9,999,9,+010,1",,"SYN05842170 32596 41401 10296 20265 49952 84500 333 58010 84630=",
"42170099999","2025-06-20T00:00:00","4","28.25","74.9166666","291.0","CHURU, IN","FM-12","99999","V020","140,1,N,0005,1","22000,1,9,N","004000,1,9,9","+0286,1","+0264,1","09966,1",,,,,,"02,1,+03000,1,04,1",,,,"9,AGL   ,+99999,+99999","02,99,1,02,1,99,9,03000,1,99,9,99,9",,,,"9,9,999,9,+022,1",,"SYN05842170 32996 21401 10286 20264 49966 82010 333 58022 82460=",
"42170099999","2025-06-20T03:00:00","4","28.25","74.9166666","291.0","CHURU, IN","FM-12","99999","V020","230,1,N,0005,1","06000,1,9,N","004000,1,9,9","+0316,1","+0260,1","09976,1",,,,,,"05,1,+06000,1,00,1",,,,"9,AGL   ,+99999,+99999","05,99,1,05,1,99,9,06000,1,99,9,99,9","240,M,+0392,1","240,N,+0285,1",,"9,9,999,9,+022,1",,"SYN08042170 32996 52301 10316 20260 49976 80001 333 10392 20285 58022 85070 555 10091=",
"42170099999","2025-06-20T06:00:00","4","28.25","74.9166666","291.0","CHURU, IN","FM-12","99999","V020","140,1,N,0005,1","01200,1,C,N","004000,1,9,9","+0352,1","+0267,1","09971,1",,,,,,"02,1,+00900,1,08,1","05,1,+01200,1,06,1",,,"9,AGL   ,+99999,+99999","05,99,1,02,1,99,9,00900,1,99,9,99,9",,,,"9,9,999,9,+023,1",,"SYN06442170 32596 51401 10352 20267 49971 85400 333 58023 82830 85640=",
"42170099999","2025-06-20T09:00:00","4","28.25","74.9166666","291.0","CHURU, IN","FM-12","99999","V020","050,1,N,0010,1","00750,1,C,N","004000,1,9,9","+0372,1","+0245,1","09965,1",,,,,,"05,1,+00750,1,08,1",,,,"9,AGL   ,+99999,+99999","05,99,1,05,1,99,9,00750,1,99,9,99,9",,,,"9,9,999,9,+033,1",,"SYN05842170 32596 50502 10372 20245 49965 85800 333 58033 85825=",
"42170099999","2025-06-20T12:00:00","4","28.25","74.9166666","291.0","CHURU, IN","FM-12","99999","V020","050,1,N,0010,1","00900,1,C,N","004000,1,9,9","+0374,1","+0267,1","09944,1",,,,,,"04,1,+00750,1,06,1","01,1,+00900,1,09,1",,,"9,AGL   ,+99999,+99999","05,99,1,04,1,99,9,00750,1,99,9,99,9","240,M,+0388,1",,,,,"SYN07642170 32596 50502 10374 20267 49944 85900 333 10388 57942 58024 84625 81930=",
"42170099999","2025-06-20T15:00:00","4","28.25","74.9166666","291.0","CHURU, IN","FM-12","99999","V020","180,1,N,0015,1","03000,1,C,N","004000,1,9,9","+0300,1","+0269,1","09977,1",,,,,,"06,1,+03000,1,04,1",,,,"9,AGL   ,+99999,+99999","06,99,1,06,1,99,9,03000,1,99,9,99,9",,,,"9,9,999,9,+037,1",,"SYN05842170 32996 61803 10300 20269 49977 86010 333 58037 86460=",
"42170099999","2025-06-20T18:00:00","4","28.25","74.9166666","291.0","CHURU, IN","FM-12","99999","V020","180,1,N,0015,1","22000,1,9,N","004000,1,9,9","+0290,1","+0271,1","09984,1",,,,,,"04,1,+03000,1,04,1",,,,"9,AGL   ,+99999,+99999","04,99,1,04,1,99,9,03000,1,99,9,99,9",,,,"9,9,999,9,+022,1",,"SYN05842170 32996 41803 10290 20271 49984 84010 333 58022 84460=",
"42170099999","2025-06-20T21:00:00","4","28.25","74.9166666","291.0","CHURU, IN","FM-12","99999","V020","140,1,N,0015,1","03000,1,9,N","002000,1,9,9","+0280,1","+0266,1","09979,1",,"2,1,02,1","2,1,02,1",,,"03,1,+01200,1,06,1","06,1,+03000,1,04,1",,,"9,AGL   ,+99999,+99999","06,99,1,03,1,99,9,01200,1,99,9,99,9",,,,"9,9,999,9,+024,1","10,1","SYN07042170 31695 61403 10280 20266 49979 71022 83510 333 58024 83640 86460=",
"42170099999","2025-06-21T00:00:00","4","28.25","74.9166666","291.0","CHURU, IN","FM-12","99999","V020","180,1,N,0005,1","03000,1,9,N","002000,1,9,9","+0280,1","+0266,1","09988,1",,"2,1,02,1","2,1,02,1",,,"04,1,+01200,1,06,1","08,1,+03000,1,04,1",,,"9,AGL   ,+99999,+99999","08,99,1,04,1,99,9,01200,1,99,9,99,9",,,,"9,9,999,9,+019,1","10,1","SYN07042170 31695 81801 10280 20266 49988 71022 8451/ 333 58019 84640 88460=",
"42170099999","2025-06-21T03:00:00","4","28.25","74.9166666","291.0","CHURU, IN","FM-12","99999","V020","180,1,N,0010,1","22000,1,9,N","004000,1,9,9","+0316,1","+0263,1","09994,1",,,,,,"04,1,+03000,1,04,1",,,,"9,AGL   ,+99999,+99999","04,99,1,04,1,99,9,03000,1,99,9,99,9","240,M,+0388,1","240,N,+0278,1",,"9,9,999,9,+018,1",,"SYN08042170 32996 41802 10316 20263 49994 84070 333 10388 20278 58018 84460 555 10091=",
"42170099999","2025-06-21T06:00:00","4","28.25","74.9166666","291.0","CHURU, IN","FM-12","99999","V020","090,1,N,0010,1","03000,1,C,N","004000,1,9,9","+0356,1","+0271,1","09984,1",,,,,,"02,1,+00750,1,08,1","03,1,+03000,1,04,1",,,"9,AGL   ,+99999,+99999","05,99,1,02,1,99,9,00750,1,99,9,99,9",,,,"9,9,999,9,+013,1",,"SYN06442170 32596 50902 10356 20271 49984 82870 333 58013 82825 83460=",
"42170099999","2025-06-21T09:00:00","4","28.25","74.9166666","291.0","CHURU, IN","FM-12","99999","V020","320,1,N,0005,1","00960,1,C,N","004000,1,9,9","+0380,1","+0277,1","09964,1",,,,,,"02,1,+00900,1,08,1","05,1,+00960,1,06,1",,,"9,AGL   ,+99999,+99999","05,99,1,02,1,99,9,00900,1,99,9,99,9",,,,"9,9,999,9,-001,1",,"SYN06442170 32596 53201 10380 20277 49964 85400 333 59001 82830 85632=",
"42170099999","2025-06-21T12:00:00","4","28.25","74.9166666","291.0","CHURU, IN","FM-12","99999","V020","140,1,N,0015,1","03000,1,9,N","004000,1,9,9","+0362,1","+0284,1","09952,1",,"9,1,02,1","2,1,02,1",,,"01,1,+00900,1,09,1","03,1,+00960,1,06,1","06,2,+03000,1,04,1",,"9,AGL   ,+99999,+99999","05,99,2,01,1,99,9,00900,1,99,9,99,9","240,M,+0394,1",,,"9,9,999,9,+007,1","17,1","SYN08242170 31596 51403 10362 20284 49952 71792 83310 333 10394 58007 81930 83632 86460=",
"42170099999","2025-06-21T15:00:00","4","28.25","74.9166666","291.0","CHURU, IN","FM-12","99999","V020","140,1,N,0010,1","03000,1,C,N","004000,1,9,9","+0304,1","+0265,1","09969,1",,"9,1,02,1","2,1,02,1",,,"02,1,+01200,1,06,1","05,1,+03000,1,04,1",,,"9,AGL   ,+99999,+99999","05,99,1,02,1,99,9,01200,1,99,9,99,9",,,,"9,9,999,9,-007,1","02,1","SYN07042170 31696 51402 10304 20265 49969 70292 82510 333 59007 82640 85460=",
"42170099999","2025-06-21T18:00:00","4","28.25","74.9166666","291.0","CHURU, IN","FM-12","99999","V020","230,1,N,0005,1","22000,1,9,N","004000,1,9,9","+0298,1","+0276,1","09982,1",,"9,1,02,1","2,1,02,1",,,"02,1,+03000,1,04,1",,,,"9,AGL   ,+99999,+99999","02,99,1,02,1,99,9,03000,1,99,9,99,9",,,,"9,9,999,9,-003,1","01,1","SYN06442170 31996 22301 10298 20276 49982 70192 82010 333 59003 82460=",
"42170099999","2025-06-22T00:00:00","4","28.25","74.9166666","291.0","CHURU, IN","FM-12","99999","V020","230,1,N,0010,1","03000,1,9,N","004000,1,9,9","+0276,1","+0265,1","09983,1",,,,,,"04,1,+00900,1,06,1","08,1,+03000,1,04,1",,,"9,AGL   ,+99999,+99999","08,99,1,04,1,99,9,00900,1,99,9,99,9",,,,"9,9,999,9,-006,1",,"SYN06442170 32596 82302 10276 20265 49983 8451/ 333 59006 84630 88460=",
"42170099999","2025-06-22T03:00:00","4","28.25","74.9166666","291.0","CHURU, IN","FM-12","99999","V020","230,1,N,0010,1","03000,1,9,N","004000,1,9,9","+0296,1","+0262,1","09997,1",,,,,,"04,1,+00900,1,06,1","07,1,+03000,1,04,1",,,"9,AGL   ,+99999,+99999","07,99,1,04,1,99,9,00900,1,99,9,99,9","240,M,+0394,1","240,N,+0275,1",,"9,9,999,9,+000,1",,"SYN08642170 32596 72302 10296 20262 49997 84510 333 10394 20275 58000 84630 87460 555 10091=",
"42170099999","2025-06-22T06:00:00","4","28.25","74.9166666","291.0","CHURU, IN","FM-12","99999","V020","140,1,N,0010,1","22000,1,9,N","004000,1,9,9","+0364,1","+0268,1","09984,1",,,,,,"03,1,+00900,1,06,1",,,,"9,AGL   ,+99999,+99999","03,99,1,03,1,99,9,00900,1,99,9,99,9",,,,"9,9,999,9,+001,1",,"SYN05842170 32596 31402 10364 20268 49984 83500 333 58001 83630=",
"42170099999","2025-06-22T09:00:00","4","28.25","74.9166666","291.0","CHURU, IN","FM-12","99999","V020","230,1,N,0010,1","03000,1,9,N","004000,1,9,9","+0386,1","+0265,1","09958,1",,,,,,"04,1,+01200,1,06,1","06,1,+03000,1,04,1",,,"9,AGL   ,+99999,+99999","06,99,1,04,1,99,9,01200,1,99,9,99,9",,,,"9,9,999,9,-004,1",,"SYN06442170 32696 62302 10386 20265 49958 84510 333 59004 84640 86460=",
"42170099999","2025-06-22T12:00:00","4","28.25","74.9166666","291.0","CHURU, IN","FM-12","99999","V020","090,1,N,0005,1","01200,1,C,N","004000,1,9,9","+0390,1","+0260,1","09932,1",,,,,,"02,1,+00900,1,08,1","05,1,+01200,1,06,1","08,1,+03000,1,04,1",,"9,AGL   ,+99999,+99999","08,99,1,02,1,99,9,00900,1,99,9,99,9",,,,"9,9,999,9,-017,1",,"SYN07642170 32596 80901 10390 20260 49932 8441/ 333 10406 59017 82830 85640 88460=",
"42170099999","2025-06-22T15:00:00","4","28.25","74.9166666","291.0","CHURU, IN","FM-12","99999","V020","090,1,N,0010,1","03000,1,C,N","004000,1,9,9","+0280,2","+0272,1","09962,1","12,0080,3,1","9,1,02,1","6,1,02,1",,,"02,1,+00750,1,06,1","01,1,+00900,1,09,1","03,1,+03000,1,04,1",,"9,AGL   ,+99999,+99999","06,99,1,02,1,99,9,00750,1,99,9,99,9",,,,,"17,1","SYN08842170 21596 60902 10280 20272 49962 71796 83970 333 57972 59009 6008/ 82625 81930 83460=",
"42170099999","2025-06-22T18:00:00","4","28.25","74.9166666","291.0","CHURU, IN","FM-12","99999","V020","140,1,N,0010,1","03000,1,C,N","004000,1,9,9","+0302,1","+0280,1","09972,1","15,0080,3,1","9,1,02,1","6,1,02,1",,,"03,1,+00750,1,06,1","04,1,+03000,1,04,1",,,"9,AGL   ,+99999,+99999","07,99,1,03,1,99,9,00750,1,99,9,99,9",,,,"9,9,999,9,-007,1","02,1","SYN07642170 21596 71402 10302 20280 49972 70296 83570 333 59007 6008/ 83625 84460=",
"42170099999","2025-06-22T21:00:00","4","28.25","74.9166666","291.0","CHURU, IN","FM-12","99999","V020","110,1,N,0010,1","03000,1,C,N","004000,1,9,9","+0302,1","+0274,1","09956,1","18,0080,3,1",,,,,"02,1,+00750,1,06,1","03,1,+03000,1,03,1",,,"9,AGL   ,+99999,+99999","05,99,1,02,1,99,9,00750,1,99,9,99,9",,,,"9,9,999,9,-022,1",,"SYN07042170 22596 51102 10302 20274 49956 82630 333 59022 6008/ 82625 83360=",
"42170099999","2025-06-23T00:00:00","4","28.25","74.9166666","291.0","CHURU, IN","FM-12","99999","V020","180,1,N,0005,1","00900,1,C,N","004000,1,9,9","+0300,1","+0278,1","09961,1","21,0080,3,1",,,,,"03,1,+00750,1,06,1","03,1,+00900,1,08,1",,,"9,AGL   ,+99999,+99999","06,99,1,03,1,99,9,00750,1,99,9,99,9",,,,"9,9,999,9,-019,1",,"SYN07042170 22596 61801 10300 20278 49961 86800 333 59019 6008/ 83625 83830=",
"42170099999","2025-06-23T03:00:00","4","28.25","74.9166666","291.0","CHURU, IN","FM-12","99999","V020","180,1,N,0005,1","02400,1,C,N","004000,1,9,9","+0306,1","+0276,1","09970,1","24,0080,3,1",,,,,"08,1,+02400,1,04,1",,,,"9,AGL   ,+99999,+99999","08,99,1,08,1,99,9,02400,1,99,9,99,9","240,M,+0406,1","240,N,+0273,1",,"9,9,999,9,-026,1",,"SYN07642170 22896 81801 10306 20276 49970 88010 333 10406 20273 59026 6008/ 88458=",
"42170099999","2025-06-23T06:00:00","4","28.25","74.9166666","291.0","CHURU, IN","FM-12","99999","V020","180,1,N,0015,1","03000,1,9,N","004000,1,9,9","+0312,1","+0273,1","09973,1",,,,,,"04,1,+01200,1,06,1","08,1,+03000,1,03,1",,,"9,AGL   ,+99999,+99999","08,99,1,04,1,99,9,01200,1,99,9,99,9",,,,"9,9,999,9,-016,1",,"SYN06442170 32696 81803 10312 20273 49973 8453/ 333 59016 84640 88360=",
"42170099999","2025-06-23T09:00:00","4","28.25","74.9166666","291.0","CHURU, IN","FM-12","99999","V020","230,1,N,0010,1","03000,1,C,N","004000,1,9,9","+0352,1","+0273,1","09935,1",,,,,,"02,1,+01200,1,06,1","05,1,+03000,1,04,1",,,"9,AGL   ,+99999,+99999","05,99,1,02,1,99,9,01200,1,99,9,99,9",,,,"9,9,999,9,-025,1",,"SYN06442170 32696 52302 10352 20273 49935 82510 333 59025 82640 85460=",
"42170099999","2025-06-23T12:00:00","4","28.25","74.9166666","291.0","CHURU, IN","FM-12","99999","V020","320,1,N,0005,1","03000,1,9,N","004000,1,9,9","+0306,1","+0255,1","09939,1",,,,,,"04,1,+01200,1,06,1","06,1,+03000,1,04,1",,,"9,AGL   ,+99999,+99999","06,99,1,04,1,99,9,01200,1,99,9,99,9","240,M,+0365,1",,,"9,9,999,9,-001,1",,"SYN07042170 32696 63201 10306 20255 49939 84510 333 10365 59001 84640 86460=",
"42170099999","2025-06-23T15:00:00","4","28.25","74.9166666","291.0","CHURU, IN","FM-12","99999","V020","999,9,C,0000,1","99999,9,C,N","004000,1,9,9","+0314,1","+0273,1","09941,1",,,,,,"02,1,+01050,1,06,1","04,1,+03000,1,04,1",,,"9,AGL   ,+99999,+99999","04,99,1,02,1,99,9,01050,1,99,9,99,9",,,,"9,9,999,9,-016,1",,"SYN06442170 32696 40000 10314 20273 49941 82510 333 59016 82635 84460=","Q01 030003SCOCIG"
"42170099999","2025-06-23T18:00:00","4","28.25","74.9166666","291.0","CHURU, IN","FM-12","99999","V020","230,1,N,0005,1","22000,1,9,N","004000,1,9,9","+0304,1","+0274,1","09955,1",,,,,,"03,1,+01050,1,06,1",,,,"9,AGL   ,+99999,+99999","03,99,1,03,1,99,9,01050,1,99,9,99,9",,,,"9,9,999,9,-016,1",,"SYN05842170 32696 32301 10304 20274 49955 83500 333 59016 83635=",
"42170099999","2025-06-23T21:00:00","4","28.25","74.9166666","291.0","CHURU, IN","FM-12","99999","V020","999,9,C,0000,1","22000,1,9,N","004000,1,9,9","+0296,1","+0274,1","09945,1",,,,,,"02,1,+01200,1,06,1",,,,"9,AGL   ,+99999,+99999","02,99,1,02,1,99,9,01200,1,99,9,99,9",,,,"9,9,999,9,-009,1",,"SYN05842170 32696 20000 10296 20274 49945 82500 333 59009 82640=",
"42170099999","2025-06-24T00:00:00","4","28.25","74.9166666","291.0","CHURU, IN","FM-12","99999","V020","230,1,N,0015,1","02400,1,9,N","004000,1,9,9","+0294,1","+0275,1","09944,1",,,,,,"04,1,+00900,1,06,1","07,1,+02400,1,04,1",,,"9,AGL   ,+99999,+99999","07,99,1,04,1,99,9,00900,1,99,9,99,9",,,,"9,9,999,9,-017,1",,"SYN06442170 32596 72303 10294 20275 49944 84510 333 59017 84630 87458=",
"42170099999","2025-06-24T03:00:00","4","28.25","74.9166666","291.0","CHURU, IN","FM-12","99999","V020","230,1,N,0005,1","03000,1,9,N","004000,1,9,9","+0308,1","+0269,1","09957,1",,,,,,"04,1,+00900,1,06,1","08,1,+03000,1,04,1",,,"9,AGL   ,+99999,+99999","08,99,1,04,1,99,9,00900,1,99,9,99,9","240,M,+0365,1","240,N,+0292,1",,"9,9,999,9,-011,1",,"SYN08642170 32596 82301 10308 20269 49957 8451/ 333 10365 20292 59011 84630 88460 555 10099=",
"42170099999","2025-06-24T06:00:00","4","28.25","74.9166666","291.0","CHURU, IN","FM-12","99999","V020","230,1,N,0010,1","03000,1,9,N","004000,1,9,9","+0350,1","+0276,1","09954,1",,,,,,"03,1,+00900,1,06,1","08,1,+03000,1,04,1",,,"9,AGL   ,+99999,+99999","08,99,1,03,1,99,9,00900,1,99,9,99,9",,,,"9,9,999,9,-015,1",,"SYN06442170 32596 82302 10350 20276 49954 8351/ 333 59015 83630 88460=",
"42170099999","2025-06-24T09:00:00","4","28.25","74.9166666","291.0","CHURU, IN","FM-12","99999","V020","050,1,N,0010,1","99999,9,C,N","004000,1,9,9","+0376,1","+0275,1","09926,1",,,,,,"02,1,+00900,1,08,1","04,1,+01200,1,06,1",,,"9,AGL   ,+99999,+99999","04,99,1,02,1,99,9,00900,1,99,9,99,9",,,,"9,9,999,9,-007,1",,"SYN06442170 32596 40502 10376 20275 49926 84400 333 59007 82830 84640=","Q01 012003SCOCIG"
"42170099999","2025-06-24T12:00:00","4","28.25","74.9166666","291.0","CHURU, IN","FM-12","99999","V020","050,1,N,0010,1","03000,1,C,N","004000,1,9,9","+0388,1","+0271,1","09912,1","09,0000,2,1","2,1,02,1","2,1,02,1",,,"02,1,+00750,1,06,1","01,1,+00900,1,09,1","03,1,+03000,1,04,1",,"9,AGL   ,+99999,+99999","06,99,1,02,1,99,9,00750,1,99,9,99,9","240,M,+0392,1",,,,"50,1","SYN09442170 21596 60502 10388 20271 49912 75022 83920 333 10392 57941 59019 6990/ 82625 81930 83460=",
"42170099999","2025-06-24T15:00:00","4","28.25","74.9166666","291.0","CHURU, IN","FM-12","99999","V020","180,1,N,0010,1","03000,1,C,N","004000,1,9,9","+0298,1","+0267,1","09947,1","12,0002,3,1","9,1,02,1","6,1,02,1",,,"02,1,+00750,1,06,1","03,1,+03000,1,04,1",,,"9,AGL   ,+99999,+99999","05,99,1,02,1,99,9,00750,1,99,9,99,9",,,,"9,9,999,9,+003,1","02,1","SYN07642170 21596 51802 10298 20267 49947 70296 82570 333 58003 6992/ 82625 83460=",
"42170099999","2025-06-24T18:00:00","4","28.25","74.9166666","291.0","CHURU, IN","FM-12","99999","V020","050,1,N,0005,1","99999,9,C,N","004000,1,9,9","+0302,1","+0280,1","09960,1","15,0002,3,1","9,1,02,1","6,1,02,1",,,"02,1,+00900,1,06,1","03,1,+03000,1,04,1",,,"9,AGL   ,+99999,+99999","03,99,1,02,1,99,9,00900,1,99,9,99,9",,,,"9,9,999,9,+005,1","01,1","SYN07642170 21596 30501 10302 20280 49960 70196 82510 333 58005 6992/ 82630 83460=","Q01 030003SCOCIG"
"42170099999","2025-06-24T21:00:00","4","28.25","74.9166666","291.0","CHURU, IN","FM-12","99999","V020","999,9,C,0000,1","99999,9,C,N","004000,1,9,9","+0296,1","+0280,1","09955,1","18,0002,3,1",,,,,"02,1,+00900,1,06,1","03,1,+03000,1,04,1",,,"9,AGL   ,+99999,+99999","03,99,1,02,1,99,9,00900,1,99,9,99,9",,,,"9,9,999,9,+007,1",,"SYN07042170 22596 30000 10296 20280 49955 82510 333 58007 6992/ 82630 83460=","Q01 030003SCOCIG"
"42170099999","2025-06-25T00:00:00","4","28.25","74.9166666","291.0","CHURU, IN","FM-12","99999","V020","999,9,C,0000,1","03000,1,C,N","004000,1,9,9","+0296,1","+0280,1","09953,1","21,0002,3,1",,,,,"02,1,+00900,1,06,1","05,1,+03000,1,03,1",,,"9,AGL   ,+99999,+99999","05,99,1,02,1,99,9,00900,1,99,9,99,9",,,,"9,9,999,9,+009,1",,"SYN07042170 22596 50000 10296 20280 49953 82530 333 58009 6992/ 82630 85360=",
"42170099999","2025-06-25T03:00:00","4","28.25","74.9166666","291.0","CHURU, IN","FM-12","99999","V020","140,1,N,0010,1","22000,1,9,N","004000,1,9,9","+0312,1","+0279,1","09979,1","24,0002,3,1",,,,,"01,1,+00750,1,06,1","03,1,+03000,1,03,1",,,"9,AGL   ,+99999,+99999","04,99,1,01,1,99,9,00750,1,99,9,99,9","240,M,+0392,1","240,N,+0292,1",,"9,9,999,9,+022,1",,"SYN09842170 22596 41402 10312 20279 49979 81530 333 10392 20292 58022 6992/ 81625 83360 555 00002 10099=",
"42170099999","2025-06-25T06:00:00","4","28.25","74.9166666","291.0","CHURU, IN","FM-12","99999","V020","180,1,N,0010,1","03000,1,C,N","004000,1,9,9","+0348,1","+0286,1","09977,1",,,,,,"02,1,+00750,1,06,1","05,1,+03000,1,04,1",,,"9,AGL   ,+99999,+99999","07,99,1,02,1,99,9,00750,1,99,9,99,9",,,,"9,9,999,9,+021,1",,"SYN06442170 32596 71802 10348 20286 49977 82510 333 58021 82625 85460=",
"42170099999","2025-06-25T09:00:00","4","28.25","74.9166666","291.0","CHURU, IN","FM-12","99999","V020","999,9,C,0000,1","03000,1,9,N","004000,1,9,9","+0366,1","+0288,1","09957,1",,,,,,"04,1,+00900,1,06,1","08,1,+03000,1,04,1",,,"9,AGL   ,+99999,+99999","08,99,1,04,1,99,9,00900,1,99,9,99,9",,,,"9,9,999,9,+029,1",,"SYN06442170 32596 80000 10366 20288 49957 8451/ 333 58029 84630 88460=",
"42170099999","2025-06-25T12:00:00","4","28.25","74.9166666","291.0","CHURU, IN","FM-12","99999","V020","180,1,N,0010,1","22000,1,9,N","004000,1,9,9","+0328,1","+0290,1","09954,1","09,0060,3,1","9,1,02,1","6,1,02,1",,,"03,1,+00900,1,06,1",,,,"9,AGL   ,+99999,+99999","03,99,1,03,1,99,9,00900,1,99,9,99,9","240,M,+0369,1",,,"9,9,999,9,+035,1","01,1","SYN07642170 21596 31802 10328 20290 49954 70196 83500 333 10369 58035 6006/ 83630=",
"42170099999","2025-06-25T15:00:00","4","28.25","74.9166666","291.0","CHURU, IN","FM-12","99999","V020","140,1,N,0005,1","99999,9,C,N","004000,1,9,9","+0320,1","+0285,1","09972,1","12,0060,3,1",,,,,"02,1,+00900,1,06,1","04,1,+03000,1,03,1",,,"9,AGL   ,+99999,+99999","04,99,1,02,1,99,9,00900,1,99,9,99,9",,,,"9,9,999,9,+026,1",,"SYN07042170 22596 41401 10320 20285 49972 82530 333 58026 6006/ 82630 84360=","Q01 030003SCOCIG"
"42170099999","2025-06-25T18:00:00","4","28.25","74.9166666","291.0","CHURU, IN","FM-12","99999","V020","999,9,C,0000,1","22000,1,9,N","004000,1,9,9","+0308,1","+0283,1","09984,1","15,0060,3,1",,,,,"02,1,+00900,1,06,1",,,,"9,AGL   ,+99999,+99999","02,99,1,02,1,99,9,00900,1,99,9,99,9",,,,"9,9,999,9,+022,1",,"SYN06442170 22596 20000 10308 20283 49984 82500 333 58022 6006/ 82630=",
"42170099999","2025-06-25T21:00:00","4","28.25","74.9166666","291.0","CHURU, IN","FM-12","99999","V020","140,1,N,0005,1","03000,1,C,N","004000,1,9,9","+0302,1","+0286,1","09979,1","18,0060,3,1",,,,,"02,1,+00900,1,06,1","05,1,+03000,1,04,1",,,"9,AGL   ,+99999,+99999","05,99,1,02,1,99,9,00900,1,99,9,99,9",,,,"9,9,999,9,+024,1",,"SYN07042170 22596 51401 10302 20286 49979 82510 333 58024 6006/ 82630 85460=",
"42170099999","2025-06-26T00:00:00","4","28.25","74.9166666","291.0","CHURU, IN","FM-12","99999","V020","050,1,N,0005,1","03000,1,9,N","004000,1,9,9","+0296,1","+0282,1","09980,1","21,0060,3,1",,,,,"04,1,+00900,1,06,1","08,1,+03000,1,04,1",,,"9,AGL   ,+99999,+99999","08,99,1,04,1,99,9,00900,1,99,9,99,9",,,,"9,9,999,9,+026,1",,"SYN07042170 22596 80501 10296 20282 49980 8452/ 333 58026 6006/ 84630 88460=",
"42170099999","2025-06-26T03:00:00","4","28.25","74.9166666","291.0","CHURU, IN","FM-12","99999","V020","999,9,C,0000,1","03000,1,9,N","004000,1,9,9","+0306,1","+0284,1","10006,1","24,0060,3,1",,,,,"04,1,+00900,1,06,1","08,1,+03000,1,04,1",,,"9,AGL   ,+99999,+99999","08,99,1,04,1,99,9,00900,1,99,9,99,9","240,M,+0369,1","240,N,+0293,1",,"9,9,999,9,+026,1",,"SYN09842170 22596 80000 10306 20284 40006 8452/ 333 10369 20293 58026 6006/ 84630 88460 555 00056 10105=",
"42170099999","2025-06-26T06:00:00","4","28.25","74.9166666","291.0","CHURU, IN","FM-12","99999","V020","180,1,N,0005,1","01200,1,C,N","004000,1,9,9","+0346,1","+0284,1","10000,1",,,,,,"02,1,+00900,1,08,1","06,1,+01200,1,06,1",,,"9,AGL   ,+99999,+99999","06,99,1,02,1,99,9,00900,1,99,9,99,9",,,,"9,9,999,9,+024,1",,"SYN06442170 32596 61801 10346 20284 40000 86400 333 58024 82830 86640=",
"42170099999","2025-06-26T09:00:00","4","28.25","74.9166666","291.0","CHURU, IN","FM-12","99999","V020","999,9,C,0000,1","03000,1,C,N","004000,1,9,9","+0304,1","+0285,1","09995,1","06,0060,3,1","2,1,02,1","2,1,02,1",,,"03,1,+00750,1,08,1","03,1,+03000,1,04,1",,,"9,AGL   ,+99999,+99999","06,99,1,03,1,99,9,00750,1,99,9,99,9",,,,"9,9,999,9,+034,1","96,1","SYN07642170 21596 60000 10304 20285 49995 79622 83820 333 58034 6006/ 83825 83460=",
"42170099999","2025-06-26T12:00:00","4","28.25","74.9166666","291.0","CHURU, IN","FM-12","99999","V020","050,1,N,0010,1","03000,1,C,N","004000,1,9,9","+0282,1","+0274,1","09975,1","09,0100,3,1","9,1,02,1","6,1,02,1",,,"04,1,+00750,1,06,1","04,1,+03000,1,04,1",,,"9,AGL   ,+99999,+99999","08,99,1,04,1,99,9,00750,1,99,9,99,9","240,M,+0376,1",,,"9,9,999,9,+016,1","02,1","SYN08242170 21596 80502 10282 20274 49975 70296 8457/ 333 10376 58016 6010/ 84625 84460=",
"42170099999","2025-06-26T15:00:00","4","28.25","74.9166666","291.0","CHURU, IN","FM-12","99999","V020","999,9,C,0000,1","22000,1,9,N","004000,1,9,9","+0290,1","+0273,1","09976,1","12,0100,3,1",,,,,"04,1,+00900,1,06,1",,,,"9,AGL   ,+99999,+99999","04,99,1,04,1,99,9,00900,1,99,9,99,9",,,,"9,9,999,9,+001,1",,"SYN06442170 22596 40000 10290 20273 49976 84500 333 58001 6010/ 84630=",
"42170099999","2025-06-26T18:00:00","4","28.25","74.9166666","291.0","CHURU, IN","FM-12","99999","V020","140,1,N,0010,1","22000,1,9,N","004000,1,9,9","+0290,1","+0276,1","09986,1","15,0100,3,1",,,,,"03,1,+00900,1,06,1",,,,"9,AGL   ,+99999,+99999","03,99,1,03,1,99,9,00900,1,99,9,99,9",,,,"9,9,999,9,+002,1",,"SYN06442170 22596 31402 10290 20276 49986 83500 333 58002 6010/ 83630=",
"42170099999","2025-06-26T21:00:00","4","28.25","74.9166666","291.0","CHURU, IN","FM-12","99999","V020","999,9,C,0000,1","22000,1,9,N","004000,1,9,9","+0286,1","+0272,1","09982,1","18,0100,3,1",,,,,"04,1,+00900,1,06,1",,,,"9,AGL   ,+99999,+99999","04,99,1,04,1,99,9,00900,1,99,9,99,9",,,,"9,9,999,9,+002,1",,"SYN06442170 22596 40000 10286 20272 49982 84500 333 58002 6010/ 84630=",
"42170099999","2025-06-27T00:00:00","4","28.25","74.9166666","291.0","CHURU, IN","FM-12","99999","V020","999,9,C,0000,1","03000,1,C,N","004000,1,9,9","+0280,1","+0272,1","09996,1","21,0100,3,1",,,,,"03,1,+00900,1,06,1","05,1,+03000,1,04,1",,,"9,AGL   ,+99999,+99999","05,99,1,03,1,99,9,00900,1,99,9,99,9",,,,"9,9,999,9,+013,1",,"SYN07042170 22596 50000 10280 20272 49996 83510 333 58013 6010/ 83630 85460=",
"42170099999","2025-06-27T03:00:00","4","28.25","74.9166666","291.0","CHURU, IN","FM-12","99999","V020","090,1,N,0005,1","99999,9,C,N","004000,1,9,9","+0314,1","+0276,1","09992,1","24,0100,3,1",,,,,"02,1,+00900,1,06,1","03,1,+03600,1,03,1",,,"9,AGL   ,+99999,+99999","03,99,1,02,1,99,9,00900,1,99,9,99,9","240,M,+0376,1","240,N,+0278,1",,"9,9,999,9,-013,1",,"SYN09842170 22596 30901 10314 20276 49992 82530 333 10376 20278 59013 6010/ 82630 83362 555 00104 10115=","Q01 036003SCOCIG"
"42170099999","2025-06-27T06:00:00","4","28.25","74.9166666","291.0","CHURU, IN","FM-12","99999","V020","050,1,N,0005,1","22000,1,9,N","004000,1,9,9","+0344,1","+0276,1","09993,1",,,,,,"03,1,+00900,1,08,1",,,,"9,AGL   ,+99999,+99999","03,99,1,03,1,99,9,00900,1,99,9,99,9",,,,"9,9,999,9,-007,1",,"SYN05842170 32596 30501 10344 20276 49993 83100 333 59007 83830=",
"42170099999","2025-06-27T09:00:00","4","28.25","74.9166666","291.0","CHURU, IN","FM-12","99999","V020","140,1,N,0010,1","00750,1,C,N","004000,1,9,9","+0346,1","+0284,1","09972,1",,,,,,"06,1,+00750,1,08,1",,,,"9,AGL   ,+99999,+99999","06,99,1,06,1,99,9,00750,1,99,9,99,9",,,,"9,9,999,9,-012,1",,"SYN05842170 32596 61402 10346 20284 49972 86800 333 59012 86825=",
"42170099999","2025-06-27T12:00:00","4","28.25","74.9166666","291.0","CHURU, IN","FM-12","99999","V020","090,1,N,0010,1","00750,1,C,N","004000,1,9,9","+0374,1","+0270,1","09946,1","09,0010,3,1","6,1,02,1","2,1,02,1",,,"06,1,+00750,1,08,1",,,,"9,AGL   ,+99999,+99999","06,99,1,06,1,99,9,00750,1,99,9,99,9",,,,"9,9,999,9,-019,1","02,1","SYN07642170 21596 60902 10374 20270 49946 70262 86800 333 10376 59019 6001/ 86825=",
"42170099999","2025-06-27T15:00:00","4","28.25","74.9166666","291.0","CHURU, IN","FM-12","99999","V020","180,1,N,0005,1","03000,1,C,N","004000,1,9,9","+0302,1","+0272,1","09973,1","12,0020,3,1","6,1,02,1","2,1,02,1",,,"02,1,+00900,1,06,1","05,1,+03000,1,03,1",,,"9,AGL   ,+99999,+99999","05,99,1,02,1,99,9,00900,1,99,9,99,9",,,,"9,9,999,9,-001,1","02,1","SYN07642170 21596 51801 10302 20272 49973 70262 82530 333 59001 6002/ 82630 85360=",
"42170099999","2025-06-27T18:00:00","4","28.25","74.9166666","291.0","CHURU, IN","FM-12","99999","V020","180,1,N,0010,1","03000,1,9,N","004000,1,9,9","+0298,1","+0273,1","09992,1","15,0020,3,1","6,1,02,1","2,1,02,1",,,"03,1,+00900,1,06,1","06,1,+03000,1,04,1",,,"9,AGL   ,+99999,+99999","06,99,1,03,1,99,9,00900,1,99,9,99,9",,,,"9,9,999,9,+005,1","02,1","SYN07642170 21596 61802 10298 20273 49992 70262 83510 333 58005 6002/ 83630 86460=",
"42170099999","2025-06-27T21:00:00","4","28.25","74.9166666","291.0","CHURU, IN","FM-12","99999","V020","180,1,N,0005,1","03000,1,C,N","004000,1,9,9","+0294,1","+0275,1","09988,1","18,0020,3,1",,,,,"03,1,+00900,1,06,1","05,1,+03000,1,04,1",,,"9,AGL   ,+99999,+99999","05,99,1,03,1,99,9,00900,1,99,9,99,9",,,,"9,9,999,9,+006,1",,"SYN07042170 22596 51801 10294 20275 49988 83510 333 58006 6002/ 83630 85460=",
"42170099999","2025-06-28T00:00:00","4","28.25","74.9166666","291.0","CHURU, IN","FM-12","99999","V020","999,9,C,0000,1","22000,1,9,N","004000,1,9,9","+0282,1","+0271,1","09985,1","21,0020,3,1",,,,,"02,1,+01200,1,06,1",,,,"9,AGL   ,+99999,+99999","02,99,1,02,1,99,9,01200,1,99,9,99,9",,,,"9,9,999,9,-009,1",,"SYN06442170 22696 20000 10282 20271 49985 82500 333 59009 6002/ 82640=",
"42170099999","2025-06-28T03:00:00","4","28.25","74.9166666","291.0","CHURU, IN","FM-12","99999","V020","230,1,N,0005,1","22000,1,9,N","004000,1,9,9","+0306,1","+0270,1","09987,1","24,0020,3,1",,,,,"02,1,+06000,1,00,1",,,,"9,AGL   ,+99999,+99999","02,99,1,02,1,99,9,06000,1,99,9,99,9","240,M,+0376,1","240,N,+0282,1",,"9,9,999,9,-006,1",,"SYN07642170 22996 22301 10306 20270 49987 80001 333 10376 20282 59006 6002/ 82070=",
"42170099999","2025-06-28T06:00:00","4","28.25","74.9166666","291.0","CHURU, IN","FM-12","99999","V020","230,1,N,0005,1","22000,1,9,N","004000,1,9,9","+0346,1","+0269,1","09982,1",,,,,,"03,1,+00900,1,08,1",,,,"9,AGL   ,+99999,+99999","03,99,1,03,1,99,9,00900,1,99,9,99,9",,,,"9,9,999,9,-011,1",,"SYN05842170 32596 32301 10346 20269 49982 83100 333 59011 83830=",
"42170099999","2025-06-28T09:00:00","4","28.25","74.9166666","291.0","CHURU, IN","FM-12","99999","V020","180,1,N,0015,1","01050,1,C,N","004000,1,9,9","+0364,1","+0268,1","09964,1",,,,,,"06,1,+01050,1,06,1",,,,"9,AGL   ,+99999,+99999","06,99,1,06,1,99,9,01050,1,99,9,99,9",,,,"9,9,999,9,-006,1",,"SYN05842170 32696 61803 10364 20268 49964 86500 333 59006 86635=",
"42170099999","2025-06-28T12:00:00","4","28.25","74.9166666","291.0","CHURU, IN","FM-12","99999","V020","230,1,N,0015,1","01200,1,C,N","004000,1,9,9","+0384,1","+0269,1","09941,1",,,,,,"05,1,+01200,1,06,1",,,,"9,AGL   ,+99999,+99999","05,99,1,05,1,99,9,01200,1,99,9,99,9","240,M,+0388,1",,,"9,9,999,9,-004,1",,"SYN06442170 32696 52303 10384 20269 49941 85500 333 10388 59004 85640=",
"42170099999","2025-06-28T15:00:00","4","28.25","74.9166666","291.0","CHURU, IN","FM-12","99999","V020","140,1,N,0010,1","01200,1,C,N","004000,1,9,9","+0346,1","+0266,1","09946,1",,,,,,"03,1,+00900,1,08,1","05,1,+01200,1,06,1","08,1,+03000,1,04,1",,"9,AGL   ,+99999,+99999","08,99,1,03,1,99,9,00900,1,99,9,99,9",,,,"9,9,999,9,-022,1",,"SYN07042170 32596 81402 10346 20266 49946 8542/ 333 59022 83830 85640 88460=",
"42170099999","2025-06-28T18:00:00","4","28.25","74.9166666","291.0","CHURU, IN","FM-12","99999","V020","180,1,N,0005,1","03000,1,9,N","002000,1,9,9","+0316,1","+0269,1","09962,1","15,0003,3,1","5,1,02,1","2,1,02,1",,,"04,1,+01200,1,06,1","08,1,+03000,1,04,1",,,"9,AGL   ,+99999,+99999","08,99,1,04,1,99,9,01200,1,99,9,99,9",,,,"9,9,999,9,-026,1","01,1","SYN07642170 21695 81801 10316 20269 49962 70152 8451/ 333 59026 6993/ 84640 88460=",
"42170099999","2025-06-28T21:00:00","4","28.25","74.9166666","291.0","CHURU, IN","FM-12","99999","V020","180,1,N,0005,1","22000,1,9,N","004000,1,9,9","+0302,1","+0266,1","09951,1","18,0003,3,1",,,,,"04,1,+03000,1,04,1",,,,"9,AGL   ,+99999,+99999","04,99,1,04,1,99,9,03000,1,99,9,99,9",,,,"9,9,999,9,-035,1",,"SYN06442170 22996 41801 10302 20266 49951 84010 333 59035 6993/ 84460=",
"42170099999","2025-06-29T00:00:00","4","28.25","74.9166666","291.0","CHURU, IN","FM-12","99999","V020","999,9,C,0000,1","22000,1,9,N","004000,1,9,9","+0294,1","+0263,1","09953,1","21,0003,3,1",,,,,"03,1,+03000,1,04,1",,,,"9,AGL   ,+99999,+99999","03,99,1,03,1,99,9,03000,1,99,9,99,9",,,,"9,9,999,9,-030,1",,"SYN06442170 22996 30000 10294 20263 49953 83010 333 59030 6993/ 83460=",
"42170099999","2025-06-29T03:00:00","4","28.25","74.9166666","291.0","CHURU, IN","FM-12","99999","V020","320,1,N,0010,1","22000,1,9,N","004000,1,9,9","+0320,1","+0255,1","09977,1","24,0003,3,1",,,,,"03,1,+01200,1,06,1",,,,"9,AGL   ,+99999,+99999","03,99,1,03,1,99,9,01200,1,99,9,99,9","240,M,+0388,1","240,N,+0292,1",,"9,9,999,9,-028,1",,"SYN09242170 22696 33202 10320 20255 49977 83500 333 10388 20292 59028 6993/ 83640 555 00003 10117=",
"42170099999","2025-06-29T06:00:00","4","28.25","74.9166666","291.0","CHURU, IN","FM-12","99999","V020","320,1,N,0005,1","01200,1,C,N","004000,1,9,9","+0360,1","+0257,1","09956,1",,,,,,"02,1,+00900,1,08,1","06,1,+01200,1,06,1",,,"9,AGL   ,+99999,+99999","06,99,1,02,1,99,9,00900,1,99,9,99,9",,,,"9,9,999,9,-024,1",,"SYN06442170 32596 63201 10360 20257 49956 86400 333 59024 82830 86640=",
"42170099999","2025-06-29T09:00:00","4","28.25","74.9166666","291.0","CHURU, IN","FM-12","99999","V020","180,1,N,0010,1","00750,1,C,N","004000,1,9,9","+0388,1","+0268,1","09928,1",,,,,,"05,1,+00750,1,08,1",,,,"9,AGL   ,+99999,+99999","05,99,1,05,1,99,9,00750,1,99,9,99,9",,,,"9,9,999,9,-032,1",,"SYN05842170 32596 51802 10388 20268 49928 85800 333 59032 85825=",
"42170099999","2025-06-29T12:00:00","4","28.25","74.9166666","291.0","CHURU, IN","FM-12","99999","V020","180,1,N,0010,1","00750,1,C,N","004000,1,9,9","+0370,1","+0256,1","09912,1","09,0000,2,1","2,1,02,1","2,1,02,1",,,"05,1,+00750,1,06,1","01,1,+00900,1,09,1",,,"9,AGL   ,+99999,+99999","06,99,1,05,1,99,9,00750,1,99,9,99,9",,,,,"60,1","SYN08842170 21596 61802 10370 20256 49912 76022 86900 333 10392 57981 59030 6990/ 85625 81930=",
"42170099999","2025-06-29T15:00:00","4","28.25","74.9166666","291.0","CHURU, IN","FM-12","99999","V020","140,1,N,0010,1","00900,1,C,N","004000,1,9,9","+0256,2","+0247,1","09954,1","12,0570,3,1","9,1,02,1","6,1,02,1",,,"01,1,+00750,1,09,1","05,1,+00900,1,06,1","07,1,+03000,1,04,1",,"9,AGL   ,+99999,+99999","07,99,1,01,1,99,9,00750,1,99,9,99,9",,,,"9,9,999,9,-002,1","17,1","SYN08242170 21596 71402 10256 20247 49954 71796 85320 333 59002 6057/ 81925 85630 87460=",
"42170099999","2025-06-29T18:00:00","4","28.25","74.9166666","291.0","CHURU, IN","FM-12","99999","V020","140,1,N,0010,1","00900,1,C,N","002000,1,9,9","+0252,1","+0252,1","09958,1","15,0810,3,1","9,1,02,1","6,1,02,1",,,"01,1,+00750,1,09,1","05,1,+00900,1,06,1","08,1,+03000,1,04,1",,"9,AGL   ,+99999,+99999","08,99,1,01,1,99,9,00750,1,99,9,99,9",,,,"9,9,999,9,-011,1","95,1","SYN08242170 21595 81402 10252 20252 49958 79596 8532/ 333 59011 6081/ 81925 85630 88460=",
"42170099999","2025-06-29T21:00:00","4","28.25","74.9166666","291.0","CHURU, IN","FM-12","99999","V020","999,9,C,0000,1","03000,1,9,N","002000,1,9,9","+0254,1","+0254,1","09954,1","18,0820,3,1","9,1,02,1","6,1,02,1",,,"04,1,+00900,1,06,1","08,1,+03000,1,04,1",,,"9,AGL   ,+99999,+99999","08,99,1,04,1,99,9,00900,1,99,9,99,9",,,,"9,9,999,9,-003,1","02,1","SYN07642170 21595 80000 10254 20254 49954 70296 8452/ 333 59003 6082/ 84630 88460=",
"42170099999","2025-06-30T00:00:00","4","28.25","74.9166666","291.0","CHURU, IN","FM-12","99999","V020","140,1,N,0005,1","03000,1,9,N","004000,1,9,9","+0264,1","+0258,1","09951,1","21,0820,3,1","9,1,02,1","6,1,02,1",,,"04,1,+00900,1,06,1","06,1,+03000,1,04,1",,,"9,AGL   ,+99999,+99999","06,99,1,04,1,99,9,00900,1,99,9,99,9",,,,"9,9,999,9,-005,1","01,1","SYN07642170 21596 61401 10264 20258 49951 70196 84520 333 59005 6082/ 84630 86460=",
"42170099999","2025-06-30T03:00:00","4","28.25","74.9166666","291.0","CHURU, IN","FM-12","99999","V020","320,1,N,0010,1","00900,1,C,N","004000,1,9,9","+0270,1","+0262,1","09977,1","24,0850,3,1","9,1,02,1","6,1,02,1",,,"06,1,+00900,1,08,1","08,1,+01200,1,06,1",,,"9,AGL   ,+99999,+99999","08,99,1,06,1,99,9,00900,1,99,9,99,9","240,M,+0392,1","240,N,+0227,1",,"9,9,999,9,+014,1","02,1","SYN10442170 21596 83202 10270 20262 49977 70296 888// 333 10392 20227 58014 6085/ 86830 88640 555 00851 10202=",
"42170099999","2025-06-30T06:00:00","4","28.25","74.9166666","291.0","CHURU, IN","FM-12","99999","V020","180,1,N,0010,1","01200,1,9,N","004000,1,9,9","+0308,1","+0269,1","09976,1",,"9,1,02,1","6,1,02,1",,,"04,1,+00900,1,08,1","06,1,+01200,1,06,1","08,1,+03000,1,04,1",,"9,AGL   ,+99999,+99999","08,99,1,04,1,99,9,00900,1,99,9,99,9",,,,"9,9,999,9,+014,1","02,1","SYN07642170 31596 81802 10308 20269 49976 70296 8641/ 333 58014 84830 86640 88460=",
"42170099999","2025-06-30T09:00:00","4","28.25","74.9166666","291.0","CHURU, IN","FM-12","99999","V020","180,1,N,0010,1","00750,1,C,N","004000,1,9,9","+0342,1","+0282,1","09955,1",,,,,,"05,1,+00750,1,08,1",,,,"9,AGL   ,+99999,+99999","05,99,1,05,1,99,9,00750,1,99,9,99,9",,,,"9,9,999,9,+022,1",,"SYN05842170 32596 51802 10342 20282 49955 85800 333 58022 85825=",
"42170099999","2025-06-30T12:00:00","4","28.25","74.9166666","291.0","CHURU, IN","FM-12","99999","V020","180,1,N,0010,1","22000,1,9,N","004000,1,9,9","+0348,1","+0280,1","09939,1",,,,,,"04,1,+03000,1,04,1",,,,"9,AGL   ,+99999,+99999","04,99,1,04,1,99,9,03000,1,99,9,99,9","240,M,+0353,1",,,"9,9,999,9,+024,1",,"SYN06442170 32996 41802 10348 20280 49939 84010 333 10353 58024 84460=",
"42170099999","2025-06-30T15:00:00","4","28.25","74.9166666","291.0","CHURU, IN","FM-12","99999","V020","140,1,N,0005,1","03000,1,9,N","004000,1,9,9","+0318,1","+0274,1","09952,1",,,,,,"03,1,+00900,1,06,1","06,1,+03000,1,04,1",,,"9,AGL   ,+99999,+99999","06,99,1,03,1,99,9,00900,1,99,9,99,9",,,,"9,9,999,9,+005,1",,"SYN06442170 32596 61401 10318 20274 49952 83520 333 58005 83630 86460=",
"42170099999","2025-06-30T18:00:00","4","28.25","74.9166666","291.0","CHURU, IN","FM-12","99999","V020","140,1,N,0005,1","99999,9,C,N","004000,1,9,9","+0304,1","+0271,1","09961,1",,,,,,"02,1,+00900,1,06,1","04,1,+03000,1,04,1",,,"9,AGL   ,+99999,+99999","04,99,1,02,1,99,9,00900,1,99,9,99,9",,,,"9,9,999,9,+009,1",,"SYN06442170 32596 41401 10304 20271 49961 82510 333 58009 82630 84460=","Q01 030003SCOCIG"
"42170099999","2025-06-30T21:00:00","4","28.25","74.9166666","291.0","CHURU, IN","FM-12","99999","V020","180,1,N,0005,1","01200,1,C,N","004000,1,9,9","+0292,1","+0270,1","09962,1",,,,,,"02,1,+00900,1,08,1","06,1,+01200,1,06,1",,,"9,AGL   ,+99999,+99999","06,99,1,02,1,99,9,00900,1,99,9,99,9",,,,"9,9,999,9,+013,1",,"SYN06442170 32596 61801 10292 20270 49962 84410 333 58013 82830 86640=",
"42170099999","2025-07-01T00:00:00","4","28.25","74.9166666","291.0","CHURU, IN","FM-12","99999","V020","999,9,C,0000,1","99999,9,9,N","004000,1,9,9","+0284,1","+0267,1","09969,1",,,,,,"06,1,+00800,1,06,1","99,9,+99999,9,04,1",,,"9,AGL   ,+99999,+99999","08,99,1,06,1,99,9,00800,1,99,9,99,9",,,,"9,9,999,9,+020,1",,"SYN05242170 32596 80000 10284 20267 49969 8651/ 333 58020=",
"42170099999","2025-07-01T03:00:00","4","28.25","74.9166666","291.0","CHURU, IN","FM-12","99999","V020","180,1,N,0010,1","03000,1,C,N","004000,1,9,9","+0304,1","+0274,1","09990,1",,,,,,"03,1,+00750,1,08,1","04,1,+03000,1,04,1",,,"9,AGL   ,+99999,+99999","07,99,1,03,1,99,9,00750,1,99,9,99,9","240,M,+0353,1","240,N,+0270,1",,"9,9,999,9,+017,1",,"SYN07642170 32596 71802 10304 20274 49990 83470 333 10353 20270 58017 83825 84460=",
"42170099999","2025-07-01T06:00:00","4","28.25","74.9166666","291.0","CHURU, IN","FM-12","99999","V020","320,1,N,0005,1","00900,1,C,N","004000,1,9,9","+0336,1","+0279,1","09984,1",,,,,,"03,1,+00750,1,06,1","03,1,+00900,1,08,1","08,1,+03000,1,04,1",,"9,AGL   ,+99999,+99999","08,99,1,03,1,99,9,00750,1,99,9,99,9",,,,"9,9,999,9,+011,1",,"SYN07042170 32596 83201 10336 20279 49984 8681/ 333 58011 83625 83830 88460=",
"42170099999","2025-07-01T09:00:00","4","28.25","74.9166666","291.0","CHURU, IN","FM-12","99999","V020","140,1,N,0005,1","99999,9,C,N","004000,1,9,9","+0338,1","+0281,1","09967,1",,,,,,"02,1,+00900,1,08,1","04,1,+01200,1,06,1",,,"9,AGL   ,+99999,+99999","04,99,1,02,1,99,9,00900,1,99,9,99,9",,,,"9,9,999,9,+010,1",,"SYN06442170 32596 41401 10338 20281 49967 84400 333 58010 82830 84640=","Q01 012003SCOCIG"
"42170099999","2025-07-01T12:00:00","4","28.25","74.9166666","291.0","CHURU, IN","FM-12","99999","V020","230,1,N,0005,1","99999,9,C,N","004000,1,9,9","+0356,1","+0283,1","09947,1",,,,,,"02,1,+00900,1,08,1","04,1,+01200,1,06,1",,,"9,AGL   ,+99999,+99999","04,99,1,02,1,99,9,00900,1,99,9,99,9","240,M,+0362,1",,,"9,9,999,9,+009,1",,"SYN07042170 32596 42301 10356 20283 49947 84400 333 10362 58009 82830 84640=","Q01 012003SCOCIG"
"42170099999","2025-07-01T15:00:00","4","28.25","74.9166666","291.0","CHURU, IN","FM-12","99999","V020","140,1,N,0010,1","03000,1,9,N","004000,1,9,9","+0304,1","+0271,1","09973,1",,,,,,"04,1,+00900,1,06,1","08,1,+03000,1,04,1",,,"9,AGL   ,+99999,+99999","08,99,1,04,1,99,9,00900,1,99,9,99,9",,,,"9,9,999,9,+019,1",,"SYN06442170 32596 81402 10304 20271 49973 8551/ 333 58019 84630 88460=",
"42170099999","2025-07-01T18:00:00","4","28.25","74.9166666","291.0","CHURU, IN","FM-12","99999","V020","180,1,N,0005,1","03000,1,9,N","004000,1,9,9","+0290,1","+0273,1","09983,1",,,,,,"04,1,+00900,1,06,1","07,1,+03000,1,04,1",,,"9,AGL   ,+99999,+99999","07,99,1,04,1,99,9,00900,1,99,9,99,9",,,,"9,9,999,9,+019,1",,"SYN06442170 32596 71801 10290 20273 49983 84510 333 58019 84630 87460=",
"42170099999","2025-07-01T21:00:00","4","28.25","74.9166666","291.0","CHURU, IN","FM-12","99999","V020","999,9,C,0000,1","03000,1,C,N","004000,1,9,9","+0286,1","+0272,1","09979,1",,,,,,"03,1,+00900,1,06,1","05,1,+03000,1,04,1",,,"9,AGL   ,+99999,+99999","05,99,1,03,1,99,9,00900,1,99,9,99,9",,,,"9,9,999,9,+015,1",,"SYN06442170 32596 50000 10286 20272 49979 83510 333 58015 83630 85460=",
"42170099999","2025-07-02T00:00:00","4","28.25","74.9166666","291.0","CHURU, IN","FM-12","99999","V020","140,1,N,0005,1","22000,1,9,N","004000,1,9,9","+0282,1","+0274,1","09977,1",,,,,,"04,1,+01200,1,06,1",,,,"9,AGL   ,+99999,+99999","04,99,1,04,1,99,9,01200,1,99,9,99,9",,,,"9,9,999,9,+007,1",,"SYN05842170 32696 41401 10282 20274 49977 84500 333 58007 84640=",
"42170099999","2025-07-02T03:00:00","4","28.25","74.9166666","291.0","CHURU, IN","FM-12","99999","V020","230,1,N,0005,1","22000,1,9,N","004000,1,9,9","+0308,1","+0275,1","09982,1",,,,,,"02,1,+01200,1,06,1",,,,"9,AGL   ,+99999,+99999","02,99,1,02,1,99,9,01200,1,99,9,99,9","240,M,+0362,1","240,N,+0282,1",,"9,9,999,9,-008,1",,"SYN07042170 32696 22301 10308 20275 49982 82500 333 10362 20282 59008 82640=",
"42170099999","2025-07-02T06:00:00","4","28.25","74.9166666","291.0","CHURU, IN","FM-12","99999","V020","050,1,N,0010,1","22000,1,9,N","004000,1,9,9","+0348,1","+0262,1","09977,1",,,,,,"04,1,+00900,1,08,1",,,,"9,AGL   ,+99999,+99999","04,99,1,04,1,99,9,00900,1,99,9,99,9",,,,"9,9,999,9,-007,1",,"SYN05842170 32596 40502 10348 20262 49977 84100 333 59007 84830=",
"42170099999","2025-07-02T09:00:00","4","28.25","74.9166666","291.0","CHURU, IN","FM-12","99999","V020","050,1,N,0015,1","22000,1,9,N","004000,1,9,9","+0372,1","+0268,1","09960,1",,,,,,"04,1,+00900,1,08,1",,,,"9,AGL   ,+99999,+99999","04,99,1,04,1,99,9,00900,1,99,9,99,9",,,,"9,9,999,9,-011,1",,"SYN05842170 32596 40503 10372 20268 49960 84100 333 59011 84830=",
"42170099999","2025-07-02T12:00:00","4","28.25","74.9166666","291.0","CHURU, IN","FM-12","99999","V020","050,1,N,0021,1","22000,1,9,N","004000,1,9,9","+0378,1","+0272,1","09935,1",,,,,,"03,1,+00900,1,08,1",,,,"9,AGL   ,+99999,+99999","03,99,1,03,1,99,9,00900,1,99,9,99,9","240,M,+0382,1",,,"9,9,999,9,-009,1",,"SYN06442170 32596 30504 10378 20272 49935 83100 333 10382 59009 83830=",
"42170099999","2025-07-02T15:00:00","4","28.25","74.9166666","291.0","CHURU, IN","FM-12","99999","V020","230,1,N,0010,1","22000,1,9,N","004000,1,9,9","+0334,1","+0279,1","09958,1",,,,,,"04,1,+00750,1,06,1",,,,"9,AGL   ,+99999,+99999","04,99,1,04,1,99,9,00750,1,99,9,99,9",,,,"9,9,999,9,-011,1",,"SYN05842170 32596 42302 10334 20279 49958 84500 333 59011 84625=",
"42170099999","2025-07-02T18:00:00","4","28.25","74.9166666","291.0","CHURU, IN","FM-12","99999","V020","140,1,N,0010,1","22000,1,9,N","004000,1,9,9","+0306,1","+0273,1","09972,1",,,,,,"01,1,+00750,1,06,1","03,1,+03000,1,03,1",,,"9,AGL   ,+99999,+99999","04,99,1,01,1,99,9,00750,1,99,9,99,9",,,,"9,9,999,9,-009,1",,"SYN06442170 32596 41402 10306 20273 49972 81530 333 59009 81625 83360=",
"42170099999","2025-07-02T21:00:00","4","28.25","74.9166666","291.0","CHURU, IN","FM-12","99999","V020","180,1,N,0010,1","22000,1,9,N","004000,1,9,9","+0288,1","+0269,1","09978,1",,,,,,"01,1,+00750,1,06,1","03,1,+03000,1,03,1",,,"9,AGL   ,+99999,+99999","04,99,1,01,1,99,9,00750,1,99,9,99,9",,,,"9,9,999,9,-001,1",,"SYN06442170 32596 41802 10288 20269 49978 81530 333 59001 81625 83360=",
"42170099999","2025-07-03T00:00:00","4","28.25","74.9166666","291.0","CHURU, IN","FM-12","99999","V020","180,1,N,0010,1","22000,1,9,N","004000,1,9,9","+0284,1","+0267,1","09980,1",,,,,,"04,1,+03000,1,04,1",,,,"9,AGL   ,+99999,+99999","04,99,1,04,1,99,9,03000,1,99,9,99,9",,,,"9,9,999,9,+003,1",,"SYN05842170 32996 41802 10284 20267 49980 84070 333 58003 84460=",
"42170099999","2025-07-03T03:00:00","4","28.25","74.9166666","291.0","CHURU, IN","FM-12","99999","V020","050,1,N,0015,1","22000,1,9,N","004000,1,9,9","+0312,1","+0271,1","09984,1",,,,,,"02,1,+00900,1,08,1",,,,"9,AGL   ,+99999,+99999","02,99,1,02,1,99,9,00900,1,99,9,99,9","240,M,+0382,1","240,N,+0283,1",,"9,9,999,9,+003,1",,"SYN08042170 32696 20503 10312 20271 49984 82100 333 10382 20283 58003 82830 555 10202=",
"42170099999","2025-07-03T06:00:00","4","28.25","74.9166666","291.0","CHURU, IN","FM-12","99999","V020","140,1,N,0031,1","01050,1,C,N","004000,1,9,9","+0338,1","+0278,1","09985,1",,,,,,"06,1,+01050,1,06,1","08,1,+03000,1,04,1",,,"9,AGL   ,+99999,+99999","08,99,1,06,1,99,9,01050,1,99,9,99,9",,,,"9,9,999,9,+008,1",,"SYN06442170 32696 81406 10338 20278 49985 8652/ 333 58008 86635 88460=",
"42170099999","2025-07-03T09:00:00","4","28.25","74.9166666","291.0","CHURU, IN","FM-12","99999","V020","140,1,N,0015,1","03000,1,9,N","004000,1,9,9","+0346,1","+0284,1","09961,1",,,,,,"04,1,+00900,1,06,1","07,1,+03000,1,04,1",,,"9,AGL   ,+99999,+99999","07,99,1,04,1,99,9,00900,1,99,9,99,9",,,,"9,9,999,9,+007,1",,"SYN06442170 32596 71403 10346 20284 49961 84510 333 58007 84630 87460=",
"42170099999","2025-07-03T12:00:00","4","28.25","74.9166666","291.0","CHURU, IN","FM-12","99999","V020","140,1,N,0021,1","03000,1,9,N","004000,1,9,9","+0330,1","+0278,1","09956,1","09,0001,3,1","6,1,02,1","2,1,02,1",,,"03,1,+00900,1,06,1","06,1,+03000,1,04,1",,,"9,AGL   ,+99999,+99999","06,99,1,03,1,99,9,00900,1,99,9,99,9",,,,"9,9,999,9,+015,1","02,1","SYN08242170 21596 61404 10330 20278 49956 70262 83510 333 10355 58015 6991/ 83630 86460=",
"42170099999","2025-07-03T15:00:00","4","28.25","74.9166666","291.0","CHURU, IN","FM-12","99999","V020","140,1,N,0010,1","99999,9,C,N","004000,1,9,9","+0314,1","+0287,1","09968,1","12,0001,3,1",,,,,"02,1,+00900,1,06,1","04,1,+01200,1,04,1",,,"9,AGL   ,+99999,+99999","04,99,1,02,1,99,9,00900,1,99,9,99,9",,,,"9,9,999,9,+007,1",,"SYN07042170 22596 41402 10314 20287 49968 82510 333 58007 6991/ 82630 84440=","Q01 012003SCOCIG"
"42170099999","2025-07-03T18:00:00","4","28.25","74.9166666","291.0","CHURU, IN","FM-12","99999","V020","230,1,N,0005,1","22000,1,9,N","004000,1,9,9","+0294,1","+0266,1","09978,1","15,0001,3,1",,,,,"03,1,+00900,1,06,1",,,,"9,AGL   ,+99999,+99999","03,99,1,03,1,99,9,00900,1,99,9,99,9",,,,"9,9,999,9,+005,1",,"SYN06442170 22596 32301 10294 20266 49978 83500 333 58005 6991/ 83630=",
"42170099999","2025-07-03T21:00:00","4","28.25","74.9166666","291.0","CHURU, IN","FM-12","99999","V020","999,9,C,0000,1","99999,9,C,N","004000,1,9,9","+0286,1","+0269,1","09983,1","18,0001,3,1",,,,,"02,1,+00900,1,06,1","04,1,+03000,1,04,1",,,"9,AGL   ,+99999,+99999","04,99,1,02,1,99,9,00900,1,99,9,99,9",,,,"9,9,999,9,+005,1",,"SYN07042170 22596 40000 10286 20269 49983 82510 333 58005 6991/ 82630 84460=","Q01 030003SCOCIG"
"42170099999","2025-07-04T00:00:00","4","28.25","74.9166666","291.0","CHURU, IN","FM-12","99999","V020","999,9,C,0000,1","03000,1,9,N","004000,1,9,9","+0286,1","+0272,1","09986,1","21,0001,3,1",,,,,"04,1,+01200,1,06,1","08,1,+03000,1,04,1",,,"9,AGL   ,+99999,+99999","08,99,1,04,1,99,9,01200,1,99,9,99,9",,,,"9,9,999,9,+006,1",,"SYN07042170 22696 80000 10286 20272 49986 8452/ 333 58006 6991/ 84640 88460=",
"42170099999","2025-07-04T03:00:00","4","28.25","74.9166666","291.0","CHURU, IN","FM-12","99999","V020","999,9,C,0000,1","22000,1,9,N","004000,1,9,9","+0322,1","+0278,1","09995,1","24,0001,3,1",,,,,"04,1,+00900,1,06,1",,,,"9,AGL   ,+99999,+99999","04,99,1,04,1,99,9,00900,1,99,9,99,9","240,M,+0355,1","240,N,+0283,1",,"9,9,999,9,+012,1",,"SYN09242170 22696 40000 10322 20278 49995 84500 333 10355 20283 58012 6991/ 84630 555 00001 10202=",
"42170099999","2025-07-04T06:00:00","4","28.25","74.9166666","291.0","CHURU, IN","FM-12","99999","V020","320,1,N,0005,1","22000,1,9,N","004000,1,9,9","+0348,1","+0274,1","09984,1",,,,,,"03,1,+00900,1,08,1",,,,"9,AGL   ,+99999,+99999","03,99,1,03,1,99,9,00900,1,99,9,99,9",,,,"9,9,999,9,+000,1",,"SYN05842170 32596 33201 10348 20274 49984 83100 333 58000 83830=",
"42170099999","2025-07-04T09:00:00","4","28.25","74.9166666","291.0","CHURU, IN","FM-12","99999","V020","050,1,N,0010,1","01200,1,C,N","004000,1,9,9","+0374,1","+0273,1","09959,1",,,,,,"02,1,+00900,1,08,1","05,1,+01200,1,06,1",,,"9,AGL   ,+99999,+99999","05,99,1,02,1,99,9,00900,1,99,9,99,9",,,,"9,9,999,9,+001,1",,"SYN06442170 32596 50502 10374 20273 49959 85400 333 58001 82830 85640=",
"42170099999","2025-07-04T12:00:00","4","28.25","74.9166666","291.0","CHURU, IN","FM-12","99999","V020","320,1,N,0015,1","00900,1,C,N","004000,1,9,9","+0378,1","+0278,1","09937,1",,"2,1,02,1","2,1,02,1",,,"05,1,+00900,1,06,1","03,1,+01200,1,09,1","07,1,+03000,1,04,1",,"9,AGL   ,+99999,+99999","07,99,1,05,1,99,9,00900,1,99,9,99,9","240,M,+0390,1",,,"9,9,999,9,-013,1","29,1","SYN08242170 31596 73203 10378 20278 49937 72922 85310 333 10390 59013 85630 83940 87460=",
"42170099999","2025-07-04T15:00:00","4","28.25","74.9166666","291.0","CHURU, IN","FM-12","99999","V020","140,1,N,0026,1","03000,1,C,N","004000,1,9,9","+0320,1","+0285,1","09961,1",,"2,1,02,1","2,1,02,1",,,"03,1,+00900,1,06,1","05,1,+03000,1,04,1",,,"9,AGL   ,+99999,+99999","05,99,1,03,1,99,9,00900,1,99,9,99,9",,,,"9,9,999,9,-006,1","29,1","SYN07042170 31596 51405 10320 20285 49961 72922 83510 333 59006 83630 85460=",
"42170099999","2025-07-04T18:00:00","4","28.25","74.9166666","291.0","CHURU, IN","FM-12","99999","V020","140,1,N,0015,1","03000,1,9,N","004000,1,9,9","+0306,1","+0279,1","09986,1","15,0000,9,1","9,1,02,1","6,1,02,1",,,"03,1,+00900,1,06,1","06,1,+03000,1,04,1",,,"9,AGL   ,+99999,+99999","06,99,1,03,1,99,9,00900,1,99,9,99,9",,,,"9,9,999,9,+009,1","02,1","SYN07642170 21596 61403 10306 20279 49986 70296 83510 333 58009 6990/ 83630 86460=","Q01  00002PRCP15"
"42170099999","2025-07-04T21:00:00","4","28.25","74.9166666","291.0","CHURU, IN","FM-12","99999","V020","999,9,C,0000,1","03000,1,9,N","004000,1,9,9","+0294,1","+0286,1","09979,1","18,0020,3,1","6,1,02,1","2,1,02,1",,,"03,1,+00900,1,06,1","07,1,+03000,1,04,1",,,"9,AGL   ,+99999,+99999","07,99,1,03,1,99,9,00900,1,99,9,99,9",,,,"9,9,999,9,-003,1","21,1","SYN07642170 21596 70000 10294 20286 49979 72162 83520 333 59003 6002/ 83630 87460=",
"42170099999","2025-07-05T00:00:00","4","28.25","74.9166666","291.0","CHURU, IN","FM-12","99999","V020","999,9,C,0000,1","22000,1,9,N","004000,1,9,9","+0290,1","+0285,1","09973,1","21,0020,3,1","6,1,02,1","2,1,02,1",,,"01,1,+00900,1,06,1","03,1,+03000,1,04,1",,,"9,AGL   ,+99999,+99999","03,99,1,01,1,99,9,00900,1,99,9,99,9",,,,"9,9,999,9,-013,1","01,1","SYN07642170 21596 30000 10290 20285 49973 70162 81510 333 59013 6002/ 81630 83460=",
"42170099999","2025-07-05T03:00:00","4","28.25","74.9166666","291.0","CHURU, IN","FM-12","99999","V020","999,9,C,0000,1","01200,1,9,N","004000,1,9,9","+0302,1","+0283,1","09983,1","24,0030,3,1",,,,,"04,1,+00900,1,08,1","08,1,+01200,1,06,1",,,"9,AGL   ,+99999,+99999","08,99,1,04,1,99,9,00900,1,99,9,99,9","240,M,+0390,1","240,N,+0290,1",,"9,9,999,9,-014,1",,"SYN09842170 22596 80000 10302 20283 49983 884// 333 10390 20290 59014 6003/ 84830 88640 555 00025 10205=",
"42170099999","2025-07-05T06:00:00","4","28.25","74.9166666","291.0","CHURU, IN","FM-12","99999","V020","270,1,N,0010,1","01200,1,9,N","004000,1,9,9","+0362,1","+0289,1","09970,1",,,,,,"04,1,+00900,1,08,1","06,1,+01200,1,06,1","08,1,+03000,1,04,1",,"9,AGL   ,+99999,+99999","08,99,1,04,1,99,9,00900,1,99,9,99,9",,,,"9,9,999,9,-012,1",,"SYN07042170 32596 82702 10362 20289 49970 8641/ 333 59012 84830 86640 88460=",
"42170099999","2025-07-05T09:00:00","4","28.25","74.9166666","291.0","CHURU, IN","FM-12","99999","V020","230,1,N,0005,1","03000,1,C,N","004000,1,9,9","+0340,1","+0294,1","09949,1","06,0008,3,1","6,1,02,1","2,1,02,1",,,"03,1,+00900,1,06,1","05,1,+03000,1,04,1",,,"9,AGL   ,+99999,+99999","05,99,1,03,1,99,9,00900,1,99,9,99,9",,,,"9,9,999,9,-014,1","01,1","SYN07642170 21596 52301 10340 20294 49949 70162 83510 333 59014 6998/ 83630 85460=",
"42170099999","2025-07-05T12:00:00","4","28.25","74.9166666","291.0","CHURU, IN","FM-12","99999","V020","230,1,N,0015,1","01200,1,C,N","004000,1,9,9","+0298,1","+0265,1","09942,1","09,0008,3,1","6,1,02,1","2,1,02,1",,,"02,1,+00900,1,08,1","04,1,+01200,1,06,1","06,1,+03000,1,04,1",,"9,AGL   ,+99999,+99999","06,99,1,02,1,99,9,00900,1,99,9,99,9","240,M,+0368,1",,,"9,9,999,9,-004,1","03,1","SYN08842170 21596 62303 10298 20265 49942 70362 84410 333 10368 59004 6998/ 82830 84640 86460=",
"42170099999","2025-07-05T15:00:00","4","28.25","74.9166666","291.0","CHURU, IN","FM-12","99999","V020","180,1,N,0010,1","03000,1,C,N","004000,1,9,9","+0294,1","+0260,1","09966,1","12,0008,3,1",,,,,"03,1,+01200,1,06,1","05,1,+03000,1,04,1",,,"9,AGL   ,+99999,+99999","05,99,1,03,1,99,9,01200,1,99,9,99,9",,,,"9,9,999,9,+003,1",,"SYN07042170 22696 51802 10294 20260 49966 83510 333 58003 6998/ 83640 85460=",
"42170099999","2025-07-05T18:00:00","4","28.25","74.9166666","291.0","CHURU, IN","FM-12","99999","V020","140,1,N,0010,1","03000,1,9,N","004000,1,9,9","+0286,1","+0264,1","09987,1","15,0008,3,1",,,,,"03,1,+00900,1,06,1","06,1,+03000,1,04,1",,,"9,AGL   ,+99999,+99999","06,99,1,03,1,99,9,00900,1,99,9,99,9",,,,"9,9,999,9,-001,1",,"SYN07042170 22596 61402 10286 20264 49987 83510 333 59001 6998/ 83630 86460=",
"42170099999","2025-07-05T21:00:00","4","28.25","74.9166666","291.0","CHURU, IN","FM-12","99999","V020","999,9,C,0000,1","03000,1,C,N","004000,1,9,9","+0280,1","+0263,1","09982,1","18,0008,3,1",,,,,"03,1,+01200,1,06,1","05,1,+03000,1,04,1",,,"9,AGL   ,+99999,+99999","05,99,1,03,1,99,9,01200,1,99,9,99,9",,,,"9,9,999,9,+002,1",,"SYN07042170 22696 50000 10280 20263 49982 83510 333 58002 6998/ 83640 85460=",
"42170099999","2025-07-06T00:00:00","4","28.25","74.9166666","291.0","CHURU, IN","FM-12","99999","V020","180,1,N,0010,1","22000,1,9,N","004000,1,9,9","+0280,1","+0272,1","09976,1","21,0008,3,1",,,,,"04,1,+01200,1,06,1",,,,"9,AGL   ,+99999,+99999","04,99,1,04,1,99,9,01200,1,99,9,99,9",,,,"9,9,999,9,+003,1",,"SYN06442170 22696 41802 10280 20272 49976 84500 333 58003 6998/ 84640=",
"42170099999","2025-07-06T03:00:00","4","28.25","74.9166666","291.0","CHURU, IN","FM-12","99999","V020","230,1,N,0005,1","03000,1,C,N","004000,1,9,9","+0298,1","+0276,1","09978,1","24,0008,3,1",,,,,"02,1,+01200,1,06,1","06,1,+03000,1,04,1",,,"9,AGL   ,+99999,+99999","06,99,1,02,1,99,9,01200,1,99,9,99,9","240,M,+0368,1","240,N,+0277,1",,"9,9,999,9,-006,1",,"SYN09842170 22696 62301 10298 20276 49978 82510 333 10368 20277 59006 6998/ 82640 86460 555 00008 10206=",
"42170099999","2025-07-06T06:00:00","4","28.25","74.9166666","291.0","CHURU, IN","FM-12","99999","V020","320,1,N,0005,1","03000,1,9,N","004000,1,9,9","+0350,1","+0282,1","09973,1",,,,,,"03,1,+01200,1,06,1","06,1,+03000,1,04,1",,,"9,AGL   ,+99999,+99999","06,99,1,03,1,99,9,01200,1,99,9,99,9",,,,"9,9,999,9,+001,1",,"SYN06442170 32696 63201 10350 20282 49973 83510 333 58001 83640 86460=",
"42170099999","2025-07-06T09:00:00","4","28.25","74.9166666","291.0","CHURU, IN","FM-12","99999","V020","230,1,N,0005,1","03000,1,9,N","004000,1,9,9","+0358,1","+0279,1","09956,1","06,0000,2,1","2,1,02,1","2,1,02,1",,,"03,1,+01200,1,06,1","06,1,+03000,1,04,1",,,"9,AGL   ,+99999,+99999","06,99,1,03,1,99,9,01200,1,99,9,99,9",,,,"9,9,999,9,+009,1","21,1","SYN07642170 21696 62301 10358 20279 49956 72122 83510 333 58009 6990/ 83640 86460=",
"42170099999","2025-07-06T12:00:00","4","28.25","74.9166666","291.0","CHURU, IN","FM-12","99999","V020","999,9,V,0005,1","00900,1,C,N","002000,1,9,9","+0272,1","+0255,1","09956,1","09,0320,3,1","6,1,02,1","2,1,02,1",,,"06,1,+00900,1,06,1","08,1,+02400,1,04,1",,,"9,AGL   ,+99999,+99999","08,99,1,06,1,99,9,00900,1,99,9,99,9","240,M,+0378,1",,,"9,9,999,9,+012,1","61,1","SYN08242170 21595 89901 10272 20255 49956 76162 8652/ 333 10378 58012 6032/ 86630 88458=",
"42170099999","2025-07-06T15:00:00","4","28.25","74.9166666","291.0","CHURU, IN","FM-12","99999","V020","180,1,N,0005,1","22000,1,9,N","004000,1,9,9","+0284,1","+0278,1","09960,1","12,0370,3,1","9,1,02,1","6,1,02,1",,,"01,1,+00750,1,06,1","03,1,+03000,1,04,1",,,"9,AGL   ,+99999,+99999","04,99,1,01,1,99,9,00750,1,99,9,99,9",,,,"9,9,999,9,-007,1","01,1","SYN07642170 21596 41801 10284 20278 49960 70196 81570 333 59007 6037/ 81625 83460=",
"42170099999","2025-07-06T18:00:00","4","28.25","74.9166666","291.0","CHURU, IN","FM-12","99999","V020","270,1,N,0005,1","03000,1,C,N","004000,1,9,9","+0288,1","+0280,1","09967,1","15,0370,3,1","6,1,02,1","2,1,02,1",,,"01,1,+00750,1,06,1","05,1,+03000,1,04,1",,,"9,AGL   ,+99999,+99999","06,99,1,01,1,99,9,00750,1,99,9,99,9",,,,"9,9,999,9,-019,1","02,1","SYN07642170 21596 62701 10288 20280 49967 70262 81570 333 59019 6037/ 81625 85460=",
"42170099999","2025-07-06T21:00:00","4","28.25","74.9166666","291.0","CHURU, IN","FM-12","99999","V020","140,1,N,0010,1","03000,1,C,N","004000,1,9,9","+0284,1","+0276,1","09961,1","18,0370,3,1",,,,,"03,1,+00750,1,06,1","05,1,+03000,1,04,1",,,"9,AGL   ,+99999,+99999","08,99,1,03,1,99,9,00750,1,99,9,99,9",,,,"9,9,999,9,-020,1",,"SYN07042170 22596 81402 10284 20276 49961 8357/ 333 59020 6037/ 83625 85460=",
"42170099999","2025-07-07T00:00:00","4","28.25","74.9166666","291.0","CHURU, IN","FM-12","99999","V020","140,1,N,0010,1","03000,1,C,N","004000,1,9,9","+0272,1","+0258,1","09971,1","21,0380,3,1","6,1,02,1","2,1,02,1",,,"02,1,+00750,1,06,1","01,1,+00900,1,09,1","05,1,+03000,1,04,1",,"9,AGL   ,+99999,+99999","08,99,1,02,1,99,9,00750,1,99,9,99,9",,,,,"60,1","SYN08842170 21596 81402 10272 20258 49971 76062 8392/ 333 57932 59005 6038/ 82625 81930 85460=",
"42170099999","2025-07-07T03:00:00","4","28.25","74.9166666","291.0","CHURU, IN","FM-12","99999","V020","180,1,N,0005,1","99999,9,9,N","004000,1,9,9","+0266,1","+0255,1","09989,1","24,0390,3,1","6,1,02,1","2,1,02,1",,,"06,1,+00800,1,06,1","99,9,+99999,9,05,1",,,"9,AGL   ,+99999,+99999","08,99,1,06,1,99,9,00800,1,99,9,99,9","240,M,+0378,1","240,N,+0262,1",,"9,9,999,9,+008,1","50,1","SYN09242170 21596 81801 10266 20255 49989 75062 8652/ 333 10378 20262 58008 6039/ 555 00386 10244=",
"42170099999","2025-07-07T06:00:00","4","28.25","74.9166666","291.0","CHURU, IN","FM-12","99999","V020","180,1,N,0010,1","00900,1,C,N","004000,1,9,9","+0284,1","+0264,1","09996,1","03,0000,2,1","6,1,02,1","5,1,02,1",,,"06,1,+00900,1,06,1","08,1,+02400,1,04,1",,,"9,AGL   ,+99999,+99999","08,99,1,06,1,99,9,00900,1,99,9,99,9",,,,"9,9,999,9,+016,1","02,1","SYN07642170 21596 81802 10284 20264 49996 70265 8652/ 333 58016 6990/ 86630 88458=",
"42170099999","2025-07-07T09:00:00","4","28.25","74.9166666","291.0","CHURU, IN","FM-12","99999","V020","230,1,N,0010,1","03000,1,9,N","004000,1,9,9","+0320,1","+0276,1","09977,1","06,0000,2,1",,,,,"03,1,+00900,1,06,1","06,1,+03000,1,04,1",,,"9,AGL   ,+99999,+99999","06,99,1,03,1,99,9,00900,1,99,9,99,9",,,,"9,9,999,9,+016,1",,"SYN07042170 22596 62302 10320 20276 49977 83510 333 58016 6990/ 83630 86460=",
"42170099999","2025-07-07T12:00:00","4","28.25","74.9166666","291.0","CHURU, IN","FM-12","99999","V020","999,9,C,0000,1","99999,9,C,N","004000,1,9,9","+0338,1","+0275,1","09957,1","09,0000,2,1",,,,,"02,1,+00900,1,08,1","04,1,+00960,1,06,1",,,"9,AGL   ,+99999,+99999","04,99,1,02,1,99,9,00900,1,99,9,99,9","240,M,+0341,1",,,"9,9,999,9,+007,1",,"SYN07642170 22596 40000 10338 20275 49957 84400 333 10341 58007 6990/ 82830 84632=","Q01 009603SCOCIG"
"42170099999","2025-07-07T15:00:00","4","28.25","74.9166666","291.0","CHURU, IN","FM-12","99999","V020","230,1,N,0005,1","03000,1,C,N","004000,1,9,9","+0316,1","+0281,1","09974,1","12,0000,2,1",,,,,"03,1,+01200,1,06,1","05,1,+03000,1,04,1",,,"9,AGL   ,+99999,+99999","05,99,1,03,1,99,9,01200,1,99,9,99,9",,,,"9,9,999,9,+016,1",,"SYN07042170 22696 52301 10316 20281 49974 83510 333 58016 6990/ 83640 85460=",
"42170099999","2025-07-07T18:00:00","4","28.25","74.9166666","291.0","CHURU, IN","FM-12","99999","V020","140,1,N,0005,1","22000,1,9,N","004000,1,9,9","+0276,1","+0253,1","09986,1","15,0000,2,1",,,,,"03,1,+01200,1,06,1",,,,"9,AGL   ,+99999,+99999","03,99,1,03,1,99,9,01200,1,99,9,99,9",,,,"9,9,999,9,+017,1",,"SYN06442170 22696 31401 10276 20253 49986 83500 333 58017 6990/ 83640=",
"42170099999","2025-07-07T21:00:00","4","28.25","74.9166666","291.0","CHURU, IN","FM-12","99999","V020","999,9,C,0000,1","99999,9,C,N","004000,1,9,9","+0274,1","+0260,1","09982,1","18,0000,2,1",,,,,"02,1,+01200,1,06,1","04,1,+03000,1,03,1",,,"9,AGL   ,+99999,+99999","04,99,1,02,1,99,9,01200,1,99,9,99,9",,,,"9,9,999,9,+019,1",,"SYN07042170 22696 40000 10274 20260 49982 82510 333 58019 6990/ 82640 84360=","Q01 030003SCOCIG"
"42170099999","2025-07-08T00:00:00","4","28.25","74.9166666","291.0","CHURU, IN","FM-12","99999","V020","999,9,C,0000,1","03000,1,9,N","004000,1,9,9","+0272,1","+0261,1","09984,1","21,0000,2,1",,,,,"04,1,+01200,1,06,1","06,1,+03000,1,04,1",,,"9,AGL   ,+99999,+99999","06,99,1,04,1,99,9,01200,1,99,9,99,9",,,,"9,9,999,9,+012,1",,"SYN07042170 22696 60000 10272 20261 49984 84510 333 58012 6990/ 84640 86460=",
"42170099999","2025-07-08T03:00:00","4","28.25","74.9166666","291.0","CHURU, IN","FM-12","99999","V020","230,1,N,0010,1","22000,1,9,N","004000,1,9,9","+0300,1","+0261,1","09999,1","24,0000,2,1",,,,,"03,1,+01200,1,06,1",,,,"9,AGL   ,+99999,+99999","03,99,1,03,1,99,9,01200,1,99,9,99,9","240,M,+0341,1","240,N,+0266,1",,"9,9,999,9,+012,1",,"SYN07642170 22696 32302 10300 20261 49999 83500 333 10341 20266 58012 6990/ 83640=",
"42170099999","2025-07-08T06:00:00","4","28.25","74.9166666","291.0","CHURU, IN","FM-12","99999","V020","320,1,N,0005,1","22000,1,9,N","004000,1,9,9","+0344,1","+0267,1","09999,1",,,,,,"03,1,+00900,1,08,1",,,,"9,AGL   ,+99999,+99999","03,99,1,03,1,99,9,00900,1,99,9,99,9",,,,"9,9,999,9,+010,1",,"SYN05842170 32596 33201 10344 20267 49999 83100 333 58010 83830=",
"42170099999","2025-07-08T09:00:00","4","28.25","74.9166666","291.0","CHURU, IN","FM-12","99999","V020","270,1,N,0010,1","22000,1,9,N","004000,1,9,9","+0366,1","+0267,1","09972,1",,,,,,"03,1,+00900,1,08,1",,,,"9,AGL   ,+99999,+99999","03,99,1,03,1,99,9,00900,1,99,9,99,9",,,,"9,9,999,9,+000,1",,"SYN05842170 32596 32702 10366 20267 49972 83100 333 58000 83830=",
"42170099999","2025-07-08T12:00:00","4","28.25","74.9166666","291.0","CHURU, IN","FM-12","99999","V020","180,1,N,0010,1","99999,9,C,N","004000,1,9,9","+0366,1","+0270,1","09948,1",,,,,,"03,1,+00900,1,08,1","02,1,+03000,1,04,1",,,"9,AGL   ,+99999,+99999","04,99,1,03,1,99,9,00900,1,99,9,99,9","240,M,+0377,1",,,"9,9,999,9,-006,1",,"SYN07042170 32596 41802 10366 20270 49948 83110 333 10377 59006 83830 82460=","Q01 030003SCOCIG"
"42170099999","2025-07-08T15:00:00","4","28.25","74.9166666","291.0","CHURU, IN","FM-12","99999","V020","999,9,C,0000,1","22000,1,9,N","004000,1,9,9","+0336,1","+0252,1","09966,1",,,,,,"02,1,+00900,1,06,1","99,9,+99999,9,00,1",,,"9,AGL   ,+99999,+99999","03,99,1,02,1,99,9,00900,1,99,9,99,9",,,,"9,9,999,9,-006,1",,"SYN05842170 32596 30000 10336 20252 49966 82501 333 59006 82630=",
"42170099999","2025-07-08T18:00:00","4","28.25","74.9166666","291.0","CHURU, IN","FM-12","99999","V020","090,1,N,0010,1","02400,1,9,N","004000,1,9,9","+0288,1","+0269,1","10004,1","15,0020,3,1","6,1,02,1","1,1,02,1",,,"03,1,+00900,1,06,1","06,1,+02400,1,04,1",,,"9,AGL   ,+99999,+99999","06,99,1,03,1,99,9,00900,1,99,9,99,9",,,,"9,9,999,9,+018,1","60,1","SYN07642170 21596 60902 10288 20269 40004 76061 83520 333 58018 6002/ 83630 86458=",
"42170099999","2025-07-08T21:00:00","4","28.25","74.9166666","291.0","CHURU, IN","FM-12","99999","V020","999,9,C,0000,1","02400,1,9,N","004000,1,9,9","+0274,1","+0268,1","09966,1","18,0070,3,1","6,1,02,1","2,1,02,1",,,"03,1,+00900,1,06,1","06,1,+02400,1,04,1",,,"9,AGL   ,+99999,+99999","06,99,1,03,1,99,9,00900,1,99,9,99,9",,,,"9,9,999,9,+004,1","21,1","SYN07642170 21596 60000 10274 20268 49966 72162 83520 333 58004 6007/ 83630 86458=",
"42170099999","2025-07-09T00:00:00","4","28.25","74.9166666","291.0","CHURU, IN","FM-12","99999","V020","999,9,C,0000,1","99999,9,C,N","004000,1,9,9","+0276,1","+0273,1","09979,1","21,0070,3,1","6,1,02,1","2,1,02,1",,,"02,1,+00900,1,06,1","04,1,+02400,1,04,1",,,"9,AGL   ,+99999,+99999","04,99,1,02,1,99,9,00900,1,99,9,99,9",,,,"9,9,999,9,-005,1","01,1","SYN07642170 21596 40000 10276 20273 49979 70162 82520 333 59005 6007/ 82630 84458=","Q01 024003SCOCIG"
"42170099999","2025-07-09T03:00:00","4","28.25","74.9166666","291.0","CHURU, IN","FM-12","99999","V020","270,1,N,0005,1","01200,1,C,N","004000,1,9,9","+0294,1","+0269,1","10000,1","24,0070,3,1",,,,,"03,1,+00900,1,08,1","04,1,+01200,1,06,1","06,1,+03000,1,04,1",,"9,AGL   ,+99999,+99999","06,99,1,03,1,99,9,00900,1,99,9,99,9","240,M,+0377,1","240,N,+0273,1",,"9,9,999,9,+001,1",,"SYN10442170 22596 62701 10294 20269 40000 84810 333 10377 20273 58001 6007/ 83830 84640 86460 555 00070 10251=",
"42170099999","2025-07-09T06:00:00","4","28.25","74.9166666","291.0","CHURU, IN","FM-12","99999","V020","180,1,N,0010,1","22000,1,9,N","002000,1,9,9","+0330,1","+0272,1","10000,1",,"0,1,02,1","0,1,02,1",,,"02,1,+01200,1,06,1",,,,"9,AGL   ,+99999,+99999","02,99,1,02,1,99,9,01200,1,99,9,99,9",,,,"9,9,999,9,-001,1","05,1","SYN06442170 31695 21802 10330 20272 40000 70500 82500 333 59001 82640=",
"42170099999","2025-07-09T09:00:00","4","28.25","74.9166666","291.0","CHURU, IN","FM-12","99999","V020","230,1,N,0005,1","22000,1,9,N","004000,1,9,9","+0358,1","+0276,1","09976,1",,,,,,"03,1,+00900,1,08,1",,,,"9,AGL   ,+99999,+99999","03,99,1,03,1,99,9,00900,1,99,9,99,9",,,,"9,9,999,9,+003,1",,"SYN05842170 32596 32301 10358 20276 49976 83100 333 58003 83830=",
"42170099999","2025-07-09T12:00:00","4","28.25","74.9166666","291.0","CHURU, IN","FM-12","99999","V020","230,1,N,0005,1","03000,1,9,N","004000,1,9,9","+0276,1","+0262,1","09980,1","09,0040,3,1","9,1,02,1","6,1,02,1",,,"04,1,+00900,1,06,1","08,1,+03000,1,04,1",,,"9,AGL   ,+99999,+99999","08,99,1,04,1,99,9,00900,1,99,9,99,9",,,,"9,9,999,9,+022,1","60,1","SYN08242170 21596 82301 10276 20262 49980 76096 8452/ 333 10362 58022 6004/ 84630 88460=",
"42170099999","2025-07-09T15:00:00","4","28.25","74.9166666","291.0","CHURU, IN","FM-12","99999","V020","230,1,N,0005,1","02400,1,9,N","004000,1,9,9","+0270,1","+0259,1","09998,1","12,0040,3,1","6,1,02,1","2,1,02,1",,,"04,1,+00900,1,06,1","07,1,+02400,1,04,1",,,"9,AGL   ,+99999,+99999","07,99,1,04,1,99,9,00900,1,99,9,99,9",,,,"9,9,999,9,+024,1","02,1","SYN07642170 21596 72301 10270 20259 49998 70262 84510 333 58024 6004/ 84630 87458=",
"42170099999","2025-07-09T18:00:00","4","28.25","74.9166666","291.0","CHURU, IN","FM-12","99999","V020","140,1,N,0010,1","03000,1,9,N","004000,1,9,9","+0272,1","+0261,1","10006,1","15,0040,3,1","6,1,02,1","2,1,02,1",,,"04,1,+00900,1,06,1","08,1,+03000,1,04,1",,,"9,AGL   ,+99999,+99999","08,99,1,04,1,99,9,00900,1,99,9,99,9",,,,"9,9,999,9,+001,1","03,1","SYN07642170 21596 81402 10272 20261 40006 70362 8451/ 333 58001 6004/ 84630 88460=",
"42170099999","2025-07-09T21:00:00","4","28.25","74.9166666","291.0","CHURU, IN","FM-12","99999","V020","140,1,N,0005,1","00900,1,C,N","004000,1,9,9","+0268,1","+0260,1","09996,1","18,0040,3,1",,,,,"05,1,+00900,1,06,1","08,1,+03000,1,04,1",,,"9,AGL   ,+99999,+99999","08,99,1,05,1,99,9,00900,1,99,9,99,9",,,,"9,9,999,9,+008,1",,"SYN07042170 22596 81401 10268 20260 49996 8551/ 333 58008 6004/ 85630 88460=",
"42170099999","2025-07-10T00:00:00","4","28.25","74.9166666","291.0","CHURU, IN","FM-12","99999","V020","140,1,N,0010,1","03000,1,9,N","004000,1,9,9","+0262,1","+0253,1","09998,1","21,0040,3,1","9,1,02,1","2,1,02,1",,,"04,1,+00900,1,06,1","08,1,+03000,1,04,1",,,"9,AGL   ,+99999,+99999","08,99,1,04,1,99,9,00900,1,99,9,99,9",,,,"9,9,999,9,+017,1","17,1","SYN07642170 21596 81402 10262 20253 49998 71792 8451/ 333 58017 6004/ 84630 88460=",
"42170099999","2025-07-10T03:00:00","4","28.25","74.9166666","291.0","CHURU, IN","FM-12","99999","V020","230,1,N,0010,1","01200,1,C,N","004000,1,9,9","+0266,1","+0243,1","10014,1","24,0040,3,1",,,,,"02,1,+00900,1,08,1","05,1,+01200,1,06,1","07,1,+03000,1,04,1",,"9,AGL   ,+99999,+99999","07,99,1,02,1,99,9,00900,1,99,9,99,9","240,M,+0362,1","240,N,+0254,1",,"9,9,999,9,+011,1",,"SYN10442170 22596 72302 10266 20243 40014 85410 333 10362 20254 58011 6004/ 82830 85640 87460 555 00040 10255=",
"42170099999","2025-07-10T06:00:00","4","28.25","74.9166666","291.0","CHURU, IN","FM-12","99999","V020","140,1,N,0010,1","00900,1,C,N","004000,1,9,9","+0252,1","+0246,1","10030,1","03,0150,3,1","9,1,02,1","6,1,02,1",,,"05,1,+00900,1,06,1","08,1,+02400,1,04,1",,,"9,AGL   ,+99999,+99999","08,99,1,05,1,99,9,00900,1,99,9,99,9",,,,"9,9,999,9,+021,1","60,1","SYN07642170 21596 81402 10252 20246 40030 76096 8552/ 333 58021 6015/ 85630 88458=",
"42170099999","2025-07-10T09:00:00","4","28.25","74.9166666","291.0","CHURU, IN","FM-12","99999","V020","999,9,C,0000,1","02400,1,9,N","004000,1,9,9","+0250,1","+0247,1","10017,1","06,0390,3,1","6,1,02,1","2,1,02,1",,,"04,1,+00900,1,06,1","08,1,+02400,1,04,1",,,"9,AGL   ,+99999,+99999","08,99,1,04,1,99,9,00900,1,99,9,99,9",,,,"9,9,999,9,+028,1","60,1","SYN07642170 21596 80000 10250 20247 40017 76062 8452/ 333 58028 6039/ 84630 88458=",
"42170099999","2025-07-10T12:00:00","4","28.25","74.9166666","291.0","CHURU, IN","FM-12","99999","V020","999,9,C,0000,1","00900,1,C,N","004000,1,9,9","+0272,1","+0266,1","09997,1","09,0390,3,1","6,1,02,1","2,1,02,1",,,"05,1,+00900,1,06,1","08,1,+03000,1,04,1",,,"9,AGL   ,+99999,+99999","08,99,1,05,1,99,9,00900,1,99,9,99,9","240,M,+0276,1",,,"9,9,999,9,+016,1","02,1","SYN08242170 21596 80000 10272 20266 49997 70262 8551/ 333 10276 58016 6039/ 85630 88460=",
"42170099999","2025-07-10T15:00:00","4","28.25","74.9166666","291.0","CHURU, IN","FM-12","99999","V020","999,9,C,0000,1","03000,1,C,N","004000,1,9,9","+0270,1","+0262,1","10006,1","12,0390,3,1",,,,,"02,1,+00900,1,06,1","05,1,+03000,1,04,1",,,"9,AGL   ,+99999,+99999","05,99,1,02,1,99,9,00900,1,99,9,99,9",,,,"9,9,999,9,+008,1",,"SYN07042170 22596 50000 10270 20262 40006 82510 333 58008 6039/ 82630 85460=",
"42170099999","2025-07-10T18:00:00","4","28.25","74.9166666","291.0","CHURU, IN","FM-12","99999","V020","999,9,C,0000,1","03000,1,C,N","004000,1,9,9","+0264,1","+0258,1","10016,1","15,0390,3,1",,,,,"02,1,+00900,1,06,1","06,1,+03000,1,04,1",,,"9,AGL   ,+99999,+99999","06,99,1,02,1,99,9,00900,1,99,9,99,9",,,,"9,9,999,9,+009,1",,"SYN07042170 22596 60000 10264 20258 40016 82510 333 58009 6039/ 82630 86460=",
"42170099999","2025-07-10T21:00:00","4","28.25","74.9166666","291.0","CHURU, IN","FM-12","99999","V020","230,1,N,0005,1","03000,1,9,N","004000,1,9,9","+0262,1","+0256,1","10010,1","18,0390,3,1",,,,,"03,1,+00900,1,06,1","06,1,+03000,1,04,1",,,"9,AGL   ,+99999,+99999","06,99,1,03,1,99,9,00900,1,99,9,99,9",,,,"9,9,999,9,+014,1",,"SYN07042170 22596 62301 10262 20256 40010 83510 333 58014 6039/ 83630 86460=",
"42170099999","2025-07-11T00:00:00","4","28.25","74.9166666","291.0","CHURU, IN","FM-12","99999","V020","050,1,N,0005,1","00900,1,C,N","004000,1,9,9","+0260,1","+0254,1","10009,1","21,0440,3,1","2,1,02,1","2,1,02,1",,,"05,1,+00900,1,06,1","08,1,+02400,1,04,1",,,"9,AGL   ,+99999,+99999","08,99,1,05,1,99,9,00900,1,99,9,99,9",,,,"9,9,999,9,+010,1","60,1","SYN07642170 21596 80501 10260 20254 40009 76022 8552/ 333 58010 6044/ 85630 88458=",
"42170099999","2025-07-11T03:00:00","4","28.25","74.9166666","291.0","CHURU, IN","FM-12","99999","V020","050,1,N,0010,1","01200,1,9,N","004000,1,9,9","+0268,1","+0265,1","10021,1","24,0430,3,1","6,1,02,1","2,1,02,1",,,"04,1,+00900,1,08,1","06,1,+01200,1,06,1","08,1,+03000,1,04,1",,"9,AGL   ,+99999,+99999","08,99,1,04,1,99,9,00900,1,99,9,99,9","240,M,+0276,1","240,N,+0258,1","99999,9,09697,1","9,9,999,9,+007,1","02,1","SYN11642170 21596 80502 10268 20265 39697 40021 70262 8641/ 333 10276 20258 58007 6043/ 84830 86640 88460 555 00434 10299=",
"42170099999","2025-07-11T06:00:00","4","28.25","74.9166666","291.0","CHURU, IN","FM-12","99999","V020","090,1,N,0010,1","00900,1,C,N","002000,1,9,9","+0278,1","+0269,1","10023,1","03,0001,3,1","9,1,02,1","5,1,02,1",,,"06,1,+00900,1,06,1","02,1,+03000,1,04,1",,,"9,AGL   ,+99999,+99999","08,99,1,06,1,99,9,00900,1,99,9,99,9",,,,"9,9,999,9,-004,1","02,1","SYN07642170 21595 80902 10278 20269 40023 70295 8652/ 333 59004 6991/ 86630 82460=",
"42170099999","2025-07-11T09:00:00","4","28.25","74.9166666","291.0","CHURU, IN","FM-12","99999","V020","140,1,N,0005,1","03000,1,C,N","004000,1,9,9","+0286,1","+0266,1","09999,1","06,0001,3,1",,,,,"02,1,+00900,1,06,1","06,1,+03000,1,04,1",,,"9,AGL   ,+99999,+99999","06,99,1,02,1,99,9,00900,1,99,9,99,9",,,,"9,9,999,9,-013,1",,"SYN07042170 22596 61401 10286 20266 49999 82510 333 59013 6991/ 82630 86460=",
"42170099999","2025-07-11T12:00:00","4","28.25","74.9166666","291.0","CHURU, IN","FM-12","99999","V020","230,1,N,0005,1","03000,1,9,N","004000,1,9,9","+0288,1","+0269,1","09987,1","09,0001,3,1",,,,,"02,1,+00900,1,06,1","07,1,+03000,1,04,1",,,"9,AGL   ,+99999,+99999","07,99,1,02,1,99,9,00900,1,99,9,99,9","240,M,+0295,1",,,"9,9,999,9,-008,1",,"SYN07642170 22596 72301 10288 20269 49987 82510 333 10295 59008 6991/ 82630 87460=",
"42170099999","2025-07-11T15:00:00","4","28.25","74.9166666","291.0","CHURU, IN","FM-12","99999","V020","140,1,N,0005,1","03000,1,9,9","004000,1,9,9","+0266,1","+0243,1","10005,1",,,,"0,1,99,9","0,1,99,9","03,1,+00900,1,06,1","06,1,+03000,1,04,1",,,"9,AGL   ,+99999,+99999","06,99,1,03,1,99,9,00900,1,99,9,99,9",,,,"9,9,999,9,-001,1",,"SYN004BUFR",
"42170099999","2025-07-11T18:00:00","4","28.25","74.9166666","291.0","CHURU, IN","FM-12","99999","V020","230,1,N,0010,1","03000,1,9,N","004000,1,9,9","+0256,1","+0242,1","10022,1","15,0001,3,1",,,,,"04,1,+00900,1,06,1","07,1,+03000,1,04,1",,,"9,AGL   ,+99999,+99999","07,99,1,04,1,99,9,00900,1,99,9,99,9",,,,"9,9,999,9,+004,1",,"SYN07042170 22596 72302 10256 20242 40022 84510 333 58004 6991/ 84630 87460=",
"42170099999","2025-07-11T21:00:00","4","28.25","74.9166666","291.0","CHURU, IN","FM-12","99999","V020","230,1,N,0005,1","02400,1,9,N","004000,1,9,9","+0252,1","+0240,1","10012,1","18,0001,3,1",,,,,"03,1,+00900,1,06,1","06,1,+02400,1,04,1",,,"9,AGL   ,+99999,+99999","06,99,1,03,1,99,9,00900,1,99,9,99,9",,,,"9,9,999,9,+001,1",,"SYN07042170 22596 62301 10252 20240 40012 83510 333 58001 6991/ 83630 86458=",
"42170099999","2025-07-12T00:00:00","4","28.25","74.9166666","291.0","CHURU, IN","FM-12","99999","V020","140,1,N,0005,1","03000,1,9,N","004000,1,9,9","+0246,1","+0237,1","10006,1","21,0001,3,1",,,,,"04,1,+00900,1,06,1","08,1,+03000,1,04,1",,,"9,AGL   ,+99999,+99999","08,99,1,04,1,99,9,00900,1,99,9,99,9",,,,"9,9,999,9,-004,1",,"SYN07042170 22596 81401 10246 20237 40006 8451/ 333 59004 6991/ 84630 88460=",
"42170099999","2025-07-12T03:00:00","4","28.25","74.9166666","291.0","CHURU, IN","FM-12","99999","V020","320,1,N,0005,1","00900,1,C,N","004000,1,9,9","+0264,1","+0247,1","10019,1","24,0002,3,1","6,1,02,1","2,1,02,1",,,"05,1,+00900,1,06,1","08,1,+03000,1,04,1",,,"9,AGL   ,+99999,+99999","08,99,1,05,1,99,9,00900,1,99,9,99,9","240,M,+0295,1","240,N,+0245,1",,"9,9,999,9,-002,1","02,1","SYN10442170 21596 83201 10264 20247 40019 70262 8552/ 333 10295 20245 59002 6992/ 85630 88460 555 00002 10299=",
"42170099999","2025-07-12T06:00:00","4","28.25","74.9166666","291.0","CHURU, IN","FM-12","99999","V020","140,1,N,0005,1","01200,1,C,N","004000,1,9,9","+0286,1","+0252,1","10021,1",,"6,1,02,1","2,1,02,1",,,"02,1,+00900,1,08,1","05,1,+01200,1,06,1","08,1,+03000,1,04,1",,"9,AGL   ,+99999,+99999","08,99,1,02,1,99,9,00900,1,99,9,99,9",,,,"9,9,999,9,-001,1","02,1","SYN07642170 31596 81401 10286 20252 40021 70262 8542/ 333 59001 82830 85640 88460=",
"42170099999","2025-07-12T09:00:00","4","28.25","74.9166666","291.0","CHURU, IN","FM-12","99999","V020","180,1,N,0005,1","01200,1,9,N","004000,1,9,9","+0318,1","+0262,1","10009,1",,,,,,"04,1,+00900,1,08,1","06,1,+01200,1,06,1","08,1,+03000,1,04,1",,"9,AGL   ,+99999,+99999","08,99,1,04,1,99,9,00900,1,99,9,99,9",,,,"9,9,999,9,+013,1",,"SYN07042170 32596 81801 10318 20262 40009 8641/ 333 58013 84830 86640 88460=",
"42170099999","2025-07-12T12:00:00","4","28.25","74.9166666","291.0","CHURU, IN","FM-12","99999","V020","270,1,N,0005,1","01200,1,9,N","004000,1,9,9","+0324,1","+0266,1","09984,1",,,,,,"03,1,+00750,1,09,1","06,1,+01200,1,06,1","08,1,+03000,1,04,1",,"9,AGL   ,+99999,+99999","08,99,1,03,1,99,9,00750,1,99,9,99,9","240,M,+0338,1",,,"9,9,999,9,+001,1",,"SYN07642170 32596 82701 10324 20266 49984 8631/ 333 10338 58001 83925 86640 88460=",
"42170099999","2025-07-12T15:00:00","4","28.25","74.9166666","291.0","CHURU, IN","FM-12","99999","V020","999,9,C,0000,1","00900,1,C,N","004000,1,9,9","+0296,1","+0277,1","09999,1","12,0003,3,1","9,1,02,1","6,1,02,1",,,"05,1,+00900,1,06,1","08,1,+03000,1,04,1",,,"9,AGL   ,+99999,+99999","08,99,1,05,1,99,9,00900,1,99,9,99,9",,,,"9,9,999,9,-003,1","60,1","SYN07642170 21596 80000 10296 20277 49999 76096 8552/ 333 59003 6993/ 85630 88460=",
"42170099999","2025-07-12T18:00:00","4","28.25","74.9166666","291.0","CHURU, IN","FM-12","99999","V020","999,9,C,0000,1","03000,1,9,N","004000,1,9,9","+0288,1","+0274,1","10005,1","15,0003,3,1","9,1,02,1","6,1,02,1",,,"03,1,+00900,1,06,1","06,1,+03000,1,04,1",,,"9,AGL   ,+99999,+99999","06,99,1,03,1,99,9,00900,1,99,9,99,9",,,"99999,9,09683,1","9,9,999,9,-013,1","01,1","SYN08242170 21596 60000 10288 20274 39683 40005 70196 83510 333 59013 6993/ 83630 86460=",
"42170099999","2025-07-12T21:00:00","4","28.25","74.9166666","291.0","CHURU, IN","FM-12","99999","V020","999,9,C,0000,1","03000,1,9,N","004000,1,9,9","+0278,1","+0267,1","10001,1","18,0003,3,1",,,,,"03,1,+00900,1,06,1","06,1,+03000,1,04,1",,,"9,AGL   ,+99999,+99999","06,99,1,03,1,99,9,00900,1,99,9,99,9",,,,"9,9,999,9,-009,1",,"SYN07042170 22596 60000 10278 20267 40001 83510 333 59009 6993/ 83630 86460=",
"42170099999","2025-07-13T00:00:00","4","28.25","74.9166666","291.0","CHURU, IN","FM-12","99999","V020","999,9,C,0000,1","03000,1,9,N","004000,1,9,9","+0274,1","+0266,1","10000,1","21,0003,3,1",,,,,"03,1,+00900,1,06,1","06,1,+03000,1,04,1",,,"9,AGL   ,+99999,+99999","06,99,1,03,1,99,9,00900,1,99,9,99,9",,,,"9,9,999,9,+000,1",,"SYN07042170 22596 60000 10274 20266 40000 83510 333 58000 6993/ 83630 86460=",
"42170099999","2025-07-13T03:00:00","4","28.25","74.9166666","291.0","CHURU, IN","FM-12","99999","V020","999,9,C,0000,1","06000,1,9,N","004000,1,9,9","+0286,1","+0267,1","10015,1","24,0003,3,1",,,,,"03,1,+03000,1,03,1","06,1,+06000,1,00,1",,,"9,AGL   ,+99999,+99999","06,99,1,03,1,99,9,03000,1,99,9,99,9","240,M,+0338,1","240,N,+0272,1",,"9,9,999,9,-002,1",,"SYN09842170 22996 60000 10286 20267 40015 83031 333 10338 20272 59002 6993/ 83360 86070 555 00003 10299=",
"42170099999","2025-07-13T06:00:00","4","28.25","74.9166666","291.0","CHURU, IN","FM-12","99999","V020","050,1,N,0015,1","01200,1,C,N","004000,1,9,9","+0324,1","+0279,1","10015,1",,,,,,"05,1,+01200,1,06,1",,,,"9,AGL   ,+99999,+99999","05,99,1,05,1,99,9,01200,1,99,9,99,9",,,,"9,9,999,9,-002,1",,"SYN05842170 32696 50503 10324 20279 40015 85500 333 59002 85640=",
"42170099999","2025-07-13T09:00:00","4","28.25","74.9166666","291.0","CHURU, IN","FM-12","99999","V020","050,1,N,0010,1","01200,1,9,N","004000,1,9,9","+0336,1","+0270,1","09986,1",,,,,,"03,1,+00900,1,08,1","06,1,+01200,1,06,1",,,"9,AGL   ,+99999,+99999","06,99,1,03,1,99,9,00900,1,99,9,99,9",,,,"9,9,999,9,-020,1",,"SYN06442170 32596 60502 10336 20270 49986 86400 333 59020 83830 86640=",
"42170099999","2025-07-13T12:00:00","4","28.25","74.9166666","291.0","CHURU, IN","FM-12","99999","V020","050,1,N,0005,1","03000,1,9,N","004000,1,9,9","+0294,1","+0263,1","09982,1",,"9,1,02,1","2,1,02,1",,,"03,1,+01200,1,06,1","06,1,+03000,1,04,1",,,"9,AGL   ,+99999,+99999","06,99,1,03,1,99,9,01200,1,99,9,99,9",,,,"9,9,999,9,-005,1","02,1","SYN07642170 31696 60501 10294 20263 49982 70292 83510 333 10345 59005 83640 86460=",
"42170099999","2025-07-13T15:00:00","4","28.25","74.9166666","291.0","CHURU, IN","FM-12","99999","V020","050,1,N,0010,1","03000,1,9,N","004000,1,9,9","+0276,1","+0253,1","09993,1",,,,,,"03,1,+01200,1,06,1","07,1,+03000,1,04,1",,,"9,AGL   ,+99999,+99999","07,99,1,03,1,99,9,01200,1,99,9,99,9",,,,"9,9,999,9,-008,1",,"SYN06442170 32696 70502 10276 20253 49993 83510 333 59008 83640 87460=",
"42170099999","2025-07-13T18:00:00","4","28.25","74.9166666","291.0","CHURU, IN","FM-12","99999","V020","999,9,C,0000,1","03000,1,9,N","004000,1,9,9","+0274,1","+0257,1","09999,1",,,,,,"03,1,+01200,1,06,1","06,1,+03000,1,04,1",,,"9,AGL   ,+99999,+99999","06,99,1,03,1,99,9,01200,1,99,9,99,9",,,,"9,9,999,9,-007,1",,"SYN06442170 32696 60000 10274 20257 49999 83510 333 59007 83640 86460=",
"42170099999","2025-07-13T21:00:00","4","28.25","74.9166666","291.0","CHURU, IN","FM-12","99999","V020","999,9,C,0000,1","03000,1,C,N","004000,1,9,9","+0270,1","+0259,1","09992,1",,,,,,"03,1,+00900,1,06,1","05,1,+03000,1,04,1",,,"9,AGL   ,+99999,+99999","05,99,1,03,1,99,9,00900,1,99,9,99,9",,,,"9,9,999,9,-009,1",,"SYN06442170 32596 50000 10270 20259 49992 83510 333 59009 83630 85460=",
"42170099999","2025-07-14T00:00:00","4","28.25","74.9166666","291.0","CHURU, IN","FM-12","99999","V020","999,9,C,0000,1","03000,1,9,N","004000,1,9,9","+0270,1","+0241,1","09987,1",,,,,,"03,1,+00900,1,06,1","07,1,+03000,1,04,1",,,"9,AGL   ,+99999,+99999","07,99,1,03,1,99,9,00900,1,99,9,99,9",,,,"9,9,999,9,-013,1",,"SYN06442170 32596 70000 10270 20241 49987 83510 333 59013 83630 87460=",
"42170099999","2025-07-14T03:00:00","4","28.25","74.9166666","291.0","CHURU, IN","FM-12","99999","V020","050,1,N,0005,1","03000,1,9,N","004000,1,9,9","+0284,1","+0256,1","09992,1",,,,,,"03,1,+00900,1,06,1","07,1,+03000,1,04,1",,,"9,AGL   ,+99999,+99999","07,99,1,03,1,99,9,00900,1,99,9,99,9","240,M,+0345,1","240,N,+0266,1",,"9,9,999,9,-023,1",,"SYN08642170 32596 70501 10284 20256 49992 83510 333 10345 20266 59023 83630 87460 555 10299=",
"42170099999","2025-07-14T06:00:00","4","28.25","74.9166666","291.0","CHURU, IN","FM-12","99999","V020","320,1,N,0005,1","01200,1,C,N","004000,1,9,9","+0310,1","+0271,1","09981,1","03,0008,3,1","6,1,02,1","2,1,02,1",,,"02,1,+00900,1,08,1","06,1,+01200,1,06,1",,,"9,AGL   ,+99999,+99999","06,99,1,02,1,99,9,00900,1,99,9,99,9",,,,"9,9,999,9,-035,1","01,1","SYN07642170 21596 63201 10310 20271 49981 70162 86400 333 59035 6998/ 82830 86640=",
"42170099999","2025-07-14T09:00:00","4","28.25","74.9166666","291.0","CHURU, IN","FM-12","99999","V020","050,1,N,0031,1","00960,1,C,N","004000,1,9,9","+0334,1","+0265,1","09961,1","06,0008,3,1",,,,,"02,1,+00900,1,06,1","03,1,+00960,1,08,1","05,1,+02400,1,04,1",,"9,AGL   ,+99999,+99999","06,99,1,02,1,99,9,00900,1,99,9,99,9",,,,"9,9,999,9,-024,1",,"SYN07642170 22596 60506 10334 20265 49961 85410 333 59024 6998/ 82630 83832 85458=",
"42170099999","2025-07-14T12:00:00","4","28.25","74.9166666","291.0","CHURU, IN","FM-12","99999","V020","050,1,N,0015,1","00900,1,C,N","004000,1,9,9","+0272,1","+0269,1","09961,1","09,0070,3,1","6,1,02,1","2,1,02,1",,,"06,1,+00900,1,06,1","08,1,+02400,1,04,1",,,"9,AGL   ,+99999,+99999","08,99,1,06,1,99,9,00900,1,99,9,99,9","240,M,+0338,1",,,"9,9,999,9,-022,1","21,1","SYN08242170 21596 80503 10272 20269 49961 72162 8652/ 333 10338 59022 6007/ 86630 88458=",
"42170099999","2025-07-14T15:00:00","4","28.25","74.9166666","291.0","CHURU, IN","FM-12","99999","V020","360,1,N,0015,1","01200,1,9,N","002000,1,9,9","+0262,1","+0262,1","09964,1","12,0320,3,1","9,1,02,1","6,1,02,1",,,"04,1,+00900,1,09,1","06,1,+01200,1,06,1","08,1,+03000,1,04,1",,"9,AGL   ,+99999,+99999","08,99,1,04,1,99,9,00900,1,99,9,99,9",,,,"9,9,999,9,-028,1","21,1","SYN08242170 21595 83603 10262 20262 49964 72196 8682/ 333 59028 6032/ 84930 86640 88460=",
"42170099999","2025-07-14T21:00:00","4","28.25","74.9166666","291.0","CHURU, IN","FM-12","99999","V020","050,1,N,0010,1","01200,1,9,N","004000,1,9,9","+0260,1","+0260,1","09956,1","18,0350,3,1","2,1,02,1","2,1,02,1",,,"03,1,+00900,1,08,1","06,1,+01200,1,06,1","08,1,+03000,1,04,1",,"9,AGL   ,+99999,+99999","08,99,1,03,1,99,9,00900,1,99,9,99,9",,,,"9,9,999,9,-037,1","21,1","SYN08242170 21596 80502 10260 20260 49956 72122 8642/ 333 59037 6035/ 83830 86640 88460=",
"42170099999","2025-07-15T00:00:00","4","28.25","74.9166666","291.0","CHURU, IN","FM-12","99999","V020","360,1,N,0010,1","01050,1,C,N","004000,1,9,9","+0256,1","+0256,1","09949,1","21,0350,3,1","6,1,02,1","5,1,02,1",,,"05,1,+01050,1,08,1","07,1,+00750,1,06,1","08,1,+02400,1,04,1",,"9,AGL   ,+99999,+99999","08,99,1,05,1,99,9,01050,1,99,9,99,9",,,,"9,9,999,9,-038,1","50,1","SYN08242170 21596 83602 10256 20256 49949 75065 8742/ 333 59038 6035/ 85835 87625 88458=",
"42170099999","2025-07-15T03:00:00","4","28.25","74.9166666","291.0","CHURU, IN","FM-12","99999","V020","050,1,N,0015,1","00840,1,C,N","002000,1,9,9","+0260,1","+0260,1","09947,1","24,0370,3,1","6,1,02,1","5,1,02,1",,,"07,1,+00840,1,06,1","08,1,+02400,1,04,1",,,"9,AGL   ,+99999,+99999","08,99,1,07,1,99,9,00840,1,99,9,99,9","240,M,+0338,1","240,N,+0255,1",,"9,9,999,9,-046,1","60,1","SYN10442170 21595 80503 10260 20260 49947 76065 8752/ 333 10338 20255 59046 6037/ 87628 88458 555 00370 10336=",
"42170099999","2025-07-15T06:00:00","4","28.25","74.9166666","291.0","CHURU, IN","FM-12","99999","V020","050,1,N,0010,1","00840,1,C,N","004000,1,9,9","+0268,1","+0262,1","09950,1","03,0040,3,1","6,1,02,1","2,1,02,1",,,"07,1,+00840,1,06,1","08,1,+02400,1,04,1",,,"9,AGL   ,+99999,+99999","08,99,1,07,1,99,9,00840,1,99,9,99,9",,,,"9,9,999,9,-034,1","21,1","SYN07642170 21596 80502 10268 20262 49950 72162 8752/ 333 59034 6004/ 87628 88458=",
"42170099999","2025-07-15T09:00:00","4","28.25","74.9166666","291.0","CHURU, IN","FM-12","99999","V020","230,1,N,0015,1","00900,1,C,N","004000,1,9,9","+0278,1","+0272,1","09954,1","06,0040,3,1","6,1,02,1","2,1,02,1",,,"07,1,+00900,1,05,1","08,1,+02400,1,04,1",,,"9,AGL   ,+99999,+99999","08,99,1,07,1,99,9,00900,1,99,9,99,9",,,,"9,9,999,9,-013,1","61,1","SYN07642170 21596 82303 10278 20272 49954 76162 8752/ 333 59013 6004/ 87530 88458=",
"42170099999","2025-07-15T12:00:00","4","28.25","74.9166666","291.0","CHURU, IN","FM-12","99999","V020","230,1,N,0010,1","01050,1,C,N","004000,1,9,9","+0292,1","+0270,1","09956,1","09,0040,3,1","6,1,02,1","1,1,02,1",,,"06,1,+01050,1,06,1","08,1,+02400,1,04,1",,,"9,AGL   ,+99999,+99999","08,99,1,06,1,99,9,01050,1,99,9,99,9",,,,"9,9,999,9,-013,1","21,1","SYN08242170 21696 82302 10292 20270 49956 72161 8652/ 333 10300 59013 6004/ 86635 88458=",
"42170099999","2025-07-15T15:00:00","4","28.25","74.9166666","291.0","CHURU, IN","FM-12","99999","V020","230,1,N,0005,1","03000,1,9,N","004000,1,9,9","+0268,1","+0262,1","09960,1","12,0040,3,1",,,,,"03,1,+01200,1,06,1","06,1,+03000,1,04,1",,,"9,AGL   ,+99999,+99999","06,99,1,03,1,99,9,01200,1,99,9,99,9",,,,"9,9,999,9,-004,1",,"SYN07042170 22696 62301 10268 20262 49960 83510 333 59004 6004/ 83640 86460=",
"42170099999","2025-07-15T18:00:00","4","28.25","74.9166666","291.0","CHURU, IN","FM-12","99999","V020","230,1,N,0005,1","03000,1,C,N","004000,1,9,9","+0268,1","+0262,1","09977,1","15,0040,3,1",,,,,"02,1,+01200,1,06,1","05,1,+03000,1,04,1",,,"9,AGL   ,+99999,+99999","05,99,1,02,1,99,9,01200,1,99,9,99,9",,,,"9,9,999,9,+004,1",,"SYN07042170 22696 52301 10268 20262 49977 82510 333 58004 6004/ 82640 85460=",
"42170099999","2025-07-15T21:00:00","4","28.25","74.9166666","291.0","CHURU, IN","FM-12","99999","V020","230,1,N,0005,1","99999,9,C,N","004000,1,9,9","+0260,1","+0254,1","09973,1","18,0040,3,1",,,,,"02,1,+01200,1,06,1","04,1,+03000,1,04,1",,,"9,AGL   ,+99999,+99999","04,99,1,02,1,99,9,01200,1,99,9,99,9",,,,"9,9,999,9,+017,1",,"SYN07042170 22696 42301 10260 20254 49973 82510 333 58017 6004/ 82640 84460=","Q01 030003SCOCIG"
"42170099999","2025-07-16T00:00:00","4","28.25","74.9166666","291.0","CHURU, IN","FM-12","99999","V020","230,1,N,0010,1","03000,1,C,N","004000,1,9,9","+0254,1","+0248,1","09980,1","21,0040,3,1",,,,,"03,1,+01200,1,06,1","05,1,+03000,1,04,1",,,"9,AGL   ,+99999,+99999","05,99,1,03,1,99,9,01200,1,99,9,99,9",,,,"9,9,999,9,+029,1",,"SYN07042170 22696 52302 10254 20248 49980 83510 333 58029 6004/ 83640 85460=",
"42170099999","2025-07-16T03:00:00","4","28.25","74.9166666","291.0","CHURU, IN","FM-12","99999","V020","230,1,N,0010,1","06000,1,9,N","004000,1,9,9","+0286,1","+0255,1","09990,1","24,0040,3,1",,,,,"05,1,+06000,1,00,1",,,,"9,AGL   ,+99999,+99999","05,99,1,05,1,99,9,06000,1,99,9,99,9","240,M,+0300,1","240,N,+0250,1",,"9,9,999,9,+045,1",,"SYN07642170 22996 52302 10286 20255 49990 80001 333 10300 20250 58045 6004/ 85070=",
"42170099999","2025-07-16T06:00:00","4","28.25","74.9166666","291.0","CHURU, IN","FM-12","99999","V020","230,1,N,0010,1","01200,1,C,N","004000,1,9,9","+0310,1","+0268,1","09994,1",,,,,,"06,1,+01200,1,06,1",,,,"9,AGL   ,+99999,+99999","06,99,1,06,1,99,9,01200,1,99,9,99,9",,,,"9,9,999,9,+047,1",,"SYN05842170 32696 62302 10310 20268 49994 86500 333 58047 86640=",
"42170099999","2025-07-16T09:00:00","4","28.25","74.9166666","291.0","CHURU, IN","FM-12","99999","V020","230,1,N,0010,1","03000,1,9,N","004000,1,9,9","+0330,1","+0272,1","09985,1",,,,,,"04,1,+01200,1,06,1","06,1,+03000,1,04,1",,,"9,AGL   ,+99999,+99999","06,99,1,04,1,99,9,01200,1,99,9,99,9",,,,"9,9,999,9,+030,1",,"SYN06442170 32696 62302 10330 20272 49985 84510 333 58030 84640 86460=",
"42170099999","2025-07-16T12:00:00","4","28.25","74.9166666","291.0","CHURU, IN","FM-12","99999","V020","999,9,C,0000,1","03000,1,9,N","004000,1,9,9","+0320,1","+0270,1","09973,1",,,,,,"04,1,+00900,1,06,1","07,1,+03000,1,04,1",,,"9,AGL   ,+99999,+99999","07,99,1,04,1,99,9,00900,1,99,9,99,9","240,M,+0326,1",,,"9,9,999,9,+028,1",,"SYN07042170 32696 70000 10320 20270 49973 84510 333 10326 58028 84630 87460=",
"42170099999","2025-07-16T15:00:00","4","28.25","74.9166666","291.0","CHURU, IN","FM-12","99999","V020","999,9,C,0000,1","02400,1,9,N","004000,1,9,9","+0292,1","+0270,1","09987,1","12,0007,3,1","6,1,02,1","2,1,02,1",,,"04,1,+00900,1,06,1","06,1,+02400,1,04,1",,,"9,AGL   ,+99999,+99999","07,99,1,04,1,99,9,00900,1,99,9,99,9",,,,"9,9,999,9,+029,1","02,1","SYN07642170 21596 70000 10292 20270 49987 70262 84510 333 58029 6997/ 84630 86458=",
"42170099999","2025-07-16T18:00:00","4","28.25","74.9166666","291.0","CHURU, IN","FM-12","99999","V020","999,9,C,0000,1","02400,1,9,N","004000,1,9,9","+0286,1","+0272,1","10000,1","15,0007,3,1",,,,,"04,1,+00900,1,06,1","06,1,+02400,1,04,1",,,"9,AGL   ,+99999,+99999","06,99,1,04,1,99,9,00900,1,99,9,99,9",,,,"9,9,999,9,+024,1",,"SYN07042170 22596 60000 10286 20272 40000 84510 333 58024 6997/ 84630 86458=",
"42170099999","2025-07-16T21:00:00","4","28.25","74.9166666","291.0","CHURU, IN","FM-12","99999","V020","999,9,C,0000,1","02400,1,9,N","004000,1,9,9","+0282,1","+0271,1","09993,1","18,0007,3,1",,,,,"04,1,+00900,1,06,1","06,1,+02400,1,04,1",,,"9,AGL   ,+99999,+99999","06,99,1,04,1,99,9,00900,1,99,9,99,9",,,,"9,9,999,9,+022,1",,"SYN07042170 22596 60000 10282 20271 49993 84510 333 58022 6997/ 84630 86458=",
"42170099999","2025-07-17T00:00:00","4","28.25","74.9166666","291.0","CHURU, IN","FM-12","99999","V020","999,9,C,0000,1","00900,1,C,N","004000,1,9,9","+0274,1","+0266,1","09998,1","21,0007,3,1",,,,,"05,1,+00900,1,06,1","06,1,+02400,1,04,1",,,"9,AGL   ,+99999,+99999","07,99,1,05,1,99,9,00900,1,99,9,99,9",,,,"9,9,999,9,+020,1",,"SYN07042170 22596 70000 10274 20266 49998 85510 333 58020 6997/ 85630 86458=",
"42170099999","2025-07-17T03:00:00","4","28.25","74.9166666","291.0","CHURU, IN","FM-12","99999","V020","230,1,N,0010,1","00900,1,C,N","004000,1,9,9","+0284,1","+0264,1","10017,1","24,0007,3,1",,,,,"05,1,+00900,1,06,1","08,1,+02400,1,04,1",,,"9,AGL   ,+99999,+99999","08,99,1,05,1,99,9,00900,1,99,9,99,9","240,M,+0326,1","240,N,+0273,1",,"9,9,999,9,+026,1",,"SYN09842170 22696 82302 10284 20264 40017 8552/ 333 10326 20273 58026 6997/ 85630 88458 555 00007 10341=",
"42170099999","2025-07-17T06:00:00","4","28.25","74.9166666","291.0","CHURU, IN","FM-12","99999","V020","180,1,N,0005,1","01200,1,C,N","004000,1,9,9","+0310,1","+0268,1","10020,1",,,,,,"06,1,+01200,1,06,1",,,,"9,AGL   ,+99999,+99999","06,99,1,06,1,99,9,01200,1,99,9,99,9",,,,"9,9,999,9,+025,1",,"SYN05842170 32696 61801 10310 20268 40020 86500 333 58025 86640=",
"42170099999","2025-07-17T09:00:00","4","28.25","74.9166666","291.0","CHURU, IN","FM-12","99999","V020","140,1,N,0005,1","03000,1,9,N","004000,1,9,9","+0320,1","+0267,1","10001,1",,,,,,"04,1,+00900,1,06,1","06,1,+03000,1,04,1",,,"9,AGL   ,+99999,+99999","06,99,1,04,1,99,9,00900,1,99,9,99,9",,,,"9,9,999,9,+020,1",,"SYN06442170 32596 61401 10320 20267 40001 84510 333 58020 84630 86460=",
"42170099999","2025-07-17T12:00:00","4","28.25","74.9166666","291.0","CHURU, IN","FM-12","99999","V020","999,9,C,0000,1","03000,1,9,N","004000,1,9,9","+0334,1","+0268,1","09991,1",,,,,,"04,1,+00900,1,06,1","07,1,+03000,1,04,1",,,"9,AGL   ,+99999,+99999","07,99,1,04,1,99,9,00900,1,99,9,99,9","240,M,+0344,1",,,"9,9,999,9,+020,1",,"SYN07042170 32596 70000 10334 20268 49991 84510 333 10344 58020 84630 87460=",
"42170099999","2025-07-17T15:00:00","4","28.25","74.9166666","291.0","CHURU, IN","FM-12","99999","V020","230,1,N,0005,1","01200,1,9,N","004000,1,9,9","+0296,1","+0260,1","10004,1","12,0000,9,1","6,1,02,1","2,1,02,1",,,"03,1,+00900,1,06,1","06,1,+01200,1,04,1",,,"9,AGL   ,+99999,+99999","06,99,1,03,1,99,9,00900,1,99,9,99,9",,,,"9,9,999,9,+016,1","01,1","SYN07642170 21596 62301 10296 20260 40004 70162 83510 333 58016 6990/ 83630 86440=","Q01  00002PRCP12"
"42170099999","2025-07-17T18:00:00","4","28.25","74.9166666","291.0","CHURU, IN","FM-12","99999","V020","999,9,C,0000,1","03600,1,C,N","004000,1,9,9","+0280,1","+0266,1","10014,1","15,0000,9,1","6,1,02,1","2,1,02,1",,,"02,1,+00900,1,06,1","06,1,+03600,1,03,1",,,"9,AGL   ,+99999,+99999","06,99,1,02,1,99,9,00900,1,99,9,99,9",,,,"9,9,999,9,+013,1","02,1","SYN07642170 21596 60000 10280 20266 40014 70262 82530 333 58013 6990/ 82630 86362=","Q01  00002PRCP15"
"42170099999","2025-07-17T21:00:00","4","28.25","74.9166666","291.0","CHURU, IN","FM-12","99999","V020","230,1,N,0005,1","03000,1,C,N","004000,1,9,9","+0274,1","+0263,1","10010,1","18,0000,9,1",,,,,"02,1,+00900,1,06,1","05,1,+03000,1,04,1",,,"9,AGL   ,+99999,+99999","05,99,1,02,1,99,9,00900,1,99,9,99,9",,,,"9,9,999,9,+016,1",,"SYN07042170 22596 52301 10274 20263 40010 82510 333 58016 6990/ 82630 85460=","Q01  00002PRCP18"
"42170099999","2025-07-18T00:00:00","4","28.25","74.9166666","291.0","CHURU, IN","FM-12","99999","V020","050,1,N,0005,1","03000,1,9,N","004000,1,9,9","+0274,1","+0263,1","10010,1","21,0000,9,1",,,,,"04,1,+00900,1,06,1","08,1,+03000,1,04,1",,,"9,AGL   ,+99999,+99999","08,99,1,04,1,99,9,00900,1,99,9,99,9",,,,"9,9,999,9,+012,1",,"SYN07042170 22596 80501 10274 20263 40010 8452/ 333 58012 6990/ 84630 88460=","Q01  00002PRCP21"
"42170099999","2025-07-18T03:00:00","4","28.25","74.9166666","291.0","CHURU, IN","FM-12","99999","V020","050,1,N,0005,1","03000,1,9,N","004000,1,9,9","+0300,1","+0258,1","10020,1","24,0000,9,1",,,,,"04,1,+00900,1,06,1","06,1,+03000,1,04,1",,,"9,AGL   ,+99999,+99999","06,99,1,04,1,99,9,00900,1,99,9,99,9","240,M,+0344,1","240,N,+0270,1",,"9,9,999,9,+004,1",,"SYN09242170 22596 60501 10300 20258 40020 84510 333 10344 20270 58004 6990/ 84630 86460 555 10340=","Q01  00002PRCP24"
"42170099999","2025-07-18T06:00:00","4","28.25","74.9166666","291.0","CHURU, IN","FM-12","99999","V020","050,1,N,0010,1","22000,1,9,N","004000,1,9,9","+0330,1","+0251,1","10016,1",,,,,,"03,1,+00900,1,08,1",,,,"9,AGL   ,+99999,+99999","03,99,1,03,1,99,9,00900,1,99,9,99,9",,,,"9,9,999,9,-002,1",,"SYN05842170 32596 30502 10330 20251 40016 83100 333 59002 83830=",
"42170099999","2025-07-18T09:00:00","4","28.25","74.9166666","291.0","CHURU, IN","FM-12","99999","V020","090,1,N,0026,1","01200,1,9,N","004000,1,9,9","+0348,1","+0250,1","09987,1",,,,,,"04,1,+01050,1,06,1","05,1,+01200,1,08,1","06,1,+03000,1,03,1",,"9,AGL   ,+99999,+99999","06,99,1,04,1,99,9,01050,1,99,9,99,9",,,,"9,9,999,9,-011,1",,"SYN07042170 32696 60905 10348 20250 49987 85830 333 59011 84635 85840 86360=",
"42170099999","2025-07-18T12:00:00","4","28.25","74.9166666","291.0","CHURU, IN","FM-12","99999","V020","270,1,N,0005,1","03000,1,9,N","004000,1,9,9","+0312,1","+0259,1","09970,1",,,,,,"04,1,+00900,1,06,1","06,1,+03000,1,04,1","99,9,+99999,9,00,1",,"9,AGL   ,+99999,+99999","06,99,1,04,1,99,9,00900,1,99,9,99,9",,,,"9,9,999,9,-023,1",,"SYN07042170 32596 62701 10312 20259 49970 84511 333 10351 59023 84630 86460=",
"42170099999","2025-07-18T15:00:00","4","28.25","74.9166666","291.0","CHURU, IN","FM-12","99999","V020","230,1,N,0015,1","03000,1,9,N","004000,1,9,9","+0262,1","+0259,1","09986,1","12,0380,3,1","9,1,02,1","6,1,02,1",,,"01,1,+00900,1,09,1","04,1,+00960,1,06,1","08,1,+03000,1,04,1",,"9,AGL   ,+99999,+99999","08,99,1,01,1,99,9,00900,1,99,9,99,9",,,,"9,9,999,9,-020,1","17,1","SYN08242170 21596 82303 10262 20259 49986 71796 8432/ 333 59020 6038/ 81930 84632 88460=",
"42170099999","2025-07-18T18:00:00","4","28.25","74.9166666","291.0","CHURU, IN","FM-12","99999","V020","050,1,N,0015,1","00900,1,C,N","004000,1,9,9","+0260,1","+0257,1","09984,1","15,0390,3,1","9,1,02,1","6,1,02,1",,,"05,1,+00900,1,06,1",,,,"9,AGL   ,+99999,+99999","05,99,1,05,1,99,9,00900,1,99,9,99,9",,,,"9,9,999,9,-031,1","01,1","SYN07042170 21596 50503 10260 20257 49984 70196 85500 333 59031 6039/ 85630=",
"42170099999","2025-07-18T21:00:00","4","28.25","74.9166666","291.0","CHURU, IN","FM-12","99999","V020","050,1,N,0010,1","22000,1,9,N","004000,1,9,9","+0258,1","+0252,1","09977,1","18,0390,3,1",,,,,"04,1,+00900,1,06,1",,,,"9,AGL   ,+99999,+99999","04,99,1,04,1,99,9,00900,1,99,9,99,9",,,,"9,9,999,9,-034,1",,"SYN06442170 22596 40502 10258 20252 49977 84500 333 59034 6039/ 84630=",
"42170099999","2025-07-19T00:00:00","4","28.25","74.9166666","291.0","CHURU, IN","FM-12","99999","V020","230,1,N,0015,1","00900,1,C,N","004000,1,9,9","+0262,1","+0251,1","09949,1","21,0390,3,1",,,,,"05,1,+00900,1,06,1",,,,"9,AGL   ,+99999,+99999","05,99,1,05,1,99,9,00900,1,99,9,99,9",,,,"9,9,999,9,-050,1",,"SYN06442170 22596 52303 10262 20251 49949 85500 333 59050 6039/ 85630=",
"42170099999","2025-07-19T03:00:00","4","28.25","74.9166666","291.0","CHURU, IN","FM-12","99999","V020","050,1,N,0015,1","03000,1,9,N","004000,1,9,9","+0272,1","+0252,1","09958,1","24,0390,3,1",,,,,"04,1,+00900,1,06,1","08,1,+03000,1,04,1",,,"9,AGL   ,+99999,+99999","08,99,1,04,1,99,9,00900,1,99,9,99,9","240,M,+0351,1","240,N,+0256,1",,"9,9,999,9,-062,1",,"SYN09842170 22596 80503 10272 20252 49958 8451/ 333 10351 20256 59062 6039/ 84630 88460 555 00392 10380=",
"42170099999","2025-07-19T06:00:00","4","28.25","74.9166666","291.0","CHURU, IN","FM-12","99999","V020","090,1,N,0026,1","02400,1,9,N","004000,1,9,9","+0298,1","+0259,1","09962,1",,,,,,"04,1,+00900,1,06,1","07,1,+02400,1,04,1",,,"9,AGL   ,+99999,+99999","07,99,1,04,1,99,9,00900,1,99,9,99,9",,,,"9,9,999,9,-056,1",,"SYN06442170 32596 70905 10298 20259 49962 84510 333 59056 84630 87458=",
"42170099999","2025-07-19T09:00:00","4","28.25","74.9166666","291.0","CHURU, IN","FM-12","99999","V020","050,1,N,0015,1","03000,1,9,N","004000,1,9,9","+0300,1","+0258,1","09956,1",,,,,,"03,1,+00900,1,06,1","07,1,+03000,1,04,1",,,"9,AGL   ,+99999,+99999","07,99,1,03,1,99,9,00900,1,99,9,99,9",,,,"9,9,999,9,-036,1",,"SYN06442170 32596 70503 10300 20258 49956 83510 333 59036 83630 87460=",
"42170099999","2025-07-19T12:00:00","4","28.25","74.9166666","291.0","CHURU, IN","FM-12","99999","V020","180,1,N,0015,1","03000,1,9,N","004000,1,9,9","+0298,1","+0267,1","09949,1","09,0004,3,1","6,1,02,1","2,1,02,1",,,"04,1,+00900,1,06,1","08,1,+03000,1,04,1",,,"9,AGL   ,+99999,+99999","08,99,1,04,1,99,9,00900,1,99,9,99,9","240,M,+0315,1",,,"9,9,999,9,-022,1","60,1","SYN08242170 21596 81803 10298 20267 49949 76062 8452/ 333 10315 59022 6994/ 84630 88460=",
"42170099999","2025-07-19T15:00:00","4","28.25","74.9166666","291.0","CHURU, IN","FM-12","99999","V020","999,9,C,0000,1","22000,1,9,N","004000,1,9,9","+0280,1","+0263,1","09958,1","12,0010,3,1","6,1,02,1","1,1,02,1",,,"03,1,+00900,1,06,1",,,,"9,AGL   ,+99999,+99999","03,99,1,03,1,99,9,00900,1,99,9,99,9",,,,"9,9,999,9,-026,1","01,1","SYN07042170 21596 30000 10280 20263 49958 70161 83500 333 59026 6001/ 83630=",
"42170099999","2025-07-19T18:00:00","4","28.25","74.9166666","291.0","CHURU, IN","FM-12","99999","V020","140,1,N,0010,1","22000,1,9,N","004000,1,9,9","+0268,1","+0254,1","09973,1","15,0010,3,1","6,1,02,1","0,1,02,1",,,"03,1,+00900,1,06,1",,,,"9,AGL   ,+99999,+99999","03,99,1,03,1,99,9,00900,1,99,9,99,9",,,,"9,9,999,9,-010,1","01,1","SYN07042170 21596 31402 10268 20254 49973 70160 83500 333 59010 6001/ 83630=",
"42170099999","2025-07-19T21:00:00","4","28.25","74.9166666","291.0","CHURU, IN","FM-12","99999","V020","140,1,N,0005,1","22000,1,9,N","004000,1,9,9","+0264,1","+0255,1","09964,1","18,0010,3,1",,,,,"02,1,+00900,1,06,1",,,,"9,AGL   ,+99999,+99999","02,99,1,02,1,99,9,00900,1,99,9,99,9",,,,"9,9,999,9,+011,1",,"SYN06442170 22596 21401 10264 20255 49964 82500 333 58011 6001/ 82630=",
"42170099999","2025-07-20T00:00:00","4","28.25","74.9166666","291.0","CHURU, IN","FM-12","99999","V020","140,1,N,0010,1","03000,1,9,N","004000,1,9,9","+0258,1","+0246,1","09971,1","21,0010,3,1",,,,,"04,1,+00900,1,06,1","08,1,+03000,1,04,1",,,"9,AGL   ,+99999,+99999","08,99,1,04,1,99,9,00900,1,99,9,99,9",,,,"9,9,999,9,+020,1",,"SYN07042170 22596 81402 10258 20246 49971 8451/ 333 58020 6001/ 84630 88460=",
"42170099999","2025-07-20T03:00:00","4","28.25","74.9166666","291.0","CHURU, IN","FM-12","99999","V020","180,1,N,0015,1","00900,1,C,N","004000,1,9,9","+0278,1","+0264,1","09979,1","24,0010,3,1",,,,,"06,1,+00900,1,06,1","08,1,+03000,1,04,1",,,"9,AGL   ,+99999,+99999","08,99,1,06,1,99,9,00900,1,99,9,99,9","240,M,+0315,1","240,N,+0255,1",,"9,9,999,9,+020,1",,"SYN09842170 22596 81803 10278 20264 49979 8652/ 333 10315 20255 58020 6001/ 86630 88460 555 00014 10381=",
"42170099999","2025-07-20T06:00:00","4","28.25","74.9166666","291.0","CHURU, IN","FM-12","99999","V020","360,1,N,0010,1","01200,1,9,N","004000,1,9,9","+0308,1","+0254,1","09981,1",,,,,,"04,1,+00900,1,08,1","06,1,+01200,1,06,1","08,1,+03000,1,04,1",,"9,AGL   ,+99999,+99999","08,99,1,04,1,99,9,00900,1,99,9,99,9",,,,"9,9,999,9,+020,1",,"SYN07042170 32596 83602 10308 20254 49981 8642/ 333 58020 84830 86640 88460=",
"42170099999","2025-07-20T09:00:00","4","28.25","74.9166666","291.0","CHURU, IN","FM-12","99999","V020","140,1,N,0005,1","00900,1,C,N","004000,1,9,9","+0328,1","+0267,1","09971,1",,,,,,"06,1,+00900,1,06,1","08,1,+02400,1,04,1",,,"9,AGL   ,+99999,+99999","08,99,1,06,1,99,9,00900,1,99,9,99,9",,,,"9,9,999,9,+018,1",,"SYN06442170 32696 81401 10328 20267 49971 8652/ 333 58018 86630 88458=",
"42170099999","2025-07-20T12:00:00","4","28.25","74.9166666","291.0","CHURU, IN","FM-12","99999","V020","180,1,N,0010,1","00900,1,C,N","004000,1,9,9","+0324,1","+0264,1","09961,1",,,,,,"07,1,+00900,1,06,1",,,,"9,AGL   ,+99999,+99999","07,99,1,07,1,99,9,00900,1,99,9,99,9","240,M,+0332,1",,,"9,9,999,9,+011,1",,"SYN06442170 32696 71802 10324 20264 49961 87500 333 10332 58011 87630=",
"42170099999","2025-07-20T15:00:00","4","28.25","74.9166666","291.0","CHURU, IN","FM-12","99999","V020","999,9,C,0000,1","06000,1,C,N","004000,1,9,9","+0304,1","+0268,1","09971,1",,,,,,"03,1,+01050,1,06,1","04,1,+06000,1,00,1",,,"9,AGL   ,+99999,+99999","05,99,1,03,1,99,9,01050,1,99,9,99,9",,,"99999,9,09652,1","9,9,999,9,+015,1",,"SYN07042170 32696 50000 10304 20268 39652 49971 83501 333 58015 83635 84070=",
"42170099999","2025-07-20T18:00:00","4","28.25","74.9166666","291.0","CHURU, IN","FM-12","99999","V020","999,9,C,0000,1","99999,9,C,N","004000,1,9,9","+0286,1","+0264,1","09985,1",,,,,,"02,1,+01050,1,06,1","04,1,+06000,1,00,1",,,"9,AGL   ,+99999,+99999","04,99,1,02,1,99,9,01050,1,99,9,99,9",,,,"9,9,999,9,+014,1",,"SYN06442170 32696 40000 10286 20264 49985 82501 333 58014 82635 84070=","Q01 060003SCOCIG"
"42170099999","2025-07-20T21:00:00","4","28.25","74.9166666","291.0","CHURU, IN","FM-12","99999","V020","999,9,V,0010,1","99999,9,C,N","004000,1,9,9","+0274,1","+0254,1","09981,1",,,,,,"02,1,+01050,1,06,1","04,1,+06000,1,00,1",,,"9,AGL   ,+99999,+99999","04,99,1,02,1,99,9,01050,1,99,9,99,9",,,,"9,9,999,9,+017,1",,"SYN06442170 32696 49902 10274 20254 49981 82501 333 58017 82635 84070=","Q01 060003SCOCIG"
"42170099999","2025-07-21T00:00:00","4","28.25","74.9166666","291.0","CHURU, IN","FM-12","99999","V020","999,9,C,0000,1","99999,9,C,N","004000,1,9,9","+0266,1","+0252,1","09987,1",,,,,,"02,1,+01050,1,06,1","04,1,+06000,1,00,1",,,"9,AGL   ,+99999,+99999","04,99,1,02,1,99,9,01050,1,99,9,99,9",,,,"9,9,999,9,+017,1",,"SYN06442170 32696 40000 10266 20252 49987 82501 333 58017 82635 84070=","Q01 060003SCOCIG"
"42170099999","2025-07-21T03:00:00","4","28.25","74.9166666","291.0","CHURU, IN","FM-12","99999","V020","180,1,N,0005,1","01200,1,C,N","004000,1,9,9","+0286,1","+0264,1","10010,1",,,,,,"05,1,+01200,1,06,1",,,,"9,AGL   ,+99999,+99999","05,99,1,05,1,99,9,01200,1,99,9,99,9","240,M,+0332,1","240,N,+0265,1",,"9,9,999,9,+031,1",,"SYN08042170 32696 51801 10286 20264 40010 85500 333 10332 20265 58031 85640 555 10381=",
"42170099999","2025-07-21T06:00:00","4","28.25","74.9166666","291.0","CHURU, IN","FM-12","99999","V020","180,1,N,0005,1","01050,1,C,N","004000,1,9,9","+0306,1","+0270,1","10018,1",,,,,,"06,1,+01050,1,06,1",,,,"9,AGL   ,+99999,+99999","06,99,1,06,1,99,9,01050,1,99,9,99,9",,,,"9,9,999,9,+036,1",,"SYN05842170 32696 61801 10306 20270 40018 86500 333 58036 86635=",
"42170099999","2025-07-21T09:00:00","4","28.25","74.9166666","291.0","CHURU, IN","FM-12","99999","V020","230,1,N,0010,1","01200,1,C,N","004000,1,9,9","+0336,1","+0264,1","09996,1",,,,,,"02,1,+00900,1,08,1","05,1,+01200,1,06,1",,,"9,AGL   ,+99999,+99999","05,99,1,02,1,99,9,00900,1,99,9,99,9",,,,"9,9,999,9,+026,1",,"SYN06442170 32596 52302 10336 20264 49996 85400 333 58026 82830 85640=",
"42170099999","2025-07-21T12:00:00","4","28.25","74.9166666","291.0","CHURU, IN","FM-12","99999","V020","140,1,N,0005,1","03000,1,9,N","004000,1,9,9","+0330,1","+0260,1","09982,1",,,,,,"03,1,+01200,1,06,1","06,1,+03000,1,04,1",,,"9,AGL   ,+99999,+99999","06,99,1,03,1,99,9,01200,1,99,9,99,9","240,M,+0345,1",,,"9,9,999,9,+024,1",,"SYN07042170 32696 61401 10330 20260 49982 83510 333 10345 58024 83640 86460=",
"42170099999","2025-07-21T15:00:00","4","28.25","74.9166666","291.0","CHURU, IN","FM-12","99999","V020","999,9,C,0000,1","02400,1,C,N","004000,1,9,9","+0306,1","+0270,1","09993,1",,,,,,"03,1,+01200,1,06,1","05,1,+02400,1,04,1",,,"9,AGL   ,+99999,+99999","05,99,1,03,1,99,9,01200,1,99,9,99,9",,,,"9,9,999,9,+022,1",,"SYN06442170 32696 50000 10306 20270 49993 83510 333 58022 83640 85458=",
"42170099999","2025-07-21T18:00:00","4","28.25","74.9166666","291.0","CHURU, IN","FM-12","99999","V020","999,9,C,0000,1","22000,1,9,N","004000,1,9,9","+0294,1","+0272,1","10004,1",,,,,,"03,1,+00900,1,06,1",,,,"9,AGL   ,+99999,+99999","03,99,1,03,1,99,9,00900,1,99,9,99,9",,,,"9,9,999,9,+019,1",,"SYN05842170 32596 30000 10294 20272 40004 83500 333 58019 83630=",
"42170099999","2025-07-21T21:00:00","4","28.25","74.9166666","291.0","CHURU, IN","FM-12","99999","V020","999,9,C,0000,1","22000,1,9,N","004000,1,9,9","+0288,1","+0274,1","09997,1",,,,,,"02,1,+00900,1,06,1",,,,"9,AGL   ,+99999,+99999","02,99,1,02,1,99,9,00900,1,99,9,99,9",,,,"9,9,999,9,+016,1",,"SYN05842170 32596 20000 10288 20274 49997 82500 333 58016 82630=",
"42170099999","2025-07-22T00:00:00","4","28.25","74.9166666","291.0","CHURU, IN","FM-12","99999","V020","999,9,C,0000,1","03000,1,9,N","004000,1,9,9","+0280,1","+0272,1","10008,1","21,0010,3,1","6,1,02,1","2,1,02,1",,,"04,1,+00900,1,06,1","08,1,+03000,1,04,1",,,"9,AGL   ,+99999,+99999","08,99,1,04,1,99,9,00900,1,99,9,99,9",,,,"9,9,999,9,+021,1","60,1","SYN07642170 21596 80000 10280 20272 40008 76062 8452/ 333 58021 6001/ 84630 88460=",
"42170099999","2025-07-22T03:00:00","4","28.25","74.9166666","291.0","CHURU, IN","FM-12","99999","V020","230,1,N,0005,1","03000,1,9,N","004000,1,9,9","+0286,1","+0278,1","10015,1","24,0020,3,1","6,1,02,1","2,1,02,1",,,"04,1,+00900,1,06,1","08,1,+03000,1,04,1",,,"9,AGL   ,+99999,+99999","08,99,1,04,1,99,9,00900,1,99,9,99,9","240,M,+0345,1","240,N,+0276,1",,"9,9,999,9,-005,1","02,1","SYN10442170 21596 82301 10286 20278 40015 70262 8452/ 333 10345 20276 59005 6002/ 84630 88460 555 00017 10383=",
"42170099999","2025-07-22T06:00:00","4","28.25","74.9166666","291.0","CHURU, IN","FM-12","99999","V020","320,1,N,0005,1","03000,1,9,N","004000,1,9,9","+0320,1","+0279,1","10001,1","03,0000,2,1","6,1,02,1","2,1,02,1",,,"04,1,+00900,1,06,1","08,1,+03000,1,04,1",,,"9,AGL   ,+99999,+99999","08,99,1,04,1,99,9,00900,1,99,9,99,9",,,,"9,9,999,9,-015,1","50,1","SYN07642170 21596 83201 10320 20279 40001 75062 8452/ 333 59015 6990/ 84630 88460=",
"42170099999","2025-07-22T09:00:00","4","28.25","74.9166666","291.0","CHURU, IN","FM-12","99999","V020","230,1,N,0005,1","03000,1,9,N","004000,1,9,9","+0324,1","+0278,1","09978,1","06,0000,2,1",,,,,"03,1,+00900,1,06,1","07,1,+03000,1,04,1",,,"9,AGL   ,+99999,+99999","07,99,1,03,1,99,9,00900,1,99,9,99,9",,,,"9,9,999,9,-019,1",,"SYN07042170 22596 72301 10324 20278 49978 83520 333 59019 6990/ 83630 87460=",
"42170099999","2025-07-22T12:00:00","4","28.25","74.9166666","291.0","CHURU, IN","FM-12","99999","V020","230,1,N,0010,1","03000,1,9,N","004000,1,9,9","+0322,1","+0272,1","09961,1","09,0000,2,1","5,1,02,1","2,1,02,1",,,"03,1,+00900,1,06,1","07,1,+03000,1,04,1",,,"9,AGL   ,+99999,+99999","07,99,1,03,1,99,9,00900,1,99,9,99,9","240,M,+0330,1",,,"9,9,999,9,-020,1","02,1","SYN08242170 21596 72302 10322 20272 49961 70252 83520 333 10330 59020 6990/ 83630 87460=",
"42170099999","2025-07-22T15:00:00","4","28.25","74.9166666","291.0","CHURU, IN","FM-12","99999","V020","999,9,V,0005,1","03000,1,9,N","004000,1,9,9","+0300,1","+0272,1","09970,1","12,0000,2,1",,,,,"03,1,+00900,1,06,1","07,1,+03000,1,04,1",,,"9,AGL   ,+99999,+99999","07,99,1,03,1,99,9,00900,1,99,9,99,9",,,"99999,9,09650,1","9,9,999,9,-024,1",,"SYN07642170 22596 79901 10300 20272 39650 49970 83520 333 59024 6990/ 83630 87460=",
"42170099999","2025-07-22T18:00:00","4","28.25","74.9166666","291.0","CHURU, IN","FM-12","99999","V020","999,9,V,0010,1","03000,1,9,N","004000,1,9,9","+0296,1","+0274,1","09974,1","15,0000,2,1",,,,,"03,1,+00900,1,06,1","06,1,+03000,1,04,1",,,"9,AGL   ,+99999,+99999","06,99,1,03,1,99,9,00900,1,99,9,99,9",,,,"9,9,999,9,-028,1",,"SYN07042170 22596 69902 10296 20274 49974 83520 333 59028 6990/ 83630 86460=",
"42170099999","2025-07-22T21:00:00","4","28.25","74.9166666","291.0","CHURU, IN","FM-12","99999","V020","230,1,N,0015,1","03000,1,9,N","004000,1,9,9","+0284,1","+0270,1","09964,1","18,0000,2,1",,,,,"03,1,+00900,1,06,1","06,1,+03000,1,04,1",,,"9,AGL   ,+99999,+99999","06,99,1,03,1,99,9,00900,1,99,9,99,9",,,,"9,9,999,9,-031,1",,"SYN07042170 22596 62303 10284 20270 49964 83520 333 59031 6990/ 83630 86460=",
"42170099999","2025-07-23T00:00:00","4","28.25","74.9166666","291.0","CHURU, IN","FM-12","99999","V020","230,1,N,0015,1","00900,1,C,N","004000,1,9,9","+0278,1","+0267,1","09965,1","21,0020,3,1","6,1,02,1","2,1,02,1",,,"07,1,+00900,1,06,1","08,1,+03000,1,04,1",,,"9,AGL   ,+99999,+99999","08,99,1,07,1,99,9,00900,1,99,9,99,9",,,,"9,9,999,9,-041,1","02,1","SYN07642170 21596 82303 10278 20267 49965 70262 8752/ 333 59041 6002/ 87630 88460=",
"42170099999","2025-07-23T03:00:00","4","28.25","74.9166666","291.0","CHURU, IN","FM-12","99999","V020","140,1,N,0021,1","00900,1,C,N","004000,1,9,9","+0270,1","+0264,1","09982,1","24,0030,3,1","6,1,02,1","2,1,02,1",,,"07,1,+00900,1,06,1","08,1,+03000,1,04,1",,,"9,AGL   ,+99999,+99999","08,99,1,07,1,99,9,00900,1,99,9,99,9","240,M,+0330,1","240,N,+0269,1",,"9,9,999,9,-024,1","02,1","SYN10442170 21596 81404 10270 20264 49982 70262 8752/ 333 10330 20269 59024 6003/ 87630 88460 555 00034 10387=",
"42170099999","2025-07-23T06:00:00","4","28.25","74.9166666","291.0","CHURU, IN","FM-12","99999","V020","230,1,N,0015,1","00900,1,C,N","004000,1,9,9","+0306,1","+0279,1","09972,1",,,,,,"05,1,+00900,1,06,1","06,1,+03000,1,04,1",,,"9,AGL   ,+99999,+99999","07,99,1,05,1,99,9,00900,1,99,9,99,9",,,,"9,9,999,9,-030,1",,"SYN06442170 32596 72303 10306 20279 49972 85520 333 59030 85630 86460=",
"42170099999","2025-07-23T09:00:00","4","28.25","74.9166666","291.0","CHURU, IN","FM-12","99999","V020","230,1,N,0010,1","01200,1,C,N","004000,1,9,9","+0334,1","+0274,1","09948,1",,,,,,"02,1,+00900,1,08,1","05,1,+01200,1,06,1",,,"9,AGL   ,+99999,+99999","05,99,1,02,1,99,9,00900,1,99,9,99,9",,,,"9,9,999,9,-026,1",,"SYN06442170 32596 52302 10334 20274 49948 85400 333 59026 82830 85640=",
"42170099999","2025-07-23T12:00:00","4","28.25","74.9166666","291.0","CHURU, IN","FM-12","99999","V020","230,1,N,0005,1","03000,1,9,N","004000,1,9,9","+0332,1","+0283,1","09933,1",,,,,,"04,1,+01200,1,06,1","07,1,+03000,1,04,1",,,"9,AGL   ,+99999,+99999","07,99,1,04,1,99,9,01200,1,99,9,99,9","240,M,+0346,1",,,"9,9,999,9,-026,1",,"SYN07042170 32696 72301 10332 20283 49933 84520 333 10346 59026 84640 87460=",
"42170099999","2025-07-23T15:00:00","4","28.25","74.9166666","291.0","CHURU, IN","FM-12","99999","V020","230,1,N,0010,1","03000,1,C,N","004000,1,9,9","+0308,1","+0254,1","09942,1",,,,,,"02,1,+01200,1,06,1","05,1,+03000,1,04,1",,,"9,AGL   ,+99999,+99999","05,99,1,02,1,99,9,01200,1,99,9,99,9",,,,"9,9,999,9,-025,1",,"SYN06442170 32696 52302 10308 20254 49942 82510 333 59025 82640 85460=",
"42170099999","2025-07-23T18:00:00","4","28.25","74.9166666","291.0","CHURU, IN","FM-12","99999","V020","230,1,N,0005,1","99999,9,C,N","004000,1,9,9","+0290,1","+0253,1","09961,1",,,,,,"02,1,+01200,1,06,1","04,1,+03000,1,04,1",,,"9,AGL   ,+99999,+99999","04,99,1,02,1,99,9,01200,1,99,9,99,9",,,,"9,9,999,9,-014,1",,"SYN06442170 32696 42301 10290 20253 49961 82510 333 59014 82640 84460=","Q01 030003SCOCIG"
"42170099999","2025-07-23T21:00:00","4","28.25","74.9166666","291.0","CHURU, IN","FM-12","99999","V020","230,1,N,0010,1","99999,9,C,N","004000,1,9,9","+0276,1","+0256,1","09956,1",,,,,,"02,1,+01200,1,06,1","04,1,+03000,1,04,1",,,"9,AGL   ,+99999,+99999","04,99,1,02,1,99,9,01200,1,99,9,99,9",,,,"9,9,999,9,-009,1",,"SYN06442170 32696 42302 10276 20256 49956 82510 333 59009 82640 84460=","Q01 030003SCOCIG"
"42170099999","2025-07-24T00:00:00","4","28.25","74.9166666","291.0","CHURU, IN","FM-12","99999","V020","180,1,N,0005,1","22000,1,9,N","004000,1,9,9","+0270,1","+0256,1","09956,1",,,,,,"02,1,+01200,1,06,1",,,,"9,AGL   ,+99999,+99999","02,99,1,02,1,99,9,01200,1,99,9,99,9",,,,"9,9,999,9,-010,1",,"SYN05842170 32696 21801 10270 20256 49956 82500 333 59010 82640=",
"42170099999","2025-07-24T03:00:00","4","28.25","74.9166666","291.0","CHURU, IN","FM-12","99999","V020","230,1,N,0010,1","99999,9,9,N","004000,1,9,9","+0296,1","+0262,1","09959,1",,,,,,,,,,,,"240,M,+0346,1","240,N,+0268,1",,"9,9,999,9,-021,1",,"SYN06842170 32996 02302 10296 20262 49959 333 10346 20268 59021 555 10387=",
"42170099999","2025-07-24T06:00:00","4","28.25","74.9166666","291.0","CHURU, IN","FM-12","99999","V020","230,1,N,0010,1","22000,1,9,N","004000,1,9,9","+0340,1","+0262,1","09970,1",,,,,,"04,1,+01200,1,06,1",,,,"9,AGL   ,+99999,+99999","04,99,1,04,1,99,9,01200,1,99,9,99,9",,,,"9,9,999,9,+001,1",,"SYN05842170 32696 42302 10340 20262 49970 84500 333 58001 84640=",
"42170099999","2025-07-24T09:00:00","4","28.25","74.9166666","291.0","CHURU, IN","FM-12","99999","V020","320,1,N,0010,1","99999,9,9,N","004000,1,9,9","+0364,1","+0262,1","09944,1",,,,,,"04,1,+01050,1,08,1","99,9,+99999,9,04,1",,,"9,AGL   ,+99999,+99999","05,99,1,04,1,99,9,01050,1,99,9,99,9",,,,"9,9,999,9,-003,1",,"SYN05842170 32696 53202 10364 20262 49944 84110 333 59003 84835=",
"42170099999","2025-07-24T12:00:00","4","28.25","74.9166666","291.0","CHURU, IN","FM-12","99999","V020","230,1,N,0010,1","22000,1,9,N","004000,1,9,9","+0356,1","+0265,1","09924,1",,,,,,"04,1,+01050,1,08,1",,,,"9,AGL   ,+99999,+99999","04,99,1,04,1,99,9,01050,1,99,9,99,9","240,M,+0372,1",,,"9,9,999,9,-007,1",,"SYN06442170 32696 42302 10356 20265 49924 84100 333 10372 59007 84835=",
"42170099999","2025-07-24T15:00:00","4","28.25","74.9166666","291.0","CHURU, IN","FM-12","99999","V020","230,1,N,0005,1","22000,1,9,N","004000,1,9,9","+0326,1","+0265,1","09941,1",,,,,,"01,1,+01200,1,06,1","03,1,+03000,1,04,1",,,"9,AGL   ,+99999,+99999","03,99,1,01,1,99,9,01200,1,99,9,99,9",,,,"9,9,999,9,+001,1",,"SYN06442170 32696 32301 10326 20265 49941 81510 333 58001 81640 83460=",
"42170099999","2025-07-24T18:00:00","4","28.25","74.9166666","291.0","CHURU, IN","FM-12","99999","V020","999,9,V,0005,1","22000,1,9,N","004000,1,9,9","+0304,1","+0256,1","09961,1",,,,,,"02,1,+06000,1,00,1",,,,"9,AGL   ,+99999,+99999","02,99,1,02,1,99,9,06000,1,99,9,99,9",,,,"9,9,999,9,+002,1",,"SYN05842170 32996 29901 10304 20256 49961 80001 333 58002 82070=",
"42170099999","2025-07-24T21:00:00","4","28.25","74.9166666","291.0","CHURU, IN","FM-12","99999","V020","999,9,V,0010,1","22000,1,9,N","004000,1,9,9","+0292,1","+0246,1","09951,1",,,,,,"02,1,+06000,1,00,1",,,,"9,AGL   ,+99999,+99999","02,99,1,02,1,99,9,06000,1,99,9,99,9",,,,"9,9,999,9,-003,1",,"SYN05842170 32996 29902 10292 20246 49951 80001 333 59003 82070=",
"42170099999","2025-07-25T00:00:00","4","28.25","74.9166666","291.0","CHURU, IN","FM-12","99999","V020","999,9,C,0000,1","22000,1,9,N","004000,1,9,9","+0272,1","+0249,1","09950,1",,,,,,"01,1,+06000,1,00,1",,,,"9,AGL   ,+99999,+99999","01,99,1,01,1,99,9,06000,1,99,9,99,9",,,,"9,9,999,9,-005,1",,"SYN05842170 32996 10000 10272 20249 49950 80001 333 59005 81070=",
"42170099999","2025-07-25T03:00:00","4","28.25","74.9166666","291.0","CHURU, IN","FM-12","99999","V020","230,1,N,0010,1","03000,1,C,N","004000,1,9,9","+0308,1","+0248,1","09966,1",,,,,,"05,1,+03000,1,03,1",,,,"9,AGL   ,+99999,+99999","05,99,1,05,1,99,9,03000,1,99,9,99,9","240,M,+0372,1","240,N,+0274,1",,"9,9,999,9,+008,1",,"SYN08042170 32996 52302 10308 20248 49966 85030 333 10372 20274 58008 85360 555 10440=",
"42170099999","2025-07-25T06:00:00","4","28.25","74.9166666","291.0","CHURU, IN","FM-12","99999","V020","230,1,N,0010,1","22000,1,9,N","004000,1,9,9","+0352,1","+0267,1","09962,1",,,,,,"04,1,+01200,1,06,1",,,,"9,AGL   ,+99999,+99999","04,99,1,04,1,99,9,01200,1,99,9,99,9",,,,"9,9,999,9,-005,1",,"SYN05842170 32696 42302 10352 20267 49962 84500 333 59005 84640=",
"42170099999","2025-07-25T09:00:00","4","28.25","74.9166666","291.0","CHURU, IN","FM-12","99999","V020","230,1,N,0005,1","22000,1,9,N","004000,1,9,9","+0378,1","+0259,1","09939,1",,,,,,"03,1,+00900,1,08,1",,,,"9,AGL   ,+99999,+99999","03,99,1,03,1,99,9,00900,1,99,9,99,9",,,,"9,9,999,9,-003,1",,"SYN05842170 32596 32301 10378 20259 49939 83100 333 59003 83830=",
"42170099999","2025-07-25T12:00:00","4","28.25","74.9166666","291.0","CHURU, IN","FM-12","99999","V020","230,1,N,0005,1","22000,1,9,N","004000,1,9,9","+0376,1","+0257,1","09916,1",,,,,,"02,1,+00900,1,08,1",,,,"9,AGL   ,+99999,+99999","02,99,1,02,1,99,9,00900,1,99,9,99,9","240,M,+0386,1",,,"9,9,999,9,-006,1",,"SYN06442170 32596 22301 10376 20257 49916 82100 333 10386 59006 82830=",
"42170099999","2025-07-25T15:00:00","4","28.25","74.9166666","291.0","CHURU, IN","FM-12","99999","V020","090,1,N,0010,1","22000,1,9,N","004000,1,9,9","+0334,1","+0259,1","09937,1",,,,,,"04,1,+00900,1,06,1",,,,"9,AGL   ,+99999,+99999","04,99,1,04,1,99,9,00900,1,99,9,99,9",,,,"9,9,999,9,-003,1",,"SYN05842170 32596 40902 10334 20259 49937 84500 333 59003 84630=",
"42170099999","2025-07-25T18:00:00","4","28.25","74.9166666","291.0","CHURU, IN","FM-12","99999","V020","999,9,C,0000,1","22000,1,9,N","004000,1,9,9","+0320,1","+0264,1","09949,1",,,,,,"03,1,+00900,1,06,1",,,,"9,AGL   ,+99999,+99999","03,99,1,03,1,99,9,00900,1,99,9,99,9",,,,"9,9,999,9,-011,1",,"SYN05842170 32596 30000 10320 20264 49949 83500 333 59011 83630=",
"42170099999","2025-07-25T21:00:00","4","28.25","74.9166666","291.0","CHURU, IN","FM-12","99999","V020","999,9,C,0000,1","22000,1,9,N","004000,1,9,9","+0312,1","+0268,1","09942,1",,,,,,"03,1,+00900,1,06,1",,,,"9,AGL   ,+99999,+99999","03,99,1,03,1,99,9,00900,1,99,9,99,9",,,,"9,9,999,9,-006,1",,"SYN05842170 32596 30000 10312 20268 49942 83500 333 59006 83630=",
"42170099999","2025-07-26T00:00:00","4","28.25","74.9166666","291.0","CHURU, IN","FM-12","99999","V020","999,9,C,0000,1","03000,1,9,N","004000,1,9,9","+0292,1","+0270,1","09953,1",,,,,,"04,1,+00900,1,06,1","08,1,+03000,1,04,1",,,"9,AGL   ,+99999,+99999","08,99,1,04,1,99,9,00900,1,99,9,99,9",,,,"9,9,999,9,+005,1",,"SYN06442170 32596 80000 10292 20270 49953 8451/ 333 58005 84630 88460=",
"42170099999","2025-07-26T03:00:00","4","28.25","74.9166666","291.0","CHURU, IN","FM-12","99999","V020","140,1,N,0005,1","03000,1,9,N","004000,1,9,9","+0296,1","+0274,1","09964,1","24,0002,3,1","6,1,02,1","2,1,02,1",,,"03,1,+01200,1,06,1","06,1,+03000,1,04,1",,,"9,AGL   ,+99999,+99999","06,99,1,03,1,99,9,01200,1,99,9,99,9","240,M,+0386,1","240,N,+0286,1",,"9,9,999,9,-003,1","01,1","SYN10442170 21696 61401 10296 20274 49964 70162 83510 333 10386 20286 59003 6992/ 83640 86460 555 00002 10386=",
"42170099999","2025-07-26T06:00:00","4","28.25","74.9166666","291.0","CHURU, IN","FM-12","99999","V020","320,1,N,0005,1","03000,1,C,N","004000,1,9,9","+0354,1","+0269,1","09962,1",,"6,1,02,1","2,1,02,1",,,"02,1,+01200,1,06,1","05,1,+03000,1,04,1",,,"9,AGL   ,+99999,+99999","05,99,1,02,1,99,9,01200,1,99,9,99,9",,,,"9,9,999,9,+000,1","01,1","SYN07042170 31696 53201 10354 20269 49962 70162 82510 333 58000 82640 85460=",
"42170099999","2025-07-26T09:00:00","4","28.25","74.9166666","291.0","CHURU, IN","FM-12","99999","V020","999,9,V,0005,1","03000,1,9,N","004000,1,9,9","+0376,1","+0266,1","09936,1",,"2,1,02,1","1,1,02,1",,,"03,1,+00900,1,06,1","01,1,+00960,1,09,1","05,1,+03000,1,04,1",,"9,AGL   ,+99999,+99999","06,99,1,03,1,99,9,00900,1,99,9,99,9",,,,"9,9,999,9,-003,1","29,1","SYN07642170 31596 69901 10376 20266 49936 72921 84310 333 59003 83630 81932 85460=",
"42170099999","2025-07-26T12:00:00","4","28.25","74.9166666","291.0","CHURU, IN","FM-12","99999","V020","270,1,N,0015,1","00900,1,C,N","004000,1,9,9","+0286,1","+0266,1","09944,1","09,0008,3,1","9,1,02,1","6,1,02,1",,,"06,1,+00900,1,06,1","08,1,+03000,1,04,1",,,"9,AGL   ,+99999,+99999","08,99,1,06,1,99,9,00900,1,99,9,99,9","240,M,+0378,1",,,"9,9,999,9,+018,1","60,1","SYN08242170 21596 82703 10286 20266 49944 76096 8652/ 333 10378 58018 6998/ 86630 88460=",
"42170099999","2025-07-26T15:00:00","4","28.25","74.9166666","291.0","CHURU, IN","FM-12","99999","V020","999,9,C,0000,1","03000,1,C,N","004000,1,9,9","+0270,1","+0262,1","09964,1","12,0020,3,1","9,1,02,1","6,1,02,1",,,"03,1,+00750,1,06,1","03,1,+03000,1,04,1",,,"9,AGL   ,+99999,+99999","06,99,1,03,1,99,9,00750,1,99,9,99,9",,,,"9,9,999,9,+019,1","02,1","SYN07642170 21596 60000 10270 20262 49964 70296 83570 333 58019 6002/ 83625 83460=",
"42170099999","2025-07-26T18:00:00","4","28.25","74.9166666","291.0","CHURU, IN","FM-12","99999","V020","180,1,N,0005,1","03000,1,C,N","004000,1,9,9","+0268,1","+0260,1","09968,1","15,0020,3,1","9,1,02,1","6,1,02,1",,,"02,1,+00750,1,06,1","03,1,+03000,1,04,1",,,"9,AGL   ,+99999,+99999","05,99,1,02,1,99,9,00750,1,99,9,99,9",,,,"9,9,999,9,+014,1","01,1","SYN07642170 21596 51801 10268 20260 49968 70196 82570 333 58014 6002/ 82625 83460=",
"42170099999","2025-07-26T21:00:00","4","28.25","74.9166666","291.0","CHURU, IN","FM-12","99999","V020","180,1,N,0005,1","22000,1,9,N","004000,1,9,9","+0266,1","+0257,1","09958,1","18,0020,3,1",,,,,"01,1,+00750,1,06,1","03,1,+03000,1,04,1",,,"9,AGL   ,+99999,+99999","04,99,1,01,1,99,9,00750,1,99,9,99,9",,,,"9,9,999,9,+010,1",,"SYN07042170 22596 41801 10266 20257 49958 81570 333 58010 6002/ 81625 83460=",
"42170099999","2025-07-27T00:00:00","4","28.25","74.9166666","291.0","CHURU, IN","FM-12","99999","V020","180,1,N,0005,1","22000,1,9,N","004000,1,9,9","+0262,1","+0256,1","09965,1","21,0020,3,1",,,,,"01,1,+00750,1,06,1","03,1,+03000,1,03,1",,,"9,AGL   ,+99999,+99999","04,99,1,01,1,99,9,00750,1,99,9,99,9",,,,"9,9,999,9,+009,1",,"SYN07042170 22596 41801 10262 20256 49965 81530 333 58009 6002/ 81625 83360=",
"42170099999","2025-07-27T03:00:00","4","28.25","74.9166666","291.0","CHURU, IN","FM-12","99999","V020","999,9,V,0005,1","22000,1,9,N","004000,1,9,9","+0284,1","+0267,1","09973,1","24,0020,3,1",,,,,"02,1,+03000,1,03,1",,,,"9,AGL   ,+99999,+99999","02,99,1,02,1,99,9,03000,1,99,9,99,9","240,M,+0378,1","240,N,+0262,1",,"9,9,999,9,+007,1",,"SYN09242170 22796 29901 10284 20267 49973 82030 333 10378 20262 58007 6002/ 82360 555 00024 10389=",
"42170099999","2025-07-27T06:00:00","4","28.25","74.9166666","291.0","CHURU, IN","FM-12","99999","V020","050,1,N,0005,1","22000,1,9,N","004000,1,9,9","+0334,1","+0265,1","09966,1",,,,,,"03,1,+01050,1,08,1",,,,"9,AGL   ,+99999,+99999","03,99,1,03,1,99,9,01050,1,99,9,99,9",,,,"9,9,999,9,+001,1",,"SYN05842170 32696 30501 10334 20265 49966 83100 333 58001 83835=",
"42170099999","2025-07-27T09:00:00","4","28.25","74.9166666","291.0","CHURU, IN","FM-12","99999","V020","999,9,C,0000,1","00900,1,C,N","004000,1,9,9","+0360,1","+0272,1","09930,1",,,,,,"05,1,+00900,1,06,1",,,,"9,AGL   ,+99999,+99999","05,99,1,05,1,99,9,00900,1,99,9,99,9","240,M,+0375,1",,,"9,9,999,9,-006,1",,"SYN06442170 32596 50000 10360 20272 49930 85500 333 10375 59006 85630=",
"42170099999","2025-07-27T12:00:00","4","28.25","74.9166666","291.0","CHURU, IN","FM-12","99999","V020","999,9,C,0000,1","00900,1,C,N","004000,1,9,9","+0360,1","+0272,1","09930,1",,,,,,"05,1,+00900,1,06,1",,,,"9,AGL   ,+99999,+99999","05,99,1,05,1,99,9,00900,1,99,9,99,9","240,M,+0375,1",,,"9,9,999,9,-006,1",,"SYN06442170 32596 50000 10360 20272 49930 85500 333 10375 59006 85630=",
"42170099999","2025-07-27T15:00:00","4","28.25","74.9166666","291.0","CHURU, IN","FM-12","99999","V020","999,9,C,0000,1","03000,1,C,N","004000,1,9,9","+0334,1","+0277,1","09942,1",,,,,,"02,1,+01200,1,06,1","05,1,+03000,1,04,1",,,"9,AGL   ,+99999,+99999","05,99,1,02,1,99,9,01200,1,99,9,99,9",,,,"9,9,999,9,-014,1",,"SYN06442170 32696 50000 10334 20277 49942 82510 333 59014 82640 85460=",
"42170099999","2025-07-27T18:00:00","4","28.25","74.9166666","291.0","CHURU, IN","FM-12","99999","V020","230,1,N,0005,1","03000,1,C,N","004000,1,9,9","+0310,1","+0277,1","09957,1",,"9,1,02,1","2,1,02,1",,,"02,1,+01200,1,06,1","05,1,+03000,1,04,1",,,"9,AGL   ,+99999,+99999","05,99,1,02,1,99,9,01200,1,99,9,99,9",,,,"9,9,999,9,-007,1","02,1","SYN07042170 31696 52301 10310 20277 49957 70292 82510 333 59007 82640 85460=",
"42170099999","2025-07-27T21:00:00","4","28.25","74.9166666","291.0","CHURU, IN","FM-12","99999","V020","230,1,N,0005,1","03000,1,9,N","004000,1,9,9","+0302,1","+0286,1","09953,1","18,0005,3,1","6,1,02,1","2,1,02,1",,,"04,1,+01200,1,06,1","07,1,+03000,1,04,1",,,"9,AGL   ,+99999,+99999","07,99,1,04,1,99,9,01200,1,99,9,99,9",,,,"9,9,999,9,-001,1","03,1","SYN07642170 21696 72301 10302 20286 49953 70362 84510 333 59001 6995/ 84640 87460=",
"42170099999","2025-07-28T00:00:00","4","28.25","74.9166666","291.0","CHURU, IN","FM-12","99999","V020","999,9,C,0000,1","00900,1,C,N","004000,1,9,9","+0290,1","+0285,1","09952,1","21,0060,3,1","9,1,02,1","6,1,02,1",,,"05,1,+00900,1,06,1","08,1,+02400,1,04,1",,,"9,AGL   ,+99999,+99999","08,99,1,05,1,99,9,00900,1,99,9,99,9",,,,"9,9,999,9,-011,1","61,1","SYN07642170 21596 80000 10290 20285 49952 76196 8552/ 333 59011 6006/ 85630 88458=",
"42170099999","2025-07-28T03:00:00","4","28.25","74.9166666","291.0","CHURU, IN","FM-12","99999","V020","230,1,N,0005,1","03000,1,9,N","004000,1,9,9","+0290,1","+0282,1","09973,1","24,0080,3,1","6,1,02,1","2,1,02,1",,,"04,1,+00900,1,06,1","07,1,+03000,1,04,1",,,"9,AGL   ,+99999,+99999","07,99,1,04,1,99,9,00900,1,99,9,99,9","240,M,+0375,1","240,N,+0286,1",,"9,9,999,9,+000,1","02,1","SYN10442170 21596 72301 10290 20282 49973 70262 84510 333 10375 20286 58000 6008/ 84630 87460 555 00082 10397=",
"42170099999","2025-07-28T06:00:00","4","28.25","74.9166666","291.0","CHURU, IN","FM-12","99999","V020","999,9,C,0000,1","03000,1,C,N","004000,1,9,9","+0336,1","+0287,1","09968,1",,"6,1,02,1","2,1,02,1",,,"03,1,+00900,1,06,1","05,1,+03000,1,04,1",,,"9,AGL   ,+99999,+99999","05,99,1,03,1,99,9,00900,1,99,9,99,9",,,,"9,9,999,9,+002,1","01,1","SYN07042170 31596 50000 10336 20287 49968 70162 83510 333 58002 83630 85460=",
"42170099999","2025-07-28T09:00:00","4","28.25","74.9166666","291.0","CHURU, IN","FM-12","99999","V020","200,1,N,0005,1","03000,1,C,N","004000,1,9,9","+0350,1","+0285,1","09951,1",,,,,,"03,1,+00750,1,06,1","03,1,+03000,1,04,1",,,"9,AGL   ,+99999,+99999","06,99,1,03,1,99,9,00750,1,99,9,99,9",,,,"9,9,999,9,+001,1",,"SYN06442170 32596 62001 10350 20285 49951 83570 333 58001 83625 83460=",
"42170099999","2025-07-28T15:00:00","4","28.25","74.9166666","291.0","CHURU, IN","FM-12","99999","V020","999,9,V,0005,1","99999,9,C,N","004000,1,9,9","+0320,1","+0285,1","09956,1",,,,,,"02,1,+03000,1,03,1","04,1,+06000,1,00,1",,,"9,AGL   ,+99999,+99999","04,99,1,02,1,99,9,03000,1,99,9,99,9",,,,"9,9,999,9,+011,1",,"SYN06442170 32796 49901 10320 20285 49956 82031 333 58011 82360 84070=","Q01 060003SCOCIG"
"42170099999","2025-07-28T18:00:00","4","28.25","74.9166666","291.0","CHURU, IN","FM-12","99999","V020","230,1,N,0015,1","99999,9,C,N","004000,1,9,9","+0304,1","+0277,1","09967,1",,,,,,"02,1,+03000,1,03,1","04,1,+06000,1,00,1",,,"9,AGL   ,+99999,+99999","04,99,1,02,1,99,9,03000,1,99,9,99,9",,,,"9,9,999,9,+010,1",,"SYN06442170 32796 42303 10304 20277 49967 82031 333 58010 82360 84070=","Q01 060003SCOCIG"
"42170099999","2025-07-28T21:00:00","4","28.25","74.9166666","291.0","CHURU, IN","FM-12","99999","V020","230,1,N,0021,1","03000,1,C,N","004000,1,9,9","+0286,1","+0269,1","09960,1",,,,,,"02,1,+01050,1,06,1","05,1,+03000,1,03,1",,,"9,AGL   ,+99999,+99999","05,99,1,02,1,99,9,01050,1,99,9,99,9",,,"99999,9,09640,1","9,9,999,9,+005,1",,"SYN07042170 32696 52304 10286 20269 39640 49960 82530 333 58005 82635 85360=",
"42170099999","2025-07-29T00:00:00","4","28.25","74.9166666","291.0","CHURU, IN","FM-12","99999","V020","230,1,N,0015,1","03000,1,C,N","004000,1,9,9","+0278,1","+0261,1","09963,1",,,,,,"03,1,+01050,1,06,1","05,1,+03000,1,03,1",,,"9,AGL   ,+99999,+99999","06,99,1,03,1,99,9,01050,1,99,9,99,9",,,"99999,9,09642,1","9,9,999,9,+010,1",,"SYN07042170 32696 62303 10278 20261 39642 49963 83530 333 58010 83635 85360=",
"42170099999","2025-07-29T06:00:00","4","28.25","74.9166666","291.0","CHURU, IN","FM-12","99999","V020","230,1,N,0010,1","03000,1,C,N","004000,1,9,9","+0332,1","+0271,1","09968,1",,,,,,"02,1,+00600,1,06,1","03,1,+03000,1,04,1",,,"9,AGL   ,+99999,+99999","05,99,1,02,1,99,9,00600,1,99,9,99,9",,,,"9,9,999,9,+000,1",,"SYN06442170 32596 52302 10332 20271 49968 82510 333 58000 82620 83460=",
"42170099999","2025-07-29T09:00:00","4","28.25","74.9166666","291.0","CHURU, IN","FM-12","99999","V020","230,1,N,0015,1","01200,1,C,N","004000,1,9,9","+0364,1","+0277,1","09948,1",,,,,,"05,1,+01200,1,06,1","07,1,+06000,1,00,1",,,"9,AGL   ,+99999,+99999","07,99,1,05,1,99,9,01200,1,99,9,99,9",,,,"9,9,999,9,-001,1",,"SYN06442170 32696 72303 10364 20277 49948 85501 333 59001 85640 87070=",
"42170099999","2025-07-29T12:00:00","4","28.25","74.9166666","291.0","CHURU, IN","FM-12","99999","V020","180,1,N,0015,1","01050,1,C,N","004000,1,9,9","+0350,1","+0282,1","09941,1",,,,,,"05,1,+01050,1,06,1","08,1,+02400,1,04,1",,,"9,AGL   ,+99999,+99999","08,99,1,05,1,99,9,01050,1,99,9,99,9","240,M,+0370,1",,,"9,9,999,9,+003,1",,"SYN07042170 32696 81803 10350 20282 49941 8552/ 333 10370 58003 85635 88458=",
"42170099999","2025-07-29T15:00:00","4","28.25","74.9166666","291.0","CHURU, IN","FM-12","99999","V020","230,1,N,0005,1","03000,1,9,N","004000,1,9,9","+0316,1","+0272,1","09961,1",,,,,,"03,1,+00900,1,06,1","06,1,+03000,1,04,1",,,"9,AGL   ,+99999,+99999","06,99,1,03,1,99,9,00900,1,99,9,99,9",,,,"9,9,999,9,+005,1",,"SYN06442170 32596 62301 10316 20272 49961 83510 333 58005 83630 86460=",
"42170099999","2025-07-29T18:00:00","4","28.25","74.9166666","291.0","CHURU, IN","FM-12","99999","V020","230,1,N,0010,1","03000,1,9,N","004000,1,9,9","+0304,1","+0265,1","09974,1",,,,,,"04,1,+00900,1,06,1","07,1,+03000,1,04,1",,,"9,AGL   ,+99999,+99999","07,99,1,04,1,99,9,00900,1,99,9,99,9",,,,"9,9,999,9,+006,1",,"SYN06442170 32596 72302 10304 20265 49974 84510 333 58006 84630 87460=",
"42170099999","2025-07-29T21:00:00","4","28.25","74.9166666","291.0","CHURU, IN","FM-12","99999","V020","230,1,N,0005,1","03000,1,9,N","004000,1,9,9","+0290,1","+0265,1","09968,1",,,,,,"03,1,+00900,1,06,1","06,1,+03000,1,04,1",,,"9,AGL   ,+99999,+99999","06,99,1,03,1,99,9,00900,1,99,9,99,9",,,,"9,9,999,9,+008,1",,"SYN06442170 32596 62301 10290 20265 49968 83510 333 58008 83630 86460=",
"42170099999","2025-07-30T00:00:00","4","28.25","74.9166666","291.0","CHURU, IN","FM-12","99999","V020","999,9,C,0000,1","00900,1,C,N","004000,1,9,9","+0280,1","+0254,1","09966,1",,,,,,"05,1,+00900,1,06,1",,,,"9,AGL   ,+99999,+99999","05,99,1,05,1,99,9,00900,1,99,9,99,9",,,,"9,9,999,9,+003,1",,"SYN05842170 32596 50000 10280 20254 49966 85500 333 58003 85630=",
"42170099999","2025-07-30T03:00:00","4","28.25","74.9166666","291.0","CHURU, IN","FM-12","99999","V020","180,1,N,0010,1","01200,1,C,N","004000,1,9,9","+0290,1","+0247,1","09977,1",,,,,,"05,1,+01200,1,06,1",,,,"9,AGL   ,+99999,+99999","05,99,1,05,1,99,9,01200,1,99,9,99,9","240,M,+0370,1","240,N,+0275,1",,"9,9,999,9,+005,1",,"SYN08042170 32696 51802 10290 20247 49977 85500 333 10370 20275 58005 85640 555 10397=",
"42170099999","2025-07-30T06:00:00","4","28.25","74.9166666","291.0","CHURU, IN","FM-12","99999","V020","140,1,N,0010,1","01050,1,C,N","004000,1,9,9","+0290,1","+0247,1","09977,1",,,,,,"05,1,+01050,1,06,1","08,1,+02400,1,04,1",,,"9,AGL   ,+99999,+99999","08,99,1,05,1,99,9,01050,1,99,9,99,9",,,,"9,9,999,9,+019,1",,"SYN06442170 32696 81402 10290 20247 49977 85500 333 58019 85635 88458=",
"42170099999","2025-07-30T09:00:00","4","28.25","74.9166666","291.0","CHURU, IN","FM-12","99999","V020","999,9,V,0005,1","03000,1,9,N","004000,1,9,9","+0320,1","+0264,1","09968,1",,,,,,"04,1,+00900,1,06,1","08,1,+03000,1,04,1",,,"9,AGL   ,+99999,+99999","08,99,1,04,1,99,9,00900,1,99,9,99,9",,,,"9,9,999,9,+014,1",,"SYN06442170 32596 89901 10320 20264 49968 8451/ 333 58014 84630 88460=",
"42170099999","2025-07-30T12:00:00","4","28.25","74.9166666","291.0","CHURU, IN","FM-12","99999","V020","999,9,V,0005,1","00900,1,C,N","004000,1,9,9","+0306,1","+0270,1","09959,1",,,,,,"05,1,+00900,1,06,1","08,1,+03000,1,04,1",,,"9,AGL   ,+99999,+99999","08,99,1,05,1,99,9,00900,1,99,9,99,9","240,M,+0329,1",,,"9,9,999,9,+013,1",,"SYN07042170 32596 89901 10306 20270 49959 8551/ 333 10329 58013 85630 88460=",
"42170099999","2025-07-30T15:00:00","4","28.25","74.9166666","291.0","CHURU, IN","FM-12","99999","V020","180,1,N,0005,1","03000,1,C,N","004000,1,9,9","+0296,1","+0262,1","09977,1",,,,,,"03,1,+00750,1,06,1","05,1,+03000,1,04,1",,,"9,AGL   ,+99999,+99999","08,99,1,03,1,99,9,00750,1,99,9,99,9",,,,"9,9,999,9,+013,1",,"SYN06442170 32596 81801 10296 20262 49977 8357/ 333 58013 83625 85460=",
"42170099999","2025-07-30T18:00:00","4","28.25","74.9166666","291.0","CHURU, IN","FM-12","99999","V020","230,1,N,0010,1","03000,1,C,N","004000,1,9,9","+0284,1","+0253,1","09987,1",,,,,,"03,1,+00750,1,06,1","05,1,+03000,1,04,1",,,"9,AGL   ,+99999,+99999","08,99,1,03,1,99,9,00750,1,99,9,99,9",,,,"9,9,999,9,+011,1",,"SYN06442170 32596 82302 10284 20253 49987 8357/ 333 58011 83625 85460=",
"42170099999","2025-07-30T21:00:00","4","28.25","74.9166666","291.0","CHURU, IN","FM-12","99999","V020","230,1,N,0010,1","03000,1,C,N","004000,1,9,9","+0270,1","+0244,1","09986,1",,,,,,"03,1,+00750,1,06,1","03,1,+03000,1,04,1",,,"9,AGL   ,+99999,+99999","06,99,1,03,1,99,9,00750,1,99,9,99,9",,,,"9,9,999,9,+015,1",,"SYN06442170 32596 62302 10270 20244 49986 83510 333 58015 83625 83460=",
"42170099999","2025-07-31T00:00:00","4","28.25","74.9166666","291.0","CHURU, IN","FM-12","99999","V020","230,1,N,0010,1","03000,1,C,N","004000,1,9,9","+0254,1","+0248,1","09971,1","21,0070,3,1","6,1,02,1","2,1,02,1",,,"03,1,+00750,1,06,1","04,1,+03000,1,04,1",,,"9,AGL   ,+99999,+99999","07,99,1,03,1,99,9,00750,1,99,9,99,9",,,,"9,9,999,9,+002,1","60,1","SYN07642170 21596 72302 10254 20248 49971 76062 83520 333 58002 6007/ 83625 84460=",
"42170099999","2025-07-31T03:00:00","4","28.25","74.9166666","291.0","CHURU, IN","FM-12","99999","V020","230,1,N,0015,1","03000,1,9,N","004000,1,9,9","+0250,1","+0247,1","09984,1","24,0310,3,1","6,1,02,1","2,1,02,1",,,"04,1,+00900,1,06,1","08,1,+03000,1,04,1",,,"9,AGL   ,+99999,+99999","08,99,1,04,1,99,9,00900,1,99,9,99,9","240,M,+0329,1","240,N,+0248,1",,"9,9,999,9,+003,1","60,1","SYN10442170 21596 82303 10250 20247 49984 76062 8452/ 333 10329 20248 58003 6031/ 84630 88460 555 00308 10428=",
"42170099999","2025-07-31T06:00:00","4","28.25","74.9166666","291.0","CHURU, IN","FM-12","99999","V020","999,9,C,0000,1","00900,1,C,N","002000,1,9,9","+0252,1","+0252,1","09992,1","03,0360,3,1","6,1,02,1","6,1,02,1",,,"06,1,+00900,1,06,1","08,1,+02400,1,04,1",,,"9,AGL   ,+99999,+99999","08,99,1,06,1,99,9,00900,1,99,9,99,9",,,,"9,9,999,9,+000,1","61,1","SYN07642170 21595 80000 10252 20252 49992 76166 8652/ 333 58000 6036/ 86630 88458=",
"42170099999","2025-07-31T09:00:00","4","28.25","74.9166666","291.0","CHURU, IN","FM-12","99999","V020","230,1,N,0010,1","03000,1,9,N","004000,1,9,9","+0264,1","+0261,1","09982,1","06,0500,3,1","6,1,02,1","6,1,02,1",,,"04,1,+00900,1,06,1","08,1,+03000,1,04,1",,,"9,AGL   ,+99999,+99999","08,99,1,04,1,99,9,00900,1,99,9,99,9",,,,"9,9,999,9,+009,1","61,1","SYN07642170 21596 82302 10264 20261 49982 76166 8452/ 333 58009 6050/ 84630 88460=",
"42170099999","2025-07-31T12:00:00","4","28.25","74.9166666","291.0","CHURU, IN","FM-12","99999","V020","270,1,N,0010,1","03000,1,9,N","004000,1,9,9","+0274,1","+0268,1","09974,1","09,0500,3,1","6,1,02,1","6,1,02,1",,,"04,1,+00900,1,06,1","08,1,+03000,1,04,1",,,"9,AGL   ,+99999,+99999","08,99,1,04,1,99,9,00900,1,99,9,99,9","240,M,+0276,1",,,"9,9,999,9,+011,1","50,1","SYN08242170 21596 82702 10274 20268 49974 75066 8452/ 333 10276 58011 6050/ 84630 88460=",
"42170099999","2025-07-31T15:00:00","4","28.25","74.9166666","291.0","CHURU, IN","FM-12","99999","V020","230,1,N,0010,1","02400,1,9,N","004000,1,9,9","+0266,1","+0260,1","09986,1","12,0500,3,1",,,,,"04,1,+00900,1,06,1","08,1,+02400,1,04,1",,,"9,AGL   ,+99999,+99999","08,99,1,04,1,99,9,00900,1,99,9,99,9",,,,"9,9,999,9,+006,1",,"SYN07042170 22596 82302 10266 20260 49986 8451/ 333 58006 6050/ 84630 88458=",
"42170099999","2025-07-31T18:00:00","4","28.25","74.9166666","291.0","CHURU, IN","FM-12","99999","V020","230,1,N,0005,1","00900,1,C,N","004000,1,9,9","+0266,1","+0263,1","09992,1","15,0500,3,1",,,,,"05,1,+00900,1,06,1","08,1,+03000,1,04,1",,,"9,AGL   ,+99999,+99999","08,99,1,05,1,99,9,00900,1,99,9,99,9",,,,"9,9,999,9,+003,1",,"SYN07042170 22596 82301 10266 20263 49992 8551/ 333 58003 6050/ 85630 88460=",
"42170099999","2025-07-31T21:00:00","4","28.25","74.9166666","291.0","CHURU, IN","FM-12","99999","V020","230,1,N,0010,1","03000,1,9,N","004000,1,9,9","+0264,1","+0261,1","09987,1","18,0500,3,1",,,,,"04,1,+00900,1,06,1","08,1,+03000,1,04,1",,,"9,AGL   ,+99999,+99999","08,99,1,04,1,99,9,00900,1,99,9,99,9",,,,"9,9,999,9,+001,1",,"SYN07042170 22596 82302 10264 20261 49987 8451/ 333 58001 6050/ 84630 88460=",
"42170099999","2025-08-01T00:00:00","4","28.25","74.9166666","291.0","CHURU, IN","FM-12","99999","V020","999,9,C,0000,1","00900,1,C,N","004000,1,9,9","+0258,1","+0255,1","09991,1","21,0500,3,1",,,,,"05,1,+00900,1,06,1","08,1,+03000,1,04,1",,,"9,AGL   ,+99999,+99999","08,99,1,05,1,99,9,00900,1,99,9,99,9",,,,"9,9,999,9,+010,1",,"SYN07042170 22596 80000 10258 20255 49991 8551/ 333 58010 6050/ 85630 88460=",
"42170099999","2025-08-01T03:00:00","4","28.25","74.9166666","291.0","CHURU, IN","FM-12","99999","V020","230,1,N,0010,1","02400,1,9,N","004000,1,9,9","+0268,1","+0260,1","09999,1","24,0500,3,1",,,,,"03,1,+00900,1,06,1","08,1,+02400,1,04,1",,,"9,AGL   ,+99999,+99999","08,99,1,03,1,99,9,00900,1,99,9,99,9","240,M,+0276,1","240,N,+0250,1",,"9,9,999,9,+023,1",,"SYN09842170 22596 82302 10268 20260 49999 8352/ 333 10276 20250 58023 6050/ 83630 88458 555 00501 10478=",
"42170099999","2025-08-01T06:00:00","4","28.25","74.9166666","291.0","CHURU, IN","FM-12","99999","V020","999,9,C,0000,1","99999,9,9,N","004000,1,9,9","+0274,1","+0271,1","10008,1","03,0050,3,1","2,1,02,1","0,1,02,1",,,"03,1,+00800,1,06,1","99,9,+99999,9,05,1",,,"9,AGL   ,+99999,+99999","08,99,1,03,1,99,9,00800,1,99,9,99,9",,,,"9,9,999,9,+018,1","21,1","SYN07642170 21596 80000 10274 20271 40008 72120 8352/ 333 58018 6005/ 53630 88458=",
"42170099999","2025-08-01T09:00:00","4","28.25","74.9166666","291.0","CHURU, IN","FM-12","99999","V020","270,1,N,0021,1","01200,1,9,N","004000,1,9,9","+0288,1","+0260,1","09995,1","06,0080,3,1","6,1,02,1","2,1,02,1",,,"04,1,+00900,1,08,1","07,1,+01200,1,06,1",,,"9,AGL   ,+99999,+99999","07,99,1,04,1,99,9,00900,1,99,9,99,9",,,,"9,9,999,9,+014,1","02,1","SYN07642170 21596 72704 10288 20260 49995 70262 87400 333 58014 6008/ 84830 87640=",
"42170099999","2025-08-01T12:00:00","4","28.25","74.9166666","291.0","CHURU, IN","FM-12","99999","V020","270,1,N,0010,1","01200,1,9,N","004000,1,9,9","+0300,1","+0269,1","09985,1","09,0080,3,1","6,1,02,1","2,1,02,1",,,"04,1,+00900,1,06,1","08,1,+01200,1,08,1",,,"9,AGL   ,+99999,+99999","08,99,1,04,1,99,9,00900,1,99,9,99,9","240,M,+0307,1",,,"9,9,999,9,+013,1","02,1","SYN08242170 21596 82702 10300 20269 49985 70262 884// 333 10307 58013 6008/ 84630 88840=",
"42170099999","2025-08-01T15:00:00","4","28.25","74.9166666","291.0","CHURU, IN","FM-12","99999","V020","999,9,V,0005,1","03000,1,9,N","004000,1,9,9","+0280,1","+0260,1","10000,1","12,0080,3,1",,,,,"03,1,+00900,1,06,1","06,1,+03000,1,04,1",,,"9,AGL   ,+99999,+99999","06,99,1,03,1,99,9,00900,1,99,9,99,9",,,,"9,9,999,9,+014,1",,"SYN07042170 22596 69901 10280 20260 40000 83510 333 58014 6008/ 83630 86460=",
"42170099999","2025-08-01T18:00:00","4","28.25","74.9166666","291.0","CHURU, IN","FM-12","99999","V020","999,9,V,0005,1","03000,1,9,N","004000,1,9,9","+0270,1","+0262,1","10004,1","15,0080,3,1",,,,,"03,1,+00900,1,06,1","06,1,+03000,1,04,1",,,"9,AGL   ,+99999,+99999","06,99,1,03,1,99,9,00900,1,99,9,99,9",,,,"9,9,999,9,+011,1",,"SYN07042170 22596 69901 10270 20262 40004 83510 333 58011 6008/ 83630 86460=",
"42170099999","2025-08-01T21:00:00","4","28.25","74.9166666","291.0","CHURU, IN","FM-12","99999","V020","999,9,V,0005,1","03000,1,9,N","004000,1,9,9","+0264,1","+0258,1","09997,1","18,0080,3,1",,,,,"03,1,+00900,1,06,1","06,1,+03000,1,04,1",,,"9,AGL   ,+99999,+99999","06,99,1,03,1,99,9,00900,1,99,9,99,9",,,,"9,9,999,9,+009,1",,"SYN07042170 22596 69901 10264 20258 49997 83510 333 58009 6008/ 83630 86460=",
"42170099999","2025-08-02T00:00:00","4","28.25","74.9166666","291.0","CHURU, IN","FM-12","99999","V020","999,9,C,0000,1","00900,1,C,N","004000,1,9,9","+0266,1","+0255,1","09999,1","21,0080,3,1","5,1,02,1","2,1,02,1",,,"06,1,+00900,1,06,1","08,1,+03000,1,04,1",,,"9,AGL   ,+99999,+99999","08,99,1,06,1,99,9,00900,1,99,9,99,9",,,,"9,9,999,9,+005,1","50,1","SYN07642170 21596 80000 10266 20255 49999 75052 8652/ 333 58005 6008/ 86630 88460=",
"42170099999","2025-08-02T03:00:00","4","28.25","74.9166666","291.0","CHURU, IN","FM-12","99999","V020","999,9,C,0000,1","03000,1,9,N","002000,1,9,9","+0262,1","+0256,1","10015,1","24,0120,3,1","6,1,02,1","5,1,02,1",,,"04,1,+00750,1,06,1","08,1,+03000,1,04,1",,,"9,AGL   ,+99999,+99999","08,99,1,04,1,99,9,00750,1,99,9,99,9","240,M,+0307,1","240,N,+0257,1",,"9,9,999,9,+016,1","60,1","SYN10442170 21595 80000 10262 20256 40015 76065 8452/ 333 10307 20257 58016 6012/ 84625 88460 555 00118 10490=",
"42170099999","2025-08-02T06:00:00","4","28.25","74.9166666","291.0","CHURU, IN","FM-12","99999","V020","230,1,N,0010,1","03000,1,9,N","004000,1,9,9","+0292,1","+0273,1","10012,1","03,0004,3,1","6,1,02,1","5,1,02,1",,,"03,1,+00750,1,06,1","07,1,+03000,1,04,1",,,"9,AGL   ,+99999,+99999","07,99,1,03,1,99,9,00750,1,99,9,99,9",,,,"9,9,999,9,+006,1","02,1","SYN07642170 21596 72302 10292 20273 40012 70265 83570 333 58006 6994/ 83625 87460=",
"42170099999","2025-08-02T09:00:00","4","28.25","74.9166666","291.0","CHURU, IN","FM-12","99999","V020","230,1,N,0010,1","01200,1,C,N","004000,1,9,9","+0330,1","+0269,1","09997,1","06,0004,3,1",,,,,"02,1,+01050,1,08,1","05,1,+01200,1,06,1",,,"9,AGL   ,+99999,+99999","05,99,1,02,1,99,9,01050,1,99,9,99,9",,,,"9,9,999,9,+007,1",,"SYN07042170 22596 52302 10330 20269 49997 85400 333 58007 6994/ 82835 85640=",
"42170099999","2025-08-02T12:00:00","4","28.25","74.9166666","291.0","CHURU, IN","FM-12","99999","V020","230,1,N,0005,1","22000,1,9,N","004000,1,9,9","+0332,1","+0269,1","09982,1","09,0004,3,1",,,,,"03,1,+01200,1,06,1",,,,"9,AGL   ,+99999,+99999","03,99,1,03,1,99,9,01200,1,99,9,99,9","240,M,+0342,1",,,"9,9,999,9,+001,1",,"SYN07042170 22696 32301 10332 20269 49982 83500 333 10342 58001 6994/ 83640=",
"42170099999","2025-08-02T15:00:00","4","28.25","74.9166666","291.0","CHURU, IN","FM-12","99999","V020","230,1,N,0010,1","22000,1,9,N","004000,1,9,9","+0300,1","+0269,1","10004,1","12,0004,3,1",,,,,"02,1,+00900,1,06,1",,,,"9,AGL   ,+99999,+99999","02,99,1,02,1,99,9,00900,1,99,9,99,9",,,,"9,9,999,9,+006,1",,"SYN06442170 22596 22302 10300 20269 40004 82500 333 58006 6994/ 82630=",
"42170099999","2025-08-02T18:00:00","4","28.25","74.9166666","291.0","CHURU, IN","FM-12","99999","V020","230,1,N,0005,1","22000,1,9,N","004000,1,9,9","+0284,1","+0259,1","10011,1","15,0004,3,1",,,,,"01,1,+00900,1,06,1",,,,"9,AGL   ,+99999,+99999","01,99,1,01,1,99,9,00900,1,99,9,99,9",,,,"9,9,999,9,+009,1",,"SYN06442170 22596 12301 10284 20259 40011 81500 333 58009 6994/ 81630=",
"42170099999","2025-08-02T21:00:00","4","28.25","74.9166666","291.0","CHURU, IN","FM-12","99999","V020","230,1,N,0005,1","22000,1,9,N","004000,1,9,9","+0272,1","+0255,1","10006,1","18,0004,3,1",,,,,"01,1,+01200,1,06,1",,,,"9,AGL   ,+99999,+99999","01,99,1,01,1,99,9,01200,1,99,9,99,9",,,,"9,9,999,9,+008,1",,"SYN06442170 22696 12301 10272 20255 40006 81500 333 58008 6994/ 81640=",
"42170099999","2025-08-03T00:00:00","4","28.25","74.9166666","291.0","CHURU, IN","FM-12","99999","V020","230,1,N,0005,1","22000,1,9,N","004000,1,9,9","+0264,1","+0250,1","10021,1","21,0004,3,1",,,,,"04,1,+00900,1,06,1",,,,"9,AGL   ,+99999,+99999","04,99,1,04,1,99,9,00900,1,99,9,99,9",,,,"9,9,999,9,-004,1",,"SYN06442170 22596 42301 10264 20250 40021 84500 333 59004 6994/ 84630=",
"42170099999","2025-08-03T03:00:00","4","28.25","74.9166666","291.0","CHURU, IN","FM-12","99999","V020","320,1,N,0005,1","22000,1,9,N","004000,1,9,9","+0290,1","+0250,1","10022,1","24,0004,3,1",,,,,"02,1,+03000,1,04,1","03,1,+06000,1,00,1",,,"9,AGL   ,+99999,+99999","03,99,1,02,1,99,9,03000,1,99,9,99,9","240,M,+0342,1","240,N,+0260,1",,"9,9,999,9,+009,1",,"SYN09842170 22996 33201 10290 20250 40022 82010 333 10342 20260 58009 6994/ 82460 83070 555 00004 10491=",
"42170099999","2025-08-03T06:00:00","4","28.25","74.9166666","291.0","CHURU, IN","FM-12","99999","V020","320,1,N,0010,1","22000,1,9,N","004000,1,9,9","+0330,1","+0260,1","10023,1",,,,,,"04,1,+03000,1,04,1",,,,"9,AGL   ,+99999,+99999","04,99,1,04,1,99,9,03000,1,99,9,99,9",,,,"9,9,999,9,+014,1",,"SYN05842170 32996 43202 10330 20260 40023 84010 333 58014 84460=",
"42170099999","2025-08-03T09:00:00","4","28.25","74.9166666","291.0","CHURU, IN","FM-12","99999","V020","320,1,N,0010,1","03000,1,9,N","004000,1,9,9","+0340,1","+0265,1","10002,1",,,,,,"03,1,+00900,1,06,1","06,1,+03000,1,04,1",,,"9,AGL   ,+99999,+99999","06,99,1,03,1,99,9,00900,1,99,9,99,9",,,,"9,9,999,9,+015,1",,"SYN06442170 32596 63202 10340 20265 40002 83510 333 58015 83630 86460=",
"42170099999","2025-08-03T12:00:00","4","28.25","74.9166666","291.0","CHURU, IN","FM-12","99999","V020","320,1,N,0010,1","03000,1,C,N","004000,1,9,9","+0348,1","+0265,1","09998,1",,,,,,"02,1,+00900,1,06,1","05,1,+03000,1,04,1",,,"9,AGL   ,+99999,+99999","05,99,1,02,1,99,9,00900,1,99,9,99,9","240,M,+0355,1",,,"9,9,999,9,+017,1",,"SYN07042170 32596 53202 10348 20265 49998 82510 333 10355 58017 82630 85460=",
"42170099999","2025-08-03T15:00:00","4","28.25","74.9166666","291.0","CHURU, IN","FM-12","99999","V020","200,1,N,0010,1","22000,1,9,N","004000,1,9,9","+0314,1","+0267,1","10011,1",,,,,,"01,1,+00750,1,06,1","03,1,+03000,1,04,1",,,"9,AGL   ,+99999,+99999","04,99,1,01,1,99,9,00750,1,99,9,99,9",,,,"9,9,999,9,+009,1",,"SYN06442170 32596 42002 10314 20267 40011 81510 333 58009 81625 83460=",
"42170099999","2025-08-03T18:00:00","4","28.25","74.9166666","291.0","CHURU, IN","FM-12","99999","V020","270,1,N,0010,1","22000,1,9,N","004000,1,9,9","+0288,1","+0266,1","10022,1",,,,,,"01,1,+00750,1,06,1","03,1,+03000,1,04,1",,,"9,AGL   ,+99999,+99999","04,99,1,01,1,99,9,00750,1,99,9,99,9",,,,"9,9,999,9,+011,1",,"SYN06442170 32596 42702 10288 20266 40022 81510 333 58011 81625 83460=",
"42170099999","2025-08-03T21:00:00","4","28.25","74.9166666","291.0","CHURU, IN","FM-12","99999","V020","180,1,N,0010,1","22000,1,9,N","004000,1,9,9","+0274,1","+0242,1","10017,1",,,,,,"03,1,+03000,1,03,1",,,,"9,AGL   ,+99999,+99999","03,99,1,03,1,99,9,03000,1,99,9,99,9",,,,"9,9,999,9,+011,1",,"SYN05842170 32996 31802 10274 20242 40017 83030 333 58011 83360=",
"42170099999","2025-08-04T00:00:00","4","28.25","74.9166666","291.0","CHURU, IN","FM-12","99999","V020","230,1,N,0010,1","00750,1,C,N","004000,1,9,9","+0264,1","+0244,1","10022,1",,,,,,"05,1,+00750,1,06,1",,,,"9,AGL   ,+99999,+99999","05,99,1,05,1,99,9,00750,1,99,9,99,9",,,,"9,9,999,9,+011,1",,"SYN05842170 32596 52302 10264 20244 40022 85500 333 58011 85625=",
"42170099999","2025-08-04T03:00:00","4","28.25","74.9166666","291.0","CHURU, IN","FM-12","99999","V020","270,1,N,0015,1","06000,1,C,N","004000,1,9,9","+0284,1","+0247,1","10036,1",,,,,,"03,1,+03000,1,04,1","05,1,+06000,1,00,1",,,"9,AGL   ,+99999,+99999","05,99,1,03,1,99,9,03000,1,99,9,99,9","240,M,+0355,1","240,N,+0262,1",,"9,9,999,9,+013,1",,"SYN08642170 32796 52703 10284 20247 40036 83011 333 10355 20262 58013 83460 85070 555 10491=",
"42170099999","2025-08-04T06:00:00","4","28.25","74.9166666","291.0","CHURU, IN","FM-12","99999","V020","270,1,N,0010,1","03000,1,9,N","004000,1,9,9","+0326,1","+0262,1","10032,1",,,,,,"02,1,+01200,1,06,1","08,1,+03000,1,04,1",,,"9,AGL   ,+99999,+99999","08,99,1,02,1,99,9,01200,1,99,9,99,9",,,,"9,9,999,9,+008,1",,"SYN06442170 32696 82702 10326 20262 40032 8251/ 333 58008 82640 88460=",
"42170099999","2025-08-04T09:00:00","4","28.25","74.9166666","291.0","CHURU, IN","FM-12","99999","V020","230,1,N,0010,1","02400,1,9,N","004000,1,9,9","+0328,1","+0280,1","10026,1",,,,,,"04,1,+01200,1,06,1","08,1,+02400,1,04,1",,,"9,AGL   ,+99999,+99999","08,99,1,04,1,99,9,01200,1,99,9,99,9",,,,"9,9,999,9,+013,1",,"SYN06442170 32696 82302 10328 20280 40026 8452/ 333 58013 84640 88458=",
"42170099999","2025-08-04T12:00:00","4","28.25","74.9166666","291.0","CHURU, IN","FM-12","99999","V020","270,1,N,0005,1","01200,1,C,N","004000,1,9,9","+0332,1","+0266,1","10012,1",,,,,,"06,1,+01200,1,06,1",,,,"9,AGL   ,+99999,+99999","06,99,1,06,1,99,9,01200,1,99,9,99,9","240,M,+0340,1",,,"9,9,999,9,+012,1",,"SYN06442170 32696 62701 10332 20266 40012 86500 333 10340 58012 86640=",
"42170099999","2025-08-04T15:00:00","4","28.25","74.9166666","291.0","CHURU, IN","FM-12","99999","V020","140,1,N,0005,1","03000,1,9,N","004000,1,9,9","+0300,1","+0258,1","10013,1",,,,,,"03,1,+01200,1,06,1","06,1,+03000,1,04,1",,,"9,AGL   ,+99999,+99999","06,99,1,03,1,99,9,01200,1,99,9,99,9",,,,"9,9,999,9,+000,1",,"SYN06442170 32696 61401 10300 20258 40013 83510 333 58000 83640 86460=",
"42170099999","2025-08-04T18:00:00","4","28.25","74.9166666","291.0","CHURU, IN","FM-12","99999","V020","230,1,N,0005,1","03000,1,C,N","004000,1,9,9","+0286,1","+0252,1","10020,1",,,,,,"02,1,+01200,1,06,1","05,1,+03000,1,04,1",,,"9,AGL   ,+99999,+99999","05,99,1,02,1,99,9,01200,1,99,9,99,9",,,,"9,9,999,9,-002,1",,"SYN06442170 32696 52301 10286 20252 40020 82510 333 59002 82640 85460=",
"42170099999","2025-08-04T21:00:00","4","28.25","74.9166666","291.0","CHURU, IN","FM-12","99999","V020","230,1,N,0010,1","22000,1,9,N","004000,1,9,9","+0276,1","+0247,1","10011,1",,,,,,"04,1,+03000,1,04,1",,,,"9,AGL   ,+99999,+99999","04,99,1,04,1,99,9,03000,1,99,9,99,9",,,,"9,9,999,9,-006,1",,"SYN05842170 32996 42302 10276 20247 40011 84010 333 59006 84460=",
"42170099999","2025-08-05T00:00:00","4","28.25","74.9166666","291.0","CHURU, IN","FM-12","99999","V020","230,1,N,0005,1","03000,1,9,N","004000,1,9,9","+0268,1","+0242,1","10016,1",,,,,,"04,1,+01200,1,06,1","06,1,+03000,1,04,1",,,"9,AGL   ,+99999,+99999","06,99,1,04,1,99,9,01200,1,99,9,99,9",,,,"9,9,999,9,-006,1",,"SYN06442170 32696 62301 10268 20242 40016 84510 333 59006 84640 86460=",
"42170099999","2025-08-05T03:00:00","4","28.25","74.9166666","291.0","CHURU, IN","FM-12","99999","V020","270,1,N,0010,1","22000,1,9,N","004000,1,9,9","+0290,1","+0247,1","10031,1",,,,,,"02,1,+09000,1,00,1",,,,"9,AGL   ,+99999,+99999","02,99,1,02,1,99,9,09000,1,99,9,99,9","240,M,+0340,1","240,N,+0264,1",,"9,9,999,9,-004,1",,"SYN08042170 32996 22702 10290 20247 40031 80001 333 10340 20264 59004 82080 555 10491=",
"42170099999","2025-08-05T06:00:00","4","28.25","74.9166666","291.0","CHURU, IN","FM-12","99999","V020","270,1,N,0010,1","03000,1,C,N","004000,1,9,9","+0322,1","+0248,1","10031,1",,,,,,"03,1,+00750,1,08,1","03,1,+03000,1,03,1",,,"9,AGL   ,+99999,+99999","06,99,1,03,1,99,9,00750,1,99,9,99,9",,,,"9,9,999,9,-001,1",,"SYN06442170 32596 62702 10322 20248 40031 83830 333 59001 83825 83360=",
"42170099999","2025-08-05T09:00:00","4","28.25","74.9166666","291.0","CHURU, IN","FM-12","99999","V020","230,1,N,0015,1","00960,1,C,N","004000,1,9,9","+0350,1","+0252,1","10018,1",,,,,,"03,1,+00900,1,08,1","05,1,+00960,1,06,1",,,"9,AGL   ,+99999,+99999","05,99,1,03,1,99,9,00900,1,99,9,99,9",,,,"9,9,999,9,-006,1",,"SYN06442170 32596 52303 10350 20252 40018 85400 333 59006 83830 85632=",
"42170099999","2025-08-05T12:00:00","4","28.25","74.9166666","291.0","CHURU, IN","FM-12","99999","V020","230,1,N,0015,1","03000,1,9,N","004000,1,9,9","+0330,1","+0251,1","10008,1",,,,,,"03,1,+00900,1,06,1","06,1,+03000,1,04,1",,,"9,AGL   ,+99999,+99999","06,99,1,03,1,99,9,00900,1,99,9,99,9","240,M,+0354,1",,,"9,9,999,9,-005,1",,"SYN07042170 32596 62303 10330 20251 40008 83510 333 10354 59005 83630 86460=",
"42170099999","2025-08-05T15:00:00","4","28.25","74.9166666","291.0","CHURU, IN","FM-12","99999","V020","999,9,C,0000,1","22000,1,9,N","004000,1,9,9","+0304,1","+0247,1","10021,1",,,,,,"03,1,+03000,1,03,1",,,,"9,AGL   ,+99999,+99999","03,99,1,03,1,99,9,03000,1,99,9,99,9",,,"99999,9,09701,1","9,9,999,9,+009,1",,"SYN06442170 32796 30000 10304 20247 39701 40021 83030 333 58009 83360=",
"42170099999","2025-08-05T18:00:00","4","28.25","74.9166666","291.0","CHURU, IN","FM-12","99999","V020","999,9,C,0000,1","22000,1,9,N","004000,1,9,9","+0304,1","+0247,1","10021,1",,,,,,"03,1,+03000,1,03,1",,,,"9,AGL   ,+99999,+99999","03,99,1,03,1,99,9,03000,1,99,9,99,9",,,"99999,9,09701,1","9,9,999,9,+009,1",,"SYN06442170 32796 30000 10304 20247 39701 40021 83030 333 58009 83360=",
"42170099999","2025-08-05T21:00:00","4","28.25","74.9166666","291.0","CHURU, IN","FM-12","99999","V020","999,9,V,0005,1","22000,1,9,N","004000,1,9,9","+0272,1","+0237,1","10016,1",,,,,,"03,1,+03000,1,03,1",,,,"9,AGL   ,+99999,+99999","03,99,1,03,1,99,9,03000,1,99,9,99,9",,,,"9,9,999,9,+005,1",,"SYN05842170 32796 39901 10272 20237 40016 83030 333 58005 83360=",
"42170099999","2025-08-06T00:00:00","4","28.25","74.9166666","291.0","CHURU, IN","FM-12","99999","V020","999,9,V,0005,1","22000,1,9,N","004000,1,9,9","+0260,1","+0240,1","10032,1",,,,,,"02,1,+06000,1,00,1",,,,"9,AGL   ,+99999,+99999","02,99,1,02,1,99,9,06000,1,99,9,99,9",,,,"9,9,999,9,+014,1",,"SYN05842170 32996 29901 10260 20240 40032 80001 333 58014 82070=",
"42170099999","2025-08-06T03:00:00","4","28.25","74.9166666","291.0","CHURU, IN","FM-12","99999","V020","270,1,N,0005,1","99999,9,9,N","004000,1,9,9","+0284,1","+0244,1","10042,1",,,,,,,,,,,,"240,M,+0354,1","240,N,+0256,1",,"9,9,999,9,+010,1",,"SYN06842170 32996 02701 10284 20244 40042 333 10354 20256 58010 555 10491=",
"42170099999","2025-08-06T06:00:00","4","28.25","74.9166666","291.0","CHURU, IN","FM-12","99999","V020","320,1,N,0005,1","22000,1,9,N","004000,1,9,9","+0324,1","+0251,1","10042,1",,,,,,"04,1,+01050,1,08,1",,,,"9,AGL   ,+99999,+99999","04,99,1,04,1,99,9,01050,1,99,9,99,9",,,,"9,9,999,9,+011,1",,"SYN05842170 32696 43201 10324 20251 40042 84100 333 58011 84835=",
"42170099999","2025-08-06T09:00:00","4","28.25","74.9166666","291.0","CHURU, IN","FM-12","99999","V020","180,1,N,0010,1","00900,1,C,N","004000,1,9,9","+0354,1","+0253,1","10029,1",,,,,,"07,1,+00900,1,08,1",,,,"9,AGL   ,+99999,+99999","07,99,1,07,1,99,9,00900,1,99,9,99,9",,,,"9,9,999,9,+011,1",,"SYN05842170 32596 71802 10354 20253 40029 87200 333 58011 87830=",
"42170099999","2025-08-06T12:00:00","4","28.25","74.9166666","291.0","CHURU, IN","FM-12","99999","V020","180,1,N,0010,1","06000,1,C,N","004000,1,9,9","+0332,1","+0244,1","10012,1",,,,,,"01,1,+01200,1,06,1","05,1,+06000,1,00,1",,,"9,AGL   ,+99999,+99999","05,99,1,01,1,99,9,01200,1,99,9,99,9","240,M,+0358,1",,,"9,9,999,9,+005,1",,"SYN07042170 32696 51802 10332 20244 40012 81501 333 10358 58005 81640 85070=",
"42170099999","2025-08-06T15:00:00","4","28.25","74.9166666","291.0","CHURU, IN","FM-12","99999","V020","230,1,N,0010,1","22000,1,9,N","004000,1,9,9","+0304,1","+0247,1","10026,1",,,,,,"02,1,+03000,1,03,1",,,,"9,AGL   ,+99999,+99999","02,99,1,02,1,99,9,03000,1,99,9,99,9",,,,"9,9,999,9,+005,1",,"SYN05842170 32996 22302 10304 20247 40026 82030 333 58005 82360=",
"42170099999","2025-08-06T18:00:00","4","28.25","74.9166666","291.0","CHURU, IN","FM-12","99999","V020","999,9,C,0000,1","99999,9,9,N","004000,1,9,9","+0282,1","+0242,1","10034,1",,,,,,,,,,,,,,,"9,9,999,9,+014,1",,"SYN04642170 32996 00000 10282 20242 40034 333 58014=",
"42170099999","2025-08-06T21:00:00","4","28.25","74.9166666","291.0","CHURU, IN","FM-12","99999","V020","999,9,C,0000,1","99999,9,9,N","004000,1,9,9","+0270,1","+0244,1","10026,1",,,,,,,,,,,,,,,"9,9,999,9,+009,1",,"SYN04642170 32996 00000 10270 20244 40026 333 58009=",
"42170099999","2025-08-07T00:00:00","4","28.25","74.9166666","291.0","CHURU, IN","FM-12","99999","V020","230,1,N,0005,1","22000,1,9,N","004000,1,9,9","+0258,1","+0238,1","10025,1",,,,,,"01,1,+03000,1,04,1",,,,"9,AGL   ,+99999,+99999","01,99,1,01,1,99,9,03000,1,99,9,99,9",,,"99999,9,09699,1","9,9,999,9,-007,1",,"SYN06442170 32996 12301 10258 20238 39699 40025 81010 333 59007 81460=",
"42170099999","2025-08-07T03:00:00","4","28.25","74.9166666","291.0","CHURU, IN","FM-12","99999","V020","230,1,N,0010,1","99999,9,9,N","004000,1,9,9","+0290,1","+0241,1","10041,1",,,,,,,,,,,,"240,M,+0358,1","240,N,+0256,1",,"9,9,999,9,-001,1",,"SYN06842170 32996 02302 10290 20241 40041 333 10358 20256 59001 555 10491=",
"42170099999","2025-08-07T06:00:00","4","28.25","74.9166666","291.0","CHURU, IN","FM-12","99999","V020","320,1,N,0010,1","22000,1,9,N","004000,1,9,9","+0336,1","+0245,1","10040,1",,,,,,"02,1,+01050,1,08,1",,,,"9,AGL   ,+99999,+99999","02,99,1,02,1,99,9,01050,1,99,9,99,9",,,,"9,9,999,9,-001,1",,"SYN05842170 32696 23202 10336 20245 40040 82100 333 59001 82835=",
"42170099999","2025-08-07T09:00:00","4","28.25","74.9166666","291.0","CHURU, IN","FM-12","99999","V020","230,1,N,0015,1","22000,1,9,N","004000,1,9,9","+0350,1","+0252,1","10028,1",,,,,,"02,1,+01050,1,08,1",,,,"9,AGL   ,+99999,+99999","02,99,1,02,1,99,9,01050,1,99,9,99,9",,,,"9,9,999,9,-002,1",,"SYN05842170 32696 22303 10350 20252 40028 82100 333 59002 82835=",
"42170099999","2025-08-07T12:00:00","4","28.25","74.9166666","291.0","CHURU, IN","FM-12","99999","V020","230,1,N,0010,1","22000,1,9,N","004000,1,9,9","+0356,1","+0246,1","10002,1",,,,,,"02,1,+01050,1,08,1",,,,"9,AGL   ,+99999,+99999","02,99,1,02,1,99,9,01050,1,99,9,99,9","240,M,+0361,1",,,"9,9,999,9,-007,1",,"SYN06442170 32696 22302 10356 20246 40002 82100 333 10361 59007 82835=",
"42170099999","2025-08-07T15:00:00","4","28.25","74.9166666","291.0","CHURU, IN","FM-12","99999","V020","230,1,N,0010,1","22000,1,9,N","004000,1,9,9","+0318,1","+0247,1","10006,1",,,,,,"02,1,+00750,1,06,1",,,,"9,AGL   ,+99999,+99999","02,99,1,02,1,99,9,00750,1,99,9,99,9",,,,"9,9,999,9,-018,1",,"SYN05842170 32596 22302 10318 20247 40006 82500 333 59018 82625=",
"42170099999","2025-08-07T18:00:00","4","28.25","74.9166666","291.0","CHURU, IN","FM-12","99999","V020","180,1,N,0010,1","99999,9,9,N","004000,1,9,9","+0294,1","+0236,1","10021,1",,,,,,,,,,,,,,,"9,9,999,9,-011,1",,"SYN04642170 32996 01802 10294 20236 40021 333 59011=",
"42170099999","2025-08-07T21:00:00","4","28.25","74.9166666","291.0","CHURU, IN","FM-12","99999","V020","230,1,N,0010,1","99999,9,9,N","004000,1,9,9","+0274,1","+0230,1","10014,1",,,,,,,,,,,,,,,"9,9,999,9,-011,1",,"SYN04642170 32996 02302 10274 20230 40014 333 59011=",
"42170099999","2025-08-08T00:00:00","4","28.25","74.9166666","291.0","CHURU, IN","FM-12","99999","V020","140,1,N,0010,1","22000,1,9,N","004000,1,9,9","+0264,1","+0226,1","10017,1",,,,,,"02,1,+09000,1,00,1",,,,"9,AGL   ,+99999,+99999","02,99,1,02,1,99,9,09000,1,99,9,99,9",,,,"9,9,999,9,-006,1",,"SYN05842170 32996 21402 10264 20226 40017 80001 333 59006 82080=",
"42170099999","2025-08-08T03:00:00","4","28.25","74.9166666","291.0","CHURU, IN","FM-12","99999","V020","230,1,N,0015,1","22000,1,9,N","004000,1,9,9","+0298,1","+0234,1","10030,1",,,,,,"02,1,+06000,1,00,1",,,,"9,AGL   ,+99999,+99999","02,99,1,02,1,99,9,06000,1,99,9,99,9","240,M,+0361,1","240,N,+0262,1",,"9,9,999,9,-009,1",,"SYN08042170 32996 22303 10298 20234 40030 80001 333 10361 20262 59009 82070 555 10491=",
"42170099999","2025-08-08T06:00:00","4","28.25","74.9166666","291.0","CHURU, IN","FM-12","99999","V020","230,1,N,0015,1","22000,1,9,N","004000,1,9,9","+0344,1","+0245,1","10029,1",,,,,,"02,1,+06000,1,00,1",,,,"9,AGL   ,+99999,+99999","02,99,1,02,1,99,9,06000,1,99,9,99,9",,,"99999,9,09712,1","9,9,999,9,-010,1",,"SYN06442170 32996 22303 10344 20245 39712 40029 80001 333 59010 82070=",
"42170099999","2025-08-08T09:00:00","4","28.25","74.9166666","291.0","CHURU, IN","FM-12","99999","V020","180,1,N,0010,1","03000,1,9,N","004000,1,9,9","+0356,1","+0243,1","10024,1",,,,,,"03,1,+00900,1,08,1","06,1,+03000,1,04,1",,,"9,AGL   ,+99999,+99999","06,99,1,03,1,99,9,00900,1,99,9,99,9",,,,"9,9,999,9,-002,1",,"SYN06442170 32596 61802 10356 20243 40024 83110 333 59002 83830 86460=",
"42170099999","2025-08-08T12:00:00","4","28.25","74.9166666","291.0","CHURU, IN","FM-12","99999","V020","180,1,N,0010,1","03000,1,9,N","004000,1,9,9","+0350,1","+0242,1","10016,1",,,,,,"03,1,+00900,1,08,1","06,1,+03000,1,04,1",,,"9,AGL   ,+99999,+99999","06,99,1,03,1,99,9,00900,1,99,9,99,9","240,M,+0369,1",,,"9,9,999,9,+012,1",,"SYN07042170 32596 61802 10350 20242 40016 83110 333 10369 58012 83830 86460=",
"42170099999","2025-08-08T15:00:00","4","28.25","74.9166666","291.0","CHURU, IN","FM-12","99999","V020","230,1,N,0005,1","03000,1,C,N","004000,1,9,9","+0320,1","+0249,1","10032,1",,,,,,"02,1,+01200,1,06,1","05,1,+03000,1,04,1",,,"9,AGL   ,+99999,+99999","05,99,1,02,1,99,9,01200,1,99,9,99,9",,,,"9,9,999,9,+024,1",,"SYN06442170 32696 52301 10320 20249 40032 82510 333 58024 82640 85460=",
"42170099999","2025-08-08T18:00:00","4","28.25","74.9166666","291.0","CHURU, IN","FM-12","99999","V020","999,9,C,0000,1","22000,1,9,N","004000,1,9,9","+0300,1","+0243,1","10042,1",,,,,,"03,1,+03000,1,04,1",,,,"9,AGL   ,+99999,+99999","03,99,1,03,1,99,9,03000,1,99,9,99,9",,,,"9,9,999,9,+020,1",,"SYN05842170 32996 30000 10300 20243 40042 83010 333 58020 83460=",
"42170099999","2025-08-08T21:00:00","4","28.25","74.9166666","291.0","CHURU, IN","FM-12","99999","V020","999,9,C,0000,1","22000,1,9,N","004000,1,9,9","+0278,1","+0237,1","10038,1",,,,,,"03,1,+03000,1,04,1",,,,"9,AGL   ,+99999,+99999","03,99,1,03,1,99,9,03000,1,99,9,99,9",,,,"9,9,999,9,+023,1",,"SYN05842170 32996 30000 10278 20237 40038 83010 333 58023 83460=",
"42170099999","2025-08-09T00:00:00","4","28.25","74.9166666","291.0","CHURU, IN","FM-12","99999","V020","230,1,N,0010,1","22000,1,9,N","004000,1,9,9","+0270,1","+0235,1","10043,1",,,,,,"02,1,+01200,1,06,1",,,,"9,AGL   ,+99999,+99999","02,99,1,02,1,99,9,01200,1,99,9,99,9",,,,"9,9,999,9,+025,1",,"SYN05842170 32696 22302 10270 20235 40043 82500 333 58025 82640=",
"42170099999","2025-08-09T03:00:00","4","28.25","74.9166666","291.0","CHURU, IN","FM-12","99999","V020","230,1,N,0010,1","99999,9,9,N","004000,1,9,9","+0294,1","+0230,1","10060,1",,,,,,,,,,,,"240,M,+0369,1","240,N,+0264,1",,"9,9,999,9,+028,1",,"SYN06842170 32996 02302 10294 20230 40060 333 10369 20264 58028 555 10491=",
"42170099999","2025-08-09T06:00:00","4","28.25","74.9166666","291.0","CHURU, IN","FM-12","99999","V020","320,1,N,0010,1","02400,1,9,N","004000,1,9,9","+0334,1","+0243,1","10059,1",,,,,,"04,1,+01200,1,06,1","08,1,+02400,1,04,1",,,"9,AGL   ,+99999,+99999","08,99,1,04,1,99,9,01200,1,99,9,99,9",,,,"9,9,999,9,+029,1",,"SYN06442170 32696 83202 10334 20243 40059 8452/ 333 58029 84640 88458=",
"42170099999","2025-08-09T09:00:00","4","28.25","74.9166666","291.0","CHURU, IN","FM-12","99999","V020","250,1,N,0010,1","03000,1,C,N","004000,1,9,9","+0342,1","+0249,1","10048,1",,,,,,"03,1,+00750,1,06,1","04,1,+03000,1,04,1",,,"9,AGL   ,+99999,+99999","07,99,1,03,1,99,9,00750,1,99,9,99,9",,,,"9,9,999,9,+022,1",,"SYN06442170 32596 72502 10342 20249 40048 83570 333 58022 83625 84460=",
"42170099999","2025-08-09T12:00:00","4","28.25","74.9166666","291.0","CHURU, IN","FM-12","99999","V020","999,9,C,0000,1","03000,1,C,9","004000,1,9,9","+0335,1","+0252,1","10034,1","99,9999,9,9",,,"0,1,99,9","0,1,99,9","03,1,+00750,1,06,1","04,1,+03000,1,04,1",,,"9,AGL   ,+99999,+99999","07,99,1,03,1,99,9,00750,1,99,9,99,9",,,,"9,9,999,9,+016,1",,"SYN004BUFR",
"42170099999","2025-08-09T15:00:00","4","28.25","74.9166666","291.0","CHURU, IN","FM-12","99999","V020","180,1,N,0010,1","03000,1,C,9","004000,1,9,9","+0302,1","+0251,1","10038,1","99,9999,9,9",,,"0,1,99,9","0,1,99,9","02,1,+00750,1,06,1","03,1,+03000,1,03,1",,,"9,AGL   ,+99999,+99999","05,99,1,02,1,99,9,00750,1,99,9,99,9",,,,"9,9,999,9,+005,1",,"SYN004BUFR",
"42170099999","2025-08-09T18:00:00","4","28.25","74.9166666","291.0","CHURU, IN","FM-12","99999","V020","180,1,N,0005,1","22000,1,9,N","004000,1,9,9","+0292,1","+0252,1","10045,1",,,,,,"03,1,+00750,1,06,1",,,,"9,AGL   ,+99999,+99999","03,99,1,03,1,99,9,00750,1,99,9,99,9",,,,"9,9,999,9,+003,1",,"SYN05842170 32596 31801 10292 20252 40045 83500 333 58003 83625=",
"42170099999","2025-08-09T21:00:00","4","28.25","74.9166666","291.0","CHURU, IN","FM-12","99999","V020","180,1,N,0010,1","22000,1,9,N","004000,1,9,9","+0276,1","+0238,1","10038,1",,,,,,"02,1,+03000,1,03,1",,,,"9,AGL   ,+99999,+99999","02,99,1,02,1,99,9,03000,1,99,9,99,9",,,,"9,9,999,9,+000,1",,"SYN05842170 32996 21802 10276 20238 40038 82030 333 58000 82360=",
"42170099999","2025-08-10T00:00:00","4","28.25","74.9166666","291.0","CHURU, IN","FM-12","99999","V020","230,1,N,0005,1","03000,1,9,N","004000,1,9,9","+0272,1","+0234,1","10026,1",,,,,,"04,1,+00750,1,06,1","08,1,+03000,1,04,1",,,"9,AGL   ,+99999,+99999","08,99,1,04,1,99,9,00750,1,99,9,99,9",,,,"9,9,999,9,-015,1",,"SYN06442170 32596 82301 10272 20234 40026 8457/ 333 59015 84625 88460=",
"42170099999","2025-08-10T03:00:00","4","28.25","74.9166666","291.0","CHURU, IN","FM-12","99999","V020","140,1,N,0005,1","03000,1,9,N","004000,1,9,9","+0276,1","+0232,1","10059,1",,,,,,"03,1,+00750,1,06,1","08,1,+03000,1,04,1",,,"9,AGL   ,+99999,+99999","08,99,1,03,1,99,9,00750,1,99,9,99,9","240,M,+0346,1","240,N,+0268,1",,"9,9,999,9,-003,1",,"SYN08642170 32596 81401 10276 20232 40059 8357/ 333 10346 20268 59003 83625 88460 555 10491=",
"42170099999","2025-08-10T06:00:00","4","28.25","74.9166666","291.0","CHURU, IN","FM-12","99999","V020","180,1,N,0010,1","03000,1,9,N","004000,1,9,9","+0296,1","+0241,1","10060,1",,,,,,"02,1,+00750,1,06,1","08,1,+03000,1,04,1",,,"9,AGL   ,+99999,+99999","08,99,1,02,1,99,9,00750,1,99,9,99,9",,,,"9,9,999,9,+000,1",,"SYN06442170 32596 81802 10296 20241 40060 8257/ 333 58000 82625 88460=",
"42170099999","2025-08-10T09:00:00","4","28.25","74.9166666","291.0","CHURU, IN","FM-12","99999","V020","180,1,N,0010,1","03000,1,9,N","004000,1,9,9","+0318,1","+0250,1","10037,1",,,,,,"04,1,+00900,1,06,1","08,1,+03000,1,04,1",,,"9,AGL   ,+99999,+99999","08,99,1,04,1,99,9,00900,1,99,9,99,9",,,,"9,9,999,9,-014,1",,"SYN06442170 32596 81802 10318 20250 40037 8451/ 333 59014 84630 88460=",
"42170099999","2025-08-10T12:00:00","4","28.25","74.9166666","291.0","CHURU, IN","FM-12","99999","V020","180,1,N,0005,1","22000,1,9,N","004000,1,9,9","+0322,1","+0264,1","10019,1",,,,,,"02,1,+00900,1,06,1",,,,"9,AGL   ,+99999,+99999","02,99,1,02,1,99,9,00900,1,99,9,99,9",,,,"9,9,999,9,-015,1",,"SYN06442170 32596 21801 10322 20264 40019 82500 333 10328 59015 82630=",
"42170099999","2025-08-10T15:00:00","4","28.25","74.9166666","291.0","CHURU, IN","FM-12","99999","V020","180,1,N,0005,1","99999,9,9,N","004000,1,9,9","+0302,1","+0263,1","10022,1",,,,,,,,,,,,,,,"9,9,999,9,-015,1",,"SYN04642170 32996 01801 10302 20263 40022 333 59015=",
"42170099999","2025-08-10T18:00:00","4","28.25","74.9166666","291.0","CHURU, IN","FM-12","99999","V020","230,1,N,0010,1","22000,1,9,N","004000,1,9,9","+0290,1","+0253,1","10023,1",,,,,,"02,1,+03000,1,03,1",,,,"9,AGL   ,+99999,+99999","02,99,1,02,1,99,9,03000,1,99,9,99,9",,,,"9,9,999,9,-021,1",,"SYN05842170 32996 22302 10290 20253 40023 82030 333 59021 82360=",
"42170099999","2025-08-10T21:00:00","4","28.25","74.9166666","291.0","CHURU, IN","FM-12","99999","V020","230,1,N,0005,1","22000,1,9,N","004000,1,9,9","+0276,1","+0250,1","10017,1",,,,,,"02,1,+02400,1,03,1",,,,"9,AGL   ,+99999,+99999","02,99,1,02,1,99,9,02400,1,99,9,99,9",,,,"9,9,999,9,-020,1",,"SYN05842170 32996 22301 10276 20250 40017 82030 333 59020 82358=",
"42170099999","2025-08-11T00:00:00","4","28.25","74.9166666","291.0","CHURU, IN","FM-12","99999","V020","230,1,N,0010,1","22000,1,9,N","004000,1,9,9","+0270,1","+0238,1","10023,1",,,,,,"03,1,+00900,1,06,1",,,,"9,AGL   ,+99999,+99999","03,99,1,03,1,99,9,00900,1,99,9,99,9",,,,"9,9,999,9,-004,1",,"SYN05842170 32596 32302 10270 20238 40023 83500 333 59004 83630=",
"42170099999","2025-08-11T03:00:00","4","28.25","74.9166666","291.0","CHURU, IN","FM-12","99999","V020","270,1,N,0010,1","22000,1,9,N","004000,1,9,9","+0298,1","+0234,1","10035,1",,,,,,"02,1,+03000,1,04,1",,,,"9,AGL   ,+99999,+99999","02,99,1,02,1,99,9,03000,1,99,9,99,9","240,M,+0328,1","240,N,+0265,1",,"9,9,999,9,-021,1",,"SYN08042170 32996 22702 10298 20234 40035 82010 333 10328 20265 59021 82460 555 10490=",
"42170099999","2025-08-11T06:00:00","4","28.25","74.9166666","291.0","CHURU, IN","FM-12","99999","V020","270,1,N,0010,1","22000,1,9,N","004000,1,9,9","+0350,1","+0242,1","10030,1",,,,,,"01,1,+01200,1,06,1","03,1,+03000,1,04,1",,,"9,AGL   ,+99999,+99999","03,99,1,01,1,99,9,01200,1,99,9,99,9",,,,"9,9,999,9,-024,1",,"SYN06442170 32696 32702 10350 20242 40030 81510 333 59024 81640 83460=",
"42170099999","2025-08-11T09:00:00","4","28.25","74.9166666","291.0","CHURU, IN","FM-12","99999","V020","270,1,N,0015,1","01200,1,9,N","004000,1,9,9","+0318,1","+0246,1","10010,1",,,,,,"04,1,+01050,1,05,1","05,1,+01200,1,08,1","06,1,+03000,1,03,1",,"9,AGL   ,+99999,+99999","06,99,1,04,1,99,9,01050,1,99,9,99,9",,,,"9,9,999,9,-020,1",,"SYN07042170 32696 62703 10318 20246 40010 85830 333 59020 84535 85840 86360=",
"42170099999","2025-08-11T12:00:00","4","28.25","74.9166666","291.0","CHURU, IN","FM-12","99999","V020","230,1,N,0010,1","03000,1,9,N","004000,1,9,9","+0350,1","+0236,1","10011,1","09,0000,2,1","6,1,02,1","2,1,02,1",,,"04,1,+00900,1,06,1","08,1,+03000,1,04,1",,,"9,AGL   ,+99999,+99999","08,99,1,04,1,99,9,00900,1,99,9,99,9","240,M,+0382,1",,,"9,9,999,9,-006,1","60,1","SYN08242170 21596 82302 10350 20236 40011 76062 8452/ 333 10382 59006 6990/ 84630 88460=",
"42170099999","2025-08-11T15:00:00","4","28.25","74.9166666","291.0","CHURU, IN","FM-12","99999","V020","999,9,V,0005,1","03000,1,9,N","004000,1,9,9","+0308,1","+0254,1","10009,1","12,0009,3,1","6,1,02,1","2,1,02,1",,,"03,1,+00900,1,06,1","06,1,+03000,1,04,1",,,"9,AGL   ,+99999,+99999","06,99,1,03,1,99,9,00900,1,99,9,99,9",,,,"9,9,999,9,-012,1","01,1","SYN07642170 21596 69901 10308 20254 40009 70162 83510 333 59012 6999/ 83630 86460=",
"42170099999","2025-08-11T18:00:00","4","28.25","74.9166666","291.0","CHURU, IN","FM-12","99999","V020","230,1,N,0010,1","03000,1,9,N","004000,1,9,9","+0300,1","+0236,1","10013,1","15,0009,3,1",,,,,"03,1,+00900,1,06,1","06,1,+03000,1,04,1",,,"9,AGL   ,+99999,+99999","06,99,1,03,1,99,9,00900,1,99,9,99,9",,,"99999,9,09692,1","9,9,999,9,-010,1",,"SYN07642170 22596 62302 10300 20236 39692 40013 83510 333 59010 6999/ 83630 86460=",
"42170099999","2025-08-11T21:00:00","4","28.25","74.9166666","291.0","CHURU, IN","FM-12","99999","V020","230,1,N,0010,1","03000,1,9,N","004000,1,9,9","+0288,1","+0242,1","10012,1","18,0009,3,1",,,,,"03,1,+00900,1,06,1","06,1,+03000,1,04,1",,,"9,AGL   ,+99999,+99999","06,99,1,03,1,99,9,00900,1,99,9,99,9",,,,"9,9,999,9,-004,1",,"SYN07042170 22596 62302 10288 20242 40012 83510 333 59004 6999/ 83630 86460=",
"42170099999","2025-08-12T00:00:00","4","28.25","74.9166666","291.0","CHURU, IN","FM-12","99999","V020","230,1,N,0010,1","99999,9,C,N","004000,1,9,9","+0284,1","+0235,1","10013,1","21,0009,3,1",,,,,"02,1,+00900,1,06,1","04,1,+03000,1,04,1",,,"9,AGL   ,+99999,+99999","04,99,1,02,1,99,9,00900,1,99,9,99,9",,,,"9,9,999,9,-008,1",,"SYN07042170 22596 42302 10284 20235 40013 82510 333 59008 6999/ 82630 84460=","Q01 030003SCOCIG"
"42170099999","2025-08-12T03:00:00","4","28.25","74.9166666","291.0","CHURU, IN","FM-12","99999","V020","230,1,N,0010,1","03000,1,9,N","004000,1,9,9","+0286,1","+0243,1","10029,1","24,0009,3,1",,,,,"03,1,+00750,1,06,1","07,1,+03000,1,04,1",,,"9,AGL   ,+99999,+99999","08,99,1,03,1,99,9,00750,1,99,9,99,9","240,M,+0382,1","240,N,+0276,1",,"9,9,999,9,-006,1",,"SYN09842170 22596 82302 10286 20243 40029 8351/ 333 10382 20276 59006 6999/ 83625 87460 555 00009 10491=",
"42170099999","2025-08-12T06:00:00","4","28.25","74.9166666","291.0","CHURU, IN","FM-12","99999","V020","320,1,N,0010,1","03000,1,9,N","004000,1,9,9","+0322,1","+0258,1","10031,1",,,,,,"02,1,+00750,1,06,1","07,1,+03000,1,04,1",,,"9,AGL   ,+99999,+99999","07,99,1,02,1,99,9,00750,1,99,9,99,9",,,,"9,9,999,9,-001,1",,"SYN06442170 32596 73202 10322 20258 40031 82570 333 59001 82625 87460=",
"42170099999","2025-08-12T09:00:00","4","28.25","74.9166666","291.0","CHURU, IN","FM-12","99999","V020","270,1,N,0010,1","00900,1,C,N","004000,1,9,9","+0340,1","+0244,1","10012,1",,,,,,"05,1,+00900,1,06,1",,,,"9,AGL   ,+99999,+99999","05,99,1,05,1,99,9,00900,1,99,9,99,9",,,,"9,9,999,9,-002,1",,"SYN05842170 32596 52702 10340 20244 40012 85500 333 59002 85630=",
"42170099999","2025-08-12T12:00:00","4","28.25","74.9166666","291.0","CHURU, IN","FM-12","99999","V020","999,9,C,0000,1","03000,1,C,N","004000,1,9,9","+0338,1","+0248,1","09991,1",,,,,,"03,1,+00900,1,06,1","05,1,+03000,1,04,1",,,"9,AGL   ,+99999,+99999","05,99,1,03,1,99,9,00900,1,99,9,99,9","240,M,+0350,1",,,"9,9,999,9,-020,1",,"SYN07042170 32596 50000 10338 20248 49991 83530 333 10350 59020 83630 85460=",
"42170099999","2025-08-12T15:00:00","4","28.25","74.9166666","291.0","CHURU, IN","FM-12","99999","V020","999,9,C,0000,1","22000,1,9,N","004000,1,9,9","+0310,1","+0260,1","09998,1",,,,,,"02,1,+03600,1,03,1",,,,"9,AGL   ,+99999,+99999","02,99,1,02,1,99,9,03600,1,99,9,99,9",,,,"9,9,999,9,-011,1",,"SYN05842170 32996 20000 10310 20260 49998 82030 333 59011 82362=",
"42170099999","2025-08-12T18:00:00","4","28.25","74.9166666","291.0","CHURU, IN","FM-12","99999","V020","999,9,C,0000,1","22000,1,9,N","004000,1,9,9","+0290,1","+0232,1","10003,1",,,,,,"02,1,+03000,1,04,1",,,,"9,AGL   ,+99999,+99999","02,99,1,02,1,99,9,03000,1,99,9,99,9",,,,"9,9,999,9,-011,1",,"SYN05842170 32996 20000 10290 20232 40003 82010 333 59011 82460=",
"42170099999","2025-08-12T21:00:00","4","28.25","74.9166666","291.0","CHURU, IN","FM-12","99999","V020","230,1,N,0005,1","22000,1,9,N","004000,1,9,9","+0284,1","+0235,1","09999,1",,,,,,"01,1,+03000,1,04,1",,,,"9,AGL   ,+99999,+99999","01,99,1,01,1,99,9,03000,1,99,9,99,9",,,,"9,9,999,9,-013,1",,"SYN05842170 32996 12301 10284 20235 49999 81010 333 59013 81460=",
"42170099999","2025-08-13T00:00:00","4","28.25","74.9166666","291.0","CHURU, IN","FM-12","99999","V020","230,1,N,0005,1","03600,1,C,N","004000,1,9,9","+0268,1","+0233,1","10005,1",,,,,,"02,1,+01200,1,06,1","05,1,+03600,1,03,1",,,"9,AGL   ,+99999,+99999","05,99,1,02,1,99,9,01200,1,99,9,99,9",,,,"9,9,999,9,-010,1",,"SYN06442170 32696 52301 10268 20233 40005 82530 333 59010 82640 85362=",
"42170099999","2025-08-13T03:00:00","4","28.25","74.9166666","291.0","CHURU, IN","FM-12","99999","V020","180,1,N,0010,1","02400,1,C,N","004000,1,9,9","+0288,1","+0239,1","10018,1",,,,,,"07,1,+02400,1,03,1",,,,"9,AGL   ,+99999,+99999","07,99,1,07,1,99,9,02400,1,99,9,99,9","240,M,+0350,1","240,N,+0265,1",,"9,9,999,9,-011,1",,"SYN08042170 32896 71802 10288 20239 40018 87030 333 10350 20265 59011 87358 555 10491=",
"42170099999","2025-08-13T06:00:00","4","28.25","74.9166666","291.0","CHURU, IN","FM-12","99999","V020","180,1,N,0010,1","22000,1,9,N","004000,1,9,9","+0344,1","+0248,1","10010,1",,,,,,"01,1,+01200,1,06,1","03,1,+06000,1,00,1",,,"9,AGL   ,+99999,+99999","03,99,1,01,1,99,9,01200,1,99,9,99,9",,,,"9,9,999,9,-018,1",,"SYN06442170 32696 31802 10344 20248 40010 81501 333 59018 81640 83070=",
"42170099999","2025-08-13T09:00:00","4","28.25","74.9166666","291.0","CHURU, IN","FM-12","99999","V020","999,9,C,0000,1","03000,1,9,N","004000,1,9,9","+0350,1","+0249,1","09994,1",,,,,,"04,1,+00900,1,06,1","07,1,+03000,1,04,1",,,"9,AGL   ,+99999,+99999","07,99,1,04,1,99,9,00900,1,99,9,99,9",,,,"9,9,999,9,-016,1",,"SYN06442170 32596 70000 10350 20249 49994 84510 333 59016 84630 87460=",
"42170099999","2025-08-13T12:00:00","4","28.25","74.9166666","291.0","CHURU, IN","FM-12","99999","V020","180,1,N,0010,1","03000,1,9,N","004000,1,9,9","+0340,1","+0240,1","09985,1",,,,,,"03,1,+00900,1,06,1","06,1,+03000,1,04,1",,,"9,AGL   ,+99999,+99999","06,99,1,03,1,99,9,00900,1,99,9,99,9","240,M,+0362,1",,,"9,9,999,9,-006,1",,"SYN07042170 32596 61802 10340 20240 49985 83510 333 10362 59006 83630 86460=",
"42170099999","2025-08-13T15:00:00","4","28.25","74.9166666","291.0","CHURU, IN","FM-12","99999","V020","999,9,C,0000,1","03000,1,C,N","004000,1,9,9","+0318,1","+0259,1","09998,1",,,,,,"03,1,+01050,1,06,1","05,1,+03000,1,04,1",,,"9,AGL   ,+99999,+99999","05,99,1,03,1,99,9,01050,1,99,9,99,9",,,,"9,9,999,9,+001,1",,"SYN06442170 32696 50000 10318 20259 49998 83510 333 58001 83635 85460=",
"42170099999","2025-08-13T18:00:00","4","28.25","74.9166666","291.0","CHURU, IN","FM-12","99999","V020","999,9,C,0000,1","99999,9,C,N","004000,1,9,9","+0302,1","+0254,1","10013,1",,,,,,"02,1,+01050,1,06,1","04,1,+03000,1,04,1",,,"9,AGL   ,+99999,+99999","04,99,1,02,1,99,9,01050,1,99,9,99,9",,,,"9,9,999,9,+012,1",,"SYN06442170 32696 40000 10302 20254 40013 82510 333 58012 82635 84460=","Q01 030003SCOCIG"
"42170099999","2025-08-13T21:00:00","4","28.25","74.9166666","291.0","CHURU, IN","FM-12","99999","V020","999,9,C,0000,1","99999,9,C,N","004000,1,9,9","+0292,1","+0252,1","10011,1",,,,,,"02,1,+01050,1,06,1","04,1,+03000,1,04,1",,,"9,AGL   ,+99999,+99999","04,99,1,02,1,99,9,01050,1,99,9,99,9",,,,"9,9,999,9,+013,1",,"SYN06442170 32696 40000 10292 20252 40011 82510 333 58013 82635 84460=","Q01 030003SCOCIG"
"42170099999","2025-08-14T00:00:00","4","28.25","74.9166666","291.0","CHURU, IN","FM-12","99999","V020","999,9,C,0000,1","03000,1,9,N","004000,1,9,9","+0282,1","+0245,1","10015,1",,,,,,"03,1,+01050,1,06,1","06,1,+03000,1,04,1",,,"9,AGL   ,+99999,+99999","06,99,1,03,1,99,9,01050,1,99,9,99,9",,,,"9,9,999,9,+012,1",,"SYN06442170 32696 60000 10282 20245 40015 83530 333 58012 83635 86460=",
"42170099999","2025-08-14T03:00:00","4","28.25","74.9166666","291.0","CHURU, IN","FM-12","99999","V020","230,1,N,0005,1","03000,1,9,N","004000,1,9,9","+0290,1","+0250,1","10032,1",,,,,,"03,1,+01200,1,06,1","08,1,+03000,1,04,1",,,"9,AGL   ,+99999,+99999","08,99,1,03,1,99,9,01200,1,99,9,99,9","240,M,+0362,1","240,N,+0280,1",,"9,9,999,9,+014,1",,"SYN08642170 32696 82301 10290 20250 40032 8351/ 333 10362 20280 58014 83640 88460 555 10491=",
"42170099999","2025-08-14T06:00:00","4","28.25","74.9166666","291.0","CHURU, IN","FM-12","99999","V020","140,1,N,0005,1","03000,1,9,N","004000,1,9,9","+0300,1","+0258,1","10046,1","03,0000,2,1","2,1,02,1","2,1,02,1",,,"04,1,+01200,1,06,1","08,1,+03000,1,04,1",,,"9,AGL   ,+99999,+99999","08,99,1,04,1,99,9,01200,1,99,9,99,9",,,,"9,9,999,9,+030,1","50,1","SYN07642170 21696 81401 10300 20258 40046 75022 8452/ 333 58030 6990/ 84640 88460=",
"42170099999","2025-08-14T09:00:00","4","28.25","74.9166666","291.0","CHURU, IN","FM-12","99999","V020","180,1,N,0010,1","03000,1,9,N","004000,1,9,9","+0290,1","+0253,1","10042,1","06,0000,2,1","5,1,02,1","2,1,02,1",,,"04,1,+01200,1,06,1","08,1,+03000,1,04,1",,,"9,AGL   ,+99999,+99999","08,99,1,04,1,99,9,01200,1,99,9,99,9",,,,"9,9,999,9,+040,1","02,1","SYN07642170 21696 81802 10290 20253 40042 70252 8451/ 333 58040 6990/ 84640 88460=",
"42170099999","2025-08-14T12:00:00","4","28.25","74.9166666","291.0","CHURU, IN","FM-12","99999","V020","360,1,N,0005,1","03000,1,9,N","004000,1,9,9","+0276,1","+0256,1","10020,1","09,0004,3,1","6,1,02,1","5,1,02,1",,,"04,1,+01200,1,06,1","08,1,+03000,1,04,1",,,"9,AGL   ,+99999,+99999","08,99,1,04,1,99,9,01200,1,99,9,99,9","240,M,+0305,1",,,"9,9,999,9,+027,1","02,1","SYN08242170 21696 83601 10276 20256 40020 70265 8452/ 333 10305 58027 6994/ 84640 88460=",
"42170099999","2025-08-14T15:00:00","4","28.25","74.9166666","291.0","CHURU, IN","FM-12","99999","V020","999,9,C,0000,1","22000,1,9,N","004000,1,9,9","+0270,1","+0256,1","10025,1","12,0004,3,1",,,,,"04,1,+00900,1,06,1",,,,"9,AGL   ,+99999,+99999","04,99,1,04,1,99,9,00900,1,99,9,99,9",,,,"9,9,999,9,+021,1",,"SYN06442170 22596 40000 10270 20256 40025 84500 333 58021 6994/ 84630=",
"42170099999","2025-08-14T18:00:00","4","28.25","74.9166666","291.0","CHURU, IN","FM-12","99999","V020","999,9,C,0000,1","22000,1,9,N","004000,1,9,9","+0260,1","+0251,1","10038,1","15,0004,3,1",,,,,"03,1,+00900,1,06,1",,,,"9,AGL   ,+99999,+99999","03,99,1,03,1,99,9,00900,1,99,9,99,9",,,,"9,9,999,9,+019,1",,"SYN06442170 22596 30000 10260 20251 40038 83500 333 58019 6994/ 83630=",
"42170099999","2025-08-14T21:00:00","4","28.25","74.9166666","291.0","CHURU, IN","FM-12","99999","V020","999,9,C,0000,1","22000,1,9,N","004000,1,9,9","+0252,1","+0246,1","10033,1","18,0004,3,1",,,,,"04,1,+00900,1,06,1",,,,"9,AGL   ,+99999,+99999","04,99,1,04,1,99,9,00900,1,99,9,99,9",,,,"9,9,999,9,+014,1",,"SYN06442170 22596 40000 10252 20246 40033 84500 333 58014 6994/ 84630=",
"42170099999","2025-08-15T00:00:00","4","28.25","74.9166666","291.0","CHURU, IN","FM-12","99999","V020","999,9,C,0000,1","03000,1,C,N","004000,1,9,9","+0256,1","+0250,1","10030,1","21,0004,3,1",,,,,"03,1,+00900,1,06,1","05,1,+03000,1,04,1",,,"9,AGL   ,+99999,+99999","05,99,1,03,1,99,9,00900,1,99,9,99,9",,,,"9,9,999,9,-006,1",,"SYN07042170 22596 50000 10256 20250 40030 83510 333 59006 6994/ 83630 85460=",
"42170099999","2025-08-15T03:00:00","4","28.25","74.9166666","291.0","CHURU, IN","FM-12","99999","V020","999,9,C,0000,1","03000,1,9,N","002000,1,9,9","+0266,1","+0255,1","10039,1","24,0004,3,1","2,1,02,1","2,1,02,1",,,"03,1,+00900,1,06,1","07,1,+03000,1,04,1",,,"9,AGL   ,+99999,+99999","07,99,1,03,1,99,9,00900,1,99,9,99,9","240,M,+0305,1","240,N,+0250,1",,"9,9,999,9,+004,1","10,1","SYN10442170 21595 70000 10266 20255 40039 71022 83510 333 10305 20250 58004 6994/ 83630 87460 555 00004 10492=",
"42170099999","2025-08-15T06:00:00","4","28.25","74.9166666","291.0","CHURU, IN","FM-12","99999","V020","230,1,N,0005,1","01200,1,C,N","004000,1,9,9","+0330,1","+0254,1","10032,1",,,,,,"02,1,+01050,1,08,1","05,1,+01200,1,06,1",,,"9,AGL   ,+99999,+99999","05,99,1,02,1,99,9,01050,1,99,9,99,9",,,,"9,9,999,9,-011,1",,"SYN06442170 32696 52301 10330 20254 40032 85400 333 59011 82835 85640=",
"42170099999","2025-08-15T09:00:00","4","28.25","74.9166666","291.0","CHURU, IN","FM-12","99999","V020","320,1,N,0005,1","22000,1,9,N","004000,1,9,9","+0346,1","+0254,1","10004,1",,,,,,"03,1,+00900,1,08,1",,,,"9,AGL   ,+99999,+99999","03,99,1,03,1,99,9,00900,1,99,9,99,9",,,,"9,9,999,9,-030,1",,"SYN05842170 32596 33201 10346 20254 40004 83100 333 59030 83830=",
"42170099999","2025-08-15T12:00:00","4","28.25","74.9166666","291.0","CHURU, IN","FM-12","99999","V020","050,1,N,0010,1","99999,9,C,N","004000,1,9,9","+0350,1","+0245,1","09983,1",,,,,,"02,1,+00900,1,08,1","04,1,+00960,1,06,1",,,"9,AGL   ,+99999,+99999","04,99,1,02,1,99,9,00900,1,99,9,99,9","240,M,+0362,1",,,"9,9,999,9,-028,1",,"SYN07042170 32596 40502 10350 20245 49983 84400 333 10362 59028 82830 84632=","Q01 009603SCOCIG"
"42170099999","2025-08-15T15:00:00","4","28.25","74.9166666","291.0","CHURU, IN","FM-12","99999","V020","140,1,N,0005,1","22000,1,9,N","004000,1,9,9","+0316,1","+0257,1","09999,1",,,,,,"02,1,+00750,1,06,1",,,,"9,AGL   ,+99999,+99999","02,99,1,02,1,99,9,00750,1,99,9,99,9",,,,"9,9,999,9,-020,1",,"SYN05842170 32596 21401 10316 20257 49999 82500 333 59020 82625=",
"42170099999","2025-08-15T18:00:00","4","28.25","74.9166666","291.0","CHURU, IN","FM-12","99999","V020","180,1,N,0005,1","99999,9,9,N","004000,1,9,9","+0296,1","+0268,1","10007,1",,,,,,,,,,,,,,,"9,9,999,9,-026,1",,"SYN04642170 32996 01801 10296 20268 40007 333 59026=",
"42170099999","2025-08-15T21:00:00","4","28.25","74.9166666","291.0","CHURU, IN","FM-12","99999","V020","140,1,N,0005,1","22000,1,9,N","004000,1,9,9","+0284,1","+0259,1","10005,1",,,,,,"02,1,+00750,1,06,1",,,,"9,AGL   ,+99999,+99999","02,99,1,02,1,99,9,00750,1,99,9,99,9",,,,"9,9,999,9,-024,1",,"SYN05842170 32596 21401 10284 20259 40005 82500 333 59024 82625=",
"42170099999","2025-08-16T00:00:00","4","28.25","74.9166666","291.0","CHURU, IN","FM-12","99999","V020","140,1,N,0005,1","22000,1,9,N","004000,1,9,9","+0278,1","+0258,1","10006,1",,,,,,"02,1,+03000,1,03,1",,,,"9,AGL   ,+99999,+99999","02,99,1,02,1,99,9,03000,1,99,9,99,9",,,,"9,9,999,9,-021,1",,"SYN05842170 32996 21401 10278 20258 40006 82030 333 59021 82360=",
"42170099999","2025-08-16T03:00:00","4","28.25","74.9166666","291.0","CHURU, IN","FM-12","99999","V020","140,1,N,0005,1","99999,9,9,N","004000,1,9,9","+0314,1","+0267,1","10008,1",,,,,,,,,,,,"240,M,+0362,1","240,N,+0274,1",,"9,9,999,9,-024,1",,"SYN06842170 32996 01401 10314 20267 40008 333 10362 20274 59024 555 10492=",
"42170099999","2025-08-16T06:00:00","4","28.25","74.9166666","291.0","CHURU, IN","FM-12","99999","V020","230,1,N,0010,1","00750,1,C,N","004000,1,9,9","+0350,1","+0252,1","10008,1",,,,,,"05,1,+00750,1,08,1",,,,"9,AGL   ,+99999,+99999","05,99,1,05,1,99,9,00750,1,99,9,99,9",,,,"9,9,999,9,-021,1",,"SYN05842170 32596 52302 10350 20252 40008 85800 333 59021 85825=",
"42170099999","2025-08-16T09:00:00","4","28.25","74.9166666","291.0","CHURU, IN","FM-12","99999","V020","050,1,N,0005,1","03000,1,9,N","004000,1,9,9","+0370,1","+0253,1","09982,1",,,,,,"04,1,+00900,1,06,1","07,1,+03000,1,04,1",,,"9,AGL   ,+99999,+99999","07,99,1,04,1,99,9,00900,1,99,9,99,9",,,,"9,9,999,9,-020,1",,"SYN06442170 32596 70501 10370 20253 49982 84510 333 59020 84630 87460=",
"42170099999","2025-08-16T12:00:00","4","28.25","74.9166666","291.0","CHURU, IN","FM-12","99999","V020","140,1,N,0010,1","03000,1,9,N","002000,1,9,9","+0350,1","+0258,1","09968,1",,,,,,"03,1,+00900,1,06,1","06,1,+03000,1,04,1",,,"9,AGL   ,+99999,+99999","06,99,1,03,1,99,9,00900,1,99,9,99,9","240,M,+0378,1",,,"9,9,999,9,-015,1",,"SYN07042170 32595 61402 10350 20258 49968 83510 333 10378 59015 83630 86460=",
"42170099999","2025-08-16T15:00:00","4","28.25","74.9166666","291.0","CHURU, IN","FM-12","99999","V020","140,1,N,0010,1","22000,1,9,N","004000,1,9,9","+0324,1","+0263,1","09978,1",,,,,,"03,1,+00900,1,06,1",,,,"9,AGL   ,+99999,+99999","03,99,1,03,1,99,9,00900,1,99,9,99,9",,,,"9,9,999,9,-020,1",,"SYN05842170 32596 31402 10324 20263 49978 83500 333 59020 83630=",
"42170099999","2025-08-16T18:00:00","4","28.25","74.9166666","291.0","CHURU, IN","FM-12","99999","V020","180,1,N,0010,1","22000,1,9,N","004000,1,9,9","+0306,1","+0270,1","09992,1",,,,,,"04,1,+00900,1,06,1",,,,"9,AGL   ,+99999,+99999","04,99,1,04,1,99,9,00900,1,99,9,99,9",,,,"9,9,999,9,-013,1",,"SYN05842170 32596 41802 10306 20270 49992 84500 333 59013 84630=",
"42170099999","2025-08-16T21:00:00","4","28.25","74.9166666","291.0","CHURU, IN","FM-12","99999","V020","140,1,N,0005,1","22000,1,9,N","004000,1,9,9","+0292,1","+0275,1","09988,1",,,,,,"03,1,+00900,1,06,1",,,,"9,AGL   ,+99999,+99999","03,99,1,03,1,99,9,00900,1,99,9,99,9",,,,"9,9,999,9,-015,1",,"SYN05842170 32596 31401 10292 20275 49988 83500 333 59015 83630=",
"42170099999","2025-08-17T00:00:00","4","28.25","74.9166666","291.0","CHURU, IN","FM-12","99999","V020","999,9,C,0000,1","03000,1,9,N","004000,1,9,9","+0290,1","+0276,1","09996,1",,,,,,"03,1,+00900,1,06,1","06,1,+03000,1,04,1",,,"9,AGL   ,+99999,+99999","06,99,1,03,1,99,9,00900,1,99,9,99,9",,,,"9,9,999,9,-007,1",,"SYN06442170 32596 60000 10290 20276 49996 83510 333 59007 83630 86460=",
"42170099999","2025-08-17T03:00:00","4","28.25","74.9166666","291.0","CHURU, IN","FM-12","99999","V020","140,1,N,0010,1","22000,1,9,N","004000,1,9,9","+0306,1","+0267,1","10014,1",,,,,,"02,1,+03000,1,03,1",,,,"9,AGL   ,+99999,+99999","02,99,1,02,1,99,9,03000,1,99,9,99,9","240,M,+0378,1","240,N,+0286,1",,"9,9,999,9,+004,1",,"SYN08042170 32996 21402 10306 20267 40014 82030 333 10378 20286 58004 82360 555 10492=",
"42170099999","2025-08-17T06:00:00","4","28.25","74.9166666","291.0","CHURU, IN","FM-12","99999","V020","110,1,N,0010,1","00750,1,C,N","004000,1,9,9","+0356,1","+0256,1","10013,1",,,,,,"05,1,+00750,1,08,1",,,,"9,AGL   ,+99999,+99999","05,99,1,05,1,99,9,00750,1,99,9,99,9",,,,"9,9,999,9,+006,1",,"SYN05842170 32596 51102 10356 20256 40013 85800 333 58006 85825=",
"42170099999","2025-08-17T09:00:00","4","28.25","74.9166666","291.0","CHURU, IN","FM-12","99999","V020","090,1,N,0010,1","00750,1,C,N","004000,1,9,9","+0372,1","+0252,1","09992,1",,,,,,"05,1,+00750,1,06,1",,,,"9,AGL   ,+99999,+99999","05,99,1,05,1,99,9,00750,1,99,9,99,9",,,,"9,9,999,9,+011,1",,"SYN05842170 32596 50902 10372 20252 49992 85500 333 58011 85625=",
"42170099999","2025-08-17T12:00:00","4","28.25","74.9166666","291.0","CHURU, IN","FM-12","99999","V020","050,1,N,0010,1","00750,1,C,N","004000,1,9,9","+0350,1","+0261,1","09974,1",,,,,,"05,1,+00750,1,06,1",,,,"9,AGL   ,+99999,+99999","05,99,1,05,1,99,9,00750,1,99,9,99,9","240,M,+0380,1",,,"9,9,999,9,+016,1",,"SYN06442170 32596 50502 10350 20261 49974 85500 333 10380 58016 85625=",
"42170099999","2025-08-17T15:00:00","4","28.25","74.9166666","291.0","CHURU, IN","FM-12","99999","V020","140,1,N,0005,1","22000,1,9,N","004000,1,9,9","+0324,1","+0254,1","10000,1",,,,,,"04,1,+01200,1,06,1",,,,"9,AGL   ,+99999,+99999","04,99,1,04,1,99,9,01200,1,99,9,99,9",,,,"9,9,999,9,+022,1",,"SYN05842170 32696 41401 10324 20254 40000 84500 333 58022 84640=",
"42170099999","2025-08-17T18:00:00","4","28.25","74.9166666","291.0","CHURU, IN","FM-12","99999","V020","090,1,N,0005,1","22000,1,9,N","004000,1,9,9","+0302,1","+0269,1","10020,1",,,,,,"03,1,+03000,1,04,1",,,,"9,AGL   ,+99999,+99999","03,99,1,03,1,99,9,03000,1,99,9,99,9",,,,"9,9,999,9,+027,1",,"SYN05842170 32996 30901 10302 20269 40020 83010 333 58027 83460=",
"42170099999","2025-08-17T21:00:00","4","28.25","74.9166666","291.0","CHURU, IN","FM-12","99999","V020","999,9,C,0000,1","22000,1,9,N","004000,1,9,9","+0288,1","+0269,1","10025,1",,,,,,"04,1,+03000,1,04,1",,,,"9,AGL   ,+99999,+99999","04,99,1,04,1,99,9,03000,1,99,9,99,9",,,,"9,9,999,9,+035,1",,"SYN05842170 32996 40000 10288 20269 40025 84010 333 58035 84460=",
"42170099999","2025-08-18T00:00:00","4","28.25","74.9166666","291.0","CHURU, IN","FM-12","99999","V020","090,1,N,0005,1","22000,1,9,N","004000,1,9,9","+0280,1","+0266,1","10021,1",,,,,,"03,1,+03000,1,04,1",,,,"9,AGL   ,+99999,+99999","03,99,1,03,1,99,9,03000,1,99,9,99,9",,,,"9,9,999,9,+022,1",,"SYN05842170 32996 30901 10280 20266 40021 83010 333 58022 83460=",
"42170099999","2025-08-18T03:00:00","4","28.25","74.9166666","291.0","CHURU, IN","FM-12","99999","V020","090,1,N,0010,1","22000,1,9,N","004000,1,9,9","+0306,1","+0273,1","10039,1",,,,,,"03,1,+03000,1,03,1",,,,"9,AGL   ,+99999,+99999","03,99,1,03,1,99,9,03000,1,99,9,99,9","240,M,+0380,1","240,N,+0276,1",,"9,9,999,9,+024,1",,"SYN08042170 32996 30902 10306 20273 40039 83030 333 10380 20276 58024 83360 555 10492=",
"42170099999","2025-08-18T06:00:00","4","28.25","74.9166666","291.0","CHURU, IN","FM-12","99999","V020","090,1,N,0005,1","00750,1,C,N","004000,1,9,9","+0352,1","+0257,1","10032,1",,,,,,"05,1,+00750,1,08,1",,,,"9,AGL   ,+99999,+99999","05,99,1,05,1,99,9,00750,1,99,9,99,9",,,,"9,9,999,9,+018,1",,"SYN05842170 32596 50901 10352 20257 40032 85800 333 58018 85825=",
"42170099999","2025-08-18T09:00:00","4","28.25","74.9166666","291.0","CHURU, IN","FM-12","99999","V020","090,1,N,0010,1","00750,1,C,N","004000,1,9,9","+0374,1","+0245,1","10010,1",,,,,,"05,1,+00750,1,06,1",,,,"9,AGL   ,+99999,+99999","05,99,1,05,1,99,9,00750,1,99,9,99,9",,,,"9,9,999,9,+017,1",,"SYN05842170 32596 50902 10374 20245 40010 85500 333 58017 85625=",
"42170099999","2025-08-18T12:00:00","4","28.25","74.9166666","291.0","CHURU, IN","FM-12","99999","V020","090,1,N,0015,1","03000,1,C,N","004000,1,9,9","+0324,1","+0247,1","10001,1",,,,,,"02,1,+01050,1,06,1","05,1,+03000,1,04,1",,,"9,AGL   ,+99999,+99999","05,99,1,02,1,99,9,01050,1,99,9,99,9","240,M,+0378,1",,,"9,9,999,9,+015,1",,"SYN07042170 32696 50903 10324 20247 40001 82510 333 10378 58015 82635 85460=",
"42170099999","2025-08-18T15:00:00","4","28.25","74.9166666","291.0","CHURU, IN","FM-12","99999","V020","050,1,N,0015,1","22000,1,9,N","004000,1,9,9","+0296,1","+0245,1","10012,1",,,,,,"03,1,+00900,1,06,1",,,,"9,AGL   ,+99999,+99999","03,99,1,03,1,99,9,00900,1,99,9,99,9",,,,"9,9,999,9,+008,1",,"SYN05842170 32596 30503 10296 20245 40012 83500 333 58008 83630=",
"42170099999","2025-08-18T18:00:00","4","28.25","74.9166666","291.0","CHURU, IN","FM-12","99999","V020","050,1,N,0010,1","22000,1,9,N","004000,1,9,9","+0286,1","+0258,1","10022,1",,,,,,"02,1,+00900,1,06,1",,,,"9,AGL   ,+99999,+99999","02,99,1,02,1,99,9,00900,1,99,9,99,9",,,,"9,9,999,9,+000,1",,"SYN05842170 32596 20502 10286 20258 40022 82500 333 58000 82630=",
"42170099999","2025-08-18T21:00:00","4","28.25","74.9166666","291.0","CHURU, IN","FM-12","99999","V020","050,1,N,0005,1","22000,1,9,N","004000,1,9,9","+0274,1","+0260,1","10017,1",,,,,,"02,1,+00900,1,06,1",,,,"9,AGL   ,+99999,+99999","02,99,1,02,1,99,9,00900,1,99,9,99,9",,,,"9,9,999,9,-009,1",,"SYN05842170 32596 20501 10274 20260 40017 82500 333 59009 82630=",
"42170099999","2025-08-19T00:00:00","4","28.25","74.9166666","291.0","CHURU, IN","FM-12","99999","V020","050,1,N,0005,1","22000,1,9,N","004000,1,9,9","+0278,1","+0267,1","10015,1",,,,,,"03,1,+00900,1,06,1",,,,"9,AGL   ,+99999,+99999","03,99,1,03,1,99,9,00900,1,99,9,99,9",,,,"9,9,999,9,-006,1",,"SYN05842170 32596 30501 10278 20267 40015 83500 333 59006 83630=",
"42170099999","2025-08-19T03:00:00","4","28.25","74.9166666","291.0","CHURU, IN","FM-12","99999","V020","090,1,N,0010,1","22000,1,9,N","004000,1,9,9","+0308,1","+0269,1","10024,1",,,,,,"02,1,+06000,1,00,1",,,,"9,AGL   ,+99999,+99999","02,99,1,02,1,99,9,06000,1,99,9,99,9","240,M,+0378,1","240,N,+0275,1",,"9,9,999,9,-014,1",,"SYN08042170 32996 20902 10308 20269 40024 80001 333 10378 20275 59014 82070 555 10491=",
"42170099999","2025-08-19T06:00:00","4","28.25","74.9166666","291.0","CHURU, IN","FM-12","99999","V020","180,1,N,0010,1","22000,1,9,N","004000,1,9,9","+0352,1","+0257,1","10019,1",,,,,,"03,1,+00900,1,08,1",,,,"9,AGL   ,+99999,+99999","03,99,1,03,1,99,9,00900,1,99,9,99,9",,,,"9,9,999,9,-012,1",,"SYN05842170 32596 31802 10352 20257 40019 83100 333 59012 83830=",
"42170099999","2025-08-19T09:00:00","4","28.25","74.9166666","291.0","CHURU, IN","FM-12","99999","V020","090,1,N,0015,1","00900,1,C,N","004000,1,9,9","+0360,1","+0247,1","10005,1",,,,,,"06,1,+00900,1,06,1",,,,"9,AGL   ,+99999,+99999","06,99,1,06,1,99,9,00900,1,99,9,99,9",,,,"9,9,999,9,-007,1",,"SYN05842170 32596 60903 10360 20247 40005 86500 333 59007 86630=",
"42170099999","2025-08-19T12:00:00","4","28.25","74.9166666","291.0","CHURU, IN","FM-12","99999","V020","050,1,N,0010,1","22000,1,9,N","004000,1,9,9","+0356,1","+0249,1","09983,1",,,,,,"03,1,+01200,1,06,1",,,,"9,AGL   ,+99999,+99999","03,99,1,03,1,99,9,01200,1,99,9,99,9","240,M,+0372,1",,,"9,9,999,9,-012,1",,"SYN06442170 32696 30502 10356 20249 49983 83500 333 10372 59012 83640=",
"42170099999","2025-08-19T15:00:00","4","28.25","74.9166666","291.0","CHURU, IN","FM-12","99999","V020","090,1,N,0015,1","22000,1,9,N","004000,1,9,9","+0326,1","+0247,1","09991,1",,,,,,"02,1,+01050,1,06,1",,,,"9,AGL   ,+99999,+99999","02,99,1,02,1,99,9,01050,1,99,9,99,9",,,,"9,9,999,9,-017,1",,"SYN05842170 32696 20903 10326 20247 49991 82500 333 59017 82635=",
"42170099999","2025-08-19T18:00:00","4","28.25","74.9166666","291.0","CHURU, IN","FM-12","99999","V020","050,1,N,0010,1","22000,1,9,N","004000,1,9,9","+0304,1","+0262,1","10008,1",,,,,,"02,1,+06000,1,00,1",,,,"9,AGL   ,+99999,+99999","02,99,1,02,1,99,9,06000,1,99,9,99,9",,,,"9,9,999,9,-011,1",,"SYN05842170 32996 20502 10304 20262 40008 80001 333 59011 82070=",
"42170099999","2025-08-19T21:00:00","4","28.25","74.9166666","291.0","CHURU, IN","FM-12","99999","V020","999,9,V,0005,1","22000,1,9,N","004000,1,9,9","+0286,1","+0252,1","10009,1",,,,,,"02,1,+06000,1,00,1",,,,"9,AGL   ,+99999,+99999","02,99,1,02,1,99,9,06000,1,99,9,99,9",,,,"9,9,999,9,-007,1",,"SYN05842170 32996 29901 10286 20252 40009 80001 333 59007 82070=",
"42170099999","2025-08-20T00:00:00","4","28.25","74.9166666","291.0","CHURU, IN","FM-12","99999","V020","999,9,V,0005,1","22000,1,9,N","004000,1,9,9","+0272,1","+0261,1","10012,1",,,,,,"02,1,+06000,1,00,1",,,,"9,AGL   ,+99999,+99999","02,99,1,02,1,99,9,06000,1,99,9,99,9",,,,"9,9,999,9,-003,1",,"SYN05842170 32996 29901 10272 20261 40012 80001 333 59003 82070=",
"42170099999","2025-08-20T03:00:00","4","28.25","74.9166666","291.0","CHURU, IN","FM-12","99999","V020","090,1,N,0010,1","22000,1,9,N","004000,1,9,9","+0304,1","+0271,1","10020,1",,,,,,"02,1,+03000,1,03,1",,,,"9,AGL   ,+99999,+99999","02,99,1,02,1,99,9,03000,1,99,9,99,9","240,M,+0372,1","240,N,+0265,1",,"9,9,999,9,-004,1",,"SYN08042170 32996 20902 10304 20271 40020 82030 333 10372 20265 59004 82360 555 10492=",
"42170099999","2025-08-20T06:00:00","4","28.25","74.9166666","291.0","CHURU, IN","FM-12","99999","V020","140,1,N,0021,1","99999,9,C,N","004000,1,9,9","+0350,1","+0252,1","10010,1",,,,,,"02,1,+01050,1,06,1","04,1,+01200,1,08,1",,,"9,AGL   ,+99999,+99999","04,99,1,02,1,99,9,01050,1,99,9,99,9",,,,"9,9,999,9,-010,1",,"SYN06442170 32696 41404 10350 20252 40010 84800 333 59010 82635 84840=","Q01 012003SCOCIG"
"42170099999","2025-08-20T09:00:00","4","28.25","74.9166666","291.0","CHURU, IN","FM-12","99999","V020","140,1,N,0015,1","22000,1,9,N","004000,1,9,9","+0364,1","+0246,1","09986,1",,,,,,"03,1,+00900,1,06,1",,,,"9,AGL   ,+99999,+99999","03,99,1,03,1,99,9,00900,1,99,9,99,9",,,,"9,9,999,9,-017,1",,"SYN05842170 32596 31403 10364 20246 49986 83500 333 59017 83630=",
"42170099999","2025-08-20T12:00:00","4","28.25","74.9166666","291.0","CHURU, IN","FM-12","99999","V020","090,1,N,0015,1","22000,1,9,N","004000,1,9,9","+0360,1","+0231,1","09971,1",,,,,,"03,1,+00900,1,08,1",,,,"9,AGL   ,+99999,+99999","03,99,1,03,1,99,9,00900,1,99,9,99,9","240,M,+0373,1",,,"9,9,999,9,-012,1",,"SYN06442170 32596 30903 10360 20231 49971 83100 333 10373 59012 83830=",
"42170099999","2025-08-20T15:00:00","4","28.25","74.9166666","291.0","CHURU, IN","FM-12","99999","V020","140,1,N,0010,1","22000,1,9,N","004000,1,9,9","+0328,1","+0249,1","10000,1",,,,,,"02,1,+00900,1,06,1",,,,"9,AGL   ,+99999,+99999","02,99,1,02,1,99,9,00900,1,99,9,99,9",,,,"9,9,999,9,+009,1",,"SYN05842170 32596 21402 10328 20249 40000 82500 333 58009 82630=",
"42170099999","2025-08-20T18:00:00","4","28.25","74.9166666","291.0","CHURU, IN","FM-12","99999","V020","140,1,N,0005,1","22000,1,9,N","004000,1,9,9","+0306,1","+0255,1","10007,1",,,,,,"01,1,+00900,1,06,1",,,,"9,AGL   ,+99999,+99999","01,99,1,01,1,99,9,00900,1,99,9,99,9",,,,"9,9,999,9,-001,1",,"SYN05842170 32596 11401 10306 20255 40007 81500 333 59001 81630=",
"42170099999","2025-08-20T21:00:00","4","28.25","74.9166666","291.0","CHURU, IN","FM-12","99999","V020","999,9,C,0000,1","22000,1,9,N","004000,1,9,9","+0290,1","+0259,1","10001,1",,,,,,"02,1,+00900,1,06,1",,,,"9,AGL   ,+99999,+99999","02,99,1,02,1,99,9,00900,1,99,9,99,9",,,,"9,9,999,9,-007,1",,"SYN05842170 32596 20000 10290 20259 40001 82500 333 59007 82630=",
"42170099999","2025-08-21T00:00:00","4","28.25","74.9166666","291.0","CHURU, IN","FM-12","99999","V020","090,1,N,0015,1","22000,1,9,N","004000,1,9,9","+0280,1","+0257,1","10013,1",,,,,,"03,1,+00900,1,06,1",,,,"9,AGL   ,+99999,+99999","03,99,1,03,1,99,9,00900,1,99,9,99,9",,,,"9,9,999,9,+001,1",,"SYN05842170 32596 30903 10280 20257 40013 83500 333 58001 83630=",
"42170099999","2025-08-21T03:00:00","4","28.25","74.9166666","291.0","CHURU, IN","FM-12","99999","V020","090,1,N,0010,1","22000,1,9,N","004000,1,9,9","+0306,1","+0267,1","10015,1",,,,,,"04,1,+03000,1,04,1",,,,"9,AGL   ,+99999,+99999","04,99,1,04,1,99,9,03000,1,99,9,99,9","240,M,+0373,1","240,N,+0277,1",,"9,9,999,9,-005,1",,"SYN08042170 32996 40902 10306 20267 40015 84010 333 10373 20277 59005 84460 555 10492=",
"42170099999","2025-08-21T06:00:00","4","28.25","74.9166666","291.0","CHURU, IN","FM-12","99999","V020","270,1,N,0010,1","00900,1,C,N","004000,1,9,9","+0338,1","+0254,1","10013,1",,,,,,"05,1,+00900,1,08,1","07,1,+01200,1,06,1",,,"9,AGL   ,+99999,+99999","07,99,1,05,1,99,9,00900,1,99,9,99,9",,,,"9,9,999,9,+002,1",,"SYN06442170 32596 72702 10338 20254 40013 87400 333 58002 85830 87640=",
"42170099999","2025-08-21T09:00:00","4","28.25","74.9166666","291.0","CHURU, IN","FM-12","99999","V020","050,1,N,0010,1","00750,1,C,N","004000,1,9,9","+0362,1","+0247,1","09985,1",,,,,,"05,1,+00750,1,08,1",,,,"9,AGL   ,+99999,+99999","05,99,1,05,1,99,9,00750,1,99,9,99,9",,,,"9,9,999,9,-001,1",,"SYN05842170 32596 50502 10362 20247 49985 85800 333 59001 85825=",
"42170099999","2025-08-21T12:00:00","4","28.25","74.9166666","291.0","CHURU, IN","FM-12","99999","V020","050,1,N,0010,1","22000,1,9,N","004000,1,9,9","+0358,1","+0248,1","09975,1",,,,,,"04,1,+00750,1,08,1",,,,"9,AGL   ,+99999,+99999","04,99,1,04,1,99,9,00750,1,99,9,99,9","240,M,+0367,1",,,"9,9,999,9,+003,1",,"SYN06442170 32596 40502 10358 20248 49975 84800 333 10367 58003 84825=",
"42170099999","2025-08-21T15:00:00","4","28.25","74.9166666","291.0","CHURU, IN","FM-12","99999","V020","230,1,N,0015,1","03000,1,C,N","004000,1,9,9","+0310,1","+0251,1","09997,1",,,,,,"03,1,+01050,1,06,1","05,1,+03000,1,04,1",,,"9,AGL   ,+99999,+99999","05,99,1,03,1,99,9,01050,1,99,9,99,9",,,,"9,9,999,9,-005,1",,"SYN06442170 32696 52303 10310 20251 49997 83510 333 59005 83635 85460=",
"42170099999","2025-08-21T18:00:00","4","28.25","74.9166666","291.0","CHURU, IN","FM-12","99999","V020","999,9,V,0005,1","03000,1,C,N","004000,1,9,9","+0294,1","+0245,1","10007,1",,,,,,"03,1,+01050,1,06,1","05,1,+03000,1,04,1",,,"9,AGL   ,+99999,+99999","05,99,1,03,1,99,9,01050,1,99,9,99,9",,,,"9,9,999,9,-001,1",,"SYN06442170 32696 59901 10294 20245 40007 83510 333 59001 83635 85460=",
"42170099999","2025-08-21T21:00:00","4","28.25","74.9166666","291.0","CHURU, IN","FM-12","99999","V020","999,9,V,0005,1","03000,1,C,N","004000,1,9,9","+0284,1","+0247,1","10007,1",,,,,,"03,1,+01050,1,06,1","05,1,+03000,1,04,1",,,"9,AGL   ,+99999,+99999","05,99,1,03,1,99,9,01050,1,99,9,99,9",,,,"9,9,999,9,+005,1",,"SYN06442170 32996 59901 10284 20247 40007 83510 333 58005 83635 85460=",
"42170099999","2025-08-22T00:00:00","4","28.25","74.9166666","291.0","CHURU, IN","FM-12","99999","V020","230,1,N,0010,1","03000,1,C,N","004000,1,9,9","+0274,1","+0257,1","09999,1",,,,,,"02,1,+01050,1,06,1","05,1,+03000,1,04,1",,,"9,AGL   ,+99999,+99999","05,99,1,02,1,99,9,01050,1,99,9,99,9",,,,"9,9,999,9,-014,1",,"SYN06442170 32696 52302 10274 20257 49999 82510 333 59014 82635 85460=",
"42170099999","2025-08-22T03:00:00","4","28.25","74.9166666","291.0","CHURU, IN","FM-12","99999","V020","270,1,N,0005,1","22000,1,9,N","004000,1,9,9","+0294,1","+0150,1","10004,1",,,,,,"02,1,+03000,1,00,1",,,,"9,AGL   ,+99999,+99999","02,99,1,02,1,99,9,03000,1,99,9,99,9","240,M,+0367,1","240,N,+0268,1",,"9,9,999,9,-012,1",,"SYN08042170 32996 22701 10294 20150 40004 80001 333 10367 20268 59012 82060 555 10492=",
"42170099999","2025-08-22T06:00:00","4","28.25","74.9166666","291.0","CHURU, IN","FM-12","99999","V020","270,1,N,0005,1","22000,1,9,N","004000,1,9,9","+0362,1","+0259,1","09989,1",,,,,,"04,1,+00750,1,08,1",,,,"9,AGL   ,+99999,+99999","04,99,1,04,1,99,9,00750,1,99,9,99,9",,,,"9,9,999,9,-020,1",,"SYN05842170 32596 42701 10362 20259 49989 84400 333 59020 84825=",
"42170099999","2025-08-22T09:00:00","4","28.25","74.9166666","291.0","CHURU, IN","FM-12","99999","V020","270,1,N,0005,1","00900,1,C,N","004000,1,9,9","+0372,1","+0242,1","09963,1",,,,,,"05,1,+00900,1,08,1","07,1,+01200,1,06,1",,,"9,AGL   ,+99999,+99999","07,99,1,05,1,99,9,00900,1,99,9,99,9",,,,"9,9,999,9,-021,1",,"SYN06442170 32596 72701 10372 20242 49963 87400 333 59021 85830 87640=",
"42170099999","2025-08-22T12:00:00","4","28.25","74.9166666","291.0","CHURU, IN","FM-12","99999","V020","230,1,N,0010,1","01200,1,C,N","004000,1,9,9","+0300,1","+0258,1","09968,1",,"9,1,02,1","2,1,02,1",,,"03,1,+00900,1,08,1","04,1,+01200,1,06,1","08,1,+03000,1,04,1",,"9,AGL   ,+99999,+99999","08,99,1,03,1,99,9,00900,1,99,9,99,9","240,M,+0383,1",,,"9,9,999,9,-011,1","29,1","SYN08242170 31596 82302 10300 20258 49968 72992 8442/ 333 10383 59011 83830 84640 88460=",
"42170099999","2025-08-22T15:00:00","4","28.25","74.9166666","291.0","CHURU, IN","FM-12","99999","V020","140,1,N,0015,1","03000,1,9,N","004000,1,9,9","+0276,1","+0253,1","09973,1",,,,,,"04,1,+00900,1,06,1","08,1,+03000,1,04,1",,,"9,AGL   ,+99999,+99999","08,99,1,04,1,99,9,00900,1,99,9,99,9",,,,"9,9,999,9,-027,1",,"SYN06442170 32596 81403 10276 20253 49973 8451/ 333 59027 84630 88460=",
"42170099999","2025-08-22T18:00:00","4","28.25","74.9166666","291.0","CHURU, IN","FM-12","99999","V020","140,1,N,0005,1","03000,1,9,N","004000,1,9,9","+0276,1","+0238,1","09987,1",,,,,,"04,1,+00900,1,06,1","07,1,+03000,1,04,1",,,"9,AGL   ,+99999,+99999","07,99,1,04,1,99,9,00900,1,99,9,99,9",,,,"9,9,999,9,-022,1",,"SYN06442170 32596 71401 10276 20238 49987 84510 333 59022 84630 87460=",
"42170099999","2025-08-22T21:00:00","4","28.25","74.9166666","291.0","CHURU, IN","FM-12","99999","V020","140,1,N,0005,1","03000,1,9,N","004000,1,9,9","+0266,1","+0243,1","09982,1",,,,,,"03,1,+00900,1,06,1","06,1,+03000,1,04,1",,,"9,AGL   ,+99999,+99999","06,99,1,03,1,99,9,00900,1,99,9,99,9",,,,"9,9,999,9,-026,1",,"SYN06442170 32596 61401 10266 20243 49982 83510 333 59026 83630 86460=",
"42170099999","2025-08-23T00:00:00","4","28.25","74.9166666","291.0","CHURU, IN","FM-12","99999","V020","999,9,C,0000,1","03000,1,9,N","004000,1,9,9","+0270,1","+0253,1","09984,1",,,,,,"04,1,+00900,1,06,1","08,1,+03000,1,04,1",,,"9,AGL   ,+99999,+99999","08,99,1,04,1,99,9,00900,1,99,9,99,9",,,,"9,9,999,9,-014,1",,"SYN06442170 32596 80000 10270 20253 49984 8451/ 333 59014 84630 88460=",
"42170099999","2025-08-23T03:00:00","4","28.25","74.9166666","291.0","CHURU, IN","FM-12","99999","V020","999,9,C,0000,1","99999,9,C,N","004000,1,9,9","+0294,1","+0260,1","09988,1","24,0000,2,1","5,1,02,1","1,1,02,1",,,"02,1,+01050,1,06,1","03,1,+01200,1,08,1",,,"9,AGL   ,+99999,+99999","03,99,1,02,1,99,9,01050,1,99,9,99,9","240,M,+0383,1","240,N,+0261,1",,"9,9,999,9,-015,1","20,1","SYN08842170 21696 30000 10294 20260 49988 72051 83800 333 10383 20261 59015 6990/ 82635 83840=","Q01 012003SCOCIG"
"42170099999","2025-08-23T06:00:00","4","28.25","74.9166666","291.0","CHURU, IN","FM-12","99999","V020","360,1,N,0015,1","01050,1,C,N","004000,1,9,9","+0270,1","+0256,1","99999,9","03,0020,3,1","6,1,02,1","2,1,02,1",,,"03,1,+00900,1,06,1","04,1,+01050,1,08,1","06,1,+03000,1,03,1",,"9,AGL   ,+99999,+99999","06,99,1,03,1,99,9,00900,1,99,9,99,9",,,,"9,9,999,9,+008,1","61,1","SYN08242170 21596 63603 10270 20256 40108 76162 84830 333 58008 6002/ 83630 84835 86360=","Q011010.83APOSLP"
"42170099999","2025-08-23T09:00:00","4","28.25","74.9166666","291.0","CHURU, IN","FM-12","99999","V020","320,1,N,0015,1","03000,1,9,N","004000,1,9,9","+0338,1","+0251,1","09977,1","06,0020,3,1","6,1,02,1","2,1,02,1",,,"03,1,+01050,1,06,1","06,1,+03000,1,04,1",,,"9,AGL   ,+99999,+99999","07,99,1,03,1,99,9,01050,1,99,9,99,9",,,,"9,9,999,9,+010,1","02,1","SYN07642170 21696 73203 10338 20251 49977 70262 83510 333 58010 6002/ 83635 86460=",
"42170099999","2025-08-23T12:00:00","4","28.25","74.9166666","291.0","CHURU, IN","FM-12","99999","V020","999,9,V,0005,1","00900,1,C,N","004000,1,9,9","+0292,1","+0261,1","09984,1","09,0030,3,1","6,1,02,1","2,1,02,1",,,"05,1,+00900,1,06,1","08,1,+02400,1,04,1",,,"9,AGL   ,+99999,+99999","08,99,1,05,1,99,9,00900,1,99,9,99,9","240,M,+0332,1",,,"9,9,999,9,+015,1","60,1","SYN08242170 21596 89901 10292 20261 49984 76062 8552/ 333 10332 58015 6003/ 85630 88458=",
"42170099999","2025-08-23T15:00:00","4","28.25","74.9166666","291.0","CHURU, IN","FM-12","99999","V020","999,9,C,0000,1","03000,1,9,N","004000,1,9,9","+0278,1","+0258,1","09985,1","12,0040,3,1","6,1,02,1","2,1,02,1",,,"04,1,+00750,1,06,1","08,1,+03000,1,04,1",,,"9,AGL   ,+99999,+99999","08,99,1,04,1,99,9,00750,1,99,9,99,9",,,,"9,9,999,9,+012,1","60,1","SYN07642170 21596 80000 10278 20258 49985 76062 8452/ 333 58012 6004/ 84625 88460=",
"42170099999","2025-08-23T18:00:00","4","28.25","74.9166666","291.0","CHURU, IN","FM-12","99999","V020","180,1,N,0005,1","03000,1,9,N","004000,1,9,9","+0268,1","+0254,1","10003,1","15,0050,3,1","6,1,02,1","5,1,02,1",,,"04,1,+00750,1,06,1","08,1,+03000,1,04,1",,,"9,AGL   ,+99999,+99999","08,99,1,04,1,99,9,00750,1,99,9,99,9",,,,"9,9,999,9,+014,1","50,1","SYN07642170 21596 81801 10268 20254 40003 75065 8451/ 333 58014 6005/ 84625 88460=",
"42170099999","2025-08-23T21:00:00","4","28.25","74.9166666","291.0","CHURU, IN","FM-12","99999","V020","999,9,C,0000,1","03000,1,9,N","004000,1,9,9","+0264,1","+0250,1","09996,1","18,0050,3,1",,,,,"03,1,+00750,1,06,1","06,1,+03000,1,04,1",,,"9,AGL   ,+99999,+99999","06,99,1,03,1,99,9,00750,1,99,9,99,9",,,,"9,9,999,9,+013,1",,"SYN07042170 22596 60000 10264 20250 49996 83510 333 58013 6005/ 83625 86460=",
"42170099999","2025-08-24T00:00:00","4","28.25","74.9166666","291.0","CHURU, IN","FM-12","99999","V020","999,9,C,0000,1","03000,1,9,N","004000,1,9,9","+0262,1","+0251,1","09996,1","21,0050,3,1",,,,,"03,1,+00750,1,06,1","06,1,+03000,1,04,1",,,"9,AGL   ,+99999,+99999","06,99,1,03,1,99,9,00750,1,99,9,99,9",,,,"9,9,999,9,+010,1",,"SYN07042170 22596 60000 10262 20251 49996 83510 333 58010 6005/ 83625 86460=",
"42170099999","2025-08-24T09:00:00","4","28.25","74.9166666","291.0","CHURU, IN","FM-12","99999","V020","999,9,V,0005,1","00900,1,C,N","004000,1,9,9","+0288,1","+0271,1","09989,1","06,0110,3,1","6,1,02,1","2,1,02,1",,,"06,1,+00900,1,06,1","08,1,+02400,1,04,1",,,"9,AGL   ,+99999,+99999","08,99,1,06,1,99,9,00900,1,99,9,99,9",,,,"9,9,999,9,+007,1","60,1","SYN07642170 21596 89901 10288 20271 49989 76062 8652/ 333 58007 6011/ 86630 88458=",
"42170099999","2025-08-24T12:00:00","4","28.25","74.9166666","291.0","CHURU, IN","FM-12","99999","V020","999,9,V,0005,1","00900,1,C,N","004000,1,9,9","+0258,1","+0255,1","09988,1","09,0110,3,1","9,1,02,1","6,1,02,1",,,"07,1,+00900,1,06,1","08,1,+02400,1,04,1",,,"9,AGL   ,+99999,+99999","08,99,1,07,1,99,9,00900,1,99,9,99,9","240,M,+0300,1",,,"9,9,999,9,+000,1","60,1","SYN08242170 21596 89901 10258 20255 49988 76096 8752/ 333 10300 58000 6011/ 87630 88458=",
"42170099999","2025-08-24T15:00:00","4","28.25","74.9166666","291.0","CHURU, IN","FM-12","99999","V020","360,1,N,0015,1","03000,1,9,N","004000,1,9,9","+0256,1","+0253,1","09989,1","12,0140,3,1","6,1,02,1","2,1,02,1",,,"04,1,+00900,1,06,1","07,1,+03000,1,04,1",,,"9,AGL   ,+99999,+99999","07,99,1,04,1,99,9,00900,1,99,9,99,9",,,,"9,9,999,9,+002,1","02,1","SYN07642170 21596 73603 10256 20253 49989 70262 84510 333 58002 6014/ 84630 87460=",
"42170099999","2025-08-24T18:00:00","4","28.25","74.9166666","291.0","CHURU, IN","FM-12","99999","V020","999,9,C,0000,1","03000,1,9,N","004000,1,9,9","+0252,1","+0249,1","09999,1","15,0140,3,1","6,1,02,1","2,1,02,1",,,"04,1,+00900,1,05,1","08,1,+03000,1,04,1",,,"9,AGL   ,+99999,+99999","08,99,1,04,1,99,9,00900,1,99,9,99,9",,,,"9,9,999,9,-005,1","02,1","SYN07642170 21596 80000 10252 20249 49999 70262 8451/ 333 59005 6014/ 84530 88460=",
"42170099999","2025-08-24T21:00:00","4","28.25","74.9166666","291.0","CHURU, IN","FM-12","99999","V020","999,9,C,0000,1","03000,1,9,N","004000,1,9,9","+0250,1","+0247,1","09993,1","18,0140,3,1",,,,,"03,1,+00900,1,06,1","08,1,+03000,1,04,1",,,"9,AGL   ,+99999,+99999","08,99,1,03,1,99,9,00900,1,99,9,99,9",,,,"9,9,999,9,-003,1",,"SYN07042170 22596 80000 10250 20247 49993 8351/ 333 59003 6014/ 83630 88460=",
