"STATION","DATE","SOURCE","LATITUDE","LONGITUDE","ELEVATION","NAME","REPORT_TYPE","CALL_SIGN","QUALITY_CONTROL","WND","CIG","VIS","TMP","DEW","SLP","AA1","AY1","AY2","AZ1","AZ2","GA1","GA2","GA3","GE1","GF1","KA1","KA2","MD1","MW1","REM","EQD"
"42187099999","2023-01-01T12:00:00","4","28.8333333","78.75","202.0","MORADABAD, IN","FM-12","99999","V020","290,1,N,0010,1","00120,1,W,N","000500,1,9,9","+0144,1","+0118,1","10185,1",,"4,1,02,1","4,1,02,1",,,"09,1,+99999,9,99,9",,,"9,AGL   ,+99999,+99999","09,99,1,09,1,99,9,99999,9,99,9,99,9",,,"9,9,999,9,+012,1","42,1","SYN06442187 31/93 92902 10144 20118 40185 74244 89/// 333 10158 58012=",
"42187099999","2023-01-02T12:00:00","4","28.8333333","78.75","202.0","MORADABAD, IN","FM-12","99999","V020","250,1,N,0010,1","99999,9,9,N","002000,1,9,9","+0130,1","+0103,1","10196,1",,"0,1,02,1","0,1,02,1",,,,,,,,,,"9,9,999,9,+010,1","05,1","SYN05842187 31995 02502 10130 20103 40196 70500 333 10164 58010=",
"42187099999","2023-01-03T03:00:00","4","28.8333333","78.75","202.0","MORADABAD, IN","FM-12","99999","V020","270,1,N,0010,1","00120,1,W,N","000500,1,9,9","+0092,1","+0088,1","10229,1",,"4,1,02,1","4,1,02,1",,,"09,1,+99999,9,99,9",,,"9,AGL   ,+99999,+99999","09,99,1,09,1,99,9,99999,9,99,9,99,9","240,M,+0164,1","240,N,+0068,1","9,9,999,9,+014,1","43,1","SYN08042187 31/93 92702 10092 20088 40229 74344 89/// 333 10164 20068 58014 555 10000=",
"42187099999","2023-01-06T12:00:00","4","28.8333333","78.75","202.0","MORADABAD, IN","FM-12","99999","V020","320,1,N,0010,1","99999,9,9,N","002000,1,9,9","+0098,1","+0077,1","10222,1",,"0,1,02,1","0,1,02,1",,,,,,,,,,"9,9,999,9,-009,1","05,1","SYN05842187 31995 03202 10098 20077 40222 70500 333 10112 59009=",
"42187099999","2023-01-07T12:00:00","4","28.8333333","78.75","202.0","MORADABAD, IN","FM-12","99999","V020","270,1,N,0010,1","99999,9,9,N","002000,1,9,9","+0090,1","+0073,1","10194,1",,"0,1,02,1","0,1,02,1",,,,,,,,,,"9,9,999,9,-030,1","05,1","SYN05842187 31995 02702 10090 20073 40194 70500 333 10100 59030=",
"42187099999","2023-01-08T03:00:00","4","28.8333333","78.75","202.0","MORADABAD, IN","FM-12","99999","V020","270,1,N,0010,1","00060,1,W,N","000200,1,9,9","+0064,1","+0060,1","10197,1",,"4,1,02,1","4,1,02,1",,,"09,1,+99999,9,99,9",,,"9,AGL   ,+99999,+99999","09,99,1,09,1,99,9,99999,9,99,9,99,9","240,M,+0100,1","240,N,+0043,1","9,9,999,9,-023,1","45,1","SYN08042187 31/92 92702 10064 20060 40197 74544 89/// 333 10100 20043 59023 555 10000=",
"42187099999","2023-01-08T12:00:00","4","28.8333333","78.75","202.0","MORADABAD, IN","FM-12","99999","V020","250,1,N,0010,1","22000,1,9,9","001000,1,9,9","+0096,1","+0075,1","10172,1","99,9999,9,9","4,1,99,9","4,1,99,9",,,"09,2,+99999,9,10,1","99,9,+99999,9,10,1","99,9,+99999,9,10,1","9,AGL   ,+99999,+99999","99,99,9,09,2,99,9,99999,9,99,9,99,9",,,"9,9,999,9,-021,1","43,1","SYN004BUFR","Q01    003SCOTCV"
"42187099999","2023-01-09T03:00:00","4","28.8333333","78.75","202.0","MORADABAD, IN","FM-12","99999","V020","270,1,N,0010,1","00120,1,W,N","000500,1,9,9","+0072,1","+0068,1","10228,1",,"4,1,02,1","4,1,02,1",,,"09,1,+99999,9,99,9",,,"9,AGL   ,+99999,+99999","09,99,1,09,1,99,9,99999,9,99,9,99,9","240,M,+0102,1","240,N,+0054,1","9,9,999,9,+031,1","43,1","SYN08042187 31/93 92702 10072 20068 40228 74344 89/// 333 10102 20054 58031 555 10000=",
"42187099999","2023-01-09T12:00:00","4","28.8333333","78.75","202.0","MORADABAD, IN","FM-12","99999","V020","270,1,N,0010,1","99999,9,9,N","002000,1,9,9","+0112,1","+0096,1","10139,1",,"0,1,02,1","0,1,02,1",,,,,,,,,,"9,9,999,9,+009,1","05,1","SYN05842187 31995 02702 10112 20096 40139 70500 333 10125 58009=",
"42187099999","2023-01-10T03:00:00","4","28.8333333","78.75","202.0","MORADABAD, IN","FM-12","99999","V020","270,1,N,0010,1","00120,1,W,N","000500,1,9,9","+0086,1","+0082,1","10212,1",,"4,1,02,1","4,1,02,1",,,"09,1,+99999,9,99,9",,,"9,AGL   ,+99999,+99999","09,99,1,09,1,99,9,99999,9,99,9,99,9","240,M,+0125,1","240,N,+0068,1","9,9,999,9,-014,1","43,1","SYN08042187 31/93 92702 10086 20082 40212 74344 89/// 333 10125 20068 59014 555 10000=",
"42187099999","2023-01-10T12:00:00","4","28.8333333","78.75","202.0","MORADABAD, IN","FM-12","99999","V020","270,1,N,0010,1","99999,9,9,N","002000,1,9,9","+0110,1","+0090,1","10162,1",,"0,1,02,1","0,1,02,1",,,,,,,,"240,M,+0118,1",,"9,9,999,9,-017,1","05,1","SYN05842187 31995 02702 10110 20090 40162 70500 333 10118 59017=",
"42187099999","2023-01-11T12:00:00","4","28.8333333","78.75","202.0","MORADABAD, IN","FM-12","99999","V020","090,1,N,0010,1","00120,1,W,N","000500,1,9,9","+0108,1","+0088,1","10143,1",,"4,1,02,1","4,1,02,1",,,"09,1,+99999,9,99,9",,,"9,AGL   ,+99999,+99999","09,99,1,09,1,99,9,99999,9,99,9,99,9",,,"9,9,999,9,-017,1","43,1","SYN06442187 31/93 90902 10108 20088 40143 74344 89/// 333 10115 59017=",
"42187099999","2023-01-12T12:00:00","4","28.8333333","78.75","202.0","MORADABAD, IN","FM-12","99999","V020","070,1,N,0010,1","99999,9,9,N","002000,1,9,9","+0172,1","+0144,1","10110,1",,"0,1,02,1","0,1,02,1",,,"04,1,+99999,9,06,1","99,9,+99999,9,03,1","99,9,+99999,9,00,1","9,AGL   ,+99999,+99999","05,99,1,04,1,99,9,99999,9,99,9,99,9",,,"9,9,999,9,-025,1","05,1","SYN06442187 31995 50702 10172 20144 40110 70500 84532 333 10215 59025=",
"42187099999","2023-01-13T03:00:00","4","28.8333333","78.75","202.0","MORADABAD, IN","FM-12","99999","V020","070,1,N,0010,1","22000,1,9,N","002000,1,9,9","+0108,1","+0100,1","10152,1","24,0010,3,1","0,1,02,1","0,1,02,1",,,"04,1,+99999,9,06,1","99,9,+99999,9,03,1","99,9,+99999,9,00,1","9,AGL   ,+99999,+99999","04,99,1,04,1,99,9,99999,9,99,9,99,9","240,M,+0215,1","240,N,+0092,1","9,9,999,9,-031,1","05,1","SYN09242187 21995 40702 10108 20100 40152 70500 84532 333 10215 20092 59031 6001/ 555 00012 10001=",
"42187099999","2023-01-13T12:00:00","4","28.8333333","78.75","202.0","MORADABAD, IN","FM-12","99999","V020","999,9,C,0000,1","99999,9,9,N","002000,1,9,9","+0188,1","+0165,1","10118,1",,"0,1,02,1","0,1,02,1",,,"04,1,+99999,9,06,1","99,9,+99999,9,03,1",,"9,AGL   ,+99999,+99999","08,99,1,04,1,99,9,99999,9,99,9,99,9",,,"9,9,999,9,+010,1","05,1","SYN06442187 31995 80000 10188 20165 40118 70500 8453/ 333 10232 58010=",
"42187099999","2023-01-14T03:00:00","4","28.8333333","78.75","202.0","MORADABAD, IN","FM-12","99999","V020","999,9,C,0000,1","99999,9,9,N","000200,1,9,9","+0102,1","+0094,1","10167,1",,"4,1,02,1","4,1,02,1",,,"09,1,+99999,9,99,9",,,"9,AGL   ,+99999,+99999","99,99,9,09,1,99,9,99999,9,99,9,99,9","240,M,+0232,1","240,N,+0075,1","9,9,999,9,+015,1","45,1","SYN08042187 31992 00000 10102 20094 40167 74544 89/// 333 10232 20075 58015 555 10001=",
"42187099999","2023-01-14T12:00:00","4","28.8333333","78.75","202.0","MORADABAD, IN","FM-12","99999","V020","270,1,N,0021,1","00120,1,W,N","000500,1,9,9","+0150,1","+0113,1","10134,1",,"4,1,02,1","4,1,02,1",,,"09,1,+99999,9,99,9",,,"9,AGL   ,+99999,+99999","09,99,1,09,1,99,9,99999,9,99,9,99,9",,,"9,9,999,9,+027,1","43,1","SYN06442187 31/93 92704 10150 20113 40134 74344 89/// 333 10194 58027=",
"42187099999","2023-01-16T03:00:00","4","28.8333333","78.75","202.0","MORADABAD, IN","FM-12","99999","V020","270,1,N,0010,1","99999,9,9,N","004000,1,9,9","+0086,1","+0060,1","10177,1",,,,,,,,,,,"240,M,+0182,1","240,N,+0065,1","9,9,999,9,-009,1",,"SYN06842187 32996 02702 10086 20060 40177 333 10182 20065 59009 555 10001=",
"42187099999","2023-01-17T12:00:00","4","28.8333333","78.75","202.0","MORADABAD, IN","FM-12","99999","V020","070,1,N,0010,1","99999,9,9,N","004000,1,9,9","+0160,1","+0086,1","10151,1",,,,,,,,,,,,,,,"SYN05242187 32996 00702 10160 20086 40151 333 10196 58///=",
"42187099999","2023-01-18T03:00:00","4","28.8333333","78.75","202.0","MORADABAD, IN","FM-12","99999","V020","270,1,N,0010,1","99999,9,9,N","002000,1,9,9","+0076,1","+0044,1","10208,1",,"0,1,02,1","0,1,02,1",,,,,,,,"240,M,+0196,1","240,N,+0052,1","9,9,999,9,+007,1","10,1","SYN07442187 31995 02702 10076 20044 40208 71000 333 10196 20052 58007 555 10001=",
"42187099999","2023-01-18T12:00:00","4","28.8333333","78.75","202.0","MORADABAD, IN","FM-12","99999","V020","270,1,N,0010,1","99999,9,9,N","004000,1,9,9","+0170,1","+0075,1","10166,1",,,,,,,,,,,,,"9,9,999,9,+015,1",,"SYN05242187 32996 02702 10170 20075 40166 333 10215 58015=",
"42187099999","2023-01-20T03:00:00","4","28.8333333","78.75","202.0","MORADABAD, IN","FM-12","99999","V020","180,1,N,0010,1","99999,9,9,N","002000,1,9,9","+0126,1","+0099,1","10177,1",,"0,1,02,1","0,1,02,1",,,"04,1,+99999,9,06,1","99,9,+99999,9,03,1","99,9,+99999,9,00,1","9,AGL   ,+99999,+99999","06,99,1,04,1,99,9,99999,9,99,9,99,9","240,M,+0228,1","240,N,+0090,1","9,9,999,9,-014,1","05,1","SYN08042187 31995 61802 10126 20099 40177 70500 84532 333 10228 20090 59014 555 10001=",
"42187099999","2023-01-20T12:00:00","4","28.8333333","78.75","202.0","MORADABAD, IN","FM-12","99999","V020","140,1,N,0010,1","22000,1,9,N","002000,1,9,9","+0182,1","+0121,1","10154,1",,"0,1,02,1","0,1,02,1",,,"04,1,+99999,9,05,1","99,9,+99999,9,00,1",,"9,AGL   ,+99999,+99999","04,99,1,04,1,99,9,99999,9,99,9,99,9",,,"9,9,999,9,-004,1","05,1","SYN06442187 31995 41402 10182 20121 40154 70500 84022 333 10232 59004=",
"42187099999","2023-01-21T12:00:00","4","28.8333333","78.75","202.0","MORADABAD, IN","FM-12","99999","V020","270,1,N,0010,1","99999,9,9,N","002000,1,9,9","+0202,1","+0144,1","10148,1",,,,,,,,,,,,,"9,9,999,9,-004,1",,"SYN05242187 31995 02702 10202 20144 40148 333 10240 59004=",
"42187099999","2023-01-22T03:00:00","4","28.8333333","78.75","202.0","MORADABAD, IN","FM-12","99999","V020","290,1,N,0010,1","99999,9,9,N","002000,1,9,9","+0104,1","+0092,1","10177,1",,"0,1,02,1","0,1,02,1",,,,,,,,"240,M,+0240,1","240,N,+0092,1","9,9,999,9,-013,1","10,1","SYN07442187 31995 02902 10104 20092 40177 71000 333 10240 20092 59013 555 10001=",
"42187099999","2023-01-22T12:00:00","4","28.8333333","78.75","202.0","MORADABAD, IN","FM-12","99999","V020","140,1,N,0010,1","99999,9,9,N","002000,1,9,9","+0206,1","+0112,1","10142,1",,"0,1,02,1","0,1,02,1",,,,,,,,"240,M,+0243,1",,"9,9,999,9,-005,1","10,1","SYN05842187 31995 01402 10206 20112 40142 71000 333 10243 59005=",
"42187099999","2023-01-23T12:00:00","4","28.8333333","78.75","202.0","MORADABAD, IN","FM-12","99999","V020","270,1,N,0015,1","22000,1,9,N","002000,1,9,9","+0222,1","+0132,1","10122,1",,"0,1,02,1","0,1,02,1",,,"04,1,+99999,9,05,1","99,9,+99999,9,00,1",,"9,AGL   ,+99999,+99999","04,99,1,04,1,99,9,99999,9,99,9,99,9",,,"9,9,999,9,-018,1","05,1","SYN06442187 31995 42703 10222 20132 40122 70500 84022 333 10275 59018=",
"42187099999","2023-01-24T03:00:00","4","28.8333333","78.75","202.0","MORADABAD, IN","FM-12","99999","V020","070,1,N,0021,1","99999,9,9,N","002000,1,9,9","+0156,1","+0135,1","10167,1","24,0050,3,1","0,1,02,1","0,1,02,1",,,"04,1,+99999,9,06,1","99,9,+99999,9,03,1","99,9,+99999,9,00,1","9,AGL   ,+99999,+99999","07,99,1,04,1,99,9,99999,9,99,9,99,9","240,M,+0275,1","240,N,+0130,1","9,9,999,9,+003,1","05,1","SYN09242187 21995 70704 10156 20135 40167 70500 84532 333 10275 20130 58003 6005/ 555 00050 10006=",
"42187099999","2023-01-24T12:00:00","4","28.8333333","78.75","202.0","MORADABAD, IN","FM-12","99999","V020","110,1,N,0010,1","99999,9,9,N","002000,1,9,9","+0186,1","+0145,1","10131,1","09,0000,9,1","2,1,02,1","2,1,02,1",,,"04,1,+00800,1,06,1","99,9,+99999,9,03,1",,"9,AGL   ,+99999,+99999","08,99,1,04,1,99,9,00800,1,99,9,99,9",,,"9,9,999,9,+009,1","05,1","SYN07042187 21595 81102 10186 20145 40131 70522 8453/ 333 10212 58009 6990/=","Q01  00002PRCP09"
"42187099999","2023-01-25T03:00:00","4","28.8333333","78.75","202.0","MORADABAD, IN","FM-12","99999","V020","070,1,N,0010,1","22000,1,9,N","002000,1,9,9","+0164,1","+0147,1","10175,1","24,0000,9,1","0,1,02,1","0,1,02,1",,,"04,1,+99999,9,06,1","99,9,+99999,9,03,1","99,9,+99999,9,00,1","9,AGL   ,+99999,+99999","04,99,1,04,1,99,9,99999,9,99,9,99,9","240,M,+0212,1","240,N,+0128,1","9,9,999,9,+009,1","05,1","SYN08642187 21995 40702 10164 20147 40175 70500 84532 333 10212 20128 58009 6990/ 555 10006=","Q01  00002PRCP24"
"42187099999","2023-01-25T12:00:00","4","28.8333333","78.75","202.0","MORADABAD, IN","FM-12","99999","V020","090,1,N,0010,1","99999,9,9,N","002000,1,9,9","+0192,1","+0169,1","10133,1",,"0,1,02,1","0,1,02,1",,,"04,1,+99999,9,06,1","99,9,+99999,9,03,1",,"9,AGL   ,+99999,+99999","08,99,1,04,1,99,9,99999,9,99,9,99,9","240,M,+0220,1",,"9,9,999,9,+003,1","05,1","SYN06442187 31995 80902 10192 20169 40133 70500 8453/ 333 10220 58003=",
"42187099999","2023-01-27T12:00:00","4","28.8333333","78.75","202.0","MORADABAD, IN","FM-12","99999","V020","270,1,N,0015,1","99999,9,9,N","002000,1,9,9","+0194,1","+0142,1","10145,1",,"0,1,02,1","0,1,02,1",,,,,,,,,,"9,9,999,9,-001,1","05,1","SYN05842187 31995 02703 10194 20142 40145 70500 333 10242 59001=",
"42187099999","2023-01-28T03:00:00","4","28.8333333","78.75","202.0","MORADABAD, IN","FM-12","99999","V020","270,1,N,0021,1","99999,9,9,N","002000,1,9,9","+0112,1","+0092,1","10167,1",,"0,1,02,1","0,1,02,1",,,,,,,,"240,M,+0242,1","240,N,+0100,1","9,9,999,9,+017,1","10,1","SYN07442187 31995 02704 10112 20092 40167 71000 333 10242 20100 58017 555 10001=",
"42187099999","2023-01-28T12:00:00","4","28.8333333","78.75","202.0","MORADABAD, IN","FM-12","99999","V020","270,1,N,0010,1","99999,9,9,N","002000,1,9,9","+0200,1","+0134,1","10116,1",,"0,1,02,1","0,1,02,1",,,,,,,,,,"9,9,999,9,-031,1","05,1","SYN05842187 31995 02702 10200 20134 40116 70500 333 10228 59031=",
"42187099999","2023-01-31T03:00:00","4","28.8333333","78.75","202.0","MORADABAD, IN","FM-12","99999","V020","320,1,N,0010,1","99999,9,9,N","004000,1,9,9","+0144,1","+0126,1","10185,1",,,,,,,,,,,"240,M,+0162,1","240,N,+0098,1","9,9,999,9,-007,1",,"SYN06842187 32996 03202 10144 20126 40185 333 10162 20098 59007 555 10013=",
"42187099999","2023-02-02T03:00:00","4","28.8333333","78.75","202.0","MORADABAD, IN","FM-12","99999","V020","320,1,N,0015,1","99999,9,9,N","002000,1,9,9","+0122,1","+0107,1","10150,1",,"0,1,02,1","0,1,02,1",,,,,,,,"240,M,+0224,1","240,N,+0086,1","9,9,999,9,-024,1","10,1","SYN07442187 31995 03203 10122 20107 40150 71000 333 10224 20086 59024 555 10013=",
"42187099999","2023-02-02T12:00:00","4","28.8333333","78.75","202.0","MORADABAD, IN","FM-12","99999","V020","250,1,N,0010,1","99999,9,9,N","002000,1,9,9","+0170,1","+0131,1","10144,1",,"0,1,02,1","0,1,02,1",,,,,,,,"240,M,+0212,1",,,"10,1","SYN05842187 31995 02502 10170 20131 40144 71000 333 10212 58///=",
"42187099999","2023-02-04T12:00:00","4","28.8333333","78.75","202.0","MORADABAD, IN","FM-12","99999","V020","270,1,N,0015,1","99999,9,9,N","004000,1,9,9","+0224,1","+0134,1","10100,1",,,,,,,,,,,,,"9,9,999,9,-031,1",,"SYN05242187 32996 02703 10224 20134 40100 333 10252 59031=",
"42187099999","2023-02-05T12:00:00","4","28.8333333","78.75","202.0","MORADABAD, IN","FM-12","99999","V020","270,1,N,0010,1","99999,9,9,N","004000,1,9,9","+0222,1","+0136,1","10105,1",,,,,,,,,,,,,"9,9,999,9,+005,1",,"SYN05242187 32996 02702 10222 20136 40105 333 10254 58005=",
"42187099999","2023-02-08T12:00:00","4","28.8333333","78.75","202.0","MORADABAD, IN","FM-12","99999","V020","270,1,N,0010,1","99999,9,9,N","002000,1,9,9","+0212,1","+0102,1","10127,1",,,,,,,,,,,,,,,"SYN05242187 31995 02702 10212 20102 40127 333 10245 58///=",
"42187099999","2023-02-09T03:00:00","4","28.8333333","78.75","202.0","MORADABAD, IN","FM-12","99999","V020","270,1,N,0010,1","99999,9,9,N","002000,1,9,9","+0148,1","+0106,1","10137,1",,"0,1,02,1","0,1,02,1",,,,,,,,"240,M,+0245,1","240,N,+0107,1",,"05,1","SYN07442187 31995 02702 10148 20106 40137 70500 333 10245 20107 58/// 555 10013=",
"42187099999","2023-02-09T12:00:00","4","28.8333333","78.75","202.0","MORADABAD, IN","FM-12","99999","V020","250,1,N,0010,1","22000,1,9,N","002000,1,9,9","+0230,1","+0125,1","10112,1",,"0,1,02,1","0,1,02,1",,,"99,9,+99999,9,00,1",,,"9,AGL   ,+99999,+99999","04,99,1,00,1,99,9,99999,9,99,9,99,9",,,"9,9,999,9,+006,1","05,1","SYN06442187 31995 42502 10230 20125 40112 70500 80002 333 10256 58006=","Q01    003SCCGA1"
"42187099999","2023-02-11T03:00:00","4","28.8333333","78.75","202.0","MORADABAD, IN","FM-12","99999","V020","090,1,N,0010,1","99999,9,9,N","002000,1,9,9","+0150,1","+0117,1","10136,1",,"0,1,02,1","0,1,02,1",,,,,,,,"240,M,+0270,1","240,N,+0128,1","9,9,999,9,+004,1","10,1","SYN07442187 31995 00902 10150 20117 40136 71000 333 10270 20128 58004 555 10013=",
"42187099999","2023-02-11T12:00:00","4","28.8333333","78.75","202.0","MORADABAD, IN","FM-12","99999","V020","270,1,N,0010,1","22000,1,9,N","002000,1,9,9","+0260,1","+0151,1","10105,1",,"0,1,02,1","0,1,02,1",,,"99,9,+99999,9,00,1",,,"9,AGL   ,+99999,+99999","04,99,1,00,1,99,9,99999,9,99,9,99,9",,,"9,9,999,9,+012,1","05,1","SYN06442187 31995 42702 10260 20151 40105 70500 80002 333 10276 58012=","Q01    003SCCGA1"
"42187099999","2023-02-13T03:00:00","4","28.8333333","78.75","202.0","MORADABAD, IN","FM-12","99999","V020","320,1,N,0021,1","99999,9,9,N","004000,1,9,9","+0134,1","+0026,1","10143,1",,,,,,,,,,,"240,M,+0254,1","240,N,+0085,1","9,9,999,9,-014,1",,"SYN06842187 32996 03204 10134 20026 40143 333 10254 20085 59014 555 10013=",
"42187099999","2023-02-13T12:00:00","4","28.8333333","78.75","202.0","MORADABAD, IN","FM-12","99999","V020","320,1,N,0026,1","99999,9,9,N","004000,1,9,9","+0206,1","+0046,1","10116,1",,,,,,,,,,,,,"9,9,999,9,+002,1",,"SYN05242187 32996 03205 10206 20046 40116 333 10244 58002=",
"42187099999","2023-02-14T03:00:00","4","28.8333333","78.75","202.0","MORADABAD, IN","FM-12","99999","V020","320,1,N,0010,1","99999,9,9,N","004000,1,9,9","+0130,1","+0058,1","10165,1",,,,,,,,,,,"240,M,+0244,1","240,N,+0088,1","9,9,999,9,+021,1",,"SYN06842187 32996 03202 10130 20058 40165 333 10244 20088 58021 555 10013=",
"42187099999","2023-02-15T03:00:00","4","28.8333333","78.75","202.0","MORADABAD, IN","FM-12","99999","V020","050,1,N,0010,1","99999,9,9,N","002000,1,9,9","+0136,1","+0089,1","10137,1",,"0,1,02,1","0,1,02,1",,,,,,,,"240,M,+0248,1","240,N,+0095,1","9,9,999,9,-027,1","10,1","SYN07442187 31995 00502 10136 20089 40137 71000 333 10248 20095 59027 555 10013=",
"42187099999","2023-02-16T12:00:00","4","28.8333333","78.75","202.0","MORADABAD, IN","FM-12","99999","V020","180,1,N,0010,1","99999,9,9,N","002000,1,9,9","+0246,1","+0145,1","10124,1",,"0,1,02,1","0,1,02,1",,,"99,9,+99999,9,00,1",,,"9,AGL   ,+99999,+99999","05,99,1,00,1,99,9,99999,9,99,9,99,9",,,"9,9,999,9,+022,1","05,1","SYN06442187 31995 51802 10246 20145 40124 70500 80002 333 10284 58022=","Q01    003SCCGA1"
"42187099999","2023-02-17T03:00:00","4","28.8333333","78.75","202.0","MORADABAD, IN","FM-12","99999","V020","020,1,N,0010,1","99999,9,9,N","002000,1,9,9","+0156,1","+0131,1","10172,1",,"0,1,02,1","0,1,02,1",,,"99,9,+99999,9,00,1",,,"9,AGL   ,+99999,+99999","06,99,1,00,1,99,9,99999,9,99,9,99,9","240,M,+0284,1","240,N,+0134,1","9,9,999,9,+016,1","05,1","SYN08042187 31995 60202 10156 20131 40172 70500 80002 333 10284 20134 58016 555 10013=","Q01    003SCCGA1"
"42187099999","2023-02-17T12:00:00","4","28.8333333","78.75","202.0","MORADABAD, IN","FM-12","99999","V020","250,1,N,0010,1","22000,1,9,N","002000,1,9,9","+0252,1","+0157,1","10137,1",,"0,1,02,1","0,1,02,1",,,"99,9,+99999,9,00,1",,,"9,AGL   ,+99999,+99999","04,99,1,00,1,99,9,99999,9,99,9,99,9",,,"9,9,999,9,+013,1","05,1","SYN06442187 31995 42502 10252 20157 40137 70500 80002 333 10286 58013=","Q01    003SCCGA1"
"42187099999","2023-02-21T03:00:00","4","28.8333333","78.75","202.0","MORADABAD, IN","FM-12","99999","V020","090,1,N,0010,1","99999,9,9,N","002000,1,9,9","+0212,1","+0173,1","10123,1",,"0,1,02,1","0,1,02,1",,,,,,,,"240,M,+0297,1","240,N,+0136,1",,"10,1","SYN07442187 31995 00902 10212 20173 40123 71000 333 10297 20136 58/// 555 10013=",
"42187099999","2023-02-21T12:00:00","4","28.8333333","78.75","202.0","MORADABAD, IN","FM-12","99999","V020","160,1,N,0010,1","99999,9,9,N","002000,1,9,9","+0272,1","+0199,1","10083,1",,"0,1,02,1","0,1,02,1",,,,,,,,,,,"10,1","SYN05842187 31995 01602 10272 20199 40083 71000 333 10305 58///=",
"42187099999","2023-02-22T03:00:00","4","28.8333333","78.75","202.0","MORADABAD, IN","FM-12","99999","V020","270,1,N,0010,1","22000,1,9,N","002000,1,9,9","+0192,1","+0140,1","10131,1",,"0,1,02,1","0,1,02,1",,,"99,9,+99999,9,00,1",,,"9,AGL   ,+99999,+99999","02,99,1,00,1,99,9,99999,9,99,9,99,9","240,M,+0305,1","240,N,+0145,1","9,9,999,9,+007,1","05,1","SYN08042187 31995 22702 10192 20140 40131 70500 80002 333 10305 20145 58007 555 10013=","Q01    003SCCGA1"
"42187099999","2023-02-23T03:00:00","4","28.8333333","78.75","202.0","MORADABAD, IN","FM-12","99999","V020","270,1,N,0010,1","99999,9,9,N","004000,1,9,9","+0164,1","+0128,1","10120,1",,,,,,,,,,,"240,M,+0304,1","240,N,+0140,1","9,9,999,9,-014,1",,"SYN06842187 32996 02702 10164 20128 40120 333 10304 20140 59014 555 10013=",
"42187099999","2023-02-24T03:00:00","4","28.8333333","78.75","202.0","MORADABAD, IN","FM-12","99999","V020","290,1,N,0010,1","22000,1,9,N","002000,1,9,9","+0164,1","+0120,1","10144,1",,"0,1,02,1","0,1,02,1",,,"99,9,+99999,9,00,1",,,"9,AGL   ,+99999,+99999","04,99,1,00,1,99,9,99999,9,99,9,99,9","240,M,+0305,1","240,N,+0137,1","9,9,999,9,+023,1","05,1","SYN08042187 31995 42902 10164 20120 40144 70500 80002 333 10305 20137 58023 555 10013=","Q01    003SCCGA1"
"42187099999","2023-02-25T03:00:00","4","28.8333333","78.75","202.0","MORADABAD, IN","FM-12","99999","V020","270,1,N,0010,1","99999,9,9,N","004000,1,9,9","+0166,1","+0130,1","10169,1",,,,,,,,,,,"240,M,+0305,1","240,N,+0145,1","9,9,999,9,+025,1",,"SYN06842187 32996 02702 10166 20130 40169 333 10305 20145 58025 555 10013=",
"42187099999","2023-02-27T03:00:00","4","28.8333333","78.75","202.0","MORADABAD, IN","FM-12","99999","V020","320,1,N,0010,1","99999,9,9,N","002000,1,9,9","+0172,1","+0140,1","10178,1",,"0,1,02,1","0,1,02,1",,,,,,,,"240,M,+0303,1","240,N,+0140,1","9,9,999,9,-017,1","10,1","SYN07442187 31995 03202 10172 20140 40178 71000 333 10303 20140 59017 555 10013=",
"42187099999","2023-02-28T12:00:00","4","28.8333333","78.75","202.0","MORADABAD, IN","FM-12","99999","V020","270,1,N,0010,1","22000,1,9,N","002000,1,9,9","+0272,1","+0142,1","10146,1",,"0,1,02,1","0,1,02,1",,,"99,9,+99999,9,00,1",,,"9,AGL   ,+99999,+99999","02,99,1,00,1,99,9,99999,9,99,9,99,9",,,"9,9,999,9,+004,1","05,1","SYN06442187 31995 22702 10272 20142 40146 70500 80002 333 10314 58004=","Q01    003SCCGA1"
"42187099999","2023-03-01T03:00:00","4","28.8333333","78.75","202.0","MORADABAD, IN","FM-12","99999","V020","320,1,N,0021,1","99999,9,9,N","002000,1,9,9","+0208,1","+0123,1","10177,1","24,0000,9,1","2,1,02,1","2,1,02,1",,,"04,1,+99999,9,06,1","99,9,+99999,9,03,1","99,9,+99999,9,00,1","9,AGL   ,+99999,+99999","06,99,1,04,1,99,9,99999,9,99,9,99,9","240,M,+0314,1","240,N,+0166,1","9,9,999,9,-008,1","05,1","SYN08642187 21995 63204 10208 20123 40177 70522 84532 333 10314 20166 59008 6990/ 555 10000=","Q01  00002PRCP24"
"42187099999","2023-03-01T12:00:00","4","28.8333333","78.75","202.0","MORADABAD, IN","FM-12","99999","V020","320,1,N,0010,1","99999,9,9,N","004000,1,9,9","+0280,1","+0144,1","10154,1",,,,,,,,,,,,,"9,9,999,9,+011,1",,"SYN05242187 32996 03202 10280 20144 40154 333 10316 58011=",
"42187099999","2023-03-02T03:00:00","4","28.8333333","78.75","202.0","MORADABAD, IN","FM-12","99999","V020","320,1,N,0015,1","99999,9,9,N","004000,1,9,9","+0204,1","+0130,1","10188,1",,,,,,,,,,,"240,M,+0316,1","240,N,+0165,1","9,9,999,9,+001,1",,"SYN06842187 32996 03203 10204 20130 40188 333 10316 20165 58001 555 10000=",
"42187099999","2023-03-04T12:00:00","4","28.8333333","78.75","202.0","MORADABAD, IN","FM-12","99999","V020","290,1,N,0010,1","22000,1,9,N","002000,1,9,9","+0266,1","+0142,1","10151,1",,"0,1,02,1","0,1,02,1",,,"99,9,+99999,9,00,1",,,"9,AGL   ,+99999,+99999","02,99,1,00,1,99,9,99999,9,99,9,99,9","240,M,+0302,1",,"9,9,999,9,-002,1","05,1","SYN06442187 31995 22902 10266 20142 40151 70500 80002 333 10302 59002=","Q01    003SCCGA1"
"42187099999","2023-03-05T03:00:00","4","28.8333333","78.75","202.0","MORADABAD, IN","FM-12","99999","V020","290,1,N,0021,1","22000,1,9,N","002000,1,9,9","+0200,1","+0149,1","10189,1",,"0,1,02,1","0,1,02,1",,,"99,9,+99999,9,00,1",,,"9,AGL   ,+99999,+99999","02,99,1,00,1,99,9,99999,9,99,9,99,9","240,M,+0302,1","240,N,+0162,1","9,9,999,9,+003,1","05,1","SYN08042187 31995 22904 10200 20149 40189 70500 80002 333 10302 20162 58003 555 10000=","Q01    003SCCGA1"
"42187099999","2023-03-05T12:00:00","4","28.8333333","78.75","202.0","MORADABAD, IN","FM-12","99999","V020","290,1,N,0010,1","99999,9,9,N","004000,1,9,9","+0262,1","+0137,1","10142,1",,,,,,,,,,,,,"9,9,999,9,-009,1",,"SYN05242187 32996 02902 10262 20137 40142 333 10296 59009=",
"42187099999","2023-03-06T03:00:00","4","28.8333333","78.75","202.0","MORADABAD, IN","FM-12","99999","V020","270,1,N,0015,1","99999,9,9,N","004000,1,9,9","+0210,1","+0153,1","10170,1",,,,,,,,,,,"240,M,+0296,1","240,N,+0167,1","9,9,999,9,-015,1",,"SYN06842187 32996 02703 10210 20153 40170 333 10296 20167 59015 555 10000=",
"42187099999","2023-03-07T03:00:00","4","28.8333333","78.75","202.0","MORADABAD, IN","FM-12","99999","V020","270,1,N,0010,1","22000,1,9,N","002000,1,9,9","+0198,1","+0154,1","10169,1",,"0,1,02,1","0,1,02,1",,,"99,9,+99999,9,00,1",,,"9,AGL   ,+99999,+99999","04,99,1,00,1,99,9,99999,9,99,9,99,9","240,M,+0298,1","240,N,+0152,1","9,9,999,9,-002,1","05,1","SYN08042187 31995 42702 10198 20154 40169 70500 80002 333 10298 20152 59002 555 10000=","Q01    003SCCGA1"
"42187099999","2023-03-13T12:00:00","4","28.8333333","78.75","202.0","MORADABAD, IN","FM-12","99999","V020","290,1,N,0010,1","22000,1,9,N","002000,1,9,9","+0286,1","+0168,1","10097,1",,"0,1,02,1","0,1,02,1",,,"04,1,+99999,9,06,1","99,9,+99999,9,05,1","99,9,+99999,9,00,1","9,AGL   ,+99999,+99999","04,99,1,04,1,99,9,99999,9,99,9,99,9",,,"9,9,999,9,-005,1","05,1","SYN06442187 31995 42902 10286 20168 40097 70500 84522 333 10318 59005=",
"42187099999","2023-03-14T03:00:00","4","28.8333333","78.75","202.0","MORADABAD, IN","FM-12","99999","V020","290,1,N,0010,1","99999,9,9,N","002000,1,9,9","+0242,1","+0189,1","10118,1",,"0,1,02,1","0,1,02,1",,,,,,,,"240,M,+0318,1","240,N,+0186,1","9,9,999,9,-009,1","10,1","SYN07442187 31995 02902 10242 20189 40118 71000 333 10318 20186 59009 555 10000=",
"42187099999","2023-03-14T12:00:00","4","28.8333333","78.75","202.0","MORADABAD, IN","FM-12","99999","V020","270,1,N,0010,1","22000,1,9,N","002000,1,9,9","+0296,1","+0149,1","10062,1",,"0,1,02,1","0,1,02,1",,,"99,9,+99999,9,00,1",,,"9,AGL   ,+99999,+99999","02,99,1,00,1,99,9,99999,9,99,9,99,9",,,"9,9,999,9,-033,1","05,1","SYN06442187 31995 22702 10296 20149 40062 70500 80002 333 10320 59033=","Q01    003SCCGA1"
"42187099999","2023-03-15T03:00:00","4","28.8333333","78.75","202.0","MORADABAD, IN","FM-12","99999","V020","250,1,N,0010,1","99999,9,9,N","004000,1,9,9","+0238,1","+0166,1","10112,1",,,,,,,,,,,"240,M,+0320,1","240,N,+0180,1","9,9,999,9,-007,1",,"SYN06842187 32996 02502 10238 20166 40112 333 10320 20180 59007 555 10000=",
"42187099999","2023-03-16T03:00:00","4","28.8333333","78.75","202.0","MORADABAD, IN","FM-12","99999","V020","140,1,N,0015,1","22000,1,9,N","002000,1,9,9","+0234,1","+0154,1","10123,1",,"0,1,02,1","0,1,02,1",,,"99,9,+99999,9,00,1",,,"9,AGL   ,+99999,+99999","04,99,1,00,1,99,9,99999,9,99,9,99,9","240,M,+0335,1","240,N,+0182,1","9,9,999,9,+011,1","05,1","SYN08042187 31995 41403 10234 20154 40123 70500 80002 333 10335 20182 58011 555 10000=","Q01    003SCCGA1"
"42187099999","2023-03-16T12:00:00","4","28.8333333","78.75","202.0","MORADABAD, IN","FM-12","99999","V020","160,1,N,0010,1","22000,1,9,N","002000,1,9,9","+0282,1","+0147,1","10078,1",,"0,1,02,1","0,1,02,1",,,"99,9,+99999,9,00,1",,,"9,AGL   ,+99999,+99999","04,99,1,00,1,99,9,99999,9,99,9,99,9",,,"9,9,999,9,+013,1","05,1","SYN06442187 31995 41602 10282 20147 40078 70500 80002 333 10316 58013=","Q01    003SCCGA1"
"42187099999","2023-03-17T12:00:00","4","28.8333333","78.75","202.0","MORADABAD, IN","FM-12","99999","V020","160,1,N,0010,1","22000,1,9,N","002000,1,9,9","+0276,1","+0163,1","10094,1",,"0,1,02,1","0,1,02,1",,,"99,9,+99999,9,00,1",,,"9,AGL   ,+99999,+99999","02,99,1,00,1,99,9,99999,9,99,9,99,9",,,"9,9,999,9,+015,1","05,1","SYN06442187 31995 21602 10276 20163 40094 70500 80002 333 10325 58015=","Q01    003SCCGA1"
"42187099999","2023-03-18T03:00:00","4","28.8333333","78.75","202.0","MORADABAD, IN","FM-12","99999","V020","050,1,N,0021,1","99999,9,9,N","002000,1,9,9","+0214,1","+0168,1","10137,1",,"0,1,02,1","0,1,02,1",,,"04,1,+99999,9,06,1","99,9,+99999,9,03,1","99,9,+99999,9,00,1","9,AGL   ,+99999,+99999","06,99,1,04,1,99,9,99999,9,99,9,99,9","240,M,+0325,1","240,N,+0176,1","9,9,999,9,-004,1","05,1","SYN08042187 31995 60504 10214 20168 40137 70500 84532 333 10325 20176 59004 555 10000=",
"42187099999","2023-03-18T12:00:00","4","28.8333333","78.75","202.0","MORADABAD, IN","FM-12","99999","V020","070,1,N,0010,1","99999,9,9,N","002000,1,9,9","+0226,1","+0175,1","10094,1",,"0,1,02,1","0,1,02,1",,,"04,1,+99999,9,06,1","99,9,+99999,9,03,1",,"9,AGL   ,+99999,+99999","08,99,1,04,1,99,9,99999,9,99,9,99,9",,,"9,9,999,9,-005,1","05,1","SYN06442187 31995 80702 10226 20175 40094 70500 8453/ 333 10275 59005=",
"42187099999","2023-03-20T12:00:00","4","28.8333333","78.75","202.0","MORADABAD, IN","FM-12","99999","V020","110,1,N,0010,1","99999,9,9,N","002000,1,9,9","+0202,1","+0173,1","10059,1","09,0170,3,1","6,1,02,1","2,1,02,1",,,"04,1,+00800,1,06,1","99,9,+99999,9,03,1",,"9,AGL   ,+99999,+99999","08,99,1,04,1,99,9,00800,1,99,9,99,9","240,M,+0216,1",,"9,9,999,9,-014,1","05,1","SYN07042187 21595 81102 10202 20173 40059 70562 8453/ 333 10216 59014 6017/=",
"42187099999","2023-03-21T03:00:00","4","28.8333333","78.75","202.0","MORADABAD, IN","FM-12","99999","V020","070,1,N,0010,1","99999,9,9,N","002000,1,9,9","+0168,1","+0168,1","10117,1","24,0430,3,1","6,1,02,1","3,1,02,1",,,"04,1,+00800,1,06,1","99,9,+99999,9,03,1",,"9,AGL   ,+99999,+99999","08,99,1,04,1,99,9,00800,1,99,9,99,9","240,M,+0216,1","240,N,+0145,1","9,9,999,9,+004,1","62,1","SYN09242187 21595 80702 10168 20168 40117 76263 8453/ 333 10216 20145 58004 6043/ 555 00428 10043=",
"42187099999","2023-03-21T12:00:00","4","28.8333333","78.75","202.0","MORADABAD, IN","FM-12","99999","V020","090,1,N,0010,1","99999,9,9,N","002000,1,9,9","+0202,1","+0173,1","10083,1","09,0140,3,1","2,1,02,1","2,1,02,1",,,"04,1,+99999,9,06,1","99,9,+99999,9,03,1","99,9,+99999,9,00,1","9,AGL   ,+99999,+99999","06,99,1,04,1,99,9,99999,9,99,9,99,9",,,"9,9,999,9,-022,1","05,1","SYN07042187 21995 60902 10202 20173 40083 70522 84532 333 10214 59022 6014/=",
"42187099999","2023-03-22T03:00:00","4","28.8333333","78.75","202.0","MORADABAD, IN","FM-12","99999","V020","290,1,N,0010,1","99999,9,9,N","004000,1,9,9","+0170,1","+0156,1","10116,1","24,0140,3,1",,,,,,,,,,"240,M,+0214,1","240,N,+0148,1","9,9,999,9,+008,1",,"SYN08042187 21996 02902 10170 20156 40116 333 10214 20148 58008 6014/ 555 00142 10057=",
"42187099999","2023-03-22T12:00:00","4","28.8333333","78.75","202.0","MORADABAD, IN","FM-12","99999","V020","290,1,N,0010,1","99999,9,9,N","004000,1,9,9","+0246,1","+0157,1","10072,1",,,,,,,,,,,,,"9,9,999,9,-007,1",,"SYN05242187 32996 02902 10246 20157 40072 333 10270 59007=",
"42187099999","2023-03-23T12:00:00","4","28.8333333","78.75","202.0","MORADABAD, IN","FM-12","99999","V020","270,1,N,0010,1","99999,9,9,N","004000,1,9,9","+0266,1","+0155,1","10061,1",,,,,,,,,,,,,"9,9,999,9,-007,1",,"SYN05242187 32996 02702 10266 20155 40061 333 10293 59007=",
"42187099999","2023-03-25T03:00:00","4","28.8333333","78.75","202.0","MORADABAD, IN","FM-12","99999","V020","090,1,N,0015,1","99999,9,9,N","002000,1,9,9","+0194,1","+0184,1","10129,1","24,0100,3,1","6,1,02,1","3,1,02,1",,,"04,1,+00800,1,06,1","99,9,+99999,9,03,1","99,9,+99999,9,00,1","9,AGL   ,+99999,+99999","07,99,1,04,1,99,9,00800,1,99,9,99,9","240,M,+0285,1","240,N,+0152,1","9,9,999,9,+022,1","62,1","SYN09242187 21595 70903 10194 20184 40129 76263 84532 333 10285 20152 58022 6010/ 555 00104 10067=",
"42187099999","2023-03-25T12:00:00","4","28.8333333","78.75","202.0","MORADABAD, IN","FM-12","99999","V020","140,1,N,0010,1","99999,9,9,N","002000,1,9,9","+0258,1","+0179,1","10097,1",,"0,1,02,1","0,1,02,1",,,,,,,,,,"9,9,999,9,+024,1","10,1","SYN05842187 31995 01402 10258 20179 40097 71000 333 10280 58024=",
"42187099999","2023-03-26T03:00:00","4","28.8333333","78.75","202.0","MORADABAD, IN","FM-12","99999","V020","999,9,C,0000,1","99999,9,9,N","004000,1,9,9","+0212,1","+0194,1","99999,9",,,,,,,,,,,"240,N,+0165,1",,,,"SYN06242187 32996 00000 10212 20194 40/// 333 20165 58/// 555 10067=",
"42187099999","2023-03-26T12:00:00","4","28.8333333","78.75","202.0","MORADABAD, IN","FM-12","99999","V020","320,1,N,0010,1","99999,9,9,N","004000,1,9,9","+0272,1","+0125,1","10075,1",,,,,,,,,,,,,"9,9,999,9,-021,1",,"SYN05242187 32996 03202 10272 20125 40075 333 10300 59021=",
"42187099999","2023-03-28T12:00:00","4","28.8333333","78.75","202.0","MORADABAD, IN","FM-12","99999","V020","290,1,N,0010,1","22000,1,9,N","002000,1,9,9","+0280,1","+0140,1","10015,1",,"0,1,02,1","0,1,02,1",,,"99,9,+99999,9,00,1",,,"9,AGL   ,+99999,+99999","02,99,1,00,1,99,9,99999,9,99,9,99,9",,,"9,9,999,9,-002,1","05,1","SYN06442187 31995 22902 10280 20140 40015 70500 80002 333 10305 59002=","Q01    003SCCGA1"
"42187099999","2023-03-29T03:00:00","4","28.8333333","78.75","202.0","MORADABAD, IN","FM-12","99999","V020","320,1,N,0010,1","22000,1,9,N","002000,1,9,9","+0212,1","+0170,1","10114,1",,"0,1,02,1","0,1,02,1",,,"99,9,+99999,9,00,1",,,"9,AGL   ,+99999,+99999","02,99,1,00,1,99,9,99999,9,99,9,99,9","240,M,+0305,1","240,N,+0172,1","9,9,999,9,+007,1","10,1","SYN08042187 31995 23202 10212 20170 40114 71000 80002 333 10305 20172 58007 555 10067=","Q01    003SCCGA1"
"42187099999","2023-03-29T12:00:00","4","28.8333333","78.75","202.0","MORADABAD, IN","FM-12","99999","V020","230,1,N,0010,1","99999,9,9,N","002000,1,9,9","+0286,1","+0140,1","10075,1",,,,,,,,,"9,AGL   ,+99999,+99999","06,99,1,99,9,99,9,99999,9,99,9,99,9",,,"9,9,999,9,+002,1",,"SYN05242187 31995 62302 10286 20140 40075 333 10307 58002=",
"42187099999","2023-03-31T03:00:00","4","28.8333333","78.75","202.0","MORADABAD, IN","FM-12","99999","V020","070,1,N,0010,1","99999,9,9,N","002000,1,9,9","+0202,1","+0176,1","10114,1","24,0004,3,1","2,1,02,1","2,1,02,1",,,"04,1,+00800,1,06,1","99,9,+99999,9,03,1","99,9,+99999,9,00,1","9,AGL   ,+99999,+99999","07,99,1,04,1,99,9,00800,1,99,9,99,9","240,M,+0324,1","240,N,+0168,1","9,9,999,9,+004,1","05,1","SYN09242187 21595 70702 10202 20176 40114 70522 84532 333 10324 20168 58004 6994/ 555 00004 10068=",
"42187099999","2023-04-01T03:00:00","4","28.8333333","78.75","202.0","MORADABAD, IN","FM-12","99999","V020","070,1,N,0010,1","99999,9,9,N","002000,1,9,9","+0176,1","+0166,1","10109,1","24,0130,3,1","6,1,02,1","2,1,02,1",,,"04,1,+00800,1,06,1","99,9,+99999,9,03,1","99,9,+99999,9,00,1","9,AGL   ,+99999,+99999","06,99,1,04,1,99,9,00800,1,99,9,99,9","240,M,+0234,1","240,N,+0152,1","9,9,999,9,-008,1","05,1","SYN09242187 21595 60702 10176 20166 40109 70562 84532 333 10234 20152 59008 6013/ 555 00134 10081=",
"42187099999","2023-04-02T12:00:00","4","28.8333333","78.75","202.0","MORADABAD, IN","FM-12","99999","V020","320,1,N,0010,1","99999,9,9,N","004000,1,9,9","+0274,1","+0157,1","10052,1",,,,,,,,,,,,,"9,9,999,9,-024,1",,"SYN05242187 32996 03202 10274 20157 40052 333 10286 59024=",
"42187099999","2023-04-03T12:00:00","4","28.8333333","78.75","202.0","MORADABAD, IN","FM-12","99999","V020","320,1,N,0010,1","22000,1,9,N","002000,1,9,9","+0292,1","+0172,1","10046,1",,"0,1,02,1","0,1,02,1",,,"04,1,+99999,9,06,1","99,9,+99999,9,05,1","99,9,+99999,9,00,1","9,AGL   ,+99999,+99999","04,99,1,04,1,99,9,99999,9,99,9,99,9","240,M,+0320,1",,"9,9,999,9,-002,1","05,1","SYN06442187 31995 43202 10292 20172 40046 70500 84422 333 10320 59002=",
"42187099999","2023-04-04T12:00:00","4","28.8333333","78.75","202.0","MORADABAD, IN","FM-12","99999","V020","320,1,N,0010,1","99999,9,9,N","002000,1,9,9","+0276,1","+0151,1","10070,1",,"0,1,02,1","0,1,02,1",,,,,,,,,,"9,9,999,9,+022,1","10,1","SYN05842187 31995 03202 10276 20151 40070 71000 333 10302 58022=",
"42187099999","2023-04-05T03:00:00","4","28.8333333","78.75","202.0","MORADABAD, IN","FM-12","99999","V020","290,1,N,0010,1","99999,9,9,N","004000,1,9,9","+0224,1","+0154,1","10097,1",,,,,,,,,,,"240,M,+0302,1","240,N,+0187,1","9,9,999,9,+004,1",,"SYN06842187 32996 02902 10224 20154 40097 333 10302 20187 58004 555 10081=",
"42187099999","2023-04-05T12:00:00","4","28.8333333","78.75","202.0","MORADABAD, IN","FM-12","99999","V020","320,1,N,0010,1","99999,9,9,N","004000,1,9,9","+0292,1","+0091,1","10063,1",,,,,,,,,,,,,"9,9,999,9,-001,1",,"SYN05242187 32996 03202 10292 20091 40063 333 10316 59001=",
"42187099999","2023-04-06T03:00:00","4","28.8333333","78.75","202.0","MORADABAD, IN","FM-12","99999","V020","320,1,N,0015,1","99999,9,9,N","004000,1,9,9","+0222,1","+0136,1","10114,1",,,,,,,,,,,"240,M,+0316,1","240,N,+0184,1","9,9,999,9,+015,1",,"SYN06842187 32996 03203 10222 20136 40114 333 10316 20184 58015 555 10081=",
"42187099999","2023-04-06T12:00:00","4","28.8333333","78.75","202.0","MORADABAD, IN","FM-12","99999","V020","320,1,N,0015,1","99999,9,9,N","004000,1,9,9","+0298,1","+0116,1","10088,1",,,,,,,,,,,,,"9,9,999,9,+022,1",,"SYN05242187 32996 03203 10298 20116 40088 333 10330 58022=",
"42187099999","2023-04-07T12:00:00","4","28.8333333","78.75","202.0","MORADABAD, IN","FM-12","99999","V020","230,1,N,0010,1","99999,9,9,N","004000,1,9,9","+0306,1","+0082,1","10101,1",,,,,,,,,,,,,"9,9,999,9,+013,1",,"SYN05242187 32996 02302 10306 20082 40101 333 10340 58013=",
"42187099999","2023-04-08T12:00:00","4","28.8333333","78.75","202.0","MORADABAD, IN","FM-12","99999","V020","270,1,N,0010,1","99999,9,9,N","004000,1,9,9","+0314,1","+0084,1","10107,1",,,,,,,,,,,,,"9,9,999,9,+007,1",,"SYN05242187 32996 02702 10314 20084 40107 333 10342 58007=",
"42187099999","2023-04-09T12:00:00","4","28.8333333","78.75","202.0","MORADABAD, IN","FM-12","99999","V020","270,1,N,0010,1","99999,9,9,N","004000,1,9,9","+0322,1","+0087,1","10099,1",,,,,,,,,,,,,"9,9,999,9,-007,1",,"SYN05242187 32996 02702 10322 20087 40099 333 10345 59007=",
"42187099999","2023-04-10T12:00:00","4","28.8333333","78.75","202.0","MORADABAD, IN","FM-12","99999","V020","290,1,N,0010,1","99999,9,9,N","004000,1,9,9","+0318,1","+0107,1","10093,1",,,,,,,,,,,,,"9,9,999,9,-006,1",,"SYN05242187 32996 02902 10318 20107 40093 333 10350 59006=",
"42187099999","2023-04-11T03:00:00","4","28.8333333","78.75","202.0","MORADABAD, IN","FM-12","99999","V020","320,1,N,0010,1","99999,9,9,N","004000,1,9,9","+0246,1","+0125,1","10115,1",,,,,,,,,,,"240,M,+0350,1","240,N,+0188,1",,,"SYN06842187 32996 03202 10246 20125 40115 333 10350 20188 58/// 555 10081=",
"42187099999","2023-04-12T03:00:00","4","28.8333333","78.75","202.0","MORADABAD, IN","FM-12","99999","V020","320,1,N,0010,1","99999,9,9,N","004000,1,9,9","+0264,1","+0136,1","10114,1",,,,,,,,,,,"240,M,+0362,1","240,N,+0212,1","9,9,999,9,+005,1",,"SYN06842187 32996 03202 10264 20136 40114 333 10362 20212 58005 555 10081=",
"42187099999","2023-04-12T12:00:00","4","28.8333333","78.75","202.0","MORADABAD, IN","FM-12","99999","V020","270,1,N,0010,1","99999,9,9,N","004000,1,9,9","+0340,1","+0128,1","10067,1",,,,,,,,,,,,,"9,9,999,9,-006,1",,"SYN05242187 32996 02702 10340 20128 40067 333 10368 59006=",
"42187099999","2023-04-13T03:00:00","4","28.8333333","78.75","202.0","MORADABAD, IN","FM-12","99999","V020","320,1,N,0010,1","99999,9,9,N","004000,1,9,9","+0272,1","+0138,1","10097,1",,,,,,,,,,,"240,M,+0362,1","240,N,+0227,1","9,9,999,9,-009,1",,"SYN06842187 32996 03202 10272 20138 40097 333 10362 20227 59009 555 10081=",
"42187099999","2023-04-13T12:00:00","4","28.8333333","78.75","202.0","MORADABAD, IN","FM-12","99999","V020","270,1,N,0010,1","99999,9,9,N","004000,1,9,9","+0348,1","+0131,1","10050,1",,,,,,,,,,,,,"9,9,999,9,-017,1",,"SYN05242187 32996 02702 10348 20131 40050 333 10377 59017=",
"42187099999","2023-04-14T12:00:00","4","28.8333333","78.75","202.0","MORADABAD, IN","FM-12","99999","V020","270,1,N,0010,1","99999,9,9,N","002000,1,9,9","+0354,1","+0140,1","10051,1",,"0,1,02,1","0,1,02,1",,,"99,9,+99999,9,00,1",,,"9,AGL   ,+99999,+99999","05,99,1,00,1,99,9,99999,9,99,9,99,9",,,"9,9,999,9,+002,1","05,1","SYN06442187 31995 52702 10354 20140 40051 70500 80002 333 10378 58002=","Q01    003SCCGA1"
"42187099999","2023-04-15T12:00:00","4","28.8333333","78.75","202.0","MORADABAD, IN","FM-12","99999","V020","290,1,N,0010,1","99999,9,9,N","002000,1,9,9","+0356,1","+0143,1","10045,1",,"0,1,02,1","0,1,02,1",,,,,,,,,,"9,9,999,9,-005,1","10,1","SYN05842187 31995 02902 10356 20143 40045 71000 333 10385 59005=",
"42187099999","2023-04-17T03:00:00","4","28.8333333","78.75","202.0","MORADABAD, IN","FM-12","99999","V020","320,1,N,0010,1","99999,9,9,N","004000,1,9,9","+0294,1","+0146,1","10069,1",,,,,,,,,,,"240,M,+0390,1","240,N,+0237,1","9,9,999,9,-017,1",,"SYN06842187 32996 03202 10294 20146 40069 333 10390 20237 59017 555 10081=",
"42187099999","2023-04-18T03:00:00","4","28.8333333","78.75","202.0","MORADABAD, IN","FM-12","99999","V020","320,1,N,0010,1","99999,9,9,N","004000,1,9,9","+0322,1","+0179,1","10085,1",,,,,,,,,,,"240,M,+0400,1","240,N,+0232,1","9,9,999,9,+020,1",,"SYN06842187 32996 03202 10322 20179 40085 333 10400 20232 58020 555 10081=",
"42187099999","2023-04-20T03:00:00","4","28.8333333","78.75","202.0","MORADABAD, IN","FM-12","99999","V020","320,1,N,0010,1","99999,9,9,N","002000,1,9,9","+0286,1","+0156,1","10042,1","24,0020,3,1","0,1,02,1","0,1,02,1",,,"04,1,+99999,9,06,1","99,9,+99999,9,03,1","99,9,+99999,9,00,1","9,AGL   ,+99999,+99999","06,99,1,04,1,99,9,99999,9,99,9,99,9","240,M,+0406,1","240,N,+0218,1","9,9,999,9,-031,1","05,1","SYN09242187 21995 63202 10286 20156 40042 70500 84532 333 10406 20218 59031 6002/ 555 00016 10083=",
"42187099999","2023-04-21T03:00:00","4","28.8333333","78.75","202.0","MORADABAD, IN","FM-12","99999","V020","070,1,N,0021,1","99999,9,9,N","002000,1,9,9","+0272,1","+0170,1","10057,1","24,0020,3,1",,,,,,,,,,"240,M,+0370,1","240,N,+0217,1","9,9,999,9,+013,1",,"SYN08042187 21995 00704 10272 20170 40057 333 10370 20217 58013 6002/ 555 00018 10085=",
"42187099999","2023-04-24T03:00:00","4","28.8333333","78.75","202.0","MORADABAD, IN","FM-12","99999","V020","160,1,N,0010,1","99999,9,9,N","002000,1,9,9","+0238,1","+0144,1","10112,1",,"0,1,02,1","0,1,02,1",,,"04,1,+99999,9,09,1","99,9,+99999,9,05,1","99,9,+99999,9,00,1","9,AGL   ,+99999,+99999","07,99,1,04,1,99,9,99999,9,99,9,99,9","240,M,+0337,1","240,N,+0195,1",,"05,1","SYN08042187 31995 71602 10238 20144 40112 70500 84322 333 10337 20195 58/// 555 10083=",
"42187099999","2023-04-24T12:00:00","4","28.8333333","78.75","202.0","MORADABAD, IN","FM-12","99999","V020","140,1,N,0010,1","22000,1,9,N","002000,1,9,9","+0266,1","+0121,1","10101,1",,"0,1,02,1","0,1,02,1",,,"99,9,+99999,9,00,1",,,"9,AGL   ,+99999,+99999","04,99,1,00,1,99,9,99999,9,99,9,99,9",,,"9,9,999,9,+049,1","05,1","SYN06442187 31995 41402 10266 20121 40101 70500 80002 333 10302 58049=","Q01    003SCCGA1"
"42187099999","2023-04-25T12:00:00","4","28.8333333","78.75","202.0","MORADABAD, IN","FM-12","99999","V020","320,1,N,0010,1","22000,1,9,N","002000,1,9,9","+0296,1","+0145,1","10086,1",,"0,1,02,1","0,1,02,1",,,"99,9,+99999,9,00,1",,,"9,AGL   ,+99999,+99999","04,99,1,00,1,99,9,99999,9,99,9,99,9",,,"9,9,999,9,-013,1","05,1","SYN06442187 31995 43202 10296 20145 40086 70500 80002 333 10333 59013=","Q01    003SCCGA1"
"42187099999","2023-04-26T03:00:00","4","28.8333333","78.75","202.0","MORADABAD, IN","FM-12","99999","V020","090,1,N,0010,1","22000,1,9,N","002000,1,9,9","+0274,1","+0157,1","10107,1",,"0,1,02,1","0,1,02,1",,,"99,9,+99999,9,00,1",,,"9,AGL   ,+99999,+99999","02,99,1,00,1,99,9,99999,9,99,9,99,9","240,M,+0333,1","240,N,+0207,1","9,9,999,9,-025,1","05,1","SYN08042187 31995 20902 10274 20157 40107 70500 80002 333 10333 20207 59025 555 10083=","Q01    003SCCGA1"
"42187099999","2023-04-26T12:00:00","4","28.8333333","78.75","202.0","MORADABAD, IN","FM-12","99999","V020","999,9,C,0000,1","22000,1,9,N","002000,1,9,9","+0318,1","+0166,1","10048,1",,"0,1,02,1","0,1,02,1",,,"99,9,+99999,9,00,1",,,"9,AGL   ,+99999,+99999","04,99,1,00,1,99,9,99999,9,99,9,99,9",,,"9,9,999,9,-037,1","05,1","SYN06442187 31995 40000 10318 20166 40048 70500 80002 333 10345 59037=","Q01    003SCCGA1"
"42187099999","2023-04-27T03:00:00","4","28.8333333","78.75","202.0","MORADABAD, IN","FM-12","99999","V020","110,1,N,0010,1","22000,1,9,N","002000,1,9,9","+0278,1","+0154,1","10088,1",,"0,1,02,1","0,1,02,1",,,"99,9,+99999,9,00,1",,,"9,AGL   ,+99999,+99999","04,99,1,00,1,99,9,99999,9,99,9,99,9","240,M,+0345,1","240,N,+0210,1","9,9,999,9,-017,1","05,1","SYN08042187 31995 41102 10278 20154 40088 70500 80002 333 10345 20210 59017 555 10083=","Q01    003SCCGA1"
"42187099999","2023-04-27T12:00:00","4","28.8333333","78.75","202.0","MORADABAD, IN","FM-12","99999","V020","050,1,N,0010,1","22000,1,9,N","002000,1,9,9","+0326,1","+0157,1","10048,1",,"0,1,02,1","0,1,02,1",,,"99,9,+99999,9,00,1",,,"9,AGL   ,+99999,+99999","04,99,1,00,1,99,9,99999,9,99,9,99,9",,,"9,9,999,9,+002,1","05,1","SYN06442187 31995 40502 10326 20157 40048 70500 80002 333 10360 58002=","Q01    003SCCGA1"
"42187099999","2023-04-28T03:00:00","4","28.8333333","78.75","202.0","MORADABAD, IN","FM-12","99999","V020","070,1,N,0010,1","22000,1,9,N","002000,1,9,9","+0262,1","+0157,1","10106,1","24,0004,3,1","0,1,02,1","0,1,02,1",,,"99,9,+99999,9,00,1",,,"9,AGL   ,+99999,+99999","04,99,1,00,1,99,9,99999,9,99,9,99,9","240,M,+0360,1","240,N,+0208,1","9,9,999,9,+016,1","05,1","SYN09242187 21995 40702 10262 20157 40106 70500 80002 333 10360 20208 58016 6994/ 555 00004 10085=","Q01    003SCCGA1"
"42187099999","2023-04-28T12:00:00","4","28.8333333","78.75","202.0","MORADABAD, IN","FM-12","99999","V020","290,1,N,0015,1","22000,1,9,N","002000,1,9,9","+0324,1","+0154,1","10055,1",,"0,1,02,1","0,1,02,1",,,"99,9,+99999,9,00,1",,,"9,AGL   ,+99999,+99999","04,99,1,00,1,99,9,99999,9,99,9,99,9",,,"9,9,999,9,+007,1","05,1","SYN06442187 31995 42903 10324 20154 40055 70500 80002 333 10348 58007=","Q01    003SCCGA1"
"42187099999","2023-04-29T12:00:00","4","28.8333333","78.75","202.0","MORADABAD, IN","FM-12","99999","V020","290,1,N,0010,1","99999,9,9,N","002000,1,9,9","+0312,1","+0174,1","10045,1",,"0,1,02,1","0,1,02,1",,,"04,1,+99999,9,09,1","99,9,+99999,9,05,1","99,9,+99999,9,00,1","9,AGL   ,+99999,+99999","07,99,1,04,1,99,9,99999,9,99,9,99,9",,,"9,9,999,9,-010,1","05,1","SYN06442187 31995 72902 10312 20174 40045 70500 84322 333 10340 59010=",
"42187099999","2023-04-30T03:00:00","4","28.8333333","78.75","202.0","MORADABAD, IN","FM-12","99999","V020","070,1,N,0010,1","99999,9,9,N","002000,1,9,9","+0228,1","+0184,1","10089,1","24,0020,3,1","2,1,02,1","2,1,02,1",,,"04,1,+99999,9,06,1","99,9,+99999,9,03,1","99,9,+99999,9,00,1","9,AGL   ,+99999,+99999","07,99,1,04,1,99,9,99999,9,99,9,99,9","240,M,+0340,1","240,N,+0205,1","9,9,999,9,-008,1","05,1","SYN09242187 21995 70702 10228 20184 40089 70522 84532 333 10340 20205 59008 6002/ 555 00022 10087=",
"42187099999","2023-04-30T12:00:00","4","28.8333333","78.75","202.0","MORADABAD, IN","FM-12","99999","V020","070,1,N,0015,1","99999,9,9,N","002000,1,9,9","+0210,1","+0194,1","10061,1","09,0230,3,1","0,1,02,1","0,1,02,1",,,"04,1,+00800,1,06,1","99,9,+99999,9,03,1",,"9,AGL   ,+99999,+99999","08,99,1,04,1,99,9,00800,1,99,9,99,9",,,"9,9,999,9,+006,1","62,1","SYN07042187 21595 80703 10210 20194 40061 76200 8453/ 333 10288 58006 6023/=",
"42187099999","2023-05-01T03:00:00","4","28.8333333","78.75","202.0","MORADABAD, IN","FM-12","99999","V020","070,1,N,0010,1","99999,9,9,N","002000,1,9,9","+0208,1","+0202,1","10092,1","24,0500,3,1","0,1,02,1","0,1,02,1",,,"04,1,+00800,1,06,1","99,9,+99999,9,03,1",,"9,AGL   ,+99999,+99999","08,99,1,04,1,99,9,00800,1,99,9,99,9","240,M,+0288,1","240,N,+0178,1","9,9,999,9,+000,1","62,1","SYN09242187 21595 80702 10208 20202 40092 76200 8453/ 333 10288 20178 58000 6050/ 555 00504 10137=",
"42187099999","2023-05-01T12:00:00","4","28.8333333","78.75","202.0","MORADABAD, IN","FM-12","99999","V020","090,1,N,0010,1","99999,9,9,N","002000,1,9,9","+0228,1","+0200,1","10063,1","09,0000,2,1","0,1,02,1","0,1,02,1",,,"04,1,+99999,9,06,1","99,9,+99999,9,03,1",,"9,AGL   ,+99999,+99999","06,99,1,04,1,99,9,99999,9,99,9,99,9",,,"9,9,999,9,+000,1","60,1","SYN07042187 21995 60902 10228 20200 40063 76000 8453/ 333 10240 58000 6990/=",
"42187099999","2023-05-02T03:00:00","4","28.8333333","78.75","202.0","MORADABAD, IN","FM-12","99999","V020","090,1,N,0015,1","99999,9,9,N","002000,1,9,9","+0202,1","+0193,1","10107,1","24,0000,2,1","0,1,02,1","0,1,02,1",,,"04,1,+00800,1,06,1","99,9,+99999,9,03,1",,"9,AGL   ,+99999,+99999","08,99,1,04,1,99,9,00800,1,99,9,99,9","240,M,+0240,1","240,N,+0180,1","9,9,999,9,+014,1","05,1","SYN08642187 21595 80903 10202 20193 40107 70500 8453/ 333 10240 20180 58014 6990/ 555 10038=",
"42187099999","2023-05-02T12:00:00","4","28.8333333","78.75","202.0","MORADABAD, IN","FM-12","99999","V020","050,1,N,0010,1","99999,9,9,N","002000,1,9,9","+0242,1","+0192,1","10074,1","09,0000,2,1","0,1,02,1","0,1,02,1",,,"99,9,+99999,9,00,1",,,"9,AGL   ,+99999,+99999","06,99,1,00,1,99,9,99999,9,99,9,99,9","240,M,+0254,1",,"9,9,999,9,+012,1","60,1","SYN07042187 21995 60502 10242 20192 40074 76000 80002 333 10254 58012 6990/=","Q01    003SCCGA1"
"42187099999","2023-05-03T12:00:00","4","28.8333333","78.75","202.0","MORADABAD, IN","FM-12","99999","V020","140,1,N,0010,1","99999,9,9,N","002000,1,9,9","+0202,1","+0196,1","10078,1","09,0180,3,1","6,1,02,1","0,1,02,1",,,"04,1,+00800,1,06,1","99,9,+99999,9,03,1",,"9,AGL   ,+99999,+99999","08,99,1,04,1,99,9,00800,1,99,9,99,9",,,"9,9,999,9,+008,1","62,1","SYN07042187 21595 81402 10202 20196 40078 76260 8453/ 333 10280 58008 6018/=",
"42187099999","2023-05-04T03:00:00","4","28.8333333","78.75","202.0","MORADABAD, IN","FM-12","99999","V020","070,1,N,0010,1","22000,1,9,N","002000,1,9,9","+0226,1","+0192,1","10125,1","24,0190,3,1","0,1,02,1","0,1,02,1",,,"99,9,+99999,9,00,1",,,"9,AGL   ,+99999,+99999","02,99,1,00,1,99,9,99999,9,99,9,99,9","240,M,+0280,1","240,N,+0185,1","9,9,999,9,+012,1","05,1","SYN09242187 21995 20702 10226 20192 40125 70500 80002 333 10280 20185 58012 6019/ 555 00190 10157=","Q01    003SCCGA1"
"42187099999","2023-05-04T12:00:00","4","28.8333333","78.75","202.0","MORADABAD, IN","FM-12","99999","V020","270,1,N,0010,1","22000,1,9,N","002000,1,9,9","+0286,1","+0194,1","10065,1",,"0,1,02,1","0,1,02,1",,,"99,9,+99999,9,05,1","99,9,+99999,9,00,1",,"9,AGL   ,+99999,+99999","02,99,1,00,1,99,9,99999,9,99,9,99,9",,,"9,9,999,9,+015,1","05,1","SYN06442187 31995 22702 10286 20194 40065 70500 80022 333 10302 58015=","Q01    003SCCGA1"
"42187099999","2023-05-06T03:00:00","4","28.8333333","78.75","202.0","MORADABAD, IN","FM-12","99999","V020","320,1,N,0010,1","99999,9,9,N","004000,1,9,9","+0260,1","+0188,1","10067,1",,,,,,,,,,,"240,M,+0322,1","240,N,+0205,1","9,9,999,9,-031,1",,"SYN06842187 32996 03202 10260 20188 40067 333 10322 20205 59031 555 10157=",
"42187099999","2023-05-09T12:00:00","4","28.8333333","78.75","202.0","MORADABAD, IN","FM-12","99999","V020","270,1,N,0010,1","99999,9,9,N","002000,1,9,9","+0326,1","+0148,1","10036,1",,"0,1,02,1","0,1,02,1",,,,,,,,,,,"05,1","SYN05842187 31995 02702 10326 20148 40036 70500 333 10357 58///=",
"42187099999","2023-05-10T03:00:00","4","28.8333333","78.75","202.0","MORADABAD, IN","FM-12","99999","V020","320,1,N,0010,1","99999,9,9,N","004000,1,9,9","+0280,1","+0148,1","10067,1",,,,,,,,,,,"240,M,+0357,1","240,N,+0218,1",,,"SYN06842187 32996 03202 10280 20148 40067 333 10357 20218 58/// 555 10160=",
"42187099999","2023-05-10T12:00:00","4","28.8333333","78.75","202.0","MORADABAD, IN","FM-12","99999","V020","320,1,N,0010,1","99999,9,9,N","004000,1,9,9","+0324,1","+0136,1","10034,1",,,,,,,,,,,,,"9,9,999,9,-003,1",,"SYN05242187 32996 03202 10324 20136 40034 333 10348 59003=",
"42187099999","2023-05-11T03:00:00","4","28.8333333","78.75","202.0","MORADABAD, IN","FM-12","99999","V020","999,9,C,0000,1","99999,9,9,N","002000,1,9,9","+0268,1","+0172,1","10076,1",,"0,1,02,1","0,1,02,1",,,,,,,,"240,M,+0348,1","240,N,+0212,1","9,9,999,9,+007,1","10,1","SYN07442187 31995 00000 10268 20172 40076 71000 333 10348 20212 58007 555 10160=",
"42187099999","2023-05-11T12:00:00","4","28.8333333","78.75","202.0","MORADABAD, IN","FM-12","99999","V020","320,1,N,0010,1","99999,9,9,N","004000,1,9,9","+0340,1","+0137,1","10037,1",,,,,,,,,,,,,"9,9,999,9,+004,1",,"SYN05242187 32996 03202 10340 20137 40037 333 10365 58004=",
"42187099999","2023-05-12T03:00:00","4","28.8333333","78.75","202.0","MORADABAD, IN","FM-12","99999","V020","070,1,N,0010,1","99999,9,9,N","004000,1,9,9","+0282,1","+0163,1","10077,1",,,,,,,,,,,"240,M,+0365,1","240,N,+0214,1","9,9,999,9,+003,1",,"SYN06842187 32996 00702 10282 20163 40077 333 10365 20214 58003 555 10160=",
"42187099999","2023-05-13T12:00:00","4","28.8333333","78.75","202.0","MORADABAD, IN","FM-12","99999","V020","999,9,C,0000,1","99999,9,9,N","002000,1,9,9","+0358,1","+0155,1","10015,1",,"0,1,02,1","0,1,02,1",,,,,,,,,,"9,9,999,9,-010,1","05,1","SYN05842187 31995 00000 10358 20155 40015 70500 333 10386 59010=",
"42187099999","2023-05-14T03:00:00","4","28.8333333","78.75","202.0","MORADABAD, IN","FM-12","99999","V020","070,1,N,0010,1","99999,9,9,N","004000,1,9,9","+0296,1","+0188,1","10040,1",,,,,,,,,,,"240,M,+0386,1","240,N,+0234,1","9,9,999,9,-018,1",,"SYN06842187 32996 00702 10296 20188 40040 333 10386 20234 59018 555 10160=",
"42187099999","2023-05-15T03:00:00","4","28.8333333","78.75","202.0","MORADABAD, IN","FM-12","99999","V020","020,1,N,0010,1","99999,9,9,N","002000,1,9,9","+0298,1","+0176,1","10032,1",,"0,1,02,1","0,1,02,1",,,,,,,,"240,M,+0390,1","240,N,+0237,1","9,9,999,9,-008,1","05,1","SYN07442187 31995 00202 10298 20176 40032 70500 333 10390 20237 59008 555 10160=",
"42187099999","2023-05-15T12:00:00","4","28.8333333","78.75","202.0","MORADABAD, IN","FM-12","99999","V020","270,1,N,0010,1","99999,9,9,N","004000,1,9,9","+0362,1","+0193,1","99999,9",,,,,,,,,,,,,,,"SYN05242187 32996 02702 10362 20193 4//// 333 10390 58///=",
"42187099999","2023-05-16T03:00:00","4","28.8333333","78.75","202.0","MORADABAD, IN","FM-12","99999","V020","320,1,N,0021,1","99999,9,9,N","002000,1,9,9","+0292,1","+0160,1","10037,1",,"2,1,02,1","2,1,02,1",,,,,,,,"240,M,+0390,1","240,N,+0252,1","9,9,999,9,+009,1","06,1","SYN07442187 31995 03204 10292 20160 40037 70622 333 10390 20252 58009 555 10160=",
"42187099999","2023-05-16T12:00:00","4","28.8333333","78.75","202.0","MORADABAD, IN","FM-12","99999","V020","320,1,N,0010,1","99999,9,9,N","002000,1,9,9","+0356,1","+0169,1","10005,1",,"0,1,02,1","0,1,02,1",,,,,,,,,,"9,9,999,9,+015,1","05,1","SYN05842187 31995 03202 10356 20169 40005 70500 333 10378 58015=",
"42187099999","2023-05-17T03:00:00","4","28.8333333","78.75","202.0","MORADABAD, IN","FM-12","99999","V020","320,1,N,0010,1","99999,9,9,N","004000,1,9,9","+0298,1","+0164,1","10057,1",,,,,,,,,,,"240,M,+0378,1","240,N,+0256,1","9,9,999,9,+011,1",,"SYN06842187 32996 03202 10298 20164 40057 333 10378 20256 58011 555 10160=",
"42187099999","2023-05-18T12:00:00","4","28.8333333","78.75","202.0","MORADABAD, IN","FM-12","99999","V020","320,1,N,0021,1","99999,9,9,N","002000,1,9,9","+0354,1","+0167,1","10056,1",,"0,1,02,1","0,1,02,1",,,,,,,,,,,"05,1","SYN05842187 31995 03204 10354 20167 40056 70500 333 10382 58///=",
"42187099999","2023-05-19T03:00:00","4","28.8333333","78.75","202.0","MORADABAD, IN","FM-12","99999","V020","320,1,N,0010,1","99999,9,9,N","004000,1,9,9","+0278,1","+0184,1","10057,1",,,,,,,,,,,"240,M,+0382,1","240,N,+0214,1",,,"SYN06842187 32996 03202 10278 20184 40057 333 10382 20214 58/// 555 10165=",
"42187099999","2023-05-19T12:00:00","4","28.8333333","78.75","202.0","MORADABAD, IN","FM-12","99999","V020","270,1,N,0010,1","99999,9,9,N","004000,1,9,9","+0340,1","+0159,1","10022,1",,,,,,,,,,,,,"9,9,999,9,-034,1",,"SYN05242187 32996 02702 10340 20159 40022 333 10366 59034=",
"42187099999","2023-05-20T12:00:00","4","28.8333333","78.75","202.0","MORADABAD, IN","FM-12","99999","V020","270,1,N,0010,1","99999,9,9,N","004000,1,9,9","+0368,1","+0143,1","10008,1",,,,,,,,,,,,,"9,9,999,9,-012,1",,"SYN05242187 32996 02702 10368 20143 40008 333 10386 59012=",
"42187099999","2023-05-22T03:00:00","4","28.8333333","78.75","202.0","MORADABAD, IN","FM-12","99999","V020","050,1,N,0015,1","99999,9,9,N","004000,1,9,9","+0302,1","+0181,1","10055,1",,,,,,,,,,,"240,M,+0398,1","240,N,+0254,1",,,"SYN06842187 32996 00503 10302 20181 40055 333 10398 20254 58/// 555 10165=",
"42187099999","2023-05-22T12:00:00","4","28.8333333","78.75","202.0","MORADABAD, IN","FM-12","99999","V020","999,9,C,0000,1","99999,9,9,N","004000,1,9,9","+0376,1","+0151,1","10010,1",,,,,,,,,,,,,,,"SYN05242187 32996 00000 10376 20151 40010 333 10404 58///=",
"42187099999","2023-05-23T03:00:00","4","28.8333333","78.75","202.0","MORADABAD, IN","FM-12","99999","V020","110,1,N,0010,1","99999,9,9,N","004000,1,9,9","+0322,1","+0202,1","10062,1",,,,,,,,,,,"240,M,+0404,1","240,N,+0270,1","9,9,999,9,-002,1",,"SYN06842187 32996 01102 10322 20202 40062 333 10404 20270 59002 555 10165=",
"42187099999","2023-05-26T03:00:00","4","28.8333333","78.75","202.0","MORADABAD, IN","FM-12","99999","V020","270,1,N,0010,1","22000,1,9,N","002000,1,9,9","+0264,1","+0216,1","10076,1",,"0,1,02,1","0,1,02,1",,,"99,9,+99999,9,00,1",,,"9,AGL   ,+99999,+99999","02,99,1,00,1,99,9,99999,9,99,9,99,9","240,M,+0346,1","240,N,+0195,1","9,9,999,9,+004,1","05,1","SYN08642187 21995 22702 10264 20216 40076 70500 80002 333 10346 20195 58004 555 00176 10185=","Q01    003SCCGA1"
"42187099999","2023-05-26T12:00:00","4","28.8333333","78.75","202.0","MORADABAD, IN","FM-12","99999","V020","110,1,N,0010,1","22000,1,9,N","002000,1,9,9","+0308,1","+0199,1","10032,1",,"0,1,02,1","0,1,02,1",,,"99,9,+99999,9,00,1",,,"9,AGL   ,+99999,+99999","02,99,1,00,1,99,9,99999,9,99,9,99,9",,,"9,9,999,9,-002,1","05,1","SYN06442187 31995 21102 10308 20199 40032 70500 80002 333 10325 59002=","Q01    003SCCGA1"
"42187099999","2023-05-27T12:00:00","4","28.8333333","78.75","202.0","MORADABAD, IN","FM-12","99999","V020","999,9,C,0000,1","22000,1,9,9","002000,1,9,9","+0315,1","+0188,1","10029,1",,"0,1,99,9","0,1,99,9",,,,,,,"00,99,1,99,9,99,9,99999,9,99,9,99,9",,,"9,9,999,9,-004,1","05,1","SYN004BUFR",
"42187099999","2023-05-30T03:00:00","4","28.8333333","78.75","202.0","MORADABAD, IN","FM-12","99999","V020","140,1,N,0015,1","99999,9,9,N","002000,1,9,9","+0316,1","+0219,1","10084,1","24,0000,9,1","0,1,02,1","0,1,02,1",,,,,,,,"240,M,+0367,1","240,N,+0232,1","9,9,999,9,-002,1","05,1","SYN08042187 21995 01403 10316 20219 40084 70500 333 10367 20232 59002 6990/ 555 10187=","Q01  00002PRCP24"
"42187099999","2023-05-30T12:00:00","4","28.8333333","78.75","202.0","MORADABAD, IN","FM-12","99999","V020","270,1,N,0015,1","99999,9,9,N","002000,1,9,9","+0348,1","+0205,1","10040,1",,"0,1,02,1","0,1,02,1",,,"03,1,+99999,9,06,1","99,9,+99999,9,05,1","99,9,+99999,9,00,1","9,AGL   ,+99999,+99999","05,99,1,03,1,99,9,99999,9,99,9,99,9",,,"9,9,999,9,-012,1","05,1","SYN06442187 31995 52703 10348 20205 40040 70500 83422 333 10376 59012=",
"42187099999","2023-05-31T12:00:00","4","28.8333333","78.75","202.0","MORADABAD, IN","FM-12","99999","V020","320,1,N,0010,1","22000,1,9,N","002000,1,9,9","+0318,1","+0218,1","10051,1",,"0,1,02,1","0,1,02,1",,,"99,9,+99999,9,00,1",,,"9,AGL   ,+99999,+99999","02,99,1,00,1,99,9,99999,9,99,9,99,9",,,"9,9,999,9,+008,1","05,1","SYN06442187 31995 23202 10318 20218 40051 70500 80002 333 10360 58008=","Q01    003SCCGA1"
"42187099999","2023-06-01T03:00:00","4","28.8333333","78.75","202.0","MORADABAD, IN","FM-12","99999","V020","320,1,N,0010,1","99999,9,9,N","004000,1,9,9","+0268,1","+0211,1","10074,1",,,,,,,,,,,"240,M,+0360,1","240,N,+0234,1","9,9,999,9,-013,1",,"SYN06842187 32996 03202 10268 20211 40074 333 10360 20234 59013 555 10000=",
"42187099999","2023-06-02T03:00:00","4","28.8333333","78.75","202.0","MORADABAD, IN","FM-12","99999","V020","020,1,N,0402,2","22000,1,9,N","000200,1,9,9","+9999,9","+0177,1","10062,1",,"0,1,02,1","0,1,02,1",,,"04,2,+00150,1,09,1","99,9,+99999,9,05,1","99,9,+99999,9,00,1","9,AGL   ,+99999,+99999","01,99,2,04,2,99,9,00150,1,99,9,99,9","240,M,+0352,1","240,N,+0230,1","9,9,999,9,-010,1","05,1","SYN07442187 43202 10278 20177 40062 70500 84322 333 10352 20230 59010 555 10000=",
"42187099999","2023-06-03T03:00:00","4","28.8333333","78.75","202.0","MORADABAD, IN","FM-12","99999","V020","320,1,N,0015,1","99999,9,9,N","004000,1,9,9","+0274,1","+0176,1","10058,1",,,,,,,,,,,"240,M,+0363,1","240,N,+0244,1","9,9,999,9,-004,1",,"SYN06842187 32996 03203 10274 20176 40058 333 10363 20244 59004 555 10000=",
"42187099999","2023-06-03T12:00:00","4","28.8333333","78.75","202.0","MORADABAD, IN","FM-12","99999","V020","290,1,N,0015,1","99999,9,9,N","004000,1,9,9","+0340,1","+0180,1","10027,1",,,,,,,,,,,,,"9,9,999,9,-002,1",,"SYN05242187 32996 02903 10340 20180 40027 333 10372 59002=",
"42187099999","2023-06-04T03:00:00","4","28.8333333","78.75","202.0","MORADABAD, IN","FM-12","99999","V020","290,1,N,0021,1","99999,9,9,N","002000,1,9,9","+0282,1","+0207,1","10054,1",,"0,1,02,1","0,1,02,1",,,"99,9,+99999,9,00,1",,,"9,AGL   ,+99999,+99999","06,99,1,00,1,99,9,99999,9,99,9,99,9","240,M,+0372,1","240,N,+0245,1","9,9,999,9,-003,1","05,1","SYN08042187 31995 62904 10282 20207 40054 70500 80002 333 10372 20245 59003 555 10000=","Q01    003SCCGA1"
"42187099999","2023-06-04T12:00:00","4","28.8333333","78.75","202.0","MORADABAD, IN","FM-12","99999","V020","290,1,N,0021,1","99999,9,9,N","002000,1,9,9","+0348,1","+0179,1","10021,1",,"0,1,02,1","0,1,02,1",,,"99,9,+99999,9,00,1",,,"9,AGL   ,+99999,+99999","06,99,1,00,1,99,9,99999,9,99,9,99,9",,,"9,9,999,9,-005,1","05,1","SYN06442187 32995 62904 10348 20179 40021 70500 80002 333 10375 59005=","Q01    003SCCGA1"
"42187099999","2023-06-05T03:00:00","4","28.8333333","78.75","202.0","MORADABAD, IN","FM-12","99999","V020","290,1,N,0015,1","99999,9,9,N","002000,1,9,9","+0318,1","+0218,1","10037,1",,"0,1,02,1","0,1,02,1",,,"04,1,+99999,9,09,1","99,9,+99999,9,05,1","99,9,+99999,9,00,1","9,AGL   ,+99999,+99999","06,99,1,04,1,99,9,99999,9,99,9,99,9","240,M,+0375,1","240,N,+0248,1","9,9,999,9,-013,1","05,1","SYN08042187 31995 62903 10318 20218 40037 70500 84322 333 10375 20248 59013 555 10000=",
"42187099999","2023-06-05T12:00:00","4","28.8333333","78.75","202.0","MORADABAD, IN","FM-12","99999","V020","320,1,N,0015,1","99999,9,9,N","002000,1,9,9","+0352,1","+0188,1","10012,1",,"0,1,02,1","0,1,02,1",,,"99,9,+99999,9,00,1",,,"9,AGL   ,+99999,+99999","06,99,1,00,1,99,9,99999,9,99,9,99,9","240,M,+0390,1",,"9,9,999,9,-007,1","05,1","SYN06442187 31995 63203 10352 20188 40012 70500 80002 333 10390 59007=","Q01    003SCCGA1"
"42187099999","2023-06-06T03:00:00","4","28.8333333","78.75","202.0","MORADABAD, IN","FM-12","99999","V020","320,1,N,0010,1","99999,9,9,N","002000,1,9,9","+0316,1","+0219,1","10035,1",,"0,1,02,1","0,1,02,1",,,,,,,,"240,M,+0390,1","240,N,+0248,1","9,9,999,9,-002,1","05,1","SYN07442187 31995 03202 10316 20219 40035 70500 333 10390 20248 59002 555 10000=",
"42187099999","2023-06-07T03:00:00","4","28.8333333","78.75","202.0","MORADABAD, IN","FM-12","99999","V020","999,9,C,0000,1","99999,9,9,N","002000,1,9,9","+0320,1","+0193,1","10066,1",,"0,1,02,1","0,1,02,1",,,,,,,,"240,M,+0392,1","240,N,+0252,1","9,9,999,9,+001,1","05,1","SYN07442187 31995 00000 10320 20193 40066 70500 333 10392 20252 58001 555 10000=",
"42187099999","2023-06-07T12:00:00","4","28.8333333","78.75","202.0","MORADABAD, IN","FM-12","99999","V020","290,1,N,0015,1","99999,9,9,N","004000,1,9,9","+0364,1","+0172,1","10007,1",,,,,,,,,,,,,,,"SYN05242187 32996 02903 10364 20172 40007 333 10398 58///=",
"42187099999","2023-06-09T03:00:00","4","28.8333333","78.75","202.0","MORADABAD, IN","FM-12","99999","V020","290,1,N,0015,1","99999,9,9,N","004000,1,9,9","+0322,1","+0195,1","10009,1",,,,,,,,,,,"240,M,+0404,1","240,N,+0267,1","9,9,999,9,-013,1",,"SYN06842187 32996 02903 10322 20195 40009 333 10404 20267 59013 555 10000=",
"42187099999","2023-06-10T12:00:00","4","28.8333333","78.75","202.0","MORADABAD, IN","FM-12","99999","V020","290,1,N,0010,1","22000,1,9,9","004000,1,9,9","+0386,1","+0187,1","09942,1","99,9999,9,9",,,"0,1,99,9","0,1,99,9",,,,,"00,99,1,99,9,99,9,99999,9,99,9,99,9",,,"9,9,999,9,-005,1",,"SYN004BUFR",
"42187099999","2023-06-11T12:00:00","4","28.8333333","78.75","202.0","MORADABAD, IN","FM-12","99999","V020","290,1,N,0015,1","22000,1,9,9","004000,1,9,9","+0367,1","+0186,1","09950,1","99,9999,9,9",,,"0,1,99,9","0,1,99,9",,,,,"00,99,1,99,9,99,9,99999,9,99,9,99,9",,,"9,9,999,9,+006,1",,"SYN004BUFR",
"42187099999","2023-06-13T03:00:00","4","28.8333333","78.75","202.0","MORADABAD, IN","FM-12","99999","V020","290,1,N,0015,1","99999,9,9,N","004000,1,9,9","+0350,1","+0226,1","09979,1",,,,,,,,,,,"240,M,+0415,1","240,N,+0297,1","9,9,999,9,-006,1",,"SYN06842187 32996 02903 10350 20226 49979 333 10415 20297 59006 555 10000=",
"42187099999","2023-06-13T12:00:00","4","28.8333333","78.75","202.0","MORADABAD, IN","FM-12","99999","V020","270,1,N,0021,1","99999,9,9,N","004000,1,9,9","+0388,1","+0174,1","09930,1",,,,,,,,,,,"240,M,+0408,1",,"9,9,999,9,-010,1",,"SYN05242187 32996 02704 10388 20174 49930 333 10408 59010=",
"42187099999","2023-06-14T12:00:00","4","28.8333333","78.75","202.0","MORADABAD, IN","FM-12","99999","V020","290,1,N,0021,1","22000,1,9,N","002000,1,9,9","+0380,1","+0206,1","09945,1",,"0,1,02,1","0,1,02,1",,,"04,1,+99999,9,09,1","99,9,+99999,9,05,1","99,9,+99999,9,00,1","9,AGL   ,+99999,+99999","04,99,1,04,1,99,9,99999,9,99,9,99,9",,,"9,9,999,9,+016,1","05,1","SYN06442187 31995 42904 10380 20206 49945 70500 84322 333 10380 58016=",
"42187099999","2023-06-15T03:00:00","4","28.8333333","78.75","202.0","MORADABAD, IN","FM-12","99999","V020","290,1,N,0015,1","99999,9,9,N","004000,1,9,9","+0328,1","+0216,1","09999,1",,,,,,,,,,,"240,M,+0402,1","240,N,+0280,1",,,"SYN06842187 32996 02903 10328 20216 49999 333 10402 20280 58/// 555 1000/=",
"42187099999","2023-06-16T03:00:00","4","28.8333333","78.75","202.0","MORADABAD, IN","FM-12","99999","V020","290,1,N,0010,1","22000,1,9,N","002000,1,9,9","+0328,1","+0213,1","09991,1",,"0,1,02,1","0,1,02,1",,,"99,9,+99999,9,00,1",,,"9,AGL   ,+99999,+99999","02,99,1,00,1,99,9,99999,9,99,9,99,9","240,M,+0390,1","240,N,+0265,1","9,9,999,9,-008,1","05,1","SYN08042187 31995 22902 10328 20213 49991 70500 80001 333 10390 20265 59008 555 10000=","Q01    003SCCGA1"
"42187099999","2023-06-16T12:00:00","4","28.8333333","78.75","202.0","MORADABAD, IN","FM-12","99999","V020","290,1,N,0021,1","99999,9,9,N","002000,1,9,9","+0368,1","+0216,1","09967,1",,"0,1,02,1","0,1,02,1",,,"04,1,+99999,9,09,1","99,9,+99999,9,05,1","99,9,+99999,9,00,1","9,AGL   ,+99999,+99999","06,99,1,04,1,99,9,99999,9,99,9,99,9",,,"9,9,999,9,+021,1","05,1","SYN06442187 31995 62904 10368 20216 49967 70500 84322 333 10388 58021=",
"42187099999","2023-06-17T12:00:00","4","28.8333333","78.75","202.0","MORADABAD, IN","FM-12","99999","V020","270,1,N,0015,1","22000,1,9,N","002000,1,9,9","+0374,1","+0224,1","09966,1",,"0,1,02,1","0,1,02,1",,,"99,9,+99999,9,00,1",,,"9,AGL   ,+99999,+99999","04,99,1,00,1,99,9,99999,9,99,9,99,9",,,"9,9,999,9,+001,1","05,1","SYN06442187 31995 42703 10374 20224 49966 70500 80002 333 10406 58001=","Q01    003SCCGA1"
"42187099999","2023-06-19T12:00:00","4","28.8333333","78.75","202.0","MORADABAD, IN","FM-12","99999","V020","999,9,C,0000,1","99999,9,9,N","004000,1,9,9","+0404,1","+0238,1","09958,1",,,,,,,,,,,,,"9,9,999,9,+016,1",,"SYN05242187 32996 00000 10404 20238 49958 333 10404 58016=",
"42187099999","2023-06-24T03:00:00","4","28.8333333","78.75","202.0","MORADABAD, IN","FM-12","99999","V020","999,9,C,0000,1","99999,9,9,N","002000,1,9,9","+0314,1","+0261,1","10014,1",,"0,1,02,1","0,1,02,1",,,"04,1,+99999,9,09,1","99,9,+99999,9,05,1","99,9,+99999,9,00,1","9,AGL   ,+99999,+99999","08,99,1,04,1,99,9,99999,9,99,9,99,9","240,M,+0345,1","240,N,+0287,1",,"05,1","SYN08042187 31995 80000 10314 20261 40014 70500 84322 333 10345 20287 58/// 555 10024=",
"42187099999","2023-06-26T03:00:00","4","28.8333333","78.75","202.0","MORADABAD, IN","FM-12","99999","V020","110,1,N,0010,1","99999,9,9,N","002000,1,9,9","+0278,1","+0258,1","10026,1","24,0290,3,1","6,1,02,1","0,1,02,1",,,"03,1,+99999,9,08,1","99,9,+99999,9,05,1",,"9,AGL   ,+99999,+99999","06,99,1,03,1,99,9,99999,9,99,9,99,9","240,M,+0306,1","240,N,+0260,1","9,9,999,9,+007,1","62,1","SYN09242187 21995 61102 10278 20258 40026 76260 83220 333 10306 20260 58007 6029/ 555 00294 10053=",
"42187099999","2023-06-26T12:00:00","4","28.8333333","78.75","202.0","MORADABAD, IN","FM-12","99999","V020","140,1,N,0010,1","99999,9,9,N","002000,1,9,9","+0320,1","+0267,1","09981,1",,"0,1,02,1","0,1,02,1",,,"04,1,+99999,9,09,1","99,9,+99999,9,05,1","99,9,+99999,9,00,1","9,AGL   ,+99999,+99999","99,99,9,04,1,99,9,99999,9,99,9,99,9",,,"9,9,999,9,+004,1","05,1","SYN06442187 31995 01402 10320 20267 49981 70500 84322 333 10336 58004=",
"42187099999","2023-06-27T03:00:00","4","28.8333333","78.75","202.0","MORADABAD, IN","FM-12","99999","V020","090,1,N,0015,1","99999,9,9,N","002000,1,9,9","+0312,1","+0268,1","10008,1",,"0,1,02,1","0,1,02,1",,,"04,1,+99999,9,09,1","99,9,+99999,9,05,1","99,9,+99999,9,00,1","9,AGL   ,+99999,+99999","06,99,1,04,1,99,9,99999,9,99,9,99,9","240,M,+0336,1","240,N,+0278,1","9,9,999,9,-013,1","05,1","SYN08042187 31995 60903 10312 20268 40008 70500 84322 333 10336 20278 59013 555 10053=",
"42187099999","2023-06-27T12:00:00","4","28.8333333","78.75","202.0","MORADABAD, IN","FM-12","99999","V020","090,1,N,0010,1","99999,9,9,N","002000,1,9,9","+0304,1","+0256,1","09985,1",,"0,1,02,1","0,1,02,1",,,"99,9,+99999,9,00,1",,,"9,AGL   ,+99999,+99999","05,99,1,00,1,99,9,99999,9,99,9,99,9",,,"9,9,999,9,+005,1","05,1","SYN06442187 31995 50902 10304 20256 49985 70500 80002 333 10335 58005=","Q01    003SCCGA1"
"42187099999","2023-06-28T03:00:00","4","28.8333333","78.75","202.0","MORADABAD, IN","FM-12","99999","V020","090,1,N,0010,1","22000,1,9,N","002000,1,9,9","+0296,1","+0260,1","10023,1","24,0340,3,1","6,1,02,1","0,1,02,1",,,"99,9,+99999,9,00,1",,,"9,AGL   ,+99999,+99999","02,99,1,00,1,99,9,99999,9,99,9,99,9","240,M,+0335,1","240,N,+0238,1","9,9,999,9,+014,1","62,1","SYN09242187 21995 20902 10296 20260 40023 76260 80002 333 10335 20238 58014 6034/ 555 00338 10087=","Q01    003SCCGA1"
"42187099999","2023-06-28T12:00:00","4","28.8333333","78.75","202.0","MORADABAD, IN","FM-12","99999","V020","090,1,N,0010,1","22000,1,9,N","002000,1,9,9","+0330,1","+0266,1","09989,1",,"0,1,02,1","0,1,02,1",,,"04,2,+99999,9,09,1",,,"9,AGL   ,+99999,+99999","03,99,2,04,2,99,9,99999,9,99,9,99,9",,,"9,9,999,9,+005,1","05,1","SYN06442187 31995 30902 10330 20266 49989 70500 84300 333 10346 58005=",
"42187099999","2023-06-29T12:00:00","4","28.8333333","78.75","202.0","MORADABAD, IN","FM-12","99999","V020","110,1,N,0010,1","22000,1,9,N","002000,1,9,9","+0332,1","+0269,1","09983,1",,"0,1,02,1","0,1,02,1",,,"04,1,+99999,9,08,1",,,"9,AGL   ,+99999,+99999","04,99,1,04,1,99,9,99999,9,99,9,99,9",,,"9,9,999,9,-005,1","05,1","SYN06442187 31995 41102 10332 20269 49983 70500 84200 333 10342 59005=",
"42187099999","2023-06-30T03:00:00","4","28.8333333","78.75","202.0","MORADABAD, IN","FM-12","99999","V020","110,1,N,0010,1","99999,9,9,N","002000,1,9,9","+0290,1","+0262,1","10003,1","24,0220,3,1","6,1,02,1","0,1,02,1",,,"04,1,+00800,1,06,1","99,9,+99999,9,03,1",,"9,AGL   ,+99999,+99999","08,99,1,04,1,99,9,00800,1,99,9,99,9","240,M,+0342,1","240,N,+0248,1","9,9,999,9,-020,1","62,1","SYN09242187 21595 81102 10290 20262 40003 76260 8453/ 333 10342 20248 59020 6022/ 555 00222 10104=",
"42187099999","2023-07-01T03:00:00","4","28.8333333","78.75","202.0","MORADABAD, IN","FM-12","99999","V020","070,1,N,0010,1","99999,9,9,N","002000,1,9,9","+0264,1","+0258,1","10007,1","24,0030,3,1","6,1,02,1","0,1,02,1",,,"04,1,+00800,1,06,1","99,9,+99999,9,03,1",,"9,AGL   ,+99999,+99999","08,99,1,04,1,99,9,00800,1,99,9,99,9","240,M,+0320,1","240,N,+0245,1","9,9,999,9,+003,1","61,1","SYN09242187 21595 80702 10264 20258 40007 76160 8453/ 333 10320 20245 58003 6003/ 555 00032 10147=",
"42187099999","2023-07-03T03:00:00","4","28.8333333","78.75","202.0","MORADABAD, IN","FM-12","99999","V020","090,1,N,0010,1","99999,9,9,N","002000,1,9,9","+0304,1","+0271,1","10018,1",,"0,1,02,1","0,1,02,1",,,"04,1,+99999,9,08,1","99,9,+99999,9,05,1","99,9,+99999,9,00,1","9,AGL   ,+99999,+99999","06,99,1,04,1,99,9,99999,9,99,9,99,9","240,M,+0316,1","240,N,+0250,1","9,9,999,9,+009,1","05,1","SYN08042187 31995 60902 10304 20271 40018 70500 84222 333 10316 20250 58009 555 10109=",
"42187099999","2023-07-03T12:00:00","4","28.8333333","78.75","202.0","MORADABAD, IN","FM-12","99999","V020","999,9,C,0000,1","22000,1,9,N","002000,1,9,9","+0334,1","+0274,1","09965,1",,"0,1,02,1","0,1,02,1",,,"04,1,+99999,9,09,1","99,9,+99999,9,05,1",,"9,AGL   ,+99999,+99999","04,99,1,04,1,99,9,99999,9,99,9,99,9",,,"9,9,999,9,-009,1","05,1","SYN06442187 31995 40000 10334 20274 49965 70500 84320 333 10350 59009=",
"42187099999","2023-07-04T12:00:00","4","28.8333333","78.75","202.0","MORADABAD, IN","FM-12","99999","V020","090,1,N,0010,1","99999,9,9,N","002000,1,9,9","+0322,1","+0272,1","09966,1",,"0,1,02,1","0,1,02,1",,,"04,1,+99999,9,06,1","99,9,+99999,9,03,1","99,9,+99999,9,00,1","9,AGL   ,+99999,+99999","07,99,1,04,1,99,9,99999,9,99,9,99,9",,,"9,9,999,9,+000,1","05,1","SYN06442187 31995 70902 10322 20272 49966 70500 84532 333 10338 58000=",
"42187099999","2023-07-05T03:00:00","4","28.8333333","78.75","202.0","MORADABAD, IN","FM-12","99999","V020","090,1,N,0010,1","99999,9,9,N","002000,1,9,9","+0284,1","+0259,1","10002,1",,"0,1,02,1","0,1,02,1",,,"04,1,+99999,9,06,1","99,9,+99999,9,03,1","99,9,+99999,9,00,1","9,AGL   ,+99999,+99999","07,99,1,04,1,99,9,99999,9,99,9,99,9","240,M,+0338,1","240,N,+0262,1","9,9,999,9,-005,1","05,1","SYN08042187 31995 70902 10284 20259 40002 70500 84532 333 10338 20262 59005 555 10119=",
"42187099999","2023-07-06T03:00:00","4","28.8333333","78.75","202.0","MORADABAD, IN","FM-12","99999","V020","070,1,N,0010,1","99999,9,9,N","002000,1,9,9","+0272,1","+0264,1","10017,1","24,0030,3,1","6,1,02,1","0,1,02,1",,,"04,1,+00800,1,06,1","99,9,+99999,9,03,1",,"9,AGL   ,+99999,+99999","08,99,1,04,1,99,9,00800,1,99,9,99,9","240,M,+0324,1","240,N,+0264,1","9,9,999,9,+014,1","62,1","SYN09242187 21595 80702 10272 20264 40017 76260 8453/ 333 10324 20264 58014 6003/ 555 00028 10121=",
"42187099999","2023-07-07T03:00:00","4","28.8333333","78.75","202.0","MORADABAD, IN","FM-12","99999","V020","090,1,N,0010,1","99999,9,9,N","002000,1,9,9","+0256,1","+0256,1","10026,1","24,0220,3,1","6,1,02,1","3,1,02,1",,,"04,1,+00800,1,06,1","99,9,+99999,9,03,1",,"9,AGL   ,+99999,+99999","08,99,1,04,1,99,9,00800,1,99,9,99,9","240,M,+0282,1","240,N,+0254,1","9,9,999,9,+007,1","62,1","SYN09242187 21595 80902 10256 20256 40026 76263 8453/ 333 10282 20254 58007 6022/ 555 00224 10143=",
"42187099999","2023-07-07T12:00:00","4","28.8333333","78.75","202.0","MORADABAD, IN","FM-12","99999","V020","090,1,N,0010,1","22000,1,9,N","002000,1,9,9","+0292,1","+0264,1","09991,1","09,0230,3,1","6,1,02,1","0,1,02,1",,,"04,1,+99999,9,09,1","99,9,+99999,9,05,1","99,9,+99999,9,00,1","9,AGL   ,+99999,+99999","04,99,1,04,1,99,9,99999,9,99,9,99,9",,,"9,9,999,9,+008,1","63,1","SYN07042187 21995 40902 10292 20264 49991 76360 84322 333 10297 58008 6023/=",
"42187099999","2023-07-08T03:00:00","4","28.8333333","78.75","202.0","MORADABAD, IN","FM-12","99999","V020","070,1,N,0010,1","99999,9,9,N","002000,1,9,9","+0274,1","+0268,1","10028,1","24,0450,3,1","6,1,02,1","0,1,02,1",,,"04,1,+00800,1,06,1","99,9,+99999,9,03,1",,"9,AGL   ,+99999,+99999","06,99,1,04,1,99,9,00800,1,99,9,99,9","240,M,+0297,1","240,N,+0250,1","9,9,999,9,+002,1","63,1","SYN09242187 21595 60702 10274 20268 40028 76360 8453/ 333 10297 20250 58002 6045/ 555 00452 10198=",
"42187099999","2023-07-08T12:00:00","4","28.8333333","78.75","202.0","MORADABAD, IN","FM-12","99999","V020","090,1,N,0010,1","99999,9,9,N","002000,1,9,9","+0280,1","+0274,1","09997,1","09,0090,3,1","6,1,02,1","3,1,02,1",,,"04,1,+00800,1,06,1","99,9,+99999,9,03,1",,"9,AGL   ,+99999,+99999","08,99,1,04,1,99,9,00800,1,99,9,99,9",,,"9,9,999,9,+005,1","62,1","SYN07042187 21595 80902 10280 20274 49997 76263 8453/ 333 10295 58005 6009/=",
"42187099999","2023-07-09T03:00:00","4","28.8333333","78.75","202.0","MORADABAD, IN","FM-12","99999","V020","090,1,N,0010,1","99999,9,9,N","002000,1,9,9","+0270,1","+0267,1","10023,1","24,0620,3,1","6,1,02,1","3,1,02,1",,,"04,1,+00800,1,06,1","99,9,+99999,9,03,1",,"9,AGL   ,+99999,+99999","08,99,1,04,1,99,9,00800,1,99,9,99,9","240,M,+0295,1","240,N,+0248,1","9,9,999,9,-005,1","64,1","SYN09242187 21595 80902 10270 20267 40023 76463 8453/ 333 10295 20248 59005 6062/ 555 00618 10260=",
"42187099999","2023-07-09T12:00:00","4","28.8333333","78.75","202.0","MORADABAD, IN","FM-12","99999","V020","090,1,N,0010,1","99999,9,9,N","002000,1,9,9","+0272,1","+0271,1","09991,1","09,0100,3,1","6,1,02,1","3,1,02,1",,,"04,1,+00800,1,06,1","99,9,+99999,9,03,1",,"9,AGL   ,+99999,+99999","08,99,1,04,1,99,9,00800,1,99,9,99,9",,,"9,9,999,9,-007,1","64,1","SYN07042187 21595 80902 10272 20271 49991 76463 8453/ 333 10290 59007 6010/=",
"42187099999","2023-07-10T03:00:00","4","28.8333333","78.75","202.0","MORADABAD, IN","FM-12","99999","V020","110,1,N,0010,1","99999,9,9,N","002000,1,9,9","+0296,1","+0277,1","10015,1","24,0170,3,1",,,,,"04,1,+99999,9,06,1","99,9,+99999,9,03,1","99,9,+99999,9,00,1","9,AGL   ,+99999,+99999","06,99,1,04,1,99,9,99999,9,99,9,99,9","240,N,+0254,1",,"9,9,999,9,-006,1",,"SYN08642187 21995 61102 10296 20277 40015 84532 333 10290 20254 59006 6017/ 555 00174 10277=",
"42187099999","2023-07-10T12:00:00","4","28.8333333","78.75","202.0","MORADABAD, IN","FM-12","99999","V020","090,1,N,0015,1","99999,9,9,N","002000,1,9,9","+0286,1","+0278,1","09982,1","09,0090,3,1","6,1,02,1","3,1,02,1",,,"04,1,+00800,1,06,1","99,9,+99999,9,03,1",,"9,AGL   ,+99999,+99999","08,99,1,04,1,99,9,00800,1,99,9,99,9",,,"9,9,999,9,-008,1","62,1","SYN07042187 21595 80903 10286 20278 49982 76263 8453/ 333 10328 59008 6009/=",
"42187099999","2023-07-11T03:00:00","4","28.8333333","78.75","202.0","MORADABAD, IN","FM-12","99999","V020","070,1,N,0010,1","99999,9,9,N","002000,1,9,9","+0274,1","+0268,1","10017,1","24,0140,3,1","0,1,02,1","0,1,02,1",,,"04,1,+00800,1,06,1","99,9,+99999,9,03,1",,"9,AGL   ,+99999,+99999","08,99,1,04,1,99,9,00800,1,99,9,99,9","240,M,+0328,1","240,N,+0256,1",,"05,1","SYN08642187 21595 80702 10274 20268 40017 70500 8453/ 333 10328 20256 6014/ 555 00142 10292=",
"42187099999","2023-07-11T12:00:00","4","28.8333333","78.75","202.0","MORADABAD, IN","FM-12","99999","V020","070,1,N,0010,1","99999,9,9,N","004000,1,9,9","+0282,1","+0274,1","09988,1","09,0080,3,1","6,1,02,1","3,1,02,1",,,"04,1,+99999,9,06,1","99,9,+99999,9,03,1",,"9,AGL   ,+99999,+99999","08,99,1,04,1,99,9,99999,9,99,9,99,9",,,"9,9,999,9,+005,1","62,1","SYN07042187 21996 80702 10282 20274 49988 76263 8453/ 333 10300 58005 6008/=",
"42187099999","2023-07-12T12:00:00","4","28.8333333","78.75","202.0","MORADABAD, IN","FM-12","99999","V020","070,1,N,0010,1","99999,9,9,N","002000,1,9,9","+0292,1","+0281,1","09984,1","09,0070,3,1","6,1,02,1","0,1,02,1",,,"04,1,+00800,1,06,1","99,9,+99999,9,03,1",,"9,AGL   ,+99999,+99999","08,99,1,04,1,99,9,00800,1,99,9,99,9",,,"9,9,999,9,-002,1","62,1","SYN07042187 21595 80702 10292 20281 49984 76260 8453/ 333 10298 59002 6007/=",
"42187099999","2023-07-13T03:00:00","4","28.8333333","78.75","202.0","MORADABAD, IN","FM-12","99999","V020","090,1,N,0010,1","99999,9,9,N","002000,1,9,9","+0272,1","+0272,1","10016,1","24,0160,3,1","6,1,02,1","3,1,02,1",,,"04,1,+00800,1,06,1","99,9,+99999,9,03,1",,"9,AGL   ,+99999,+99999","08,99,1,04,1,99,9,00800,1,99,9,99,9","240,M,+0298,1","240,N,+0252,1","9,9,999,9,+002,1","64,1","SYN09242187 21595 80902 10272 20272 40016 76463 8453/ 333 10298 20252 58002 6016/ 555 00164 10323=",
"42187099999","2023-07-13T12:00:00","4","28.8333333","78.75","202.0","MORADABAD, IN","FM-12","99999","V020","090,1,N,0010,1","99999,9,9,N","002000,1,9,9","+0284,1","+0267,1","09997,1","09,0150,3,1","6,1,02,1","0,1,02,1",,,"04,1,+99999,9,06,1","99,9,+99999,9,03,1","99,9,+99999,9,00,1","9,AGL   ,+99999,+99999","07,99,1,04,1,99,9,99999,9,99,9,99,9",,,"9,9,999,9,+012,1","62,1","SYN07042187 21995 70902 10284 20267 49997 76260 84532 333 10296 58012 6015/=",
"42187099999","2023-07-14T12:00:00","4","28.8333333","78.75","202.0","MORADABAD, IN","FM-12","99999","V020","110,1,N,0010,1","99999,9,9,N","002000,1,9,9","+0298,1","+0282,1","09988,1","09,0000,9,1","2,1,02,1","2,1,02,1",,,"04,1,+99999,9,06,1","99,9,+99999,9,03,1","99,9,+99999,9,00,1","9,AGL   ,+99999,+99999","07,99,1,04,1,99,9,99999,9,99,9,99,9",,,"9,9,999,9,-008,1","05,1","SYN07042187 21995 71102 10298 20282 49988 70522 84532 333 10330 59008 6990/=","Q01  00002PRCP09"
"42187099999","2023-07-15T03:00:00","4","28.8333333","78.75","202.0","MORADABAD, IN","FM-12","99999","V020","110,1,N,0010,1","99999,9,9,N","002000,1,9,9","+0280,1","+0266,1","10028,1","24,0100,3,1","0,1,02,1","0,1,02,1",,,"04,1,+99999,9,06,1","99,9,+99999,9,03,1",,"9,AGL   ,+99999,+99999","08,99,1,04,1,99,9,99999,9,99,9,99,9","240,M,+0330,1","240,N,+0255,1","9,9,999,9,+003,1","05,1","SYN09242187 21995 81102 10280 20266 40028 70500 8453/ 333 10330 20255 58003 6010/ 555 00096 10350=",
"42187099999","2023-07-15T12:00:00","4","28.8333333","78.75","202.0","MORADABAD, IN","FM-12","99999","V020","110,1,N,0010,1","99999,9,9,N","002000,1,9,9","+0302,1","+0277,1","09989,1","09,0040,3,1","6,1,02,1","2,1,02,1",,,"04,1,+99999,9,06,1","99,9,+99999,9,03,1","99,9,+99999,9,00,1","9,AGL   ,+99999,+99999","07,99,1,04,1,99,9,99999,9,99,9,99,9",,,"9,9,999,9,+002,1","60,1","SYN07042187 21995 71102 10302 20277 49989 76062 84532 333 10320 58002 6004/=",
"42187099999","2023-07-16T12:00:00","4","28.8333333","78.75","202.0","MORADABAD, IN","FM-12","99999","V020","110,1,N,0010,1","22000,1,9,N","002000,1,9,9","+0324,1","+0275,1","09982,1",,"0,1,02,1","0,1,02,1",,,"99,9,+99999,9,00,1",,,"9,AGL   ,+99999,+99999","02,99,1,00,1,99,9,99999,9,99,9,99,9",,,"9,9,999,9,-005,1","05,1","SYN06442187 31995 21102 10324 20275 49982 70500 80002 333 10342 59005=","Q01    003SCCGA1"
"42187099999","2023-07-17T03:00:00","4","28.8333333","78.75","202.0","MORADABAD, IN","FM-12","99999","V020","140,1,N,0010,1","99999,9,9,N","002000,1,9,9","+0290,1","+0268,1","10018,1",,"0,1,02,1","0,1,02,1",,,"04,1,+99999,9,06,1","99,9,+99999,9,03,1",,"9,AGL   ,+99999,+99999","08,99,1,04,1,99,9,99999,9,99,9,99,9","240,M,+0342,1","240,N,+0262,1","9,9,999,9,-007,1","05,1","SYN08042187 31995 81402 10290 20268 40018 70500 8453/ 333 10342 20262 59007 555 10350=",
"42187099999","2023-07-18T03:00:00","4","28.8333333","78.75","202.0","MORADABAD, IN","FM-12","99999","V020","090,1,N,0015,1","99999,9,9,N","002000,1,9,9","+0284,1","+0270,1","10016,1",,"0,1,02,1","0,1,02,1",,,"04,1,+99999,9,06,1","99,9,+99999,9,03,1",,"9,AGL   ,+99999,+99999","08,99,1,04,1,99,9,99999,9,99,9,99,9","240,M,+0346,1","240,N,+0262,1","9,9,999,9,+002,1","05,1","SYN08042187 31995 80903 10284 20270 40016 70500 8453/ 333 10346 20262 58002 555 10350=",
"42187099999","2023-07-18T12:00:00","4","28.8333333","78.75","202.0","MORADABAD, IN","FM-12","99999","V020","090,1,N,0010,1","22000,1,9,N","002000,1,9,9","+0296,1","+0271,1","09986,1",,"0,1,02,1","0,1,02,1",,,"04,1,+99999,9,09,1","99,9,+99999,9,05,1","99,9,+99999,9,00,1","9,AGL   ,+99999,+99999","04,99,1,04,1,99,9,99999,9,99,9,99,9",,,"9,9,999,9,+004,1","05,1","SYN06442187 31995 40902 10296 20271 49986 70500 84322 333 10318 58004=",
"42187099999","2023-07-19T12:00:00","4","28.8333333","78.75","202.0","MORADABAD, IN","FM-12","99999","V020","090,1,N,0010,1","99999,9,9,N","004000,1,9,9","+0330,1","+0260,1","09979,1",,,,,,,,,,,,,"9,9,999,9,-005,1",,"SYN05242187 32996 00902 10330 20260 49979 333 10350 59005=",
"42187099999","2023-07-20T03:00:00","4","28.8333333","78.75","202.0","MORADABAD, IN","FM-12","99999","V020","999,9,C,0000,1","99999,9,9,N","004000,1,9,9","+0314,1","+0264,1","10007,1",,,,,,,,,,,"240,M,+0352,1","240,N,+0276,1","9,9,999,9,-007,1",,"SYN06842187 32996 00000 10314 20264 40007 333 10352 20276 59007 555 10350=",
"42187099999","2023-07-20T12:00:00","4","28.8333333","78.75","202.0","MORADABAD, IN","FM-12","99999","V020","090,1,N,0010,1","22000,1,9,9","002000,1,9,9","+0346,1","+0272,1","09967,1","99,9999,9,9","0,1,99,9","0,1,99,9",,,"99,9,+08000,1,00,1",,,"9,AGL   ,+99999,+99999","02,99,1,99,9,99,9,08000,1,99,9,99,9",,,"9,9,999,9,-008,1","05,1","SYN004BUFR",
"42187099999","2023-07-21T03:00:00","4","28.8333333","78.75","202.0","MORADABAD, IN","FM-12","99999","V020","090,1,N,0015,1","99999,9,9,N","004000,1,9,9","+0318,1","+0277,1","10015,1",,,,,,,,,,,"240,M,+0375,1","240,N,+0278,1","9,9,999,9,+009,1",,"SYN06842187 32996 00903 10318 20277 40015 333 10375 20278 58009 555 10350=",
"42187099999","2023-07-21T12:00:00","4","28.8333333","78.75","202.0","MORADABAD, IN","FM-12","99999","V020","070,1,N,0010,1","99999,9,9,N","002000,1,9,9","+0320,1","+0285,1","09986,1","09,0260,3,1","6,1,02,1","0,1,02,1",,,"04,1,+99999,9,09,1","99,9,+99999,9,05,1","99,9,+99999,9,00,1","9,AGL   ,+99999,+99999","07,99,1,04,1,99,9,99999,9,99,9,99,9",,,"9,9,999,9,+016,1","62,1","SYN07042187 21995 70702 10320 20285 49986 76260 84322 333 10362 58016 6026/=",
"42187099999","2023-07-22T03:00:00","4","28.8333333","78.75","202.0","MORADABAD, IN","FM-12","99999","V020","090,1,N,0010,1","99999,9,9,N","002000,1,9,9","+0296,1","+0268,1","10051,1","24,0260,3,1","0,1,02,1","0,1,02,1",,,"04,1,+99999,9,09,1","99,9,+99999,9,05,1","99,9,+99999,9,00,1","9,AGL   ,+99999,+99999","07,99,1,04,1,99,9,99999,9,99,9,99,9","240,M,+0362,1","240,N,+0272,1","9,9,999,9,+033,1","05,1","SYN09242187 21995 70902 10296 20268 40051 70500 84322 333 10362 20272 58033 6026/ 555 00262 10376=",
"42187099999","2023-07-25T03:00:00","4","28.8333333","78.75","202.0","MORADABAD, IN","FM-12","99999","V020","110,1,N,0015,1","99999,9,9,N","002000,1,9,9","+0280,1","+0252,1","10041,1",,"0,1,02,1","0,1,02,1",,,"04,1,+99999,9,06,1","99,9,+99999,9,03,1","99,9,+99999,9,00,1","9,AGL   ,+99999,+99999","08,99,1,04,1,99,9,99999,9,99,9,99,9","240,M,+0336,1","240,N,+0264,1",,"05,1","SYN08042187 31995 81103 10280 20252 40041 70500 84532 333 10336 20264 58/// 555 10376=",
"42187099999","2023-07-25T12:00:00","4","28.8333333","78.75","202.0","MORADABAD, IN","FM-12","99999","V020","110,1,N,0010,1","99999,9,9,9","002000,1,9,9","+0305,1","+0262,1","10006,1","99,9999,9,9","0,1,99,9","0,1,99,9",,,"02,1,+04000,1,06,1","99,9,+99999,9,03,1","99,9,+99999,9,00,1","9,AGL   ,+99999,+99999","07,99,1,02,1,99,9,04000,1,99,9,99,9",,,"9,9,999,9,-111,1","05,1","SYN004BUFR",
"42187099999","2023-07-26T12:00:00","4","28.8333333","78.75","202.0","MORADABAD, IN","FM-12","99999","V020","090,1,N,0010,1","22000,1,9,N","002000,1,9,9","+0284,1","+0259,1","10019,1","09,0180,3,1","6,1,02,1","0,1,02,1",,,"99,9,+99999,9,00,1",,,"9,AGL   ,+99999,+99999","04,99,1,00,1,99,9,99999,9,99,9,99,9",,,"9,9,999,9,+007,1","62,1","SYN07042187 21995 40902 10284 20259 40019 76260 80002 333 10308 58007 6018/=","Q01    003SCCGA1"
"42187099999","2023-07-27T03:00:00","4","28.8333333","78.75","202.0","MORADABAD, IN","FM-12","99999","V020","090,1,N,0010,1","22000,1,9,N","002000,1,9,9","+0288,1","+0269,1","10041,1","24,0180,3,1","0,1,02,1","0,1,02,1",,,"99,9,+99999,9,00,1",,,"9,AGL   ,+99999,+99999","02,99,1,00,1,99,9,99999,9,99,9,99,9","240,M,+0308,1","240,N,+0257,1","9,9,999,9,-007,1","05,1","SYN09242187 21995 20902 10288 20269 40041 70500 80002 333 10308 20257 59007 6018/ 555 00182 10394=","Q01    003SCCGA1"
"42187099999","2023-07-28T12:00:00","4","28.8333333","78.75","202.0","MORADABAD, IN","FM-12","99999","V020","290,1,N,0010,1","99999,9,9,N","002000,1,9,9","+0280,1","+0263,1","09975,1","09,0100,3,1","6,1,02,1","0,1,02,1",,,"04,1,+99999,9,06,1","99,9,+99999,9,03,1","99,9,+99999,9,00,1","9,AGL   ,+99999,+99999","08,99,1,04,1,99,9,99999,9,99,9,99,9",,,"9,9,999,9,-012,1","62,1","SYN07042187 21995 82902 10280 20263 49975 76260 84532 333 10298 59012 6010/=",
"42187099999","2023-07-29T03:00:00","4","28.8333333","78.75","202.0","MORADABAD, IN","FM-12","99999","V020","250,1,N,0010,1","99999,9,9,N","002000,1,9,9","+0276,1","+0268,1","10007,1","24,0010,3,1","0,1,02,1","0,1,02,1",,,"04,1,+99999,9,06,1","99,9,+99999,9,03,1",,"9,AGL   ,+99999,+99999","08,99,1,04,1,99,9,99999,9,99,9,99,9","240,M,+0298,1","240,N,+0258,1","9,9,999,9,-017,1","05,1","SYN09242187 21995 82502 10276 20268 40007 70500 8453/ 333 10298 20258 59017 6001/ 555 00012 10412=",
"42187099999","2023-07-30T03:00:00","4","28.8333333","78.75","202.0","MORADABAD, IN","FM-12","99999","V020","270,1,N,0015,1","99999,9,9,N","002000,1,9,9","+0286,1","+0269,1","10001,1",,"0,1,02,1","0,1,02,1",,,"04,1,+99999,9,09,1","99,9,+99999,9,05,1","99,9,+99999,9,00,1","9,AGL   ,+99999,+99999","05,99,1,04,1,99,9,99999,9,99,9,99,9","240,M,+0318,1","240,N,+0254,1","9,9,999,9,-007,1","05,1","SYN08042187 31995 52703 10286 20269 40001 70500 84322 333 10318 20254 59007 555 10412=",
"42187099999","2023-07-30T12:00:00","4","28.8333333","78.75","202.0","MORADABAD, IN","FM-12","99999","V020","290,1,N,0010,1","99999,9,9,N","002000,1,9,9","+0324,1","+0266,1","09955,1",,"0,1,02,1","0,1,02,1",,,"04,1,+99999,9,09,1","99,9,+99999,9,05,1","99,9,+99999,9,00,1","9,AGL   ,+99999,+99999","05,99,1,04,1,99,9,99999,9,99,9,99,9",,,"9,9,999,9,-009,1","05,1","SYN06442187 31995 52902 10324 20266 49955 70500 84322 333 10335 59009=",
"42187099999","2023-07-31T03:00:00","4","28.8333333","78.75","202.0","MORADABAD, IN","FM-12","99999","V020","270,1,N,0010,1","22000,1,9,N","004000,1,9,9","+0286,1","+0270,1","99999,9",,,,,,,,,"9,AGL   ,+99999,+99999","04,99,1,99,9,99,9,99999,9,99,9,99,9","240,N,+0262,1",,,,"SYN06242187 32996 42702 10286 20270 4//// 333 20262 58/// 555 10412=",
"42187099999","2023-08-01T12:00:00","4","28.8333333","78.75","202.0","MORADABAD, IN","FM-12","99999","V020","290,1,N,0015,1","22000,1,9,N","002000,1,9,9","+0328,1","+0273,1","09948,1",,"0,1,02,1","0,1,02,1",,,"99,9,+99999,9,00,1",,,"9,AGL   ,+99999,+99999","04,99,1,00,1,99,9,99999,9,99,9,99,9",,,,"05,1","SYN06442187 31995 42903 10328 20273 49948 70500 80002 333 10354 58///=","Q01    003SCCGA1"
"42187099999","2023-08-02T03:00:00","4","28.8333333","78.75","202.0","MORADABAD, IN","FM-12","99999","V020","320,1,N,0010,1","99999,9,9,N","002000,1,9,9","+0288,1","+0271,1","09984,1",,"0,1,02,1","0,1,02,1",,,"04,1,+99999,9,06,1","99,9,+99999,9,03,1",,"9,AGL   ,+99999,+99999","08,99,1,04,1,99,9,99999,9,99,9,99,9","240,M,+0354,1","240,N,+0270,1","9,9,999,9,+009,1","05,1","SYN08042187 31995 83202 10288 20271 49984 70500 8453/ 333 10354 20270 58009 555 10416=",
"42187099999","2023-08-02T12:00:00","4","28.8333333","78.75","202.0","MORADABAD, IN","FM-12","99999","V020","020,1,N,0010,1","99999,9,9,N","002000,1,9,9","+0300,1","+0278,1","09965,1","09,0000,9,1","0,1,02,1","0,1,02,1",,,"04,1,+99999,9,06,1","99,9,+99999,9,03,1","99,9,+99999,9,00,1","9,AGL   ,+99999,+99999","07,99,1,04,1,99,9,99999,9,99,9,99,9",,,"9,9,999,9,+014,1","05,1","SYN07042187 21995 70202 10300 20278 49965 70500 84532 333 10327 58014 6990/=","Q01  00002PRCP09"
"42187099999","2023-08-03T03:00:00","4","28.8333333","78.75","202.0","MORADABAD, IN","FM-12","99999","V020","320,1,N,0010,1","22000,1,9,N","002000,1,9,9","+0302,1","+0274,1","09981,1","24,0000,9,1","0,1,02,1","0,1,02,1",,,"99,9,+99999,9,00,1",,,"9,AGL   ,+99999,+99999","04,99,1,00,1,99,9,99999,9,99,9,99,9","240,M,+0327,1","240,N,+0264,1","9,9,999,9,-003,1","05,1","SYN08642187 21995 43202 10302 20274 49981 70500 80002 333 10327 20264 59003 6990/ 555 10416=","Q01  00002PRCP24Q02    003SCCGA1"
"42187099999","2023-08-03T12:00:00","4","28.8333333","78.75","202.0","MORADABAD, IN","FM-12","99999","V020","250,1,N,0015,1","99999,9,9,N","002000,1,9,9","+0320,1","+0276,1","09957,1",,"0,1,02,1","0,1,02,1",,,"04,1,+99999,9,09,1","99,9,+99999,9,05,1","99,9,+99999,9,00,1","9,AGL   ,+99999,+99999","06,99,1,04,1,99,9,99999,9,99,9,99,9",,,"9,9,999,9,-005,1","05,1","SYN06442187 31995 62503 10320 20276 49957 70500 84322 333 10347 59005=",
"42187099999","2023-08-04T03:00:00","4","28.8333333","78.75","202.0","MORADABAD, IN","FM-12","99999","V020","070,1,N,0010,1","99999,9,9,N","002000,1,9,9","+0272,1","+0264,1","10014,1","24,1010,3,1","6,1,02,1","0,1,02,1",,,"04,1,+99999,9,06,1","99,9,+99999,9,03,1","99,9,+99999,9,00,1","9,AGL   ,+99999,+99999","07,99,1,04,1,99,9,99999,9,99,9,99,9","240,M,+0347,1","240,N,+0245,1","9,9,999,9,+028,1","64,1","SYN09242187 21995 70702 10272 20264 40014 76460 84532 333 10347 20245 58028 6101/ 555 01014 10517=",
"42187099999","2023-08-04T12:00:00","4","28.8333333","78.75","202.0","MORADABAD, IN","FM-12","99999","V020","140,1,N,0015,1","99999,9,9,N","002000,1,9,9","+0306,1","+0276,1","09986,1",,"0,1,02,1","0,1,02,1",,,"04,1,+99999,9,05,1","99,9,+99999,9,00,1",,"9,AGL   ,+99999,+99999","06,99,1,04,1,99,9,99999,9,99,9,99,9",,,"9,9,999,9,+028,1","05,1","SYN06442187 31995 61403 10306 20276 49986 70500 84022 333 10328 58028=",
"42187099999","2023-08-05T03:00:00","4","28.8333333","78.75","202.0","MORADABAD, IN","FM-12","99999","V020","230,1,N,0010,1","99999,9,9,N","002000,1,9,9","+0290,1","+0279,1","10027,1",,"0,1,02,1","0,1,02,1",,,"04,1,+99999,9,09,1","99,9,+99999,9,05,1","99,9,+99999,9,00,1","9,AGL   ,+99999,+99999","08,99,1,04,1,99,9,99999,9,99,9,99,9","240,M,+0328,1","240,N,+0262,1","9,9,999,9,+015,1","05,1","SYN08042187 31995 82302 10290 20279 40027 70500 84322 333 10328 20262 58015 555 10517=",
"42187099999","2023-08-05T12:00:00","4","28.8333333","78.75","202.0","MORADABAD, IN","FM-12","99999","V020","110,1,N,0010,1","99999,9,9,N","002000,1,9,9","+0304,1","+0277,1","09995,1",,"0,1,02,1","0,1,02,1",,,"04,1,+99999,9,06,1","99,9,+99999,9,03,1",,"9,AGL   ,+99999,+99999","08,99,1,04,1,99,9,99999,9,99,9,99,9",,,"9,9,999,9,+009,1","05,1","SYN06442187 31995 81102 10304 20277 49995 70500 8453/ 333 10340 58009=",
"42187099999","2023-08-06T03:00:00","4","28.8333333","78.75","202.0","MORADABAD, IN","FM-12","99999","V020","290,1,N,0010,1","99999,9,9,N","002000,1,9,9","+0284,1","+0267,1","10008,1","24,0320,3,1","6,1,02,1","0,1,02,1",,,"04,1,+99999,9,06,1","99,9,+99999,9,03,1","99,9,+99999,9,00,1","9,AGL   ,+99999,+99999","07,99,1,04,1,99,9,99999,9,99,9,99,9","240,M,+0340,1","240,N,+0254,1","9,9,999,9,-019,1","63,1","SYN09242187 21995 72902 10284 20267 40008 76360 84532 333 10340 20254 59019 6032/ 555 00322 10550=",
"42187099999","2023-08-06T12:00:00","4","28.8333333","78.75","202.0","MORADABAD, IN","FM-12","99999","V020","290,1,N,0015,1","99999,9,9,N","002000,1,9,9","+0278,1","+0272,1","09964,1","09,0340,3,1","6,1,02,1","3,1,02,1",,,"04,1,+00800,1,06,1","99,9,+99999,9,03,1",,"9,AGL   ,+99999,+99999","08,99,1,04,1,99,9,00800,1,99,9,99,9",,,"9,9,999,9,-036,1","62,1","SYN07042187 21595 82903 10278 20272 49964 76263 8453/ 333 10332 59036 6034/=",
"42187099999","2023-08-08T12:00:00","4","28.8333333","78.75","202.0","MORADABAD, IN","FM-12","99999","V020","270,1,N,0015,1","99999,9,9,N","002000,1,9,9","+0320,1","+0273,1","09965,1",,"0,1,02,1","0,1,02,1",,,"04,1,+99999,9,07,1","99,9,+99999,9,03,1",,"9,AGL   ,+99999,+99999","05,99,1,04,1,99,9,99999,9,99,9,99,9",,,"9,9,999,9,+026,1","05,1","SYN06442187 31995 52703 10320 20273 49965 70500 84630 333 10338 58026=",
"42187099999","2023-08-10T03:00:00","4","28.8333333","78.75","202.0","MORADABAD, IN","FM-12","99999","V020","270,1,N,0010,1","99999,9,9,N","002000,1,9,9","+0286,1","+0266,1","10041,1","24,0010,3,1","6,1,02,1","0,1,02,1",,,"04,1,+99999,9,06,1","99,9,+99999,9,03,1",,"9,AGL   ,+99999,+99999","08,99,1,04,1,99,9,99999,9,99,9,99,9","240,M,+0336,1","240,N,+0255,1",,"61,1","SYN09242187 21995 82702 10286 20266 40041 76160 8453/ 333 10336 20255 58/// 6001/ 555 00012 10595=",
"42187099999","2023-08-10T12:00:00","4","28.8333333","78.75","202.0","MORADABAD, IN","FM-12","99999","V020","270,1,N,0010,1","99999,9,9,9","002000,1,9,9","+0320,1","+0276,1","10007,1","99,9999,9,9","6,1,99,9","2,1,99,9",,,"04,1,+04000,1,06,1","99,9,+99999,9,03,1","99,9,+99999,9,00,1","9,AGL   ,+99999,+99999","08,99,1,04,1,99,9,04000,1,99,9,99,9",,,"9,9,999,9,-111,1","05,1","SYN004BUFR",
"42187099999","2023-08-11T03:00:00","4","28.8333333","78.75","202.0","MORADABAD, IN","FM-12","99999","V020","290,1,N,0015,1","99999,9,9,N","002000,1,9,9","+0282,1","+0265,1","10043,1",,"0,1,02,1","0,1,02,1",,,"04,1,+99999,9,09,1","99,9,+99999,9,05,1","99,9,+99999,9,00,1","9,AGL   ,+99999,+99999","05,99,1,04,1,99,9,99999,9,99,9,99,9","240,M,+0335,1","240,N,+0253,1","9,9,999,9,+002,1","05,1","SYN08042187 31995 52903 10282 20265 40043 70500 84322 333 10335 20253 58002 555 10595=",
"42187099999","2023-08-11T12:00:00","4","28.8333333","78.75","202.0","MORADABAD, IN","FM-12","99999","V020","270,1,N,0010,1","22000,1,9,N","002000,1,9,9","+0324,1","+0269,1","10011,1",,"0,1,02,1","0,1,02,1",,,"02,1,+99999,9,05,1","99,9,+99999,9,00,1",,"9,AGL   ,+99999,+99999","04,99,1,02,1,99,9,99999,9,99,9,99,9",,,"9,9,999,9,-004,1","05,1","SYN06442187 31995 42702 10324 20269 40011 70500 82022 333 10344 59004=",
"42187099999","2023-08-12T03:00:00","4","28.8333333","78.75","202.0","MORADABAD, IN","FM-12","99999","V020","270,1,N,0015,1","22000,1,9,N","002000,1,9,9","+0306,1","+0249,1","10018,1",,"0,1,02,1","0,1,02,1",,,"99,9,+99999,9,00,1",,,"9,AGL   ,+99999,+99999","04,99,1,00,1,99,9,99999,9,99,9,99,9","240,M,+0344,1","240,N,+0272,1","9,9,999,9,-023,1","05,1","SYN08042187 31995 42703 10306 20249 40018 70500 80002 333 10344 20272 59023 555 10595=","Q01    003SCCGA1"
"42187099999","2023-08-13T03:00:00","4","28.8333333","78.75","202.0","MORADABAD, IN","FM-12","99999","V020","270,1,N,0021,1","99999,9,9,N","002000,1,9,9","+0302,1","+0266,1","10001,1",,"0,1,02,1","0,1,02,1",,,"04,1,+99999,9,05,1","99,9,+99999,9,00,1",,"9,AGL   ,+99999,+99999","06,99,1,04,1,99,9,99999,9,99,9,99,9","240,M,+0345,1","240,N,+0270,1","9,9,999,9,-017,1","05,1","SYN08042187 31995 62704 10302 20266 40001 70500 84022 333 10345 20270 59017 555 10595=",
"42187099999","2023-08-13T12:00:00","4","28.8333333","78.75","202.0","MORADABAD, IN","FM-12","99999","V020","140,1,N,0015,1","99999,9,9,N","002000,1,9,9","+0310,1","+0271,1","09978,1",,"0,1,02,1","0,1,02,1",,,"04,1,+99999,9,06,1","99,9,+99999,9,03,1",,"9,AGL   ,+99999,+99999","08,99,1,04,1,99,9,99999,9,99,9,99,9",,,"9,9,999,9,-014,1","05,1","SYN06442187 31995 81403 10310 20271 49978 70500 8453/ 333 10326 59014=",
"42187099999","2023-08-15T03:00:00","4","28.8333333","78.75","202.0","MORADABAD, IN","FM-12","99999","V020","250,1,N,0010,1","99999,9,9,N","002000,1,9,9","+0286,1","+0264,1","10049,1",,"0,1,02,1","0,1,02,1",,,"04,1,+99999,9,09,1","99,9,+99999,9,05,1","99,9,+99999,9,00,1","9,AGL   ,+99999,+99999","06,99,1,04,1,99,9,99999,9,99,9,99,9","240,M,+0294,1","240,N,+0258,1","9,9,999,9,-001,1","05,1","SYN08042187 31995 62502 10286 20264 40049 70500 84322 333 10294 20258 59001 555 10605=",
"42187099999","2023-08-15T12:00:00","4","28.8333333","78.75","202.0","MORADABAD, IN","FM-12","99999","V020","250,1,N,0010,1","99999,9,9,N","002000,1,9,9","+0304,1","+0271,1","10019,1",,"0,1,02,1","0,1,02,1",,,"04,1,+99999,9,09,1","99,9,+99999,9,00,1",,"9,AGL   ,+99999,+99999","06,99,1,04,1,99,9,99999,9,99,9,99,9",,,,"05,1","SYN06442187 31995 62502 10304 20271 40019 70500 84302 333 10324 58///=",
"42187099999","2023-08-16T03:00:00","4","28.8333333","78.75","202.0","MORADABAD, IN","FM-12","99999","V020","270,1,N,0010,1","22000,1,9,N","002000,1,9,9","+0298,1","+0273,1","10040,1",,"0,1,02,1","0,1,02,1",,,"04,1,+99999,9,09,1","99,9,+99999,9,05,1","99,9,+99999,9,00,1","9,AGL   ,+99999,+99999","04,99,1,04,1,99,9,99999,9,99,9,99,9","240,M,+0324,1","240,N,+0265,1","9,9,999,9,-007,1","05,1","SYN08042187 31995 42702 10298 20273 40040 70500 84322 333 10324 20265 59007 555 10605=",
"42187099999","2023-08-16T12:00:00","4","28.8333333","78.75","202.0","MORADABAD, IN","FM-12","99999","V020","270,1,N,0015,1","99999,9,9,N","002000,1,9,9","+0332,1","+0271,1","09997,1",,"0,1,02,1","0,1,02,1",,,"04,1,+99999,9,09,1","99,9,+99999,9,05,1","99,9,+99999,9,00,1","9,AGL   ,+99999,+99999","06,99,1,04,1,99,9,99999,9,99,9,99,9",,,"9,9,999,9,-021,1","05,1","SYN06442187 31995 62703 10332 20271 49997 70500 84322 333 10350 59021=",
"42187099999","2023-08-17T03:00:00","4","28.8333333","78.75","202.0","MORADABAD, IN","FM-12","99999","V020","270,1,N,0010,1","99999,9,9,N","002000,1,9,9","+0312,1","+0276,1","10027,1",,"0,1,02,1","0,1,02,1",,,"04,1,+99999,9,06,1","99,9,+99999,9,03,1","99,9,+99999,9,00,1","9,AGL   ,+99999,+99999","06,99,1,04,1,99,9,99999,9,99,9,99,9","240,M,+0350,1","240,N,+0278,1","9,9,999,9,-011,1","05,1","SYN08042187 31995 62702 10312 20276 40027 70500 84532 333 10350 20278 59011 555 10605=",
"42187099999","2023-08-17T12:00:00","4","28.8333333","78.75","202.0","MORADABAD, IN","FM-12","99999","V020","270,1,N,0010,1","99999,9,9,N","002000,1,9,9","+0326,1","+0277,1","09998,1",,"0,1,02,1","0,1,02,1",,,"04,1,+99999,9,05,1","99,9,+99999,9,00,1",,"9,AGL   ,+99999,+99999","07,99,1,04,1,99,9,99999,9,99,9,99,9",,,"9,9,999,9,+001,1","05,1","SYN06442187 31995 72702 10326 20277 49998 70500 84022 333 10345 58001=",
"42187099999","2023-08-18T03:00:00","4","28.8333333","78.75","202.0","MORADABAD, IN","FM-12","99999","V020","250,1,N,0010,1","99999,9,9,N","002000,1,9,9","+0298,1","+0276,1","10034,1",,"0,1,02,1","0,1,02,1",,,"04,1,+99999,9,03,1","99,9,+99999,9,00,1",,"9,AGL   ,+99999,+99999","05,99,1,04,1,99,9,99999,9,99,9,99,9","240,M,+0345,1","240,N,+0274,1","9,9,999,9,+006,1","05,1","SYN08042187 31995 52502 10298 20276 40034 70500 84032 333 10345 20274 58006 555 10605=",
"42187099999","2023-08-18T12:00:00","4","28.8333333","78.75","202.0","MORADABAD, IN","FM-12","99999","V020","340,1,N,0010,1","99999,9,9,N","002000,1,9,9","+0330,1","+0281,1","10002,1",,"0,1,02,1","0,1,02,1",,,"04,1,+99999,9,06,1","99,9,+99999,9,03,1","99,9,+99999,9,00,1","9,AGL   ,+99999,+99999","06,99,1,04,1,99,9,99999,9,99,9,99,9",,,"9,9,999,9,-005,1","05,1","SYN06442187 31995 63402 10330 20281 40002 70500 84532 333 10354 59005=",
"42187099999","2023-08-21T03:00:00","4","28.8333333","78.75","202.0","MORADABAD, IN","FM-12","99999","V020","140,1,N,0010,1","99999,9,9,N","002000,1,9,9","+0294,1","+0275,1","10037,1",,"0,1,02,1","0,1,02,1",,,"04,1,+99999,9,05,1","99,9,+99999,9,00,1",,"9,AGL   ,+99999,+99999","06,99,1,04,1,99,9,99999,9,99,9,99,9","240,M,+0350,1","240,N,+0276,1",,"05,1","SYN08042187 31995 61402 10294 20275 40037 70500 84022 333 10350 20276 58/// 555 10605=",
"42187099999","2023-08-21T12:00:00","4","28.8333333","78.75","202.0","MORADABAD, IN","FM-12","99999","V020","999,9,C,0000,1","99999,9,9,N","002000,1,9,9","+0284,1","+0276,1","10007,1","09,0110,3,1","6,1,02,1","3,1,02,1",,,"04,1,+00800,1,06,1","99,9,+99999,9,03,1",,"9,AGL   ,+99999,+99999","08,99,1,04,1,99,9,00800,1,99,9,99,9",,,,"62,1","SYN07042187 21595 80000 10284 20276 40007 76263 8453/ 333 10328 58/// 6011/=",
"42187099999","2023-08-22T12:00:00","4","28.8333333","78.75","202.0","MORADABAD, IN","FM-12","99999","V020","140,1,N,0010,1","99999,9,9,N","002000,1,9,9","+0282,1","+0274,1","09994,1","09,0040,3,1","6,1,02,1","0,1,02,1",,,"04,1,+00800,1,06,1","99,9,+99999,9,03,1",,"9,AGL   ,+99999,+99999","08,99,1,04,1,99,9,00800,1,99,9,99,9",,,"9,9,999,9,-015,1","62,1","SYN07042187 21595 81402 10282 20274 49994 76260 8453/ 333 10290 59015 6004/=",
"42187099999","2023-08-23T03:00:00","4","28.8333333","78.75","202.0","MORADABAD, IN","FM-12","99999","V020","090,1,N,0010,1","99999,9,9,N","002000,1,9,9","+0258,1","+0255,1","10015,1","24,0990,3,1","6,1,02,1","4,1,02,1",,,"04,1,+00800,1,06,1","99,9,+99999,9,05,1",,"9,AGL   ,+99999,+99999","08,99,1,04,1,99,9,00800,1,99,9,99,9","240,M,+0290,1","240,N,+0245,1","9,9,999,9,-017,1","63,1","SYN09242187 21595 80902 10258 20255 40015 76364 8452/ 333 10290 20245 59017 6099/ 555 00986 10719=",
"42187099999","2023-08-23T12:00:00","4","28.8333333","78.75","202.0","MORADABAD, IN","FM-12","99999","V020","160,1,N,0010,1","99999,9,9,N","002000,1,9,9","+0256,1","+0253,1","09986,1","09,0230,3,1","6,1,02,1","3,1,02,1",,,"04,1,+00800,1,06,1","99,9,+99999,9,03,1",,"9,AGL   ,+99999,+99999","08,99,1,04,1,99,9,00800,1,99,9,99,9",,,"9,9,999,9,-012,1","62,1","SYN07042187 21595 81602 10256 20253 49986 76263 8453/ 333 10270 59012 6023/=",
"42187099999","2023-08-24T12:00:00","4","28.8333333","78.75","202.0","MORADABAD, IN","FM-12","99999","V020","999,9,C,0000,1","99999,9,9,N","002000,1,9,9","+0286,1","+0278,1","09971,1","09,0010,3,1","6,1,02,1","6,1,02,1",,,"04,1,+00800,1,06,1","99,9,+99999,9,03,1",,"9,AGL   ,+99999,+99999","08,99,1,04,1,99,9,00800,1,99,9,99,9","240,M,+0292,1",,"9,9,999,9,-012,1","60,1","SYN07042187 21595 80000 10286 20278 49971 76066 8453/ 333 10292 59012 6001/=",
"42187099999","2023-08-25T12:00:00","4","28.8333333","78.75","202.0","MORADABAD, IN","FM-12","99999","V020","250,1,N,0010,1","22000,1,9,N","002000,1,9,9","+0314,1","+0270,1","09977,1",,"0,1,02,1","0,1,02,1",,,"99,9,+99999,9,00,1",,,"9,AGL   ,+99999,+99999","02,99,1,00,1,99,9,99999,9,99,9,99,9",,,"9,9,999,9,+008,1","05,1","SYN06442187 31995 22502 10314 20270 49977 70500 80002 333 10332 58008=","Q01    003SCCGA1"
"42187099999","2023-08-26T03:00:00","4","28.8333333","78.75","202.0","MORADABAD, IN","FM-12","99999","V020","270,1,N,0015,1","99999,9,9,N","004000,1,9,9","+0286,1","+0258,1","10012,1",,,,,,,,,,,"240,M,+0332,1","240,N,+0254,1","9,9,999,9,+009,1",,"SYN06842187 32996 02703 10286 20258 40012 333 10332 20254 58009 555 10474=",
"42187099999","2023-08-26T12:00:00","4","28.8333333","78.75","202.0","MORADABAD, IN","FM-12","99999","V020","270,1,N,0010,1","99999,9,9,N","004000,1,9,9","+0324,1","+0263,1","09980,1",,,,,,,,,,,,,"9,9,999,9,+005,1",,"SYN05242187 32996 02702 10324 20263 49980 333 10344 58005=",
"42187099999","2023-08-27T03:00:00","4","28.8333333","78.75","202.0","MORADABAD, IN","FM-12","99999","V020","270,1,N,0015,1","99999,9,9,N","004000,1,9,9","+0292,1","+0255,1","10010,1",,,,,,,,,,,"240,M,+0344,1","240,N,+0252,1","9,9,999,9,-001,1",,"SYN06842187 32996 02703 10292 20255 40010 333 10344 20252 59001 555 10747=",
"42187099999","2023-08-27T12:00:00","4","28.8333333","78.75","202.0","MORADABAD, IN","FM-12","99999","V020","290,1,N,0015,1","22000,1,9,N","002000,1,9,9","+0324,1","+0260,1","09975,1",,"0,1,02,1","0,1,02,1",,,"04,1,+99999,9,09,1","99,9,+99999,9,05,1","99,9,+99999,9,00,1","9,AGL   ,+99999,+99999","04,99,1,04,1,99,9,99999,9,99,9,99,9",,,"9,9,999,9,-004,1","05,1","SYN06442187 31995 42903 10324 20260 49975 70500 84322 333 10345 59004=",
"42187099999","2023-08-28T03:00:00","4","28.8333333","78.75","202.0","MORADABAD, IN","FM-12","99999","V020","250,1,N,0010,1","99999,9,9,N","002000,1,9,9","+0294,1","+0254,1","10008,1",,"0,1,02,1","0,1,02,1",,,"04,1,+99999,9,09,1","99,9,+99999,9,05,1","99,9,+99999,9,00,1","9,AGL   ,+99999,+99999","06,99,1,04,1,99,9,99999,9,99,9,99,9","240,M,+0345,1","240,N,+0257,1","9,9,999,9,+000,1","05,1","SYN08042187 31995 62502 10294 20254 40008 70500 84322 333 10345 20257 58000 555 10747=",
"42187099999","2023-08-28T12:00:00","4","28.8333333","78.75","202.0","MORADABAD, IN","FM-12","99999","V020","290,1,N,0010,1","99999,9,9,N","004000,1,9,9","+0312,1","+0256,1","09985,1",,,,,,,,,,,,,"9,9,999,9,+009,1",,"SYN05242187 32996 02902 10312 20256 49985 333 10340 58009=",
"42187099999","2023-08-29T03:00:00","4","28.8333333","78.75","202.0","MORADABAD, IN","FM-12","99999","V020","250,1,N,0010,1","99999,9,9,N","004000,1,9,9","+0296,1","+0262,1","10031,1",,,,,,,,,,,"240,M,+0340,1","240,N,+0258,1","9,9,999,9,+023,1",,"SYN06842187 32996 02502 10296 20262 40031 333 10340 20258 58023 555 10747=",
"42187099999","2023-08-29T12:00:00","4","28.8333333","78.75","202.0","MORADABAD, IN","FM-12","99999","V020","270,1,N,0015,1","22000,1,9,N","002000,1,9,9","+0332,1","+0277,1","10005,1",,"0,1,02,1","0,1,02,1",,,"04,1,+99999,9,09,1","99,9,+99999,9,05,1","99,9,+99999,9,00,1","9,AGL   ,+99999,+99999","04,99,1,04,1,99,9,99999,9,99,9,99,9",,,"9,9,999,9,+021,1","05,1","SYN06442187 31995 42703 10332 20277 40005 70500 84322 333 10352 58021=",
"42187099999","2023-08-31T12:00:00","4","28.8333333","78.75","202.0","MORADABAD, IN","FM-12","99999","V020","290,1,N,0010,1","22000,1,9,9","002000,1,9,9","+0335,1","+0288,1","10029,1","99,9999,9,9","0,1,99,9","0,1,99,9",,,"99,9,+08000,1,00,1",,,"9,AGL   ,+99999,+99999","02,99,1,99,9,99,9,08000,1,99,9,99,9",,,"9,9,999,9,-111,1","05,1","SYN004BUFR",
"42187099999","2023-09-01T03:00:00","4","28.8333333","78.75","202.0","MORADABAD, IN","FM-12","99999","V020","290,1,N,0015,1","22000,1,9,N","002000,1,9,9","+0312,1","+0279,1","10055,1",,"0,1,02,1","0,1,02,1",,,"99,9,+99999,9,00,1",,,"9,AGL   ,+99999,+99999","02,99,1,00,1,99,9,99999,9,99,9,99,9","240,M,+0357,1","240,N,+0268,1",,"05,1","SYN08042187 31995 22903 10312 20279 40055 70500 80002 333 10357 20268 58/// 555 10748=","Q01    003SCCGA1"
"42187099999","2023-09-01T12:00:00","4","28.8333333","78.75","202.0","MORADABAD, IN","FM-12","99999","V020","270,1,N,0015,1","99999,9,9,N","002000,1,9,9","+0336,1","+0261,1","10022,1",,"0,1,02,1","0,1,02,1",,,,,,,,,,"9,9,999,9,-006,1","05,1","SYN05842187 31995 02703 10336 20261 40022 70500 333 10360 59006=",
"42187099999","2023-09-03T03:00:00","4","28.8333333","78.75","202.0","MORADABAD, IN","FM-12","99999","V020","270,1,N,0010,1","99999,9,9,N","004000,1,9,9","+0304,1","+0262,1","10041,1",,,,,,,,,,,"240,M,+0354,1","240,N,+0262,1","9,9,999,9,-012,1",,"SYN06842187 32996 02702 10304 20262 40041 333 10354 20262 59012 555 10748=",
"42187099999","2023-09-03T12:00:00","4","28.8333333","78.75","202.0","MORADABAD, IN","FM-12","99999","V020","290,1,N,0015,1","99999,9,9,N","004000,1,9,9","+0324,1","+0257,1","09998,1",,,,,,,,,,,,,"9,9,999,9,-014,1",,"SYN05242187 32996 02903 10324 20257 49998 333 10350 59014=",
"42187099999","2023-09-04T12:00:00","4","28.8333333","78.75","202.0","MORADABAD, IN","FM-12","99999","V020","090,1,N,0010,1","22000,1,9,N","002000,1,9,9","+0332,1","+0274,1","09987,1",,"0,1,02,1","0,1,02,1",,,"04,1,+99999,9,09,1","99,9,+99999,9,05,1","99,9,+99999,9,00,1","9,AGL   ,+99999,+99999","04,99,1,04,1,99,9,99999,9,99,9,99,9",,,"9,9,999,9,-008,1","05,1","SYN06442187 31995 40902 10332 20274 49987 70500 84322 333 10354 59008=",
"42187099999","2023-09-05T12:00:00","4","28.8333333","78.75","202.0","MORADABAD, IN","FM-12","99999","V020","999,9,C,0000,1","99999,9,9,N","002000,1,9,9","+0326,1","+0262,1","10012,1",,"0,1,02,1","0,1,02,1",,,"04,1,+99999,9,06,1","99,9,+99999,9,03,1","99,9,+99999,9,00,1","9,AGL   ,+99999,+99999","07,99,1,04,1,99,9,99999,9,99,9,99,9",,,"9,9,999,9,+021,1","05,1","SYN06442187 31995 70000 10326 20262 40012 70500 84532 333 10358 58021=",
"42187099999","2023-09-06T03:00:00","4","28.8333333","78.75","202.0","MORADABAD, IN","FM-12","99999","V020","320,1,N,0010,1","99999,9,9,N","002000,1,9,9","+0282,1","+0259,1","10050,1","24,0000,9,1","0,1,02,1","0,1,02,1",,,"04,1,+99999,9,06,1","99,9,+99999,9,03,1",,"9,AGL   ,+99999,+99999","08,99,1,04,1,99,9,99999,9,99,9,99,9","240,M,+0358,1","240,N,+0255,1","9,9,999,9,+005,1","05,1","SYN08642187 21995 83202 10282 20259 40050 70500 84530 333 10358 20255 58005 6990/ 555 10758=","Q01  00002PRCP24"
"42187099999","2023-09-09T03:00:00","4","28.8333333","78.75","202.0","MORADABAD, IN","FM-12","99999","V020","070,1,N,0010,1","99999,9,9,N","002000,1,9,9","+0262,1","+0251,1","10046,1","24,0260,3,1","6,1,02,1","0,1,02,1",,,"04,1,+00800,1,06,1","99,9,+99999,9,03,1",,"9,AGL   ,+99999,+99999","08,99,1,04,1,99,9,00800,1,99,9,99,9","240,M,+0330,1","240,N,+0235,1","9,9,999,9,-003,1","62,1","SYN09242187 21595 80702 10262 20251 40046 76260 8453/ 333 10330 20235 59003 6026/ 555 00258 10785=",
"42187099999","2023-09-09T12:00:00","4","28.8333333","78.75","202.0","MORADABAD, IN","FM-12","99999","V020","070,1,N,0010,1","99999,9,9,N","002000,1,9,9","+0246,1","+0243,1","10018,1","09,0280,3,1","6,1,02,1","4,1,02,1",,,"04,1,+00800,1,06,1","99,9,+99999,9,03,1",,"9,AGL   ,+99999,+99999","08,99,1,04,1,99,9,00800,1,99,9,99,9",,,"9,9,999,9,+002,1","63,1","SYN07042187 21595 80702 10246 20243 40018 76364 8453/ 333 10265 58002 6028/=",
"42187099999","2023-09-10T03:00:00","4","28.8333333","78.75","202.0","MORADABAD, IN","FM-12","99999","V020","070,1,N,0010,1","99999,9,9,N","002000,1,9,9","+0252,1","+0252,1","10031,1","24,0390,3,1","6,1,02,1","2,1,02,1",,,"04,1,+00800,1,06,1","99,9,+99999,9,03,1",,"9,AGL   ,+99999,+99999","08,99,1,04,1,99,9,00800,1,99,9,99,9","240,M,+0265,1","240,N,+0230,1","9,9,999,9,-017,1","64,1","SYN09242187 21595 80702 10252 20252 40031 76462 8453/ 333 10265 20230 59017 6039/ 555 00386 10823=",
"42187099999","2023-09-10T12:00:00","4","28.8333333","78.75","202.0","MORADABAD, IN","FM-12","99999","V020","070,1,N,0010,1","99999,9,9,N","002000,1,9,9","+0254,1","+0251,1","10008,1","09,1520,3,1","6,1,02,1","3,1,02,1",,,"04,1,+00800,1,06,1","99,9,+99999,9,03,1",,"9,AGL   ,+99999,+99999","08,99,1,04,1,99,9,00800,1,99,9,99,9",,,"9,9,999,9,-009,1","64,1","SYN07042187 21595 80702 10254 20251 40008 76463 8453/ 333 10258 59009 6152/=",
"42187099999","2023-09-11T03:00:00","4","28.8333333","78.75","202.0","MORADABAD, IN","FM-12","99999","V020","070,1,N,0010,1","99999,9,9,N","002000,1,9,9","+0256,1","+0244,1","10039,1","24,1570,3,1","6,1,02,1","0,1,02,1",,,"04,1,+99999,9,06,1","99,9,+99999,9,03,1","99,9,+99999,9,00,1","9,AGL   ,+99999,+99999","07,99,1,04,1,99,9,99999,9,99,9,99,9","240,M,+0258,1","240,N,+0232,1","9,9,999,9,+011,1","62,1","SYN09242187 21995 70702 10256 20244 40039 76260 84532 333 10258 20232 58011 6157/ 555 01574 10981=",
"42187099999","2023-09-11T12:00:00","4","28.8333333","78.75","202.0","MORADABAD, IN","FM-12","99999","V020","070,1,N,0010,1","22000,1,9,N","002000,1,9,9","+0282,1","+0254,1","10004,1","09,0000,2,1","0,1,02,1","0,1,02,1",,,"99,9,+99999,9,00,1",,,"9,AGL   ,+99999,+99999","02,99,1,00,1,99,9,99999,9,99,9,99,9",,,"9,9,999,9,-001,1","05,1","SYN07042187 21995 20702 10282 20254 40004 70500 80002 333 10290 59001 6990/=","Q01    003SCCGA1"
"42187099999","2023-09-13T12:00:00","4","28.8333333","78.75","202.0","MORADABAD, IN","FM-12","99999","V020","160,1,N,0010,1","22000,1,9,N","002000,1,9,9","+0316,1","+0275,1","09998,1",,"0,1,02,1","0,1,02,1",,,"99,9,+99999,9,00,1",,,"9,AGL   ,+99999,+99999","04,99,1,00,1,99,9,99999,9,99,9,99,9","240,M,+0348,1",,"9,9,999,9,+004,1","05,1","SYN06442187 31995 41602 10316 20275 49998 70500 80002 333 10348 58004=","Q01    003SCCGA1"
"42187099999","2023-09-14T03:00:00","4","28.8333333","78.75","202.0","MORADABAD, IN","FM-12","99999","V020","160,1,N,0010,1","22000,1,9,N","002000,1,9,9","+0298,1","+0267,1","10043,1",,"0,1,02,1","0,1,02,1",,,"04,1,+99999,9,09,1","99,9,+99999,9,05,1","99,9,+99999,9,00,1","9,AGL   ,+99999,+99999","04,99,1,04,1,99,9,99999,9,99,9,99,9","240,M,+0348,1","240,N,+0255,1","9,9,999,9,+012,1","05,1","SYN08042187 31995 41602 10298 20267 40043 70500 84322 333 10348 20255 58012 555 10981=",
"42187099999","2023-09-15T03:00:00","4","28.8333333","78.75","202.0","MORADABAD, IN","FM-12","99999","V020","110,1,N,0010,1","99999,9,9,N","002000,1,9,9","+0264,1","+0258,1","10073,1","24,0000,9,1","0,1,02,1","0,1,02,1",,,"04,1,+00800,1,06,1","99,9,+99999,9,03,1",,"9,AGL   ,+99999,+99999","08,99,1,04,1,99,9,00800,1,99,9,99,9","240,M,+0355,1","240,N,+0250,1","9,9,999,9,+026,1","05,1","SYN08642187 21595 81102 10264 20258 40073 70500 8453/ 333 10355 20250 58026 6990/ 555 10981=","Q01  00002PRCP24"
"42187099999","2023-09-15T12:00:00","4","28.8333333","78.75","202.0","MORADABAD, IN","FM-12","99999","V020","340,1,N,0010,1","22000,1,9,N","002000,1,9,9","+0308,1","+0278,1","10016,1",,"0,1,02,1","0,1,02,1",,,"99,9,+99999,9,00,1",,,"9,AGL   ,+99999,+99999","04,99,1,00,1,99,9,99999,9,99,9,99,9",,,,"05,1","SYN06442187 31995 43402 10308 20278 40016 70500 80002 333 10320 58///=","Q01    003SCCGA1"
"42187099999","2023-09-18T12:00:00","4","28.8333333","78.75","202.0","MORADABAD, IN","FM-12","99999","V020","140,1,N,0010,1","22000,1,9,N","002000,1,9,9","+0304,1","+0274,1","10021,1",,"0,1,02,1","0,1,02,1",,,"99,9,+99999,9,00,1",,,"9,AGL   ,+99999,+99999","02,99,1,00,1,99,9,99999,9,99,9,99,9",,,"9,9,999,9,+004,1","05,1","SYN06442187 31995 21402 10304 20274 40021 70500 80002 333 10338 58004=","Q01    003SCCGA1"
"42187099999","2023-09-19T03:00:00","4","28.8333333","78.75","202.0","MORADABAD, IN","FM-12","99999","V020","140,1,N,0010,1","22000,1,9,N","002000,1,9,9","+0294,1","+0260,1","10064,1",,"0,1,02,1","0,1,02,1",,,"04,1,+99999,9,09,1","99,9,+99999,9,05,1","99,9,+99999,9,00,1","9,AGL   ,+99999,+99999","04,99,1,04,1,99,9,99999,9,99,9,99,9","240,M,+0338,1","240,N,+0252,1","9,9,999,9,+009,1","05,1","SYN08042187 31995 41402 10294 20260 40064 70500 84322 333 10338 20252 58009 555 11011=",
"42187099999","2023-09-19T12:00:00","4","28.8333333","78.75","202.0","MORADABAD, IN","FM-12","99999","V020","320,1,N,0010,1","22000,1,9,N","002000,1,9,9","+0312,1","+0271,1","10035,1",,"0,1,02,1","0,1,02,1",,,"99,9,+99999,9,00,1",,,"9,AGL   ,+99999,+99999","03,99,1,00,1,99,9,99999,9,99,9,99,9",,,"9,9,999,9,+014,1","05,1","SYN06442187 31995 33202 10312 20271 40035 70500 80002 333 10335 58014=","Q01    003SCCGA1"
"42187099999","2023-09-20T03:00:00","4","28.8333333","78.75","202.0","MORADABAD, IN","FM-12","99999","V020","090,1,N,0010,1","22000,1,9,N","002000,1,9,9","+0290,1","+0269,1","10075,1",,"0,1,02,1","0,1,02,1",,,"99,9,+99999,9,00,1",,,"9,AGL   ,+99999,+99999","02,99,1,00,1,99,9,99999,9,99,9,99,9","240,M,+0335,1","240,N,+0248,1","9,9,999,9,+012,1","05,1","SYN08042187 31995 20902 10290 20269 40075 70500 80002 333 10335 20248 58012 555 11011=","Q01    003SCCGA1"
"42187099999","2023-09-20T12:00:00","4","28.8333333","78.75","202.0","MORADABAD, IN","FM-12","99999","V020","230,1,N,0010,1","99999,9,9,N","002000,1,9,9","+0322,1","+0272,1","10024,1",,"0,1,02,1","0,1,02,1",,,"04,1,+99999,9,09,1","99,9,+99999,9,05,1","99,9,+99999,9,00,1","9,AGL   ,+99999,+99999","06,99,1,04,1,99,9,99999,9,99,9,99,9",,,"9,9,999,9,-010,1","05,1","SYN06442187 31995 62302 10322 20272 40024 70500 84322 333 10350 59010=",
"42187099999","2023-09-21T03:00:00","4","28.8333333","78.75","202.0","MORADABAD, IN","FM-12","99999","V020","110,1,N,0010,1","99999,9,9,N","002000,1,9,9","+0288,1","+0269,1","10067,1",,"0,1,02,1","0,1,02,1",,,"04,1,+99999,9,09,1","99,9,+99999,9,05,1","99,9,+99999,9,00,1","9,AGL   ,+99999,+99999","05,99,1,04,1,99,9,99999,9,99,9,99,9","240,M,+0350,1","240,N,+0258,1","9,9,999,9,-009,1","05,1","SYN08042187 31995 51102 10288 20269 40067 70500 84322 333 10350 20258 59009 555 11011=",
"42187099999","2023-09-22T03:00:00","4","28.8333333","78.75","202.0","MORADABAD, IN","FM-12","99999","V020","090,1,N,0010,1","99999,9,9,N","002000,1,9,9","+0284,1","+0262,1","10074,1","24,0000,9,1","0,1,02,1","0,1,02,1",,,"04,1,+99999,9,06,1","99,9,+99999,9,03,1",,"9,AGL   ,+99999,+99999","08,99,1,04,1,99,9,99999,9,99,9,99,9","240,M,+0348,1","240,N,+0252,1","9,9,999,9,+008,1","05,1","SYN08642187 21995 80902 10284 20262 40074 70500 8453/ 333 10348 20252 58008 6990/ 555 11011=","Q01  00002PRCP24"
"42187099999","2023-09-22T12:00:00","4","28.8333333","78.75","202.0","MORADABAD, IN","FM-12","99999","V020","110,1,N,0010,1","99999,9,9,N","002000,1,9,9","+0302,1","+0263,1","10032,1",,"0,1,02,1","0,1,02,1",,,,,,,,,,"9,9,999,9,+009,1","05,1","SYN05842187 31995 01102 10302 20263 40032 70500 333 10324 58009=",
"42187099999","2023-09-23T03:00:00","4","28.8333333","78.75","202.0","MORADABAD, IN","FM-12","99999","V020","090,1,N,0010,1","99999,9,9,N","002000,1,9,9","+0254,1","+0245,1","10078,1","24,0310,3,1","6,1,02,1","0,1,02,1",,,"04,1,+99999,9,06,1","99,9,+99999,9,03,1","99,9,+99999,9,00,1","9,AGL   ,+99999,+99999","05,99,1,04,1,99,9,99999,9,99,9,99,9","240,M,+0324,1","240,N,+0220,1","9,9,999,9,+001,1","62,1","SYN09242187 21995 50902 10254 20245 40078 76260 84532 333 10324 20220 58001 6031/ 555 00310 11042=",
"42187099999","2023-09-25T03:00:00","4","28.8333333","78.75","202.0","MORADABAD, IN","FM-12","99999","V020","090,1,N,0010,1","22000,1,9,N","002000,1,9,9","+0282,1","+0262,1","10071,1",,"0,1,02,1","0,1,02,1",,,"04,1,+99999,9,09,1","99,9,+99999,9,03,1","99,9,+99999,9,00,1","9,AGL   ,+99999,+99999","04,99,1,04,1,99,9,99999,9,99,9,99,9","240,M,+0320,1","240,N,+0245,1","9,9,999,9,-002,1","05,1","SYN08042187 31995 40902 10282 20262 40071 70500 84372 333 10320 20245 59002 555 11042=",
"42187099999","2023-09-26T03:00:00","4","28.8333333","78.75","202.0","MORADABAD, IN","FM-12","99999","V020","160,1,N,0010,1","22000,1,9,N","002000,1,9,9","+0284,1","+0259,1","10083,1",,"0,1,02,1","0,1,02,1",,,"02,1,+99999,9,09,1","99,9,+99999,9,03,1",,"9,AGL   ,+99999,+99999","04,99,1,02,1,99,9,99999,9,99,9,99,9","240,M,+0330,1","240,N,+0248,1",,"05,1","SYN08042187 31995 41602 10284 20259 40083 70500 82330 333 10330 20248 50813 555 11042=",
"42187099999","2023-09-26T12:00:00","4","28.8333333","78.75","202.0","MORADABAD, IN","FM-12","99999","V020","320,1,N,0010,1","99999,9,9,N","004000,1,9,9","+0308,1","+0257,1","10044,1",,,,,,,,,,,,,"9,9,999,9,+007,1",,"SYN05242187 32996 03202 10308 20257 40044 333 10325 58007=",
"42187099999","2023-09-27T03:00:00","4","28.8333333","78.75","202.0","MORADABAD, IN","FM-12","99999","V020","290,1,N,0010,1","99999,9,9,N","004000,1,9,9","+0282,1","+0257,1","10079,1",,,,,,,,,,,"240,M,+0325,1","240,N,+0248,1","9,9,999,9,-004,1",,"SYN06842187 32996 02902 10282 20257 40079 333 10325 20248 59004 555 11042=",
"42187099999","2023-09-27T12:00:00","4","28.8333333","78.75","202.0","MORADABAD, IN","FM-12","99999","V020","290,1,N,0010,1","99999,9,9,N","004000,1,9,9","+0304,1","+0268,1","10048,1",,,,,,,,,,,,,"9,9,999,9,+001,1",,"SYN05242187 32996 02902 10304 20268 40048 333 10332 58001=",
"42187099999","2023-09-29T03:00:00","4","28.8333333","78.75","202.0","MORADABAD, IN","FM-12","99999","V020","250,1,N,0010,1","99999,9,9,N","004000,1,9,9","+0276,1","+0238,1","10080,1",,,,,,,,,,,"240,M,+0345,1","240,N,+0230,1","9,9,999,9,-005,1",,"SYN06842187 32996 02502 10276 20238 40080 333 10345 20230 59005 555 11042=",
"42187099999","2023-09-29T12:00:00","4","28.8333333","78.75","202.0","MORADABAD, IN","FM-12","99999","V020","999,9,C,0000,1","99999,9,9,N","004000,1,9,9","+0306,1","+0246,1","10036,1",,,,,,,,,,,,,"9,9,999,9,-007,1",,"SYN05242187 32996 00000 10306 20246 40036 333 10348 59007=",
"42187099999","2023-10-01T03:00:00","4","28.8333333","78.75","202.0","MORADABAD, IN","FM-12","99999","V020","090,1,N,0010,1","99999,9,9,N","002000,1,9,9","+0280,1","+0257,1","10071,1",,"0,1,02,1","0,1,02,1",,,"04,1,+99999,9,09,1","99,9,+99999,9,05,1","99,9,+99999,9,00,1","9,AGL   ,+99999,+99999","05,99,1,04,1,99,9,99999,9,99,9,99,9","240,M,+0350,1","240,N,+0245,1","9,9,999,9,-004,1","05,1","SYN08042187 31995 50902 10280 20257 40071 70500 84322 333 10350 20245 59004 555 10000=",
"42187099999","2023-10-01T12:00:00","4","28.8333333","78.75","202.0","MORADABAD, IN","FM-12","99999","V020","270,1,N,0010,1","22000,1,9,N","002000,1,9,9","+0308,1","+0254,1","10028,1",,"0,1,02,1","0,1,02,1",,,"99,9,+99999,9,00,1",,,"9,AGL   ,+99999,+99999","02,99,1,00,1,99,9,99999,9,99,9,99,9",,,"9,9,999,9,-003,1","05,1","SYN06442187 31995 22702 10308 20254 40028 70500 80002 333 10342 59003=","Q01    003SCCGA1"
"42187099999","2023-10-02T03:00:00","4","28.8333333","78.75","202.0","MORADABAD, IN","FM-12","99999","V020","070,1,N,0010,1","99999,9,9,N","002000,1,9,9","+0274,1","+0239,1","10070,1",,"0,1,02,1","0,1,02,1",,,"04,1,+99999,9,06,1","99,9,+99999,9,05,1","99,9,+99999,9,00,1","9,AGL   ,+99999,+99999","06,99,1,04,1,99,9,99999,9,99,9,99,9","240,M,+0342,1","240,N,+0227,1","9,9,999,9,-002,1","05,1","SYN08042187 31995 60702 10274 20239 40070 70500 84522 333 10342 20227 59002 555 10000=",
"42187099999","2023-10-02T12:00:00","4","28.8333333","78.75","202.0","MORADABAD, IN","FM-12","99999","V020","290,1,N,0010,1","99999,9,9,N","004000,1,9,9","+0296,1","+0202,1","10043,1",,,,,,,,,,,,,"9,9,999,9,+015,1",,"SYN05242187 32996 02902 10296 20202 40043 333 10344 58015=",
"42187099999","2023-10-03T03:00:00","4","28.8333333","78.75","202.0","MORADABAD, IN","FM-12","99999","V020","270,1,N,0010,1","99999,9,9,N","004000,1,9,9","+0264,1","+0200,1","10079,1",,,,,,,,,,,"240,M,+0334,1","240,N,+0215,1","9,9,999,9,+009,1",,"SYN06842187 32996 02702 10264 20200 40079 333 10334 20215 58009 555 10000=",
"42187099999","2023-10-03T12:00:00","4","28.8333333","78.75","202.0","MORADABAD, IN","FM-12","99999","V020","320,1,N,0010,1","99999,9,9,N","004000,1,9,9","+0296,1","+0222,1","10043,1",,,,,,,,,,,,,"9,9,999,9,-002,1",,"SYN05242187 32996 03202 10296 20222 40043 333 10328 59002=",
"42187099999","2023-10-04T12:00:00","4","28.8333333","78.75","202.0","MORADABAD, IN","FM-12","99999","V020","290,1,N,0010,1","99999,9,9,N","004000,1,9,9","+0300,1","+0224,1","10044,1",,,,,,,,,,,,,"9,9,999,9,+003,1",,"SYN05242187 32996 02902 10300 20224 40044 333 10342 58003=",
"42187099999","2023-10-05T03:00:00","4","28.8333333","78.75","202.0","MORADABAD, IN","FM-12","99999","V020","230,1,N,0010,1","99999,9,9,N","002000,1,9,9","+0266,1","+0228,1","10078,1",,"0,1,02,1","0,1,02,1",,,,,,,,"240,M,+0342,1","240,N,+0224,1","9,9,999,9,+004,1","05,1","SYN07442187 31995 02302 10266 20228 40078 70500 333 10342 20224 58004 555 10000=",
"42187099999","2023-10-05T12:00:00","4","28.8333333","78.75","202.0","MORADABAD, IN","FM-12","99999","V020","320,1,N,0010,1","99999,9,9,N","004000,1,9,9","+0306,1","+0224,1","10038,1",,,,,,,,,,,,,"9,9,999,9,-005,1",,"SYN05242187 32996 03202 10306 20224 40038 333 10345 59005=",
"42187099999","2023-10-08T03:00:00","4","28.8333333","78.75","202.0","MORADABAD, IN","FM-12","99999","V020","090,1,N,0010,1","99999,9,9,N","002000,1,9,9","+0268,1","+0236,1","10086,1",,"0,1,02,1","0,1,02,1",,,,,,,,"240,M,+0345,1","240,N,+0224,1","9,9,999,9,+007,1","05,1","SYN07442187 31995 00902 10268 20236 40086 70500 333 10345 20224 58007 555 10000=",
"42187099999","2023-10-08T12:00:00","4","28.8333333","78.75","202.0","MORADABAD, IN","FM-12","99999","V020","290,1,N,0010,1","99999,9,9,N","004000,1,9,9","+0316,1","+0235,1","10053,1",,,,,,,,,,,,,"9,9,999,9,-002,1",,"SYN05242187 32996 02902 10316 20235 40053 333 10350 59002=",
"42187099999","2023-10-10T12:00:00","4","28.8333333","78.75","202.0","MORADABAD, IN","FM-12","99999","V020","290,1,N,0010,1","99999,9,9,N","004000,1,9,9","+0316,1","+0226,1","10078,1",,,,,,,,,,,"240,M,+0348,1",,"9,9,999,9,+019,1",,"SYN05542187 32996 02902 10316 20226 40078 333 10348 58019/59=",
"42187099999","2023-10-12T03:00:00","4","28.8333333","78.75","202.0","MORADABAD, IN","FM-12","99999","V020","270,1,N,0010,1","99999,9,9,N","004000,1,9,9","+0262,1","+0214,1","10127,1",,,,,,,,,,,"240,M,+0345,1","240,N,+0218,1","9,9,999,9,+001,1",,"SYN06842187 32996 02702 10262 20214 40127 333 10345 20218 58001 555 10000=",
"42187099999","2023-10-14T12:00:00","4","28.8333333","78.75","202.0","MORADABAD, IN","FM-12","99999","V020","320,1,N,0010,1","99999,9,9,N","004000,1,9,9","+0302,1","+0216,1","10086,1",,,,,,,,,,,"240,M,+0338,1",,"9,9,999,9,+002,1",,"SYN05242187 32996 03202 10302 20216 40086 333 10338 58002=",
"42187099999","2023-10-15T03:00:00","4","28.8333333","78.75","202.0","MORADABAD, IN","FM-12","99999","V020","320,1,N,0010,1","22000,1,9,N","002000,1,9,9","+0262,1","+0236,1","10114,1",,"0,1,02,1","0,1,02,1",,,"03,1,+99999,9,05,1","99,9,+99999,9,00,1",,"9,AGL   ,+99999,+99999","04,99,1,03,1,99,9,99999,9,99,9,99,9","240,M,+0338,1","240,N,+0215,1","9,9,999,9,-024,1","05,1","SYN08042187 31995 43202 10262 20236 40114 70500 83022 333 10338 20215 59024 555 10000=",
"42187099999","2023-10-15T12:00:00","4","28.8333333","78.75","202.0","MORADABAD, IN","FM-12","99999","V020","320,1,N,0010,1","99999,9,9,N","002000,1,9,9","+0300,1","+0207,1","10069,1",,"0,1,02,1","0,1,02,1",,,"99,9,+99999,9,00,1",,,"9,AGL   ,+99999,+99999","99,99,9,00,1,99,9,99999,9,99,9,99,9",,,"9,9,999,9,-017,1","05,1","SYN06442187 31995 03202 10300 20207 40069 70500 80002 333 10326 59017=","Q01    003SCCGA1"
"42187099999","2023-10-16T03:00:00","4","28.8333333","78.75","202.0","MORADABAD, IN","FM-12","99999","V020","050,1,N,0010,1","22000,1,9,N","002000,1,9,9","+0258,1","+0213,1","10120,1",,"0,1,02,1","0,1,02,1",,,"99,9,+99999,9,00,1",,,"9,AGL   ,+99999,+99999","02,99,1,00,1,99,9,99999,9,99,9,99,9","240,M,+0326,1","240,N,+0222,1","9,9,999,9,+005,1","05,1","SYN08042187 31995 20502 10258 20213 40120 70500 80002 333 10326 20222 58005 555 10000=","Q01    003SCCGA1"
"42187099999","2023-10-16T12:00:00","4","28.8333333","78.75","202.0","MORADABAD, IN","FM-12","99999","V020","050,1,N,0021,1","99999,9,9,N","002000,1,9,9","+0218,1","+0166,1","10123,1","09,0150,3,1","6,1,02,1","0,1,02,1",,,"04,1,+99999,9,06,1","99,9,+99999,9,03,1","99,9,+99999,9,00,1","9,AGL   ,+99999,+99999","06,99,1,04,1,99,9,99999,9,99,9,99,9",,,"9,9,999,9,+043,1","62,1","SYN07042187 21995 60504 10218 20166 40123 76260 84532 333 10308 58043 6015/=",
"42187099999","2023-10-17T03:00:00","4","28.8333333","78.75","202.0","MORADABAD, IN","FM-12","99999","V020","340,1,N,0010,1","99999,9,9,N","002000,1,9,9","+0220,1","+0195,1","10154,1","24,0150,3,1","0,1,02,1","0,1,02,1",,,"04,1,+99999,9,06,1","99,9,+99999,9,03,1","99,9,+99999,9,00,1","9,AGL   ,+99999,+99999","07,99,1,04,1,99,9,99999,9,99,9,99,9","240,M,+0308,1","240,N,+0184,1","9,9,999,9,+065,1","05,1","SYN09242187 21995 73402 10220 20195 40154 70500 84532 333 10308 20184 58065 6015/ 555 00148 10015=",
"42187099999","2023-10-17T12:00:00","4","28.8333333","78.75","202.0","MORADABAD, IN","FM-12","99999","V020","290,1,N,0010,1","99999,9,9,N","002000,1,9,9","+0242,1","+0182,1","10134,1","09,0000,9,1","0,1,02,1","0,1,02,1",,,"04,1,+99999,9,09,1","99,9,+99999,9,05,1","99,9,+99999,9,00,1","9,AGL   ,+99999,+99999","06,99,1,04,1,99,9,99999,9,99,9,99,9",,,"9,9,999,9,+012,1","05,1","SYN07042187 21995 62902 10242 20182 40134 70500 84322 333 10264 58012 6990/=","Q01  00002PRCP09"
"42187099999","2023-10-19T03:00:00","4","28.8333333","78.75","202.0","MORADABAD, IN","FM-12","99999","V020","320,1,N,0010,1","99999,9,9,N","004000,1,9,9","+0214,1","+0168,1","10169,1",,,,,,,,,,,"240,M,+0290,1","240,N,+0157,1","9,9,999,9,+005,1",,"SYN06842187 32996 03202 10214 20168 40169 333 10290 20157 58005 555 10015=",
"42187099999","2023-10-19T12:00:00","4","28.8333333","78.75","202.0","MORADABAD, IN","FM-12","99999","V020","290,1,N,0010,1","99999,9,9,N","004000,1,9,9","+0258,1","+0164,1","10122,1",,,,,,,,,,,,,"9,9,999,9,-007,1",,"SYN05242187 32996 02902 10258 20164 40122 333 10310 59007=",
"42187099999","2023-10-20T03:00:00","4","28.8333333","78.75","202.0","MORADABAD, IN","FM-12","99999","V020","320,1,N,0010,1","99999,9,9,N","004000,1,9,9","+0218,1","+0166,1","10175,1",,,,,,,,,,,"240,M,+0310,1","240,N,+0158,1","9,9,999,9,+006,1",,"SYN06842187 32996 03202 10218 20166 40175 333 10310 20158 58006 555 10015=",
"42187099999","2023-10-23T03:00:00","4","28.8333333","78.75","202.0","MORADABAD, IN","FM-12","99999","V020","320,1,N,0010,1","99999,9,9,N","004000,1,9,9","+0220,1","+0178,1","10164,1",,,,,,,,,,,"240,M,+0302,1","240,N,+0164,1",,,"SYN06842187 32996 03202 10220 20178 40164 333 10302 20164 58/// 555 10015=",
"42187099999","2023-10-23T12:00:00","4","28.8333333","78.75","202.0","MORADABAD, IN","FM-12","99999","V020","320,1,N,0010,1","99999,9,9,N","004000,1,9,9","+0268,1","+0183,1","10112,1",,,,,,,,,,,"240,M,+0304,1",,,,"SYN05242187 32996 03202 10268 20183 40112 333 10304 58///=",
"42187099999","2023-10-24T12:00:00","4","28.8333333","78.75","202.0","MORADABAD, IN","FM-12","99999","V020","320,1,N,0010,1","99999,9,9,N","004000,1,9,9","+0264,1","+0175,1","10121,1",,,,,,,,,,,,,"9,9,999,9,+009,1",,"SYN05242187 32996 03202 10264 20175 40121 333 10315 58009=",
"42187099999","2023-10-25T03:00:00","4","28.8333333","78.75","202.0","MORADABAD, IN","FM-12","99999","V020","290,1,N,0010,1","99999,9,9,N","004000,1,9,9","+0222,1","+0194,1","10162,1",,,,,,,,,,,"240,M,+0315,1","240,N,+0177,1","9,9,999,9,+004,1",,"SYN06842187 32996 02902 10222 20194 40162 333 10315 20177 58004 555 10015=",
"42187099999","2023-10-25T12:00:00","4","28.8333333","78.75","202.0","MORADABAD, IN","FM-12","99999","V020","320,1,N,0010,1","99999,9,9,N","004000,1,9,9","+0268,1","+0157,1","10118,1",,,,,,,,,,,,,"9,9,999,9,-003,1",,"SYN05242187 32996 03202 10268 20157 40118 333 10312 59003=",
"42187099999","2023-10-26T12:00:00","4","28.8333333","78.75","202.0","MORADABAD, IN","FM-12","99999","V020","290,1,N,0010,1","99999,9,9,N","004000,1,9,9","+0274,1","+0153,1","10112,1",,,,,,,,,,,,,"9,9,999,9,-004,1",,"SYN05242187 32996 02902 10274 20153 40112 333 10316 59004=",
"42187099999","2023-10-27T12:00:00","4","28.8333333","78.75","202.0","MORADABAD, IN","FM-12","99999","V020","290,1,N,0010,1","99999,9,9,N","004000,1,9,9","+0264,1","+0148,1","10110,1",,,,,,,,,,,,,"9,9,999,9,-003,1",,"SYN05242187 32996 02902 10264 20148 40110 333 10308 59003=",
"42187099999","2023-10-28T03:00:00","4","28.8333333","78.75","202.0","MORADABAD, IN","FM-12","99999","V020","070,1,N,0010,1","22000,1,9,N","002000,1,9,9","+0214,1","+0165,1","10151,1",,"0,1,02,1","0,1,02,1",,,"99,9,+99999,9,00,1",,,"9,AGL   ,+99999,+99999","04,99,1,00,1,99,9,99999,9,99,9,99,9","240,M,+0308,1","240,N,+0170,1","9,9,999,9,-005,1","05,1","SYN08042187 31995 40702 10214 20165 40151 70500 80002 333 10308 20170 59005 555 10015=","Q01    003SCCGA1"
"42187099999","2023-10-28T12:00:00","4","28.8333333","78.75","202.0","MORADABAD, IN","FM-12","99999","V020","340,1,N,0010,1","99999,9,9,N","002000,1,9,9","+0262,1","+0154,1","10122,1",,"0,1,02,1","0,1,02,1",,,"04,1,+99999,9,05,1","99,9,+99999,9,00,1",,"9,AGL   ,+99999,+99999","05,99,1,04,1,99,9,99999,9,99,9,99,9",,,"9,9,999,9,+011,1","05,1","SYN06442187 31995 53402 10262 20154 40122 70500 84022 333 10305 58011=",
"42187099999","2023-10-29T03:00:00","4","28.8333333","78.75","202.0","MORADABAD, IN","FM-12","99999","V020","999,9,C,0000,1","22000,1,9,N","002000,1,9,9","+0212,1","+0173,1","10152,1",,"0,1,02,1","0,1,02,1",,,"04,1,+99999,9,05,1","99,9,+99999,9,00,1",,"9,AGL   ,+99999,+99999","04,99,1,04,1,99,9,99999,9,99,9,99,9","240,M,+0305,1","240,N,+0168,1","9,9,999,9,-001,1","05,1","SYN08042187 31995 40000 10212 20173 40152 70500 84022 333 10305 20168 59001 555 10015=",
"42187099999","2023-10-30T12:00:00","4","28.8333333","78.75","202.0","MORADABAD, IN","FM-12","99999","V020","999,9,C,0000,1","99999,9,9,N","004000,1,9,9","+0266,1","+0195,1","10127,1",,,,,,,,,,,,,"9,9,999,9,+004,1",,"SYN05242187 32996 00000 10266 20195 40127 333 10310 58004=",
"42187099999","2023-10-31T03:00:00","4","28.8333333","78.75","202.0","MORADABAD, IN","FM-12","99999","V020","070,1,N,0010,1","99999,9,9,N","002000,1,9,9","+0212,1","+0180,1","10173,1",,"0,1,02,1","0,1,02,1",,,,,,,,"240,M,+0310,1","240,N,+0167,1","9,9,999,9,+013,1","05,1","SYN07442187 31995 00702 10212 20180 40173 70500 333 10310 20167 58013 555 10015=",
"42187099999","2023-10-31T12:00:00","4","28.8333333","78.75","202.0","MORADABAD, IN","FM-12","99999","V020","999,9,C,0000,1","22000,1,9,N","002000,1,9,9","+0262,1","+0187,1","10136,1",,"0,1,02,1","0,1,02,1",,,"04,1,+99999,9,09,1","99,9,+99999,9,05,1","99,9,+99999,9,00,1","9,AGL   ,+99999,+99999","04,99,1,04,1,99,9,99999,9,99,9,99,9",,,"9,9,999,9,+009,1","05,1","SYN06442187 31995 40000 10262 20187 40136 70500 84322 333 10310 58009=",
"42187099999","2023-11-01T03:00:00","4","28.8333333","78.75","202.0","MORADABAD, IN","FM-12","99999","V020","320,1,N,0010,1","99999,9,9,N","004000,1,9,9","+0218,1","+9999,9","10175,1",,,,,,,,,,,"240,M,+0310,1","240,N,+0168,1","9,9,999,9,+002,1",,"SYN06842187 32996 03202 10218 20280 40175 333 10310 20168 58002 555 10015=",
"42187099999","2023-11-01T12:00:00","4","28.8333333","78.75","202.0","MORADABAD, IN","FM-12","99999","V020","290,1,N,0010,1","99999,9,9,N","004000,1,9,9","+0276,1","+0182,1","10133,1",,,,,,,,,,,"240,M,+0320,1",,"9,9,999,9,-002,1",,"SYN05242187 32996 02902 10276 20182 40133 333 10320 59002=",
"42187099999","2023-11-02T12:00:00","4","28.8333333","78.75","202.0","MORADABAD, IN","FM-12","99999","V020","320,1,N,0010,1","99999,9,9,N","004000,1,9,9","+0270,1","+0182,1","10118,1",,,,,,,,,,,,,"9,9,999,9,-016,1",,"SYN05242187 32996 03202 10270 20182 40118 333 10315 59016=",
"42187099999","2023-11-03T12:00:00","4","28.8333333","78.75","202.0","MORADABAD, IN","FM-12","99999","V020","320,1,N,0010,1","99999,9,9,N","004000,1,9,9","+0262,1","+0169,1","10098,1",,,,,,,,,,,,,"9,9,999,9,-020,1",,"SYN05242187 32996 03202 10262 20169 40098 333 10287 59020=",
"42187099999","2023-11-10T03:00:00","4","28.8333333","78.75","202.0","MORADABAD, IN","FM-12","99999","V020","070,1,N,0010,1","99999,9,9,N","002000,1,9,9","+0202,1","+0166,1","10174,1",,"0,1,02,1","0,1,02,1",,,"04,1,+99999,9,09,1","99,9,+99999,9,05,1","99,9,+99999,9,00,1","9,AGL   ,+99999,+99999","05,99,1,04,1,99,9,99999,9,99,9,99,9","240,M,+0296,1","240,N,+0154,1",,"05,1","SYN08042187 31995 50702 10202 20166 40174 70500 84322 333 10296 20154 58/// 555 10015=",
"42187099999","2023-11-11T03:00:00","4","28.8333333","78.75","202.0","MORADABAD, IN","FM-12","99999","V020","290,1,N,0010,1","99999,9,9,N","002000,1,9,9","+0194,1","+0168,1","10178,1","24,0020,3,1",,,,,,,,,,"240,M,+0274,1","240,N,+0146,1","9,9,999,9,+003,1",,"SYN08042187 21995 02902 10194 20168 40178 333 10274 20146 58003 6002/ 555 00022 10017=",
"42187099999","2023-11-11T12:00:00","4","28.8333333","78.75","202.0","MORADABAD, IN","FM-12","99999","V020","270,1,N,0010,1","99999,9,9,N","004000,1,9,9","+0252,1","+0168,1","10156,1",,,,,,,,,,,,,"9,9,999,9,+002,1",,"SYN05242187 32996 02702 10252 20168 40156 333 10280 58002=",
"42187099999","2023-11-16T12:00:00","4","28.8333333","78.75","202.0","MORADABAD, IN","FM-12","99999","V020","999,9,C,0000,1","99999,9,9,N","004000,1,9,9","+0246,1","+0161,1","10162,1",,,,,,,,,,,"240,M,+0274,1",,"9,9,999,9,+004,1",,"SYN05242187 32996 00000 10246 20161 40162 333 10274 58004=",
"42187099999","2023-11-17T12:00:00","4","28.8333333","78.75","202.0","MORADABAD, IN","FM-12","99999","V020","290,1,N,0010,1","99999,9,9,N","004000,1,9,9","+0246,1","+0172,1","10147,1",,,,,,,,,,,,,"9,9,999,9,-012,1",,"SYN05242187 32996 02902 10246 20172 40147 333 10290 59012=",
"42187099999","2023-11-19T03:00:00","4","28.8333333","78.75","202.0","MORADABAD, IN","FM-12","99999","V020","110,1,N,0010,1","99999,9,9,N","002000,1,9,9","+0186,1","+0152,1","10195,1",,"0,1,02,1","0,1,02,1",,,,,,,,"240,M,+0276,1","240,N,+0140,1","9,9,999,9,-001,1","05,1","SYN07442187 31995 01102 10186 20152 40195 70500 333 10276 20140 59001 555 10017=",
"42187099999","2023-11-20T03:00:00","4","28.8333333","78.75","202.0","MORADABAD, IN","FM-12","99999","V020","320,1,N,0010,1","99999,9,9,N","004000,1,9,9","+0188,1","+0151,1","10190,1",,,,,,,,,,,"240,M,+0274,1","240,N,+0138,1","9,9,999,9,-005,1",,"SYN06842187 32996 03202 10188 20151 40190 333 10274 20138 59005 555 10017=",
"42187099999","2023-11-20T12:00:00","4","28.8333333","78.75","202.0","MORADABAD, IN","FM-12","99999","V020","270,1,N,0010,1","99999,9,9,N","004000,1,9,9","+0236,1","+0149,1","10148,1",,,,,,,,,,,"240,M,+0272,1",,,,"SYN05242187 32996 02702 10236 20149 40148 333 10272 58///=",
"42187099999","2023-11-21T03:00:00","4","28.8333333","78.75","202.0","MORADABAD, IN","FM-12","99999","V020","320,1,N,0010,1","99999,9,9,N","004000,1,9,9","+0184,1","+0142,1","10182,1",,,,,,,,,,,"240,M,+0272,1","240,N,+0130,1","9,9,999,9,-009,1",,"SYN06842187 32996 03202 10184 20142 40182 333 10272 20130 59009 555 10017=",
"42187099999","2023-11-22T03:00:00","4","28.8333333","78.75","202.0","MORADABAD, IN","FM-12","99999","V020","290,1,N,0010,1","99999,9,9,N","002000,1,9,9","+0178,1","+0136,1","10152,1",,"0,1,02,1","0,1,02,1",,,,,,,,"240,M,+0265,1","240,N,+0125,1","9,9,999,9,-031,1","05,1","SYN07442187 31995 02902 10178 20136 40152 70500 333 10265 20125 59031 555 10017=",
"42187099999","2023-11-23T12:00:00","4","28.8333333","78.75","202.0","MORADABAD, IN","FM-12","99999","V020","290,1,N,0010,1","99999,9,9,N","004000,1,9,9","+0224,1","+0142,1","10123,1",,,,,,,,,,,,,"9,9,999,9,-008,1",,"SYN05242187 32996 02902 10224 20142 40123 333 10260 59008=",
"42187099999","2023-11-26T03:00:00","4","28.8333333","78.75","202.0","MORADABAD, IN","FM-12","99999","V020","110,1,N,0010,1","99999,9,9,N","002000,1,9,9","+0162,1","+0137,1","10202,1",,"0,1,02,1","0,1,02,1",,,"04,1,+99999,9,00,1",,,"9,AGL   ,+99999,+99999","05,99,1,04,1,99,9,99999,9,99,9,99,9","240,M,+0258,1","240,N,+0132,1","9,9,999,9,+020,1","05,1","SYN08042187 31995 51102 10162 20137 40202 70500 84002 333 10258 20132 58020 555 10017=",
"42187099999","2023-11-28T03:00:00","4","28.8333333","78.75","202.0","MORADABAD, IN","FM-12","99999","V020","290,1,N,0010,1","99999,9,9,N","002000,1,9,9","+0164,1","+0147,1","10172,1","24,0010,3,1","6,1,02,1","0,1,02,1",,,"04,1,+00800,1,06,1","99,9,+99999,9,03,1",,"9,AGL   ,+99999,+99999","08,99,1,04,1,99,9,00800,1,99,9,99,9","240,M,+0250,1","240,N,+0138,1",,"62,1","SYN09242187 21595 82902 10164 20147 40172 76260 8453/ 333 10250 20138 58/// 6001/ 555 00008 10018=",
"42187099999","2023-11-28T12:00:00","4","28.8333333","78.75","202.0","MORADABAD, IN","FM-12","99999","V020","320,1,N,0010,1","22000,1,9,N","002000,1,9,9","+0208,1","+0165,1","10137,1","09,0000,2,1","0,1,02,1","0,1,02,1",,,"04,1,+99999,9,03,1","99,9,+99999,9,00,1",,"9,AGL   ,+99999,+99999","04,99,1,04,1,99,9,99999,9,99,9,99,9",,,"9,9,999,9,-004,1","05,1","SYN07042187 21995 43202 10208 20165 40137 70500 84032 333 10237 59004 6990/=",
"42187099999","2023-12-01T03:00:00","4","28.8333333","78.75","202.0","MORADABAD, IN","FM-12","99999","V020","340,1,N,0010,1","99999,9,9,N","004000,1,9,9","+0174,1","+0150,1","10185,1",,,,,,,,,,,"240,M,+0246,1","240,N,+0146,1","9,9,999,9,+007,1",,"SYN06842187 32996 03402 10174 20150 40185 333 10246 20146 58007 555 10018=",
"42187099999","2023-12-01T12:00:00","4","28.8333333","78.75","202.0","MORADABAD, IN","FM-12","99999","V020","290,1,N,0010,1","99999,9,9,N","004000,1,9,9","+0222,1","+0159,1","10155,1",,,,,,,,,,,,,"9,9,999,9,+002,1",,"SYN05242187 32996 02902 10222 20159 40155 333 10250 58002=",
"42187099999","2023-12-02T03:00:00","4","28.8333333","78.75","202.0","MORADABAD, IN","FM-12","99999","V020","290,1,N,0010,1","99999,9,9,N","004000,1,9,9","+0250,1","+0144,1","10190,1",,,,,,,,,,,"240,M,+0250,1","240,N,+0138,1","9,9,999,9,+006,1",,"SYN06842187 32996 02902 10250 20144 40190 333 10250 20138 58006 555 10018=",
"42187099999","2023-12-02T12:00:00","4","28.8333333","78.75","202.0","MORADABAD, IN","FM-12","99999","V020","290,1,N,0010,1","99999,9,9,N","004000,1,9,9","+0228,1","+0159,1","10145,1",,,,,,,,,,,,,"9,9,999,9,-009,1",,"SYN05242187 32996 02902 10228 20159 40145 333 10272 59009=",
"42187099999","2023-12-03T03:00:00","4","28.8333333","78.75","202.0","MORADABAD, IN","FM-12","99999","V020","230,1,N,0010,1","99999,9,9,N","004000,1,9,9","+0168,1","+0132,1","10196,1",,,,,,,,,,,"240,M,+0272,1","240,N,+0132,1","9,9,999,9,+004,1",,"SYN06842187 32996 02302 10168 20132 40196 333 10272 20132 58004 555 10018=",
"42187099999","2023-12-04T03:00:00","4","28.8333333","78.75","202.0","MORADABAD, IN","FM-12","99999","V020","270,1,N,0010,1","99999,9,9,N","002000,1,9,9","+0170,1","+0138,1","10171,1","24,0020,3,1","6,1,02,1","0,1,02,1",,,"04,1,+99999,9,09,1","99,9,+99999,9,05,1","99,9,+99999,9,00,1","9,AGL   ,+99999,+99999","05,99,1,04,1,99,9,99999,9,99,9,99,9","240,M,+0258,1","240,N,+0130,1","9,9,999,9,-025,1","62,1","SYN09242187 21995 52702 10170 20138 40171 76260 84322 333 10258 20130 59025 6002/ 555 00018 10020=",
"42187099999","2023-12-05T12:00:00","4","28.8333333","78.75","202.0","MORADABAD, IN","FM-12","99999","V020","270,1,N,0015,1","99999,9,9,N","004000,1,9,9","+0220,1","+0142,1","10125,1",,,,,,,,,,,,,"9,9,999,9,-018,1",,"SYN05242187 32996 02703 10220 20142 40125 333 10256 59018=",
"42187099999","2023-12-07T12:00:00","4","28.8333333","78.75","202.0","MORADABAD, IN","FM-12","99999","V020","290,1,N,0010,1","99999,9,9,N","004000,1,9,9","+0222,1","+0136,1","10127,1",,,,,,,,,,,,,"9,9,999,9,-003,1",,"SYN05242187 32996 02902 10222 20136 40127 333 10268 59003=",
"42187099999","2023-12-08T03:00:00","4","28.8333333","78.75","202.0","MORADABAD, IN","FM-12","99999","V020","270,1,N,0010,1","99999,9,9,N","004000,1,9,9","+0156,1","+0127,1","10167,1",,,,,,,,,,,"240,M,+0268,1","240,N,+0116,1","9,9,999,9,-003,1",,"SYN06842187 32996 02702 10156 20127 40167 333 10268 20116 59003 555 10020=",
"42187099999","2023-12-08T12:00:00","4","28.8333333","78.75","202.0","MORADABAD, IN","FM-12","99999","V020","270,1,N,0010,1","99999,9,9,N","004000,1,9,9","+0216,1","+0120,1","10125,1",,,,,,,,,,,,,"9,9,999,9,-003,1",,"SYN05242187 32996 02702 10216 20120 40125 333 10252 59003=",
"42187099999","2023-12-09T12:00:00","4","28.8333333","78.75","202.0","MORADABAD, IN","FM-12","99999","V020","270,1,N,0010,1","99999,9,9,N","004000,1,9,9","+0202,1","+0102,1","10139,1",,,,,,,,,,,,,"9,9,999,9,+014,1",,"SYN05242187 32996 02702 10202 20102 40139 333 10246 58014=",
"42187099999","2023-12-10T03:00:00","4","28.8333333","78.75","202.0","MORADABAD, IN","FM-12","99999","V020","270,1,N,0015,1","99999,9,9,N","004000,1,9,9","+0146,1","+0104,1","10152,1",,,,,,,,,,,"240,M,+0246,1","240,N,+0110,1","9,9,999,9,-019,1",,"SYN06842187 32996 02703 10146 20104 40152 333 10246 20110 59019 555 10020=",
"42187099999","2023-12-11T12:00:00","4","28.8333333","78.75","202.0","MORADABAD, IN","FM-12","99999","V020","270,1,N,0010,1","99999,9,9,N","004000,1,9,9","+0188,1","+0107,1","10141,1",,,,,,,,,,,,,"9,9,999,9,+005,1",,"SYN05242187 32996 02702 10188 20107 40141 333 10240 58005=",
"42187099999","2023-12-13T12:00:00","4","28.8333333","78.75","202.0","MORADABAD, IN","FM-12","99999","V020","270,1,N,0015,1","99999,9,9,N","004000,1,9,9","+0198,1","+0093,1","10139,1",,,,,,,,,,,,,"9,9,999,9,+003,1",,"SYN05242187 32996 02703 10198 20093 40139 333 10245 58003=",
"42187099999","2023-12-14T03:00:00","4","28.8333333","78.75","202.0","MORADABAD, IN","FM-12","99999","V020","270,1,N,0015,1","99999,9,9,N","004000,1,9,9","+0114,1","+0090,1","10178,1",,,,,,,,,,,"240,M,+0245,1","240,N,+0080,1","9,9,999,9,+002,1",,"SYN06842187 32996 02703 10114 20090 40178 333 10245 20080 58002 555 10020=",
"42187099999","2023-12-15T12:00:00","4","28.8333333","78.75","202.0","MORADABAD, IN","FM-12","99999","V020","270,1,N,0010,1","22000,1,9,N","002000,1,9,9","+0192,1","+0089,1","10161,1",,"0,1,02,1","0,1,02,1",,,"99,9,+99999,9,00,1",,,"9,AGL   ,+99999,+99999","04,99,1,00,1,99,9,99999,9,99,9,99,9","240,M,+0247,1",,"9,9,999,9,+008,1","05,1","SYN06442187 31995 42702 10192 20089 40161 70500 80002 333 10247 58008=","Q01    003SCCGA1"
"42187099999","2023-12-16T12:00:00","4","28.8333333","78.75","202.0","MORADABAD, IN","FM-12","99999","V020","270,1,N,0010,1","99999,9,9,N","004000,1,9,9","+0188,1","+0079,1","10140,1",,,,,,,,,,,,,"9,9,999,9,-021,1",,"SYN05242187 32996 02702 10188 20079 40140 333 10235 59021=",
"42187099999","2023-12-17T03:00:00","4","28.8333333","78.75","202.0","MORADABAD, IN","FM-12","99999","V020","270,1,N,0010,1","99999,9,9,N","004000,1,9,9","+0104,1","+0079,1","10194,1",,,,,,,,,,,"240,M,+0235,1","240,N,+0080,1",,,"SYN06842187 32996 02702 10104 20079 40194 333 10235 20080 58/// 555 10020=",
"42187099999","2023-12-18T03:00:00","4","28.8333333","78.75","202.0","MORADABAD, IN","FM-12","99999","V020","270,1,N,0010,1","99999,9,9,N","004000,1,9,9","+0102,1","+0081,1","10198,1",,,,,,,,,,,"240,M,+0230,1","240,N,+0074,1","9,9,999,9,+004,1",,"SYN06842187 32996 02702 10102 20081 40198 333 10230 20074 58004 555 10020=",
"42187099999","2023-12-18T12:00:00","4","28.8333333","78.75","202.0","MORADABAD, IN","FM-12","99999","V020","270,1,N,0010,1","99999,9,9,N","004000,1,9,9","+0192,1","+0099,1","10166,1",,,,,,,,,,,,,"9,9,999,9,+007,1",,"SYN05242187 32996 02702 10192 20099 40166 333 10236 58007=",
"42187099999","2023-12-19T12:00:00","4","28.8333333","78.75","202.0","MORADABAD, IN","FM-12","99999","V020","270,1,N,0010,1","99999,9,9,N","004000,1,9,9","+0184,1","+0093,1","10172,1",,,,,,,,,,,,,"9,9,999,9,+005,1",,"SYN05242187 32996 02702 10184 20093 40172 333 10226 58005=",
"42187099999","2023-12-20T12:00:00","4","28.8333333","78.75","202.0","MORADABAD, IN","FM-12","99999","V020","270,1,N,0010,1","99999,9,9,N","002000,1,9,9","+0176,1","+0110,1","10169,1",,"0,1,02,1","0,1,02,1",,,"04,1,+99999,9,03,1","99,9,+99999,9,00,1",,"9,AGL   ,+99999,+99999","07,99,1,04,1,99,9,99999,9,99,9,99,9",,,"9,9,999,9,-004,1","05,1","SYN06442187 31995 72702 10176 20110 40169 70500 84053 333 10198 59004=",
"42187099999","2023-12-21T12:00:00","4","28.8333333","78.75","202.0","MORADABAD, IN","FM-12","99999","V020","270,1,N,0010,1","22000,1,9,N","002000,1,9,9","+0202,1","+0111,1","10146,1",,"0,1,02,1","0,1,02,1",,,"99,9,+99999,9,00,1",,,"9,AGL   ,+99999,+99999","02,99,1,00,1,99,9,99999,9,99,9,99,9",,,"9,9,999,9,-019,1","05,1","SYN06442187 31995 22702 10202 20111 40146 70500 80002 333 10250 59019=","Q01    003SCCGA1"
"42187099999","2023-12-22T03:00:00","4","28.8333333","78.75","202.0","MORADABAD, IN","FM-12","99999","V020","270,1,N,0010,1","99999,9,9,N","004000,1,9,9","+0104,1","+0075,1","10189,1",,,,,,,,,,,"240,M,+0250,1","240,N,+0087,1",,,"SYN06842187 32996 02702 10104 20075 40189 333 10250 20087 58/// 555 10020=",
"42187099999","2023-12-22T12:00:00","4","28.8333333","78.75","202.0","MORADABAD, IN","FM-12","99999","V020","270,1,N,0010,1","99999,9,9,N","004000,1,9,9","+0204,1","+0130,1","10148,1",,,,,,,,,,,,,"9,9,999,9,+002,1",,"SYN05242187 32996 02702 10204 20130 40148 333 10252 58002=",
"42187099999","2023-12-24T03:00:00","4","28.8333333","78.75","202.0","MORADABAD, IN","FM-12","99999","V020","290,1,N,0010,1","99999,9,9,N","004000,1,9,9","+0124,1","+0101,1","10214,1",,,,,,,,,,,"240,M,+0256,1","240,N,+0085,1","9,9,999,9,+013,1",,"SYN06842187 32996 02902 10124 20101 40214 333 10256 20085 58013 555 10020=",
"42187099999","2023-12-26T12:00:00","4","28.8333333","78.75","202.0","MORADABAD, IN","FM-12","99999","V020","250,1,N,0010,1","22000,1,9,9","002000,1,9,9","+0185,1","+0131,1","10176,1","99,9999,9,9","0,1,99,9","0,1,99,9",,,"04,1,+04000,1,05,1","99,9,+99999,9,00,1",,"9,AGL   ,+99999,+99999","04,99,1,04,1,99,9,04000,1,99,9,99,9",,,"9,9,999,9,+008,1","05,1","SYN004BUFR",
"42187099999","2023-12-27T03:00:00","4","28.8333333","78.75","202.0","MORADABAD, IN","FM-12","99999","V020","050,1,N,0010,1","00240,1,W,N","001000,1,9,9","+0118,1","+0103,1","10214,1",,"4,1,02,1","4,1,02,1",,,"09,1,+99999,9,99,9",,,"9,AGL   ,+99999,+99999","09,99,1,09,1,99,9,99999,9,99,9,99,9","240,M,+0235,1","240,N,+0088,1","9,9,999,9,+023,1","43,1","SYN08042187 31/94 90502 10118 20103 40214 74344 89/// 333 10235 20088 58023 555 10020=",
"42187099999","2023-12-27T12:00:00","4","28.8333333","78.75","202.0","MORADABAD, IN","FM-12","99999","V020","250,1,N,0010,1","99999,9,9,N","004000,1,9,9","+0194,1","+0146,1","10178,1",,,,,,,,,,,,,"9,9,999,9,+003,1",,"SYN05242187 32996 02502 10194 20146 40178 333 10243 58003=",
"42187099999","2023-12-28T12:00:00","4","28.8333333","78.75","202.0","MORADABAD, IN","FM-12","99999","V020","250,1,N,0010,1","99999,9,9,N","002000,1,9,9","+0164,1","+0139,1","10175,1",,"0,1,02,1","0,1,02,1",,,,,,,,,,"9,9,999,9,-005,1","05,1","SYN05842187 31995 02502 10164 20139 40175 70500 333 10180 59005=",
"42187099999","2023-12-29T03:00:00","4","28.8333333","78.75","202.0","MORADABAD, IN","FM-12","99999","V020","270,1,N,0010,1","00120,1,W,N","000500,1,9,9","+0116,1","+0112,1","10217,1",,"4,1,02,1","4,1,02,1",,,"09,1,+99999,9,99,9",,,"9,AGL   ,+99999,+99999","09,99,1,09,1,99,9,99999,9,99,9,99,9","240,M,+0180,1","240,N,+0102,1","9,9,999,9,+005,1","45,1","SYN08042187 31/93 92702 10116 20112 40217 74544 89/// 333 10180 20102 58005 555 10020=",
"42187099999","2023-12-29T12:00:00","4","28.8333333","78.75","202.0","MORADABAD, IN","FM-12","99999","V020","250,1,N,0010,1","00240,1,W,N","001000,1,9,9","+0144,1","+0126,1","10182,1",,"4,1,02,1","4,1,02,1",,,"09,1,+99999,9,99,9",,,"9,AGL   ,+99999,+99999","09,99,1,09,1,99,9,99999,9,99,9,99,9",,,"9,9,999,9,+003,1","44,1","SYN06442187 31/94 92502 10144 20126 40182 74444 89/// 333 10152 58003=",
"42187099999","2023-12-30T03:00:00","4","28.8333333","78.75","202.0","MORADABAD, IN","FM-12","99999","V020","290,1,N,0010,1","00120,1,W,N","000500,1,9,9","+0112,1","+0104,1","10205,1",,"4,1,02,1","4,1,02,1",,,"09,1,+99999,9,99,9",,,"9,AGL   ,+99999,+99999","09,99,1,09,1,99,9,99999,9,99,9,99,9","240,M,+0152,1","240,N,+0098,1","9,9,999,9,-012,1","45,1","SYN08042187 31/93 92902 10112 20104 40205 74544 89/// 333 10152 20098 59012 555 10020=",
"42187099999","2023-12-30T12:00:00","4","28.8333333","78.75","202.0","MORADABAD, IN","FM-12","99999","V020","270,1,N,0010,1","00240,1,W,N","001000,1,9,9","+0136,1","+0129,1","10177,1",,"4,1,02,1","4,1,02,1",,,"09,1,+99999,9,99,9",,,"9,AGL   ,+99999,+99999","09,99,1,09,1,99,9,99999,9,99,9,99,9",,,"9,9,999,9,-005,1","43,1","SYN06442187 31/94 92702 10136 20129 40177 74344 89/// 333 10145 59005=",
"42187099999","2023-12-31T03:00:00","4","28.8333333","78.75","202.0","MORADABAD, IN","FM-12","99999","V020","070,1,N,0010,1","00240,1,W,N","002000,1,9,9","+0110,1","+0102,1","10202,1",,"0,1,02,1","0,1,02,1",,,"09,1,+99999,9,99,9",,,"9,AGL   ,+99999,+99999","09,99,1,09,1,99,9,99999,9,99,9,99,9","240,M,+0145,1","240,N,+0092,1","9,9,999,9,-004,1","10,1","SYN08042187 31/95 90702 10110 20102 40202 71000 89/// 333 10145 20092 59004 555 10020=",
