"STATION","DATE","SOURCE","LATITUDE","LONGITUDE","ELEVATION","NAME","REPORT_TYPE","CALL_SIGN","QUALITY_CONTROL","WND","CIG","VIS","TMP","DEW","SLP","AA1","AY1","AY2","GA1","GA2","GE1","GF1","KA1","KA2","MD1","MW1","REM","EQD"
"42137099999","2023-01-02T03:00:00","4","29.7","77.0333333","249.0","KARNAL, IN","FM-12","99999","V020","999,9,C,0000,1","00030,1,W,N","000050,1,9,9","+0094,1","+0094,1","10235,1",,"4,1,02,1","4,1,02,1","09,1,+99999,9,99,9",,"9,AGL   ,+99999,+99999","09,99,1,09,1,99,9,99999,9,99,9,99,9","240,M,+0148,1","240,N,+0067,1","9,9,999,9,+000,1","45,1","SYN08042137 31/91 90000 10094 20094 40235 74544 89/// 333 10148 20067 58000 555 10000=",
"42137099999","2023-01-03T03:00:00","4","29.7","77.0333333","249.0","KARNAL, IN","FM-12","99999","V020","999,9,C,0000,1","00120,1,W,N","000500,1,9,9","+0088,1","+0088,1","10246,1",,"4,1,02,1","4,1,02,1","09,1,+99999,9,99,9",,"9,AGL   ,+99999,+99999","09,99,1,09,1,99,9,99999,9,99,9,99,9","240,M,+0144,1","240,N,+0072,1","9,9,999,9,+010,1","45,1","SYN08042137 31/93 90000 10088 20088 40246 74544 89/// 333 10144 20072 58010 555 10000=",
"42137099999","2023-01-04T03:00:00","4","29.7","77.0333333","249.0","KARNAL, IN","FM-12","99999","V020","999,9,C,0000,1","00120,1,W,N","000500,1,9,9","+0070,1","+0061,1","10254,1",,"4,1,02,1","4,1,02,1","09,1,+99999,9,99,9",,"9,AGL   ,+99999,+99999","09,99,1,09,1,99,9,99999,9,99,9,99,9","240,M,+0154,1","240,N,+0063,1","9,9,999,9,+006,1","45,1","SYN08042137 31/93 90000 10070 20061 40254 74544 89/// 333 10154 20063 58006 555 10000=",
"42137099999","2023-01-05T03:00:00","4","29.7","77.0333333","249.0","KARNAL, IN","FM-12","99999","V020","999,9,C,0000,1","00060,1,W,N","000200,1,9,9","+0064,1","+0064,1","10256,1",,"4,1,02,1","4,1,02,1","09,1,+99999,9,99,9",,"9,AGL   ,+99999,+99999","09,99,1,09,1,99,9,99999,9,99,9,99,9","240,M,+0110,1","240,N,+0060,1","9,9,999,9,+001,1","45,1","SYN08042137 31/92 90000 10064 20064 40256 74544 89/// 333 10110 20060 58001 555 10000=",
"42137099999","2023-01-06T03:00:00","4","29.7","77.0333333","249.0","KARNAL, IN","FM-12","99999","V020","999,9,C,0000,1","00030,1,W,N","000050,1,9,9","+0056,1","+0056,1","10267,1",,"4,1,02,1","4,1,02,1","09,1,+99999,9,99,9",,"9,AGL   ,+99999,+99999","09,99,1,09,1,99,9,99999,9,99,9,99,9","240,M,+0090,1","240,N,+0048,1","9,9,999,9,+010,1","45,1","SYN08042137 31/91 90000 10056 20056 40267 74544 89/// 333 10090 20048 58010 555 10000=",
"42137099999","2023-01-07T03:00:00","4","29.7","77.0333333","249.0","KARNAL, IN","FM-12","99999","V020","999,9,C,0000,1","00030,1,W,N","000050,1,9,9","+0052,1","+0052,1","10249,1",,"4,1,02,1","4,1,02,1","09,1,+99999,9,99,9",,"9,AGL   ,+99999,+99999","09,99,1,09,1,99,9,99999,9,99,9,99,9","240,M,+0094,1","240,N,+0045,1","9,9,999,9,-018,1","45,1","SYN08042137 31/91 90000 10052 20052 40249 74544 89/// 333 10094 20045 59018 555 10018=",
"42137099999","2023-01-09T03:00:00","4","29.7","77.0333333","249.0","KARNAL, IN","FM-12","99999","V020","999,9,C,0000,1","00030,1,W,N","000050,1,9,9","+0090,1","+0090,1","10224,1",,"4,1,02,1","4,1,02,1","09,1,+99999,9,99,9",,"9,AGL   ,+99999,+99999","09,99,1,09,1,99,9,99999,9,99,9,99,9","240,M,+0134,1","240,N,+0068,1","9,9,999,9,+000,1","45,1","SYN08042137 31/91 90000 10090 20090 40224 74544 89/// 333 10134 20068 58000 555 10000=",
"42137099999","2023-01-10T03:00:00","4","29.7","77.0333333","249.0","KARNAL, IN","FM-12","99999","V020","999,9,C,0000,1","00030,1,W,N","000050,1,9,9","+0090,1","+0090,1","10217,1",,"4,1,02,1","4,1,02,1","09,1,+99999,9,99,9",,"9,AGL   ,+99999,+99999","09,99,1,09,1,99,9,99999,9,99,9,99,9","240,M,+0123,1","240,N,+0085,1","9,9,999,9,-007,1","45,1","SYN08042137 31/91 90000 10090 20090 40217 74544 89/// 333 10123 20085 59007 555 10000=",
"42137099999","2023-01-11T03:00:00","4","29.7","77.0333333","249.0","KARNAL, IN","FM-12","99999","V020","999,9,C,0000,1","00060,1,W,N","000200,1,9,9","+0098,1","+0098,1","10165,1",,"4,1,02,1","4,1,02,1","09,1,+99999,9,99,9",,"9,AGL   ,+99999,+99999","09,99,1,09,1,99,9,99999,9,99,9,99,9","240,M,+0138,1","240,N,+0093,1","9,9,999,9,-049,1","45,1","SYN08042137 31/92 90000 10098 20098 40165 74544 89/// 333 10138 20093 59049 555 10000=",
"42137099999","2023-01-12T03:00:00","4","29.7","77.0333333","249.0","KARNAL, IN","FM-12","99999","V020","999,9,C,0000,1","00060,1,W,N","000200,1,9,9","+0092,1","+0092,1","10145,1",,"4,1,02,1","4,1,02,1","09,1,+99999,9,99,9",,"9,AGL   ,+99999,+99999","09,99,1,09,1,99,9,99999,9,99,9,99,9","240,M,+0158,1","240,N,+0087,1","9,9,999,9,-016,1","45,1","SYN08042137 31/92 90000 10092 20092 40145 74544 89/// 333 10158 20087 59016 555 10000=",
"42137099999","2023-01-13T03:00:00","4","29.7","77.0333333","249.0","KARNAL, IN","FM-12","99999","V020","999,9,C,0000,1","99999,9,9,N","001000,1,9,9","+0116,1","+0104,1","10149,1",,"2,1,02,1","2,1,02,1","05,1,+01250,1,06,1",,"9,AGL   ,+99999,+99999","05,99,1,05,1,99,9,01250,1,99,9,99,9","240,M,+0187,1","240,N,+0106,1","9,9,999,9,+006,1","10,1","SYN08042137 31694 50000 10116 20104 40149 71022 85400 333 10187 20106 58006 555 10000=",
"42137099999","2023-01-14T03:00:00","4","29.7","77.0333333","249.0","KARNAL, IN","FM-12","99999","V020","320,1,N,0010,1","00060,1,W,N","000200,1,9,9","+0110,1","+0110,1","10178,1","24,0040,3,1","4,1,02,1","4,1,02,1","09,1,+99999,9,99,9",,"9,AGL   ,+99999,+99999","09,99,1,09,1,99,9,99999,9,99,9,99,9","240,M,+0212,1","240,N,+0105,1","9,9,999,9,+029,1","45,1","SYN09242137 21/92 93202 10110 20110 40178 74544 89/// 333 10212 20105 58029 6004/ 555 00038 10004=",
"42137099999","2023-01-16T03:00:00","4","29.7","77.0333333","249.0","KARNAL, IN","FM-12","99999","V020","999,9,C,0000,1","99999,9,9,N","002000,1,9,9","+0040,1","+0020,1","10188,1",,"0,1,02,1","0,1,02,1",,,,,"240,M,+0165,1","240,N,+0020,1","9,9,999,9,+000,1","10,1","SYN07442137 31995 00000 10040 20020 40188 71000 333 10165 20020 58000 555 10004=",
"42137099999","2023-01-17T03:00:00","4","29.7","77.0333333","249.0","KARNAL, IN","FM-12","99999","V020","999,9,C,0000,1","99999,9,9,N","002000,1,9,9","+0040,1","+0015,1","10187,1",,"0,1,02,1","0,1,02,1",,,,,"240,M,+0174,1","240,N,+0023,1","9,9,999,9,-002,1","10,1","SYN07442137 31995 00000 10040 20015 40187 71000 333 10174 20023 59002 555 10004=",
"42137099999","2023-01-18T03:00:00","4","29.7","77.0333333","249.0","KARNAL, IN","FM-12","99999","V020","999,9,C,0000,1","99999,9,9,N","002000,1,9,9","+0048,1","+0007,1","10217,1",,"0,1,02,1","0,1,02,1",,,,,"240,M,+0176,1","240,N,+0024,1","9,9,999,9,+030,1","10,1","SYN07442137 31995 00000 10048 20007 40217 71000 333 10176 20024 58030 555 10004=",
"42137099999","2023-01-19T03:00:00","4","29.7","77.0333333","249.0","KARNAL, IN","FM-12","99999","V020","999,9,C,0000,1","99999,9,9,N","002000,1,9,9","+0086,1","+0064,1","10204,1",,"2,1,02,1","2,1,02,1","02,1,+01250,1,06,1","99,9,+99999,9,03,1","9,AGL   ,+99999,+99999","07,99,1,02,1,99,9,01250,1,99,9,99,9","240,M,+0182,1","240,N,+0078,1","9,9,999,9,-007,1","10,1","SYN08042137 31695 70000 10086 20064 40204 71022 82470 333 10182 20078 59007 555 10004=",
"42137099999","2023-01-20T03:00:00","4","29.7","77.0333333","249.0","KARNAL, IN","FM-12","99999","V020","999,9,C,0000,1","99999,9,9,N","002000,1,9,9","+0108,1","+0100,1","10187,1","24,0110,3,1","2,1,02,1","2,1,02,1","03,1,+01250,1,06,1","99,9,+99999,9,05,1","9,AGL   ,+99999,+99999","07,99,1,03,1,99,9,01250,1,99,9,99,9","240,M,+0182,1","240,N,+0097,1","9,9,999,9,-016,1","10,1","SYN09242137 21695 70000 10108 20100 40187 71022 83420 333 10182 20097 59016 6011/ 555 00106 10014=",
"42137099999","2023-01-21T03:00:00","4","29.7","77.0333333","249.0","KARNAL, IN","FM-12","99999","V020","999,9,C,0000,1","99999,9,9,N","000500,1,9,9","+0074,1","+0061,1","10197,1","24,0000,9,1","0,1,02,1","0,1,02,1",,,,,"240,M,+0195,1","240,N,+0048,1","9,9,999,9,+006,1","12,1","SYN08642137 21993 00000 10074 20061 40197 71200 333 10195 20048 58006 6990/ 555 00000 10014=","Q01  00002PRCP24"
"42137099999","2023-01-23T03:00:00","4","29.7","77.0333333","249.0","KARNAL, IN","FM-12","99999","V020","999,9,C,0000,1","99999,9,9,N","002000,1,9,9","+0100,1","+0092,1","10188,1",,"2,1,02,1","2,1,02,1","02,1,+01250,1,06,1","99,9,+99999,9,03,1","9,AGL   ,+99999,+99999","05,99,1,02,1,99,9,01250,1,99,9,99,9","240,M,+0212,1","240,N,+0070,1","9,9,999,9,+000,1","10,1","SYN08042137 31695 50000 10100 20092 40188 71022 82430 333 10212 20070 58000 555 10014=",
"42137099999","2023-01-24T03:00:00","4","29.7","77.0333333","249.0","KARNAL, IN","FM-12","99999","V020","999,9,C,0000,1","99999,9,9,N","002000,1,9,9","+0142,1","+0120,1","10153,1","24,0000,9,1","5,1,02,1","2,1,02,1","03,1,+01250,1,06,1","99,9,+99999,9,05,1","9,AGL   ,+99999,+99999","07,99,1,03,1,99,9,01250,1,99,9,99,9","240,M,+0218,1","240,N,+0096,1","9,9,999,9,-029,1","10,1","SYN09242137 21695 70000 10142 20120 40153 71052 83420 333 10218 20096 59029 6990/ 555 00000 10014=","Q01  00002PRCP24"
"42137099999","2023-01-25T03:00:00","4","29.7","77.0333333","249.0","KARNAL, IN","FM-12","99999","V020","999,9,C,0000,1","22000,1,9,N","001000,1,9,9","+0112,1","+0108,1","10170,1",,"2,1,02,1","1,1,02,1","04,1,+01250,1,06,1",,"9,AGL   ,+99999,+99999","04,99,1,04,1,99,9,01250,1,99,9,99,9","240,M,+0202,1","240,N,+0103,1","9,9,999,9,+013,1","10,1","SYN08042137 31694 40000 10112 20108 40170 71021 84400 333 10202 20103 58013 555 10014=",
"42137099999","2023-01-26T03:00:00","4","29.7","77.0333333","249.0","KARNAL, IN","FM-12","99999","V020","320,1,N,0010,1","00030,1,W,N","000050,1,9,9","+0116,1","+0116,1","10195,1",,"4,1,02,1","4,1,02,1","09,1,+99999,9,99,9",,"9,AGL   ,+99999,+99999","09,99,1,09,1,99,9,99999,9,99,9,99,9","240,M,+0194,1","240,N,+0110,1","9,9,999,9,+025,1","45,1","SYN08042137 31/91 93202 10116 20116 40195 74544 89/// 333 10194 20110 58025 555 10014=",
"42137099999","2023-01-27T03:00:00","4","29.7","77.0333333","249.0","KARNAL, IN","FM-12","99999","V020","999,9,C,0000,1","99999,9,9,N","002000,1,9,9","+0064,1","+0046,1","10213,1",,"0,1,02,1","0,1,02,1",,,,,"240,M,+0134,1","240,N,+0042,1","9,9,999,9,+012,1","10,1","SYN07442137 31995 00000 10064 20046 40213 71000 333 10134 20042 58012 555 10014=",
"42137099999","2023-01-28T03:00:00","4","29.7","77.0333333","249.0","KARNAL, IN","FM-12","99999","V020","999,9,C,0000,1","99999,9,9,N","002000,1,9,9","+0054,1","+0040,1","10177,1",,"0,1,02,1","0,1,02,1",,,,,"240,M,+0188,1","240,N,+0042,1","9,9,999,9,-036,1","10,1","SYN07442137 31995 00000 10054 20040 40177 71000 333 10188 20042 59036 555 10014=",
"42137099999","2023-01-30T03:00:00","4","29.7","77.0333333","249.0","KARNAL, IN","FM-12","99999","V020","140,1,N,0031,1","99999,9,9,N","004000,1,9,9","+0138,1","+0119,1","10199,1","24,0080,3,1",,,"02,1,+01250,1,06,1","99,9,+99999,9,05,1","9,AGL   ,+99999,+99999","06,99,1,02,1,99,9,01250,1,99,9,99,9","240,M,+0140,1","240,N,+0122,1","9,9,999,9,+000,1",,"SYN08642137 22696 61406 10138 20119 40199 82420 333 10140 20122 58000 6008/ 555 00082 10023=",
"42137099999","2023-01-31T03:00:00","4","29.7","77.0333333","249.0","KARNAL, IN","FM-12","99999","V020","999,9,C,0000,1","99999,9,9,N","000050,1,9,9","+0100,1","+0100,1","10205,1",,"4,1,02,1","4,1,02,1",,,,,"240,M,+0196,1","240,N,+0092,1","9,9,999,9,+002,1","42,1","SYN07442137 31991 00000 10100 20100 40205 74244 333 10196 20092 58002 555 10023=",
"42137099999","2023-02-01T03:00:00","4","29.7","77.0333333","249.0","KARNAL, IN","FM-12","99999","V020","999,9,C,0000,1","99999,9,9,N","000050,1,9,9","+0084,1","+0084,1","10196,1",,"4,1,02,1","4,1,02,1",,,,,"240,M,+0202,1","240,N,+0072,1","9,9,999,9,-011,1","45,1","SYN07442137 31991 00000 10084 20084 40196 74544 333 10202 20072 59011 555 10023=",
"42137099999","2023-02-02T03:00:00","4","29.7","77.0333333","249.0","KARNAL, IN","FM-12","99999","V020","999,9,C,0000,1","99999,9,9,N","004000,1,9,9","+0088,1","+0071,1","10171,1",,"0,1,02,1","0,1,02,1",,,,,"240,M,+0208,1","240,N,+0066,1","9,9,999,9,-022,1","10,1","SYN07442137 31996 00000 10088 20071 40171 71000 333 10208 20066 59022 555 10023=",
"42137099999","2023-02-04T03:00:00","4","29.7","77.0333333","249.0","KARNAL, IN","FM-12","99999","V020","999,9,C,0000,1","99999,9,9,N","002000,1,9,9","+0104,1","+0092,1","10151,1",,"0,1,02,1","0,1,02,1",,,,,"240,M,+0228,1","240,N,+0081,1","9,9,999,9,+000,1","10,1","SYN07442137 31995 00000 10104 20092 40151 71000 333 10228 20081 58000 555 10023=",
"42137099999","2023-02-06T03:00:00","4","29.7","77.0333333","249.0","KARNAL, IN","FM-12","99999","V020","999,9,C,0000,1","22000,1,9,N","002000,1,9,9","+0114,1","+0110,1","10148,1",,"2,1,02,1","1,1,02,1","04,1,+01250,1,06,1",,"9,AGL   ,+99999,+99999","04,99,1,04,1,99,9,01250,1,99,9,99,9","240,M,+0242,1","240,N,+0080,1","9,9,999,9,+000,1","10,1","SYN08042137 31695 40000 10114 20110 40148 71021 84400 333 10242 20080 58000 555 10023=",
"42137099999","2023-02-07T03:00:00","4","29.7","77.0333333","249.0","KARNAL, IN","FM-12","99999","V020","999,9,C,0000,1","99999,9,9,N","000500,1,9,9","+0122,1","+0122,1","10123,1",,"4,1,02,1","4,1,02,1",,,,,"240,M,+0237,1","240,N,+0092,1","9,9,999,9,-024,1","12,1","SYN07442137 31993 00000 10122 20122 40123 71244 333 10237 20092 59024 555 10023=",
"42137099999","2023-02-08T03:00:00","4","29.7","77.0333333","249.0","KARNAL, IN","FM-12","99999","V020","999,9,C,0000,1","99999,9,9,N","004000,1,9,9","+0100,1","+0057,1","10156,1",,,,,,,,"240,M,+0238,1","240,N,+0060,1","9,9,999,9,+030,1",,"SYN06842137 32996 00000 10100 20057 40156 333 10238 20060 58030 555 10023=",
"42137099999","2023-02-09T03:00:00","4","29.7","77.0333333","249.0","KARNAL, IN","FM-12","99999","V020","999,9,C,0000,1","99999,9,9,N","002000,1,9,9","+0110,1","+0090,1","10138,1",,"2,1,02,1","1,1,02,1","02,1,+01250,1,06,1","99,9,+99999,9,03,1","9,AGL   ,+99999,+99999","05,99,1,02,1,99,9,01250,1,99,9,99,9","240,M,+0224,1","240,N,+0076,1","9,9,999,9,-016,1","10,1","SYN08042137 31695 50000 10110 20090 40138 71021 82430 333 10224 20076 59016 555 10023=",
"42137099999","2023-02-10T03:00:00","4","29.7","77.0333333","249.0","KARNAL, IN","FM-12","99999","V020","140,1,N,0015,1","99999,9,9,N","002000,1,9,9","+0150,1","+0113,1","10130,1",,"0,1,02,1","0,1,02,1",,,,,"240,M,+0246,1","240,N,+0132,1","9,9,999,9,-004,1","10,1","SYN07442137 31995 01403 10150 20113 40130 71000 333 10246 20132 59004 555 10023=",
"42137099999","2023-02-11T03:00:00","4","29.7","77.0333333","249.0","KARNAL, IN","FM-12","99999","V020","999,9,C,0000,1","99999,9,9,N","002000,1,9,9","+0134,1","+0127,1","10147,1",,"0,1,02,1","0,1,02,1",,,,,"240,M,+0247,1","240,N,+0116,1","9,9,999,9,+015,1","10,1","SYN07442137 31995 00000 10134 20127 40147 71000 333 10247 20116 58015 555 10023=",
"42137099999","2023-02-13T03:00:00","4","29.7","77.0333333","249.0","KARNAL, IN","FM-12","99999","V020","270,1,N,0015,1","99999,9,9,N","004000,1,9,9","+0074,1","+0021,1","10171,1",,,,,,,,"240,M,+0215,1","240,N,+0044,1","9,9,999,9,+000,1",,"SYN06842137 32996 02703 10074 20021 40171 333 10215 20044 58000 555 10023=",
"42137099999","2023-02-14T03:00:00","4","29.7","77.0333333","249.0","KARNAL, IN","FM-12","99999","V020","320,1,N,0010,1","99999,9,9,N","004000,1,9,9","+0096,1","+0062,1","10179,1",,,,,,,,"240,M,+0196,1","240,N,+0068,1","9,9,999,9,+010,1",,"SYN06842137 32996 03202 10096 20062 40179 333 10196 20068 58010 555 10023=",
"42137099999","2023-02-15T03:00:00","4","29.7","77.0333333","249.0","KARNAL, IN","FM-12","99999","V020","999,9,C,0000,1","99999,9,9,N","004000,1,9,9","+0124,1","+0092,1","10136,1",,,,,,,,"240,M,+0220,1","240,N,+0093,1","9,9,999,9,-039,1",,"SYN06842137 32996 00000 10124 20092 40136 333 10220 20093 59039 555 10023=",
"42137099999","2023-02-16T03:00:00","4","29.7","77.0333333","249.0","KARNAL, IN","FM-12","99999","V020","999,9,C,0000,1","99999,9,9,N","001000,1,9,9","+0122,1","+0118,1","10168,1",,"0,1,02,1","0,1,02,1",,,,,"240,M,+0257,1","240,N,+0094,1","9,9,999,9,+031,1","10,1","SYN07442137 31994 00000 10122 20118 40168 71000 333 10257 20094 58031 555 10023=",
"42137099999","2023-02-17T03:00:00","4","29.7","77.0333333","249.0","KARNAL, IN","FM-12","99999","V020","999,9,C,0000,1","22000,1,9,N","002000,1,9,9","+0130,1","+0123,1","10182,1",,"1,1,02,1","1,1,02,1","03,1,+01250,1,06,1",,"9,AGL   ,+99999,+99999","03,99,1,03,1,99,9,01250,1,99,9,99,9","240,M,+0260,1","240,N,+0102,1","9,9,999,9,+015,1","10,1","SYN08042137 31695 30000 10130 20123 40182 71011 83400 333 10260 20102 58015 555 10023=",
"42137099999","2023-02-18T03:00:00","4","29.7","77.0333333","249.0","KARNAL, IN","FM-12","99999","V020","999,9,C,0000,1","00030,1,W,N","000050,1,9,9","+0108,1","+0108,1","10170,1",,"4,1,02,1","4,1,02,1","09,1,+99999,9,99,9",,"9,AGL   ,+99999,+99999","09,99,1,09,1,99,9,99999,9,99,9,99,9","240,M,+0265,1","240,N,+0101,1","9,9,999,9,-014,1","45,1","SYN08042137 31/91 90000 10108 20108 40170 74544 89/// 333 10265 20101 59014 555 10023=",
"42137099999","2023-02-20T03:00:00","4","29.7","77.0333333","249.0","KARNAL, IN","FM-12","99999","V020","999,9,C,0000,1","22000,1,9,N","001000,1,9,9","+0166,1","+0152,1","10130,1",,"1,1,02,1","1,1,02,1","99,9,+99999,9,00,1",,"9,AGL   ,+99999,+99999","03,99,1,00,1,99,9,99999,9,99,9,99,9","240,M,+0274,1","240,N,+0112,1","9,9,999,9,+000,1","10,1","SYN08042137 31994 30000 10166 20152 40130 71011 80001 333 10274 20112 58000 555 10023=","Q01    003SCCGA1"
"42137099999","2023-02-21T03:00:00","4","29.7","77.0333333","249.0","KARNAL, IN","FM-12","99999","V020","110,1,N,0010,1","99999,9,9,N","002000,1,9,9","+0180,1","+0163,1","10118,1",,"0,1,02,1","0,1,02,1",,,,,"240,M,+0280,1","240,N,+0162,1","9,9,999,9,-011,1","10,1","SYN07442137 31995 01102 10180 20163 40118 71000 333 10280 20162 59011 555 10023=",
"42137099999","2023-02-22T03:00:00","4","29.7","77.0333333","249.0","KARNAL, IN","FM-12","99999","V020","999,9,C,0000,1","99999,9,9,N","004000,1,9,9","+0140,1","+0133,1","10139,1",,,,,,,,"240,M,+0286,1","240,N,+0100,1","9,9,999,9,+017,1",,"SYN06842137 32996 00000 10140 20133 40139 333 10286 20100 58017 555 10023=",
"42137099999","2023-02-23T03:00:00","4","29.7","77.0333333","249.0","KARNAL, IN","FM-12","99999","V020","999,9,C,0000,1","99999,9,9,N","004000,1,9,9","+0138,1","+0112,1","10135,1",,,,,,,,"240,M,+0277,1","240,N,+0088,1","9,9,999,9,-004,1",,"SYN06842137 32996 00000 10138 20112 40135 333 10277 20088 59004 555 10023=",
"42137099999","2023-02-24T03:00:00","4","29.7","77.0333333","249.0","KARNAL, IN","FM-12","99999","V020","999,9,C,0000,1","99999,9,9,N","002000,1,9,9","+0136,1","+0125,1","10156,1",,"0,1,02,1","0,1,02,1",,,,,"240,M,+0270,1","240,N,+0102,1","9,9,999,9,+020,1","10,1","SYN07442137 31995 00000 10136 20125 40156 71000 333 10270 20102 58020 555 10023=",
"42137099999","2023-02-25T03:00:00","4","29.7","77.0333333","249.0","KARNAL, IN","FM-12","99999","V020","999,9,C,0000,1","99999,9,9,N","002000,1,9,9","+0146,1","+0120,1","10178,1",,"0,1,02,1","0,1,02,1",,,,,"240,M,+0272,1","240,N,+0102,1","9,9,999,9,+022,1","10,1","SYN07442137 31995 00000 10146 20120 40178 71000 333 10272 20102 58022 555 10023=",
"42137099999","2023-02-27T03:00:00","4","29.7","77.0333333","249.0","KARNAL, IN","FM-12","99999","V020","999,9,C,0000,1","22000,1,9,N","002000,1,9,9","+0144,1","+0137,1","10195,1",,"1,1,02,1","1,1,02,1","02,1,+01250,1,06,1",,"9,AGL   ,+99999,+99999","02,99,1,02,1,99,9,01250,1,99,9,99,9","240,M,+0282,1","240,N,+0115,1","9,9,999,9,+000,1","10,1","SYN08042137 31695 20000 10144 20137 40195 71011 82400 333 10282 20115 58000 555 10023=",
"42137099999","2023-02-28T03:00:00","4","29.7","77.0333333","249.0","KARNAL, IN","FM-12","99999","V020","999,9,C,0000,1","99999,9,9,N","004000,1,9,9","+0152,1","+0134,1","10188,1",,,,,,,,"240,M,+0280,1","240,N,+0105,1","9,9,999,9,-006,1",,"SYN06842137 32996 00000 10152 20134 40188 333 10280 20105 59006 555 10023=",
"42137099999","2023-03-01T03:00:00","4","29.7","77.0333333","249.0","KARNAL, IN","FM-12","99999","V020","050,1,N,0015,1","22000,1,9,N","004000,1,9,9","+0162,1","+0126,1","10213,1","24,0000,9,1",,,"02,1,+01250,1,06,1",,"9,AGL   ,+99999,+99999","02,99,1,02,1,99,9,01250,1,99,9,99,9","240,M,+0264,1","240,N,+0132,1","9,9,999,9,+025,1",,"SYN08642137 22696 20503 10162 20126 40213 82400 333 10264 20132 58025 6990/ 555 00000 10000=","Q01  00002PRCP24"
"42137099999","2023-03-02T03:00:00","4","29.7","77.0333333","249.0","KARNAL, IN","FM-12","99999","V020","999,9,C,0000,1","99999,9,9,N","004000,1,9,9","+0156,1","+0127,1","10209,1",,,,,,,,"240,M,+0293,1","240,N,+0120,1","9,9,999,9,-005,1",,"SYN06842137 32996 00000 10156 20127 40209 333 10293 20120 59005 555 10000=",
"42137099999","2023-03-04T03:00:00","4","29.7","77.0333333","249.0","KARNAL, IN","FM-12","99999","V020","999,9,C,0000,1","22000,1,9,N","004000,1,9,9","+0164,1","+0139,1","10215,1",,,,"99,9,+99999,9,00,1",,"9,AGL   ,+99999,+99999","03,99,1,00,1,99,9,99999,9,99,9,99,9","240,M,+0288,1","240,N,+0128,1","9,9,999,9,+005,1",,"SYN07442137 32996 30000 10164 20139 40215 80001 333 10288 20128 58005 555 10023=","Q01    003SCCGA1"
"42137099999","2023-03-06T03:00:00","4","29.7","77.0333333","249.0","KARNAL, IN","FM-12","99999","V020","999,9,C,0000,1","99999,9,9,N","004000,1,9,9","+0162,1","+0145,1","10181,1",,,,,,,,"240,M,+0275,1","240,N,+0122,1","9,9,999,9,+000,1",,"SYN06842137 32996 00000 10162 20145 40181 333 10275 20122 58000 555 10000=",
"42137099999","2023-03-07T03:00:00","4","29.7","77.0333333","249.0","KARNAL, IN","FM-12","99999","V020","999,9,C,0000,1","22000,1,9,N","002000,1,9,9","+0154,1","+0147,1","10173,1",,"1,1,02,1","1,1,02,1","99,9,+99999,9,00,1",,"9,AGL   ,+99999,+99999","02,99,1,00,1,99,9,99999,9,99,9,99,9","240,M,+0278,1","240,N,+0119,1","9,9,999,9,-009,1","10,1","SYN08042137 31995 20000 10154 20147 40173 71011 80001 333 10278 20119 59009 555 10023=","Q01    003SCCGA1"
"42137099999","2023-03-08T03:00:00","4","29.7","77.0333333","249.0","KARNAL, IN","FM-12","99999","V020","999,9,C,0000,1","99999,9,9,N","002000,1,9,9","+0160,1","+0146,1","10186,1",,"0,1,02,1","0,1,02,1",,,,,"240,M,+0276,1","240,N,+0130,1","9,9,999,9,+013,1","10,1","SYN07442137 31995 00000 10160 20146 40186 71000 333 10276 20130 58013 555 10000=",
"42137099999","2023-03-09T03:00:00","4","29.7","77.0333333","249.0","KARNAL, IN","FM-12","99999","V020","999,9,C,0000,1","99999,9,9,N","002000,1,9,9","+0174,1","+0164,1","10189,1",,"0,1,02,1","0,1,02,1",,,,,"240,M,+0278,1","240,N,+0134,1","9,9,999,9,+005,1","10,1","SYN07442137 31995 00000 10174 20164 40189 71000 333 10278 20134 58005 555 10000=",
"42137099999","2023-03-10T03:00:00","4","29.7","77.0333333","249.0","KARNAL, IN","FM-12","99999","V020","999,9,C,0000,1","99999,9,9,N","002000,1,9,9","+0172,1","+0162,1","10173,1",,"0,1,02,1","0,1,02,1",,,,,"240,M,+0288,1","240,N,+0130,1","9,9,999,9,-016,1","10,1","SYN07442137 31995 00000 10172 20162 40173 71000 333 10288 20130 59016 555 10000=",
"42137099999","2023-03-11T03:00:00","4","29.7","77.0333333","249.0","KARNAL, IN","FM-12","99999","V020","999,9,C,0000,1","99999,9,9,N","004000,1,9,9","+0166,1","+0152,1","10173,1",,"0,1,02,1","0,1,02,1",,,,,"240,M,+0290,1","240,N,+0134,1","9,9,999,9,-001,1","10,1","SYN07442137 31996 00000 10166 20152 40173 71000 333 10290 20134 59001 555 10000=",
"42137099999","2023-03-13T03:00:00","4","29.7","77.0333333","249.0","KARNAL, IN","FM-12","99999","V020","999,9,C,0000,1","99999,9,9,N","002000,1,9,9","+0176,1","+0163,1","10158,1",,"0,1,02,1","0,1,02,1",,,,,"240,M,+0305,1","240,N,+0138,1","9,9,999,9,+000,1","10,1","SYN07442137 31995 00000 10176 20163 40158 71000 333 10305 20138 58000 555 10000=",
"42137099999","2023-03-14T03:00:00","4","29.7","77.0333333","249.0","KARNAL, IN","FM-12","99999","V020","999,9,C,0000,1","99999,9,9,N","002000,1,9,9","+0182,1","+0172,1","10128,1",,"0,1,02,1","0,1,02,1",,,,,"240,M,+0298,1","240,N,+0148,1","9,9,999,9,-029,1","10,1","SYN07442137 31995 00000 10182 20172 40128 71000 333 10298 20148 59029 555 10000=",
"42137099999","2023-03-15T03:00:00","4","29.7","77.0333333","249.0","KARNAL, IN","FM-12","99999","V020","999,9,C,0000,1","99999,9,9,N","004000,1,9,9","+0182,1","+0165,1","10113,1",,,,,,,,"240,M,+0304,1","240,N,+0129,1","9,9,999,9,-014,1",,"SYN06842137 32996 00000 10182 20165 40113 333 10304 20129 59014 555 10000=",
"42137099999","2023-03-16T03:00:00","4","29.7","77.0333333","249.0","KARNAL, IN","FM-12","99999","V020","999,9,C,0000,1","22000,1,9,N","004000,1,9,9","+0196,1","+0152,1","10116,1",,,,,,"9,AGL   ,+99999,+99999","04,99,1,99,9,99,9,99999,9,99,9,99,9","240,M,+0314,1","240,N,+0128,1","9,9,999,9,+004,1",,"SYN06842137 32996 40000 10196 20152 40116 333 10314 20128 58004 555 10000=",
"42137099999","2023-03-17T03:00:00","4","29.7","77.0333333","249.0","KARNAL, IN","FM-12","99999","V020","999,9,C,0000,1","22000,1,9,N","004000,1,9,9","+0200,1","+0138,1","10145,1","24,0005,3,1",,,"03,1,+99999,9,03,1",,"9,AGL   ,+99999,+99999","03,99,1,03,1,99,9,99999,9,99,9,99,9","240,M,+0316,1","240,N,+0164,1","9,9,999,9,+033,1",,"SYN08642137 22996 30000 10200 20138 40145 83030 333 10316 20164 58033 6995/ 555 00005 10001=",
"42137099999","2023-03-18T03:00:00","4","29.7","77.0333333","249.0","KARNAL, IN","FM-12","99999","V020","090,1,N,0031,1","99999,9,9,N","004000,1,9,9","+0186,1","+0145,1","10134,1",,,,"03,1,+01250,1,06,1","99,9,+99999,9,05,1","9,AGL   ,+99999,+99999","06,99,1,03,1,99,9,01250,1,99,9,99,9","240,M,+0300,1","240,N,+0167,1","9,9,999,9,-012,1",,"SYN07442137 32696 60906 10186 20145 40134 83420 333 10300 20167 59012 555 10001=",
"42137099999","2023-03-20T03:00:00","4","29.7","77.0333333","249.0","KARNAL, IN","FM-12","99999","V020","999,9,C,0000,1","22000,1,9,N","002000,1,9,9","+0186,1","+0169,1","10090,1",,"1,1,02,1","1,1,02,1","99,9,+99999,9,00,1",,"9,AGL   ,+99999,+99999","03,99,1,00,1,99,9,99999,9,99,9,99,9","240,M,+0274,1","240,N,+0140,1","9,9,999,9,+000,1","10,1","SYN08042137 31995 30000 10186 20169 40090 71011 80001 333 10274 20140 58000 555 10023=","Q01    003SCCGA1"
"42137099999","2023-03-21T03:00:00","4","29.7","77.0333333","249.0","KARNAL, IN","FM-12","99999","V020","999,9,C,0000,1","22000,1,9,N","004000,1,9,9","+0158,1","+0155,1","10104,1","24,0510,3,1","2,1,02,1","2,1,02,1","04,1,+01250,1,06,1",,"9,AGL   ,+99999,+99999","04,99,1,04,1,99,9,01250,1,99,9,99,9","240,M,+0254,1","240,N,+0144,1","9,9,999,9,+011,1","10,1","SYN09242137 21696 40000 10158 20155 40104 71022 84400 333 10254 20144 58011 6051/ 555 00508 10074=",
"42137099999","2023-03-22T03:00:00","4","29.7","77.0333333","249.0","KARNAL, IN","FM-12","99999","V020","999,9,C,0000,1","99999,9,9,N","004000,1,9,9","+0174,1","+0157,1","10133,1",,,,,,,,"240,M,+0234,1","240,N,+0122,1","9,9,999,9,+029,1",,"SYN06842137 32996 00000 10174 20157 40133 333 10234 20122 58029 555 10074=",
"42137099999","2023-03-23T03:00:00","4","29.7","77.0333333","249.0","KARNAL, IN","FM-12","99999","V020","999,9,C,0000,1","99999,9,9,N","004000,1,9,9","+0184,1","+0157,1","10105,1",,,,,,,,"240,M,+0263,1","240,N,+0138,1","9,9,999,9,-026,1",,"SYN06842137 32996 00000 10184 20157 40105 333 10263 20138 59026 555 10074=",
"42137099999","2023-03-24T03:00:00","4","29.7","77.0333333","249.0","KARNAL, IN","FM-12","99999","V020","999,9,C,0000,1","99999,9,9,N","002000,1,9,9","+0184,1","+0174,1","10101,1",,"2,1,02,1","2,1,02,1","04,1,+01250,1,06,1","99,9,+99999,9,05,1","9,AGL   ,+99999,+99999","07,99,1,04,1,99,9,01250,1,99,9,99,9","240,M,+0278,1","240,N,+0155,1","9,9,999,9,-004,1","10,1","SYN08042137 31695 70000 10184 20174 40101 71022 84420 333 10278 20155 59004 555 10074=",
"42137099999","2023-03-25T03:00:00","4","29.7","77.0333333","249.0","KARNAL, IN","FM-12","99999","V020","140,1,N,0026,1","99999,9,9,N","004000,1,9,9","+0188,1","+0147,1","10128,1","24,0080,3,1",,,"05,1,+01250,1,06,1",,"9,AGL   ,+99999,+99999","05,99,1,05,1,99,9,01250,1,99,9,99,9","240,M,+0237,1","240,N,+0165,1","9,9,999,9,+027,1",,"SYN08642137 22696 51405 10188 20147 40128 85400 333 10237 20165 58027 6008/ 555 00078 10082=",
"42137099999","2023-03-27T03:00:00","4","29.7","77.0333333","249.0","KARNAL, IN","FM-12","99999","V020","999,9,C,0000,1","99999,9,9,N","004000,1,9,9","+0176,1","+0148,1","10121,1",,,,,,,,"240,M,+0286,1","240,N,+0130,1","9,9,999,9,+000,1",,"SYN06842137 32996 00000 10176 20148 40121 333 10286 20130 58000 555 10082=",
"42137099999","2023-03-28T03:00:00","4","29.7","77.0333333","249.0","KARNAL, IN","FM-12","99999","V020","270,1,N,0010,1","22000,1,9,N","004000,1,9,9","+0184,1","+0150,1","10112,1",,,,"99,9,+99999,9,00,1",,"9,AGL   ,+99999,+99999","03,99,1,00,1,99,9,99999,9,99,9,99,9","240,M,+0274,1","240,N,+0132,1","9,9,999,9,-008,1",,"SYN07442137 32996 32702 10184 20150 40112 80001 333 10274 20132 59008 555 10082=","Q01    003SCCGA1"
"42137099999","2023-03-29T03:00:00","4","29.7","77.0333333","249.0","KARNAL, IN","FM-12","99999","V020","999,9,C,0000,1","22000,1,9,N","004000,1,9,9","+0220,1","+0171,1","10118,1",,,,"99,9,+99999,9,00,1",,"9,AGL   ,+99999,+99999","04,99,1,00,1,99,9,99999,9,99,9,99,9","240,M,+0292,1","240,N,+0138,1","9,9,999,9,+009,1",,"SYN07442137 32996 40000 10220 20171 40118 80001 333 10292 20138 58009 555 10082=","Q01    003SCCGA1"
"42137099999","2023-03-30T03:00:00","4","29.7","77.0333333","249.0","KARNAL, IN","FM-12","99999","V020","999,9,C,0000,1","99999,9,9,N","004000,1,9,9","+0218,1","+0162,1","10109,1",,,,,,,,"240,M,+0307,1","240,N,+0170,1","9,9,999,9,-009,1",,"SYN06842137 32996 00000 10218 20162 40109 333 10307 20170 59009 555 10082=",
"42137099999","2023-03-31T03:00:00","4","29.7","77.0333333","249.0","KARNAL, IN","FM-12","99999","V020","999,9,C,0000,1","99999,9,9,N","001000,1,9,9","+0178,1","+0175,1","10102,1","24,0070,3,1","6,1,02,1","2,1,02,1","04,1,+00800,1,06,1","99,9,+99999,9,05,1","9,AGL   ,+99999,+99999","08,99,1,04,1,99,9,00800,1,99,9,99,9","240,M,+0323,1","240,N,+0167,1","9,9,999,9,-010,1","60,1","SYN09242137 21594 80000 10178 20175 40102 76062 8452/ 333 10323 20167 59010 6007/ 555 00070 10089=",
"42137099999","2023-04-01T03:00:00","4","29.7","77.0333333","249.0","KARNAL, IN","FM-12","99999","V020","140,1,N,0021,1","22000,1,9,N","004000,1,9,9","+0196,1","+0145,1","10113,1","24,0080,3,1",,,"03,1,+99999,9,03,1",,"9,AGL   ,+99999,+99999","03,99,1,03,1,99,9,99999,9,99,9,99,9","240,M,+0208,1","240,N,+0138,1","9,9,999,9,+012,1",,"SYN08642137 22996 31404 10196 20145 40113 83030 333 10208 20138 58012 6008/ 555 00075 10096=",
"42137099999","2023-04-03T03:00:00","4","29.7","77.0333333","249.0","KARNAL, IN","FM-12","99999","V020","999,9,C,0000,1","99999,9,9,N","004000,1,9,9","+0208,1","+0151,1","10080,1",,,,,,,,"240,M,+0294,1","240,N,+0160,1","9,9,999,9,+000,1",,"SYN06842137 32996 00000 10208 20151 40080 333 10294 20160 58000 555 10096=",
"42137099999","2023-04-04T03:00:00","4","29.7","77.0333333","249.0","KARNAL, IN","FM-12","99999","V020","999,9,C,0000,1","99999,9,9,N","004000,1,9,9","+0186,1","+0163,1","10111,1","24,0060,3,1",,,"02,1,+01250,1,06,1","99,9,+99999,9,00,1","9,AGL   ,+99999,+99999","05,99,1,02,1,99,9,01250,1,99,9,99,9","240,M,+0304,1","240,N,+0162,1","9,9,999,9,+028,1",,"SYN08642137 22696 50000 10186 20163 40111 82401 333 10304 20162 58028 6006/ 555 00056 10102=",
"42137099999","2023-04-05T03:00:00","4","29.7","77.0333333","249.0","KARNAL, IN","FM-12","99999","V020","999,9,C,0000,1","99999,9,9,N","004000,1,9,9","+0194,1","+0157,1","10116,1",,,,,,,,"240,M,+0288,1","240,N,+0138,1","9,9,999,9,+006,1",,"SYN06842137 32996 00000 10194 20157 40116 333 10288 20138 58006 555 10102=",
"42137099999","2023-04-06T03:00:00","4","29.7","77.0333333","249.0","KARNAL, IN","FM-12","99999","V020","999,9,C,0000,1","22000,1,9,N","004000,1,9,9","+0212,1","+0119,1","10134,1",,,,"03,1,+99999,9,03,1",,"9,AGL   ,+99999,+99999","03,99,1,03,1,99,9,99999,9,99,9,99,9","240,M,+0317,1","240,N,+0162,1","9,9,999,9,+019,1",,"SYN07442137 32996 30000 10212 20119 40134 83030 333 10317 20162 58019 555 10102=",
"42137099999","2023-04-07T03:00:00","4","29.7","77.0333333","249.0","KARNAL, IN","FM-12","99999","V020","999,9,C,0000,1","99999,9,9,N","004000,1,9,9","+0204,1","+0142,1","10150,1",,,,,,,,"240,M,+0322,1","240,N,+0130,1","9,9,999,9,+015,1",,"SYN06842137 32996 00000 10204 20142 40150 333 10322 20130 58015 555 10102=",
"42137099999","2023-04-08T03:00:00","4","29.7","77.0333333","249.0","KARNAL, IN","FM-12","99999","V020","999,9,C,0000,1","99999,9,9,N","004000,1,9,9","+0202,1","+0111,1","10156,1",,,,,,,,"240,M,+0332,1","240,N,+0121,1","9,9,999,9,+005,1",,"SYN06842137 32996 00000 10202 20111 40156 333 10332 20121 58005 555 10102=",
"42137099999","2023-04-10T03:00:00","4","29.7","77.0333333","249.0","KARNAL, IN","FM-12","99999","V020","999,9,C,0000,1","22000,1,9,N","004000,1,9,9","+0210,1","+0121,1","10139,1",,,,"03,1,+99999,9,03,1",,"9,AGL   ,+99999,+99999","03,99,1,03,1,99,9,99999,9,99,9,99,9","240,M,+0348,1","240,N,+0134,1","9,9,999,9,+000,1",,"SYN07442137 32996 30000 10210 20121 40139 83030 333 10348 20134 58000 555 10102=",
"42137099999","2023-04-11T03:00:00","4","29.7","77.0333333","249.0","KARNAL, IN","FM-12","99999","V020","999,9,C,0000,1","22000,1,9,N","004000,1,9,9","+0244,1","+0135,1","10126,1",,,,"99,9,+99999,9,00,1",,"9,AGL   ,+99999,+99999","04,99,1,00,1,99,9,99999,9,99,9,99,9","240,M,+0347,1","240,N,+0162,1","9,9,999,9,-010,1",,"SYN07442137 32996 40000 10244 20135 40126 80001 333 10347 20162 59010 555 10102=","Q01    003SCCGA1"
"42137099999","2023-04-12T03:00:00","4","29.7","77.0333333","249.0","KARNAL, IN","FM-12","99999","V020","999,9,C,0000,1","22000,1,9,N","004000,1,9,9","+0246,1","+0141,1","10123,1",,,,"99,9,+99999,9,00,1",,"9,AGL   ,+99999,+99999","04,99,1,00,1,99,9,99999,9,99,9,99,9","240,M,+0365,1","240,N,+0179,1","9,9,999,9,-002,1",,"SYN07442137 32996 40000 10246 20141 40123 80001 333 10365 20179 59002 555 10102=","Q01    003SCCGA1"
"42137099999","2023-04-13T03:00:00","4","29.7","77.0333333","249.0","KARNAL, IN","FM-12","99999","V020","999,9,C,0000,1","99999,9,9,N","004000,1,9,9","+0260,1","+0151,1","10105,1",,,,,,,,"240,M,+0372,1","240,N,+0177,1","9,9,999,9,-017,1",,"SYN06842137 32996 00000 10260 20151 40105 333 10372 20177 59017 555 10102=",
"42137099999","2023-04-14T03:00:00","4","29.7","77.0333333","249.0","KARNAL, IN","FM-12","99999","V020","999,9,C,0000,1","99999,9,9,N","004000,1,9,9","+0274,1","+0153,1","10094,1",,,,,,,,"240,M,+0382,1","240,N,+0187,1","9,9,999,9,-007,1",,"SYN06842137 32996 00000 10274 20153 40094 333 10382 20187 59007 555 10102=",
"42137099999","2023-04-15T03:00:00","4","29.7","77.0333333","249.0","KARNAL, IN","FM-12","99999","V020","999,9,C,0000,1","99999,9,9,N","004000,1,9,9","+0270,1","+0143,1","10090,1",,,,,,,,"240,M,+0386,1","240,N,+0186,1","9,9,999,9,-006,1",,"SYN06842137 32996 00000 10270 20143 40090 333 10386 20186 59006 555 10102=",
"42137099999","2023-04-17T03:00:00","4","29.7","77.0333333","249.0","KARNAL, IN","FM-12","99999","V020","999,9,C,0000,1","99999,9,9,N","004000,1,9,9","+0280,1","+0148,1","10075,1",,,,,,,,"240,M,+0408,1","240,N,+0216,1","9,9,999,9,+000,1",,"SYN06842137 32996 00000 10280 20148 40075 333 10408 20216 58000 555 10102=",
"42137099999","2023-04-18T03:00:00","4","29.7","77.0333333","249.0","KARNAL, IN","FM-12","99999","V020","999,9,C,0000,1","22000,1,9,N","004000,1,9,9","+0316,1","+0155,1","10086,1",,,,"02,1,+99999,9,06,1",,"9,AGL   ,+99999,+99999","02,99,1,02,1,99,9,99999,9,99,9,99,9","240,M,+0405,1","240,N,+0219,1","9,9,999,9,+014,1",,"SYN07442137 32996 20000 10316 20155 40086 82400 333 10405 20219 58014 555 10102=",
"42137099999","2023-04-19T03:00:00","4","29.7","77.0333333","249.0","KARNAL, IN","FM-12","99999","V020","050,1,N,0010,1","99999,9,9,N","004000,1,9,9","+0256,1","+0165,1","10073,1",,,,"02,1,+01250,1,06,1","99,9,+99999,9,03,1","9,AGL   ,+99999,+99999","05,99,1,02,1,99,9,01250,1,99,9,99,9","240,M,+0407,1","240,N,+0229,1","9,9,999,9,-018,1",,"SYN07442137 32696 50502 10256 20165 40073 82430 333 10407 20229 59018 555 10102=",
"42137099999","2023-04-20T03:00:00","4","29.7","77.0333333","249.0","KARNAL, IN","FM-12","99999","V020","999,9,C,0000,1","22000,1,9,N","004000,1,9,9","+0256,1","+0158,1","10048,1","24,0140,3,1",,,"03,1,+01250,1,06,1",,"9,AGL   ,+99999,+99999","03,99,1,03,1,99,9,01250,1,99,9,99,9","240,M,+0356,1","240,N,+0187,1","9,9,999,9,-024,1",,"SYN08042137 22696 30000 10256 20158 40048 83400 333 10356 20187 59024 6014/ 555 10116=",
"42137099999","2023-04-21T03:00:00","4","29.7","77.0333333","249.0","KARNAL, IN","FM-12","99999","V020","090,1,N,0026,1","99999,9,9,N","004000,1,9,9","+0246,1","+0133,1","10051,1",,,,,,,,"240,M,+0328,1","240,N,+0198,1","9,9,999,9,+002,1",,"SYN06842137 32996 00905 10246 20133 40051 333 10328 20198 58002 555 10116=",
"42137099999","2023-04-22T03:00:00","4","29.7","77.0333333","249.0","KARNAL, IN","FM-12","99999","V020","999,9,C,0000,1","22000,1,9,N","004000,1,9,9","+0246,1","+0133,1","10067,1",,,,"02,1,+01250,1,06,1",,"9,AGL   ,+99999,+99999","02,99,1,02,1,99,9,01250,1,99,9,99,9","240,M,+0346,1","240,N,+0182,1","9,9,999,9,+015,1",,"SYN07442137 32696 20000 10246 20133 40067 82400 333 10346 20182 58015 555 10116=",
"42137099999","2023-04-24T03:00:00","4","29.7","77.0333333","249.0","KARNAL, IN","FM-12","99999","V020","999,9,C,0000,1","22000,1,9,N","004000,1,9,9","+0212,1","+0119,1","10115,1",,,,"99,9,+99999,9,00,1",,"9,AGL   ,+99999,+99999","04,99,1,00,1,99,9,99999,9,99,9,99,9","240,M,+0320,1","240,N,+0158,1","9,9,999,9,+000,1",,"SYN07442137 32996 40000 10212 20119 40115 80001 333 10320 20158 58000 555 10116=","Q01    003SCCGA1"
"42137099999","2023-04-25T03:00:00","4","29.7","77.0333333","249.0","KARNAL, IN","FM-12","99999","V020","180,1,N,0026,1","99999,9,9,N","004000,1,9,9","+0236,1","+0141,1","10141,1",,,,,,,,"240,M,+0338,1","240,N,+0182,1","9,9,999,9,+027,1",,"SYN06842137 32996 01805 10236 20141 40141 333 10338 20182 58027 555 10116=",
"42137099999","2023-04-26T03:00:00","4","29.7","77.0333333","249.0","KARNAL, IN","FM-12","99999","V020","999,9,C,0000,1","99999,9,9,N","004000,1,9,9","+0252,1","+0128,1","10105,1",,,,,,,,"240,M,+0327,1","240,N,+0177,1","9,9,999,9,-033,1",,"SYN06842137 32996 00000 10252 20128 40105 333 10327 20177 59033 555 10116=",
"42137099999","2023-04-27T03:00:00","4","29.7","77.0333333","249.0","KARNAL, IN","FM-12","99999","V020","090,1,N,0015,1","99999,9,9,N","004000,1,9,9","+0268,1","+0157,1","10084,1",,,,,,,,"240,M,+0348,1","240,N,+0218,1","9,9,999,9,-019,1",,"SYN06842137 32996 00903 10268 20157 40084 333 10348 20218 59019 555 10116=",
"42137099999","2023-04-28T03:00:00","4","29.7","77.0333333","249.0","KARNAL, IN","FM-12","99999","V020","999,9,C,0000,1","99999,9,9,N","004000,1,9,9","+0256,1","+0150,1","10109,1","24,0190,3,1",,,,,,,"240,M,+0360,1","240,N,+0188,1","9,9,999,9,+025,1",,"SYN08042137 22996 00000 10256 20150 40109 333 10360 20188 58025 6019/ 555 00186 10134=",
"42137099999","2023-04-29T03:00:00","4","29.7","77.0333333","249.0","KARNAL, IN","FM-12","99999","V020","999,9,C,0000,1","99999,9,9,N","002000,1,9,9","+0250,1","+0169,1","10086,1",,"2,1,02,1","1,1,02,1","03,1,+01250,1,06,1","99,9,+99999,9,05,1","9,AGL   ,+99999,+99999","06,99,1,03,1,99,9,01250,1,99,9,99,9","240,M,+0337,1","240,N,+0203,1","9,9,999,9,-025,1","05,1","SYN08042137 31695 60000 10250 20169 40086 70521 83420 333 10337 20203 59025 555 10134=",
"42137099999","2023-05-01T03:00:00","4","29.7","77.0333333","249.0","KARNAL, IN","FM-12","99999","V020","090,1,N,0026,1","99999,9,9,N","004000,1,9,9","+0206,1","+0184,1","10093,1","24,0100,3,1","2,1,02,1","2,1,02,1","03,1,+00800,1,06,1","99,9,+99999,9,05,1","9,AGL   ,+99999,+99999","08,99,1,03,1,99,9,00800,1,99,9,99,9","240,M,+0268,1","240,N,+0187,1","9,9,999,9,+000,1","50,1","SYN09242137 22596 80905 10206 20184 40093 75022 8342/ 333 10268 20187 58000 6010/ 555 00104 10144=",
"42137099999","2023-05-02T03:00:00","4","29.7","77.0333333","249.0","KARNAL, IN","FM-12","99999","V020","090,1,N,0021,1","99999,9,9,N","002000,1,9,9","+0192,1","+0186,1","10112,1","24,0070,3,1","5,1,02,1","2,1,02,1","04,1,+00800,1,06,1","99,9,+99999,9,05,1","9,AGL   ,+99999,+99999","08,99,1,04,1,99,9,00800,1,99,9,99,9","240,M,+0222,1","240,N,+0174,1","9,9,999,9,+017,1","50,1","SYN09242137 21595 80904 10192 20186 40112 75052 8452/ 333 10222 20174 58017 6007/ 555 00074 10152=",
"42137099999","2023-05-03T03:00:00","4","29.7","77.0333333","249.0","KARNAL, IN","FM-12","99999","V020","090,1,N,0021,1","99999,9,9,N","002000,1,9,9","+0210,1","+0191,1","10121,1","24,0080,3,1","2,1,02,1","2,1,02,1","04,1,+01250,1,06,1","99,9,+99999,9,05,1","9,AGL   ,+99999,+99999","07,99,1,04,1,99,9,01250,1,99,9,99,9","240,M,+0236,1","240,N,+0190,1","9,9,999,9,+010,1","10,1","SYN09242137 21695 70904 10210 20191 40121 71022 84420 333 10236 20190 58010 6008/ 555 00076 10159=",
"42137099999","2023-05-04T03:00:00","4","29.7","77.0333333","249.0","KARNAL, IN","FM-12","99999","V020","140,1,N,0010,1","99999,9,9,N","002000,1,9,9","+0212,1","+0183,1","10128,1","24,0030,3,1","0,1,02,1","0,1,02,1",,,,,"240,M,+0242,1","240,N,+0164,1","9,9,999,9,+007,1","10,1","SYN08642137 21995 01402 10212 20183 40128 71000 333 10242 20164 58007 6003/ 555 00025 10162=",
"42137099999","2023-05-05T03:00:00","4","29.7","77.0333333","249.0","KARNAL, IN","FM-12","99999","V020","999,9,C,0000,1","22000,1,9,N","004000,1,9,9","+0248,1","+0199,1","10100,1",,,,"02,1,+01250,1,06,1",,"9,AGL   ,+99999,+99999","02,99,1,02,1,99,9,01250,1,99,9,99,9","240,M,+0302,1","240,N,+0198,1","9,9,999,9,-024,1",,"SYN07442137 32696 20000 10248 20199 40100 82400 333 10302 20198 59024 555 10162=",
"42137099999","2023-05-06T03:00:00","4","29.7","77.0333333","249.0","KARNAL, IN","FM-12","99999","V020","270,1,N,0010,1","22000,1,9,N","004000,1,9,9","+0260,1","+0155,1","10075,1",,,,"02,1,+99999,9,06,1",,"9,AGL   ,+99999,+99999","02,99,1,02,1,99,9,99999,9,99,9,99,9","240,M,+0334,1","240,N,+0188,1","9,9,999,9,-023,1",,"SYN07442137 32996 22702 10260 20155 40075 82400 333 10334 20188 59023 555 10162=",
"42137099999","2023-05-08T03:00:00","4","29.7","77.0333333","249.0","KARNAL, IN","FM-12","99999","V020","140,1,N,0015,1","22000,1,9,N","004000,1,9,9","+0284,1","+0154,1","10051,1",,,,"02,1,+01250,1,06,1",,"9,AGL   ,+99999,+99999","02,99,1,02,1,99,9,01250,1,99,9,99,9","240,M,+0345,1","240,N,+0200,1","9,9,999,9,+000,1",,"SYN07442137 32696 21403 10284 20154 40051 82400 333 10345 20200 58000 555 10162=",
"42137099999","2023-05-09T03:00:00","4","29.7","77.0333333","249.0","KARNAL, IN","FM-12","99999","V020","999,9,C,0000,1","99999,9,9,N","004000,1,9,9","+0266,1","+0125,1","10086,1","24,0000,9,1",,,,,,,"240,M,+0354,1","240,N,+0189,1","9,9,999,9,+032,1",,"SYN08042137 22996 00000 10266 20125 40086 333 10354 20189 58032 6990/ 555 00000 10162=","Q01  00002PRCP24"
"42137099999","2023-05-10T03:00:00","4","29.7","77.0333333","249.0","KARNAL, IN","FM-12","99999","V020","320,1,N,0015,1","99999,9,9,N","004000,1,9,9","+0272,1","+0106,1","10073,1",,,,,,,,"240,M,+0356,1","240,N,+0162,1","9,9,999,9,-012,1",,"SYN06842137 32996 03203 10272 20106 40073 333 10356 20162 59012 555 10162=",
"42137099999","2023-05-11T03:00:00","4","29.7","77.0333333","249.0","KARNAL, IN","FM-12","99999","V020","999,9,C,0000,1","99999,9,9,N","004000,1,9,9","+0276,1","+0130,1","10081,1",,,,,,,,"240,M,+0363,1","240,N,+0182,1","9,9,999,9,+009,1",,"SYN06842137 32996 00000 10276 20130 40081 333 10363 20182 58009 555 10162=",
"42137099999","2023-05-12T03:00:00","4","29.7","77.0333333","249.0","KARNAL, IN","FM-12","99999","V020","999,9,C,0000,1","99999,9,9,N","004000,1,9,9","+0284,1","+0145,1","10072,1",,"0,1,02,1","0,1,02,1",,,,,"240,M,+0382,1","240,N,+0182,1","9,9,999,9,-008,1","05,1","SYN07442137 31996 00000 10284 20145 40072 70500 333 10382 20182 59008 555 10162=",
"42137099999","2023-05-15T03:00:00","4","29.7","77.0333333","249.0","KARNAL, IN","FM-12","99999","V020","320,1,N,0010,1","99999,9,9,N","004000,1,9,9","+0294,1","+0159,1","10029,1",,,,,,,,"240,M,+0386,1","240,N,+0251,1","9,9,999,9,+000,1",,"SYN06842137 32996 03202 10294 20159 40029 333 10386 20251 58000 555 10162=",
"42137099999","2023-05-16T03:00:00","4","29.7","77.0333333","249.0","KARNAL, IN","FM-12","99999","V020","999,9,C,0000,1","99999,9,9,N","001000,1,9,9","+0290,1","+0161,1","10045,1",,"0,1,02,1","0,1,02,1",,,,,"240,M,+0402,1","240,N,+0262,1","9,9,999,9,+015,1","04,1","SYN07442137 31994 00000 10290 20161 40045 70400 333 10402 20262 58015 555 10162=",
"42137099999","2023-05-17T03:00:00","4","29.7","77.0333333","249.0","KARNAL, IN","FM-12","99999","V020","999,9,C,0000,1","99999,9,9,N","004000,1,9,9","+0310,1","+0160,1","10045,1",,,,,,,,"240,M,+0384,1","240,N,+0234,1","9,9,999,9,+002,1",,"SYN06842137 32996 00000 10310 20160 40045 333 10384 20234 58002 555 10162=",
"42137099999","2023-05-18T03:00:00","4","29.7","77.0333333","249.0","KARNAL, IN","FM-12","99999","V020","999,9,C,0000,1","22000,1,9,N","004000,1,9,9","+0246,1","+0183,1","10119,1","24,0260,3,1",,,"02,1,+01250,1,06,1","99,9,+99999,9,03,1","9,AGL   ,+99999,+99999","04,99,1,02,1,99,9,01250,1,99,9,99,9","240,M,+0407,1","240,N,+0199,1","9,9,999,9,+066,1",,"SYN08642137 22696 40000 10246 20183 40119 8243/ 333 10407 20199 58066 6026/ 555 00264 10188=",
"42137099999","2023-05-19T03:00:00","4","29.7","77.0333333","249.0","KARNAL, IN","FM-12","99999","V020","320,1,N,0015,1","99999,9,9,N","004000,1,9,9","+0264,1","+0189,1","10075,1",,,,,,,,"240,M,+0326,1","240,N,+0224,1","9,9,999,9,-041,1",,"SYN06842137 32996 03203 10264 20189 40075 333 10326 20224 59041 555 10188=",
"42137099999","2023-05-20T03:00:00","4","29.7","77.0333333","249.0","KARNAL, IN","FM-12","99999","V020","270,1,N,0015,1","99999,9,9,N","004000,1,9,9","+0292,1","+0190,1","10044,1",,,,,,,,"240,M,+0362,1","240,N,+0222,1","9,9,999,9,-028,1",,"SYN06842137 32996 02703 10292 20190 40044 333 10362 20222 59028 555 10188=",
"42137099999","2023-05-22T03:00:00","4","29.7","77.0333333","249.0","KARNAL, IN","FM-12","99999","V020","999,9,C,0000,1","99999,9,9,N","004000,1,9,9","+0310,1","+0198,1","10048,1",,,,,,,,"240,M,+0422,1","240,N,+0240,1","9,9,999,9,+000,1",,"SYN06842137 32996 00000 10310 20198 40048 333 10422 20240 58000 555 10188=",
"42137099999","2023-05-23T03:00:00","4","29.7","77.0333333","249.0","KARNAL, IN","FM-12","99999","V020","999,9,C,0000,1","99999,9,9,N","002000,1,9,9","+0320,1","+0217,1","10055,1",,"0,1,02,1","0,1,02,1",,,,,"240,M,+0427,1","240,N,+0257,1","9,9,999,9,+007,1","05,1","SYN07442137 31995 00000 10320 20217 40055 70500 333 10427 20257 58007 555 10188=",
"42137099999","2023-05-24T03:00:00","4","29.7","77.0333333","249.0","KARNAL, IN","FM-12","99999","V020","320,1,N,0021,1","99999,9,9,N","002000,1,9,9","+0230,1","+0215,1","10056,1","24,0080,3,1","5,1,02,1","2,1,02,1","04,1,+00800,1,06,1","99,9,+99999,9,05,1","9,AGL   ,+99999,+99999","08,99,1,04,1,99,9,00800,1,99,9,99,9","240,M,+0412,1","240,N,+0224,1","9,9,999,9,-007,1","10,1","SYN09242137 21595 83204 10230 20215 40056 71052 8452/ 333 10412 20224 59007 6008/ 555 00082 10197=",
"42137099999","2023-05-25T03:00:00","4","29.7","77.0333333","249.0","KARNAL, IN","FM-12","99999","V020","999,9,C,0000,1","22000,1,9,N","004000,1,9,9","+0248,1","+0199,1","10068,1","24,0000,9,1",,,,,"9,AGL   ,+99999,+99999","02,99,1,99,9,99,9,99999,9,99,9,99,9","240,M,+0322,1","240,N,+0196,1","9,9,999,9,+013,1",,"SYN08042137 21996 20000 10248 20199 40068 333 10322 20196 58013 6990/ 555 00000 10197=","Q01  00002PRCP24"
"42137099999","2023-05-26T03:00:00","4","29.7","77.0333333","249.0","KARNAL, IN","FM-12","99999","V020","999,9,C,0000,1","99999,9,9,N","004000,1,9,9","+0246,1","+0196,1","10080,1","24,0020,3,1",,,,,,,"240,M,+0342,1","240,N,+0207,1","9,9,999,9,+012,1",,"SYN08042137 22996 00000 10246 20196 40080 333 10342 20207 58012 6002/ 555 00020 10199=",
"42137099999","2023-05-27T03:00:00","4","29.7","77.0333333","249.0","KARNAL, IN","FM-12","99999","V020","180,1,N,0041,1","99999,9,9,N","002000,1,9,9","+0204,1","+0182,1","10046,1","24,0090,3,1","6,1,02,1","2,1,02,1","04,1,+00800,1,06,1","99,9,+99999,9,05,1","9,AGL   ,+99999,+99999","08,99,1,04,1,99,9,00800,1,99,9,99,9","240,M,+0327,1","240,N,+0194,1","9,9,999,9,-037,1","50,1","SYN09242137 21595 81808 10204 20182 40046 75062 8452/ 333 10327 20194 59037 6009/ 555 00090 10208=",
"42137099999","2023-05-29T03:00:00","4","29.7","77.0333333","249.0","KARNAL, IN","FM-12","99999","V020","999,9,C,0000,1","99999,9,9,N","004000,1,9,9","+0262,1","+0207,1","10094,1",,,,,,,,"240,M,+0344,1","240,N,+0230,1","9,9,999,9,+000,1",,"SYN06842137 32996 00000 10262 20207 40094 333 10344 20230 58000 555 10208=",
"42137099999","2023-05-30T03:00:00","4","29.7","77.0333333","249.0","KARNAL, IN","FM-12","99999","V020","140,1,N,0010,1","22000,1,9,N","004000,1,9,9","+0272,1","+0195,1","10093,1","24,0140,3,1",,,"99,9,+99999,9,00,1",,"9,AGL   ,+99999,+99999","03,99,1,00,1,99,9,99999,9,99,9,99,9","240,M,+0348,1","240,N,+0203,1","9,9,999,9,+000,1",,"SYN08642137 22996 31402 10272 20195 40093 80001 333 10348 20203 58000 6014/ 555 00140 10222=","Q01    003SCCGA1"
"42137099999","2023-05-31T03:00:00","4","29.7","77.0333333","249.0","KARNAL, IN","FM-12","99999","V020","230,1,N,0015,1","99999,9,9,N","004000,1,9,9","+0238,1","+0198,1","10077,1","24,0000,9,1",,,"05,1,+01250,1,06,1",,"9,AGL   ,+99999,+99999","05,99,1,05,1,99,9,01250,1,99,9,99,9","240,M,+0335,1","240,N,+0217,1","9,9,999,9,-019,1",,"SYN08642137 22696 52303 10238 20198 40077 85400 333 10335 20217 59019 6990/ 555 00000 10222=","Q01  00002PRCP24"
"42137099999","2023-06-01T03:00:00","4","29.7","77.0333333","249.0","KARNAL, IN","FM-12","99999","V020","999,9,C,0000,1","22000,1,9,N","004000,1,9,9","+0246,1","+0206,1","10081,1","24,0060,3,1",,,"99,9,+99999,9,00,1",,"9,AGL   ,+99999,+99999","04,99,1,00,1,99,9,99999,9,99,9,99,9","240,M,+0272,1","240,N,+0196,1","9,9,999,9,+005,1",,"SYN08642137 22996 40000 10246 20206 40081 80001 333 10272 20196 58005 6006/ 555 00056 10227=","Q01    003SCCGA1"
"42137099999","2023-06-02T03:00:00","4","29.7","77.0333333","249.0","KARNAL, IN","FM-12","99999","V020","999,9,C,0000,1","22000,1,9,N","004000,1,9,9","+0238,1","+0194,1","10070,1","24,0040,3,1",,,"02,1,+01250,1,06,1","99,9,+99999,9,03,1","9,AGL   ,+99999,+99999","04,99,1,02,1,99,9,01250,1,99,9,99,9","240,M,+0312,1","240,N,+0194,1","9,9,999,9,-012,1",,"SYN08642137 22696 40000 10238 20194 40070 82430 333 10312 20194 59012 6004/ 555 00040 10010=",
"42137099999","2023-06-03T03:00:00","4","29.7","77.0333333","249.0","KARNAL, IN","FM-12","99999","V020","999,9,C,0000,1","99999,9,9,N","004000,1,9,9","+0276,1","+0196,1","10066,1",,,,,,,,"240,M,+0318,1","240,N,+0216,1","9,9,999,9,+000,1",,"SYN06842137 32996 00000 10276 20196 40066 333 10318 20216 58000 555 10010=",
"42137099999","2023-06-05T03:00:00","4","29.7","77.0333333","249.0","KARNAL, IN","FM-12","99999","V020","320,1,N,0015,1","22000,1,9,N","004000,1,9,9","+0298,1","+0215,1","10043,1",,,,"99,9,+99999,9,00,1",,"9,AGL   ,+99999,+99999","03,99,1,00,1,99,9,99999,9,99,9,99,9","240,M,+0357,1","240,N,+0240,1","9,9,999,9,+000,1",,"SYN07442137 32996 33203 10298 20215 40043 80001 333 10357 20240 58000 555 10010=","Q01    003SCCGA1"
"42137099999","2023-06-06T03:00:00","4","29.7","77.0333333","249.0","KARNAL, IN","FM-12","99999","V020","999,9,C,0000,1","99999,9,9,N","004000,1,9,9","+0308,1","+0188,1","10052,1",,,,,,,,"240,M,+0382,1","240,N,+0233,1","9,9,999,9,+009,1",,"SYN06842137 32996 00000 10308 20188 40052 333 10382 20233 58009 555 10010=",
"42137099999","2023-06-07T03:00:00","4","29.7","77.0333333","249.0","KARNAL, IN","FM-12","99999","V020","270,1,N,0010,1","99999,9,9,N","004000,1,9,9","+0284,1","+0173,1","10047,1",,,,,,,,"240,M,+0367,1","240,N,+0222,1","9,9,999,9,-007,1",,"SYN06842137 32996 02702 10284 20173 40047 333 10367 20222 59007 555 10010=",
"42137099999","2023-06-08T03:00:00","4","29.7","77.0333333","249.0","KARNAL, IN","FM-12","99999","V020","999,9,C,0000,1","99999,9,9,N","004000,1,9,9","+0310,1","+0191,1","10040,1",,,,,,,,"240,M,+0368,1","240,N,+0236,1","9,9,999,9,-004,1",,"SYN06842137 32996 00000 10310 20191 40040 333 10368 20236 59004 555 10010=",
"42137099999","2023-06-09T03:00:00","4","29.7","77.0333333","249.0","KARNAL, IN","FM-12","99999","V020","999,9,C,0000,1","99999,9,9,N","004000,1,9,9","+0330,1","+0197,1","10014,1",,,,,,,,"240,M,+0387,1","240,N,+0240,1","9,9,999,9,-024,1",,"SYN06842137 32996 00000 10330 20197 40014 333 10387 20240 59024 555 10010=",
"42137099999","2023-06-10T03:00:00","4","29.7","77.0333333","249.0","KARNAL, IN","FM-12","99999","V020","999,9,C,0000,1","99999,9,9,N","004000,1,9,9","+0334,1","+0209,1","09990,1",,,,,,,,"240,M,+0407,1","240,N,+0259,1","9,9,999,9,-023,1",,"SYN06842137 32996 00000 10334 20209 49990 333 10407 20259 59023 555 10010=",
"42137099999","2023-06-12T03:00:00","4","29.7","77.0333333","249.0","KARNAL, IN","FM-12","99999","V020","270,1,N,0021,1","99999,9,9,N","004000,1,9,9","+0310,1","+0219,1","09987,1",,,,,,,,"240,M,+0378,1","240,N,+0250,1","9,9,999,9,+000,1",,"SYN06842137 32996 02704 10310 20219 49987 333 10378 20250 58000 555 10010=",
"42137099999","2023-06-13T03:00:00","4","29.7","77.0333333","249.0","KARNAL, IN","FM-12","99999","V020","320,1,N,0010,1","99999,9,9,N","004000,1,9,9","+0340,1","+0240,1","09988,1",,,,,,,,"240,M,+0405,1","240,N,+0274,1","9,9,999,9,+004,1",,"SYN06842137 32996 03202 10340 20240 49988 333 10405 20274 58004 555 10010=",
"42137099999","2023-06-14T03:00:00","4","29.7","77.0333333","249.0","KARNAL, IN","FM-12","99999","V020","270,1,N,0021,1","99999,9,9,N","004000,1,9,9","+0328,1","+0195,1","09999,1",,,,,,,,"240,M,+0412,1","240,N,+0265,1","9,9,999,9,+009,1",,"SYN06842137 32996 02704 10328 20195 49999 333 10412 20265 58009 555 10010=",
"42137099999","2023-06-15T03:00:00","4","29.7","77.0333333","249.0","KARNAL, IN","FM-12","99999","V020","050,1,N,0015,1","99999,9,9,N","004000,1,9,9","+0286,1","+0211,1","10011,1","24,0000,9,1",,,"03,1,+99999,9,06,1",,"9,AGL   ,+99999,+99999","99,99,9,03,1,99,9,99999,9,99,9,99,9","240,M,+0402,1","240,N,+0254,1","9,9,999,9,+008,1",,"SYN08642137 22696 00503 10286 20211 40011 83400 333 10402 20254 58008 6990/ 555 00000 10010=","Q01  00002PRCP24"
"42137099999","2023-06-16T03:00:00","4","29.7","77.0333333","249.0","KARNAL, IN","FM-12","99999","V020","270,1,N,0021,1","99999,9,9,N","004000,1,9,9","+0306,1","+0214,1","10002,1",,,,,,,,"240,M,+0368,1","240,N,+0245,1","9,9,999,9,-004,1",,"SYN06842137 32996 02704 10306 20214 40002 333 10368 20245 59004 555 10010=",
"42137099999","2023-06-17T03:00:00","4","29.7","77.0333333","249.0","KARNAL, IN","FM-12","99999","V020","320,1,N,0021,1","22000,1,9,N","004000,1,9,9","+0324,1","+0222,1","10008,1",,,,"04,1,+01250,1,06,1",,"9,AGL   ,+99999,+99999","04,99,1,04,1,99,9,01250,1,99,9,99,9","240,M,+0384,1","240,N,+0274,1","9,9,999,9,+005,1",,"SYN07442137 32696 43204 10324 20222 40008 84400 333 10384 20274 58005 555 10010=",
"42137099999","2023-06-19T03:00:00","4","29.7","77.0333333","249.0","KARNAL, IN","FM-12","99999","V020","020,1,N,0015,1","22000,1,9,N","004000,1,9,9","+0310,1","+0228,1","10001,1","24,0000,9,1",,,"02,1,+01250,1,06,1",,"9,AGL   ,+99999,+99999","02,99,1,02,1,99,9,01250,1,99,9,99,9","240,M,+0350,1","240,N,+0268,1","9,9,999,9,+000,1",,"SYN08642137 22696 20203 10310 20228 40001 82400 333 10350 20268 58000 6990/ 555 00000 10010=","Q01  00002PRCP24"
"42137099999","2023-06-20T03:00:00","4","29.7","77.0333333","249.0","KARNAL, IN","FM-12","99999","V020","140,1,N,0021,1","22000,1,9,N","004000,1,9,9","+0320,1","+0230,1","09999,1",,,,"03,1,+99999,9,03,1",,"9,AGL   ,+99999,+99999","03,99,1,03,1,99,9,99999,9,99,9,99,9","240,M,+0378,1","240,N,+0269,1","9,9,999,9,-001,1",,"SYN07442137 32996 31404 10320 20230 49999 83030 333 10378 20269 59001 555 10010=",
"42137099999","2023-06-21T03:00:00","4","29.7","77.0333333","249.0","KARNAL, IN","FM-12","99999","V020","180,1,N,0021,1","99999,9,9,N","002000,1,9,9","+0294,1","+0257,1","10012,1","24,0040,3,1","2,1,02,1","2,1,02,1","03,1,+01250,1,06,1","99,9,+99999,9,05,1","9,AGL   ,+99999,+99999","07,99,1,03,1,99,9,01250,1,99,9,99,9","240,M,+0377,1","240,N,+0268,1","9,9,999,9,+010,1","10,1","SYN09242137 21695 71804 10294 20257 40012 71022 83420 333 10377 20268 58010 6004/ 555 00036 10013=",
"42137099999","2023-06-22T03:00:00","4","29.7","77.0333333","249.0","KARNAL, IN","FM-12","99999","V020","999,9,C,0000,1","99999,9,9,N","002000,1,9,9","+0272,1","+0261,1","10017,1","24,0360,3,1","2,1,02,1","2,1,02,1","04,1,+00800,1,06,1","99,9,+99999,9,05,1","9,AGL   ,+99999,+99999","08,99,1,04,1,99,9,00800,1,99,9,99,9","240,M,+0363,1","240,N,+0260,1","9,9,999,9,+003,1","10,1","SYN09242137 21595 80000 10272 20261 40017 71022 8442/ 333 10363 20260 58003 6036/ 555 00362 10049=",
"42137099999","2023-06-23T03:00:00","4","29.7","77.0333333","249.0","KARNAL, IN","FM-12","99999","V020","999,9,C,0000,1","99999,9,9,N","002000,1,9,9","+0290,1","+0276,1","10011,1","24,0100,3,1","2,1,02,1","2,1,02,1","04,1,+01250,1,06,1","99,9,+99999,9,05,1","9,AGL   ,+99999,+99999","07,99,1,04,1,99,9,01250,1,99,9,99,9","240,M,+0354,1","240,N,+0272,1","9,9,999,9,-004,1","10,1","SYN09242137 21695 70000 10290 20276 40011 71022 84420 333 10354 20272 59004 6010/ 555 00100 10059=",
"42137099999","2023-06-24T03:00:00","4","29.7","77.0333333","249.0","KARNAL, IN","FM-12","99999","V020","140,1,N,0010,1","99999,9,9,N","002000,1,9,9","+0304,1","+0279,1","10001,1",,"2,1,02,1","2,1,02,1","04,1,+01250,1,06,1","99,9,+99999,9,05,1","9,AGL   ,+99999,+99999","07,99,1,04,1,99,9,01250,1,99,9,99,9","240,M,+0310,1","240,N,+0288,1","9,9,999,9,-009,1","10,1","SYN08042137 31695 71402 10304 20279 40001 71022 84420 333 10310 20288 59009 555 10059=",
"42137099999","2023-06-26T03:00:00","4","29.7","77.0333333","249.0","KARNAL, IN","FM-12","99999","V020","999,9,C,0000,1","99999,9,9,N","002000,1,9,9","+0282,1","+0254,1","10025,1","24,0220,3,1","2,1,02,1","1,1,02,1","02,1,+01250,1,06,1","99,9,+99999,9,03,1","9,AGL   ,+99999,+99999","05,99,1,02,1,99,9,01250,1,99,9,99,9","240,M,+0284,1","240,N,+0250,1","9,9,999,9,+000,1","10,1","SYN09242137 21695 50000 10282 20254 40025 71021 82430 333 10284 20250 58000 6022/ 555 00221 10107=",
"42137099999","2023-06-27T03:00:00","4","29.7","77.0333333","249.0","KARNAL, IN","FM-12","99999","V020","140,1,N,0010,1","99999,9,9,N","004000,1,9,9","+0274,1","+0251,1","10011,1","24,0030,3,1","2,1,02,1","2,1,02,1","05,1,+01250,1,06,1",,"9,AGL   ,+99999,+99999","05,99,1,05,1,99,9,01250,1,99,9,99,9","240,M,+0316,1","240,N,+0259,1","9,9,999,9,-015,1","10,1","SYN09242137 21696 51402 10274 20251 40011 71022 85400 333 10316 20259 59015 6003/ 555 00028 10110=",
"42137099999","2023-06-28T03:00:00","4","29.7","77.0333333","249.0","KARNAL, IN","FM-12","99999","V020","999,9,C,0000,1","99999,9,9,N","001000,1,9,9","+0250,1","+0250,1","10044,1","24,0400,3,1","9,1,02,1","6,1,02,1","05,1,+00800,1,06,1","99,9,+99999,9,05,1","9,AGL   ,+99999,+99999","08,99,1,05,1,99,9,00800,1,99,9,99,9","240,M,+0330,1","240,N,+0244,1","9,9,999,9,+030,1","63,1","SYN09242137 21594 80000 10250 20250 40044 76396 8552/ 333 10330 20244 58030 6040/ 555 00396 10149=",
"42137099999","2023-06-29T03:00:00","4","29.7","77.0333333","249.0","KARNAL, IN","FM-12","99999","V020","999,9,C,0000,1","99999,9,9,N","002000,1,9,9","+0290,1","+0265,1","10024,1","24,0360,3,1","2,1,02,1","2,1,02,1","04,1,+01250,1,06,1","99,9,+99999,9,05,1","9,AGL   ,+99999,+99999","07,99,1,04,1,99,9,01250,1,99,9,99,9","240,M,+0309,1","240,N,+0268,1","9,9,999,9,-016,1","10,1","SYN09242137 21695 70000 10290 20265 40024 71022 84420 333 10309 20268 59016 6036/ 555 00362 10185=",
"42137099999","2023-06-30T03:00:00","4","29.7","77.0333333","249.0","KARNAL, IN","FM-12","99999","V020","999,9,C,0000,1","99999,9,9,N","004000,1,9,9","+0250,1","+0247,1","10006,1","24,0280,3,1",,,"03,1,+01250,1,06,1","99,9,+99999,9,05,1","9,AGL   ,+99999,+99999","05,99,1,03,1,99,9,01250,1,99,9,99,9","240,M,+0305,1","240,N,+0237,1","9,9,999,9,-021,1",,"SYN08642137 22696 50000 10250 20247 40006 83420 333 10305 20237 59021 6028/ 555 00282 10214=",
"42137099999","2023-07-01T03:00:00","4","29.7","77.0333333","249.0","KARNAL, IN","FM-12","99999","V020","999,9,C,0000,1","99999,9,9,N","002000,1,9,9","+0270,1","+0256,1","99999,9","24,0160,3,1","2,1,02,1","2,1,02,1","05,1,+00800,1,06,1","99,9,+99999,9,04,1","9,AGL   ,+99999,+99999","06,99,1,05,1,99,9,00800,1,99,9,99,9","240,N,+0220,1",,,"05,1","SYN08042137 21595 60000 10270 20256 4//// 70522 85510 333 20220 5//// 6016/ 555 00160=",
"42137099999","2023-07-03T03:00:00","4","29.7","77.0333333","249.0","KARNAL, IN","FM-12","99999","V020","999,9,C,0000,1","99999,9,9,N","002000,1,9,9","+0298,1","+0264,1","10014,1",,"0,1,02,1","0,1,02,1",,,,,"240,M,+0338,1","240,N,+0279,1","9,9,999,9,+000,1","10,1","SYN07442137 31995 00000 10298 20264 40014 71000 333 10338 20279 58000 555 10214=",
"42137099999","2023-07-04T03:00:00","4","29.7","77.0333333","249.0","KARNAL, IN","FM-12","99999","V020","090,1,N,0021,1","99999,9,9,N","004000,1,9,9","+0286,1","+0246,1","09991,1",,,,,,,,"240,M,+0366,1","240,N,+0276,1","9,9,999,9,-023,1",,"SYN06842137 32996 00904 10286 20246 49991 333 10366 20276 59023 555 10214=",
"42137099999","2023-07-05T03:00:00","4","29.7","77.0333333","249.0","KARNAL, IN","FM-12","99999","V020","180,1,N,0015,1","99999,9,9,N","002000,1,9,9","+0290,1","+0268,1","09994,1",,"2,1,02,1","2,1,02,1","04,1,+01250,1,06,1","99,9,+99999,9,05,1","9,AGL   ,+99999,+99999","06,99,1,04,1,99,9,01250,1,99,9,99,9","240,M,+0332,1","240,N,+0274,1","9,9,999,9,+004,1","10,1","SYN08042137 31695 61803 10290 20268 49994 71022 84420 333 10332 20274 58004 555 10214=",
"42137099999","2023-07-06T03:00:00","4","29.7","77.0333333","249.0","KARNAL, IN","FM-12","99999","V020","090,1,N,0031,1","99999,9,9,N","002000,1,9,9","+0260,1","+0243,1","10021,1","24,0060,3,1","2,1,02,1","2,1,02,1","04,1,+00800,1,06,1","99,9,+99999,9,05,1","9,AGL   ,+99999,+99999","08,99,1,04,1,99,9,00800,1,99,9,99,9","240,M,+0322,1","240,N,+0245,1","9,9,999,9,+023,1","50,1","SYN09242137 21595 80906 10260 20243 40021 75022 8442/ 333 10322 20245 58023 6006/ 555 00064 10220=",
"42137099999","2023-07-07T03:00:00","4","29.7","77.0333333","249.0","KARNAL, IN","FM-12","99999","V020","140,1,N,0026,1","99999,9,9,N","002000,1,9,9","+0282,1","+0251,1","10025,1","24,0000,2,1","2,1,02,1","2,1,02,1","03,1,+01250,1,06,1","99,9,+99999,9,05,1","9,AGL   ,+99999,+99999","05,99,1,03,1,99,9,01250,1,99,9,99,9","240,M,+0305,1","240,N,+0261,1","9,9,999,9,+006,1","10,1","SYN09242137 21695 51405 10282 20251 40025 71022 83420 333 10305 20261 58006 6990/ 555 00000 10220=",
"42137099999","2023-07-08T03:00:00","4","29.7","77.0333333","249.0","KARNAL, IN","FM-12","99999","V020","090,1,N,0015,1","99999,9,9,N","002000,1,9,9","+0270,1","+0264,1","10035,1","24,0050,3,1","6,1,02,1","2,1,02,1","04,1,+00800,1,06,1","99,9,+99999,9,05,1","9,AGL   ,+99999,+99999","08,99,1,04,1,99,9,00800,1,99,9,99,9","240,M,+0320,1","240,N,+0255,1","9,9,999,9,+008,1","10,1","SYN09242137 21595 80903 10270 20264 40035 71062 8442/ 333 10320 20255 58008 6005/ 555 00051 10226=",
"42137099999","2023-07-10T03:00:00","4","29.7","77.0333333","249.0","KARNAL, IN","FM-12","99999","V020","999,9,C,0000,1","99999,9,9,N","002000,1,9,9","+0268,1","+0265,1","10014,1","24,0300,3,1","5,1,02,1","2,1,02,1","04,1,+00800,1,06,1","99,9,+99999,9,05,1","9,AGL   ,+99999,+99999","08,99,1,04,1,99,9,00800,1,99,9,99,9","240,M,+0277,1","240,N,+0260,1","9,9,999,9,+000,1","10,1","SYN09242137 21595 80000 10268 20265 40014 71052 8442/ 333 10277 20260 58000 6030/ 555 00304 10337=",
"42137099999","2023-07-11T03:00:00","4","29.7","77.0333333","249.0","KARNAL, IN","FM-12","99999","V020","999,9,C,0000,1","99999,9,9,N","002000,1,9,9","+0260,1","+0249,1","10023,1","24,0440,3,1","2,1,02,1","2,1,02,1","04,1,+00800,1,06,1","99,9,+99999,9,05,1","9,AGL   ,+99999,+99999","07,99,1,04,1,99,9,00800,1,99,9,99,9","240,M,+0289,1","240,N,+0228,1","9,9,999,9,+008,1","10,1","SYN09242137 21595 70000 10260 20249 40023 71022 84420 333 10289 20228 58008 6044/ 555 00438 10381=",
"42137099999","2023-07-12T03:00:00","4","29.7","77.0333333","249.0","KARNAL, IN","FM-12","99999","V020","090,1,N,0010,1","99999,9,9,N","002000,1,9,9","+0254,1","+0254,1","10022,1","24,0320,3,1","6,1,02,1","2,1,02,1","04,1,+00800,1,06,1","99,9,+99999,9,05,1","9,AGL   ,+99999,+99999","08,99,1,04,1,99,9,00800,1,99,9,99,9","240,M,+0312,1","240,N,+0252,1","9,9,999,9,-002,1","60,1","SYN09242137 21595 80902 10254 20254 40022 76062 8452/ 333 10312 20252 59002 6032/ 555 00316 10413=",
"42137099999","2023-07-13T03:00:00","4","29.7","77.0333333","249.0","KARNAL, IN","FM-12","99999","V020","090,1,N,0021,1","99999,9,9,N","004000,1,9,9","+0264,1","+0253,1","10014,1","24,0060,3,1",,,"04,1,+01250,1,06,1","99,9,+99999,9,05,1","9,AGL   ,+99999,+99999","07,99,1,04,1,99,9,01250,1,99,9,99,9","240,M,+0282,1","240,N,+0260,1","9,9,999,9,-005,1",,"SYN08642137 22696 70904 10264 20253 40014 84420 333 10282 20260 59005 6006/ 555 00057 10418=",
"42137099999","2023-07-14T03:00:00","4","29.7","77.0333333","249.0","KARNAL, IN","FM-12","99999","V020","140,1,N,0026,1","99999,9,9,N","004000,1,9,9","+0276,1","+0262,1","10029,1",,"2,1,02,1","2,1,02,1","04,1,+01250,1,06,1","99,9,+99999,9,05,1","9,AGL   ,+99999,+99999","07,99,1,04,1,99,9,01250,1,99,9,99,9","240,M,+0313,1","240,N,+0262,1","9,9,999,9,+014,1","10,1","SYN08042137 31696 71405 10276 20262 40029 71022 84420 333 10313 20262 58014 555 10418=",
"42137099999","2023-07-15T03:00:00","4","29.7","77.0333333","249.0","KARNAL, IN","FM-12","99999","V020","999,9,C,0000,1","99999,9,9,N","002000,1,9,9","+0294,1","+0269,1","10014,1",,"2,1,02,1","2,1,02,1","05,1,+01250,1,06,1",,"9,AGL   ,+99999,+99999","05,99,1,05,1,99,9,01250,1,99,9,99,9","240,M,+0335,1","240,N,+0270,1","9,9,999,9,-013,1","10,1","SYN08042137 31695 50000 10294 20269 40014 71022 85400 333 10335 20270 59013 555 10418=",
"42137099999","2023-07-17T03:00:00","4","29.7","77.0333333","249.0","KARNAL, IN","FM-12","99999","V020","140,1,N,0015,1","99999,9,9,N","002000,1,9,9","+0290,1","+0273,1","10010,1",,"2,1,02,1","2,1,02,1","04,1,+01250,1,06,1","99,9,+99999,9,05,1","9,AGL   ,+99999,+99999","07,99,1,04,1,99,9,01250,1,99,9,99,9","240,M,+0338,1","240,N,+0278,1","9,9,999,9,+000,1","10,1","SYN08042137 31695 71403 10290 20273 40010 71022 84420 333 10338 20278 58000 555 10418=",
"42137099999","2023-07-18T03:00:00","4","29.7","77.0333333","249.0","KARNAL, IN","FM-12","99999","V020","140,1,N,0026,1","99999,9,9,N","002000,1,9,9","+0286,1","+0272,1","10012,1","24,0002,3,1","2,1,02,1","2,1,02,1","04,1,+01250,1,06,1","99,9,+99999,9,05,1","9,AGL   ,+99999,+99999","08,99,1,04,1,99,9,01250,1,99,9,99,9","240,M,+0326,1","240,N,+0268,1","9,9,999,9,+001,1","10,1","SYN09242137 21695 81405 10286 20272 40012 71022 8442/ 333 10326 20268 58001 6992/ 555 00002 10418=",
"42137099999","2023-07-19T03:00:00","4","29.7","77.0333333","249.0","KARNAL, IN","FM-12","99999","V020","140,1,N,0015,1","99999,9,9,N","004000,1,9,9","+0280,1","+0263,1","10015,1",,"2,1,02,1","2,1,02,1","04,1,+01250,1,06,1","99,9,+99999,9,05,1","9,AGL   ,+99999,+99999","07,99,1,04,1,99,9,01250,1,99,9,99,9","240,M,+0310,1","240,N,+0267,1","9,9,999,9,+003,1","10,1","SYN08042137 31696 71403 10280 20263 40015 71022 84420 333 10310 20267 58003 555 10418=",
"42137099999","2023-07-20T03:00:00","4","29.7","77.0333333","249.0","KARNAL, IN","FM-12","99999","V020","999,9,C,0000,1","22000,1,9,N","004000,1,9,9","+0312,1","+0271,1","10013,1","24,0000,9,1",,,"03,1,+99999,9,03,1",,"9,AGL   ,+99999,+99999","03,99,1,03,1,99,9,99999,9,99,9,99,9","240,M,+0337,1","240,N,+0279,1","9,9,999,9,+001,1",,"SYN08042137 22996 30000 10312 20271 40013 83030 333 10337 20279 58001 6990/ 555 10418=","Q01  00002PRCP24"
"42137099999","2023-07-21T03:00:00","4","29.7","77.0333333","249.0","KARNAL, IN","FM-12","99999","V020","999,9,C,0000,1","99999,9,9,N","004000,1,9,9","+0328,1","+0270,1","10018,1",,,,,,,,"240,M,+0362,1","240,N,+0287,1","9,9,999,9,+006,1",,"SYN06842137 32996 00000 10328 20270 40018 333 10362 20287 58006 555 10418=",
"42137099999","2023-07-22T03:00:00","4","29.7","77.0333333","249.0","KARNAL, IN","FM-12","99999","V020","090,1,N,0021,1","99999,9,9,N","002000,1,9,9","+0298,1","+0276,1","10059,1",,"2,1,02,1","2,1,02,1","04,1,+01250,1,06,1","99,9,+99999,9,05,1","9,AGL   ,+99999,+99999","07,99,1,04,1,99,9,01250,1,99,9,99,9","240,M,+0362,1","240,N,+0286,1","9,9,999,9,+037,1","10,1","SYN08042137 31695 70904 10298 20276 40059 71022 84420 333 10362 20286 58037 555 10418=",
"42137099999","2023-07-24T03:00:00","4","29.7","77.0333333","249.0","KARNAL, IN","FM-12","99999","V020","140,1,N,0021,1","99999,9,9,N","004000,1,9,9","+0310,1","+0279,1","10033,1",,,,,,,,"240,M,+0347,1","240,N,+0279,1","9,9,999,9,+000,1",,"SYN06842137 32996 01404 10310 20279 40033 333 10347 20279 58000 555 10478=",
"42137099999","2023-07-25T03:00:00","4","29.7","77.0333333","249.0","KARNAL, IN","FM-12","99999","V020","140,1,N,0015,1","99999,9,9,N","004000,1,9,9","+0306,1","+0264,1","10025,1",,,,,,,,"240,M,+0338,1","240,N,+0280,1","9,9,999,9,-008,1",,"SYN06842137 32996 01403 10306 20264 40025 333 10338 20280 59008 555 10478=",
"42137099999","2023-07-26T03:00:00","4","29.7","77.0333333","249.0","KARNAL, IN","FM-12","99999","V020","999,9,C,0000,1","99999,9,9,N","002000,1,9,9","+0244,1","+0244,1","10053,1","24,0990,3,1","6,1,02,1","2,1,02,1","04,1,+00800,1,06,1","99,9,+99999,9,05,1","9,AGL   ,+99999,+99999","08,99,1,04,1,99,9,00800,1,99,9,99,9","240,M,+0342,1","240,N,+0240,1","9,9,999,9,+021,1","61,1","SYN09242137 21595 80000 10244 20244 40053 76162 8452/ 333 10342 20240 58021 6099/ 555 00992 10578=",
"42137099999","2023-07-27T03:00:00","4","29.7","77.0333333","249.0","KARNAL, IN","FM-12","99999","V020","999,9,C,0000,1","22000,1,9,N","004000,1,9,9","+0292,1","+0252,1","10038,1","24,0010,3,1",,,"02,1,+01250,1,06,1",,"9,AGL   ,+99999,+99999","02,99,1,02,1,99,9,01250,1,99,9,99,9","240,M,+0304,1","240,N,+0258,1","9,9,999,9,-010,1",,"SYN08642137 22696 20000 10292 20252 40038 82400 333 10304 20258 59010 6001/ 555 00014 10579=",
"42137099999","2023-07-28T03:00:00","4","29.7","77.0333333","249.0","KARNAL, IN","FM-12","99999","V020","999,9,C,0000,1","99999,9,9,N","004000,1,9,9","+0262,1","+0262,1","10018,1","24,0080,3,1","2,1,02,1","2,1,02,1","04,1,+00800,1,06,1","99,9,+99999,9,05,1","9,AGL   ,+99999,+99999","08,99,1,04,1,99,9,00800,1,99,9,99,9","240,M,+0345,1","240,N,+0252,1","9,9,999,9,-022,1","10,1","SYN09242137 21596 80000 10262 20262 40018 71022 8442/ 333 10345 20252 59022 6008/ 555 00076 10587=",
"42137099999","2023-07-29T03:00:00","4","29.7","77.0333333","249.0","KARNAL, IN","FM-12","99999","V020","999,9,C,0000,1","22000,1,9,N","004000,1,9,9","+0270,1","+0256,1","10003,1","24,0070,3,1",,,"02,1,+01250,1,06,1",,"9,AGL   ,+99999,+99999","02,99,1,02,1,99,9,01250,1,99,9,99,9","240,M,+0314,1","240,N,+0253,1","9,9,999,9,-014,1",,"SYN08642137 22696 20000 10270 20256 40003 82400 333 10314 20253 59014 6007/ 555 00068 10593=",
"42137099999","2023-07-31T03:00:00","4","29.7","77.0333333","249.0","KARNAL, IN","FM-12","99999","V020","999,9,C,0000,1","99999,9,9,N","004000,1,9,9","+0296,1","+0265,1","09992,1","24,0000,9,1",,,,,,,"240,M,+0337,1","240,N,+0273,1","9,9,999,9,+000,1",,"SYN08042137 22996 00000 10296 20265 49992 333 10337 20273 58000 6990/ 555 00000 10604=","Q01  00002PRCP24"
"42137099999","2023-08-01T03:00:00","4","29.7","77.0333333","249.0","KARNAL, IN","FM-12","99999","V020","270,1,N,0015,1","99999,9,9,N","004000,1,9,9","+0298,1","+0276,1","09980,1",,,,,,,,"240,M,+0338,1","240,N,+0279,1","9,9,999,9,-012,1",,"SYN06842137 32996 02703 10298 20276 49980 333 10338 20279 59012 555 10604=",
"42137099999","2023-08-02T03:00:00","4","29.7","77.0333333","249.0","KARNAL, IN","FM-12","99999","V020","320,1,N,0015,1","22000,1,9,N","004000,1,9,9","+0296,1","+0265,1","09981,1",,,,"02,1,+01250,1,06,1",,"9,AGL   ,+99999,+99999","02,99,1,02,1,99,9,01250,1,99,9,99,9","240,M,+0346,1","240,N,+0275,1","9,9,999,9,+001,1",,"SYN07442137 32696 23203 10296 20265 49981 82400 333 10346 20275 58001 555 10604=",
"42137099999","2023-08-03T03:00:00","4","29.7","77.0333333","249.0","KARNAL, IN","FM-12","99999","V020","999,9,C,0000,1","99999,9,9,N","004000,1,9,9","+0288,1","+0269,1","09990,1","24,0000,9,1",,,"03,1,+01250,1,06,1","99,9,+99999,9,05,1","9,AGL   ,+99999,+99999","06,99,1,03,1,99,9,01250,1,99,9,99,9","240,M,+0354,1","240,N,+0268,1","9,9,999,9,+008,1",,"SYN08642137 22696 60000 10288 20269 49990 83420 333 10354 20268 58008 6990/ 555 00000 10604=","Q01  00002PRCP24"
"42137099999","2023-08-04T03:00:00","4","29.7","77.0333333","249.0","KARNAL, IN","FM-12","99999","V020","999,9,C,0000,1","99999,9,9,N","004000,1,9,9","+0286,1","+0258,1","10006,1",,,,"04,1,+01250,1,06,1","99,9,+99999,9,05,1","9,AGL   ,+99999,+99999","07,99,1,04,1,99,9,01250,1,99,9,99,9","240,M,+0343,1","240,N,+0280,1","9,9,999,9,+016,1",,"SYN07442137 32696 70000 10286 20258 40006 84420 333 10343 20280 58016 555 10604=",
"42137099999","2023-08-05T03:00:00","4","29.7","77.0333333","249.0","KARNAL, IN","FM-12","99999","V020","999,9,C,0000,1","99999,9,9,N","004000,1,9,9","+0292,1","+0275,1","10031,1","24,0040,3,1","2,1,02,1","2,1,02,1","05,1,+01250,1,06,1",,"9,AGL   ,+99999,+99999","05,99,1,05,1,99,9,01250,1,99,9,99,9","240,M,+0305,1","240,N,+0255,1","9,9,999,9,+024,1","10,1","SYN09242137 21696 50000 10292 20275 40031 71022 85400 333 10305 20255 58024 6004/ 555 00040 10608=",
"42137099999","2023-08-07T03:00:00","4","29.7","77.0333333","249.0","KARNAL, IN","FM-12","99999","V020","270,1,N,0015,1","99999,9,9,N","004000,1,9,9","+0280,1","+0252,1","09980,1",,,,"03,1,+01250,1,06,1","99,9,+99999,9,05,1","9,AGL   ,+99999,+99999","05,99,1,03,1,99,9,01250,1,99,9,99,9","240,M,+0336,1","240,N,+0264,1","9,9,999,9,+000,1",,"SYN07442137 32696 52703 10280 20252 49980 83420 333 10336 20264 58000 555 10608=",
"42137099999","2023-08-08T03:00:00","4","29.7","77.0333333","249.0","KARNAL, IN","FM-12","99999","V020","270,1,N,0031,1","99999,9,9,N","004000,1,9,9","+0280,1","+0249,1","09975,1",,,,,,,,"240,M,+0326,1","240,N,+0266,1","9,9,999,9,-005,1",,"SYN06842137 32996 02706 10280 20249 49975 333 10326 20266 59005 555 10608=",
"42137099999","2023-08-09T03:00:00","4","29.7","77.0333333","249.0","KARNAL, IN","FM-12","99999","V020","230,1,N,0015,1","99999,9,9,N","004000,1,9,9","+0280,1","+0252,1","10026,1",,,,"05,1,+01250,1,06,1",,"9,AGL   ,+99999,+99999","05,99,1,05,1,99,9,01250,1,99,9,99,9","240,M,+0328,1","240,N,+0266,1","9,9,999,9,+049,1",,"SYN07442137 32696 52303 10280 20252 40026 85400 333 10328 20266 58049 555 10608=",
"42137099999","2023-08-10T03:00:00","4","29.7","77.0333333","249.0","KARNAL, IN","FM-12","99999","V020","270,1,N,0015,1","99999,9,9,N","004000,1,9,9","+0282,1","+0254,1","10039,1",,,,"03,1,+01250,1,06,1","99,9,+99999,9,05,1","9,AGL   ,+99999,+99999","06,99,1,03,1,99,9,01250,1,99,9,99,9","240,M,+0338,1","240,N,+0267,1","9,9,999,9,+013,1",,"SYN07442137 32696 62703 10282 20254 40039 83420 333 10338 20267 58013 555 10608=",
"42137099999","2023-08-11T03:00:00","4","29.7","77.0333333","249.0","KARNAL, IN","FM-12","99999","V020","999,9,C,0000,1","99999,9,9,N","004000,1,9,9","+0280,1","+0257,1","10053,1",,"2,1,02,1","2,1,02,1","04,1,+01250,1,06,1","99,9,+99999,9,05,1","9,AGL   ,+99999,+99999","07,99,1,04,1,99,9,01250,1,99,9,99,9","240,M,+0337,1","240,N,+0270,1","9,9,999,9,+014,1","10,1","SYN08042137 31696 70000 10280 20257 40053 71022 84420 333 10337 20270 58014 555 10608=",
"42137099999","2023-08-12T03:00:00","4","29.7","77.0333333","249.0","KARNAL, IN","FM-12","99999","V020","270,1,N,0015,1","99999,9,9,N","004000,1,9,9","+0284,1","+0244,1","10024,1",,,,,,,,"240,M,+0335,1","240,N,+0266,1","9,9,999,9,-028,1",,"SYN06842137 32996 02703 10284 20244 40024 333 10335 20266 59028 555 10608=",
"42137099999","2023-08-14T03:00:00","4","29.7","77.0333333","249.0","KARNAL, IN","FM-12","99999","V020","180,1,N,0015,1","99999,9,9,N","004000,1,9,9","+0278,1","+0246,1","10040,1",,,,"02,1,+01250,1,06,1","99,9,+99999,9,05,1","9,AGL   ,+99999,+99999","05,99,1,02,1,99,9,01250,1,99,9,99,9","240,M,+0326,1","240,N,+0258,1","9,9,999,9,+000,1",,"SYN07442137 32696 51803 10278 20246 40040 82420 333 10326 20258 58000 555 10608=",
"42137099999","2023-08-15T03:00:00","4","29.7","77.0333333","249.0","KARNAL, IN","FM-12","99999","V020","140,1,N,0010,1","22000,1,9,N","004000,1,9,9","+0284,1","+0259,1","10049,1",,"1,1,02,1","1,1,02,1","99,9,+99999,9,00,1",,"9,AGL   ,+99999,+99999","03,99,1,00,1,99,9,99999,9,99,9,99,9","240,M,+0314,1","240,N,+0263,1","9,9,999,9,+009,1","10,1","SYN08042137 31996 31402 10284 20259 40049 71011 80001 333 10314 20263 58009 555 10608=","Q01    003SCCGA1"
"42137099999","2023-08-16T03:00:00","4","29.7","77.0333333","249.0","KARNAL, IN","FM-12","99999","V020","999,9,C,0000,1","99999,9,9,N","002000,1,9,9","+0294,1","+0274,1","10045,1",,"0,1,02,1","0,1,02,1",,,,,"240,M,+0338,1","240,N,+0274,1","9,9,999,9,-003,1","10,1","SYN07442137 31995 00000 10294 20274 40045 71000 333 10338 20274 59003 555 10608=",
"42137099999","2023-08-17T03:00:00","4","29.7","77.0333333","249.0","KARNAL, IN","FM-12","99999","V020","320,1,N,0015,1","99999,9,9,N","004000,1,9,9","+0296,1","+0259,1","10035,1","24,0070,3,1",,,,,,,"240,M,+0337,1","240,N,+0272,1","9,9,999,9,-009,1",,"SYN07442137 22996 03203 10296 20259 40035 333 10337 20272 59009 6007/ 555 10615=",
"42137099999","2023-08-18T03:00:00","4","29.7","77.0333333","249.0","KARNAL, IN","FM-12","99999","V020","999,9,C,0000,1","99999,9,9,N","004000,1,9,9","+0304,1","+0274,1","10038,1",,,,,,,,"240,M,+0342,1","240,N,+0278,1","9,9,999,9,+003,1",,"SYN06842137 32996 00000 10304 20274 40038 333 10342 20278 58003 555 10615=",
"42137099999","2023-08-19T03:00:00","4","29.7","77.0333333","249.0","KARNAL, IN","FM-12","99999","V020","999,9,C,0000,1","99999,9,9,N","002000,1,9,9","+0286,1","+0264,1","10044,1","24,0000,9,1","2,1,02,1","2,1,02,1","03,1,+01250,1,06,1","99,9,+99999,9,05,1","9,AGL   ,+99999,+99999","07,99,1,03,1,99,9,01250,1,99,9,99,9","240,M,+0354,1","240,N,+0270,1","9,9,999,9,+004,1","10,1","SYN09242137 21695 70000 10286 20264 40044 71022 83420 333 10354 20270 58004 6990/ 555 00000 10615=","Q01  00002PRCP24"
"42137099999","2023-08-22T03:00:00","4","29.7","77.0333333","249.0","KARNAL, IN","FM-12","99999","V020","999,9,C,0000,1","99999,9,9,N","002000,1,9,9","+0282,1","+0274,1","10010,1",,"2,1,02,1","2,1,02,1","03,1,+01250,1,06,1","99,9,+99999,9,05,1","9,AGL   ,+99999,+99999","07,99,1,03,1,99,9,01250,1,99,9,99,9","240,M,+0354,1","240,N,+0270,1","9,9,999,9,-028,1","10,1","SYN08042137 31695 70000 10282 20274 40010 71022 83420 333 10354 20270 59028 555 10617=",
"42137099999","2023-08-23T03:00:00","4","29.7","77.0333333","249.0","KARNAL, IN","FM-12","99999","V020","999,9,C,0000,1","99999,9,9,N","002000,1,9,9","+0256,1","+0256,1","10003,1","24,0280,3,1","6,1,02,1","2,1,02,1","04,1,+00800,1,06,1","99,9,+99999,9,05,1","9,AGL   ,+99999,+99999","08,99,1,04,1,99,9,00800,1,99,9,99,9","240,M,+0337,1","240,N,+0252,1","9,9,999,9,-009,1","60,1","SYN09242137 21595 80000 10256 20256 40003 76062 8452/ 333 10337 20252 59009 6028/ 555 00276 10645=",
"42137099999","2023-08-24T03:00:00","4","29.7","77.0333333","249.0","KARNAL, IN","FM-12","99999","V020","999,9,C,0000,1","99999,9,9,N","002000,1,9,9","+0266,1","+0252,1","09999,1","24,0040,3,1","0,1,02,1","0,1,02,1",,,,,"240,M,+0276,1","240,N,+0252,1","9,9,999,9,-003,1","10,1","SYN08642137 21995 00000 10266 20252 49999 71000 333 10276 20252 59003 6004/ 555 00042 10649=",
"42137099999","2023-08-25T03:00:00","4","29.7","77.0333333","249.0","KARNAL, IN","FM-12","99999","V020","999,9,C,0000,1","99999,9,9,N","004000,1,9,9","+0274,1","+0245,1","09994,1",,,,,,,,"240,M,+0314,1","240,N,+0247,1","9,9,999,9,-004,1",,"SYN06842137 32996 00000 10274 20245 49994 333 10314 20247 59004 555 10649=",
"42137099999","2023-08-26T03:00:00","4","29.7","77.0333333","249.0","KARNAL, IN","FM-12","99999","V020","999,9,C,0000,1","99999,9,9,N","004000,1,9,9","+0278,1","+0243,1","10013,1",,,,,,,,"240,M,+0332,1","240,N,+0257,1","9,9,999,9,+019,1",,"SYN06842137 32996 00000 10278 20243 40013 333 10332 20257 58019 555 10649=",
"42137099999","2023-08-28T03:00:00","4","29.7","77.0333333","249.0","KARNAL, IN","FM-12","99999","V020","270,1,N,0015,1","99999,9,9,N","004000,1,9,9","+0278,1","+0246,1","10008,1",,,,,,,,"240,M,+0335,1","240,N,+0248,1","9,9,999,9,+000,1",,"SYN06842137 32996 02703 10278 20246 40008 333 10335 20248 58000 555 10649=",
"42137099999","2023-08-29T03:00:00","4","29.7","77.0333333","249.0","KARNAL, IN","FM-12","99999","V020","320,1,N,0021,1","22000,1,9,N","004000,1,9,9","+0280,1","+0240,1","10041,1","24,0040,3,1",,,"03,1,+01250,1,06,1",,"9,AGL   ,+99999,+99999","03,99,1,03,1,99,9,01250,1,99,9,99,9","240,M,+0314,1","240,N,+0255,1","9,9,999,9,+032,1",,"SYN08642137 22696 33204 10280 20240 40041 83400 333 10314 20255 58032 6004/ 555 00044 10654=",
"42137099999","2023-08-30T03:00:00","4","29.7","77.0333333","249.0","KARNAL, IN","FM-12","99999","V020","270,1,N,0015,1","99999,9,9,N","004000,1,9,9","+0280,1","+0254,1","10054,1",,,,,,,,"240,M,+0340,1","240,N,+0252,1","9,9,999,9,+013,1",,"SYN06842137 32996 02703 10280 20254 40054 333 10340 20252 58013 555 10653=",
"42137099999","2023-08-31T03:00:00","4","29.7","77.0333333","249.0","KARNAL, IN","FM-12","99999","V020","999,9,C,0000,1","99999,9,9,N","004000,1,9,9","+0282,1","+0257,1","10068,1",,,,,,,,"240,M,+0334,1","240,N,+0251,1","9,9,999,9,+013,1",,"SYN06842137 32996 00000 10282 20257 40068 333 10334 20251 58013 555 10654=",
"42137099999","2023-09-01T03:00:00","4","29.7","77.0333333","249.0","KARNAL, IN","FM-12","99999","V020","230,1,N,0015,1","99999,9,9,N","004000,1,9,9","+0290,1","+0247,1","10065,1",,,,,,,,"240,M,+0345,1","240,N,+0265,1","9,9,999,9,+002,1",,"SYN06842137 32996 02303 10290 20247 40065 333 10345 20265 58002 555 10654=",
"42137099999","2023-09-02T03:00:00","4","29.7","77.0333333","249.0","KARNAL, IN","FM-12","99999","V020","270,1,N,0015,1","99999,9,9,N","004000,1,9,9","+0288,1","+0251,1","10055,1",,,,,,,,"240,M,+0348,1","240,N,+0254,1","9,9,999,9,-010,1",,"SYN06842137 32996 02703 10288 20251 40055 333 10348 20254 59010 555 10654=",
"42137099999","2023-09-04T03:00:00","4","29.7","77.0333333","249.0","KARNAL, IN","FM-12","99999","V020","270,1,N,0010,1","99999,9,9,N","004000,1,9,9","+0272,1","+0255,1","10036,1",,,,,,,,"240,M,+0346,1","240,N,+0241,1","9,9,999,9,+000,1",,"SYN06842137 32996 02702 10272 20255 40036 333 10346 20241 58000 555 10654=",
"42137099999","2023-09-05T03:00:00","4","29.7","77.0333333","249.0","KARNAL, IN","FM-12","99999","V020","999,9,C,0000,1","99999,9,9,N","004000,1,9,9","+0284,1","+0235,1","10053,1",,,,,,,,"240,M,+0350,1","240,N,+0245,1","9,9,999,9,+018,1",,"SYN06842137 32996 00000 10284 20235 40053 333 10350 20245 58018 555 10654=",
"42137099999","2023-09-06T03:00:00","4","29.7","77.0333333","249.0","KARNAL, IN","FM-12","99999","V020","999,9,C,0000,1","99999,9,9,N","004000,1,9,9","+0308,1","+0263,1","10056,1",,,,,,,,"240,M,+0352,1","240,N,+0260,1","9,9,999,9,+005,1",,"SYN06842137 32996 00000 10308 20263 40056 333 10352 20260 58005 555 10654=",
"42137099999","2023-09-08T03:00:00","4","29.7","77.0333333","249.0","KARNAL, IN","FM-12","99999","V020","999,9,C,0000,1","22000,1,9,N","004000,1,9,9","+0276,1","+0238,1","10059,1",,,,"03,1,+01250,1,06,1",,"9,AGL   ,+99999,+99999","03,99,1,03,1,99,9,01250,1,99,9,99,9","240,M,+0362,1","240,N,+0252,1","9,9,999,9,+000,1",,"SYN07442137 32696 30000 10276 20238 40059 83400 333 10362 20252 58000 555 10654=",
"42137099999","2023-09-09T03:00:00","4","29.7","77.0333333","249.0","KARNAL, IN","FM-12","99999","V020","090,1,N,0010,1","99999,9,9,N","004000,1,9,9","+0256,1","+0244,1","10057,1","24,0000,9,1",,,"03,1,+01250,1,06,1","99,9,+99999,9,05,1","9,AGL   ,+99999,+99999","07,99,1,03,1,99,9,01250,1,99,9,99,9","240,M,+0362,1","240,N,+0250,1","9,9,999,9,-004,1",,"SYN08642137 22696 70902 10256 20244 40057 83420 333 10362 20250 59004 6990/ 555 00000 10654=","Q01  00002PRCP24"
"42137099999","2023-09-11T03:00:00","4","29.7","77.0333333","249.0","KARNAL, IN","FM-12","99999","V020","999,9,C,0000,1","22000,1,9,N","004000,1,9,9","+0272,1","+0240,1","10034,1",,,,"02,1,+01250,1,06,1",,"9,AGL   ,+99999,+99999","02,99,1,02,1,99,9,01250,1,99,9,99,9","240,M,+0315,1","240,N,+0248,1","9,9,999,9,+000,1",,"SYN07442137 32696 20000 10272 20240 40034 82400 333 10315 20248 58000 555 10669=",
"42137099999","2023-09-12T03:00:00","4","29.7","77.0333333","249.0","KARNAL, IN","FM-12","99999","V020","999,9,C,0000,1","22000,1,9,N","004000,1,9,9","+0284,1","+0256,1","10035,1",,"1,1,02,1","1,1,02,1","03,1,+99999,9,03,1",,"9,AGL   ,+99999,+99999","03,99,1,03,1,99,9,99999,9,99,9,99,9","240,M,+0335,1","240,N,+0250,1","9,9,999,9,+003,1","10,1","SYN08042137 31996 30000 10284 20256 40035 71011 83030 333 10335 20250 58003 555 10669=",
"42137099999","2023-09-13T03:00:00","4","29.7","77.0333333","249.0","KARNAL, IN","FM-12","99999","V020","999,9,C,0000,1","99999,9,9,N","002000,1,9,9","+0288,1","+0263,1","10038,1",,"0,1,02,1","0,1,02,1",,,,,"240,M,+0354,1","240,N,+0269,1","9,9,999,9,+003,1","10,1","SYN07442137 31995 00000 10288 20263 40038 71000 333 10354 20269 58003 555 10669=",
"42137099999","2023-09-14T03:00:00","4","29.7","77.0333333","249.0","KARNAL, IN","FM-12","99999","V020","999,9,C,0000,1","99999,9,9,N","002000,1,9,9","+0298,1","+0279,1","10053,1","24,0004,3,1","0,1,02,1","0,1,02,1",,,,,"240,M,+0350,1","240,N,+0272,1","9,9,999,9,+015,1","10,1","SYN08642137 21995 00000 10298 20279 40053 71000 333 10350 20272 58015 6994/ 555 00004 10669=",
"42137099999","2023-09-15T03:00:00","4","29.7","77.0333333","249.0","KARNAL, IN","FM-12","99999","V020","090,1,N,0021,1","99999,9,9,N","004000,1,9,9","+0258,1","+0238,1","10068,1","24,0000,9,1",,,"03,1,+01250,1,06,1","99,9,+99999,9,05,1","9,AGL   ,+99999,+99999","07,99,1,03,1,99,9,01250,1,99,9,99,9","240,M,+0364,1","240,N,+0250,1","9,9,999,9,+011,1",,"SYN08642137 22696 70904 10258 20238 40068 83420 333 10364 20250 58011 6990/ 555 00000 10669=","Q01  00002PRCP24"
"42137099999","2023-09-16T03:00:00","4","29.7","77.0333333","249.0","KARNAL, IN","FM-12","99999","V020","999,9,C,0000,1","22000,1,9,N","004000,1,9,9","+0296,1","+0257,1","10057,1",,,,"03,1,+99999,9,03,1",,"9,AGL   ,+99999,+99999","03,99,1,03,1,99,9,99999,9,99,9,99,9","240,M,+0335,1","240,N,+0255,1","9,9,999,9,-007,1",,"SYN07442137 32996 30000 10296 20257 40057 83030 333 10335 20255 59007 555 10669=",
"42137099999","2023-09-18T03:00:00","4","29.7","77.0333333","249.0","KARNAL, IN","FM-12","99999","V020","090,1,N,0021,1","22000,1,9,N","004000,1,9,9","+0278,1","+0249,1","10044,1","24,0020,3,1",,,"03,1,+01250,1,06,1",,"9,AGL   ,+99999,+99999","03,99,1,03,1,99,9,01250,1,99,9,99,9","240,M,+0307,1","240,N,+0250,1","9,9,999,9,+000,1",,"SYN08642137 22696 30904 10278 20249 40044 83400 333 10307 20250 58000 6002/ 555 00018 10714=",
"42137099999","2023-09-19T03:00:00","4","29.7","77.0333333","249.0","KARNAL, IN","FM-12","99999","V020","140,1,N,0010,1","22000,1,9,N","004000,1,9,9","+0294,1","+0251,1","10063,1",,,,"04,1,+01250,1,06,1",,"9,AGL   ,+99999,+99999","04,99,1,04,1,99,9,01250,1,99,9,99,9","240,M,+0334,1","240,N,+0254,1","9,9,999,9,+020,1",,"SYN07442137 32696 41402 10294 20251 40063 84400 333 10334 20254 58020 555 10714=",
"42137099999","2023-09-20T03:00:00","4","29.7","77.0333333","249.0","KARNAL, IN","FM-12","99999","V020","999,9,C,0000,1","99999,9,9,N","004000,1,9,9","+0298,1","+0267,1","10072,1",,"0,1,02,1","0,1,02,1",,,,,"240,M,+0338,1","240,N,+0256,1","9,9,999,9,+012,1","10,1","SYN07442137 31996 00000 10298 20267 40072 71000 333 10338 20256 58012 555 10714=",
"42137099999","2023-09-21T03:00:00","4","29.7","77.0333333","249.0","KARNAL, IN","FM-12","99999","V020","999,9,C,0000,1","22000,1,9,N","004000,1,9,9","+0292,1","+0267,1","10068,1",,"1,1,02,1","1,1,02,1","03,1,+99999,9,03,1",,"9,AGL   ,+99999,+99999","03,99,1,03,1,99,9,99999,9,99,9,99,9","240,M,+0348,1","240,N,+0260,1","9,9,999,9,-008,1","10,1","SYN08042137 31996 30000 10292 20267 40068 71011 83030 333 10348 20260 59008 555 10714=",
"42137099999","2023-09-22T03:00:00","4","29.7","77.0333333","249.0","KARNAL, IN","FM-12","99999","V020","999,9,C,0000,1","99999,9,9,N","004000,1,9,9","+0290,1","+0262,1","10069,1",,"0,1,02,1","0,1,02,1",,,,,"240,M,+0353,1","240,N,+0259,1","9,9,999,9,+001,1","10,1","SYN07442137 31996 00000 10290 20262 40069 71000 333 10353 20259 58001 555 10714=",
"42137099999","2023-09-23T03:00:00","4","29.7","77.0333333","249.0","KARNAL, IN","FM-12","99999","V020","999,9,C,0000,1","00240,1,W,N","001000,1,9,9","+0270,1","+0262,1","10079,1",,"2,1,02,1","2,1,02,1","09,1,+99999,9,99,9",,"9,AGL   ,+99999,+99999","09,99,1,09,1,99,9,99999,9,99,9,99,9","240,M,+0352,1","240,N,+0256,1","9,9,999,9,+008,1","10,1","SYN08042137 31/94 90000 10270 20262 40079 71022 89/// 333 10352 20256 58008 555 10714=",
"42137099999","2023-09-25T03:00:00","4","29.7","77.0333333","249.0","KARNAL, IN","FM-12","99999","V020","999,9,C,0000,1","00120,1,W,N","000500,1,9,9","+0238,1","+0238,1","10082,1","24,0010,3,1","4,1,02,1","2,1,02,1","09,1,+99999,9,99,9",,"9,AGL   ,+99999,+99999","09,99,1,09,1,99,9,99999,9,99,9,99,9","240,M,+0324,1","240,N,+0218,1","9,9,999,9,+000,1","44,1","SYN09242137 21/93 90000 10238 20238 40082 74442 89/// 333 10324 20218 58000 6001/ 555 00014 10717=",
"42137099999","2023-09-26T03:00:00","4","29.7","77.0333333","249.0","KARNAL, IN","FM-12","99999","V020","090,1,N,0015,1","99999,9,9,N","002000,1,9,9","+0262,1","+0242,1","10094,1",,"0,1,02,1","0,1,02,1",,,,,"240,M,+0330,1","240,N,+0224,1","9,9,999,9,+014,1","10,1","SYN07442137 31995 00903 10262 20242 40094 71000 333 10330 20224 58014 555 10717=",
"42137099999","2023-09-27T03:00:00","4","29.7","77.0333333","249.0","KARNAL, IN","FM-12","99999","V020","999,9,C,0000,1","99999,9,9,N","004000,1,9,9","+0258,1","+0241,1","10092,1",,,,,,,,"240,M,+0336,1","240,N,+0227,1","9,9,999,9,+012,1",,"SYN06842137 32996 00000 10258 20241 40092 333 10336 20227 58012 555 10717=",
"42137099999","2023-09-28T03:00:00","4","29.7","77.0333333","249.0","KARNAL, IN","FM-12","99999","V020","999,9,C,0000,1","99999,9,9,N","004000,1,9,9","+0250,1","+0235,1","10087,1",,"0,1,02,1","0,1,02,1",,,,,"240,M,+0332,1","240,N,+0212,1","9,9,999,9,-006,1","10,1","SYN07442137 31996 00000 10250 20235 40087 71000 333 10332 20212 59006 555 10717=",
"42137099999","2023-09-29T03:00:00","4","29.7","77.0333333","249.0","KARNAL, IN","FM-12","99999","V020","999,9,C,0000,1","99999,9,9,N","002000,1,9,9","+0244,1","+0232,1","10086,1",,"0,1,02,1","0,1,02,1",,,,,"240,M,+0334,1","240,N,+0210,1","9,9,999,9,-002,1","10,1","SYN07442137 31995 00000 10244 20232 40086 71000 333 10334 20210 59002 555 10717=",
"42137099999","2023-09-30T03:00:00","4","29.7","77.0333333","249.0","KARNAL, IN","FM-12","99999","V020","999,9,C,0000,1","22000,1,9,N","002000,1,9,9","+0252,1","+0234,1","10079,1",,"1,1,02,1","1,1,02,1","02,1,+01250,1,06,1",,"9,AGL   ,+99999,+99999","02,99,1,02,1,99,9,01250,1,99,9,99,9","240,M,+0340,1","240,N,+0208,1","9,9,999,9,-006,1","10,1","SYN08042137 31695 20000 10252 20234 40079 71011 82400 333 10340 20208 59006 555 10717=",
"42137099999","2023-10-02T03:00:00","4","29.7","77.0333333","249.0","KARNAL, IN","FM-12","99999","V020","999,9,C,0000,1","99999,9,9,N","004000,1,9,9","+0232,1","+0208,1","10081,1",,,,,,,,"240,M,+0348,1","240,N,+0180,1","9,9,999,9,+000,1",,"SYN06842137 32996 00000 10232 20208 40081 333 10348 20180 58000 555 10000=",
"42137099999","2023-10-03T03:00:00","4","29.7","77.0333333","249.0","KARNAL, IN","FM-12","99999","V020","270,1,N,0015,1","99999,9,9,N","004000,1,9,9","+0234,1","+0190,1","10090,1",,,,,,,,"240,M,+0336,1","240,N,+0183,1","9,9,999,9,+009,1",,"SYN06842137 32996 02703 10234 20190 40090 333 10336 20183 58009 555 10000=",
"42137099999","2023-10-04T03:00:00","4","29.7","77.0333333","249.0","KARNAL, IN","FM-12","99999","V020","999,9,C,0000,1","99999,9,9,N","002000,1,9,9","+0232,1","+0214,1","10094,1",,"0,1,02,1","0,1,02,1",,,,,"240,M,+0337,1","240,N,+0184,1","9,9,999,9,+004,1","10,1","SYN07442137 31995 00000 10232 20214 40094 71000 333 10337 20184 58004 555 10000=",
"42137099999","2023-10-05T03:00:00","4","29.7","77.0333333","249.0","KARNAL, IN","FM-12","99999","V020","999,9,C,0000,1","99999,9,9,N","002000,1,9,9","+0230,1","+0215,1","10089,1",,"0,1,02,1","0,1,02,1",,,,,"240,M,+0338,1","240,N,+0185,1","9,9,999,9,-005,1","10,1","SYN07442137 31995 00000 10230 20215 40089 71000 333 10338 20185 59005 555 10000=",
"42137099999","2023-10-06T03:00:00","4","29.7","77.0333333","249.0","KARNAL, IN","FM-12","99999","V020","999,9,C,0000,1","99999,9,9,N","002000,1,9,9","+0224,1","+0202,1","10078,1",,"0,1,02,1","0,1,02,1",,,,,"240,M,+0344,1","240,N,+0183,1","9,9,999,9,-011,1","10,1","SYN07442137 31995 00000 10224 20202 40078 71000 333 10344 20183 59011 555 10000=",
"42137099999","2023-10-07T03:00:00","4","29.7","77.0333333","249.0","KARNAL, IN","FM-12","99999","V020","999,9,C,0000,1","99999,9,9,N","002000,1,9,9","+0242,1","+0215,1","10088,1",,"0,1,02,1","0,1,02,1",,,,,"240,M,+0342,1","240,N,+0215,1","9,9,999,9,+011,1","10,1","SYN07442137 31995 00000 10242 20215 40088 71000 333 10342 20215 58011 555 10000=",
"42137099999","2023-10-09T03:00:00","4","29.7","77.0333333","249.0","KARNAL, IN","FM-12","99999","V020","230,1,N,0015,1","99999,9,9,N","002000,1,9,9","+0274,1","+0239,1","10095,1",,"0,1,02,1","0,1,02,1",,,,,"240,M,+0356,1","240,N,+0235,1","9,9,999,9,+000,1","04,1","SYN07442137 31995 02303 10274 20239 40095 70400 333 10356 20235 58000 555 10000=",
"42137099999","2023-10-10T03:00:00","4","29.7","77.0333333","249.0","KARNAL, IN","FM-12","99999","V020","090,1,N,0015,1","22000,1,9,N","004000,1,9,9","+0248,1","+0171,1","10108,1",,,,"04,1,+01250,1,06,1",,"9,AGL   ,+99999,+99999","04,99,1,04,1,99,9,01250,1,99,9,99,9","240,M,+0352,1","240,N,+0213,1","9,9,999,9,+010,1",,"SYN07442137 32696 40903 10248 20171 40108 84400 333 10352 20213 58010 555 10000=",
"42137099999","2023-10-11T03:00:00","4","29.7","77.0333333","249.0","KARNAL, IN","FM-12","99999","V020","999,9,C,0000,1","99999,9,9,N","004000,1,9,9","+0224,1","+0193,1","10120,1",,,,,,,,"240,M,+0346,1","240,N,+0190,1","9,9,999,9,+010,1",,"SYN06842137 32996 00000 10224 20193 40120 333 10346 20190 58010 555 10000=",
"42137099999","2023-10-12T03:00:00","4","29.7","77.0333333","249.0","KARNAL, IN","FM-12","99999","V020","999,9,C,0000,1","99999,9,9,N","004000,1,9,9","+0228,1","+0190,1","10131,1",,"0,1,02,1","0,1,02,1",,,,,"240,M,+0340,1","240,N,+0172,1","9,9,999,9,+011,1","04,1","SYN07442137 31996 00000 10228 20190 40131 70400 333 10340 20172 58011 555 10000=",
"42137099999","2023-10-13T03:00:00","4","29.7","77.0333333","249.0","KARNAL, IN","FM-12","99999","V020","999,9,C,0000,1","99999,9,9,N","002000,1,9,9","+0228,1","+0197,1","10145,1",,"0,1,02,1","0,1,02,1",,,,,"240,M,+0337,1","240,N,+0182,1","9,9,999,9,+013,1","04,1","SYN07442137 31995 00000 10228 20197 40145 70400 333 10337 20182 58013 555 10000=",
"42137099999","2023-10-14T03:00:00","4","29.7","77.0333333","249.0","KARNAL, IN","FM-12","99999","V020","999,9,C,0000,1","99999,9,9,N","002000,1,9,9","+0240,1","+0206,1","10137,1",,"0,1,02,1","0,1,02,1",,,,,"240,M,+0333,1","240,N,+0198,1","9,9,999,9,-006,1","04,1","SYN07442137 31995 00000 10240 20206 40137 70400 333 10333 20198 59006 555 10000=",
"42137099999","2023-10-16T03:00:00","4","29.7","77.0333333","249.0","KARNAL, IN","FM-12","99999","V020","270,1,N,0036,1","99999,9,9,N","002000,1,9,9","+0190,1","+0167,1","10142,1","24,0000,2,1","2,1,02,1","2,1,02,1","04,1,+00800,1,06,1","99,9,+99999,9,05,1","9,AGL   ,+99999,+99999","07,99,1,04,1,99,9,00800,1,99,9,99,9","240,M,+0340,1","240,N,+0187,1","9,9,999,9,+000,1","50,1","SYN09242137 21595 72707 10190 20167 40142 75022 84420 333 10340 20187 58000 6990/ 555 00000 10000=",
"42137099999","2023-10-17T03:00:00","4","29.7","77.0333333","249.0","KARNAL, IN","FM-12","99999","V020","999,9,C,0000,1","22000,1,9,N","004000,1,9,9","+0204,1","+0164,1","10178,1","24,0170,3,1",,,"03,1,+01250,1,06,1",,"9,AGL   ,+99999,+99999","03,99,1,03,1,99,9,01250,1,99,9,99,9","240,M,+0258,1","240,N,+0162,1","9,9,999,9,+036,1",,"SYN08642137 22696 30000 10204 20164 40178 83400 333 10258 20162 58036 6017/ 555 00170 10017=",
"42137099999","2023-10-20T03:00:00","4","29.7","77.0333333","249.0","KARNAL, IN","FM-12","99999","V020","999,9,C,0000,1","99999,9,9,N","004000,1,9,9","+0192,1","+0169,1","10177,1",,"0,1,02,1","0,1,02,1",,,,,"240,M,+0294,1","240,N,+0149,1","9,9,999,9,+000,1","10,1","SYN07442137 31996 00000 10192 20169 40177 71000 333 10294 20149 58000 555 10017=",
"42137099999","2023-10-21T03:00:00","4","29.7","77.0333333","249.0","KARNAL, IN","FM-12","99999","V020","999,9,C,0000,1","99999,9,9,N","002000,1,9,9","+0198,1","+0172,1","10178,1",,"0,1,02,1","0,1,02,1",,,,,"240,M,+0298,1","240,N,+0150,1","9,9,999,9,+001,1","10,1","SYN07442137 31995 00000 10198 20172 40178 71000 333 10298 20150 58001 555 10017=",
"42137099999","2023-10-23T03:00:00","4","29.7","77.0333333","249.0","KARNAL, IN","FM-12","99999","V020","999,9,C,0000,1","99999,9,9,N","004000,1,9,9","+0198,1","+0172,1","10171,1",,"0,1,02,1","0,1,02,1",,,,,"240,M,+0292,1","240,N,+0159,1","9,9,999,9,+000,1","10,1","SYN07442137 31996 00000 10198 20172 40171 71000 333 10292 20159 58000 555 10017=",
"42137099999","2023-10-24T03:00:00","4","29.7","77.0333333","249.0","KARNAL, IN","FM-12","99999","V020","999,9,C,0000,1","99999,9,9,N","004000,1,9,9","+0196,1","+0170,1","10155,1",,"0,1,02,1","0,1,02,1",,,,,"240,M,+0300,1","240,N,+0156,1","9,9,999,9,-016,1","10,1","SYN07442137 31996 00000 10196 20170 40155 71000 333 10300 20156 59016 555 10017=",
"42137099999","2023-10-25T03:00:00","4","29.7","77.0333333","249.0","KARNAL, IN","FM-12","99999","V020","999,9,C,0000,1","99999,9,9,N","002000,1,9,9","+0200,1","+0174,1","10167,1",,"0,1,02,1","0,1,02,1",,,,,"240,M,+0306,1","240,N,+0155,1","9,9,999,9,+012,1","04,1","SYN07442137 31995 00000 10200 20174 40167 70400 333 10306 20155 58012 555 10017=",
"42137099999","2023-10-26T03:00:00","4","29.7","77.0333333","249.0","KARNAL, IN","FM-12","99999","V020","999,9,C,0000,1","99999,9,9,N","002000,1,9,9","+0196,1","+0163,1","10160,1",,"0,1,02,1","0,1,02,1",,,,,"240,M,+0312,1","240,N,+0153,1","9,9,999,9,-007,1","10,1","SYN07442137 31995 00000 10196 20163 40160 71000 333 10312 20153 59007 555 10017=",
"42137099999","2023-10-28T03:00:00","4","29.7","77.0333333","249.0","KARNAL, IN","FM-12","99999","V020","999,9,C,0000,1","99999,9,9,N","002000,1,9,9","+0190,1","+0156,1","10155,1",,"0,1,02,1","0,1,02,1",,,,,"240,M,+0314,1","240,N,+0148,1","9,9,999,9,+000,1","04,1","SYN07442137 31995 00000 10190 20156 40155 70400 333 10314 20148 58000 555 10017=",
"42137099999","2023-10-30T03:00:00","4","29.7","77.0333333","249.0","KARNAL, IN","FM-12","99999","V020","999,9,C,0000,1","99999,9,9,N","002000,1,9,9","+0200,1","+0184,1","10167,1",,"0,1,02,1","0,1,02,1",,,,,"240,M,+0308,1","240,N,+0168,1","9,9,999,9,+000,1","04,1","SYN07442137 31995 00000 10200 20184 40167 70400 333 10308 20168 58000 555 10017=",
"42137099999","2023-10-31T03:00:00","4","29.7","77.0333333","249.0","KARNAL, IN","FM-12","99999","V020","999,9,C,0000,1","99999,9,9,N","002000,1,9,9","+0200,1","+0181,1","10183,1",,"0,1,02,1","0,1,02,1",,,,,"240,M,+0303,1","240,N,+0162,1","9,9,999,9,+015,1","04,1","SYN07442137 31995 00000 10200 20181 40183 70400 333 10303 20162 58015 555 10017=",
"42137099999","2023-11-01T03:00:00","4","29.7","77.0333333","249.0","KARNAL, IN","FM-12","99999","V020","999,9,C,0000,1","99999,9,9,N","002000,1,9,9","+0198,1","+0175,1","10196,1",,"0,1,02,1","0,1,02,1",,,,,"240,M,+0307,1","240,N,+0163,1","9,9,999,9,+013,1","04,1","SYN07442137 31995 00000 10198 20175 40196 70400 333 10307 20163 58013 555 10017=",
"42137099999","2023-11-03T03:00:00","4","29.7","77.0333333","249.0","KARNAL, IN","FM-12","99999","V020","999,9,C,0000,1","99999,9,9,N","001000,1,9,9","+0182,1","+0169,1","10143,1",,"0,1,02,1","0,1,02,1",,,,,"240,M,+0297,1","240,N,+0152,1","9,9,999,9,-029,1","10,1","SYN07442137 31994 00000 10182 20169 40143 71000 333 10297 20152 59029 555 10017=",
"42137099999","2023-11-04T03:00:00","4","29.7","77.0333333","249.0","KARNAL, IN","FM-12","99999","V020","999,9,C,0000,1","99999,9,9,N","001000,1,9,9","+0190,1","+0174,1","10144,1",,"0,1,02,1","0,1,02,1",,,,,"240,M,+0302,1","240,N,+0161,1","9,9,999,9,+002,1","04,1","SYN07442137 31994 00000 10190 20174 40144 70400 333 10302 20161 58002 555 10017=",
"42137099999","2023-11-06T03:00:00","4","29.7","77.0333333","249.0","KARNAL, IN","FM-12","99999","V020","999,9,C,0000,1","99999,9,9,N","001000,1,9,9","+0180,1","+0163,1","10182,1",,"0,1,02,1","0,1,02,1",,,,,"240,M,+0304,1","240,N,+0132,1","9,9,999,9,+000,1","10,1","SYN07442137 31994 00000 10180 20163 40182 71000 333 10304 20132 58000 555 10017=",
"42137099999","2023-11-07T03:00:00","4","29.7","77.0333333","249.0","KARNAL, IN","FM-12","99999","V020","999,9,C,0000,1","99999,9,9,N","001000,1,9,9","+0168,1","+0147,1","10174,1",,"0,1,02,1","0,1,02,1",,,,,"240,M,+0310,1","240,N,+0130,1","9,9,999,9,-009,1","10,1","SYN07442137 31994 00000 10168 20147 40174 71000 333 10310 20130 59009 555 10017=",
"42137099999","2023-11-08T03:00:00","4","29.7","77.0333333","249.0","KARNAL, IN","FM-12","99999","V020","999,9,C,0000,1","99999,9,9,N","001000,1,9,9","+0176,1","+0156,1","10157,1",,"0,1,02,1","0,1,02,1",,,,,"240,M,+0298,1","240,N,+0149,1","9,9,999,9,-016,1","04,1","SYN07442137 31994 00000 10176 20156 40157 70400 333 10298 20149 59016 555 10017=",
"42137099999","2023-11-09T03:00:00","4","29.7","77.0333333","249.0","KARNAL, IN","FM-12","99999","V020","999,9,C,0000,1","99999,9,9,N","001000,1,9,9","+0178,1","+0154,1","10157,1",,"0,1,02,1","0,1,02,1",,,,,"240,M,+0304,1","240,N,+0150,1","9,9,999,9,+000,1","04,1","SYN07442137 31994 00000 10178 20154 40157 70400 333 10304 20150 58000 555 10017=",
"42137099999","2023-11-11T03:00:00","4","29.7","77.0333333","249.0","KARNAL, IN","FM-12","99999","V020","999,9,C,0000,1","99999,9,9,N","002000,1,9,9","+0160,1","+0142,1","10198,1","24,0000,9,1","0,1,02,1","0,1,02,1",,,,,"240,M,+0227,1","240,N,+0135,1","9,9,999,9,+030,1","10,1","SYN08642137 21995 00000 10160 20142 40198 71000 333 10227 20135 58030 6990/ 555 00000 10017=","Q01  00002PRCP24"
"42137099999","2023-11-14T03:00:00","4","29.7","77.0333333","249.0","KARNAL, IN","FM-12","99999","V020","999,9,C,0000,1","99999,9,9,N","001000,1,9,9","+0146,1","+0128,1","10200,1",,"0,1,02,1","0,1,02,1",,,,,"240,M,+0290,1","240,N,+0112,1","9,9,999,9,+000,1","10,1","SYN07442137 31994 00000 10146 20128 40200 71000 333 10290 20112 58000 555 10017=",
"42137099999","2023-11-15T03:00:00","4","29.7","77.0333333","249.0","KARNAL, IN","FM-12","99999","V020","999,9,C,0000,1","99999,9,9,N","001000,1,9,9","+0150,1","+0132,1","10195,1",,"0,1,02,1","0,1,02,1",,,,,"240,M,+0286,1","240,N,+0116,1","9,9,999,9,-005,1","10,1","SYN07442137 31994 00000 10150 20132 40195 71000 333 10286 20116 59005 555 10017=",
"42137099999","2023-11-16T03:00:00","4","29.7","77.0333333","249.0","KARNAL, IN","FM-12","99999","V020","999,9,C,0000,1","99999,9,9,N","001000,1,9,9","+0166,1","+0142,1","10199,1",,"0,1,02,1","0,1,02,1",,,,,"240,M,+0288,1","240,N,+0123,1","9,9,999,9,+006,1","04,1","SYN07442137 31994 00000 10166 20142 40199 70400 333 10288 20123 58006 555 10017=",
"42137099999","2023-11-17T03:00:00","4","29.7","77.0333333","249.0","KARNAL, IN","FM-12","99999","V020","999,9,C,0000,1","99999,9,9,N","002000,1,9,9","+0180,1","+0149,1","10207,1",,"0,1,02,1","0,1,02,1",,,,,"240,M,+0298,1","240,N,+0133,1","9,9,999,9,+009,1","04,1","SYN07442137 31995 00000 10180 20149 40207 70400 333 10298 20133 58009 555 10017=",
"42137099999","2023-11-18T03:00:00","4","29.7","77.0333333","249.0","KARNAL, IN","FM-12","99999","V020","999,9,C,0000,1","99999,9,9,N","002000,1,9,9","+0176,1","+0137,1","10184,1",,"0,1,02,1","0,1,02,1",,,,,"240,M,+0299,1","240,N,+0123,1","9,9,999,9,-023,1","04,1","SYN07442137 31995 00000 10176 20137 40184 70400 333 10299 20123 59023 555 10017=",
"42137099999","2023-11-20T03:00:00","4","29.7","77.0333333","249.0","KARNAL, IN","FM-12","99999","V020","999,9,C,0000,1","99999,9,9,N","001000,1,9,9","+0152,1","+0145,1","10198,1",,"2,1,02,1","1,1,02,1","05,1,+01250,1,06,1",,"9,AGL   ,+99999,+99999","05,99,1,05,1,99,9,01250,1,99,9,99,9","240,M,+0266,1","240,N,+0128,1","9,9,999,9,+000,1","10,1","SYN08042137 31694 50000 10152 20145 40198 71021 85400 333 10266 20128 58000 555 10017=",
"42137099999","2023-11-21T03:00:00","4","29.7","77.0333333","249.0","KARNAL, IN","FM-12","99999","V020","999,9,C,0000,1","99999,9,9,N","001000,1,9,9","+0150,1","+0139,1","10190,1",,"0,1,02,1","0,1,02,1",,,,,"240,M,+0268,1","240,N,+0124,1","9,9,999,9,-008,1","10,1","SYN07442137 31994 00000 10150 20139 40190 71000 333 10268 20124 59008 555 10017=",
"42137099999","2023-11-22T03:00:00","4","29.7","77.0333333","249.0","KARNAL, IN","FM-12","99999","V020","999,9,C,0000,1","99999,9,9,N","002000,1,9,9","+0140,1","+0097,1","10159,1",,"0,1,02,1","0,1,02,1",,,,,"240,M,+0266,1","240,N,+0116,1","9,9,999,9,-031,1","05,1","SYN07442137 31995 00000 10140 20097 40159 70500 333 10266 20116 59031 555 10017=",
"42137099999","2023-11-23T03:00:00","4","29.7","77.0333333","249.0","KARNAL, IN","FM-12","99999","V020","999,9,C,0000,1","99999,9,9,N","001000,1,9,9","+0136,1","+0113,1","10162,1",,"0,1,02,1","0,1,02,1",,,,,"240,M,+0258,1","240,N,+0095,1","9,9,999,9,+003,1","10,1","SYN07442137 31994 00000 10136 20113 40162 71000 333 10258 20095 58003 555 10017=",
"42137099999","2023-11-24T03:00:00","4","29.7","77.0333333","249.0","KARNAL, IN","FM-12","99999","V020","999,9,C,0000,1","99999,9,9,N","001000,1,9,9","+0142,1","+0127,1","10182,1",,"0,1,02,1","0,1,02,1",,,,,"240,M,+0261,1","240,N,+0108,1","9,9,999,9,+020,1","10,1","SYN07442137 31994 00000 10142 20127 40182 71000 333 10261 20108 58020 555 10017=",
"42137099999","2023-11-25T03:00:00","4","29.7","77.0333333","249.0","KARNAL, IN","FM-12","99999","V020","999,9,C,0000,1","99999,9,9,N","001000,1,9,9","+0134,1","+0119,1","10189,1",,"0,1,02,1","0,1,02,1",,,,,"240,M,+0262,1","240,N,+0098,1","9,9,999,9,+006,1","10,1","SYN07442137 31994 00000 10134 20119 40189 71000 333 10262 20098 58006 555 10017=",
"42137099999","2023-11-25T12:00:00","4","29.7","77.0333333","249.0","KARNAL, IN","FM-12","99999","V020","999,9,C,0000,1","99999,9,9,N","004000,1,9,9","+0260,1","+0215,1","99999,9",,,,,,,,"240,M,+0300,1",,,,"SYN05242137 32596 00000 10260 20215 4//// 333 10300 5////=",
"42137099999","2023-11-28T03:00:00","4","29.7","77.0333333","249.0","KARNAL, IN","FM-12","99999","V020","999,9,C,0000,1","99999,9,9,N","001000,1,9,9","+0162,1","+0148,1","10171,1",,"2,1,02,1","2,1,02,1","03,1,+01250,1,06,1","99,9,+99999,9,05,1","9,AGL   ,+99999,+99999","06,99,1,03,1,99,9,01250,1,99,9,99,9","240,M,+0256,1","240,N,+0138,1","9,9,999,9,+000,1","10,1","SYN08042137 31694 60000 10162 20148 40171 71022 83420 333 10256 20138 58000 555 10017=",
"42137099999","2023-11-29T03:00:00","4","29.7","77.0333333","249.0","KARNAL, IN","FM-12","99999","V020","999,9,C,0000,1","00030,1,W,N","000050,1,9,9","+0128,1","+0124,1","10179,1","24,0000,9,1","4,1,02,1","4,1,02,1","09,1,+99999,9,99,9",,"9,AGL   ,+99999,+99999","09,99,1,09,1,99,9,99999,9,99,9,99,9","240,M,+0227,1","240,N,+0111,1","9,9,999,9,+004,1","45,1","SYN09242137 21/91 90000 10128 20124 40179 74544 89/// 333 10227 20111 58004 6990/ 555 00000 10017=","Q01  00002PRCP24"
"42137099999","2023-11-30T03:00:00","4","29.7","77.0333333","249.0","KARNAL, IN","FM-12","99999","V020","999,9,C,0000,1","99999,9,9,N","001000,1,9,9","+0164,1","+0150,1","10177,1",,"2,1,02,1","2,1,02,1","03,1,+01250,1,06,1","99,9,+99999,9,05,1","9,AGL   ,+99999,+99999","06,99,1,03,1,99,9,01250,1,99,9,99,9","240,M,+0250,1","240,N,+0143,1","9,9,999,9,+002,1","10,1","SYN08042137 31694 60000 10164 20150 40177 71022 83420 333 10250 20143 58002 555 10017=",
"42137099999","2023-12-01T03:00:00","4","29.7","77.0333333","249.0","KARNAL, IN","FM-12","99999","V020","999,9,C,0000,1","22000,1,9,N","001000,1,9,9","+0148,1","+0141,1","10193,1","24,0000,9,1","2,1,02,1","1,1,02,1","03,1,+01250,1,06,1",,"9,AGL   ,+99999,+99999","03,99,1,03,1,99,9,01250,1,99,9,99,9","240,M,+0242,1","240,N,+0130,1","9,9,999,9,+014,1","10,1","SYN09242137 21694 30000 10148 20141 40193 71021 83400 333 10242 20130 58014 6990/ 555 00000 10017=","Q01  00002PRCP24"
"42137099999","2023-12-02T03:00:00","4","29.7","77.0333333","249.0","KARNAL, IN","FM-12","99999","V020","999,9,C,0000,1","99999,9,9,N","001000,1,9,9","+0138,1","+0123,1","10195,1",,"0,1,02,1","0,1,02,1",,,,,"240,M,+0246,1","240,N,+0109,1","9,9,999,9,+001,1","10,1","SYN07442137 31994 00000 10138 20123 40195 71000 333 10246 20109 58001 555 10017=",
"42137099999","2023-12-04T03:00:00","4","29.7","77.0333333","249.0","KARNAL, IN","FM-12","99999","V020","999,9,C,0000,1","22000,1,9,N","000500,1,9,9","+0136,1","+0132,1","10189,1",,"4,1,02,1","2,1,02,1","04,1,+01250,1,06,1",,"9,AGL   ,+99999,+99999","04,99,1,04,1,99,9,01250,1,99,9,99,9","240,M,+0243,1","240,N,+0111,1","9,9,999,9,+000,1","44,1","SYN08042137 31693 40000 10136 20132 40189 74442 84400 333 10243 20111 58000 555 10017=",
"42137099999","2023-12-05T03:00:00","4","29.7","77.0333333","249.0","KARNAL, IN","FM-12","99999","V020","999,9,C,0000,1","99999,9,9,N","001000,1,9,9","+0124,1","+0120,1","10184,1",,"0,1,02,1","0,1,02,1",,,,,"240,M,+0237,1","240,N,+0094,1","9,9,999,9,-006,1","10,1","SYN07442137 31994 00000 10124 20120 40184 71000 333 10237 20094 59006 555 10017=",
"42137099999","2023-12-06T03:00:00","4","29.7","77.0333333","249.0","KARNAL, IN","FM-12","99999","V020","999,9,C,0000,1","99999,9,9,N","001000,1,9,9","+0126,1","+0119,1","10184,1",,"0,1,02,1","0,1,02,1",,,,,"240,M,+0236,1","240,N,+0105,1","9,9,999,9,+000,1","10,1","SYN07442137 31994 00000 10126 20119 40184 71000 333 10236 20105 58000 555 10017=",
"42137099999","2023-12-07T03:00:00","4","29.7","77.0333333","249.0","KARNAL, IN","FM-12","99999","V020","999,9,C,0000,1","00030,1,W,N","000050,1,9,9","+0112,1","+0112,1","10185,1",,"4,1,02,1","4,1,02,1","09,1,+99999,9,99,9",,"9,AGL   ,+99999,+99999","09,99,1,09,1,99,9,99999,9,99,9,99,9","240,M,+0248,1","240,N,+0095,1","9,9,999,9,+000,1","45,1","SYN08042137 31/91 90000 10112 20112 40185 74544 89/// 333 10248 20095 58000 555 10017=",
"42137099999","2023-12-08T03:00:00","4","29.7","77.0333333","249.0","KARNAL, IN","FM-12","99999","V020","999,9,C,0000,1","99999,9,9,N","000500,1,9,9","+0110,1","+0102,1","10177,1",,"1,1,02,1","1,1,02,1",,,,,"240,M,+0238,1","240,N,+0089,1","9,9,999,9,-008,1","12,1","SYN07442137 31693 00000 10110 20102 40177 71211 333 10238 20089 59008 555 10017=",
"42137099999","2023-12-09T03:00:00","4","29.7","77.0333333","249.0","KARNAL, IN","FM-12","99999","V020","999,9,C,0000,1","99999,9,9,N","001000,1,9,9","+0112,1","+0096,1","10186,1",,"0,1,02,1","0,1,02,1",,,,,"240,M,+0237,1","240,N,+0084,1","9,9,999,9,+009,1","10,1","SYN07442137 31994 00000 10112 20096 40186 71000 333 10237 20084 58009 555 10017=",
"42137099999","2023-12-11T03:00:00","4","29.7","77.0333333","249.0","KARNAL, IN","FM-12","99999","V020","999,9,C,0000,1","99999,9,9,N","001000,1,9,9","+0100,1","+0079,1","10170,1",,"0,1,02,1","0,1,02,1",,,,,"240,M,+0227,1","240,N,+0068,1","9,9,999,9,+000,1","10,1","SYN07442137 31994 00000 10100 20079 40170 71000 333 10227 20068 58000 555 10017=",
"42137099999","2023-12-12T03:00:00","4","29.7","77.0333333","249.0","KARNAL, IN","FM-12","99999","V020","999,9,C,0000,1","99999,9,9,N","000500,1,9,9","+0100,1","+0096,1","10167,1",,"4,1,02,1","4,1,02,1",,,,,"240,M,+0226,1","240,N,+0075,1","9,9,999,9,-003,1","44,1","SYN07442137 31993 00000 10100 20096 40167 74444 333 10226 20075 59003 555 10017=",
"42137099999","2023-12-13T03:00:00","4","29.7","77.0333333","249.0","KARNAL, IN","FM-12","99999","V020","999,9,C,0000,1","99999,9,9,N","000500,1,9,9","+0080,1","+0063,1","10188,1",,"4,1,02,1","2,1,02,1",,,,,"240,M,+0227,1","240,N,+0060,1","9,9,999,9,+018,1","41,1","SYN07442137 31993 00000 10080 20063 40188 74142 333 10227 20060 58018 555 10017=",
"42137099999","2023-12-14T03:00:00","4","29.7","77.0333333","249.0","KARNAL, IN","FM-12","99999","V020","999,9,C,0000,1","99999,9,9,N","002000,1,9,9","+0086,1","+0073,1","10185,1",,"0,1,02,1","0,1,02,1",,,,,"240,M,+0218,1","240,N,+0060,1","9,9,999,9,-002,1","10,1","SYN07442137 31995 00000 10086 20073 40185 71000 333 10218 20060 59002 555 10017=",
"42137099999","2023-12-15T03:00:00","4","29.7","77.0333333","249.0","KARNAL, IN","FM-12","99999","V020","999,9,C,0000,1","99999,9,9,N","000500,1,9,9","+0074,1","+0065,1","10210,1",,"4,1,02,1","2,1,02,1",,,,,"240,M,+0225,1","240,N,+0056,1","9,9,999,9,+024,1","42,1","SYN07442137 31993 00000 10074 20065 40210 74242 333 10225 20056 58024 555 10017=",
"42137099999","2023-12-16T03:00:00","4","29.7","77.0333333","249.0","KARNAL, IN","FM-12","99999","V020","999,9,C,0000,1","22000,1,9,N","000500,1,9,9","+0068,1","+0055,1","10199,1",,"4,1,02,1","2,1,02,1","99,9,+99999,9,00,1",,"9,AGL   ,+99999,+99999","04,99,1,00,1,99,9,99999,9,99,9,99,9","240,M,+0222,1","240,N,+0051,1","9,9,999,9,-011,1","12,1","SYN08042137 31993 40000 10068 20055 40199 71242 80001 333 10222 20051 59011 555 10017=","Q01    003SCCGA1"
"42137099999","2023-12-18T03:00:00","4","29.7","77.0333333","249.0","KARNAL, IN","FM-12","99999","V020","999,9,C,0000,1","99999,9,9,N","000500,1,9,9","+0094,1","+0086,1","10221,1",,"0,1,02,1","0,1,02,1",,,,,"240,M,+0214,1","240,N,+0063,1","9,9,999,9,+000,1","10,1","SYN07442137 31993 00000 10094 20086 40221 71000 333 10214 20063 58000 555 10017=",
"42137099999","2023-12-19T03:00:00","4","29.7","77.0333333","249.0","KARNAL, IN","FM-12","99999","V020","999,9,C,0000,1","99999,9,9,N","001000,1,9,9","+0080,1","+0071,1","10220,1",,"0,1,02,1","0,1,02,1",,,,,"240,M,+0218,1","240,N,+0061,1","9,9,999,9,-003,1","10,1","SYN07442137 31994 00000 10080 20071 40220 71000 333 10218 20061 59003 555 10017=",
"42137099999","2023-12-20T03:00:00","4","29.7","77.0333333","249.0","KARNAL, IN","FM-12","99999","V020","999,9,C,0000,1","99999,9,9,N","001000,1,9,9","+0082,1","+0065,1","10223,1",,"0,1,02,1","0,1,02,1",,,,,"240,M,+0214,1","240,N,+0058,1","9,9,999,9,+003,1","10,1","SYN07442137 31994 00000 10082 20065 40223 71000 333 10214 20058 58003 555 10017=",
"42137099999","2023-12-21T03:00:00","4","29.7","77.0333333","249.0","KARNAL, IN","FM-12","99999","V020","999,9,C,0000,1","99999,9,9,N","000500,1,9,9","+0066,1","+0062,1","10202,1",,"4,1,02,1","2,1,02,1",,,,,"240,M,+0207,1","240,N,+0044,1","9,9,999,9,-022,1","42,1","SYN07442137 31993 00000 10066 20062 40202 74242 333 10207 20044 59022 555 10017=",
"42137099999","2023-12-22T03:00:00","4","29.7","77.0333333","249.0","KARNAL, IN","FM-12","99999","V020","999,9,C,0000,1","99999,9,9,N","000200,1,9,9","+0066,1","+0057,1","10203,1",,"4,1,02,1","2,1,02,1",,,,,"240,M,+0212,1","240,N,+0051,1","9,9,999,9,+001,1","42,1","SYN07442137 31992 00000 10066 20057 40203 74242 333 10212 20051 58001 555 10017=",
"42137099999","2023-12-23T03:00:00","4","29.7","77.0333333","249.0","KARNAL, IN","FM-12","99999","V020","999,9,C,0000,1","22000,1,9,N","001000,1,9,9","+0108,1","+0100,1","10220,1",,"1,1,02,1","1,1,02,1","03,1,+01250,1,06,1",,"9,AGL   ,+99999,+99999","03,99,1,03,1,99,9,01250,1,99,9,99,9","240,M,+0225,1","240,N,+0087,1","9,9,999,9,+021,1","10,1","SYN08042137 31694 30000 10108 20100 40220 71011 83400 333 10225 20087 58021 555 10017=",
"42137099999","2023-12-27T03:00:00","4","29.7","77.0333333","249.0","KARNAL, IN","FM-12","99999","V020","999,9,C,0000,1","00030,1,W,N","000049,1,9,9","+0094,1","+0094,1","10227,1",,"4,1,02,1","4,1,02,1","09,1,+99999,9,99,9",,"9,AGL   ,+99999,+99999","09,99,1,09,1,99,9,99999,9,99,9,99,9","240,M,+0162,1","240,N,+0085,1","9,9,999,9,+024,1","45,1","SYN08042137 31/90 90000 10094 20094 40227 74544 89/// 333 10162 20085 58024 555 10017=",
"42137099999","2023-12-28T03:00:00","4","29.7","77.0333333","249.0","KARNAL, IN","FM-12","99999","V020","999,9,C,0000,1","00030,1,W,N","000050,1,9,9","+0100,1","+0100,1","10208,1",,,,"09,1,+99999,9,99,9",,"9,AGL   ,+99999,+99999","09,99,1,09,1,99,9,99999,9,99,9,99,9","240,M,+0207,1","240,N,+0094,1","9,9,999,9,-020,1",,"SYN07442137 31/91 90000 10100 20100 40208 89/// 333 10207 20094 59020 555 10017=",
"42137099999","2023-12-29T03:00:00","4","29.7","77.0333333","249.0","KARNAL, IN","FM-12","99999","V020","999,9,C,0000,1","00030,1,W,N","000049,1,9,9","+0102,1","+0102,1","10224,1",,"4,1,02,1","4,1,02,1","09,1,+99999,9,99,9",,"9,AGL   ,+99999,+99999","09,99,1,09,1,99,9,99999,9,99,9,99,9","240,M,+0128,1","240,N,+0094,1","9,9,999,9,+015,1","45,1","SYN08042137 31/90 90000 10102 20102 40224 74544 89/// 333 10128 20094 58015 555 10017=",
"42137099999","2023-12-30T03:00:00","4","29.7","77.0333333","249.0","KARNAL, IN","FM-12","99999","V020","999,9,C,0000,1","00030,1,W,N","000050,1,9,9","+0104,1","+0104,1","10209,1",,"4,1,02,1","4,1,02,1","09,1,+99999,9,99,9",,"9,AGL   ,+99999,+99999","09,99,1,09,1,99,9,99999,9,99,9,99,9","240,M,+0188,1","240,N,+0096,1","9,9,999,9,-014,1","45,1","SYN08042137 31/91 90000 10104 20104 40209 74544 89/// 333 10188 20096 59014 555 10017=",
