"STATION","DATE","SOURCE","LATITUDE","LONGITUDE","ELEVATION","NAME","REPORT_TYPE","CALL_SIGN","QUALITY_CONTROL","WND","CIG","VIS","TMP","DEW","SLP","AA1","AY1","AY2","GA1","GA2","GA3","GE1","GF1","KA1","KA2","MD1","MW1","REM","EQD"
"42262099999","2023-01-01T03:00:00","4","27.8833333","78.0666666","187.0","ALIGARH, IN","FM-12","99999","V020","999,9,C,0000,1","00060,1,W,N","000200,1,9,9","+0090,1","+0073,1","10220,1",,"4,1,02,1","4,1,02,1","09,1,+99999,9,99,9",,,"9,AGL   ,+99999,+99999","09,99,1,09,1,99,9,99999,9,99,9,99,9","240,M,+0204,1","240,N,+0074,1","9,9,999,9,+007,1","43,1","SYN08042262 31/92 90000 10090 20073 40220 74344 89/// 333 10204 20074 58007 555 10000=",
"42262099999","2023-01-01T12:00:00","4","27.8833333","78.0666666","187.0","ALIGARH, IN","FM-12","99999","V020","320,1,N,0021,1","99999,9,9,N","000500,1,9,9","+0152,1","+0127,1","10205,1",,"2,1,02,1","1,1,02,1","99,9,+99999,9,00,1",,,"9,AGL   ,+99999,+99999","05,99,1,00,1,99,9,99999,9,99,9,99,9","240,M,+0178,1",,"9,9,999,9,+023,1","42,1","SYN06442262 31993 53204 10152 20127 40205 74221 80001 333 10178 58023=","Q01    003SCCGA1"
"42262099999","2023-01-02T03:00:00","4","27.8833333","78.0666666","187.0","ALIGARH, IN","FM-12","99999","V020","360,1,N,0010,1","00030,1,W,N","000050,1,9,9","+0108,1","+0100,1","10232,1",,"4,1,02,1","4,1,02,1","09,1,+99999,9,99,9",,,"9,AGL   ,+99999,+99999","09,99,1,09,1,99,9,99999,9,99,9,99,9","240,M,+0178,1","240,N,+0082,1","9,9,999,9,+013,1","43,1","SYN08042262 31/91 93602 10108 20100 40232 74344 89/// 333 10178 20082 58013 555 10000=",
"42262099999","2023-01-03T03:00:00","4","27.8833333","78.0666666","187.0","ALIGARH, IN","FM-12","99999","V020","999,9,C,0000,1","00240,1,W,N","001000,1,9,9","+0102,1","+0081,1","10240,1",,"0,1,02,1","0,1,02,1","09,1,+99999,9,99,9",,,"9,AGL   ,+99999,+99999","09,99,1,09,1,99,9,99999,9,99,9,99,9","240,M,+0124,1","240,N,+0092,1","9,9,999,9,+022,1","43,1","SYN08042262 31/94 90000 10102 20081 40240 74300 89/// 333 10124 20092 58022 555 10000=",
"42262099999","2023-01-03T12:00:00","4","27.8833333","78.0666666","187.0","ALIGARH, IN","FM-12","99999","V020","320,1,N,0010,1","99999,9,9,N","000500,1,9,9","+0130,1","+0091,1","10214,1",,"0,1,02,1","0,1,02,1",,,,,,"240,M,+0144,1",,"9,9,999,9,-012,1","42,1","SYN05842262 31993 03202 10130 20091 40214 74200 333 10144 59012=",
"42262099999","2023-01-04T03:00:00","4","27.8833333","78.0666666","187.0","ALIGARH, IN","FM-12","99999","V020","320,1,N,0021,1","00060,1,W,N","000200,1,9,9","+0090,1","+0073,1","10247,1",,"4,1,02,1","4,1,02,1","09,1,+99999,9,99,9",,,"9,AGL   ,+99999,+99999","09,99,1,09,1,99,9,99999,9,99,9,99,9","240,M,+0144,1","240,N,+0076,1","9,9,999,9,+006,1","43,1","SYN07042262 31/92 93204 10090 20073 40247 74344 89/// 333 10144 20076 58006=",
"42262099999","2023-01-04T12:00:00","4","27.8833333","78.0666666","187.0","ALIGARH, IN","FM-12","99999","V020","050,1,N,0015,1","99999,9,9,N","000200,1,9,9","+0108,1","+0088,1","10216,1",,"0,1,02,1","0,1,02,1",,,,,,,,"9,9,999,9,+002,1","42,1","SYN05842262 31992 00503 10108 20088 40216 74200 333 10146 58002=",
"42262099999","2023-01-05T03:00:00","4","27.8833333","78.0666666","187.0","ALIGARH, IN","FM-12","99999","V020","320,1,N,0021,1","00030,1,W,N","000050,1,9,9","+0074,1","+0070,1","10253,1",,"4,1,02,1","4,1,02,1","09,1,+99999,9,99,9",,,"9,AGL   ,+99999,+99999","09,99,1,09,1,99,9,99999,9,99,9,99,9","240,M,+0146,1","240,N,+0066,1","9,9,999,9,+004,1","43,1","SYN08042262 31/91 93204 10074 20070 40253 74344 89/// 333 10146 20066 58004 555 10000=",
"42262099999","2023-01-06T12:00:00","4","27.8833333","78.0666666","187.0","ALIGARH, IN","FM-12","99999","V020","230,1,N,0010,1","22000,1,9,N","000500,1,9,9","+0120,1","+0079,1","10234,1",,"0,1,02,1","0,1,02,1","99,9,+99999,9,00,1",,,"9,AGL   ,+99999,+99999","02,99,1,00,1,99,9,99999,9,99,9,99,9",,,"9,9,999,9,+004,1","10,1","SYN06442262 31993 22302 10120 20079 40234 71000 80001 333 10146 58004=","Q01    003SCCGA1"
"42262099999","2023-01-07T12:00:00","4","27.8833333","78.0666666","187.0","ALIGARH, IN","FM-12","99999","V020","320,1,N,0010,1","99999,9,9,N","000500,1,9,9","+0132,1","+0109,1","10202,1",,"0,1,02,1","0,1,02,1",,,,,,,,"9,9,999,9,-022,1","42,1","SYN05842262 31993 03202 10132 20109 40202 74200 333 10154 59022=",
"42262099999","2023-01-08T03:00:00","4","27.8833333","78.0666666","187.0","ALIGARH, IN","FM-12","99999","V020","999,9,C,0000,1","00030,1,W,N","000049,1,9,9","+0058,1","+0053,1","10211,1",,"4,1,02,1","4,1,02,1","09,1,+99999,9,99,9",,,"9,AGL   ,+99999,+99999","09,99,1,09,1,99,9,99999,9,99,9,99,9","240,M,+0154,1","240,N,+0044,1","9,9,999,9,-033,1","43,1","SYN08042262 31/90 90000 10058 20053 40211 74344 89/// 333 10154 20044 59033 555 10000=",
"42262099999","2023-01-08T12:00:00","4","27.8833333","78.0666666","187.0","ALIGARH, IN","FM-12","99999","V020","320,1,N,0010,1","22000,1,9,9","000500,1,9,9","+0115,1","+0098,1","10188,1","99,9999,9,9","4,1,99,9","4,1,99,9",,,,,"00,99,1,99,9,99,9,99999,9,99,9,99,9",,,"9,9,999,9,-014,1","42,1","SYN004BUFR",
"42262099999","2023-01-09T03:00:00","4","27.8833333","78.0666666","187.0","ALIGARH, IN","FM-12","99999","V020","320,1,N,0010,1","00030,1,W,N","000049,1,9,9","+0074,1","+0074,1","10226,1",,"4,1,02,1","4,1,02,1","09,1,+99999,9,99,9",,,"9,AGL   ,+99999,+99999","09,99,1,09,1,99,9,99999,9,99,9,99,9","240,M,+0134,1","240,N,+0056,1","9,9,999,9,+017,1","43,1","SYN08042262 31/90 93202 10074 20074 40226 74344 89/// 333 10134 20056 58017 555 10000=",
"42262099999","2023-01-09T12:00:00","4","27.8833333","78.0666666","187.0","ALIGARH, IN","FM-12","99999","V020","320,1,N,0010,1","22000,1,9,N","000200,1,9,9","+0126,1","+0115,1","10195,1",,"0,1,02,1","0,1,02,1","99,9,+99999,9,00,1",,,"9,AGL   ,+99999,+99999","03,99,1,00,1,99,9,99999,9,99,9,99,9",,,"9,9,999,9,+007,1","42,1","SYN06442262 31992 33202 10126 20115 40195 74200 80001 333 10140 58007=","Q01    003SCCGA1"
"42262099999","2023-01-10T03:00:00","4","27.8833333","78.0666666","187.0","ALIGARH, IN","FM-12","99999","V020","320,1,N,0010,1","00030,1,W,N","000049,1,9,9","+0084,1","+0084,1","10215,1",,"4,1,02,1","4,1,02,1","09,1,+99999,9,99,9",,,"9,AGL   ,+99999,+99999","09,99,1,09,1,99,9,99999,9,99,9,99,9","240,M,+0140,1","240,N,+0076,1","9,9,999,9,-010,1","43,1","SYN08042262 31/90 93202 10084 20084 40215 74344 89/// 333 10140 20076 59010 555 10000=",
"42262099999","2023-01-10T12:00:00","4","27.8833333","78.0666666","187.0","ALIGARH, IN","FM-12","99999","V020","320,1,N,0010,1","99999,9,9,N","000500,1,9,9","+0158,1","+0129,1","10171,1",,"0,1,02,1","0,1,02,1",,,,,,"240,M,+0174,1",,"9,9,999,9,-021,1","42,1","SYN05842262 31993 03202 10158 20129 40171 74200 333 10174 59021=",
"42262099999","2023-01-11T03:00:00","4","27.8833333","78.0666666","187.0","ALIGARH, IN","FM-12","99999","V020","050,1,N,0010,1","00030,1,W,N","000049,1,9,9","+0088,1","+0084,1","10174,1",,"4,1,02,1","4,1,02,1","09,1,+99999,9,99,9",,,"9,AGL   ,+99999,+99999","09,99,1,09,1,99,9,99999,9,99,9,99,9","240,M,+0174,1","240,N,+0070,1","9,9,999,9,-040,1","43,1","SYN08042262 31/90 90502 10088 20084 40174 74344 89/// 333 10174 20070 59040 555 10000=",
"42262099999","2023-01-11T12:00:00","4","27.8833333","78.0666666","187.0","ALIGARH, IN","FM-12","99999","V020","050,1,N,0031,1","22000,1,9,N","000200,1,9,9","+0138,1","+0119,1","10132,1",,"0,1,02,1","0,1,02,1","99,9,+99999,9,00,1",,,"9,AGL   ,+99999,+99999","02,99,1,00,1,99,9,99999,9,99,9,99,9",,,"9,9,999,9,-040,1","42,1","SYN06442262 31992 20506 10138 20119 40132 74200 80001 333 10150 59040=","Q01    003SCCGA1"
"42262099999","2023-01-12T03:00:00","4","27.8833333","78.0666666","187.0","ALIGARH, IN","FM-12","99999","V020","050,1,N,0036,1","99999,9,9,N","000500,1,9,9","+0102,1","+0094,1","10140,1",,"4,1,02,1","4,1,02,1","99,9,+99999,9,00,1",,,"9,AGL   ,+99999,+99999","05,99,1,00,1,99,9,99999,9,99,9,99,9","240,M,+0150,1","240,N,+0090,1","9,9,999,9,-031,1","42,1","SYN08042262 31993 50507 10102 20094 40140 74244 80002 333 10150 20090 59031 555 10000=","Q01    003SCCGA1"
"42262099999","2023-01-12T12:00:00","4","27.8833333","78.0666666","187.0","ALIGARH, IN","FM-12","99999","V020","050,1,N,0021,1","22000,1,9,N","000500,1,9,9","+0168,1","+0129,1","10110,1",,"0,1,02,1","0,1,02,1","99,9,+99999,9,00,1",,,"9,AGL   ,+99999,+99999","04,99,1,00,1,99,9,99999,9,99,9,99,9",,,"9,9,999,9,-029,1","42,1","SYN06442262 31993 40504 10168 20129 40110 74200 80002 333 10194 59029=","Q01    003SCCGA1"
"42262099999","2023-01-13T03:00:00","4","27.8833333","78.0666666","187.0","ALIGARH, IN","FM-12","99999","V020","050,1,N,0021,1","99999,9,9,N","001000,1,9,9","+0132,1","+0107,1","10143,1",,"2,1,02,1","1,1,02,1","01,1,+01750,1,03,1","99,9,+99999,9,00,1",,"9,AGL   ,+99999,+99999","06,99,1,01,1,99,9,01750,1,99,9,99,9","240,M,+0194,1","240,N,+0112,1","9,9,999,9,+005,1","10,1","SYN08042262 31794 60504 10132 20107 40143 71021 81032 333 10194 20112 58005 555 10000=",
"42262099999","2023-01-13T12:00:00","4","27.8833333","78.0666666","187.0","ALIGARH, IN","FM-12","99999","V020","050,1,N,0015,1","99999,9,9,N","001000,1,9,9","+0188,1","+0143,1","10124,1",,"2,1,02,1","1,1,02,1","02,1,+01750,1,05,1","99,9,+99999,9,00,1",,"9,AGL   ,+99999,+99999","06,99,1,02,1,99,9,01750,1,99,9,99,9",,,"9,9,999,9,+016,1","10,1","SYN06442262 31794 60503 10188 20143 40124 71021 82022 333 10206 58016=",
"42262099999","2023-01-14T03:00:00","4","27.8833333","78.0666666","187.0","ALIGARH, IN","FM-12","99999","V020","320,1,N,0026,1","99999,9,9,N","000500,1,9,9","+0138,1","+0119,1","10175,1",,"2,1,02,1","2,1,02,1","02,1,+01750,1,05,1","99,9,+99999,9,00,1",,"9,AGL   ,+99999,+99999","07,99,1,02,1,99,9,01750,1,99,9,99,9","240,M,+0206,1","240,N,+0130,1","9,9,999,9,+031,1","42,1","SYN08042262 31793 73205 10138 20119 40175 74222 82022 333 10206 20130 58031 555 10000=",
"42262099999","2023-01-14T12:00:00","4","27.8833333","78.0666666","187.0","ALIGARH, IN","FM-12","99999","V020","320,1,N,0021,1","99999,9,9,N","001000,1,9,9","+0162,1","+0126,1","10150,1",,"0,1,02,1","0,1,02,1",,,,,,,,"9,9,999,9,+023,1","10,1","SYN05842262 31994 03204 10162 20126 40150 71000 333 10174 58023=",
"42262099999","2023-01-15T03:00:00","4","27.8833333","78.0666666","187.0","ALIGARH, IN","FM-12","99999","V020","320,1,N,0021,1","99999,9,9,N","004000,1,9,9","+0068,1","+0025,1","10178,1",,,,,,,,,"240,M,+0174,1","240,N,+0052,1","9,9,999,9,-002,1",,"SYN06842262 32996 03204 10068 20025 40178 333 10174 20052 59002 555 10000=",
"42262099999","2023-01-15T12:00:00","4","27.8833333","78.0666666","187.0","ALIGARH, IN","FM-12","99999","V020","320,1,N,0036,1","99999,9,9,N","002000,1,9,9","+0140,1","+0066,1","10144,1",,"0,1,02,1","0,1,02,1",,,,,,"240,M,+0158,1",,"9,9,999,9,-007,1","05,1","SYN05842262 31995 03207 10140 20066 40144 70500 333 10158 59007=",
"42262099999","2023-01-16T03:00:00","4","27.8833333","78.0666666","187.0","ALIGARH, IN","FM-12","99999","V020","270,1,N,0010,1","99999,9,9,N","002000,1,9,9","+0064,1","+0025,1","10186,1",,"0,1,02,1","0,1,02,1",,,,,,"240,M,+0158,1","240,N,+0044,1","9,9,999,9,+008,1","05,1","SYN07442262 31995 02702 10064 20025 40186 70500 333 10158 20044 58008 555 10000=",
"42262099999","2023-01-17T03:00:00","4","27.8833333","78.0666666","187.0","ALIGARH, IN","FM-12","99999","V020","270,1,N,0010,1","99999,9,9,N","001000,1,9,9","+0068,1","+0040,1","10187,1",,"0,1,02,1","0,1,02,1",,,,,,"240,M,+0184,1","240,N,+0050,1","9,9,999,9,+001,1","10,1","SYN07442262 31994 02702 10068 20040 40187 71000 333 10184 20050 58001 555 10000=",
"42262099999","2023-01-17T12:00:00","4","27.8833333","78.0666666","187.0","ALIGARH, IN","FM-12","99999","V020","320,1,N,0021,1","99999,9,9,N","002000,1,9,9","+0154,1","+0069,1","10159,1",,"0,1,02,1","0,1,02,1",,,,,,"240,M,+0184,1",,"9,9,999,9,-001,1","05,1","SYN05842262 31995 03204 10154 20069 40159 70500 333 10184 59001=",
"42262099999","2023-01-18T03:00:00","4","27.8833333","78.0666666","187.0","ALIGARH, IN","FM-12","99999","V020","320,1,N,0010,1","99999,9,9,N","001000,1,9,9","+0066,1","+0031,1","10218,1",,"0,1,02,1","0,1,02,1",,,,,,"240,M,+0184,1","240,N,+0038,1","9,9,999,9,+029,1","10,1","SYN07442262 31994 03202 10066 20031 40218 71000 333 10184 20038 58029 555 10000=",
"42262099999","2023-01-18T12:00:00","4","27.8833333","78.0666666","187.0","ALIGARH, IN","FM-12","99999","V020","320,1,N,0021,1","99999,9,9,N","001000,1,9,9","+0164,1","+0057,1","10176,1",,"0,1,02,1","0,1,02,1",,,,,,,,"9,9,999,9,+018,1","05,1","SYN05842262 31994 03204 10164 20057 40176 70500 333 10190 58018=",
"42262099999","2023-01-19T03:00:00","4","27.8833333","78.0666666","187.0","ALIGARH, IN","FM-12","99999","V020","270,1,N,0010,1","99999,9,9,N","001000,1,9,9","+0076,1","+0049,1","10215,1",,"0,1,02,1","0,1,02,1",,,,,,"240,M,+0190,1","240,N,+0058,1","9,9,999,9,-002,1","10,1","SYN07442262 31994 02702 10076 20049 40215 71000 333 10190 20058 59002 555 10000=",
"42262099999","2023-01-19T12:00:00","4","27.8833333","78.0666666","187.0","ALIGARH, IN","FM-12","99999","V020","320,1,N,0010,1","22000,1,9,N","001000,1,9,9","+0168,1","+0096,1","10173,1",,"2,1,02,1","1,1,02,1","99,9,+99999,9,00,1",,,"9,AGL   ,+99999,+99999","04,99,1,00,1,99,9,99999,9,99,9,99,9","240,M,+0200,1",,"9,9,999,9,-003,1","05,1","SYN06442262 31994 43202 10168 20096 40173 70521 80002 333 10200 59003=","Q01    003SCCGA1"
"42262099999","2023-01-20T03:00:00","4","27.8833333","78.0666666","187.0","ALIGARH, IN","FM-12","99999","V020","999,9,C,0000,1","22000,1,9,N","000500,1,9,9","+0116,1","+0092,1","10185,1",,"2,1,02,1","1,1,02,1","99,9,+99999,9,00,1",,,"9,AGL   ,+99999,+99999","03,99,1,00,1,99,9,99999,9,99,9,99,9","240,M,+0200,1","240,N,+0104,1","9,9,999,9,-025,1","42,1","SYN08042262 31993 30000 10116 20092 40185 74221 80002 333 10200 20104 59025 555 10000=","Q01    003SCCGA1"
"42262099999","2023-01-20T12:00:00","4","27.8833333","78.0666666","187.0","ALIGARH, IN","FM-12","99999","V020","050,1,N,0010,1","99999,9,9,N","001000,1,9,9","+0170,1","+0102,1","10160,1",,"2,1,02,1","2,1,02,1","99,9,+99999,9,00,1",,,"9,AGL   ,+99999,+99999","06,99,1,00,1,99,9,99999,9,99,9,99,9",,,"9,9,999,9,-013,1","05,1","SYN06442262 31994 60502 10170 20102 40160 70522 80002 333 10202 59013=","Q01    003SCCGA1"
"42262099999","2023-01-21T03:00:00","4","27.8833333","78.0666666","187.0","ALIGARH, IN","FM-12","99999","V020","999,9,C,0000,1","99999,9,9,N","000200,1,9,9","+0104,1","+0084,1","10186,1",,"4,1,02,1","4,1,02,1",,,,,,"240,M,+0202,1","240,N,+0082,1","9,9,999,9,+000,1","42,1","SYN07442262 31992 00000 10104 20084 40186 74244 333 10202 20082 58000 555 10000=",
"42262099999","2023-01-21T12:00:00","4","27.8833333","78.0666666","187.0","ALIGARH, IN","FM-12","99999","V020","050,1,N,0010,1","99999,9,9,N","002000,1,9,9","+0200,1","+0095,1","10138,1",,"0,1,02,1","0,1,02,1",,,,,,"240,M,+0236,1",,"9,9,999,9,-018,1","05,1","SYN05842262 31995 00502 10200 20095 40138 70500 333 10236 59018=",
"42262099999","2023-01-22T03:00:00","4","27.8833333","78.0666666","187.0","ALIGARH, IN","FM-12","99999","V020","360,1,N,0010,1","22000,1,9,N","000200,1,9,9","+0118,1","+0090,1","10171,1",,"2,1,02,1","1,1,02,1","99,9,+99999,9,00,1",,,"9,AGL   ,+99999,+99999","04,99,1,00,1,99,9,99999,9,99,9,99,9","240,M,+0236,1","240,N,+0096,1","9,9,999,9,-014,1","10,1","SYN08042262 31992 43602 10118 20090 40171 71021 80001 333 10236 20096 59014 555 10000=","Q01    003SCCGA1"
"42262099999","2023-01-22T12:00:00","4","27.8833333","78.0666666","187.0","ALIGARH, IN","FM-12","99999","V020","050,1,N,0021,1","99999,9,9,N","002000,1,9,9","+0206,1","+0092,1","10147,1",,"2,1,02,1","2,1,02,1","99,9,+99999,9,00,1",,,"9,AGL   ,+99999,+99999","06,99,1,00,1,99,9,99999,9,99,9,99,9","240,M,+0242,1",,"9,9,999,9,+008,1","05,1","SYN06442262 31995 60504 10206 20092 40147 70522 80002 333 10242 58008=","Q01    003SCCGA1"
"42262099999","2023-01-23T12:00:00","4","27.8833333","78.0666666","187.0","ALIGARH, IN","FM-12","99999","V020","050,1,N,0015,1","99999,9,9,N","002000,1,9,9","+0218,1","+0159,1","10126,1",,"2,1,02,1","2,1,02,1","02,1,+01750,1,05,1","99,9,+99999,9,00,1",,"9,AGL   ,+99999,+99999","07,99,1,02,1,99,9,01750,1,99,9,99,9",,,"9,9,999,9,-020,1","05,1","SYN06442262 31795 70503 10218 20159 40126 70522 82022 333 10244 59020=",
"42262099999","2023-01-24T03:00:00","4","27.8833333","78.0666666","187.0","ALIGARH, IN","FM-12","99999","V020","050,1,N,0036,1","99999,9,9,N","002000,1,9,9","+0156,1","+0142,1","10153,1","24,0060,3,1","6,1,02,1","2,1,02,1","02,1,+01750,1,05,1","99,9,+99999,9,00,1",,"9,AGL   ,+99999,+99999","07,99,1,02,1,99,9,01750,1,99,9,99,9","240,M,+0244,1","240,N,+0144,1","9,9,999,9,-017,1","05,1","SYN07642262 21795 70507 10156 20142 40153 70562 82022 333 10244 20144 59017 6006/=",
"42262099999","2023-01-24T12:00:00","4","27.8833333","78.0666666","187.0","ALIGARH, IN","FM-12","99999","V020","050,1,N,0036,1","99999,9,9,N","002000,1,9,9","+0180,1","+0156,1","10126,1","09,0000,2,1","2,1,02,1","2,1,02,1","02,1,+01750,1,05,1","99,9,+99999,9,00,1",,"9,AGL   ,+99999,+99999","07,99,1,02,1,99,9,01750,1,99,9,99,9",,,"9,9,999,9,-001,1","50,1","SYN07042262 21795 70507 10180 20156 40126 75022 82022 333 10196 59001 6990/=",
"42262099999","2023-01-25T03:00:00","4","27.8833333","78.0666666","187.0","ALIGARH, IN","FM-12","99999","V020","320,1,N,0010,1","99999,9,9,N","002000,1,9,9","+0148,1","+0134,1","10163,1","24,0000,2,1","2,1,02,1","2,1,02,1","02,1,+01750,1,05,1","99,9,+99999,9,00,1",,"9,AGL   ,+99999,+99999","06,99,1,02,1,99,9,01750,1,99,9,99,9","240,M,+0196,1","240,N,+0138,1","9,9,999,9,+009,1","10,1","SYN08642262 21795 63202 10148 20134 40163 71022 82022 333 10196 20138 58009 6990/ 555 10006=",
"42262099999","2023-01-25T12:00:00","4","27.8833333","78.0666666","187.0","ALIGARH, IN","FM-12","99999","V020","050,1,N,0010,1","99999,9,9,N","000500,1,9,9","+0186,1","+0170,1","10145,1","09,0000,9,1","2,1,02,1","2,1,02,1","02,1,+01750,1,05,1","99,9,+99999,9,00,1",,"9,AGL   ,+99999,+99999","07,99,1,02,1,99,9,01750,1,99,9,99,9","240,M,+0194,1",,"9,9,999,9,+018,1","10,1","SYN07042262 21793 70502 10186 20170 40145 71022 82022 333 10194 58018 6990/=","Q01  00002PRCP09"
"42262099999","2023-01-26T03:00:00","4","27.8833333","78.0666666","187.0","ALIGARH, IN","FM-12","99999","V020","320,1,N,0021,1","99999,9,9,N","000200,1,9,9","+0154,1","+0143,1","10189,1","24,0000,9,1","2,1,02,1","2,1,02,1","02,1,+01750,1,05,1","99,9,+99999,9,00,1",,"9,AGL   ,+99999,+99999","07,99,1,02,1,99,9,01750,1,99,9,99,9","240,M,+0194,1","240,N,+0146,1","9,9,999,9,+027,1","42,1","SYN08642262 21792 73204 10154 20143 40189 74222 82022 333 10194 20146 58027 6990/ 555 10006=","Q01  00002PRCP24"
"42262099999","2023-01-26T12:00:00","4","27.8833333","78.0666666","187.0","ALIGARH, IN","FM-12","99999","V020","320,1,N,0031,1","99999,9,9,N","000500,1,9,9","+0188,1","+0161,1","10161,1",,"4,1,02,1","4,1,02,1","01,1,+01750,1,05,1","99,9,+99999,9,00,1",,"9,AGL   ,+99999,+99999","05,99,1,01,1,99,9,01750,1,99,9,99,9",,,"9,9,999,9,+016,1","42,1","SYN06442262 31793 53206 10188 20161 40161 74244 81022 333 10202 58016=",
"42262099999","2023-01-27T03:00:00","4","27.8833333","78.0666666","187.0","ALIGARH, IN","FM-12","99999","V020","320,1,N,0021,1","99999,9,9,N","001000,1,9,9","+0090,1","+0069,1","10205,1",,"0,1,02,1","0,1,02,1",,,,,,"240,M,+0202,1","240,N,+0074,1","9,9,999,9,+010,1","10,1","SYN07442262 31994 03204 10090 20069 40205 71000 333 10202 20074 58010 555 10006=",
"42262099999","2023-01-27T12:00:00","4","27.8833333","78.0666666","187.0","ALIGARH, IN","FM-12","99999","V020","320,1,N,0031,1","99999,9,9,N","002000,1,9,9","+0178,1","+0090,1","10174,1",,"0,1,02,1","0,1,02,1",,,,,,,,"9,9,999,9,+011,1","05,1","SYN05842262 31995 03206 10178 20090 40174 70500 333 10214 58011=",
"42262099999","2023-01-28T03:00:00","4","27.8833333","78.0666666","187.0","ALIGARH, IN","FM-12","99999","V020","320,1,N,0026,1","99999,9,9,N","002000,1,9,9","+0090,1","+0050,1","10175,1",,"0,1,02,1","0,1,02,1",,,,,,"240,M,+0214,1","240,N,+0072,1","9,9,999,9,-029,1","10,1","SYN07442262 31995 03205 10090 20050 40175 71000 333 10214 20072 59029 555 10006=",
"42262099999","2023-01-28T12:00:00","4","27.8833333","78.0666666","187.0","ALIGARH, IN","FM-12","99999","V020","320,1,N,0021,1","99999,9,9,N","002000,1,9,9","+0194,1","+0110,1","10126,1",,"0,1,02,1","0,1,02,1",,,,,,,,"9,9,999,9,-035,1","05,1","SYN05842262 31995 03204 10194 20110 40126 70500 333 10226 59035=",
"42262099999","2023-01-29T03:00:00","4","27.8833333","78.0666666","187.0","ALIGARH, IN","FM-12","99999","V020","230,1,N,0010,1","99999,9,9,N","001000,1,9,9","+0128,1","+0097,1","10164,1",,"2,1,02,1","1,1,02,1","02,1,+01750,1,05,1","99,9,+99999,9,00,1",,"9,AGL   ,+99999,+99999","06,99,1,02,1,99,9,01750,1,99,9,99,9","240,M,+0226,1","240,N,+0104,1","9,9,999,9,-009,1","10,1","SYN08042262 31794 62302 10128 20097 40164 71021 82022 333 10226 20104 59009 555 10006=",
"42262099999","2023-01-29T12:00:00","4","27.8833333","78.0666666","187.0","ALIGARH, IN","FM-12","99999","V020","050,1,N,0031,1","99999,9,9,N","001000,1,9,9","+0166,1","+0130,1","10136,1","09,0006,3,1","2,1,02,1","1,1,02,1","02,1,+01750,1,05,1","99,9,+99999,9,00,1",,"9,AGL   ,+99999,+99999","07,99,1,02,1,99,9,01750,1,99,9,99,9","240,M,+0188,1",,"9,9,999,9,+008,1","10,1","SYN07042262 21794 70506 10166 20130 40136 71021 82022 333 10188 58008 6996/=",
"42262099999","2023-01-30T03:00:00","4","27.8833333","78.0666666","187.0","ALIGARH, IN","FM-12","99999","V020","050,1,N,0021,1","99999,9,9,N","002000,1,9,9","+0130,1","+0126,1","10200,1","24,0080,3,1","9,1,02,1","6,1,02,1","02,1,+00800,1,06,1","99,9,+99999,9,05,1",,"9,AGL   ,+99999,+99999","07,99,1,02,1,99,9,00800,1,99,9,99,9","240,M,+0188,1","240,N,+0120,1","9,9,999,9,+036,1","52,1","SYN09242262 21595 70504 10130 20126 40200 75296 82520 333 10188 20120 58036 6008/ 555 00084 10015=",
"42262099999","2023-01-30T12:00:00","4","27.8833333","78.0666666","187.0","ALIGARH, IN","FM-12","99999","V020","320,1,N,0010,1","22000,1,9,N","002000,1,9,9","+0160,1","+0150,1","10174,1","09,0030,3,1","2,1,02,1","1,1,02,1","01,1,+01750,1,03,1","99,9,+99999,9,00,1",,"9,AGL   ,+99999,+99999","03,99,1,01,1,99,9,01750,1,99,9,99,9",,,"9,9,999,9,+037,1","10,1","SYN07042262 21795 33202 10160 20150 40174 71021 81031 333 10168 58037 6003/=",
"42262099999","2023-01-31T03:00:00","4","27.8833333","78.0666666","187.0","ALIGARH, IN","FM-12","99999","V020","320,1,N,0010,1","22000,1,9,N","000500,1,9,9","+0144,1","+0140,1","10197,1","24,0030,3,1","4,1,02,1","0,1,02,1","99,9,+99999,9,00,1",,,"9,AGL   ,+99999,+99999","03,99,1,00,1,99,9,99999,9,99,9,99,9","240,M,+0168,1","240,N,+0122,1","9,9,999,9,-001,1","42,1","SYN09242262 21993 33202 10144 20140 40197 74240 80002 333 10168 20122 59001 6003/ 555 00034 10018=","Q01    003SCCGA1"
"42262099999","2023-01-31T12:00:00","4","27.8833333","78.0666666","187.0","ALIGARH, IN","FM-12","99999","V020","320,1,N,0031,1","99999,9,9,N","002000,1,9,9","+0188,1","+0158,1","10165,1",,"0,1,02,1","0,1,02,1",,,,,,"240,M,+0208,1",,"9,9,999,9,-007,1","10,1","SYN05842262 31995 03206 10188 20158 40165 71000 333 10208 59007=",
"42262099999","2023-02-01T03:00:00","4","27.8833333","78.0666666","187.0","ALIGARH, IN","FM-12","99999","V020","320,1,N,0046,1","00120,1,W,N","000500,1,9,9","+0120,1","+0105,1","10189,1",,"0,1,02,1","0,1,02,1","09,1,+99999,9,99,9",,,"9,AGL   ,+99999,+99999","09,99,1,09,1,99,9,99999,9,99,9,99,9","240,M,+0208,1","240,N,+0110,1","9,9,999,9,-010,1","43,1","SYN08042262 31/93 93209 10120 20105 40189 74300 89/// 333 10208 20110 59010 555 10018=",
"42262099999","2023-02-01T12:00:00","4","27.8833333","78.0666666","187.0","ALIGARH, IN","FM-12","99999","V020","320,1,N,0021,1","99999,9,9,N","002000,1,9,9","+0188,1","+0128,1","10154,1",,"0,1,02,1","0,1,02,1",,,,,,,,"9,9,999,9,-011,1","05,1","SYN05842262 31995 03204 10188 20128 40154 70500 333 10208 59011=",
"42262099999","2023-02-02T03:00:00","4","27.8833333","78.0666666","187.0","ALIGARH, IN","FM-12","99999","V020","320,1,N,0031,1","99999,9,9,N","002000,1,9,9","+0110,1","+0081,1","10175,1",,"0,1,02,1","0,1,02,1",,,,,,"240,M,+0208,1","240,N,+0088,1","9,9,999,9,-014,1","05,1","SYN07442262 31995 03206 10110 20081 40175 70500 333 10208 20088 59014 555 10018=",
"42262099999","2023-02-02T12:00:00","4","27.8833333","78.0666666","187.0","ALIGARH, IN","FM-12","99999","V020","320,1,N,0015,1","99999,9,9,N","002000,1,9,9","+0202,1","+0132,1","10144,1",,"0,1,02,1","0,1,02,1",,,,,,"240,M,+0232,1",,"9,9,999,9,-009,1","05,1","SYN05842262 31995 03203 10202 20132 40144 70500 333 10232 59009=",
"42262099999","2023-02-03T03:00:00","4","27.8833333","78.0666666","187.0","ALIGARH, IN","FM-12","99999","V020","230,1,N,0010,1","99999,9,9,N","004000,1,9,9","+0122,1","+0094,1","10182,1",,,,,,,,,"240,M,+0232,1","240,N,+0104,1","9,9,999,9,+007,1",,"SYN06842262 32996 02302 10122 20094 40182 333 10232 20104 58007 555 10018=",
"42262099999","2023-02-03T12:00:00","4","27.8833333","78.0666666","187.0","ALIGARH, IN","FM-12","99999","V020","320,1,N,0015,1","99999,9,9,N","004000,1,9,9","+0218,1","+0123,1","10150,1",,,,,,,,,,,"9,9,999,9,+006,1",,"SYN05242262 32996 03203 10218 20123 40150 333 10246 58006=",
"42262099999","2023-02-04T03:00:00","4","27.8833333","78.0666666","187.0","ALIGARH, IN","FM-12","99999","V020","320,1,N,0021,1","99999,9,9,N","002000,1,9,9","+0132,1","+0097,1","10153,1",,"0,1,02,1","0,1,02,1",,,,,,"240,M,+0246,1","240,N,+0110,1","9,9,999,9,-028,1","10,1","SYN06442262 31995 03204 10132 20097 40153 71000 333 10246 20110 59028=",
"42262099999","2023-02-04T12:00:00","4","27.8833333","78.0666666","187.0","ALIGARH, IN","FM-12","99999","V020","320,1,N,0021,1","99999,9,9,N","002000,1,9,9","+0222,1","+0140,1","10120,1",,"0,1,02,1","0,1,02,1",,,,,,,,"9,9,999,9,-028,1","05,1","SYN05842262 31995 03204 10222 20140 40120 70500 333 10248 59028=",
"42262099999","2023-02-05T03:00:00","4","27.8833333","78.0666666","187.0","ALIGARH, IN","FM-12","99999","V020","320,1,N,0015,1","99999,9,9,N","002000,1,9,9","+0140,1","+0106,1","10135,1",,"0,1,02,1","0,1,02,1",,,,,,"240,M,+0248,1","240,N,+0116,1","9,9,999,9,-016,1","10,1","SYN07442262 31995 03203 10140 20106 40135 71000 333 10248 20116 59016 555 10018=",
"42262099999","2023-02-05T12:00:00","4","27.8833333","78.0666666","187.0","ALIGARH, IN","FM-12","99999","V020","320,1,N,0015,1","99999,9,9,N","002000,1,9,9","+0236,1","+0137,1","10109,1",,"0,1,02,1","0,1,02,1",,,,,,,,"9,9,999,9,-010,1","05,1","SYN05842262 31995 03203 10236 20137 40109 70500 333 10258 59010=",
"42262099999","2023-02-06T03:00:00","4","27.8833333","78.0666666","187.0","ALIGARH, IN","FM-12","99999","V020","230,1,N,0010,1","99999,9,9,N","000500,1,9,9","+0140,1","+0118,1","10143,1",,"0,1,02,1","0,1,02,1",,,,,,"240,M,+0258,1","240,N,+0116,1","9,9,999,9,+008,1","42,1","SYN07442262 31993 02302 10140 20118 40143 74200 333 10258 20116 58008 555 10018=",
"42262099999","2023-02-06T12:00:00","4","27.8833333","78.0666666","187.0","ALIGARH, IN","FM-12","99999","V020","050,1,N,0010,1","22000,1,9,N","002000,1,9,9","+0242,1","+0167,1","10094,1",,"0,1,02,1","0,1,02,1","99,9,+99999,9,00,1",,,"9,AGL   ,+99999,+99999","01,99,1,00,1,99,9,99999,9,99,9,99,9","240,M,+0272,1",,"9,9,999,9,-014,1","05,1","SYN06442262 31995 10502 10242 20167 40094 70500 80001 333 10272 59014=","Q01    003SCCGA1"
"42262099999","2023-02-07T03:00:00","4","27.8833333","78.0666666","187.0","ALIGARH, IN","FM-12","99999","V020","230,1,N,0010,1","99999,9,9,N","001000,1,9,9","+0154,1","+0133,1","10116,1",,"0,1,02,1","0,1,02,1",,,,,,"240,M,+0272,1","240,N,+0134,1","9,9,999,9,-026,1","42,1","SYN07442262 31994 02302 10154 20133 40116 74200 333 10272 20134 59026 555 10018=",
"42262099999","2023-02-07T12:00:00","4","27.8833333","78.0666666","187.0","ALIGARH, IN","FM-12","99999","V020","320,1,N,0021,1","99999,9,9,N","002000,1,9,9","+0232,1","+0132,1","10099,1",,"0,1,02,1","0,1,02,1",,,,,,,,"9,9,999,9,+004,1","05,1","SYN05842262 31995 03204 10232 20132 40099 70500 333 10256 58004=",
"42262099999","2023-02-08T03:00:00","4","27.8833333","78.0666666","187.0","ALIGARH, IN","FM-12","99999","V020","320,1,N,0031,1","99999,9,9,N","002000,1,9,9","+0132,1","+0082,1","10153,1",,"0,1,02,1","0,1,02,1",,,,,,"240,M,+0256,1","240,N,+0108,1","9,9,999,9,+034,1","05,1","SYN07442262 31995 03206 10132 20082 40153 70500 333 10256 20108 58034 555 10018=",
"42262099999","2023-02-08T12:00:00","4","27.8833333","78.0666666","187.0","ALIGARH, IN","FM-12","99999","V020","320,1,N,0026,1","22000,1,9,N","002000,1,9,9","+0214,1","+0104,1","10126,1",,"0,1,02,1","0,1,02,1","99,9,+99999,9,00,1",,,"9,AGL   ,+99999,+99999","02,99,1,00,1,99,9,99999,9,99,9,99,9","240,M,+0242,1",,"9,9,999,9,+025,1","05,1","SYN06442262 31995 23205 10214 20104 40126 70500 80001 333 10242 58025=","Q01    003SCCGA1"
"42262099999","2023-02-09T03:00:00","4","27.8833333","78.0666666","187.0","ALIGARH, IN","FM-12","99999","V020","230,1,N,0010,1","22000,1,9,N","002000,1,9,9","+0134,1","+0095,1","10145,1",,"0,1,02,1","0,1,02,1","99,9,+99999,9,00,1",,,"9,AGL   ,+99999,+99999","01,99,1,00,1,99,9,99999,9,99,9,99,9","240,M,+0242,1","240,N,+0112,1","9,9,999,9,-007,1","10,1","SYN08042262 31995 12302 10134 20095 40145 71000 80001 333 10242 20112 59007 555 10018=","Q01    003SCCGA1"
"42262099999","2023-02-09T12:00:00","4","27.8833333","78.0666666","187.0","ALIGARH, IN","FM-12","99999","V020","140,1,N,0015,1","22000,1,9,N","002000,1,9,9","+0246,1","+0141,1","10105,1",,"0,1,02,1","0,1,02,1","99,9,+99999,9,00,1",,,"9,AGL   ,+99999,+99999","02,99,1,00,1,99,9,99999,9,99,9,99,9",,,"9,9,999,9,-018,1","05,1","SYN06442262 31995 21403 10246 20141 40105 70500 80001 333 10272 59018=","Q01    003SCCGA1"
"42262099999","2023-02-10T12:00:00","4","27.8833333","78.0666666","187.0","ALIGARH, IN","FM-12","99999","V020","050,1,N,0010,1","22000,1,9,N","002000,1,9,9","+0250,1","+0138,1","10095,1",,"2,1,02,1","1,1,02,1","99,9,+99999,9,00,1",,,"9,AGL   ,+99999,+99999","03,99,1,00,1,99,9,99999,9,99,9,99,9","240,M,+0276,1",,"9,9,999,9,-009,1","05,1","SYN06442262 31995 30502 10250 20138 40095 70521 80002 333 10276 59009=","Q01    003SCCGA1"
"42262099999","2023-02-11T03:00:00","4","27.8833333","78.0666666","187.0","ALIGARH, IN","FM-12","99999","V020","999,9,C,0000,1","99999,9,9,N","001000,1,9,9","+0172,1","+0151,1","10134,1",,"0,1,02,1","0,1,02,1",,,,,,"240,M,+0276,1","240,N,+0154,1","9,9,999,9,+002,1","10,1","SYN07442262 31994 00000 10172 20151 40134 71000 333 10276 20154 58002 555 10018=",
"42262099999","2023-02-11T12:00:00","4","27.8833333","78.0666666","187.0","ALIGARH, IN","FM-12","99999","V020","320,1,N,0021,1","99999,9,9,N","002000,1,9,9","+0252,1","+0168,1","10117,1",,"0,1,02,1","0,1,02,1",,,,,,,,"9,9,999,9,+021,1","05,1","SYN05842262 31995 03204 10252 20168 40117 70500 333 10280 58021=",
"42262099999","2023-02-12T03:00:00","4","27.8833333","78.0666666","187.0","ALIGARH, IN","FM-12","99999","V020","320,1,N,0021,1","99999,9,9,N","002000,1,9,9","+0150,1","+0128,1","10176,1",,"0,1,02,1","0,1,02,1",,,,,,"240,M,+0280,1","240,N,+0138,1","9,9,999,9,+039,1","10,1","SYN07442262 31995 03204 10150 20128 40176 71000 333 10280 20138 58039 555 10018=",
"42262099999","2023-02-12T12:00:00","4","27.8833333","78.0666666","187.0","ALIGARH, IN","FM-12","99999","V020","320,1,N,0031,1","99999,9,9,N","002000,1,9,9","+0226,1","+0160,1","10161,1",,"0,1,02,1","0,1,02,1",,,,,,"240,M,+0252,1",,"9,9,999,9,+041,1","05,1","SYN05842262 31995 03206 10226 20160 40161 70500 333 10252 58041=",
"42262099999","2023-02-13T03:00:00","4","27.8833333","78.0666666","187.0","ALIGARH, IN","FM-12","99999","V020","270,1,N,0041,1","99999,9,9,N","002000,1,9,9","+0102,1","+0033,1","10169,1",,"0,1,02,1","0,1,02,1",,,,,,"240,M,+0252,1","240,N,+0084,1","9,9,999,9,-011,1","05,1","SYN06442262 31995 02708 10102 20033 40169 70500 333 10252 20084 59011=",
"42262099999","2023-02-13T12:00:00","4","27.8833333","78.0666666","187.0","ALIGARH, IN","FM-12","99999","V020","270,1,N,0046,1","99999,9,9,N","002000,1,9,9","+0208,1","+0055,1","10131,1",,"0,1,02,1","0,1,02,1",,,,,,,,"9,9,999,9,-030,1","05,1","SYN05842262 31995 02709 10208 20055 40131 70500 333 10228 59030=",
"42262099999","2023-02-14T03:00:00","4","27.8833333","78.0666666","187.0","ALIGARH, IN","FM-12","99999","V020","270,1,N,0021,1","99999,9,9,N","002000,1,9,9","+0130,1","+0037,1","10182,1",,"0,1,02,1","0,1,02,1",,,,,,"240,M,+0228,1","240,N,+0098,1","9,9,999,9,+015,1","05,1","SYN07442262 31995 02704 10130 20037 40182 70500 333 10228 20098 58015 555 10018=",
"42262099999","2023-02-14T12:00:00","4","27.8833333","78.0666666","187.0","ALIGARH, IN","FM-12","99999","V020","270,1,N,0015,1","99999,9,9,N","002000,1,9,9","+0224,1","+0095,1","10134,1",,"0,1,02,1","0,1,02,1",,,,,,"240,M,+0246,1",,"9,9,999,9,+004,1","05,1","SYN05842262 31995 02703 10224 20095 40134 70500 333 10246 58004=",
"42262099999","2023-02-15T03:00:00","4","27.8833333","78.0666666","187.0","ALIGARH, IN","FM-12","99999","V020","320,1,N,0015,1","99999,9,9,N","002000,1,9,9","+0140,1","+0080,1","10142,1",,"0,1,02,1","0,1,02,1",,,,,,"240,M,+0246,1","240,N,+0116,1","9,9,999,9,-038,1","05,1","SYN07442262 31995 03203 10140 20080 40142 70500 333 10246 20116 59038 555 10018=",
"42262099999","2023-02-15T12:00:00","4","27.8833333","78.0666666","187.0","ALIGARH, IN","FM-12","99999","V020","320,1,N,0021,1","99999,9,9,N","002000,1,9,9","+0252,1","+0132,1","10108,1",,"0,1,02,1","0,1,02,1",,,,,,,,"9,9,999,9,-024,1","05,1","SYN05842262 31995 03204 10252 20132 40108 70500 333 10272 59024=",
"42262099999","2023-02-16T12:00:00","4","27.8833333","78.0666666","187.0","ALIGARH, IN","FM-12","99999","V020","050,1,N,0010,1","22000,1,9,N","001000,1,9,9","+0244,1","+0173,1","10125,1",,"0,1,02,1","0,1,02,1","99,9,+99999,9,00,1",,,"9,AGL   ,+99999,+99999","04,99,1,00,1,99,9,99999,9,99,9,99,9",,,"9,9,999,9,+017,1","05,1","SYN06442262 31994 40502 10244 20173 40125 70500 80002 333 10264 58017=","Q01    003SCCGA1"
"42262099999","2023-02-17T03:00:00","4","27.8833333","78.0666666","187.0","ALIGARH, IN","FM-12","99999","V020","999,9,C,0000,1","99999,9,9,N","000200,1,9,9","+0162,1","+0141,1","10174,1",,"4,1,02,1","0,1,02,1","99,9,+99999,9,00,1",,,"9,AGL   ,+99999,+99999","06,99,1,00,1,99,9,99999,9,99,9,99,9","240,M,+0264,1","240,N,+0144,1","9,9,999,9,+014,1","42,1","SYN07042262 31992 60000 10162 20141 40174 74240 80002 333 10264 20144 58014=","Q01    003SCCGA1"
"42262099999","2023-02-17T12:00:00","4","27.8833333","78.0666666","187.0","ALIGARH, IN","FM-12","99999","V020","320,1,N,0010,1","99999,9,9,N","002000,1,9,9","+0262,1","+0165,1","10136,1",,"0,1,02,1","0,1,02,1",,,,,,,,"9,9,999,9,+012,1","05,1","SYN05842262 31995 03202 10262 20165 40136 70500 333 10280 58012=",
"42262099999","2023-02-18T03:00:00","4","27.8833333","78.0666666","187.0","ALIGARH, IN","FM-12","99999","V020","320,1,N,0010,1","22000,1,9,N","000500,1,9,9","+0164,1","+0143,1","10171,1",,"2,1,02,1","1,1,02,1","99,9,+99999,9,00,1",,,"9,AGL   ,+99999,+99999","02,99,1,00,1,99,9,99999,9,99,9,99,9","240,M,+0280,1","240,N,+0144,1","9,9,999,9,-003,1","42,1","SYN08042262 31993 23202 10164 20143 40171 74221 80001 333 10280 20144 59003 555 10018=","Q01    003SCCGA1"
"42262099999","2023-02-18T12:00:00","4","27.8833333","78.0666666","187.0","ALIGARH, IN","FM-12","99999","V020","320,1,N,0010,1","99999,9,9,N","001000,1,9,9","+0284,1","+0154,1","10130,1",,"0,1,02,1","0,1,02,1",,,,,,"240,M,+0298,1",,"9,9,999,9,-005,1","05,1","SYN05842262 31994 03202 10284 20154 40130 70500 333 10298 59005=",
"42262099999","2023-02-19T03:00:00","4","27.8833333","78.0666666","187.0","ALIGARH, IN","FM-12","99999","V020","090,1,N,0010,1","22000,1,9,N","000200,1,9,9","+0166,1","+0141,1","10163,1",,"4,1,02,1","0,1,02,1","99,9,+99999,9,00,1",,,"9,AGL   ,+99999,+99999","02,99,1,00,1,99,9,99999,9,99,9,99,9","240,M,+0298,1","240,N,+0146,1","9,9,999,9,-008,1","42,1","SYN08042262 31992 20902 10166 20141 40163 74240 80002 333 10298 20146 59008 555 10018=","Q01    003SCCGA1"
"42262099999","2023-02-19T12:00:00","4","27.8833333","78.0666666","187.0","ALIGARH, IN","FM-12","99999","V020","270,1,N,0010,1","99999,9,9,N","002000,1,9,9","+0294,1","+0142,1","10118,1",,"2,1,02,1","2,1,02,1","99,9,+99999,9,00,1",,,"9,AGL   ,+99999,+99999","06,99,1,00,1,99,9,99999,9,99,9,99,9",,,"9,9,999,9,-011,1","05,1","SYN06442262 31995 62702 10294 20142 40118 70522 80002 333 10308 59011=","Q01    003SCCGA1"
"42262099999","2023-02-20T03:00:00","4","27.8833333","78.0666666","187.0","ALIGARH, IN","FM-12","99999","V020","140,1,N,0010,1","22000,1,9,N","001000,1,9,9","+0194,1","+0157,1","10129,1",,"2,1,02,1","1,1,02,1","99,9,+99999,9,00,1",,,"9,AGL   ,+99999,+99999","03,99,1,00,1,99,9,99999,9,99,9,99,9","240,M,+0308,1","240,N,+0158,1","9,9,999,9,-029,1","10,1","SYN08042262 31994 31402 10194 20157 40129 71021 80001 333 10308 20158 59029 555 10018=","Q01    003SCCGA1"
"42262099999","2023-02-20T12:00:00","4","27.8833333","78.0666666","187.0","ALIGARH, IN","FM-12","99999","V020","140,1,N,0021,1","22000,1,9,N","002000,1,9,9","+0294,1","+0167,1","10092,1",,"2,1,02,1","1,1,02,1","99,9,+99999,9,00,1",,,"9,AGL   ,+99999,+99999","04,99,1,00,1,99,9,99999,9,99,9,99,9",,,"9,9,999,9,-026,1","05,1","SYN06442262 31995 41404 10294 20167 40092 70521 80001 333 10320 59026=","Q01    003SCCGA1"
"42262099999","2023-02-21T03:00:00","4","27.8833333","78.0666666","187.0","ALIGARH, IN","FM-12","99999","V020","140,1,N,0021,1","99999,9,9,N","002000,1,9,9","+0202,1","+0151,1","10115,1",,"0,1,02,1","0,1,02,1",,,,,,"240,M,+0320,1","240,N,+0178,1","9,9,999,9,-013,1","05,1","SYN07442262 31995 01404 10202 20151 40115 70500 333 10320 20178 59013 555 10018=",
"42262099999","2023-02-21T12:00:00","4","27.8833333","78.0666666","187.0","ALIGARH, IN","FM-12","99999","V020","230,1,N,0010,1","99999,9,9,N","002000,1,9,9","+0300,1","+0163,1","10091,1",,"0,1,02,1","0,1,02,1",,,,,,,,"9,9,999,9,+001,1","05,1","SYN05842262 31995 02302 10300 20163 40091 70500 333 10320 58001=",
"42262099999","2023-02-22T03:00:00","4","27.8833333","78.0666666","187.0","ALIGARH, IN","FM-12","99999","V020","270,1,N,0010,1","00030,1,W,N","000050,1,9,9","+0172,1","+0162,1","10135,1",,"4,1,02,1","4,1,02,1","09,1,+99999,9,99,9",,,"9,AGL   ,+99999,+99999","09,99,1,09,1,99,9,99999,9,99,9,99,9","240,M,+0320,1","240,N,+0164,1","9,9,999,9,+017,1","43,1","SYN08042262 31/91 92702 10172 20162 40135 74344 89/// 333 10320 20164 58017 555 10018=",
"42262099999","2023-02-22T12:00:00","4","27.8833333","78.0666666","187.0","ALIGARH, IN","FM-12","99999","V020","320,1,N,0010,1","22000,1,9,N","002000,1,9,9","+0274,1","+0190,1","10108,1",,"2,1,02,1","1,1,02,1","99,9,+99999,9,00,1",,,"9,AGL   ,+99999,+99999","02,99,1,00,1,99,9,99999,9,99,9,99,9","240,M,+0286,1",,"9,9,999,9,+015,1","05,1","SYN06442262 31995 23202 10274 20190 40108 70521 80001 333 10286 58015=","Q01    003SCCGA1"
"42262099999","2023-02-23T03:00:00","4","27.8833333","78.0666666","187.0","ALIGARH, IN","FM-12","99999","V020","320,1,N,0021,1","99999,9,9,N","001000,1,9,9","+0178,1","+0140,1","10133,1",,"0,1,02,1","0,1,02,1",,,,,,"240,M,+0286,1","240,N,+0142,1","9,9,999,9,-002,1","10,1","SYN07442262 31994 03204 10178 20140 40133 71000 333 10286 20142 59002 555 10018=",
"42262099999","2023-02-23T12:00:00","4","27.8833333","78.0666666","187.0","ALIGARH, IN","FM-12","99999","V020","320,1,N,0021,1","99999,9,9,N","002000,1,9,9","+0286,1","+0092,1","10109,1",,"0,1,02,1","0,1,02,1",,,,,,,,"9,9,999,9,+000,1","05,1","SYN05842262 31995 03204 10286 20092 40109 70500 333 10298 58000=",
"42262099999","2023-02-24T03:00:00","4","27.8833333","78.0666666","187.0","ALIGARH, IN","FM-12","99999","V020","230,1,N,0031,1","99999,9,9,N","001000,1,9,9","+0164,1","+0120,1","10158,1",,"2,1,02,1","2,1,02,1","99,9,+99999,9,00,1",,,"9,AGL   ,+99999,+99999","06,99,1,00,1,99,9,99999,9,99,9,99,9","240,M,+0298,1","240,N,+0128,1","9,9,999,9,+024,1","10,1","SYN08042262 31994 62306 10164 20120 40158 71022 80002 333 10298 20128 58024 555 10018=","Q01    003SCCGA1"
"42262099999","2023-02-24T12:00:00","4","27.8833333","78.0666666","187.0","ALIGARH, IN","FM-12","99999","V020","270,1,N,0021,1","22000,1,9,N","002000,1,9,9","+0284,1","+0094,1","10130,1",,"2,1,02,1","1,1,02,1","99,9,+99999,9,00,1",,,"9,AGL   ,+99999,+99999","04,99,1,00,1,99,9,99999,9,99,9,99,9",,,"9,9,999,9,+021,1","05,1","SYN06442262 31995 42704 10284 20094 40130 70521 80001 333 10298 58021=","Q01    003SCCGA1"
"42262099999","2023-02-25T03:00:00","4","27.8833333","78.0666666","187.0","ALIGARH, IN","FM-12","99999","V020","230,1,N,0015,1","99999,9,9,N","002000,1,9,9","+0172,1","+0133,1","10176,1",,"0,1,02,1","0,1,02,1",,,,,,"240,M,+0298,1","240,N,+0140,1","9,9,999,9,+018,1","10,1","SYN07442262 31995 02303 10172 20133 40176 71000 333 10298 20140 58018 555 10018=",
"42262099999","2023-02-25T12:00:00","4","27.8833333","78.0666666","187.0","ALIGARH, IN","FM-12","99999","V020","320,1,N,0015,1","99999,9,9,N","002000,1,9,9","+0278,1","+0150,1","10131,1",,"0,1,02,1","0,1,02,1",,,,,,,,"9,9,999,9,+001,1","05,1","SYN05842262 31995 03203 10278 20150 40131 70500 333 10300 58001=",
"42262099999","2023-02-26T03:00:00","4","27.8833333","78.0666666","187.0","ALIGARH, IN","FM-12","99999","V020","140,1,N,0010,1","22000,1,9,N","002000,1,9,9","+0182,1","+0129,1","10185,1",,"0,1,02,1","0,1,02,1","99,9,+99999,9,00,1",,,"9,AGL   ,+99999,+99999","01,99,1,00,1,99,9,99999,9,99,9,99,9","240,M,+0300,1","240,N,+0148,1","9,9,999,9,+011,1","05,1","SYN08042262 31995 11402 10182 20129 40185 70500 80001 333 10300 20148 58011 555 10018=","Q01    003SCCGA1"
"42262099999","2023-02-26T12:00:00","4","27.8833333","78.0666666","187.0","ALIGARH, IN","FM-12","99999","V020","320,1,N,0015,1","99999,9,9,N","002000,1,9,9","+0296,1","+0153,1","10163,1",,"0,1,02,1","0,1,02,1",,,,,,,,"9,9,999,9,+032,1","05,1","SYN05842262 31995 03203 10296 20153 40163 70500 333 10312 58032=",
"42262099999","2023-02-27T03:00:00","4","27.8833333","78.0666666","187.0","ALIGARH, IN","FM-12","99999","V020","320,1,N,0010,1","99999,9,9,N","000500,1,9,9","+0196,1","+0170,1","10185,1",,"2,1,02,1","2,1,02,1","99,9,+99999,9,00,1",,,"9,AGL   ,+99999,+99999","06,99,1,00,1,99,9,99999,9,99,9,99,9","240,M,+0312,1","240,N,+0158,1","9,9,999,9,+000,1","10,1","SYN08042262 31993 63202 10196 20170 40185 71022 80002 333 10312 20158 58000 555 10018=","Q01    003SCCGA1"
"42262099999","2023-02-27T12:00:00","4","27.8833333","78.0666666","187.0","ALIGARH, IN","FM-12","99999","V020","320,1,N,0010,1","99999,9,9,N","002000,1,9,9","+0292,1","+0164,1","10149,1",,"0,1,02,1","0,1,02,1",,,,,,,,"9,9,999,9,-014,1","05,1","SYN05842262 31995 03202 10292 20164 40149 70500 333 10314 59014=",
"42262099999","2023-02-28T03:00:00","4","27.8833333","78.0666666","187.0","ALIGARH, IN","FM-12","99999","V020","230,1,N,0010,1","99999,9,9,N","002000,1,9,9","+0192,1","+0155,1","10180,1",,"0,1,02,1","0,1,02,1",,,,,,"240,M,+0314,1","240,N,+0164,1","9,9,999,9,+005,1","10,1","SYN07442262 31995 02302 10192 20155 40180 71000 333 10314 20164 58005 555 10018=",
"42262099999","2023-02-28T12:00:00","4","27.8833333","78.0666666","187.0","ALIGARH, IN","FM-12","99999","V020","230,1,N,0010,1","99999,9,9,N","002000,1,9,9","+0292,1","+0156,1","10148,1",,"2,1,02,1","1,1,02,1","99,9,+99999,9,00,1",,,"9,AGL   ,+99999,+99999","05,99,1,00,1,99,9,99999,9,99,9,99,9",,,"9,9,999,9,-001,1","05,1","SYN06442262 31995 52302 10292 20156 40148 70521 80002 333 10320 59001=","Q01    003SCCGA1"
"42262099999","2023-03-01T03:00:00","4","27.8833333","78.0666666","187.0","ALIGARH, IN","FM-12","99999","V020","320,1,N,0031,1","22000,1,9,N","002000,1,9,9","+0206,1","+0129,1","10200,1",,"2,1,02,1","1,1,02,1","99,9,+99999,9,00,1",,,"9,AGL   ,+99999,+99999","04,99,1,00,1,99,9,99999,9,99,9,99,9","240,M,+0320,1","240,N,+0178,1","9,9,999,9,+020,1","05,1","SYN08042262 31995 43206 10206 20129 40200 70521 80001 333 10320 20178 58020 555 10000=","Q01    003SCCGA1"
"42262099999","2023-03-01T12:00:00","4","27.8833333","78.0666666","187.0","ALIGARH, IN","FM-12","99999","V020","050,1,N,0021,1","22000,1,9,N","002000,1,9,9","+0280,1","+0148,1","10165,1",,"0,1,02,1","0,1,02,1","99,9,+99999,9,00,1",,,"9,AGL   ,+99999,+99999","02,99,1,00,1,99,9,99999,9,99,9,99,9",,,"9,9,999,9,+016,1","05,1","SYN06442262 31995 20504 10280 20148 40165 70500 80001 333 10300 58016=","Q01    003SCCGA1"
"42262099999","2023-03-02T03:00:00","4","27.8833333","78.0666666","187.0","ALIGARH, IN","FM-12","99999","V020","320,1,N,0010,1","22000,1,9,N","002000,1,9,9","+0192,1","+0140,1","10199,1",,"0,1,02,1","0,1,02,1","99,9,+99999,9,00,1",,,"9,AGL   ,+99999,+99999","02,99,1,00,1,99,9,99999,9,99,9,99,9","240,M,+0300,1","240,N,+0170,1","9,9,999,9,-001,1","05,1","SYN08042262 31995 23202 10192 20140 40199 70500 80001 333 10300 20170 59001 555 10000=","Q01    003SCCGA1"
"42262099999","2023-03-02T12:00:00","4","27.8833333","78.0666666","187.0","ALIGARH, IN","FM-12","99999","V020","320,1,N,0010,1","99999,9,9,N","002000,1,9,9","+0292,1","+0156,1","10164,1",,"0,1,02,1","0,1,02,1",,,,,,,,"9,9,999,9,+015,1","05,1","SYN05842262 31995 03202 10292 20156 40164 70500 333 10322 58015=",
"42262099999","2023-03-03T12:00:00","4","27.8833333","78.0666666","187.0","ALIGARH, IN","FM-12","99999","V020","320,1,N,0015,1","99999,9,9,N","002000,1,9,9","+0292,1","+0168,1","10160,1",,"0,1,02,1","0,1,02,1",,,,,,"240,M,+0318,1",,"9,9,999,9,-004,1","05,1","SYN05842262 31995 03203 10292 20168 40160 70500 333 10318 59004=",
"42262099999","2023-03-04T12:00:00","4","27.8833333","78.0666666","187.0","ALIGARH, IN","FM-12","99999","V020","230,1,N,0036,1","99999,9,9,N","002000,1,9,9","+0270,1","+0139,1","10166,1",,"2,1,02,1","1,1,02,1","01,1,+01750,1,05,1","99,9,+99999,9,00,1",,"9,AGL   ,+99999,+99999","06,99,1,01,1,99,9,01750,1,99,9,99,9","240,M,+0288,1",,"9,9,999,9,+005,1","05,1","SYN06442262 31795 62307 10270 20139 40166 70521 81022 333 10288 58005=",
"42262099999","2023-03-05T03:00:00","4","27.8833333","78.0666666","187.0","ALIGARH, IN","FM-12","99999","V020","320,1,N,0031,1","22000,1,9,N","002000,1,9,9","+0192,1","+0136,1","10200,1",,"2,1,02,1","1,1,02,1","99,9,+99999,9,00,1",,,"9,AGL   ,+99999,+99999","02,99,1,00,1,99,9,99999,9,99,9,99,9","240,M,+0288,1","240,N,+0168,1","9,9,999,9,-006,1","05,1","SYN08042262 31995 23206 10192 20136 40200 70521 80001 333 10288 20168 59006 555 10000=","Q01    003SCCGA1"
"42262099999","2023-03-05T12:00:00","4","27.8833333","78.0666666","187.0","ALIGARH, IN","FM-12","99999","V020","230,1,N,0026,1","99999,9,9,N","002000,1,9,9","+0292,1","+0160,1","10156,1",,,,,,,,,,,"9,9,999,9,-009,1",,"SYN05242262 31995 02305 10292 20160 40156 333 10306 59009=",
"42262099999","2023-03-06T03:00:00","4","27.8833333","78.0666666","187.0","ALIGARH, IN","FM-12","99999","V020","230,1,N,0036,1","99999,9,9,N","000500,1,9,9","+0198,1","+0158,1","10178,1",,"0,1,02,1","0,1,02,1",,,,,,"240,M,+0306,1","240,N,+0170,1","9,9,999,9,-022,1","42,1","SYN07442262 31993 02307 10198 20158 40178 74200 333 10306 20170 59022 555 10000=",
"42262099999","2023-03-06T12:00:00","4","27.8833333","78.0666666","187.0","ALIGARH, IN","FM-12","99999","V020","320,1,N,0031,1","22000,1,9,N","002000,1,9,9","+0288,1","+0129,1","10133,1",,"0,1,02,1","0,1,02,1","99,9,+99999,9,00,1",,,"9,AGL   ,+99999,+99999","01,99,1,00,1,99,9,99999,9,99,9,99,9","240,M,+0310,1",,"9,9,999,9,-023,1","05,1","SYN06442262 31995 13206 10288 20129 40133 70500 80001 333 10310 59023=","Q01    003SCCGA1"
"42262099999","2023-03-07T03:00:00","4","27.8833333","78.0666666","187.0","ALIGARH, IN","FM-12","99999","V020","320,1,N,0015,1","99999,9,9,N","002000,1,9,9","+0196,1","+0159,1","10167,1",,"2,1,02,1","1,1,02,1","99,9,+99999,9,00,1",,,"9,AGL   ,+99999,+99999","05,99,1,00,1,99,9,99999,9,99,9,99,9","240,M,+0310,1","240,N,+0168,1","9,9,999,9,-011,1","10,1","SYN08042262 31995 53203 10196 20159 40167 71021 80001 333 10310 20168 59011 555 10000=","Q01    003SCCGA1"
"42262099999","2023-03-07T12:00:00","4","27.8833333","78.0666666","187.0","ALIGARH, IN","FM-12","99999","V020","320,1,N,0021,1","99999,9,9,N","002000,1,9,9","+0292,1","+0148,1","10129,1",,"2,1,02,1","2,1,02,1","99,9,+99999,9,00,1",,,"9,AGL   ,+99999,+99999","06,99,1,00,1,99,9,99999,9,99,9,99,9",,,"9,9,999,9,-003,1","05,1","SYN06442262 31995 63204 10292 20148 40129 70522 80002 333 10306 59003=","Q01    003SCCGA1"
"42262099999","2023-03-08T12:00:00","4","27.8833333","78.0666666","187.0","ALIGARH, IN","FM-12","99999","V020","320,1,N,0021,1","99999,9,9,N","002000,1,9,9","+0294,1","+0129,1","10139,1","09,0090,3,1","2,1,02,1","1,1,02,1","01,1,+99999,9,05,1","99,9,+99999,9,00,1",,"9,AGL   ,+99999,+99999","05,99,1,01,1,99,9,99999,9,99,9,99,9",,,"9,9,999,9,+009,1","05,1","SYN07042262 21995 53204 10294 20129 40139 70521 81022 333 10310 58009 6009/=",
"42262099999","2023-03-10T03:00:00","4","27.8833333","78.0666666","187.0","ALIGARH, IN","FM-12","99999","V020","320,1,N,0021,1","99999,9,9,N","001000,1,9,9","+0198,1","+0161,1","10172,1",,"0,1,02,1","0,1,02,1",,,,,,"240,M,+0310,1","240,N,+0164,1","9,9,999,9,-001,1","10,1","SYN07442262 31994 03204 10198 20161 40172 71000 333 10310 20164 59001 555 10000=",
"42262099999","2023-03-11T03:00:00","4","27.8833333","78.0666666","187.0","ALIGARH, IN","FM-12","99999","V020","999,9,C,0000,1","99999,9,9,N","001000,1,9,9","+0202,1","+0162,1","10169,1",,"0,1,02,1","0,1,02,1",,,,,,"240,M,+0306,1","240,N,+0176,1","9,9,999,9,-002,1","10,1","SYN07442262 31994 00000 10202 20162 40169 71000 333 10306 20176 59002 555 10000=",
"42262099999","2023-03-11T12:00:00","4","27.8833333","78.0666666","187.0","ALIGARH, IN","FM-12","99999","V020","360,1,N,0010,1","99999,9,9,N","002000,1,9,9","+0296,1","+0136,1","10130,1",,"0,1,02,1","0,1,02,1",,,,,,,,"9,9,999,9,+002,1","05,1","SYN05842262 31995 03602 10296 20136 40130 70500 333 10316 58002=",
"42262099999","2023-03-12T03:00:00","4","27.8833333","78.0666666","187.0","ALIGARH, IN","FM-12","99999","V020","320,1,N,0010,1","99999,9,9,N","001000,1,9,9","+0206,1","+0162,1","10167,1",,"0,1,02,1","0,1,02,1",,,,,,"240,M,+0316,1","240,N,+0178,1","9,9,999,9,-002,1","10,1","SYN07442262 31994 03202 10206 20162 40167 71000 333 10316 20178 59002 555 10000=",
"42262099999","2023-03-12T12:00:00","4","27.8833333","78.0666666","187.0","ALIGARH, IN","FM-12","99999","V020","320,1,N,0015,1","99999,9,9,N","002000,1,9,9","+0308,1","+0126,1","10113,1",,"0,1,02,1","0,1,02,1",,,,,,,,"9,9,999,9,-016,1","05,1","SYN05842262 31995 03203 10308 20126 40113 70500 333 10322 59016=",
"42262099999","2023-03-13T03:00:00","4","27.8833333","78.0666666","187.0","ALIGARH, IN","FM-12","99999","V020","230,1,N,0010,1","99999,9,9,N","001000,1,9,9","+0220,1","+0145,1","10152,1",,"2,1,02,1","1,1,02,1","99,9,+99999,9,00,1",,,"9,AGL   ,+99999,+99999","05,99,1,00,1,99,9,99999,9,99,9,99,9","240,M,+0322,1","240,N,+0178,1","9,9,999,9,-014,1","05,1","SYN08042262 31994 52302 10220 20145 40152 70521 80001 333 10322 20178 59014 555 10000=","Q01    003SCCGA1"
"42262099999","2023-03-13T12:00:00","4","27.8833333","78.0666666","187.0","ALIGARH, IN","FM-12","99999","V020","320,1,N,0015,1","99999,9,9,N","002000,1,9,9","+0306,1","+0158,1","10098,1",,"2,1,02,1","1,1,02,1","99,9,+99999,9,00,1",,,"9,AGL   ,+99999,+99999","05,99,1,00,1,99,9,99999,9,99,9,99,9",,,"9,9,999,9,-015,1","05,1","SYN06442262 31995 53203 10306 20158 40098 70521 80001 333 10332 59015=","Q01    003SCCGA1"
"42262099999","2023-03-14T12:00:00","4","27.8833333","78.0666666","187.0","ALIGARH, IN","FM-12","99999","V020","320,1,N,0021,1","99999,9,9,N","002000,1,9,9","+0308,1","+0157,1","10063,1",,"0,1,02,1","0,1,02,1",,,,,,,,"9,9,999,9,-035,1","05,1","SYN05842262 31995 03204 10308 20157 40063 70500 333 10336 59035=",
"42262099999","2023-03-15T03:00:00","4","27.8833333","78.0666666","187.0","ALIGARH, IN","FM-12","99999","V020","320,1,N,0015,1","99999,9,9,N","001000,1,9,9","+0214,1","+0146,1","10112,1",,"0,1,02,1","0,1,02,1",,,,,,"240,M,+0336,1","240,N,+0178,1","9,9,999,9,-012,1","05,1","SYN07442262 31994 03203 10214 20146 40112 70500 333 10336 20178 59012 555 10000=",
"42262099999","2023-03-15T12:00:00","4","27.8833333","78.0666666","187.0","ALIGARH, IN","FM-12","99999","V020","230,1,N,0015,1","99999,9,9,N","002000,1,9,9","+0312,1","+0170,1","10067,1",,"2,1,02,1","2,1,02,1","99,9,+99999,1,00,1",,,"9,AGL   ,+99999,+99999","05,99,1,00,1,99,0,99999,9,99,1,99,1",,,"9,0,999,0,+006,1","05,1","SYN06442262 31995 52303 10312 20170 40067 70522 80002 333 10334 58006=","Q01    003SCCGA1"
"42262099999","2023-03-16T03:00:00","4","27.8833333","78.0666666","187.0","ALIGARH, IN","FM-12","99999","V020","050,1,N,0021,1","99999,9,9,N","002000,1,9,9","+0236,1","+0164,1","10123,1","24,0000,2,1","2,1,02,1","2,1,02,1","01,1,+01750,1,03,1","99,9,+99999,9,00,1",,"9,AGL   ,+99999,+99999","06,99,1,01,1,99,9,01750,1,99,9,99,9","240,M,+0334,1","240,N,+0214,1","9,9,999,9,+013,1","50,1","SYN09242262 21795 60504 10236 20164 40123 75022 81032 333 10334 20214 58013 6990/ 555 00000 10000=",
"42262099999","2023-03-16T12:00:00","4","27.8833333","78.0666666","187.0","ALIGARH, IN","FM-12","99999","V020","050,1,N,0021,1","99999,9,9,N","002000,1,9,9","+0278,1","+0154,1","10082,1",,"2,1,02,1","1,1,02,1","99,9,+99999,9,00,1",,,"9,AGL   ,+99999,+99999","05,99,1,00,1,99,9,99999,9,99,9,99,9",,,"9,9,999,9,+012,1","05,1","SYN06442262 31995 50504 10278 20154 40082 70521 80001 333 10292 58012=","Q01    003SCCGA1"
"42262099999","2023-03-17T12:00:00","4","27.8833333","78.0666666","187.0","ALIGARH, IN","FM-12","99999","V020","140,1,N,0041,1","99999,9,9,N","002000,1,9,9","+0274,1","+0161,1","10094,1",,"2,1,02,1","1,1,02,1","01,1,+99999,9,03,1","99,9,+99999,9,00,1",,"9,AGL   ,+99999,+99999","05,99,1,01,1,99,9,99999,9,99,9,99,9",,,"9,9,999,9,+011,1","05,1","SYN06442262 31995 51408 10274 20161 40094 70521 81032 333 10294 58011=",
"42262099999","2023-03-18T03:00:00","4","27.8833333","78.0666666","187.0","ALIGARH, IN","FM-12","99999","V020","320,1,N,0021,1","99999,9,9,N","001000,1,9,9","+0208,1","+0169,1","10127,1",,"2,1,02,1","1,1,02,1","01,1,+01750,1,05,1","99,9,+99999,9,00,1",,"9,AGL   ,+99999,+99999","06,99,1,01,1,99,9,01750,1,99,9,99,9","240,M,+0294,1","240,N,+0186,1","9,9,999,9,-010,1","10,1","SYN08042262 31794 63204 10208 20169 40127 71021 81022 333 10294 20186 59010 555 10000=",
"42262099999","2023-03-18T12:00:00","4","27.8833333","78.0666666","187.0","ALIGARH, IN","FM-12","99999","V020","140,1,N,0026,1","99999,9,9,N","002000,1,9,9","+0256,1","+0166,1","10085,1",,"2,1,02,1","2,1,02,1","01,1,+01750,1,05,1","99,9,+99999,9,00,1",,"9,AGL   ,+99999,+99999","06,99,1,01,1,99,9,01750,1,99,9,99,9",,,"9,9,999,9,-010,1","05,1","SYN06442262 31795 61405 10256 20166 40085 70522 81022 333 10274 59010=",
"42262099999","2023-03-19T03:00:00","4","27.8833333","78.0666666","187.0","ALIGARH, IN","FM-12","99999","V020","140,1,N,0010,1","99999,9,9,N","002000,1,9,9","+0192,1","+0179,1","10114,1","24,0070,3,1","6,1,02,1","2,1,02,1","02,1,+00800,1,06,1","99,9,+99999,9,05,1",,"9,AGL   ,+99999,+99999","07,99,1,02,1,99,9,00800,1,99,9,99,9","240,M,+0274,1","240,N,+0176,1","9,9,999,9,-014,1","50,1","SYN09242262 21595 71402 10192 20179 40114 75062 82520 333 10274 20176 59014 6007/ 555 00068 10007=",
"42262099999","2023-03-19T12:00:00","4","27.8833333","78.0666666","187.0","ALIGARH, IN","FM-12","99999","V020","090,1,N,0021,1","99999,9,9,N","002000,1,9,9","+0252,1","+0175,1","10060,1",,"2,1,02,1","1,1,02,1","02,1,+01750,1,05,1","99,9,+99999,9,00,1",,"9,AGL   ,+99999,+99999","06,99,1,02,1,99,9,01750,1,99,9,99,9",,,"9,9,999,9,-025,1","05,1","SYN06442262 31795 60904 10252 20175 40060 70521 82022 333 10280 59025=",
"42262099999","2023-03-20T03:00:00","4","27.8833333","78.0666666","187.0","ALIGARH, IN","FM-12","99999","V020","320,1,N,0015,1","99999,9,9,N","001000,1,9,9","+0202,1","+0169,1","10095,1",,"2,1,02,1","2,1,02,1","02,1,+01750,1,05,1","99,9,+99999,9,00,1",,"9,AGL   ,+99999,+99999","07,99,1,02,1,99,9,01750,1,99,9,99,9","240,M,+0280,1","240,N,+0174,1","9,9,999,9,-019,1","10,1","SYN08042262 31794 73203 10202 20169 40095 71022 82022 333 10280 20174 59019 555 10007=",
"42262099999","2023-03-20T12:00:00","4","27.8833333","78.0666666","187.0","ALIGARH, IN","FM-12","99999","V020","360,1,N,0010,1","99999,9,9,N","001000,1,9,9","+0206,1","+0197,1","10056,1","09,0030,3,1","5,1,02,1","2,1,02,1","03,1,+00800,1,06,1","99,9,+99999,9,05,1",,"9,AGL   ,+99999,+99999","07,99,1,03,1,99,9,00800,1,99,9,99,9","240,M,+0228,1",,"9,9,999,9,-007,1","51,1","SYN07042262 21594 73602 10206 20197 40056 75152 83520 333 10228 59007 6003/=",
"42262099999","2023-03-21T03:00:00","4","27.8833333","78.0666666","187.0","ALIGARH, IN","FM-12","99999","V020","050,1,N,0021,1","99999,9,9,N","000500,1,9,9","+0190,1","+0177,1","10096,1","24,0060,3,1","4,1,02,1","0,1,02,1","01,1,+01750,1,03,1","99,9,+99999,9,00,1",,"9,AGL   ,+99999,+99999","05,99,1,01,1,99,9,01750,1,99,9,99,9","240,M,+0228,1","240,N,+0170,1","9,9,999,9,+001,1","44,1","SYN09242262 21793 50504 10190 20177 40096 74440 81032 333 10228 20170 58001 6006/ 555 00062 10013=",
"42262099999","2023-03-21T12:00:00","4","27.8833333","78.0666666","187.0","ALIGARH, IN","FM-12","99999","V020","050,1,N,0031,1","99999,9,9,N","002000,1,9,9","+0220,1","+0175,1","10083,1",,"2,1,02,1","1,1,02,1","99,9,+99999,9,00,1",,,"9,AGL   ,+99999,+99999","05,99,1,00,1,99,9,99999,9,99,9,99,9",,,"9,9,999,9,-028,1","10,1","SYN06442262 31995 50506 10220 20175 40083 71021 80002 333 10238 59028=","Q01    003SCCGA1"
"42262099999","2023-03-22T03:00:00","4","27.8833333","78.0666666","187.0","ALIGARH, IN","FM-12","99999","V020","320,1,N,0010,1","22000,1,9,N","000500,1,9,9","+0190,1","+0160,1","10129,1",,"0,1,02,1","0,1,02,1","99,9,+99999,9,00,1",,,"9,AGL   ,+99999,+99999","02,99,1,00,1,99,9,99999,9,99,9,99,9","240,M,+0238,1","240,N,+0156,1","9,9,999,9,+033,1","42,1","SYN08042262 31993 23202 10190 20160 40129 74200 80002 333 10238 20156 58033 555 10013=","Q01    003SCCGA1"
"42262099999","2023-03-22T12:00:00","4","27.8833333","78.0666666","187.0","ALIGARH, IN","FM-12","99999","V020","320,1,N,0015,1","99999,9,9,N","002000,1,9,9","+0270,1","+0164,1","10074,1",,"2,1,02,1","1,1,02,1","01,1,+01750,1,03,1","99,9,+99999,9,00,1",,"9,AGL   ,+99999,+99999","06,99,1,01,1,99,9,01750,1,99,9,99,9","240,M,+0284,1",,"9,9,999,9,-005,1","05,1","SYN06442262 31795 63203 10270 20164 40074 70521 81032 333 10284 59005=",
"42262099999","2023-03-23T03:00:00","4","27.8833333","78.0666666","187.0","ALIGARH, IN","FM-12","99999","V020","999,9,C,0000,1","99999,9,9,N","002000,1,9,9","+0198,1","+0158,1","10105,1",,"0,1,02,1","0,1,02,1",,,,,,"240,M,+0284,1","240,N,+0166,1","9,9,999,9,-024,1","10,1","SYN07442262 31995 00000 10198 20158 40105 71000 333 10284 20166 59024 555 10013=",
"42262099999","2023-03-23T12:00:00","4","27.8833333","78.0666666","187.0","ALIGARH, IN","FM-12","99999","V020","360,1,N,0015,1","22000,1,9,N","002000,1,9,9","+0300,1","+0150,1","10064,1",,"0,1,02,1","0,1,02,1","99,9,+99999,9,00,1",,,"9,AGL   ,+99999,+99999","02,99,1,00,1,99,9,99999,9,99,9,99,9",,,"9,9,999,9,-008,1","05,1","SYN06442262 31995 23603 10300 20150 40064 70500 80001 333 10314 59008=","Q01    003SCCGA1"
"42262099999","2023-03-24T03:00:00","4","27.8833333","78.0666666","187.0","ALIGARH, IN","FM-12","99999","V020","140,1,N,0021,1","22000,1,9,N","002000,1,9,9","+0234,1","+0158,1","10104,1",,"0,1,02,1","0,1,02,1","99,9,+99999,9,00,1",,,"9,AGL   ,+99999,+99999","03,99,1,00,1,99,9,99999,9,99,9,99,9","240,M,+0314,1","240,N,+0184,1","9,9,999,9,+002,1","05,1","SYN08042262 31995 31404 10234 20158 40104 70500 80002 333 10314 20184 58002 555 10013=","Q01    003SCCGA1"
"42262099999","2023-03-27T03:00:00","4","27.8833333","78.0666666","187.0","ALIGARH, IN","FM-12","99999","V020","320,1,N,0010,1","99999,9,9,N","002000,1,9,9","+0220,1","+0168,1","10110,1",,"0,1,02,1","0,1,02,1",,,,,,"240,M,+0316,1","240,N,+0194,1","9,9,999,9,-012,1","05,1","SYN07442262 31995 03202 10220 20168 40110 70500 333 10316 20194 59012 555 10019=",
"42262099999","2023-03-29T03:00:00","4","27.8833333","78.0666666","187.0","ALIGARH, IN","FM-12","99999","V020","999,9,C,0000,1","99999,9,9,N","002000,1,9,9","+0230,1","+0157,1","10117,1",,"2,1,02,1","1,1,02,1","01,1,+01750,1,03,1","99,9,+99999,9,00,1",,"9,AGL   ,+99999,+99999","06,99,1,01,1,99,9,01750,1,99,9,99,9","240,M,+0318,1","240,N,+0188,1","9,9,999,9,+007,1","05,1","SYN08042262 31795 60000 10230 20157 40117 70521 81032 333 10318 20188 58007 555 10019=",
"42262099999","2023-03-29T12:00:00","4","27.8833333","78.0666666","187.0","ALIGARH, IN","FM-12","99999","V020","320,1,N,0021,1","22000,1,9,N","002000,1,9,9","+0318,1","+0150,1","10072,1",,"2,1,02,1","1,1,02,1","99,9,+99999,9,00,1",,,"9,AGL   ,+99999,+99999","03,99,1,00,1,99,9,99999,9,99,9,99,9",,,"9,9,999,9,+002,1","05,1","SYN06442262 31995 33204 10318 20150 40072 70521 80001 333 10336 58002=","Q01    003SCCGA1"
"42262099999","2023-03-30T03:00:00","4","27.8833333","78.0666666","187.0","ALIGARH, IN","FM-12","99999","V020","140,1,N,0010,1","22000,1,9,N","002000,1,9,9","+0234,1","+0158,1","10114,1",,"2,1,02,1","1,1,02,1","01,1,+01750,1,03,1","99,9,+99999,9,00,1",,"9,AGL   ,+99999,+99999","04,99,1,01,1,99,9,01750,1,99,9,99,9","240,M,+0336,1","240,N,+0192,1","9,9,999,9,-003,1","05,1","SYN08042262 31795 41402 10234 20158 40114 70521 81031 333 10336 20192 59003 555 10019=",
"42262099999","2023-03-30T12:00:00","4","27.8833333","78.0666666","187.0","ALIGARH, IN","FM-12","99999","V020","050,1,N,0010,1","99999,9,9,N","002000,1,9,9","+0298,1","+0198,1","10045,1",,"2,1,02,1","2,1,02,1","02,1,+00800,1,06,1","99,9,+99999,9,05,1","99,9,+99999,9,00,1","9,AGL   ,+99999,+99999","07,99,1,02,1,99,9,00800,1,99,9,99,9",,,"9,9,999,9,-029,1","05,1","SYN06442262 31595 70502 10298 20198 40045 70522 82521 333 10342 59029=",
"42262099999","2023-03-31T03:00:00","4","27.8833333","78.0666666","187.0","ALIGARH, IN","FM-12","99999","V020","050,1,N,0015,1","22000,1,9,N","002000,1,9,9","+0202,1","+0169,1","10097,1","24,0080,3,1","2,1,02,1","1,1,02,1","01,1,+01750,1,03,1","99,9,+99999,9,00,1",,"9,AGL   ,+99999,+99999","03,99,1,01,1,99,9,01750,1,99,9,99,9","240,M,+0342,1","240,N,+0176,1","9,9,999,9,-019,1","10,1","SYN07642262 21795 30503 10202 20169 40097 71021 81031 333 10342 20176 59019 6008/=",
"42262099999","2023-03-31T12:00:00","4","27.8833333","78.0666666","187.0","ALIGARH, IN","FM-12","99999","V020","230,1,N,0026,1","22000,1,9,N","002000,1,9,9","+0252,1","+0172,1","10070,1",,"2,1,02,1","1,1,02,1","01,1,+01750,1,03,1","99,9,+99999,9,00,1",,"9,AGL   ,+99999,+99999","04,99,1,01,1,99,9,01750,1,99,9,99,9",,,"9,9,999,9,-022,1","05,1","SYN06442262 31795 42305 10252 20172 40070 70521 81031 333 10274 59022=",
"42262099999","2023-04-01T03:00:00","4","27.8833333","78.0666666","187.0","ALIGARH, IN","FM-12","99999","V020","050,1,N,0015,1","99999,9,9,N","000200,1,9,9","+0174,1","+0172,1","10167,1","24,0240,3,1","4,1,02,1","4,1,02,1","02,1,+00800,1,06,1","99,9,+99999,9,05,1","99,9,+99999,9,00,1","9,AGL   ,+99999,+99999","06,99,1,02,1,99,9,00800,1,99,9,99,9","240,M,+0274,1","240,N,+0158,1","9,9,999,9,+066,1","42,1","SYN09242262 21592 60503 10174 20172 40167 74244 82521 333 10274 20158 58066 6024/ 555 00244 10052=",
"42262099999","2023-04-01T12:00:00","4","27.8833333","78.0666666","187.0","ALIGARH, IN","FM-12","99999","V020","320,1,N,0021,1","22000,1,9,N","002000,1,9,9","+0258,1","+0186,1","10072,1",,"2,1,02,1","1,1,02,1","99,9,+99999,9,00,1",,,"9,AGL   ,+99999,+99999","03,99,1,00,1,99,9,99999,9,99,9,99,9",,,"9,9,999,9,+003,1","05,1","SYN06442262 31995 33204 10258 20186 40072 70521 80001 333 10278 58003=","Q01    003SCCGA1"
"42262099999","2023-04-02T03:00:00","4","27.8833333","78.0666666","187.0","ALIGARH, IN","FM-12","99999","V020","230,1,N,0010,1","99999,9,9,N","001000,1,9,9","+0196,1","+0165,1","10109,1",,"0,1,02,1","0,1,02,1",,,,,,"240,M,+0278,1","240,N,+0162,1","9,9,999,9,-055,1","10,1","SYN07442262 31994 02302 10196 20165 40109 71000 333 10278 20162 59055 555 10052=",
"42262099999","2023-04-02T12:00:00","4","27.8833333","78.0666666","187.0","ALIGARH, IN","FM-12","99999","V020","320,1,N,0031,1","22000,1,9,N","002000,1,9,9","+0290,1","+0169,1","10059,1",,"2,1,02,1","1,1,02,1","02,1,+01750,1,05,1","99,9,+99999,9,00,1",,"9,AGL   ,+99999,+99999","04,99,1,02,1,99,9,01750,1,99,9,99,9",,,"9,9,999,9,-011,1","05,1","SYN06442262 31795 43206 10290 20169 40059 70521 82021 333 10306 59011=",
"42262099999","2023-04-03T03:00:00","4","27.8833333","78.0666666","187.0","ALIGARH, IN","FM-12","99999","V020","140,1,N,0010,1","99999,9,9,N","001000,1,9,9","+0230,1","+0175,1","10074,1",,"0,1,02,1","0,1,02,1",,,,,,"240,M,+0306,1","240,N,+0176,1","9,9,999,9,-031,1","05,1","SYN07442262 31994 01402 10230 20175 40074 70500 333 10306 20176 59031 555 10052=",
"42262099999","2023-04-03T12:00:00","4","27.8833333","78.0666666","187.0","ALIGARH, IN","FM-12","99999","V020","320,1,N,0062,1","99999,9,9,N","002000,1,9,9","+0310,1","+0172,1","10047,1",,"2,1,02,1","1,1,02,1","01,1,+00800,1,06,1","99,9,+99999,9,03,1","99,9,+99999,9,00,1","9,AGL   ,+99999,+99999","05,99,1,01,1,99,9,00800,1,99,9,99,9",,,"9,9,999,9,-010,1","05,1","SYN06442262 31595 53212 10310 20172 40047 70521 81531 333 10340 59010=",
"42262099999","2023-04-04T03:00:00","4","27.8833333","78.0666666","187.0","ALIGARH, IN","FM-12","99999","V020","050,1,N,0015,1","99999,9,9,N","002000,1,9,9","+0204,1","+0185,1","10112,1","24,0090,3,1","2,1,02,1","1,1,02,1","01,1,+00800,1,06,1","99,9,+99999,9,03,1","99,9,+99999,9,00,1","9,AGL   ,+99999,+99999","05,99,1,01,1,99,9,00800,1,99,9,99,9","240,M,+0340,1","240,N,+0182,1","9,9,999,9,+035,1","10,1","SYN09242262 21595 50503 10204 20185 40112 71021 81531 333 10340 20182 58035 6009/ 555 00086 10060=",
"42262099999","2023-04-04T12:00:00","4","27.8833333","78.0666666","187.0","ALIGARH, IN","FM-12","99999","V020","360,1,N,0041,1","99999,9,9,N","002000,1,9,9","+0312,1","+0170,1","10057,1",,"0,1,02,1","0,1,02,1",,,,,,,,"9,9,999,9,+007,1","05,1","SYN05842262 31995 03608 10312 20170 40057 70500 333 10326 58007=",
"42262099999","2023-04-05T03:00:00","4","27.8833333","78.0666666","187.0","ALIGARH, IN","FM-12","99999","V020","320,1,N,0010,1","99999,9,9,N","002000,1,9,9","+0224,1","+0172,1","10112,1",,"0,1,02,1","0,1,02,1",,,,,,"240,M,+0326,1","240,N,+0178,1","9,9,999,9,+001,1","05,1","SYN07442262 31995 03202 10224 20172 40112 70500 333 10326 20178 58001 555 10060=",
"42262099999","2023-04-05T12:00:00","4","27.8833333","78.0666666","187.0","ALIGARH, IN","FM-12","99999","V020","320,1,N,0026,1","99999,9,9,N","004000,1,9,9","+0322,1","+0128,1","10066,1",,,,,,,,,,,"9,9,999,9,+012,1",,"SYN05242262 32996 03205 10322 20128 40066 333 10334 58012=",
"42262099999","2023-04-06T03:00:00","4","27.8833333","78.0666666","187.0","ALIGARH, IN","FM-12","99999","V020","320,1,N,0031,1","22000,1,9,N","002000,1,9,9","+0228,1","+0135,1","10133,1",,"2,1,02,1","1,1,02,1","99,9,+99999,9,00,1",,,"9,AGL   ,+99999,+99999","02,99,1,00,1,99,9,99999,9,99,9,99,9","240,M,+0334,1","240,N,+0184,1","9,9,999,9,+021,1","05,1","SYN08042262 31995 23206 10228 20135 40133 70521 80001 333 10334 20184 58021 555 10060=","Q01    003SCCGA1"
"42262099999","2023-04-06T12:00:00","4","27.8833333","78.0666666","187.0","ALIGARH, IN","FM-12","99999","V020","320,1,N,0015,1","99999,9,9,N","002000,1,9,9","+0322,1","+0147,1","10086,1",,"2,1,02,1","1,1,02,1","99,9,+99999,9,00,1",,,"9,AGL   ,+99999,+99999","99,99,9,00,1,99,9,99999,9,99,9,99,9",,,"9,9,999,9,+019,1","05,1","SYN06442262 31995 03203 10322 20147 40086 70521 80001 333 10336 58019=","Q01    003SCCGA1"
"42262099999","2023-04-07T03:00:00","4","27.8833333","78.0666666","187.0","ALIGARH, IN","FM-12","99999","V020","320,1,N,0031,1","99999,9,9,N","002000,1,9,9","+0230,1","+0134,1","10151,1",,"0,1,02,1","0,1,02,1",,,,,,"240,M,+0336,1","240,N,+0186,1","9,9,999,9,+018,1","05,1","SYN07442262 31995 03206 10230 20134 40151 70500 333 10336 20186 58018 555 10060=",
"42262099999","2023-04-07T12:00:00","4","27.8833333","78.0666666","187.0","ALIGARH, IN","FM-12","99999","V020","320,1,N,0041,1","99999,9,9,N","004000,1,9,9","+0324,1","+0136,1","10112,1",,,,,,,,,,,"9,9,999,9,+026,1",,"SYN05242262 32996 03208 10324 20136 40112 333 10340 58026=",
"42262099999","2023-04-08T03:00:00","4","27.8833333","78.0666666","187.0","ALIGARH, IN","FM-12","99999","V020","320,1,N,0021,1","22000,1,9,N","002000,1,9,9","+0238,1","+0123,1","10160,1",,"2,1,02,1","1,1,02,1","99,9,+99999,9,00,1",,,"9,AGL   ,+99999,+99999","02,99,1,00,1,99,9,99999,9,99,9,99,9","240,M,+0340,1","240,N,+0182,1","9,9,999,9,+009,1","05,1","SYN08042262 31995 23204 10238 20123 40160 70521 80001 333 10340 20182 58009 555 10060=","Q01    003SCCGA1"
"42262099999","2023-04-08T12:00:00","4","27.8833333","78.0666666","187.0","ALIGARH, IN","FM-12","99999","V020","320,1,N,0031,1","99999,9,9,N","004000,1,9,9","+0334,1","+0151,1","10112,1",,,,,,,,,,,"9,9,999,9,+001,1",,"SYN05242262 32996 03206 10334 20151 40112 333 10344 58001=",
"42262099999","2023-04-09T03:00:00","4","27.8833333","78.0666666","187.0","ALIGARH, IN","FM-12","99999","V020","320,1,N,0010,1","99999,9,9,N","002000,1,9,9","+0250,1","+0126,1","10152,1",,"0,1,02,1","0,1,02,1",,,,,,"240,M,+0344,1","240,N,+0198,1","9,9,999,9,-007,1","05,1","SYN07442262 31995 03202 10250 20126 40152 70500 333 10344 20198 59007 555 10060=",
"42262099999","2023-04-09T12:00:00","4","27.8833333","78.0666666","187.0","ALIGARH, IN","FM-12","99999","V020","320,1,N,0021,1","99999,9,9,N","002000,1,9,9","+0336,1","+0143,1","10093,1",,"0,1,02,1","0,1,02,1",,,,,,,,"9,9,999,9,-019,1","05,1","SYN05842262 31995 03204 10336 20143 40093 70500 333 10342 59019=",
"42262099999","2023-04-10T03:00:00","4","27.8833333","78.0666666","187.0","ALIGARH, IN","FM-12","99999","V020","360,1,N,0010,1","99999,9,9,N","002000,1,9,9","+0262,1","+0137,1","10134,1",,"0,1,02,1","0,1,02,1",,,,,,"240,M,+0352,1","240,N,+0188,1","9,9,999,9,-016,1","05,1","SYN07442262 31995 03602 10262 20137 40134 70500 333 10352 20188 59016 555 10060=",
"42262099999","2023-04-10T12:00:00","4","27.8833333","78.0666666","187.0","ALIGARH, IN","FM-12","99999","V020","320,1,N,0036,1","22000,1,9,N","002000,1,9,9","+0350,1","+0098,1","10088,1",,"2,1,02,1","1,1,02,1","99,9,+99999,9,00,1",,,"9,AGL   ,+99999,+99999","02,99,1,00,1,99,9,99999,9,99,9,99,9",,,"9,9,999,9,-004,1","05,1","SYN06442262 31995 23207 10350 20098 40088 70521 80001 333 10360 59004=","Q01    003SCCGA1"
"42262099999","2023-04-11T03:00:00","4","27.8833333","78.0666666","187.0","ALIGARH, IN","FM-12","99999","V020","320,1,N,0015,1","99999,9,9,N","002000,1,9,9","+0266,1","+0134,1","10122,1",,"0,1,02,1","0,1,02,1",,,,,,"240,M,+0360,1","240,N,+0188,1","9,9,999,9,-012,1","05,1","SYN06442262 31995 03203 10266 20134 40122 70500 333 10360 20188 59012=",
"42262099999","2023-04-12T03:00:00","4","27.8833333","78.0666666","187.0","ALIGARH, IN","FM-12","99999","V020","320,1,N,0010,1","99999,9,9,N","002000,1,9,9","+0274,1","+0140,1","10115,1",,"0,1,02,1","0,1,02,1",,,,,,"240,M,+0370,1","240,N,+0212,1","9,9,999,9,-006,1","05,1","SYN07442262 31995 03202 10274 20140 40115 70500 333 10370 20212 59006 555 10060=",
"42262099999","2023-04-12T12:00:00","4","27.8833333","78.0666666","187.0","ALIGARH, IN","FM-12","99999","V020","320,1,N,0046,1","99999,9,9,N","002000,1,9,9","+0364,1","+0111,1","10067,1",,"0,1,02,1","0,1,02,1",,,,,,,,"9,9,999,9,-020,1","05,1","SYN05842262 31995 03209 10364 20111 40067 70500 333 10376 59020=",
"42262099999","2023-04-13T03:00:00","4","27.8833333","78.0666666","187.0","ALIGARH, IN","FM-12","99999","V020","320,1,N,0010,1","99999,9,9,N","002000,1,9,9","+0278,1","+0133,1","10107,1",,"0,1,02,1","0,1,02,1",,,,,,"240,M,+0376,1","240,N,+0222,1","9,9,999,9,-008,1","05,1","SYN07442262 31995 03202 10278 20133 40107 70500 333 10376 20222 59008 555 10060=",
"42262099999","2023-04-13T12:00:00","4","27.8833333","78.0666666","187.0","ALIGARH, IN","FM-12","99999","V020","320,1,N,0031,1","99999,9,9,N","002000,1,9,9","+0376,1","+0094,1","10056,1",,"0,1,02,1","0,1,02,1",,,,,,,,"9,9,999,9,-010,1","05,1","SYN05842262 31995 03206 10376 20094 40056 70500 333 10386 59010=",
"42262099999","2023-04-14T03:00:00","4","27.8833333","78.0666666","187.0","ALIGARH, IN","FM-12","99999","V020","320,1,N,0010,1","22000,1,9,N","002000,1,9,9","+0284,1","+0128,1","10105,1",,"0,1,02,1","0,1,02,1","99,9,+99999,9,00,1",,,"9,AGL   ,+99999,+99999","01,99,1,00,1,99,9,99999,9,99,9,99,9","240,M,+0386,1","240,N,+0224,1","9,9,999,9,-002,1","05,1","SYN08042262 31995 13202 10284 20128 40105 70500 80001 333 10386 20224 59002 555 10060=","Q01    003SCCGA1"
"42262099999","2023-04-14T12:00:00","4","27.8833333","78.0666666","187.0","ALIGARH, IN","FM-12","99999","V020","320,1,N,0041,1","99999,9,9,N","002000,1,9,9","+0376,1","+0098,1","10043,1",,"0,1,02,1","0,1,02,1",,,,,,,,"9,9,999,9,-013,1","05,1","SYN05842262 31995 03208 10376 20098 40043 70500 333 10396 59013=",
"42262099999","2023-04-15T03:00:00","4","27.8833333","78.0666666","187.0","ALIGARH, IN","FM-12","99999","V020","230,1,N,0010,1","99999,9,9,N","002000,1,9,9","+0288,1","+0129,1","10092,1",,"0,1,02,1","0,1,02,1",,,,,,"240,M,+0396,1","240,N,+0218,1","9,9,999,9,-013,1","05,1","SYN07442262 31995 02302 10288 20129 40092 70500 333 10396 20218 59013 555 10060=",
"42262099999","2023-04-15T12:00:00","4","27.8833333","78.0666666","187.0","ALIGARH, IN","FM-12","99999","V020","320,1,N,0010,1","99999,9,9,N","002000,1,9,9","+0386,1","+0090,1","10044,1",,"0,1,02,1","0,1,02,1",,,,,,,,"9,9,999,9,+001,1","05,1","SYN05842262 31995 03202 10386 20090 40044 70500 333 10400 58001=",
"42262099999","2023-04-16T03:00:00","4","27.8833333","78.0666666","187.0","ALIGARH, IN","FM-12","99999","V020","999,9,C,0000,1","99999,9,9,N","001000,1,9,9","+0298,1","+0172,1","10080,1",,"0,1,02,1","0,1,02,1",,,,,,"240,M,+0400,1","240,N,+0230,1","9,9,999,9,-010,1","05,1","SYN07442262 31994 00000 10298 20172 40080 70500 333 10400 20230 59010 555 10060=",
"42262099999","2023-04-16T12:00:00","4","27.8833333","78.0666666","187.0","ALIGARH, IN","FM-12","99999","V020","999,9,C,0000,1","22000,1,9,N","002000,1,9,9","+0390,1","+0176,1","10029,1",,"2,1,02,1","0,1,02,1","01,1,+01200,1,06,1","99,9,+99999,9,03,1",,"9,AGL   ,+99999,+99999","02,99,1,01,1,99,9,01200,1,99,9,99,9",,,"9,9,999,9,-010,1","05,1","SYN07042262 31695 20000 10390 20176 40029 70520 81430 333 10423 59010 81640=",
"42262099999","2023-04-17T03:00:00","4","27.8833333","78.0666666","187.0","ALIGARH, IN","FM-12","99999","V020","050,1,N,0010,1","99999,9,9,N","002000,1,9,9","+0304,1","+0160,1","10066,1",,"0,1,02,1","0,1,02,1",,,,,,"240,M,+0406,1","240,N,+0236,1","9,9,999,9,-013,1","05,1","SYN07442262 31995 00502 10304 20160 40066 70500 333 10406 20236 59013 555 10060=",
"42262099999","2023-04-17T12:00:00","4","27.8833333","78.0666666","187.0","ALIGARH, IN","FM-12","99999","V020","320,1,N,0026,1","22000,1,9,N","002000,1,9,9","+0394,1","+0111,1","10026,1",,"2,1,02,1","1,1,02,1","99,9,+99999,9,00,1",,,"9,AGL   ,+99999,+99999","04,99,1,00,1,99,9,99999,9,99,9,99,9",,,"9,9,999,9,+004,1","05,1","SYN06442262 31995 43205 10394 20111 40026 70521 80002 333 10406 58004=","Q01    003SCCGA1"
"42262099999","2023-04-18T03:00:00","4","27.8833333","78.0666666","187.0","ALIGARH, IN","FM-12","99999","V020","270,1,N,0010,1","22000,1,9,N","002000,1,9,9","+0304,1","+0153,1","10091,1",,"2,1,02,1","1,1,02,1","99,9,+99999,9,00,1",,,"9,AGL   ,+99999,+99999","02,99,1,00,1,99,9,99999,9,99,9,99,9","240,M,+0406,1","240,N,+0248,1","9,9,999,9,+025,1","05,1","SYN08042262 31995 22702 10304 20153 40091 70521 80001 333 10406 20248 58025 555 10060=","Q01    003SCCGA1"
"42262099999","2023-04-18T12:00:00","4","27.8833333","78.0666666","187.0","ALIGARH, IN","FM-12","99999","V020","320,1,N,0036,1","22000,1,9,N","002000,1,9,9","+0407,1","+0111,1","10030,1",,"2,1,02,1","1,1,02,1","99,9,+99999,9,00,1",,,"9,AGL   ,+99999,+99999","03,99,1,00,1,99,9,99999,9,99,9,99,9",,,"9,9,999,9,+005,1","05,1","SYN06442262 31995 33207 10407 20111 40030 70521 80001 333 10414 58005=","Q01    003SCCGA1"
"42262099999","2023-04-19T12:00:00","4","27.8833333","78.0666666","187.0","ALIGARH, IN","FM-12","99999","V020","320,1,N,0031,1","99999,9,9,N","002000,1,9,9","+0364,1","+0164,1","10012,1",,"2,1,02,1","2,1,02,1","99,9,+99999,9,00,1",,,"9,AGL   ,+99999,+99999","06,99,1,00,1,99,9,99999,9,99,9,99,9",,,"9,9,999,9,-021,1","05,1","SYN06442262 31995 63206 10364 20164 40012 70522 80002 333 10390 59021=","Q01    003SCCGA1"
"42262099999","2023-04-20T03:00:00","4","27.8833333","78.0666666","187.0","ALIGARH, IN","FM-12","99999","V020","999,9,C,0000,1","99999,9,9,N","002000,1,9,9","+0284,1","+0158,1","10040,1",,"0,1,02,1","0,1,02,1",,,,,,"240,M,+0390,1","240,N,+0236,1","9,9,999,9,-030,1","05,1","SYN07442262 31995 00000 10284 20158 40040 70500 333 10390 20236 59030 555 10062=",
"42262099999","2023-04-20T12:00:00","4","27.8833333","78.0666666","187.0","ALIGARH, IN","FM-12","99999","V020","320,1,N,0021,1","99999,9,9,N","002000,1,9,9","+0336,1","+0149,1","09992,1","09,0000,2,1","9,1,02,1","6,1,02,1","02,1,+00800,1,06,1","99,9,+99999,9,05,1","99,9,+99999,9,00,1","9,AGL   ,+99999,+99999","06,99,1,02,1,99,9,00800,1,99,9,99,9",,,"9,9,999,9,-022,1","51,1","SYN07042262 21595 63204 10336 20149 49992 75196 82521 333 10364 59022 6990/=",
"42262099999","2023-04-21T03:00:00","4","27.8833333","78.0666666","187.0","ALIGARH, IN","FM-12","99999","V020","320,1,N,0021,1","22000,1,9,N","002000,1,9,9","+0272,1","+0170,1","10048,1","24,0000,2,1","2,1,02,1","1,1,02,1","99,9,+99999,9,00,1",,,"9,AGL   ,+99999,+99999","03,99,1,00,1,99,9,99999,9,99,9,99,9","240,M,+0364,1","240,N,+0224,1","9,9,999,9,+008,1","05,1","SYN09242262 21995 33204 10272 20170 40048 70521 80001 333 10364 20224 58008 6990/ 555 00000 10060=","Q01    003SCCGA1"
"42262099999","2023-04-21T12:00:00","4","27.8833333","78.0666666","187.0","ALIGARH, IN","FM-12","99999","V020","140,1,N,0026,1","99999,9,9,N","002000,1,9,9","+0348,1","+0140,1","09999,1",,"2,1,02,1","1,1,02,1","01,1,+01750,1,03,1","99,9,+99999,9,00,1",,"9,AGL   ,+99999,+99999","06,99,1,01,1,99,9,01750,1,99,9,99,9",,,"9,9,999,9,+008,1","05,1","SYN06442262 31795 61405 10348 20140 49999 70521 81032 333 10372 58008=",
"42262099999","2023-04-22T03:00:00","4","27.8833333","78.0666666","187.0","ALIGARH, IN","FM-12","99999","V020","140,1,N,0026,1","99999,9,9,N","002000,1,9,9","+0274,1","+0157,1","10057,1","24,0030,3,1","0,1,02,1","0,1,02,1",,,,,,"240,M,+0372,1","240,N,+0212,1","9,9,999,9,+009,1","05,1","SYN08642262 21995 01405 10274 20157 40057 70500 333 10372 20212 58009 6003/ 555 00026 10063=",
"42262099999","2023-04-22T12:00:00","4","27.8833333","78.0666666","187.0","ALIGARH, IN","FM-12","99999","V020","320,1,N,0031,1","22000,1,9,N","002000,1,9,9","+0352,1","+0137,1","10021,1",,"2,1,02,1","1,1,02,1","99,9,+99999,9,00,1",,,"9,AGL   ,+99999,+99999","02,99,1,00,1,99,9,99999,9,99,9,99,9",,,"9,9,999,9,+022,1","05,1","SYN06442262 31995 23206 10352 20137 40021 70521 80001 333 10370 58022=","Q01    003SCCGA1"
"42262099999","2023-04-23T03:00:00","4","27.8833333","78.0666666","187.0","ALIGARH, IN","FM-12","99999","V020","050,1,N,0031,1","99999,9,9,N","002000,1,9,9","+0268,1","+0169,1","10064,1",,"2,1,02,1","2,1,02,1","02,1,+00800,1,06,1","99,9,+99999,9,05,1","99,9,+99999,9,00,1","9,AGL   ,+99999,+99999","06,99,1,02,1,99,9,00800,1,99,9,99,9","240,M,+0370,1","240,N,+0206,1","9,9,999,9,+006,1","05,1","SYN07042262 31595 60506 10268 20169 40064 70522 82521 333 10370 20206 58006=",
"42262099999","2023-04-23T12:00:00","4","27.8833333","78.0666666","187.0","ALIGARH, IN","FM-12","99999","V020","320,1,N,0031,1","99999,9,9,N","002000,1,9,9","+0322,1","+0093,1","10045,1","09,0000,9,1","2,1,02,1","1,1,02,1","02,1,+01750,1,05,1","99,9,+99999,9,00,1",,"9,AGL   ,+99999,+99999","06,99,1,02,1,99,9,01750,1,99,9,99,9",,,"9,9,999,9,+028,1","05,1","SYN07042262 21795 63206 10322 20093 40045 70521 82022 333 10348 58028 6990/=","Q01  00002PRCP09"
"42262099999","2023-04-24T03:00:00","4","27.8833333","78.0666666","187.0","ALIGARH, IN","FM-12","99999","V020","050,1,N,0015,1","99999,9,9,N","002000,1,9,9","+0266,1","+0121,1","10109,1","24,0000,9,1","2,1,02,1","1,1,02,1","01,1,+00800,1,06,1","99,9,+99999,9,03,1","99,9,+99999,9,00,1","9,AGL   ,+99999,+99999","05,99,1,01,1,99,9,00800,1,99,9,99,9","240,M,+0348,1","240,N,+0198,1","9,9,999,9,+044,1","05,1","SYN08642262 21595 50503 10266 20121 40109 70521 81531 333 10348 20198 58044 6990/ 555 10063=","Q01  00002PRCP24"
"42262099999","2023-04-24T12:00:00","4","27.8833333","78.0666666","187.0","ALIGARH, IN","FM-12","99999","V020","050,1,N,0031,1","99999,9,9,N","002000,1,9,9","+0298,1","+0116,1","10071,1",,"2,1,02,1","1,1,02,1","02,1,+01750,1,05,1","99,9,+99999,9,00,1",,"9,AGL   ,+99999,+99999","06,99,1,02,1,99,9,01750,1,99,9,99,9",,,"9,9,999,9,+024,1","05,1","SYN06442262 31795 60506 10298 20116 40071 70521 82021 333 10312 58024=",
"42262099999","2023-04-25T03:00:00","4","27.8833333","78.0666666","187.0","ALIGARH, IN","FM-12","99999","V020","140,1,N,0026,1","99999,9,9,N","002000,1,9,9","+0244,1","+0131,1","10142,1",,"0,1,02,1","0,1,02,1",,,,,,"240,M,+0312,1","240,N,+0196,1","9,9,999,9,+030,1","05,1","SYN07442262 31995 01405 10244 20131 40142 70500 333 10312 20196 58030 555 10063=",
"42262099999","2023-04-25T12:00:00","4","27.8833333","78.0666666","187.0","ALIGARH, IN","FM-12","99999","V020","140,1,N,0021,1","99999,9,9,N","002000,1,9,9","+0310,1","+0115,1","10086,1",,"2,1,02,1","2,1,02,1","99,9,+99999,9,00,1",,,"9,AGL   ,+99999,+99999","05,99,1,00,1,99,9,99999,9,99,9,99,9",,,"9,9,999,9,+017,1","05,1","SYN06442262 31995 51404 10310 20115 40086 70522 80002 333 10326 58017=","Q01    003SCCGA1"
"42262099999","2023-04-26T03:00:00","4","27.8833333","78.0666666","187.0","ALIGARH, IN","FM-12","99999","V020","050,1,N,0010,1","22000,1,9,N","002000,1,9,9","+0262,1","+0145,1","10106,1",,"2,1,02,1","1,1,02,1","99,9,+99999,9,00,1",,,"9,AGL   ,+99999,+99999","04,99,1,00,1,99,9,99999,9,99,9,99,9","240,M,+0326,1","240,N,+0202,1","9,9,999,9,-033,1","05,1","SYN08042262 31995 40502 10262 20145 40106 70521 80001 333 10326 20202 59033 555 10063=","Q01    003SCCGA1"
"42262099999","2023-04-26T12:00:00","4","27.8833333","78.0666666","187.0","ALIGARH, IN","FM-12","99999","V020","050,1,N,0026,1","99999,9,9,N","002000,1,9,9","+0328,1","+0142,1","10059,1",,"2,1,02,1","2,1,02,1","99,9,+99999,9,00,1",,,"9,AGL   ,+99999,+99999","06,99,1,00,1,99,9,99999,9,99,9,99,9",,,"9,9,999,9,-027,1","05,1","SYN06442262 31995 60505 10328 20142 40059 70522 80002 333 10344 59027=","Q01    003SCCGA1"
"42262099999","2023-04-27T03:00:00","4","27.8833333","78.0666666","187.0","ALIGARH, IN","FM-12","99999","V020","230,1,N,0010,1","22000,1,9,N","002000,1,9,9","+0282,1","+0143,1","10085,1",,"2,1,02,1","1,1,02,1","99,9,+99999,9,00,1",,,"9,AGL   ,+99999,+99999","04,99,1,00,1,99,9,99999,9,99,9,99,9","240,M,+0344,1","240,N,+0224,1","9,9,999,9,-019,1","05,1","SYN08042262 31995 42302 10282 20143 40085 70521 80002 333 10344 20224 59019 555 10063=","Q01    003SCCGA1"
"42262099999","2023-04-27T12:00:00","4","27.8833333","78.0666666","187.0","ALIGARH, IN","FM-12","99999","V020","140,1,N,0015,1","99999,9,9,N","002000,1,9,9","+0346,1","+0132,1","10036,1",,"2,1,02,1","1,1,02,1","99,9,+99999,9,00,1",,,"9,AGL   ,+99999,+99999","05,99,1,00,1,99,9,99999,9,99,9,99,9",,,"9,9,999,9,-020,1","05,1","SYN06442262 31995 51403 10346 20132 40036 70521 80002 333 10358 59020=","Q01    003SCCGA1"
"42262099999","2023-04-28T03:00:00","4","27.8833333","78.0666666","187.0","ALIGARH, IN","FM-12","99999","V020","050,1,N,0010,1","99999,9,9,N","002000,1,9,9","+0272,1","+0170,1","10099,1","24,0000,9,1","2,1,02,1","2,1,02,1","99,9,+99999,9,00,1",,,"9,AGL   ,+99999,+99999","07,99,1,00,1,99,9,99999,9,99,9,99,9","240,M,+0358,1","240,N,+0236,1","9,9,999,9,+013,1","05,1","SYN08642262 21995 70502 10272 20170 40099 70522 80002 333 10358 20236 58013 6990/ 555 10063=","Q01  00002PRCP24Q02    003SCCGA1"
"42262099999","2023-04-28T12:00:00","4","27.8833333","78.0666666","187.0","ALIGARH, IN","FM-12","99999","V020","050,1,N,0010,1","99999,9,9,N","002000,1,9,9","+0308,1","+0169,1","10051,1","09,0000,9,1","2,1,02,1","1,1,02,1","01,1,+01750,1,05,1","99,9,+99999,9,00,1",,"9,AGL   ,+99999,+99999","06,99,1,01,1,99,9,01750,1,99,9,99,9",,,"9,9,999,9,+011,1","05,1","SYN07042262 21795 60502 10308 20169 40051 70521 81022 333 10324 58011 6990/=","Q01  00002PRCP09"
"42262099999","2023-04-29T03:00:00","4","27.8833333","78.0666666","187.0","ALIGARH, IN","FM-12","99999","V020","270,1,N,0010,1","99999,9,9,N","002000,1,9,9","+0256,1","+0180,1","10091,1","24,0000,9,1","2,1,02,1","2,1,02,1","02,1,+01750,1,05,1","99,9,+99999,9,00,1",,"9,AGL   ,+99999,+99999","07,99,1,02,1,99,9,01750,1,99,9,99,9","240,M,+0324,1","240,N,+0224,1","9,9,999,9,-010,1","05,1","SYN09242262 21795 72702 10256 20180 40091 70522 82022 333 10324 20224 59010 6990/ 555 00000 10063=","Q01  00002PRCP24"
"42262099999","2023-04-29T12:00:00","4","27.8833333","78.0666666","187.0","ALIGARH, IN","FM-12","99999","V020","230,1,N,0015,1","99999,9,9,N","002000,1,9,9","+0298,1","+0176,1","10048,1","09,0000,2,1","5,1,02,1","2,1,02,1","01,1,+00800,1,06,1","99,9,+99999,9,05,1","99,9,+99999,9,00,1","9,AGL   ,+99999,+99999","07,99,1,01,1,99,9,00800,1,99,9,99,9",,,"9,9,999,9,+005,1","51,1","SYN07042262 21595 72303 10298 20176 40048 75152 81522 333 10322 58005 6990/=",
"42262099999","2023-04-30T03:00:00","4","27.8833333","78.0666666","187.0","ALIGARH, IN","FM-12","99999","V020","050,1,N,0026,1","99999,9,9,N","002000,1,9,9","+0252,1","+0175,1","10090,1","24,0002,3,1","2,1,02,1","1,1,02,1","02,1,+01750,1,05,1","99,9,+99999,9,00,1",,"9,AGL   ,+99999,+99999","06,99,1,02,1,99,9,01750,1,99,9,99,9","240,M,+0322,1","240,N,+0218,1","9,9,999,9,-001,1","05,1","SYN09242262 21795 60505 10252 20175 40090 70521 82022 333 10322 20218 59001 6992/ 555 00002 10063=",
"42262099999","2023-05-01T03:00:00","4","27.8833333","78.0666666","187.0","ALIGARH, IN","FM-12","99999","V020","050,1,N,0026,1","99999,9,9,N","002000,1,9,9","+0212,1","+0196,1","10081,1","24,0006,3,1","2,1,02,1","2,1,02,1","01,1,+00800,1,06,1","99,9,+99999,9,05,1","99,9,+99999,9,00,1","9,AGL   ,+99999,+99999","07,99,1,01,1,99,9,00800,1,99,9,99,9","240,M,+0316,1","240,N,+0202,1","9,9,999,9,-011,1","10,1","SYN07642262 21595 70505 10212 20196 40081 71022 81522 333 10316 20202 59011 6996/=",
"42262099999","2023-05-01T12:00:00","4","27.8833333","78.0666666","187.0","ALIGARH, IN","FM-12","99999","V020","050,1,N,0010,1","99999,9,9,N","002000,1,9,9","+0230,1","+0215,1","10070,1","09,0004,3,1","5,1,02,1","2,1,02,1","02,1,+00800,1,06,1","99,9,+99999,9,05,1",,"9,AGL   ,+99999,+99999","07,99,1,02,1,99,9,00800,1,99,9,99,9",,,"9,9,999,9,+024,1","50,1","SYN07042262 21595 70502 10230 20215 40070 75052 82520 333 10256 58024 6994/=",
"42262099999","2023-05-02T03:00:00","4","27.8833333","78.0666666","187.0","ALIGARH, IN","FM-12","99999","V020","050,1,N,0031,1","99999,9,9,N","002000,1,9,9","+0212,1","+0200,1","10099,1","24,0320,3,1","6,1,02,1","2,1,02,1","02,1,+00800,1,06,1","99,9,+99999,9,05,1","99,9,+99999,9,00,1","9,AGL   ,+99999,+99999","07,99,1,02,1,99,9,00800,1,99,9,99,9","240,M,+0256,1","240,N,+0188,1","9,9,999,9,+017,1","10,1","SYN09242262 21595 70506 10212 20200 40099 71062 82522 333 10256 20188 58017 6032/ 555 00316 10095=",
"42262099999","2023-05-02T12:00:00","4","27.8833333","78.0666666","187.0","ALIGARH, IN","FM-12","99999","V020","050,1,N,0031,1","99999,9,9,N","002000,1,9,9","+0242,1","+0208,1","10076,1","09,0000,9,1","2,1,02,1","1,1,02,1","01,1,+00800,1,06,1","99,9,+99999,9,05,1","99,9,+99999,9,00,1","9,AGL   ,+99999,+99999","06,99,1,01,1,99,9,00800,1,99,9,99,9","240,M,+0270,1",,"9,9,999,9,+006,1","10,1","SYN07042262 21595 60506 10242 20208 40076 71021 81521 333 10270 58006 6990/=","Q01  00002PRCP09"
"42262099999","2023-05-03T03:00:00","4","27.8833333","78.0666666","187.0","ALIGARH, IN","FM-12","99999","V020","050,1,N,0015,1","99999,9,9,N","002000,1,9,9","+0244,1","+0194,1","10112,1","24,0000,9,1","2,1,02,1","1,1,02,1","02,1,+01750,1,05,1","99,9,+99999,9,00,1",,"9,AGL   ,+99999,+99999","05,99,1,02,1,99,9,01750,1,99,9,99,9","240,M,+0270,1","240,N,+0204,1","9,9,999,9,+016,1","05,1","SYN09242262 21795 50503 10244 20194 40112 70521 82022 333 10270 20204 58016 6990/ 555 00000 10095=","Q01  00002PRCP24"
"42262099999","2023-05-03T12:00:00","4","27.8833333","78.0666666","187.0","ALIGARH, IN","FM-12","99999","V020","050,1,N,0041,1","99999,9,9,N","002000,1,9,9","+0230,1","+0224,1","10083,1","09,0090,3,1","6,1,02,1","2,1,02,1","02,1,+01250,1,07,1","99,9,+99999,9,05,1","99,9,+99999,9,00,1","9,AGL   ,+99999,+99999","07,99,1,02,1,99,9,01250,1,99,9,99,9",,,"9,9,999,9,+007,1","52,1","SYN07042262 21695 70508 10230 20224 40083 75262 82622 333 10304 58007 6009/=",
"42262099999","2023-05-04T03:00:00","4","27.8833333","78.0666666","187.0","ALIGARH, IN","FM-12","99999","V020","050,1,N,0021,1","22000,1,9,N","002000,1,9,9","+0224,1","+0193,1","10120,1","24,0090,3,1","2,1,02,1","1,1,02,1","99,9,+99999,9,00,1",,,"9,AGL   ,+99999,+99999","04,99,1,00,1,99,9,99999,9,99,9,99,9","240,M,+0304,1","240,N,+0178,1","9,9,999,9,+006,1","10,1","SYN09242262 21995 40504 10224 20193 40120 71021 80002 333 10304 20178 58006 6009/ 555 00094 10105=","Q01    003SCCGA1"
"42262099999","2023-05-04T12:00:00","4","27.8833333","78.0666666","187.0","ALIGARH, IN","FM-12","99999","V020","050,1,N,0015,1","22000,1,9,N","002000,1,9,9","+0284,1","+0192,1","10070,1",,"2,1,02,1","1,1,02,1","99,9,+99999,9,00,1",,,"9,AGL   ,+99999,+99999","04,99,1,00,1,99,9,99999,9,99,9,99,9",,,"9,9,999,9,-010,1","05,1","SYN06442262 31995 40503 10284 20192 40070 70521 80002 333 10298 59010=","Q01    003SCCGA1"
"42262099999","2023-05-05T03:00:00","4","27.8833333","78.0666666","187.0","ALIGARH, IN","FM-12","99999","V020","270,1,N,0010,1","99999,9,9,N","002000,1,9,9","+0264,1","+0186,1","10099,1",,"0,1,02,1","0,1,02,1",,,,,,"240,M,+0298,1","240,N,+0228,1","9,9,999,9,-018,1","05,1","SYN07442262 31995 02702 10264 20186 40099 70500 333 10298 20228 59018 555 10105=",
"42262099999","2023-05-05T12:00:00","4","27.8833333","78.0666666","187.0","ALIGARH, IN","FM-12","99999","V020","320,1,N,0010,1","22000,1,9,N","002000,1,9,9","+0336,1","+0162,1","10048,1",,"2,1,02,1","1,1,02,1","99,9,+99999,9,00,1",,,"9,AGL   ,+99999,+99999","02,99,1,00,1,99,9,99999,9,99,9,99,9",,,"9,9,999,9,-018,1","05,1","SYN06442262 31995 23202 10336 20162 40048 70521 80002 333 10346 59018=","Q01    003SCCGA1"
"42262099999","2023-05-06T03:00:00","4","27.8833333","78.0666666","187.0","ALIGARH, IN","FM-12","99999","V020","320,1,N,0010,1","99999,9,9,N","002000,1,9,9","+0282,1","+0186,1","10074,1",,"0,1,02,1","0,1,02,1",,,,,,"240,M,+0346,1","240,N,+0228,1","9,9,999,9,-023,1","05,1","SYN07442262 31995 03202 10282 20186 40074 70500 333 10346 20228 59023 555 10105=",
"42262099999","2023-05-06T12:00:00","4","27.8833333","78.0666666","187.0","ALIGARH, IN","FM-12","99999","V020","320,1,N,0031,1","99999,9,9,N","002000,1,9,9","+0342,1","+0183,1","10029,1",,"0,1,02,1","0,1,02,1",,,,,,,,"9,9,999,9,-017,1","05,1","SYN05842262 31995 03206 10342 20183 40029 70500 333 10352 59017=",
"42262099999","2023-05-07T03:00:00","4","27.8833333","78.0666666","187.0","ALIGARH, IN","FM-12","99999","V020","270,1,N,0026,1","99999,9,9,N","002000,1,9,9","+0294,1","+0174,1","10071,1",,"0,1,02,1","0,1,02,1",,,,,,"240,M,+0352,1","240,N,+0230,1","9,9,999,9,-002,1","05,1","SYN07442262 31995 02705 10294 20174 40071 70500 333 10352 20230 59002 555 10105=",
"42262099999","2023-05-07T12:00:00","4","27.8833333","78.0666666","187.0","ALIGARH, IN","FM-12","99999","V020","050,1,N,0031,1","99999,9,9,N","002000,1,9,9","+0346,1","+0176,1","10017,1",,"2,1,02,1","1,1,02,1",,,,,,,,"9,9,999,9,-012,1","05,1","SYN05842262 31995 00506 10346 20176 40017 70521 333 10362 59012=",
"42262099999","2023-05-08T03:00:00","4","27.8833333","78.0666666","187.0","ALIGARH, IN","FM-12","99999","V020","050,1,N,0036,1","22000,1,9,N","002000,1,9,9","+0284,1","+0184,1","10059,1","24,0010,3,1","2,1,02,1","1,1,02,1","01,1,+01750,1,03,1","99,9,+99999,9,00,1",,"9,AGL   ,+99999,+99999","04,99,1,01,1,99,9,01750,1,99,9,99,9","240,M,+0362,1","240,N,+0236,1","9,9,999,9,-013,1","05,1","SYN09242262 21795 40507 10284 20184 40059 70521 81031 333 10362 20236 59013 6001/ 555 00014 10106=",
"42262099999","2023-05-08T12:00:00","4","27.8833333","78.0666666","187.0","ALIGARH, IN","FM-12","99999","V020","360,1,N,0046,1","99999,9,9,N","002000,1,9,9","+0334,1","+0187,1","10024,1","09,0000,2,1","2,1,02,1","1,1,02,1","01,1,+00800,1,06,1","99,9,+99999,9,03,1","99,9,+99999,9,00,1","9,AGL   ,+99999,+99999","06,99,1,01,1,99,9,00800,1,99,9,99,9",,,"9,9,999,9,+006,1","95,1","SYN07042262 21595 63609 10334 20187 40024 79521 81531 333 10350 58006 6990/=",
"42262099999","2023-05-09T03:00:00","4","27.8833333","78.0666666","187.0","ALIGARH, IN","FM-12","99999","V020","320,1,N,0010,1","99999,9,9,N","002000,1,9,9","+0284,1","+0154,1","10072,1","24,0008,3,1","0,1,02,1","0,1,02,1",,,,,,"240,M,+0350,1","240,N,+0224,1","9,9,999,9,+013,1","05,1","SYN08642262 21995 03202 10284 20154 40072 70500 333 10350 20224 58013 6998/ 555 00008 10107=",
"42262099999","2023-05-09T12:00:00","4","27.8833333","78.0666666","187.0","ALIGARH, IN","FM-12","99999","V020","320,1,N,0021,1","99999,9,9,N","002000,1,9,9","+0358,1","+0106,1","10043,1",,"0,1,02,1","0,1,02,1",,,,,,,,"9,9,999,9,+019,1","05,1","SYN05842262 31995 03204 10358 20106 40043 70500 333 10370 58019=",
"42262099999","2023-05-10T03:00:00","4","27.8833333","78.0666666","187.0","ALIGARH, IN","FM-12","99999","V020","320,1,N,0015,1","99999,9,9,N","004000,1,9,9","+0272,1","+0133,1","10075,1",,,,,,,,,"240,M,+0370,1","240,N,+0222,1","9,9,999,9,+003,1",,"SYN06842262 32996 03203 10272 20133 40075 333 10370 20222 58003 555 10107=",
"42262099999","2023-05-10T12:00:00","4","27.8833333","78.0666666","187.0","ALIGARH, IN","FM-12","99999","V020","320,1,N,0021,1","99999,9,9,N","002000,1,9,9","+0358,1","+0106,1","10043,1",,"0,1,02,1","0,1,02,1",,,,,,,,"9,9,999,9,+019,1","05,1","SYN05842262 31995 03204 10358 20106 40043 70500 333 10370 58019=",
"42262099999","2023-05-11T03:00:00","4","27.8833333","78.0666666","187.0","ALIGARH, IN","FM-12","99999","V020","230,1,N,0021,1","99999,9,9,N","002000,1,9,9","+0290,1","+0127,1","10088,1",,"0,1,02,1","0,1,02,1",,,,,,"240,M,+0380,1","240,N,+0232,1","9,9,999,9,+013,1","05,1","SYN07442262 31995 02304 10290 20127 40088 70500 333 10380 20232 58013 555 10107=",
"42262099999","2023-05-11T12:00:00","4","27.8833333","78.0666666","187.0","ALIGARH, IN","FM-12","99999","V020","320,1,N,0031,1","99999,9,9,N","004000,1,9,9","+0378,1","+0073,1","10035,1",,,,,,,,,,,"9,9,999,9,+003,1",,"SYN05242262 32996 03206 10378 20073 40035 333 10394 58003=",
"42262099999","2023-05-12T03:00:00","4","27.8833333","78.0666666","187.0","ALIGARH, IN","FM-12","99999","V020","320,1,N,0010,1","99999,9,9,N","002000,1,9,9","+0292,1","+0143,1","10076,1",,"0,1,02,1","0,1,02,1",,,,,,"240,M,+0394,1","240,N,+0218,1","9,9,999,9,-011,1","05,1","SYN07442262 31995 03202 10292 20143 40076 70500 333 10394 20218 59011 555 10107=",
"42262099999","2023-05-12T12:00:00","4","27.8833333","78.0666666","187.0","ALIGARH, IN","FM-12","99999","V020","140,1,N,0031,1","99999,9,9,N","004000,1,9,9","+0378,1","+0135,1","10020,1",,,,,,,,,"240,M,+0396,1",,"9,9,999,9,-014,1",,"SYN05242262 32996 01406 10378 20135 40020 333 10396 59014=",
"42262099999","2023-05-13T03:00:00","4","27.8833333","78.0666666","187.0","ALIGARH, IN","FM-12","99999","V020","140,1,N,0015,1","99999,9,9,N","004000,1,9,9","+0314,1","+0161,1","10064,1",,,,,,,,,"240,M,+0396,1","240,N,+0246,1","9,9,999,9,-010,1",,"SYN06842262 32996 01403 10314 20161 40064 333 10396 20246 59010 555 10107=",
"42262099999","2023-05-13T12:00:00","4","27.8833333","78.0666666","187.0","ALIGARH, IN","FM-12","99999","V020","050,1,N,0015,1","99999,9,9,N","004000,1,9,9","+0398,1","+0158,1","10008,1",,,,,,,,,,,"9,9,999,9,-011,1",,"SYN05242262 32996 00503 10398 20158 40008 333 10412 59011=",
"42262099999","2023-05-14T03:00:00","4","27.8833333","78.0666666","187.0","ALIGARH, IN","FM-12","99999","V020","140,1,N,0010,1","99999,9,9,N","002000,1,9,9","+0332,1","+0161,1","10031,1",,"0,1,02,1","0,1,02,1",,,,,,"240,M,+0412,1","240,N,+0254,1","9,9,999,9,-032,1","05,1","SYN07442262 31995 01402 10332 20161 40031 70500 333 10412 20254 59032 555 10107=",
"42262099999","2023-05-14T12:00:00","4","27.8833333","78.0666666","187.0","ALIGARH, IN","FM-12","99999","V020","320,1,N,0031,1","99999,9,9,N","002000,1,9,9","+0414,1","+0211,1","09962,1",,"0,1,02,1","0,1,02,1",,,,,,,,"9,9,999,9,-046,1","05,1","SYN05842262 31995 03206 10414 20211 49962 70500 333 10426 59046=",
"42262099999","2023-05-15T03:00:00","4","27.8833333","78.0666666","187.0","ALIGARH, IN","FM-12","99999","V020","320,1,N,0026,1","22000,1,9,N","002000,1,9,9","+0302,1","+0184,1","10023,1",,"2,1,02,1","1,1,02,1","01,1,+01750,1,03,1","99,9,+99999,9,00,1",,"9,AGL   ,+99999,+99999","02,99,1,01,1,99,9,01750,1,99,9,99,9","240,M,+0426,1","240,N,+0262,1","9,9,999,9,-009,1","05,1","SYN08042262 31795 23205 10302 20184 40023 70521 81031 333 10426 20262 59009 555 10107=",
"42262099999","2023-05-15T12:00:00","4","27.8833333","78.0666666","187.0","ALIGARH, IN","FM-12","99999","V020","320,1,N,0026,1","99999,9,9,N","002000,1,9,9","+0390,1","+0181,1","09988,1",,"0,1,02,1","0,1,02,1",,,,,,"240,M,+0404,1",,"9,9,999,9,+024,1","05,1","SYN05842262 31995 03205 10390 20181 49988 70500 333 10404 58024=",
"42262099999","2023-05-16T03:00:00","4","27.8833333","78.0666666","187.0","ALIGARH, IN","FM-12","99999","V020","320,1,N,0036,1","99999,9,9,N","002000,1,9,9","+0328,1","+0172,1","10036,1","24,0000,9,1","2,1,02,1","2,1,02,1","01,1,+01750,1,03,1","99,9,+99999,9,00,1",,"9,AGL   ,+99999,+99999","06,99,1,01,1,99,9,01750,1,99,9,99,9","240,M,+0404,1","240,N,+0282,1","9,9,999,9,+013,1","05,1","SYN08642262 21795 63207 10328 20172 40036 70522 81032 333 10404 20282 58013 6990/ 555 10107=","Q01  00002PRCP24"
"42262099999","2023-05-16T12:00:00","4","27.8833333","78.0666666","187.0","ALIGARH, IN","FM-12","99999","V020","320,1,N,0015,1","99999,9,9,N","001000,1,9,9","+0364,1","+0164,1","10015,1",,"0,1,02,1","0,1,02,1",,,,,,"240,M,+0374,1",,"9,9,999,9,+025,1","05,1","SYN05842262 31994 03203 10364 20164 40015 70500 333 10374 58025=",
"42262099999","2023-05-17T03:00:00","4","27.8833333","78.0666666","187.0","ALIGARH, IN","FM-12","99999","V020","320,1,N,0015,1","99999,9,9,N","001000,1,9,9","+0314,1","+0192,1","10052,1",,"0,1,02,1","0,1,02,1","99,9,+99999,9,00,1",,,"9,AGL   ,+99999,+99999","05,99,1,00,1,99,9,99999,9,99,9,99,9","240,M,+0374,1","240,N,+0272,1","9,9,999,9,+016,1","05,1","SYN08042262 31994 53203 10314 20192 40052 70500 80002 333 10374 20272 58016 555 10107=","Q01    003SCCGA1"
"42262099999","2023-05-17T12:00:00","4","27.8833333","78.0666666","187.0","ALIGARH, IN","FM-12","99999","V020","320,1,N,0041,1","99999,9,9,N","001000,1,9,9","+0388,1","+0174,1","10023,1",,"2,1,02,1","1,1,02,1","99,9,+99999,9,00,1",,,"9,AGL   ,+99999,+99999","05,99,1,00,1,99,9,99999,9,99,9,99,9","240,M,+0408,1",,"9,9,999,9,+010,1","05,1","SYN06442262 31994 53208 10388 20174 40023 70521 80002 333 10408 58010=","Q01    003SCCGA1"
"42262099999","2023-05-18T03:00:00","4","27.8833333","78.0666666","187.0","ALIGARH, IN","FM-12","99999","V020","050,1,N,0062,1","99999,9,9,N","002000,1,9,9","+0264,1","+0193,1","10103,1","24,0000,9,1","2,1,02,1","1,1,02,1","01,1,+01750,1,05,1","99,9,+99999,9,00,1",,"9,AGL   ,+99999,+99999","06,99,1,01,1,99,9,01750,1,99,9,99,9","240,M,+0408,1","240,N,+0204,1","9,9,999,9,+046,1","05,1","SYN08642262 21795 60512 10264 20193 40103 70521 81022 333 10408 20204 58046 6990/ 555 10107=","Q01  00002PRCP24"
"42262099999","2023-05-18T12:00:00","4","27.8833333","78.0666666","187.0","ALIGARH, IN","FM-12","99999","V020","320,1,N,0026,1","22000,1,9,N","002000,1,9,9","+0350,1","+0208,1","10069,1",,"2,1,02,1","1,1,02,1","99,9,+99999,9,00,1",,,"9,AGL   ,+99999,+99999","04,99,1,00,1,99,9,99999,9,99,9,99,9","240,M,+0370,1",,"9,9,999,9,+042,1","05,1","SYN06442262 31995 43205 10350 20208 40069 70521 80002 333 10370 58042=","Q01    003SCCGA1"
"42262099999","2023-05-19T03:00:00","4","27.8833333","78.0666666","187.0","ALIGARH, IN","FM-12","99999","V020","320,1,N,0026,1","99999,9,9,N","002000,1,9,9","+0296,1","+0206,1","10074,1",,"0,1,02,1","0,1,02,1",,,,,,"240,M,+0370,1","240,N,+0252,1","9,9,999,9,-026,1","05,1","SYN07442262 31995 03205 10296 20206 40074 70500 333 10370 20252 59026 555 10107=",
"42262099999","2023-05-19T12:00:00","4","27.8833333","78.0666666","187.0","ALIGARH, IN","FM-12","99999","V020","320,1,N,0031,1","99999,9,9,N","002000,1,9,9","+0364,1","+0195,1","10029,1",,"0,1,02,1","0,1,02,1",,,,,,,,"9,9,999,9,-038,1","05,1","SYN05842262 31995 03206 10364 20195 40029 70500 333 10376 59038=",
"42262099999","2023-05-20T03:00:00","4","27.8833333","78.0666666","187.0","ALIGARH, IN","FM-12","99999","V020","320,1,N,0015,1","99999,9,9,N","002000,1,9,9","+0308,1","+0213,1","10050,1",,"0,1,02,1","0,1,02,1",,,,,,"240,M,+0376,1","240,N,+0256,1","9,9,999,9,-023,1","05,1","SYN07442262 31995 03203 10308 20213 40050 70500 333 10376 20256 59023 555 10107=",
"42262099999","2023-05-20T12:00:00","4","27.8833333","78.0666666","187.0","ALIGARH, IN","FM-12","99999","V020","320,1,N,0021,1","99999,9,9,N","002000,1,9,9","+0388,1","+0165,1","10009,1",,"0,1,02,1","0,1,02,1",,,,,,,,"9,9,999,9,-019,1","05,1","SYN05842262 31995 03204 10388 20165 40009 70500 333 10404 59019=",
"42262099999","2023-05-21T03:00:00","4","27.8833333","78.0666666","187.0","ALIGARH, IN","FM-12","99999","V020","230,1,N,0010,1","99999,9,9,N","002000,1,9,9","+0322,1","+0179,1","10049,1",,"0,1,02,1","0,1,02,1",,,,,,"240,M,+0404,1","240,N,+0262,1","9,9,999,9,+000,1","05,1","SYN07442262 31995 02302 10322 20179 40049 70500 333 10404 20262 58000 555 10107=",
"42262099999","2023-05-21T12:00:00","4","27.8833333","78.0666666","187.0","ALIGARH, IN","FM-12","99999","V020","320,1,N,0031,1","99999,9,9,N","002000,1,9,9","+0408,1","+0198,1","10012,1",,"0,1,02,1","0,1,02,1",,,,,,,,"9,9,999,9,+005,1","05,1","SYN05842262 31995 03206 10408 20198 40012 70500 333 10424 58005=",
"42262099999","2023-05-22T03:00:00","4","27.8833333","78.0666666","187.0","ALIGARH, IN","FM-12","99999","V020","140,1,N,0031,1","99999,9,9,N","002000,1,9,9","+0332,1","+0157,1","10050,1",,"0,1,02,1","0,1,02,1",,,,,,"240,M,+0424,1","240,N,+0284,1","9,9,999,9,+002,1","05,1","SYN06442262 31995 01406 10332 20157 40050 70500 333 10424 20284 58002=",
"42262099999","2023-05-22T12:00:00","4","27.8833333","78.0666666","187.0","ALIGARH, IN","FM-12","99999","V020","320,1,N,0036,1","99999,9,9,N","002000,1,9,9","+0412,1","+0157,1","10013,1",,"0,1,02,1","0,1,02,1",,,,,,,,"9,9,999,9,+001,1","05,1","SYN05842262 31995 03207 10412 20157 40013 70500 333 10434 58001=",
"42262099999","2023-05-23T03:00:00","4","27.8833333","78.0666666","187.0","ALIGARH, IN","FM-12","99999","V020","320,1,N,0026,1","99999,9,9,N","002000,1,9,9","+0342,1","+0158,1","10056,1",,"0,1,02,1","0,1,02,1",,,,,,"240,M,+0434,1","240,N,+0292,1","9,9,999,9,+007,1","05,1","SYN06442262 31995 03205 10342 20158 40056 70500 333 10434 20292 58007=",
"42262099999","2023-05-23T12:00:00","4","27.8833333","78.0666666","187.0","ALIGARH, IN","FM-12","99999","V020","320,1,N,0036,1","22000,1,9,N","002000,1,9,9","+0414,1","+0203,1","09994,1",,"0,1,02,1","0,1,02,1","99,9,+99999,9,00,1",,,"9,AGL   ,+99999,+99999","02,99,1,00,1,99,9,99999,9,99,9,99,9","240,M,+0434,1",,"9,9,999,9,-019,1","05,1","SYN06442262 31995 23207 10414 20203 49994 70500 80002 333 10434 59019=","Q01    003SCCGA1"
"42262099999","2023-05-24T03:00:00","4","27.8833333","78.0666666","187.0","ALIGARH, IN","FM-12","99999","V020","230,1,N,0026,1","99999,9,9,N","002000,1,9,9","+0294,1","+0186,1","10080,1","24,0000,9,1","2,1,02,1","1,1,02,1","01,1,+01750,1,03,1","99,9,+99999,9,00,1",,"9,AGL   ,+99999,+99999","05,99,1,01,1,99,9,01750,1,99,9,99,9","240,M,+0434,1","240,N,+0262,1","9,9,999,9,-020,1","05,1","SYN08642262 21795 52305 10294 20186 40080 70521 81032 333 10434 20262 59020 6990/ 555 10107=","Q01  00002PRCP24"
"42262099999","2023-05-24T12:00:00","4","27.8833333","78.0666666","187.0","ALIGARH, IN","FM-12","99999","V020","140,1,N,0021,1","99999,9,9,N","002000,1,9,9","+0326,1","+0188,1","10034,1",,"2,1,02,1","1,1,02,1","02,1,+99999,9,06,1","99,9,+99999,9,03,1",,"9,AGL   ,+99999,+99999","06,99,1,02,1,99,9,99999,9,99,9,99,9",,,"9,9,999,9,-016,1","05,1","SYN06442262 31995 61404 10326 20188 40034 70521 82530 333 10344 59016=",
"42262099999","2023-05-25T03:00:00","4","27.8833333","78.0666666","187.0","ALIGARH, IN","FM-12","99999","V020","140,1,N,0021,1","99999,9,9,N","002000,1,9,9","+0284,1","+0188,1","10061,1",,"0,1,02,1","0,1,02,1",,,,,,"240,M,+0344,1","240,N,+0248,1","9,9,999,9,-020,1","05,1","SYN07442262 31995 01404 10284 20188 40061 70500 333 10344 20248 59020 555 10107=",
"42262099999","2023-05-25T12:00:00","4","27.8833333","78.0666666","187.0","ALIGARH, IN","FM-12","99999","V020","320,1,N,0021,1","99999,9,9,N","002000,1,9,9","+0354,1","+0175,1","10025,1",,"0,1,02,1","0,1,02,1",,,,,,"240,M,+0366,1",,"9,9,999,9,-007,1","05,1","SYN05842262 31995 03204 10354 20175 40025 70500 333 10366 59007=",
"42262099999","2023-05-26T03:00:00","4","27.8833333","78.0666666","187.0","ALIGARH, IN","FM-12","99999","V020","140,1,N,0031,1","99999,9,9,N","002000,1,9,9","+0246,1","+0193,1","10083,1","24,0140,3,1","2,1,02,1","2,1,02,1","01,1,+01750,1,05,1","99,9,+99999,9,00,1",,"9,AGL   ,+99999,+99999","05,99,1,01,1,99,9,01750,1,99,9,99,9","240,M,+0366,1","240,N,+0206,1","9,9,999,9,+020,1","05,1","SYN09242262 21795 51406 10246 20193 40083 70522 81022 333 10366 20206 58020 6014/ 555 00142 10121=",
"42262099999","2023-05-26T12:00:00","4","27.8833333","78.0666666","187.0","ALIGARH, IN","FM-12","99999","V020","230,1,N,0031,1","22000,1,9,N","002000,1,9,9","+0340,1","+0172,1","10046,1",,"2,1,02,1","1,1,02,1","99,9,+99999,9,00,1",,,"9,AGL   ,+99999,+99999","04,99,1,00,1,99,9,99999,9,99,9,99,9",,,"9,9,999,9,+020,1","05,1","SYN06442262 31995 42306 10340 20172 40046 70521 80001 333 10352 58020=","Q01    003SCCGA1"
"42262099999","2023-05-27T03:00:00","4","27.8833333","78.0666666","187.0","ALIGARH, IN","FM-12","99999","V020","320,1,N,0036,1","99999,9,9,N","002000,1,9,9","+0214,1","+0198,1","10109,1","24,0080,3,1","9,1,02,1","6,1,02,1","02,1,+00800,1,06,1","99,9,+99999,9,05,1","99,9,+99999,9,00,1","9,AGL   ,+99999,+99999","07,99,1,02,1,99,9,00800,1,99,9,99,9","240,M,+0352,1","240,N,+0206,1","9,9,999,9,+022,1","61,1","SYN09242262 21595 73207 10214 20198 40109 76196 82521 333 10352 20206 58022 6008/ 555 00084 10130=",
"42262099999","2023-05-27T12:00:00","4","27.8833333","78.0666666","187.0","ALIGARH, IN","FM-12","99999","V020","320,1,N,0031,1","22000,1,9,9","002000,1,9,9","+0325,1","+0186,1","10033,1",,"2,1,99,9","1,1,99,9","99,9,+08000,1,00,1",,,"9,AGL   ,+99999,+99999","03,99,1,99,9,99,9,08000,1,99,9,99,9",,,"9,9,999,9,-015,1","05,1","SYN004BUFR",
"42262099999","2023-05-28T12:00:00","4","27.8833333","78.0666666","187.0","ALIGARH, IN","FM-12","99999","V020","050,1,N,0026,1","22000,1,9,N","002000,1,9,9","+0340,1","+0164,1","10021,1",,"2,1,02,1","1,1,02,1","99,9,+99999,9,00,1",,,"9,AGL   ,+99999,+99999","02,99,1,00,1,99,9,99999,9,99,9,99,9",,,"9,9,999,9,-009,1","05,1","SYN06442262 31995 20505 10340 20164 40021 70521 80001 333 10354 59009=","Q01    003SCCGA1"
"42262099999","2023-05-29T03:00:00","4","27.8833333","78.0666666","187.0","ALIGARH, IN","FM-12","99999","V020","050,1,N,0021,1","22000,1,9,N","002000,1,9,9","+0286,1","+0211,1","10090,1",,"2,1,02,1","1,1,02,1","99,9,+99999,9,00,1",,,"9,AGL   ,+99999,+99999","03,99,1,00,1,99,9,99999,9,99,9,99,9","240,M,+0354,1","240,N,+0246,1","9,9,999,9,+011,1","05,1","SYN08042262 31995 30504 10286 20211 40090 70521 80002 333 10354 20246 58011 555 10130=","Q01    003SCCGA1"
"42262099999","2023-05-29T12:00:00","4","27.8833333","78.0666666","187.0","ALIGARH, IN","FM-12","99999","V020","140,1,N,0031,1","99999,9,9,N","002000,1,9,9","+0302,1","+0232,1","10073,1","09,0020,3,1","6,1,02,1","2,1,02,1","01,1,+00800,1,06,1","99,9,+99999,9,05,1","99,9,+99999,9,00,1","9,AGL   ,+99999,+99999","06,99,1,01,1,99,9,00800,1,99,9,99,9",,,"9,9,999,9,+048,1","05,1","SYN07042262 21595 61406 10302 20232 40073 70562 81521 333 10348 58048 6002/=",
"42262099999","2023-05-30T03:00:00","4","27.8833333","78.0666666","187.0","ALIGARH, IN","FM-12","99999","V020","050,1,N,0015,1","99999,9,9,N","002000,1,9,9","+0288,1","+0207,1","10090,1","24,0020,3,1","0,1,02,1","0,1,02,1",,,,,,"240,M,+0348,1","240,N,+0238,1","9,9,999,9,+000,1","05,1","SYN08642262 22995 00503 10288 20207 40090 70500 333 10348 20238 58000 6002/ 555 00016 10132=",
"42262099999","2023-05-30T12:00:00","4","27.8833333","78.0666666","187.0","ALIGARH, IN","FM-12","99999","V020","140,1,N,0036,1","99999,9,9,N","002000,1,9,9","+0326,1","+0217,1","10045,1",,"2,1,02,1","1,1,02,1","01,1,+01750,1,05,1","99,9,+99999,9,00,1",,"9,AGL   ,+99999,+99999","06,99,1,01,1,99,9,01750,1,99,9,99,9",,,"9,9,999,9,-027,1","05,1","SYN06442262 31795 61407 10326 20217 40045 70521 81022 333 10358 59027=",
"42262099999","2023-05-31T12:00:00","4","27.8833333","78.0666666","187.0","ALIGARH, IN","FM-12","99999","V020","320,1,N,0031,1","22000,1,9,N","002000,1,9,9","+0324,1","+0197,1","10043,1",,"2,1,02,1","1,1,02,1","01,1,+01750,1,03,1","99,9,+99999,9,00,1",,"9,AGL   ,+99999,+99999","03,99,1,01,1,99,9,01750,1,99,9,99,9",,,"9,9,999,9,-002,1","05,1","SYN06442262 31795 33206 10324 20197 40043 70521 81031 333 10336 59002=",
"42262099999","2023-06-01T03:00:00","4","27.8833333","78.0666666","187.0","ALIGARH, IN","FM-12","99999","V020","320,1,N,0036,1","22000,1,9,N","002000,1,9,9","+0264,1","+0200,1","10079,1","24,0020,3,1","0,1,02,1","0,1,02,1","99,9,+99999,9,00,1",,,"9,AGL   ,+99999,+99999","02,99,1,00,1,99,9,99999,9,99,9,99,9","240,M,+0336,1","240,N,+0220,1","9,9,999,9,+006,1","05,1","SYN09242262 21995 23207 10264 20200 40079 70500 80001 333 10336 20220 58006 6002/ 555 00018 10002=","Q01    003SCCGA1"
"42262099999","2023-06-02T03:00:00","4","27.8833333","78.0666666","187.0","ALIGARH, IN","FM-12","99999","V020","320,1,N,0031,1","22000,1,9,N","002000,1,9,9","+0274,1","+0187,1","10068,1",,"2,1,02,1","1,1,02,1","99,9,+99999,9,00,1",,,"9,AGL   ,+99999,+99999","02,99,1,00,1,99,9,99999,9,99,9,99,9","240,M,+0324,1","240,N,+0236,1","9,9,999,9,-010,1","05,1","SYN08042262 31995 23206 10274 20187 40068 70521 80001 333 10324 20236 59010 555 10002=","Q01    003SCCGA1"
"42262099999","2023-06-03T03:00:00","4","27.8833333","78.0666666","187.0","ALIGARH, IN","FM-12","99999","V020","320,1,N,0010,1","22000,1,9,N","002000,1,9,9","+0294,1","+0193,1","10066,1",,"2,1,02,1","1,1,02,1","99,9,+99999,9,00,1",,,"9,AGL   ,+99999,+99999","02,99,1,00,1,99,9,99999,9,99,9,99,9","240,M,+0354,1","240,N,+0254,1","9,9,999,9,-001,1","05,1","SYN08042262 31995 23202 10294 20193 40066 70521 80001 333 10354 20254 59001 555 10002=","Q01    003SCCGA1"
"42262099999","2023-06-03T12:00:00","4","27.8833333","78.0666666","187.0","ALIGARH, IN","FM-12","99999","V020","320,1,N,0036,1","22000,1,9,N","002000,1,9,9","+0344,1","+0208,1","10031,1",,"2,1,02,1","1,1,02,1","99,9,+99999,9,00,1",,,"9,AGL   ,+99999,+99999","02,99,1,00,1,99,9,99999,9,99,9,99,9",,,"9,9,999,9,+003,1","05,1","SYN06442262 31995 23207 10344 20208 40031 70521 80001 333 10358 58003=","Q01    003SCCGA1"
"42262099999","2023-06-04T03:00:00","4","27.8833333","78.0666666","187.0","ALIGARH, IN","FM-12","99999","V020","320,1,N,0031,1","99999,9,9,N","002000,1,9,9","+0276,1","+0203,1","10065,1","24,0010,3,1","6,1,02,1","2,1,02,1","02,1,+01750,1,05,1","99,9,+99999,9,00,1",,"9,AGL   ,+99999,+99999","06,99,1,02,1,99,9,01750,1,99,9,99,9","240,M,+0358,1","240,N,+0238,1","9,9,999,9,-008,1","05,1","SYN09242262 21795 63206 10276 20203 40065 70562 82022 333 10358 20238 59008 6001/ 555 00014 10003=",
"42262099999","2023-06-04T12:00:00","4","27.8833333","78.0666666","187.0","ALIGARH, IN","FM-12","99999","V020","050,1,N,0026,1","99999,9,9,N","002000,1,9,9","+0338,1","+0214,1","10041,1","09,0000,9,1","2,1,02,1","2,1,02,1","01,1,+00800,1,06,1","99,9,+99999,9,05,1","99,9,+99999,9,00,1","9,AGL   ,+99999,+99999","06,99,1,01,1,99,9,00800,1,99,9,99,9",,,"9,9,999,9,+009,1","05,1","SYN07042262 21595 60505 10338 20214 40041 70522 81522 333 10376 58009 6990/=","Q01  00002PRCP09"
"42262099999","2023-06-05T03:00:00","4","27.8833333","78.0666666","187.0","ALIGARH, IN","FM-12","99999","V020","320,1,N,0026,1","22000,1,9,N","002000,1,9,9","+0300,1","+0214,1","10047,1","24,0000,9,1","2,1,02,1","1,1,02,1","02,1,+01750,1,03,1","99,9,+99999,9,00,1",,"9,AGL   ,+99999,+99999","04,99,1,02,1,99,9,01750,1,99,9,99,9","240,M,+0376,1","240,N,+0264,1","9,9,999,9,-016,1","05,1","SYN09242262 21795 43205 10300 20214 40047 70521 82031 333 10376 20264 59016 6990/ 555 00000 10003=","Q01  00002PRCP24"
"42262099999","2023-06-05T12:00:00","4","27.8833333","78.0666666","187.0","ALIGARH, IN","FM-12","99999","V020","320,1,N,0021,1","22000,1,9,N","002000,1,9,9","+0360,1","+0195,1","10009,1",,"2,1,02,1","1,1,02,1","01,1,+01750,1,03,1","99,9,+99999,9,00,1",,"9,AGL   ,+99999,+99999","03,99,1,01,1,99,9,01750,1,99,9,99,9","240,M,+0374,1",,"9,9,999,9,-029,1","05,1","SYN06442262 31795 33204 10360 20195 40009 70521 81032 333 10374 59029=",
"42262099999","2023-06-06T03:00:00","4","27.8833333","78.0666666","187.0","ALIGARH, IN","FM-12","99999","V020","050,1,N,0010,1","22000,1,9,N","002000,1,9,9","+0310,1","+0212,1","10039,1","24,0004,3,1","2,1,02,1","1,1,02,1","99,9,+99999,9,00,1",,,"9,AGL   ,+99999,+99999","03,99,1,00,1,99,9,99999,9,99,9,99,9","240,M,+0374,1","240,N,+0250,1","9,9,999,9,-007,1","05,1","SYN09242262 21995 30502 10310 20212 40039 70521 80001 333 10374 20250 59007 6994/ 555 00004 10004=","Q01    003SCCGA1"
"42262099999","2023-06-06T12:00:00","4","27.8833333","78.0666666","187.0","ALIGARH, IN","FM-12","99999","V020","320,1,N,0026,1","99999,9,9,N","002000,1,9,9","+0378,1","+0192,1","10008,1",,"0,1,02,1","0,1,02,1",,,,,,,,"9,9,999,9,+000,1","05,1","SYN05842262 31995 03205 10378 20192 40008 70500 333 10392 58000=",
"42262099999","2023-06-07T03:00:00","4","27.8833333","78.0666666","187.0","ALIGARH, IN","FM-12","99999","V020","320,1,N,0015,1","99999,9,9,N","002000,1,9,9","+0302,1","+0192,1","10043,1",,"0,1,02,1","0,1,02,1",,,,,,"240,M,+0392,1","240,N,+0270,1","9,9,999,9,+003,1","05,1","SYN07442262 31995 03203 10302 20192 40043 70500 333 10392 20270 58003 555 10004=",
"42262099999","2023-06-07T12:00:00","4","27.8833333","78.0666666","187.0","ALIGARH, IN","FM-12","99999","V020","230,1,N,0031,1","99999,9,9,N","002000,1,9,9","+0382,1","+0186,1","10006,1",,"0,1,02,1","0,1,02,1",,,,,,,,"9,9,999,9,-002,1","05,1","SYN05842262 31995 02306 10382 20186 40006 70500 333 10394 59002=",
"42262099999","2023-06-08T03:00:00","4","27.8833333","78.0666666","187.0","ALIGARH, IN","FM-12","99999","V020","050,1,N,0010,1","99999,9,9,N","002000,1,9,9","+0312,1","+0189,1","10041,1",,"0,1,02,1","0,1,02,1",,,,,,"240,M,+0394,1","240,N,+0258,1","9,9,999,9,-001,1","05,1","SYN07442262 31995 00502 10312 20189 40041 70500 333 10394 20258 59001 555 10004=",
"42262099999","2023-06-09T03:00:00","4","27.8833333","78.0666666","187.0","ALIGARH, IN","FM-12","99999","V020","230,1,N,0031,1","22000,1,9,N","002000,1,9,9","+0324,1","+0208,1","10015,1",,"2,1,02,1","1,1,02,1","99,9,+99999,9,00,1",,,"9,AGL   ,+99999,+99999","02,99,1,00,1,99,9,99999,9,99,9,99,9","240,M,+0398,1","240,N,+0284,1","9,9,999,9,-025,1","05,1","SYN08042262 31995 22306 10324 20208 40015 70521 80001 333 10398 20284 59025 555 10004=","Q01    003SCCGA1"
"42262099999","2023-06-09T12:00:00","4","27.8833333","78.0666666","187.0","ALIGARH, IN","FM-12","99999","V020","320,1,N,0031,1","99999,9,9,N","004000,1,9,9","+0392,1","+0196,1","09953,1",,,,,,,,,,,"9,9,999,9,-047,1",,"SYN05242262 32996 03206 10392 20196 49953 333 10408 59047=",
"42262099999","2023-06-10T03:00:00","4","27.8833333","78.0666666","187.0","ALIGARH, IN","FM-12","99999","V020","320,1,N,0015,1","99999,9,9,N","002000,1,9,9","+0324,1","+0204,1","09996,1",,"0,1,02,1","0,1,02,1",,,,,,"240,M,+0408,1","240,N,+0280,1","9,9,999,9,-019,1","05,1","SYN07442262 31995 03203 10324 20204 49996 70500 333 10408 20280 59019 555 10004=",
"42262099999","2023-06-10T12:00:00","4","27.8833333","78.0666666","187.0","ALIGARH, IN","FM-12","99999","V020","230,1,N,0031,1","22000,1,9,9","002000,1,9,9","+0405,1","+0205,1","09943,1","99,9999,9,9","2,1,99,9","1,1,99,9","99,9,+08000,1,00,1",,,"9,AGL   ,+99999,+99999","02,99,1,99,9,99,9,08000,1,99,9,99,9",,,"9,9,999,9,-009,1","05,1","SYN004BUFR",
"42262099999","2023-06-11T03:00:00","4","27.8833333","78.0666666","187.0","ALIGARH, IN","FM-12","99999","V020","320,1,N,0026,1","22000,1,9,9","002000,1,9,9","+0317,1","+0204,1","09912,1",,"0,1,99,9","0,1,99,9",,,,,"00,99,1,99,9,99,9,99999,9,99,9,99,9","120,M,+0414,1","120,N,+0266,1","9,9,999,9,-003,1","05,1","SYN004BUFR",
"42262099999","2023-06-11T12:00:00","4","27.8833333","78.0666666","187.0","ALIGARH, IN","FM-12","99999","V020","320,1,N,0031,1","22000,1,9,9","002000,1,9,9","+0397,1","+0204,1","09933,1","99,9999,9,9","0,1,99,9","0,1,99,9",,,,,"00,99,1,99,9,99,9,99999,9,99,9,99,9",,,"9,9,999,9,-011,1","05,1","SYN004BUFR",
"42262099999","2023-06-12T03:00:00","4","27.8833333","78.0666666","187.0","ALIGARH, IN","FM-12","99999","V020","320,1,N,0021,1","99999,9,9,N","002000,1,9,9","+0334,1","+0230,1","09988,1",,"0,1,02,1","0,1,02,1",,,,,,"240,M,+0408,1","240,N,+0276,1","9,9,999,9,-004,1","05,1","SYN07442262 31995 03204 10334 20230 49988 70500 333 10408 20276 59004 555 10004=",
"42262099999","2023-06-12T12:00:00","4","27.8833333","78.0666666","187.0","ALIGARH, IN","FM-12","99999","V020","320,1,N,0046,1","22000,1,9,N","002000,1,9,9","+0392,1","+0212,1","09954,1",,"2,1,02,1","1,1,02,1","99,9,+99999,9,00,1",,,"9,AGL   ,+99999,+99999","02,99,1,00,1,99,9,99999,9,99,9,99,9","240,M,+0404,1",,"9,9,999,9,+021,1","05,1","SYN06442262 31995 23209 10392 20212 49954 70521 80001 333 10404 58021=","Q01    003SCCGA1"
"42262099999","2023-06-13T03:00:00","4","27.8833333","78.0666666","187.0","ALIGARH, IN","FM-12","99999","V020","230,1,N,0010,1","99999,9,9,N","002000,1,9,9","+0356,1","+0239,1","09993,1",,"0,1,02,1","0,1,02,1",,,,,,"240,M,+0404,1","240,N,+0308,1","9,9,999,9,+006,1","05,1","SYN07442262 31995 02302 10356 20239 49993 70500 333 10404 20308 58006 555 10004=",
"42262099999","2023-06-13T12:00:00","4","27.8833333","78.0666666","187.0","ALIGARH, IN","FM-12","99999","V020","320,1,N,0046,1","99999,9,9,N","002000,1,9,9","+0398,1","+0204,1","09932,1",,"0,1,02,1","0,1,02,1",,,,,,"240,M,+0412,1",,"9,9,999,9,-022,1","05,1","SYN05842262 31995 03209 10398 20204 49932 70500 333 10412 59022=",
"42262099999","2023-06-14T03:00:00","4","27.8833333","78.0666666","187.0","ALIGARH, IN","FM-12","99999","V020","320,1,N,0036,1","99999,9,9,N","002000,1,9,9","+0346,1","+0206,1","10001,1",,"0,1,02,1","0,1,02,1",,,,,,"240,M,+0412,1","240,N,+0298,1","9,9,999,9,+008,1","05,1","SYN07442262 31995 03207 10346 20206 40001 70500 333 10412 20298 58008 555 10004=",
"42262099999","2023-06-14T12:00:00","4","27.8833333","78.0666666","187.0","ALIGARH, IN","FM-12","99999","V020","320,1,N,0041,1","22000,1,9,N","002000,1,9,9","+0404,1","+0212,1","09950,1",,"0,1,02,1","0,1,02,1","99,9,+99999,9,00,1",,,"9,AGL   ,+99999,+99999","01,99,1,00,1,99,9,99999,9,99,9,99,9",,,"9,9,999,9,+019,1","05,1","SYN06442262 31995 13208 10404 20212 49950 70500 80001 333 10418 58019=","Q01    003SCCGA1"
"42262099999","2023-06-15T03:00:00","4","27.8833333","78.0666666","187.0","ALIGARH, IN","FM-12","99999","V020","320,1,N,0041,1","99999,9,9,N","002000,1,9,9","+0332,1","+0247,1","10007,1",,"0,1,02,1","0,1,02,1",,,,,,"240,M,+0418,1","240,N,+0290,1","9,9,999,9,+005,1","05,1","SYN07442262 31995 03208 10332 20247 40007 70500 333 10418 20290 58005 555 10004=",
"42262099999","2023-06-15T12:00:00","4","27.8833333","78.0666666","187.0","ALIGARH, IN","FM-12","99999","V020","320,1,N,0031,1","99999,9,9,9","002000,1,9,9","+0365,1","+0219,1","09991,1",,"2,1,99,9","1,1,99,9","01,1,+01750,1,03,1","99,9,+99999,9,00,1",,"9,AGL   ,+99999,+99999","05,99,1,01,1,99,9,01750,1,99,9,99,9",,,"9,9,999,9,+037,1","05,1","SYN004BUFR",
"42262099999","2023-06-16T03:00:00","4","27.8833333","78.0666666","187.0","ALIGARH, IN","FM-12","99999","V020","320,1,N,0021,1","22000,1,9,N","002000,1,9,9","+0332,1","+0200,1","10008,1","24,0000,9,1","0,1,02,1","0,1,02,1","99,9,+99999,9,00,1",,,"9,AGL   ,+99999,+99999","02,99,1,00,1,99,9,99999,9,99,9,99,9","240,M,+0384,1","240,N,+0284,1","9,9,999,9,+001,1","05,1","SYN08642262 21995 23204 10332 20200 40008 70500 80001 333 10384 20284 58001 6990/ 555 10004=","Q01  00002PRCP24Q02    003SCCGA1"
"42262099999","2023-06-16T12:00:00","4","27.8833333","78.0666666","187.0","ALIGARH, IN","FM-12","99999","V020","320,1,N,0046,1","99999,9,9,N","002000,1,9,9","+0362,1","+0223,1","09982,1","09,0000,9,1","2,1,02,1","1,1,02,1","02,1,+01750,1,03,1","99,9,+99999,9,00,1",,"9,AGL   ,+99999,+99999","05,99,1,02,1,99,9,01750,1,99,9,99,9","240,M,+0386,1",,"9,9,999,9,-009,1","05,1","SYN07042262 21795 53209 10362 20223 49982 70521 82032 333 10386 59009 6990/=","Q01  00002PRCP09"
"42262099999","2023-06-17T03:00:00","4","27.8833333","78.0666666","187.0","ALIGARH, IN","FM-12","99999","V020","320,1,N,0015,1","99999,9,9,N","002000,1,9,9","+0334,1","+0240,1","10015,1","24,0000,9,1","2,1,02,1","1,1,02,1","99,9,+99999,9,00,1",,,"9,AGL   ,+99999,+99999","05,99,1,00,1,99,9,99999,9,99,9,99,9","240,M,+0386,1","240,N,+0288,1","9,9,999,9,+031,1","05,1","SYN08642262 21995 53203 10334 20240 40015 70521 80001 333 10386 20288 58031 6990/ 555 10004=","Q01  00002PRCP24Q02    003SCCGA1"
"42262099999","2023-06-17T12:00:00","4","27.8833333","78.0666666","187.0","ALIGARH, IN","FM-12","99999","V020","320,1,N,0021,1","99999,9,9,N","002000,1,9,9","+0376,1","+0233,1","09974,1",,"2,1,02,1","1,1,02,1","99,9,+99999,9,00,1",,,"9,AGL   ,+99999,+99999","05,99,1,00,1,99,9,99999,9,99,9,99,9","240,M,+0390,1",,"9,9,999,9,-006,1","05,1","SYN06442262 31995 53204 10376 20233 49974 70521 80001 333 10390 59006=","Q01    003SCCGA1"
"42262099999","2023-06-19T03:00:00","4","27.8833333","78.0666666","187.0","ALIGARH, IN","FM-12","99999","V020","050,1,N,0046,1","99999,9,9,N","002000,1,9,9","+0300,1","+0248,1","09996,1","24,0002,3,1","2,1,02,1","2,1,02,1","02,1,+01750,1,05,1","99,9,+99999,9,00,1",,"9,AGL   ,+99999,+99999","06,99,1,02,1,99,9,01750,1,99,9,99,9","240,M,+0396,1","240,N,+0272,1","9,9,999,9,-027,1","05,1","SYN09242262 21795 60509 10300 20248 49996 70522 82022 333 10396 20272 59027 6992/ 555 00002 10004=",
"42262099999","2023-06-19T12:00:00","4","27.8833333","78.0666666","187.0","ALIGARH, IN","FM-12","99999","V020","170,1,N,0026,1","99999,9,9,N","002000,1,9,9","+0322,1","+0239,1","09952,1","09,0020,3,1","2,1,02,1","2,1,02,1","01,1,+01750,1,05,1","99,9,+99999,9,00,1",,"9,AGL   ,+99999,+99999","05,99,1,01,1,99,9,01750,1,99,9,99,9",,,"9,9,999,9,-028,1","05,1","SYN07042262 21795 51705 10322 20239 49952 70522 81022 333 10338 59028 6002/=",
"42262099999","2023-06-20T03:00:00","4","27.8833333","78.0666666","187.0","ALIGARH, IN","FM-12","99999","V020","050,1,N,0036,1","99999,9,9,N","002000,1,9,9","+0286,1","+0255,1","09995,1","24,0020,3,1","2,1,02,1","2,1,02,1","02,1,+00800,1,06,1","99,9,+99999,9,05,1","99,9,+99999,9,00,1","9,AGL   ,+99999,+99999","07,99,1,02,1,99,9,00800,1,99,9,99,9","240,M,+0338,1","240,N,+0282,1","9,9,999,9,-002,1","50,1","SYN07642262 21595 70507 10286 20255 49995 75022 82522 333 10338 20282 59002 6002/=",
"42262099999","2023-06-20T12:00:00","4","27.8833333","78.0666666","187.0","ALIGARH, IN","FM-12","99999","V020","360,1,N,0041,1","99999,9,9,N","002000,1,9,9","+0278,1","+0264,1","09983,1","09,0060,3,1","6,1,02,1","2,1,02,1","02,1,+00800,1,06,1","99,9,+99999,9,05,1","99,9,+99999,9,00,1","9,AGL   ,+99999,+99999","06,99,1,02,1,99,9,00800,1,99,9,99,9",,,"9,9,999,9,+024,1","51,1","SYN07042262 21595 63608 10278 20264 49983 75162 82522 333 10286 58024 6006/=",
"42262099999","2023-06-21T03:00:00","4","27.8833333","78.0666666","187.0","ALIGARH, IN","FM-12","99999","V020","320,1,N,0010,1","99999,9,9,N","002000,1,9,9","+0294,1","+0257,1","10014,1","24,0100,3,1","2,1,02,1","2,1,02,1","02,1,+00800,1,06,1","99,9,+99999,9,05,1","99,9,+99999,9,00,1","9,AGL   ,+99999,+99999","07,99,1,02,1,99,9,00800,1,99,9,99,9","240,N,+0264,1",,"9,9,999,9,+019,1","10,1","SYN09242262 21595 73202 10294 20257 40014 71022 82522 333 10286 20264 58019 6010/ 555 00098 10016=",
"42262099999","2023-06-22T03:00:00","4","27.8833333","78.0666666","187.0","ALIGARH, IN","FM-12","99999","V020","320,1,N,0010,1","22000,1,9,N","002000,1,9,9","+0320,1","+0270,1","10015,1","24,0002,3,1","2,1,02,1","1,1,02,1","99,9,+99999,9,00,1",,,"9,AGL   ,+99999,+99999","03,99,1,00,1,99,9,99999,9,99,9,99,9","240,M,+0348,1","240,N,+0286,1","9,9,999,9,+003,1","10,1","SYN09242262 21995 33202 10320 20270 40015 71021 80001 333 10348 20286 58003 6992/ 555 00002 10016=","Q01    003SCCGA1"
"42262099999","2023-06-22T12:00:00","4","27.8833333","78.0666666","187.0","ALIGARH, IN","FM-12","99999","V020","999,9,C,0000,1","99999,9,9,N","002000,1,9,9","+0330,1","+0272,1","09981,1",,"2,1,02,1","1,1,02,1","01,1,+01750,1,05,1","99,9,+99999,9,00,1",,"9,AGL   ,+99999,+99999","05,99,1,01,1,99,9,01750,1,99,9,99,9",,,"9,9,999,9,+000,1","05,1","SYN06442262 31795 50000 10330 20272 49981 70521 81022 333 10358 58000=",
"42262099999","2023-06-23T03:00:00","4","27.8833333","78.0666666","187.0","ALIGARH, IN","FM-12","99999","V020","999,9,C,0000,1","99999,9,9,N","002000,1,9,9","+0326,1","+0274,1","10007,1",,"2,1,02,1","1,1,02,1","02,1,+01750,1,05,1","99,9,+99999,9,00,1",,"9,AGL   ,+99999,+99999","06,99,1,02,1,99,9,01750,1,99,9,99,9","240,M,+0348,1","240,N,+0306,1","9,9,999,9,-005,1","05,1","SYN08042262 31795 60000 10326 20274 40007 70521 82022 333 10348 20306 59005 555 10016=",
"42262099999","2023-06-23T12:00:00","4","27.8833333","78.0666666","187.0","ALIGARH, IN","FM-12","99999","V020","050,1,N,0026,1","99999,9,9,N","002000,1,9,9","+0342,1","+0264,1","09974,1",,"2,1,02,1","2,1,02,1","02,1,+01750,1,05,1","99,9,+99999,9,00,1",,"9,AGL   ,+99999,+99999","05,99,1,02,1,99,9,01750,1,99,9,99,9",,,"9,9,999,9,-005,1","05,1","SYN06442262 31795 50505 10342 20264 49974 70522 82022 333 10354 59005=",
"42262099999","2023-06-24T03:00:00","4","27.8833333","78.0666666","187.0","ALIGARH, IN","FM-12","99999","V020","050,1,N,0010,1","99999,9,9,N","002000,1,9,9","+0328,1","+0270,1","10004,1",,"2,1,02,1","1,1,02,1","02,1,+01750,1,05,1","99,9,+99999,9,00,1",,"9,AGL   ,+99999,+99999","06,99,1,02,1,99,9,01750,1,99,9,99,9","240,M,+0354,1","240,N,+0306,1","9,9,999,9,-003,1","05,1","SYN08042262 31795 60502 10328 20270 40004 70521 82022 333 10354 20306 59003 555 10016=",
"42262099999","2023-06-24T12:00:00","4","27.8833333","78.0666666","187.0","ALIGARH, IN","FM-12","99999","V020","050,1,N,0031,1","99999,9,9,N","002000,1,9,9","+0322,1","+0258,1","09979,1","09,0040,3,1","6,1,02,1","2,1,02,1","02,1,+01750,1,05,1","99,9,+99999,9,00,1",,"9,AGL   ,+99999,+99999","07,99,1,02,1,99,9,01750,1,99,9,99,9","240,M,+0348,1",,"9,9,999,9,+003,1","05,1","SYN07042262 21795 70506 10322 20258 49979 70562 82022 333 10348 58003 6004/=",
"42262099999","2023-06-25T03:00:00","4","27.8833333","78.0666666","187.0","ALIGARH, IN","FM-12","99999","V020","320,1,N,0015,1","99999,9,9,N","002000,1,9,9","+0282,1","+0251,1","10017,1","24,0040,3,1","2,1,02,1","2,1,02,1","02,1,+01750,1,05,1","99,9,+99999,9,00,1",,"9,AGL   ,+99999,+99999","07,99,1,02,1,99,9,01750,1,99,9,99,9","240,M,+0348,1","240,N,+0262,1","9,9,999,9,+011,1","10,1","SYN07642262 21795 73203 10282 20251 40017 71022 82022 333 10348 20262 58011 6004/=",
"42262099999","2023-06-26T03:00:00","4","27.8833333","78.0666666","187.0","ALIGARH, IN","FM-12","99999","V020","050,1,N,0015,1","99999,9,9,N","002000,1,9,9","+0286,1","+0258,1","10024,1",,"2,1,02,1","2,1,02,1","02,1,+01750,1,05,1","99,9,+99999,9,00,1",,"9,AGL   ,+99999,+99999","06,99,1,02,1,99,9,01750,1,99,9,99,9","240,M,+0304,1","240,N,+0264,1","9,9,999,9,+007,1","10,1","SYN08042262 31795 60503 10286 20258 40024 71022 82022 333 10304 20264 58007 555 10020=",
"42262099999","2023-06-26T12:00:00","4","27.8833333","78.0666666","187.0","ALIGARH, IN","FM-12","99999","V020","320,1,N,0031,1","99999,9,9,N","001000,1,9,9","+0322,1","+0261,1","09991,1","09,0000,2,1","5,1,02,1","2,1,02,1","01,1,+00800,1,06,1","99,9,+99999,9,05,1","99,9,+99999,9,00,1","9,AGL   ,+99999,+99999","07,99,1,01,1,99,9,00800,1,99,9,99,9",,,"9,9,999,9,+006,1","62,1","SYN07042262 21594 73206 10322 20261 49991 76252 81522 333 10342 58006 6990/=",
"42262099999","2023-06-27T03:00:00","4","27.8833333","78.0666666","187.0","ALIGARH, IN","FM-12","99999","V020","050,1,N,0026,1","99999,9,9,N","002000,1,9,9","+0290,1","+0256,1","10021,1","24,0030,3,1","2,1,02,1","1,1,02,1","02,1,+01750,1,05,1","99,9,+99999,9,00,1",,"9,AGL   ,+99999,+99999","06,99,1,02,1,99,9,01750,1,99,9,99,9","240,M,+0342,1","240,N,+0256,1","9,9,999,9,-013,1","10,1","SYN09242262 21795 60505 10290 20256 40021 71021 82022 333 10342 20256 59013 6003/ 555 00026 10022=",
"42262099999","2023-06-27T12:00:00","4","27.8833333","78.0666666","187.0","ALIGARH, IN","FM-12","99999","V020","320,1,N,0026,1","99999,9,9,N","002000,1,9,9","+0334,1","+0274,1","09969,1","09,0000,9,1","6,1,02,1","0,1,02,1","01,1,+01750,1,03,1","99,9,+99999,9,00,1",,"9,AGL   ,+99999,+99999","05,99,1,01,1,99,9,01750,1,99,9,99,9",,,"9,9,999,9,-020,1","05,1","SYN07042262 21795 53205 10334 20274 49969 70560 81032 333 10346 59020 6990/=","Q01  00002PRCP09"
"42262099999","2023-06-28T03:00:00","4","27.8833333","78.0666666","187.0","ALIGARH, IN","FM-12","99999","V020","050,1,N,0036,1","99999,9,9,N","002000,1,9,9","+0314,1","+0281,1","10016,1","24,0000,9,1","2,1,02,1","1,1,02,1","01,1,+01750,1,03,1","99,9,+99999,9,00,1",,"9,AGL   ,+99999,+99999","05,99,1,01,1,99,9,01750,1,99,9,99,9","240,M,+0346,1","240,N,+0284,1","9,9,999,9,+007,1","10,1","SYN09242262 21795 50507 10314 20281 40016 71021 81031 333 10346 20284 58007 6990/ 555 00000 10022=","Q01  00002PRCP24"
"42262099999","2023-06-28T12:00:00","4","27.8833333","78.0666666","187.0","ALIGARH, IN","FM-12","99999","V020","140,1,N,0041,1","99999,9,9,N","002000,1,9,9","+0330,1","+0266,1","09997,1","09,0000,9,1","2,1,02,1","1,1,02,1","01,1,+01250,1,05,1","99,9,+99999,9,00,1",,"9,AGL   ,+99999,+99999","06,99,1,01,1,99,9,01250,1,99,9,99,9",,,"9,9,999,9,+027,1","05,1","SYN07042262 21695 61408 10330 20266 49997 70521 81022 333 10350 58027 6990/=","Q01  00002PRCP09"
"42262099999","2023-06-29T03:00:00","4","27.8833333","78.0666666","187.0","ALIGARH, IN","FM-12","99999","V020","050,1,N,0026,1","99999,9,9,N","002000,1,9,9","+0302,1","+0272,1","10028,1","24,0000,2,1","2,1,02,1","2,1,02,1","02,1,+01750,1,05,1","99,9,+99999,9,00,1",,"9,AGL   ,+99999,+99999","06,99,1,02,1,99,9,01750,1,99,9,99,9","240,M,+0350,1","240,N,+0280,1","9,9,999,9,+011,1","50,1","SYN08642262 21795 60505 10302 20272 40028 75022 82022 333 10350 20280 58011 6990/ 555 10022=",
"42262099999","2023-06-29T12:00:00","4","27.8833333","78.0666666","187.0","ALIGARH, IN","FM-12","99999","V020","050,1,N,0041,1","99999,9,9,N","002000,1,9,9","+0286,1","+0266,1","09984,1","09,0000,2,1","2,1,02,1","2,1,02,1","02,1,+01750,1,05,1","99,9,+99999,9,00,1",,"9,AGL   ,+99999,+99999","07,99,1,02,1,99,9,01750,1,99,9,99,9",,,"9,9,999,9,-016,1","50,1","SYN07042262 21795 70508 10286 20266 49984 75022 82022 333 10340 59016 6990/=",
"42262099999","2023-06-30T03:00:00","4","27.8833333","78.0666666","187.0","ALIGARH, IN","FM-12","99999","V020","050,1,N,0021,1","99999,9,9,N","002000,1,9,9","+0272,1","+0261,1","09999,1","24,0310,3,1","2,1,02,1","2,1,02,1","01,1,+00800,1,06,1","99,9,+99999,9,05,1","99,9,+99999,9,00,1","9,AGL   ,+99999,+99999","07,99,1,01,1,99,9,00800,1,99,9,99,9","240,M,+0340,1","240,N,+0248,1","9,9,999,9,-031,1","10,1","SYN09242262 21595 70504 10272 20261 49999 71022 81522 333 10340 20248 59031 6031/ 555 00306 10053=",
"42262099999","2023-06-30T12:00:00","4","27.8833333","78.0666666","187.0","ALIGARH, IN","FM-12","99999","V020","050,1,N,0026,1","99999,9,9,N","002000,1,9,9","+0318,1","+0250,1","09997,1",,"2,1,02,1","1,1,02,1","01,1,+01750,1,05,1","99,9,+99999,9,00,1",,"9,AGL   ,+99999,+99999","06,99,1,01,1,99,9,01750,1,99,9,99,9",,,"9,9,999,9,-014,1","05,1","SYN06442262 31795 60505 10318 20250 49997 70521 81021 333 10328 59014=",
"42262099999","2023-07-01T03:00:00","4","27.8833333","78.0666666","187.0","ALIGARH, IN","FM-12","99999","V020","320,1,N,0021,1","99999,9,9,N","004000,1,9,9","+0278,1","+0258,1","10000,1",,"2,1,02,1","2,1,02,1","01,1,+99999,9,06,1","99,9,+99999,9,05,1","99,9,+99999,9,00,1","9,AGL   ,+99999,+99999","06,99,1,01,1,99,9,99999,9,99,9,99,9","240,M,+0328,1","240,N,+0260,1","9,9,999,9,+001,1","10,1","SYN08042262 32996 63204 10278 20258 40000 71022 81522 333 10328 20260 58001 555 10053=",
"42262099999","2023-07-02T12:00:00","4","27.8833333","78.0666666","187.0","ALIGARH, IN","FM-12","99999","V020","050,1,N,0021,1","22000,1,9,N","002000,1,9,9","+0340,1","+0247,1","09983,1",,"2,1,02,1","1,1,02,1","01,1,+01750,1,03,1","99,9,+99999,9,00,1",,"9,AGL   ,+99999,+99999","03,99,1,01,1,99,9,01750,1,99,9,99,9",,,"9,9,999,9,-010,1","05,1","SYN06442262 31795 30504 10340 20247 49983 70521 81031 333 10348 59010=",
"42262099999","2023-07-03T03:00:00","4","27.8833333","78.0666666","187.0","ALIGARH, IN","FM-12","99999","V020","320,1,N,0010,1","22000,1,9,N","002000,1,9,9","+0306,1","+0273,1","10009,1",,"0,1,02,1","0,1,02,1","99,9,+99999,9,00,1",,,"9,AGL   ,+99999,+99999","01,99,1,00,1,99,9,99999,9,99,9,99,9","240,M,+0348,1","240,N,+0284,1","9,9,999,9,-002,1","05,1","SYN08042262 31995 13202 10306 20273 40009 70500 80001 333 10348 20284 59002 555 10053=","Q01    003SCCGA1"
"42262099999","2023-07-03T12:00:00","4","27.8833333","78.0666666","187.0","ALIGARH, IN","FM-12","99999","V020","360,1,N,0015,1","22000,1,9,N","002000,1,9,9","+0346,1","+0263,1","09967,1",,"0,1,02,1","0,1,02,1","99,9,+99999,9,00,1",,,"9,AGL   ,+99999,+99999","02,99,1,00,1,99,9,99999,9,99,9,99,9",,,"9,9,999,9,-015,1","05,1","SYN06442262 31995 23603 10346 20263 49967 70500 80001 333 10356 59015=","Q01    003SCCGA1"
"42262099999","2023-07-04T03:00:00","4","27.8833333","78.0666666","187.0","ALIGARH, IN","FM-12","99999","V020","050,1,N,0021,1","99999,9,9,N","002000,1,9,9","+0324,1","+0269,1","09989,1",,"2,1,02,1","1,1,02,1","04,1,+01750,1,05,1","99,9,+99999,9,00,1",,"9,AGL   ,+99999,+99999","06,99,1,04,1,99,9,01750,1,99,9,99,9","240,M,+0356,1","240,N,+0300,1","9,9,999,9,-019,1","05,1","SYN08042262 31795 60504 10324 20269 49989 70521 84021 333 10356 20300 59019 555 10053=",
"42262099999","2023-07-04T12:00:00","4","27.8833333","78.0666666","187.0","ALIGARH, IN","FM-12","99999","V020","320,1,N,0015,1","99999,9,9,N","002000,1,9,9","+0310,1","+0251,1","09968,1","09,0000,9,1","5,1,02,1","2,1,02,1","02,1,+01750,1,05,1","99,9,+99999,9,00,1",,"9,AGL   ,+99999,+99999","06,99,1,02,1,99,9,01750,1,99,9,99,9",,,"9,9,999,9,-001,1","05,1","SYN07042262 21795 63203 10310 20251 49968 70552 82022 333 10332 59001 6990/=","Q01  00002PRCP09"
"42262099999","2023-07-05T03:00:00","4","27.8833333","78.0666666","187.0","ALIGARH, IN","FM-12","99999","V020","050,1,N,0010,1","99999,9,9,N","002000,1,9,9","+0296,1","+0268,1","09993,1","24,0000,9,1","2,1,02,1","2,1,02,1","01,1,+01750,1,05,1","99,9,+99999,9,00,1",,"9,AGL   ,+99999,+99999","06,99,1,01,1,99,9,01750,1,99,9,99,9","240,M,+0332,1","240,N,+0278,1","9,9,999,9,+002,1","10,1","SYN09242262 21795 60502 10296 20268 49993 71022 81022 333 10332 20278 58002 6990/ 555 00000 10053=","Q01  00002PRCP24"
"42262099999","2023-07-05T12:00:00","4","27.8833333","78.0666666","187.0","ALIGARH, IN","FM-12","99999","V020","050,1,N,0026,1","99999,9,9,N","002000,1,9,9","+0324,1","+0263,1","09963,1","09,0000,9,1","2,1,02,1","1,1,02,1","01,1,+01750,1,03,1","99,9,+99999,9,00,1",,"9,AGL   ,+99999,+99999","05,99,1,01,1,99,9,01750,1,99,9,99,9",,,"9,9,999,9,-005,1","05,1","SYN07042262 21795 50505 10324 20263 49963 70521 81032 333 10336 59005 6990/=","Q01  00002PRCP09"
"42262099999","2023-07-06T03:00:00","4","27.8833333","78.0666666","187.0","ALIGARH, IN","FM-12","99999","V020","999,9,C,0000,1","99999,9,9,N","002000,1,9,9","+0292,1","+0273,1","10007,1","24,0010,3,1","2,1,02,1","2,1,02,1","02,1,+01750,1,05,1","99,9,+99999,9,00,1",,"9,AGL   ,+99999,+99999","06,99,1,02,1,99,9,01750,1,99,9,99,9","240,M,+0336,1","240,N,+0274,1","9,9,999,9,+014,1","10,1","SYN09242262 21795 60000 10292 20273 40007 71022 82022 333 10336 20274 58014 6001/ 555 00014 10054=",
"42262099999","2023-07-07T03:00:00","4","27.8833333","78.0666666","187.0","ALIGARH, IN","FM-12","99999","V020","140,1,N,0031,1","99999,9,9,N","002000,1,9,9","+0292,1","+0258,1","10024,1","24,0000,9,1","2,1,02,1","2,1,02,1","02,1,+01750,1,05,1","99,9,+99999,9,00,1",,"9,AGL   ,+99999,+99999","07,99,1,02,1,99,9,01750,1,99,9,99,9","240,M,+0312,1","240,N,+0262,1","9,9,999,9,+017,1","10,1","SYN08642262 21795 71406 10292 20258 40024 71022 82022 333 10312 20262 58017 6990/ 555 10054=","Q01  00002PRCP24"
"42262099999","2023-07-07T12:00:00","4","27.8833333","78.0666666","187.0","ALIGARH, IN","FM-12","99999","V020","050,1,N,0026,1","99999,9,9,N","002000,1,9,9","+0312,1","+0256,1","10009,1",,"2,1,02,1","1,1,02,1","01,1,+01750,1,03,1","99,9,+99999,9,00,1",,"9,AGL   ,+99999,+99999","05,99,1,01,1,99,9,01750,1,99,9,99,9",,,"9,9,999,9,+012,1","05,1","SYN06442262 31795 50505 10312 20256 40009 70521 81032 333 10324 58012=",
"42262099999","2023-07-08T03:00:00","4","27.8833333","78.0666666","187.0","ALIGARH, IN","FM-12","99999","V020","050,1,N,0046,1","99999,9,9,N","002000,1,9,9","+0286,1","+0264,1","10020,1","24,0030,3,1","5,1,02,1","2,1,02,1","01,1,+00800,1,06,1","99,9,+99999,9,05,1","99,9,+99999,9,00,1","9,AGL   ,+99999,+99999","07,99,1,01,1,99,9,00800,1,99,9,99,9","240,M,+0324,1","240,N,+0264,1","9,9,999,9,-004,1","10,1","SYN09242262 21595 70509 10286 20264 40020 71052 81522 333 10324 20264 59004 6003/ 555 00026 10056=",
"42262099999","2023-07-08T12:00:00","4","27.8833333","78.0666666","187.0","ALIGARH, IN","FM-12","99999","V020","140,1,N,0036,1","99999,9,9,N","002000,1,9,9","+0290,1","+0271,1","09993,1","09,0050,3,1","6,1,02,1","2,1,02,1","02,1,+00800,1,06,1","99,9,+99999,9,05,1","99,9,+99999,9,00,1","9,AGL   ,+99999,+99999","07,99,1,02,1,99,9,00800,1,99,9,99,9",,,"9,9,999,9,-018,1","51,1","SYN07042262 21595 71407 10290 20271 49993 75162 82522 333 10306 59018 6005/=",
"42262099999","2023-07-09T03:00:00","4","27.8833333","78.0666666","187.0","ALIGARH, IN","FM-12","99999","V020","140,1,N,0026,1","99999,9,9,N","002000,1,9,9","+0274,1","+0254,1","10023,1","24,0050,3,1","6,1,02,1","2,1,02,1","02,1,+00800,1,06,1","99,9,+99999,9,05,1",,"9,AGL   ,+99999,+99999","07,99,1,02,1,99,9,00800,1,99,9,99,9","240,M,+0306,1","240,N,+0260,1","9,9,999,9,+002,1","61,1","SYN07642262 21595 71405 10274 20254 40023 76162 82520 333 10306 20260 58002 6005/=",
"42262099999","2023-07-09T12:00:00","4","27.8833333","78.0666666","187.0","ALIGARH, IN","FM-12","99999","V020","230,1,N,0026,1","99999,9,9,N","002000,1,9,9","+0288,1","+0274,1","09985,1","09,0250,3,1","9,1,02,1","6,1,02,1","02,1,+00800,1,06,1","99,9,+99999,9,05,1","99,9,+99999,9,00,1","9,AGL   ,+99999,+99999","07,99,1,02,1,99,9,00800,1,99,9,99,9",,,"9,9,999,9,-008,1","62,1","SYN07042262 21595 72305 10288 20274 49985 76296 82522 333 10314 59008 6025/=",
"42262099999","2023-07-10T03:00:00","4","27.8833333","78.0666666","187.0","ALIGARH, IN","FM-12","99999","V020","140,1,N,0021,1","99999,9,9,N","002000,1,9,9","+0292,1","+0270,1","10008,1","24,0340,3,1","2,1,02,1","1,1,02,1","01,1,+00800,1,06,1","99,9,+99999,9,03,1","99,9,+99999,9,00,1","9,AGL   ,+99999,+99999","06,99,1,01,1,99,9,00800,1,99,9,99,9","240,M,+0314,1","240,N,+0264,1","9,9,999,9,-014,1","10,1","SYN09242262 21595 61404 10292 20270 40008 71021 81532 333 10314 20264 59014 6034/ 555 00336 10098=",
"42262099999","2023-07-11T03:00:00","4","27.8833333","78.0666666","187.0","ALIGARH, IN","FM-12","99999","V020","320,1,N,0010,1","99999,9,9,N","002000,1,9,9","+0282,1","+0271,1","10009,1","24,0080,3,1","5,1,02,1","2,1,02,1","02,1,+00800,1,06,1","99,9,+99999,9,05,1","99,9,+99999,9,00,1","9,AGL   ,+99999,+99999","07,99,1,02,1,99,9,00800,1,99,9,99,9","240,M,+0322,1","240,N,+0272,1","9,9,999,9,+001,1","51,1","SYN09242262 21595 73202 10282 20271 40009 75152 82522 333 10322 20272 58001 6008/ 555 00084 10106=",
"42262099999","2023-07-11T12:00:00","4","27.8833333","78.0666666","187.0","ALIGARH, IN","FM-12","99999","V020","320,1,N,0021,1","99999,9,9,N","002000,1,9,9","+0294,1","+0263,1","09990,1","09,0180,3,1","2,1,02,1","1,1,02,1","02,1,+00800,1,06,1","99,9,+99999,9,05,1","99,9,+99999,9,00,1","9,AGL   ,+99999,+99999","06,99,1,02,1,99,9,00800,1,99,9,99,9",,,"9,9,999,9,+003,1","10,1","SYN07042262 21595 63204 10294 20263 49990 71021 82521 333 10306 58003 6018/=",
"42262099999","2023-07-12T12:00:00","4","27.8833333","78.0666666","187.0","ALIGARH, IN","FM-12","99999","V020","230,1,N,0036,1","99999,9,9,N","002000,1,9,9","+0294,1","+0280,1","09977,1","09,0080,3,1","6,1,02,1","2,1,02,1","05,1,+00800,1,08,1","99,9,+99999,9,05,1","99,9,+99999,9,00,1","9,AGL   ,+99999,+99999","06,99,1,05,1,99,9,00800,1,99,9,99,9",,,"9,9,999,9,-012,1","52,1","SYN07042262 21595 62307 10294 20280 49977 75262 85121 333 10316 59012 6008/=",
"42262099999","2023-07-13T12:00:00","4","27.8833333","78.0666666","187.0","ALIGARH, IN","FM-12","99999","V020","050,1,N,0026,1","99999,9,9,N","002000,1,9,9","+0300,1","+0269,1","10001,1",,"2,1,02,1","2,1,02,1","01,1,+01750,1,05,1","99,9,+99999,9,00,1",,"9,AGL   ,+99999,+99999","06,99,1,01,1,99,9,01750,1,99,9,99,9",,,"9,9,999,9,+024,1","10,1","SYN06442262 31795 60505 10300 20269 40001 71022 81022 333 10316 58024=",
"42262099999","2023-07-14T03:00:00","4","27.8833333","78.0666666","187.0","ALIGARH, IN","FM-12","99999","V020","050,1,N,0021,1","99999,9,9,N","002000,1,9,9","+0290,1","+0271,1","10024,1",,"2,1,02,1","2,1,02,1","02,1,+01750,1,05,1","99,9,+99999,9,00,1",,"9,AGL   ,+99999,+99999","06,99,1,02,1,99,9,01750,1,99,9,99,9","240,M,+0316,1","240,N,+0276,1","9,9,999,9,+012,1","10,1","SYN08042262 31795 60504 10290 20271 40024 71022 82022 333 10316 20276 58012 555 10173=",
"42262099999","2023-07-14T12:00:00","4","27.8833333","78.0666666","187.0","ALIGARH, IN","FM-12","99999","V020","140,1,N,0010,1","99999,9,9,N","002000,1,9,9","+0326,1","+0256,1","09995,1",,"2,1,02,1","1,1,02,1","01,1,+01750,1,03,1","99,9,+99999,9,00,1",,"9,AGL   ,+99999,+99999","05,99,1,01,1,99,9,01750,1,99,9,99,9","240,M,+0336,1",,"9,9,999,9,-005,1","05,1","SYN06442262 31795 51402 10326 20256 49995 70521 81032 333 10336 59005=",
"42262099999","2023-07-15T03:00:00","4","27.8833333","78.0666666","187.0","ALIGARH, IN","FM-12","99999","V020","320,1,N,0010,1","99999,9,9,N","002000,1,9,9","+0304,1","+0277,1","10020,1",,"2,1,02,1","2,1,02,1","01,1,+01750,1,05,1","99,9,+99999,9,00,1",,"9,AGL   ,+99999,+99999","06,99,1,01,1,99,9,01750,1,99,9,99,9","240,M,+0336,1","240,N,+0284,1","9,9,999,9,-003,1","10,1","SYN08042262 31795 63202 10304 20277 40020 71022 81022 333 10336 20284 59003 555 10173=",
"42262099999","2023-07-15T12:00:00","4","27.8833333","78.0666666","187.0","ALIGARH, IN","FM-12","99999","V020","140,1,N,0010,1","99999,9,9,N","002000,1,9,9","+0292,1","+0261,1","09990,1","09,0060,3,1","2,1,02,1","1,1,02,1","02,1,+01750,1,05,1","99,9,+99999,9,00,1",,"9,AGL   ,+99999,+99999","06,99,1,02,1,99,9,01750,1,99,9,99,9",,,"9,9,999,9,-007,1","10,1","SYN07042262 21795 61402 10292 20261 49990 71021 82022 333 10306 59007 6006/=",
"42262099999","2023-07-16T03:00:00","4","27.8833333","78.0666666","187.0","ALIGARH, IN","FM-12","99999","V020","320,1,N,0015,1","99999,9,9,N","002000,1,9,9","+0274,1","+0260,1","10023,1","24,0110,3,1","6,1,02,1","2,1,02,1","01,1,+00800,1,06,1","99,9,+99999,9,05,1","99,9,+99999,9,00,1","9,AGL   ,+99999,+99999","06,99,1,01,1,99,9,00800,1,99,9,99,9","240,M,+0306,1","240,N,+0262,1","9,9,999,9,+001,1","05,1","SYN09242262 21595 63203 10274 20260 40023 70562 81522 333 10306 20262 58001 6011/ 555 00106 10183=",
"42262099999","2023-07-16T12:00:00","4","27.8833333","78.0666666","187.0","ALIGARH, IN","FM-12","99999","V020","320,1,N,0021,1","99999,9,9,N","002000,1,9,9","+0314,1","+0252,1","09984,1",,"2,1,02,1","2,1,02,1","02,1,+01750,1,03,1","99,9,+99999,9,00,1",,"9,AGL   ,+99999,+99999","05,99,1,02,1,99,9,01750,1,99,9,99,9",,,"9,9,999,9,-004,1","05,1","SYN06442262 31795 53204 10314 20252 49984 70522 82032 333 10322 59004=",
"42262099999","2023-07-17T03:00:00","4","27.8833333","78.0666666","187.0","ALIGARH, IN","FM-12","99999","V020","320,1,N,0010,1","99999,9,9,N","002000,1,9,9","+0302,1","+0257,1","10010,1",,"2,1,02,1","1,1,02,1","01,1,+01750,1,05,1","99,9,+99999,9,00,1",,"9,AGL   ,+99999,+99999","05,99,1,01,1,99,9,01750,1,99,9,99,9","240,M,+0322,1","240,N,+0274,1","9,9,999,9,-011,1","10,1","SYN08042262 31795 53202 10302 20257 40010 71021 81022 333 10322 20274 59011 555 10183=",
"42262099999","2023-07-17T12:00:00","4","27.8833333","78.0666666","187.0","ALIGARH, IN","FM-12","99999","V020","320,1,N,0021,1","99999,9,9,N","002000,1,9,9","+0302,1","+0286,1","09974,1","09,0080,3,1","6,1,02,1","2,1,02,1","02,1,+00800,1,06,1","99,9,+99999,9,05,1","99,9,+99999,9,00,1","9,AGL   ,+99999,+99999","07,99,1,02,1,99,9,00800,1,99,9,99,9",,,"9,9,999,9,-010,1","50,1","SYN07042262 21595 73204 10302 20286 49974 75062 82522 333 10334 59010 6008/=",
"42262099999","2023-07-18T03:00:00","4","27.8833333","78.0666666","187.0","ALIGARH, IN","FM-12","99999","V020","140,1,N,0026,1","99999,9,9,N","002000,1,9,9","+0302,1","+0274,1","10010,1","24,0080,3,1","6,1,02,1","0,1,02,1","02,1,+01750,1,05,1","99,9,+99999,9,00,1",,"9,AGL   ,+99999,+99999","07,99,1,02,1,99,9,01750,1,99,9,99,9","240,M,+0334,1","240,N,+0266,1","9,9,999,9,+000,1","10,1","SYN09242262 21795 71405 10302 20274 40010 71060 82022 333 10334 20266 58000 6008/ 555 00082 10192=",
"42262099999","2023-07-18T12:00:00","4","27.8833333","78.0666666","187.0","ALIGARH, IN","FM-12","99999","V020","140,1,N,0010,1","99999,9,9,N","002000,1,9,9","+0310,1","+0271,1","09975,1","09,0000,2,1","2,1,02,1","2,1,02,1","01,1,+00800,1,06,1","99,9,+99999,9,05,1","99,9,+99999,9,00,1","9,AGL   ,+99999,+99999","07,99,1,01,1,99,9,00800,1,99,9,99,9",,,"9,9,999,9,+002,1","50,1","SYN07042262 21595 71402 10310 20271 49975 75022 81522 333 10340 58002 6990/=",
"42262099999","2023-07-19T03:00:00","4","27.8833333","78.0666666","187.0","ALIGARH, IN","FM-12","99999","V020","140,1,N,0021,1","99999,9,9,N","002000,1,9,9","+0286,1","+0278,1","10010,1","24,0610,3,1","2,1,02,1","1,1,02,1","01,1,+01750,1,03,1","99,9,+99999,9,00,1",,"9,AGL   ,+99999,+99999","05,99,1,01,1,99,9,01750,1,99,9,99,9","240,M,+0340,1","240,N,+0256,1","9,9,999,9,-001,1","10,1","SYN07642262 21795 51404 10286 20278 40010 71021 81032 333 10340 20256 59001 6061/=",
"42262099999","2023-07-19T12:00:00","4","27.8833333","78.0666666","187.0","ALIGARH, IN","FM-12","99999","V020","140,1,N,0026,1","22000,1,9,N","002000,1,9,9","+0310,1","+0271,1","09977,1",,"2,1,02,1","1,1,02,1","01,1,+01750,1,03,1","99,9,+99999,9,00,1",,"9,AGL   ,+99999,+99999","04,99,1,01,1,99,9,01750,1,99,9,99,9",,,"9,9,999,9,+002,1","10,1","SYN06442262 31795 41405 10310 20271 49977 71021 81032 333 10328 58002=",
"42262099999","2023-07-20T03:00:00","4","27.8833333","78.0666666","187.0","ALIGARH, IN","FM-12","99999","V020","050,1,N,0015,1","22000,1,9,N","002000,1,9,9","+0316,1","+0266,1","10005,1",,"2,1,02,1","1,1,02,1","01,1,+01750,1,03,1","99,9,+99999,9,00,1",,"9,AGL   ,+99999,+99999","03,99,1,01,1,99,9,01750,1,99,9,99,9","240,M,+0328,1","240,N,+0288,1","9,9,999,9,-003,1","10,1","SYN08042262 31795 30503 10316 20266 40005 71021 81031 333 10328 20288 59003 555 10252=",
"42262099999","2023-07-20T12:00:00","4","27.8833333","78.0666666","187.0","ALIGARH, IN","FM-12","99999","V020","050,1,N,0010,1","22000,1,9,9","002000,1,9,9","+0335,1","+0265,1","09966,1","99,9999,9,9","2,1,99,9","1,1,99,9","01,1,+01750,1,03,1",,,"9,AGL   ,+99999,+99999","04,99,1,01,1,99,9,01750,1,99,9,99,9",,,"9,9,999,9,-010,1","05,1","SYN004BUFR",
"42262099999","2023-07-21T03:00:00","4","27.8833333","78.0666666","187.0","ALIGARH, IN","FM-12","99999","V020","999,9,C,0000,1","99999,9,9,N","002000,1,9,9","+0326,1","+0271,1","10017,1",,"2,1,02,1","1,1,02,1","01,1,+01750,1,03,1","99,9,+99999,9,00,1",,"9,AGL   ,+99999,+99999","05,99,1,01,1,99,9,01750,1,99,9,99,9","240,M,+0346,1","240,N,+0298,1","9,9,999,9,+012,1","10,1","SYN08042262 31795 50000 10326 20271 40017 71021 81031 333 10346 20298 58012 555 10252=",
"42262099999","2023-07-21T12:00:00","4","27.8833333","78.0666666","187.0","ALIGARH, IN","FM-12","99999","V020","140,1,N,0026,1","99999,9,9,N","002000,1,9,9","+0320,1","+0279,1","09985,1","09,0020,3,1","6,1,02,1","2,1,02,1","02,1,+01750,1,03,1","99,9,+99999,9,00,1",,"9,AGL   ,+99999,+99999","05,99,1,02,1,99,9,01750,1,99,9,99,9",,,,"10,1","SYN06442262 21795 51405 10320 20279 49985 71062 82032 333 10362 6002/=",
"42262099999","2023-07-22T03:00:00","4","27.8833333","78.0666666","187.0","ALIGARH, IN","FM-12","99999","V020","050,1,N,0031,1","99999,9,9,N","002000,1,9,9","+0306,1","+0273,1","10047,1","24,0020,3,1","2,1,02,1","1,1,02,1","01,1,+01750,1,03,1","99,9,+99999,9,00,1",,"9,AGL   ,+99999,+99999","05,99,1,01,1,99,9,01750,1,99,9,99,9","240,M,+0362,1","240,N,+0288,1","9,9,999,9,+028,1","10,1","SYN09242262 21795 50506 10306 20273 40047 71021 81032 333 10362 20288 58028 6002/ 555 00016 10254=",
"42262099999","2023-07-22T12:00:00","4","27.8833333","78.0666666","187.0","ALIGARH, IN","FM-12","99999","V020","050,1,N,0036,1","22000,1,9,N","002000,1,9,9","+0338,1","+0260,1","10009,1",,"2,1,02,1","1,1,02,1","01,1,+01750,1,03,1","99,9,+99999,9,00,1",,"9,AGL   ,+99999,+99999","04,99,1,01,1,99,9,01750,1,99,9,99,9","240,M,+0348,1",,"9,9,999,9,+025,1","05,1","SYN06442262 31795 40507 10338 20260 40009 70521 81031 333 10348 58025=",
"42262099999","2023-07-23T03:00:00","4","27.8833333","78.0666666","187.0","ALIGARH, IN","FM-12","99999","V020","050,1,N,0036,1","22000,1,9,N","002000,1,9,9","+0310,1","+0268,1","10052,1",,"2,1,02,1","1,1,02,1","01,1,+01750,1,03,1",,,"9,AGL   ,+99999,+99999","02,99,1,01,1,99,9,01750,1,99,9,99,9","240,M,+0348,1","240,N,+0288,1","9,9,999,9,+006,1","10,1","SYN08042262 31795 20507 10310 20268 40052 71021 81030 333 10348 20288 58006 555 10254=",
"42262099999","2023-07-23T12:00:00","4","27.8833333","78.0666666","187.0","ALIGARH, IN","FM-12","99999","V020","140,1,N,0026,1","22000,1,9,N","002000,1,9,9","+0340,1","+0268,1","10013,1",,"2,1,02,1","1,1,02,1","01,1,+01750,1,03,1","99,9,+99999,9,00,1",,"9,AGL   ,+99999,+99999","04,99,1,01,1,99,9,01750,1,99,9,99,9",,,"9,9,999,9,+005,1","05,1","SYN06442262 31795 41405 10340 20268 40013 70521 81031 333 10350 58005=",
"42262099999","2023-07-24T03:00:00","4","27.8833333","78.0666666","187.0","ALIGARH, IN","FM-12","99999","V020","050,1,N,0026,1","22000,1,9,N","002000,1,9,9","+0316,1","+0269,1","10027,1",,"0,1,02,1","0,1,02,1","99,9,+99999,9,00,1",,,"9,AGL   ,+99999,+99999","02,99,1,00,1,99,9,99999,9,99,9,99,9","240,M,+0350,1","240,N,+0286,1","9,9,999,9,-024,1","10,1","SYN08042262 31995 20505 10316 20269 40027 71000 80001 333 10350 20286 59024 555 10254=","Q01    003SCCGA1"
"42262099999","2023-07-24T12:00:00","4","27.8833333","78.0666666","187.0","ALIGARH, IN","FM-12","99999","V020","050,1,N,0036,1","99999,9,9,N","002000,1,9,9","+0328,1","+0276,1","09981,1",,"2,1,02,1","2,1,02,1","02,1,+01750,1,05,1","99,9,+99999,9,00,1",,"9,AGL   ,+99999,+99999","05,99,1,02,1,99,9,01750,1,99,9,99,9",,,"9,9,999,9,-031,1","10,1","SYN06442262 31795 50507 10328 20276 49981 71022 82022 333 10348 59031=",
"42262099999","2023-07-25T03:00:00","4","27.8833333","78.0666666","187.0","ALIGARH, IN","FM-12","99999","V020","050,1,N,0010,1","99999,9,9,N","002000,1,9,9","+0272,1","+0255,1","10031,1","24,0020,3,1","5,1,02,1","2,1,02,1","01,1,+00800,1,06,1","99,9,+99999,9,05,1","99,9,+99999,9,00,1","9,AGL   ,+99999,+99999","06,99,1,01,1,99,9,00800,1,99,9,99,9","240,M,+0348,1","240,N,+0262,1","9,9,999,9,+001,1","50,1","SYN09242262 21595 60502 10272 20255 40031 75052 81522 333 10348 20262 58001 6002/ 555 00024 10256=",
"42262099999","2023-07-25T12:00:00","4","27.8833333","78.0666666","187.0","ALIGARH, IN","FM-12","99999","V020","050,1,N,0031,1","99999,9,9,9","002000,1,9,9","+0312,1","+0273,1","10003,1","99,9999,9,9","2,1,99,9","1,1,99,9","02,1,+01750,1,03,1","99,9,+99999,9,00,1",,"9,AGL   ,+99999,+99999","06,99,1,02,1,99,9,01750,1,99,9,99,9",,,"9,9,999,9,+019,1","10,1","SYN004BUFR",
"42262099999","2023-07-26T03:00:00","4","27.8833333","78.0666666","187.0","ALIGARH, IN","FM-12","99999","V020","050,1,N,0021,1","99999,9,9,N","002000,1,9,9","+0282,1","+0262,1","10045,1",,"2,1,02,1","2,1,02,1","02,1,+01750,1,05,1","99,9,+99999,9,00,1",,"9,AGL   ,+99999,+99999","06,99,1,02,1,99,9,01750,1,99,9,99,9","240,M,+0318,1","240,N,+0270,1","9,9,999,9,+013,1","10,1","SYN08042262 31795 60504 10282 20262 40045 71022 82022 333 10318 20270 58013 555 10256=",
"42262099999","2023-07-27T03:00:00","4","27.8833333","78.0666666","187.0","ALIGARH, IN","FM-12","99999","V020","050,1,N,0010,1","99999,9,9,N","002000,1,9,9","+0282,1","+0262,1","10036,1","24,1100,3,1","2,1,02,1","1,1,02,1","01,1,+01750,1,03,1","99,9,+99999,9,00,1",,"9,AGL   ,+99999,+99999","05,99,1,01,1,99,9,01750,1,99,9,99,9","240,M,+0292,1","240,N,+0252,1","9,9,999,9,-009,1","10,1","SYN09242262 21795 50502 10282 20262 40036 71021 81032 333 10292 20252 59009 6110/ 555 01096 10366=",
"42262099999","2023-07-27T12:00:00","4","27.8833333","78.0666666","187.0","ALIGARH, IN","FM-12","99999","V020","140,1,N,0010,1","99999,9,9,N","002000,1,9,9","+0296,1","+0285,1","10004,1","09,0040,3,1","6,1,02,1","0,1,02,1","01,1,+01750,1,05,1","99,9,+99999,9,00,1",,"9,AGL   ,+99999,+99999","05,99,1,01,1,99,9,01750,1,99,9,99,9",,,"9,9,999,9,-009,1","62,1","SYN07042262 21795 51402 10296 20285 40004 76260 81021 333 10332 59009 6004/=",
"42262099999","2023-07-28T03:00:00","4","27.8833333","78.0666666","187.0","ALIGARH, IN","FM-12","99999","V020","140,1,N,0010,1","99999,9,9,N","002000,1,9,9","+0294,1","+0275,1","10009,1","24,0040,3,1","2,1,02,1","1,1,02,1","02,1,+01750,1,05,1","99,9,+99999,9,00,1",,"9,AGL   ,+99999,+99999","05,99,1,02,1,99,9,01750,1,99,9,99,9","240,M,+0332,1","240,N,+0276,1","9,9,999,9,-025,1","10,1","SYN09242262 21795 51402 10294 20275 40009 71021 82022 333 10332 20276 59025 6004/ 555 00044 10370=",
"42262099999","2023-07-28T12:00:00","4","27.8833333","78.0666666","187.0","ALIGARH, IN","FM-12","99999","V020","050,1,N,0036,1","99999,9,9,N","002000,1,9,9","+0282,1","+0271,1","09974,1","09,0080,3,1",,,"02,1,+00800,1,06,1","99,9,+99999,9,05,1","99,9,+99999,9,00,1","9,AGL   ,+99999,+99999","07,99,1,02,1,99,9,00800,1,99,9,99,9",,,"9,9,999,9,-029,1",,"SYN06442262 21595 70507 10282 20271 49974 82522 333 10334 59029 6008/=",
"42262099999","2023-07-29T03:00:00","4","27.8833333","78.0666666","187.0","ALIGARH, IN","FM-12","99999","V020","140,1,N,0010,1","99999,9,9,N","002000,1,9,9","+0266,1","+0257,1","10015,1","24,0120,3,1","2,1,02,1","2,1,02,1","01,1,+00800,1,06,1","99,9,+99999,9,05,1","99,9,+99999,9,00,1","9,AGL   ,+99999,+99999","06,99,1,01,1,99,9,00800,1,99,9,99,9","240,M,+0334,1","240,N,+0246,1","9,9,999,9,+004,1","10,1","SYN09242262 21595 61402 10266 20257 40015 71022 81522 333 10334 20246 58004 6012/ 555 00118 10382=",
"42262099999","2023-07-29T12:00:00","4","27.8833333","78.0666666","187.0","ALIGARH, IN","FM-12","99999","V020","230,1,N,0010,1","99999,9,9,N","002000,1,9,9","+0316,1","+0260,1","09984,1","09,0008,3,1","2,1,02,1","2,1,02,1","01,1,+01750,1,03,1","99,9,+99999,9,00,1",,"9,AGL   ,+99999,+99999","05,99,1,01,1,99,9,01750,1,99,9,99,9",,,"9,9,999,9,+011,1","05,1","SYN07042262 21795 52302 10316 20260 49984 70522 81032 333 10328 58011 6998/=",
"42262099999","2023-07-30T03:00:00","4","27.8833333","78.0666666","187.0","ALIGARH, IN","FM-12","99999","V020","320,1,N,0021,1","99999,9,9,N","002000,1,9,9","+0274,1","+0263,1","10003,1","24,0040,3,1","2,1,02,1","2,1,02,1","02,1,+01750,1,05,1","99,9,+99999,9,00,1",,"9,AGL   ,+99999,+99999","06,99,1,02,1,99,9,01750,1,99,9,99,9","240,M,+0328,1","240,N,+0252,1","9,9,999,9,-011,1","10,1","SYN09242262 21795 63204 10274 20263 40003 71022 82022 333 10328 20252 59011 6004/ 555 00036 10386=",
"42262099999","2023-07-30T12:00:00","4","27.8833333","78.0666666","187.0","ALIGARH, IN","FM-12","99999","V020","320,1,N,0015,1","99999,9,9,N","002000,1,9,9","+0320,1","+0258,1","09971,1",,"2,1,02,1","1,1,02,1","02,1,+01750,1,03,1","99,9,+99999,9,00,1",,"9,AGL   ,+99999,+99999","05,99,1,02,1,99,9,01750,1,99,9,99,9","240,M,+0330,1",,"9,9,999,9,-012,1","10,1","SYN06442262 31795 53203 10320 20258 49971 71021 82032 333 10330 59012=",
"42262099999","2023-07-31T03:00:00","4","27.8833333","78.0666666","187.0","ALIGARH, IN","FM-12","99999","V020","320,1,N,0015,1","99999,9,9,N","002000,1,9,9","+0298,1","+0273,1","09994,1","24,0000,9,1","2,1,02,1","1,1,02,1","01,1,+01750,1,03,1","99,9,+99999,9,00,1",,"9,AGL   ,+99999,+99999","05,99,1,01,1,99,9,01750,1,99,9,99,9","240,M,+0330,1","240,N,+0270,1","9,9,999,9,-008,1","10,1","SYN08642262 21795 53203 10298 20273 49994 71021 81032 333 10330 20270 59008 6990/ 555 10386=","Q01  00002PRCP24"
"42262099999","2023-07-31T12:00:00","4","27.8833333","78.0666666","187.0","ALIGARH, IN","FM-12","99999","V020","050,1,N,0021,1","99999,9,9,N","002000,1,9,9","+0330,1","+0272,1","09962,1",,"2,1,02,1","1,1,02,1","01,1,+01750,1,03,1","99,9,+99999,9,00,1",,"9,AGL   ,+99999,+99999","05,99,1,01,1,99,9,01750,1,99,9,99,9",,,"9,9,999,9,+008,1","10,1","SYN06442262 31795 50504 10330 20272 49962 71021 81032 333 10340 58008=",
"42262099999","2023-08-01T03:00:00","4","27.8833333","78.0666666","187.0","ALIGARH, IN","FM-12","99999","V020","320,1,N,0026,1","22000,1,9,N","002000,1,9,9","+0298,1","+0265,1","09985,1","24,0000,9,1","2,1,02,1","1,1,02,1","01,1,+01750,1,03,1","99,9,+99999,9,00,1",,"9,AGL   ,+99999,+99999","04,99,1,01,1,99,9,01750,1,99,9,99,9","240,M,+0340,1","240,N,+0276,1","9,9,999,9,-009,1","10,1","SYN08642262 21795 43205 10298 20265 49985 71021 81032 333 10340 20276 59009 6990/ 555 10386=","Q01  00002PRCP24"
"42262099999","2023-08-01T12:00:00","4","27.8833333","78.0666666","187.0","ALIGARH, IN","FM-12","99999","V020","320,1,N,0026,1","22000,1,9,N","002000,1,9,9","+0340,1","+0268,1","09950,1",,"2,1,02,1","1,1,02,1","01,1,+01750,1,03,1","99,9,+99999,9,00,1",,"9,AGL   ,+99999,+99999","04,99,1,01,1,99,9,01750,1,99,9,99,9",,,"9,9,999,9,-011,1","05,1","SYN06442262 31795 43205 10340 20268 49950 70521 81031 333 10352 59011=",
"42262099999","2023-08-02T03:00:00","4","27.8833333","78.0666666","187.0","ALIGARH, IN","FM-12","99999","V020","320,1,N,0031,1","22000,1,9,N","002000,1,9,9","+0306,1","+0267,1","09987,1","24,0000,9,1","2,1,02,1","1,1,02,1","01,1,+01750,1,03,1","99,9,+99999,9,00,1",,"9,AGL   ,+99999,+99999","04,99,1,01,1,99,9,01750,1,99,9,99,9","240,M,+0352,1","240,N,+0286,1","9,9,999,9,+003,1","10,1","SYN09242262 21795 43206 10306 20267 49987 71021 81032 333 10352 20286 58003 6990/ 555 00000 10386=","Q01  00002PRCP24"
"42262099999","2023-08-02T12:00:00","4","27.8833333","78.0666666","187.0","ALIGARH, IN","FM-12","99999","V020","360,1,N,0026,1","99999,9,9,N","002000,1,9,9","+0324,1","+0269,1","09968,1",,"2,1,02,1","2,1,02,1","02,1,+01750,1,05,1","99,9,+99999,9,00,1",,"9,AGL   ,+99999,+99999","06,99,1,02,1,99,9,01750,1,99,9,99,9",,,"9,9,999,9,+009,1","95,1","SYN06442262 31795 63605 10324 20269 49968 79522 82022 333 10340 58009=",
"42262099999","2023-08-03T03:00:00","4","27.8833333","78.0666666","187.0","ALIGARH, IN","FM-12","99999","V020","320,1,N,0031,1","99999,9,9,N","002000,1,9,9","+0296,1","+0262,1","09986,1","24,0004,3,1","2,1,02,1","1,1,02,1","01,1,+01750,1,03,1","99,9,+99999,9,00,1",,"9,AGL   ,+99999,+99999","05,99,1,01,1,99,9,01750,1,99,9,99,9","240,M,+0340,1","240,N,+0276,1","9,9,999,9,-002,1","10,1","SYN09242262 21795 53206 10296 20262 49986 71021 81032 333 10340 20276 59002 6994/ 555 00004 10386=",
"42262099999","2023-08-03T12:00:00","4","27.8833333","78.0666666","187.0","ALIGARH, IN","FM-12","99999","V020","320,1,N,0015,1","99999,9,9,N","002000,1,9,9","+0338,1","+0275,1","09962,1",,"2,1,02,1","1,1,02,1","01,1,+01750,1,03,1","99,9,+99999,9,00,1",,"9,AGL   ,+99999,+99999","05,99,1,01,1,99,9,01750,1,99,9,99,9","240,M,+0346,1",,"9,9,999,9,-005,1","10,1","SYN06442262 31795 53203 10338 20275 49962 71021 81032 333 10346 59005=",
"42262099999","2023-08-04T03:00:00","4","27.8833333","78.0666666","187.0","ALIGARH, IN","FM-12","99999","V020","320,1,N,0010,1","99999,9,9,N","002000,1,9,9","+0264,1","+0261,1","10013,1","24,0400,3,1","6,1,02,1","2,1,02,1","02,1,+00800,1,06,1","99,9,+99999,9,05,1","99,9,+99999,9,00,1","9,AGL   ,+99999,+99999","07,99,1,02,1,99,9,00800,1,99,9,99,9","240,M,+0346,1","240,N,+0250,1","9,9,999,9,+025,1","50,1","SYN09242262 21595 73202 10264 20261 40013 75062 82522 333 10346 20250 58025 6040/ 555 00404 10427=",
"42262099999","2023-08-04T12:00:00","4","27.8833333","78.0666666","187.0","ALIGARH, IN","FM-12","99999","V020","320,1,N,0010,1","99999,9,9,N","002000,1,9,9","+0298,1","+0263,1","09998,1","09,0000,2,1","2,1,02,1","1,1,02,1","02,1,+01750,1,05,1","99,9,+99999,9,00,1",,"9,AGL   ,+99999,+99999","06,99,1,02,1,99,9,01750,1,99,9,99,9",,,"9,9,999,9,+032,1","10,1","SYN07042262 21795 63202 10298 20263 49998 71021 82022 333 10306 58032 6990/=",
"42262099999","2023-08-05T03:00:00","4","27.8833333","78.0666666","187.0","ALIGARH, IN","FM-12","99999","V020","320,1,N,0010,1","99999,9,9,N","002000,1,9,9","+0290,1","+0276,1","10028,1","24,0000,2,1","2,1,02,1","2,1,02,1","01,1,+00800,1,06,1","99,9,+99999,9,03,1","99,9,+99999,9,00,1","9,AGL   ,+99999,+99999","05,99,1,01,1,99,9,00800,1,99,9,99,9","240,M,+0306,1","240,N,+0272,1","9,9,999,9,+017,1","10,1","SYN08642262 21595 53202 10290 20276 40028 71022 81532 333 10306 20272 58017 6990/ 555 10427=",
"42262099999","2023-08-05T12:00:00","4","27.8833333","78.0666666","187.0","ALIGARH, IN","FM-12","99999","V020","320,1,N,0010,1","99999,9,9,N","002000,1,9,9","+0312,1","+0279,1","09919,1","09,0000,9,1","2,1,02,1","1,1,02,1","01,1,+01750,1,05,1","99,9,+99999,9,00,1",,"9,AGL   ,+99999,+99999","05,99,1,01,1,99,9,01750,1,99,9,99,9",,,"9,9,999,9,+003,1","10,1","SYN07042262 21795 53202 10312 20279 49919 71021 81022 333 10320 58003 6990/=","Q01  00002PRCP09"
"42262099999","2023-08-06T03:00:00","4","27.8833333","78.0666666","187.0","ALIGARH, IN","FM-12","99999","V020","230,1,N,0021,1","99999,9,9,N","002000,1,9,9","+0278,1","+0272,1","10011,1","24,0070,3,1","6,1,02,1","2,1,02,1","01,1,+00800,1,06,1","99,9,+99999,9,05,1","99,9,+99999,9,00,1","9,AGL   ,+99999,+99999","07,99,1,01,1,99,9,00800,1,99,9,99,9","240,M,+0320,1","240,N,+0252,1","9,9,999,9,-018,1","10,1","SYN09242262 21595 72304 10278 20272 40011 71062 81522 333 10320 20252 59018 6007/ 555 00072 10434=",
"42262099999","2023-08-06T12:00:00","4","27.8833333","78.0666666","187.0","ALIGARH, IN","FM-12","99999","V020","230,1,N,0021,1","99999,9,9,N","002000,1,9,9","+0308,1","+0275,1","09957,1","09,0000,9,1","6,1,02,1","1,1,02,1","01,1,+01750,1,05,1","99,9,+99999,9,00,1",,"9,AGL   ,+99999,+99999","05,99,1,01,1,99,9,01750,1,99,9,99,9",,,"9,9,999,9,-022,1","10,1","SYN07042262 21795 52304 10308 20275 49957 71061 81022 333 10318 59022 6990/=","Q01  00002PRCP09"
"42262099999","2023-08-07T03:00:00","4","27.8833333","78.0666666","187.0","ALIGARH, IN","FM-12","99999","V020","230,1,N,0021,1","99999,9,9,N","002000,1,9,9","+0282,1","+0254,1","09986,1","24,0000,9,1","2,1,02,1","1,1,02,1","01,1,+00800,1,06,1","99,9,+99999,9,05,1","99,9,+99999,9,00,1","9,AGL   ,+99999,+99999","06,99,1,01,1,99,9,00800,1,99,9,99,9","240,M,+0318,1","240,N,+0264,1","9,9,999,9,-024,1","10,1","SYN09242262 21595 62304 10282 20254 49986 71021 81522 333 10318 20264 59024 6990/ 555 00000 10434=","Q01  00002PRCP24"
"42262099999","2023-08-07T12:00:00","4","27.8833333","78.0666666","187.0","ALIGARH, IN","FM-12","99999","V020","230,1,N,0015,1","22000,1,9,N","002000,1,9,9","+0320,1","+0264,1","09953,1",,"2,1,02,1","1,1,02,1","01,1,+01750,1,03,1","99,9,+99999,9,00,1",,"9,AGL   ,+99999,+99999","04,99,1,01,1,99,9,01750,1,99,9,99,9","240,M,+0332,1",,"9,9,999,9,-003,1","10,1","SYN06442262 31795 42303 10320 20264 49953 71021 81031 333 10332 59003=",
"42262099999","2023-08-08T03:00:00","4","27.8833333","78.0666666","187.0","ALIGARH, IN","FM-12","99999","V020","320,1,N,0015,1","99999,9,9,N","002000,1,9,9","+0286,1","+0249,1","09987,1",,"2,1,02,1","1,1,02,1","01,1,+99999,9,05,1","99,9,+99999,9,00,1",,"9,AGL   ,+99999,+99999","05,99,1,01,1,99,9,99999,9,99,9,99,9","240,M,+0332,1","240,N,+0266,1","9,9,999,9,+001,1","10,1","SYN08042262 31995 53203 10286 20249 49987 71021 81022 333 10332 20266 58001 555 10434=",
"42262099999","2023-08-08T12:00:00","4","27.8833333","78.0666666","187.0","ALIGARH, IN","FM-12","99999","V020","320,1,N,0010,1","99999,9,9,N","002000,1,9,9","+0322,1","+0264,1","09985,1",,"2,1,02,1","1,1,02,1","01,1,+01750,1,03,1","99,9,+99999,9,00,1",,"9,AGL   ,+99999,+99999","05,99,1,01,1,99,9,01750,1,99,9,99,9",,,"9,9,999,9,+031,1","10,1","SYN06442262 31795 53202 10322 20264 49985 71021 81032 333 10332 58031=",
"42262099999","2023-08-09T03:00:00","4","27.8833333","78.0666666","187.0","ALIGARH, IN","FM-12","99999","V020","320,1,N,0031,1","22000,1,9,N","002000,1,9,9","+0282,1","+0245,1","10029,1",,"2,1,02,1","1,1,02,1","99,9,+99999,9,00,1",,,"9,AGL   ,+99999,+99999","04,99,1,00,1,99,9,99999,9,99,9,99,9","240,M,+0332,1","240,N,+0264,1","9,9,999,9,+042,1","10,1","SYN08042262 31995 43206 10282 20245 40029 71021 80002 333 10332 20264 58042 555 10434=","Q01    003SCCGA1"
"42262099999","2023-08-09T12:00:00","4","27.8833333","78.0666666","187.0","ALIGARH, IN","FM-12","99999","V020","320,1,N,0026,1","22000,1,9,N","002000,1,9,9","+0322,1","+0261,1","10016,1",,"2,1,02,1","1,1,02,1","01,1,+01750,1,03,1","99,9,+99999,9,00,1",,"9,AGL   ,+99999,+99999","04,99,1,01,1,99,9,01750,1,99,9,99,9",,,"9,9,999,9,+031,1","05,1","SYN06442262 31795 43205 10322 20261 40016 70521 81031 333 10332 58031=",
"42262099999","2023-08-10T03:00:00","4","27.8833333","78.0666666","187.0","ALIGARH, IN","FM-12","99999","V020","230,1,N,0031,1","99999,9,9,N","002000,1,9,9","+0290,1","+0247,1","10044,1",,"2,1,02,1","1,1,02,1","01,1,+01750,1,05,1","99,9,+99999,9,00,1",,"9,AGL   ,+99999,+99999","06,99,1,01,1,99,9,01750,1,99,9,99,9","240,M,+0332,1","240,N,+0270,1","9,9,999,9,+014,1","10,1","SYN08042262 31795 62306 10290 20247 40044 71021 81022 333 10332 20270 58014 555 10434=",
"42262099999","2023-08-10T12:00:00","4","27.8833333","78.0666666","187.0","ALIGARH, IN","FM-12","99999","V020","230,1,N,0015,1","99999,9,9,9","002000,1,9,9","+0325,1","+0269,1","10028,1","99,9999,9,9","2,1,99,9","2,1,99,9","01,1,+01750,1,05,1","99,9,+99999,9,00,1",,"9,AGL   ,+99999,+99999","06,99,1,01,1,99,9,01750,1,99,9,99,9",,,"9,9,999,9,+012,1","10,1","SYN004BUFR",
"42262099999","2023-08-11T03:00:00","4","27.8833333","78.0666666","187.0","ALIGARH, IN","FM-12","99999","V020","320,1,N,0021,1","99999,9,9,N","002000,1,9,9","+0302,1","+0254,1","10047,1",,"2,1,02,1","1,1,02,1","01,1,+01750,1,03,1","99,9,+99999,9,00,1",,"9,AGL   ,+99999,+99999","05,99,1,01,1,99,9,01750,1,99,9,99,9","240,M,+0334,1","240,N,+0278,1","9,9,999,9,+004,1","10,1","SYN08042262 31795 53204 10302 20254 40047 71021 81032 333 10334 20278 58004 555 10434=",
"42262099999","2023-08-11T12:00:00","4","27.8833333","78.0666666","187.0","ALIGARH, IN","FM-12","99999","V020","320,1,N,0010,1","22000,1,9,N","002000,1,9,9","+0336,1","+0252,1","10002,1",,"2,1,02,1","1,1,02,1","01,1,+01750,1,03,1","99,9,+99999,9,00,1",,"9,AGL   ,+99999,+99999","04,99,1,01,1,99,9,01750,1,99,9,99,9","240,M,+0342,1",,"9,9,999,9,-025,1","05,1","SYN06442262 31795 43202 10336 20252 40002 70521 81031 333 10342 59025=",
"42262099999","2023-08-12T03:00:00","4","27.8833333","78.0666666","187.0","ALIGARH, IN","FM-12","99999","V020","320,1,N,0021,1","22000,1,9,N","002000,1,9,9","+0300,1","+0233,1","10030,1",,"2,1,02,1","1,1,02,1","01,1,+01750,1,03,1","99,9,+99999,9,00,1",,"9,AGL   ,+99999,+99999","03,99,1,01,1,99,9,01750,1,99,9,99,9","240,M,+0342,1","240,N,+0278,1","9,9,999,9,-016,1","05,1","SYN08042262 31795 33204 10300 20233 40030 70521 81031 333 10342 20278 59016 555 10434=",
"42262099999","2023-08-12T12:00:00","4","27.8833333","78.0666666","187.0","ALIGARH, IN","FM-12","99999","V020","230,1,N,0015,1","22000,1,9,N","002000,1,9,9","+0338,1","+0238,1","09998,1",,"2,1,02,1","1,1,02,1","99,9,+99999,9,00,1",,,"9,AGL   ,+99999,+99999","02,99,1,00,1,99,9,99999,9,99,9,99,9",,,"9,9,999,9,-004,1","05,1","SYN06442262 31995 22303 10338 20238 49998 70521 80001 333 10350 59004=","Q01    003SCCGA1"
"42262099999","2023-08-13T03:00:00","4","27.8833333","78.0666666","187.0","ALIGARH, IN","FM-12","99999","V020","320,1,N,0021,1","99999,9,9,N","002000,1,9,9","+0288,1","+0242,1","10006,1",,"2,1,02,1","1,1,02,1","01,1,+01750,1,03,1","99,9,+99999,9,00,1",,"9,AGL   ,+99999,+99999","05,99,1,01,1,99,9,01750,1,99,9,99,9","240,M,+0350,1","240,N,+0274,1","9,9,999,9,-025,1","10,1","SYN08042262 31795 53204 10288 20242 40006 71021 81032 333 10350 20274 59025 555 10434=",
"42262099999","2023-08-13T12:00:00","4","27.8833333","78.0666666","187.0","ALIGARH, IN","FM-12","99999","V020","230,1,N,0015,1","99999,9,9,N","002000,1,9,9","+0314,1","+0252,1","09982,1",,"2,1,02,1","2,1,02,1","02,1,+01750,1,05,1","99,9,+99999,9,00,1",,"9,AGL   ,+99999,+99999","06,99,1,02,1,99,9,01750,1,99,9,99,9",,,"9,9,999,9,-017,1","05,1","SYN06442262 31795 62303 10314 20252 49982 70522 82022 333 10328 59017=",
"42262099999","2023-08-14T12:00:00","4","27.8833333","78.0666666","187.0","ALIGARH, IN","FM-12","99999","V020","090,1,N,0015,1","99999,9,9,N","002000,1,9,9","+0304,1","+0253,1","10019,1",,"2,1,02,1","2,1,02,1","02,1,+01750,1,05,1","99,9,+99999,9,00,1",,"9,AGL   ,+99999,+99999","06,99,1,02,1,99,9,01750,1,99,9,99,9",,,"9,9,999,9,+036,1","10,1","SYN06442262 31795 60903 10304 20253 40019 71022 82022 333 10316 58036=",
"42262099999","2023-08-15T03:00:00","4","27.8833333","78.0666666","187.0","ALIGARH, IN","FM-12","99999","V020","140,1,N,0010,1","99999,9,9,N","002000,1,9,9","+0296,1","+0260,1","10049,1",,"0,1,02,1","0,1,02,1",,,,,,"240,M,+0316,1","240,N,+0272,1","9,9,999,9,+006,1","10,1","SYN07442262 31995 01402 10296 20260 40049 71000 333 10316 20272 58006 555 10434=",
"42262099999","2023-08-15T12:00:00","4","27.8833333","78.0666666","187.0","ALIGARH, IN","FM-12","99999","V020","140,1,N,0015,1","99999,9,9,N","002000,1,9,9","+0312,1","+0256,1","10014,1",,"2,1,02,1","1,1,02,1","01,1,+01750,1,03,1","99,9,+99999,9,00,1",,"9,AGL   ,+99999,+99999","05,99,1,01,1,99,9,01750,1,99,9,99,9","240,M,+0322,1",,"9,9,999,9,-026,1","05,1","SYN06442262 31795 51403 10312 20256 40014 70521 81032 333 10322 59026=",
"42262099999","2023-08-16T03:00:00","4","27.8833333","78.0666666","187.0","ALIGARH, IN","FM-12","99999","V020","320,1,N,0010,1","22000,1,9,N","002000,1,9,9","+0300,1","+0261,1","10045,1",,"0,1,02,1","0,1,02,1","01,1,+01750,1,03,1","99,9,+99999,9,00,1",,"9,AGL   ,+99999,+99999","04,99,1,01,1,99,9,01750,1,99,9,99,9","240,M,+0322,1","240,N,+0278,1","9,9,999,9,-003,1","10,1","SYN08042262 31795 43202 10300 20261 40045 71000 81031 333 10322 20278 59003 555 10434=",
"42262099999","2023-08-16T12:00:00","4","27.8833333","78.0666666","187.0","ALIGARH, IN","FM-12","99999","V020","320,1,N,0021,1","99999,9,9,N","002000,1,9,9","+0324,1","+0260,1","10011,1","09,0000,9,1","6,1,02,1","0,1,02,1","02,1,+01750,1,05,1","99,9,+99999,9,00,1",,"9,AGL   ,+99999,+99999","06,99,1,02,1,99,9,01750,1,99,9,99,9",,,"9,9,999,9,-003,1","05,1","SYN07042262 21795 63204 10324 20260 40011 70560 82022 333 10354 59003 6990/=","Q01  00002PRCP09"
"42262099999","2023-08-17T03:00:00","4","27.8833333","78.0666666","187.0","ALIGARH, IN","FM-12","99999","V020","320,1,N,0026,1","99999,9,9,N","002000,1,9,9","+0302,1","+0245,1","10040,1","24,0000,9,1","2,1,02,1","1,1,02,1","01,1,+01750,1,03,1","99,9,+99999,9,00,1",,"9,AGL   ,+99999,+99999","05,99,1,01,1,99,9,01750,1,99,9,99,9","240,M,+0354,1","240,N,+0278,1","9,9,999,9,-005,1","05,1","SYN08642262 21795 53205 10302 20245 40040 70521 81032 333 10354 20278 59005 6990/ 555 10434=","Q01  00002PRCP24"
"42262099999","2023-08-17T12:00:00","4","27.8833333","78.0666666","187.0","ALIGARH, IN","FM-12","99999","V020","320,1,N,0015,1","99999,9,9,N","002000,1,9,9","+0336,1","+0236,1","10017,1",,"2,1,02,1","1,1,02,1","01,1,+01750,1,03,1","99,9,+99999,9,00,1",,"9,AGL   ,+99999,+99999","05,99,1,01,1,99,9,01750,1,99,9,99,9",,,"9,9,999,9,+007,1","05,1","SYN06442262 31795 53203 10336 20236 40017 70521 81031 333 10356 58007=",
"42262099999","2023-08-18T03:00:00","4","27.8833333","78.0666666","187.0","ALIGARH, IN","FM-12","99999","V020","270,1,N,0021,1","22000,1,9,N","002000,1,9,9","+0308,1","+0245,1","10037,1",,"0,1,02,1","0,1,02,1","99,9,+99999,9,00,1",,,"9,AGL   ,+99999,+99999","03,99,1,00,1,99,9,99999,9,99,9,99,9","240,M,+0356,1","240,N,+0284,1","9,9,999,9,-003,1","05,1","SYN08042262 31995 32704 10308 20245 40037 70500 80001 333 10356 20284 59003 555 10434=","Q01    003SCCGA1"
"42262099999","2023-08-18T12:00:00","4","27.8833333","78.0666666","187.0","ALIGARH, IN","FM-12","99999","V020","320,1,N,0041,1","99999,9,9,N","002000,1,9,9","+0340,1","+0258,1","10001,1",,"2,1,02,1","1,1,02,1","02,1,+01750,1,05,1","99,9,+99999,9,00,1",,"9,AGL   ,+99999,+99999","06,99,1,02,1,99,9,01750,1,99,9,99,9",,,"9,9,999,9,-015,1","05,1","SYN06442262 31795 63208 10340 20258 40001 70521 82022 333 10362 59015=",
"42262099999","2023-08-19T03:00:00","4","27.8833333","78.0666666","187.0","ALIGARH, IN","FM-12","99999","V020","320,1,N,0015,1","99999,9,9,N","002000,1,9,9","+0302,1","+0269,1","10039,1","24,0000,9,1","2,1,02,1","2,1,02,1","01,1,+00800,1,06,1","99,9,+99999,9,05,1","99,9,+99999,9,00,1","9,AGL   ,+99999,+99999","06,99,1,01,1,99,9,00800,1,99,9,99,9","240,M,+0362,1","240,N,+0288,1","9,9,999,9,+002,1","10,1","SYN09242262 21595 63203 10302 20269 40039 71022 81521 333 10362 20288 58002 6990/ 555 00000 10434=","Q01  00002PRCP24"
"42262099999","2023-08-19T12:00:00","4","27.8833333","78.0666666","187.0","ALIGARH, IN","FM-12","99999","V020","320,1,N,0026,1","99999,9,9,N","002000,1,9,9","+0296,1","+0277,1","10012,1","09,0230,3,1","6,1,02,1","2,1,02,1","01,1,+01750,1,05,1","99,9,+99999,9,00,1",,"9,AGL   ,+99999,+99999","05,99,1,01,1,99,9,01750,1,99,9,99,9",,,"9,9,999,9,+007,1","10,1","SYN07042262 21795 53205 10296 20277 40012 71062 81021 333 10316 58007 6023/=",
"42262099999","2023-08-20T03:00:00","4","27.8833333","78.0666666","187.0","ALIGARH, IN","FM-12","99999","V020","050,1,N,0031,1","99999,9,9,N","002000,1,9,9","+0304,1","+0265,1","10045,1","24,0230,3,1","0,1,02,1","0,1,02,1",,,,,,"240,M,+0316,1","240,N,+0278,1","9,9,999,9,+006,1","10,1","SYN08642262 22995 00506 10304 20265 40045 71000 333 10316 20278 58006 6023/ 555 00232 10457=",
"42262099999","2023-08-20T12:00:00","4","27.8833333","78.0666666","187.0","ALIGARH, IN","FM-12","99999","V020","050,1,N,0015,1","99999,9,9,N","002000,1,9,9","+0346,1","+0254,1","10008,1",,"2,1,02,1","1,1,02,1","02,1,+01750,1,03,1","99,9,+99999,9,00,1",,"9,AGL   ,+99999,+99999","05,99,1,02,1,99,9,01750,1,99,9,99,9","240,M,+0356,1",,"9,9,999,9,+000,1","05,1","SYN06442262 31795 50503 10346 20254 40008 70521 82031 333 10356 58000=",
"42262099999","2023-08-21T03:00:00","4","27.8833333","78.0666666","187.0","ALIGARH, IN","FM-12","99999","V020","140,1,N,0015,1","22000,1,9,N","002000,1,9,9","+0310,1","+0271,1","10034,1",,"2,1,02,1","1,1,02,1","01,1,+01750,1,03,1","99,9,+99999,9,00,1",,"9,AGL   ,+99999,+99999","03,99,1,01,1,99,9,01750,1,99,9,99,9","240,M,+0356,1","240,N,+0290,1","9,9,999,9,-010,1","10,1","SYN08042262 31795 31403 10310 20271 40034 71021 81031 333 10356 20290 59010 555 10457=",
"42262099999","2023-08-21T12:00:00","4","27.8833333","78.0666666","187.0","ALIGARH, IN","FM-12","99999","V020","050,1,N,0010,1","99999,9,9,N","002000,1,9,9","+0344,1","+0254,1","10004,1",,"2,1,02,1","1,1,02,1","01,1,+01750,1,03,1",,,"9,AGL   ,+99999,+99999","06,99,1,01,1,99,9,01750,1,99,9,99,9",,,"9,9,999,9,-004,1","05,1","SYN06442262 31795 60502 10344 20254 40004 70521 81030 333 10354 59004=",
"42262099999","2023-08-22T12:00:00","4","27.8833333","78.0666666","187.0","ALIGARH, IN","FM-12","99999","V020","050,1,N,0021,1","99999,9,9,N","002000,1,9,9","+0306,1","+0281,1","09991,1",,"2,1,02,1","2,1,02,1","02,1,+00800,1,06,1","99,9,+99999,9,05,1","99,9,+99999,9,00,1","9,AGL   ,+99999,+99999","06,99,1,02,1,99,9,00800,1,99,9,99,9",,,"9,9,999,9,-016,1","10,1","SYN06442262 31595 60504 10306 20281 49991 71022 82522 333 10326 59016=",
"42262099999","2023-08-23T03:00:00","4","27.8833333","78.0666666","187.0","ALIGARH, IN","FM-12","99999","V020","230,1,N,0031,1","99999,9,9,N","001000,1,9,9","+0260,1","+0260,1","10013,1","24,0630,3,1","9,1,02,1","6,1,02,1","02,1,+01250,1,06,1","99,9,+99999,9,05,1",,"9,AGL   ,+99999,+99999","07,99,1,02,1,99,9,01250,1,99,9,99,9","240,M,+0326,1","240,N,+0240,1","9,9,999,9,+003,1","62,1","SYN09242262 21694 72306 10260 20260 40013 76296 82520 333 10326 20240 58003 6063/ 555 00632 10520=",
"42262099999","2023-08-23T12:00:00","4","27.8833333","78.0666666","187.0","ALIGARH, IN","FM-12","99999","V020","230,1,N,0031,1","99999,9,9,N","002000,1,9,9","+0252,1","+0252,1","09998,1","09,0380,3,1","6,1,02,1","2,1,02,1","02,1,+00800,1,06,1","99,9,+99999,9,05,1",,"9,AGL   ,+99999,+99999","07,99,1,02,1,99,9,00800,1,99,9,99,9",,,"9,9,999,9,+003,1","52,1","SYN07042262 21595 72306 10252 20252 49998 75262 82520 333 10262 58003 6038/=",
"42262099999","2023-08-24T12:00:00","4","27.8833333","78.0666666","187.0","ALIGARH, IN","FM-12","99999","V020","230,1,N,0015,1","99999,9,9,N","002000,1,9,9","+0276,1","+0265,1","09980,1","09,0000,9,1","6,1,02,1","0,1,02,1","02,1,+00800,1,06,1","99,9,+99999,9,05,1","99,9,+99999,9,00,1","9,AGL   ,+99999,+99999","06,99,1,02,1,99,9,00800,1,99,9,99,9","240,M,+0284,1",,"9,9,999,9,-015,1","10,1","SYN07042262 21595 62303 10276 20265 49980 71060 82521 333 10284 59015 6990/=","Q01  00002PRCP09"
"42262099999","2023-08-25T03:00:00","4","27.8833333","78.0666666","187.0","ALIGARH, IN","FM-12","99999","V020","230,1,N,0021,1","22000,1,9,N","002000,1,9,9","+0272,1","+0243,1","10001,1","24,0002,3,1","2,1,02,1","1,1,02,1","01,1,+01750,1,03,1","99,9,+99999,9,00,1",,"9,AGL   ,+99999,+99999","04,99,1,01,1,99,9,01750,1,99,9,99,9","240,M,+0284,1","240,N,+0244,1","9,9,999,9,-004,1","10,1","SYN09242262 21795 42304 10272 20243 40001 71021 81032 333 10284 20244 59004 6992/ 555 00002 10595=",
"42262099999","2023-08-25T12:00:00","4","27.8833333","78.0666666","187.0","ALIGARH, IN","FM-12","99999","V020","230,1,N,0026,1","22000,1,9,N","002000,1,9,9","+0318,1","+0253,1","09982,1",,"0,1,02,1","0,1,02,1","99,9,+99999,9,00,1",,,"9,AGL   ,+99999,+99999","03,99,1,00,1,99,9,99999,9,99,9,99,9",,,"9,9,999,9,+005,1","05,1","SYN06442262 31995 32305 10318 20253 49982 70500 80001 333 10328 58005=","Q01    003SCCGA1"
"42262099999","2023-08-26T12:00:00","4","27.8833333","78.0666666","187.0","ALIGARH, IN","FM-12","99999","V020","230,1,N,0021,1","22000,1,9,N","002000,1,9,9","+0328,1","+0249,1","09995,1",,"0,1,02,1","0,1,02,1","99,9,+99999,9,00,1",,,"9,AGL   ,+99999,+99999","03,99,1,00,1,99,9,99999,9,99,9,99,9",,,"9,9,999,9,+012,1","05,1","SYN06442262 31995 32304 10328 20249 49995 70500 80001 333 10336 58012=","Q01    003SCCGA1"
"42262099999","2023-08-27T03:00:00","4","27.8833333","78.0666666","187.0","ALIGARH, IN","FM-12","99999","V020","230,1,N,0031,1","22000,1,9,N","002000,1,9,9","+0282,1","+0229,1","10021,1",,"2,1,02,1","1,1,02,1","99,9,+99999,9,00,1",,,"9,AGL   ,+99999,+99999","02,99,1,00,1,99,9,99999,9,99,9,99,9","240,M,+0336,1","240,N,+0260,1","9,9,999,9,+002,1","05,1","SYN08042262 31995 22306 10282 20229 40021 70521 80001 333 10336 20260 58002 555 10595=","Q01    003SCCGA1"
"42262099999","2023-08-27T12:00:00","4","27.8833333","78.0666666","187.0","ALIGARH, IN","FM-12","99999","V020","230,1,N,0026,1","22000,1,9,N","002000,1,9,9","+0338,1","+0244,1","09983,1",,"0,1,02,1","0,1,02,1","99,9,+99999,9,00,1",,,"9,AGL   ,+99999,+99999","02,99,1,00,1,99,9,99999,9,99,9,99,9",,,"9,9,999,9,-010,1","05,1","SYN06442262 31995 22305 10338 20244 49983 70500 80001 333 10346 59010=","Q01    003SCCGA1"
"42262099999","2023-08-28T03:00:00","4","27.8833333","78.0666666","187.0","ALIGARH, IN","FM-12","99999","V020","320,1,N,0021,1","22000,1,9,N","002000,1,9,9","+0282,1","+0239,1","10017,1","24,0020,3,1","2,1,02,1","1,1,02,1","01,1,+01750,1,03,1","99,9,+99999,9,00,1",,"9,AGL   ,+99999,+99999","03,99,1,01,1,99,9,01750,1,99,9,99,9","240,M,+0346,1","240,N,+0248,1","9,9,999,9,-004,1","10,1","SYN09242262 21795 33204 10282 20239 40017 71021 81032 333 10346 20248 59004 6002/ 555 00024 10597=",
"42262099999","2023-08-28T12:00:00","4","27.8833333","78.0666666","187.0","ALIGARH, IN","FM-12","99999","V020","230,1,N,0026,1","22000,1,9,N","002000,1,9,9","+0334,1","+0256,1","09988,1",,"0,1,02,1","0,1,02,1","99,9,+99999,9,00,1",,,"9,AGL   ,+99999,+99999","02,99,1,00,1,99,9,99999,9,99,9,99,9","240,M,+0344,1",,"9,9,999,9,+004,1","05,1","SYN06442262 31995 22305 10334 20256 49988 70500 80001 333 10344 58004=","Q01    003SCCGA1"
"42262099999","2023-08-29T03:00:00","4","27.8833333","78.0666666","187.0","ALIGARH, IN","FM-12","99999","V020","320,1,N,0021,1","22000,1,9,N","002000,1,9,9","+0288,1","+0233,1","10043,1",,"2,1,02,1","1,1,02,1","01,1,+01750,1,03,1","99,9,+99999,9,00,1",,"9,AGL   ,+99999,+99999","03,99,1,01,1,99,9,01750,1,99,9,99,9","240,M,+0344,1","240,N,+0262,1","9,9,999,9,+024,1","05,1","SYN08042262 31795 33204 10288 20233 40043 70521 81031 333 10344 20262 58024 555 10597=",
"42262099999","2023-08-29T12:00:00","4","27.8833333","78.0666666","187.0","ALIGARH, IN","FM-12","99999","V020","320,1,N,0026,1","99999,9,9,N","004000,1,9,9","+0342,1","+0243,1","10000,1",,,,,,,,,"240,M,+0354,1",,"9,9,999,9,+013,1",,"SYN05242262 32996 03205 10342 20243 40000 333 10354 58013=",
"42262099999","2023-08-30T12:00:00","4","27.8833333","78.0666666","187.0","ALIGARH, IN","FM-12","99999","V020","230,1,N,0031,1","99999,9,9,N","004000,1,9,9","+0346,1","+0241,1","10023,1",,,,,,,,,,,"9,9,999,9,+023,1",,"SYN05242262 32996 02306 10346 20241 40023 333 10356 58023=",
"42262099999","2023-08-31T03:00:00","4","27.8833333","78.0666666","187.0","ALIGARH, IN","FM-12","99999","V020","320,1,N,0015,1","99999,9,9,N","002000,1,9,9","+0296,1","+0251,1","10066,1",,"0,1,02,1","0,1,02,1",,,,,,"240,M,+0356,1","240,N,+0270,1","9,9,999,9,+009,1","10,1","SYN07442262 31995 03203 10296 20251 40066 71000 333 10356 20270 58009 555 10597=",
"42262099999","2023-08-31T12:00:00","4","27.8833333","78.0666666","187.0","ALIGARH, IN","FM-12","99999","V020","320,1,N,0021,1","99999,9,9,N","004000,1,9,9","+0344,1","+0261,1","10042,1",,,,,,,,,"240,M,+0354,1",,"9,9,999,9,+018,1",,"SYN05242262 32996 03204 10344 20261 40042 333 10354 58018=",
"42262099999","2023-09-01T03:00:00","4","27.8833333","78.0666666","187.0","ALIGARH, IN","FM-12","99999","V020","230,1,N,0015,1","99999,9,9,N","002000,1,9,9","+0304,1","+0259,1","10066,1",,"0,1,02,1","0,1,02,1",,,,,,"240,M,+0354,1","240,N,+0280,1","9,9,999,9,+001,1","05,1","SYN06442262 31995 02303 10304 20259 40066 70500 333 10354 20280 58001=",
"42262099999","2023-09-01T12:00:00","4","27.8833333","78.0666666","187.0","ALIGARH, IN","FM-12","99999","V020","320,1,N,0010,1","99999,9,9,N","004000,1,9,9","+0346,1","+0250,1","10023,1",,,,,,,,,"240,M,+0358,1",,"9,9,999,9,-020,1",,"SYN05242262 32996 03202 10346 20250 40023 333 10358 59020=",
"42262099999","2023-09-02T03:00:00","4","27.8833333","78.0666666","187.0","ALIGARH, IN","FM-12","99999","V020","270,1,N,0021,1","99999,9,9,N","004000,1,9,9","+0306,1","+0246,1","10055,1",,,,,,,,,"240,M,+0358,1","240,N,+0282,1","9,9,999,9,-011,1",,"SYN05842262 32996 02704 10306 20246 40055 333 10358 20282 59011=",
"42262099999","2023-09-03T03:00:00","4","27.8833333","78.0666666","187.0","ALIGARH, IN","FM-12","99999","V020","320,1,N,0026,1","99999,9,9,N","004000,1,9,9","+0302,1","+0248,1","10041,1",,,,,,,,,"240,M,+0368,1","240,N,+0274,1","9,9,999,9,-014,1",,"SYN06842262 32996 03205 10302 20248 40041 333 10368 20274 59014 555 10597=",
"42262099999","2023-09-03T12:00:00","4","27.8833333","78.0666666","187.0","ALIGARH, IN","FM-12","99999","V020","320,1,N,0015,1","99999,9,9,N","004000,1,9,9","+0350,1","+0222,1","10000,1",,,,,,,,,,,"9,9,999,9,-013,1",,"SYN05242262 32996 03203 10350 20222 40000 333 10358 59013=",
"42262099999","2023-09-04T03:00:00","4","27.8833333","78.0666666","187.0","ALIGARH, IN","FM-12","99999","V020","320,1,N,0010,1","22000,1,9,N","002000,1,9,9","+0302,1","+0245,1","10038,1",,"0,1,02,1","0,1,02,1","99,9,+99999,9,00,1",,,"9,AGL   ,+99999,+99999","02,99,1,00,1,99,9,99999,9,99,9,99,9","240,M,+0356,1","240,N,+0270,1","9,9,999,9,-003,1","05,1","SYN08042262 31995 23202 10302 20245 40038 70500 80001 333 10356 20270 59003 555 10597=","Q01    003SCCGA1"
"42262099999","2023-09-04T12:00:00","4","27.8833333","78.0666666","187.0","ALIGARH, IN","FM-12","99999","V020","320,1,N,0021,1","99999,9,9,N","004000,1,9,9","+0344,1","+0232,1","09996,1",,,,,,,,,"240,M,+0364,1",,"9,9,999,9,-004,1",,"SYN05242262 32996 03204 10344 20232 49996 333 10364 59004=",
"42262099999","2023-09-05T03:00:00","4","27.8833333","78.0666666","187.0","ALIGARH, IN","FM-12","99999","V020","360,1,N,0010,1","99999,9,9,N","004000,1,9,9","+0292,1","+0243,1","10044,1",,,,,,,,,"240,M,+0364,1","240,N,+0264,1","9,9,999,9,+005,1",,"SYN06842262 32996 03602 10292 20243 40044 333 10364 20264 58005 555 10597=",
"42262099999","2023-09-05T12:00:00","4","27.8833333","78.0666666","187.0","ALIGARH, IN","FM-12","99999","V020","050,1,N,0021,1","99999,9,9,N","002000,1,9,9","+0342,1","+0246,1","10007,1",,"2,1,02,1","1,1,02,1","01,1,+01750,1,03,1","99,9,+99999,9,00,1",,"9,AGL   ,+99999,+99999","05,99,1,01,1,99,9,01750,1,99,9,99,9",,,"9,9,999,9,+011,1","05,1","SYN06442262 31795 50504 10342 20246 40007 70521 81031 333 10350 58011=",
"42262099999","2023-09-06T03:00:00","4","27.8833333","78.0666666","187.0","ALIGARH, IN","FM-12","99999","V020","300,1,N,0103,1","99999,9,9,N","002000,1,9,9","+0262,1","+0248,1","10058,1","24,0040,3,1","6,1,02,1","2,1,02,1","02,1,+00800,1,06,1","99,9,+99999,9,05,1","99,9,+99999,9,00,1","9,AGL   ,+99999,+99999","06,99,1,02,1,99,9,00800,1,99,9,99,9","240,M,+0350,1","240,N,+0250,1","9,9,999,9,+012,1","50,1","SYN09242262 21595 63020 10262 20248 40058 75062 82521 333 10350 20250 58012 6004/ 555 00038 10601=",
"42262099999","2023-09-06T12:00:00","4","27.8833333","78.0666666","187.0","ALIGARH, IN","FM-12","99999","V020","050,1,N,0010,1","99999,9,9,N","002000,1,9,9","+0324,1","+0247,1","10010,1",,"2,1,02,1","2,1,02,1","02,1,+01750,1,03,1","99,9,+99999,9,00,1",,"9,AGL   ,+99999,+99999","05,99,1,02,1,99,9,01750,1,99,9,99,9",,,"9,9,999,9,+001,1","05,1","SYN06442262 31795 50502 10324 20247 40010 70522 82032 333 10336 58001=",
"42262099999","2023-09-07T03:00:00","4","27.8833333","78.0666666","187.0","ALIGARH, IN","FM-12","99999","V020","320,1,N,0015,1","22000,1,9,N","002000,1,9,9","+0290,1","+0241,1","10068,1",,"2,1,02,1","1,1,02,1","01,1,+01750,1,03,1","99,9,+99999,9,00,1",,"9,AGL   ,+99999,+99999","04,99,1,01,1,99,9,01750,1,99,9,99,9","240,M,+0336,1","240,N,+0264,1","9,9,999,9,+012,1","10,1","SYN08042262 31795 43203 10290 20241 40068 71021 81031 333 10336 20264 58012 555 10601=",
"42262099999","2023-09-07T12:00:00","4","27.8833333","78.0666666","187.0","ALIGARH, IN","FM-12","99999","V020","140,1,N,0010,1","22000,1,9,9","002000,1,9,9","+0336,1","+0258,1","10012,1","99,9999,9,9","2,1,99,9","1,1,99,9","99,9,+08000,1,00,1",,,"9,AGL   ,+99999,+99999","02,99,1,99,9,99,9,08000,1,99,9,99,9",,,"9,9,999,9,+003,1","05,1","SYN004BUFR",
"42262099999","2023-09-09T03:00:00","4","27.8833333","78.0666666","187.0","ALIGARH, IN","FM-12","99999","V020","050,1,N,0031,1","99999,9,9,N","002000,1,9,9","+0272,1","+0249,1","10038,1","24,0070,3,1","2,1,02,1","2,1,02,1","02,1,+00800,1,06,1","99,9,+99999,9,05,1","99,9,+99999,9,00,1","9,AGL   ,+99999,+99999","07,99,1,02,1,99,9,00800,1,99,9,99,9","240,M,+0312,1","240,N,+0254,1","9,9,999,9,-015,1","50,1","SYN09242262 21595 70506 10272 20249 40038 75022 82522 333 10312 20254 59015 6007/ 555 00068 10626=",
"42262099999","2023-09-09T12:00:00","4","27.8833333","78.0666666","187.0","ALIGARH, IN","FM-12","99999","V020","050,1,N,0036,1","99999,9,9,N","002000,1,9,9","+0242,1","+0239,1","10014,1","09,0260,3,1","6,1,02,1","2,1,02,1","02,1,+00800,1,06,1","99,9,+99999,9,05,1",,"9,AGL   ,+99999,+99999","07,99,1,02,1,99,9,00800,1,99,9,99,9",,,"9,9,999,9,-017,1","51,1","SYN07042262 21595 70507 10242 20239 40014 75162 82520 333 10274 59017 6026/=",
"42262099999","2023-09-10T03:00:00","4","27.8833333","78.0666666","187.0","ALIGARH, IN","FM-12","99999","V020","140,1,N,0041,1","99999,9,9,N","002000,1,9,9","+0254,1","+0251,1","10016,1","24,0760,3,1","6,1,02,1","2,1,02,1","03,1,+00800,1,06,1","99,9,+99999,9,05,1",,"9,AGL   ,+99999,+99999","07,99,1,03,1,99,9,00800,1,99,9,99,9","240,M,+0274,1","240,N,+0226,1","9,9,999,9,-023,1","62,1","SYN09242262 21595 71408 10254 20251 40016 76262 83520 333 10274 20226 59023 6076/ 555 00758 10702=",
"42262099999","2023-09-10T12:00:00","4","27.8833333","78.0666666","187.0","ALIGARH, IN","FM-12","99999","V020","140,1,N,0036,1","99999,9,9,N","002000,1,9,9","+0254,1","+0245,1","10004,1","09,0070,3,1","6,1,02,1","2,1,02,1","02,1,+00800,1,06,1","99,9,+99999,9,05,1",,"9,AGL   ,+99999,+99999","07,99,1,02,1,99,9,00800,1,99,9,99,9",,,"9,9,999,9,-010,1","05,1","SYN07042262 21595 71407 10254 20245 40004 70562 82520 333 10264 59010 6007/=",
"42262099999","2023-09-11T03:00:00","4","27.8833333","78.0666666","187.0","ALIGARH, IN","FM-12","99999","V020","050,1,N,0021,1","99999,9,9,N","002000,1,9,9","+0254,1","+0251,1","10023,1","24,0180,3,1","2,1,02,1","2,1,02,1","02,1,+01750,1,03,1","99,9,+99999,9,00,1",,"9,AGL   ,+99999,+99999","05,99,1,02,1,99,9,01750,1,99,9,99,9","240,M,+0264,1","240,N,+0238,1","9,9,999,9,+007,1","10,1","SYN09242262 21795 50504 10254 20251 40023 71022 82032 333 10264 20238 58007 6018/ 555 00184 10720=",
"42262099999","2023-09-11T12:00:00","4","27.8833333","78.0666666","187.0","ALIGARH, IN","FM-12","99999","V020","050,1,N,0041,1","99999,9,9,N","002000,1,9,9","+0278,1","+0249,1","10000,1","09,0008,3,1","5,1,02,1","2,1,02,1","01,1,+00800,1,06,1","99,9,+99999,9,05,1","99,9,+99999,9,00,1","9,AGL   ,+99999,+99999","06,99,1,01,1,99,9,00800,1,99,9,99,9",,,"9,9,999,9,-002,1","50,1","SYN07042262 21595 60508 10278 20249 40000 75052 81521 333 10296 59002 6998/=",
"42262099999","2023-09-12T03:00:00","4","27.8833333","78.0666666","187.0","ALIGARH, IN","FM-12","99999","V020","050,1,N,0021,1","99999,9,9,N","002000,1,9,9","+0262,1","+0245,1","10032,1","24,0008,3,1","2,1,02,1","2,1,02,1","02,1,+00800,1,06,1","99,9,+99999,9,05,1","99,9,+99999,9,00,1","9,AGL   ,+99999,+99999","06,99,1,02,1,99,9,00800,1,99,9,99,9","240,M,+0296,1","240,N,+0248,1","9,9,999,9,+010,1","05,1","SYN07642262 21595 60504 10262 20245 40032 70522 82521 333 10296 20248 58010 6998/=",
"42262099999","2023-09-12T12:00:00","4","27.8833333","78.0666666","187.0","ALIGARH, IN","FM-12","99999","V020","050,1,N,0015,1","99999,9,9,N","002000,1,9,9","+0296,1","+0260,1","10004,1","09,0000,9,1","2,1,02,1","1,1,02,1","02,1,+01750,1,05,1","99,9,+99999,9,00,1",,"9,AGL   ,+99999,+99999","05,99,1,02,1,99,9,01750,1,99,9,99,9","240,M,+0304,1",,"9,9,999,9,+005,1","10,1","SYN07042262 21795 50503 10296 20260 40004 71021 82021 333 10304 58005 6990/=","Q01  00002PRCP09"
"42262099999","2023-09-13T03:00:00","4","27.8833333","78.0666666","187.0","ALIGARH, IN","FM-12","99999","V020","050,1,N,0010,1","99999,9,9,N","002000,1,9,9","+0290,1","+0268,1","10038,1","24,0000,9,1","2,1,02,1","1,1,02,1","01,1,+01750,1,05,1","99,9,+99999,9,00,1",,"9,AGL   ,+99999,+99999","05,99,1,01,1,99,9,01750,1,99,9,99,9","240,M,+0304,1","240,N,+0266,1","9,9,999,9,+007,1","10,1","SYN08642262 21795 50502 10290 20268 40038 71021 81021 333 10304 20266 58007 6990/ 555 10721=","Q01  00002PRCP24"
"42262099999","2023-09-13T12:00:00","4","27.8833333","78.0666666","187.0","ALIGARH, IN","FM-12","99999","V020","140,1,N,0010,1","22000,1,9,N","002000,1,9,9","+0314,1","+0276,1","09999,1",,"2,1,02,1","2,1,02,1","02,1,+01750,1,03,1","99,9,+99999,9,00,1",,"9,AGL   ,+99999,+99999","04,99,1,02,1,99,9,01750,1,99,9,99,9","240,M,+0324,1",,"9,9,999,9,-003,1","10,1","SYN06442262 31795 41402 10314 20276 49999 71022 82032 333 10324 59003=",
"42262099999","2023-09-14T03:00:00","4","27.8833333","78.0666666","187.0","ALIGARH, IN","FM-12","99999","V020","140,1,N,0010,1","22000,1,9,N","002000,1,9,9","+0296,1","+0268,1","10051,1",,"2,1,02,1","1,1,02,1","99,9,+99999,9,00,1",,,"9,AGL   ,+99999,+99999","03,99,1,00,1,99,9,99999,9,99,9,99,9","240,M,+0324,1","240,N,+0276,1","9,9,999,9,+013,1","10,1","SYN08042262 31995 31402 10296 20268 40051 71021 80001 333 10324 20276 58013 555 10721=","Q01    003SCCGA1"
"42262099999","2023-09-14T12:00:00","4","27.8833333","78.0666666","187.0","ALIGARH, IN","FM-12","99999","V020","050,1,N,0010,1","99999,9,9,N","002000,1,9,9","+0330,1","+0272,1","10010,1",,"2,1,02,1","1,1,02,1","99,9,+99999,9,00,1",,,"9,AGL   ,+99999,+99999","05,99,1,00,1,99,9,99999,9,99,9,99,9",,,"9,9,999,9,+012,1","05,1","SYN06442262 31995 50502 10330 20272 40010 70521 80001 333 10344 58012=","Q01    003SCCGA1"
"42262099999","2023-09-15T03:00:00","4","27.8833333","78.0666666","187.0","ALIGARH, IN","FM-12","99999","V020","050,1,N,0010,1","99999,9,9,N","002000,1,9,9","+0296,1","+0268,1","10064,1",,"2,1,02,1","2,1,02,1","02,1,+01750,1,05,1","99,9,+99999,9,00,1",,"9,AGL   ,+99999,+99999","06,99,1,02,1,99,9,01750,1,99,9,99,9","240,M,+0344,1","240,N,+0280,1","9,9,999,9,+013,1","10,1","SYN08042262 31795 60502 10296 20268 40064 71022 82022 333 10344 20280 58013 555 10721=",
"42262099999","2023-09-15T12:00:00","4","27.8833333","78.0666666","187.0","ALIGARH, IN","FM-12","99999","V020","050,1,N,0031,1","99999,9,9,N","002000,1,9,9","+0296,1","+0251,1","10029,1","09,0000,9,1","2,1,02,1","2,1,02,1","01,1,+01750,1,05,1","99,9,+99999,9,00,1",,"9,AGL   ,+99999,+99999","05,99,1,01,1,99,9,01750,1,99,9,99,9",,,"9,9,999,9,+016,1","10,1","SYN07042262 21795 50506 10296 20251 40029 71022 81022 333 10308 58016 6990/=","Q01  00002PRCP09"
"42262099999","2023-09-16T03:00:00","4","27.8833333","78.0666666","187.0","ALIGARH, IN","FM-12","99999","V020","050,1,N,0031,1","99999,9,9,N","002000,1,9,9","+0290,1","+0262,1","10045,1","24,0000,9,1","2,1,02,1","1,1,02,1","01,1,+01250,1,07,1","99,9,+99999,9,05,1","99,9,+99999,9,00,1","9,AGL   ,+99999,+99999","06,99,1,01,1,99,9,01250,1,99,9,99,9","240,M,+0308,1","240,N,+0274,1","9,9,999,9,-019,1","10,1","SYN09242262 21695 60506 10290 20262 40045 71021 81621 333 10308 20274 59019 6990/ 555 00000 10721=","Q01  00002PRCP24"
"42262099999","2023-09-16T12:00:00","4","27.8833333","78.0666666","187.0","ALIGARH, IN","FM-12","99999","V020","050,1,N,0031,1","99999,9,9,N","002000,1,9,9","+0282,1","+0268,1","10009,1","09,0090,3,1","6,1,02,1","2,1,02,1","02,1,+00800,1,06,1","99,9,+99999,9,05,1","99,9,+99999,9,00,1","9,AGL   ,+99999,+99999","07,99,1,02,1,99,9,00800,1,99,9,99,9","240,M,+0306,1",,"9,9,999,9,-020,1","50,1","SYN07042262 21595 70506 10282 20268 40009 75062 82521 333 10306 59020 6009/=",
"42262099999","2023-09-17T03:00:00","4","27.8833333","78.0666666","187.0","ALIGARH, IN","FM-12","99999","V020","140,1,N,0031,1","99999,9,9,N","002000,1,9,9","+0280,1","+0257,1","10030,1","24,0380,3,1","2,1,02,1","2,1,02,1","02,1,+01250,1,07,1","99,9,+99999,9,05,1","99,9,+99999,9,00,1","9,AGL   ,+99999,+99999","06,99,1,02,1,99,9,01250,1,99,9,99,9","240,M,+0306,1","240,N,+0242,1","9,9,999,9,-014,1","10,1","SYN09242262 21695 61406 10280 20257 40030 71022 82621 333 10306 20242 59014 6038/ 555 00378 10759=",
"42262099999","2023-09-17T12:00:00","4","27.8833333","78.0666666","187.0","ALIGARH, IN","FM-12","99999","V020","050,1,N,0031,1","99999,9,9,N","002000,1,9,9","+0294,1","+0251,1","09999,1",,"2,1,02,1","1,1,02,1","01,1,+00800,1,06,1","99,9,+99999,9,05,1","99,9,+99999,9,00,1","9,AGL   ,+99999,+99999","06,99,1,01,1,99,9,00800,1,99,9,99,9","240,M,+0304,1",,"9,9,999,9,-010,1","10,1","SYN06442262 31595 60506 10294 20251 49999 71021 81521 333 10304 59010=",
"42262099999","2023-09-18T03:00:00","4","27.8833333","78.0666666","187.0","ALIGARH, IN","FM-12","99999","V020","050,1,N,0021,1","22000,1,9,N","002000,1,9,9","+0274,1","+0245,1","10041,1","24,0000,9,1","2,1,02,1","1,1,02,1","01,1,+01250,1,07,1","99,9,+99999,9,03,1","99,9,+99999,9,00,1","9,AGL   ,+99999,+99999","03,99,1,01,1,99,9,01250,1,99,9,99,9","240,M,+0304,1","240,N,+0256,1","9,9,999,9,+009,1","10,1","SYN08642262 21695 30504 10274 20245 40041 71021 81631 333 10304 20256 58009 6990/ 555 10759=","Q01  00002PRCP24"
"42262099999","2023-09-18T12:00:00","4","27.8833333","78.0666666","187.0","ALIGARH, IN","FM-12","99999","V020","050,1,N,0021,1","22000,1,9,N","002000,1,9,9","+0308,1","+0245,1","10010,1",,"1,1,02,1","0,1,02,1","01,1,+01750,1,03,1","99,9,+99999,9,00,1",,"9,AGL   ,+99999,+99999","03,99,1,01,1,99,9,01750,1,99,9,99,9",,,"9,9,999,9,+006,1","05,1","SYN06442262 31795 30504 10308 20245 40010 70510 81031 333 10320 58006=",
"42262099999","2023-09-19T03:00:00","4","27.8833333","78.0666666","187.0","ALIGARH, IN","FM-12","99999","V020","140,1,N,0026,1","99999,9,9,N","004000,1,9,9","+0294,1","+0251,1","10064,1",,,,,,,,,"240,M,+0320,1","240,N,+0264,1","9,9,999,9,+024,1",,"SYN06842262 32996 01405 10294 20251 40064 333 10320 20264 58024 555 10759=",
"42262099999","2023-09-19T12:00:00","4","27.8833333","78.0666666","187.0","ALIGARH, IN","FM-12","99999","V020","050,1,N,0026,1","22000,1,9,N","002000,1,9,9","+0324,1","+0266,1","10025,1",,"2,1,02,1","1,1,02,1","01,1,+01750,1,03,1","99,9,+99999,9,00,1",,"9,AGL   ,+99999,+99999","04,99,1,01,1,99,9,01750,1,99,9,99,9",,,"9,9,999,9,+016,1","05,1","SYN06442262 31795 40505 10324 20266 40025 70521 81031 333 10334 58016=",
"42262099999","2023-09-20T03:00:00","4","27.8833333","78.0666666","187.0","ALIGARH, IN","FM-12","99999","V020","999,9,C,0000,1","99999,9,9,N","002000,1,9,9","+0294,1","+0257,1","10073,1",,"0,1,02,1","0,1,02,1",,,,,,"240,M,+0334,1","240,N,+0272,1","9,9,999,9,+009,1","10,1","SYN07442262 31995 00000 10294 20257 40073 71000 333 10334 20272 58009 555 10759=",
"42262099999","2023-09-20T12:00:00","4","27.8833333","78.0666666","187.0","ALIGARH, IN","FM-12","99999","V020","320,1,N,0010,1","22000,1,9,N","002000,1,9,9","+0334,1","+0256,1","10021,1",,"2,1,02,1","1,1,02,1","01,1,+01750,1,03,1","99,9,+99999,9,00,1",,"9,AGL   ,+99999,+99999","03,99,1,01,1,99,9,01750,1,99,9,99,9","240,M,+0350,1",,"9,9,999,9,-003,1","05,1","SYN06442262 31795 33202 10334 20256 40021 70521 81031 333 10350 59003=",
"42262099999","2023-09-21T03:00:00","4","27.8833333","78.0666666","187.0","ALIGARH, IN","FM-12","99999","V020","230,1,N,0010,1","99999,9,9,N","002000,1,9,9","+0294,1","+0260,1","10065,1",,"0,1,02,1","0,1,02,1",,,,,,"240,M,+0350,1","240,N,+0272,1","9,9,999,9,-008,1","10,1","SYN07442262 31795 02302 10294 20260 40065 71000 333 10350 20272 59008 555 10759=",
"42262099999","2023-09-21T12:00:00","4","27.8833333","78.0666666","187.0","ALIGARH, IN","FM-12","99999","V020","050,1,N,0015,1","99999,9,9,N","002000,1,9,9","+0302,1","+0260,1","10022,1","09,0008,3,1","2,1,02,1","2,1,02,1","01,1,+00800,1,06,1","99,9,+99999,9,05,1","99,9,+99999,9,00,1","9,AGL   ,+99999,+99999","06,99,1,01,1,99,9,00800,1,99,9,99,9",,,"9,9,999,9,-001,1","50,1","SYN07042262 21595 60503 10302 20260 40022 75022 81521 333 10352 59001 6998/=",
"42262099999","2023-09-22T03:00:00","4","27.8833333","78.0666666","187.0","ALIGARH, IN","FM-12","99999","V020","050,1,N,0021,1","99999,9,9,N","002000,1,9,9","+0290,1","+0262,1","10067,1","24,0008,3,1","2,1,02,1","2,1,02,1","02,1,+01750,1,05,1","99,9,+99999,9,00,1",,"9,AGL   ,+99999,+99999","05,99,1,02,1,99,9,01750,1,99,9,99,9","240,M,+0352,1","240,N,+0274,1","9,9,999,9,+002,1","10,1","SYN09242262 21795 50504 10290 20262 40067 71022 82022 333 10352 20274 58002 6998/ 555 00008 10760=",
"42262099999","2023-09-22T12:00:00","4","27.8833333","78.0666666","187.0","ALIGARH, IN","FM-12","99999","V020","140,1,N,0015,1","22000,1,9,N","002000,1,9,9","+0320,1","+0252,1","10025,1",,"2,1,02,1","1,1,02,1","01,1,+01750,1,03,1","99,9,+99999,9,00,1",,"9,AGL   ,+99999,+99999","03,99,1,01,1,99,9,01750,1,99,9,99,9",,,"9,9,999,9,+002,1","05,1","SYN06442262 31795 31403 10320 20252 40025 70521 81031 333 10334 58002=",
"42262099999","2023-09-23T03:00:00","4","27.8833333","78.0666666","187.0","ALIGARH, IN","FM-12","99999","V020","140,1,N,0010,1","99999,9,9,N","002000,1,9,9","+0284,1","+0264,1","10074,1",,"2,1,02,1","2,1,02,1","01,1,+01750,1,05,1","99,9,+99999,9,00,1",,"9,AGL   ,+99999,+99999","05,99,1,01,1,99,9,01750,1,99,9,99,9","240,M,+0334,1","240,N,+0272,1","9,9,999,9,+006,1","10,1","SYN08042262 31795 51402 10284 20264 40074 71022 81022 333 10334 20272 58006 555 10760=",
"42262099999","2023-09-23T12:00:00","4","27.8833333","78.0666666","187.0","ALIGARH, IN","FM-12","99999","V020","050,1,N,0015,1","99999,9,9,N","002000,1,9,9","+0314,1","+0264,1","10040,1",,"2,1,02,1","1,1,02,1","01,1,+01750,1,05,1","99,9,+99999,9,00,1",,"9,AGL   ,+99999,+99999","05,99,1,01,1,99,9,01750,1,99,9,99,9","240,M,+0326,1",,"9,9,999,9,+018,1","10,1","SYN06442262 31795 50503 10314 20264 40040 71021 81022 333 10326 58018=",
"42262099999","2023-09-24T12:00:00","4","27.8833333","78.0666666","187.0","ALIGARH, IN","FM-12","99999","V020","050,1,N,0015,1","22000,1,9,N","002000,1,9,9","+0328,1","+0258,1","10029,1",,"2,1,02,1","1,1,02,1","99,9,+99999,9,00,1",,,"9,AGL   ,+99999,+99999","02,99,1,00,1,99,9,99999,9,99,9,99,9","240,M,+0336,1",,"9,9,999,9,-014,1","05,1","SYN06442262 31995 20503 10328 20258 40029 70521 80001 333 10336 59014=","Q01    003SCCGA1"
"42262099999","2023-09-25T03:00:00","4","27.8833333","78.0666666","187.0","ALIGARH, IN","FM-12","99999","V020","050,1,N,0010,1","99999,9,9,N","002000,1,9,9","+0280,1","+0246,1","10067,1",,"0,1,02,1","0,1,02,1",,,,,,"240,M,+0336,1","240,N,+0256,1","9,9,999,9,-004,1","10,1","SYN07442262 31995 00502 10280 20246 40067 71000 333 10336 20256 59004 555 10706=",
"42262099999","2023-09-25T12:00:00","4","27.8833333","78.0666666","187.0","ALIGARH, IN","FM-12","99999","V020","050,1,N,0010,1","22000,1,9,N","002000,1,9,9","+0332,1","+0250,1","10036,1",,"2,1,02,1","1,1,02,1","01,1,+01750,1,03,1","99,9,+99999,9,00,1",,"9,AGL   ,+99999,+99999","03,99,1,01,1,99,9,01750,1,99,9,99,9",,,"9,9,999,9,+007,1","05,1","SYN06442262 31795 30502 10332 20250 40036 70521 81031 333 10354 58007=",
"42262099999","2023-09-26T03:00:00","4","27.8833333","78.0666666","187.0","ALIGARH, IN","FM-12","99999","V020","100,1,N,0216,1","22000,1,9,N","002000,1,9,9","+0292,1","+0255,1","10082,1",,"2,1,02,1","1,1,02,1","99,9,+99999,9,00,1",,,"9,AGL   ,+99999,+99999","02,99,1,00,1,99,9,99999,9,99,9,99,9","240,M,+0354,1","240,N,+0272,1","9,9,999,9,+016,1","10,1","SYN08042262 31995 21042 10292 20255 40082 71021 80001 333 10354 20272 58016 555 10760=","Q01    003SCCGA1"
"42262099999","2023-09-26T12:00:00","4","27.8833333","78.0666666","187.0","ALIGARH, IN","FM-12","99999","V020","050,1,N,0010,1","22000,1,9,N","002000,1,9,9","+0322,1","+0248,1","10043,1",,"2,1,02,1","1,1,02,1","99,9,+99999,9,00,1",,,"9,AGL   ,+99999,+99999","04,99,1,00,1,99,9,99999,9,99,9,99,9",,,"9,9,999,9,+006,1","05,1","SYN06442262 31995 40502 10322 20248 40043 70521 80001 333 10336 58006=","Q01    003SCCGA1"
"42262099999","2023-09-27T03:00:00","4","27.8833333","78.0666666","187.0","ALIGARH, IN","FM-12","99999","V020","320,1,N,0010,1","99999,9,9,N","002000,1,9,9","+0274,1","+0242,1","10088,1",,"0,1,02,1","0,1,02,1",,,,,,"240,M,+0336,1","240,N,+0258,1","9,9,999,9,+004,1","15,1","SYN07442262 31995 03202 10274 20242 40088 71500 333 10336 20258 58004 555 10760=",
"42262099999","2023-09-27T12:00:00","4","27.8833333","78.0666666","187.0","ALIGARH, IN","FM-12","99999","V020","320,1,N,0010,1","22000,1,9,N","002000,1,9,9","+0326,1","+0214,1","10043,1",,"2,1,02,1","1,1,02,1","99,9,+99999,9,00,1",,,"9,AGL   ,+99999,+99999","02,99,1,00,1,99,9,99999,9,99,9,99,9",,,"9,9,999,9,+000,1","05,1","SYN06442262 31995 23202 10326 20214 40043 70521 80001 333 10346 58000=","Q01    003SCCGA1"
"42262099999","2023-09-29T03:00:00","4","27.8833333","78.0666666","187.0","ALIGARH, IN","FM-12","99999","V020","320,1,N,0010,1","99999,9,9,N","002000,1,9,9","+0260,1","+0221,1","10081,1",,"0,1,02,1","0,1,02,1",,,,,,"240,M,+0338,1","240,N,+0232,1","9,9,999,9,-009,1","10,1","SYN07442262 31995 03202 10260 20221 40081 71000 333 10338 20232 59009 555 10760=",
"42262099999","2023-09-29T12:00:00","4","27.8833333","78.0666666","187.0","ALIGARH, IN","FM-12","99999","V020","050,1,N,0010,1","99999,9,9,N","002000,1,9,9","+0316,1","+0198,1","10037,1",,"0,1,02,1","0,1,02,1",,,,,,,,"9,9,999,9,-011,1","05,1","SYN05842262 31995 00502 10316 20198 40037 70500 333 10336 59011=",
"42262099999","2023-09-30T03:00:00","4","27.8833333","78.0666666","187.0","ALIGARH, IN","FM-12","99999","V020","050,1,N,0010,1","99999,9,9,N","002000,1,9,9","+0264,1","+0229,1","10073,1",,"0,1,02,1","0,1,02,1",,,,,,"240,M,+0336,1","240,N,+0240,1","9,9,999,9,-008,1","05,1","SYN07442262 31995 00502 10264 20229 40073 70500 333 10336 20240 59008 555 10760=",
"42262099999","2023-09-30T12:00:00","4","27.8833333","78.0666666","187.0","ALIGARH, IN","FM-12","99999","V020","320,1,N,0010,1","99999,9,9,N","004000,1,9,9","+0332,1","+0211,1","10030,1",,,,,,,,,"240,M,+0358,1",,"9,9,999,9,-005,1",,"SYN05242262 32996 03202 10332 20211 40030 333 10358 59005=",
"42262099999","2023-10-01T03:00:00","4","27.8833333","78.0666666","187.0","ALIGARH, IN","FM-12","99999","V020","050,1,N,0010,1","22000,1,9,N","002000,1,9,9","+0270,1","+0226,1","10074,1",,"0,1,02,1","0,1,02,1","99,9,+99999,9,00,1",,,"9,AGL   ,+99999,+99999","02,99,1,00,1,99,9,99999,9,99,9,99,9","240,M,+0358,1","240,N,+0246,1","9,9,999,9,+002,1","10,1","SYN08042262 31995 20502 10270 20226 40074 71000 80002 333 10358 20246 58002 555 10000=","Q01    003SCCGA1"
"42262099999","2023-10-01T12:00:00","4","27.8833333","78.0666666","187.0","ALIGARH, IN","FM-12","99999","V020","320,1,N,0021,1","99999,9,9,N","002000,1,9,9","+0310,1","+0187,1","10021,1",,"0,1,02,1","0,1,02,1",,,,,,,,"9,9,999,9,+000,1","05,1","SYN05842262 31995 03204 10310 20187 40021 70500 333 10342 58000=",
"42262099999","2023-10-02T03:00:00","4","27.8833333","78.0666666","187.0","ALIGARH, IN","FM-12","99999","V020","320,1,N,0010,1","22000,1,9,N","002000,1,9,9","+0266,1","+0212,1","10072,1",,"2,1,02,1","1,1,02,1","99,9,+99999,9,00,1",,,"9,AGL   ,+99999,+99999","04,99,1,00,1,99,9,99999,9,99,9,99,9","240,M,+0342,1","240,N,+0242,1","9,9,999,9,-003,1","05,1","SYN08042262 31995 43202 10266 20212 40072 70521 80001 333 10342 20242 59003 555 10000=","Q01    003SCCGA1"
"42262099999","2023-10-02T12:00:00","4","27.8833333","78.0666666","187.0","ALIGARH, IN","FM-12","99999","V020","320,1,N,0021,1","22000,1,9,N","002000,1,9,9","+0314,1","+0184,1","10047,1",,"2,1,02,1","1,1,02,1","99,9,+99999,9,00,1",,,"9,AGL   ,+99999,+99999","04,99,1,00,1,99,9,99999,9,99,9,99,9",,,"9,9,999,9,-004,1","05,1","SYN06442262 31995 43204 10314 20184 40047 70521 80001 333 10344 59004=","Q01    003SCCGA1"
"42262099999","2023-10-03T03:00:00","4","27.8833333","78.0666666","187.0","ALIGARH, IN","FM-12","99999","V020","320,1,N,0015,1","99999,9,9,N","002000,1,9,9","+0242,1","+0171,1","10087,1",,"0,1,02,1","0,1,02,1",,,,,,"240,M,+0344,1","240,N,+0204,1","9,9,999,9,+014,1","05,1","SYN07442262 31995 03203 10242 20171 40087 70500 333 10344 20204 58014 555 10000=",
"42262099999","2023-10-03T12:00:00","4","27.8833333","78.0666666","187.0","ALIGARH, IN","FM-12","99999","V020","320,1,N,0021,1","99999,9,9,N","002000,1,9,9","+0324,1","+0236,1","10045,1",,"0,1,02,1","0,1,02,1",,,,,,,,"9,9,999,9,-003,1","05,1","SYN05842262 31995 03204 10324 20236 40045 70500 333 10348 59003=",
"42262099999","2023-10-04T03:00:00","4","27.8833333","78.0666666","187.0","ALIGARH, IN","FM-12","99999","V020","320,1,N,0010,1","99999,9,9,N","002000,1,9,9","+0242,1","+0195,1","10089,1",,"0,1,02,1","0,1,02,1",,,,,,"240,M,+0348,1","240,N,+0214,1","9,9,999,9,+001,1","05,1","SYN07442262 31995 03202 10242 20195 40089 70500 333 10348 20214 58001 555 10000=",
"42262099999","2023-10-04T12:00:00","4","27.8833333","78.0666666","187.0","ALIGARH, IN","FM-12","99999","V020","320,1,N,0021,1","99999,9,9,N","002000,1,9,9","+0320,1","+0188,1","10048,1",,"0,1,02,1","0,1,02,1",,,,,,,,"9,9,999,9,+003,1","05,1","SYN05842262 31995 03204 10320 20188 40048 70500 333 10344 58003=",
"42262099999","2023-10-05T03:00:00","4","27.8833333","78.0666666","187.0","ALIGARH, IN","FM-12","99999","V020","320,1,N,0010,1","99999,9,9,N","002000,1,9,9","+0242,1","+0192,1","10086,1",,"0,1,02,1","0,1,02,1",,,,,,"240,M,+0344,1","240,N,+0216,1","9,9,999,9,-002,1","05,1","SYN07442262 31995 03202 10242 20192 40086 70500 333 10344 20216 59002 555 10000=",
"42262099999","2023-10-05T12:00:00","4","27.8833333","78.0666666","187.0","ALIGARH, IN","FM-12","99999","V020","320,1,N,0021,1","22000,1,9,9","002000,1,9,9","+0327,1","+0183,1","10041,1","99,9999,9,9","0,1,99,9","0,1,99,9",,,,,"00,99,1,99,9,99,9,99999,9,99,9,99,9",,,"9,9,999,9,-007,1","05,1","SYN004BUFR",
"42262099999","2023-10-06T03:00:00","4","27.8833333","78.0666666","187.0","ALIGARH, IN","FM-12","99999","V020","320,1,N,0010,1","99999,9,9,N","002000,1,9,9","+0242,1","+0167,1","10078,1",,"0,1,02,1","0,1,02,1",,,,,,"240,M,+0352,1","240,N,+0212,1","9,9,999,9,-008,1","05,1","SYN07442262 31995 03202 10242 20167 40078 70500 333 10352 20212 59008 555 10000=",
"42262099999","2023-10-06T12:00:00","4","27.8833333","78.0666666","187.0","ALIGARH, IN","FM-12","99999","V020","999,9,C,0000,1","99999,9,9,N","002000,1,9,9","+0330,1","+0182,1","10037,1",,"0,1,02,1","0,1,02,1",,,,,,"240,M,+0364,1",,"9,9,999,9,-003,1","05,1","SYN05842262 31995 00000 10330 20182 40037 70500 333 10364 59003=",
"42262099999","2023-10-07T03:00:00","4","27.8833333","78.0666666","187.0","ALIGARH, IN","FM-12","99999","V020","320,1,N,0015,1","99999,9,9,N","002000,1,9,9","+0258,1","+0196,1","10084,1",,"0,1,02,1","0,1,02,1",,,,,,"240,M,+0364,1","240,N,+0230,1","9,9,999,9,+006,1","05,1","SYN07442262 31995 03203 10258 20196 40084 70500 333 10364 20230 58006 555 10000=",
"42262099999","2023-10-07T12:00:00","4","27.8833333","78.0666666","187.0","ALIGARH, IN","FM-12","99999","V020","320,1,N,0010,1","99999,9,9,N","002000,1,9,9","+0336,1","+0205,1","10053,1",,"0,1,02,1","0,1,02,1",,,,,,,,"9,9,999,9,+016,1","05,1","SYN05842262 31995 03202 10336 20205 40053 70500 333 10366 58016=",
"42262099999","2023-10-08T03:00:00","4","27.8833333","78.0666666","187.0","ALIGARH, IN","FM-12","99999","V020","320,1,N,0015,1","99999,9,9,N","002000,1,9,9","+0264,1","+0196,1","10099,1",,"0,1,02,1","0,1,02,1",,,,,,"240,M,+0366,1","240,N,+0236,1","9,9,999,9,+015,1","05,1","SYN07442262 31995 03203 10264 20196 40099 70500 333 10366 20236 58015 555 10000=",
"42262099999","2023-10-09T03:00:00","4","27.8833333","78.0666666","187.0","ALIGARH, IN","FM-12","99999","V020","320,1,N,0010,1","99999,9,9,N","002000,1,9,9","+0274,1","+0211,1","10100,1",,"0,1,02,1","0,1,02,1",,,,,,"240,M,+0368,1","240,N,+0244,1","9,9,999,9,+002,1","05,1","SYN07442262 31995 03202 10274 20211 40100 70500 333 10368 20244 58002 555 10000=",
"42262099999","2023-10-09T12:00:00","4","27.8833333","78.0666666","187.0","ALIGARH, IN","FM-12","99999","V020","999,9,C,0000,1","22000,1,9,N","002000,1,9,9","+0342,1","+0226,1","10059,1",,"0,1,02,1","0,1,02,1","99,9,+99999,9,00,1",,,"9,AGL   ,+99999,+99999","02,99,1,00,1,99,9,99999,9,99,9,99,9",,,"9,9,999,9,+008,1","05,1","SYN06442262 31995 20000 10342 20226 40059 70500 80001 333 10370 58008=","Q01    003SCCGA1"
"42262099999","2023-10-10T12:00:00","4","27.8833333","78.0666666","187.0","ALIGARH, IN","FM-12","99999","V020","320,1,N,0010,1","99999,9,9,N","002000,1,9,9","+0332,1","+0200,1","10077,1",,"0,1,02,1","0,1,02,1",,,,,,,,"9,9,999,9,+017,1","05,1","SYN05842262 31995 03202 10332 20200 40077 70500 333 10366 58017=",
"42262099999","2023-10-11T03:00:00","4","27.8833333","78.0666666","187.0","ALIGARH, IN","FM-12","99999","V020","320,1,N,0010,1","99999,9,9,N","002000,1,9,9","+0266,1","+0205,1","10117,1",,"0,1,02,1","0,1,02,1",,,,,,"240,M,+0366,1","240,N,+0232,1","9,9,999,9,+003,1","05,1","SYN07442262 31995 03202 10266 20205 40117 70500 333 10366 20232 58003 555 10000=",
"42262099999","2023-10-12T03:00:00","4","27.8833333","78.0666666","187.0","ALIGARH, IN","FM-12","99999","V020","320,1,N,0010,1","99999,9,9,N","002000,1,9,9","+0240,1","+0169,1","10131,1",,"0,1,02,1","0,1,02,1",,,,,,"240,M,+0356,1","240,N,+0206,1","9,9,999,9,+013,1","05,1","SYN07442262 31995 03202 10240 20169 40131 70500 333 10356 20206 58013 555 10000=",
"42262099999","2023-10-12T12:00:00","4","27.8833333","78.0666666","187.0","ALIGARH, IN","FM-12","99999","V020","320,1,N,0010,1","99999,9,9,N","002000,1,9,9","+0324,1","+0170,1","10104,1",,"0,1,02,1","0,1,02,1",,,,,,,,"9,9,999,9,+019,1","05,1","SYN05842262 31995 03202 10324 20170 40104 70500 333 10356 58019=",
"42262099999","2023-10-13T03:00:00","4","27.8833333","78.0666666","187.0","ALIGARH, IN","FM-12","99999","V020","320,1,N,0010,1","99999,9,9,N","002000,1,9,9","+0244,1","+0188,1","10144,1",,"0,1,02,1","0,1,02,1",,,,,,"240,M,+0356,1","240,N,+0216,1","9,9,999,9,+011,1","05,1","SYN07442262 31995 03202 10244 20188 40144 70500 333 10356 20216 58011 555 10000=",
"42262099999","2023-10-14T03:00:00","4","27.8833333","78.0666666","187.0","ALIGARH, IN","FM-12","99999","V020","999,9,C,0000,1","99999,9,9,N","002000,1,9,9","+0260,1","+0212,1","10130,1",,"0,1,02,1","0,1,02,1",,,,,,"240,M,+0350,1","240,N,+0230,1","9,9,999,9,-011,1","10,1","SYN07442262 31995 00000 10260 20212 40130 71000 333 10350 20230 59011 555 10000=",
"42262099999","2023-10-14T12:00:00","4","27.8833333","78.0666666","187.0","ALIGARH, IN","FM-12","99999","V020","320,1,N,0010,1","22000,1,9,N","002000,1,9,9","+0330,1","+0182,1","10090,1",,"2,1,02,1","1,1,02,1","99,9,+99999,9,00,1",,,"9,AGL   ,+99999,+99999","02,99,1,00,1,99,9,99999,9,99,9,99,9","240,M,+0366,1",,"9,9,999,9,-015,1","05,1","SYN06442262 31995 23202 10330 20182 40090 70521 80001 333 10366 59015=","Q01    003SCCGA1"
"42262099999","2023-10-16T03:00:00","4","27.8833333","78.0666666","187.0","ALIGARH, IN","FM-12","99999","V020","999,9,C,0000,1","22000,1,9,N","002000,1,9,9","+0262,1","+0207,1","10113,1",,"0,1,02,1","0,1,02,1","99,9,+99999,9,00,1",,,"9,AGL   ,+99999,+99999","02,99,1,00,1,99,9,99999,9,99,9,99,9","240,M,+0360,1","240,N,+0232,1","9,9,999,9,-001,1","05,1","SYN07042262 31995 20000 10262 20207 40113 70500 80002 333 10360 20232 59001=","Q01    003SCCGA1"
"42262099999","2023-10-16T12:00:00","4","27.8833333","78.0666666","187.0","ALIGARH, IN","FM-12","99999","V020","050,1,N,0046,1","99999,9,9,N","002000,1,9,9","+0264,1","+0182,1","10096,1",,"2,1,02,1","2,1,02,1","01,1,+01750,1,05,1","99,9,+99999,9,00,1",,"9,AGL   ,+99999,+99999","06,99,1,01,1,99,9,01750,1,99,9,99,9",,,"9,9,999,9,+024,1","05,1","SYN06442262 31795 60509 10264 20182 40096 70522 81022 333 10344 58024=",
"42262099999","2023-10-17T03:00:00","4","27.8833333","78.0666666","187.0","ALIGARH, IN","FM-12","99999","V020","050,1,N,0010,1","99999,9,9,N","002000,1,9,9","+0214,1","+0172,1","10167,1","24,0040,3,1","2,1,02,1","1,1,02,1","02,1,+01750,1,05,1","99,9,+99999,9,00,1",,"9,AGL   ,+99999,+99999","06,99,1,02,1,99,9,01750,1,99,9,99,9","240,M,+0344,1","240,N,+0186,1","9,9,999,9,+049,1","10,1","SYN09242262 21795 60502 10214 20172 40167 71021 82022 333 10344 20186 58049 6004/ 555 00042 10004=",
"42262099999","2023-10-17T12:00:00","4","27.8833333","78.0666666","187.0","ALIGARH, IN","FM-12","99999","V020","999,9,C,0000,1","99999,9,9,N","002000,1,9,9","+0278,1","+0158,1","10123,1",,"2,1,02,1","2,1,02,1","99,9,+99999,9,00,1",,,"9,AGL   ,+99999,+99999","06,99,1,00,1,99,9,99999,9,99,9,99,9",,,"9,9,999,9,+028,1","05,1","SYN06442262 31995 60000 10278 20158 40123 70522 80002 333 10288 58028=","Q01    003SCCGA1"
"42262099999","2023-10-18T03:00:00","4","27.8833333","78.0666666","187.0","ALIGARH, IN","FM-12","99999","V020","320,1,N,0021,1","99999,9,9,N","002000,1,9,9","+0218,1","+0180,1","10167,1",,"0,1,02,1","0,1,02,1",,,,,,"240,M,+0288,1","240,N,+0194,1","9,9,999,9,+000,1","10,1","SYN07442262 31995 03204 10218 20180 40167 71000 333 10288 20194 58000 555 10004=",
"42262099999","2023-10-18T12:00:00","4","27.8833333","78.0666666","187.0","ALIGARH, IN","FM-12","99999","V020","320,1,N,0021,1","99999,9,9,N","002000,1,9,9","+0286,1","+0168,1","10122,1",,"0,1,02,1","0,1,02,1",,,,,,"240,M,+0316,1",,"9,9,999,9,-001,1","05,1","SYN05842262 31995 03204 10286 20168 40122 70500 333 10316 59001=",
"42262099999","2023-10-19T12:00:00","4","27.8833333","78.0666666","187.0","ALIGARH, IN","FM-12","99999","V020","320,1,N,0031,1","99999,9,9,N","002000,1,9,9","+0280,1","+0157,1","10127,1",,"0,1,02,1","0,1,02,1",,,,,,,,"9,9,999,9,+005,1","05,1","SYN05842262 31995 03206 10280 20157 40127 70500 333 10314 58005=",
"42262099999","2023-10-20T03:00:00","4","27.8833333","78.0666666","187.0","ALIGARH, IN","FM-12","99999","V020","320,1,N,0010,1","99999,9,9,N","002000,1,9,9","+0214,1","+0168,1","10175,1",,"0,1,02,1","0,1,02,1",,,,,,"240,M,+0314,1","240,N,+0192,1","9,9,999,9,+007,1","10,1","SYN07442262 31995 03202 10214 20168 40175 71000 333 10314 20192 58007 555 10004=",
"42262099999","2023-10-20T12:00:00","4","27.8833333","78.0666666","187.0","ALIGARH, IN","FM-12","99999","V020","320,1,N,0010,1","99999,9,9,N","002000,1,9,9","+0278,1","+0154,1","10132,1",,"0,1,02,1","0,1,02,1",,,,,,"240,M,+0310,1",,"9,9,999,9,+005,1","05,1","SYN05842262 31995 03202 10278 20154 40132 70500 333 10310 58005=",
"42262099999","2023-10-21T03:00:00","4","27.8833333","78.0666666","187.0","ALIGARH, IN","FM-12","99999","V020","999,9,C,0000,1","99999,9,9,N","002000,1,9,9","+0214,1","+9999,9","10178,1",,"0,1,02,1","0,1,02,1",,,,,,"240,M,+0310,1","240,N,+0184,1","9,9,999,9,+003,1","10,1","SYN07442262 31995 00000 10214 20265 40178 71000 333 10310 20184 58003 555 10004=",
"42262099999","2023-10-21T12:00:00","4","27.8833333","78.0666666","187.0","ALIGARH, IN","FM-12","99999","V020","320,1,N,0010,1","99999,9,9,N","002000,1,9,9","+0286,1","+0179,1","10138,1",,"0,1,02,1","0,1,02,1",,,,,,,,"9,9,999,9,+005,1","05,1","SYN05842262 31995 03202 10286 20179 40138 70500 333 10322 58005=",
"42262099999","2023-10-22T03:00:00","4","27.8833333","78.0666666","187.0","ALIGARH, IN","FM-12","99999","V020","999,9,C,0000,1","99999,9,9,N","002000,1,9,9","+0210,1","+0164,1","10183,1",,"0,1,02,1","0,1,02,1",,,,,,"240,M,+0322,1","240,N,+0182,1","9,9,999,9,+005,1","10,1","SYN07442262 31995 00000 10210 20164 40183 71000 333 10322 20182 58005 555 10000=",
"42262099999","2023-10-22T12:00:00","4","27.8833333","78.0666666","187.0","ALIGARH, IN","FM-12","99999","V020","320,1,N,0010,1","22000,1,9,N","002000,1,9,9","+0288,1","+0115,1","10139,1",,"0,1,02,1","0,1,02,1","99,9,+99999,9,00,1",,,"9,AGL   ,+99999,+99999","01,99,1,00,1,99,9,99999,9,99,9,99,9","240,M,+0320,1",,"9,9,999,9,+011,1","05,1","SYN06442262 31995 13202 10288 20115 40139 70500 80001 333 10320 58011=","Q01    003SCCGA1"
"42262099999","2023-10-23T12:00:00","4","27.8833333","78.0666666","187.0","ALIGARH, IN","FM-12","99999","V020","230,1,N,0010,1","99999,9,9,N","002000,1,9,9","+0284,1","+0169,1","10117,1",,"0,1,02,1","0,1,02,1",,,,,,"240,M,+0318,1",,"9,9,999,9,-021,1","05,1","SYN05842262 31995 02302 10284 20169 40117 70500 333 10318 59021=",
"42262099999","2023-10-24T03:00:00","4","27.8833333","78.0666666","187.0","ALIGARH, IN","FM-12","99999","V020","999,9,C,0000,1","99999,9,9,N","002000,1,9,9","+0218,1","+0183,1","10161,1",,"0,1,02,1","0,1,02,1",,,,,,"240,M,+0318,1","240,N,+0196,1","9,9,999,9,-009,1","10,1","SYN07442262 31995 00000 10218 20183 40161 71000 333 10318 20196 59009 555 10004=",
"42262099999","2023-10-24T12:00:00","4","27.8833333","78.0666666","187.0","ALIGARH, IN","FM-12","99999","V020","320,1,N,0021,1","99999,9,9,N","002000,1,9,9","+0286,1","+0164,1","10122,1",,"0,1,02,1","0,1,02,1",,,,,,,,"9,9,999,9,+005,1","05,1","SYN05842262 31995 03204 10286 20164 40122 70500 333 10320 58005=",
"42262099999","2023-10-25T03:00:00","4","27.8833333","78.0666666","187.0","ALIGARH, IN","FM-12","99999","V020","320,1,N,0010,1","99999,9,9,N","002000,1,9,9","+0210,1","+0160,1","10162,1",,"0,1,02,1","0,1,02,1",,,,,,"240,M,+0320,1","240,N,+0184,1","9,9,999,9,+001,1","10,1","SYN07442262 31995 03202 10210 20160 40162 71000 333 10320 20184 58001 555 10004=",
"42262099999","2023-10-25T12:00:00","4","27.8833333","78.0666666","187.0","ALIGARH, IN","FM-12","99999","V020","320,1,N,0010,1","99999,9,9,N","002000,1,9,9","+0292,1","+0164,1","10119,1",,"0,1,02,1","0,1,02,1",,,,,,,,"9,9,999,9,-002,1","05,1","SYN05842262 31995 03202 10292 20164 40119 70500 333 10324 59002=",
"42262099999","2023-10-26T03:00:00","4","27.8833333","78.0666666","187.0","ALIGARH, IN","FM-12","99999","V020","320,1,N,0015,1","99999,9,9,N","002000,1,9,9","+0212,1","+0162,1","10160,1",,"0,1,02,1","0,1,02,1",,,,,,"240,M,+0324,1","240,N,+0186,1","9,9,999,9,-002,1","10,1","SYN07442262 31995 03203 10212 20162 40160 71000 333 10324 20186 59002 555 10004=",
"42262099999","2023-10-26T12:00:00","4","27.8833333","78.0666666","187.0","ALIGARH, IN","FM-12","99999","V020","320,1,N,0021,1","99999,9,9,N","002000,1,9,9","+0288,1","+0167,1","10123,1",,"0,1,02,1","0,1,02,1",,,,,,,,"9,9,999,9,+003,1","05,1","SYN05842262 31995 03204 10288 20167 40123 70500 333 10320 58003=",
"42262099999","2023-10-27T03:00:00","4","27.8833333","78.0666666","187.0","ALIGARH, IN","FM-12","99999","V020","320,1,N,0010,1","99999,9,9,N","002000,1,9,9","+0210,1","+0160,1","10149,1",,"0,1,02,1","0,1,02,1",,,,,,"240,M,+0320,1","240,N,+0180,1","9,9,999,9,-011,1","10,1","SYN07442262 31995 03202 10210 20160 40149 71000 333 10320 20180 59011 555 10004=",
"42262099999","2023-10-27T12:00:00","4","27.8833333","78.0666666","187.0","ALIGARH, IN","FM-12","99999","V020","320,1,N,0010,1","99999,9,9,N","002000,1,9,9","+0282,1","+0151,1","10114,1",,"0,1,02,1","0,1,02,1",,,,,,,,"9,9,999,9,-009,1","05,1","SYN05842262 31995 03202 10282 20151 40114 70500 333 10330 59009=",
"42262099999","2023-10-28T03:00:00","4","27.8833333","78.0666666","187.0","ALIGARH, IN","FM-12","99999","V020","999,9,C,0000,1","99999,9,9,N","002000,1,9,9","+0200,1","+0160,1","10155,1",,"0,1,02,1","0,1,02,1",,,,,,"240,M,+0330,1","240,N,+0172,1","9,9,999,9,+006,1","10,1","SYN07442262 31995 00000 10200 20160 40155 71000 333 10330 20172 58006 555 10004=",
"42262099999","2023-10-28T12:00:00","4","27.8833333","78.0666666","187.0","ALIGARH, IN","FM-12","99999","V020","320,1,N,0010,1","99999,9,9,N","002000,1,9,9","+0282,1","+0163,1","10117,1",,"2,1,02,1","1,1,02,1","99,9,+99999,9,00,1",,,"9,AGL   ,+99999,+99999","05,99,1,00,1,99,9,99999,9,99,9,99,9",,,"9,9,999,9,+003,1","05,1","SYN06442262 31995 53202 10282 20163 40117 70521 80002 333 10328 58003=","Q01    003SCCGA1"
"42262099999","2023-10-29T03:00:00","4","27.8833333","78.0666666","187.0","ALIGARH, IN","FM-12","99999","V020","999,9,C,0000,1","22000,1,9,N","002000,1,9,9","+0202,1","+0159,1","10157,1",,"2,1,02,1","1,1,02,1","99,9,+99999,9,00,1",,,"9,AGL   ,+99999,+99999","02,99,1,00,1,99,9,99999,9,99,9,99,9","240,M,+0328,1","240,N,+0174,1","9,9,999,9,+002,1","10,1","SYN08042262 31995 20000 10202 20159 40157 71021 80002 333 10328 20174 58002 555 10004=","Q01    003SCCGA1"
"42262099999","2023-10-29T12:00:00","4","27.8833333","78.0666666","187.0","ALIGARH, IN","FM-12","99999","V020","320,1,N,0010,1","22000,1,9,N","002000,1,9,9","+0286,1","+0156,1","10118,1",,"0,1,02,1","0,1,02,1",,,,"9,AGL   ,+99999,+99999","01,99,1,99,9,99,9,99999,9,99,9,99,9","240,M,+0330,1",,"9,9,999,9,+001,1","05,1","SYN05842262 31995 13202 10286 20156 40118 70500 333 10330 58001=",
"42262099999","2023-10-30T03:00:00","4","27.8833333","78.0666666","187.0","ALIGARH, IN","FM-12","99999","V020","120,1,N,0010,1","99999,9,9,N","002000,1,9,9","+0226,1","+0155,1","10150,1",,"0,1,02,1","0,1,02,1",,,,,,"240,M,+0330,1","240,N,+0180,1","9,9,999,9,+004,1","05,1","SYN07442262 31995 01202 10226 20155 40150 70500 333 10330 20180 58004 555 10004=",
"42262099999","2023-10-30T12:00:00","4","27.8833333","78.0666666","187.0","ALIGARH, IN","FM-12","99999","V020","320,1,N,0010,1","99999,9,9,N","002000,1,9,9","+0300,1","+0178,1","10120,1",,"0,1,02,1","0,1,02,1",,,,,,,,"9,9,999,9,+004,1","05,1","SYN05842262 31995 03202 10300 20178 40120 70500 333 10334 58004=",
"42262099999","2023-10-31T03:00:00","4","27.8833333","78.0666666","187.0","ALIGARH, IN","FM-12","99999","V020","320,1,N,0015,1","99999,9,9,N","002000,1,9,9","+0224,1","+0179,1","10174,1",,"0,1,02,1","0,1,02,1",,,,,,"240,M,+0334,1","240,N,+0198,1","9,9,999,9,+014,1","10,1","SYN07442262 31995 03203 10224 20179 40174 71000 333 10334 20198 58014 555 10004=",
"42262099999","2023-10-31T12:00:00","4","27.8833333","78.0666666","187.0","ALIGARH, IN","FM-12","99999","V020","050,1,N,0010,1","99999,9,9,N","002000,1,9,9","+0288,1","+0203,1","10121,1",,"2,1,02,1","1,1,02,1","99,9,+99999,9,00,1",,,"9,AGL   ,+99999,+99999","05,99,1,00,1,99,9,99999,9,99,9,99,9",,,"9,9,999,9,-001,1","05,1","SYN06442262 31995 50502 10288 20203 40121 70521 80002 333 10306 59001=","Q01    003SCCGA1"
"42262099999","2023-11-01T03:00:00","4","27.8833333","78.0666666","187.0","ALIGARH, IN","FM-12","99999","V020","999,9,C,0000,1","99999,9,9,N","002000,1,9,9","+0216,1","+0181,1","10186,1",,"0,1,02,1","0,1,02,1",,,,,,"240,M,+0306,1","240,N,+0192,1","9,9,999,9,+011,1","10,1","SYN07442262 31995 00000 10216 20181 40186 71000 333 10306 20192 58011 555 10004=",
"42262099999","2023-11-01T12:00:00","4","27.8833333","78.0666666","187.0","ALIGARH, IN","FM-12","99999","V020","050,1,N,0010,1","99999,9,9,N","002000,1,9,9","+0290,1","+0181,1","10134,1",,"0,1,02,1","0,1,02,1",,,,,,"240,M,+0324,1",,"9,9,999,9,+014,1","05,1","SYN05842262 31995 00502 10290 20181 40134 70500 333 10324 58014=",
"42262099999","2023-11-02T03:00:00","4","27.8833333","78.0666666","187.0","ALIGARH, IN","FM-12","99999","V020","999,9,C,0000,1","99999,9,9,N","001000,1,9,9","+0210,1","+0174,1","10168,1",,"0,1,02,1","0,1,02,1",,,,,,"240,M,+0324,1","240,N,+0190,1","9,9,999,9,-018,1","10,1","SYN06442262 31994 00000 10210 20174 40168 71000 333 10324 20190 59018=",
"42262099999","2023-11-02T12:00:00","4","27.8833333","78.0666666","187.0","ALIGARH, IN","FM-12","99999","V020","999,9,C,0000,1","99999,9,9,N","001000,1,9,9","+0294,1","+0167,1","10120,1",,"0,1,02,1","0,1,02,1",,,,,,,,"9,9,999,9,-014,1","05,1","SYN05842262 31994 00000 10294 20167 40120 70500 333 10320 59014=",
"42262099999","2023-11-03T03:00:00","4","27.8833333","78.0666666","187.0","ALIGARH, IN","FM-12","99999","V020","999,9,C,0000,1","99999,9,9,N","000500,1,9,9","+0210,1","+0181,1","10138,1",,"2,1,02,1","2,1,02,1","99,9,+99999,9,00,1",,,"9,AGL   ,+99999,+99999","05,99,1,00,1,99,9,99999,9,99,9,99,9","240,M,+0320,1","240,N,+0194,1","9,9,999,9,-029,1","10,1","SYN08042262 31993 50000 10210 20181 40138 71022 80002 333 10320 20194 59029 555 10004=","Q01    003SCCGA1"
"42262099999","2023-11-03T12:00:00","4","27.8833333","78.0666666","187.0","ALIGARH, IN","FM-12","99999","V020","999,9,C,0000,1","99999,9,9,N","002000,1,9,9","+0268,1","+0183,1","10102,1",,"2,1,02,1","2,1,02,1","99,9,+99999,9,00,1",,,"9,AGL   ,+99999,+99999","07,99,1,00,1,99,9,99999,9,99,9,99,9",,,"9,9,999,9,-020,1","05,1","SYN06442262 31995 70000 10268 20183 40102 70522 80002 333 10286 59020=","Q01    003SCCGA1"
"42262099999","2023-11-04T03:00:00","4","27.8833333","78.0666666","187.0","ALIGARH, IN","FM-12","99999","V020","999,9,C,0000,1","99999,9,9,N","000200,1,9,9","+0212,1","+0190,1","10140,1",,"4,1,02,1","4,1,02,1",,,,,,"240,M,+0286,1","240,N,+0192,1","9,9,999,9,+002,1","42,1","SYN07442262 31992 00000 10212 20190 40140 74244 333 10286 20192 58002 555 10004=",
"42262099999","2023-11-04T12:00:00","4","27.8833333","78.0666666","187.0","ALIGARH, IN","FM-12","99999","V020","999,9,C,0000,1","99999,9,9,N","001000,1,9,9","+0278,1","+0209,1","10108,1",,"2,1,02,1","2,1,02,1","99,9,+99999,9,00,1",,,"9,AGL   ,+99999,+99999","06,99,1,00,1,99,9,99999,9,99,9,99,9",,,"9,9,999,9,+007,1","05,1","SYN06442262 31994 60000 10278 20209 40108 70522 80002 333 10296 58007=","Q01    003SCCGA1"
"42262099999","2023-11-05T03:00:00","4","27.8833333","78.0666666","187.0","ALIGARH, IN","FM-12","99999","V020","999,9,C,0000,1","99999,9,9,N","001000,1,9,9","+0214,1","+0189,1","10152,1",,"2,1,02,1","1,1,02,1","99,9,+99999,9,00,1",,,"9,AGL   ,+99999,+99999","07,99,1,00,1,99,9,99999,9,99,9,99,9","240,M,+0296,1","240,N,+0196,1","9,9,999,9,+011,1","10,1","SYN08042262 31994 71000 10214 20189 40152 71021 80002 333 10296 20196 58011 555 10004=","Q01    003SCCGA1"
"42262099999","2023-11-05T12:00:00","4","27.8833333","78.0666666","187.0","ALIGARH, IN","FM-12","99999","V020","320,1,N,0010,1","99999,9,9,N","001000,1,9,9","+0278,1","+0192,1","10122,1",,"2,1,02,1","1,1,02,1","99,9,+99999,9,00,1",,,"9,AGL   ,+99999,+99999","07,99,1,00,1,99,9,99999,9,99,9,99,9",,,"9,9,999,9,+014,1","05,1","SYN06442262 31994 73202 10278 20192 40122 70521 80002 333 10294 58014=","Q01    003SCCGA1"
"42262099999","2023-11-06T03:00:00","4","27.8833333","78.0666666","187.0","ALIGARH, IN","FM-12","99999","V020","999,9,C,0000,1","99999,9,9,N","001000,1,9,9","+0198,1","+0175,1","10179,1",,"2,1,02,1","1,1,02,1","99,9,+99999,9,00,1",,,"9,AGL   ,+99999,+99999","06,99,1,00,1,99,9,99999,9,99,9,99,9","240,M,+0294,1","240,N,+0180,1","9,9,999,9,+026,1","10,1","SYN08042262 31994 60000 10198 20175 40179 71021 80002 333 10294 20180 58026 555 10004=","Q01    003SCCGA1"
"42262099999","2023-11-06T12:00:00","4","27.8833333","78.0666666","187.0","ALIGARH, IN","FM-12","99999","V020","999,9,C,0000,1","99999,9,9,N","001000,1,9,9","+0274,1","+0190,1","10135,1",,"2,1,02,1","1,1,02,1","99,9,+99999,9,00,1",,,"9,AGL   ,+99999,+99999","06,99,1,00,1,99,9,99999,9,99,9,99,9",,,"9,9,999,9,+013,1","05,1","SYN06442262 31994 60000 10274 20190 40135 70521 80002 333 10288 58013=","Q01    003SCCGA1"
"42262099999","2023-11-07T03:00:00","4","27.8833333","78.0666666","187.0","ALIGARH, IN","FM-12","99999","V020","230,1,N,0010,1","99999,9,9,N","001000,1,9,9","+0194,1","+0171,1","10172,1",,"4,1,02,1","0,1,02,1",,,,,,"240,M,+0288,1","240,N,+0174,1","9,9,999,9,-007,1","11,1","SYN07442262 31994 02302 10194 20171 40172 71140 333 10288 20174 59007 555 10004=",
"42262099999","2023-11-08T03:00:00","4","27.8833333","78.0666666","187.0","ALIGARH, IN","FM-12","99999","V020","999,9,C,0000,1","99999,9,9,N","000500,1,9,9","+0196,1","+0170,1","10154,1",,"0,1,02,1","0,1,02,1",,,,,,"240,M,+0306,1","240,N,+0180,1","9,9,999,9,-018,1","42,1","SYN07442262 31993 00000 10196 20170 40154 74200 333 10306 20180 59018 555 10004=",
"42262099999","2023-11-08T12:00:00","4","27.8833333","78.0666666","187.0","ALIGARH, IN","FM-12","99999","V020","999,9,C,0000,1","99999,9,9,N","001000,1,9,9","+0278,1","+0184,1","10116,1",,"0,1,02,1","0,1,02,1",,,,,,,,"9,9,999,9,-009,1","05,1","SYN05842262 31994 00000 10278 20184 40116 70500 333 10306 59009=",
"42262099999","2023-11-09T03:00:00","4","27.8833333","78.0666666","187.0","ALIGARH, IN","FM-12","99999","V020","230,1,N,0010,1","99999,9,9,N","000500,1,9,9","+0198,1","+0172,1","10154,1",,"4,1,02,1","0,1,02,1",,,,,,"240,M,+0306,1","240,N,+0180,1","9,9,999,9,+000,1","42,1","SYN07442262 31993 02302 10198 20172 40154 74240 333 10306 20180 58000 555 10004=",
"42262099999","2023-11-09T12:00:00","4","27.8833333","78.0666666","187.0","ALIGARH, IN","FM-12","99999","V020","999,9,C,0000,1","99999,9,9,N","002000,1,9,9","+0270,1","+0186,1","10122,1",,"2,1,02,1","1,1,02,1","99,9,+99999,9,00,1",,,"9,AGL   ,+99999,+99999","06,99,1,00,1,99,9,99999,9,99,9,99,9",,,"9,9,999,9,+006,1","05,1","SYN06442262 31995 60000 10270 20186 40122 70521 80002 333 10308 58006=","Q01    003SCCGA1"
"42262099999","2023-11-10T03:00:00","4","27.8833333","78.0666666","187.0","ALIGARH, IN","FM-12","99999","V020","999,9,C,0000,1","99999,9,9,N","001000,1,9,9","+0200,1","+0174,1","10174,1","24,0040,3,1","9,1,02,1","2,1,02,1","02,1,+01750,1,05,1","99,9,+99999,9,00,1",,"9,AGL   ,+99999,+99999","07,99,1,02,1,99,9,01750,1,99,9,99,9","240,M,+0308,1","240,N,+0186,1","9,9,999,9,+020,1","10,1","SYN09242262 21794 70000 10200 20174 40174 71092 82022 333 10308 20186 58020 6004/ 555 00044 10009=",
"42262099999","2023-11-10T12:00:00","4","27.8833333","78.0666666","187.0","ALIGARH, IN","FM-12","99999","V020","050,1,N,0015,1","99999,9,9,N","002000,1,9,9","+0218,1","+0176,1","10135,1","09,0010,3,1","6,1,02,1","1,1,02,1","02,1,+01750,1,05,1","99,9,+99999,9,00,1",,"9,AGL   ,+99999,+99999","07,99,1,02,1,99,9,01750,1,99,9,99,9",,,"9,9,999,9,+008,1","05,1","SYN07042262 21795 70503 10218 20176 40135 70561 82022 333 10242 58008 6001/=",
"42262099999","2023-11-11T03:00:00","4","27.8833333","78.0666666","187.0","ALIGARH, IN","FM-12","99999","V020","999,9,C,0000,1","22000,1,9,N","002000,1,9,9","+0184,1","+0171,1","10185,1","24,0060,3,1","2,1,02,1","1,1,02,1","99,9,+99999,9,00,1",,,"9,AGL   ,+99999,+99999","03,99,1,00,1,99,9,99999,9,99,9,99,9","240,M,+0242,1","240,N,+0166,1","9,9,999,9,+011,1","10,1","SYN09242262 21995 30000 10184 20171 40185 71021 80002 333 10242 20166 58011 6006/ 555 00058 10014=","Q01    003SCCGA1"
"42262099999","2023-11-11T12:00:00","4","27.8833333","78.0666666","187.0","ALIGARH, IN","FM-12","99999","V020","360,1,N,0010,1","99999,9,9,N","002000,1,9,9","+0244,1","+0162,1","10158,1",,"0,1,02,1","0,1,02,1",,,,,,,,"9,9,999,9,+024,1","05,1","SYN05842262 31995 03602 10244 20162 40158 70500 333 10268 58024=",
"42262099999","2023-11-12T03:00:00","4","27.8833333","78.0666666","187.0","ALIGARH, IN","FM-12","99999","V020","320,1,N,0026,1","99999,9,9,N","002000,1,9,9","+0176,1","+0156,1","10194,1",,"0,1,02,1","0,1,02,1",,,,,,"240,M,+0268,1","240,N,+0154,1","9,9,999,9,+007,1","10,1","SYN07442262 31995 03205 10176 20156 40194 71000 333 10268 20154 58007 555 10014=",
"42262099999","2023-11-12T12:00:00","4","27.8833333","78.0666666","187.0","ALIGARH, IN","FM-12","99999","V020","320,1,N,0010,1","99999,9,9,N","002000,1,9,9","+0246,1","+0149,1","10155,1",,"0,1,02,1","0,1,02,1",,,,,,,,"9,9,999,9,+005,1","05,1","SYN05842262 31995 03202 10246 20149 40155 70500 333 10274 58005=",
"42262099999","2023-11-13T03:00:00","4","27.8833333","78.0666666","187.0","ALIGARH, IN","FM-12","99999","V020","050,1,N,0010,1","99999,9,9,N","001000,1,9,9","+0182,1","+0159,1","10201,1",,"0,1,02,1","0,1,02,1",,,,,,"240,M,+0276,1","240,N,+0160,1","9,9,999,9,+009,1","10,1","SYN07442262 31994 00502 10182 20159 40201 71000 333 10276 20160 58009 555 10014=",
"42262099999","2023-11-13T12:00:00","4","27.8833333","78.0666666","187.0","ALIGARH, IN","FM-12","99999","V020","320,1,N,0010,1","99999,9,9,N","002000,1,9,9","+0244,1","+0143,1","10153,1",,"0,1,02,1","0,1,02,1",,,,,,,,"9,9,999,9,-002,1","05,1","SYN05842262 31995 03202 10244 20143 40153 70500 333 10268 59002=",
"42262099999","2023-11-14T03:00:00","4","27.8833333","78.0666666","187.0","ALIGARH, IN","FM-12","99999","V020","320,1,N,0010,1","22000,1,9,N","001000,1,9,9","+0182,1","+0148,1","10190,1",,"2,1,02,1","1,1,02,1","99,9,+99999,9,00,1",,,"9,AGL   ,+99999,+99999","04,99,1,00,1,99,9,99999,9,99,9,99,9","240,M,+0268,1","240,N,+0154,1","9,9,999,9,-011,1","10,1","SYN08042262 31994 43202 10182 20148 40190 71021 80002 333 10268 20154 59011 555 10014=","Q01    003SCCGA1"
"42262099999","2023-11-14T12:00:00","4","27.8833333","78.0666666","187.0","ALIGARH, IN","FM-12","99999","V020","300,1,N,0118,1","99999,9,9,N","002000,1,9,9","+0242,1","+0160,1","10155,1",,"2,1,02,1","1,1,02,1","02,1,+01750,1,03,1","99,9,+99999,9,00,1",,"9,AGL   ,+99999,+99999","06,99,1,02,1,99,9,01750,1,99,9,99,9",,,"9,9,999,9,+002,1","05,1","SYN06442262 31795 63023 10242 20160 40155 70521 82032 333 10252 58002=",
"42262099999","2023-11-15T03:00:00","4","27.8833333","78.0666666","187.0","ALIGARH, IN","FM-12","99999","V020","050,1,N,0010,1","99999,9,9,N","001000,1,9,9","+0162,1","+0130,1","10192,1",,"0,1,02,1","0,1,02,1",,,,,,"240,M,+0252,1","240,N,+0142,1","9,9,999,9,+000,1","10,1","SYN07442262 31994 00502 10162 20130 40192 71000 333 10252 20142 58000 555 10014=",
"42262099999","2023-11-15T12:00:00","4","27.8833333","78.0666666","187.0","ALIGARH, IN","FM-12","99999","V020","999,9,C,0000,1","99999,9,9,N","000500,1,9,9","+0232,1","+0167,1","10150,1",,"2,1,02,1","2,1,02,1","02,1,+99999,9,05,1","99,9,+99999,9,00,1",,"9,AGL   ,+99999,+99999","06,99,1,02,1,99,9,99999,9,99,9,99,9","240,M,+0264,1",,"9,9,999,9,-005,1","05,1","SYN06442262 31993 60000 10232 20167 40150 70522 82022 333 10264 59005=",
"42262099999","2023-11-16T03:00:00","4","27.8833333","78.0666666","187.0","ALIGARH, IN","FM-12","99999","V020","999,9,C,0000,1","99999,9,9,N","001000,1,9,9","+0162,1","+0134,1","10193,1",,"0,1,02,1","0,1,02,1",,,,,,"240,M,+0264,1","240,N,+0144,1","9,9,999,9,+001,1","10,1","SYN07442262 31994 00000 10162 20134 40193 71000 333 10264 20144 58001 555 10014=",
"42262099999","2023-11-16T12:00:00","4","27.8833333","78.0666666","187.0","ALIGARH, IN","FM-12","99999","V020","140,1,N,0010,1","99999,9,9,N","001000,1,9,9","+0232,1","+0148,1","10160,1",,"0,1,02,1","0,1,02,1",,,,,,"240,M,+0264,1",,"9,9,999,9,+010,1","05,1","SYN05842262 31994 01402 10232 20148 40160 70500 333 10264 58010=",
"42262099999","2023-11-17T03:00:00","4","27.8833333","78.0666666","187.0","ALIGARH, IN","FM-12","99999","V020","140,1,N,0010,1","99999,9,9,N","001000,1,9,9","+0176,1","+0141,1","10201,1",,"0,1,02,1","0,1,02,1",,,,,,"240,M,+0264,1","240,N,+0154,1","9,9,999,9,+007,1","10,1","SYN07442262 31994 01402 10176 20141 40201 71000 333 10264 20154 58007 555 10014=",
"42262099999","2023-11-18T03:00:00","4","27.8833333","78.0666666","187.0","ALIGARH, IN","FM-12","99999","V020","999,9,C,0000,1","99999,9,9,N","001000,1,9,9","+0172,1","+0148,1","10185,1",,"0,1,02,1","0,1,02,1",,,,,,"240,M,+0274,1","240,N,+0154,1","9,9,999,9,-016,1","10,1","SYN07442262 31994 00000 10172 20148 40185 71000 333 10274 20154 59016 555 10014=",
"42262099999","2023-11-18T12:00:00","4","27.8833333","78.0666666","187.0","ALIGARH, IN","FM-12","99999","V020","140,1,N,0015,1","22000,1,9,N","002000,1,9,9","+0236,1","+0149,1","10134,1",,"0,1,02,1","0,1,02,1","99,9,+99999,9,00,1",,,"9,AGL   ,+99999,+99999","02,99,1,00,1,99,9,99999,9,99,9,99,9","240,M,+0270,1",,"9,9,999,9,-021,1","05,1","SYN06442262 31995 21403 10236 20149 40134 70500 80001 333 10270 59021=","Q01    003SCCGA1"
"42262099999","2023-11-19T03:00:00","4","27.8833333","78.0666666","187.0","ALIGARH, IN","FM-12","99999","V020","999,9,C,0000,1","99999,9,9,N","000500,1,9,9","+0174,1","+0150,1","10188,1",,"0,1,02,1","0,1,02,1",,,,,,"240,M,+0270,1","240,N,+0154,1","9,9,999,9,+003,1","42,1","SYN07442262 31993 00000 10174 20150 40188 74200 333 10270 20154 58003 555 10014=",
"42262099999","2023-11-19T12:00:00","4","27.8833333","78.0666666","187.0","ALIGARH, IN","FM-12","99999","V020","140,1,N,0010,1","99999,9,9,N","002000,1,9,9","+0232,1","+0148,1","10150,1",,"0,1,02,1","0,1,02,1",,,,,,,,"9,9,999,9,+016,1","05,1","SYN05842262 31995 01402 10232 20148 40150 70500 333 10268 58016=",
"42262099999","2023-11-20T03:00:00","4","27.8833333","78.0666666","187.0","ALIGARH, IN","FM-12","99999","V020","999,9,C,0000,1","99999,9,9,N","002000,1,9,9","+0170,1","+0146,1","10194,1",,"0,1,02,1","0,1,02,1",,,,,,"240,M,+0268,1","240,N,+0150,1","9,9,999,9,+007,1","10,1","SYN07442262 31995 00000 10170 20146 40194 71000 333 10268 20150 58007 555 10014=",
"42262099999","2023-11-21T03:00:00","4","27.8833333","78.0666666","187.0","ALIGARH, IN","FM-12","99999","V020","320,1,N,0010,1","99999,9,9,N","002000,1,9,9","+0164,1","+0139,1","10182,1",,"0,1,02,1","0,1,02,1",,,,,,"240,M,+0272,1","240,N,+0146,1","9,9,999,9,-012,1","10,1","SYN07442262 31995 03202 10164 20139 40182 71000 333 10272 20146 59012 555 10014=",
"42262099999","2023-11-21T12:00:00","4","27.8833333","78.0666666","187.0","ALIGARH, IN","FM-12","99999","V020","320,1,N,0021,1","99999,9,9,N","002000,1,9,9","+0238,1","+0163,1","10140,1",,"0,1,02,1","0,1,02,1",,,,,,,,"9,9,999,9,-005,1","05,1","SYN05842262 31995 03204 10238 20163 40140 70500 333 10270 59005=",
"42262099999","2023-11-22T03:00:00","4","27.8833333","78.0666666","187.0","ALIGARH, IN","FM-12","99999","V020","270,1,N,0021,1","99999,9,9,N","002000,1,9,9","+0160,1","+0120,1","10163,1",,"0,1,02,1","0,1,02,1",,,,,,"240,M,+0270,1","240,N,+0142,1","9,9,999,9,-019,1","10,1","SYN06442262 31995 02704 10160 20120 40163 71000 333 10270 20142 59019=",
"42262099999","2023-11-23T03:00:00","4","27.8833333","78.0666666","187.0","ALIGARH, IN","FM-12","99999","V020","999,9,C,0000,1","99999,9,9,N","000500,1,9,9","+0144,1","+0122,1","10164,1",,"0,1,02,1","0,1,02,1",,,,,,"240,M,+0268,1","240,N,+0128,1","9,9,999,9,-001,1","42,1","SYN07442262 31993 00000 10144 20122 40164 74200 333 10268 20128 59001 555 10014=",
"42262099999","2023-11-23T12:00:00","4","27.8833333","78.0666666","187.0","ALIGARH, IN","FM-12","99999","V020","999,9,C,0000,1","99999,9,9,N","001000,1,9,9","+0228,1","+0151,1","10123,1",,"0,1,02,1","0,1,02,1",,,,,,,,"9,9,999,9,+002,1","05,1","SYN05842262 31994 00000 10228 20151 40123 70500 333 10252 58002=",
"42262099999","2023-11-24T03:00:00","4","27.8833333","78.0666666","187.0","ALIGARH, IN","FM-12","99999","V020","999,9,C,0000,1","99999,9,9,N","000500,1,9,9","+0144,1","+0122,1","10182,1",,"4,1,02,1","0,1,02,1",,,,,,"240,M,+0252,1","240,N,+0126,1","9,9,999,9,+018,1","42,1","SYN07442262 31993 00000 10144 20122 40182 74240 333 10252 20126 58018 555 10014=",
"42262099999","2023-11-24T12:00:00","4","27.8833333","78.0666666","187.0","ALIGARH, IN","FM-12","99999","V020","999,9,C,0000,1","99999,9,9,N","001000,1,9,9","+0222,1","+0155,1","10142,1",,"0,1,02,1","0,1,02,1",,,,,,"240,M,+0250,1",,"9,9,999,9,+019,1","05,1","SYN05842262 31994 00000 10222 20155 40142 70500 333 10250 58019=",
"42262099999","2023-11-25T03:00:00","4","27.8833333","78.0666666","187.0","ALIGARH, IN","FM-12","99999","V020","999,9,C,0000,1","22000,1,9,N","000500,1,9,9","+0154,1","+0133,1","10187,1",,"4,1,02,1","0,1,02,1","99,9,+99999,9,00,1",,,"9,AGL   ,+99999,+99999","02,99,1,00,1,99,9,99999,9,99,9,99,9","240,M,+0250,1","240,N,+0130,1","9,9,999,9,+006,1","42,1","SYN08042262 31993 20000 10154 20133 40187 74240 80001 333 10250 20130 58006 555 10014=","Q01    003SCCGA1"
"42262099999","2023-11-25T12:00:00","4","27.8833333","78.0666666","187.0","ALIGARH, IN","FM-12","99999","V020","999,9,C,0000,1","99999,9,9,N","001000,1,9,9","+0226,1","+0156,1","10163,1",,"2,1,02,1","1,1,02,1","99,9,+99999,9,00,1",,,"9,AGL   ,+99999,+99999","07,99,1,00,1,99,9,99999,9,99,9,99,9",,,"9,9,999,9,+020,1","05,1","SYN06442262 31994 70000 10226 20156 40163 70521 80002 333 10264 58020=","Q01    003SCCGA1"
"42262099999","2023-11-26T03:00:00","4","27.8833333","78.0666666","187.0","ALIGARH, IN","FM-12","99999","V020","140,1,N,0010,1","22000,1,9,N","001000,1,9,9","+0152,1","+0130,1","10191,1",,"2,1,02,1","1,1,02,1","99,9,+99999,9,00,1",,,"9,AGL   ,+99999,+99999","03,99,1,00,1,99,9,99999,9,99,9,99,9","240,M,+0264,1","240,N,+0128,1","9,9,999,9,+004,1","10,1","SYN08042262 31994 31402 10152 20130 40191 71021 80001 333 10264 20128 58004 555 10014=","Q01    003SCCGA1"
"42262099999","2023-11-26T12:00:00","4","27.8833333","78.0666666","187.0","ALIGARH, IN","FM-12","99999","V020","140,1,N,0010,1","99999,9,9,N","002000,1,9,9","+0230,1","+0150,1","10158,1",,"0,1,02,1","0,1,02,1","99,9,+99999,9,00,1",,,"9,AGL   ,+99999,+99999","05,99,1,00,1,99,9,99999,9,99,9,99,9",,,"9,9,999,9,-004,1","05,1","SYN06442262 31995 51402 10230 20150 40158 70500 80002 333 10266 59004=","Q01    003SCCGA1"
"42262099999","2023-11-27T03:00:00","4","27.8833333","78.0666666","187.0","ALIGARH, IN","FM-12","99999","V020","999,9,C,0000,1","99999,9,9,N","001000,1,9,9","+0170,1","+0142,1","10169,1",,"2,1,02,1","2,1,02,1","02,1,+01750,1,05,1","99,9,+99999,9,00,1",,"9,AGL   ,+99999,+99999","07,99,1,02,1,99,9,01750,1,99,9,99,9","240,M,+0266,1","240,N,+0162,1","9,9,999,9,-022,1","10,1","SYN08042262 31794 70000 10170 20142 40169 71022 82022 333 10266 20162 59022 555 10014=",
"42262099999","2023-11-27T12:00:00","4","27.8833333","78.0666666","187.0","ALIGARH, IN","FM-12","99999","V020","999,9,C,0000,1","99999,9,9,N","002000,1,9,9","+0218,1","+0137,1","10137,1","09,0000,2,1","2,1,02,1","1,1,02,1","01,1,+99999,9,03,1","99,9,+99999,9,00,1",,"9,AGL   ,+99999,+99999","99,99,9,01,1,99,9,99999,9,99,9,99,9",,,"9,9,999,9,-022,1","60,1","SYN07042262 21795 00000 10218 20137 40137 76021 81032 333 10242 59022 6990/=",
"42262099999","2023-11-28T03:00:00","4","27.8833333","78.0666666","187.0","ALIGARH, IN","FM-12","99999","V020","320,1,N,0010,1","99999,9,9,N","002000,1,9,9","+0170,1","+0160,1","10164,1","24,0040,3,1","6,1,02,1","2,1,02,1","01,1,+00800,1,06,1","99,9,+99999,9,05,1","99,9,+99999,9,00,1","9,AGL   ,+99999,+99999","07,99,1,01,1,99,9,00800,1,99,9,99,9","240,M,+0242,1","240,N,+0158,1","9,9,999,9,-004,1","60,1","SYN09242262 21595 73202 10170 20160 40164 76062 81521 333 10242 20158 59004 6004/ 555 00042 10020=",
"42262099999","2023-11-28T12:00:00","4","27.8833333","78.0666666","187.0","ALIGARH, IN","FM-12","99999","V020","320,1,N,0010,1","99999,9,9,N","001000,1,9,9","+0206,1","+0180,1","10134,1",,"2,1,02,1","1,1,02,1","01,1,+01750,1,05,1","99,9,+99999,9,00,1",,"9,AGL   ,+99999,+99999","05,99,1,01,1,99,9,01750,1,99,9,99,9",,,"9,9,999,9,-003,1","10,1","SYN06442262 31794 53202 10206 20180 40134 71021 81022 333 10226 59003=",
"42262099999","2023-11-29T03:00:00","4","27.8833333","78.0666666","187.0","ALIGARH, IN","FM-12","99999","V020","050,1,N,0010,1","99999,9,9,N","001000,1,9,9","+0180,1","+0163,1","10168,1",,"2,1,02,1","1,1,02,1","02,1,+01750,1,05,1","99,9,+99999,9,00,1",,"9,AGL   ,+99999,+99999","07,99,1,02,1,99,9,01750,1,99,9,99,9","240,M,+0226,1","240,N,+0164,1","9,9,999,9,+006,1","10,1","SYN08042262 31794 70502 10180 20163 40168 71021 82022 333 10226 20164 58006 555 10020=",
"42262099999","2023-11-30T03:00:00","4","27.8833333","78.0666666","187.0","ALIGARH, IN","FM-12","99999","V020","140,1,N,0015,1","99999,9,9,N","001000,1,9,9","+0176,1","+0163,1","10174,1",,"2,1,02,1","1,1,02,1","01,1,+01750,1,05,1","99,9,+99999,9,00,1",,"9,AGL   ,+99999,+99999","05,99,1,01,1,99,9,01750,1,99,9,99,9","240,M,+0244,1","240,N,+0160,1","9,9,999,9,+004,1","10,1","SYN08042262 31794 51403 10176 20163 40174 71021 81022 333 10244 20160 58004 555 10020=",
"42262099999","2023-12-01T03:00:00","4","27.8833333","78.0666666","187.0","ALIGARH, IN","FM-12","99999","V020","050,1,N,0015,1","99999,9,9,N","000500,1,9,9","+0176,1","+0166,1","10185,1",,"4,1,02,1","2,1,02,1",,,,,,"240,M,+0228,1","240,N,+0164,1","9,9,999,9,+011,1","10,1","SYN07442262 31993 00503 10176 20166 40185 71042 333 10228 20164 58011 555 10020=",
"42262099999","2023-12-01T12:00:00","4","27.8833333","78.0666666","187.0","ALIGARH, IN","FM-12","99999","V020","230,1,N,0015,1","99999,9,9,N","002000,1,9,9","+0230,1","+0168,1","10148,1",,"0,1,02,1","0,1,02,1",,,,,,,,"9,9,999,9,-001,1","05,1","SYN05842262 31995 02303 10230 20168 40148 70500 333 10252 59001=",
"42262099999","2023-12-02T03:00:00","4","27.8833333","78.0666666","187.0","ALIGARH, IN","FM-12","99999","V020","999,9,C,0000,1","99999,9,9,N","000200,1,9,9","+0176,1","+0169,1","10189,1",,"4,1,02,1","4,1,02,1",,,,,,"240,M,+0252,1","240,N,+0166,1","9,9,999,9,+004,1","42,1","SYN07442262 31992 00000 10176 20169 40189 74244 333 10252 20166 58004 555 10020=",
"42262099999","2023-12-02T12:00:00","4","27.8833333","78.0666666","187.0","ALIGARH, IN","FM-12","99999","V020","320,1,N,0015,1","99999,9,9,N","002000,1,9,9","+0226,1","+0164,1","10146,1",,"0,1,02,1","0,1,02,1",,,,,,,,"9,9,999,9,-003,1","05,1","SYN05842262 31995 03203 10226 20164 40146 70500 333 10250 59003=",
"42262099999","2023-12-03T03:00:00","4","27.8833333","78.0666666","187.0","ALIGARH, IN","FM-12","99999","V020","320,1,N,0010,1","99999,9,9,N","000500,1,9,9","+0178,1","+0168,1","10192,1",,"0,1,02,1","0,1,02,1",,,,,,"240,M,+0250,1","240,N,+0166,1","9,9,999,9,+003,1","42,1","SYN07442262 31993 03202 10178 20168 40192 74200 333 10250 20166 58003 555 10020=",
"42262099999","2023-12-03T12:00:00","4","27.8833333","78.0666666","187.0","ALIGARH, IN","FM-12","99999","V020","320,1,N,0010,1","99999,9,9,N","001000,1,9,9","+0216,1","+0170,1","10150,1","09,0000,2,1","2,1,02,1","2,1,02,1","02,1,+01750,1,05,1","99,9,+99999,9,00,1",,"9,AGL   ,+99999,+99999","06,99,1,02,1,99,9,01750,1,99,9,99,9",,,"9,9,999,9,+005,1","50,1","SYN07042262 21794 63202 10216 20170 40150 75022 82022 333 10254 58005 6990/=",
"42262099999","2023-12-04T03:00:00","4","27.8833333","78.0666666","187.0","ALIGARH, IN","FM-12","99999","V020","999,9,C,0000,1","99999,9,9,N","001000,1,9,9","+0174,1","+0167,1","10184,1","24,0030,3,1","2,1,02,1","1,1,02,1","02,1,+01750,1,03,1","99,9,+99999,9,00,1",,"9,AGL   ,+99999,+99999","05,99,1,02,1,99,9,01750,1,99,9,99,9","240,M,+0254,1","240,N,+0162,1","9,9,999,9,-008,1","10,1","SYN09242262 21794 50000 10174 20167 40184 71021 82032 333 10254 20162 59008 6003/ 555 00034 10023=",
"42262099999","2023-12-05T12:00:00","4","27.8833333","78.0666666","187.0","ALIGARH, IN","FM-12","99999","V020","320,1,N,0010,1","99999,9,9,N","001000,1,9,9","+0216,1","+0156,1","10134,1",,"0,1,02,1","0,1,02,1",,,,,,,,"9,9,999,9,-005,1","05,1","SYN05842262 31994 03202 10216 20156 40134 70500 333 10252 59005=",
"42262099999","2023-12-06T03:00:00","4","27.8833333","78.0666666","187.0","ALIGARH, IN","FM-12","99999","V020","320,1,N,0010,1","99999,9,9,N","002000,1,9,9","+0138,1","+0116,1","10183,1",,"0,1,02,1","0,1,02,1",,,,,,"240,M,+0250,1","240,N,+0118,1","9,9,999,9,-002,1","10,1","SYN07442262 31995 03202 10138 20116 40183 71000 333 10250 20118 59002 555 10023=",
"42262099999","2023-12-06T12:00:00","4","27.8833333","78.0666666","187.0","ALIGARH, IN","FM-12","99999","V020","320,1,N,0010,1","99999,9,9,N","002000,1,9,9","+0216,1","+0148,1","10134,1",,"0,1,02,1","0,1,02,1",,,,,,,,"9,9,999,9,+000,1","05,1","SYN05842262 31995 03202 10216 20148 40134 70500 333 10254 58000=",
"42262099999","2023-12-07T03:00:00","4","27.8833333","78.0666666","187.0","ALIGARH, IN","FM-12","99999","V020","320,1,N,0010,1","99999,9,9,N","002000,1,9,9","+0148,1","+0119,1","10175,1",,"0,1,02,1","0,1,02,1",,,,,,"240,M,+0254,1","240,N,+0130,1","9,9,999,9,-007,1","10,1","SYN07442262 31995 03202 10148 20119 40175 71000 333 10254 20130 59007 555 10023=",
"42262099999","2023-12-07T12:00:00","4","27.8833333","78.0666666","187.0","ALIGARH, IN","FM-12","99999","V020","320,1,N,0010,1","22000,1,9,N","001000,1,9,9","+0216,1","+0148,1","10136,1",,"2,1,02,1","1,1,02,1","99,9,+99999,9,00,1",,,"9,AGL   ,+99999,+99999","03,99,1,00,1,99,9,99999,9,99,9,99,9",,,"9,9,999,9,+002,1","05,1","SYN06442262 31994 33202 10216 20148 40136 70521 80001 333 10258 58002=","Q01    003SCCGA1"
"42262099999","2023-12-08T03:00:00","4","27.8833333","78.0666666","187.0","ALIGARH, IN","FM-12","99999","V020","320,1,N,0010,1","99999,9,9,N","000500,1,9,9","+0146,1","+0124,1","10173,1",,"4,1,02,1","2,1,02,1",,,,,,"240,M,+0258,1","240,N,+0130,1","9,9,999,9,-002,1","10,1","SYN07442262 31993 03202 10146 20124 40173 71042 333 10258 20130 59002 555 10023=",
"42262099999","2023-12-08T12:00:00","4","27.8833333","78.0666666","187.0","ALIGARH, IN","FM-12","99999","V020","230,1,N,0015,1","99999,9,9,N","002000,1,9,9","+0230,1","+0142,1","10134,1",,"0,1,02,1","0,1,02,1",,,,,,,,"9,9,999,9,+000,1","05,1","SYN05842262 31995 02303 10230 20142 40134 70500 333 10280 58000=",
"42262099999","2023-12-09T03:00:00","4","27.8833333","78.0666666","187.0","ALIGARH, IN","FM-12","99999","V020","320,1,N,0010,1","99999,9,9,N","001000,1,9,9","+0142,1","+0120,1","10180,1",,"0,1,02,1","0,1,02,1",,,,,,"240,M,+0248,1","240,N,+0128,1","9,9,999,9,+007,1","10,1","SYN07442262 31994 03202 10142 20120 40180 71000 333 10248 20128 58007 555 10023=",
"42262099999","2023-12-09T12:00:00","4","27.8833333","78.0666666","187.0","ALIGARH, IN","FM-12","99999","V020","320,1,N,0021,1","99999,9,9,N","002000,1,9,9","+0210,1","+0145,1","10143,1",,"0,1,02,1","0,1,02,1",,,,,,,,"9,9,999,9,+006,1","05,1","SYN05842262 31995 03204 10210 20145 40143 70500 333 10248 58006=",
"42262099999","2023-12-10T03:00:00","4","27.8833333","78.0666666","187.0","ALIGARH, IN","FM-12","99999","V020","320,1,N,0015,1","99999,9,9,N","002000,1,9,9","+0138,1","+0104,1","10163,1",,"0,1,02,1","0,1,02,1",,,,,,"240,M,+0248,1","240,N,+0120,1","9,9,999,9,-018,1","10,1","SYN07442262 31995 03203 10138 20104 40163 71000 333 10248 20120 59018 555 10023=",
"42262099999","2023-12-11T12:00:00","4","27.8833333","78.0666666","187.0","ALIGARH, IN","FM-12","99999","V020","320,1,N,0010,1","99999,9,9,N","002000,1,9,9","+0200,1","+0122,1","10144,1",,"0,1,02,1","0,1,02,1",,,,,,,,"9,9,999,9,-003,1","05,1","SYN05842262 31995 03202 10200 20122 40144 70500 333 10248 59003=",
"42262099999","2023-12-12T03:00:00","4","27.8833333","78.0666666","187.0","ALIGARH, IN","FM-12","99999","V020","320,1,N,0010,1","99999,9,9,N","000500,1,9,9","+0120,1","+0101,1","10167,1",,"4,1,02,1","2,1,02,1",,,,,,"240,M,+0248,1","240,N,+0104,1","9,9,999,9,-007,1","10,1","SYN06442262 31993 03202 10120 20101 40167 71042 333 10248 20104 59007=",
"42262099999","2023-12-13T03:00:00","4","27.8833333","78.0666666","187.0","ALIGARH, IN","FM-12","99999","V020","999,9,C,0000,1","99999,9,9,N","000500,1,9,9","+0130,1","+0107,1","10181,1",,"4,1,02,1","4,1,02,1",,,,,,"240,M,+0230,1","240,N,+0110,1","9,9,999,9,+015,1","42,1","SYN06442262 31993 00000 10130 20107 40181 74244 333 10230 20110 58015=",
"42262099999","2023-12-13T12:00:00","4","27.8833333","78.0666666","187.0","ALIGARH, IN","FM-12","99999","V020","320,1,N,0010,1","99999,9,9,N","002000,1,9,9","+0198,1","+0139,1","10152,1",,"0,1,02,1","0,1,02,1",,,,,,,,"9,9,999,9,+023,1","05,1","SYN05842262 31995 03202 10198 20139 40152 70500 333 10238 58023=",
"42262099999","2023-12-14T03:00:00","4","27.8833333","78.0666666","187.0","ALIGARH, IN","FM-12","99999","V020","999,9,C,0000,1","99999,9,9,N","002000,1,9,9","+0128,1","+0105,1","10184,1",,"0,1,02,1","0,1,02,1",,,,,,"240,M,+0238,1","240,N,+0108,1","9,9,999,9,+002,1","10,1","SYN07442262 31995 00000 10128 20105 40184 71000 333 10238 20108 58002 555 10023=",
"42262099999","2023-12-15T03:00:00","4","27.8833333","78.0666666","187.0","ALIGARH, IN","FM-12","99999","V020","999,9,C,0000,1","99999,9,9,N","001000,1,9,9","+0102,1","+0081,1","10214,1",,"0,1,02,1","0,1,02,1",,,,,,"240,M,+0228,1","240,N,+0090,1","9,9,999,9,+029,1","10,1","SYN07442262 31994 00000 10102 20081 40214 71000 333 10228 20090 58029 555 10023=",
"42262099999","2023-12-15T12:00:00","4","27.8833333","78.0666666","187.0","ALIGARH, IN","FM-12","99999","V020","320,1,N,0010,1","99999,9,9,N","001000,1,9,9","+0202,1","+0144,1","10170,1",,"0,1,02,1","0,1,02,1",,,,,,"240,M,+0244,1",,"9,9,999,9,+009,1","10,1","SYN05842262 31994 03202 10202 20144 40170 71000 333 10244 58009=",
"42262099999","2023-12-16T03:00:00","4","27.8833333","78.0666666","187.0","ALIGARH, IN","FM-12","99999","V020","999,9,C,0000,1","99999,9,9,N","000200,1,9,9","+0112,1","+0088,1","10193,1",,"4,1,02,1","4,1,02,1",,,,,,"240,M,+0244,1","240,N,+0102,1","9,9,999,9,-020,1","42,1","SYN07442262 31992 00000 10112 20088 40193 74244 333 10244 20102 59020 555 10023=",
"42262099999","2023-12-16T12:00:00","4","27.8833333","78.0666666","187.0","ALIGARH, IN","FM-12","99999","V020","320,1,N,0021,1","99999,9,9,N","002000,1,9,9","+0196,1","+0125,1","10150,1",,"0,1,02,1","0,1,02,1",,,,,,,,"9,9,999,9,-021,1","05,1","SYN05842262 31995 03204 10196 20125 40150 70500 333 10224 59021=",
"42262099999","2023-12-17T03:00:00","4","27.8833333","78.0666666","187.0","ALIGARH, IN","FM-12","99999","V020","320,1,N,0010,1","99999,9,9,N","001000,1,9,9","+0108,1","+0079,1","10199,1",,"0,1,02,1","0,1,02,1",,,,,,"240,M,+0224,1","240,N,+0096,1","9,9,999,9,+006,1","10,1","SYN07442262 31994 03202 10108 20079 40199 71000 333 10224 20096 58006 555 10023=",
"42262099999","2023-12-17T12:00:00","4","27.8833333","78.0666666","187.0","ALIGARH, IN","FM-12","99999","V020","320,1,N,0010,1","99999,9,9,N","001000,1,9,9","+0198,1","+0127,1","10157,1",,"0,1,02,1","0,1,02,1",,,,,,,,"9,9,999,9,+007,1","05,1","SYN05842262 31994 03202 10198 20127 40157 70500 333 10226 58007=",
"42262099999","2023-12-18T03:00:00","4","27.8833333","78.0666666","187.0","ALIGARH, IN","FM-12","99999","V020","999,9,C,0000,1","99999,9,9,N","000200,1,9,9","+0114,1","+0081,1","10216,1",,"0,1,02,1","0,1,02,1",,,,,,"240,M,+0226,1","240,N,+0098,1","9,9,999,9,+015,1","42,1","SYN07442262 31992 00000 10114 20081 40216 74200 333 10226 20098 58015 555 10023=",
"42262099999","2023-12-18T12:00:00","4","27.8833333","78.0666666","187.0","ALIGARH, IN","FM-12","99999","V020","320,1,N,0015,1","99999,9,9,N","002000,1,9,9","+0192,1","+0120,1","10179,1",,"0,1,02,1","0,1,02,1",,,,,,,,"9,9,999,9,+021,1","05,1","SYN05842262 31995 03203 10192 20120 40179 70500 333 10230 58021=",
"42262099999","2023-12-19T03:00:00","4","27.8833333","78.0666666","187.0","ALIGARH, IN","FM-12","99999","V020","270,1,N,0021,1","99999,9,9,N","002000,1,9,9","+0112,1","+0084,1","10221,1",,"0,1,02,1","0,1,02,1",,,,,,"240,M,+0230,1","240,N,+0096,1","9,9,999,9,+005,1","10,1","SYN07442262 31995 02704 10112 20084 40221 71000 333 10230 20096 58005 555 10023=",
"42262099999","2023-12-19T12:00:00","4","27.8833333","78.0666666","187.0","ALIGARH, IN","FM-12","99999","V020","320,1,N,0026,1","99999,9,9,N","002000,1,9,9","+0190,1","+0114,1","10182,1",,"0,1,02,1","0,1,02,1",,,,,,,,"9,9,999,9,+003,1","05,1","SYN05842262 31995 03205 10190 20114 40182 70500 333 10226 58003=",
"42262099999","2023-12-20T03:00:00","4","27.8833333","78.0666666","187.0","ALIGARH, IN","FM-12","99999","V020","320,1,N,0010,1","99999,9,9,N","001000,1,9,9","+0106,1","+0077,1","10221,1",,"0,1,02,1","0,1,02,1",,,,,,"240,M,+0226,1","240,N,+0090,1","9,9,999,9,+000,1","10,1","SYN07442262 31994 03202 10106 20077 40221 71000 333 10226 20090 58000 555 10023=",
"42262099999","2023-12-20T12:00:00","4","27.8833333","78.0666666","187.0","ALIGARH, IN","FM-12","99999","V020","320,1,N,0015,1","99999,9,9,N","001000,1,9,9","+0184,1","+0115,1","10169,1",,"2,1,02,1","2,1,02,1","99,9,+99999,9,00,1",,,"9,AGL   ,+99999,+99999","06,99,1,00,1,99,9,99999,9,99,9,99,9",,,"9,9,999,9,-013,1","05,1","SYN06442262 31994 63203 10184 20115 40169 70522 80002 333 10202 59013=","Q01    003SCCGA1"
"42262099999","2023-12-21T03:00:00","4","27.8833333","78.0666666","187.0","ALIGARH, IN","FM-12","99999","V020","320,1,N,0010,1","99999,9,9,N","000200,1,9,9","+0114,1","+0098,1","10193,1",,"4,1,02,1","1,1,02,1","99,9,+99999,9,00,1",,,"9,AGL   ,+99999,+99999","06,99,1,00,1,99,9,99999,9,99,9,99,9","240,M,+0202,1","240,N,+0102,1","9,9,999,9,-026,1","40,1","SYN08042262 31992 63202 10114 20098 40193 74041 80002 333 10202 20102 59026 555 10023=","Q01    003SCCGA1"
"42262099999","2023-12-21T12:00:00","4","27.8833333","78.0666666","187.0","ALIGARH, IN","FM-12","99999","V020","320,1,N,0015,1","99999,9,9,N","001000,1,9,9","+0188,1","+0128,1","10161,1",,"2,1,02,1","1,1,02,1","99,9,+99999,9,00,1",,,"9,AGL   ,+99999,+99999","05,99,1,00,1,99,9,99999,9,99,9,99,9",,,"9,9,999,9,-008,1","05,1","SYN06442262 32994 53203 10188 20128 40161 70521 80002 333 10212 59008=","Q01    003SCCGA1"
"42262099999","2023-12-22T03:00:00","4","27.8833333","78.0666666","187.0","ALIGARH, IN","FM-12","99999","V020","320,1,N,0010,1","22000,1,9,N","000200,1,9,9","+0112,1","+0088,1","10195,1",,"4,1,02,1","4,1,02,1","99,9,+99999,9,00,1",,,"9,AGL   ,+99999,+99999","03,99,1,00,1,99,9,99999,9,99,9,99,9","240,M,+0212,1","240,N,+0096,1","9,9,999,9,+002,1","42,1","SYN08042262 31992 33202 10112 20088 40195 74244 80001 333 10212 20096 58002 555 10023=","Q01    003SCCGA1"
"42262099999","2023-12-22T12:00:00","4","27.8833333","78.0666666","187.0","ALIGARH, IN","FM-12","99999","V020","320,1,N,0010,1","22000,1,9,N","000500,1,9,9","+0192,1","+0128,1","10158,1",,"0,1,02,1","0,1,02,1","99,9,+99999,9,00,1",,,"9,AGL   ,+99999,+99999","04,99,1,00,1,99,9,99999,9,99,9,99,9","240,M,+0224,1",,"9,9,999,9,-003,1","42,1","SYN06442262 31993 43202 10192 20128 40158 74200 80001 333 10224 59003=","Q01    003SCCGA1"
"42262099999","2023-12-23T03:00:00","4","27.8833333","78.0666666","187.0","ALIGARH, IN","FM-12","99999","V020","050,1,N,0010,1","99999,9,9,N","000500,1,9,9","+0138,1","+0116,1","10198,1",,"2,1,02,1","1,1,02,1","01,1,+01750,1,03,1","99,9,+99999,9,00,1",,"9,AGL   ,+99999,+99999","05,99,1,01,1,99,9,01750,1,99,9,99,9","240,M,+0224,1","240,N,+0118,1","9,9,999,9,+004,1","42,1","SYN08042262 31793 50502 10138 20116 40198 74221 81031 333 10224 20118 58004 555 10023=",
"42262099999","2023-12-23T12:00:00","4","27.8833333","78.0666666","187.0","ALIGARH, IN","FM-12","99999","V020","050,1,N,0010,1","99999,9,9,N","000500,1,9,9","+0198,1","+0131,1","10173,1",,"2,1,02,1","1,1,02,1","99,9,+99999,9,00,1",,,"9,AGL   ,+99999,+99999","05,99,1,00,1,99,9,99999,9,99,9,99,9",,,"9,9,999,9,+015,1","42,1","SYN06442262 31993 50502 10198 20131 40173 74221 80001 333 10226 58015=","Q01    003SCCGA1"
"42262099999","2023-12-24T03:00:00","4","27.8833333","78.0666666","187.0","ALIGARH, IN","FM-12","99999","V020","050,1,N,0010,1","99999,9,9,N","000200,1,9,9","+0132,1","+0109,1","10213,1",,"4,1,02,1","4,1,02,1",,,,,,"240,M,+0226,1","240,N,+0110,1","9,9,999,9,+015,1","42,1","SYN07442262 31992 00502 10132 20109 40213 74244 333 10226 20110 58015 555 10023=",
"42262099999","2023-12-24T12:00:00","4","27.8833333","78.0666666","187.0","ALIGARH, IN","FM-12","99999","V020","230,1,N,0010,1","22000,1,9,N","001000,1,9,9","+0202,1","+0132,1","10180,1",,"2,1,02,1","1,1,02,1","99,9,+99999,9,00,1",,,"9,AGL   ,+99999,+99999","02,99,1,00,1,99,9,99999,9,99,9,99,9",,,"9,9,999,9,+008,1","05,1","SYN06442262 31994 22302 10202 20132 40180 70521 80001 333 10230 58008=","Q01    003SCCGA1"
"42262099999","2023-12-26T12:00:00","4","27.8833333","78.0666666","187.0","ALIGARH, IN","FM-12","99999","V020","999,9,C,0000,1","22000,1,9,9","000500,1,9,9","+0192,1","+0136,1","10181,1","99,9999,9,9","4,1,99,9","2,1,99,9","99,9,+08000,1,00,1",,,"9,AGL   ,+99999,+99999","03,99,1,99,9,99,9,08000,1,99,9,99,9",,,"9,9,999,9,+004,1","46,1","SYN004BUFR",
"42262099999","2023-12-27T03:00:00","4","27.8833333","78.0666666","187.0","ALIGARH, IN","FM-12","99999","V020","999,9,C,0000,1","00030,1,W,N","000049,1,9,9","+0118,1","+0110,1","10223,1",,"4,1,02,1","4,1,02,1","09,1,+99999,9,99,9",,,"9,AGL   ,+99999,+99999","09,99,1,09,1,99,9,99999,9,99,9,99,9","240,M,+0222,1","240,N,+0108,1","9,9,999,9,+018,1","43,1","SYN08042262 31/90 90000 10118 20110 40223 74344 89/// 333 10222 20108 58018 555 10023=",
"42262099999","2023-12-27T12:00:00","4","27.8833333","78.0666666","187.0","ALIGARH, IN","FM-12","99999","V020","320,1,N,0010,1","00030,1,W,N","000049,1,9,9","+0158,1","+0146,1","10194,1",,"4,1,02,1","4,1,02,1","09,1,+99999,9,99,9",,,"9,AGL   ,+99999,+99999","09,99,1,09,1,99,9,99999,9,99,9,99,9",,,"9,9,999,9,+010,1","47,1","SYN06442262 31/90 93202 10158 20146 40194 74744 89/// 333 10176 58010=",
"42262099999","2023-12-28T12:00:00","4","27.8833333","78.0666666","187.0","ALIGARH, IN","FM-12","99999","V020","320,1,N,0010,1","99999,9,9,N","000500,1,9,9","+0146,1","+0135,1","10184,1",,"4,1,02,1","4,1,02,1",,,,,,,,"9,9,999,9,-011,1","42,1","SYN05842262 31993 03202 10146 20135 40184 74244 333 10160 59011=",
"42262099999","2023-12-29T03:00:00","4","27.8833333","78.0666666","187.0","ALIGARH, IN","FM-12","99999","V020","140,1,N,0010,1","00060,1,W,N","000200,1,9,9","+0124,1","+0120,1","10219,1",,"4,1,02,1","4,1,02,1","09,1,+99999,9,99,9",,,"9,AGL   ,+99999,+99999","09,99,1,09,1,99,9,99999,9,99,9,99,9","240,M,+0160,1","240,N,+0116,1","9,9,999,9,+014,1","43,1","SYN07042262 31/92 91402 10124 20120 40219 74344 89/// 333 10160 20116 58014=",
"42262099999","2023-12-29T12:00:00","4","27.8833333","78.0666666","187.0","ALIGARH, IN","FM-12","99999","V020","050,1,N,0015,1","99999,9,9,N","000500,1,9,9","+0130,1","+0123,1","10197,1",,"4,1,02,1","4,1,02,1","02,1,+01750,1,05,1","99,9,+99999,9,00,1",,"9,AGL   ,+99999,+99999","05,99,1,02,1,99,9,01750,1,99,9,99,9",,,"9,9,999,9,+012,1","42,1","SYN06442262 31793 50503 10130 20123 40197 74244 82021 333 10138 58012=",
"42262099999","2023-12-30T03:00:00","4","27.8833333","78.0666666","187.0","ALIGARH, IN","FM-12","99999","V020","050,1,N,0010,1","99999,9,9,N","001000,1,9,9","+0112,1","+0092,1","10207,1",,"2,1,02,1","2,1,02,1","03,1,+01750,1,05,1","99,9,+99999,9,00,1",,"9,AGL   ,+99999,+99999","07,99,1,03,1,99,9,01750,1,99,9,99,9","240,M,+0138,1","240,N,+0104,1","9,9,999,9,-013,1","10,1","SYN08042262 31794 70502 10112 20092 40207 71022 83022 333 10138 20104 59013 555 10023=",
"42262099999","2023-12-31T03:00:00","4","27.8833333","78.0666666","187.0","ALIGARH, IN","FM-12","99999","V020","050,1,N,0010,1","99999,9,9,N","002000,1,9,9","+0124,1","+0097,1","10109,1",,"2,1,02,1","2,1,02,1","03,1,+01750,1,05,1","99,9,+99999,9,00,1",,"9,AGL   ,+99999,+99999","07,99,1,03,1,99,9,01750,1,99,9,99,9","240,M,+0162,1","240,N,+0114,1","9,9,999,9,+003,1","10,1","SYN08042262 31795 70502 10124 20097 40109 71022 83022 333 10162 20114 58003 555 10023=",
"42262099999","2023-12-31T12:00:00","4","27.8833333","78.0666666","187.0","ALIGARH, IN","FM-12","99999","V020","050,1,N,0026,1","99999,9,9,N","001000,1,9,9","+0154,1","+0113,1","10159,1",,"0,1,02,1","0,1,02,1","99,9,+99999,9,00,1",,,"9,AGL   ,+99999,+99999","05,99,1,00,1,99,9,99999,9,99,9,99,9",,,"9,9,999,9,-027,1","10,1","SYN06442262 31994 50505 10154 20113 40159 71000 80002 333 10186 59027=","Q01    003SCCGA1"
