"STATION","DATE","SOURCE","LATITUDE","LONGITUDE","ELEVATION","NAME","REPORT_TYPE","CALL_SIGN","QUALITY_CONTROL","WND","CIG","VIS","TMP","DEW","SLP","AA1","AY1","AY2","AZ1","AZ2","GA1","GA2","GA3","GE1","GF1","KA1","MA1","MD1","MW1","REM"
"43060099999","2023-01-01T03:00:00","4","18.9833333","73.2833333","695.0","MATHERAN, IN","FM-12","99999","V020","999,9,C,0000,1","99999,9,9,N","004000,1,9,9","+0200,1","+0109,1","99999,9",,,,,,,,,,,"240,N,+0152,1",,"9,9,999,9,-005,1",,"SYN06843060 32996 00000 10200 20109 4//// 333 20152 59005 555 00000 10000="
"43060099999","2023-01-01T12:00:00","4","18.9833333","73.2833333","695.0","MATHERAN, IN","FM-12","99999","V020","999,9,C,0000,1","99999,9,9,N","004000,1,9,9","+0244,1","+0136,1","99999,9",,,,,,,,,,,,,"9,9,999,9,-003,1",,"SYN05243060 32996 00000 10244 20136 4//// 333 10294 59003="
"43060099999","2023-01-02T03:00:00","4","18.9833333","73.2833333","695.0","MATHERAN, IN","FM-12","99999","V020","999,9,C,0000,1","99999,9,9,N","004000,1,9,9","+0240,1","+0139,1","99999,9",,,,,,,,,,,"240,N,+0182,1",,"9,9,999,9,-003,1",,"SYN06843060 32996 00000 10240 20139 4//// 333 20182 59003 555 00000 10337="
"43060099999","2023-01-02T12:00:00","4","18.9833333","73.2833333","695.0","MATHERAN, IN","FM-12","99999","V020","999,9,C,0000,1","99999,9,9,N","004000,1,9,9","+0256,1","+0158,1","99999,9",,,,,,,,,,,"240,M,+0296,1",,"9,9,999,9,-001,1",,"SYN05243060 32996 00000 10256 20158 4//// 333 10296 59001="
"43060099999","2023-01-03T03:00:00","4","18.9833333","73.2833333","695.0","MATHERAN, IN","FM-12","99999","V020","999,9,C,0000,1","99999,9,9,N","004000,1,9,9","+0218,1","+0119,1","99999,9",,,,,,,,,,,"240,N,+0162,1",,"9,9,999,9,-002,1",,"SYN06843060 32996 00000 10218 20119 4//// 333 20162 59002 555 00000 10337="
"43060099999","2023-01-03T12:00:00","4","18.9833333","73.2833333","695.0","MATHERAN, IN","FM-12","99999","V020","999,9,C,0000,1","99999,9,9,N","004000,1,9,9","+0252,1","+0153,1","99999,9",,,,,,"01,1,+99999,9,00,1",,,"9,AGL   ,+99999,+99999","99,99,9,01,1,99,9,99999,9,99,9,99,9","240,M,+0292,1",,"9,9,999,9,-003,1",,"SYN05843060 32996 00000 10252 20153 4//// 81001 333 10292 59003="
"43060099999","2023-01-04T03:00:00","4","18.9833333","73.2833333","695.0","MATHERAN, IN","FM-12","99999","V020","999,9,C,0000,1","99999,9,9,N","004000,1,9,9","+0214,1","+0110,1","99999,9",,,,,,,,,,,"240,N,+0160,1",,"9,9,999,9,-008,1",,"SYN05243060 32996 00000 10214 20110 4//// 333 20160 59008="
"43060099999","2023-01-05T03:00:00","4","18.9833333","73.2833333","695.0","MATHERAN, IN","FM-12","99999","V020","999,9,C,0000,1","22000,1,9,N","004000,1,9,9","+0218,1","+0127,1","99999,9",,,,,,"02,1,+99999,9,05,1",,,"9,AGL   ,+99999,+99999","02,99,1,02,1,99,9,99999,9,99,9,99,9","240,N,+0164,1",,"9,9,999,9,+002,1",,"SYN06843060 32996 20000 10218 20127 4//// 82020 333 20164 58002 555 10000="
"43060099999","2023-01-05T12:00:00","4","18.9833333","73.2833333","695.0","MATHERAN, IN","FM-12","99999","V020","999,9,C,0000,1","22000,1,9,N","004000,1,9,9","+0244,1","+0136,1","99999,9",,,,,,"02,1,+99999,9,05,1",,,"9,AGL   ,+99999,+99999","02,99,1,02,1,99,9,99999,9,99,9,99,9",,,"9,9,999,9,+006,1",,"SYN05843060 32996 20000 10244 20136 4//// 82020 333 10294 58006="
"43060099999","2023-01-06T03:00:00","4","18.9833333","73.2833333","695.0","MATHERAN, IN","FM-12","99999","V020","999,9,C,0000,1","99999,9,9,N","004000,1,9,9","+0220,1","+0156,1","99999,9",,,,,,,,,,,"240,N,+0180,1",,"9,9,999,9,+006,1",,"SYN06843060 32996 00000 10220 20156 4//// 333 20180 58006 555 00000 10000="
"43060099999","2023-01-06T12:00:00","4","18.9833333","73.2833333","695.0","MATHERAN, IN","FM-12","99999","V020","999,9,C,0000,1","22000,1,9,N","004000,1,9,9","+0250,1","+0155,1","99999,9",,,,,,"02,1,+99999,9,08,1","99,9,+99999,9,05,1",,"9,AGL   ,+99999,+99999","03,99,1,02,1,99,9,99999,9,99,9,99,9","240,M,+0292,1",,"9,9,999,9,+005,1",,"SYN05843060 32996 30000 10250 20155 4//// 82120 333 10292 58005="
"43060099999","2023-01-07T03:00:00","4","18.9833333","73.2833333","695.0","MATHERAN, IN","FM-12","99999","V020","140,1,N,0010,1","22000,1,9,N","002000,1,9,9","+0214,1","+0142,1","99999,9",,,,,,"02,1,+00800,1,05,1",,,"9,AGL   ,+99999,+99999","02,99,1,02,1,99,9,00800,1,99,9,99,9","240,N,+0172,1",,"9,9,999,9,-003,1",,"SYN06843060 32595 21402 10214 20142 4//// 82020 333 20172 59003 555 10000="
"43060099999","2023-01-07T12:00:00","4","18.9833333","73.2833333","695.0","MATHERAN, IN","FM-12","99999","V020","140,1,N,0005,1","22000,1,9,N","002000,1,9,9","+0240,1","+0139,1","99999,9",,,,,,"02,1,+00800,1,08,1","99,9,+99999,9,05,1",,"9,AGL   ,+99999,+99999","03,99,1,02,1,99,9,00800,1,99,9,99,9",,,"9,9,999,9,-003,1",,"SYN05843060 32595 31401 10240 20139 4//// 82120 333 10290 59003="
"43060099999","2023-01-08T03:00:00","4","18.9833333","73.2833333","695.0","MATHERAN, IN","FM-12","99999","V020","140,1,N,0005,1","22000,1,9,N","002000,1,9,9","+0210,1","+0133,1","99999,9",,,,,,"04,1,+00800,1,08,1","99,9,+99999,9,05,1",,"9,AGL   ,+99999,+99999","04,99,1,04,1,99,9,00800,1,99,9,99,9","240,N,+0160,1",,"9,9,999,9,-006,1",,"SYN06843060 32595 41401 10210 20133 4//// 84120 333 20160 59006 555 10000="
"43060099999","2023-01-08T12:00:00","4","18.9833333","73.2833333","695.0","MATHERAN, IN","FM-12","99999","V020","999,9,C,0000,1","99999,9,9,N","004000,1,9,9","+0244,1","+0136,1","99999,9",,,,,,,,,,,"240,M,+0286,1",,"9,9,999,9,-006,1",,"SYN05243060 32996 00000 10244 20136 4//// 333 10286 59006="
"43060099999","2023-01-09T03:00:00","4","18.9833333","73.2833333","695.0","MATHERAN, IN","FM-12","99999","V020","999,9,C,0000,1","99999,9,9,N","004000,1,9,9","+0200,1","+0113,1","99999,9",,,,,,,,,,,"240,N,+0162,1",,"9,9,999,9,+009,1",,"SYN06843060 32996 00000 10200 20113 4//// 333 20162 58009 555 00000 10000="
"43060099999","2023-01-09T12:00:00","4","18.9833333","73.2833333","695.0","MATHERAN, IN","FM-12","99999","V020","999,9,C,0000,1","99999,9,9,N","004000,1,9,9","+0248,1","+0145,1","99999,9",,,,,,,,,,,"240,M,+0290,1",,"9,9,999,9,+006,1",,"SYN05243060 32996 00000 10248 20145 4//// 333 10290 58006="
"43060099999","2023-01-10T03:00:00","4","18.9833333","73.2833333","695.0","MATHERAN, IN","FM-12","99999","V020","140,1,N,0010,1","99999,9,9,N","004000,1,9,9","+0216,1","+0121,1","99999,9",,,,,,,,,,,"240,N,+0170,1",,"9,9,999,9,-001,1",,"SYN06243060 32996 01402 10216 20121 4//// 333 20170 59001 555 10000="
"43060099999","2023-01-10T12:00:00","4","18.9833333","73.2833333","695.0","MATHERAN, IN","FM-12","99999","V020","999,9,C,0000,1","99999,9,9,N","004000,1,9,9","+0246,1","+0138,1","99999,9",,,,,,,,,,,"240,M,+0288,1",,"9,9,999,9,-003,1",,"SYN05243060 32996 00000 10246 20138 4//// 333 10288 59003="
"43060099999","2023-01-11T03:00:00","4","18.9833333","73.2833333","695.0","MATHERAN, IN","FM-12","99999","V020","140,1,N,0005,1","99999,9,9,N","004000,1,9,9","+0200,1","+0101,1","99999,9",,,,,,,,,,,"240,N,+0158,1",,"9,9,999,9,-002,1",,"SYN06843060 32996 01401 10200 20101 4//// 333 20158 59002 555 00000 10000="
"43060099999","2023-01-11T12:00:00","4","18.9833333","73.2833333","695.0","MATHERAN, IN","FM-12","99999","V020","999,9,C,0000,1","99999,9,9,N","004000,1,9,9","+0244,1","+0132,1","99999,9",,,,,,,,,,,"240,M,+0290,1",,"9,9,999,9,-006,1",,"SYN05243060 32996 00000 10244 20132 4//// 333 10290 59006="
"43060099999","2023-01-12T03:00:00","4","18.9833333","73.2833333","695.0","MATHERAN, IN","FM-12","99999","V020","999,9,C,0000,1","99999,9,9,N","004000,1,9,9","+0190,1","+0074,1","99999,9",,,,,,,,,,,"240,N,+0152,1",,"9,9,999,9,-004,1",,"SYN06243060 32996 00000 10190 20074 4//// 333 20152 59004 555 10000="
"43060099999","2023-01-12T12:00:00","4","18.9833333","73.2833333","695.0","MATHERAN, IN","FM-12","99999","V020","999,9,C,0000,1","99999,9,9,N","004000,1,9,9","+0242,1","+0117,1","99999,9",,,,,,,,,,,"240,M,+0284,1",,"9,9,999,9,-009,1",,"SYN05243060 32996 00000 10242 20117 4//// 333 10284 59009="
"43060099999","2023-01-13T03:00:00","4","18.9833333","73.2833333","695.0","MATHERAN, IN","FM-12","99999","V020","999,9,C,0000,1","99999,9,9,N","004000,1,9,9","+0170,1","+0093,1","99999,9",,,,,,,,,,,"240,N,+0140,1",,"9,9,999,9,+002,1",,"SYN06243060 32996 00000 10170 20093 4//// 333 20140 58002 555 10000="
"43060099999","2023-01-13T12:00:00","4","18.9833333","73.2833333","695.0","MATHERAN, IN","FM-12","99999","V020","999,9,C,0000,1","99999,9,9,N","004000,1,9,9","+0238,1","+0144,1","99999,9",,,,,,,,,,,,,"9,9,999,9,+005,1",,"SYN05243060 32996 00000 10238 20144 4//// 333 10280 58005="
"43060099999","2023-01-14T03:00:00","4","18.9833333","73.2833333","695.0","MATHERAN, IN","FM-12","99999","V020","999,9,C,0000,1","99999,9,9,N","004000,1,9,9","+0170,1","+0114,1","99999,9",,,,,,,,,,,"240,N,+0116,1",,"9,9,999,9,+001,1",,"SYN06843060 32996 00000 10170 20114 4//// 333 20116 58001 555 00000 10000="
"43060099999","2023-01-14T12:00:00","4","18.9833333","73.2833333","695.0","MATHERAN, IN","FM-12","99999","V020","999,9,C,0000,1","99999,9,9,N","004000,1,9,9","+0226,1","+0061,1","99999,9",,,,,,,,,,,,,"9,9,999,9,+003,1",,"SYN05243060 32996 00000 10226 20061 4//// 333 10250 58003="
"43060099999","2023-01-15T03:00:00","4","18.9833333","73.2833333","695.0","MATHERAN, IN","FM-12","99999","V020","999,9,C,0000,1","99999,9,9,N","004000,1,9,9","+0190,1","+0121,1","99999,9",,,,,,,,,,,"240,N,+0136,1",,"9,9,999,9,-002,1",,"SYN06243060 32996 00000 10190 20121 4//// 333 20136 59002 555 10000="
"43060099999","2023-01-15T12:00:00","4","18.9833333","73.2833333","695.0","MATHERAN, IN","FM-12","99999","V020","999,9,C,0000,1","99999,9,9,N","004000,1,9,9","+0230,1","+0109,1","99999,9",,,,,,,,,,,,,,,"SYN05243060 32996 00000 10230 20109 ///// 333 10254 59002="
"43060099999","2023-01-16T03:00:00","4","18.9833333","73.2833333","695.0","MATHERAN, IN","FM-12","99999","V020","230,1,N,0010,1","99999,9,9,N","004000,1,9,9","+0202,1","+0124,1","99999,9",,,,,,,,,,,"240,N,+0138,1",,"9,9,999,9,-009,1",,"SYN06243060 32996 02302 10202 20124 4//// 333 20138 59009 555 10000="
"43060099999","2023-01-16T12:00:00","4","18.9833333","73.2833333","695.0","MATHERAN, IN","FM-12","99999","V020","999,9,C,0000,1","99999,9,9,N","004000,1,9,9","+0240,1","+0101,1","99999,9",,,,,,,,,,,,,,,"SYN05243060 32996 00000 10240 20101 ///// 333 10260 58003="
"43060099999","2023-01-17T03:00:00","4","18.9833333","73.2833333","695.0","MATHERAN, IN","FM-12","99999","V020","230,1,N,0005,1","99999,9,9,N","004000,1,9,9","+0200,1","+0092,1","99999,9",,,,,,,,,,,"240,N,+0144,1",,"9,9,999,9,+001,1",,"SYN06843060 32996 02301 10200 20092 4//// 333 20144 58001 555 00000 10000="
"43060099999","2023-01-17T12:00:00","4","18.9833333","73.2833333","695.0","MATHERAN, IN","FM-12","99999","V020","999,9,C,0000,1","99999,9,9,N","004000,1,9,9","+0242,1","+0099,1","99999,9",,,,,,,,,,,"240,M,+0264,1",,"9,9,999,9,+006,1",,"SYN05243060 32996 00000 10242 20099 4//// 333 10264 58006="
"43060099999","2023-01-18T12:00:00","4","18.9833333","73.2833333","695.0","MATHERAN, IN","FM-12","99999","V020","999,9,C,0000,1","99999,9,9,N","004000,1,9,9","+0240,1","+0101,1","99999,9",,,,,,,,,,,,,,,"SYN05243060 32996 00000 10240 20101 ///// 333 10270 58007="
"43060099999","2023-01-19T03:00:00","4","18.9833333","73.2833333","695.0","MATHERAN, IN","FM-12","99999","V020","999,9,C,0000,1","99999,9,9,N","004000,1,9,9","+0198,1","+0065,1","99999,9",,,,,,,,,,,"240,N,+0154,1",,"9,9,999,9,+006,1",,"SYN06843060 32996 00000 10198 20065 4//// 333 20154 58006 555 00000 10000="
"43060099999","2023-01-19T12:00:00","4","18.9833333","73.2833333","695.0","MATHERAN, IN","FM-12","99999","V020","999,9,C,0000,1","99999,9,9,N","004000,1,9,9","+0242,1","+0121,1","99999,9",,,,,,,,,,,"240,M,+0276,1",,"9,9,999,9,+002,1",,"SYN05243060 32996 00000 10242 20121 4//// 333 10276 58002="
"43060099999","2023-01-20T03:00:00","4","18.9833333","73.2833333","695.0","MATHERAN, IN","FM-12","99999","V020","999,9,C,0000,1","99999,9,9,N","004000,1,9,9","+0220,1","+0109,1","99999,9",,,,,,,,,,,"240,N,+0152,1",,"9,9,999,9,-002,1",,"SYN06243060 32996 00000 10220 20109 4//// 333 20152 59002 555 10000="
"43060099999","2023-01-20T12:00:00","4","18.9833333","73.2833333","695.0","MATHERAN, IN","FM-12","99999","V020","999,9,C,0000,1","99999,9,9,N","004000,1,9,9","+0246,1","+0138,1","99999,9",,,,,,,,,,,"240,M,+0286,1",,"9,9,999,9,-001,1",,"SYN05243060 32996 00000 10246 20138 4//// 333 10286 59001="
"43060099999","2023-01-21T03:00:00","4","18.9833333","73.2833333","695.0","MATHERAN, IN","FM-12","99999","V020","999,9,C,0000,1","99999,9,9,N","004000,1,9,9","+0214,1","+0106,1","99999,9",,,,,,,,,,,"240,N,+0150,1",,"9,9,999,9,+002,1",,"SYN06243060 32996 00000 10214 20106 4//// 333 20150 58002 555 10000="
"43060099999","2023-01-21T12:00:00","4","18.9833333","73.2833333","695.0","MATHERAN, IN","FM-12","99999","V020","999,9,C,0000,1","99999,9,9,N","004000,1,9,9","+0240,1","+0101,1","99999,9",,,,,,,,,,,,,,,"SYN05243060 32996 00000 10240 20101 ///// 333 10282 59002="
"43060099999","2023-01-22T03:00:00","4","18.9833333","73.2833333","695.0","MATHERAN, IN","FM-12","99999","V020","999,9,C,0000,1","99999,9,9,N","004000,1,9,9","+0180,1","+0088,1","99999,9",,,,,,,,,,,"240,N,+0138,1",,"9,9,999,9,+008,1",,"SYN06843060 32996 00000 10180 20088 4//// 333 20138 58008 555 00000 10000="
"43060099999","2023-01-22T12:00:00","4","18.9833333","73.2833333","695.0","MATHERAN, IN","FM-12","99999","V020","999,9,C,0000,1","99999,9,9,N","004000,1,9,9","+0248,1","+0145,1","99999,9",,,,,,,,,,,,,"9,9,999,9,-007,1",,"SYN05243060 32996 00000 10248 20145 4//// 333 10292 59007="
"43060099999","2023-01-23T03:00:00","4","18.9833333","73.2833333","695.0","MATHERAN, IN","FM-12","99999","V020","999,9,C,0000,1","99999,9,9,N","004000,1,9,9","+0180,1","+0101,1","99999,9",,,,,,,,,,,"240,N,+0134,1",,"9,9,999,9,-003,1",,"SYN06243060 32996 00000 10180 20101 4//// 333 20134 59003 555 10000="
"43060099999","2023-01-23T12:00:00","4","18.9833333","73.2833333","695.0","MATHERAN, IN","FM-12","99999","V020","999,9,C,0000,1","99999,9,9,N","004000,1,9,9","+0230,1","+0101,1","99999,9",,,,,,,,,,,"240,M,+0264,1",,"9,9,999,9,-004,1",,"SYN05243060 32996 00000 10230 20101 4//// 333 10264 59004="
"43060099999","2023-01-24T12:00:00","4","18.9833333","73.2833333","695.0","MATHERAN, IN","FM-12","99999","V020","999,9,C,0000,1","99999,9,9,N","004000,1,9,9","+0230,1","+0101,1","99999,9",,,,,,,,,,,"240,M,+0260,1",,"9,9,999,9,+002,1",,"SYN05243060 32996 00000 10230 20101 4//// 333 10260 58002="
"43060099999","2023-01-25T03:00:00","4","18.9833333","73.2833333","695.0","MATHERAN, IN","FM-12","99999","V020","050,1,N,0005,1","22000,1,9,N","002000,1,9,9","+0152,1","+0093,1","99999,9",,,,,,"02,1,+00800,1,08,1","99,9,+99999,9,04,1",,"9,AGL   ,+99999,+99999","02,99,1,02,1,99,9,00800,1,99,9,99,9","240,N,+0124,1",,"9,9,999,9,-003,1",,"SYN07443060 32595 20501 10152 20093 4//// 82110 333 20124 59003 555 00000 10000="
"43060099999","2023-01-25T12:00:00","4","18.9833333","73.2833333","695.0","MATHERAN, IN","FM-12","99999","V020","999,9,C,0000,1","99999,9,9,N","004000,1,9,9","+0224,1","+0104,1","99999,9",,,,,,,,,,,"240,M,+0256,1",,"9,9,999,9,+001,1",,"SYN05243060 32996 00000 10224 20104 4//// 333 10256 58001="
"43060099999","2023-01-26T03:00:00","4","18.9833333","73.2833333","695.0","MATHERAN, IN","FM-12","99999","V020","050,1,N,0005,1","22000,1,9,N","002000,1,9,9","+0190,1","+0101,1","99999,9",,,,,,"01,1,+00800,1,08,1",,,"9,AGL   ,+99999,+99999","01,99,1,01,1,99,9,00800,1,99,9,99,9","240,N,+0150,1",,"9,9,999,9,+001,1",,"SYN07443060 32595 10501 10190 20101 4//// 81100 333 20150 58001 555 00000 10000="
"43060099999","2023-01-26T12:00:00","4","18.9833333","73.2833333","695.0","MATHERAN, IN","FM-12","99999","V020","999,9,C,0000,1","99999,9,9,N","004000,1,9,9","+0230,1","+0109,1","99999,9",,,,,,,,,,,"240,M,+0260,1",,"9,9,999,9,+003,1",,"SYN05243060 32996 00000 10230 20109 4//// 333 10260 58003="
"43060099999","2023-01-27T03:00:00","4","18.9833333","73.2833333","695.0","MATHERAN, IN","FM-12","99999","V020","050,1,N,0010,1","22000,1,9,N","002000,1,9,9","+0210,1","+0162,1","99999,9",,,,,,"02,1,+00800,1,08,1",,,"9,AGL   ,+99999,+99999","02,99,1,02,1,99,9,00800,1,99,9,99,9","240,N,+0176,1",,"9,9,999,9,-010,1",,"SYN07443060 32595 20502 10210 20162 4//// 82200 333 20176 59010 555 00000 10000="
"43060099999","2023-01-27T12:00:00","4","18.9833333","73.2833333","695.0","MATHERAN, IN","FM-12","99999","V020","050,1,N,0005,1","22000,1,9,N","002000,1,9,9","+0232,1","+0148,1","99999,9",,,,,,"03,1,+00800,1,08,1",,,"9,AGL   ,+99999,+99999","03,99,1,03,1,99,9,00800,1,99,9,99,9",,,"9,9,999,9,-004,1",,"SYN05843060 32595 30501 10232 20148 4//// 83200 333 10260 59004="
"43060099999","2023-01-28T03:00:00","4","18.9833333","73.2833333","695.0","MATHERAN, IN","FM-12","99999","V020","050,1,N,0005,1","99999,9,9,N","004000,1,9,9","+0220,1","+0118,1","99999,9",,,,,,,,,,,"240,N,+0178,1",,"9,9,999,9,-001,1",,"SYN06843060 32996 00501 10220 20118 4//// 333 20178 59001 555 00000 10000="
"43060099999","2023-01-28T12:00:00","4","18.9833333","73.2833333","695.0","MATHERAN, IN","FM-12","99999","V020","999,9,C,0000,1","99999,9,9,N","004000,1,9,9","+0246,1","+0138,1","99999,9",,,,,,,,,,,"240,M,+0270,1",,"9,9,999,9,+002,1",,"SYN05243060 32996 00000 10246 20138 40/// 333 10270 58002="
"43060099999","2023-01-29T03:00:00","4","18.9833333","73.2833333","695.0","MATHERAN, IN","FM-12","99999","V020","050,1,N,0005,1","99999,9,9,N","004000,1,9,9","+0202,1","+0112,1","99999,9",,,,,,,,,,,"240,N,+0160,1",,"9,9,999,9,-007,1",,"SYN06243060 32996 00501 10202 20112 4//// 333 20160 59007 555 10000="
"43060099999","2023-01-29T12:00:00","4","18.9833333","73.2833333","695.0","MATHERAN, IN","FM-12","99999","V020","050,1,N,0005,1","99999,9,9,N","004000,1,9,9","+0230,1","+0118,1","99999,9",,,,,,,,,,,,,"9,9,999,9,-008,1",,"SYN05243060 32996 00501 10230 20118 4//// 333 10260 59008="
"43060099999","2023-01-30T03:00:00","4","18.9833333","73.2833333","695.0","MATHERAN, IN","FM-12","99999","V020","999,9,C,0000,1","22000,1,9,N","002000,1,9,9","+0180,1","+0129,1","99999,9",,,,,,"01,1,+00800,1,05,1",,,"9,AGL   ,+99999,+99999","01,99,1,01,1,99,9,00800,1,99,9,99,9","240,N,+0154,1",,"9,9,999,9,+018,1",,"SYN06843060 32595 10000 10180 20129 4//// 81020 333 20154 58018 555 10000="
"43060099999","2023-01-30T12:00:00","4","18.9833333","73.2833333","695.0","MATHERAN, IN","FM-12","99999","V020","999,9,C,0000,1","22000,1,9,N","002000,1,9,9","+0230,1","+0130,1","99999,9",,,,,,"02,1,+00800,1,05,1",,,"9,AGL   ,+99999,+99999","02,99,1,02,1,99,9,00800,1,99,9,99,9","240,M,+0260,1",,"9,9,999,9,+014,1",,"SYN05843060 32595 20000 10230 20130 4//// 82020 333 10260 58014="
"43060099999","2023-01-31T03:00:00","4","18.9833333","73.2833333","695.0","MATHERAN, IN","FM-12","99999","V020","050,1,N,0010,1","99999,9,9,N","004000,1,9,9","+0208,1","+0146,1","99999,9",,,,,,,,,,,"240,N,+0184,1",,"9,9,999,9,+002,1",,"SYN06243060 32996 00502 10208 20146 4//// 333 20184 58002 555 10000="
"43060099999","2023-01-31T12:00:00","4","18.9833333","73.2833333","695.0","MATHERAN, IN","FM-12","99999","V020","050,1,N,0005,1","22000,1,9,N","002000,1,9,9","+0234,1","+0147,1","99999,9",,,,,,"02,1,+00800,1,08,1",,,"9,AGL   ,+99999,+99999","02,99,1,02,1,99,9,00800,1,99,9,99,9","240,M,+0268,1",,"9,9,999,9,+001,1",,"SYN05843060 32595 20501 10234 20147 4//// 82200 333 10268 58001="
"43060099999","2023-02-01T03:00:00","4","18.9833333","73.2833333","695.0","MATHERAN, IN","FM-12","99999","V020","050,1,N,0015,1","22000,1,9,N","002000,1,9,9","+0210,1","+0125,1","99999,9",,,,,,"03,1,+00800,1,08,1",,,"9,AGL   ,+99999,+99999","03,99,1,03,1,99,9,00800,1,99,9,99,9","240,N,+0192,1",,"9,9,999,9,-002,1",,"SYN06843060 32595 30503 10210 20125 4//// 83100 333 20192 59002 555 10000="
"43060099999","2023-02-01T12:00:00","4","18.9833333","73.2833333","695.0","MATHERAN, IN","FM-12","99999","V020","050,1,N,0005,1","22000,1,9,N","002000,1,9,9","+0240,1","+0101,1","99999,9",,,,,,"02,1,+00800,1,08,1",,,"9,AGL   ,+99999,+99999","02,99,1,02,1,99,9,00800,1,99,9,99,9","240,M,+0280,1",,"9,9,999,9,+002,1",,"SYN05843060 32595 20501 10240 20101 4//// 82100 333 10280 58002="
"43060099999","2023-02-02T03:00:00","4","18.9833333","73.2833333","695.0","MATHERAN, IN","FM-12","99999","V020","050,1,N,0015,1","99999,9,9,N","004000,1,9,9","+0220,1","+0118,1","99999,9",,,,,,,,,,,"240,N,+0196,1",,"9,9,999,9,+003,1",,"SYN06843060 32996 00503 10220 20118 4//// 333 20196 58003 555 00000 10000="
"43060099999","2023-02-02T12:00:00","4","18.9833333","73.2833333","695.0","MATHERAN, IN","FM-12","99999","V020","360,1,N,0005,1","22000,1,9,N","004000,1,9,9","+0224,1","+0104,1","99999,9",,,,,,"01,1,+00800,1,08,1",,,"9,AGL   ,+99999,+99999","01,99,1,01,1,99,9,00800,1,99,9,99,9",,,"9,9,999,9,+002,1",,"SYN05843060 32596 10001 10224 20104 4//// 81100 333 10290 58002="
"43060099999","2023-02-03T03:00:00","4","18.9833333","73.2833333","695.0","MATHERAN, IN","FM-12","99999","V020","050,1,N,0005,1","99999,9,9,N","004000,1,9,9","+0224,1","+0114,1","99999,9",,,,,,,,,,,"240,N,+0202,1",,"9,9,999,9,+002,1",,"SYN06843060 32996 00501 10224 20114 4//// 333 20202 58002 555 00000 10000="
"43060099999","2023-02-03T12:00:00","4","18.9833333","73.2833333","695.0","MATHERAN, IN","FM-12","99999","V020","999,9,C,0000,1","99999,9,9,N","004000,1,9,9","+0248,1","+0145,1","99999,9",,,,,,,,,,,"240,M,+0294,1",,"9,9,999,9,+003,1",,"SYN05243060 32996 00000 10248 20145 4//// 333 10294 58003="
"43060099999","2023-02-04T03:00:00","4","18.9833333","73.2833333","695.0","MATHERAN, IN","FM-12","99999","V020","999,9,C,0000,1","99999,9,9,N","004000,1,9,9","+0230,1","+0114,1","99999,9",,,,,,,,,,,"240,N,+0190,1",,"9,9,999,9,-008,1",,"SYN06243060 32996 00000 10230 20114 4//// 333 20190 59008 555 10000="
"43060099999","2023-02-04T12:00:00","4","18.9833333","73.2833333","695.0","MATHERAN, IN","FM-12","99999","V020","999,9,C,0000,1","99999,9,9,N","004000,1,9,9","+0250,1","+0135,1","99999,9",,,,,,,,,,,"240,M,+0300,1",,"9,9,999,9,-007,1",,"SYN05243060 32996 00000 10250 20135 4//// 333 10300 59007="
"43060099999","2023-02-05T03:00:00","4","18.9833333","73.2833333","695.0","MATHERAN, IN","FM-12","99999","V020","999,9,C,0000,1","99999,9,9,N","004000,1,9,9","+0234,1","+0147,1","99999,9",,,,,,,,,,,"240,N,+0188,1",,"9,9,999,9,-010,1",,"SYN06243060 32996 00000 10234 20147 4//// 333 20188 59010 555 10000="
"43060099999","2023-02-05T12:00:00","4","18.9833333","73.2833333","695.0","MATHERAN, IN","FM-12","99999","V020","999,9,C,0000,1","99999,9,9,N","004000,1,9,9","+0252,1","+0130,1","99999,9",,,,,,,,,,,"240,M,+0302,1",,"9,9,999,9,-003,1",,"SYN05243060 32996 00000 10252 20130 4//// 333 10302 59003="
"43060099999","2023-02-06T03:00:00","4","18.9833333","73.2833333","695.0","MATHERAN, IN","FM-12","99999","V020","999,9,C,0000,1","99999,9,9,N","004000,1,9,9","+0200,1","+0113,1","99999,9",,,,,,,,,,,"240,N,+0174,1",,"9,9,999,9,-002,1",,"SYN06243060 32996 00000 10200 20113 4//// 333 20174 59002 555 10000="
"43060099999","2023-02-06T12:00:00","4","18.9833333","73.2833333","695.0","MATHERAN, IN","FM-12","99999","V020","999,9,C,0000,1","99999,9,9,N","004000,1,9,9","+0240,1","+0101,1","99999,9",,,,,,,,,,,,,"9,9,999,9,-004,1",,"SYN05243060 32996 00000 10240 20101 4//// 333 10300 59004="
"43060099999","2023-02-07T03:00:00","4","18.9833333","73.2833333","695.0","MATHERAN, IN","FM-12","99999","V020","999,9,C,0000,1","99999,9,9,N","004000,1,9,9","+0206,1","+0108,1","99999,9",,,,,,,,,,,"240,N,+0170,1",,"9,9,999,9,-005,1",,"SYN06243060 32996 00000 10206 20108 4//// 333 20170 59005 555 10000="
"43060099999","2023-02-08T03:00:00","4","18.9833333","73.2833333","695.0","MATHERAN, IN","FM-12","99999","V020","050,1,N,0005,1","99999,9,9,N","004000,1,9,9","+0230,1","+0149,1","99999,9",,,,,,,,,,,"240,N,+0194,1",,"9,9,999,9,+010,1",,"SYN06843060 32996 00501 10230 20149 4//// 333 20194 58010 555 00000 10000="
"43060099999","2023-02-09T03:00:00","4","18.9833333","73.2833333","695.0","MATHERAN, IN","FM-12","99999","V020","999,9,C,0000,1","99999,9,9,N","004000,1,9,9","+0232,1","+0148,1","99999,9",,,,,,,,,,,"240,N,+0210,1",,"9,9,999,9,+001,1",,"SYN06843060 32996 00000 10232 20148 4//// 333 20210 58001 555 00000 10000="
"43060099999","2023-02-09T12:00:00","4","18.9833333","73.2833333","695.0","MATHERAN, IN","FM-12","99999","V020","999,9,C,0000,1","99999,9,9,N","004000,1,9,9","+0252,1","+0134,1","99999,9",,,,,,,,,,,"240,M,+0306,1",,"9,9,999,9,+007,1",,"SYN05243060 32996 00000 10252 20134 4//// 333 10306 58007="
"43060099999","2023-02-10T03:00:00","4","18.9833333","73.2833333","695.0","MATHERAN, IN","FM-12","99999","V020","999,9,C,0000,1","99999,9,9,N","004000,1,9,9","+0230,1","+0109,1","99999,9",,,,,,,,,,,"240,N,+0202,1",,"9,9,999,9,+009,1",,"SYN06243060 32996 00000 10230 20109 4//// 333 20202 58009 555 10000="
"43060099999","2023-02-10T12:00:00","4","18.9833333","73.2833333","695.0","MATHERAN, IN","FM-12","99999","V020","999,9,C,0000,1","99999,9,9,N","004000,1,9,9","+0246,1","+0138,1","99999,9",,,,,,,,,,,,,,,"SYN05243060 32996 00000 10246 20138 ///// 333 10310 58002="
"43060099999","2023-02-11T03:00:00","4","18.9833333","73.2833333","695.0","MATHERAN, IN","FM-12","99999","V020","999,9,C,0000,1","99999,9,9,N","004000,1,9,9","+0226,1","+0133,1","99999,9",,,,,,,,,,,"240,N,+0216,1",,"9,9,999,9,+003,1",,"SYN06843060 32996 00000 10226 20133 4//// 333 20216 58003 555 00000 10000="
"43060099999","2023-02-11T12:00:00","4","18.9833333","73.2833333","695.0","MATHERAN, IN","FM-12","99999","V020","999,9,C,0000,1","99999,9,9,N","004000,1,9,9","+0256,1","+0127,1","99999,9",,,,,,,,,,,,,"9,9,999,9,+005,1",,"SYN05243060 32996 00000 10256 20127 4//// 333 10316 58005="
"43060099999","2023-02-12T03:00:00","4","18.9833333","73.2833333","695.0","MATHERAN, IN","FM-12","99999","V020","999,9,C,0000,1","99999,9,9,N","004000,1,9,9","+0240,1","+0123,1","99999,9",,,,,,,,,,,"240,N,+0202,1",,"9,9,999,9,+002,1",,"SYN06843060 32996 00000 10240 20123 4//// 333 20202 58002 555 00000 10000="
"43060099999","2023-02-12T12:00:00","4","18.9833333","73.2833333","695.0","MATHERAN, IN","FM-12","99999","V020","999,9,C,0000,1","99999,9,9,N","004000,1,9,9","+0264,1","+0112,1","99999,9",,,,,,,,,,,"240,M,+0318,1",,"9,9,999,9,+004,1",,"SYN05243060 32996 00000 10264 20112 4//// 333 10318 58004="
"43060099999","2023-02-13T03:00:00","4","18.9833333","73.2833333","695.0","MATHERAN, IN","FM-12","99999","V020","140,1,N,0010,1","99999,9,9,N","004000,1,9,9","+0230,1","+0087,1","99999,9",,,,,,,,,,,"240,N,+0202,1",,"9,9,999,9,+004,1",,"SYN06243060 32996 01402 10230 20087 4//// 333 20202 58004 555 10000="
"43060099999","2023-02-13T12:00:00","4","18.9833333","73.2833333","695.0","MATHERAN, IN","FM-12","99999","V020","140,1,N,0010,1","99999,9,9,N","004000,1,9,9","+0264,1","+0125,1","99999,9",,,,,,,,,,,"240,M,+0314,1",,"9,9,999,9,-004,1",,"SYN04643060 32996 01402 10264 20125 333 10314 59004="
"43060099999","2023-02-14T03:00:00","4","18.9833333","73.2833333","695.0","MATHERAN, IN","FM-12","99999","V020","140,1,N,0010,1","99999,9,9,N","004000,1,9,9","+0240,1","+0101,1","99999,9",,,,,,,,,,,"240,N,+0206,1",,"9,9,999,9,+002,1",,"SYN06243060 32996 01402 10240 20101 4//// 333 20206 58002 555 10000="
"43060099999","2023-02-14T12:00:00","4","18.9833333","73.2833333","695.0","MATHERAN, IN","FM-12","99999","V020","999,9,C,0000,1","99999,9,9,N","004000,1,9,9","+0266,1","+0124,1","99999,9",,,,,,,,,,,,,"9,9,999,9,-004,1",,"SYN05243060 32996 00000 10266 20124 4//// 333 10324 59004="
"43060099999","2023-02-15T03:00:00","4","18.9833333","73.2833333","695.0","MATHERAN, IN","FM-12","99999","V020","140,1,N,0005,1","99999,9,9,N","004000,1,9,9","+0238,1","+0103,1","99999,9",,,,,,,,,,,"240,N,+0204,1",,"9,9,999,9,-007,1",,"SYN06243060 32996 01401 10238 20103 4//// 333 20204 59007 555 10000="
"43060099999","2023-02-16T03:00:00","4","18.9833333","73.2833333","695.0","MATHERAN, IN","FM-12","99999","V020","140,1,N,0010,1","99999,9,9,N","004000,1,9,9","+0250,1","+0135,1","99999,9",,,,,,,,,,,"240,N,+0218,1",,"9,9,999,9,-010,1",,"SYN06243060 32996 01402 10250 20135 4//// 333 20218 59010 555 10000="
"43060099999","2023-02-16T12:00:00","4","18.9833333","73.2833333","695.0","MATHERAN, IN","FM-12","99999","V020","999,9,C,0000,1","99999,9,9,N","004000,1,9,9","+0270,1","+0116,1","99999,9",,,,,,,,,,,,,"9,9,999,9,-005,1",,"SYN05243060 32996 00000 10270 20116 4//// 333 10334 59005="
"43060099999","2023-02-17T03:00:00","4","18.9833333","73.2833333","695.0","MATHERAN, IN","FM-12","99999","V020","050,1,N,0010,1","99999,9,9,N","004000,1,9,9","+0250,1","+0077,1","99999,9",,,,,,,,,,,"240,N,+0220,1",,"9,9,999,9,+001,1",,"SYN06243060 32996 00502 10250 20077 4//// 333 20220 58001 555 10000="
"43060099999","2023-02-17T12:00:00","4","18.9833333","73.2833333","695.0","MATHERAN, IN","FM-12","99999","V020","999,9,C,0000,1","99999,9,9,N","004000,1,9,9","+0268,1","+0099,1","99999,9",,,,,,,,,,,"240,M,+0340,1",,"9,9,999,9,+001,1",,"SYN05243060 32996 00000 10268 20099 4//// 333 10340 58001="
"43060099999","2023-02-18T03:00:00","4","18.9833333","73.2833333","695.0","MATHERAN, IN","FM-12","99999","V020","050,1,N,0005,1","99999,9,9,N","004000,1,9,9","+0240,1","+0077,1","99999,9",,,,,,,,,,,"240,N,+0208,1",,"9,9,999,9,-005,1",,"SYN05243060 32996 00501 10240 20077 4//// 333 20208 59005="
"43060099999","2023-02-18T12:00:00","4","18.9833333","73.2833333","695.0","MATHERAN, IN","FM-12","99999","V020","999,9,C,0000,1","99999,9,9,N","004000,1,9,9","+0272,1","+0119,1","99999,9",,,,,,,,,,,"240,M,+0340,1",,"9,9,999,9,-002,1",,"SYN05243060 32996 00000 10272 20119 4//// 333 10340 59002="
"43060099999","2023-02-19T03:00:00","4","18.9833333","73.2833333","695.0","MATHERAN, IN","FM-12","99999","V020","050,1,N,0005,1","99999,9,9,N","004000,1,9,9","+0242,1","+0099,1","99999,9",,,,,,,,,,,"240,N,+0210,1",,"9,9,999,9,+004,1",,"SYN06843060 32996 00501 10242 20099 4//// 333 20210 58004 555 00000 10000="
"43060099999","2023-02-19T12:00:00","4","18.9833333","73.2833333","695.0","MATHERAN, IN","FM-12","99999","V020","999,9,C,0000,1","99999,9,9,N","004000,1,9,9","+0270,1","+0120,1","99999,9",,,,,,,,,,,"240,M,+0342,1",,"9,9,999,9,+001,1",,"SYN05243060 32996 00000 10270 20120 4//// 333 10342 58001="
"43060099999","2023-02-20T03:00:00","4","18.9833333","73.2833333","695.0","MATHERAN, IN","FM-12","99999","V020","050,1,N,0005,1","99999,9,9,N","004000,1,9,9","+0250,1","+0067,1","99999,9",,,,,,,,,,,"240,N,+0208,1",,"9,9,999,9,+006,1",,"SYN06843060 32996 00501 10250 20067 4//// 333 20208 58006 555 00000 10000="
"43060099999","2023-02-20T12:00:00","4","18.9833333","73.2833333","695.0","MATHERAN, IN","FM-12","99999","V020","050,1,N,0005,1","99999,9,9,N","004000,1,9,9","+0270,1","+0098,1","99999,9",,,,,,,,,,,"240,M,+0344,1",,"9,9,999,9,+001,1",,"SYN05243060 32996 00501 10270 20098 4//// 333 10344 58001="
"43060099999","2023-02-21T03:00:00","4","18.9833333","73.2833333","695.0","MATHERAN, IN","FM-12","99999","V020","999,9,C,0000,1","99999,9,9,N","004000,1,9,9","+0230,1","+0130,1","99999,9",,,,,,,,,,,"240,N,+0210,1",,"9,9,999,9,+004,1",,"SYN06843060 32996 00000 10230 20130 4//// 333 20210 58004 555 00000 10000="
"43060099999","2023-02-21T12:00:00","4","18.9833333","73.2833333","695.0","MATHERAN, IN","FM-12","99999","V020","999,9,C,0000,1","99999,9,9,N","004000,1,9,9","+0264,1","+0125,1","99999,9",,,,,,,,,,,"240,M,+0336,1",,"9,9,999,9,+002,1",,"SYN05243060 32996 00000 10264 20125 4//// 333 10336 58002="
"43060099999","2023-02-22T03:00:00","4","18.9833333","73.2833333","695.0","MATHERAN, IN","FM-12","99999","V020","999,9,C,0000,1","22000,1,9,N","004000,1,9,9","+0240,1","+0161,1","99999,9",,,,,,"03,1,+01250,1,02,1",,,"9,AGL   ,+99999,+99999","03,99,1,03,1,99,9,01250,1,99,9,99,9","240,N,+0204,1",,"9,9,999,9,-010,1",,"SYN07443060 32696 30000 10240 20161 4//// 83006 333 20204 59010 555 00000 10000="
"43060099999","2023-02-22T12:00:00","4","18.9833333","73.2833333","695.0","MATHERAN, IN","FM-12","99999","V020","999,9,C,0000,1","99999,9,9,N","004000,1,9,9","+0272,1","+0155,1","99999,9",,,,,,,,,,,,,"9,9,999,9,-007,1",,"SYN05243060 32996 00000 10272 20155 4//// 333 10340 59007="
"43060099999","2023-02-23T03:00:00","4","18.9833333","73.2833333","695.0","MATHERAN, IN","FM-12","99999","V020","999,9,C,0000,1","99999,9,9,N","004000,1,9,9","+0244,1","+0097,1","99999,9",,,,,,,,,,,"240,N,+0218,1",,"9,9,999,9,-004,1",,"SYN06243060 32996 00000 10244 20097 4//// 333 20218 59004 555 10000="
"43060099999","2023-02-23T12:00:00","4","18.9833333","73.2833333","695.0","MATHERAN, IN","FM-12","99999","V020","999,9,C,0000,1","99999,9,9,N","004000,1,9,9","+0270,1","+0125,1","99999,9",,,,,,,,,,,"240,M,+0336,1",,"9,9,999,9,-002,1",,"SYN05243060 32996 00000 10270 20125 4//// 333 10336 59002="
"43060099999","2023-02-24T03:00:00","4","18.9833333","73.2833333","695.0","MATHERAN, IN","FM-12","99999","V020","999,9,C,0000,1","99999,9,9,N","004000,1,9,9","+0254,1","+0120,1","99999,9",,,,,,,,,,,"240,N,+0230,1",,"9,9,999,9,+010,1",,"SYN06243060 32996 00000 10254 20120 4//// 333 20230 58010 555 10000="
"43060099999","2023-02-24T12:00:00","4","18.9833333","73.2833333","695.0","MATHERAN, IN","FM-12","99999","V020","999,9,C,0000,1","99999,9,9,N","004000,1,9,9","+0274,1","+0117,1","99999,9",,,,,,,,,,,,,"9,9,999,9,+006,1",,"SYN05243060 32996 00000 10274 20117 4//// 333 10350 58006="
"43060099999","2023-02-25T03:00:00","4","18.9833333","73.2833333","695.0","MATHERAN, IN","FM-12","99999","V020","999,9,C,0000,1","22000,1,9,N","004000,1,9,9","+0252,1","+0134,1","99999,9",,,,,,"01,1,+99999,9,00,1",,,"9,AGL   ,+99999,+99999","01,99,1,01,1,99,9,99999,9,99,9,99,9","240,N,+0226,1",,"9,9,999,9,+020,1",,"SYN06843060 32996 10000 10252 20134 4//// 81001 333 20226 58020 555 10000="
"43060099999","2023-02-25T12:00:00","4","18.9833333","73.2833333","695.0","MATHERAN, IN","FM-12","99999","V020","999,9,C,0000,1","99999,9,9,N","004000,1,9,9","+0264,1","+0116,1","99999,9",,,,,,,,,,,"240,M,+0346,1",,"9,9,999,9,+012,1",,"SYN05243060 32996 00000 10264 20116 4//// 333 10346 58012="
"43060099999","2023-02-26T03:00:00","4","18.9833333","73.2833333","695.0","MATHERAN, IN","FM-12","99999","V020","050,1,N,0005,1","99999,9,9,N","004000,1,9,9","+0256,1","+0139,1","99999,9",,,,,,,,,,,"240,N,+0228,1",,"9,9,999,9,+002,1",,"SYN06843060 32996 00501 10256 20139 4//// 333 20228 58002 555 00000 10000="
"43060099999","2023-02-26T12:00:00","4","18.9833333","73.2833333","695.0","MATHERAN, IN","FM-12","99999","V020","999,9,C,0000,1","99999,9,9,N","004000,1,9,9","+0272,1","+0132,1","99999,9",,,,,,,,,,,,,"9,9,999,9,+004,1",,"SYN05243060 32996 00000 10272 20132 4//// 333 10350 58004="
"43060099999","2023-02-27T03:00:00","4","18.9833333","73.2833333","695.0","MATHERAN, IN","FM-12","99999","V020","050,1,N,0005,1","99999,9,9,N","004000,1,9,9","+0248,1","+0156,1","99999,9",,,,,,,,,,,"240,N,+0226,1",,"9,9,999,9,+002,1",,"SYN06843060 32996 00501 10248 20156 4//// 333 20226 58002 555 00000 10000="
"43060099999","2023-02-27T12:00:00","4","18.9833333","73.2833333","695.0","MATHERAN, IN","FM-12","99999","V020","999,9,C,0000,1","99999,9,9,N","004000,1,9,9","+0268,1","+0122,1","99999,9",,,,,,,,,,,"240,M,+0352,1",,"9,9,999,9,-002,1",,"SYN05243060 32996 00000 10268 20122 4//// 333 10352 59002="
"43060099999","2023-02-28T03:00:00","4","18.9833333","73.2833333","695.0","MATHERAN, IN","FM-12","99999","V020","999,9,C,0000,1","99999,9,9,N","004000,1,9,9","+0226,1","+0152,1","99999,9",,,,,,,,,,,"240,N,+0202,1",,"9,9,999,9,-001,1",,"SYN06843060 32996 00000 10226 20152 4//// 333 20202 59001 555 00000 10000="
"43060099999","2023-02-28T12:00:00","4","18.9833333","73.2833333","695.0","MATHERAN, IN","FM-12","99999","V020","999,9,C,0000,1","99999,9,9,N","004000,1,9,9","+0264,1","+0125,1","99999,9",,,,,,,,,,,"240,M,+0340,1",,"9,9,999,9,+001,1",,"SYN05243060 32996 00000 10264 20125 4//// 333 10340 58001="
"43060099999","2023-03-01T03:00:00","4","18.9833333","73.2833333","695.0","MATHERAN, IN","FM-12","99999","V020","999,9,C,0000,1","99999,9,9,N","004000,1,9,9","+0230,1","+0087,1","99999,9",,,,,,,,,,,"240,N,+0206,1",,"9,9,999,9,+002,1",,"SYN06843060 32996 00000 10230 20087 4//// 333 20206 58002 555 00000 10000="
"43060099999","2023-03-01T12:00:00","4","18.9833333","73.2833333","695.0","MATHERAN, IN","FM-12","99999","V020","999,9,C,0000,1","99999,9,9,N","004000,1,9,9","+0268,1","+0135,1","99999,9",,,,,,,,,,,"240,M,+0336,1",,"9,9,999,9,+003,1",,"SYN05243060 32996 00000 10268 20135 4//// 333 10336 58003="
"43060099999","2023-03-02T03:00:00","4","18.9833333","73.2833333","695.0","MATHERAN, IN","FM-12","99999","V020","999,9,C,0000,1","99999,9,9,N","004000,1,9,9","+0250,1","+0162,1","99999,9",,,,,,,,,,,"240,N,+0208,1",,"9,9,999,9,+006,1",,"SYN06843060 32996 00000 10250 20162 4//// 333 20208 58006 555 00000 10000="
"43060099999","2023-03-02T12:00:00","4","18.9833333","73.2833333","695.0","MATHERAN, IN","FM-12","99999","V020","999,9,C,0000,1","99999,9,9,N","004000,1,9,9","+0264,1","+0125,1","99999,9",,,,,,,,,,,,,"9,9,999,9,+002,1",,"SYN05243060 32996 00000 10264 20125 4//// 333 10330 58002="
"43060099999","2023-03-03T12:00:00","4","18.9833333","73.2833333","695.0","MATHERAN, IN","FM-12","99999","V020","999,9,C,0000,1","99999,9,9,N","004000,1,9,9","+0264,1","+0125,1","99999,9",,,,,,,,,,,"240,M,+0332,1",,"9,9,999,9,+002,1",,"SYN05243060 32996 00000 10264 20125 4//// 333 10332 58002="
"43060099999","2023-03-04T03:00:00","4","18.9833333","73.2833333","695.0","MATHERAN, IN","FM-12","99999","V020","230,1,N,0005,1","99999,9,9,N","004000,1,9,9","+0250,1","+0173,1","99999,9",,,,,,,,,,,"240,N,+0226,1",,"9,9,999,9,+001,1",,"SYN06243060 32996 02301 10250 20173 4//// 333 20226 58001 555 10000="
"43060099999","2023-03-04T12:00:00","4","18.9833333","73.2833333","695.0","MATHERAN, IN","FM-12","99999","V020","140,1,N,0005,1","99999,9,9,N","004000,1,9,9","+0266,1","+0124,1","99999,9",,,,,,,,,,,"240,M,+0328,1",,"9,9,999,9,-001,1",,"SYN05243060 32996 01401 10266 20124 4//// 333 10328 59001="
"43060099999","2023-03-05T03:00:00","4","18.9833333","73.2833333","695.0","MATHERAN, IN","FM-12","99999","V020","140,1,N,0005,1","22000,1,9,N","002000,1,9,9","+0234,1","+0147,1","99999,9",,,,,,"02,1,+00800,1,08,1",,,"9,AGL   ,+99999,+99999","02,99,1,02,1,99,9,00800,1,99,9,99,9","240,N,+0216,1",,"9,9,999,9,-004,1",,"SYN06843060 32595 21401 10234 20147 4//// 82200 333 20216 59004 555 10000="
"43060099999","2023-03-05T12:00:00","4","18.9833333","73.2833333","695.0","MATHERAN, IN","FM-12","99999","V020","140,1,N,0005,1","22000,1,9,N","002000,1,9,9","+0260,1","+0128,1","99999,9",,,,,,"01,1,+00800,1,08,1",,,"9,AGL   ,+99999,+99999","01,99,1,01,1,99,9,00800,1,99,9,99,9","240,M,+0330,1",,"9,9,999,9,-003,1",,"SYN05843060 32595 11401 10260 20128 4//// 81200 333 10330 59003="
"43060099999","2023-03-06T03:00:00","4","18.9833333","73.2833333","695.0","MATHERAN, IN","FM-12","99999","V020","140,1,N,0015,1","22000,1,9,N","002000,1,9,9","+0240,1","+0154,1","99999,9",,,,,,"04,1,+00800,1,08,1","99,9,+99999,9,03,1",,"9,AGL   ,+99999,+99999","04,99,1,04,1,99,9,00800,1,99,9,99,9","240,N,+0220,1",,"9,9,999,9,-008,1",,"SYN06843060 32595 41403 10240 20154 4//// 84230 333 20220 59008 555 10000="
"43060099999","2023-03-06T12:00:00","4","18.9833333","73.2833333","695.0","MATHERAN, IN","FM-12","99999","V020","140,1,N,0010,1","99999,9,9,N","002000,1,9,9","+0250,1","+0206,1","99999,9","09,0002,3,1","2,1,02,1","2,1,02,1",,,"08,1,+00800,1,08,1",,,"9,AGL   ,+99999,+99999","08,99,1,08,1,99,9,00800,1,99,9,99,9","240,M,+0330,1",,"9,9,999,9,-014,1","21,1","SYN07043060 21595 81402 10250 20206 4//// 72122 88200 333 10330 59014 6992/="
"43060099999","2023-03-07T03:00:00","4","18.9833333","73.2833333","695.0","MATHERAN, IN","FM-12","99999","V020","140,1,N,0026,1","99999,9,9,N","002000,1,9,9","+0236,1","+0145,1","99999,9","24,0006,3,1","2,1,02,1","2,1,02,1",,,"06,1,+00800,1,08,1",,,"9,AGL   ,+99999,+99999","06,99,1,06,1,99,9,00800,1,99,9,99,9","240,N,+0182,1",,"9,9,999,9,-010,1","20,1","SYN08643060 21595 61405 10236 20145 4//// 72022 86200 333 20182 59010 6996/ 555 00006 10000="
"43060099999","2023-03-07T12:00:00","4","18.9833333","73.2833333","695.0","MATHERAN, IN","FM-12","99999","V020","140,1,N,0010,1","99999,9,9,N","002000,1,9,9","+0240,1","+0146,1","99999,9",,,,,,"07,1,+00800,1,08,1",,,"9,AGL   ,+99999,+99999","07,99,1,07,1,99,9,00800,1,99,9,99,9","240,M,+0302,1",,"9,9,999,9,+006,1",,"SYN05843060 32595 71402 10240 20146 4//// 87800 333 10302 58006="
"43060099999","2023-03-08T03:00:00","4","18.9833333","73.2833333","695.0","MATHERAN, IN","FM-12","99999","V020","140,1,N,0005,1","99999,9,9,N","004000,1,9,9","+0242,1","+0141,1","99999,9",,,,,,,,,,,"240,N,+0204,1",,"9,9,999,9,-009,1",,"SYN06843060 32996 01401 10242 20141 4//// 333 20204 59009 555 00000 10001="
"43060099999","2023-03-08T12:00:00","4","18.9833333","73.2833333","695.0","MATHERAN, IN","FM-12","99999","V020","140,1,N,0005,1","99999,9,9,N","004000,1,9,9","+0250,1","+0135,1","99999,9",,,,,,,,,,,"240,M,+0310,1",,"9,9,999,9,-004,1",,"SYN05243060 32996 01401 10250 20135 4//// 333 10310 59004="
"43060099999","2023-03-09T03:00:00","4","18.9833333","73.2833333","695.0","MATHERAN, IN","FM-12","99999","V020","140,1,N,0005,1","22000,1,9,N","002000,1,9,9","+0250,1","+0173,1","99999,9",,,,,,"03,1,+00800,1,08,1",,,"9,AGL   ,+99999,+99999","03,99,1,03,1,99,9,00800,1,99,9,99,9","240,N,+0212,1",,"9,9,999,9,+004,1",,"SYN07443060 32595 31401 10250 20173 4//// 83200 333 20212 58004 555 00000 10001="
"43060099999","2023-03-09T12:00:00","4","18.9833333","73.2833333","695.0","MATHERAN, IN","FM-12","99999","V020","999,9,C,0000,1","22000,1,9,N","002000,1,9,9","+0262,1","+0166,1","99999,9",,,,,,"04,1,+00800,1,08,1",,,"9,AGL   ,+99999,+99999","04,99,1,04,1,99,9,00800,1,99,9,99,9","240,M,+0326,1",,"9,9,999,9,-005,1",,"SYN05843060 32595 40000 10262 20166 4//// 84200 333 10326 59005="
"43060099999","2023-03-10T03:00:00","4","18.9833333","73.2833333","695.0","MATHERAN, IN","FM-12","99999","V020","140,1,N,0015,1","22000,1,9,N","002000,1,9,9","+0250,1","+0106,1","99999,9",,,,,,"03,1,+00800,1,08,1",,,"9,AGL   ,+99999,+99999","03,99,1,03,1,99,9,00800,1,99,9,99,9","240,N,+0226,1",,"9,9,999,9,-006,1",,"SYN06843060 32595 31403 10250 20106 4//// 83200 333 20226 59006 555 10001="
"43060099999","2023-03-10T12:00:00","4","18.9833333","73.2833333","695.0","MATHERAN, IN","FM-12","99999","V020","140,1,N,0005,1","22000,1,9,N","002000,1,9,9","+0264,1","+0125,1","99999,9",,,,,,"03,1,+00800,1,08,1",,,"9,AGL   ,+99999,+99999","03,99,1,03,1,99,9,00800,1,99,9,99,9","240,M,+0328,1",,"9,9,999,9,-004,1",,"SYN05843060 32595 31401 10264 20125 4//// 83200 333 10328 59004="
"43060099999","2023-03-11T03:00:00","4","18.9833333","73.2833333","695.0","MATHERAN, IN","FM-12","99999","V020","140,1,N,0010,1","22000,1,9,N","002000,1,9,9","+0260,1","+0132,1","99999,9",,,,,,"01,1,+00800,1,08,1",,,"9,AGL   ,+99999,+99999","01,99,1,01,1,99,9,00800,1,99,9,99,9","240,N,+0232,1",,"9,9,999,9,-006,1",,"SYN06843060 32595 11402 10260 20132 4//// 81200 333 20232 59006 555 10001="
"43060099999","2023-03-11T12:00:00","4","18.9833333","73.2833333","695.0","MATHERAN, IN","FM-12","99999","V020","140,1,N,0005,1","22000,1,9,N","002000,1,9,9","+0260,1","+0128,1","99999,9",,,,,,"01,1,+00800,1,08,1",,,"9,AGL   ,+99999,+99999","01,99,1,01,1,99,9,00800,1,99,9,99,9","240,M,+0330,1",,"9,9,999,9,+003,1",,"SYN05843060 32595 11401 10260 20128 4//// 81200 333 10330 58003="
"43060099999","2023-03-12T03:00:00","4","18.9833333","73.2833333","695.0","MATHERAN, IN","FM-12","99999","V020","140,1,N,0005,1","22000,1,9,N","002000,1,9,9","+0260,1","+0144,1","99999,9",,,,,,"01,1,+00800,1,08,1",,,"9,AGL   ,+99999,+99999","01,99,1,01,1,99,9,00800,1,99,9,99,9","240,N,+0234,1",,"9,9,999,9,+000,1",,"SYN06843060 32595 11401 10260 20144 4//// 81200 333 20234 58000 555 10001="
"43060099999","2023-03-12T12:00:00","4","18.9833333","73.2833333","695.0","MATHERAN, IN","FM-12","99999","V020","140,1,N,0005,1","22000,1,9,N","002000,1,9,9","+0260,1","+0128,1","99999,9",,,,,,"03,1,+00800,1,08,1",,,"9,AGL   ,+99999,+99999","03,99,1,03,1,99,9,00800,1,99,9,99,9","240,M,+0334,1",,"9,9,999,9,-003,1",,"SYN05843060 32595 31401 10260 20128 4//// 83200 333 10334 59003="
"43060099999","2023-03-13T03:00:00","4","18.9833333","73.2833333","695.0","MATHERAN, IN","FM-12","99999","V020","140,1,N,0005,1","22000,1,9,N","002000,1,9,9","+0256,1","+0155,1","99999,9",,,,,,"03,1,+00800,1,08,1",,,"9,AGL   ,+99999,+99999","03,99,1,03,1,99,9,00800,1,99,9,99,9","240,N,+0230,1",,"9,9,999,9,-003,1",,"SYN06843060 32595 31401 10256 20155 4//// 83200 333 20230 59003 555 10001="
"43060099999","2023-03-13T12:00:00","4","18.9833333","73.2833333","695.0","MATHERAN, IN","FM-12","99999","V020","140,1,N,0005,1","22000,1,9,N","002000,1,9,9","+0262,1","+0166,1","99999,9",,,,,,"03,1,+00800,1,08,1",,,"9,AGL   ,+99999,+99999","03,99,1,03,1,99,9,00800,1,99,9,99,9","240,M,+0340,1",,"9,9,999,9,-005,1",,"SYN05843060 32595 31401 10262 20166 4//// 83200 333 10340 59005="
"43060099999","2023-03-14T03:00:00","4","18.9833333","73.2833333","695.0","MATHERAN, IN","FM-12","99999","V020","140,1,N,0005,1","22000,1,9,N","002000,1,9,9","+0250,1","+0173,1","99999,9",,,,,,"02,1,+00800,1,05,1",,,"9,AGL   ,+99999,+99999","02,99,1,02,1,99,9,00800,1,99,9,99,9","240,N,+0220,1",,"9,9,999,9,-014,1",,"SYN06843060 32595 21401 10250 20173 4//// 82020 333 20220 59014 555 10001="
"43060099999","2023-03-14T12:00:00","4","18.9833333","73.2833333","695.0","MATHERAN, IN","FM-12","99999","V020","140,1,N,0005,1","99999,9,9,N","002000,1,9,9","+0260,1","+0167,1","99999,9",,,,,,"06,1,+00800,1,08,1","99,9,+99999,9,05,1",,"9,AGL   ,+99999,+99999","06,99,1,06,1,99,9,00800,1,99,9,99,9","240,M,+0340,1",,"9,9,999,9,-009,1",,"SYN05843060 32595 61401 10260 20167 4//// 86220 333 10340 59009="
"43060099999","2023-03-15T03:00:00","4","18.9833333","73.2833333","695.0","MATHERAN, IN","FM-12","99999","V020","140,1,N,0005,1","99999,9,9,N","002000,1,9,9","+0242,1","+0145,1","99999,9",,,,,,"07,1,+00800,1,08,1",,,"9,AGL   ,+99999,+99999","07,99,1,07,1,99,9,00800,1,99,9,99,9","240,N,+0218,1",,"9,9,999,9,-013,1",,"SYN07443060 32595 71401 10242 20145 4//// 87200 333 20218 59013 555 00000 10001="
"43060099999","2023-03-15T12:00:00","4","18.9833333","73.2833333","695.0","MATHERAN, IN","FM-12","99999","V020","140,1,N,0005,1","99999,9,9,N","002000,1,9,9","+0240,1","+0150,1","99999,9",,,,,,"06,1,+00800,1,08,1",,,"9,AGL   ,+99999,+99999","06,99,1,06,1,99,9,00800,1,99,9,99,9","240,M,+0312,1",,"9,9,999,9,-010,1",,"SYN05843060 32595 61401 10240 20150 4//// 86200 333 10312 59010="
"43060099999","2023-03-16T03:00:00","4","18.9833333","73.2833333","695.0","MATHERAN, IN","FM-12","99999","V020","140,1,N,0005,1","99999,9,9,N","002000,1,9,9","+0236,1","+0145,1","99999,9",,,,,,"06,1,+00800,1,08,1",,,"9,AGL   ,+99999,+99999","06,99,1,06,1,99,9,00800,1,99,9,99,9","240,N,+0210,1",,"9,9,999,9,+002,1",,"SYN06843060 32595 61401 10236 20145 4//// 86200 333 20210 58002 555 10001="
"43060099999","2023-03-16T12:00:00","4","18.9833333","73.2833333","695.0","MATHERAN, IN","FM-12","99999","V020","140,1,N,0005,1","99999,9,9,N","002000,1,9,9","+0244,1","+0144,1","99999,9",,,,,,"05,1,+00800,1,08,1","99,9,+99999,9,03,1",,"9,AGL   ,+99999,+99999","05,99,1,05,1,99,9,00800,1,99,9,99,9",,,"9,9,999,9,+008,1",,"SYN05843060 32595 51401 10244 20144 4//// 85230 333 10320 58008="
"43060099999","2023-03-17T03:00:00","4","18.9833333","73.2833333","695.0","MATHERAN, IN","FM-12","99999","V020","050,1,N,0005,1","22000,1,9,N","002000,1,9,9","+0214,1","+0158,1","99999,9","24,0040,3,1",,,,,"03,1,+00800,1,00,1",,,"9,AGL   ,+99999,+99999","03,99,1,03,1,99,9,00800,1,99,9,99,9","240,N,+0170,1",,"9,9,999,9,+004,1",,"SYN08043060 32595 30501 10214 20158 4//// 83001 333 20170 58004 6004/ 555 00038 10004="
"43060099999","2023-03-17T12:00:00","4","18.9833333","73.2833333","695.0","MATHERAN, IN","FM-12","99999","V020","140,1,N,0005,1","22000,1,9,N","002000,1,9,9","+0264,1","+0125,1","99999,9",,,,,,"01,1,+00800,1,00,1",,,"9,AGL   ,+99999,+99999","01,99,1,01,1,99,9,00800,1,99,9,99,9","240,M,+0320,1",,"9,9,999,9,-002,1",,"SYN05843060 32595 11401 10264 20125 4//// 81001 333 10320 59002="
"43060099999","2023-03-18T03:00:00","4","18.9833333","73.2833333","695.0","MATHERAN, IN","FM-12","99999","V020","140,1,N,0005,1","99999,9,9,N","004000,1,9,9","+0214,1","+0149,1","99999,9",,,,,,,,,,,"240,N,+0184,1",,"9,9,999,9,-009,1",,"SYN06243060 32996 01401 10214 20149 4//// 333 20184 59009 555 10004="
"43060099999","2023-03-18T12:00:00","4","18.9833333","73.2833333","695.0","MATHERAN, IN","FM-12","99999","V020","140,1,N,0005,1","99999,9,9,N","004000,1,9,9","+0260,1","+0128,1","99999,9",,,,,,,,,,,,,"9,9,999,9,-007,1",,"SYN05243060 32996 01401 10260 20128 4//// 333 10322 59007="
"43060099999","2023-03-19T12:00:00","4","18.9833333","73.2833333","695.0","MATHERAN, IN","FM-12","99999","V020","999,9,C,0000,1","99999,9,9,N","004000,1,9,9","+0260,1","+0128,1","99999,9",,,,,,,,,,,,,"9,9,999,9,+001,1",,"SYN05243060 32996 00000 10260 20128 4//// 333 10300 58001="
"43060099999","2023-03-20T03:00:00","4","18.9833333","73.2833333","695.0","MATHERAN, IN","FM-12","99999","V020","140,1,N,0005,1","99999,9,9,N","002000,1,9,9","+0190,1","+0171,1","99999,9","24,0060,3,1","2,1,02,1","2,1,02,1",,,"05,1,+00800,1,08,1",,,"9,AGL   ,+99999,+99999","05,99,1,05,1,99,9,00800,1,99,9,99,9","240,N,+0150,1",,"9,9,999,9,-008,1","21,1","SYN08643060 21595 51401 10190 20171 4//// 72122 85200 333 20150 59008 6006/ 555 00064 10011="
"43060099999","2023-03-20T12:00:00","4","18.9833333","73.2833333","695.0","MATHERAN, IN","FM-12","99999","V020","140,1,N,0005,1","22000,1,9,N","002000,1,9,9","+0240,1","+0178,1","99999,9",,,,,,"03,1,+00800,1,08,1","99,9,+99999,9,00,1",,"9,AGL   ,+99999,+99999","03,99,1,03,1,99,9,00800,1,99,9,99,9","240,M,+0290,1",,"9,9,999,9,-004,1",,"SYN05843060 32595 31401 10240 20178 4//// 83202 333 10290 59004="
"43060099999","2023-03-21T03:00:00","4","18.9833333","73.2833333","695.0","MATHERAN, IN","FM-12","99999","V020","140,1,N,0005,1","99999,9,9,N","002000,1,9,9","+0170,1","+0170,1","99999,9","24,0220,3,1","2,1,02,1","2,1,02,1",,,"08,1,+00800,1,08,1",,,"9,AGL   ,+99999,+99999","08,99,1,08,1,99,9,00800,1,99,9,99,9","240,N,+0162,1",,"9,9,999,9,+007,1","61,1","SYN08643060 21595 81401 10170 20170 4//// 76122 88200 333 20162 58007 6022/ 555 00216 10032="
"43060099999","2023-03-21T12:00:00","4","18.9833333","73.2833333","695.0","MATHERAN, IN","FM-12","99999","V020","140,1,N,0005,1","22000,1,9,N","002000,1,9,9","+0234,1","+0182,1","99999,9","09,0002,3,1",,,,,"04,1,+00800,1,08,1",,,"9,AGL   ,+99999,+99999","04,99,1,04,1,99,9,00800,1,99,9,99,9",,,"9,9,999,9,-004,1",,"SYN06443060 21595 41401 10234 20182 4//// 84200 333 10282 59004 6992/="
"43060099999","2023-03-22T03:00:00","4","18.9833333","73.2833333","695.0","MATHERAN, IN","FM-12","99999","V020","320,1,N,0005,1","99999,9,9,N","002000,1,9,9","+0200,1","+0184,1","99999,9","24,0002,3,1",,,,,"06,1,+00800,1,08,1",,,"9,AGL   ,+99999,+99999","06,99,1,06,1,99,9,00800,1,99,9,99,9","240,N,+0160,1",,"9,9,999,9,+011,1",,"SYN08043060 21595 63201 10200 20184 4//// 86200 333 20160 58011 6992/ 555 00002 10033="
"43060099999","2023-03-22T12:00:00","4","18.9833333","73.2833333","695.0","MATHERAN, IN","FM-12","99999","V020","140,1,N,0005,1","22000,1,9,N","002000,1,9,9","+0234,1","+0165,1","99999,9",,,,,,"04,1,+00800,1,08,1",,,"9,AGL   ,+99999,+99999","04,99,1,04,1,99,9,00800,1,99,9,99,9",,,"9,9,999,9,+004,1",,"SYN05843060 32595 41401 10234 20165 4//// 84200 333 10280 58004="
"43060099999","2023-03-23T03:00:00","4","18.9833333","73.2833333","695.0","MATHERAN, IN","FM-12","99999","V020","140,1,N,0005,1","99999,9,9,N","002000,1,9,9","+0204,1","+0182,1","99999,9",,,,,,"06,1,+00800,1,08,1",,,"9,AGL   ,+99999,+99999","06,99,1,06,1,99,9,00800,1,99,9,99,9","240,N,+0172,1",,"9,9,999,9,-003,1",,"SYN07443060 32595 61401 10204 20182 4//// 86200 333 20172 59003 555 00000 10033="
"43060099999","2023-03-23T12:00:00","4","18.9833333","73.2833333","695.0","MATHERAN, IN","FM-12","99999","V020","140,1,N,0005,1","22000,1,9,N","002000,1,9,9","+0230,1","+0160,1","99999,9",,,,,,"03,1,+00800,1,08,1",,,"9,AGL   ,+99999,+99999","03,99,1,03,1,99,9,00800,1,99,9,99,9","240,M,+0280,1",,"9,9,999,9,+005,1",,"SYN05843060 32595 31401 10230 20160 4//// 83200 333 10280 58005="
"43060099999","2023-03-24T03:00:00","4","18.9833333","73.2833333","695.0","MATHERAN, IN","FM-12","99999","V020","140,1,N,0005,1","22000,1,9,N","002000,1,9,9","+0206,1","+0175,1","99999,9",,,,,,"02,1,+00800,1,08,1",,,"9,AGL   ,+99999,+99999","02,99,1,02,1,99,9,00800,1,99,9,99,9","240,N,+0170,1",,"9,9,999,9,+001,1",,"SYN06843060 32595 21401 10206 20175 4//// 82200 333 20170 58001 555 10033="
"43060099999","2023-03-25T03:00:00","4","18.9833333","73.2833333","695.0","MATHERAN, IN","FM-12","99999","V020","140,1,N,0005,1","22000,1,9,N","002000,1,9,9","+0210,1","+0162,1","99999,9",,,,,,"02,1,+00800,1,08,1",,,"9,AGL   ,+99999,+99999","02,99,1,02,1,99,9,00800,1,99,9,99,9","240,N,+0162,1",,"9,9,999,9,+003,1",,"SYN07443060 32595 21401 10210 20162 4//// 82200 333 20162 58003 555 00000 10033="
"43060099999","2023-03-25T12:00:00","4","18.9833333","73.2833333","695.0","MATHERAN, IN","FM-12","99999","V020","140,1,N,0005,1","99999,9,9,N","004000,1,9,9","+0246,1","+0157,1","99999,9",,,,,,,,,,,"240,M,+0286,1",,"9,9,999,9,+003,1",,"SYN05243060 32996 01401 10246 20157 4//// 333 10286 58003="
"43060099999","2023-03-26T03:00:00","4","18.9833333","73.2833333","695.0","MATHERAN, IN","FM-12","99999","V020","140,1,N,0005,1","99999,9,9,N","004000,1,9,9","+0210,1","+0133,1","99999,9",,,,,,,,,,,"240,N,+0160,1",,"9,9,999,9,+001,1",,"SYN06243060 32996 01401 10210 20133 4//// 333 20160 58001 555 10033="
"43060099999","2023-03-27T03:00:00","4","18.9833333","73.2833333","695.0","MATHERAN, IN","FM-12","99999","V020","140,1,N,0005,1","22000,1,9,N","002000,1,9,9","+0208,1","+0163,1","99999,9",,,,,,"03,1,+00800,1,08,1",,,"9,AGL   ,+99999,+99999","03,99,1,03,1,99,9,00800,1,99,9,99,9","240,N,+0156,1",,"9,9,999,9,+000,1",,"SYN06843060 32595 31401 10208 20163 4//// 83200 333 20156 58000 555 10033="
"43060099999","2023-03-27T12:00:00","4","18.9833333","73.2833333","695.0","MATHERAN, IN","FM-12","99999","V020","320,1,N,0005,1","99999,9,9,N","004000,1,9,9","+0256,1","+0151,1","99999,9",,,,,,,,,,,"240,M,+0290,1",,"9,9,999,9,-001,1",,"SYN05243060 32996 03201 10256 20151 4//// 333 10290 59001="
"43060099999","2023-03-28T03:00:00","4","18.9833333","73.2833333","695.0","MATHERAN, IN","FM-12","99999","V020","140,1,N,0005,1","22000,1,9,N","002000,1,9,9","+0214,1","+0160,1","99999,9",,,,,,"02,1,+00800,1,08,1",,,"9,AGL   ,+99999,+99999","02,99,1,02,1,99,9,00800,1,99,9,99,9","240,N,+0160,1",,"9,9,999,9,-002,1",,"SYN06843060 32595 21401 10214 20160 4//// 82200 333 20160 59002 555 10033="
"43060099999","2023-03-29T03:00:00","4","18.9833333","73.2833333","695.0","MATHERAN, IN","FM-12","99999","V020","140,1,N,0005,1","99999,9,9,N","004000,1,9,9","+0220,1","+0156,1","99999,9",,,,,,,,,,,"240,N,+0180,1",,"9,9,999,9,+003,1",,"SYN06843060 32996 01401 10220 20156 4//// 333 20180 58003 555 00000 10033="
"43060099999","2023-03-30T00:00:00","4","18.9833333","73.2833333","695.0","MATHERAN, IN","FM-12","99999","V020","320,1,N,0005,1","22000,1,9,N","004000,1,9,9","+0216,1","+0165,1","99999,9",,,,,,"03,1,+99999,9,08,1",,,"9,AGL   ,+99999,+99999","03,99,1,03,1,99,9,99999,9,99,9,99,9","120,N,+0176,1",,"9,9,999,9,+003,1",,"SYN06843060 32996 33201 10216 20165 4//// 83200 333 20176 58003 555 10033="
"43060099999","2023-03-30T03:00:00","4","18.9833333","73.2833333","695.0","MATHERAN, IN","FM-12","99999","V020","320,1,N,0005,1","22000,1,9,N","004000,1,9,9","+0216,1","+0165,1","99999,9",,,,,,"03,1,+99999,9,08,1",,,"9,AGL   ,+99999,+99999","03,99,1,03,1,99,9,99999,9,99,9,99,9","240,N,+0176,1",,"9,9,999,9,+003,1",,"SYN06843060 32996 33201 10216 20165 4//// 83200 333 20176 58003 555 10033="
"43060099999","2023-03-30T12:00:00","4","18.9833333","73.2833333","695.0","MATHERAN, IN","FM-12","99999","V020","320,1,N,0005,1","22000,1,9,N","002000,1,9,9","+0250,1","+0143,1","99999,9",,,,,,"03,1,+00800,1,08,1",,,"9,AGL   ,+99999,+99999","03,99,1,03,1,99,9,00800,1,99,9,99,9","240,M,+0302,1",,"9,9,999,9,-004,1",,"SYN05843060 32595 33201 10250 20143 4//// 83200 333 10302 59004="
"43060099999","2023-03-31T03:00:00","4","18.9833333","73.2833333","695.0","MATHERAN, IN","FM-12","99999","V020","320,1,N,0005,1","22000,1,9,N","002000,1,9,9","+0218,1","+0161,1","99999,9",,,,,,"03,1,+00800,1,08,1",,,"9,AGL   ,+99999,+99999","03,99,1,03,1,99,9,00800,1,99,9,99,9","240,N,+0184,1",,"9,9,999,9,+003,1",,"SYN07443060 32595 33201 10218 20161 4//// 83200 333 20184 58003 555 00000 10033="
"43060099999","2023-03-31T12:00:00","4","18.9833333","73.2833333","695.0","MATHERAN, IN","FM-12","99999","V020","320,1,N,0010,1","22000,1,9,N","002000,1,9,9","+0252,1","+0153,1","99999,9",,,,,,"02,1,+00800,1,08,1",,,"9,AGL   ,+99999,+99999","02,99,1,02,1,99,9,00800,1,99,9,99,9","240,M,+0300,1",,"9,9,999,9,+002,1",,"SYN05843060 32595 23202 10252 20153 4//// 82200 333 10300 58002="
"43060099999","2023-04-01T03:00:00","4","18.9833333","73.2833333","695.0","MATHERAN, IN","FM-12","99999","V020","320,1,N,0005,1","22000,1,9,N","002000,1,9,9","+0220,1","+0156,1","99999,9",,,,,,"02,1,+00800,1,08,1",,,"9,AGL   ,+99999,+99999","02,99,1,02,1,99,9,00800,1,99,9,99,9","240,N,+0182,1",,"9,9,999,9,+004,1",,"SYN07443060 32595 23201 10220 20156 4//// 82200 333 20182 58004 555 00000 10033="
"43060099999","2023-04-01T12:00:00","4","18.9833333","73.2833333","695.0","MATHERAN, IN","FM-12","99999","V020","320,1,N,0005,1","99999,9,9,N","004000,1,9,9","+0256,1","+0143,1","99999,9",,,,,,,,,,,"240,M,+0306,1",,"9,9,999,9,+003,1",,"SYN05243060 32996 03201 10256 20143 4//// 333 10306 58003="
"43060099999","2023-04-02T03:00:00","4","18.9833333","73.2833333","695.0","MATHERAN, IN","FM-12","99999","V020","140,1,N,0005,1","99999,9,9,N","004000,1,9,9","+0234,1","+0154,1","99999,9",,,,,,,,,,,"240,N,+0192,1",,"9,9,999,9,-002,1",,"SYN06843060 32996 01401 10234 20154 4//// 333 20192 59002 555 00000 10033="
"43060099999","2023-04-02T12:00:00","4","18.9833333","73.2833333","695.0","MATHERAN, IN","FM-12","99999","V020","140,1,N,0005,1","99999,9,9,N","004000,1,9,9","+0262,1","+0166,1","99999,9",,,,,,,,,,,"240,M,+0308,1",,"9,9,999,9,-003,1",,"SYN05243060 32996 01401 10262 20166 4//// 333 10308 59003="
"43060099999","2023-04-03T12:00:00","4","18.9833333","73.2833333","695.0","MATHERAN, IN","FM-12","99999","V020","140,1,N,0005,1","99999,9,9,N","004000,1,9,9","+0260,1","+0167,1","99999,9",,,,,,,,,,,,,"9,9,999,9,+002,1",,"SYN05243060 32996 01401 10260 20167 4//// 333 10304 58002="
"43060099999","2023-04-04T12:00:00","4","18.9833333","73.2833333","695.0","MATHERAN, IN","FM-12","99999","V020","140,1,N,0010,1","99999,9,9,N","004000,1,9,9","+0270,1","+0145,1","99999,9",,,,,,,,,,,"240,M,+0320,1",,"9,9,999,9,+007,1",,"SYN05243060 32996 01402 10270 20145 4//// 333 10320 58007="
"43060099999","2023-04-05T03:00:00","4","18.9833333","73.2833333","695.0","MATHERAN, IN","FM-12","99999","V020","140,1,N,0005,1","99999,9,9,N","004000,1,9,9","+0240,1","+0143,1","99999,9",,,,,,,,,,,"240,N,+0202,1",,"9,9,999,9,+002,1",,"SYN06243060 32996 01401 10240 20143 4//// 333 20202 58002 555 10033="
"43060099999","2023-04-05T12:00:00","4","18.9833333","73.2833333","695.0","MATHERAN, IN","FM-12","99999","V020","140,1,N,0005,1","99999,9,9,N","004000,1,9,9","+0268,1","+0154,1","99999,9",,,,,,,,,,,"240,M,+0320,1",,"9,9,999,9,-001,1",,"SYN05243060 32996 01401 10268 20154 4//// 333 10320 59001="
"43060099999","2023-04-06T03:00:00","4","18.9833333","73.2833333","695.0","MATHERAN, IN","FM-12","99999","V020","140,1,N,0005,1","22000,1,9,N","004000,1,9,9","+0246,1","+0150,1","99999,9",,,,,,"01,1,+99999,9,08,1",,,"9,AGL   ,+99999,+99999","01,99,1,01,1,99,9,99999,9,99,9,99,9","240,N,+0210,1",,"9,9,999,9,+001,1",,"SYN07443060 32996 11401 10246 20150 4//// 81200 333 20210 58001 555 00000 10033="
"43060099999","2023-04-06T12:00:00","4","18.9833333","73.2833333","695.0","MATHERAN, IN","FM-12","99999","V020","140,1,N,0005,1","22000,1,9,N","002000,1,9,9","+0270,1","+0149,1","99999,9",,,,,,"02,1,+00800,1,08,1",,,"9,AGL   ,+99999,+99999","02,99,1,02,1,99,9,00800,1,99,9,99,9",,,"9,9,999,9,+004,1",,"SYN05843060 32595 21401 10270 20149 4//// 82200 333 10324 58004="
"43060099999","2023-04-07T03:00:00","4","18.9833333","73.2833333","695.0","MATHERAN, IN","FM-12","99999","V020","140,1,N,0005,1","22000,1,9,N","002000,1,9,9","+0250,1","+0155,1","99999,9",,,,,,"02,1,+00800,1,08,1",,,"9,AGL   ,+99999,+99999","02,99,1,02,1,99,9,00800,1,99,9,99,9","240,N,+0218,1",,"9,9,999,9,+002,1",,"SYN06843060 32595 21401 10250 20155 4//// 82200 333 20218 58002 555 10033="
"43060099999","2023-04-07T12:00:00","4","18.9833333","73.2833333","695.0","MATHERAN, IN","FM-12","99999","V020","140,1,N,0005,1","22000,1,9,N","002000,1,9,9","+0270,1","+0149,1","99999,9",,,,,,"03,1,+00800,1,08,1",,,"9,AGL   ,+99999,+99999","03,99,1,03,1,99,9,00800,1,99,9,99,9","240,M,+0326,1",,"9,9,999,9,+003,1",,"SYN05843060 32595 31401 10270 20149 4//// 83200 333 10326 58003="
"43060099999","2023-04-08T03:00:00","4","18.9833333","73.2833333","695.0","MATHERAN, IN","FM-12","99999","V020","140,1,N,0005,1","22000,1,9,N","002000,1,9,9","+0252,1","+0142,1","99999,9",,,,,,"02,1,+00800,1,08,1",,,"9,AGL   ,+99999,+99999","02,99,1,02,1,99,9,00800,1,99,9,99,9","240,N,+0222,1",,"9,9,999,9,+007,1",,"SYN07443060 32595 21401 10252 20142 4//// 82200 333 20222 58007 555 00000 10033="
"43060099999","2023-04-08T12:00:00","4","18.9833333","73.2833333","695.0","MATHERAN, IN","FM-12","99999","V020","140,1,N,0005,1","22000,1,9,N","002000,1,9,9","+0272,1","+0144,1","99999,9",,,,,,"03,1,+00800,1,08,1",,,"9,AGL   ,+99999,+99999","03,99,1,03,1,99,9,00800,1,99,9,99,9",,,"9,9,999,9,+008,1",,"SYN05843060 32595 31401 10272 20144 4//// 83200 333 10328 58008="
"43060099999","2023-04-09T03:00:00","4","18.9833333","73.2833333","695.0","MATHERAN, IN","FM-12","99999","V020","140,1,N,0005,1","22000,1,9,N","002000,1,9,9","+0252,1","+0153,1","99999,9",,,,,,"02,1,+00800,1,08,1",,,"9,AGL   ,+99999,+99999","02,99,1,02,1,99,9,00800,1,99,9,99,9","240,N,+0220,1",,"9,9,999,9,+005,1",,"SYN07443060 32595 21401 10252 20153 4//// 82200 333 20220 58005 555 00000 10033="
"43060099999","2023-04-09T12:00:00","4","18.9833333","73.2833333","695.0","MATHERAN, IN","FM-12","99999","V020","140,1,N,0005,1","22000,1,9,N","002000,1,9,9","+0260,1","+0167,1","99999,9",,,,,,"03,1,+00800,1,08,1",,,"9,AGL   ,+99999,+99999","03,99,1,03,1,99,9,00800,1,99,9,99,9",,,"9,9,999,9,+003,1",,"SYN05843060 32595 31401 10260 20167 4//// 83200 333 10326 58003="
"43060099999","2023-04-10T03:00:00","4","18.9833333","73.2833333","695.0","MATHERAN, IN","FM-12","99999","V020","320,1,N,0005,1","22000,1,9,N","002000,1,9,9","+0250,1","+0155,1","99999,9",,,,,,"02,1,+00800,1,08,1",,,"9,AGL   ,+99999,+99999","02,99,1,02,1,99,9,00800,1,99,9,99,9","240,N,+0230,1",,"9,9,999,9,-012,1",,"SYN06843060 32595 23201 10250 20155 4//// 82200 333 20230 59012 555 10033="
"43060099999","2023-04-11T03:00:00","4","18.9833333","73.2833333","695.0","MATHERAN, IN","FM-12","99999","V020","320,1,N,0005,1","22000,1,9,N","002000,1,9,9","+0260,1","+0167,1","99999,9",,,,,,"01,1,+00800,1,08,1",,,"9,AGL   ,+99999,+99999","01,99,1,01,1,99,9,00800,1,99,9,99,9","240,N,+0230,1",,"9,9,999,9,-001,1",,"SYN05843060 32595 13201 10260 20167 4//// 81200 333 20230 59001="
"43060099999","2023-04-11T12:00:00","4","18.9833333","73.2833333","695.0","MATHERAN, IN","FM-12","99999","V020","140,1,N,0005,1","22000,1,9,N","002000,1,9,9","+0284,1","+0151,1","99999,9",,,,,,"02,1,+00800,1,08,1",,,"9,AGL   ,+99999,+99999","02,99,1,02,1,99,9,00800,1,99,9,99,9","240,M,+0350,1",,"9,9,999,9,+003,1",,"SYN05843060 32595 21401 10284 20151 4//// 82200 333 10350 58003="
"43060099999","2023-04-12T03:00:00","4","18.9833333","73.2833333","695.0","MATHERAN, IN","FM-12","99999","V020","320,1,N,0005,1","22000,1,9,N","002000,1,9,9","+0254,1","+0144,1","99999,9",,,,,,"02,1,+00800,1,08,1",,,"9,AGL   ,+99999,+99999","02,99,1,02,1,99,9,00800,1,99,9,99,9","240,N,+0222,1",,"9,9,999,9,+001,1",,"SYN06843060 32595 23201 10254 20144 4//// 82200 333 20222 58001 555 10033="
"43060099999","2023-04-12T12:00:00","4","18.9833333","73.2833333","695.0","MATHERAN, IN","FM-12","99999","V020","320,1,N,0010,1","22000,1,9,N","002000,1,9,9","+0302,1","+0178,1","99999,9",,,,,,"02,1,+00800,1,08,1",,,"9,AGL   ,+99999,+99999","02,99,1,02,1,99,9,00800,1,99,9,99,9","240,M,+0366,1",,"9,9,999,9,-007,1",,"SYN05843060 32595 23202 10302 20178 4//// 82200 333 10366 59007="
"43060099999","2023-04-13T03:00:00","4","18.9833333","73.2833333","695.0","MATHERAN, IN","FM-12","99999","V020","320,1,N,0005,1","22000,1,9,N","002000,1,9,9","+0252,1","+0150,1","99999,9",,,,,,"03,1,+00800,1,08,1","99,9,+99999,9,00,1",,"9,AGL   ,+99999,+99999","03,99,1,03,1,99,9,00800,1,99,9,99,9","240,N,+0224,1",,"9,9,999,9,-008,1",,"SYN07443060 32595 33201 10252 20150 4//// 83202 333 20224 59008 555 00000 10033="
"43060099999","2023-04-13T12:00:00","4","18.9833333","73.2833333","695.0","MATHERAN, IN","FM-12","99999","V020","320,1,N,0005,1","22000,1,9,N","002000,1,9,9","+0302,1","+0175,1","99999,9",,,,,,"02,1,+00800,1,00,1",,,"9,AGL   ,+99999,+99999","02,99,1,02,1,99,9,00800,1,99,9,99,9","240,M,+0362,1",,"9,9,999,9,-003,1",,"SYN05843060 32595 23201 10302 20175 4//// 82002 333 10362 59003="
"43060099999","2023-04-14T03:00:00","4","18.9833333","73.2833333","695.0","MATHERAN, IN","FM-12","99999","V020","320,1,N,0005,1","22000,1,9,N","002000,1,9,9","+0256,1","+0135,1","99999,9",,,,,,"02,1,+00800,1,08,1","99,9,+99999,9,00,1",,"9,AGL   ,+99999,+99999","02,99,1,02,1,99,9,00800,1,99,9,99,9","240,N,+0230,1",,"9,9,999,9,+003,1",,"SYN06843060 32595 23201 10256 20135 4//// 82202 333 20230 58003 555 10033="
"43060099999","2023-04-14T12:00:00","4","18.9833333","73.2833333","695.0","MATHERAN, IN","FM-12","99999","V020","320,1,N,0005,1","22000,1,9,N","002000,1,9,9","+0294,1","+0175,1","99999,9",,,,,,"04,1,+00800,1,08,1",,,"9,AGL   ,+99999,+99999","04,99,1,04,1,99,9,00800,1,99,9,99,9","240,M,+0334,1",,"9,9,999,9,-004,1",,"SYN05843060 32595 43201 10294 20175 4//// 84200 333 10334 59004="
"43060099999","2023-04-15T03:00:00","4","18.9833333","73.2833333","695.0","MATHERAN, IN","FM-12","99999","V020","320,1,N,0005,1","22000,1,9,N","002000,1,9,9","+0254,1","+0141,1","99999,9",,,,,,"02,1,+00800,1,08,1","99,9,+99999,9,00,1",,"9,AGL   ,+99999,+99999","02,99,1,02,1,99,9,00800,1,99,9,99,9","240,N,+0224,1",,"9,9,999,9,-002,1",,"SYN05843060 32595 23201 10254 20141 4//// 82102 333 20224 59002="
"43060099999","2023-04-15T12:00:00","4","18.9833333","73.2833333","695.0","MATHERAN, IN","FM-12","99999","V020","320,1,N,0005,1","22000,1,9,N","002000,1,9,9","+0300,1","+0179,1","99999,9",,,,,,"02,1,+00800,1,08,1",,,"9,AGL   ,+99999,+99999","02,99,1,02,1,99,9,00800,1,99,9,99,9",,,"9,9,999,9,-001,1",,"SYN05843060 32595 23201 10300 20179 4//// 82200 333 10340 59001="
"43060099999","2023-04-16T03:00:00","4","18.9833333","73.2833333","695.0","MATHERAN, IN","FM-12","99999","V020","320,1,N,0005,1","22000,1,9,N","002000,1,9,9","+0258,1","+0142,1","99999,9",,,,,,"01,1,+00800,1,00,1",,,"9,AGL   ,+99999,+99999","01,99,1,01,1,99,9,00800,1,99,9,99,9","240,N,+0222,1",,"9,9,999,9,-010,1",,"SYN07443060 32595 13201 10258 20142 4//// 81002 333 20222 59010 555 00000 10033="
"43060099999","2023-04-16T12:00:00","4","18.9833333","73.2833333","695.0","MATHERAN, IN","FM-12","99999","V020","320,1,N,0005,1","22000,1,9,N","002000,1,9,9","+0300,1","+0190,1","99999,9",,,,,,"01,1,+00800,1,08,1",,,"9,AGL   ,+99999,+99999","01,99,1,01,1,99,9,00800,1,99,9,99,9","240,M,+0342,1",,"9,9,999,9,-006,1",,"SYN05843060 32595 13201 10300 20190 4//// 81200 333 10342 59006="
"43060099999","2023-04-17T03:00:00","4","18.9833333","73.2833333","695.0","MATHERAN, IN","FM-12","99999","V020","320,1,N,0005,1","22000,1,9,N","002000,1,9,9","+0252,1","+0134,1","99999,9",,,,,,"01,1,+00800,1,00,1",,,"9,AGL   ,+99999,+99999","01,99,1,01,1,99,9,00800,1,99,9,99,9","240,N,+0222,1",,"9,9,999,9,-001,1",,"SYN07443060 32595 13201 10252 20134 4//// 81002 333 20222 59001 555 00000 10033="
"43060099999","2023-04-17T12:00:00","4","18.9833333","73.2833333","695.0","MATHERAN, IN","FM-12","99999","V020","320,1,N,0005,1","22000,1,9,N","002000,1,9,9","+0304,1","+0181,1","99999,9",,,,,,"02,1,+00800,1,08,1",,,"9,AGL   ,+99999,+99999","02,99,1,02,1,99,9,00800,1,99,9,99,9","240,M,+0336,1",,"9,9,999,9,+003,1",,"SYN05843060 32595 23201 10304 20181 4//// 82200 333 10336 58003="
"43060099999","2023-04-18T03:00:00","4","18.9833333","73.2833333","695.0","MATHERAN, IN","FM-12","99999","V020","320,1,N,0010,1","99999,9,9,N","004000,1,9,9","+0260,1","+0148,1","99999,9",,,,,,,,,,,"240,N,+0220,1",,"9,9,999,9,+004,1",,"SYN06843060 32996 03202 10260 20148 4//// 333 20220 58004 555 00000 10033="
"43060099999","2023-04-18T12:00:00","4","18.9833333","73.2833333","695.0","MATHERAN, IN","FM-12","99999","V020","320,1,N,0005,1","22000,1,9,N","002000,1,9,9","+0326,1","+0186,1","99999,9",,,,,,"02,1,+00800,1,08,1",,,"9,AGL   ,+99999,+99999","02,99,1,02,1,99,9,00800,1,99,9,99,9",,,"9,9,999,9,+002,1",,"SYN05843060 32595 23201 10326 20186 4//// 82200 333 10364 58002="
"43060099999","2023-04-19T03:00:00","4","18.9833333","73.2833333","695.0","MATHERAN, IN","FM-12","99999","V020","320,1,N,0010,1","22000,1,9,N","004000,1,9,9","+0264,1","+0129,1","99999,9",,,,,,"02,1,+00800,1,08,1",,,"9,AGL   ,+99999,+99999","02,99,1,02,1,99,9,00800,1,99,9,99,9","240,N,+0224,1",,"9,9,999,9,+003,1",,"SYN06843060 32596 23202 10264 20129 4//// 82200 333 20224 58003 555 10033="
"43060099999","2023-04-19T12:00:00","4","18.9833333","73.2833333","695.0","MATHERAN, IN","FM-12","99999","V020","320,1,N,0005,1","22000,1,9,N","002000,1,9,9","+0310,1","+0174,1","99999,9",,,,,,"01,1,+00800,1,08,1",,,"9,AGL   ,+99999,+99999","01,99,1,01,1,99,9,00800,1,99,9,99,9","240,M,+0364,1",,"9,9,999,9,-014,1",,"SYN05843060 32595 13201 10310 20174 4//// 81200 333 10364 59014="
"43060099999","2023-04-20T03:00:00","4","18.9833333","73.2833333","695.0","MATHERAN, IN","FM-12","99999","V020","320,1,N,0010,1","22000,1,9,N","002000,1,9,9","+0266,1","+0140,1","99999,9",,,,,,"02,1,+00800,1,08,1",,,"9,AGL   ,+99999,+99999","02,99,1,02,1,99,9,00800,1,99,9,99,9","240,N,+0230,1",,"9,9,999,9,-013,1",,"SYN06843060 32595 23202 10266 20140 4//// 82200 333 20230 59013 555 10033="
"43060099999","2023-04-20T12:00:00","4","18.9833333","73.2833333","695.0","MATHERAN, IN","FM-12","99999","V020","320,1,N,0010,1","22000,1,9,N","002000,1,9,9","+0300,1","+0179,1","99999,9",,,,,,"02,1,+00800,1,08,1",,,"9,AGL   ,+99999,+99999","02,99,1,02,1,99,9,00800,1,99,9,99,9","240,M,+0362,1",,"9,9,999,9,-010,1",,"SYN05843060 32595 23202 10300 20179 4//// 82200 333 10362 59010="
"43060099999","2023-04-21T03:00:00","4","18.9833333","73.2833333","695.0","MATHERAN, IN","FM-12","99999","V020","320,1,N,0005,1","22000,1,9,N","002000,1,9,9","+0262,1","+0135,1","99999,9",,,,,,"02,1,+00800,1,08,1",,,"9,AGL   ,+99999,+99999","02,99,1,02,1,99,9,00800,1,99,9,99,9","240,N,+0232,1",,"9,9,999,9,+002,1",,"SYN06843060 32595 23201 10262 20135 4//// 82200 333 20232 58002 555 10033="
"43060099999","2023-04-21T12:00:00","4","18.9833333","73.2833333","695.0","MATHERAN, IN","FM-12","99999","V020","320,1,N,0005,1","22000,1,9,N","002000,1,9,9","+0298,1","+0180,1","99999,9",,,,,,"02,1,+00800,1,08,1",,,"9,AGL   ,+99999,+99999","02,99,1,02,1,99,9,00800,1,99,9,99,9","240,M,+0360,1",,"9,9,999,9,+003,1",,"SYN05843060 32595 23201 10298 20180 4//// 82200 333 10360 58003="
"43060099999","2023-04-22T03:00:00","4","18.9833333","73.2833333","695.0","MATHERAN, IN","FM-12","99999","V020","320,1,N,0005,1","22000,1,9,N","004000,1,9,9","+0240,1","+0143,1","99999,9",,,,,,,,,"9,AGL   ,+99999,+99999","02,99,1,99,9,99,9,99999,9,99,9,99,9","240,N,+0190,1",,"9,9,999,9,+003,1",,"SYN06843060 32996 23201 10240 20143 4//// 333 20190 58003 555 00000 10033="
"43060099999","2023-04-23T03:00:00","4","18.9833333","73.2833333","695.0","MATHERAN, IN","FM-12","99999","V020","320,1,N,0005,1","99999,9,9,N","004000,1,9,9","+0230,1","+0153,1","99999,9",,,,,,,,,,,"240,N,+0170,1",,"9,9,999,9,-004,1",,"SYN06243060 32996 03201 10230 20153 4//// 333 20170 59004 555 10033="
"43060099999","2023-04-23T12:00:00","4","18.9833333","73.2833333","695.0","MATHERAN, IN","FM-12","99999","V020","320,1,N,0005,1","99999,9,9,N","004000,1,9,9","+0280,1","+0150,1","99999,9",,,,,,,,,,,"240,M,+0322,1",,"9,9,999,9,-001,1",,"SYN05243060 32996 03201 10280 20150 4//// 333 10322 59001="
"43060099999","2023-04-24T03:00:00","4","18.9833333","73.2833333","695.0","MATHERAN, IN","FM-12","99999","V020","320,1,N,0005,1","22000,1,9,N","002000,1,9,9","+0244,1","+0119,1","99999,9",,,,,,"01,1,+00800,1,08,1",,,"9,AGL   ,+99999,+99999","01,99,1,01,1,99,9,00800,1,99,9,99,9","240,N,+0196,1",,"9,9,999,9,+005,1",,"SYN06843060 32595 13201 10244 20119 4//// 81200 333 20196 58005 555 10033="
"43060099999","2023-04-24T12:00:00","4","18.9833333","73.2833333","695.0","MATHERAN, IN","FM-12","99999","V020","999,9,C,0000,1","99999,9,9,N","002000,1,9,9","+0314,1","+0186,1","99999,9",,,,,,,,,,,"240,M,+0340,1",,"9,9,999,9,+004,1",,"SYN05243060 32595 03200 10314 20186 4//// 333 10340 58004="
"43060099999","2023-04-25T03:00:00","4","18.9833333","73.2833333","695.0","MATHERAN, IN","FM-12","99999","V020","999,9,C,0000,1","99999,9,9,N","004000,1,9,9","+0246,1","+0138,1","99999,9",,,,,,,,,,,"240,N,+0206,1",,"9,9,999,9,+002,1",,"SYN06843060 32996 00000 10246 20138 4//// 333 20206 58002 555 00000 10033="
"43060099999","2023-04-25T12:00:00","4","18.9833333","73.2833333","695.0","MATHERAN, IN","FM-12","99999","V020","320,1,N,0005,1","22000,1,9,N","002000,1,9,9","+0270,1","+0196,1","99999,9",,,,,,"02,1,+00800,1,08,1",,,"9,AGL   ,+99999,+99999","02,99,1,02,1,99,9,00800,1,99,9,99,9","240,M,+0350,1",,"9,9,999,9,+003,1",,"SYN05843060 32595 23201 10270 20196 4//// 82200 333 10350 58003="
"43060099999","2023-04-26T03:00:00","4","18.9833333","73.2833333","695.0","MATHERAN, IN","FM-12","99999","V020","999,9,C,0000,1","22000,1,9,N","002000,1,9,9","+0240,1","+0195,1","99999,9",,,,,,"03,1,+00800,1,08,1","99,9,+99999,9,00,1",,"9,AGL   ,+99999,+99999","03,99,1,03,1,99,9,00800,1,99,9,99,9","240,N,+0202,1",,"9,9,999,9,+001,1",,"SYN06843060 32595 30000 10240 20195 4//// 83102 333 20202 58001 555 10033="
"43060099999","2023-04-26T12:00:00","4","18.9833333","73.2833333","695.0","MATHERAN, IN","FM-12","99999","V020","320,1,N,0005,1","22000,1,9,N","002000,1,9,9","+0272,1","+0177,1","99999,9",,,,,,"01,1,+00800,1,08,1",,,"9,AGL   ,+99999,+99999","01,99,1,01,1,99,9,00800,1,99,9,99,9","240,M,+0348,1",,"9,9,999,9,+003,1",,"SYN05843060 32595 13201 10272 20177 4//// 81100 333 10348 58003="
"43060099999","2023-04-27T03:00:00","4","18.9833333","73.2833333","695.0","MATHERAN, IN","FM-12","99999","V020","999,9,C,0000,1","22000,1,9,N","002000,1,9,9","+0242,1","+0153,1","99999,9",,,,,,"03,1,+00800,1,08,1","99,9,+99999,9,03,1",,"9,AGL   ,+99999,+99999","03,99,1,03,1,99,9,00800,1,99,9,99,9","240,N,+0196,1",,"9,9,999,9,+002,1",,"SYN07443060 32595 30000 10242 20153 4//// 83130 333 20196 58002 555 00000 10033="
"43060099999","2023-04-27T12:00:00","4","18.9833333","73.2833333","695.0","MATHERAN, IN","FM-12","99999","V020","320,1,N,0005,1","22000,1,9,N","002000,1,9,9","+0266,1","+0214,1","99999,9",,,,,,"04,1,+00800,1,08,1","99,9,+99999,9,00,1",,"9,AGL   ,+99999,+99999","04,99,1,04,1,99,9,00800,1,99,9,99,9","240,M,+0320,1",,"9,9,999,9,+002,1",,"SYN05843060 32595 43201 10266 20214 4//// 84202 333 10320 58002="
"43060099999","2023-04-28T03:00:00","4","18.9833333","73.2833333","695.0","MATHERAN, IN","FM-12","99999","V020","999,9,C,0000,1","99999,9,9,N","002000,1,9,9","+0230,1","+0212,1","99999,9","24,0004,3,1","0,1,02,1","0,1,02,1",,,"05,1,+00800,1,08,1",,,"9,AGL   ,+99999,+99999","05,99,1,05,1,99,9,00800,1,99,9,99,9","240,N,+0214,1",,"9,9,999,9,+002,1","21,1","SYN08643060 21595 50000 10230 20212 4//// 72100 85200 333 20214 58002 6994/ 555 00004 10033="
"43060099999","2023-04-28T12:00:00","4","18.9833333","73.2833333","695.0","MATHERAN, IN","FM-12","99999","V020","320,1,N,0005,1","22000,1,9,N","002000,1,9,9","+0278,1","+0191,1","99999,9",,,,,,"04,1,+00800,1,08,1",,,"9,AGL   ,+99999,+99999","04,99,1,04,1,99,9,00800,1,99,9,99,9",,,"9,9,999,9,+003,1",,"SYN05843060 32595 43201 10278 20191 4//// 84200 333 10312 58003="
"43060099999","2023-04-29T03:00:00","4","18.9833333","73.2833333","695.0","MATHERAN, IN","FM-12","99999","V020","999,9,C,0000,1","99999,9,9,N","002000,1,9,9","+0230,1","+0157,1","99999,9",,,,,,"06,1,+00800,1,08,1",,,"9,AGL   ,+99999,+99999","06,99,1,06,1,99,9,00800,1,99,9,99,9","240,N,+0202,1",,"9,9,999,9,-006,1",,"SYN07443060 32595 60000 10230 20157 4//// 86200 333 20202 59006 555 00000 10033="
"43060099999","2023-04-29T12:00:00","4","18.9833333","73.2833333","695.0","MATHERAN, IN","FM-12","99999","V020","320,1,N,0005,1","22000,1,9,N","002000,1,9,9","+0280,1","+0154,1","99999,9",,,,,,"03,1,+00800,1,08,1",,,"9,AGL   ,+99999,+99999","03,99,1,03,1,99,9,00800,1,99,9,99,9",,,"9,9,999,9,-004,1",,"SYN05843060 32595 33201 10280 20154 4//// 83200 333 10318 59004="
"43060099999","2023-04-30T03:00:00","4","18.9833333","73.2833333","695.0","MATHERAN, IN","FM-12","99999","V020","999,9,C,0000,1","99999,9,9,N","002000,1,9,9","+0232,1","+0196,1","99999,9",,,,,,"05,1,+00800,1,08,1",,,"9,AGL   ,+99999,+99999","05,99,1,05,1,99,9,00800,1,99,9,99,9","240,N,+0192,1",,"9,9,999,9,-009,1",,"SYN06843060 32595 50000 10232 20196 4//// 85200 333 20192 59009 555 10033="
"43060099999","2023-04-30T12:00:00","4","18.9833333","73.2833333","695.0","MATHERAN, IN","FM-12","99999","V020","320,1,N,0005,1","22000,1,9,N","002000,1,9,9","+0270,1","+0189,1","99999,9",,,,,,"04,1,+00800,1,08,1",,,"9,AGL   ,+99999,+99999","04,99,1,04,1,99,9,00800,1,99,9,99,9","240,M,+0314,1",,"9,9,999,9,-010,1",,"SYN05843060 32595 43201 10270 20189 4//// 84200 333 10314 59010="
"43060099999","2023-05-01T03:00:00","4","18.9833333","73.2833333","695.0","MATHERAN, IN","FM-12","99999","V020","999,9,C,0000,1","22000,1,9,N","002000,1,9,9","+0236,1","+0167,1","99999,9",,,,,,"04,1,+00800,1,08,1",,,"9,AGL   ,+99999,+99999","04,99,1,04,1,99,9,00800,1,99,9,99,9","240,N,+0196,1",,"9,9,999,9,-004,1",,"SYN07443060 32595 40000 10236 20167 4//// 84200 333 20196 59004 555 00000 10033="
"43060099999","2023-05-01T12:00:00","4","18.9833333","73.2833333","695.0","MATHERAN, IN","FM-12","99999","V020","320,1,N,0005,1","22000,1,9,N","002000,1,9,9","+0270,1","+0141,1","99999,9",,,,,,"04,1,+00800,1,08,1",,,"9,AGL   ,+99999,+99999","04,99,1,04,1,99,9,00800,1,99,9,99,9","240,M,+0310,1",,"9,9,999,9,+006,1",,"SYN05843060 32595 43201 10270 20141 4//// 84200 333 10310 58006="
"43060099999","2023-05-02T03:00:00","4","18.9833333","73.2833333","695.0","MATHERAN, IN","FM-12","99999","V020","999,9,C,0000,1","99999,9,9,N","002000,1,9,9","+0220,1","+0214,1","99999,9","24,0010,3,1","2,1,02,1","2,1,02,1",,,"06,1,+00800,1,08,1",,,"9,AGL   ,+99999,+99999","06,99,1,06,1,99,9,00800,1,99,9,99,9","240,N,+0184,1",,"9,9,999,9,+005,1","21,1","SYN08643060 21595 60000 10220 20214 4//// 72122 86200 333 20184 58005 6001/ 555 00012 10034="
"43060099999","2023-05-02T12:00:00","4","18.9833333","73.2833333","695.0","MATHERAN, IN","FM-12","99999","V020","320,1,N,0005,1","22000,1,9,N","002000,1,9,9","+0260,1","+0167,1","99999,9",,,,,,"02,1,+00800,1,08,1",,,"9,AGL   ,+99999,+99999","02,99,1,02,1,99,9,00800,1,99,9,99,9","240,M,+0306,1",,"9,9,999,9,+002,1",,"SYN05843060 32595 23201 10260 20167 4//// 82200 333 10306 58002="
"43060099999","2023-05-03T03:00:00","4","18.9833333","73.2833333","695.0","MATHERAN, IN","FM-12","99999","V020","140,1,N,0005,1","22000,1,9,N","002000,1,9,9","+0240,1","+0195,1","99999,9",,,,,,"04,1,+00800,1,08,1",,,"9,AGL   ,+99999,+99999","04,99,1,04,1,99,9,00800,1,99,9,99,9","240,N,+0200,1",,"9,9,999,9,+008,1",,"SYN07443060 32595 41401 10240 20195 4//// 84200 333 20200 58008 555 00000 10034="
"43060099999","2023-05-03T12:00:00","4","18.9833333","73.2833333","695.0","MATHERAN, IN","FM-12","99999","V020","320,1,N,0005,1","22000,1,9,N","002000,1,9,9","+0268,1","+0162,1","99999,9",,,,,,"02,1,+00800,1,08,1",,,"9,AGL   ,+99999,+99999","02,99,1,02,1,99,9,00800,1,99,9,99,9","240,M,+0310,1",,"9,9,999,9,+003,1",,"SYN05843060 32595 23201 10268 20162 4//// 82200 333 10310 58003="
"43060099999","2023-05-04T03:00:00","4","18.9833333","73.2833333","695.0","MATHERAN, IN","FM-12","99999","V020","999,9,C,0000,1","22000,1,9,N","002000,1,9,9","+0240,1","+0178,1","99999,9",,,,,,"02,1,+00800,1,08,1",,,"9,AGL   ,+99999,+99999","02,99,1,02,1,99,9,00800,1,99,9,99,9","240,N,+0194,1",,"9,9,999,9,-003,1",,"SYN06843060 32595 20000 10240 20178 4//// 82200 333 20194 59003 555 10034="
"43060099999","2023-05-04T12:00:00","4","18.9833333","73.2833333","695.0","MATHERAN, IN","FM-12","99999","V020","320,1,N,0005,1","22000,1,9,N","002000,1,9,9","+0274,1","+0173,1","99999,9",,,,,,"02,1,+00800,1,08,1",,,"9,AGL   ,+99999,+99999","02,99,1,02,1,99,9,00800,1,99,9,99,9","240,M,+0310,1",,,,"SYN05843060 32595 23201 10274 20173 4//// 82200 333 10310 50002="
"43060099999","2023-05-05T03:00:00","4","18.9833333","73.2833333","695.0","MATHERAN, IN","FM-12","99999","V020","999,9,C,0000,1","22000,1,9,N","002000,1,9,9","+0244,1","+0193,1","99999,9",,,,,,"02,1,+00800,1,08,1",,,"9,AGL   ,+99999,+99999","02,99,1,02,1,99,9,00800,1,99,9,99,9","240,N,+0196,1",,"9,9,999,9,-009,1",,"SYN06843060 32595 20000 10244 20193 4//// 82200 333 20196 59009 555 10034="
"43060099999","2023-05-05T12:00:00","4","18.9833333","73.2833333","695.0","MATHERAN, IN","FM-12","99999","V020","320,1,N,0005,1","22000,1,9,N","002000,1,9,9","+0280,1","+0154,1","99999,9",,,,,,"02,1,+00800,1,08,1",,,"9,AGL   ,+99999,+99999","02,99,1,02,1,99,9,00800,1,99,9,99,9","240,M,+0316,1",,"9,9,999,9,-004,1",,"SYN05843060 32595 23201 10280 20154 4//// 82200 333 10316 59004="
"43060099999","2023-05-06T03:00:00","4","18.9833333","73.2833333","695.0","MATHERAN, IN","FM-12","99999","V020","999,9,C,0000,1","99999,9,9,N","002000,1,9,9","+0226,1","+0202,1","99999,9",,,,,,"07,1,+00800,1,08,1",,,"9,AGL   ,+99999,+99999","07,99,1,07,1,99,9,00800,1,99,9,99,9","240,N,+0204,1",,"9,9,999,9,-004,1",,"SYN06843060 32595 70000 10226 20202 4//// 87200 333 20204 59004 555 10034="
"43060099999","2023-05-07T03:00:00","4","18.9833333","73.2833333","695.0","MATHERAN, IN","FM-12","99999","V020","999,9,C,0000,1","99999,9,9,N","002000,1,9,9","+0230,1","+0184,1","99999,9",,,,,,"06,1,+00800,1,08,1",,,"9,AGL   ,+99999,+99999","06,99,1,06,1,99,9,00800,1,99,9,99,9","240,N,+0206,1",,"9,9,999,9,+003,1",,"SYN06843060 32595 60000 10230 20184 4//// 86200 333 20206 58003 555 10034="
"43060099999","2023-05-07T12:00:00","4","18.9833333","73.2833333","695.0","MATHERAN, IN","FM-12","99999","V020","999,9,C,0000,1","22000,1,9,N","002000,1,9,9","+0276,1","+0172,1","99999,9",,,,,,"02,1,+00800,1,08,1",,,"9,AGL   ,+99999,+99999","02,99,1,02,1,99,9,00800,1,99,9,99,9","240,M,+0308,1",,"9,9,999,9,+002,1",,"SYN05843060 32595 20000 10276 20172 4//// 82200 333 10308 58002="
"43060099999","2023-05-08T03:00:00","4","18.9833333","73.2833333","695.0","MATHERAN, IN","FM-12","99999","V020","999,9,C,0000,1","22000,1,9,N","002000,1,9,9","+0246,1","+0208,1","99999,9",,,,,,"04,1,+00800,1,08,1",,,"9,AGL   ,+99999,+99999","04,99,1,04,1,99,9,00800,1,99,9,99,9","240,N,+0214,1",,"9,9,999,9,-006,1",,"SYN06843060 32595 40000 10246 20208 4//// 84200 333 20214 59006 555 10034="
"43060099999","2023-05-08T12:00:00","4","18.9833333","73.2833333","695.0","MATHERAN, IN","FM-12","99999","V020","320,1,N,0005,1","22000,1,9,N","002000,1,9,9","+0280,1","+0207,1","99999,9",,,,,,"02,1,+00800,1,08,1","99,9,+99999,9,00,1",,"9,AGL   ,+99999,+99999","02,99,1,02,1,99,9,00800,1,99,9,99,9","240,M,+0322,1",,"9,9,999,9,-004,1",,"SYN05843060 32595 23201 10280 20207 4//// 82102 333 10322 59004="
"43060099999","2023-05-09T03:00:00","4","18.9833333","73.2833333","695.0","MATHERAN, IN","FM-12","99999","V020","999,9,C,0000,1","99999,9,9,N","002000,1,9,9","+0250,1","+0215,1","99999,9",,,,,,"07,1,+00800,1,08,1",,,"9,AGL   ,+99999,+99999","07,99,1,07,1,99,9,00800,1,99,9,99,9","240,N,+0230,1",,"9,9,999,9,+006,1",,"SYN06843060 32595 70000 10250 20215 4//// 87200 333 20230 58006 555 10034="
"43060099999","2023-05-09T12:00:00","4","18.9833333","73.2833333","695.0","MATHERAN, IN","FM-12","99999","V020","320,1,N,0005,1","22000,1,9,N","002000,1,9,9","+0290,1","+0218,1","99999,9",,,,,,"02,1,+00800,1,08,1",,,"9,AGL   ,+99999,+99999","02,99,1,02,1,99,9,00800,1,99,9,99,9","240,M,+0328,1",,"9,9,999,9,+003,1",,"SYN05843060 32595 23201 10290 20218 4//// 82100 333 10328 58003="
"43060099999","2023-05-10T03:00:00","4","18.9833333","73.2833333","695.0","MATHERAN, IN","FM-12","99999","V020","999,9,C,0000,1","22000,1,9,N","002000,1,9,9","+0250,1","+0206,1","99999,9",,,,,,"02,1,+00800,1,08,1",,,"9,AGL   ,+99999,+99999","02,99,1,02,1,99,9,00800,1,99,9,99,9","240,N,+0226,1",,"9,9,999,9,+001,1",,"SYN06843060 32595 20000 10250 20206 4//// 82200 333 20226 58001 555 10034="
"43060099999","2023-05-10T12:00:00","4","18.9833333","73.2833333","695.0","MATHERAN, IN","FM-12","99999","V020","999,9,C,0000,1","99999,9,9,N","004000,1,9,9","+0294,1","+0183,1","99999,9",,,,,,,,,,,,,"9,9,999,9,-002,1",,"SYN05243060 32996 00000 10294 20183 4//// 333 10330 59002="
"43060099999","2023-05-11T03:00:00","4","18.9833333","73.2833333","695.0","MATHERAN, IN","FM-12","99999","V020","999,9,C,0000,1","22000,1,9,N","002000,1,9,9","+0254,1","+0170,1","99999,9",,,,,,"01,1,+00800,1,08,1",,,"9,AGL   ,+99999,+99999","01,99,1,01,1,99,9,00800,1,99,9,99,9","240,N,+0232,1",,"9,9,999,9,+001,1",,"SYN07443060 32595 10000 10254 20170 4//// 81100 333 20232 58001 555 00000 10034="
"43060099999","2023-05-11T12:00:00","4","18.9833333","73.2833333","695.0","MATHERAN, IN","FM-12","99999","V020","320,1,N,0005,1","99999,9,9,N","004000,1,9,9","+0306,1","+0194,1","99999,9",,,,,,,,,,,,,"9,9,999,9,-002,1",,"SYN05243060 32996 03201 10306 20194 4//// 333 10372 59002="
"43060099999","2023-05-12T03:00:00","4","18.9833333","73.2833333","695.0","MATHERAN, IN","FM-12","99999","V020","999,9,C,0000,1","99999,9,9,N","004000,1,9,9","+0252,1","+0157,1","99999,9",,,,,,,,,,,"240,N,+0230,1",,"9,9,999,9,+003,1",,"SYN06243060 32996 00000 10252 20157 4//// 333 20230 58003 555 10034="
"43060099999","2023-05-12T12:00:00","4","18.9833333","73.2833333","695.0","MATHERAN, IN","FM-12","99999","V020","320,1,N,0005,1","99999,9,9,N","004000,1,9,9","+0300,1","+0179,1","99999,9",,,,,,,,,,,,,"9,9,999,9,+003,1",,"SYN05243060 32996 03201 10300 20179 4//// 333 10368 58003="
"43060099999","2023-05-13T03:00:00","4","18.9833333","73.2833333","695.0","MATHERAN, IN","FM-12","99999","V020","999,9,C,0000,1","99999,9,9,N","004000,1,9,9","+0260,1","+0216,1","99999,9",,,,,,,,,,,"240,N,+0220,1",,"9,9,999,9,+001,1",,"SYN06243060 32996 00000 10260 20216 4//// 333 20220 58001 555 10034="
"43060099999","2023-05-13T12:00:00","4","18.9833333","73.2833333","695.0","MATHERAN, IN","FM-12","99999","V020","320,1,N,0005,1","99999,9,9,N","004000,1,9,9","+0308,1","+0175,1","99999,9",,,,,,,,,,,"240,M,+0370,1",,"9,9,999,9,+002,1",,"SYN05243060 32996 03201 10308 20175 4//// 333 10370 58002="
"43060099999","2023-05-14T03:00:00","4","18.9833333","73.2833333","695.0","MATHERAN, IN","FM-12","99999","V020","999,9,C,0000,1","99999,9,9,N","004000,1,9,9","+0256,1","+0169,1","99999,9",,,,,,,,,,,"240,N,+0224,1",,"9,9,999,9,-001,1",,"SYN06843060 32996 00000 10256 20169 4//// 333 20224 59001 555 00000 10034="
"43060099999","2023-05-14T12:00:00","4","18.9833333","73.2833333","695.0","MATHERAN, IN","FM-12","99999","V020","320,1,N,0005,1","99999,9,9,N","004000,1,9,9","+0300,1","+0186,1","99999,9",,,,,,,,,,,"240,M,+0362,1",,"9,9,999,9,-011,1",,"SYN05243060 32996 03201 10300 20186 4//// 333 10362 59011="
"43060099999","2023-05-15T03:00:00","4","18.9833333","73.2833333","695.0","MATHERAN, IN","FM-12","99999","V020","999,9,C,0000,1","22000,1,9,N","002000,1,9,9","+0250,1","+0180,1","99999,9",,,,,,"04,1,+00800,1,08,1",,,"9,AGL   ,+99999,+99999","04,99,1,04,1,99,9,00800,1,99,9,99,9","240,N,+0214,1",,"9,9,999,9,+008,1",,"SYN06843060 32595 40000 10250 20180 4//// 84200 333 20214 58008 555 10034="
"43060099999","2023-05-15T12:00:00","4","18.9833333","73.2833333","695.0","MATHERAN, IN","FM-12","99999","V020","320,1,N,0005,1","22000,1,9,N","002000,1,9,9","+0290,1","+0192,1","99999,9",,,,,,"01,1,+00800,1,08,1",,,"9,AGL   ,+99999,+99999","01,99,1,01,1,99,9,00800,1,99,9,99,9","240,M,+0334,1",,"9,9,999,9,+008,1",,"SYN05843060 32595 13201 10290 20192 4//// 81200 333 10334 58008="
"43060099999","2023-05-16T03:00:00","4","18.9833333","73.2833333","695.0","MATHERAN, IN","FM-12","99999","V020","999,9,C,0000,1","22000,1,9,N","002000,1,9,9","+0248,1","+0207,1","99999,9",,,,,,"04,1,+00800,1,08,1",,,"9,AGL   ,+99999,+99999","04,99,1,04,1,99,9,00800,1,99,9,99,9","240,N,+0220,1",,"9,9,999,9,+004,1",,"SYN06843060 32595 40000 10248 20207 4//// 84200 333 20220 58004 555 10034="
"43060099999","2023-05-16T12:00:00","4","18.9833333","73.2833333","695.0","MATHERAN, IN","FM-12","99999","V020","320,1,N,0005,1","22000,1,9,N","002000,1,9,9","+0282,1","+0172,1","99999,9",,,,,,"02,1,+00800,1,08,1",,,"9,AGL   ,+99999,+99999","02,99,1,02,1,99,9,00800,1,99,9,99,9",,,"9,9,999,9,+006,1",,"SYN05843060 32595 23201 10282 20172 4//// 82200 333 10330 58006="
"43060099999","2023-05-17T03:00:00","4","18.9833333","73.2833333","695.0","MATHERAN, IN","FM-12","99999","V020","999,9,C,0000,1","22000,1,9,N","002000,1,9,9","+0242,1","+0207,1","99999,9",,,,,,"03,1,+00800,1,08,1",,,"9,AGL   ,+99999,+99999","03,99,1,03,1,99,9,00800,1,99,9,99,9","240,N,+0212,1",,"9,9,999,9,+002,1",,"SYN06843060 32595 30000 10242 20207 4//// 83200 333 20212 58002 555 10034="
"43060099999","2023-05-17T12:00:00","4","18.9833333","73.2833333","695.0","MATHERAN, IN","FM-12","99999","V020","320,1,N,0005,1","22000,1,9,N","002000,1,9,9","+0296,1","+0174,1","99999,9",,,,,,"02,1,+00800,1,08,1",,,"9,AGL   ,+99999,+99999","02,99,1,02,1,99,9,00800,1,99,9,99,9","240,M,+0342,1",,"9,9,999,9,-002,1",,"SYN05843060 32595 23201 10296 20174 4//// 82200 333 10342 59002="
"43060099999","2023-05-18T03:00:00","4","18.9833333","73.2833333","695.0","MATHERAN, IN","FM-12","99999","V020","999,9,C,0000,1","22000,1,9,N","002000,1,9,9","+0250,1","+0206,1","99999,9",,,,,,"02,1,+00800,1,08,1",,,"9,AGL   ,+99999,+99999","02,99,1,02,1,99,9,00800,1,99,9,99,9","240,N,+0210,1",,"9,9,999,9,+025,1",,"SYN06843060 32595 20000 10250 20206 4//// 82100 333 20210 58025 555 10034="
"43060099999","2023-05-18T12:00:00","4","18.9833333","73.2833333","695.0","MATHERAN, IN","FM-12","99999","V020","140,1,N,0005,1","22000,1,9,N","002000,1,9,9","+0290,1","+0218,1","99999,9",,,,,,"01,1,+00800,1,08,1",,,"9,AGL   ,+99999,+99999","01,99,1,01,1,99,9,00800,1,99,9,99,9","240,M,+0342,1",,"9,9,999,9,+011,1",,"SYN05843060 32595 11401 10290 20218 4//// 81100 333 10342 58011="
"43060099999","2023-05-19T03:00:00","4","18.9833333","73.2833333","695.0","MATHERAN, IN","FM-12","99999","V020","999,9,C,0000,1","99999,9,9,N","004000,1,9,9","+0250,1","+0212,1","99999,9",,,,,,,,,,,"240,N,+0214,1",,"9,9,999,9,-010,1",,"SYN06243060 32996 00000 10250 20212 4//// 333 20214 59010 555 10034="
"43060099999","2023-05-19T12:00:00","4","18.9833333","73.2833333","695.0","MATHERAN, IN","FM-12","99999","V020","320,1,N,0005,1","22000,1,9,N","002000,1,9,9","+0300,1","+0235,1","99999,9",,,,,,"01,1,+00800,1,08,1",,,"9,AGL   ,+99999,+99999","01,99,1,01,1,99,9,00800,1,99,9,99,9","240,M,+0350,1",,"9,9,999,9,-005,1",,"SYN05843060 32595 13201 10300 20235 4//// 81200 333 10350 59005="
"43060099999","2023-05-20T03:00:00","4","18.9833333","73.2833333","695.0","MATHERAN, IN","FM-12","99999","V020","999,9,C,0000,1","22000,1,9,N","002000,1,9,9","+0248,1","+9999,9","99999,9",,,,,,"02,1,+00800,1,08,1",,,"9,AGL   ,+99999,+99999","02,99,1,02,1,99,9,00800,1,99,9,99,9","240,N,+0214,1",,"9,9,999,9,-012,1",,"SYN06843060 32595 20000 10248 20297 4//// 82200 333 20214 59012 555 10034="
"43060099999","2023-05-20T12:00:00","4","18.9833333","73.2833333","695.0","MATHERAN, IN","FM-12","99999","V020","320,1,N,0005,1","99999,9,9,N","004000,1,9,9","+0300,1","+0229,1","99999,9",,,,,,,,,,,"240,M,+0338,1",,"9,9,999,9,-001,1",,"SYN05243060 32996 03201 10300 20229 4//// 333 10338 59001="
"43060099999","2023-05-21T03:00:00","4","18.9833333","73.2833333","695.0","MATHERAN, IN","FM-12","99999","V020","999,9,C,0000,1","22000,1,9,N","002000,1,9,9","+0246,1","+0208,1","99999,9",,,,,,"04,1,+00800,1,08,1",,,"9,AGL   ,+99999,+99999","04,99,1,04,1,99,9,00800,1,99,9,99,9","240,N,+0210,1",,"9,9,999,9,+005,1",,"SYN07443060 32595 40000 10246 20208 4//// 84200 333 20210 58005 555 00000 10034="
"43060099999","2023-05-21T12:00:00","4","18.9833333","73.2833333","695.0","MATHERAN, IN","FM-12","99999","V020","320,1,N,0005,1","22000,1,9,N","002000,1,9,9","+0294,1","+0219,1","99999,9",,,,,,"02,1,+00800,1,08,1",,,"9,AGL   ,+99999,+99999","02,99,1,02,1,99,9,00800,1,99,9,99,9","240,M,+0340,1",,"9,9,999,9,+002,1",,"SYN05843060 32595 23201 10294 20219 4//// 82200 333 10340 58002="
"43060099999","2023-05-22T03:00:00","4","18.9833333","73.2833333","695.0","MATHERAN, IN","FM-12","99999","V020","999,9,C,0000,1","22000,1,9,N","002000,1,9,9","+0250,1","+0215,1","99999,9",,,,,,"04,1,+00800,1,08,1","99,9,+99999,9,03,1",,"9,AGL   ,+99999,+99999","04,99,1,04,1,99,9,00800,1,99,9,99,9","240,N,+0216,1",,"9,9,999,9,+008,1",,"SYN07443060 32595 40000 10250 20215 4//// 84130 333 20216 58008 555 00000 10034="
"43060099999","2023-05-22T12:00:00","4","18.9833333","73.2833333","695.0","MATHERAN, IN","FM-12","99999","V020","320,1,N,0005,1","99999,9,9,N","004000,1,9,9","+0292,1","+0217,1","99999,9",,,,,,,,,,,"240,M,+0336,1",,"9,9,999,9,+003,1",,"SYN05243060 32996 03201 10292 20217 4//// 333 10336 58003="
"43060099999","2023-05-23T03:00:00","4","18.9833333","73.2833333","695.0","MATHERAN, IN","FM-12","99999","V020","999,9,C,0000,1","22000,1,9,N","002000,1,9,9","+0252,1","+0220,1","99999,9",,,,,,"03,1,+00800,1,08,1","99,9,+99999,9,03,1",,"9,AGL   ,+99999,+99999","03,99,1,03,1,99,9,00800,1,99,9,99,9","240,N,+0216,1",,"9,9,999,9,+002,1",,"SYN06843060 32595 30000 10252 20220 4//// 83230 333 20216 58002 555 10034="
"43060099999","2023-05-23T12:00:00","4","18.9833333","73.2833333","695.0","MATHERAN, IN","FM-12","99999","V020","320,1,N,0005,1","99999,9,9,N","004000,1,9,9","+0290,1","+0202,1","99999,9",,,,,,,,,,,"240,M,+0342,1",,"9,9,999,9,-001,1",,"SYN05243060 32996 03201 10290 20202 4//// 333 10342 59001="
"43060099999","2023-05-24T03:00:00","4","18.9833333","73.2833333","695.0","MATHERAN, IN","FM-12","99999","V020","999,9,C,0000,1","22000,1,9,N","002000,1,9,9","+0250,1","+0209,1","99999,9",,,,,,"03,1,+00800,1,08,1",,,"9,AGL   ,+99999,+99999","03,99,1,03,1,99,9,00800,1,99,9,99,9","240,N,+0220,1",,"9,9,999,9,-008,1",,"SYN06843060 32595 30000 10250 20209 4//// 83200 333 20220 59008 555 10034="
"43060099999","2023-05-24T12:00:00","4","18.9833333","73.2833333","695.0","MATHERAN, IN","FM-12","99999","V020","320,1,N,0005,1","99999,9,9,N","004000,1,9,9","+0292,1","+0217,1","99999,9",,,,,,,,,,,"240,M,+0336,1",,"9,9,999,9,+002,1",,"SYN05243060 32996 03201 10292 20217 4//// 333 10336 58002="
"43060099999","2023-05-25T03:00:00","4","18.9833333","73.2833333","695.0","MATHERAN, IN","FM-12","99999","V020","999,9,C,0000,1","22000,1,9,N","002000,1,9,9","+0246,1","+0208,1","99999,9",,,,,,"03,1,+00800,1,08,1",,,"9,AGL   ,+99999,+99999","03,99,1,03,1,99,9,00800,1,99,9,99,9","240,N,+0220,1",,"9,9,999,9,+004,1",,"SYN06843060 32595 30000 10246 20208 4//// 83200 333 20220 58004 555 10034="
"43060099999","2023-05-25T12:00:00","4","18.9833333","73.2833333","695.0","MATHERAN, IN","FM-12","99999","V020","320,1,N,0005,1","22000,1,9,9","002000,1,9,9","+0290,1","+0202,1","99999,9","99,9999,9,9",,,"0,1,99,9","0,1,99,9","03,1,+00600,1,08,1",,,"9,AGL   ,+99999,+99999","03,99,1,03,1,99,9,00600,1,99,9,99,9",,,"9,9,999,9,+003,1",,"SYN004BUFR"
"43060099999","2023-05-26T03:00:00","4","18.9833333","73.2833333","695.0","MATHERAN, IN","FM-12","99999","V020","320,1,N,0005,1","99999,9,9,N","002000,1,9,9","+0240,1","+0220,1","99999,9","24,0080,3,1","2,1,02,1","2,1,02,1",,,"07,1,+00800,1,08,1",,,"9,AGL   ,+99999,+99999","07,99,1,07,1,99,9,00800,1,99,9,99,9","240,N,+0220,1",,"9,9,999,9,+004,1","21,1","SYN08643060 21595 73201 10240 20220 4//// 72122 87200 333 20220 58004 6008/ 555 00078 10042="
"43060099999","2023-05-26T12:00:00","4","18.9833333","73.2833333","695.0","MATHERAN, IN","FM-12","99999","V020","320,1,N,0005,1","22000,1,9,N","002000,1,9,9","+0278,1","+0214,1","99999,9",,,,,,"04,1,+00800,1,08,1",,,"9,AGL   ,+99999,+99999","04,99,1,04,1,99,9,00800,1,99,9,99,9","240,M,+0294,1",,"9,9,999,9,+004,1",,"SYN05843060 32595 43201 10278 20214 4//// 84200 333 10294 58004="
"43060099999","2023-05-27T03:00:00","4","18.9833333","73.2833333","695.0","MATHERAN, IN","FM-12","99999","V020","320,1,N,0005,1","99999,9,9,N","002000,1,9,9","+0248,1","+0222,1","99999,9",,,,,,"05,1,+00800,1,08,1",,,"9,AGL   ,+99999,+99999","05,99,1,05,1,99,9,00800,1,99,9,99,9","240,N,+0214,1",,"9,9,999,9,-006,1",,"SYN07443060 32595 53201 10248 20222 4//// 85200 333 20214 59006 555 00000 10042="
"43060099999","2023-05-27T12:00:00","4","18.9833333","73.2833333","695.0","MATHERAN, IN","FM-12","99999","V020","320,1,N,0005,1","22000,1,9,N","002000,1,9,9","+0280,1","+0190,1","99999,9",,,,,,"03,1,+00800,1,08,1",,,"9,AGL   ,+99999,+99999","03,99,1,03,1,99,9,00800,1,99,9,99,9","240,M,+0300,1",,"9,9,999,9,-006,1",,"SYN05843060 32595 33201 10280 20190 4//// 83200 333 10300 59006="
"43060099999","2023-05-28T03:00:00","4","18.9833333","73.2833333","695.0","MATHERAN, IN","FM-12","99999","V020","320,1,N,0005,1","22000,1,9,N","002000,1,9,9","+0246,1","+0229,1","99999,9",,,,,,"04,1,+00800,1,08,1",,,"9,AGL   ,+99999,+99999","04,99,1,04,1,99,9,00800,1,99,9,99,9","240,N,+0214,1",,"9,9,999,9,-004,1",,"SYN07443060 32595 43201 10246 20229 4//// 84200 333 20214 59004 555 00000 10042="
"43060099999","2023-05-28T12:00:00","4","18.9833333","73.2833333","695.0","MATHERAN, IN","FM-12","99999","V020","320,1,N,0005,1","22000,1,9,N","002000,1,9,9","+0292,1","+0191,1","99999,9",,,,,,"02,1,+00800,1,08,1",,,"9,AGL   ,+99999,+99999","02,99,1,02,1,99,9,00800,1,99,9,99,9","240,M,+0324,1",,"9,9,999,9,-009,1",,"SYN05843060 32595 23201 10292 20191 4//// 82200 333 10324 59009="
"43060099999","2023-05-29T03:00:00","4","18.9833333","73.2833333","695.0","MATHERAN, IN","FM-12","99999","V020","320,1,N,0005,1","22000,1,9,N","002000,1,9,9","+0250,1","+0221,1","99999,9",,,,,,"03,1,+00800,1,08,1",,,"9,AGL   ,+99999,+99999","03,99,1,03,1,99,9,00800,1,99,9,99,9","240,N,+0212,1",,"9,9,999,9,-002,1",,"SYN06843060 32595 33201 10250 20221 4//// 83200 333 20212 59002 555 10042="
"43060099999","2023-05-29T12:00:00","4","18.9833333","73.2833333","695.0","MATHERAN, IN","FM-12","99999","V020","320,1,N,0005,1","22000,1,9,N","002000,1,9,9","+0300,1","+0213,1","99999,9",,,,,,"02,1,+00800,1,08,1",,,"9,AGL   ,+99999,+99999","02,99,1,02,1,99,9,00800,1,99,9,99,9","240,M,+0348,1",,"9,9,999,9,-008,1",,"SYN05843060 32595 23201 10300 20213 4//// 82200 333 10348 59008="
"43060099999","2023-05-30T03:00:00","4","18.9833333","73.2833333","695.0","MATHERAN, IN","FM-12","99999","V020","999,9,C,0000,1","99999,9,9,N","004000,1,9,9","+0270,1","+0227,1","99999,9",,,,,,,,,,,"240,N,+0218,1",,"9,9,999,9,-007,1",,"SYN06243060 32996 00000 10270 20227 4//// 333 20218 59007 555 10042="
"43060099999","2023-05-30T12:00:00","4","18.9833333","73.2833333","695.0","MATHERAN, IN","FM-12","99999","V020","320,1,N,0005,1","22000,1,9,N","002000,1,9,9","+0302,1","+0217,1","99999,9",,,,,,"02,1,+00800,1,08,1",,,"9,AGL   ,+99999,+99999","02,99,1,02,1,99,9,00800,1,99,9,99,9","240,M,+0352,1",,"9,9,999,9,-002,1",,"SYN05843060 32595 23201 10302 20217 4//// 82200 333 10352 59002="
"43060099999","2023-05-31T03:00:00","4","18.9833333","73.2833333","695.0","MATHERAN, IN","FM-12","99999","V020","999,9,C,0000,1","99999,9,9,N","004000,1,9,9","+0266,1","+0223,1","99999,9",,,,,,,,,,,"240,N,+0220,1",,"9,9,999,9,+002,1",,"SYN06243060 32996 00000 10266 20223 4//// 333 20220 58002 555 10042="
"43060099999","2023-05-31T12:00:00","4","18.9833333","73.2833333","695.0","MATHERAN, IN","FM-12","99999","V020","320,1,N,0005,1","22000,1,9,N","002000,1,9,9","+0310,1","+0209,1","99999,9",,,,,,"03,1,+00800,1,08,1","99,9,+99999,9,02,1",,"9,AGL   ,+99999,+99999","03,99,1,03,1,99,9,00800,1,99,9,99,9","240,M,+0354,1",,"9,9,999,9,+000,1",,"SYN05843060 32595 33201 10310 20209 4//// 83205 333 10354 58000="
"43060099999","2023-06-01T03:00:00","4","18.9833333","73.2833333","695.0","MATHERAN, IN","FM-12","99999","V020","999,9,C,0000,1","99999,9,9,N","004000,1,9,9","+0262,1","+0203,1","99999,9",,,,,,,,,,,"240,N,+0220,1",,"9,9,999,9,-007,1",,"SYN06843060 32996 00000 10262 20203 4//// 333 20220 59007 555 00000 10000="
"43060099999","2023-06-02T03:00:00","4","18.9833333","73.2833333","695.0","MATHERAN, IN","FM-12","99999","V020","999,9,C,0000,1","22000,1,9,N","002000,1,9,9","+0258,1","+0214,1","99999,9",,,,,,"03,1,+00800,1,08,1",,,"9,AGL   ,+99999,+99999","03,99,1,03,1,99,9,00800,1,99,9,99,9","240,N,+0216,1",,"9,9,999,9,+004,1",,"SYN07443060 32595 30000 10258 20214 4//// 83200 333 20216 58004 555 00000 10000="
"43060099999","2023-06-02T12:00:00","4","18.9833333","73.2833333","695.0","MATHERAN, IN","FM-12","99999","V020","320,1,N,0005,1","22000,1,9,N","002000,1,9,9","+0300,1","+0197,1","99999,9",,,,,,"02,1,+00800,1,08,1",,,"9,AGL   ,+99999,+99999","02,99,1,02,1,99,9,00800,1,99,9,99,9","240,M,+0350,1",,"9,9,999,9,+004,1",,"SYN05843060 32595 23201 10300 20197 4//// 82200 333 10350 58004="
"43060099999","2023-06-03T03:00:00","4","18.9833333","73.2833333","695.0","MATHERAN, IN","FM-12","99999","V020","999,9,C,0000,1","22000,1,9,N","002000,1,9,9","+0244,1","+0212,1","99999,9",,,,,,"03,1,+00800,1,08,1",,,"9,AGL   ,+99999,+99999","03,99,1,03,1,99,9,00800,1,99,9,99,9","240,N,+0214,1",,"9,9,999,9,-003,1",,"SYN06843060 32595 30000 10244 20212 4//// 83200 333 20214 59003 555 10000="
"43060099999","2023-06-03T12:00:00","4","18.9833333","73.2833333","695.0","MATHERAN, IN","FM-12","99999","V020","320,1,N,0005,1","22000,1,9,N","004000,1,9,9","+0290,1","+0220,1","99999,9",,,,,,"02,1,+00800,1,08,1",,,"9,AGL   ,+99999,+99999","02,99,1,02,1,99,9,00800,1,99,9,99,9",,,"9,9,999,9,-006,1",,"SYN05843060 32596 23201 10290 20220 4//// 82200 333 10350 59006="
"43060099999","2023-06-04T03:00:00","4","18.9833333","73.2833333","695.0","MATHERAN, IN","FM-12","99999","V020","999,9,C,0000,1","99999,9,9,N","002000,1,9,9","+0248,1","+0237,1","99999,9","24,0010,3,1",,,,,"06,1,+00800,1,08,1",,,"9,AGL   ,+99999,+99999","06,99,1,06,1,99,9,00800,1,99,9,99,9","240,N,+0230,1",,"9,9,999,9,+002,1",,"SYN08043060 21595 60000 10248 20237 4//// 86200 333 20230 58002 6001/ 555 00012 10001="
"43060099999","2023-06-04T12:00:00","4","18.9833333","73.2833333","695.0","MATHERAN, IN","FM-12","99999","V020","320,1,N,0005,1","99999,9,9,N","002000,1,9,9","+0266,1","+0220,1","99999,9","09,0120,3,1",,,,,"06,1,+00800,1,08,1","99,9,+99999,9,03,1",,"9,AGL   ,+99999,+99999","06,99,1,06,1,99,9,00800,1,99,9,99,9","240,M,+0300,1",,"9,9,999,9,-001,1",,"SYN06443060 21595 63201 10266 20220 4//// 86230 333 10300 59001 6012/="
"43060099999","2023-06-05T03:00:00","4","18.9833333","73.2833333","695.0","MATHERAN, IN","FM-12","99999","V020","320,1,N,0005,1","99999,9,9,N","002000,1,9,9","+0244,1","+0233,1","99999,9","24,0120,3,1",,,,,"07,1,+00800,1,08,1","99,9,+99999,9,05,1",,"9,AGL   ,+99999,+99999","07,99,1,07,1,99,9,00800,1,99,9,99,9","240,N,+0202,1",,"9,9,999,9,-004,1",,"SYN08043060 21595 73201 10244 20233 4//// 87220 333 20202 59004 6012/ 555 00120 10013="
"43060099999","2023-06-05T12:00:00","4","18.9833333","73.2833333","695.0","MATHERAN, IN","FM-12","99999","V020","320,1,N,0005,1","22000,1,9,N","002000,1,9,9","+0282,1","+0249,1","99999,9",,,,,,"04,1,+00800,1,08,1",,,"9,AGL   ,+99999,+99999","04,99,1,04,1,99,9,00800,1,99,9,99,9","240,M,+0314,1",,"9,9,999,9,-005,1",,"SYN05843060 32595 43201 10282 20249 4//// 84200 333 10314 59005="
"43060099999","2023-06-06T03:00:00","4","18.9833333","73.2833333","695.0","MATHERAN, IN","FM-12","99999","V020","320,1,N,0005,1","99999,9,9,N","002000,1,9,9","+0248,1","+0228,1","99999,9",,,,,,"05,1,+00800,1,08,1","99,9,+99999,9,05,1",,"9,AGL   ,+99999,+99999","05,99,1,05,1,99,9,00800,1,99,9,99,9","240,N,+0198,1",,"9,9,999,9,-003,1",,"SYN06843060 32595 53201 10248 20228 4//// 85220 333 20198 59003 555 10013="
"43060099999","2023-06-06T12:00:00","4","18.9833333","73.2833333","695.0","MATHERAN, IN","FM-12","99999","V020","999,9,C,0000,1","22000,1,9,N","002000,1,9,9","+0314,1","+0203,1","99999,9",,,,,,"03,1,+00800,1,08,1",,,"9,AGL   ,+99999,+99999","03,99,1,03,1,99,9,00800,1,99,9,99,9","240,M,+0330,1",,"9,9,999,9,-002,1",,"SYN05843060 32595 30000 10314 20203 4//// 83200 333 10330 59002="
"43060099999","2023-06-07T03:00:00","4","18.9833333","73.2833333","695.0","MATHERAN, IN","FM-12","99999","V020","320,1,N,0005,1","22000,1,9,N","002000,1,9,9","+0250,1","+0221,1","99999,9",,,,,,"03,1,+00800,1,08,1",,,"9,AGL   ,+99999,+99999","03,99,1,03,1,99,9,00800,1,99,9,99,9","240,N,+0202,1",,"9,9,999,9,-003,1",,"SYN06843060 32595 33201 10250 20221 4//// 83200 333 20202 59003 555 10013="
"43060099999","2023-06-07T12:00:00","4","18.9833333","73.2833333","695.0","MATHERAN, IN","FM-12","99999","V020","999,9,C,0000,1","22000,1,9,N","002000,1,9,9","+0300,1","+0229,1","99999,9",,,,,,"03,2,+00800,1,08,1",,,"9,AGL   ,+99999,+99999","02,99,2,03,2,99,9,00800,1,99,9,99,9","240,M,+0332,1",,"9,9,999,9,+001,1",,"SYN05843060 32595 20000 10300 20229 4//// 83200 333 10332 58001="
"43060099999","2023-06-08T03:00:00","4","18.9833333","73.2833333","695.0","MATHERAN, IN","FM-12","99999","V020","999,9,C,0000,1","22000,1,9,N","002000,1,9,9","+0250,1","+0221,1","99999,9",,,,,,"03,1,+00800,1,08,1",,,"9,AGL   ,+99999,+99999","03,99,1,03,1,99,9,00800,1,99,9,99,9","240,N,+0206,1",,"9,9,999,9,+003,1",,"SYN07443060 32595 30000 10250 20221 4//// 83200 333 20206 58003 555 00000 10013="
"43060099999","2023-06-08T12:00:00","4","18.9833333","73.2833333","695.0","MATHERAN, IN","FM-12","99999","V020","999,9,C,0000,1","22000,1,9,N","002000,1,9,9","+0296,1","+0231,1","99999,9",,,,,,"03,1,+00800,1,08,1",,,"9,AGL   ,+99999,+99999","03,99,1,03,1,99,9,00800,1,99,9,99,9","240,M,+0320,1",,"9,9,999,9,+002,1",,"SYN05843060 32595 30000 10296 20231 4//// 83200 333 10320 58002="
"43060099999","2023-06-09T03:00:00","4","18.9833333","73.2833333","695.0","MATHERAN, IN","FM-12","99999","V020","999,9,C,0000,1","22000,1,9,N","002000,1,9,9","+0246,1","+0223,1","99999,9",,,,,,"03,1,+00800,1,08,1",,,"9,AGL   ,+99999,+99999","03,99,1,03,1,99,9,00800,1,99,9,99,9","240,N,+0224,1",,"9,9,999,9,+007,1",,"SYN06843060 32595 30000 10246 20223 4//// 83200 333 20224 58007 555 10013="
"43060099999","2023-06-09T12:00:00","4","18.9833333","73.2833333","695.0","MATHERAN, IN","FM-12","99999","V020","320,1,N,0005,1","99999,9,9,N","002000,1,9,9","+0256,1","+0221,1","99999,9","09,0060,3,1",,,,,"06,1,+00800,1,08,1",,,"9,AGL   ,+99999,+99999","06,99,1,06,1,99,9,00800,1,99,9,99,9","240,M,+0316,1",,"9,9,999,9,-007,1",,"SYN06443060 21595 63201 10256 20221 4//// 86200 333 10316 59007 6006/="
"43060099999","2023-06-10T03:00:00","4","18.9833333","73.2833333","695.0","MATHERAN, IN","FM-12","99999","V020","230,1,N,0010,1","22000,1,9,N","002000,1,9,9","+0248,1","+0222,1","99999,9","24,0240,3,1",,,,,"03,1,+00800,1,08,1",,,"9,AGL   ,+99999,+99999","03,99,1,03,1,99,9,00800,1,99,9,99,9","240,N,+0222,1",,"9,9,999,9,-014,1",,"SYN08043060 21595 32302 10248 20222 4//// 83200 333 20222 59014 6024/ 555 00244 10038="
"43060099999","2023-06-10T12:00:00","4","18.9833333","73.2833333","695.0","MATHERAN, IN","FM-12","99999","V020","230,1,N,0010,1","22000,1,9,N","002000,1,9,9","+0282,1","+0222,1","99999,9",,,,,,"03,1,+00800,1,08,1",,,"9,AGL   ,+99999,+99999","03,99,1,03,1,99,9,00800,1,99,9,99,9","240,M,+0314,1",,"9,9,999,9,-014,1",,"SYN05843060 32595 32302 10282 20222 4//// 83200 333 10314 59014="
"43060099999","2023-06-11T03:00:00","4","18.9833333","73.2833333","695.0","MATHERAN, IN","FM-12","99999","V020","230,1,N,0015,1","99999,9,9,N","002000,1,9,9","+0250,1","+0221,1","99999,9",,,,,,"05,1,+00800,1,08,1","99,9,+99999,9,03,1",,"9,AGL   ,+99999,+99999","05,99,1,05,1,99,9,00800,1,99,9,99,9","240,N,+0226,1",,"9,9,999,9,-003,1",,"SYN07443060 32595 52303 10250 20221 4//// 85230 333 20226 59003 555 00000 10038="
"43060099999","2023-06-11T12:00:00","4","18.9833333","73.2833333","695.0","MATHERAN, IN","FM-12","99999","V020","230,1,N,0015,1","99999,9,9,N","002000,1,9,9","+0280,1","+0241,1","99999,9","09,0002,3,1","2,1,02,1","2,1,02,1",,,"06,1,+00800,1,08,1",,,"9,AGL   ,+99999,+99999","06,99,1,06,1,99,9,00800,1,99,9,99,9","240,M,+0318,1",,"9,9,999,9,-008,1","21,1","SYN07043060 21595 62303 10280 20241 4//// 72122 86200 333 10318 59008 6992/="
"43060099999","2023-06-12T03:00:00","4","18.9833333","73.2833333","695.0","MATHERAN, IN","FM-12","99999","V020","230,1,N,0021,1","99999,9,9,N","002000,1,9,9","+0250,1","+0227,1","99999,9","24,0002,3,1",,,,,"06,1,+00800,1,08,1",,,"9,AGL   ,+99999,+99999","06,99,1,06,1,99,9,00800,1,99,9,99,9","240,N,+0228,1",,"9,9,999,9,-022,1",,"SYN08043060 21595 62304 10250 20227 4//// 86200 333 20228 59022 6992/ 555 00002 10038="
"43060099999","2023-06-12T12:00:00","4","18.9833333","73.2833333","695.0","MATHERAN, IN","FM-12","99999","V020","230,1,N,0026,1","99999,9,9,N","002000,1,9,9","+0286,1","+0235,1","99999,9",,,,,,"06,1,+00800,1,08,1",,,"9,AGL   ,+99999,+99999","06,99,1,06,1,99,9,00800,1,99,9,99,9","240,M,+0310,1",,"9,9,999,9,-012,1",,"SYN05843060 32595 62305 10286 20235 4//// 86200 333 10310 59012="
"43060099999","2023-06-13T03:00:00","4","18.9833333","73.2833333","695.0","MATHERAN, IN","FM-12","99999","V020","230,1,N,0031,1","99999,9,9,N","002000,1,9,9","+0238,1","+0226,1","99999,9",,,,,,"08,1,+00800,1,07,1",,,"9,AGL   ,+99999,+99999","08,99,1,08,1,99,9,00800,1,99,9,99,9","240,N,+0224,1",,"9,9,999,9,+001,1",,"SYN06843060 32595 82306 10238 20226 4//// 88600 333 20224 58001 555 10038="
"43060099999","2023-06-13T12:00:00","4","18.9833333","73.2833333","695.0","MATHERAN, IN","FM-12","99999","V020","230,1,N,0021,1","99999,9,9,N","002000,1,9,9","+0254,1","+0234,1","99999,9","09,0040,3,1",,,,,"06,1,+00800,1,08,1",,,"9,AGL   ,+99999,+99999","06,99,1,06,1,99,9,00800,1,99,9,99,9","240,M,+0274,1",,"9,9,999,9,+003,1",,"SYN06443060 21595 62304 10254 20234 4//// 86200 333 10274 58003 6004/="
"43060099999","2023-06-14T03:00:00","4","18.9833333","73.2833333","695.0","MATHERAN, IN","FM-12","99999","V020","230,1,N,0026,1","00030,1,W,N","000050,1,9,9","+0236,1","+0233,1","99999,9","24,0120,3,1","6,1,02,1","5,1,02,1",,,"09,1,+99999,9,99,9",,,"9,AGL   ,+99999,+99999","09,99,1,09,1,99,9,99999,9,99,9,99,9","240,N,+0220,1",,"9,9,999,9,+008,1","45,1","SYN08643060 21/91 92305 10236 20233 4//// 74565 89/// 333 20220 58008 6012/ 555 00122 10050="
"43060099999","2023-06-14T12:00:00","4","18.9833333","73.2833333","695.0","MATHERAN, IN","FM-12","99999","V020","230,1,N,0021,1","99999,9,9,N","002000,1,9,9","+0250,1","+0236,1","99999,9","09,0150,3,1","2,1,02,1","2,1,02,1",,,"08,1,+00800,1,07,1",,,"9,AGL   ,+99999,+99999","08,99,1,08,1,99,9,00800,1,99,9,99,9",,,"9,9,999,9,+010,1","21,1","SYN07043060 21595 82304 10250 20236 4//// 72122 88600 333 10260 58010 6015/="
"43060099999","2023-06-15T03:00:00","4","18.9833333","73.2833333","695.0","MATHERAN, IN","FM-12","99999","V020","230,1,N,0021,1","00030,1,W,N","000050,1,9,9","+0236,1","+0233,1","99999,9","24,0170,3,1","6,1,02,1","5,1,02,1",,,"09,1,+99999,9,99,9",,,"9,AGL   ,+99999,+99999","09,99,1,09,1,99,9,99999,9,99,9,99,9","240,N,+0214,1",,"9,9,999,9,+009,1","45,1","SYN08643060 21/91 92304 10236 20233 4//// 74565 89/// 333 20214 58009 6017/ 555 00168 10067="
"43060099999","2023-06-16T03:00:00","4","18.9833333","73.2833333","695.0","MATHERAN, IN","FM-12","99999","V020","230,1,N,0026,1","99999,9,9,N","002000,1,9,9","+0236,1","+0227,1","99999,9",,,,,,"07,1,+00800,1,07,1",,,"9,AGL   ,+99999,+99999","07,99,1,07,1,99,9,00800,1,99,9,99,9","240,N,+0222,1",,"9,9,999,9,-019,1",,"SYN06843060 32595 72305 10236 20227 4//// 87600 333 20222 59019 555 10067="
"43060099999","2023-06-17T03:00:00","4","18.9833333","73.2833333","695.0","MATHERAN, IN","FM-12","99999","V020","230,1,N,0015,1","00030,1,W,N","000050,1,9,9","+0236,1","+0233,1","99999,9","24,0090,3,1","6,1,02,1","5,1,02,1",,,"09,1,+99999,9,99,9",,,"9,AGL   ,+99999,+99999","09,99,1,09,1,99,9,99999,9,99,9,99,9","240,N,+0220,1",,"9,9,999,9,+017,1","45,1","SYN08643060 21/91 92303 10236 20233 4//// 74565 89/// 333 20220 58017 6009/ 555 00090 10076="
"43060099999","2023-06-17T12:00:00","4","18.9833333","73.2833333","695.0","MATHERAN, IN","FM-12","99999","V020","230,1,N,0015,1","00030,1,W,N","000050,1,9,9","+0240,1","+0223,1","99999,9","09,0002,3,1",,,,,"09,1,+99999,9,99,9",,,"9,AGL   ,+99999,+99999","09,99,1,09,1,99,9,99999,9,99,9,99,9","240,M,+0256,1",,"9,9,999,9,+006,1",,"SYN06443060 21/91 92303 10240 20223 4//// 89/// 333 10256 58006 6992/="
"43060099999","2023-06-18T03:00:00","4","18.9833333","73.2833333","695.0","MATHERAN, IN","FM-12","99999","V020","230,1,N,0015,1","00030,1,W,N","000050,1,9,9","+0236,1","+0233,1","99999,9","24,0020,3,1","2,1,02,1","2,1,02,1",,,"09,1,+99999,9,99,9",,,"9,AGL   ,+99999,+99999","09,99,1,09,1,99,9,99999,9,99,9,99,9","240,N,+0222,1",,"9,9,999,9,+004,1","21,1","SYN08643060 21/91 92303 10236 20233 4//// 72122 89/// 333 20222 58004 6002/ 555 00016 10077="
"43060099999","2023-06-18T12:00:00","4","18.9833333","73.2833333","695.0","MATHERAN, IN","FM-12","99999","V020","230,1,N,0005,1","99999,9,9,N","002000,1,9,9","+0236,1","+0227,1","99999,9",,,,,,"07,1,+00800,1,07,1",,,"9,AGL   ,+99999,+99999","07,99,1,07,1,99,9,00800,1,99,9,99,9","240,M,+0270,1",,"9,9,999,9,-002,1",,"SYN05843060 32595 72301 10236 20227 4//// 87600 333 10270 59002="
"43060099999","2023-06-19T03:00:00","4","18.9833333","73.2833333","695.0","MATHERAN, IN","FM-12","99999","V020","230,1,N,0010,1","99999,9,9,N","002000,1,9,9","+0240,1","+0226,1","99999,9",,,,,,"06,1,+00800,1,07,1",,,"9,AGL   ,+99999,+99999","06,99,1,06,1,99,9,00800,1,99,9,99,9","240,N,+0220,1",,"9,9,999,9,-004,1",,"SYN07443060 32595 62302 10240 20226 4//// 86600 333 20220 59004 555 00000 10077="
"43060099999","2023-06-19T12:00:00","4","18.9833333","73.2833333","695.0","MATHERAN, IN","FM-12","99999","V020","230,1,N,0005,1","99999,9,9,N","002000,1,9,9","+0242,1","+0230,1","99999,9",,,,,,"07,1,+00800,1,07,1",,,"9,AGL   ,+99999,+99999","07,99,1,07,1,99,9,00800,1,99,9,99,9","240,M,+0270,1",,"9,9,999,9,-004,1",,"SYN05843060 32595 72301 10242 20230 4//// 87600 333 10270 59004="
"43060099999","2023-06-20T03:00:00","4","18.9833333","73.2833333","695.0","MATHERAN, IN","FM-12","99999","V020","230,1,N,0005,1","99999,9,9,N","002000,1,9,9","+0236,1","+0224,1","99999,9",,,,,,"05,1,+00800,1,07,1",,,"9,AGL   ,+99999,+99999","05,99,1,05,1,99,9,00800,1,99,9,99,9","240,N,+0220,1",,"9,9,999,9,-012,1",,"SYN06843060 32595 52301 10236 20224 4//// 85600 333 20220 59012 555 10077="
"43060099999","2023-06-20T12:00:00","4","18.9833333","73.2833333","695.0","MATHERAN, IN","FM-12","99999","V020","230,1,N,0005,1","99999,9,9,N","002000,1,9,9","+0250,1","+0230,1","99999,9",,,,,,"07,1,+00800,1,07,1",,,"9,AGL   ,+99999,+99999","07,99,1,07,1,99,9,00800,1,99,9,99,9","240,M,+0278,1",,"9,9,999,9,-001,1",,"SYN05843060 32595 72301 10250 20230 4//// 87600 333 10278 59001="
"43060099999","2023-06-21T03:00:00","4","18.9833333","73.2833333","695.0","MATHERAN, IN","FM-12","99999","V020","230,1,N,0005,1","99999,9,9,N","002000,1,9,9","+0240,1","+0226,1","99999,9",,,,,,"08,1,+00800,1,07,1",,,"9,AGL   ,+99999,+99999","08,99,1,08,1,99,9,00800,1,99,9,99,9","240,N,+0216,1",,"9,9,999,9,+006,1",,"SYN07443060 32595 82301 10240 20226 4//// 88600 333 20216 58006 555 00000 10077="
"43060099999","2023-06-21T12:00:00","4","18.9833333","73.2833333","695.0","MATHERAN, IN","FM-12","99999","V020","230,1,N,0005,1","22000,1,9,N","002000,1,9,9","+0260,1","+0216,1","99999,9",,,,,,"03,1,+00800,1,08,1",,,"9,AGL   ,+99999,+99999","03,99,1,03,1,99,9,00800,1,99,9,99,9",,,"9,9,999,9,+003,1",,"SYN05843060 32595 32301 10260 20216 4//// 83200 333 10290 58003="
"43060099999","2023-06-22T03:00:00","4","18.9833333","73.2833333","695.0","MATHERAN, IN","FM-12","99999","V020","230,1,N,0005,1","99999,9,9,N","002000,1,9,9","+0236,1","+0227,1","99999,9","24,0002,3,1",,,,,"08,1,+00800,1,07,1",,,"9,AGL   ,+99999,+99999","08,99,1,08,1,99,9,00800,1,99,9,99,9","240,N,+0222,1",,"9,9,999,9,+003,1",,"SYN08043060 21595 82301 10236 20227 4//// 88600 333 20222 58003 6992/ 555 00002 10078="
"43060099999","2023-06-22T12:00:00","4","18.9833333","73.2833333","695.0","MATHERAN, IN","FM-12","99999","V020","320,1,N,0005,1","22000,1,9,N","002000,1,9,9","+0270,1","+0227,1","99999,9",,,,,,"03,1,+00800,1,08,1",,,"9,AGL   ,+99999,+99999","03,99,1,03,1,99,9,00800,1,99,9,99,9","240,M,+0296,1",,"9,9,999,9,+002,1",,"SYN05843060 32595 33201 10270 20227 4//// 83200 333 10296 58002="
"43060099999","2023-06-23T03:00:00","4","18.9833333","73.2833333","695.0","MATHERAN, IN","FM-12","99999","V020","230,1,N,0005,1","99999,9,9,N","002000,1,9,9","+0240,1","+0234,1","99999,9",,,,,,"07,1,+00800,1,07,1",,,"9,AGL   ,+99999,+99999","07,99,1,07,1,99,9,00800,1,99,9,99,9","240,N,+0220,1",,"9,9,999,9,-005,1",,"SYN07443060 32595 72301 10240 20234 4//// 87600 333 20220 59005 555 00000 10078="
"43060099999","2023-06-23T12:00:00","4","18.9833333","73.2833333","695.0","MATHERAN, IN","FM-12","99999","V020","320,1,N,0005,1","99999,9,9,N","002000,1,9,9","+0260,1","+0229,1","99999,9","09,0050,3,1",,,,,"06,1,+00800,1,08,1",,,"9,AGL   ,+99999,+99999","06,99,1,06,1,99,9,00800,1,99,9,99,9","240,M,+0280,1",,"9,9,999,9,-003,1",,"SYN06443060 21595 63201 10260 20229 4//// 86200 333 10280 59003 6005/="
"43060099999","2023-06-24T03:00:00","4","18.9833333","73.2833333","695.0","MATHERAN, IN","FM-12","99999","V020","230,1,N,0005,1","00030,1,W,N","000050,1,9,9","+0236,1","+0234,1","99999,9","24,0150,3,1","6,1,02,1","5,1,02,1",,,"09,1,+99999,9,99,9",,,"9,AGL   ,+99999,+99999","09,99,1,09,1,99,9,99999,9,99,9,99,9","240,N,+0220,1",,"9,9,999,9,-021,1","61,1","SYN08643060 21/91 92301 10236 20234 4//// 76165 89/// 333 20220 59021 6015/ 555 00150 10093="
"43060099999","2023-06-24T12:00:00","4","18.9833333","73.2833333","695.0","MATHERAN, IN","FM-12","99999","V020","230,1,N,0005,1","00030,1,W,N","000050,1,9,9","+0226,1","+0226,1","99999,9","09,0450,3,1","6,1,02,1","5,1,02,1",,,"09,1,+99999,9,99,9",,,"9,AGL   ,+99999,+99999","09,99,1,09,1,99,9,99999,9,99,9,99,9","240,M,+0260,1",,"9,9,999,9,-018,1","61,1","SYN07043060 21/91 92301 10226 20226 4//// 76165 89/// 333 10260 59018 6045/="
"43060099999","2023-06-25T03:00:00","4","18.9833333","73.2833333","695.0","MATHERAN, IN","FM-12","99999","V020","230,1,N,0005,1","00030,1,W,N","000050,1,9,9","+0220,1","+0217,1","99999,9","24,1430,3,1","6,1,02,1","5,1,02,1",,,"09,1,+99999,9,99,9",,,"9,AGL   ,+99999,+99999","09,99,1,09,1,99,9,99999,9,99,9,99,9","240,N,+0200,1",,"9,9,999,9,-003,1","61,1","SYN07043060 21/91 92301 10220 20217 4//// 76165 89/// 333 20200 59003 6143/="
"43060099999","2023-06-25T12:00:00","4","18.9833333","73.2833333","695.0","MATHERAN, IN","FM-12","99999","V020","999,9,C,0000,1","00000,1,9,9","000050,1,9,9","+0225,1","+0224,1","99999,9",,"6,1,99,9","5,1,99,9",,,"09,1,+00000,1,10,1","99,9,+99999,9,10,1","99,9,+99999,9,10,1","9,AGL   ,+99999,+99999","99,99,9,09,1,99,9,00000,1,99,9,99,9",,,"9,9,999,9,+002,1","21,1","SYN004BUFR"
"43060099999","2023-06-26T03:00:00","4","18.9833333","73.2833333","695.0","MATHERAN, IN","FM-12","99999","V020","230,1,N,0010,1","00030,1,W,N","000050,1,9,9","+0222,1","+0222,1","99999,9","24,0920,3,1","6,1,02,1","5,1,02,1",,,"09,1,+99999,9,99,9",,,"9,AGL   ,+99999,+99999","09,99,1,09,1,99,9,99999,9,99,9,99,9","240,N,+0202,1",,"9,9,999,9,+013,1","65,1","SYN08643060 21/91 92302 10222 20222 4//// 76565 89/// 333 20202 58013 6092/ 555 00924 10328="
"43060099999","2023-06-26T12:00:00","4","18.9833333","73.2833333","695.0","MATHERAN, IN","FM-12","99999","V020","230,1,N,0010,1","00030,1,W,N","000050,1,9,9","+0226,1","+0223,1","99999,9","09,0280,3,1","6,1,02,1","5,1,02,1",,,"09,1,+99999,9,99,9",,,"9,AGL   ,+99999,+99999","09,99,1,09,1,99,9,99999,9,99,9,99,9",,,"9,9,999,9,+006,1","61,1","SYN07043060 21/91 92302 10226 20223 4//// 76165 89/// 333 10240 58006 6028/="
"43060099999","2023-06-27T03:00:00","4","18.9833333","73.2833333","695.0","MATHERAN, IN","FM-12","99999","V020","230,1,N,0010,1","00030,1,W,N","000050,1,9,9","+0220,1","+0220,1","99999,9","24,1200,3,1","8,1,02,1","6,1,02,1",,,"09,1,+99999,9,99,9",,,"9,AGL   ,+99999,+99999","09,99,1,09,1,99,9,99999,9,99,9,99,9","240,N,+0200,1",,"9,9,999,9,-006,1","45,1","SYN08643060 21/91 92302 10220 20220 4//// 74586 89/// 333 20200 59006 6120/ 555 01200 10448="
"43060099999","2023-06-27T12:00:00","4","18.9833333","73.2833333","695.0","MATHERAN, IN","FM-12","99999","V020","230,1,N,0005,1","00030,1,W,N","000050,1,9,9","+0220,1","+0220,1","99999,9","09,0240,3,1","6,1,02,1","5,1,02,1",,,"09,1,+99999,9,99,9",,,"9,AGL   ,+99999,+99999","09,99,1,09,1,99,9,99999,9,99,9,99,9",,,"9,9,999,9,-002,1","61,1","SYN07043060 21/91 92301 10220 20220 4//// 76165 89/// 333 10242 59002 6024/="
"43060099999","2023-06-28T03:00:00","4","18.9833333","73.2833333","695.0","MATHERAN, IN","FM-12","99999","V020","230,1,N,0015,1","00030,1,W,N","000050,1,9,9","+0218,1","+0218,1","99999,9","24,0560,3,1","6,1,02,1","5,1,02,1",,,"09,1,+99999,9,99,9",,,"9,AGL   ,+99999,+99999","09,99,1,09,1,99,9,99999,9,99,9,99,9","240,N,+0196,1",,"9,9,999,9,+007,1","45,1","SYN08643060 21/91 92303 10218 20218 4//// 74565 89/// 333 20196 58007 6056/ 555 00562 10504="
"43060099999","2023-06-28T12:00:00","4","18.9833333","73.2833333","695.0","MATHERAN, IN","FM-12","99999","V020","230,1,N,0005,1","00030,1,W,N","000050,1,9,9","+0218,1","+0218,1","99999,9","09,0280,3,1","6,1,02,1","5,1,02,1",,,"09,1,+99999,9,99,9",,,"9,AGL   ,+99999,+99999","09,99,1,09,1,99,9,99999,9,99,9,99,9",,,"9,9,999,9,+003,1","61,1","SYN07043060 21/91 92301 10218 20218 4//// 76165 89/// 333 10230 58003 6028/="
"43060099999","2023-06-29T03:00:00","4","18.9833333","73.2833333","695.0","MATHERAN, IN","FM-12","99999","V020","230,1,N,0010,1","00030,1,W,N","000050,1,9,9","+0216,1","+0216,1","99999,9","24,0940,3,1","6,1,02,1","5,1,02,1",,,"09,1,+99999,9,99,9",,,"9,AGL   ,+99999,+99999","09,99,1,09,1,99,9,99999,9,99,9,99,9","240,N,+0200,1",,"9,9,999,9,+003,1","61,1","SYN08643060 21/91 92302 10216 20216 4//// 76165 89/// 333 20200 58003 6094/ 555 00940 10598="
"43060099999","2023-06-29T12:00:00","4","18.9833333","73.2833333","695.0","MATHERAN, IN","FM-12","99999","V020","230,1,N,0005,1","00030,1,W,N","000050,1,9,9","+0222,1","+0222,1","99999,9","09,0190,3,1","6,1,02,1","5,1,02,1",,,"09,1,+99999,9,99,9",,,"9,AGL   ,+99999,+99999","09,99,1,09,1,99,9,99999,9,99,9,99,9","240,M,+0232,1",,"9,9,999,9,-002,1","21,1","SYN07043060 21/91 92301 10222 20222 4//// 72165 89/// 333 10232 59002 6019/="
"43060099999","2023-06-30T03:00:00","4","18.9833333","73.2833333","695.0","MATHERAN, IN","FM-12","99999","V020","230,1,N,0015,1","00030,1,W,N","000050,1,9,9","+0220,1","+0220,1","99999,9","24,1000,3,1","6,1,02,1","5,1,02,1",,,"09,1,+99999,9,99,9",,,"9,AGL   ,+99999,+99999","09,99,1,09,1,99,9,99999,9,99,9,99,9","240,N,+0202,1",,"9,9,999,9,+001,1","61,1","SYN08643060 21/91 92303 10220 20220 4//// 76165 89/// 333 20202 58001 6100/ 555 01004 10698="
"43060099999","2023-07-01T03:00:00","4","18.9833333","73.2833333","695.0","MATHERAN, IN","FM-12","99999","V020","230,1,N,0026,1","00030,1,W,N","000050,1,9,9","+0216,1","+0213,1","99999,9","24,1850,3,1","6,1,02,1","5,1,02,1",,,"09,1,+99999,9,99,9",,,"9,AGL   ,+99999,+99999","09,99,1,09,1,99,9,99999,9,99,9,99,9","240,N,+0200,1",,"9,9,999,9,+001,1","61,1","SYN08643060 21/91 92305 10216 20213 4//// 76165 89/// 333 20200 58001 6185/ 555 01850 10883="
"43060099999","2023-07-01T12:00:00","4","18.9833333","73.2833333","695.0","MATHERAN, IN","FM-12","99999","V020","230,1,N,0031,1","00030,1,W,N","000050,1,9,9","+0224,1","+0221,1","99999,9","09,0320,3,1","6,1,02,1","5,1,02,1",,,"09,1,+99999,9,99,9",,,"9,AGL   ,+99999,+99999","09,99,1,09,1,99,9,99999,9,99,9,99,9",,,"9,9,999,9,+001,1","43,1","SYN07043060 21/91 92306 10224 20221 4//// 74365 89/// 333 10232 58001 6032/="
"43060099999","2023-07-02T03:00:00","4","18.9833333","73.2833333","695.0","MATHERAN, IN","FM-12","99999","V020","230,1,N,0015,1","00030,1,W,N","000050,1,9,9","+0228,1","+0225,1","99999,9","24,0770,3,1","6,1,02,1","5,1,02,1",,,"09,1,+99999,9,99,9",,,"9,AGL   ,+99999,+99999","09,99,1,09,1,99,9,99999,9,99,9,99,9","240,N,+0210,1",,"9,9,999,9,-006,1","61,1","SYN08643060 21/91 92303 10228 20225 4//// 76165 89/// 333 20210 59006 6077/ 555 00774 10961="
"43060099999","2023-07-02T12:00:00","4","18.9833333","73.2833333","695.0","MATHERAN, IN","FM-12","99999","V020","230,1,N,0021,1","00030,1,W,N","000050,1,9,9","+0230,1","+0230,1","99999,9","09,0400,3,1","6,1,02,1","5,1,02,1",,,"09,1,+99999,9,99,9",,,"9,AGL   ,+99999,+99999","09,99,1,09,1,99,9,99999,9,99,9,99,9",,,"9,9,999,9,-010,1","61,1","SYN07043060 21/91 92304 10230 20230 4//// 76165 89/// 333 10240 59010 6040/="
"43060099999","2023-07-03T12:00:00","4","18.9833333","73.2833333","695.0","MATHERAN, IN","FM-12","99999","V020","230,1,N,0005,1","00030,1,W,N","000050,1,9,9","+0240,1","+0234,1","99999,9","09,0040,3,1","6,1,02,1","5,1,02,1",,,"09,1,+99999,9,99,9",,,"9,AGL   ,+99999,+99999","09,99,1,09,1,99,9,99999,9,99,9,99,9",,,"9,9,999,9,-012,1","43,1","SYN07043060 21/91 92301 10240 20234 4//// 74365 89/// 333 10252 59012 6004/="
"43060099999","2023-07-04T03:00:00","4","18.9833333","73.2833333","695.0","MATHERAN, IN","FM-12","99999","V020","230,1,N,0005,1","00030,1,W,N","000050,1,9,9","+0228,1","+0225,1","99999,9","24,0720,3,1","6,1,02,1","5,1,02,1",,,"09,1,+99999,9,99,9",,,"9,AGL   ,+99999,+99999","09,99,1,09,1,99,9,99999,9,99,9,99,9","240,N,+0212,1",,"9,9,999,9,-020,1","45,1","SYN08643060 21/91 92301 10228 20225 4//// 74565 89/// 333 20212 59020 6072/ 555 00716 11096="
"43060099999","2023-07-04T12:00:00","4","18.9833333","73.2833333","695.0","MATHERAN, IN","FM-12","99999","V020","230,1,N,0005,1","00030,1,W,N","000050,1,9,9","+0220,1","+0220,1","99999,9","09,0100,3,1","6,1,02,1","5,1,02,1",,,"09,1,+99999,9,99,9",,,"9,AGL   ,+99999,+99999","09,99,1,09,1,99,9,99999,9,99,9,99,9","240,M,+0240,1",,"9,9,999,9,-019,1","61,1","SYN07043060 21/91 92301 10220 20220 4//// 76165 89/// 333 10240 59019 6010/="
"43060099999","2023-07-05T03:00:00","4","18.9833333","73.2833333","695.0","MATHERAN, IN","FM-12","99999","V020","230,1,N,0005,1","00030,1,W,N","000050,1,9,9","+0222,1","+0222,1","99999,9","24,0370,3,1","6,1,02,1","5,1,02,1",,,"09,1,+99999,9,99,9",,,"9,AGL   ,+99999,+99999","09,99,1,09,1,99,9,99999,9,99,9,99,9","240,N,+0210,1",,"9,9,999,9,-016,1","61,1","SYN08643060 21/91 92301 10222 20222 4//// 76165 89/// 333 20210 59016 6037/ 555 00366 11132="
"43060099999","2023-07-05T12:00:00","4","18.9833333","73.2833333","695.0","MATHERAN, IN","FM-12","99999","V020","230,1,N,0005,1","00030,1,W,N","000050,1,9,9","+0220,1","+0220,1","99999,9","09,0090,3,1","6,1,02,1","5,1,02,1",,,"09,1,+99999,9,99,9",,,"9,AGL   ,+99999,+99999","09,99,1,09,1,99,9,99999,9,99,9,99,9","240,M,+0242,1",,"9,9,999,9,-014,1","45,1","SYN07043060 21/91 92301 10220 20220 4//// 74565 89/// 333 10242 59014 6009/="
"43060099999","2023-07-06T03:00:00","4","18.9833333","73.2833333","695.0","MATHERAN, IN","FM-12","99999","V020","230,1,N,0005,1","00030,1,W,N","000050,1,9,9","+0218,1","+0218,1","99999,9","24,0140,3,1","6,1,02,1","5,1,02,1",,,"09,1,+99999,9,99,9",,,"9,AGL   ,+99999,+99999","09,99,1,09,1,99,9,99999,9,99,9,99,9","240,N,+0206,1",,"9,9,999,9,+008,1","61,1","SYN08643060 21/91 92301 10218 20218 4//// 76165 89/// 333 20206 58008 6014/ 555 00144 11147="
"43060099999","2023-07-07T03:00:00","4","18.9833333","73.2833333","695.0","MATHERAN, IN","FM-12","99999","V020","230,1,N,0005,1","00030,1,W,N","000050,1,9,9","+0224,1","+0221,1","99999,9","24,1320,3,1","6,1,02,1","5,1,02,1",,,"09,1,+99999,9,99,9",,,"9,AGL   ,+99999,+99999","09,99,1,09,1,99,9,99999,9,99,9,99,9","240,N,+0202,1",,"9,9,999,9,+017,1","61,1","SYN08643060 21/91 92301 10224 20221 4//// 76165 89/// 333 20202 58017 6132/ 555 01320 11279="
"43060099999","2023-07-07T12:00:00","4","18.9833333","73.2833333","695.0","MATHERAN, IN","FM-12","99999","V020","230,1,N,0021,1","00030,1,W,N","000050,1,9,9","+0226,1","+0224,1","99999,9","09,0460,3,1","6,1,02,1","5,1,02,1",,,"09,1,+99999,9,99,9",,,"9,AGL   ,+99999,+99999","09,99,1,09,1,99,9,99999,9,99,9,99,9","240,M,+0232,1",,"9,9,999,9,+012,1","61,1","SYN07043060 21/91 92304 10226 20224 4//// 76165 89/// 333 10232 58012 6046/="
"43060099999","2023-07-08T03:00:00","4","18.9833333","73.2833333","695.0","MATHERAN, IN","FM-12","99999","V020","230,1,N,0015,1","00030,1,W,N","000050,1,9,9","+0220,1","+0220,1","99999,9","24,1580,3,1","6,1,02,1","5,1,02,1",,,"09,1,+99999,9,99,9",,,"9,AGL   ,+99999,+99999","09,99,1,09,1,99,9,99999,9,99,9,99,9","240,N,+0200,1",,"9,9,999,9,+013,1","61,1","SYN08643060 21/91 92303 10220 20220 4//// 76165 89/// 333 20200 58013 6158/ 555 01584 11437="
"43060099999","2023-07-08T12:00:00","4","18.9833333","73.2833333","695.0","MATHERAN, IN","FM-12","99999","V020","230,1,N,0021,1","00030,1,W,N","000050,1,9,9","+0226,1","+0223,1","99999,9","09,0200,3,1","6,1,02,1","5,1,02,1",,,"09,1,+99999,9,99,9",,,"9,AGL   ,+99999,+99999","09,99,1,09,1,99,9,99999,9,99,9,99,9",,,"9,9,999,9,+011,1","43,1","SYN07043060 21/91 92304 10226 20223 4//// 74365 89/// 333 10232 58011 6020/="
"43060099999","2023-07-09T03:00:00","4","18.9833333","73.2833333","695.0","MATHERAN, IN","FM-12","99999","V020","230,1,N,0026,1","00030,1,W,N","000050,1,9,9","+0224,1","+0221,1","99999,9","24,0450,3,1","6,1,02,1","5,1,02,1",,,"09,1,+99999,9,99,9",,,"9,AGL   ,+99999,+99999","09,99,1,09,1,99,9,99999,9,99,9,99,9","240,N,+0202,1",,"9,9,999,9,+009,1","45,1","SYN08643060 21/91 92305 10224 20221 4//// 74565 89/// 333 20202 58009 6045/ 555 00450 11482="
"43060099999","2023-07-09T12:00:00","4","18.9833333","73.2833333","695.0","MATHERAN, IN","FM-12","99999","V020","230,1,N,0021,1","00030,1,W,N","000050,1,9,9","+0228,1","+0225,1","99999,9","09,0160,3,1","6,1,02,1","5,1,02,1",,,"09,1,+99999,9,99,9",,,"9,AGL   ,+99999,+99999","09,99,1,09,1,99,9,99999,9,99,9,99,9",,,,"43,1","SYN07043060 21/91 92304 10228 20225 4//// 74365 89/// 333 10236 58/// 6016/="
"43060099999","2023-07-10T03:00:00","4","18.9833333","73.2833333","695.0","MATHERAN, IN","FM-12","99999","V020","230,1,N,0021,1","00030,1,W,N","000050,1,9,9","+0220,1","+0220,1","99999,9","24,0340,3,1","6,1,02,1","5,1,02,1",,,"09,1,+99999,9,99,9",,,"9,AGL   ,+99999,+99999","09,99,1,09,1,99,9,99999,9,99,9,99,9","240,N,+0204,1",,"9,9,999,9,+002,1","45,1","SYN08643060 21/91 92304 10220 20220 4//// 74565 89/// 333 20204 58002 6034/ 555 00338 11516="
"43060099999","2023-07-10T12:00:00","4","18.9833333","73.2833333","695.0","MATHERAN, IN","FM-12","99999","V020","230,1,N,0015,1","00240,1,W,N","002000,1,9,9","+0230,1","+0221,1","99999,9",,,,,,"06,1,+00800,1,07,1",,,"9,AGL   ,+99999,+99999","09,99,1,06,1,99,9,00800,1,99,9,99,9",,,"9,9,999,9,+001,1",,"SYN05843060 32595 92303 10230 20221 4//// 86600 333 10238 58001="
"43060099999","2023-07-11T03:00:00","4","18.9833333","73.2833333","695.0","MATHERAN, IN","FM-12","99999","V020","230,1,N,0005,1","00030,1,W,N","000050,1,9,9","+0222,1","+0219,1","99999,9","24,0110,3,1","6,1,02,1","5,1,02,1",,,"09,1,+99999,9,99,9",,,"9,AGL   ,+99999,+99999","09,99,1,09,1,99,9,99999,9,99,9,99,9","240,N,+0210,1",,"9,9,999,9,+010,1","21,1","SYN08643060 21/91 92301 10222 20219 4//// 72165 89/// 333 20210 58010 6011/ 555 00114 11527="
"43060099999","2023-07-11T12:00:00","4","18.9833333","73.2833333","695.0","MATHERAN, IN","FM-12","99999","V020","230,1,N,0015,1","00240,1,W,N","002000,1,9,9","+0228,1","+0222,1","99999,9","09,0060,3,1","2,1,02,1","2,1,02,1",,,"06,1,+00800,1,07,1",,,"9,AGL   ,+99999,+99999","09,99,1,06,1,99,9,00800,1,99,9,99,9","240,M,+0238,1",,"9,9,999,9,+003,1","21,1","SYN07043060 21595 92303 10228 20222 4//// 72122 86600 333 10238 58003 6006/="
"43060099999","2023-07-12T03:00:00","4","18.9833333","73.2833333","695.0","MATHERAN, IN","FM-12","99999","V020","230,1,N,0010,1","00030,1,W,N","000050,1,9,9","+0226,1","+0223,1","99999,9","24,0100,3,1","6,1,02,1","5,1,02,1",,,"09,1,+99999,9,99,9",,,"9,AGL   ,+99999,+99999","09,99,1,09,1,99,9,99999,9,99,9,99,9","240,N,+0214,1",,"9,9,999,9,-010,1","21,1","SYN08643060 21/91 92302 10226 20223 4//// 72165 89/// 333 20214 59010 6010/ 555 00104 11538="
"43060099999","2023-07-12T12:00:00","4","18.9833333","73.2833333","695.0","MATHERAN, IN","FM-12","99999","V020","230,1,N,0010,1","00030,1,W,N","000050,1,9,9","+0230,1","+0227,1","99999,9","09,0120,3,1","6,1,02,1","5,1,02,1",,,"09,1,+99999,9,99,9",,,"9,AGL   ,+99999,+99999","09,99,1,09,1,99,9,99999,9,99,9,99,9","240,M,+0236,1",,"9,9,999,9,-006,1","21,1","SYN07043060 21/91 92302 10230 20227 4//// 72165 89/// 333 10236 59006 6012/="
"43060099999","2023-07-13T03:00:00","4","18.9833333","73.2833333","695.0","MATHERAN, IN","FM-12","99999","V020","230,1,N,0005,1","00030,1,W,N","000050,1,9,9","+0226,1","+0223,1","99999,9","24,0240,3,1","6,1,02,1","5,1,02,1",,,"09,1,+99999,9,99,9",,,"9,AGL   ,+99999,+99999","09,99,1,09,1,99,9,99999,9,99,9,99,9","240,N,+0210,1",,"9,9,999,9,-012,1","21,1","SYN08643060 21/91 92301 10226 20223 4//// 72165 89/// 333 20210 59012 6024/ 555 00240 11562="
"43060099999","2023-07-13T12:00:00","4","18.9833333","73.2833333","695.0","MATHERAN, IN","FM-12","99999","V020","230,1,N,0015,1","00030,1,W,N","000050,1,9,9","+0228,1","+0228,1","99999,9","09,0430,3,1","6,1,02,1","5,1,02,1",,,"09,1,+99999,9,99,9",,,"9,AGL   ,+99999,+99999","09,99,1,09,1,99,9,99999,9,99,9,99,9","240,M,+0236,1",,"9,9,999,9,-006,1","45,1","SYN07043060 21/91 92303 10228 20228 4//// 74565 89/// 333 10236 59006 6043/="
"43060099999","2023-07-14T03:00:00","4","18.9833333","73.2833333","695.0","MATHERAN, IN","FM-12","99999","V020","230,1,N,0005,1","00030,1,W,N","000050,1,9,9","+0216,1","+0213,1","99999,9","24,0710,3,1","6,1,02,1","5,1,02,1",,,"09,1,+99999,9,99,9",,,"9,AGL   ,+99999,+99999","09,99,1,09,1,99,9,99999,9,99,9,99,9","240,N,+0200,1",,"9,9,999,9,+013,1","45,1","SYN08643060 21/91 92301 10216 20213 4//// 74565 89/// 333 20200 58013 6071/ 555 00714 11633="
"43060099999","2023-07-14T12:00:00","4","18.9833333","73.2833333","695.0","MATHERAN, IN","FM-12","99999","V020","230,1,N,0005,1","00030,1,W,N","000050,1,9,9","+0224,1","+0224,1","99999,9","09,0300,3,1","6,1,02,1","5,1,02,1",,,"09,1,+99999,9,99,9",,,"9,AGL   ,+99999,+99999","09,99,1,09,1,99,9,99999,9,99,9,99,9",,,"9,9,999,9,+017,1","45,1","SYN07043060 21/91 92301 10224 20224 4//// 74565 89/// 333 10234 58017 6030/="
"43060099999","2023-07-15T03:00:00","4","18.9833333","73.2833333","695.0","MATHERAN, IN","FM-12","99999","V020","230,1,N,0005,1","00030,1,W,N","000050,1,9,9","+0214,1","+0214,1","99999,9","24,0420,3,1","6,1,02,1","5,1,02,1",,,"09,1,+99999,9,99,9",,,"9,AGL   ,+99999,+99999","09,99,1,09,1,99,9,99999,9,99,9,99,9","240,N,+0186,1",,"9,9,999,9,+010,1","45,1","SYN08643060 21/91 92301 10214 20214 4//// 74565 89/// 333 20186 58010 6042/ 555 00420 11675="
"43060099999","2023-07-15T12:00:00","4","18.9833333","73.2833333","695.0","MATHERAN, IN","FM-12","99999","V020","230,1,N,0010,1","00030,1,W,N","000050,1,9,9","+0226,1","+0223,1","99999,9","09,0140,3,1","6,1,02,1","5,1,02,1",,,"09,1,+99999,9,99,9",,,"9,AGL   ,+99999,+99999","09,99,1,09,1,99,9,99999,9,99,9,99,9",,,"9,9,999,9,+015,1","43,1","SYN07043060 21/91 92302 10226 20223 4//// 74365 89/// 333 10234 58015 6014/="
"43060099999","2023-07-16T03:00:00","4","18.9833333","73.2833333","695.0","MATHERAN, IN","FM-12","99999","V020","230,1,N,0010,1","00030,1,W,N","000050,1,9,9","+0220,1","+0217,1","99999,9","24,0320,3,1","6,1,02,1","5,1,02,1",,,"09,1,+99999,9,99,9",,,"9,AGL   ,+99999,+99999","09,99,1,09,1,99,9,99999,9,99,9,99,9","240,N,+0200,1",,"9,9,999,9,-003,1","43,1","SYN08643060 21/91 92302 10220 20217 4//// 74365 89/// 333 20200 59003 6032/ 555 00318 11707="
"43060099999","2023-07-16T12:00:00","4","18.9833333","73.2833333","695.0","MATHERAN, IN","FM-12","99999","V020","230,1,N,0015,1","00030,1,W,N","000050,1,9,9","+0220,1","+0220,1","99999,9","09,0440,3,1","6,1,02,1","5,1,02,1",,,"09,1,+99999,9,99,9",,,"9,AGL   ,+99999,+99999","09,99,1,09,1,99,9,99999,9,99,9,99,9",,,"9,9,999,9,-002,1","45,1","SYN07043060 21/91 92303 10220 20220 4//// 74565 89/// 333 10232 59002 6044/="
"43060099999","2023-07-17T03:00:00","4","18.9833333","73.2833333","695.0","MATHERAN, IN","FM-12","99999","V020","230,1,N,0005,1","00030,1,W,N","000050,1,9,9","+0220,1","+0217,1","99999,9","24,0920,3,1","8,1,02,1","6,1,02,1",,,"09,1,+99999,9,99,9",,,"9,AGL   ,+99999,+99999","09,99,1,09,1,99,9,99999,9,99,9,99,9","240,N,+0200,1",,"9,9,999,9,-004,1","61,1","SYN08643060 21/91 92301 10220 20217 4//// 76186 89/// 333 20200 59004 6092/ 555 00920 11799="
"43060099999","2023-07-17T12:00:00","4","18.9833333","73.2833333","695.0","MATHERAN, IN","FM-12","99999","V020","320,1,N,0015,1","00030,1,W,N","000050,1,9,9","+0220,1","+0220,1","99999,9","09,0640,3,1","6,1,02,1","5,1,02,1",,,"09,1,+99999,9,99,9",,,"9,AGL   ,+99999,+99999","09,99,1,09,1,99,9,99999,9,99,9,99,9",,,"9,9,999,9,-011,1","45,1","SYN07043060 21/91 93203 10220 20220 4//// 74565 89/// 333 10228 59011 6064/="
"43060099999","2023-07-18T03:00:00","4","18.9833333","73.2833333","695.0","MATHERAN, IN","FM-12","99999","V020","230,1,N,0021,1","00030,1,W,N","000050,1,9,9","+0222,1","+0219,1","99999,9","24,1700,3,1","8,1,02,1","6,1,02,1",,,"09,1,+99999,9,99,9",,,"9,AGL   ,+99999,+99999","09,99,1,09,1,99,9,99999,9,99,9,99,9","240,N,+0202,1",,"9,9,999,9,-004,1","61,1","SYN08643060 21/91 92304 10222 20219 4//// 76186 89/// 333 20202 59004 6170/ 555 01700 11969="
"43060099999","2023-07-18T12:00:00","4","18.9833333","73.2833333","695.0","MATHERAN, IN","FM-12","99999","V020","320,1,N,0021,1","00030,1,W,N","000050,1,9,9","+0218,1","+0215,1","99999,9","09,0530,3,1","6,1,02,1","5,1,02,1",,,"09,1,+99999,9,99,9",,,"9,AGL   ,+99999,+99999","09,99,1,09,1,99,9,99999,9,99,9,99,9",,,"9,9,999,9,-009,1","45,1","SYN07043060 21/91 93204 10218 20215 4//// 74565 89/// 333 10230 59009 6053/="
"43060099999","2023-07-19T03:00:00","4","18.9833333","73.2833333","695.0","MATHERAN, IN","FM-12","99999","V020","230,1,N,0015,1","00030,1,W,N","000050,1,9,9","+0214,1","+0211,1","99999,9","24,3430,3,1","8,1,02,1","6,1,02,1",,,"09,1,+99999,9,99,9",,,"9,AGL   ,+99999,+99999","09,99,1,09,1,99,9,99999,9,99,9,99,9","240,N,+0200,1",,"9,9,999,9,-027,1","61,1","SYN08643060 21/91 92303 10214 20211 4//// 76186 89/// 333 20200 59027 6343/ 555 03426 12311="
"43060099999","2023-07-19T12:00:00","4","18.9833333","73.2833333","695.0","MATHERAN, IN","FM-12","99999","V020","320,1,N,0015,1","00030,1,W,N","000050,1,9,9","+0220,1","+0220,1","99999,9","09,1800,3,1","8,1,02,1","6,1,02,1",,,"09,1,+99999,9,99,9",,,"9,AGL   ,+99999,+99999","09,99,1,09,1,99,9,99999,9,99,9,99,9",,,"9,9,999,9,-009,1","61,1","SYN07043060 21/91 93203 10220 20220 4//// 76186 89/// 333 10224 59009 6180/="
"43060099999","2023-07-20T03:00:00","4","18.9833333","73.2833333","695.0","MATHERAN, IN","FM-12","99999","V020","230,1,N,0021,1","00030,1,W,N","000050,1,9,9","+0220,1","+0220,1","99999,9","24,3980,3,1","8,1,02,1","6,1,02,1",,,"09,1,+99999,9,99,9",,,"9,AGL   ,+99999,+99999","09,99,1,09,1,99,9,99999,9,99,9,99,9","240,N,+0202,1",,"9,9,999,9,-001,1","43,1","SYN08643060 21/91 92304 10220 20220 4//// 74386 89/// 333 20202 59001 6398/ 555 03980 12709="
"43060099999","2023-07-21T03:00:00","4","18.9833333","73.2833333","695.0","MATHERAN, IN","FM-12","99999","V020","230,1,N,0010,1","00030,1,W,N","000050,1,9,9","+0222,1","+0222,1","99999,9","24,1320,3,1","8,1,02,1","6,1,02,1",,,"09,1,+99999,9,99,9",,,"9,AGL   ,+99999,+99999","09,99,1,09,1,99,9,99999,9,99,9,99,9","240,N,+0204,1",,"9,9,999,9,+014,1","61,1","SYN08643060 21/91 92302 10222 20222 4//// 76186 89/// 333 20204 58014 6132/ 555 01324 12842="
"43060099999","2023-07-21T12:00:00","4","18.9833333","73.2833333","695.0","MATHERAN, IN","FM-12","99999","V020","320,1,N,0010,1","00030,1,W,N","000050,1,9,9","+0218,1","+0215,1","99999,9","09,0340,3,1","6,1,02,1","5,1,02,1",,,"09,1,+99999,9,99,9",,,"9,AGL   ,+99999,+99999","09,99,1,09,1,99,9,99999,9,99,9,99,9","240,M,+0228,1",,"9,9,999,9,+012,1","45,1","SYN07043060 21/91 93202 10218 20215 4//// 74565 89/// 333 10228 58012 6034/="
"43060099999","2023-07-22T03:00:00","4","18.9833333","73.2833333","695.0","MATHERAN, IN","FM-12","99999","V020","230,1,N,0021,1","00030,1,W,N","000050,1,9,9","+0220,1","+0220,1","99999,9","24,1110,3,1","8,1,02,1","6,1,02,1",,,"09,1,+99999,9,99,9",,,"9,AGL   ,+99999,+99999","09,99,1,09,1,99,9,99999,9,99,9,99,9","240,N,+0200,1",,"9,9,999,9,+011,1","61,1","SYN08643060 21/91 92304 10220 20220 4//// 76186 89/// 333 20200 58011 6111/ 555 01112 12953="
"43060099999","2023-07-22T12:00:00","4","18.9833333","73.2833333","695.0","MATHERAN, IN","FM-12","99999","V020","320,1,N,0015,1","00030,1,W,N","000050,1,9,9","+0218,1","+0215,1","99999,9","09,0620,3,1","6,1,02,1","5,1,02,1",,,"09,1,+99999,9,99,9",,,"9,AGL   ,+99999,+99999","09,99,1,09,1,99,9,99999,9,99,9,99,9","240,M,+0230,1",,"9,9,999,9,+006,1","45,1","SYN07043060 21/91 93203 10218 20215 4//// 74565 89/// 333 10230 58006 6062/="
"43060099999","2023-07-23T03:00:00","4","18.9833333","73.2833333","695.0","MATHERAN, IN","FM-12","99999","V020","230,1,N,0010,1","00030,1,W,N","000050,1,9,9","+0220,1","+0220,1","99999,9","24,1570,3,1","8,1,02,1","6,1,02,1",,,"09,1,+99999,9,99,9",,,"9,AGL   ,+99999,+99999","09,99,1,09,1,99,9,99999,9,99,9,99,9","240,N,+0204,1",,"9,9,999,9,-009,1","61,1","SYN08643060 21/91 92302 10220 20220 4//// 76186 89/// 333 20204 59009 6157/ 555 01566 13110="
"43060099999","2023-07-23T12:00:00","4","18.9833333","73.2833333","695.0","MATHERAN, IN","FM-12","99999","V020","320,1,N,0010,1","00030,1,W,N","000050,1,9,9","+0218,1","+0215,1","99999,9","09,0210,3,1","6,1,02,1","5,1,02,1",,,"09,1,+99999,9,99,9",,,"9,AGL   ,+99999,+99999","09,99,1,09,1,99,9,99999,9,99,9,99,9","240,M,+0228,1",,"9,9,999,9,-004,1","45,1","SYN07043060 21/91 93202 10218 20215 4//// 74565 89/// 333 10228 59004 6021/="
"43060099999","2023-07-24T03:00:00","4","18.9833333","73.2833333","695.0","MATHERAN, IN","FM-12","99999","V020","230,1,N,0015,1","00030,1,W,N","000050,1,9,9","+0222,1","+0219,1","99999,9","24,1640,3,1","8,1,02,1","6,1,02,1",,,"09,1,+99999,9,99,9",,,"9,AGL   ,+99999,+99999","09,99,1,09,1,99,9,99999,9,99,9,99,9","240,N,+0202,1",,"9,9,999,9,+007,1","61,1","SYN08643060 21/91 92303 10222 20219 4//// 76186 89/// 333 20202 58007 6164/ 555 01640 13274="
"43060099999","2023-07-25T03:00:00","4","18.9833333","73.2833333","695.0","MATHERAN, IN","FM-12","99999","V020","230,1,N,0021,1","00030,1,W,N","000050,1,9,9","+0220,1","+0220,1","99999,9","24,1530,3,1","8,1,02,1","6,1,02,1",,,"09,1,+99999,9,99,9",,,"9,AGL   ,+99999,+99999","09,99,1,09,1,99,9,99999,9,99,9,99,9","240,N,+0206,1",,"9,9,999,9,+008,1","61,1","SYN08643060 21/91 92304 10220 20220 4//// 76186 89/// 333 20206 58008 6153/ 555 01532 13427="
"43060099999","2023-07-25T12:00:00","4","18.9833333","73.2833333","695.0","MATHERAN, IN","FM-12","99999","V020","320,1,N,0015,1","00030,1,W,N","000050,1,9,9","+0220,1","+0220,1","99999,9","09,0710,3,1","6,1,02,1","5,1,02,1",,,"09,1,+99999,9,99,9",,,"9,AGL   ,+99999,+99999","09,99,1,09,1,99,9,99999,9,99,9,99,9","240,M,+0230,1",,"9,9,999,9,+009,1","61,1","SYN07043060 21/91 93203 10220 20220 4//// 76165 89/// 333 10230 58009 6071/="
"43060099999","2023-07-26T03:00:00","4","18.9833333","73.2833333","695.0","MATHERAN, IN","FM-12","99999","V020","230,1,N,0015,1","00030,1,W,N","000050,1,9,9","+0218,1","+0218,1","99999,9","24,1820,3,1","8,1,02,1","6,1,02,1",,,"09,1,+99999,9,99,9",,,"9,AGL   ,+99999,+99999","09,99,1,09,1,99,9,99999,9,99,9,99,9","240,N,+0204,1",,"9,9,999,9,+009,1","61,1","SYN08643060 21/91 92303 10218 20218 4//// 76186 89/// 333 20204 58009 6182/ 555 01820 13609="
"43060099999","2023-07-26T12:00:00","4","18.9833333","73.2833333","695.0","MATHERAN, IN","FM-12","99999","V020","320,1,N,0021,1","00030,1,W,N","000050,1,9,9","+0218,1","+0218,1","99999,9","09,0300,3,1","6,1,02,1","5,1,02,1",,,"09,1,+99999,9,99,9",,,"9,AGL   ,+99999,+99999","09,99,1,09,1,99,9,99999,9,99,9,99,9","240,M,+0230,1",,"9,9,999,9,+010,1","61,1","SYN07043060 21/91 93204 10218 20218 4//// 76165 89/// 333 10230 58010 6030/="
"43060099999","2023-07-27T03:00:00","4","18.9833333","73.2833333","695.0","MATHERAN, IN","FM-12","99999","V020","230,1,N,0015,1","00030,1,W,N","000050,1,9,9","+0216,1","+0213,1","99999,9","24,1450,3,1","8,1,02,1","6,1,02,1",,,"09,1,+99999,9,99,9",,,"9,AGL   ,+99999,+99999","09,99,1,09,1,99,9,99999,9,99,9,99,9","240,N,+0202,1",,"9,9,999,9,+000,1","61,1","SYN08643060 21/91 92303 10216 20213 4//// 76186 89/// 333 20202 58000 6145/ 555 01446 13753="
"43060099999","2023-07-27T12:00:00","4","18.9833333","73.2833333","695.0","MATHERAN, IN","FM-12","99999","V020","230,1,N,0026,1","00030,1,W,N","000050,1,9,9","+0206,1","+0203,1","99999,9","09,1400,3,1","8,1,02,1","6,1,02,1",,,"09,1,+99999,9,99,9",,,"9,AGL   ,+99999,+99999","09,99,1,09,1,99,9,99999,9,99,9,99,9","240,M,+0222,1",,"9,9,999,9,+003,1","61,1","SYN07043060 21/91 92305 10206 20203 4//// 76186 89/// 333 10222 58003 6140/="
"43060099999","2023-07-28T03:00:00","4","18.9833333","73.2833333","695.0","MATHERAN, IN","FM-12","99999","V020","230,1,N,0026,1","00030,1,W,N","000050,1,9,9","+0216,1","+0213,1","99999,9","24,2020,3,1","8,1,02,1","6,1,02,1",,,"09,1,+99999,9,99,9",,,"9,AGL   ,+99999,+99999","09,99,1,09,1,99,9,99999,9,99,9,99,9","240,N,+0200,1",,"9,9,999,9,-003,1","61,1","SYN08643060 21/91 92305 10216 20213 4//// 76186 89/// 333 20200 59003 6202/ 555 02020 13955="
"43060099999","2023-07-28T12:00:00","4","18.9833333","73.2833333","695.0","MATHERAN, IN","FM-12","99999","V020","230,1,N,0021,1","00030,1,W,N","000050,1,9,9","+0218,1","+0215,1","99999,9","09,0470,3,1","6,1,02,1","5,1,02,1",,,"09,1,+99999,9,99,9",,,"9,AGL   ,+99999,+99999","09,99,1,09,1,99,9,99999,9,99,9,99,9","240,M,+0224,1",,"9,9,999,9,+004,1","61,1","SYN07043060 21/91 92304 10218 20215 4//// 76165 89/// 333 10224 58004 6047/="
"43060099999","2023-07-29T03:00:00","4","18.9833333","73.2833333","695.0","MATHERAN, IN","FM-12","99999","V020","230,1,N,0026,1","00030,1,W,N","000050,1,9,9","+0220,1","+0217,1","99999,9","24,0880,3,1","6,1,02,1","5,1,02,1",,,"09,1,+99999,9,99,9",,,"9,AGL   ,+99999,+99999","09,99,1,09,1,99,9,99999,9,99,9,99,9","240,N,+0204,1",,"9,9,999,9,+009,1","43,1","SYN08643060 21/91 92305 10220 20217 4//// 74365 89/// 333 20204 58009 6088/ 555 00876 14043="
"43060099999","2023-07-29T12:00:00","4","18.9833333","73.2833333","695.0","MATHERAN, IN","FM-12","99999","V020","230,1,N,0015,1","00030,1,W,N","000050,1,9,9","+0220,1","+0220,1","99999,9","09,0510,3,1","6,1,02,1","5,1,02,1",,,"09,1,+99999,9,99,9",,,"9,AGL   ,+99999,+99999","09,99,1,09,1,99,9,99999,9,99,9,99,9",,,"9,9,999,9,+003,1","61,1","SYN07043060 21/91 92303 10220 20220 4//// 76165 89/// 333 10224 58003 6051/="
"43060099999","2023-07-30T03:00:00","4","18.9833333","73.2833333","695.0","MATHERAN, IN","FM-12","99999","V020","230,1,N,0026,1","00030,1,W,N","000050,1,9,9","+0218,1","+0215,1","99999,9","24,0720,3,1","6,1,02,1","5,1,02,1",,,"09,1,+99999,9,99,9",,,"9,AGL   ,+99999,+99999","09,99,1,09,1,99,9,99999,9,99,9,99,9","240,N,+0206,1",,"9,9,999,9,-003,1","45,1","SYN08643060 21/91 92305 10218 20215 4//// 74565 89/// 333 20206 59003 6072/ 555 00720 14115="
"43060099999","2023-07-30T12:00:00","4","18.9833333","73.2833333","695.0","MATHERAN, IN","FM-12","99999","V020","230,1,N,0015,1","00030,1,W,N","000050,1,9,9","+0222,1","+0219,1","99999,9","09,0130,3,1","6,1,02,1","5,1,02,1",,,"09,1,+99999,9,99,9",,,"9,AGL   ,+99999,+99999","09,99,1,09,1,99,9,99999,9,99,9,99,9",,,"9,9,999,9,+003,1","43,1","SYN07043060 21/91 92303 10222 20219 4//// 74365 89/// 333 10228 58003 6013/="
"43060099999","2023-07-31T03:00:00","4","18.9833333","73.2833333","695.0","MATHERAN, IN","FM-12","99999","V020","230,1,N,0015,1","00030,1,W,N","000050,1,9,9","+0218,1","+0215,1","99999,9","24,0370,3,1","6,1,02,1","5,1,02,1",,,"09,1,+99999,9,99,9",,,"9,AGL   ,+99999,+99999","09,99,1,09,1,99,9,99999,9,99,9,99,9","240,N,+0206,1",,"9,9,999,9,-011,1","45,1","SYN08643060 21/91 92303 10218 20215 4//// 74565 89/// 333 20206 59011 6037/ 555 00370 14152="
"43060099999","2023-07-31T12:00:00","4","18.9833333","73.2833333","695.0","MATHERAN, IN","FM-12","99999","V020","230,1,N,0015,1","00030,1,W,N","000050,1,9,9","+0218,1","+0215,1","99999,9","09,0100,3,1","6,1,02,1","5,1,02,1",,,"09,1,+99999,9,99,9",,,"9,AGL   ,+99999,+99999","09,99,1,09,1,99,9,99999,9,99,9,99,9",,,"9,9,999,9,-005,1","43,1","SYN07043060 21/91 92303 10218 20215 4//// 74365 89/// 333 10226 59005 6010/="
"43060099999","2023-08-01T03:00:00","4","18.9833333","73.2833333","695.0","MATHERAN, IN","FM-12","99999","V020","230,1,N,0021,1","00030,1,W,N","000050,1,9,9","+0216,1","+0213,1","99999,9","24,0250,3,1","6,1,02,1","5,1,02,1",,,"09,1,+99999,9,99,9",,,"9,AGL   ,+99999,+99999","09,99,1,09,1,99,9,99999,9,99,9,99,9","240,N,+0204,1",,"9,9,999,9,+001,1","45,1","SYN08643060 21/91 92304 10216 20213 4//// 74565 89/// 333 20204 58001 6025/ 555 00254 14177="
"43060099999","2023-08-01T12:00:00","4","18.9833333","73.2833333","695.0","MATHERAN, IN","FM-12","99999","V020","230,1,N,0021,1","00030,1,W,N","000050,1,9,9","+0220,1","+0220,1","99999,9","09,0170,3,1","6,1,02,1","5,1,02,1",,,"09,1,+99999,9,99,9",,,"9,AGL   ,+99999,+99999","09,99,1,09,1,99,9,99999,9,99,9,99,9","240,M,+0230,1",,"9,9,999,9,+003,1","45,1","SYN07043060 21/91 92304 10220 20220 4//// 74565 89/// 333 10230 58003 6017/="
"43060099999","2023-08-02T03:00:00","4","18.9833333","73.2833333","695.0","MATHERAN, IN","FM-12","99999","V020","230,1,N,0015,1","00030,1,W,N","000050,1,9,9","+0218,1","+0215,1","99999,9","24,0400,3,1","6,1,02,1","5,1,02,1",,,"09,1,+99999,9,99,9",,,"9,AGL   ,+99999,+99999","09,99,1,09,1,99,9,99999,9,99,9,99,9","240,N,+0206,1",,"9,9,999,9,+005,1","45,1","SYN08643060 21/91 92303 10218 20215 4//// 74565 89/// 333 20206 58005 6040/ 555 00400 14217="
"43060099999","2023-08-02T12:00:00","4","18.9833333","73.2833333","695.0","MATHERAN, IN","FM-12","99999","V020","230,1,N,0026,1","00030,1,W,N","000050,1,9,9","+0218,1","+0215,1","99999,9","09,0120,3,1","6,1,02,1","5,1,02,1",,,"09,1,+99999,9,99,9",,,"9,AGL   ,+99999,+99999","09,99,1,09,1,99,9,99999,9,99,9,99,9","240,M,+0226,1",,"9,9,999,9,+003,1","43,1","SYN07043060 21/91 92305 10218 20215 4//// 74365 89/// 333 10226 58003 6012/="
"43060099999","2023-08-03T03:00:00","4","18.9833333","73.2833333","695.0","MATHERAN, IN","FM-12","99999","V020","230,1,N,0021,1","00030,1,W,N","000050,1,9,9","+0218,1","+0215,1","99999,9","24,0220,3,1","6,1,02,1","5,1,02,1",,,"09,1,+99999,9,99,9",,,"9,AGL   ,+99999,+99999","09,99,1,09,1,99,9,99999,9,99,9,99,9","240,N,+0204,1",,"9,9,999,9,-002,1","45,1","SYN08643060 21/91 92304 10218 20215 4//// 74565 89/// 333 20204 59002 6022/ 555 00224 14240="
"43060099999","2023-08-03T12:00:00","4","18.9833333","73.2833333","695.0","MATHERAN, IN","FM-12","99999","V020","230,1,N,0021,1","00030,1,W,N","000050,1,9,9","+0216,1","+0213,1","99999,9","09,0150,3,1","6,1,02,1","5,1,02,1",,,"09,1,+99999,9,99,9",,,"9,AGL   ,+99999,+99999","09,99,1,09,1,99,9,99999,9,99,9,99,9","240,M,+0226,1",,"9,9,999,9,-002,1","45,1","SYN07043060 21/91 92304 10216 20213 4//// 74565 89/// 333 10226 59002 6015/="
"43060099999","2023-08-04T03:00:00","4","18.9833333","73.2833333","695.0","MATHERAN, IN","FM-12","99999","V020","230,1,N,0026,1","00030,1,W,N","000050,1,9,9","+0220,1","+0220,1","99999,9","24,0270,3,1","6,1,02,1","5,1,02,1",,,"09,1,+99999,9,99,9",,,"9,AGL   ,+99999,+99999","09,99,1,09,1,99,9,99999,9,99,9,99,9","240,N,+0206,1",,"9,9,999,9,+005,1","45,1","SYN08643060 21/91 92305 10220 20220 4//// 74565 89/// 333 20206 58005 6027/ 555 00266 14266="
"43060099999","2023-08-04T12:00:00","4","18.9833333","73.2833333","695.0","MATHERAN, IN","FM-12","99999","V020","230,1,N,0021,1","00030,1,W,N","000050,1,9,9","+0222,1","+0222,1","99999,9","09,0170,3,1","6,1,02,1","5,1,02,1",,,"09,1,+99999,9,99,9",,,"9,AGL   ,+99999,+99999","09,99,1,09,1,99,9,99999,9,99,9,99,9",,,"9,9,999,9,+007,1","61,1","SYN07043060 21/91 92304 10222 20222 4//// 76165 89/// 333 10228 58007 6017/="
"43060099999","2023-08-05T03:00:00","4","18.9833333","73.2833333","695.0","MATHERAN, IN","FM-12","99999","V020","140,1,N,0026,1","00030,1,W,N","000050,1,9,9","+0220,1","+0217,1","99999,9","24,0570,3,1","6,1,02,1","5,1,02,1",,,"09,1,+99999,9,99,9",,,"9,AGL   ,+99999,+99999","09,99,1,09,1,99,9,99999,9,99,9,99,9","240,N,+0204,1",,"9,9,999,9,+018,1","45,1","SYN08643060 21/91 91405 10220 20217 4//// 74565 89/// 333 20204 58018 6057/ 555 00574 14324="
"43060099999","2023-08-05T12:00:00","4","18.9833333","73.2833333","695.0","MATHERAN, IN","FM-12","99999","V020","230,1,N,0015,1","00030,1,W,N","000050,1,9,9","+0218,1","+0215,1","99999,9","09,0070,3,1","6,1,02,1","5,1,02,1",,,"09,1,+99999,9,99,9",,,"9,AGL   ,+99999,+99999","09,99,1,09,1,99,9,99999,9,99,9,99,9",,,"9,9,999,9,+012,1","43,1","SYN07043060 21/91 92303 10218 20215 4//// 74365 89/// 333 10228 58012 6007/="
"43060099999","2023-08-06T03:00:00","4","18.9833333","73.2833333","695.0","MATHERAN, IN","FM-12","99999","V020","230,1,N,0021,1","00030,1,W,N","000050,1,9,9","+0220,1","+0217,1","99999,9","24,0170,3,1","6,1,02,1","5,1,02,1",,,"09,1,+99999,9,99,9",,,"9,AGL   ,+99999,+99999","09,99,1,09,1,99,9,99999,9,99,9,99,9","240,N,+0204,1",,"9,9,999,9,+002,1","45,1","SYN08643060 21/91 92304 10220 20217 4//// 74565 89/// 333 20204 58002 6017/ 555 00176 14341="
"43060099999","2023-08-06T12:00:00","4","18.9833333","73.2833333","695.0","MATHERAN, IN","FM-12","99999","V020","230,1,N,0015,1","00030,1,W,N","000050,1,9,9","+0220,1","+0217,1","99999,9","09,0070,3,1","6,1,02,1","5,1,02,1",,,"09,1,+99999,9,99,9",,,"9,AGL   ,+99999,+99999","09,99,1,09,1,99,9,99999,9,99,9,99,9",,,"9,9,999,9,-009,1","43,1","SYN07043060 21/91 92303 10220 20217 4//// 74365 89/// 333 10228 59009 6007/="
"43060099999","2023-08-07T03:00:00","4","18.9833333","73.2833333","695.0","MATHERAN, IN","FM-12","99999","V020","230,1,N,0021,1","00030,1,W,N","000050,1,9,9","+0218,1","+0215,1","99999,9","24,0100,3,1","6,1,02,1","5,1,02,1",,,"09,1,+99999,9,99,9",,,"9,AGL   ,+99999,+99999","09,99,1,09,1,99,9,99999,9,99,9,99,9","240,N,+0204,1",,"9,9,999,9,-018,1","43,1","SYN08643060 21/91 92304 10218 20215 4//// 74365 89/// 333 20204 59018 6010/ 555 00104 14352="
"43060099999","2023-08-07T12:00:00","4","18.9833333","73.2833333","695.0","MATHERAN, IN","FM-12","99999","V020","230,1,N,0021,1","00030,1,W,N","000050,1,9,9","+0218,1","+0215,1","99999,9","09,0070,3,1","6,1,02,1","5,1,02,1",,,"09,1,+99999,9,99,9",,,"9,AGL   ,+99999,+99999","09,99,1,09,1,99,9,99999,9,99,9,99,9","240,M,+0230,1",,"9,9,999,9,-012,1","43,1","SYN07043060 21/91 92304 10218 20215 4//// 74365 89/// 333 10230 59012 6007/="
"43060099999","2023-08-08T03:00:00","4","18.9833333","73.2833333","695.0","MATHERAN, IN","FM-12","99999","V020","230,1,N,0026,1","00030,1,W,N","000050,1,9,9","+0218,1","+0215,1","99999,9","24,0120,3,1","6,1,02,1","5,1,02,1",,,"09,1,+99999,9,99,9",,,"9,AGL   ,+99999,+99999","09,99,1,09,1,99,9,99999,9,99,9,99,9","240,N,+0204,1",,"9,9,999,9,-001,1","43,1","SYN08643060 21/91 92305 10218 20215 4//// 74365 89/// 333 20204 59001 6012/ 555 00118 14364="
"43060099999","2023-08-08T12:00:00","4","18.9833333","73.2833333","695.0","MATHERAN, IN","FM-12","99999","V020","230,1,N,0021,1","00030,1,W,N","000050,1,9,9","+0220,1","+0217,1","99999,9","09,0100,3,1","6,1,02,1","5,1,02,1",,,"09,1,+99999,9,99,9",,,"9,AGL   ,+99999,+99999","09,99,1,09,1,99,9,99999,9,99,9,99,9","240,M,+0232,1",,"9,9,999,9,+007,1","43,1","SYN07043060 21/91 92304 10220 20217 4//// 74365 89/// 333 10232 58007 6010/="
"43060099999","2023-08-09T03:00:00","4","18.9833333","73.2833333","695.0","MATHERAN, IN","FM-12","99999","V020","230,1,N,0010,1","00030,1,W,N","000050,1,9,9","+0220,1","+0217,1","99999,9","24,0190,3,1","6,1,02,1","5,1,02,1",,,"09,1,+99999,9,99,9",,,"9,AGL   ,+99999,+99999","09,99,1,09,1,99,9,99999,9,99,9,99,9","240,N,+0206,1",,"9,9,999,9,+029,1","45,1","SYN08643060 21/91 92302 10220 20217 4//// 74565 89/// 333 20206 58029 6019/ 555 00188 14382="
"43060099999","2023-08-09T12:00:00","4","18.9833333","73.2833333","695.0","MATHERAN, IN","FM-12","99999","V020","230,1,N,0005,1","00030,1,W,N","000050,1,9,9","+0220,1","+0217,1","99999,9","09,0030,3,1","6,1,02,1","5,1,02,1",,,"09,1,+99999,9,99,9",,,"9,AGL   ,+99999,+99999","09,99,1,09,1,99,9,99999,9,99,9,99,9","240,M,+0232,1",,"9,9,999,9,+012,1","43,1","SYN07043060 21/91 92301 10220 20217 4//// 74365 89/// 333 10232 58012 6003/="
"43060099999","2023-08-10T03:00:00","4","18.9833333","73.2833333","695.0","MATHERAN, IN","FM-12","99999","V020","230,1,N,0015,1","00030,1,W,N","000050,1,9,9","+0218,1","+0215,1","99999,9","24,0110,3,1","6,1,02,1","5,1,02,1",,,"09,1,+99999,9,99,9",,,"9,AGL   ,+99999,+99999","09,99,1,09,1,99,9,99999,9,99,9,99,9","240,N,+0206,1",,"9,9,999,9,+000,1","43,1","SYN08643060 21/91 92303 10218 20215 4//// 74365 89/// 333 20206 58000 6011/ 555 00106 14393="
"43060099999","2023-08-11T03:00:00","4","18.9833333","73.2833333","695.0","MATHERAN, IN","FM-12","99999","V020","230,1,N,0010,1","00030,1,W,N","000050,1,9,9","+0216,1","+0213,1","99999,9","24,0260,3,1","6,1,02,1","5,1,02,1",,,"09,1,+99999,9,99,9",,,"9,AGL   ,+99999,+99999","09,99,1,09,1,99,9,99999,9,99,9,99,9","240,N,+0204,1",,"9,9,999,9,-003,1","43,1","SYN08643060 21/91 92302 10216 20213 4//// 74365 89/// 333 20204 59003 6026/ 555 00264 14419="
"43060099999","2023-08-11T12:00:00","4","18.9833333","73.2833333","695.0","MATHERAN, IN","FM-12","99999","V020","230,1,N,0010,1","99999,9,9,N","002000,1,9,9","+0222,1","+0219,1","99999,9","09,0008,3,1","2,1,02,1","2,1,02,1",,,"07,1,+00800,1,07,1",,,"9,AGL   ,+99999,+99999","07,99,1,07,1,99,9,00800,1,99,9,99,9","240,M,+0236,1",,"9,9,999,9,-004,1","21,1","SYN07043060 21595 72302 10222 20219 4//// 72122 87600 333 10236 59004 6998/="
"43060099999","2023-08-12T03:00:00","4","18.9833333","73.2833333","695.0","MATHERAN, IN","FM-12","99999","V020","230,1,N,0010,1","00030,1,W,N","000050,1,9,9","+0214,1","+0211,1","99999,9","24,0260,3,1","6,1,02,1","5,1,02,1",,,"09,1,+99999,9,99,9",,,"9,AGL   ,+99999,+99999","09,99,1,09,1,99,9,99999,9,99,9,99,9","240,N,+0200,1",,"9,9,999,9,-001,1","43,1","SYN08643060 21/91 92302 10214 20211 4//// 74365 89/// 333 20200 59001 6026/ 555 00258 14445="
"43060099999","2023-08-12T12:00:00","4","18.9833333","73.2833333","695.0","MATHERAN, IN","FM-12","99999","V020","230,1,N,0010,1","99999,9,9,N","002000,1,9,9","+0220,1","+0217,1","99999,9","09,0060,3,1","2,1,02,1","2,1,02,1",,,"07,1,+00800,1,07,1",,,"9,AGL   ,+99999,+99999","07,99,1,07,1,99,9,00800,1,99,9,99,9",,,"9,9,999,9,-003,1","21,1","SYN07043060 21595 72302 10220 20217 4//// 72122 87600 333 10230 59003 6006/="
"43060099999","2023-08-13T03:00:00","4","18.9833333","73.2833333","695.0","MATHERAN, IN","FM-12","99999","V020","230,1,N,0010,1","00030,1,W,N","000050,1,9,9","+0216,1","+0213,1","99999,9","24,0070,3,1","6,1,02,1","5,1,02,1",,,"09,1,+99999,9,99,9",,,"9,AGL   ,+99999,+99999","09,99,1,09,1,99,9,99999,9,99,9,99,9","240,N,+0202,1",,"9,9,999,9,-016,1","43,1","SYN08643060 21/91 92302 10216 20213 4//// 74365 89/// 333 20202 59016 6007/ 555 00074 14453="
"43060099999","2023-08-13T12:00:00","4","18.9833333","73.2833333","695.0","MATHERAN, IN","FM-12","99999","V020","230,1,N,0015,1","99999,9,9,N","002000,1,9,9","+0220,1","+0217,1","99999,9","09,0060,3,1","2,1,02,1","2,1,02,1",,,"08,1,+00800,1,07,1",,,"9,AGL   ,+99999,+99999","08,99,1,08,1,99,9,00800,1,99,9,99,9","240,M,+0230,1",,"9,9,999,9,-004,1","21,1","SYN07043060 21595 82303 10220 20217 4//// 72122 88600 333 10230 59004 6006/="
"43060099999","2023-08-14T03:00:00","4","18.9833333","73.2833333","695.0","MATHERAN, IN","FM-12","99999","V020","230,1,N,0010,1","00030,1,W,N","000050,1,9,9","+0220,1","+0217,1","99999,9","24,0120,3,1","6,1,02,1","5,1,02,1",,,"09,1,+99999,9,99,9",,,"9,AGL   ,+99999,+99999","09,99,1,09,1,99,9,99999,9,99,9,99,9","240,N,+0204,1",,"9,9,999,9,+003,1","45,1","SYN07043060 21/91 92302 10220 20217 4//// 74565 89/// 333 20204 58003 6012/="
"43060099999","2023-08-14T12:00:00","4","18.9833333","73.2833333","695.0","MATHERAN, IN","FM-12","99999","V020","230,1,N,0015,1","99999,9,9,N","002000,1,9,9","+0220,1","+0211,1","99999,9","09,0002,3,1","2,1,02,1","2,1,02,1",,,"08,1,+00800,1,07,1",,,"9,AGL   ,+99999,+99999","08,99,1,08,1,99,9,00800,1,99,9,99,9","240,M,+0236,1",,"9,9,999,9,+003,1","21,1","SYN07643060 21595 82303 10220 20211 4//// 72122 88600 333 10236 58003 6992/ 8////="
"43060099999","2023-08-15T03:00:00","4","18.9833333","73.2833333","695.0","MATHERAN, IN","FM-12","99999","V020","230,1,N,0010,1","00030,1,W,N","000050,1,9,9","+0220,1","+0217,1","99999,9","24,0010,3,1","6,1,02,1","5,1,02,1",,,"09,1,+99999,9,99,9",,,"9,AGL   ,+99999,+99999","09,99,1,09,1,99,9,99999,9,99,9,99,9","240,N,+0202,1",,"9,9,999,9,+004,1","45,1","SYN08643060 21/91 92302 10220 20217 4//// 74565 89/// 333 20202 58004 6001/ 555 00012 14466="
"43060099999","2023-08-15T12:00:00","4","18.9833333","73.2833333","695.0","MATHERAN, IN","FM-12","99999","V020","230,1,N,0010,1","99999,9,9,N","002000,1,9,9","+0218,1","+0212,1","99999,9","09,0070,3,1","2,1,02,1","2,1,02,1",,,"07,1,+00800,1,07,1",,,"9,AGL   ,+99999,+99999","07,99,1,07,1,99,9,00800,1,99,9,99,9","240,M,+0228,1",,"9,9,999,9,+002,1","21,1","SYN07043060 21595 72302 10218 20212 4//// 72122 87600 333 10228 58002 6007/="
"43060099999","2023-08-16T03:00:00","4","18.9833333","73.2833333","695.0","MATHERAN, IN","FM-12","99999","V020","320,1,N,0010,1","00030,1,W,N","000050,1,9,9","+0220,1","+0220,1","99999,9","24,0110,3,1","6,1,02,1","5,1,02,1",,,"09,1,+99999,9,99,9",,,"9,AGL   ,+99999,+99999","09,99,1,09,1,99,9,99999,9,99,9,99,9","240,N,+0202,1",,"9,9,999,9,+008,1","45,1","SYN08643060 21/91 93202 10220 20220 4//// 74565 89/// 333 20202 58008 6011/ 555 00106 14476="
"43060099999","2023-08-16T12:00:00","4","18.9833333","73.2833333","695.0","MATHERAN, IN","FM-12","99999","V020","230,1,N,0010,1","99999,9,9,N","002000,1,9,9","+0224,1","+0218,1","99999,9","09,0010,3,1","2,1,02,1","2,1,02,1",,,"08,1,+00800,1,07,1",,,"9,AGL   ,+99999,+99999","08,99,1,08,1,99,9,00800,1,99,9,99,9",,,"9,9,999,9,+001,1","21,1","SYN07043060 21595 82302 10224 20218 4//// 72122 88600 333 10232 58001 6001/="
"43060099999","2023-08-17T03:00:00","4","18.9833333","73.2833333","695.0","MATHERAN, IN","FM-12","99999","V020","230,1,N,0005,1","00030,1,W,N","000050,1,9,9","+0216,1","+0213,1","99999,9","24,0110,3,1","6,1,02,1","5,1,02,1",,,"09,1,+99999,9,99,9",,,"9,AGL   ,+99999,+99999","09,99,1,09,1,99,9,99999,9,99,9,99,9","240,N,+0202,1",,"9,9,999,9,+003,1","45,1","SYN08643060 21/91 92301 10216 20213 4//// 74565 89/// 333 20202 58003 6011/ 555 00110 14487="
"43060099999","2023-08-17T12:00:00","4","18.9833333","73.2833333","695.0","MATHERAN, IN","FM-12","99999","V020","230,1,N,0005,1","99999,9,9,N","002000,1,9,9","+0222,1","+0219,1","99999,9","09,0020,3,1","2,1,02,1","2,1,02,1",,,"08,1,+00800,1,07,1",,,"9,AGL   ,+99999,+99999","08,99,1,08,1,99,9,00800,1,99,9,99,9","240,M,+0232,1",,"9,9,999,9,+002,1","43,1","SYN07043060 21595 82301 10222 20219 4//// 74322 88600 333 10232 58002 6002/="
"43060099999","2023-08-18T03:00:00","4","18.9833333","73.2833333","695.0","MATHERAN, IN","FM-12","99999","V020","230,1,N,0005,1","00030,1,W,N","000050,1,9,9","+0216,1","+0213,1","99999,9","24,0040,3,1","6,1,02,1","5,1,02,1",,,"09,1,+99999,9,99,9",,,"9,AGL   ,+99999,+99999","09,99,1,09,1,99,9,99999,9,99,9,99,9","240,N,+0200,1",,"9,9,999,9,-013,1","45,1","SYN08643060 21/91 92301 10216 20213 4//// 74565 89/// 333 20200 59013 6004/ 555 00042 14492="
"43060099999","2023-08-18T12:00:00","4","18.9833333","73.2833333","695.0","MATHERAN, IN","FM-12","99999","V020","230,1,N,0010,1","00030,1,W,N","000050,1,9,9","+0220,1","+0217,1","99999,9","09,0010,3,1","2,1,02,1","2,1,02,1",,,"09,1,+99999,9,99,9",,,"9,AGL   ,+99999,+99999","09,99,1,09,1,99,9,99999,9,99,9,99,9","240,M,+0230,1",,"9,9,999,9,-014,1","43,1","SYN07043060 21/91 92302 10220 20217 4//// 74322 89/// 333 10230 59014 6001/="
"43060099999","2023-08-19T03:00:00","4","18.9833333","73.2833333","695.0","MATHERAN, IN","FM-12","99999","V020","230,1,N,0010,1","00030,1,W,N","000050,1,9,9","+0218,1","+0215,1","99999,9","24,0010,3,1","6,1,02,1","5,1,02,1",,,"09,1,+99999,9,99,9",,,"9,AGL   ,+99999,+99999","09,99,1,09,1,99,9,99999,9,99,9,99,9","240,N,+0202,1",,"9,9,999,9,-017,1","45,1","SYN08643060 21/91 92302 10218 20215 4//// 74565 89/// 333 20202 59017 6001/ 555 00012 14493="
"43060099999","2023-08-19T12:00:00","4","18.9833333","73.2833333","695.0","MATHERAN, IN","FM-12","99999","V020","230,1,N,0010,1","00030,1,W,N","000050,1,9,9","+0206,1","+0203,1","99999,9","09,0020,3,1","2,1,02,1","2,1,02,1",,,"09,1,+99999,9,99,9",,,"9,AGL   ,+99999,+99999","09,99,1,09,1,99,9,99999,9,99,9,99,9","240,M,+0228,1",,"9,9,999,9,-020,1","43,1","SYN07043060 21/91 92302 10206 20203 4//// 74322 89/// 333 10228 59020 6002/="
"43060099999","2023-08-20T03:00:00","4","18.9833333","73.2833333","695.0","MATHERAN, IN","FM-12","99999","V020","230,1,N,0015,1","00030,1,W,N","000050,1,9,9","+0216,1","+0213,1","99999,9","24,0190,3,1","6,1,02,1","5,1,02,1",,,"09,1,+99999,9,99,9",,,"9,AGL   ,+99999,+99999","09,99,1,09,1,99,9,99999,9,99,9,99,9","240,N,+0190,1",,"9,9,999,9,+003,1","61,1","SYN08643060 21/91 92303 10216 20213 4//// 76165 89/// 333 20190 58003 6019/ 555 00186 14511="
"43060099999","2023-08-20T12:00:00","4","18.9833333","73.2833333","695.0","MATHERAN, IN","FM-12","99999","V020","230,1,N,0010,1","00030,1,W,N","000050,1,9,9","+0206,1","+0203,1","99999,9","09,0040,3,1","2,1,02,1","2,1,02,1",,,"09,1,+99999,9,99,9",,,"9,AGL   ,+99999,+99999","09,99,1,09,1,99,9,99999,9,99,9,99,9",,,"9,9,999,9,+001,1","45,1","SYN07043060 21/91 92302 10206 20203 4//// 74522 89/// 333 10226 58001 6004/="
"43060099999","2023-08-21T03:00:00","4","18.9833333","73.2833333","695.0","MATHERAN, IN","FM-12","99999","V020","230,1,N,0010,1","00030,1,W,N","000050,1,9,9","+0216,1","+0213,1","99999,9","24,0060,3,1","6,1,02,1","5,1,02,1",,,"09,1,+99999,9,99,9",,,"9,AGL   ,+99999,+99999","09,99,1,09,1,99,9,99999,9,99,9,99,9","240,N,+0200,1",,"9,9,999,9,+005,1","45,1","SYN08643060 21/91 92302 10216 20213 4//// 74565 89/// 333 20200 58005 6006/ 555 00056 14517="
"43060099999","2023-08-21T12:00:00","4","18.9833333","73.2833333","695.0","MATHERAN, IN","FM-12","99999","V020","230,1,N,0005,1","00030,1,W,N","000050,1,9,9","+0220,1","+0217,1","99999,9","09,0002,3,1","2,1,02,1","2,1,02,1",,,"09,1,+99999,9,99,9",,,"9,AGL   ,+99999,+99999","09,99,1,09,1,99,9,99999,9,99,9,99,9","240,M,+0230,1",,"9,9,999,9,+003,1","43,1","SYN07043060 21/91 92301 10220 20217 4//// 74322 89/// 333 10230 58003 6992/="
"43060099999","2023-08-22T03:00:00","4","18.9833333","73.2833333","695.0","MATHERAN, IN","FM-12","99999","V020","230,1,N,0010,1","00030,1,W,N","000050,1,9,9","+0220,1","+0217,1","99999,9","24,0110,3,1","6,1,02,1","5,1,02,1",,,"09,1,+99999,9,99,9",,,"9,AGL   ,+99999,+99999","09,99,1,09,1,99,9,99999,9,99,9,99,9","240,N,+0198,1",,"9,9,999,9,-006,1","45,1","SYN08643060 21/91 92302 10220 20217 4//// 74565 89/// 333 20198 59006 6011/ 555 00108 14528="
"43060099999","2023-08-22T12:00:00","4","18.9833333","73.2833333","695.0","MATHERAN, IN","FM-12","99999","V020","230,1,N,0005,1","00030,1,W,N","000050,1,9,9","+0220,1","+0217,1","99999,9","09,0170,3,1","6,1,02,1","5,1,02,1",,,"09,1,+99999,9,99,9",,,"9,AGL   ,+99999,+99999","09,99,1,09,1,99,9,99999,9,99,9,99,9","240,M,+0228,1",,"9,9,999,9,-005,1","61,1","SYN07043060 21/91 92301 10220 20217 4//// 76165 89/// 333 10228 59005 6017/="
"43060099999","2023-08-23T03:00:00","4","18.9833333","73.2833333","695.0","MATHERAN, IN","FM-12","99999","V020","230,1,N,0005,1","00030,1,W,N","000050,1,9,9","+0218,1","+0215,1","99999,9","24,0290,3,1","6,1,02,1","5,1,02,1",,,"09,1,+99999,9,99,9",,,"9,AGL   ,+99999,+99999","09,99,1,09,1,99,9,99999,9,99,9,99,9","240,N,+0200,1",,"9,9,999,9,-006,1","43,1","SYN08643060 21/91 92301 10218 20215 4//// 74365 89/// 333 20200 59006 6029/ 555 00294 14557="
"43060099999","2023-08-23T12:00:00","4","18.9833333","73.2833333","695.0","MATHERAN, IN","FM-12","99999","V020","230,1,N,0005,1","00030,1,W,N","000050,1,9,9","+0216,1","+0213,1","99999,9","09,0150,3,1","6,1,02,1","5,1,02,1",,,"09,1,+99999,9,99,9",,,"9,AGL   ,+99999,+99999","09,99,1,09,1,99,9,99999,9,99,9,99,9","240,M,+0228,1",,"9,9,999,9,-003,1","43,1","SYN07043060 21/91 92301 10216 20213 4//// 74365 89/// 333 10228 59003 6015/="
"43060099999","2023-08-24T03:00:00","4","18.9833333","73.2833333","695.0","MATHERAN, IN","FM-12","99999","V020","230,1,N,0005,1","00030,1,W,N","000050,1,9,9","+0218,1","+0215,1","99999,9","24,0230,3,1","6,1,02,1","5,1,02,1",,,"09,1,+99999,9,99,9",,,"9,AGL   ,+99999,+99999","09,99,1,09,1,99,9,99999,9,99,9,99,9","240,N,+0198,1",,"9,9,999,9,-004,1","43,1","SYN08643060 21/91 92301 10218 20215 4//// 74365 89/// 333 20198 59004 6023/ 555 00234 14581="
"43060099999","2023-08-24T12:00:00","4","18.9833333","73.2833333","695.0","MATHERAN, IN","FM-12","99999","V020","230,1,N,0005,1","00030,1,W,N","000050,1,9,9","+0216,1","+0213,1","99999,9","09,0110,3,1","6,1,02,1","5,1,02,1",,,"09,1,+99999,9,99,9",,,"9,AGL   ,+99999,+99999","09,99,1,09,1,99,9,99999,9,99,9,99,9","240,M,+0230,1",,"9,9,999,9,-003,1","43,1","SYN07043060 21/91 92301 10216 20213 4//// 74365 89/// 333 10230 59003 6011/="
"43060099999","2023-08-25T03:00:00","4","18.9833333","73.2833333","695.0","MATHERAN, IN","FM-12","99999","V020","230,1,N,0010,1","00030,1,W,N","000050,1,9,9","+0220,1","+0217,1","99999,9","24,0430,3,1","6,1,02,1","5,1,02,1",,,"09,1,+99999,9,99,9",,,"9,AGL   ,+99999,+99999","09,99,1,09,1,99,9,99999,9,99,9,99,9","240,N,+0202,1",,"9,9,999,9,-003,1","43,1","SYN08643060 21/91 92302 10220 20217 4//// 74365 89/// 333 20202 59003 6043/ 555 00434 14624="
"43060099999","2023-08-25T12:00:00","4","18.9833333","73.2833333","695.0","MATHERAN, IN","FM-12","99999","V020","230,1,N,0005,1","00030,1,W,N","000050,1,9,9","+0220,1","+0217,1","99999,9","09,0090,3,1","6,1,02,1","5,1,02,1",,,"09,1,+99999,9,99,9",,,"9,AGL   ,+99999,+99999","09,99,1,09,1,99,9,99999,9,99,9,99,9","240,M,+0230,1",,"9,9,999,9,+001,1","43,1","SYN07043060 21/91 92301 10220 20217 4//// 74365 89/// 333 10230 58001 6009/="
"43060099999","2023-08-26T03:00:00","4","18.9833333","73.2833333","695.0","MATHERAN, IN","FM-12","99999","V020","230,1,N,0010,1","00030,1,W,N","000050,1,9,9","+0220,1","+0217,1","99999,9","24,0310,3,1","6,1,02,1","5,1,02,1",,,"09,1,+99999,9,99,9",,,"9,AGL   ,+99999,+99999","09,99,1,09,1,99,9,99999,9,99,9,99,9","240,N,+0204,1",,"9,9,999,9,-007,1","43,1","SYN08643060 21/91 92302 10220 20217 4//// 74365 89/// 333 20204 59007 6031/ 555 00314 14655="
"43060099999","2023-08-26T12:00:00","4","18.9833333","73.2833333","695.0","MATHERAN, IN","FM-12","99999","V020","230,1,N,0005,1","00030,1,W,N","000050,1,9,9","+0218,1","+0215,1","99999,9","09,0190,3,1","6,1,02,1","5,1,02,1",,,"09,1,+99999,9,99,9",,,"9,AGL   ,+99999,+99999","09,99,1,09,1,99,9,99999,9,99,9,99,9","240,M,+0230,1",,"9,9,999,9,+011,1","43,1","SYN07043060 21/91 92301 10218 20215 4//// 74365 89/// 333 10230 58011 6019/="
"43060099999","2023-08-27T03:00:00","4","18.9833333","73.2833333","695.0","MATHERAN, IN","FM-12","99999","V020","230,1,N,0010,1","00030,1,W,N","000050,1,9,9","+0216,1","+0213,1","99999,9","24,0330,3,1","6,1,02,1","5,1,02,1",,,"09,1,+99999,9,99,9",,,"9,AGL   ,+99999,+99999","09,99,1,09,1,99,9,99999,9,99,9,99,9","240,N,+0202,1",,"9,9,999,9,+013,1","43,1","SYN08643060 21/91 92302 10216 20213 4//// 74365 89/// 333 20202 58013 6033/ 555 00336 14689="
"43060099999","2023-08-27T12:00:00","4","18.9833333","73.2833333","695.0","MATHERAN, IN","FM-12","99999","V020","230,1,N,0005,1","00030,1,W,N","000050,1,9,9","+0210,1","+0207,1","99999,9","09,0450,3,1","6,1,02,1","5,1,02,1",,,"09,1,+99999,9,99,9",,,"9,AGL   ,+99999,+99999","09,99,1,09,1,99,9,99999,9,99,9,99,9","240,M,+0230,1",,"9,9,999,9,+007,1","43,1","SYN07043060 21/91 92301 10210 20207 4//// 74365 89/// 333 10230 58007 6045/="
"43060099999","2023-08-28T03:00:00","4","18.9833333","73.2833333","695.0","MATHERAN, IN","FM-12","99999","V020","230,1,N,0010,1","00030,1,W,N","000050,1,9,9","+0216,1","+0213,1","99999,9","24,0490,3,1","6,1,02,1","5,1,02,1",,,"09,1,+99999,9,99,9",,,"9,AGL   ,+99999,+99999","09,99,1,09,1,99,9,99999,9,99,9,99,9","240,N,+0192,1",,"9,9,999,9,-006,1","43,1","SYN08643060 21/91 92302 10216 20213 4//// 74365 89/// 333 20192 59006 6049/ 555 00486 14738="
"43060099999","2023-08-28T12:00:00","4","18.9833333","73.2833333","695.0","MATHERAN, IN","FM-12","99999","V020","230,1,N,0010,1","00030,1,W,N","000050,1,9,9","+0216,1","+0213,1","99999,9","09,0120,3,1","6,1,02,1","5,1,02,1",,,"09,1,+99999,9,99,9",,,"9,AGL   ,+99999,+99999","09,99,1,09,1,99,9,99999,9,99,9,99,9","240,M,+0232,1",,"9,9,999,9,-004,1","43,1","SYN07043060 21/91 92302 10216 20213 4//// 74365 89/// 333 10232 59004 6012/="
"43060099999","2023-08-29T03:00:00","4","18.9833333","73.2833333","695.0","MATHERAN, IN","FM-12","99999","V020","230,1,N,0005,1","00030,1,W,N","000050,1,9,9","+0218,1","+0215,1","99999,9","24,0120,3,1","6,1,02,1","5,1,02,1",,,"09,1,+99999,9,99,9",,,"9,AGL   ,+99999,+99999","09,99,1,09,1,99,9,99999,9,99,9,99,9","240,N,+0198,1",,"9,9,999,9,-011,1","43,1","SYN08643060 21/91 92301 10218 20215 4//// 74365 89/// 333 20198 59011 6012/ 555 00124 14750="
"43060099999","2023-08-29T12:00:00","4","18.9833333","73.2833333","695.0","MATHERAN, IN","FM-12","99999","V020","230,1,N,0005,1","99999,9,9,N","002000,1,9,9","+0230,1","+0215,1","99999,9","09,0006,3,1","2,1,02,1","2,1,02,1",,,"06,1,+00800,1,08,1",,,"9,AGL   ,+99999,+99999","06,99,1,06,1,99,9,00800,1,99,9,99,9",,,"9,9,999,9,-007,1","21,1","SYN07043060 21595 62301 10230 20215 4//// 72122 86200 333 10246 59007 6996/="
"43060099999","2023-08-30T03:00:00","4","18.9833333","73.2833333","695.0","MATHERAN, IN","FM-12","99999","V020","999,9,C,0000,1","99999,9,9,N","002000,1,9,9","+0218,1","+0212,1","99999,9","24,0006,3,1",,,,,"06,1,+00800,1,08,1",,,"9,AGL   ,+99999,+99999","06,99,1,06,1,99,9,00800,1,99,9,99,9","240,N,+0200,1",,"9,9,999,9,+018,1",,"SYN08043060 21595 60000 10218 20212 4//// 86200 333 20200 58018 6996/ 555 00006 14751="
"43060099999","2023-08-30T12:00:00","4","18.9833333","73.2833333","695.0","MATHERAN, IN","FM-12","99999","V020","230,1,N,0005,1","99999,9,9,N","002000,1,9,9","+0232,1","+0214,1","99999,9",,,,,,"06,1,+00800,1,08,1",,,"9,AGL   ,+99999,+99999","06,99,1,06,1,99,9,00800,1,99,9,99,9","240,M,+0248,1",,"9,9,999,9,+008,1",,"SYN05843060 32595 62301 10232 20214 4//// 86200 333 10248 58008="
"43060099999","2023-08-31T03:00:00","4","18.9833333","73.2833333","695.0","MATHERAN, IN","FM-12","99999","V020","999,9,C,0000,1","99999,9,9,N","002000,1,9,9","+0216,1","+0213,1","99999,9",,,,,,"06,1,+00800,1,08,1",,,"9,AGL   ,+99999,+99999","06,99,1,06,1,99,9,00800,1,99,9,99,9","240,N,+0190,1",,"9,9,999,9,-002,1",,"SYN07443060 31595 60000 10216 20213 4//// 86200 333 20190 59002 555 00000 14751="
"43060099999","2023-09-01T12:00:00","4","18.9833333","73.2833333","695.0","MATHERAN, IN","FM-12","99999","V020","230,1,N,0005,1","99999,9,9,N","002000,1,9,9","+0246,1","+0237,1","99999,9",,,,,,"06,1,+00800,1,08,1",,,"9,AGL   ,+99999,+99999","06,99,1,06,1,99,9,00800,1,99,9,99,9","240,M,+0264,1",,"9,9,999,9,+003,1",,"SYN05843060 32595 62301 10246 20237 4//// 86200 333 10264 58003="
"43060099999","2023-09-02T03:00:00","4","18.9833333","73.2833333","695.0","MATHERAN, IN","FM-12","99999","V020","999,9,C,0000,1","00030,1,W,N","000050,1,9,9","+0218,1","+0216,1","99999,9","24,0530,3,1","6,1,02,1","5,1,02,1",,,"09,1,+99999,9,99,9",,,"9,AGL   ,+99999,+99999","09,99,1,09,1,99,9,99999,9,99,9,99,9","240,N,+0206,1",,"9,9,999,9,+008,1","21,1","SYN08643060 21/91 90000 10218 20216 4//// 72165 89/// 333 20206 58008 6053/ 555 00534 14816="
"43060099999","2023-09-02T12:00:00","4","18.9833333","73.2833333","695.0","MATHERAN, IN","FM-12","99999","V020","320,1,N,0005,1","00030,1,W,N","000050,1,9,9","+0220,1","+0217,1","99999,9",,"6,1,02,1","5,1,02,1",,,"09,1,+99999,9,99,9",,,"9,AGL   ,+99999,+99999","09,99,1,09,1,99,9,99999,9,99,9,99,9","240,M,+0236,1",,"9,9,999,9,+002,1","43,1","SYN06443060 21/91 93201 10220 20217 4//// 74365 89/// 333 10236 58002="
"43060099999","2023-09-03T03:00:00","4","18.9833333","73.2833333","695.0","MATHERAN, IN","FM-12","99999","V020","999,9,C,0000,1","00030,1,W,N","000050,1,9,9","+0222,1","+0219,1","99999,9","24,0400,3,1","6,1,02,1","5,1,02,1",,,"09,1,+99999,9,99,9",,,"9,AGL   ,+99999,+99999","09,99,1,09,1,99,9,99999,9,99,9,99,9","240,N,+0200,1",,"9,9,999,9,-002,1","43,1","SYN08643060 21/91 90000 10222 20219 4//// 74365 89/// 333 20200 59002 6040/ 555 00404 14856="
"43060099999","2023-09-03T12:00:00","4","18.9833333","73.2833333","695.0","MATHERAN, IN","FM-12","99999","V020","230,1,N,0005,1","00030,1,W,N","000050,1,9,9","+0210,1","+0201,1","99999,9","09,0080,3,1","6,1,02,1","5,1,02,1",,,"09,1,+99999,9,99,9",,,"9,AGL   ,+99999,+99999","09,99,1,09,1,99,9,99999,9,99,9,99,9","240,M,+0232,1",,"9,9,999,9,-013,1","43,1","SYN07043060 21/91 92301 10210 20201 4//// 74365 89/// 333 10232 59013 6008/="
"43060099999","2023-09-04T03:00:00","4","18.9833333","73.2833333","695.0","MATHERAN, IN","FM-12","99999","V020","999,9,C,0000,1","00030,1,W,N","000050,1,9,9","+0210,1","+0207,1","99999,9","24,0080,3,1","6,1,02,1","5,1,02,1",,,"09,1,+99999,9,99,9",,,"9,AGL   ,+99999,+99999","09,99,1,09,1,99,9,99999,9,99,9,99,9","240,N,+0194,1",,"9,9,999,9,-007,1","43,1","SYN08643060 21/91 90000 10210 20207 4//// 74365 89/// 333 20194 59007 6008/ 555 00080 14864="
"43060099999","2023-09-04T12:00:00","4","18.9833333","73.2833333","695.0","MATHERAN, IN","FM-12","99999","V020","230,1,N,0005,1","00030,1,W,N","000050,1,9,9","+0228,1","+0222,1","99999,9","09,0040,3,1","6,1,02,1","5,1,02,1",,,"09,1,+99999,9,99,9",,,"9,AGL   ,+99999,+99999","09,99,1,09,1,99,9,99999,9,99,9,99,9",,,"9,9,999,9,-009,1","43,1","SYN07043060 21/91 92301 10228 20222 4//// 74365 89/// 333 10252 59009 6004/="
"43060099999","2023-09-05T03:00:00","4","18.9833333","73.2833333","695.0","MATHERAN, IN","FM-12","99999","V020","999,9,C,0000,1","99999,9,9,N","002000,1,9,9","+0212,1","+0203,1","99999,9","24,0040,3,1",,,,,"06,1,+00800,1,08,1",,,"9,AGL   ,+99999,+99999","06,99,1,06,1,99,9,00800,1,99,9,99,9","240,N,+0196,1",,"9,9,999,9,-002,1",,"SYN08043060 21595 60000 10212 20203 4//// 86200 333 20196 59002 6004/ 555 00036 14868="
"43060099999","2023-09-05T12:00:00","4","18.9833333","73.2833333","695.0","MATHERAN, IN","FM-12","99999","V020","230,1,N,0005,1","99999,9,9,N","002000,1,9,9","+0238,1","+0226,1","99999,9",,,,,,"06,1,+00800,1,08,1",,,"9,AGL   ,+99999,+99999","06,99,1,06,1,99,9,00800,1,99,9,99,9",,,"9,9,999,9,-004,1",,"SYN05843060 32595 62301 10238 20226 4//// 86200 333 10260 59004="
"43060099999","2023-09-06T03:00:00","4","18.9833333","73.2833333","695.0","MATHERAN, IN","FM-12","99999","V020","230,1,N,0005,1","99999,9,9,N","002000,1,9,9","+0220,1","+0217,1","99999,9",,,,,,"08,1,+00800,1,07,1",,,"9,AGL   ,+99999,+99999","08,99,1,08,1,99,9,00800,1,99,9,99,9","240,N,+0204,1",,"9,9,999,9,+001,1",,"SYN07443060 32595 82301 10220 20217 4//// 88600 333 20204 58001 555 00000 14868="
"43060099999","2023-09-06T12:00:00","4","18.9833333","73.2833333","695.0","MATHERAN, IN","FM-12","99999","V020","230,1,N,0005,1","99999,9,9,N","002000,1,9,9","+0236,1","+0227,1","99999,9",,,,,,"05,1,+00800,1,08,1",,,"9,AGL   ,+99999,+99999","05,99,1,05,1,99,9,00800,1,99,9,99,9",,,"9,9,999,9,+003,1",,"SYN05843060 32595 52301 10236 20227 4//// 85200 333 10260 58003="
"43060099999","2023-09-07T03:00:00","4","18.9833333","73.2833333","695.0","MATHERAN, IN","FM-12","99999","V020","230,1,N,0010,1","00030,1,W,N","000050,1,9,9","+0198,1","+0195,1","99999,9","24,0330,3,1","6,1,02,1","5,1,02,1",,,"09,1,+99999,9,99,9",,,"9,AGL   ,+99999,+99999","09,99,1,09,1,99,9,99999,9,99,9,99,9","240,N,+0198,1",,"9,9,999,9,-005,1","61,1","SYN08643060 21/91 92302 10198 20195 4//// 76165 89/// 333 20198 59005 6033/ 555 00330 14901="
"43060099999","2023-09-07T12:00:00","4","18.9833333","73.2833333","695.0","MATHERAN, IN","FM-12","99999","V020","230,1,N,0005,1","00030,1,W,N","000050,1,9,9","+0210,1","+0210,1","99999,9","09,0450,3,1","6,1,02,1","5,1,02,1",,,"09,1,+99999,9,99,9",,,"9,AGL   ,+99999,+99999","09,99,1,09,1,99,9,99999,9,99,9,99,9",,,"9,9,999,9,+001,1","61,1","SYN07043060 21/91 92301 10210 20210 4//// 76165 89/// 333 10218 58001 6045/="
"43060099999","2023-09-08T03:00:00","4","18.9833333","73.2833333","695.0","MATHERAN, IN","FM-12","99999","V020","320,1,N,0010,1","00030,1,W,N","000050,1,9,9","+0220,1","+0217,1","99999,9","24,1620,3,1","8,1,02,1","6,1,02,1",,,"09,1,+99999,9,99,9",,,"9,AGL   ,+99999,+99999","09,99,1,09,1,99,9,99999,9,99,9,99,9","240,N,+0194,1",,"9,9,999,9,-003,1","45,1","SYN08643060 21/91 93202 10220 20217 4//// 74586 89/// 333 20194 59003 6162/ 555 01620 15063="
"43060099999","2023-09-08T12:00:00","4","18.9833333","73.2833333","695.0","MATHERAN, IN","FM-12","99999","V020","230,1,N,0010,1","00030,1,W,N","000050,1,9,9","+0216,1","+0216,1","99999,9","09,0690,3,1","8,1,02,1","6,1,02,1",,,"09,1,+99999,9,99,9",,,"9,AGL   ,+99999,+99999","09,99,1,09,1,99,9,99999,9,99,9,99,9",,,"9,9,999,9,+002,1","45,1","SYN07043060 21/91 92302 10216 20216 4//// 74586 89/// 333 10228 58002 6069/="
"43060099999","2023-09-09T03:00:00","4","18.9833333","73.2833333","695.0","MATHERAN, IN","FM-12","99999","V020","320,1,N,0015,1","00030,1,W,N","000050,1,9,9","+0220,1","+0220,1","99999,9","24,0880,3,1","8,1,02,1","6,1,02,1",,,"09,1,+99999,9,99,9",,,"9,AGL   ,+99999,+99999","09,99,1,09,1,99,9,99999,9,99,9,99,9","240,N,+0190,1",,"9,9,999,9,+004,1","45,1","SYN08643060 21/91 93203 10220 20220 4//// 74586 89/// 333 20190 58004 6088/ 555 00876 15150="
"43060099999","2023-09-09T12:00:00","4","18.9833333","73.2833333","695.0","MATHERAN, IN","FM-12","99999","V020","320,1,N,0021,1","00030,1,W,N","000050,1,9,9","+0222,1","+0219,1","99999,9","09,0050,3,1","6,1,02,1","5,1,02,1",,,"09,1,+99999,9,99,9",,,"9,AGL   ,+99999,+99999","09,99,1,09,1,99,9,99999,9,99,9,99,9","240,M,+0230,1",,"9,9,999,9,+001,1","45,1","SYN07043060 21/91 93204 10222 20219 4//// 74565 89/// 333 10230 58001 6005/="
"43060099999","2023-09-10T03:00:00","4","18.9833333","73.2833333","695.0","MATHERAN, IN","FM-12","99999","V020","320,1,N,0010,1","00030,1,W,N","000050,1,9,9","+0222,1","+0222,1","99999,9","24,0100,3,1","6,1,02,1","5,1,02,1",,,"09,1,+99999,9,99,9",,,"9,AGL   ,+99999,+99999","09,99,1,09,1,99,9,99999,9,99,9,99,9","240,N,+0210,1",,"9,9,999,9,-002,1","45,1","SYN08643060 21/91 93202 10222 20222 4//// 74565 89/// 333 20210 59002 6010/ 555 00104 15161="
"43060099999","2023-09-10T12:00:00","4","18.9833333","73.2833333","695.0","MATHERAN, IN","FM-12","99999","V020","320,1,N,0010,1","00030,1,W,N","000050,1,9,9","+0224,1","+0221,1","99999,9","09,0070,3,1","6,1,02,1","5,1,02,1",,,"09,1,+99999,9,99,9",,,"9,AGL   ,+99999,+99999","09,99,1,09,1,99,9,99999,9,99,9,99,9",,,"9,9,999,9,+003,1","45,1","SYN07043060 21/91 93202 10224 20221 4//// 74565 89/// 333 10232 58003 6007/="
"43060099999","2023-09-11T03:00:00","4","18.9833333","73.2833333","695.0","MATHERAN, IN","FM-12","99999","V020","999,9,C,0000,1","00030,1,W,N","000050,1,9,9","+0224,1","+0221,1","99999,9","24,0080,3,1","6,1,02,1","5,1,02,1",,,"09,1,+99999,9,99,9",,,"9,AGL   ,+99999,+99999","09,99,1,09,1,99,9,99999,9,99,9,99,9","240,N,+0208,1",,"9,9,999,9,+005,1","43,1","SYN08643060 21/91 90000 10224 20221 4//// 74365 89/// 333 20208 58005 6008/ 555 00082 15169="
"43060099999","2023-09-11T12:00:00","4","18.9833333","73.2833333","695.0","MATHERAN, IN","FM-12","99999","V020","320,1,N,0010,1","00030,1,W,N","000050,1,9,9","+0226,1","+0223,1","99999,9","09,0030,3,1","6,1,02,1","5,1,02,1",,,"09,1,+99999,9,99,9",,,"9,AGL   ,+99999,+99999","09,99,1,09,1,99,9,99999,9,99,9,99,9","240,M,+0240,1",,"9,9,999,9,+002,1","43,1","SYN07043060 21/91 93202 10226 20223 4//// 74365 89/// 333 10240 58002 6003/="
"43060099999","2023-09-12T03:00:00","4","18.9833333","73.2833333","695.0","MATHERAN, IN","FM-12","99999","V020","230,1,N,0005,1","00030,1,W,N","000050,1,9,9","+0218,1","+0215,1","99999,9","24,0040,3,1","6,1,02,1","5,1,02,1",,,"09,1,+99999,9,99,9",,,"9,AGL   ,+99999,+99999","09,99,1,09,1,99,9,99999,9,99,9,99,9","240,N,+0200,1",,"9,9,999,9,+004,1","43,1","SYN08643060 21/91 92301 10218 20215 4//// 74365 89/// 333 20200 58004 6004/ 555 00044 15173="
"43060099999","2023-09-12T12:00:00","4","18.9833333","73.2833333","695.0","MATHERAN, IN","FM-12","99999","V020","320,1,N,0005,1","99999,9,9,N","002000,1,9,9","+0226,1","+0223,1","99999,9","09,0030,3,1","6,1,02,1","5,1,02,1",,,"08,1,+00800,1,07,1",,,"9,AGL   ,+99999,+99999","08,99,1,08,1,99,9,00800,1,99,9,99,9","240,M,+0240,1",,"9,9,999,9,+004,1","21,1","SYN07043060 21595 83201 10226 20223 4//// 72165 88600 333 10240 58004 6003/="
"43060099999","2023-09-13T03:00:00","4","18.9833333","73.2833333","695.0","MATHERAN, IN","FM-12","99999","V020","230,1,N,0005,1","00030,1,W,N","000050,1,9,9","+0220,1","+0217,1","99999,9","24,0030,3,1","6,1,02,1","5,1,02,1",,,"09,1,+99999,9,99,9",,,"9,AGL   ,+99999,+99999","09,99,1,09,1,99,9,99999,9,99,9,99,9","240,N,+0194,1",,"9,9,999,9,+001,1","43,1","SYN08643060 21/91 92301 10220 20217 4//// 74365 89/// 333 20194 58001 6003/ 555 00032 15176="
"43060099999","2023-09-13T12:00:00","4","18.9833333","73.2833333","695.0","MATHERAN, IN","FM-12","99999","V020","320,1,N,0005,1","99999,9,9,N","002000,1,9,9","+0228,1","+0225,1","99999,9","09,0030,3,1","6,1,02,1","5,1,02,1",,,"08,1,+00800,1,07,1",,,"9,AGL   ,+99999,+99999","08,99,1,08,1,99,9,00800,1,99,9,99,9","240,M,+0242,1",,"9,9,999,9,-003,1","21,1","SYN07043060 21595 83201 10228 20225 4//// 72165 88600 333 10242 59003 6003/="
"43060099999","2023-09-14T03:00:00","4","18.9833333","73.2833333","695.0","MATHERAN, IN","FM-12","99999","V020","320,1,N,0005,1","00030,1,W,N","000050,1,9,9","+0226,1","+0223,1","99999,9","24,0090,3,1","6,1,02,1","5,1,02,1",,,"09,1,+99999,9,99,9",,,"9,AGL   ,+99999,+99999","09,99,1,09,1,99,9,99999,9,99,9,99,9","240,N,+0196,1",,"9,9,999,9,+004,1","43,1","SYN08643060 21/91 93201 10226 20223 4//// 74365 89/// 333 20196 58004 6009/ 555 00088 15185="
"43060099999","2023-09-14T12:00:00","4","18.9833333","73.2833333","695.0","MATHERAN, IN","FM-12","99999","V020","320,1,N,0005,1","99999,9,9,N","002000,1,9,9","+0206,1","+0197,1","99999,9","09,0030,3,1","6,1,02,1","5,1,02,1",,,"08,1,+00800,1,07,1",,,"9,AGL   ,+99999,+99999","08,99,1,08,1,99,9,00800,1,99,9,99,9",,,"9,9,999,9,+003,1","21,1","SYN07043060 21595 83201 10206 20197 4//// 72165 88600 333 10244 58003 6003/="
"43060099999","2023-09-15T03:00:00","4","18.9833333","73.2833333","695.0","MATHERAN, IN","FM-12","99999","V020","999,9,C,0000,1","99999,9,9,N","002000,1,9,9","+0214,1","+0208,1","99999,9","24,0030,3,1",,,,,"06,1,+00800,1,08,1",,,"9,AGL   ,+99999,+99999","06,99,1,06,1,99,9,00800,1,99,9,99,9","240,N,+0194,1",,"9,9,999,9,-003,1",,"SYN08043060 21595 60000 10214 20208 4//// 86200 333 20194 59003 6003/ 555 00030 15188="
"43060099999","2023-09-15T12:00:00","4","18.9833333","73.2833333","695.0","MATHERAN, IN","FM-12","99999","V020","320,1,N,0005,1","99999,9,9,N","002000,1,9,9","+0220,1","+0214,1","99999,9","09,0030,3,1","6,1,02,1","5,1,02,1",,,"08,1,+00800,1,07,1",,,"9,AGL   ,+99999,+99999","08,99,1,08,1,99,9,00800,1,99,9,99,9",,,"9,9,999,9,+001,1","21,1","SYN07043060 21595 83201 10220 20214 4//// 72165 88600 333 10240 58001 6003/="
"43060099999","2023-09-16T03:00:00","4","18.9833333","73.2833333","695.0","MATHERAN, IN","FM-12","99999","V020","320,1,N,0005,1","00030,1,W,N","000050,1,9,9","+0220,1","+0217,1","99999,9","24,0040,3,1","8,1,02,1","6,1,02,1",,,"09,1,+99999,9,99,9",,,"9,AGL   ,+99999,+99999","09,99,1,09,1,99,9,99999,9,99,9,99,9","240,N,+0204,1",,"9,9,999,9,-007,1","43,1","SYN08643060 21/91 93201 10220 20217 4//// 74386 89/// 333 20204 59007 6004/ 555 00040 15192="
"43060099999","2023-09-16T12:00:00","4","18.9833333","73.2833333","695.0","MATHERAN, IN","FM-12","99999","V020","230,1,N,0005,1","00030,1,W,N","000050,1,9,9","+0216,1","+0213,1","99999,9","09,0100,3,1","6,1,02,1","5,1,02,1",,,"09,1,+99999,9,99,9",,,"9,AGL   ,+99999,+99999","09,99,1,09,1,99,9,99999,9,99,9,99,9",,,"9,9,999,9,-002,1","43,1","SYN07043060 21/91 92301 10216 20213 4//// 74365 89/// 333 10230 59002 6010/="
"43060099999","2023-09-17T03:00:00","4","18.9833333","73.2833333","695.0","MATHERAN, IN","FM-12","99999","V020","230,1,N,0005,1","00030,1,W,N","000050,1,9,9","+0216,1","+0213,1","99999,9","24,0420,3,1","6,1,02,1","5,1,02,1",,,"09,1,+99999,9,99,9",,,"9,AGL   ,+99999,+99999","09,99,1,09,1,99,9,99999,9,99,9,99,9","240,N,+0200,1",,"9,9,999,9,-003,1","43,1","SYN08643060 21/91 92301 10216 20213 4//// 74365 89/// 333 20200 59003 6042/ 555 00424 15235="
"43060099999","2023-09-17T12:00:00","4","18.9833333","73.2833333","695.0","MATHERAN, IN","FM-12","99999","V020","230,1,N,0005,1","00030,1,W,N","000050,1,9,9","+0220,1","+0217,1","99999,9","09,0010,3,1","6,1,02,1","5,1,02,1",,,"09,1,+99999,9,99,9",,,"9,AGL   ,+99999,+99999","09,99,1,09,1,99,9,99999,9,99,9,99,9","240,M,+0234,1",,"9,9,999,9,-009,1","43,1","SYN07043060 21/91 92301 10220 20217 4//// 74365 89/// 333 10234 59009 6001/="
"43060099999","2023-09-18T12:00:00","4","18.9833333","73.2833333","695.0","MATHERAN, IN","FM-12","99999","V020","230,1,N,0015,1","00030,1,W,N","000050,1,9,9","+0226,1","+0223,1","99999,9","09,0240,3,1","6,1,02,1","5,1,02,1",,,"09,1,+99999,9,99,9",,,"9,AGL   ,+99999,+99999","09,99,1,09,1,99,9,99999,9,99,9,99,9","240,M,+0240,1",,"9,9,999,9,-005,1","45,1","SYN07043060 21/91 92303 10226 20223 4//// 74565 89/// 333 10240 59005 6024/="
"43060099999","2023-09-19T03:00:00","4","18.9833333","73.2833333","695.0","MATHERAN, IN","FM-12","99999","V020","230,1,N,0005,1","00030,1,W,N","000050,1,9,9","+0220,1","+0220,1","99999,9","24,0470,3,1","6,1,02,1","5,1,02,1",,,"09,1,+99999,9,99,9",,,"9,AGL   ,+99999,+99999","09,99,1,09,1,99,9,99999,9,99,9,99,9","240,N,+0202,1",,"9,9,999,9,+015,1","45,1","SYN08643060 21/91 92301 10220 20220 4//// 74565 89/// 333 20202 58015 6047/ 555 00466 15316="
"43060099999","2023-09-19T12:00:00","4","18.9833333","73.2833333","695.0","MATHERAN, IN","FM-12","99999","V020","230,1,N,0005,1","00030,1,W,N","000050,1,9,9","+0224,1","+0224,1","99999,9","09,0220,3,1","6,1,02,1","5,1,02,1",,,"09,1,+99999,9,99,9",,,"9,AGL   ,+99999,+99999","09,99,1,09,1,99,9,99999,9,99,9,99,9","240,M,+0238,1",,"9,9,999,9,+008,1","45,1","SYN07043060 21/91 92301 10224 20224 4//// 74565 89/// 333 10238 58008 6022/="
"43060099999","2023-09-20T03:00:00","4","18.9833333","73.2833333","695.0","MATHERAN, IN","FM-12","99999","V020","230,1,N,0005,1","00030,1,W,N","000050,1,9,9","+0226,1","+0223,1","99999,9","24,0260,3,1","6,1,02,1","5,1,02,1",,,"09,1,+99999,9,99,9",,,"9,AGL   ,+99999,+99999","09,99,1,09,1,99,9,99999,9,99,9,99,9","240,N,+0212,1",,"9,9,999,9,+004,1","45,1","SYN08643060 21/91 92301 10226 20223 4//// 74565 89/// 333 20212 58004 6026/ 555 00264 15343="
"43060099999","2023-09-20T12:00:00","4","18.9833333","73.2833333","695.0","MATHERAN, IN","FM-12","99999","V020","230,1,N,0005,1","00030,1,W,N","000050,1,9,9","+0230,1","+0227,1","99999,9","09,0300,3,1","6,1,02,1","5,1,02,1",,,"09,1,+99999,9,99,9",,,"9,AGL   ,+99999,+99999","09,99,1,09,1,99,9,99999,9,99,9,99,9","240,M,+0240,1",,"9,9,999,9,-004,1","61,1","SYN07043060 21/91 92301 10230 20227 4//// 76165 89/// 333 10240 59004 6030/="
"43060099999","2023-09-21T03:00:00","4","18.9833333","73.2833333","695.0","MATHERAN, IN","FM-12","99999","V020","230,1,N,0005,1","00030,1,W,N","000050,1,9,9","+0230,1","+0227,1","99999,9","24,0540,3,1","6,1,02,1","5,1,02,1",,,"09,1,+99999,9,99,9",,,"9,AGL   ,+99999,+99999","09,99,1,09,1,99,9,99999,9,99,9,99,9","240,N,+0214,1",,"9,9,999,9,+008,1","43,1","SYN08643060 21/91 92301 10230 20227 4//// 74365 89/// 333 20214 58008 6054/ 555 00544 15397="
"43060099999","2023-09-21T12:00:00","4","18.9833333","73.2833333","695.0","MATHERAN, IN","FM-12","99999","V020","230,1,N,0010,1","00030,1,W,N","000050,1,9,9","+0228,1","+0225,1","99999,9","09,0410,3,1","6,1,02,1","5,1,02,1",,,"09,1,+99999,9,99,9",,,"9,AGL   ,+99999,+99999","09,99,1,09,1,99,9,99999,9,99,9,99,9","240,M,+0252,1",,"9,9,999,9,+003,1","45,1","SYN07043060 21/91 92302 10228 20225 4//// 74565 89/// 333 10252 58003 6041/="
"43060099999","2023-09-22T03:00:00","4","18.9833333","73.2833333","695.0","MATHERAN, IN","FM-12","99999","V020","999,9,C,0000,1","00030,1,W,N","000050,1,9,9","+0226,1","+0223,1","99999,9","24,0480,3,1","6,1,02,1","5,1,02,1",,,"09,1,+99999,9,99,9",,,"9,AGL   ,+99999,+99999","09,99,1,09,1,99,9,99999,9,99,9,99,9","240,N,+0210,1",,"9,9,999,9,+005,1","43,1","SYN08643060 21/91 90000 10226 20223 4//// 74365 89/// 333 20210 58005 6048/ 555 00480 15445="
"43060099999","2023-09-22T12:00:00","4","18.9833333","73.2833333","695.0","MATHERAN, IN","FM-12","99999","V020","999,9,C,0000,1","00030,1,W,N","000050,1,9,9","+0220,1","+0220,1","99999,9","09,0100,3,1","6,1,02,1","5,1,02,1",,,"09,1,+99999,9,99,9",,,"9,AGL   ,+99999,+99999","09,99,1,09,1,99,9,99999,9,99,9,99,9","240,M,+0238,1",,"9,9,999,9,+003,1","45,1","SYN07043060 21/91 90000 10220 20220 4//// 74565 89/// 333 10238 58003 6010/="
"43060099999","2023-09-23T03:00:00","4","18.9833333","73.2833333","695.0","MATHERAN, IN","FM-12","99999","V020","999,9,C,0000,1","00030,1,W,N","000050,1,9,9","+0228,1","+0225,1","99999,9","24,0110,3,1","6,1,02,1","5,1,02,1",,,"09,1,+99999,9,99,9",,,"9,AGL   ,+99999,+99999","09,99,1,09,1,99,9,99999,9,99,9,99,9","240,N,+0204,1",,"9,9,999,9,+004,1","43,1","SYN08643060 21/91 90000 10228 20225 4//// 74365 89/// 333 20204 58004 6011/ 555 00108 15456="
"43060099999","2023-09-23T12:00:00","4","18.9833333","73.2833333","695.0","MATHERAN, IN","FM-12","99999","V020","999,9,C,0000,1","00030,1,W,N","000050,1,9,9","+0220,1","+0220,1","99999,9","09,0760,3,1","6,1,02,1","5,1,02,1",,,"09,1,+99999,9,99,9",,,"9,AGL   ,+99999,+99999","09,99,1,09,1,99,9,99999,9,99,9,99,9","240,M,+0240,1",,"9,9,999,9,+004,1","61,1","SYN07043060 21/91 90000 10220 20220 4//// 76165 89/// 333 10240 58004 6076/="
"43060099999","2023-09-24T03:00:00","4","18.9833333","73.2833333","695.0","MATHERAN, IN","FM-12","99999","V020","999,9,C,0000,1","00030,1,W,N","000050,1,9,9","+0218,1","+0215,1","99999,9","24,0880,3,1","6,1,02,1","5,1,02,1",,,"09,1,+99999,9,99,9",,,"9,AGL   ,+99999,+99999","09,99,1,09,1,99,9,99999,9,99,9,99,9","240,N,+0202,1",,"9,9,999,9,+007,1","43,1","SYN08643060 21/91 90000 10218 20215 4//// 74365 89/// 333 20202 58007 6088/ 555 00884 15544="
"43060099999","2023-09-24T12:00:00","4","18.9833333","73.2833333","695.0","MATHERAN, IN","FM-12","99999","V020","999,9,C,0000,1","00030,1,W,N","000050,1,9,9","+0212,1","+0212,1","99999,9","09,0050,3,1","6,1,02,1","5,1,02,1",,,"09,1,+99999,9,99,9",,,"9,AGL   ,+99999,+99999","09,99,1,09,1,99,9,99999,9,99,9,99,9","240,M,+0238,1",,"9,9,999,9,-002,1","43,1","SYN07043060 21/91 90000 10212 20212 4//// 74365 89/// 333 10238 59002 6005/="
"43060099999","2023-09-25T03:00:00","4","18.9833333","73.2833333","695.0","MATHERAN, IN","FM-12","99999","V020","999,9,C,0000,1","00030,1,W,N","000050,1,9,9","+0216,1","+0213,1","99999,9","24,0060,3,1","6,1,02,1","5,1,02,1",,,"09,1,+99999,9,99,9",,,"9,AGL   ,+99999,+99999","09,99,1,09,1,99,9,99999,9,99,9,99,9","240,N,+0206,1",,"9,9,999,9,-009,1","43,1","SYN08643060 21/91 90000 10216 20213 4//// 74365 89/// 333 20206 59009 6006/ 555 00056 15550="
"43060099999","2023-09-25T12:00:00","4","18.9833333","73.2833333","695.0","MATHERAN, IN","FM-12","99999","V020","999,9,C,0000,1","00030,1,W,N","000050,1,9,9","+0228,1","+0225,1","99999,9","09,0002,3,1","6,1,02,1","5,1,02,1",,,"09,1,+99999,9,99,9",,,"9,AGL   ,+99999,+99999","09,99,1,09,1,99,9,99999,9,99,9,99,9","240,M,+0250,1",,"9,9,999,9,-007,1","43,1","SYN07043060 21/91 90000 10228 20225 4//// 74365 89/// 333 10250 59007 6992/="
"43060099999","2023-09-26T03:00:00","4","18.9833333","73.2833333","695.0","MATHERAN, IN","FM-12","99999","V020","999,9,C,0000,1","00030,1,W,N","000050,1,9,9","+0232,1","+0226,1","99999,9","24,0020,3,1","6,1,02,1","5,1,02,1",,,"09,1,+99999,9,99,9",,,"9,AGL   ,+99999,+99999","09,99,1,09,1,99,9,99999,9,99,9,99,9","240,N,+0208,1",,"9,9,999,9,-006,1","43,1","SYN08643060 21/91 90000 10232 20226 4//// 74365 89/// 333 20208 59006 6002/ 555 00018 15552="
"43060099999","2023-09-26T12:00:00","4","18.9833333","73.2833333","695.0","MATHERAN, IN","FM-12","99999","V020","999,9,C,0000,1","00030,1,W,N","000050,1,9,9","+0238,1","+0235,1","99999,9","09,0006,3,1","6,1,02,1","5,1,02,1",,,"09,1,+99999,9,99,9",,,"9,AGL   ,+99999,+99999","09,99,1,09,1,99,9,99999,9,99,9,99,9",,,"9,9,999,9,-003,1","43,1","SYN07043060 21/91 90000 10238 20235 4//// 74365 89/// 333 10260 59003 6996/="
"43060099999","2023-09-27T03:00:00","4","18.9833333","73.2833333","695.0","MATHERAN, IN","FM-12","99999","V020","999,9,C,0000,1","00030,1,W,N","000050,1,9,9","+0228,1","+0225,1","99999,9","24,0450,3,1","6,1,02,1","5,1,02,1",,,"09,1,+99999,9,99,9",,,"9,AGL   ,+99999,+99999","09,99,1,09,1,99,9,99999,9,99,9,99,9","240,N,+0204,1",,"9,9,999,9,-003,1","43,1","SYN08643060 21/91 90000 10228 20225 4//// 74365 89/// 333 20204 59003 6045/ 555 00452 15597="
"43060099999","2023-09-27T12:00:00","4","18.9833333","73.2833333","695.0","MATHERAN, IN","FM-12","99999","V020","999,9,C,0000,1","00030,1,W,N","000050,1,9,9","+0224,1","+0224,1","99999,9","09,0090,3,1","6,1,02,1","5,1,02,1",,,"09,1,+99999,9,99,9",,,"9,AGL   ,+99999,+99999","09,99,1,09,1,99,9,99999,9,99,9,99,9",,,"9,9,999,9,-002,1","45,1","SYN07043060 21/91 90000 10224 20224 4//// 74565 89/// 333 10240 59002 6009/="
"43060099999","2023-09-28T03:00:00","4","18.9833333","73.2833333","695.0","MATHERAN, IN","FM-12","99999","V020","999,9,C,0000,1","99999,9,9,N","002000,1,9,9","+0240,1","+0231,1","99999,9","24,0210,3,1",,,,,"05,1,+00800,1,08,1","99,9,+99999,9,03,1",,"9,AGL   ,+99999,+99999","05,99,1,05,1,99,9,00800,1,99,9,99,9","240,N,+0202,1",,"9,9,999,9,-009,1",,"SYN08043060 21595 50000 10240 20231 4//// 85230 333 20202 59009 6021/ 555 00210 15618="
"43060099999","2023-09-29T03:00:00","4","18.9833333","73.2833333","695.0","MATHERAN, IN","FM-12","99999","V020","999,9,C,0000,1","22000,1,9,N","002000,1,9,9","+0242,1","+0219,1","99999,9","24,0030,3,1",,,,,"04,1,+00800,1,08,1","99,9,+99999,9,03,1",,"9,AGL   ,+99999,+99999","04,99,1,04,1,99,9,00800,1,99,9,99,9","240,N,+0202,1",,"9,9,999,9,-004,1",,"SYN08043060 21595 40000 10242 20219 4//// 84230 333 20202 59004 6003/ 555 00030 15621="
"43060099999","2023-09-30T03:00:00","4","18.9833333","73.2833333","695.0","MATHERAN, IN","FM-12","99999","V020","230,1,N,0010,1","99999,9,9,N","002000,1,9,9","+0230,1","+0215,1","99999,9","24,0020,3,1",,,,,"06,1,+00800,1,08,1","99,9,+99999,9,03,1",,"9,AGL   ,+99999,+99999","06,99,1,06,1,99,9,00800,1,99,9,99,9","240,N,+0204,1",,"9,9,999,9,-008,1",,"SYN08043060 21595 62302 10230 20215 4//// 86230 333 20204 59008 6002/ 555 00020 15623="
"43060099999","2023-09-30T12:00:00","4","18.9833333","73.2833333","695.0","MATHERAN, IN","FM-12","99999","V020","999,9,C,0000,1","99999,9,9,N","002000,1,9,9","+0260,1","+0243,1","99999,9",,,,,,"05,1,+00800,1,08,1","99,9,+99999,9,03,1",,"9,AGL   ,+99999,+99999","05,99,1,05,1,99,9,00800,1,99,9,99,9","240,M,+0292,1",,"9,9,999,9,-003,1",,"SYN05843060 32595 50000 10260 20243 4//// 85230 333 10292 59003="
"43060099999","2023-10-01T03:00:00","4","18.9833333","73.2833333","695.0","MATHERAN, IN","FM-12","99999","V020","230,1,N,0005,1","00030,1,W,N","000050,1,9,9","+0226,1","+0225,1","99999,9","24,0500,3,1","8,1,02,1","6,1,02,1",,,"09,1,+99999,9,99,9",,,"9,AGL   ,+99999,+99999","09,99,1,09,1,99,9,99999,9,99,9,99,9","240,N,+0202,1",,"9,9,999,9,+002,1","43,1","SYN08643060 21/91 92301 10226 20225 4//// 74386 89/// 333 20202 58002 6050/ 555 00500 10050="
"43060099999","2023-10-01T12:00:00","4","18.9833333","73.2833333","695.0","MATHERAN, IN","FM-12","99999","V020","999,9,C,0000,1","00030,1,W,N","000050,1,9,9","+0238,1","+0235,1","99999,9","09,0170,3,1","2,1,02,1","2,1,02,1",,,"09,1,+99999,9,99,9",,,"9,AGL   ,+99999,+99999","09,99,1,09,1,99,9,99999,9,99,9,99,9",,,"9,9,999,9,+003,1","45,1","SYN07043060 21/91 90000 10238 20235 4//// 74522 89/// 333 10290 58003 6017/="
"43060099999","2023-10-02T03:00:00","4","18.9833333","73.2833333","695.0","MATHERAN, IN","FM-12","99999","V020","230,1,N,0005,1","00030,1,W,N","000050,1,9,9","+0222,1","+0219,1","99999,9","24,0380,3,1","6,1,02,1","5,1,02,1",,,"09,1,+99999,9,99,9",,,"9,AGL   ,+99999,+99999","09,99,1,09,1,99,9,99999,9,99,9,99,9","240,N,+0194,1",,"9,9,999,9,+031,1","43,1","SYN08643060 21/91 92301 10222 20219 4//// 74365 89/// 333 20194 58031 6038/ 555 00376 10088="
"43060099999","2023-10-02T12:00:00","4","18.9833333","73.2833333","695.0","MATHERAN, IN","FM-12","99999","V020","230,1,N,0005,1","99999,9,9,N","002000,1,9,9","+0230,1","+0224,1","99999,9",,,,,,"07,1,+00800,1,07,1",,,"9,AGL   ,+99999,+99999","07,99,1,07,1,99,9,00800,1,99,9,99,9","240,M,+0250,1",,"9,9,999,9,+027,1",,"SYN05843060 32595 72301 10230 20224 4//// 87600 333 10250 58027="
"43060099999","2023-10-03T03:00:00","4","18.9833333","73.2833333","695.0","MATHERAN, IN","FM-12","99999","V020","999,9,C,0000,1","00030,1,W,N","000050,1,9,9","+0216,1","+0213,1","99999,9",,"2,1,02,1","2,1,02,1",,,"09,1,+99999,9,99,9",,,"9,AGL   ,+99999,+99999","09,99,1,09,1,99,9,99999,9,99,9,99,9","240,N,+0188,1",,"9,9,999,9,+016,1","43,1","SYN08043060 32/91 90000 10216 20213 4//// 74322 89/// 333 20188 58016 555 00000 10088="
"43060099999","2023-10-03T12:00:00","4","18.9833333","73.2833333","695.0","MATHERAN, IN","FM-12","99999","V020","999,9,C,0000,1","99999,9,9,N","002000,1,9,9","+0240,1","+0226,1","99999,9",,,,,,"06,1,+00800,1,08,1",,,"9,AGL   ,+99999,+99999","06,99,1,06,1,99,9,00800,1,99,9,99,9","240,M,+0260,1",,"9,9,999,9,+020,1",,"SYN05843060 32595 60000 10240 20226 4//// 86200 333 10260 58020="
"43060099999","2023-10-04T03:00:00","4","18.9833333","73.2833333","695.0","MATHERAN, IN","FM-12","99999","V020","999,9,C,0000,1","22000,1,9,N","002000,1,9,9","+0230,1","+0215,1","99999,9",,,,,,"03,1,+00800,1,08,1","99,9,+99999,9,03,1",,"9,AGL   ,+99999,+99999","03,99,1,03,1,99,9,00800,1,99,9,99,9","240,N,+0200,1",,"9,9,999,9,+005,1",,"SYN07443060 32595 30000 10230 20215 4//// 83230 333 20200 58005 555 00000 10088="
"43060099999","2023-10-04T12:00:00","4","18.9833333","73.2833333","695.0","MATHERAN, IN","FM-12","99999","V020","999,9,C,0000,1","22000,1,9,N","002000,1,9,9","+0252,1","+0238,1","99999,9",,,,,,"04,1,+00800,1,08,1",,,"9,AGL   ,+99999,+99999","04,99,1,04,1,99,9,00800,1,99,9,99,9","240,M,+0270,1",,"9,9,999,9,+004,1",,"SYN05843060 32595 40000 10252 20238 4//// 84200 333 10270 58004="
"43060099999","2023-10-05T03:00:00","4","18.9833333","73.2833333","695.0","MATHERAN, IN","FM-12","99999","V020","999,9,C,0000,1","22000,1,9,N","002000,1,9,9","+0224,1","+0218,1","99999,9",,,,,,"04,1,+00800,1,08,1","99,9,+99999,9,03,1",,"9,AGL   ,+99999,+99999","04,99,1,04,1,99,9,00800,1,99,9,99,9","240,N,+0202,1",,"9,9,999,9,+003,1",,"SYN06843060 32595 40000 10224 20218 4//// 84230 333 20202 58003 555 10088="
"43060099999","2023-10-05T12:00:00","4","18.9833333","73.2833333","695.0","MATHERAN, IN","FM-12","99999","V020","999,9,C,0000,1","22000,1,9,N","002000,1,9,9","+0254,1","+0234,1","99999,9",,,,,,"04,1,+00800,1,08,1",,,"9,AGL   ,+99999,+99999","04,99,1,04,1,99,9,00800,1,99,9,99,9","240,M,+0272,1",,"9,9,999,9,+004,1",,"SYN05843060 32595 40000 10254 20234 4//// 84200 333 10272 58004="
"43060099999","2023-10-06T03:00:00","4","18.9833333","73.2833333","695.0","MATHERAN, IN","FM-12","99999","V020","999,9,C,0000,1","22000,1,9,N","002000,1,9,9","+0220,1","+0211,1","99999,9",,,,,,"04,1,+00800,1,08,1","99,9,+99999,9,03,1",,"9,AGL   ,+99999,+99999","04,99,1,04,1,99,9,00800,1,99,9,99,9","240,N,+0200,1",,"9,9,999,9,+001,1",,"SYN07443060 32595 40000 10220 20211 4//// 84230 333 20200 58001 555 00000 10088="
"43060099999","2023-10-06T12:00:00","4","18.9833333","73.2833333","695.0","MATHERAN, IN","FM-12","99999","V020","999,9,C,0000,1","22000,1,9,N","002000,1,9,9","+0250,1","+0236,1","99999,9",,,,,,"04,1,+00800,1,08,1",,,"9,AGL   ,+99999,+99999","04,99,1,04,1,99,9,00800,1,99,9,99,9","240,M,+0272,1",,"9,9,999,9,-003,1",,"SYN05843060 32595 40000 10250 20236 4//// 84200 333 10272 59003="
"43060099999","2023-10-07T03:00:00","4","18.9833333","73.2833333","695.0","MATHERAN, IN","FM-12","99999","V020","999,9,C,0000,1","22000,1,9,N","002000,1,9,9","+0216,1","+0213,1","99999,9",,,,,,"03,1,+00800,1,08,1",,,"9,AGL   ,+99999,+99999","03,99,1,03,1,99,9,00800,1,99,9,99,9","240,N,+0192,1",,"9,9,999,9,+001,1",,"SYN07443060 32595 30000 10216 20213 4//// 83200 333 20192 58001 555 00000 10088="
"43060099999","2023-10-07T12:00:00","4","18.9833333","73.2833333","695.0","MATHERAN, IN","FM-12","99999","V020","999,9,C,0000,1","22000,1,9,N","002000,1,9,9","+0256,1","+0230,1","99999,9",,,,,,"03,1,+00800,1,08,1",,,"9,AGL   ,+99999,+99999","03,99,1,03,1,99,9,00800,1,99,9,99,9",,,"9,9,999,9,+002,1",,"SYN05843060 32595 30000 10256 20230 4//// 83200 333 10284 58002="
"43060099999","2023-10-08T03:00:00","4","18.9833333","73.2833333","695.0","MATHERAN, IN","FM-12","99999","V020","999,9,C,0000,1","22000,1,9,N","002000,1,9,9","+0240,1","+0211,1","99999,9",,,,,,"03,1,+00800,1,08,1",,,"9,AGL   ,+99999,+99999","03,99,1,03,1,99,9,00800,1,99,9,99,9","240,N,+0190,1",,"9,9,999,9,+003,1",,"SYN07443060 32595 30000 10240 20211 4//// 83200 333 20190 58003 555 00000 10088="
"43060099999","2023-10-08T12:00:00","4","18.9833333","73.2833333","695.0","MATHERAN, IN","FM-12","99999","V020","999,9,C,0000,1","22000,1,9,N","002000,1,9,9","+0272,1","+0241,1","99999,9",,,,,,"02,1,+00800,1,08,1",,,"9,AGL   ,+99999,+99999","02,99,1,02,1,99,9,00800,1,99,9,99,9",,,"9,9,999,9,+009,1",,"SYN05843060 32595 20000 10272 20241 4//// 82200 333 10302 58009="
"43060099999","2023-10-09T03:00:00","4","18.9833333","73.2833333","695.0","MATHERAN, IN","FM-12","99999","V020","999,9,C,0000,1","22000,1,9,N","002000,1,9,9","+0250,1","+0236,1","99999,9",,,,,,"02,1,+00800,1,08,1",,,"9,AGL   ,+99999,+99999","02,99,1,02,1,99,9,00800,1,99,9,99,9","240,N,+0208,1",,"9,9,999,9,+018,1",,"SYN07443060 32595 20000 10250 20236 4//// 82200 333 20208 58018 555 00000 10088="
"43060099999","2023-10-09T12:00:00","4","18.9833333","73.2833333","695.0","MATHERAN, IN","FM-12","99999","V020","999,9,C,0000,1","22000,1,9,N","002000,1,9,9","+0270,1","+0242,1","99999,9",,,,,,"01,1,+00800,1,08,1",,,"9,AGL   ,+99999,+99999","01,99,1,01,1,99,9,00800,1,99,9,99,9",,,"9,9,999,9,+012,1",,"SYN05843060 32595 10000 10270 20242 4//// 81200 333 10304 58012="
"43060099999","2023-10-10T03:00:00","4","18.9833333","73.2833333","695.0","MATHERAN, IN","FM-12","99999","V020","999,9,C,0000,1","99999,9,9,N","004000,1,9,9","+0250,1","+0241,1","99999,9",,,,,,,,,,,"240,N,+0204,1",,"9,9,999,9,-009,1",,"SYN06843060 32996 00000 10250 20241 4//// 333 20204 59009 555 00000 10088="
"43060099999","2023-10-11T03:00:00","4","18.9833333","73.2833333","695.0","MATHERAN, IN","FM-12","99999","V020","999,9,C,0000,1","99999,9,9,N","002000,1,9,9","+0240,1","+0226,1","99999,9",,,,,,,,,,,"240,N,+0206,1",,"9,9,999,9,-001,1",,"SYN06843060 32595 00000 10240 20226 4//// 333 20206 59001 555 00000 10088="
"43060099999","2023-10-11T12:00:00","4","18.9833333","73.2833333","695.0","MATHERAN, IN","FM-12","99999","V020","320,1,N,0005,1","22000,1,9,N","002000,1,9,9","+0266,1","+0226,1","99999,9",,,,,,"01,1,+00800,1,08,1",,,"9,AGL   ,+99999,+99999","01,99,1,01,1,99,9,00800,1,99,9,99,9","240,M,+0300,1",,"9,9,999,9,-004,1",,"SYN05843060 32595 13201 10266 20226 4//// 81200 333 10300 59004="
"43060099999","2023-10-12T03:00:00","4","18.9833333","73.2833333","695.0","MATHERAN, IN","FM-12","99999","V020","999,9,C,0000,1","22000,1,9,N","002000,1,9,9","+0252,1","+0220,1","99999,9",,,,,,"01,1,+00800,1,05,1",,,"9,AGL   ,+99999,+99999","01,99,1,01,1,99,9,00800,1,99,9,99,9","240,N,+0218,1",,"9,9,999,9,+000,1",,"SYN07443060 32595 10000 10252 20220 4//// 81020 333 20218 58000 555 00000 10088="
"43060099999","2023-10-12T12:00:00","4","18.9833333","73.2833333","695.0","MATHERAN, IN","FM-12","99999","V020","999,9,C,0000,1","22000,1,9,N","002000,1,9,9","+0270,1","+0233,1","99999,9",,,,,,"02,1,+00800,1,03,1",,,"9,AGL   ,+99999,+99999","02,99,1,02,1,99,9,00800,1,99,9,99,9","240,M,+0298,1",,"9,9,999,9,+001,1",,"SYN05843060 32595 20000 10270 20233 4//// 82030 333 10298 58001="
"43060099999","2023-10-13T03:00:00","4","18.9833333","73.2833333","695.0","MATHERAN, IN","FM-12","99999","V020","999,9,C,0000,1","22000,1,9,N","002000,1,9,9","+0260,1","+0232,1","99999,9",,,,,,"02,1,+00800,1,05,1",,,"9,AGL   ,+99999,+99999","02,99,1,02,1,99,9,00800,1,99,9,99,9","240,N,+0214,1",,"9,9,999,9,+004,1",,"SYN07443060 32595 20000 10260 20232 4//// 82020 333 20214 58004 555 00000 10088="
"43060099999","2023-10-13T12:00:00","4","18.9833333","73.2833333","695.0","MATHERAN, IN","FM-12","99999","V020","999,9,C,0000,1","22000,1,9,N","002000,1,9,9","+0280,1","+0226,1","99999,9",,,,,,"01,1,+00800,1,03,1",,,"9,AGL   ,+99999,+99999","01,99,1,01,1,99,9,00800,1,99,9,99,9",,,"9,9,999,9,-006,1",,"SYN05843060 32595 10000 10280 20226 4//// 81030 333 10316 59006="
"43060099999","2023-10-14T03:00:00","4","18.9833333","73.2833333","695.0","MATHERAN, IN","FM-12","99999","V020","999,9,C,0000,1","99999,9,9,N","004000,1,9,9","+0262,1","+0228,1","99999,9",,,,,,,,,,,"240,N,+0214,1",,"9,9,999,9,+002,1",,"SYN06843060 32996 00000 10262 20228 4//// 333 20214 58002 555 00000 10088="
"43060099999","2023-10-14T12:00:00","4","18.9833333","73.2833333","695.0","MATHERAN, IN","FM-12","99999","V020","999,9,C,0000,1","22000,1,9,N","002000,1,9,9","+0278,1","+0227,1","99999,9",,,,,,"01,1,+00800,1,08,1",,,"9,AGL   ,+99999,+99999","01,99,1,01,1,99,9,00800,1,99,9,99,9","240,M,+0314,1",,"9,9,999,9,-004,1",,"SYN05843060 32595 10000 10278 20227 4//// 81100 333 10314 59004="
"43060099999","2023-10-15T03:00:00","4","18.9833333","73.2833333","695.0","MATHERAN, IN","FM-12","99999","V020","999,9,C,0000,1","99999,9,9,N","004000,1,9,9","+0254,1","+0219,1","99999,9",,,,,,,,,,,"240,N,+0218,1",,"9,9,999,9,-009,1",,"SYN06843060 32996 00000 10254 20219 4//// 333 20218 59009 555 00000 10088="
"43060099999","2023-10-15T12:00:00","4","18.9833333","73.2833333","695.0","MATHERAN, IN","FM-12","99999","V020","999,9,C,0000,1","99999,9,9,N","004000,1,9,9","+0280,1","+0226,1","99999,9",,,,,,,,,,,,,"9,9,999,9,-013,1",,"SYN05243060 32996 00000 10280 20226 4//// 333 10320 59013="
"43060099999","2023-10-16T03:00:00","4","18.9833333","73.2833333","695.0","MATHERAN, IN","FM-12","99999","V020","999,9,C,0000,1","22000,1,9,N","002000,1,9,9","+0260,1","+0223,1","99999,9",,,,,,"02,1,+00800,1,03,1",,,"9,AGL   ,+99999,+99999","02,99,1,02,1,99,9,00800,1,99,9,99,9","240,N,+0220,1",,"9,9,999,9,+002,1",,"SYN07443060 32595 20000 10260 20223 4//// 82030 333 20220 58002 555 00000 10088="
"43060099999","2023-10-17T03:00:00","4","18.9833333","73.2833333","695.0","MATHERAN, IN","FM-12","99999","V020","999,9,C,0000,1","99999,9,9,N","004000,1,9,9","+0264,1","+0224,1","99999,9",,,,,,,,,,,"240,N,+0224,1",,"9,9,999,9,+003,1",,"SYN06843060 32996 00000 10264 20224 4//// 333 20224 58003 555 00000 10088="
"43060099999","2023-10-17T12:00:00","4","18.9833333","73.2833333","695.0","MATHERAN, IN","FM-12","99999","V020","999,9,C,0000,1","99999,9,9,N","004000,1,9,9","+0276,1","+0218,1","99999,9",,,,,,,,,,,,,,,"SYN05143060 32996 00000 10276 20218 4/// 333 10316 58002="
"43060099999","2023-10-18T03:00:00","4","18.9833333","73.2833333","695.0","MATHERAN, IN","FM-12","99999","V020","999,9,C,0000,1","22000,1,9,N","002000,1,9,9","+0260,1","+0231,1","99999,9",,,,,,"01,1,+00800,1,08,1",,,"9,AGL   ,+99999,+99999","01,99,1,01,1,99,9,00800,1,99,9,99,9","240,N,+0220,1",,"9,9,999,9,+002,1",,"SYN07443060 32595 10000 10260 20231 4//// 81200 333 20220 58002 555 00000 10088="
"43060099999","2023-10-18T12:00:00","4","18.9833333","73.2833333","695.0","MATHERAN, IN","FM-12","99999","V020","999,9,C,0000,1","22000,1,9,N","002000,1,9,9","+0284,1","+0215,1","99999,9",,,,,,"01,1,+00800,1,08,1",,,"9,AGL   ,+99999,+99999","01,99,1,01,1,99,9,00800,1,99,9,99,9",,,"9,9,999,9,+003,1",,"SYN05843060 32595 10000 10284 20215 4//// 81200 333 10320 58003="
"43060099999","2023-10-19T03:00:00","4","18.9833333","73.2833333","695.0","MATHERAN, IN","FM-12","99999","V020","999,9,C,0000,1","22000,1,9,N","002000,1,9,9","+0260,1","+0220,1","99999,9",,,,,,"01,1,+00800,1,03,1",,,"9,AGL   ,+99999,+99999","01,99,1,01,1,99,9,00800,1,99,9,99,9","240,N,+0224,1",,"9,9,999,9,-003,1",,"SYN07443060 32595 10000 10260 20220 4//// 81030 333 20224 59003 555 00000 10088="
"43060099999","2023-10-19T12:00:00","4","18.9833333","73.2833333","695.0","MATHERAN, IN","FM-12","99999","V020","999,9,C,0000,1","99999,9,9,N","004000,1,9,9","+0280,1","+0220,1","99999,9",,,,,,,,,,,"240,M,+0320,1",,"9,9,999,9,+002,1",,"SYN05243060 32996 00000 10280 20220 4//// 333 10320 58002="
"43060099999","2023-10-20T03:00:00","4","18.9833333","73.2833333","695.0","MATHERAN, IN","FM-12","99999","V020","140,1,N,0005,1","22000,1,9,N","002000,1,9,9","+0244,1","+0209,1","99999,9",,,,,,"03,1,+00800,1,08,1","99,9,+99999,9,03,1",,"9,AGL   ,+99999,+99999","03,99,1,03,1,99,9,00800,1,99,9,99,9","240,N,+0222,1",,"9,9,999,9,+004,1",,"SYN06843060 32595 31401 10244 20209 4//// 83130 333 20222 58004 555 10088="
"43060099999","2023-10-21T03:00:00","4","18.9833333","73.2833333","695.0","MATHERAN, IN","FM-12","99999","V020","140,1,N,0010,1","22000,1,9,N","002000,1,9,9","+0242,1","+0210,1","99999,9",,,,,,"04,1,+00800,1,08,1","99,9,+99999,9,05,1",,"9,AGL   ,+99999,+99999","04,99,1,04,1,99,9,00800,1,99,9,99,9","240,N,+0228,1",,"9,9,999,9,+003,1",,"SYN05843060 32595 41402 10242 20210 4//// 84120 333 20228 58003="
"43060099999","2023-10-21T12:00:00","4","18.9833333","73.2833333","695.0","MATHERAN, IN","FM-12","99999","V020","999,9,C,0000,1","22000,1,9,N","002000,1,9,9","+0280,1","+0226,1","99999,9",,,,,,"99,9,+00800,1,99,9",,,"9,AGL   ,+99999,+99999","01,99,1,99,9,99,9,00800,1,99,9,99,9",,,,,"SYN05743060 32595 10000 10280 20226 4/// 81100 333 10320 58004="
"43060099999","2023-10-22T03:00:00","4","18.9833333","73.2833333","695.0","MATHERAN, IN","FM-12","99999","V020","140,1,N,0005,1","22000,1,9,N","002000,1,9,9","+0250,1","+0218,1","99999,9",,,,,,"02,1,+00800,1,05,1",,,"9,AGL   ,+99999,+99999","02,99,1,02,1,99,9,00800,1,99,9,99,9","240,N,+0224,1",,"9,9,999,9,+002,1",,"SYN07443060 32595 21401 10250 20218 4//// 82020 333 20224 58002 555 00000 10088="
"43060099999","2023-10-22T12:00:00","4","18.9833333","73.2833333","695.0","MATHERAN, IN","FM-12","99999","V020","999,9,C,0000,1","99999,9,9,N","004000,1,9,9","+0282,1","+0222,1","99999,9",,,,,,,,,,,"240,M,+0314,1",,"9,9,999,9,+001,1",,"SYN05243060 32996 00000 10282 20222 4//// 333 10314 58001="
"43060099999","2023-10-23T03:00:00","4","18.9833333","73.2833333","695.0","MATHERAN, IN","FM-12","99999","V020","999,9,C,0000,1","99999,9,9,N","004000,1,9,9","+0252,1","+0208,1","99999,9",,,,,,,,,,,"240,N,+0214,1",,"9,9,999,9,-001,1",,"SYN05243060 32996 00000 10252 20208 4//// 333 20214 59001="
"43060099999","2023-10-23T12:00:00","4","18.9833333","73.2833333","695.0","MATHERAN, IN","FM-12","99999","V020","999,9,C,0000,1","99999,9,9,N","004000,1,9,9","+0284,1","+0221,1","99999,9",,,,,,,,,,,,,"9,9,999,9,-003,1",,"SYN05243060 32996 00000 10284 20221 4//// 333 10316 59003="
"43060099999","2023-10-24T03:00:00","4","18.9833333","73.2833333","695.0","MATHERAN, IN","FM-12","99999","V020","999,9,C,0000,1","22000,1,9,N","004000,1,9,9","+0260,1","+0207,1","99999,9",,,,,,"01,1,+99999,9,03,1",,,"9,AGL   ,+99999,+99999","01,99,1,01,1,99,9,99999,9,99,9,99,9","240,N,+0226,1",,"9,9,999,9,-009,1",,"SYN07443060 32996 10000 10260 20207 4//// 81030 333 20226 59009 555 00000 10088="
"43060099999","2023-10-24T12:00:00","4","18.9833333","73.2833333","695.0","MATHERAN, IN","FM-12","99999","V020","999,9,C,0000,1","99999,9,9,N","004000,1,9,9","+0280,1","+0226,1","99999,9",,,,,,,,,,,"240,M,+0320,1",,"9,9,999,9,-005,1",,"SYN05243060 32996 00000 10280 20226 4//// 333 10320 59005="
"43060099999","2023-10-25T03:00:00","4","18.9833333","73.2833333","695.0","MATHERAN, IN","FM-12","99999","V020","999,9,C,0000,1","99999,9,9,N","004000,1,9,9","+0260,1","+0216,1","99999,9",,,,,,,,,,,"240,N,+0224,1",,"9,9,999,9,+014,1",,"SYN06843060 32996 00000 10260 20216 4//// 333 20224 58014 555 00000 10088="
"43060099999","2023-10-25T12:00:00","4","18.9833333","73.2833333","695.0","MATHERAN, IN","FM-12","99999","V020","999,9,C,0000,1","99999,9,9,N","004000,1,9,9","+0276,1","+0196,1","99999,9",,,,,,,,,,,"240,M,+0322,1",,"9,9,999,9,+009,1",,"SYN05243060 32996 00000 10276 20196 4//// 333 10322 58009="
"43060099999","2023-10-26T03:00:00","4","18.9833333","73.2833333","695.0","MATHERAN, IN","FM-12","99999","V020","320,1,N,0005,1","99999,9,9,N","004000,1,9,9","+0256,1","+0206,1","99999,9",,,,,,,,,,,"240,N,+0214,1",,"9,9,999,9,+006,1",,"SYN06843060 32996 03201 10256 20206 4//// 333 20214 58006 555 00000 10088="
"43060099999","2023-10-26T12:00:00","4","18.9833333","73.2833333","695.0","MATHERAN, IN","FM-12","99999","V020","999,9,C,0000,1","99999,9,9,N","004000,1,9,9","+0274,1","+0194,1","99999,9",,,,,,,,,,,"240,M,+0312,1",,"9,9,999,9,+001,1",,"SYN05243060 32996 00000 10274 20194 4//// 333 10312 58001="
"43060099999","2023-10-27T03:00:00","4","18.9833333","73.2833333","695.0","MATHERAN, IN","FM-12","99999","V020","999,9,C,0000,1","99999,9,9,N","004000,1,9,9","+0260,1","+0201,1","99999,9",,,,,,,,,,,"240,N,+0216,1",,"9,9,999,9,-010,1",,"SYN06843060 32996 00000 10260 20201 4//// 333 20216 59010 555 00000 10088="
"43060099999","2023-10-27T12:00:00","4","18.9833333","73.2833333","695.0","MATHERAN, IN","FM-12","99999","V020","999,9,C,0000,1","99999,9,9,N","004000,1,9,9","+0276,1","+0192,1","99999,9",,,,,,,,,,,,,"9,9,999,9,-013,1",,"SYN05243060 32996 00000 10276 20192 4//// 333 10312 59013="
"43060099999","2023-10-28T03:00:00","4","18.9833333","73.2833333","695.0","MATHERAN, IN","FM-12","99999","V020","999,9,C,0000,1","99999,9,9,N","004000,1,9,9","+0250,1","+0196,1","99999,9",,,,,,,,,,,"240,N,+0212,1",,"9,9,999,9,-009,1",,"SYN06843060 32996 00000 10250 20196 4//// 333 20212 59009 555 00000 10088="
"43060099999","2023-10-28T12:00:00","4","18.9833333","73.2833333","695.0","MATHERAN, IN","FM-12","99999","V020","999,9,C,0000,1","99999,9,9,N","004000,1,9,9","+0276,1","+0192,1","99999,9",,,,,,,,,,,"240,M,+0310,1",,"9,9,999,9,+003,1",,"SYN05243060 32996 00000 10276 20192 4//// 333 10310 58003="
"43060099999","2023-10-29T03:00:00","4","18.9833333","73.2833333","695.0","MATHERAN, IN","FM-12","99999","V020","999,9,C,0000,1","99999,9,9,N","004000,1,9,9","+0252,1","+0195,1","99999,9",,,,,,,,,,,"240,N,+0206,1",,"9,9,999,9,-003,1",,"SYN06843060 32996 00000 10252 20195 4//// 333 20206 59003 555 00000 10088="
"43060099999","2023-10-29T12:00:00","4","18.9833333","73.2833333","695.0","MATHERAN, IN","FM-12","99999","V020","999,9,C,0000,1","99999,9,9,N","004000,1,9,9","+0270,1","+0186,1","99999,9",,,,,,,,,,,"240,M,+0320,1",,"9,9,999,9,-004,1",,"SYN05243060 32996 00000 10270 20186 4//// 333 10320 59004="
"43060099999","2023-10-30T03:00:00","4","18.9833333","73.2833333","695.0","MATHERAN, IN","FM-12","99999","V020","320,1,N,0005,1","22000,1,9,N","004000,1,9,9","+0248,1","+0191,1","99999,9",,,,,,"01,1,+00800,1,08,1",,,"9,AGL   ,+99999,+99999","01,99,1,01,1,99,9,00800,1,99,9,99,9","240,N,+0204,1",,"9,9,999,9,+002,1",,"SYN06843060 32596 13201 10248 20191 4//// 81100 333 20204 58002 555 10088="
"43060099999","2023-10-30T12:00:00","4","18.9833333","73.2833333","695.0","MATHERAN, IN","FM-12","99999","V020","999,9,C,0000,1","99999,9,9,N","004000,1,9,9","+0272,1","+0177,1","99999,9",,,,,,,,,,,"240,M,+0312,1",,"9,9,999,9,-002,1",,"SYN05243060 32996 00000 10272 20177 4//// 333 10312 59002="
"43060099999","2023-10-31T03:00:00","4","18.9833333","73.2833333","695.0","MATHERAN, IN","FM-12","99999","V020","320,1,N,0005,1","22000,1,9,N","004000,1,9,9","+0246,1","+0189,1","99999,9",,,,,,"01,1,+00800,1,03,1",,,"9,AGL   ,+99999,+99999","01,99,1,01,1,99,9,00800,1,99,9,99,9","240,N,+0202,1",,"9,9,999,9,+001,1",,"SYN06843060 32596 13201 10246 20189 4//// 81030 333 20202 58001 555 10088="
"43060099999","2023-10-31T12:00:00","4","18.9833333","73.2833333","695.0","MATHERAN, IN","FM-12","99999","V020","999,9,C,0000,1","99999,9,9,N","004000,1,9,9","+0268,1","+0180,1","99999,9",,,,,,,,,,,"240,M,+0310,1",,"9,9,999,9,+003,1",,"SYN05243060 32996 00000 10268 20180 4//// 333 10310 58003="
"43060099999","2023-11-01T03:00:00","4","18.9833333","73.2833333","695.0","MATHERAN, IN","FM-12","99999","V020","999,9,C,0000,1","99999,9,9,N","004000,1,9,9","+0250,1","+0183,1","99999,9",,,,,,"01,1,+99999,9,03,1",,,"9,AGL   ,+99999,+99999","99,99,9,01,1,99,9,99999,9,99,9,99,9","240,N,+0216,1",,"9,9,999,9,+004,1",,"SYN07443060 32996 00000 10250 20183 4//// 81030 333 20216 58004 555 00000 10088="
"43060099999","2023-11-01T12:00:00","4","18.9833333","73.2833333","695.0","MATHERAN, IN","FM-12","99999","V020","999,9,C,0000,1","99999,9,9,N","004000,1,9,9","+0270,1","+0189,1","99999,9",,,,,,,,,,,"240,M,+0318,1",,"9,9,999,9,+004,1",,"SYN05243060 32996 00000 10270 20189 4//// 333 10318 58004="
"43060099999","2023-11-02T03:00:00","4","18.9833333","73.2833333","695.0","MATHERAN, IN","FM-12","99999","V020","320,1,N,0005,1","99999,9,9,N","004000,1,9,9","+0244,1","+0176,1","99999,9",,,,,,,,,,,"240,N,+0216,1",,"9,9,999,9,+003,1",,"SYN05243060 32996 03201 10244 20176 4//// 333 20216 58003="
"43060099999","2023-11-02T12:00:00","4","18.9833333","73.2833333","695.0","MATHERAN, IN","FM-12","99999","V020","999,9,C,0000,1","99999,9,9,N","004000,1,9,9","+0274,1","+0176,1","99999,9",,,,,,,,,,,"240,M,+0316,1",,"9,9,999,9,-006,1",,"SYN05243060 32996 00000 10274 20176 4//// 333 10316 59006="
"43060099999","2023-11-03T03:00:00","4","18.9833333","73.2833333","695.0","MATHERAN, IN","FM-12","99999","V020","320,1,N,0005,1","99999,9,9,N","004000,1,9,9","+0248,1","+0174,1","99999,9",,,,,,,,,,,"240,N,+0214,1",,"9,9,999,9,-014,1",,"SYN06843060 32996 03201 10248 20174 4//// 333 20214 59014 555 00000 10088="
"43060099999","2023-11-03T12:00:00","4","18.9833333","73.2833333","695.0","MATHERAN, IN","FM-12","99999","V020","999,9,C,0000,1","99999,9,9,N","004000,1,9,9","+0276,1","+0179,1","99999,9",,,,,,,,,,,"240,M,+0316,1",,"9,9,999,9,-016,1",,"SYN05243060 32996 00000 10276 20179 4//// 333 10316 59016="
"43060099999","2023-11-04T03:00:00","4","18.9833333","73.2833333","695.0","MATHERAN, IN","FM-12","99999","V020","320,1,N,0005,1","99999,9,9,N","004000,1,9,9","+0248,1","+0181,1","99999,9",,,,,,,,,,,"240,N,+0214,1",,"9,9,999,9,-004,1",,"SYN06843060 32996 03201 10248 20181 4//// 333 20214 59004 555 00000 10088="
"43060099999","2023-11-04T12:00:00","4","18.9833333","73.2833333","695.0","MATHERAN, IN","FM-12","99999","V020","999,9,C,0000,1","99999,9,9,N","004000,1,9,9","+0270,1","+0168,1","99999,9",,,,,,,,,,,"240,M,+0310,1",,"9,9,999,9,+002,1",,"SYN05243060 32996 00000 10270 20168 4//// 333 10310 58002="
"43060099999","2023-11-05T03:00:00","4","18.9833333","73.2833333","695.0","MATHERAN, IN","FM-12","99999","V020","320,1,N,0005,1","99999,9,9,N","004000,1,9,9","+0246,1","+0175,1","99999,9",,,,,,,,,,,"240,N,+0210,1",,"9,9,999,9,+012,1",,"SYN06843060 32996 03201 10246 20175 4//// 333 20210 58012 555 00000 10088="
"43060099999","2023-11-05T12:00:00","4","18.9833333","73.2833333","695.0","MATHERAN, IN","FM-12","99999","V020","999,9,C,0000,1","22000,1,9,N","004000,1,9,9","+0272,1","+0163,1","99999,9",,,,,,"01,1,+01250,1,05,1",,,"9,AGL   ,+99999,+99999","01,99,1,01,1,99,9,01250,1,99,9,99,9",,,,,"SYN04243060 32696 10000 10272 20163 4//// 81020="
"43060099999","2023-11-06T03:00:00","4","18.9833333","73.2833333","695.0","MATHERAN, IN","FM-12","99999","V020","320,1,N,0005,1","22000,1,9,N","004000,1,9,9","+0250,1","+0176,1","99999,9",,,,,,"02,1,+01250,1,00,1",,,"9,AGL   ,+99999,+99999","02,99,1,02,1,99,9,01250,1,99,9,99,9","240,N,+0222,1",,"9,9,999,9,+005,1",,"SYN06843060 32696 23201 10250 20176 4//// 82001 333 20222 58005 555 10088="
"43060099999","2023-11-06T12:00:00","4","18.9833333","73.2833333","695.0","MATHERAN, IN","FM-12","99999","V020","999,9,C,0000,1","22000,1,9,N","004000,1,9,9","+0270,1","+0172,1","99999,9",,,,,,"01,1,+01250,1,00,1",,,"9,AGL   ,+99999,+99999","01,99,1,01,1,99,9,01250,1,99,9,99,9","240,M,+0314,1",,"9,9,999,9,+007,1",,"SYN05843060 32696 10000 10270 20172 4//// 81001 333 10314 58007="
"43060099999","2023-11-07T03:00:00","4","18.9833333","73.2833333","695.0","MATHERAN, IN","FM-12","99999","V020","140,1,N,0010,1","99999,9,9,N","004000,1,9,9","+0252,1","+0185,1","99999,9",,,,,,,,,,,"240,N,+0214,1",,"9,9,999,9,+006,1",,"SYN06843060 32996 01402 10252 20185 4//// 333 20214 58006 555 00000 10088="
"43060099999","2023-11-07T12:00:00","4","18.9833333","73.2833333","695.0","MATHERAN, IN","FM-12","99999","V020","999,9,C,0000,1","22000,1,9,N","004000,1,9,9","+0270,1","+0189,1","99999,9",,,,,,"01,1,+01250,1,00,1",,,"9,AGL   ,+99999,+99999","01,99,1,01,1,99,9,01250,1,99,9,99,9","240,M,+0316,1",,"9,9,999,9,-007,1",,"SYN05843060 32696 10000 10270 20189 4//// 81001 333 10316 59007="
"43060099999","2023-11-08T03:00:00","4","18.9833333","73.2833333","695.0","MATHERAN, IN","FM-12","99999","V020","140,1,N,0005,1","22000,1,9,N","002000,1,9,9","+0248,1","+0174,1","99999,9",,,,,,"03,1,+00800,1,05,1","99,9,+99999,9,00,1",,"9,AGL   ,+99999,+99999","03,99,1,03,1,99,9,00800,1,99,9,99,9","240,N,+0212,1",,"9,9,999,9,-006,1",,"SYN05843060 32595 31401 10248 20174 4//// 83021 333 20212 59006="
"43060099999","2023-11-08T12:00:00","4","18.9833333","73.2833333","695.0","MATHERAN, IN","FM-12","99999","V020","999,9,C,0000,1","99999,9,9,N","002000,1,9,9","+0210,1","+0195,1","99999,9","09,0060,3,1",,,,,"08,1,+00800,1,07,1",,,"9,AGL   ,+99999,+99999","08,99,1,08,1,99,9,00800,1,99,9,99,9","240,M,+0302,1",,"9,9,999,9,+002,1",,"SYN06443060 21595 80000 10210 20195 4//// 88600 333 10302 58002 6006/="
"43060099999","2023-11-09T03:00:00","4","18.9833333","73.2833333","695.0","MATHERAN, IN","FM-12","99999","V020","999,9,C,0000,1","99999,9,9,N","004000,1,9,9","+0246,1","+0208,1","99999,9","24,0060,3,1",,,,,,,,,,"240,N,+0208,1",,"9,9,999,9,+007,1",,"SYN07443060 21996 00000 10246 20208 4//// 333 20208 58007 6006/ 555 00058 10093="
"43060099999","2023-11-09T12:00:00","4","18.9833333","73.2833333","695.0","MATHERAN, IN","FM-12","99999","V020","999,9,C,0000,1","22000,1,9,N","002000,1,9,9","+0240,1","+0185,1","99999,9",,,,,,"03,1,+00800,1,08,1",,,"9,AGL   ,+99999,+99999","03,99,1,03,1,99,9,00800,1,99,9,99,9",,,"9,9,999,9,+003,1",,"SYN05843060 32595 30000 10240 20185 4//// 83200 333 10300 58003="
"43060099999","2023-11-10T03:00:00","4","18.9833333","73.2833333","695.0","MATHERAN, IN","FM-12","99999","V020","999,9,C,0000,1","99999,9,9,N","004000,1,9,9","+0250,1","+0221,1","99999,9","24,0020,3,1",,,,,,,,,,"240,N,+0212,1",,"9,9,999,9,+006,1",,"SYN07443060 21996 00000 10250 20221 4//// 333 20212 58006 6002/ 555 00024 10096="
"43060099999","2023-11-10T12:00:00","4","18.9833333","73.2833333","695.0","MATHERAN, IN","FM-12","99999","V020","320,1,N,0005,1","22000,1,9,N","002000,1,9,9","+0200,1","+0200,1","99999,9","09,0550,3,1","0,1,02,1","0,1,02,1",,,"03,1,+00800,1,08,1",,,"9,AGL   ,+99999,+99999","03,99,1,03,1,99,9,00800,1,99,9,99,9",,,"9,9,999,9,+007,1","29,1","SYN07043060 21595 33201 10200 20200 4//// 72900 83200 333 10300 58007 6055/="
"43060099999","2023-11-11T03:00:00","4","18.9833333","73.2833333","695.0","MATHERAN, IN","FM-12","99999","V020","140,1,N,0010,1","99999,9,9,N","004000,1,9,9","+0244,1","+0196,1","99999,9","24,0550,3,1",,,,,,,,,,"240,N,+0196,1",,"9,9,999,9,+005,1",,"SYN07443060 21996 01402 10244 20196 4//// 333 20196 58005 6055/ 555 00554 10151="
"43060099999","2023-11-12T03:00:00","4","18.9833333","73.2833333","695.0","MATHERAN, IN","FM-12","99999","V020","140,1,N,0010,1","22000,1,9,N","004000,1,9,9","+0252,1","+0189,1","99999,9",,,,,,"03,1,+01250,1,08,1","99,9,+99999,9,00,1",,"9,AGL   ,+99999,+99999","03,99,1,03,1,99,9,01250,1,99,9,99,9","240,N,+0216,1",,"9,9,999,9,-004,1",,"SYN07443060 32696 31402 10252 20189 4//// 83101 333 20216 59004 555 00000 10151="
"43060099999","2023-11-12T12:00:00","4","18.9833333","73.2833333","695.0","MATHERAN, IN","FM-12","99999","V020","999,9,C,0000,1","22000,1,9,N","004000,1,9,9","+0260,1","+0167,1","99999,9",,,,,,"01,1,+01250,1,00,1",,,"9,AGL   ,+99999,+99999","01,99,1,01,1,99,9,01250,1,99,9,99,9","240,M,+0304,1",,"9,9,999,9,+002,1",,"SYN05843060 32696 10000 10260 20167 4//// 81001 333 10304 58002="
"43060099999","2023-11-13T03:00:00","4","18.9833333","73.2833333","695.0","MATHERAN, IN","FM-12","99999","V020","140,1,N,0005,1","22000,1,9,N","004000,1,9,9","+0248,1","+0191,1","99999,9",,,,,,"01,1,+01250,1,00,1",,,"9,AGL   ,+99999,+99999","01,99,1,01,1,99,9,01250,1,99,9,99,9","240,N,+0212,1",,"9,9,999,9,-006,1",,"SYN07443060 32696 11401 10248 20191 4//// 81001 333 20212 59006 555 00000 10151="
"43060099999","2023-11-13T12:00:00","4","18.9833333","73.2833333","695.0","MATHERAN, IN","FM-12","99999","V020","999,9,C,0000,1","99999,9,9,N","004000,1,9,9","+0264,1","+0164,1","99999,9",,,,,,,,,,,,,"9,9,999,9,+002,1",,"SYN05243060 32996 00000 10264 20164 4//// 333 10312 58002="
"43060099999","2023-11-14T03:00:00","4","18.9833333","73.2833333","695.0","MATHERAN, IN","FM-12","99999","V020","999,9,C,0000,1","99999,9,9,N","004000,1,9,9","+0250,1","+0173,1","99999,9",,,,,,,,,,,"240,N,+0210,1",,"9,9,999,9,-002,1",,"SYN06843060 32996 00000 10250 20173 4//// 333 20210 59002 555 00000 10151="
"43060099999","2023-11-14T12:00:00","4","18.9833333","73.2833333","695.0","MATHERAN, IN","FM-12","99999","V020","999,9,C,0000,1","22000,1,9,N","004000,1,9,9","+0260,1","+0174,1","99999,9",,,,,,"01,1,+01250,1,00,1",,,"9,AGL   ,+99999,+99999","01,99,1,01,1,99,9,01250,1,99,9,99,9",,,"9,9,999,9,-006,1",,"SYN05843060 32696 10000 10260 20174 4//// 81001 333 10310 59006="
"43060099999","2023-11-15T03:00:00","4","18.9833333","73.2833333","695.0","MATHERAN, IN","FM-12","99999","V020","999,9,C,0000,1","22000,1,9,N","004000,1,9,9","+0246,1","+0178,1","99999,9",,,,,,"01,1,+99999,9,00,1",,,"9,AGL   ,+99999,+99999","01,99,1,01,1,99,9,99999,9,99,9,99,9","240,N,+0206,1",,"9,9,999,9,-001,1",,"SYN07443060 32996 10000 10246 20178 4//// 81001 333 20206 59001 555 00000 10151="
"43060099999","2023-11-15T12:00:00","4","18.9833333","73.2833333","695.0","MATHERAN, IN","FM-12","99999","V020","140,1,N,0005,1","99999,9,9,N","004000,1,9,9","+0262,1","+0173,1","99999,9",,,,,,,,,,,"240,M,+0304,1",,"9,9,999,9,-002,1",,"SYN05243060 32996 01401 10262 20173 4//// 333 10304 59002="
"43060099999","2023-11-16T03:00:00","4","18.9833333","73.2833333","695.0","MATHERAN, IN","FM-12","99999","V020","999,9,C,0000,1","99999,9,9,N","004000,1,9,9","+0242,1","+0177,1","99999,9",,,,,,,,,,,"240,N,+0194,1",,"9,9,999,9,-004,1",,"SYN06843060 32996 00000 10242 20177 4//// 333 20194 59004 555 00000 10151="
"43060099999","2023-11-17T03:00:00","4","18.9833333","73.2833333","695.0","MATHERAN, IN","FM-12","99999","V020","140,1,N,0005,1","99999,9,9,N","004000,1,9,9","+0248,1","+0174,1","99999,9",,,,,,,,,,,"240,N,+0192,1",,"9,9,999,9,+001,1",,"SYN06843060 32996 01401 10248 20174 4//// 333 20192 58001 555 00000 10151="
"43060099999","2023-11-17T09:00:00","4","18.9833333","73.2833333","695.0","MATHERAN, IN","FM-12","99999","V020","090,1,N,0015,1","99999,9,9,N","010000,1,9,9","+0292,1","+0134,1","10108,1",,,,,,,,,,,,"99999,9,09498,1","9,9,999,9,-005,1",,"SYN05243060 32997 00903 10292 20134 39498 40108 333 59005="
"43060099999","2023-11-17T12:00:00","4","18.9833333","73.2833333","695.0","MATHERAN, IN","FM-12","99999","V020","999,9,C,0000,1","99999,9,9,N","004000,1,9,9","+0264,1","+0168,1","99999,9",,,,,,,,,,,"240,M,+0300,1",,"9,9,999,9,-004,1",,"SYN05243060 32996 00000 10264 20168 4//// 333 10300 59004="
"43060099999","2023-11-18T03:00:00","4","18.9833333","73.2833333","695.0","MATHERAN, IN","FM-12","99999","V020","140,1,N,0005,1","99999,9,9,N","004000,1,9,9","+0240,1","+0161,1","99999,9",,,,,,,,,,,"240,N,+0190,1",,"9,9,999,9,-003,1",,"SYN06843060 32996 01401 10240 20161 4//// 333 20190 59003 555 00000 10151="
"43060099999","2023-11-18T12:00:00","4","18.9833333","73.2833333","695.0","MATHERAN, IN","FM-12","99999","V020","999,9,C,0000,1","99999,9,9,N","004000,1,9,9","+0264,1","+0164,1","99999,9",,,,,,,,,,,,,"9,9,999,9,-002,1",,"SYN05243060 32996 00000 10264 20164 4//// 333 10300 59002="
"43060099999","2023-11-19T03:00:00","4","18.9833333","73.2833333","695.0","MATHERAN, IN","FM-12","99999","V020","140,1,N,0005,1","99999,9,9,N","004000,1,9,9","+0240,1","+0172,1","99999,9",,,,,,,,,,,"240,N,+0200,1",,"9,9,999,9,-002,1",,"SYN06843060 32996 01401 10240 20172 4//// 333 20200 59002 555 00000 10151="
"43060099999","2023-11-19T12:00:00","4","18.9833333","73.2833333","695.0","MATHERAN, IN","FM-12","99999","V020","999,9,C,0000,1","99999,9,9,N","004000,1,9,9","+0254,1","+0177,1","99999,9",,,,,,,,,,,"240,M,+0310,1",,"9,9,999,9,+003,1",,"SYN05243060 32996 00000 10254 20177 4//// 333 10310 58003="
"43060099999","2023-11-20T03:00:00","4","18.9833333","73.2833333","695.0","MATHERAN, IN","FM-12","99999","V020","140,1,N,0005,1","99999,9,9,N","004000,1,9,9","+0240,1","+0159,1","99999,9",,,,,,,,,,,"240,N,+0218,1",,"9,9,999,9,+004,1",,"SYN06243060 32996 01401 10240 20159 4//// 333 20218 58004 555 00000="
"43060099999","2023-11-20T12:00:00","4","18.9833333","73.2833333","695.0","MATHERAN, IN","FM-12","99999","V020","999,9,C,0000,1","99999,9,9,N","004000,1,9,9","+0266,1","+0204,1","99999,9",,,,,,,,,,,"240,M,+0304,1",,"9,9,999,9,+001,1",,"SYN05243060 32996 00000 10266 20204 4//// 333 10304 58001="
"43060099999","2023-11-21T03:00:00","4","18.9833333","73.2833333","695.0","MATHERAN, IN","FM-12","99999","V020","140,1,N,0005,1","99999,9,9,N","004000,1,9,9","+0242,1","+0177,1","99999,9",,,,,,,,,,,"240,N,+0216,1",,"9,9,999,9,+000,1",,"SYN06843060 32996 01401 10242 20177 4//// 333 20216 58000 555 00000 10151="
"43060099999","2023-11-21T12:00:00","4","18.9833333","73.2833333","695.0","MATHERAN, IN","FM-12","99999","V020","999,9,C,0000,1","99999,9,9,N","004000,1,9,9","+0262,1","+0173,1","99999,9",,,,,,,,,,,"240,M,+0302,1",,"9,9,999,9,-003,1",,"SYN05243060 32996 00000 10262 20173 4//// 333 10302 59003="
"43060099999","2023-11-22T03:00:00","4","18.9833333","73.2833333","695.0","MATHERAN, IN","FM-12","99999","V020","999,9,C,0000,1","99999,9,9,N","004000,1,9,9","+0246,1","+0175,1","99999,9",,,,,,,,,,,"240,N,+0208,1",,"9,9,999,9,-004,1",,"SYN06843060 32996 00000 10246 20175 4//// 333 20208 59004 555 00000 10151="
"43060099999","2023-11-22T12:00:00","4","18.9833333","73.2833333","695.0","MATHERAN, IN","FM-12","99999","V020","999,9,C,0000,1","99999,9,9,N","004000,1,9,9","+0242,1","+0160,1","99999,9",,,,,,,,,,,,,"9,9,999,9,-006,1",,"SYN05243060 32996 00000 10242 20160 4//// 333 10298 59006="
"43060099999","2023-11-23T03:00:00","4","18.9833333","73.2833333","695.0","MATHERAN, IN","FM-12","99999","V020","999,9,C,0000,1","99999,9,9,N","004000,1,9,9","+0240,1","+0143,1","99999,9",,,,,,,,,,,"240,N,+0200,1",,"9,9,999,9,-015,1",,"SYN06843060 32996 00000 10240 20143 4//// 333 20200 59015 555 00000 10151="
"43060099999","2023-11-23T12:00:00","4","18.9833333","73.2833333","695.0","MATHERAN, IN","FM-12","99999","V020","999,9,C,0000,1","99999,9,9,N","004000,1,9,9","+0248,1","+0187,1","99999,9",,,,,,,,,,,"240,M,+0304,1",,"9,9,999,9,-011,1",,"SYN05243060 32996 00000 10248 20187 4//// 333 10304 59011="
"43060099999","2023-11-24T03:00:00","4","18.9833333","73.2833333","695.0","MATHERAN, IN","FM-12","99999","V020","140,1,N,0005,1","22000,1,9,N","002000,1,9,9","+0236,1","+0184,1","99999,9",,,,,,"03,1,+00800,1,08,1",,,"9,AGL   ,+99999,+99999","03,99,1,03,1,99,9,00800,1,99,9,99,9","240,N,+0208,1",,"9,9,999,9,-006,1",,"SYN07443060 32595 31401 10236 20184 4//// 83200 333 20208 59006 555 00000 10151="
"43060099999","2023-11-24T12:00:00","4","18.9833333","73.2833333","695.0","MATHERAN, IN","FM-12","99999","V020","999,9,C,0000,1","99999,9,9,N","004000,1,9,9","+0244,1","+0183,1","99999,9",,,,,,,,,,,"240,M,+0302,1",,"9,9,999,9,+009,1",,"SYN05243060 32996 00000 10244 20183 4//// 333 10302 58009="
"43060099999","2023-11-25T03:00:00","4","18.9833333","73.2833333","695.0","MATHERAN, IN","FM-12","99999","V020","140,1,N,0005,1","99999,9,9,N","004000,1,9,9","+0242,1","+0177,1","99999,9",,,,,,,,,,,"240,N,+0204,1",,"9,9,999,9,+012,1",,"SYN06843060 32996 01401 10242 20177 4//// 333 20204 58012 555 00000 10151="
"43060099999","2023-11-25T12:00:00","4","18.9833333","73.2833333","695.0","MATHERAN, IN","FM-12","99999","V020","999,9,C,0000,1","22000,1,9,N","004000,1,9,9","+0264,1","+0164,1","99999,9",,,,,,"02,1,+00800,1,08,1",,,"9,AGL   ,+99999,+99999","02,99,1,02,1,99,9,00800,1,99,9,99,9","240,M,+0306,1",,"9,9,999,9,+005,1",,"SYN05843060 32596 20000 10264 20164 4//// 82200 333 10306 58005="
"43060099999","2023-11-26T00:00:00","4","18.9833333","73.2833333","695.0","MATHERAN, IN","FM-12","99999","V020","140,1,N,0005,1","99999,9,9,N","002000,1,9,9","+0216,1","+0198,1","99999,9","21,0020,3,1","2,1,02,1","2,1,02,1",,,"06,1,+00800,1,08,1","99,9,+99999,9,03,1",,"9,AGL   ,+99999,+99999","06,99,1,06,1,99,9,00800,1,99,9,99,9","120,N,+0192,1",,"9,9,999,9,+002,1","21,1","SYN08643060 21595 61401 10216 20198 4//// 72122 86230 333 20192 58002 6002/ 555 00022 10153="
"43060099999","2023-11-26T03:00:00","4","18.9833333","73.2833333","695.0","MATHERAN, IN","FM-12","99999","V020","140,1,N,0005,1","99999,9,9,N","002000,1,9,9","+0216,1","+0198,1","99999,9","24,0020,3,1","2,1,02,1","2,1,02,1",,,"06,1,+00800,1,08,1","99,9,+99999,9,03,1",,"9,AGL   ,+99999,+99999","06,99,1,06,1,99,9,00800,1,99,9,99,9","240,N,+0192,1",,"9,9,999,9,+002,1","21,1","SYN08643060 21595 61401 10216 20198 4//// 72122 86230 333 20192 58002 6002/ 555 00022 10153="
"43060099999","2023-11-26T12:00:00","4","18.9833333","73.2833333","695.0","MATHERAN, IN","FM-12","99999","V020","140,1,N,0005,1","99999,9,9,N","002000,1,9,9","+0240,1","+0217,1","99999,9","09,0030,3,1",,,,,"06,1,+00800,1,07,1",,,"9,AGL   ,+99999,+99999","06,99,1,06,1,99,9,00800,1,99,9,99,9","240,M,+0300,1",,"9,9,999,9,-003,1",,"SYN06443060 21595 61401 10240 20217 4//// 86600 333 10300 59003 6003/="
"43060099999","2023-11-27T03:00:00","4","18.9833333","73.2833333","695.0","MATHERAN, IN","FM-12","99999","V020","140,1,N,0005,1","99999,9,9,N","002000,1,9,9","+0220,1","+0205,1","99999,9","24,0060,3,1","2,1,02,1","2,1,02,1",,,"06,1,+00800,1,08,1","99,9,+99999,9,03,1",,"9,AGL   ,+99999,+99999","06,99,1,06,1,99,9,00800,1,99,9,99,9","240,N,+0186,1",,"9,9,999,9,-003,1","00,1","SYN08643060 21595 61401 10220 20205 4//// 70022 86230 333 20186 59003 6006/ 555 00058 10159="
"43060099999","2023-11-27T12:00:00","4","18.9833333","73.2833333","695.0","MATHERAN, IN","FM-12","99999","V020","140,1,N,0005,1","22000,1,9,N","002000,1,9,9","+0240,1","+0211,1","99999,9",,,,,,"03,1,+00800,1,08,1",,,"9,AGL   ,+99999,+99999","03,99,1,03,1,99,9,00800,1,99,9,99,9","240,M,+0300,1",,"9,9,999,9,-004,1",,"SYN05843060 32595 31401 10240 20211 4//// 83200 333 10300 59004="
"43060099999","2023-11-28T03:00:00","4","18.9833333","73.2833333","695.0","MATHERAN, IN","FM-12","99999","V020","140,1,N,0005,1","99999,9,9,N","002000,1,9,9","+0212,1","+0197,1","99999,9",,,,,,"06,1,+00800,1,08,1","99,9,+99999,9,05,1",,"9,AGL   ,+99999,+99999","06,99,1,06,1,99,9,00800,1,99,9,99,9","240,N,+0188,1",,"9,9,999,9,-001,1",,"SYN07443060 32595 61401 10212 20197 4//// 86220 333 20188 59001 555 00000 10159="
"43060099999","2023-11-28T12:00:00","4","18.9833333","73.2833333","695.0","MATHERAN, IN","FM-12","99999","V020","140,1,N,0005,1","22000,1,9,N","002000,1,9,9","+0230,1","+0197,1","99999,9",,,,,,"01,1,+00800,1,08,1",,,"9,AGL   ,+99999,+99999","01,99,1,01,1,99,9,00800,1,99,9,99,9","240,M,+0280,1",,"9,9,999,9,-003,1",,"SYN05843060 32595 11401 10230 20197 4//// 81200 333 10280 59003="
"43060099999","2023-11-29T03:00:00","4","18.9833333","73.2833333","695.0","MATHERAN, IN","FM-12","99999","V020","140,1,N,0005,1","99999,9,9,N","004000,1,9,9","+0210,1","+0195,1","99999,9",,,,,,,,,,,"240,N,+0200,1",,"9,9,999,9,+004,1",,"SYN06843060 32996 01401 10210 20195 4//// 333 20200 58004 555 00000 10159="
"43060099999","2023-11-29T12:00:00","4","18.9833333","73.2833333","695.0","MATHERAN, IN","FM-12","99999","V020","140,1,N,0005,1","99999,9,9,N","004000,1,9,9","+0230,1","+0184,1","99999,9",,,,,,,,,,,"240,M,+0296,1",,"9,9,999,9,+006,1",,"SYN05243060 32996 01401 10230 20184 4//// 333 10296 58006="
"43060099999","2023-11-30T03:00:00","4","18.9833333","73.2833333","695.0","MATHERAN, IN","FM-12","99999","V020","999,9,C,0000,1","99999,9,9,N","004000,1,9,9","+0218,1","+0154,1","99999,9",,,,,,,,,,,"240,N,+0170,1",,"9,9,999,9,+003,1",,"SYN06843060 32996 00000 10218 20154 4//// 333 20170 58003 555 00000 10159="
"43060099999","2023-11-30T12:00:00","4","18.9833333","73.2833333","695.0","MATHERAN, IN","FM-12","99999","V020","140,1,N,0005,1","99999,9,9,N","004000,1,9,9","+0248,1","+0197,1","99999,9",,,,,,,,,,,"240,M,+0300,1",,"9,9,999,9,+002,1",,"SYN05243060 32996 01401 10248 20197 4//// 333 10300 58002="
"43060099999","2023-12-01T03:00:00","4","18.9833333","73.2833333","695.0","MATHERAN, IN","FM-12","99999","V020","999,9,C,0000,1","99999,9,9,N","004000,1,9,9","+0200,1","+0184,1","99999,9",,,,,,,,,,,"240,N,+0164,1",,"9,9,999,9,+006,1",,"SYN06843060 32996 00000 10200 20184 4//// 333 20164 58006 555 00000 10159="
"43060099999","2023-12-01T12:00:00","4","18.9833333","73.2833333","695.0","MATHERAN, IN","FM-12","99999","V020","140,1,N,0005,1","99999,9,9,N","004000,1,9,9","+0232,1","+0166,1","99999,9",,,,,,,,,,,,,"9,9,999,9,-003,1",,"SYN05243060 32996 01401 10232 20166 4//// 333 10292 59003="
"43060099999","2023-12-02T03:00:00","4","18.9833333","73.2833333","695.0","MATHERAN, IN","FM-12","99999","V020","999,9,C,0000,1","99999,9,9,N","004000,1,9,9","+0218,1","+0191,1","99999,9",,,,,,,,,,,"240,N,+0182,1",,"9,9,999,9,-005,1",,"SYN06843060 32996 00000 10218 20191 4//// 333 20182 59005 555 00000 10159="
"43060099999","2023-12-02T12:00:00","4","18.9833333","73.2833333","695.0","MATHERAN, IN","FM-12","99999","V020","999,9,C,0000,1","22000,1,9,N","004000,1,9,9","+0250,1","+0206,1","99999,9",,,,,,"02,1,+00800,1,08,1",,,"9,AGL   ,+99999,+99999","02,99,1,02,1,99,9,00800,1,99,9,99,9",,,"9,9,999,9,+001,1",,"SYN05843060 32596 20000 10250 20206 4//// 82200 333 10302 58001="
"43060099999","2023-12-03T03:00:00","4","18.9833333","73.2833333","695.0","MATHERAN, IN","FM-12","99999","V020","999,9,C,0000,1","99999,9,9,N","004000,1,9,9","+0230,1","+0167,1","99999,9",,,,,,,,,,,"240,N,+0180,1",,"9,9,999,9,+004,1",,"SYN06843060 32996 00000 10230 20167 4//// 333 20180 58004 555 00000 10159="
"43060099999","2023-12-03T12:00:00","4","18.9833333","73.2833333","695.0","MATHERAN, IN","FM-12","99999","V020","999,9,C,0000,1","22000,1,9,N","004000,1,9,9","+0252,1","+0202,1","99999,9",,,,,,"01,1,+00800,1,08,1",,,"9,AGL   ,+99999,+99999","01,99,1,01,1,99,9,00800,1,99,9,99,9","240,M,+0304,1",,"9,9,999,9,+005,1",,"SYN05843060 32596 10000 10252 20202 4//// 81200 333 10304 58005="
"43060099999","2023-12-04T03:00:00","4","18.9833333","73.2833333","695.0","MATHERAN, IN","FM-12","99999","V020","999,9,C,0000,1","99999,9,9,N","004000,1,9,9","+0232,1","+0166,1","99999,9",,,,,,,,,,,"240,N,+0182,1",,"9,9,999,9,-003,1",,"SYN05243060 32996 00000 10232 20166 4//// 333 20182 59003="
"43060099999","2023-12-04T12:00:00","4","18.9833333","73.2833333","695.0","MATHERAN, IN","FM-12","99999","V020","999,9,C,0000,1","22000,1,9,N","004000,1,9,9","+0256,1","+0186,1","99999,9",,,,,,"02,1,+00800,1,08,1",,,"9,AGL   ,+99999,+99999","02,99,1,02,1,99,9,00800,1,99,9,99,9","240,M,+0308,1",,"9,9,999,9,-006,1",,"SYN05843060 32596 20000 10256 20186 4//// 82200 333 10308 59006="
"43060099999","2023-12-05T03:00:00","4","18.9833333","73.2833333","695.0","MATHERAN, IN","FM-12","99999","V020","999,9,C,0000,1","22000,1,9,N","004000,1,9,9","+0230,1","+0184,1","99999,9",,,,,,"02,1,+01250,1,00,1",,,"9,AGL   ,+99999,+99999","02,99,1,02,1,99,9,01250,1,99,9,99,9","240,N,+0202,1",,"9,9,999,9,-010,1",,"SYN07443060 32696 20000 10230 20184 4//// 82001 333 20202 59010 555 00000 10159="
"43060099999","2023-12-05T12:00:00","4","18.9833333","73.2833333","695.0","MATHERAN, IN","FM-12","99999","V020","999,9,C,0000,1","99999,9,9,N","004000,1,9,9","+0254,1","+0167,1","99999,9",,,,,,,,,,,,,"9,9,999,9,-008,1",,"SYN05243060 32996 00000 10254 20167 4//// 333 10306 59008="
"43060099999","2023-12-06T03:00:00","4","18.9833333","73.2833333","695.0","MATHERAN, IN","FM-12","99999","V020","140,1,N,0005,1","99999,9,9,N","004000,1,9,9","+0210,1","+0171,1","99999,9",,,,,,,,,,,"240,N,+0190,1",,"9,9,999,9,+006,1",,"SYN06843060 32996 01401 10210 20171 4//// 333 20190 58006 555 00000 10159="
"43060099999","2023-12-06T12:00:00","4","18.9833333","73.2833333","695.0","MATHERAN, IN","FM-12","99999","V020","999,9,C,0000,1","22000,1,9,N","002000,1,9,9","+0256,1","+0173,1","99999,9",,,,,,"02,1,+00800,1,08,1",,,"9,AGL   ,+99999,+99999","02,99,1,02,1,99,9,00800,1,99,9,99,9",,,"9,9,999,9,+006,1",,"SYN05843060 32595 20000 10256 20173 4//// 82200 333 10298 58006="
"43060099999","2023-12-07T03:00:00","4","18.9833333","73.2833333","695.0","MATHERAN, IN","FM-12","99999","V020","140,1,N,0005,1","99999,9,9,N","004000,1,9,9","+0218,1","+0168,1","99999,9",,,,,,,,,,,"240,N,+0180,1",,"9,9,999,9,+006,1",,"SYN06843060 32996 01401 10218 20168 4//// 333 20180 58006 555 00000 10159="
"43060099999","2023-12-07T12:00:00","4","18.9833333","73.2833333","695.0","MATHERAN, IN","FM-12","99999","V020","999,9,C,0000,1","99999,9,9,N","002000,1,9,9","+0252,1","+0172,1","99999,9",,,,,,,,,,,,,"9,9,999,9,+004,1",,"SYN05243060 32595 00000 10252 20172 4//// 333 10296 58004="
"43060099999","2023-12-08T03:00:00","4","18.9833333","73.2833333","695.0","MATHERAN, IN","FM-12","99999","V020","140,1,N,0005,1","99999,9,9,N","004000,1,9,9","+0220,1","+0166,1","99999,9",,,,,,,,,,,"240,N,+0184,1",,"9,9,999,9,+001,1",,"SYN06243060 32996 01401 10220 20166 4//// 333 20184 58001 555 10159="
"43060099999","2023-12-09T03:00:00","4","18.9833333","73.2833333","695.0","MATHERAN, IN","FM-12","99999","V020","140,1,N,0005,1","99999,9,9,N","004000,1,9,9","+0220,1","+0166,1","99999,9",,,,,,,,,,,"240,N,+0186,1",,"9,9,999,9,+012,1",,"SYN06843060 32996 01401 10220 20166 4//// 333 20186 58012 555 00000 10159="
"43060099999","2023-12-09T12:00:00","4","18.9833333","73.2833333","695.0","MATHERAN, IN","FM-12","99999","V020","999,9,C,0000,1","22000,1,9,N","002000,1,9,9","+0256,1","+0173,1","99999,9",,,,,,"02,1,+00800,1,08,1",,,"9,AGL   ,+99999,+99999","02,99,1,02,1,99,9,00800,1,99,9,99,9",,,"9,9,999,9,+007,1",,"SYN05843060 32595 20000 10256 20173 4//// 82200 333 10290 58007="
"43060099999","2023-12-10T03:00:00","4","18.9833333","73.2833333","695.0","MATHERAN, IN","FM-12","99999","V020","140,1,N,0005,1","22000,1,9,N","004000,1,9,9","+0220,1","+0173,1","99999,9",,,,,,"01,1,+00800,1,08,1",,,"9,AGL   ,+99999,+99999","01,99,1,01,1,99,9,00800,1,99,9,99,9","240,N,+0182,1",,"9,9,999,9,-009,1",,"SYN07443060 32596 11401 10220 20173 4//// 81100 333 20182 59009 555 00000 10159="
"43060099999","2023-12-10T12:00:00","4","18.9833333","73.2833333","695.0","MATHERAN, IN","FM-12","99999","V020","999,9,C,0000,1","99999,9,9,N","004000,1,9,9","+0250,1","+0169,1","99999,9",,,,,,,,,,,"240,M,+0290,1",,"9,9,999,9,-005,1",,"SYN05243060 32996 00000 10250 20169 4//// 333 10290 59005="
"43060099999","2023-12-11T03:00:00","4","18.9833333","73.2833333","695.0","MATHERAN, IN","FM-12","99999","V020","140,1,N,0005,1","99999,9,9,N","004000,1,9,9","+0240,1","+0154,1","99999,9",,,,,,,,,,,"240,N,+0192,1",,"9,9,999,9,-011,1",,"SYN06843060 32996 01401 10240 20154 4//// 333 20192 59011 555 00000 10159="
"43060099999","2023-12-11T12:00:00","4","18.9833333","73.2833333","695.0","MATHERAN, IN","FM-12","99999","V020","999,9,C,0000,1","22000,1,9,N","004000,1,9,9","+0252,1","+0178,1","99999,9",,,,,,"01,1,+00800,1,08,1",,,"9,AGL   ,+99999,+99999","01,99,1,01,1,99,9,00800,1,99,9,99,9","240,M,+0294,1",,"9,9,999,9,+001,1",,"SYN05843060 32596 10000 10252 20178 4//// 81100 333 10294 58001="
"43060099999","2023-12-12T03:00:00","4","18.9833333","73.2833333","695.0","MATHERAN, IN","FM-12","99999","V020","999,9,C,0000,1","99999,9,9,N","004000,1,9,9","+0216,1","+0151,1","99999,9",,,,,,,,,,,"240,N,+0178,1",,"9,9,999,9,-004,1",,"SYN06843060 32996 00000 10216 20151 4//// 333 20178 59004 555 00000 10159="
"43060099999","2023-12-12T12:00:00","4","18.9833333","73.2833333","695.0","MATHERAN, IN","FM-12","99999","V020","999,9,C,0000,1","22000,1,9,N","004000,1,9,9","+0248,1","+0174,1","99999,9",,,,,,"01,1,+00800,1,08,1",,,"9,AGL   ,+99999,+99999","01,99,1,01,1,99,9,00800,1,99,9,99,9","240,M,+0290,1",,"9,9,999,9,-005,1",,"SYN05843060 32596 10000 10248 20174 4//// 81100 333 10290 59005="
"43060099999","2023-12-13T03:00:00","4","18.9833333","73.2833333","695.0","MATHERAN, IN","FM-12","99999","V020","999,9,C,0000,1","99999,9,9,N","004000,1,9,9","+0214,1","+0142,1","99999,9",,,,,,,,,,,"240,N,+0170,1",,"9,9,999,9,+003,1",,"SYN06843060 32996 00000 10214 20142 4//// 333 20170 58003 555 00000 10159="
"43060099999","2023-12-13T12:00:00","4","18.9833333","73.2833333","695.0","MATHERAN, IN","FM-12","99999","V020","999,9,C,0000,1","22000,1,9,N","004000,1,9,9","+0244,1","+0151,1","99999,9",,,,,,"01,1,+00800,1,08,1",,,"9,AGL   ,+99999,+99999","01,99,1,01,1,99,9,00800,1,99,9,99,9",,,"9,9,999,9,+003,1",,"SYN05843060 32596 10000 10244 20151 4//// 81100 333 10286 58003="
"43060099999","2023-12-14T03:00:00","4","18.9833333","73.2833333","695.0","MATHERAN, IN","FM-12","99999","V020","999,9,C,0000,1","99999,9,9,N","004000,1,9,9","+0220,1","+0126,1","99999,9",,,,,,,,,,,"240,N,+0184,1",,"9,9,999,9,+008,1",,"SYN06843060 32996 00000 10220 20126 4//// 333 20184 58008 555 00000 10159="
"43060099999","2023-12-14T12:00:00","4","18.9833333","73.2833333","695.0","MATHERAN, IN","FM-12","99999","V020","999,9,C,0000,1","99999,9,9,N","004000,1,9,9","+0246,1","+0138,1","99999,9",,,,,,,,,,,"240,M,+0290,1",,"9,9,999,9,+007,1",,"SYN05243060 32996 00000 10246 20138 4//// 333 10290 58007="
"43060099999","2023-12-15T03:00:00","4","18.9833333","73.2833333","695.0","MATHERAN, IN","FM-12","99999","V020","999,9,C,0000,1","99999,9,9,N","004000,1,9,9","+0210,1","+0137,1","99999,9",,,,,,,,,,,"240,N,+0178,1",,"9,9,999,9,+011,1",,"SYN06243060 32996 00000 10210 20137 4//// 333 20178 58011 555 10159="
"43060099999","2023-12-15T12:00:00","4","18.9833333","73.2833333","695.0","MATHERAN, IN","FM-12","99999","V020","999,9,C,0000,1","99999,9,9,N","004000,1,9,9","+0242,1","+0141,1","99999,9",,,,,,,,,,,"240,M,+0286,1",,"9,9,999,9,+003,1",,"SYN05243060 32996 00000 10242 20141 4//// 333 10286 58003="
"43060099999","2023-12-16T03:00:00","4","18.9833333","73.2833333","695.0","MATHERAN, IN","FM-12","99999","V020","999,9,C,0000,1","99999,9,9,N","004000,1,9,9","+0202,1","+0124,1","99999,9",,,,,,,,,,,"240,N,+0170,1",,"9,9,999,9,-005,1",,"SYN06843060 32996 00000 10202 20124 4//// 333 20170 59005 555 00000 10159="
"43060099999","2023-12-16T12:00:00","4","18.9833333","73.2833333","695.0","MATHERAN, IN","FM-12","99999","V020","999,9,C,0000,1","99999,9,9,N","004000,1,9,9","+0240,1","+0135,1","99999,9",,,,,,,,,,,,,"9,9,999,9,-006,1",,"SYN05243060 32996 00000 10240 20135 4//// 333 10282 59006="
"43060099999","2023-12-17T03:00:00","4","18.9833333","73.2833333","695.0","MATHERAN, IN","FM-12","99999","V020","999,9,C,0000,1","99999,9,9,N","004000,1,9,9","+0208,1","+0127,1","99999,9",,,,,,,,,,,"240,N,+0174,1",,"9,9,999,9,-007,1",,"SYN06843060 32996 00000 10208 20127 4//// 333 20174 59007 555 00000 10159="
"43060099999","2023-12-17T12:00:00","4","18.9833333","73.2833333","695.0","MATHERAN, IN","FM-12","99999","V020","999,9,C,0000,1","22000,1,9,N","004000,1,9,9","+0244,1","+0144,1","99999,9",,,,,,"02,1,+00800,1,08,1",,,"9,AGL   ,+99999,+99999","02,99,1,02,1,99,9,00800,1,99,9,99,9",,,"9,9,999,9,-005,1",,"SYN05843060 32596 20000 10244 20144 4//// 82200 333 10286 59005="
"43060099999","2023-12-18T03:00:00","4","18.9833333","73.2833333","695.0","MATHERAN, IN","FM-12","99999","V020","140,1,N,0015,1","22000,1,9,N","004000,1,9,9","+0212,1","+0124,1","99999,9",,,,,,"02,1,+01250,1,00,1",,,"9,AGL   ,+99999,+99999","02,99,1,02,1,99,9,01250,1,99,9,99,9","240,N,+0190,1",,"9,9,999,9,+003,1",,"SYN07443060 32696 21403 10212 20124 4//// 82001 333 20190 58003 555 00000 10159="
"43060099999","2023-12-18T12:00:00","4","18.9833333","73.2833333","695.0","MATHERAN, IN","FM-12","99999","V020","999,9,C,0000,1","99999,9,9,N","004000,1,9,9","+0242,1","+0145,1","99999,9",,,,,,,,,,,,,"9,9,999,9,+005,1",,"SYN05243060 32996 00000 10242 20145 4//// 333 10284 58005="
"43060099999","2023-12-19T03:00:00","4","18.9833333","73.2833333","695.0","MATHERAN, IN","FM-12","99999","V020","140,1,N,0021,1","99999,9,9,N","002000,1,9,9","+0200,1","+0121,1","99999,9",,,,,,"06,1,+00800,1,08,1","99,9,+99999,9,03,1",,"9,AGL   ,+99999,+99999","06,99,1,06,1,99,9,00800,1,99,9,99,9","240,N,+0178,1",,"9,9,999,9,+005,1",,"SYN07443060 32595 61404 10200 20121 4//// 86230 333 20178 58005 555 00000 10159="
"43060099999","2023-12-20T03:00:00","4","18.9833333","73.2833333","695.0","MATHERAN, IN","FM-12","99999","V020","140,1,N,0015,1","99999,9,9,N","002000,1,9,9","+0202,1","+0099,1","99999,9",,,,,,"06,1,+00800,1,03,1","99,9,+99999,9,00,1",,"9,AGL   ,+99999,+99999","06,99,1,06,1,99,9,00800,1,99,9,99,9","240,N,+0174,1",,"9,9,999,9,+003,1",,"SYN07443060 32595 61403 10202 20099 4//// 86032 333 20174 58003 555 00000 10159="
"43060099999","2023-12-20T12:00:00","4","18.9833333","73.2833333","695.0","MATHERAN, IN","FM-12","99999","V020","140,1,N,0005,1","22000,1,9,N","002000,1,9,9","+0234,1","+0115,1","99999,9",,,,,,"03,1,+00800,1,03,1","99,9,+99999,9,00,1",,"9,AGL   ,+99999,+99999","03,99,1,03,1,99,9,00800,1,99,9,99,9","240,M,+0270,1",,"9,9,999,9,+003,1",,"SYN05843060 32595 31401 10234 20115 4//// 83031 333 10270 58003="
"43060099999","2023-12-21T03:00:00","4","18.9833333","73.2833333","695.0","MATHERAN, IN","FM-12","99999","V020","999,9,C,0000,1","99999,9,9,N","002000,1,9,9","+0220,1","+0096,1","99999,9",,,,,,"05,1,+00800,1,05,1","99,9,+99999,9,02,1",,"9,AGL   ,+99999,+99999","05,99,1,05,1,99,9,00800,1,99,9,99,9","240,N,+0192,1",,"9,9,999,9,-006,1",,"SYN07443060 32595 50000 10220 20096 4//// 85026 333 20192 59006 555 00000 10159="
"43060099999","2023-12-21T12:00:00","4","18.9833333","73.2833333","695.0","MATHERAN, IN","FM-12","99999","V020","140,1,N,0005,1","99999,9,9,N","002000,1,9,9","+0234,1","+0102,1","99999,9",,,,,,"05,1,+00800,1,03,1","99,9,+99999,9,02,1",,"9,AGL   ,+99999,+99999","05,99,1,05,1,99,9,00800,1,99,9,99,9",,,"9,9,999,9,-005,1",,"SYN05843060 32595 51401 10234 20102 4//// 85036 333 10268 59005="
"43060099999","2023-12-22T03:00:00","4","18.9833333","73.2833333","695.0","MATHERAN, IN","FM-12","99999","V020","140,1,N,0005,1","22000,1,9,N","002000,1,9,9","+0240,1","+0123,1","99999,9",,,,,,"04,1,+00800,1,03,1","99,9,+99999,9,00,1",,"9,AGL   ,+99999,+99999","04,99,1,04,1,99,9,00800,1,99,9,99,9","240,N,+0204,1",,"9,9,999,9,-001,1",,"SYN07443060 32595 41401 10240 20123 4//// 84031 333 20204 59001 555 00000 10159="
"43060099999","2023-12-22T12:00:00","4","18.9833333","73.2833333","695.0","MATHERAN, IN","FM-12","99999","V020","140,1,N,0005,1","99999,9,9,N","002000,1,9,9","+0256,1","+0127,1","99999,9",,,,,,"06,1,+00800,1,08,1","99,9,+99999,9,03,1",,"9,AGL   ,+99999,+99999","06,99,1,06,1,99,9,00800,1,99,9,99,9",,,"9,9,999,9,+003,1",,"SYN05843060 32595 61401 10256 20127 4//// 86230 333 10290 58003="
"43060099999","2023-12-23T03:00:00","4","18.9833333","73.2833333","695.0","MATHERAN, IN","FM-12","99999","V020","140,1,N,0005,1","22000,1,9,N","002000,1,9,9","+0222,1","+0116,1","99999,9",,,,,,"02,1,+01250,1,00,1",,,"9,AGL   ,+99999,+99999","02,99,1,02,1,99,9,01250,1,99,9,99,9","240,N,+0196,1",,"9,9,999,9,+002,1",,"SYN07443060 32695 21401 10222 20116 4//// 82002 333 20196 58002 555 00000 10159="
"43060099999","2023-12-23T12:00:00","4","18.9833333","73.2833333","695.0","MATHERAN, IN","FM-12","99999","V020","140,1,N,0005,1","22000,1,9,N","004000,1,9,9","+0246,1","+0118,1","99999,9",,,,,,"02,1,+01250,1,00,1",,,"9,AGL   ,+99999,+99999","02,99,1,02,1,99,9,01250,1,99,9,99,9",,,"9,9,999,9,+002,1",,"SYN05843060 32696 21401 10246 20118 4//// 82001 333 10288 58002="
"43060099999","2023-12-24T03:00:00","4","18.9833333","73.2833333","695.0","MATHERAN, IN","FM-12","99999","V020","140,1,N,0005,1","22000,1,9,N","004000,1,9,9","+0220,1","+0087,1","99999,9",,,,,,"04,1,+01250,1,00,1",,,"9,AGL   ,+99999,+99999","04,99,1,04,1,99,9,01250,1,99,9,99,9","240,N,+0194,1",,"9,9,999,9,+019,1",,"SYN07443060 32696 41401 10220 20087 4//// 84001 333 20194 58019 555 00000 10159="
"43060099999","2023-12-24T12:00:00","4","18.9833333","73.2833333","695.0","MATHERAN, IN","FM-12","99999","V020","999,9,C,0000,1","22000,1,9,N","004000,1,9,9","+0244,1","+0115,1","99999,9",,,,,,"02,1,+01250,1,00,1",,,"9,AGL   ,+99999,+99999","02,99,1,02,1,99,9,01250,1,99,9,99,9","240,M,+0298,1",,"9,9,999,9,+005,1",,"SYN05843060 32696 20000 10244 20115 4//// 82001 333 10298 58005="
"43060099999","2023-12-27T03:00:00","4","18.9833333","73.2833333","695.0","MATHERAN, IN","FM-12","99999","V020","999,9,C,0000,1","22000,1,9,N","004000,1,9,9","+0234,1","+0106,1","99999,9",,,,,,"02,1,+99999,9,03,1",,,"9,AGL   ,+99999,+99999","02,99,1,02,1,99,9,99999,9,99,9,99,9","240,N,+0194,1",,"9,9,999,9,+005,1",,"SYN07443060 32996 20000 10234 20106 4//// 82030 333 20194 58005 555 00000 10159="
"43060099999","2023-12-27T12:00:00","4","18.9833333","73.2833333","695.0","MATHERAN, IN","FM-12","99999","V020","999,9,C,0000,1","22000,1,9,N","004000,1,9,9","+0270,1","+0161,1","99999,9",,,,,,"02,1,+00800,1,03,1",,,"9,AGL   ,+99999,+99999","02,99,1,02,1,99,9,00800,1,99,9,99,9",,,"9,9,999,9,+002,1",,"SYN05843060 32596 20000 10270 20161 4//// 82030 333 10310 58002="
"43060099999","2023-12-28T03:00:00","4","18.9833333","73.2833333","695.0","MATHERAN, IN","FM-12","99999","V020","999,9,C,0000,1","99999,9,9,N","004000,1,9,9","+0232,1","+0133,1","99999,9",,,,,,,,,,,"240,N,+0196,1",,"9,9,999,9,-013,1",,"SYN06843060 32996 00000 10232 20133 4//// 333 20196 59013 555 00000 10159="
"43060099999","2023-12-28T12:00:00","4","18.9833333","73.2833333","695.0","MATHERAN, IN","FM-12","99999","V020","999,9,C,0000,1","99999,9,9,N","004000,1,9,9","+0266,1","+0163,1","99999,9",,,,,,,,,,,,,"9,9,999,9,-011,1",,"SYN05243060 32996 00000 10266 20163 4//// 333 10306 59011="
"43060099999","2023-12-29T03:00:00","4","18.9833333","73.2833333","695.0","MATHERAN, IN","FM-12","99999","V020","999,9,C,0000,1","99999,9,9,N","004000,1,9,9","+0222,1","+0116,1","99999,9",,,,,,,,,,,"240,N,+0194,1",,"9,9,999,9,-004,1",,"SYN06843060 32996 00000 10222 20116 4//// 333 20194 59004 555 00000 10159="
"43060099999","2023-12-29T12:00:00","4","18.9833333","73.2833333","695.0","MATHERAN, IN","FM-12","99999","V020","999,9,C,0000,1","99999,9,9,N","004000,1,9,9","+0264,1","+0145,1","99999,9",,,,,,,,,,,"240,M,+0304,1",,"9,9,999,9,+001,1",,"SYN05243060 32996 00000 10264 20145 4//// 333 10304 58001="
"43060099999","2023-12-30T03:00:00","4","18.9833333","73.2833333","695.0","MATHERAN, IN","FM-12","99999","V020","999,9,C,0000,1","99999,9,9,N","004000,1,9,9","+0240,1","+0135,1","99999,9",,,,,,,,,,,"240,N,+0190,1",,"9,9,999,9,-002,1",,"SYN06843060 32996 00000 10240 20135 4//// 333 20190 59002 555 00000 10159="
"43060099999","2023-12-30T12:00:00","4","18.9833333","73.2833333","695.0","MATHERAN, IN","FM-12","99999","V020","999,9,C,0000,1","99999,9,9,N","004000,1,9,9","+0260,1","+0148,1","99999,9",,,,,,,,,,,"240,M,+0308,1",,"9,9,999,9,-004,1",,"SYN05243060 32996 00000 10260 20148 4//// 333 10308 59004="
"43060099999","2023-12-31T03:00:00","4","18.9833333","73.2833333","695.0","MATHERAN, IN","FM-12","99999","V020","140,1,N,0005,1","99999,9,9,N","004000,1,9,9","+0232,1","+0141,1","99999,9",,,,,,,,,,,"240,N,+0198,1",,"9,9,999,9,-007,1",,"SYN06843060 32996 01401 10232 20141 4//// 333 20198 59007 555 00000 10159="
"43060099999","2023-12-31T12:00:00","4","18.9833333","73.2833333","695.0","MATHERAN, IN","FM-12","99999","V020","999,9,C,0000,1","99999,9,9,N","004000,1,9,9","+0262,1","+0151,1","99999,9",,,,,,,,,,,,,"9,9,999,9,-005,1",,"SYN05243060 32996 00000 10262 20151 4//// 333 10310 59005="
