timestamp,station_id,station_name,latitude,longitude,elevation_m,T_clean,P_clean,RH_clean,T_obs,P_obs,RH_obs,is_fault,fault_class,affected_channel,event_context,severity
2025-01-01T18:00:00Z,42139099999,"MEERUT, IN",29.0166666,77.7166667,222.0,11.08,1018.28,85.6,11.08,1018.28,85.6,0,NONE,NONE,NORMAL,0.0
2025-01-01T18:00:00Z,42170099999,"CHURU, IN",28.25,74.9166666,291.0,8.2,1019.9,94.7,8.2,1019.9,94.7,0,NONE,NONE,NORMAL,0.0
2025-01-01T18:00:00Z,42182099999,"SAFDARJUNG, IN",28.584511,77.205783,214.88,8.4,1019.6,100.0,8.4,1019.6,100.0,0,NONE,NONE,NORMAL,0.0
2025-01-01T18:00:00Z,42260099999,"AGRA, IN",27.155831,77.960892,167.94,9.0,1019.5,100.0,9.0,1019.5,100.0,0,NONE,NONE,NORMAL,0.0
2025-01-01T19:00:00Z,42139099999,"MEERUT, IN",29.0166666,77.7166667,222.0,10.96,1018.36,86.06,10.96,1018.36,86.06,0,NONE,NONE,NORMAL,0.0
2025-01-01T19:00:00Z,42170099999,"CHURU, IN",28.25,74.9166666,291.0,7.73,1019.77,95.55,7.73,1019.77,95.55,0,NONE,NONE,NORMAL,0.0
2025-01-01T19:00:00Z,42182099999,"SAFDARJUNG, IN",28.584511,77.205783,214.88,8.93,1019.03,98.21,8.93,1019.03,98.21,0,NONE,NONE,NORMAL,0.0
2025-01-01T19:00:00Z,42260099999,"AGRA, IN",27.155831,77.960892,167.94,8.98,1019.47,100.0,8.98,1019.47,100.0,0,NONE,NONE,NORMAL,0.0
2025-01-01T20:00:00Z,42139099999,"MEERUT, IN",29.0166666,77.7166667,222.0,10.84,1018.44,86.51,10.84,1018.44,86.51,0,NONE,NONE,NORMAL,0.0
2025-01-01T20:00:00Z,42170099999,"CHURU, IN",28.25,74.9166666,291.0,7.27,1019.63,96.41,7.27,1019.63,96.41,0,NONE,NONE,NORMAL,0.0
2025-01-01T20:00:00Z,42182099999,"SAFDARJUNG, IN",28.584511,77.205783,214.88,9.47,1018.47,96.47,9.47,1018.47,96.47,0,NONE,NONE,NORMAL,0.0
2025-01-01T20:00:00Z,42260099999,"AGRA, IN",27.155831,77.960892,167.94,8.96,1019.43,100.0,8.96,1019.43,100.0,0,NONE,NONE,NORMAL,0.0
2025-01-01T21:00:00Z,42139099999,"MEERUT, IN",29.0166666,77.7166667,222.0,10.72,1018.52,86.97,10.72,1018.52,86.97,0,NONE,NONE,NORMAL,0.0
2025-01-01T21:00:00Z,42170099999,"CHURU, IN",28.25,74.9166666,291.0,6.8,1019.5,97.29,6.8,1019.5,97.29,0,NONE,NONE,NORMAL,0.0
2025-01-01T21:00:00Z,42182099999,"SAFDARJUNG, IN",28.584511,77.205783,214.88,10.0,1017.9,94.77,10.0,1017.9,94.77,0,NONE,NONE,NORMAL,0.0
2025-01-01T21:00:00Z,42260099999,"AGRA, IN",27.155831,77.960892,167.94,8.93,1019.4,100.0,8.93,1019.4,100.0,0,NONE,NONE,NORMAL,0.0
2025-01-01T22:00:00Z,42139099999,"MEERUT, IN",29.0166666,77.7166667,222.0,10.6,1018.6,87.43,10.6,1018.6,87.43,0,NONE,NONE,NORMAL,0.0
2025-01-01T22:00:00Z,42170099999,"CHURU, IN",28.25,74.9166666,291.0,6.6,1019.17,98.18,6.6,1019.17,98.18,0,NONE,NONE,NORMAL,0.0
2025-01-01T22:00:00Z,42182099999,"SAFDARJUNG, IN",28.584511,77.205783,214.88,10.0,1017.77,94.77,10.0,1017.77,94.77,0,NONE,NONE,NORMAL,0.0
2025-01-01T22:00:00Z,42260099999,"AGRA, IN",27.155831,77.960892,167.94,8.91,1019.37,100.0,8.91,1019.37,100.0,0,NONE,NONE,NORMAL,0.0
2025-01-01T23:00:00Z,42139099999,"MEERUT, IN",29.0166666,77.7166667,222.0,10.48,1018.68,87.89,10.48,1018.68,87.89,0,NONE,NONE,NORMAL,0.0
2025-01-01T23:00:00Z,42170099999,"CHURU, IN",28.25,74.9166666,291.0,6.4,1018.83,99.09,6.4,1018.83,99.09,0,NONE,NONE,NORMAL,0.0
2025-01-01T23:00:00Z,42182099999,"SAFDARJUNG, IN",28.584511,77.205783,214.88,10.0,1017.63,94.77,10.0,1017.63,94.77,0,NONE,NONE,NORMAL,0.0
2025-01-01T23:00:00Z,42260099999,"AGRA, IN",27.155831,77.960892,167.94,8.89,1019.33,100.0,8.89,1019.33,100.0,0,NONE,NONE,NORMAL,0.0
2025-01-02T00:00:00Z,42139099999,"MEERUT, IN",29.0166666,77.7166667,222.0,10.36,1018.76,88.36,10.36,1018.76,88.36,0,NONE,NONE,NORMAL,0.0
2025-01-02T00:00:00Z,42170099999,"CHURU, IN",28.25,74.9166666,291.0,6.2,1018.5,100.0,6.2,1018.5,100.0,0,NONE,NONE,NORMAL,0.0
2025-01-02T00:00:00Z,42182099999,"SAFDARJUNG, IN",28.584511,77.205783,214.88,10.0,1017.5,94.77,10.0,1017.5,94.77,0,NONE,NONE,NORMAL,0.0
2025-01-02T00:00:00Z,42260099999,"AGRA, IN",27.155831,77.960892,167.94,8.87,1019.3,100.0,8.87,1019.3,100.0,0,NONE,NONE,NORMAL,0.0
2025-01-02T01:00:00Z,42139099999,"MEERUT, IN",29.0166666,77.7166667,222.0,10.24,1018.84,88.83,10.24,1018.84,88.83,0,NONE,NONE,NORMAL,0.0
2025-01-02T01:00:00Z,42170099999,"CHURU, IN",28.25,74.9166666,291.0,6.13,1019.37,100.0,6.13,1019.37,100.0,0,NONE,NONE,NORMAL,0.0
2025-01-02T01:00:00Z,42182099999,"SAFDARJUNG, IN",28.584511,77.205783,214.88,9.67,1018.17,96.48,9.67,1018.17,96.48,0,NONE,NONE,NORMAL,0.0
2025-01-02T01:00:00Z,42260099999,"AGRA, IN",27.155831,77.960892,167.94,8.84,1019.27,100.0,8.84,1019.27,100.0,0,NONE,NONE,NORMAL,0.0
2025-01-02T02:00:00Z,42139099999,"MEERUT, IN",29.0166666,77.7166667,222.0,10.12,1018.92,89.3,10.12,1018.92,89.3,0,NONE,NONE,NORMAL,0.0
2025-01-02T02:00:00Z,42170099999,"CHURU, IN",28.25,74.9166666,291.0,6.07,1020.23,100.0,6.07,1020.23,100.0,0,NONE,NONE,NORMAL,0.0
2025-01-02T02:00:00Z,42182099999,"SAFDARJUNG, IN",28.584511,77.205783,214.88,9.33,1018.83,98.22,9.33,1018.83,98.22,0,NONE,NONE,NORMAL,0.0
2025-01-02T02:00:00Z,42260099999,"AGRA, IN",27.155831,77.960892,167.94,8.82,1019.23,100.0,8.82,1019.23,100.0,0,NONE,NONE,NORMAL,0.0
2025-01-02T03:00:00Z,42139099999,"MEERUT, IN",29.0166666,77.7166667,222.0,10.0,1019.0,89.78,10.0,1019.0,89.78,0,NONE,NONE,NORMAL,0.0
2025-01-02T03:00:00Z,42170099999,"CHURU, IN",28.25,74.9166666,291.0,6.0,1021.1,100.0,6.0,1021.1,100.0,0,NONE,NONE,NORMAL,0.0
2025-01-02T03:00:00Z,42182099999,"SAFDARJUNG, IN",28.584511,77.205783,214.88,9.0,1019.5,100.0,9.0,1019.5,100.0,0,NONE,NONE,NORMAL,0.0
2025-01-02T03:00:00Z,42260099999,"AGRA, IN",27.155831,77.960892,167.94,8.8,1019.2,100.0,8.8,1019.2,100.0,0,NONE,NONE,NORMAL,0.0
2025-01-02T04:00:00Z,42139099999,"MEERUT, IN",29.0166666,77.7166667,222.0,10.4,1019.57,88.2,10.4,1019.57,88.2,0,NONE,NONE,NORMAL,0.0
2025-01-02T04:00:00Z,42170099999,"CHURU, IN",28.25,74.9166666,291.0,7.8,1021.1,98.2,7.8,1021.1,98.2,0,NONE,NONE,NORMAL,0.0
2025-01-02T04:00:00Z,42182099999,"SAFDARJUNG, IN",28.584511,77.205783,214.88,10.2,1019.93,93.3,10.2,1019.93,93.3,0,NONE,NONE,NORMAL,0.0
2025-01-02T04:00:00Z,42260099999,"AGRA, IN",27.155831,77.960892,167.94,8.85,1019.17,100.0,8.85,1019.17,100.0,0,NONE,NONE,NORMAL,0.0
2025-01-02T05:00:00Z,42139099999,"MEERUT, IN",29.0166666,77.7166667,222.0,10.8,1020.13,86.66,10.8,1020.13,86.66,0,NONE,NONE,NORMAL,0.0
2025-01-02T05:00:00Z,42170099999,"CHURU, IN",28.25,74.9166666,291.0,9.6,1021.1,96.47,9.6,1021.1,96.47,0,NONE,NONE,NORMAL,0.0
2025-01-02T05:00:00Z,42182099999,"SAFDARJUNG, IN",28.584511,77.205783,214.88,11.4,1020.37,87.11,11.4,1020.37,87.11,0,NONE,NONE,NORMAL,0.0
2025-01-02T05:00:00Z,42260099999,"AGRA, IN",27.155831,77.960892,167.94,8.89,1019.13,100.0,8.89,1019.13,100.0,0,NONE,NONE,NORMAL,0.0
2025-01-02T06:00:00Z,42139099999,"MEERUT, IN",29.0166666,77.7166667,222.0,11.2,1020.7,85.16,11.2,1020.7,85.16,0,NONE,NONE,NORMAL,0.0
2025-01-02T06:00:00Z,42170099999,"CHURU, IN",28.25,74.9166666,291.0,11.4,1021.1,94.82,11.4,1021.1,94.82,0,NONE,NONE,NORMAL,0.0
2025-01-02T06:00:00Z,42182099999,"SAFDARJUNG, IN",28.584511,77.205783,214.88,12.6,1020.8,81.39,12.6,1020.8,81.39,0,NONE,NONE,NORMAL,0.0
2025-01-02T06:00:00Z,42260099999,"AGRA, IN",27.155831,77.960892,167.94,8.94,1019.1,100.0,8.94,1019.1,100.0,0,NONE,NONE,NORMAL,0.0
2025-01-02T07:00:00Z,42139099999,"MEERUT, IN",29.0166666,77.7166667,222.0,12.27,1019.83,81.17,12.27,1019.83,81.17,0,NONE,NONE,NORMAL,0.0
2025-01-02T07:00:00Z,42170099999,"CHURU, IN",28.25,74.9166666,291.0,14.0,1019.73,77.86,14.0,1019.73,77.86,0,NONE,NONE,NORMAL,0.0
2025-01-02T07:00:00Z,42182099999,"SAFDARJUNG, IN",28.584511,77.205783,214.88,13.6,1019.83,76.93,13.6,1019.83,76.93,0,NONE,NONE,NORMAL,0.0
2025-01-02T07:00:00Z,42260099999,"AGRA, IN",27.155831,77.960892,167.94,8.99,1019.07,100.0,8.99,1019.07,100.0,0,NONE,NONE,NORMAL,0.0
2025-01-02T08:00:00Z,42139099999,"MEERUT, IN",29.0166666,77.7166667,222.0,13.33,1018.97,77.41,13.33,1018.97,77.41,0,NONE,NONE,NORMAL,0.0
2025-01-02T08:00:00Z,42170099999,"CHURU, IN",28.25,74.9166666,291.0,16.6,1018.37,64.14,16.6,1018.37,64.14,0,NONE,NONE,NORMAL,0.0
2025-01-02T08:00:00Z,42182099999,"SAFDARJUNG, IN",28.584511,77.205783,214.88,14.6,1018.87,72.75,14.6,1018.87,72.75,0,NONE,NONE,NORMAL,0.0
2025-01-02T08:00:00Z,42260099999,"AGRA, IN",27.155831,77.960892,167.94,9.03,1019.03,100.0,9.03,1019.03,100.0,0,NONE,NONE,NORMAL,0.0
2025-01-02T09:00:00Z,42139099999,"MEERUT, IN",29.0166666,77.7166667,222.0,14.4,1018.1,73.86,14.4,1018.1,73.86,0,NONE,NONE,NORMAL,0.0
2025-01-02T09:00:00Z,42170099999,"CHURU, IN",28.25,74.9166666,291.0,19.2,1017.0,53.01,19.2,1017.0,53.01,0,NONE,NONE,NORMAL,0.0
2025-01-02T09:00:00Z,42182099999,"SAFDARJUNG, IN",28.584511,77.205783,214.88,15.6,1017.9,68.83,15.6,1017.9,68.83,0,NONE,NONE,NORMAL,0.0
2025-01-02T09:00:00Z,42260099999,"AGRA, IN",27.155831,77.960892,167.94,9.08,1019.0,100.0,9.08,1019.0,100.0,0,NONE,NONE,NORMAL,0.0
2025-01-02T10:00:00Z,42139099999,"MEERUT, IN",29.0166666,77.7166667,222.0,14.33,1017.83,76.53,14.33,1017.83,76.53,0,NONE,NONE,NORMAL,0.0
2025-01-02T10:00:00Z,42170099999,"CHURU, IN",28.25,74.9166666,291.0,18.8,1017.07,53.03,18.8,1017.07,53.03,0,NONE,NONE,NORMAL,0.0
2025-01-02T10:00:00Z,42182099999,"SAFDARJUNG, IN",28.584511,77.205783,214.88,15.0,1017.7,72.34,15.0,1017.7,72.34,0,NONE,NONE,NORMAL,0.0
2025-01-02T10:00:00Z,42260099999,"AGRA, IN",27.155831,77.960892,167.94,9.13,1018.97,100.0,9.13,1018.97,100.0,0,NONE,NONE,NORMAL,0.0
2025-01-02T11:00:00Z,42139099999,"MEERUT, IN",29.0166666,77.7166667,222.0,14.27,1017.57,79.3,14.27,1017.57,79.3,0,NONE,NONE,NORMAL,0.0
2025-01-02T11:00:00Z,42170099999,"CHURU, IN",28.25,74.9166666,291.0,18.4,1017.13,53.04,18.4,1017.13,53.04,0,NONE,NONE,NORMAL,0.0
2025-01-02T11:00:00Z,42182099999,"SAFDARJUNG, IN",28.584511,77.205783,214.88,14.4,1017.5,76.04,14.4,1017.5,76.04,0,NONE,NONE,NORMAL,0.0
2025-01-02T11:00:00Z,42260099999,"AGRA, IN",27.155831,77.960892,167.94,9.17,1018.93,100.0,9.17,1018.93,100.0,0,NONE,NONE,NORMAL,0.0
2025-01-02T12:00:00Z,42139099999,"MEERUT, IN",29.0166666,77.7166667,222.0,14.2,1017.3,82.15,14.2,1017.3,82.15,0,NONE,NONE,NORMAL,0.0
2025-01-02T12:00:00Z,42170099999,"CHURU, IN",28.25,74.9166666,291.0,18.0,1017.2,53.06,18.0,1017.2,53.06,0,NONE,NONE,NORMAL,0.0
2025-01-02T12:00:00Z,42182099999,"SAFDARJUNG, IN",28.584511,77.205783,214.88,13.8,1017.3,79.94,13.8,1017.3,79.94,0,NONE,NONE,NORMAL,0.0
2025-01-02T12:00:00Z,42260099999,"AGRA, IN",27.155831,77.960892,167.94,9.22,1018.9,100.0,9.22,1018.9,100.0,0,NONE,NONE,NORMAL,0.0
2025-01-02T13:00:00Z,42139099999,"MEERUT, IN",29.0166666,77.7166667,222.0,13.93,1017.51,83.06,13.93,1017.51,83.06,0,NONE,NONE,NORMAL,0.0
2025-01-02T13:00:00Z,42170099999,"CHURU, IN",28.25,74.9166666,291.0,16.2,1017.67,60.41,16.2,1017.67,60.41,0,NONE,NONE,NORMAL,0.0
2025-01-02T13:00:00Z,42182099999,"SAFDARJUNG, IN",28.584511,77.205783,214.88,12.8,1017.83,83.82,12.8,1017.83,83.82,0,NONE,NONE,NORMAL,0.0
2025-01-02T13:00:00Z,42260099999,"AGRA, IN",27.155831,77.960892,167.94,9.27,1018.87,100.0,9.27,1018.87,100.0,0,NONE,NONE,NORMAL,0.0
2025-01-02T14:00:00Z,42139099999,"MEERUT, IN",29.0166666,77.7166667,222.0,13.67,1017.71,83.99,13.67,1017.71,83.99,0,NONE,NONE,NORMAL,0.0
2025-01-02T14:00:00Z,42170099999,"CHURU, IN",28.25,74.9166666,291.0,14.4,1018.13,68.9,14.4,1018.13,68.9,0,NONE,NONE,NORMAL,0.0
2025-01-02T14:00:00Z,42182099999,"SAFDARJUNG, IN",28.584511,77.205783,214.88,11.8,1018.37,87.93,11.8,1018.37,87.93,0,NONE,NONE,NORMAL,0.0
2025-01-02T14:00:00Z,42260099999,"AGRA, IN",27.155831,77.960892,167.94,9.31,1018.83,100.0,9.31,1018.83,100.0,0,NONE,NONE,NORMAL,0.0
2025-01-02T15:00:00Z,42139099999,"MEERUT, IN",29.0166666,77.7166667,222.0,13.4,1017.92,84.94,13.4,1017.92,84.94,0,NONE,NONE,NORMAL,0.0
2025-01-02T15:00:00Z,42170099999,"CHURU, IN",28.25,74.9166666,291.0,12.6,1018.6,78.7,12.6,1018.6,78.7,0,NONE,NONE,NORMAL,0.0
2025-01-02T15:00:00Z,42182099999,"SAFDARJUNG, IN",28.584511,77.205783,214.88,10.8,1018.9,92.29,10.8,1018.9,92.29,0,NONE,NONE,NORMAL,0.0
2025-01-02T15:00:00Z,42260099999,"AGRA, IN",27.155831,77.960892,167.94,9.36,1018.8,100.0,9.36,1018.8,100.0,0,NONE,NONE,NORMAL,0.0
2025-01-02T16:00:00Z,42139099999,"MEERUT, IN",29.0166666,77.7166667,222.0,13.13,1018.13,85.89,13.13,1018.13,85.89,0,NONE,NONE,NORMAL,0.0
2025-01-02T16:00:00Z,42170099999,"CHURU, IN",28.25,74.9166666,291.0,11.8,1018.67,82.95,11.8,1018.67,82.95,0,NONE,NONE,NORMAL,0.0
2025-01-02T16:00:00Z,42182099999,"SAFDARJUNG, IN",28.584511,77.205783,214.88,10.4,1018.93,94.78,10.4,1018.93,94.78,0,NONE,NONE,NORMAL,0.0
2025-01-02T16:00:00Z,42260099999,"AGRA, IN",27.155831,77.960892,167.94,9.41,1018.77,100.0,9.41,1018.77,100.0,0,NONE,NONE,NORMAL,0.0
2025-01-02T17:00:00Z,42139099999,"MEERUT, IN",29.0166666,77.7166667,222.0,12.87,1018.33,86.86,12.87,1018.33,86.86,0,NONE,NONE,NORMAL,0.0
2025-01-02T17:00:00Z,42170099999,"CHURU, IN",28.25,74.9166666,291.0,11.0,1018.73,87.47,11.0,1018.73,87.47,0,NONE,NONE,NORMAL,0.0
2025-01-02T17:00:00Z,42182099999,"SAFDARJUNG, IN",28.584511,77.205783,214.88,10.0,1018.97,97.35,10.0,1018.97,97.35,0,NONE,NONE,NORMAL,0.0
2025-01-02T17:00:00Z,42260099999,"AGRA, IN",27.155831,77.960892,167.94,9.45,1018.73,100.0,9.45,1018.73,100.0,0,NONE,NONE,NORMAL,0.0
2025-01-02T18:00:00Z,42139099999,"MEERUT, IN",29.0166666,77.7166667,222.0,12.6,1018.54,87.85,12.6,1018.54,87.85,0,NONE,NONE,NORMAL,0.0
2025-01-02T18:00:00Z,42170099999,"CHURU, IN",28.25,74.9166666,291.0,10.2,1018.8,92.26,10.2,1018.8,92.26,0,NONE,NONE,NORMAL,0.0
2025-01-02T18:00:00Z,42182099999,"SAFDARJUNG, IN",28.584511,77.205783,214.88,9.6,1019.0,100.0,9.6,1019.0,100.0,0,NONE,NONE,NORMAL,0.0
2025-01-02T18:00:00Z,42260099999,"AGRA, IN",27.155831,77.960892,167.94,9.5,1018.7,100.0,9.5,1018.7,100.0,0,NONE,NONE,NORMAL,0.0
2025-01-02T19:00:00Z,42139099999,"MEERUT, IN",29.0166666,77.7166667,222.0,12.33,1018.75,88.84,12.33,1018.75,88.84,0,NONE,NONE,NORMAL,0.0
2025-01-02T19:00:00Z,42170099999,"CHURU, IN",28.25,74.9166666,291.0,9.67,1018.8,93.06,9.67,1018.8,93.06,0,NONE,NONE,NORMAL,0.0
2025-01-02T19:00:00Z,42182099999,"SAFDARJUNG, IN",28.584511,77.205783,214.88,9.6,1018.73,100.0,9.6,1018.73,100.0,0,NONE,NONE,NORMAL,0.0
2025-01-02T19:00:00Z,42260099999,"AGRA, IN",27.155831,77.960892,167.94,9.52,1018.58,100.0,9.52,1018.58,100.0,0,NONE,NONE,NORMAL,0.0
2025-01-02T20:00:00Z,42139099999,"MEERUT, IN",29.0166666,77.7166667,222.0,12.07,1018.95,89.86,12.07,1018.95,89.86,0,NONE,NONE,NORMAL,0.0
2025-01-02T20:00:00Z,42170099999,"CHURU, IN",28.25,74.9166666,291.0,9.13,1018.8,93.88,9.13,1018.8,93.88,0,NONE,NONE,NORMAL,0.0
2025-01-02T20:00:00Z,42182099999,"SAFDARJUNG, IN",28.584511,77.205783,214.88,9.6,1018.47,100.0,9.6,1018.47,100.0,0,NONE,NONE,NORMAL,0.0
2025-01-02T20:00:00Z,42260099999,"AGRA, IN",27.155831,77.960892,167.94,9.53,1018.47,100.0,9.53,1018.47,100.0,0,NONE,NONE,NORMAL,0.0
2025-01-02T21:00:00Z,42139099999,"MEERUT, IN",29.0166666,77.7166667,222.0,11.8,1019.16,90.88,11.8,1019.16,90.88,0,NONE,NONE,NORMAL,0.0
2025-01-02T21:00:00Z,42170099999,"CHURU, IN",28.25,74.9166666,291.0,8.6,1018.8,94.71,8.6,1018.8,94.71,0,NONE,NONE,NORMAL,0.0
2025-01-02T21:00:00Z,42182099999,"SAFDARJUNG, IN",28.584511,77.205783,214.88,9.6,1018.2,100.0,9.6,1018.2,100.0,0,NONE,NONE,NORMAL,0.0
2025-01-02T21:00:00Z,42260099999,"AGRA, IN",27.155831,77.960892,167.94,9.55,1018.35,100.0,9.55,1018.35,100.0,0,NONE,NONE,NORMAL,0.0
2025-01-02T22:00:00Z,42139099999,"MEERUT, IN",29.0166666,77.7166667,222.0,11.53,1019.37,91.92,11.53,1019.37,91.92,0,NONE,NONE,NORMAL,0.0
2025-01-02T22:00:00Z,42170099999,"CHURU, IN",28.25,74.9166666,291.0,8.33,1018.6,94.49,8.33,1018.6,94.49,0,NONE,NONE,NORMAL,0.0
2025-01-02T22:00:00Z,42182099999,"SAFDARJUNG, IN",28.584511,77.205783,214.88,9.6,1018.27,100.0,9.6,1018.27,100.0,0,NONE,NONE,NORMAL,0.0
2025-01-02T22:00:00Z,42260099999,"AGRA, IN",27.155831,77.960892,167.94,9.57,1018.23,100.0,9.57,1018.23,100.0,0,NONE,NONE,NORMAL,0.0
2025-01-02T23:00:00Z,42139099999,"MEERUT, IN",29.0166666,77.7166667,222.0,11.27,1019.57,92.98,11.27,1019.57,92.98,0,NONE,NONE,NORMAL,0.0
2025-01-02T23:00:00Z,42170099999,"CHURU, IN",28.25,74.9166666,291.0,8.07,1018.4,94.26,8.07,1018.4,94.26,0,NONE,NONE,NORMAL,0.0
2025-01-02T23:00:00Z,42182099999,"SAFDARJUNG, IN",28.584511,77.205783,214.88,9.6,1018.33,100.0,9.6,1018.33,100.0,0,NONE,NONE,NORMAL,0.0
2025-01-02T23:00:00Z,42260099999,"AGRA, IN",27.155831,77.960892,167.94,9.58,1018.12,100.0,9.58,1018.12,100.0,0,NONE,NONE,NORMAL,0.0
2025-01-03T00:00:00Z,42139099999,"MEERUT, IN",29.0166666,77.7166667,222.0,11.0,1019.78,94.05,11.0,1019.78,94.05,0,NONE,NONE,NORMAL,0.0
2025-01-03T00:00:00Z,42170099999,"CHURU, IN",28.25,74.9166666,291.0,7.8,1018.2,94.03,7.8,1018.2,94.03,0,NONE,NONE,NORMAL,0.0
2025-01-03T00:00:00Z,42182099999,"SAFDARJUNG, IN",28.584511,77.205783,214.88,9.6,1018.4,100.0,9.6,1018.4,100.0,0,NONE,NONE,NORMAL,0.0
2025-01-03T00:00:00Z,42260099999,"AGRA, IN",27.155831,77.960892,167.94,9.6,1018.0,100.0,9.6,1018.0,100.0,0,NONE,NONE,NORMAL,0.0
2025-01-03T01:00:00Z,42139099999,"MEERUT, IN",29.0166666,77.7166667,222.0,10.73,1019.99,95.14,10.73,1019.99,95.14,0,NONE,NONE,NORMAL,0.0
2025-01-03T01:00:00Z,42170099999,"CHURU, IN",28.25,74.9166666,291.0,7.87,1018.67,93.18,7.87,1018.67,93.18,0,NONE,NONE,NORMAL,0.0
2025-01-03T01:00:00Z,42182099999,"SAFDARJUNG, IN",28.584511,77.205783,214.88,9.67,1019.0,100.0,9.67,1019.0,100.0,0,NONE,NONE,NORMAL,0.0
2025-01-03T01:00:00Z,42260099999,"AGRA, IN",27.155831,77.960892,167.94,9.57,1018.73,100.0,9.57,1018.73,100.0,0,NONE,NONE,NORMAL,0.0
2025-01-03T02:00:00Z,42139099999,"MEERUT, IN",29.0166666,77.7166667,222.0,10.47,1020.19,96.24,10.47,1020.19,96.24,0,NONE,NONE,NORMAL,0.0
2025-01-03T02:00:00Z,42170099999,"CHURU, IN",28.25,74.9166666,291.0,7.93,1019.13,92.33,7.93,1019.13,92.33,0,NONE,NONE,NORMAL,0.0
2025-01-03T02:00:00Z,42182099999,"SAFDARJUNG, IN",28.584511,77.205783,214.88,9.73,1019.6,100.0,9.73,1019.6,100.0,0,NONE,NONE,NORMAL,0.0
2025-01-03T02:00:00Z,42260099999,"AGRA, IN",27.155831,77.960892,167.94,9.53,1019.47,100.0,9.53,1019.47,100.0,0,NONE,NONE,NORMAL,0.0
2025-01-03T03:00:00Z,42139099999,"MEERUT, IN",29.0166666,77.7166667,222.0,10.2,1020.4,97.36,10.2,1020.4,97.36,0,NONE,NONE,NORMAL,0.0
2025-01-03T03:00:00Z,42170099999,"CHURU, IN",28.25,74.9166666,291.0,8.0,1019.6,91.49,8.0,1019.6,91.49,0,NONE,NONE,NORMAL,0.0
2025-01-03T03:00:00Z,42182099999,"SAFDARJUNG, IN",28.584511,77.205783,214.88,9.8,1020.2,100.0,9.8,1020.2,100.0,0,NONE,NONE,NORMAL,0.0
2025-01-03T03:00:00Z,42260099999,"AGRA, IN",27.155831,77.960892,167.94,9.5,1020.2,100.0,9.5,1020.2,100.0,0,NONE,NONE,NORMAL,0.0
2025-01-03T04:00:00Z,42139099999,"MEERUT, IN",29.0166666,77.7166667,222.0,10.6,1020.57,96.5,10.6,1020.57,96.5,0,NONE,NONE,NORMAL,0.0
2025-01-03T04:00:00Z,42170099999,"CHURU, IN",28.25,74.9166666,291.0,11.33,1019.57,75.01,11.33,1019.57,75.01,0,NONE,NONE,NORMAL,0.0
2025-01-03T04:00:00Z,42182099999,"SAFDARJUNG, IN",28.584511,77.205783,214.88,10.73,1020.33,97.59,10.73,1020.33,97.59,0,NONE,NONE,NORMAL,0.0
2025-01-03T04:00:00Z,42260099999,"AGRA, IN",27.155831,77.960892,167.94,9.83,1020.73,100.0,9.83,1020.73,100.0,0,NONE,NONE,NORMAL,0.0
2025-01-03T05:00:00Z,42139099999,"MEERUT, IN",29.0166666,77.7166667,222.0,11.0,1020.73,95.66,11.0,1020.73,95.66,0,NONE,NONE,NORMAL,0.0
2025-01-03T05:00:00Z,42170099999,"CHURU, IN",28.25,74.9166666,291.0,14.67,1019.53,61.85,14.67,1019.53,61.85,0,NONE,NONE,NORMAL,0.0
2025-01-03T05:00:00Z,42182099999,"SAFDARJUNG, IN",28.584511,77.205783,214.88,11.67,1020.47,95.26,11.67,1020.47,95.26,0,NONE,NONE,NORMAL,0.0
2025-01-03T05:00:00Z,42260099999,"AGRA, IN",27.155831,77.960892,167.94,11.0,1021.0,100.0,11.0,1021.0,100.0,0,NONE,NONE,NORMAL,0.0
2025-01-03T06:00:00Z,42139099999,"MEERUT, IN",29.0166666,77.7166667,222.0,11.4,1020.9,94.82,11.4,1020.9,94.82,0,NONE,NONE,NORMAL,0.0
2025-01-03T06:00:00Z,42170099999,"CHURU, IN",28.25,74.9166666,291.0,18.0,1019.5,51.28,18.0,1019.5,51.28,0,NONE,NONE,NORMAL,0.0
2025-01-03T06:00:00Z,42182099999,"SAFDARJUNG, IN",28.584511,77.205783,214.88,12.6,1020.6,93.01,12.6,1020.6,93.01,0,NONE,NONE,NORMAL,0.0
2025-01-03T06:00:00Z,42260099999,"AGRA, IN",27.155831,77.960892,167.94,11.06,1020.9,100.0,11.06,1020.9,100.0,0,NONE,NONE,NORMAL,0.0
2025-01-03T07:00:00Z,42139099999,"MEERUT, IN",29.0166666,77.7166667,222.0,12.4,1019.93,91.17,12.4,1019.93,91.17,0,NONE,NONE,NORMAL,0.0
2025-01-03T07:00:00Z,42170099999,"CHURU, IN",28.25,74.9166666,291.0,19.87,1018.47,46.58,19.87,1018.47,46.58,0,NONE,NONE,NORMAL,0.0
2025-01-03T07:00:00Z,42182099999,"SAFDARJUNG, IN",28.584511,77.205783,214.88,15.07,1019.43,80.47,15.07,1019.43,80.47,0,NONE,NONE,NORMAL,0.0
2025-01-03T07:00:00Z,42260099999,"AGRA, IN",27.155831,77.960892,167.94,11.17,1020.71,100.0,11.17,1020.71,100.0,0,NONE,NONE,NORMAL,0.0
2025-01-03T08:00:00Z,42139099999,"MEERUT, IN",29.0166666,77.7166667,222.0,13.4,1018.97,87.69,13.4,1018.97,87.69,0,NONE,NONE,NORMAL,0.0
2025-01-03T08:00:00Z,42170099999,"CHURU, IN",28.25,74.9166666,291.0,21.73,1017.43,42.37,21.73,1017.43,42.37,0,NONE,NONE,NORMAL,0.0
2025-01-03T08:00:00Z,42182099999,"SAFDARJUNG, IN",28.584511,77.205783,214.88,17.53,1018.27,69.83,17.53,1018.27,69.83,0,NONE,NONE,NORMAL,0.0
2025-01-03T08:00:00Z,42260099999,"AGRA, IN",27.155831,77.960892,167.94,11.29,1020.52,100.0,11.29,1020.52,100.0,0,NONE,NONE,NORMAL,0.0
2025-01-03T09:00:00Z,42139099999,"MEERUT, IN",29.0166666,77.7166667,222.0,14.4,1018.0,84.37,14.4,1018.0,84.37,0,NONE,NONE,NORMAL,0.0
2025-01-03T09:00:00Z,42170099999,"CHURU, IN",28.25,74.9166666,291.0,23.6,1016.4,38.61,23.6,1016.4,38.61,0,NONE,NONE,NORMAL,0.0
2025-01-03T09:00:00Z,42182099999,"SAFDARJUNG, IN",28.584511,77.205783,214.88,20.0,1017.1,60.77,20.0,1017.1,60.77,0,NONE,NONE,NORMAL,0.0
2025-01-03T09:00:00Z,42260099999,"AGRA, IN",27.155831,77.960892,167.94,11.4,1020.33,100.0,11.4,1020.33,100.0,0,NONE,NONE,NORMAL,0.0
2025-01-03T10:00:00Z,42139099999,"MEERUT, IN",29.0166666,77.7166667,222.0,14.27,1017.6,86.43,14.27,1017.6,86.43,0,NONE,NONE,NORMAL,0.0
2025-01-03T10:00:00Z,42170099999,"CHURU, IN",28.25,74.9166666,291.0,22.93,1016.13,40.74,22.93,1016.13,40.74,0,NONE,NONE,NORMAL,0.0
2025-01-03T10:00:00Z,42182099999,"SAFDARJUNG, IN",28.584511,77.205783,214.88,19.27,1016.87,65.01,19.27,1016.87,65.01,0,NONE,NONE,NORMAL,0.0
2025-01-03T10:00:00Z,42260099999,"AGRA, IN",27.155831,77.960892,167.94,11.52,1020.14,100.0,11.52,1020.14,100.0,0,NONE,NONE,NORMAL,0.0
2025-01-03T11:00:00Z,42139099999,"MEERUT, IN",29.0166666,77.7166667,222.0,14.13,1017.2,88.52,14.13,1017.2,88.52,0,NONE,NONE,NORMAL,0.0
2025-01-03T11:00:00Z,42170099999,"CHURU, IN",28.25,74.9166666,291.0,22.27,1015.87,43.0,22.27,1015.87,43.0,0,NONE,NONE,NORMAL,0.0
2025-01-03T11:00:00Z,42182099999,"SAFDARJUNG, IN",28.584511,77.205783,214.88,18.53,1016.63,69.56,18.53,1016.63,69.56,0,NONE,NONE,NORMAL,0.0
2025-01-03T11:00:00Z,42260099999,"AGRA, IN",27.155831,77.960892,167.94,11.63,1019.95,100.0,11.63,1019.95,100.0,0,NONE,NONE,NORMAL,0.0
2025-01-03T12:00:00Z,42139099999,"MEERUT, IN",29.0166666,77.7166667,222.0,14.0,1016.8,90.67,14.0,1016.8,90.67,0,NONE,NONE,NORMAL,0.0
2025-01-03T12:00:00Z,42170099999,"CHURU, IN",28.25,74.9166666,291.0,21.6,1015.6,45.4,21.6,1015.6,45.4,0,NONE,NONE,NORMAL,0.0
2025-01-03T12:00:00Z,42182099999,"SAFDARJUNG, IN",28.584511,77.205783,214.88,17.8,1016.4,74.45,17.8,1016.4,74.45,0,NONE,NONE,NORMAL,0.0
2025-01-03T12:00:00Z,42260099999,"AGRA, IN",27.155831,77.960892,167.94,11.75,1019.76,100.0,11.75,1019.76,100.0,0,NONE,NONE,NORMAL,0.0
2025-01-03T13:00:00Z,42139099999,"MEERUT, IN",29.0166666,77.7166667,222.0,13.67,1016.9,91.25,13.67,1016.9,91.25,0,NONE,NONE,NORMAL,0.0
2025-01-03T13:00:00Z,42170099999,"CHURU, IN",28.25,74.9166666,291.0,19.4,1016.07,53.42,19.4,1016.07,53.42,0,NONE,NONE,NORMAL,0.0
2025-01-03T13:00:00Z,42182099999,"SAFDARJUNG, IN",28.584511,77.205783,214.88,15.73,1016.7,79.85,15.73,1016.7,79.85,0,NONE,NONE,NORMAL,0.0
2025-01-03T13:00:00Z,42260099999,"AGRA, IN",27.155831,77.960892,167.94,11.86,1019.57,100.0,11.86,1019.57,100.0,0,NONE,NONE,NORMAL,0.0
2025-01-03T14:00:00Z,42139099999,"MEERUT, IN",29.0166666,77.7166667,222.0,13.33,1017.0,91.83,13.33,1017.0,91.83,0,NONE,NONE,NORMAL,0.0
2025-01-03T14:00:00Z,42170099999,"CHURU, IN",28.25,74.9166666,291.0,17.2,1016.53,63.0,17.2,1016.53,63.0,0,NONE,NONE,NORMAL,0.0
2025-01-03T14:00:00Z,42182099999,"SAFDARJUNG, IN",28.584511,77.205783,214.88,13.67,1017.0,85.8,13.67,1017.0,85.8,0,NONE,NONE,NORMAL,0.0
2025-01-03T14:00:00Z,42260099999,"AGRA, IN",27.155831,77.960892,167.94,11.98,1019.38,100.0,11.98,1019.38,100.0,0,NONE,NONE,NORMAL,0.0
2025-01-03T15:00:00Z,42139099999,"MEERUT, IN",29.0166666,77.7166667,222.0,13.0,1017.1,92.42,13.0,1017.1,92.42,0,NONE,NONE,NORMAL,0.0
2025-01-03T15:00:00Z,42170099999,"CHURU, IN",28.25,74.9166666,291.0,15.0,1017.0,74.46,15.0,1017.0,74.46,0,NONE,NONE,NORMAL,0.0
2025-01-03T15:00:00Z,42182099999,"SAFDARJUNG, IN",28.584511,77.205783,214.88,11.6,1017.3,92.34,11.6,1017.3,92.34,0,NONE,NONE,NORMAL,0.0
2025-01-03T15:00:00Z,42260099999,"AGRA, IN",27.155831,77.960892,167.94,12.09,1019.19,100.0,12.09,1019.19,100.0,0,NONE,NONE,NORMAL,0.0
2025-01-03T16:00:00Z,42139099999,"MEERUT, IN",29.0166666,77.7166667,222.0,12.67,1017.2,93.01,12.67,1017.2,93.01,0,NONE,NONE,NORMAL,0.0
2025-01-03T16:00:00Z,42170099999,"CHURU, IN",28.25,74.9166666,291.0,14.0,1016.93,79.43,14.0,1016.93,79.43,0,NONE,NONE,NORMAL,0.0
2025-01-03T16:00:00Z,42182099999,"SAFDARJUNG, IN",28.584511,77.205783,214.88,10.8,1017.23,94.8,10.8,1017.23,94.8,0,NONE,NONE,NORMAL,0.0
2025-01-03T16:00:00Z,42260099999,"AGRA, IN",27.155831,77.960892,167.94,12.2,1019.0,100.0,12.2,1019.0,100.0,0,NONE,NONE,NORMAL,0.0
2025-01-03T17:00:00Z,42139099999,"MEERUT, IN",29.0166666,77.7166667,222.0,12.33,1017.3,93.61,12.33,1017.3,93.61,0,NONE,NONE,NORMAL,0.0
2025-01-03T17:00:00Z,42170099999,"CHURU, IN",28.25,74.9166666,291.0,13.0,1016.87,84.78,13.0,1016.87,84.78,0,NONE,NONE,NORMAL,0.0
2025-01-03T17:00:00Z,42182099999,"SAFDARJUNG, IN",28.584511,77.205783,214.88,10.0,1017.17,97.35,10.0,1017.17,97.35,0,NONE,NONE,NORMAL,0.0
2025-01-03T17:00:00Z,42260099999,"AGRA, IN",27.155831,77.960892,167.94,12.32,1018.81,100.0,12.32,1018.81,100.0,0,NONE,NONE,NORMAL,0.0
2025-01-03T18:00:00Z,42139099999,"MEERUT, IN",29.0166666,77.7166667,222.0,12.0,1017.4,94.22,12.0,1017.4,94.22,0,NONE,NONE,NORMAL,0.0
2025-01-03T18:00:00Z,42170099999,"CHURU, IN",28.25,74.9166666,291.0,12.0,1016.8,90.53,12.0,1016.8,90.53,0,NONE,NONE,NORMAL,0.0
2025-01-03T18:00:00Z,42182099999,"SAFDARJUNG, IN",28.584511,77.205783,214.88,9.2,1017.1,100.0,9.2,1017.1,100.0,0,NONE,NONE,NORMAL,0.0
2025-01-03T18:00:00Z,42260099999,"AGRA, IN",27.155831,77.960892,167.94,12.43,1018.62,100.0,12.43,1018.62,100.0,0,NONE,NONE,NORMAL,0.0
2025-01-03T19:00:00Z,42139099999,"MEERUT, IN",29.0166666,77.7166667,222.0,11.67,1017.5,94.83,11.67,1017.5,94.83,0,NONE,NONE,NORMAL,0.0
2025-01-03T19:00:00Z,42170099999,"CHURU, IN",28.25,74.9166666,291.0,11.0,1016.4,92.3,11.0,1016.4,92.3,0,NONE,NONE,NORMAL,0.0
2025-01-03T19:00:00Z,42182099999,"SAFDARJUNG, IN",28.584511,77.205783,214.88,9.47,1016.83,100.0,9.47,1016.83,100.0,0,NONE,NONE,NORMAL,0.0
2025-01-03T19:00:00Z,42260099999,"AGRA, IN",27.155831,77.960892,167.94,12.55,1018.43,100.0,12.55,1018.43,100.0,0,NONE,NONE,NORMAL,0.0
2025-01-03T20:00:00Z,42139099999,"MEERUT, IN",29.0166666,77.7166667,222.0,11.33,1017.6,95.46,11.33,1017.6,95.46,0,NONE,NONE,NORMAL,0.0
2025-01-03T20:00:00Z,42170099999,"CHURU, IN",28.25,74.9166666,291.0,10.0,1016.0,94.13,10.0,1016.0,94.13,0,NONE,NONE,NORMAL,0.0
2025-01-03T20:00:00Z,42182099999,"SAFDARJUNG, IN",28.584511,77.205783,214.88,9.73,1016.57,100.0,9.73,1016.57,100.0,0,NONE,NONE,NORMAL,0.0
2025-01-03T20:00:00Z,42260099999,"AGRA, IN",27.155831,77.960892,167.94,12.66,1018.24,100.0,12.66,1018.24,100.0,0,NONE,NONE,NORMAL,0.0
2025-01-03T21:00:00Z,42139099999,"MEERUT, IN",29.0166666,77.7166667,222.0,11.0,1017.7,96.08,11.0,1017.7,96.08,0,NONE,NONE,NORMAL,0.0
2025-01-03T21:00:00Z,42170099999,"CHURU, IN",28.25,74.9166666,291.0,9.0,1015.6,96.02,9.0,1015.6,96.02,0,NONE,NONE,NORMAL,0.0
2025-01-03T21:00:00Z,42182099999,"SAFDARJUNG, IN",28.584511,77.205783,214.88,10.0,1016.3,100.0,10.0,1016.3,100.0,0,NONE,NONE,NORMAL,0.0
2025-01-03T21:00:00Z,42260099999,"AGRA, IN",27.155831,77.960892,167.94,12.78,1018.05,100.0,12.78,1018.05,100.0,0,NONE,NONE,NORMAL,0.0
2025-01-03T22:00:00Z,42139099999,"MEERUT, IN",29.0166666,77.7166667,222.0,10.67,1017.8,96.72,10.67,1017.8,96.72,0,NONE,NONE,NORMAL,0.0
2025-01-03T22:00:00Z,42170099999,"CHURU, IN",28.25,74.9166666,291.0,8.67,1015.47,95.36,8.67,1015.47,95.36,0,NONE,NONE,NORMAL,0.0
2025-01-03T22:00:00Z,42182099999,"SAFDARJUNG, IN",28.584511,77.205783,214.88,10.07,1016.23,100.0,10.07,1016.23,100.0,0,NONE,NONE,NORMAL,0.0
2025-01-03T22:00:00Z,42260099999,"AGRA, IN",27.155831,77.960892,167.94,12.89,1017.86,100.0,12.89,1017.86,100.0,0,NONE,NONE,NORMAL,0.0
2025-01-03T23:00:00Z,42139099999,"MEERUT, IN",29.0166666,77.7166667,222.0,10.33,1017.9,97.36,10.33,1017.9,97.36,0,NONE,NONE,NORMAL,0.0
2025-01-03T23:00:00Z,42170099999,"CHURU, IN",28.25,74.9166666,291.0,8.33,1015.33,94.7,8.33,1015.33,94.7,0,NONE,NONE,NORMAL,0.0
2025-01-03T23:00:00Z,42182099999,"SAFDARJUNG, IN",28.584511,77.205783,214.88,10.13,1016.17,100.0,10.13,1016.17,100.0,0,NONE,NONE,NORMAL,0.0
2025-01-03T23:00:00Z,42260099999,"AGRA, IN",27.155831,77.960892,167.94,13.01,1017.67,100.0,13.01,1017.67,100.0,0,NONE,NONE,NORMAL,0.0
2025-01-04T00:00:00Z,42139099999,"MEERUT, IN",29.0166666,77.7166667,222.0,10.0,1018.0,98.01,10.0,1018.0,98.01,0,NONE,NONE,NORMAL,0.0
2025-01-04T00:00:00Z,42170099999,"CHURU, IN",28.25,74.9166666,291.0,8.0,1015.2,94.04,8.0,1015.2,94.04,0,NONE,NONE,NORMAL,0.0
2025-01-04T00:00:00Z,42182099999,"SAFDARJUNG, IN",28.584511,77.205783,214.88,10.2,1016.1,100.0,10.2,1016.1,100.0,0,NONE,NONE,NORMAL,0.0
2025-01-04T00:00:00Z,42260099999,"AGRA, IN",27.155831,77.960892,167.94,13.12,1017.48,100.0,13.12,1017.48,100.0,0,NONE,NONE,NORMAL,0.0
2025-01-04T01:00:00Z,42139099999,"MEERUT, IN",29.0166666,77.7166667,222.0,9.67,1018.1,98.67,9.67,1018.1,98.67,0,NONE,NONE,NORMAL,0.0
2025-01-04T01:00:00Z,42170099999,"CHURU, IN",28.25,74.9166666,291.0,8.2,1015.87,93.2,8.2,1015.87,93.2,0,NONE,NONE,NORMAL,0.0
2025-01-04T01:00:00Z,42182099999,"SAFDARJUNG, IN",28.584511,77.205783,214.88,10.47,1016.7,100.0,10.47,1016.7,100.0,0,NONE,NONE,NORMAL,0.0
2025-01-04T01:00:00Z,42260099999,"AGRA, IN",27.155831,77.960892,167.94,13.24,1017.29,100.0,13.24,1017.29,100.0,0,NONE,NONE,NORMAL,0.0
2025-01-04T02:00:00Z,42139099999,"MEERUT, IN",29.0166666,77.7166667,222.0,9.33,1018.2,99.33,9.33,1018.2,99.33,0,NONE,NONE,NORMAL,0.0
2025-01-04T02:00:00Z,42170099999,"CHURU, IN",28.25,74.9166666,291.0,8.4,1016.53,92.36,8.4,1016.53,92.36,0,NONE,NONE,NORMAL,0.0
2025-01-04T02:00:00Z,42182099999,"SAFDARJUNG, IN",28.584511,77.205783,214.88,10.73,1017.3,100.0,10.73,1017.3,100.0,0,NONE,NONE,NORMAL,0.0
2025-01-04T02:00:00Z,42260099999,"AGRA, IN",27.155831,77.960892,167.94,13.35,1017.1,100.0,13.35,1017.1,100.0,0,NONE,NONE,NORMAL,0.0
2025-01-04T03:00:00Z,42139099999,"MEERUT, IN",29.0166666,77.7166667,222.0,9.0,1018.3,100.0,9.0,1018.3,100.0,0,NONE,NONE,NORMAL,0.0
2025-01-04T03:00:00Z,42170099999,"CHURU, IN",28.25,74.9166666,291.0,8.6,1017.2,91.53,8.6,1017.2,91.53,0,NONE,NONE,NORMAL,0.0
2025-01-04T03:00:00Z,42182099999,"SAFDARJUNG, IN",28.584511,77.205783,214.88,11.0,1017.9,100.0,11.0,1017.9,100.0,0,NONE,NONE,NORMAL,0.0
2025-01-04T03:00:00Z,42260099999,"AGRA, IN",27.155831,77.960892,167.94,13.47,1016.91,100.0,13.47,1016.91,100.0,0,NONE,NONE,NORMAL,0.0
2025-01-04T04:00:00Z,42139099999,"MEERUT, IN",29.0166666,77.7166667,222.0,9.53,1018.7,99.11,9.53,1018.7,99.11,0,NONE,NONE,NORMAL,0.0
2025-01-04T04:00:00Z,42170099999,"CHURU, IN",28.25,74.9166666,291.0,13.87,1015.1,66.94,13.87,1015.1,66.94,0,NONE,NONE,NORMAL,0.0
2025-01-04T04:00:00Z,42182099999,"SAFDARJUNG, IN",28.584511,77.205783,214.88,11.87,1018.03,96.75,11.87,1018.03,96.75,0,NONE,NONE,NORMAL,0.0
2025-01-04T04:00:00Z,42260099999,"AGRA, IN",27.155831,77.960892,167.94,13.58,1016.72,100.0,13.58,1016.72,100.0,0,NONE,NONE,NORMAL,0.0
2025-01-04T05:00:00Z,42139099999,"MEERUT, IN",29.0166666,77.7166667,222.0,10.07,1019.1,98.23,10.07,1019.1,98.23,0,NONE,NONE,NORMAL,0.0
2025-01-04T05:00:00Z,42170099999,"CHURU, IN",28.25,74.9166666,291.0,19.13,1013.0,49.64,19.13,1013.0,49.64,0,NONE,NONE,NORMAL,0.0
2025-01-04T05:00:00Z,42182099999,"SAFDARJUNG, IN",28.584511,77.205783,214.88,12.73,1018.17,93.63,12.73,1018.17,93.63,0,NONE,NONE,NORMAL,0.0
2025-01-04T05:00:00Z,42260099999,"AGRA, IN",27.155831,77.960892,167.94,13.7,1016.53,100.0,13.7,1016.53,100.0,0,NONE,NONE,NORMAL,0.0
2025-01-04T06:00:00Z,42139099999,"MEERUT, IN",29.0166666,77.7166667,222.0,10.6,1019.5,97.37,10.6,1019.5,97.37,0,NONE,NONE,NORMAL,0.0
2025-01-04T06:00:00Z,42170099999,"CHURU, IN",28.25,74.9166666,291.0,24.4,1010.9,37.3,24.4,1010.9,37.3,0,NONE,NONE,NORMAL,0.0
2025-01-04T06:00:00Z,42182099999,"SAFDARJUNG, IN",28.584511,77.205783,214.88,13.6,1018.3,90.65,13.6,1018.3,90.65,0,NONE,NONE,NORMAL,0.0
2025-01-04T06:00:00Z,42260099999,"AGRA, IN",27.155831,77.960892,167.94,13.81,1016.34,100.0,13.81,1016.34,100.0,0,NONE,NONE,NORMAL,0.0
2025-01-04T07:00:00Z,42139099999,"MEERUT, IN",29.0166666,77.7166667,222.0,11.07,1018.53,96.51,11.07,1018.53,96.51,0,NONE,NONE,NORMAL,0.0
2025-01-04T07:00:00Z,42170099999,"CHURU, IN",28.25,74.9166666,291.0,25.73,1011.3,35.62,25.73,1011.3,35.62,0,NONE,NONE,NORMAL,0.0
2025-01-04T07:00:00Z,42182099999,"SAFDARJUNG, IN",28.584511,77.205783,214.88,15.47,1017.2,83.03,15.47,1017.2,83.03,0,NONE,NONE,NORMAL,0.0
2025-01-04T07:00:00Z,42260099999,"AGRA, IN",27.155831,77.960892,167.94,13.93,1016.15,100.0,13.93,1016.15,100.0,0,NONE,NONE,NORMAL,0.0
2025-01-04T08:00:00Z,42139099999,"MEERUT, IN",29.0166666,77.7166667,222.0,11.53,1017.57,95.67,11.53,1017.57,95.67,0,NONE,NONE,NORMAL,0.0
2025-01-04T08:00:00Z,42170099999,"CHURU, IN",28.25,74.9166666,291.0,27.07,1011.7,34.05,27.07,1011.7,34.05,0,NONE,NONE,NORMAL,0.0
2025-01-04T08:00:00Z,42182099999,"SAFDARJUNG, IN",28.584511,77.205783,214.88,17.33,1016.1,76.17,17.33,1016.1,76.17,0,NONE,NONE,NORMAL,0.0
2025-01-04T08:00:00Z,42260099999,"AGRA, IN",27.155831,77.960892,167.94,14.04,1015.96,100.0,14.04,1015.96,100.0,0,NONE,NONE,NORMAL,0.0
2025-01-04T09:00:00Z,42139099999,"MEERUT, IN",29.0166666,77.7166667,222.0,12.0,1016.6,94.85,12.0,1016.6,94.85,0,NONE,NONE,NORMAL,0.0
2025-01-04T09:00:00Z,42170099999,"CHURU, IN",28.25,74.9166666,291.0,28.4,1012.1,32.57,28.4,1012.1,32.57,0,NONE,NONE,NORMAL,0.0
2025-01-04T09:00:00Z,42182099999,"SAFDARJUNG, IN",28.584511,77.205783,214.88,19.2,1015.0,69.99,19.2,1015.0,69.99,0,NONE,NONE,NORMAL,0.0
2025-01-04T09:00:00Z,42260099999,"AGRA, IN",27.155831,77.960892,167.94,14.16,1015.77,100.0,14.16,1015.77,100.0,0,NONE,NONE,NORMAL,0.0
2025-01-04T10:00:00Z,42139099999,"MEERUT, IN",29.0166666,77.7166667,222.0,11.87,1016.2,94.84,11.87,1016.2,94.84,0,NONE,NONE,NORMAL,0.0
2025-01-04T10:00:00Z,42170099999,"CHURU, IN",28.25,74.9166666,291.0,27.6,1011.87,36.55,27.6,1011.87,36.55,0,NONE,NONE,NORMAL,0.0
2025-01-04T10:00:00Z,42182099999,"SAFDARJUNG, IN",28.584511,77.205783,214.88,18.4,1014.73,74.87,18.4,1014.73,74.87,0,NONE,NONE,NORMAL,0.0
2025-01-04T10:00:00Z,42260099999,"AGRA, IN",27.155831,77.960892,167.94,14.27,1015.58,100.0,14.27,1015.58,100.0,0,NONE,NONE,NORMAL,0.0
2025-01-04T11:00:00Z,42139099999,"MEERUT, IN",29.0166666,77.7166667,222.0,11.73,1015.8,94.84,11.73,1015.8,94.84,0,NONE,NONE,NORMAL,0.0
2025-01-04T11:00:00Z,42170099999,"CHURU, IN",28.25,74.9166666,291.0,26.8,1011.63,41.01,26.8,1011.63,41.01,0,NONE,NONE,NORMAL,0.0
2025-01-04T11:00:00Z,42182099999,"SAFDARJUNG, IN",28.584511,77.205783,214.88,17.6,1014.47,80.11,17.6,1014.47,80.11,0,NONE,NONE,NORMAL,0.0
2025-01-04T11:00:00Z,42260099999,"AGRA, IN",27.155831,77.960892,167.94,14.39,1015.39,100.0,14.39,1015.39,100.0,0,NONE,NONE,NORMAL,0.0
2025-01-04T12:00:00Z,42139099999,"MEERUT, IN",29.0166666,77.7166667,222.0,11.6,1015.4,94.83,11.6,1015.4,94.83,0,NONE,NONE,NORMAL,0.0
2025-01-04T12:00:00Z,42170099999,"CHURU, IN",28.25,74.9166666,291.0,26.0,1011.4,46.0,26.0,1011.4,46.0,0,NONE,NONE,NORMAL,0.0
2025-01-04T12:00:00Z,42182099999,"SAFDARJUNG, IN",28.584511,77.205783,214.88,16.8,1014.2,85.74,16.8,1014.2,85.74,0,NONE,NONE,NORMAL,0.0
2025-01-04T12:00:00Z,42260099999,"AGRA, IN",27.155831,77.960892,167.94,14.5,1015.2,100.0,14.5,1015.2,100.0,0,NONE,NONE,NORMAL,0.0
2025-01-04T13:00:00Z,42139099999,"MEERUT, IN",29.0166666,77.7166667,222.0,11.47,1015.57,94.83,11.47,1015.57,94.83,0,NONE,NONE,NORMAL,0.0
2025-01-04T13:00:00Z,42170099999,"CHURU, IN",28.25,74.9166666,291.0,23.67,1012.23,52.31,23.67,1012.23,52.31,0,NONE,NONE,NORMAL,0.0
2025-01-04T13:00:00Z,42182099999,"SAFDARJUNG, IN",28.584511,77.205783,214.88,15.2,1014.93,88.61,15.2,1014.93,88.61,0,NONE,NONE,NORMAL,0.0
2025-01-04T13:00:00Z,42260099999,"AGRA, IN",27.155831,77.960892,167.94,14.27,1015.39,100.0,14.27,1015.39,100.0,0,NONE,NONE,NORMAL,0.0
2025-01-04T14:00:00Z,42139099999,"MEERUT, IN",29.0166666,77.7166667,222.0,11.33,1015.73,94.82,11.33,1015.73,94.82,0,NONE,NONE,NORMAL,0.0
2025-01-04T14:00:00Z,42170099999,"CHURU, IN",28.25,74.9166666,291.0,21.33,1013.07,59.63,21.33,1013.07,59.63,0,NONE,NONE,NORMAL,0.0
2025-01-04T14:00:00Z,42182099999,"SAFDARJUNG, IN",28.584511,77.205783,214.88,13.6,1015.67,91.65,13.6,1015.67,91.65,0,NONE,NONE,NORMAL,0.0
2025-01-04T14:00:00Z,42260099999,"AGRA, IN",27.155831,77.960892,167.94,14.05,1015.57,100.0,14.05,1015.57,100.0,0,NONE,NONE,NORMAL,0.0
2025-01-04T15:00:00Z,42139099999,"MEERUT, IN",29.0166666,77.7166667,222.0,11.2,1015.9,94.82,11.2,1015.9,94.82,0,NONE,NONE,NORMAL,0.0
2025-01-04T15:00:00Z,42170099999,"CHURU, IN",28.25,74.9166666,291.0,19.0,1013.9,68.15,19.0,1013.9,68.15,0,NONE,NONE,NORMAL,0.0
2025-01-04T15:00:00Z,42182099999,"SAFDARJUNG, IN",28.584511,77.205783,214.88,12.0,1016.4,94.85,12.0,1016.4,94.85,0,NONE,NONE,NORMAL,0.0
2025-01-04T15:00:00Z,42260099999,"AGRA, IN",27.155831,77.960892,167.94,13.82,1015.76,100.0,13.82,1015.76,100.0,0,NONE,NONE,NORMAL,0.0
2025-01-04T16:00:00Z,42139099999,"MEERUT, IN",29.0166666,77.7166667,222.0,11.07,1016.07,94.81,11.07,1016.07,94.81,0,NONE,NONE,NORMAL,0.0
2025-01-04T16:00:00Z,42170099999,"CHURU, IN",28.25,74.9166666,291.0,17.6,1014.27,73.13,17.6,1014.27,73.13,0,NONE,NONE,NORMAL,0.0
2025-01-04T16:00:00Z,42182099999,"SAFDARJUNG, IN",28.584511,77.205783,214.88,11.73,1016.47,95.68,11.73,1016.47,95.68,0,NONE,NONE,NORMAL,0.0
2025-01-04T16:00:00Z,42260099999,"AGRA, IN",27.155831,77.960892,167.94,13.59,1015.95,100.0,13.59,1015.95,100.0,0,NONE,NONE,NORMAL,0.0
2025-01-04T17:00:00Z,42139099999,"MEERUT, IN",29.0166666,77.7166667,222.0,10.93,1016.23,94.81,10.93,1016.23,94.81,0,NONE,NONE,NORMAL,0.0
2025-01-04T17:00:00Z,42170099999,"CHURU, IN",28.25,74.9166666,291.0,16.2,1014.63,78.53,16.2,1014.63,78.53,0,NONE,NONE,NORMAL,0.0
2025-01-04T17:00:00Z,42182099999,"SAFDARJUNG, IN",28.584511,77.205783,214.88,11.47,1016.53,96.52,11.47,1016.53,96.52,0,NONE,NONE,NORMAL,0.0
2025-01-04T17:00:00Z,42260099999,"AGRA, IN",27.155831,77.960892,167.94,13.37,1016.13,100.0,13.37,1016.13,100.0,0,NONE,NONE,NORMAL,0.0
2025-01-04T18:00:00Z,42139099999,"MEERUT, IN",29.0166666,77.7166667,222.0,10.8,1016.4,94.8,10.8,1016.4,94.8,0,NONE,NONE,NORMAL,0.0
2025-01-04T18:00:00Z,42170099999,"CHURU, IN",28.25,74.9166666,291.0,14.8,1015.0,84.42,14.8,1015.0,84.42,0,NONE,NONE,NORMAL,0.0
2025-01-04T18:00:00Z,42182099999,"SAFDARJUNG, IN",28.584511,77.205783,214.88,11.2,1016.6,97.38,11.2,1016.6,97.38,0,NONE,NONE,NORMAL,0.0
2025-01-04T18:00:00Z,42260099999,"AGRA, IN",27.155831,77.960892,167.94,13.14,1016.32,100.0,13.14,1016.32,100.0,0,NONE,NONE,NORMAL,0.0
2025-01-04T19:00:00Z,42139099999,"MEERUT, IN",29.0166666,77.7166667,222.0,10.67,1016.57,94.8,10.67,1016.57,94.8,0,NONE,NONE,NORMAL,0.0
2025-01-04T19:00:00Z,42170099999,"CHURU, IN",28.25,74.9166666,291.0,14.07,1014.87,87.17,14.07,1014.87,87.17,0,NONE,NONE,NORMAL,0.0
2025-01-04T19:00:00Z,42182099999,"SAFDARJUNG, IN",28.584511,77.205783,214.88,10.93,1016.53,98.24,10.93,1016.53,98.24,0,NONE,NONE,NORMAL,0.0
2025-01-04T19:00:00Z,42260099999,"AGRA, IN",27.155831,77.960892,167.94,12.91,1016.51,100.0,12.91,1016.51,100.0,0,NONE,NONE,NORMAL,0.0
2025-01-04T20:00:00Z,42139099999,"MEERUT, IN",29.0166666,77.7166667,222.0,10.53,1016.73,94.79,10.53,1016.73,94.79,0,NONE,NONE,NORMAL,0.0
2025-01-04T20:00:00Z,42170099999,"CHURU, IN",28.25,74.9166666,291.0,13.33,1014.73,90.03,13.33,1014.73,90.03,0,NONE,NONE,NORMAL,0.0
2025-01-04T20:00:00Z,42182099999,"SAFDARJUNG, IN",28.584511,77.205783,214.88,10.67,1016.47,99.12,10.67,1016.47,99.12,0,NONE,NONE,NORMAL,0.0
2025-01-04T20:00:00Z,42260099999,"AGRA, IN",27.155831,77.960892,167.94,12.69,1016.69,100.0,12.69,1016.69,100.0,0,NONE,NONE,NORMAL,0.0
2025-01-04T21:00:00Z,42139099999,"MEERUT, IN",29.0166666,77.7166667,222.0,10.4,1016.9,94.78,10.4,1016.9,94.78,0,NONE,NONE,NORMAL,0.0
2025-01-04T21:00:00Z,42170099999,"CHURU, IN",28.25,74.9166666,291.0,12.6,1014.6,93.01,12.6,1014.6,93.01,0,NONE,NONE,NORMAL,0.0
2025-01-04T21:00:00Z,42182099999,"SAFDARJUNG, IN",28.584511,77.205783,214.88,10.4,1016.4,100.0,10.4,1016.4,100.0,0,NONE,NONE,NORMAL,0.0
2025-01-04T21:00:00Z,42260099999,"AGRA, IN",27.155831,77.960892,167.94,12.46,1016.88,100.0,12.46,1016.88,100.0,0,NONE,NONE,NORMAL,0.0
2025-01-04T22:00:00Z,42139099999,"MEERUT, IN",29.0166666,77.7166667,222.0,10.27,1017.07,94.78,10.27,1017.07,94.78,0,NONE,NONE,NORMAL,0.0
2025-01-04T22:00:00Z,42170099999,"CHURU, IN",28.25,74.9166666,291.0,12.33,1014.27,93.61,12.33,1014.27,93.61,0,NONE,NONE,NORMAL,0.0
2025-01-04T22:00:00Z,42182099999,"SAFDARJUNG, IN",28.584511,77.205783,214.88,10.27,1016.33,100.0,10.27,1016.33,100.0,0,NONE,NONE,NORMAL,0.0
2025-01-04T22:00:00Z,42260099999,"AGRA, IN",27.155831,77.960892,167.94,12.23,1017.07,100.0,12.23,1017.07,100.0,0,NONE,NONE,NORMAL,0.0
2025-01-04T23:00:00Z,42139099999,"MEERUT, IN",29.0166666,77.7166667,222.0,10.13,1017.23,94.77,10.13,1017.23,94.77,0,NONE,NONE,NORMAL,0.0
2025-01-04T23:00:00Z,42170099999,"CHURU, IN",28.25,74.9166666,291.0,12.07,1013.93,94.22,12.07,1013.93,94.22,0,NONE,NONE,NORMAL,0.0
2025-01-04T23:00:00Z,42182099999,"SAFDARJUNG, IN",28.584511,77.205783,214.88,10.13,1016.27,100.0,10.13,1016.27,100.0,0,NONE,NONE,NORMAL,0.0
2025-01-04T23:00:00Z,42260099999,"AGRA, IN",27.155831,77.960892,167.94,12.01,1017.25,100.0,12.01,1017.25,100.0,0,NONE,NONE,NORMAL,0.0
2025-01-05T00:00:00Z,42139099999,"MEERUT, IN",29.0166666,77.7166667,222.0,10.0,1017.4,94.77,10.0,1017.4,94.77,0,NONE,NONE,NORMAL,0.0
2025-01-05T00:00:00Z,42170099999,"CHURU, IN",28.25,74.9166666,291.0,11.8,1013.6,94.84,11.8,1013.6,94.84,0,NONE,NONE,NORMAL,0.0
2025-01-05T00:00:00Z,42182099999,"SAFDARJUNG, IN",28.584511,77.205783,214.88,10.0,1016.2,100.0,10.0,1016.2,100.0,0,NONE,NONE,NORMAL,0.0
2025-01-05T00:00:00Z,42260099999,"AGRA, IN",27.155831,77.960892,167.94,11.78,1017.44,100.0,11.78,1017.44,100.0,0,NONE,NONE,NORMAL,0.0
2025-01-05T01:00:00Z,42139099999,"MEERUT, IN",29.0166666,77.7166667,222.0,9.87,1017.57,94.76,9.87,1017.57,94.76,0,NONE,NONE,NORMAL,0.0
2025-01-05T01:00:00Z,42170099999,"CHURU, IN",28.25,74.9166666,291.0,11.33,1014.37,96.52,11.33,1014.37,96.52,0,NONE,NONE,NORMAL,0.0
2025-01-05T01:00:00Z,42182099999,"SAFDARJUNG, IN",28.584511,77.205783,214.88,10.07,1016.63,98.23,10.07,1016.63,98.23,0,NONE,NONE,NORMAL,0.0
2025-01-05T01:00:00Z,42260099999,"AGRA, IN",27.155831,77.960892,167.94,11.55,1017.63,100.0,11.55,1017.63,100.0,0,NONE,NONE,NORMAL,0.0
2025-01-05T02:00:00Z,42139099999,"MEERUT, IN",29.0166666,77.7166667,222.0,9.73,1017.73,94.76,9.73,1017.73,94.76,0,NONE,NONE,NORMAL,0.0
2025-01-05T02:00:00Z,42170099999,"CHURU, IN",28.25,74.9166666,291.0,10.87,1015.13,98.24,10.87,1015.13,98.24,0,NONE,NONE,NORMAL,0.0
2025-01-05T02:00:00Z,42182099999,"SAFDARJUNG, IN",28.584511,77.205783,214.88,10.13,1017.07,96.49,10.13,1017.07,96.49,0,NONE,NONE,NORMAL,0.0
2025-01-05T02:00:00Z,42260099999,"AGRA, IN",27.155831,77.960892,167.94,11.33,1017.81,100.0,11.33,1017.81,100.0,0,NONE,NONE,NORMAL,0.0
2025-01-05T03:00:00Z,42139099999,"MEERUT, IN",29.0166666,77.7166667,222.0,9.6,1017.9,94.75,9.6,1017.9,94.75,0,NONE,NONE,NORMAL,0.0
2025-01-05T03:00:00Z,42170099999,"CHURU, IN",28.25,74.9166666,291.0,10.4,1015.9,100.0,10.4,1015.9,100.0,0,NONE,NONE,NORMAL,0.0
2025-01-05T03:00:00Z,42182099999,"SAFDARJUNG, IN",28.584511,77.205783,214.88,10.2,1017.5,94.78,10.2,1017.5,94.78,0,NONE,NONE,NORMAL,0.0
2025-01-05T03:00:00Z,42260099999,"AGRA, IN",27.155831,77.960892,167.94,11.1,1018.0,100.0,11.1,1018.0,100.0,0,NONE,NONE,NORMAL,0.0
2025-01-05T04:00:00Z,42139099999,"MEERUT, IN",29.0166666,77.7166667,222.0,10.27,1018.2,90.61,10.27,1018.2,90.61,0,NONE,NONE,NORMAL,0.0
2025-01-05T04:00:00Z,42170099999,"CHURU, IN",28.25,74.9166666,291.0,11.93,1016.07,92.97,11.93,1016.07,92.97,0,NONE,NONE,NORMAL,0.0
2025-01-05T04:00:00Z,42182099999,"SAFDARJUNG, IN",28.584511,77.205783,214.88,11.13,1017.63,89.26,11.13,1017.63,89.26,0,NONE,NONE,NORMAL,0.0
2025-01-05T04:00:00Z,42260099999,"AGRA, IN",27.155831,77.960892,167.94,11.14,1018.08,100.0,11.14,1018.08,100.0,0,NONE,NONE,NORMAL,0.0
2025-01-05T05:00:00Z,42139099999,"MEERUT, IN",29.0166666,77.7166667,222.0,10.93,1018.5,86.68,10.93,1018.5,86.68,0,NONE,NONE,NORMAL,0.0
2025-01-05T05:00:00Z,42170099999,"CHURU, IN",28.25,74.9166666,291.0,13.47,1016.23,86.54,13.47,1016.23,86.54,0,NONE,NONE,NORMAL,0.0
2025-01-05T05:00:00Z,42182099999,"SAFDARJUNG, IN",28.584511,77.205783,214.88,12.07,1017.77,84.11,12.07,1017.77,84.11,0,NONE,NONE,NORMAL,0.0
2025-01-05T05:00:00Z,42260099999,"AGRA, IN",27.155831,77.960892,167.94,11.17,1018.16,100.0,11.17,1018.16,100.0,0,NONE,NONE,NORMAL,0.0
2025-01-05T06:00:00Z,42139099999,"MEERUT, IN",29.0166666,77.7166667,222.0,11.6,1018.8,82.93,11.6,1018.8,82.93,0,NONE,NONE,NORMAL,0.0
2025-01-05T06:00:00Z,42170099999,"CHURU, IN",28.25,74.9166666,291.0,15.0,1016.4,80.64,15.0,1016.4,80.64,0,NONE,NONE,NORMAL,0.0
2025-01-05T06:00:00Z,42182099999,"SAFDARJUNG, IN",28.584511,77.205783,214.88,13.0,1017.9,79.29,13.0,1017.9,79.29,0,NONE,NONE,NORMAL,0.0
2025-01-05T06:00:00Z,42260099999,"AGRA, IN",27.155831,77.960892,167.94,11.21,1018.24,100.0,11.21,1018.24,100.0,0,NONE,NONE,NORMAL,0.0
2025-01-05T07:00:00Z,42139099999,"MEERUT, IN",29.0166666,77.7166667,222.0,13.73,1017.7,75.76,13.73,1017.7,75.76,0,NONE,NONE,NORMAL,0.0
2025-01-05T07:00:00Z,42170099999,"CHURU, IN",28.25,74.9166666,291.0,17.2,1015.2,73.22,17.2,1015.2,73.22,0,NONE,NONE,NORMAL,0.0
2025-01-05T07:00:00Z,42182099999,"SAFDARJUNG, IN",28.584511,77.205783,214.88,14.4,1016.97,75.36,14.4,1016.97,75.36,0,NONE,NONE,NORMAL,0.0
2025-01-05T07:00:00Z,42260099999,"AGRA, IN",27.155831,77.960892,167.94,11.24,1018.31,100.0,11.24,1018.31,100.0,0,NONE,NONE,NORMAL,0.0
2025-01-05T08:00:00Z,42139099999,"MEERUT, IN",29.0166666,77.7166667,222.0,15.87,1016.6,69.34,15.87,1016.6,69.34,0,NONE,NONE,NORMAL,0.0
2025-01-05T08:00:00Z,42170099999,"CHURU, IN",28.25,74.9166666,291.0,19.4,1014.0,66.62,19.4,1014.0,66.62,0,NONE,NONE,NORMAL,0.0
2025-01-05T08:00:00Z,42182099999,"SAFDARJUNG, IN",28.584511,77.205783,214.88,15.8,1016.03,71.68,15.8,1016.03,71.68,0,NONE,NONE,NORMAL,0.0
2025-01-05T08:00:00Z,42260099999,"AGRA, IN",27.155831,77.960892,167.94,11.28,1018.39,100.0,11.28,1018.39,100.0,0,NONE,NONE,NORMAL,0.0
2025-01-05T09:00:00Z,42139099999,"MEERUT, IN",29.0166666,77.7166667,222.0,18.0,1015.5,63.6,18.0,1015.5,63.6,0,NONE,NONE,NORMAL,0.0
2025-01-05T09:00:00Z,42170099999,"CHURU, IN",28.25,74.9166666,291.0,21.6,1012.8,60.74,21.6,1012.8,60.74,0,NONE,NONE,NORMAL,0.0
2025-01-05T09:00:00Z,42182099999,"SAFDARJUNG, IN",28.584511,77.205783,214.88,17.2,1015.1,68.24,17.2,1015.1,68.24,0,NONE,NONE,NORMAL,0.0
2025-01-05T09:00:00Z,42260099999,"AGRA, IN",27.155831,77.960892,167.94,11.31,1018.47,100.0,11.31,1018.47,100.0,0,NONE,NONE,NORMAL,0.0
2025-01-05T10:00:00Z,42139099999,"MEERUT, IN",29.0166666,77.7166667,222.0,17.33,1015.27,68.42,17.33,1015.27,68.42,0,NONE,NONE,NORMAL,0.0
2025-01-05T10:00:00Z,42170099999,"CHURU, IN",28.25,74.9166666,291.0,19.8,1012.97,66.85,19.8,1012.97,66.85,0,NONE,NONE,NORMAL,0.0
2025-01-05T10:00:00Z,42182099999,"SAFDARJUNG, IN",28.584511,77.205783,214.88,16.6,1014.9,72.79,16.6,1014.9,72.79,0,NONE,NONE,NORMAL,0.0
2025-01-05T10:00:00Z,42260099999,"AGRA, IN",27.155831,77.960892,167.94,11.35,1018.55,100.0,11.35,1018.55,100.0,0,NONE,NONE,NORMAL,0.0
2025-01-05T11:00:00Z,42139099999,"MEERUT, IN",29.0166666,77.7166667,222.0,16.67,1015.03,73.6,33.17,1015.03,73.6,1,SPIKE,T,NORMAL,0.82
2025-01-05T11:00:00Z,42170099999,"CHURU, IN",28.25,74.9166666,291.0,18.0,1013.13,73.68,18.0,1013.13,73.68,0,NONE,NONE,NORMAL,0.0
2025-01-05T11:00:00Z,42182099999,"SAFDARJUNG, IN",28.584511,77.205783,214.88,16.0,1014.7,77.65,16.0,1014.7,77.65,0,NONE,NONE,NORMAL,0.0
2025-01-05T11:00:00Z,42260099999,"AGRA, IN",27.155831,77.960892,167.94,11.38,1018.63,100.0,11.38,1018.63,100.0,0,NONE,NONE,NORMAL,0.0
2025-01-05T12:00:00Z,42139099999,"MEERUT, IN",29.0166666,77.7166667,222.0,16.0,1014.8,79.2,16.0,1014.8,79.2,0,NONE,NONE,NORMAL,0.0
2025-01-05T12:00:00Z,42170099999,"CHURU, IN",28.25,74.9166666,291.0,16.2,1013.3,81.33,16.2,1013.3,81.33,0,NONE,NONE,NORMAL,0.0
2025-01-05T12:00:00Z,42182099999,"SAFDARJUNG, IN",28.584511,77.205783,214.88,15.4,1014.5,82.84,15.4,1014.5,82.84,0,NONE,NONE,NORMAL,0.0
2025-01-05T12:00:00Z,42260099999,"AGRA, IN",27.155831,77.960892,167.94,11.42,1018.71,100.0,11.42,1018.71,100.0,0,NONE,NONE,NORMAL,0.0
2025-01-05T13:00:00Z,42139099999,"MEERUT, IN",29.0166666,77.7166667,222.0,15.72,1015.11,80.27,15.72,1015.11,80.27,0,NONE,NONE,NORMAL,0.0
2025-01-05T13:00:00Z,42170099999,"CHURU, IN",28.25,74.9166666,291.0,15.07,1014.37,85.75,15.07,1014.37,85.75,0,NONE,NONE,NORMAL,0.0
2025-01-05T13:00:00Z,42182099999,"SAFDARJUNG, IN",28.584511,77.205783,214.88,14.33,1015.1,86.05,14.33,1015.1,86.05,0,NONE,NONE,NORMAL,0.0
2025-01-05T13:00:00Z,42260099999,"AGRA, IN",27.155831,77.960892,167.94,11.45,1018.78,100.0,11.45,1018.78,100.0,0,NONE,NONE,NORMAL,0.0
2025-01-05T14:00:00Z,42139099999,"MEERUT, IN",29.0166666,77.7166667,222.0,15.44,1015.41,81.37,15.44,1015.41,81.37,0,NONE,NONE,NORMAL,0.0
2025-01-05T14:00:00Z,42170099999,"CHURU, IN",28.25,74.9166666,291.0,13.93,1015.43,90.47,13.93,1015.43,90.47,0,NONE,NONE,NORMAL,0.0
2025-01-05T14:00:00Z,42182099999,"SAFDARJUNG, IN",28.584511,77.205783,214.88,13.27,1015.7,89.43,13.27,1015.7,89.43,0,NONE,NONE,NORMAL,0.0
2025-01-05T14:00:00Z,42260099999,"AGRA, IN",27.155831,77.960892,167.94,11.49,1018.86,100.0,11.49,1018.86,100.0,0,NONE,NONE,NORMAL,0.0
2025-01-05T15:00:00Z,42139099999,"MEERUT, IN",29.0166666,77.7166667,222.0,15.16,1015.72,82.48,15.16,1015.72,82.48,0,NONE,NONE,NORMAL,0.0
2025-01-05T15:00:00Z,42170099999,"CHURU, IN",28.25,74.9166666,291.0,12.8,1016.5,95.51,12.8,1016.5,95.51,0,NONE,NONE,NORMAL,0.0
2025-01-05T15:00:00Z,42182099999,"SAFDARJUNG, IN",28.584511,77.205783,214.88,12.2,1016.3,92.99,12.2,1016.3,92.99,0,NONE,NONE,NORMAL,0.0
2025-01-05T15:00:00Z,42260099999,"AGRA, IN",27.155831,77.960892,167.94,11.52,1018.94,100.0,11.52,1018.94,100.0,0,NONE,NONE,NORMAL,0.0
2025-01-05T16:00:00Z,42139099999,"MEERUT, IN",29.0166666,77.7166667,222.0,14.88,1016.03,83.62,14.88,1016.03,83.62,0,NONE,NONE,NORMAL,0.0
2025-01-05T16:00:00Z,42170099999,"CHURU, IN",28.25,74.9166666,291.0,12.8,1016.77,95.51,12.8,1016.77,95.51,0,NONE,NONE,NORMAL,0.0
2025-01-05T16:00:00Z,42182099999,"SAFDARJUNG, IN",28.584511,77.205783,214.88,11.8,1016.6,94.42,11.8,1016.6,94.42,0,NONE,NONE,NORMAL,0.0
2025-01-05T16:00:00Z,42260099999,"AGRA, IN",27.155831,77.960892,167.94,11.56,1019.02,100.0,11.56,1019.02,100.0,0,NONE,NONE,NORMAL,0.0
2025-01-05T17:00:00Z,42139099999,"MEERUT, IN",29.0166666,77.7166667,222.0,14.6,1016.33,84.77,14.6,1016.33,84.77,0,NONE,NONE,NORMAL,0.0
2025-01-05T17:00:00Z,42170099999,"CHURU, IN",28.25,74.9166666,291.0,12.8,1017.03,95.51,12.8,1017.03,95.51,0,NONE,NONE,NORMAL,0.0
2025-01-05T17:00:00Z,42182099999,"SAFDARJUNG, IN",28.584511,77.205783,214.88,11.4,1016.9,95.88,11.4,1016.9,95.88,0,NONE,NONE,NORMAL,0.0
2025-01-05T17:00:00Z,42260099999,"AGRA, IN",27.155831,77.960892,167.94,11.59,1019.1,100.0,11.59,1019.1,100.0,0,NONE,NONE,NORMAL,0.0
2025-01-05T18:00:00Z,42139099999,"MEERUT, IN",29.0166666,77.7166667,222.0,14.32,1016.64,85.94,14.32,1016.64,85.94,0,NONE,NONE,NORMAL,0.0
2025-01-05T18:00:00Z,42170099999,"CHURU, IN",28.25,74.9166666,291.0,12.8,1017.3,95.51,12.8,1017.3,95.51,0,NONE,NONE,NORMAL,0.0
2025-01-05T18:00:00Z,42182099999,"SAFDARJUNG, IN",28.584511,77.205783,214.88,11.0,1017.2,97.37,11.0,1017.2,97.37,0,NONE,NONE,NORMAL,0.0
2025-01-05T18:00:00Z,42260099999,"AGRA, IN",27.155831,77.960892,167.94,11.63,1019.18,100.0,11.63,1019.18,100.0,0,NONE,NONE,NORMAL,0.0
2025-01-05T19:00:00Z,42139099999,"MEERUT, IN",29.0166666,77.7166667,222.0,14.04,1016.95,87.13,14.04,1016.95,87.13,0,NONE,NONE,NORMAL,0.0
2025-01-05T19:00:00Z,42170099999,"CHURU, IN",28.25,74.9166666,291.0,12.47,1017.1,96.13,12.47,1017.1,96.13,0,NONE,NONE,NORMAL,0.0
2025-01-05T19:00:00Z,42182099999,"SAFDARJUNG, IN",28.584511,77.205783,214.88,10.67,1016.8,98.24,10.67,1016.8,98.24,0,NONE,NONE,NORMAL,0.0
2025-01-05T19:00:00Z,42260099999,"AGRA, IN",27.155831,77.960892,167.94,11.66,1019.25,100.0,11.66,1019.25,100.0,0,NONE,NONE,NORMAL,0.0
2025-01-05T20:00:00Z,42139099999,"MEERUT, IN",29.0166666,77.7166667,222.0,13.76,1017.25,88.34,13.76,1017.25,88.34,0,NONE,NONE,NORMAL,0.0
2025-01-05T20:00:00Z,42170099999,"CHURU, IN",28.25,74.9166666,291.0,12.13,1016.9,96.76,12.13,1016.9,96.76,0,NONE,NONE,NORMAL,0.0
2025-01-05T20:00:00Z,42182099999,"SAFDARJUNG, IN",28.584511,77.205783,214.88,10.33,1016.4,99.11,10.33,1016.4,99.11,0,NONE,NONE,NORMAL,0.0
2025-01-05T20:00:00Z,42260099999,"AGRA, IN",27.155831,77.960892,167.94,11.7,1019.33,100.0,11.7,1019.33,100.0,0,NONE,NONE,NORMAL,0.0
2025-01-05T21:00:00Z,42139099999,"MEERUT, IN",29.0166666,77.7166667,222.0,13.48,1017.56,89.57,13.48,1017.56,89.57,0,NONE,NONE,NORMAL,0.0
2025-01-05T21:00:00Z,42170099999,"CHURU, IN",28.25,74.9166666,291.0,11.8,1016.7,97.39,11.8,1016.7,97.39,0,NONE,NONE,NORMAL,0.0
2025-01-05T21:00:00Z,42182099999,"SAFDARJUNG, IN",28.584511,77.205783,214.88,10.0,1016.0,100.0,10.0,1016.0,100.0,0,NONE,NONE,NORMAL,0.0
2025-01-05T21:00:00Z,42260099999,"AGRA, IN",27.155831,77.960892,167.94,11.74,1019.41,100.0,11.74,1019.41,100.0,0,NONE,NONE,NORMAL,0.0
2025-01-05T22:00:00Z,42139099999,"MEERUT, IN",29.0166666,77.7166667,222.0,13.2,1017.87,90.82,13.2,1017.87,90.82,0,NONE,NONE,NORMAL,0.0
2025-01-05T22:00:00Z,42170099999,"CHURU, IN",28.25,74.9166666,291.0,11.47,1016.77,97.38,11.47,1016.77,97.38,0,NONE,NONE,NORMAL,0.0
2025-01-05T22:00:00Z,42182099999,"SAFDARJUNG, IN",28.584511,77.205783,214.88,10.47,1015.93,100.0,10.47,1015.93,100.0,0,NONE,NONE,NORMAL,0.0
2025-01-05T22:00:00Z,42260099999,"AGRA, IN",27.155831,77.960892,167.94,11.77,1019.49,100.0,11.77,1019.49,100.0,0,NONE,NONE,NORMAL,0.0
2025-01-05T23:00:00Z,42139099999,"MEERUT, IN",29.0166666,77.7166667,222.0,12.92,1018.17,92.09,12.92,1018.17,92.09,0,NONE,NONE,NORMAL,0.0
2025-01-05T23:00:00Z,42170099999,"CHURU, IN",28.25,74.9166666,291.0,11.13,1016.83,97.38,11.13,1016.83,97.38,0,NONE,NONE,NORMAL,0.0
2025-01-05T23:00:00Z,42182099999,"SAFDARJUNG, IN",28.584511,77.205783,214.88,10.93,1015.87,100.0,10.93,1015.87,100.0,0,NONE,NONE,NORMAL,0.0
2025-01-05T23:00:00Z,42260099999,"AGRA, IN",27.155831,77.960892,167.94,11.81,1019.57,100.0,11.81,1019.57,100.0,0,NONE,NONE,NORMAL,0.0
2025-01-06T00:00:00Z,42139099999,"MEERUT, IN",29.0166666,77.7166667,222.0,12.64,1018.48,93.38,12.64,1018.48,93.38,0,NONE,NONE,NORMAL,0.0
2025-01-06T00:00:00Z,42170099999,"CHURU, IN",28.25,74.9166666,291.0,10.8,1016.9,97.37,10.8,1016.9,97.37,0,NONE,NONE,NORMAL,0.0
2025-01-06T00:00:00Z,42182099999,"SAFDARJUNG, IN",28.584511,77.205783,214.88,11.4,1015.8,100.0,11.4,1015.8,100.0,0,NONE,NONE,NORMAL,0.0
2025-01-06T00:00:00Z,42260099999,"AGRA, IN",27.155831,77.960892,167.94,11.84,1019.65,100.0,11.84,1019.65,100.0,0,NONE,NONE,NORMAL,0.0
2025-01-06T01:00:00Z,42139099999,"MEERUT, IN",29.0166666,77.7166667,222.0,12.36,1018.79,94.7,12.36,1018.79,94.7,0,NONE,NONE,NORMAL,0.0
2025-01-06T01:00:00Z,42170099999,"CHURU, IN",28.25,74.9166666,291.0,10.8,1017.67,96.51,10.8,1017.67,96.51,0,NONE,NONE,NORMAL,0.0
2025-01-06T01:00:00Z,42182099999,"SAFDARJUNG, IN",28.584511,77.205783,214.88,11.87,1016.67,95.9,11.87,1016.67,95.9,0,NONE,NONE,NORMAL,0.0
2025-01-06T01:00:00Z,42260099999,"AGRA, IN",27.155831,77.960892,167.94,11.88,1019.73,100.0,11.88,1019.73,100.0,0,NONE,NONE,NORMAL,0.0
2025-01-06T02:00:00Z,42139099999,"MEERUT, IN",29.0166666,77.7166667,222.0,12.08,1019.09,96.03,12.08,1019.09,96.03,0,NONE,NONE,NORMAL,0.0
2025-01-06T02:00:00Z,42170099999,"CHURU, IN",28.25,74.9166666,291.0,10.8,1018.43,95.65,10.8,1018.43,95.65,0,NONE,NONE,NORMAL,0.0
2025-01-06T02:00:00Z,42182099999,"SAFDARJUNG, IN",28.584511,77.205783,214.88,12.33,1017.53,91.97,12.33,1017.53,91.97,0,NONE,NONE,NORMAL,0.0
2025-01-06T02:00:00Z,42260099999,"AGRA, IN",27.155831,77.960892,167.94,11.91,1019.8,100.0,11.91,1019.8,100.0,0,NONE,NONE,NORMAL,0.0
2025-01-06T03:00:00Z,42139099999,"MEERUT, IN",29.0166666,77.7166667,222.0,11.8,1019.4,97.39,11.8,1019.4,97.39,0,NONE,NONE,NORMAL,0.0
2025-01-06T03:00:00Z,42170099999,"CHURU, IN",28.25,74.9166666,291.0,10.8,1019.2,94.8,10.8,1019.2,94.8,0,NONE,NONE,NORMAL,0.0
2025-01-06T03:00:00Z,42182099999,"SAFDARJUNG, IN",28.584511,77.205783,214.88,12.8,1018.4,88.22,12.8,1018.4,88.22,0,NONE,NONE,NORMAL,0.0
2025-01-06T03:00:00Z,42260099999,"AGRA, IN",27.155831,77.960892,167.94,11.95,1019.88,100.0,11.95,1019.88,100.0,0,NONE,NONE,NORMAL,0.0
2025-01-06T04:00:00Z,42139099999,"MEERUT, IN",29.0166666,77.7166667,222.0,13.0,1019.23,95.3,13.0,1019.23,95.3,0,NONE,NONE,NORMAL,0.0
2025-01-06T04:00:00Z,42170099999,"CHURU, IN",28.25,74.9166666,291.0,12.0,1019.47,86.39,12.0,1019.47,86.39,0,NONE,NONE,NORMAL,0.0
2025-01-06T04:00:00Z,42182099999,"SAFDARJUNG, IN",28.584511,77.205783,214.88,13.6,1018.57,84.85,13.6,1018.57,84.85,0,NONE,NONE,NORMAL,0.0
2025-01-06T04:00:00Z,42260099999,"AGRA, IN",27.155831,77.960892,167.94,11.98,1019.96,100.0,11.98,1019.96,100.0,0,NONE,NONE,NORMAL,0.0
2025-01-06T05:00:00Z,42139099999,"MEERUT, IN",29.0166666,77.7166667,222.0,14.2,1019.07,93.3,14.2,1019.07,93.3,0,NONE,NONE,NORMAL,0.0
2025-01-06T05:00:00Z,42170099999,"CHURU, IN",28.25,74.9166666,291.0,13.2,1019.73,78.79,13.2,1019.73,78.79,0,NONE,NONE,NORMAL,0.0
2025-01-06T05:00:00Z,42182099999,"SAFDARJUNG, IN",28.584511,77.205783,214.88,14.4,1018.73,81.63,14.4,1018.73,81.63,0,NONE,NONE,NORMAL,0.0
2025-01-06T05:00:00Z,42260099999,"AGRA, IN",27.155831,77.960892,167.94,12.27,1019.64,100.0,12.27,1019.64,100.0,0,NONE,NONE,NORMAL,0.0
2025-01-06T06:00:00Z,42139099999,"MEERUT, IN",29.0166666,77.7166667,222.0,15.4,1018.9,91.36,15.4,1018.9,91.36,0,NONE,NONE,NORMAL,0.0
2025-01-06T06:00:00Z,42170099999,"CHURU, IN",28.25,74.9166666,291.0,14.4,1020.0,71.9,14.4,1020.0,71.9,0,NONE,NONE,NORMAL,0.0
2025-01-06T06:00:00Z,42182099999,"SAFDARJUNG, IN",28.584511,77.205783,214.88,15.2,1018.9,78.56,15.2,1018.9,78.56,0,NONE,NONE,NORMAL,0.0
2025-01-06T06:00:00Z,42260099999,"AGRA, IN",27.155831,77.960892,167.94,12.82,1018.91,100.0,12.82,1018.91,100.0,0,NONE,NONE,NORMAL,0.0
2025-01-06T07:00:00Z,42139099999,"MEERUT, IN",29.0166666,77.7166667,222.0,16.47,1018.0,83.33,16.47,1018.0,83.33,0,NONE,NONE,NORMAL,0.0
2025-01-06T07:00:00Z,42170099999,"CHURU, IN",28.25,74.9166666,291.0,15.93,1018.97,64.72,15.93,1018.97,64.72,0,NONE,NONE,NORMAL,0.0
2025-01-06T07:00:00Z,42182099999,"SAFDARJUNG, IN",28.584511,77.205783,214.88,15.6,1018.13,77.42,15.6,1018.13,77.42,0,NONE,NONE,NORMAL,0.0
2025-01-06T07:00:00Z,42260099999,"AGRA, IN",27.155831,77.960892,167.94,13.36,1018.18,100.0,13.36,1018.18,100.0,0,NONE,NONE,NORMAL,0.0
2025-01-06T08:00:00Z,42139099999,"MEERUT, IN",29.0166666,77.7166667,222.0,17.53,1017.1,76.04,17.53,1017.1,76.04,0,NONE,NONE,NORMAL,0.0
2025-01-06T08:00:00Z,42170099999,"CHURU, IN",28.25,74.9166666,291.0,17.47,1017.93,58.31,17.47,1017.93,58.31,0,NONE,NONE,NORMAL,0.0
2025-01-06T08:00:00Z,42182099999,"SAFDARJUNG, IN",28.584511,77.205783,214.88,16.0,1017.37,76.29,16.0,1017.37,76.29,0,NONE,NONE,NORMAL,0.0
2025-01-06T08:00:00Z,42260099999,"AGRA, IN",27.155831,77.960892,167.94,13.91,1017.45,100.0,13.91,1017.45,100.0,0,NONE,NONE,NORMAL,0.0
2025-01-06T09:00:00Z,42139099999,"MEERUT, IN",29.0166666,77.7166667,222.0,18.6,1016.2,69.42,18.6,1016.2,69.42,0,NONE,NONE,NORMAL,0.0
2025-01-06T09:00:00Z,42170099999,"CHURU, IN",28.25,74.9166666,291.0,19.0,1016.9,52.6,19.0,1016.9,52.6,0,NONE,NONE,NORMAL,0.0
2025-01-06T09:00:00Z,42182099999,"SAFDARJUNG, IN",28.584511,77.205783,214.88,16.4,1016.6,75.19,16.4,1016.6,75.19,0,NONE,NONE,NORMAL,0.0
2025-01-06T09:00:00Z,42260099999,"AGRA, IN",27.155831,77.960892,167.94,14.45,1016.73,100.0,14.45,1016.73,100.0,0,NONE,NONE,NORMAL,0.0
2025-01-06T10:00:00Z,42139099999,"MEERUT, IN",29.0166666,77.7166667,222.0,17.53,1016.1,72.32,17.53,1016.1,72.32,0,NONE,NONE,NORMAL,0.0
2025-01-06T10:00:00Z,42170099999,"CHURU, IN",28.25,74.9166666,291.0,18.47,1016.83,53.66,18.47,1016.83,53.66,0,NONE,NONE,NORMAL,0.0
2025-01-06T10:00:00Z,42182099999,"SAFDARJUNG, IN",28.584511,77.205783,214.88,15.53,1016.53,78.78,15.53,1016.53,78.78,0,NONE,NONE,NORMAL,0.0
2025-01-06T10:00:00Z,42260099999,"AGRA, IN",27.155831,77.960892,167.94,15.0,1016.0,100.0,15.0,1016.0,100.0,0,NONE,NONE,NORMAL,0.0
2025-01-06T11:00:00Z,42139099999,"MEERUT, IN",29.0166666,77.7166667,222.0,16.47,1016.0,75.37,16.47,1016.0,75.37,0,NONE,NONE,NORMAL,0.0
2025-01-06T11:00:00Z,42170099999,"CHURU, IN",28.25,74.9166666,291.0,17.93,1016.77,54.74,17.93,1016.77,54.74,0,NONE,NONE,NORMAL,0.0
2025-01-06T11:00:00Z,42182099999,"SAFDARJUNG, IN",28.584511,77.205783,214.88,14.67,1016.47,82.57,14.67,1016.47,82.57,0,NONE,NONE,NORMAL,0.0
2025-01-06T11:00:00Z,42260099999,"AGRA, IN",27.155831,77.960892,167.94,14.88,1016.08,100.0,14.88,1016.08,100.0,0,NONE,NONE,NORMAL,0.0
2025-01-06T12:00:00Z,42139099999,"MEERUT, IN",29.0166666,77.7166667,222.0,15.4,1015.9,78.59,15.4,1015.9,78.59,0,NONE,NONE,NORMAL,0.0
2025-01-06T12:00:00Z,42170099999,"CHURU, IN",28.25,74.9166666,291.0,17.4,1016.7,55.85,17.4,1016.7,55.85,0,NONE,NONE,NORMAL,0.0
2025-01-06T12:00:00Z,42182099999,"SAFDARJUNG, IN",28.584511,77.205783,214.88,13.8,1016.4,86.57,13.8,1016.4,86.57,0,NONE,NONE,NORMAL,0.0
2025-01-06T12:00:00Z,42260099999,"AGRA, IN",27.155831,77.960892,167.94,14.64,1016.23,100.0,14.64,1016.23,100.0,0,NONE,NONE,NORMAL,0.0
2025-01-06T13:00:00Z,42139099999,"MEERUT, IN",29.0166666,77.7166667,222.0,15.13,1016.15,79.7,15.13,1016.15,79.7,0,NONE,NONE,NORMAL,0.0
2025-01-06T13:00:00Z,42170099999,"CHURU, IN",28.25,74.9166666,291.0,15.53,1017.47,62.34,15.53,1017.47,62.34,0,NONE,NONE,NORMAL,0.0
2025-01-06T13:00:00Z,42182099999,"SAFDARJUNG, IN",28.584511,77.205783,214.88,13.4,1016.9,87.11,13.4,1016.9,87.11,0,NONE,NONE,NORMAL,0.0
2025-01-06T13:00:00Z,42260099999,"AGRA, IN",27.155831,77.960892,167.94,14.41,1016.39,100.0,14.41,1016.39,100.0,0,NONE,NONE,NORMAL,0.0
2025-01-06T14:00:00Z,42139099999,"MEERUT, IN",29.0166666,77.7166667,222.0,14.87,1016.41,80.83,14.87,1016.41,80.83,0,NONE,NONE,NORMAL,0.0
2025-01-06T14:00:00Z,42170099999,"CHURU, IN",28.25,74.9166666,291.0,13.67,1018.23,69.69,13.67,1018.23,69.69,0,NONE,NONE,NORMAL,0.0
2025-01-06T14:00:00Z,42182099999,"SAFDARJUNG, IN",28.584511,77.205783,214.88,13.0,1017.4,87.65,13.0,1017.4,87.65,0,NONE,NONE,NORMAL,0.0
2025-01-06T14:00:00Z,42260099999,"AGRA, IN",27.155831,77.960892,167.94,14.17,1016.54,100.0,14.17,1016.54,100.0,0,NONE,NONE,NORMAL,0.0
2025-01-06T15:00:00Z,42139099999,"MEERUT, IN",29.0166666,77.7166667,222.0,14.6,1016.66,81.98,14.6,1016.66,81.98,0,NONE,NONE,NORMAL,0.0
2025-01-06T15:00:00Z,42170099999,"CHURU, IN",28.25,74.9166666,291.0,11.8,1019.0,78.05,11.8,1019.0,78.05,0,NONE,NONE,NORMAL,0.0
2025-01-06T15:00:00Z,42182099999,"SAFDARJUNG, IN",28.584511,77.205783,214.88,12.6,1017.9,88.2,12.6,1017.9,88.2,0,NONE,NONE,NORMAL,0.0
2025-01-06T15:00:00Z,42260099999,"AGRA, IN",27.155831,77.960892,167.94,13.93,1016.7,100.0,13.93,1016.7,100.0,0,NONE,NONE,NORMAL,0.0
2025-01-06T16:00:00Z,42139099999,"MEERUT, IN",29.0166666,77.7166667,222.0,14.33,1016.91,83.15,14.33,1016.91,83.15,0,NONE,NONE,NORMAL,0.0
2025-01-06T16:00:00Z,42170099999,"CHURU, IN",28.25,74.9166666,291.0,11.27,1019.33,82.51,11.27,1019.33,82.51,0,NONE,NONE,NORMAL,0.0
2025-01-06T16:00:00Z,42182099999,"SAFDARJUNG, IN",28.584511,77.205783,214.88,12.53,1017.9,88.98,12.53,1017.9,88.98,0,NONE,NONE,NORMAL,0.0
2025-01-06T16:00:00Z,42260099999,"AGRA, IN",27.155831,77.960892,167.94,13.7,1016.86,100.0,13.7,1016.86,100.0,0,NONE,NONE,NORMAL,0.0
2025-01-06T17:00:00Z,42139099999,"MEERUT, IN",29.0166666,77.7166667,222.0,14.07,1017.17,84.34,14.07,1017.17,84.34,0,NONE,NONE,NORMAL,0.0
2025-01-06T17:00:00Z,42170099999,"CHURU, IN",28.25,74.9166666,291.0,10.73,1019.67,87.25,10.73,1019.67,87.25,0,NONE,NONE,NORMAL,0.0
2025-01-06T17:00:00Z,42182099999,"SAFDARJUNG, IN",28.584511,77.205783,214.88,12.47,1017.9,89.77,12.47,1017.9,89.77,0,NONE,NONE,NORMAL,0.0
2025-01-06T17:00:00Z,42260099999,"AGRA, IN",27.155831,77.960892,167.94,13.46,1017.01,100.0,13.46,1017.01,100.0,0,NONE,NONE,NORMAL,0.0
2025-01-06T18:00:00Z,42139099999,"MEERUT, IN",29.0166666,77.7166667,222.0,13.8,1017.42,85.55,13.8,1017.42,85.55,0,NONE,NONE,NORMAL,0.0
2025-01-06T18:00:00Z,42170099999,"CHURU, IN",28.25,74.9166666,291.0,10.2,1020.0,92.26,10.2,1020.0,92.26,0,NONE,NONE,NORMAL,0.0
2025-01-06T18:00:00Z,42182099999,"SAFDARJUNG, IN",28.584511,77.205783,214.88,12.4,1017.9,90.56,12.4,1017.9,90.56,1,FROZEN,T,NORMAL,1.0
2025-01-06T18:00:00Z,42260099999,"AGRA, IN",27.155831,77.960892,167.94,13.22,1017.17,100.0,13.22,1017.17,100.0,0,NONE,NONE,NORMAL,0.0
2025-01-06T19:00:00Z,42139099999,"MEERUT, IN",29.0166666,77.7166667,222.0,13.53,1017.67,86.77,13.53,1017.67,86.77,0,NONE,NONE,NORMAL,0.0
2025-01-06T19:00:00Z,42170099999,"CHURU, IN",28.25,74.9166666,291.0,9.73,1019.9,93.07,9.73,1019.9,93.07,0,NONE,NONE,NORMAL,0.0
2025-01-06T19:00:00Z,42182099999,"SAFDARJUNG, IN",28.584511,77.205783,214.88,12.2,1017.93,91.96,12.4,1017.93,91.96,1,FROZEN,T,NORMAL,1.0
2025-01-06T19:00:00Z,42260099999,"AGRA, IN",27.155831,77.960892,167.94,12.99,1017.32,100.0,12.99,1017.32,100.0,0,NONE,NONE,NORMAL,0.0
2025-01-06T20:00:00Z,42139099999,"MEERUT, IN",29.0166666,77.7166667,222.0,13.27,1017.93,88.02,13.27,1017.93,88.02,0,NONE,NONE,NORMAL,0.0
2025-01-06T20:00:00Z,42170099999,"CHURU, IN",28.25,74.9166666,291.0,9.27,1019.8,93.89,9.27,1019.8,93.89,0,NONE,NONE,NORMAL,0.0
2025-01-06T20:00:00Z,42182099999,"SAFDARJUNG, IN",28.584511,77.205783,214.88,12.0,1017.97,93.39,12.4,1017.97,93.39,1,FROZEN,T,NORMAL,1.0
2025-01-06T20:00:00Z,42260099999,"AGRA, IN",27.155831,77.960892,167.94,12.75,1017.48,100.0,12.75,1017.48,100.0,0,NONE,NONE,NORMAL,0.0
2025-01-06T21:00:00Z,42139099999,"MEERUT, IN",29.0166666,77.7166667,222.0,13.0,1018.18,89.29,13.0,1018.18,89.29,0,NONE,NONE,NORMAL,0.0
2025-01-06T21:00:00Z,42170099999,"CHURU, IN",28.25,74.9166666,291.0,8.8,1019.7,94.72,8.8,1019.7,94.72,0,NONE,NONE,NORMAL,0.0
2025-01-06T21:00:00Z,42182099999,"SAFDARJUNG, IN",28.584511,77.205783,214.88,11.8,1018.0,94.84,12.4,1018.0,94.84,1,FROZEN,T,NORMAL,1.0
2025-01-06T21:00:00Z,42260099999,"AGRA, IN",27.155831,77.960892,167.94,12.51,1017.63,100.0,12.51,1017.63,100.0,0,NONE,NONE,NORMAL,0.0
2025-01-06T22:00:00Z,42139099999,"MEERUT, IN",29.0166666,77.7166667,222.0,12.73,1018.43,90.59,12.73,1018.43,90.59,0,NONE,NONE,NORMAL,0.0
2025-01-06T22:00:00Z,42170099999,"CHURU, IN",28.25,74.9166666,291.0,9.13,1019.8,94.73,9.13,1019.8,94.73,0,NONE,NONE,NORMAL,0.0
2025-01-06T22:00:00Z,42182099999,"SAFDARJUNG, IN",28.584511,77.205783,214.88,11.73,1018.0,95.68,12.4,1018.0,95.68,1,FROZEN,T,NORMAL,1.0
2025-01-06T22:00:00Z,42260099999,"AGRA, IN",27.155831,77.960892,167.94,12.27,1017.79,100.0,12.27,1017.79,100.0,0,NONE,NONE,NORMAL,0.0
2025-01-06T23:00:00Z,42139099999,"MEERUT, IN",29.0166666,77.7166667,222.0,12.47,1018.69,91.9,12.47,1018.69,91.9,0,NONE,NONE,NORMAL,0.0
2025-01-06T23:00:00Z,42170099999,"CHURU, IN",28.25,74.9166666,291.0,9.47,1019.9,94.75,9.47,1019.9,94.75,0,NONE,NONE,NORMAL,0.0
2025-01-06T23:00:00Z,42182099999,"SAFDARJUNG, IN",28.584511,77.205783,214.88,11.67,1018.0,96.53,12.4,1018.0,96.53,1,FROZEN,T,NORMAL,1.0
2025-01-06T23:00:00Z,42260099999,"AGRA, IN",27.155831,77.960892,167.94,12.04,1017.94,100.0,12.04,1017.94,100.0,0,NONE,NONE,NORMAL,0.0
2025-01-07T00:00:00Z,42139099999,"MEERUT, IN",29.0166666,77.7166667,222.0,12.2,1018.94,93.24,12.2,1018.94,93.24,0,NONE,NONE,NORMAL,0.0
2025-01-07T00:00:00Z,42170099999,"CHURU, IN",28.25,74.9166666,291.0,9.8,1020.0,94.76,9.8,1020.0,94.76,0,NONE,NONE,NORMAL,0.0
2025-01-07T00:00:00Z,42182099999,"SAFDARJUNG, IN",28.584511,77.205783,214.88,11.6,1018.0,97.39,12.4,1018.0,97.39,1,FROZEN,T,NORMAL,1.0
2025-01-07T00:00:00Z,42260099999,"AGRA, IN",27.155831,77.960892,167.94,11.8,1018.1,100.0,11.8,1018.1,100.0,0,NONE,NONE,NORMAL,0.0
2025-01-07T01:00:00Z,42139099999,"MEERUT, IN",29.0166666,77.7166667,222.0,11.93,1019.19,94.59,11.93,1019.19,94.59,0,NONE,NONE,NORMAL,0.0
2025-01-07T01:00:00Z,42170099999,"CHURU, IN",28.25,74.9166666,291.0,10.27,1020.37,93.93,10.27,1020.37,93.93,0,NONE,NONE,NORMAL,0.0
2025-01-07T01:00:00Z,42182099999,"SAFDARJUNG, IN",28.584511,77.205783,214.88,11.67,1018.63,95.68,12.4,1018.63,95.68,1,FROZEN,T,NORMAL,1.0
2025-01-07T01:00:00Z,42260099999,"AGRA, IN",27.155831,77.960892,167.94,11.99,1018.08,98.56,11.99,1018.08,98.56,0,NONE,NONE,NORMAL,0.0
2025-01-07T02:00:00Z,42139099999,"MEERUT, IN",29.0166666,77.7166667,222.0,11.67,1019.45,95.98,11.67,1019.45,95.98,0,NONE,NONE,NORMAL,0.0
2025-01-07T02:00:00Z,42170099999,"CHURU, IN",28.25,74.9166666,291.0,10.73,1020.73,93.12,10.73,1020.73,93.12,0,NONE,NONE,NORMAL,0.0
2025-01-07T02:00:00Z,42182099999,"SAFDARJUNG, IN",28.584511,77.205783,214.88,11.73,1019.27,94.0,12.4,1019.27,94.0,1,FROZEN,T,NORMAL,1.0
2025-01-07T02:00:00Z,42260099999,"AGRA, IN",27.155831,77.960892,167.94,12.19,1018.07,97.15,12.19,1018.07,97.15,0,NONE,NONE,NORMAL,0.0
2025-01-07T03:00:00Z,42139099999,"MEERUT, IN",29.0166666,77.7166667,222.0,11.4,1019.7,97.38,11.4,1019.7,97.38,0,NONE,NONE,NORMAL,0.0
2025-01-07T03:00:00Z,42170099999,"CHURU, IN",28.25,74.9166666,291.0,11.2,1021.1,92.31,11.2,1021.1,92.31,0,NONE,NONE,NORMAL,0.0
2025-01-07T03:00:00Z,42182099999,"SAFDARJUNG, IN",28.584511,77.205783,214.88,11.8,1019.9,92.35,12.4,1019.9,92.35,1,FROZEN,T,NORMAL,1.0
2025-01-07T03:00:00Z,42260099999,"AGRA, IN",27.155831,77.960892,167.94,12.38,1018.05,95.76,12.38,1018.05,95.76,0,NONE,NONE,NORMAL,0.0
2025-01-07T04:00:00Z,42139099999,"MEERUT, IN",29.0166666,77.7166667,222.0,11.8,1019.73,95.05,11.8,1019.73,95.05,0,NONE,NONE,NORMAL,0.0
2025-01-07T04:00:00Z,42170099999,"CHURU, IN",28.25,74.9166666,291.0,12.67,1021.23,82.69,12.67,1021.23,82.69,0,NONE,NONE,NORMAL,0.0
2025-01-07T04:00:00Z,42182099999,"SAFDARJUNG, IN",28.584511,77.205783,214.88,12.27,1019.97,90.95,12.4,1019.97,90.95,1,FROZEN,T,NORMAL,1.0
2025-01-07T04:00:00Z,42260099999,"AGRA, IN",27.155831,77.960892,167.94,12.57,1018.04,94.39,12.57,1018.04,94.39,0,NONE,NONE,NORMAL,0.0
2025-01-07T05:00:00Z,42139099999,"MEERUT, IN",29.0166666,77.7166667,222.0,12.2,1019.77,92.78,12.2,1019.77,92.78,0,NONE,NONE,NORMAL,0.0
2025-01-07T05:00:00Z,42170099999,"CHURU, IN",28.25,74.9166666,291.0,14.13,1021.37,74.15,14.13,1021.37,74.15,0,NONE,NONE,NORMAL,0.0
2025-01-07T05:00:00Z,42182099999,"SAFDARJUNG, IN",28.584511,77.205783,214.88,12.73,1020.03,89.59,12.4,1020.03,89.59,1,FROZEN,T,NORMAL,1.0
2025-01-07T05:00:00Z,42260099999,"AGRA, IN",27.155831,77.960892,167.94,12.76,1018.02,93.04,12.76,1018.02,93.04,0,NONE,NONE,NORMAL,0.0
2025-01-07T06:00:00Z,42139099999,"MEERUT, IN",29.0166666,77.7166667,222.0,12.6,1019.8,90.58,12.6,1019.8,90.58,0,NONE,NONE,NORMAL,0.0
2025-01-07T06:00:00Z,42170099999,"CHURU, IN",28.25,74.9166666,291.0,15.6,1021.5,66.56,15.6,1021.5,66.56,0,NONE,NONE,NORMAL,0.0
2025-01-07T06:00:00Z,42182099999,"SAFDARJUNG, IN",28.584511,77.205783,214.88,13.2,1020.1,88.25,13.2,1020.1,88.25,0,NONE,NONE,NORMAL,0.0
2025-01-07T06:00:00Z,42260099999,"AGRA, IN",27.155831,77.960892,167.94,12.96,1018.01,91.71,12.96,1018.01,91.71,0,NONE,NONE,NORMAL,0.0
2025-01-07T07:00:00Z,42139099999,"MEERUT, IN",29.0166666,77.7166667,222.0,13.0,1018.93,88.43,13.0,1018.93,88.43,0,NONE,NONE,NORMAL,0.0
2025-01-07T07:00:00Z,42170099999,"CHURU, IN",28.25,74.9166666,291.0,16.87,1020.13,57.12,16.87,1020.13,57.12,0,NONE,NONE,NORMAL,0.0
2025-01-07T07:00:00Z,42182099999,"SAFDARJUNG, IN",28.584511,77.205783,214.88,13.8,1019.1,84.12,13.8,1019.1,84.12,0,NONE,NONE,NORMAL,0.0
2025-01-07T07:00:00Z,42260099999,"AGRA, IN",27.155831,77.960892,167.94,13.15,1017.99,90.4,13.15,1017.99,90.4,0,NONE,NONE,NORMAL,0.0
2025-01-07T08:00:00Z,42139099999,"MEERUT, IN",29.0166666,77.7166667,222.0,13.4,1018.07,86.34,13.4,1018.07,86.34,0,NONE,NONE,NORMAL,0.0
2025-01-07T08:00:00Z,42170099999,"CHURU, IN",28.25,74.9166666,291.0,18.13,1018.77,49.03,18.13,1018.77,49.03,0,NONE,NONE,NORMAL,0.0
2025-01-07T08:00:00Z,42182099999,"SAFDARJUNG, IN",28.584511,77.205783,214.88,14.4,1018.1,80.2,14.4,1018.1,80.2,0,NONE,NONE,NORMAL,0.0
2025-01-07T08:00:00Z,42260099999,"AGRA, IN",27.155831,77.960892,167.94,13.34,1017.97,89.12,13.34,1017.97,89.12,0,NONE,NONE,NORMAL,0.0
2025-01-07T09:00:00Z,42139099999,"MEERUT, IN",29.0166666,77.7166667,222.0,13.8,1017.2,84.31,13.8,1017.2,84.31,0,NONE,NONE,NORMAL,0.0
2025-01-07T09:00:00Z,42170099999,"CHURU, IN",28.25,74.9166666,291.0,19.4,1017.4,42.1,19.4,1017.4,42.1,0,NONE,NONE,NORMAL,0.0
2025-01-07T09:00:00Z,42182099999,"SAFDARJUNG, IN",28.584511,77.205783,214.88,15.0,1017.1,76.47,15.0,1017.1,76.47,0,NONE,NONE,NORMAL,0.0
2025-01-07T09:00:00Z,42260099999,"AGRA, IN",27.155831,77.960892,167.94,13.54,1017.96,87.85,13.54,1017.96,87.85,0,NONE,NONE,NORMAL,0.0
2025-01-07T10:00:00Z,42139099999,"MEERUT, IN",29.0166666,77.7166667,222.0,13.87,1016.9,83.57,13.87,1016.9,83.57,0,NONE,NONE,NORMAL,0.0
2025-01-07T10:00:00Z,42170099999,"CHURU, IN",28.25,74.9166666,291.0,18.87,1017.23,43.32,18.87,1017.23,43.32,0,NONE,NONE,NORMAL,0.0
2025-01-07T10:00:00Z,42182099999,"SAFDARJUNG, IN",28.584511,77.205783,214.88,14.73,1016.83,79.71,14.73,1016.83,79.71,0,NONE,NONE,NORMAL,0.0
2025-01-07T10:00:00Z,42260099999,"AGRA, IN",27.155831,77.960892,167.94,13.73,1017.94,86.6,13.73,1017.94,86.6,0,NONE,NONE,NORMAL,0.0
2025-01-07T11:00:00Z,42139099999,"MEERUT, IN",29.0166666,77.7166667,222.0,13.93,1016.6,82.84,13.93,1016.6,82.84,0,NONE,NONE,NORMAL,0.0
2025-01-07T11:00:00Z,42170099999,"CHURU, IN",28.25,74.9166666,291.0,18.33,1017.07,44.59,18.33,1017.07,44.59,0,NONE,NONE,NORMAL,0.0
2025-01-07T11:00:00Z,42182099999,"SAFDARJUNG, IN",28.584511,77.205783,214.88,14.47,1016.57,83.09,14.47,1016.57,83.09,0,NONE,NONE,NORMAL,0.0
2025-01-07T11:00:00Z,42260099999,"AGRA, IN",27.155831,77.960892,167.94,13.92,1017.93,85.38,13.92,1017.93,85.38,0,NONE,NONE,NORMAL,0.0
2025-01-07T12:00:00Z,42139099999,"MEERUT, IN",29.0166666,77.7166667,222.0,14.0,1016.3,82.12,14.0,1016.3,82.12,0,NONE,NONE,NORMAL,0.0
2025-01-07T12:00:00Z,42170099999,"CHURU, IN",28.25,74.9166666,291.0,17.8,1016.9,45.9,17.8,1016.9,45.9,0,NONE,NONE,NORMAL,0.0
2025-01-07T12:00:00Z,42182099999,"SAFDARJUNG, IN",28.584511,77.205783,214.88,14.2,1016.3,86.61,14.2,1016.3,86.61,0,NONE,NONE,NORMAL,0.0
2025-01-07T12:00:00Z,42260099999,"AGRA, IN",27.155831,77.960892,167.94,14.12,1017.91,84.17,14.12,1017.91,84.17,0,NONE,NONE,NORMAL,0.0
2025-01-07T13:00:00Z,42139099999,"MEERUT, IN",29.0166666,77.7166667,222.0,13.76,1016.27,82.9,13.76,1016.27,82.9,0,NONE,NONE,NORMAL,0.0
2025-01-07T13:00:00Z,42170099999,"CHURU, IN",28.25,74.9166666,291.0,15.53,1017.47,53.38,15.53,1017.47,53.38,0,NONE,NONE,NORMAL,0.0
2025-01-07T13:00:00Z,42182099999,"SAFDARJUNG, IN",28.584511,77.205783,214.88,12.93,1016.77,90.8,12.93,1016.77,90.8,0,NONE,NONE,NORMAL,0.0
2025-01-07T13:00:00Z,42260099999,"AGRA, IN",27.155831,77.960892,167.94,14.31,1017.89,82.98,14.31,1017.89,82.98,0,NONE,NONE,NORMAL,0.0
2025-01-07T14:00:00Z,42139099999,"MEERUT, IN",29.0166666,77.7166667,222.0,13.52,1016.25,83.68,13.52,1016.25,83.68,0,NONE,NONE,NORMAL,0.0
2025-01-07T14:00:00Z,42170099999,"CHURU, IN",28.25,74.9166666,291.0,13.27,1018.03,62.24,13.27,1018.03,62.24,0,NONE,NONE,NORMAL,0.0
2025-01-07T14:00:00Z,42182099999,"SAFDARJUNG, IN",28.584511,77.205783,214.88,11.67,1017.23,95.26,11.67,1017.23,95.26,0,NONE,NONE,NORMAL,0.0
2025-01-07T14:00:00Z,42260099999,"AGRA, IN",27.155831,77.960892,167.94,14.5,1017.88,81.8,14.5,1017.88,81.8,0,NONE,NONE,NORMAL,0.0
2025-01-07T15:00:00Z,42139099999,"MEERUT, IN",29.0166666,77.7166667,222.0,13.28,1016.22,84.47,13.28,1016.22,84.47,0,NONE,NONE,NORMAL,0.0
2025-01-07T15:00:00Z,42170099999,"CHURU, IN",28.25,74.9166666,291.0,11.0,1018.6,72.75,11.0,1018.6,72.75,0,NONE,NONE,NORMAL,0.0
2025-01-07T15:00:00Z,42182099999,"SAFDARJUNG, IN",28.584511,77.205783,214.88,10.4,1017.7,100.0,10.4,1017.7,100.0,0,NONE,NONE,NORMAL,0.0
2025-01-07T15:00:00Z,42260099999,"AGRA, IN",27.155831,77.960892,167.94,14.69,1017.86,80.65,14.69,1017.86,80.65,0,NONE,NONE,NORMAL,0.0
2025-01-07T16:00:00Z,42139099999,"MEERUT, IN",29.0166666,77.7166667,222.0,13.04,1016.19,85.28,13.04,1016.19,85.28,0,NONE,NONE,NORMAL,0.0
2025-01-07T16:00:00Z,42170099999,"CHURU, IN",28.25,74.9166666,291.0,9.87,1018.77,76.86,9.87,1018.77,76.86,0,NONE,NONE,NORMAL,0.0
2025-01-07T16:00:00Z,42182099999,"SAFDARJUNG, IN",28.584511,77.205783,214.88,9.93,1017.53,100.0,9.93,1017.53,100.0,0,NONE,NONE,NORMAL,0.0
2025-01-07T16:00:00Z,42260099999,"AGRA, IN",27.155831,77.960892,167.94,14.89,1017.85,79.51,14.89,1017.85,79.51,0,NONE,NONE,NORMAL,0.0
2025-01-07T17:00:00Z,42139099999,"MEERUT, IN",29.0166666,77.7166667,222.0,12.8,1016.17,86.09,12.8,1016.17,86.09,0,NONE,NONE,NORMAL,0.0
2025-01-07T17:00:00Z,42170099999,"CHURU, IN",28.25,74.9166666,291.0,8.73,1018.93,81.25,8.73,1018.93,81.25,0,NONE,NONE,NORMAL,0.0
2025-01-07T17:00:00Z,42182099999,"SAFDARJUNG, IN",28.584511,77.205783,214.88,9.47,1017.37,100.0,9.47,1017.37,100.0,0,NONE,NONE,NORMAL,0.0
2025-01-07T17:00:00Z,42260099999,"AGRA, IN",27.155831,77.960892,167.94,15.08,1017.83,78.4,15.08,1017.83,78.4,0,NONE,NONE,NORMAL,0.0
2025-01-07T18:00:00Z,42139099999,"MEERUT, IN",29.0166666,77.7166667,222.0,12.56,1016.14,86.91,12.56,1016.14,86.91,0,NONE,NONE,NORMAL,0.0
2025-01-07T18:00:00Z,42170099999,"CHURU, IN",28.25,74.9166666,291.0,7.6,1019.1,85.95,7.6,1019.1,85.95,0,NONE,NONE,NORMAL,0.0
2025-01-07T18:00:00Z,42182099999,"SAFDARJUNG, IN",28.584511,77.205783,214.88,9.0,1017.2,100.0,9.0,1017.2,100.0,0,NONE,NONE,NORMAL,0.0
2025-01-07T18:00:00Z,42260099999,"AGRA, IN",27.155831,77.960892,167.94,15.27,1017.82,77.29,15.27,1017.82,77.29,0,NONE,NONE,NORMAL,0.0
2025-01-07T19:00:00Z,42139099999,"MEERUT, IN",29.0166666,77.7166667,222.0,12.32,1016.11,87.74,12.32,1016.11,87.74,0,NONE,NONE,NORMAL,0.0
2025-01-07T19:00:00Z,42170099999,"CHURU, IN",28.25,74.9166666,291.0,7.07,1018.53,87.5,7.07,1018.53,87.5,0,NONE,NONE,NORMAL,0.0
2025-01-07T19:00:00Z,42182099999,"SAFDARJUNG, IN",28.584511,77.205783,214.88,8.93,1016.6,100.0,8.93,1016.6,100.0,0,NONE,NONE,NORMAL,0.0
2025-01-07T19:00:00Z,42260099999,"AGRA, IN",27.155831,77.960892,167.94,15.47,1017.8,76.21,15.47,1017.8,76.21,0,NONE,NONE,NORMAL,0.0
2025-01-07T20:00:00Z,42139099999,"MEERUT, IN",29.0166666,77.7166667,222.0,12.08,1016.09,88.59,12.08,1016.09,88.59,0,NONE,NONE,NORMAL,0.0
2025-01-07T20:00:00Z,42170099999,"CHURU, IN",28.25,74.9166666,291.0,6.53,1017.97,89.09,6.53,1017.97,89.09,0,NONE,NONE,NORMAL,0.0
2025-01-07T20:00:00Z,42182099999,"SAFDARJUNG, IN",28.584511,77.205783,214.88,8.87,1016.0,100.0,8.87,1016.0,100.0,0,NONE,NONE,NORMAL,0.0
2025-01-07T20:00:00Z,42260099999,"AGRA, IN",27.155831,77.960892,167.94,15.66,1017.78,75.14,15.66,1017.78,75.14,0,NONE,NONE,NORMAL,0.0
2025-01-07T21:00:00Z,42139099999,"MEERUT, IN",29.0166666,77.7166667,222.0,11.84,1016.06,89.44,11.84,1016.06,89.44,0,NONE,NONE,NORMAL,0.0
2025-01-07T21:00:00Z,42170099999,"CHURU, IN",28.25,74.9166666,291.0,6.0,1017.4,90.73,6.0,1017.4,90.73,0,NONE,NONE,NORMAL,0.0
2025-01-07T21:00:00Z,42182099999,"SAFDARJUNG, IN",28.584511,77.205783,214.88,8.8,1015.4,100.0,8.8,1015.4,100.0,0,NONE,NONE,NORMAL,0.0
2025-01-07T21:00:00Z,42260099999,"AGRA, IN",27.155831,77.960892,167.94,15.85,1017.77,74.09,15.85,1017.77,74.09,0,NONE,NONE,NORMAL,0.0
2025-01-07T22:00:00Z,42139099999,"MEERUT, IN",29.0166666,77.7166667,222.0,11.6,1016.03,90.3,11.6,1016.03,90.3,0,NONE,NONE,NORMAL,0.0
2025-01-07T22:00:00Z,42170099999,"CHURU, IN",28.25,74.9166666,291.0,5.53,1017.23,91.55,5.53,1017.23,91.55,0,NONE,NONE,NORMAL,0.0
2025-01-07T22:00:00Z,42182099999,"SAFDARJUNG, IN",28.584511,77.205783,214.88,8.8,1015.3,100.0,8.8,1015.3,100.0,0,NONE,NONE,NORMAL,0.0
2025-01-07T22:00:00Z,42260099999,"AGRA, IN",27.155831,77.960892,167.94,16.05,1017.75,73.05,16.05,1017.75,73.05,0,NONE,NONE,NORMAL,0.0
2025-01-07T23:00:00Z,42139099999,"MEERUT, IN",29.0166666,77.7166667,222.0,11.36,1016.01,91.18,11.36,1016.01,91.18,0,NONE,NONE,NORMAL,0.0
2025-01-07T23:00:00Z,42170099999,"CHURU, IN",28.25,74.9166666,291.0,5.07,1017.07,92.38,5.07,1017.07,92.38,0,NONE,NONE,NORMAL,0.0
2025-01-07T23:00:00Z,42182099999,"SAFDARJUNG, IN",28.584511,77.205783,214.88,8.8,1015.2,100.0,8.8,1015.2,100.0,0,NONE,NONE,NORMAL,0.0
2025-01-07T23:00:00Z,42260099999,"AGRA, IN",27.155831,77.960892,167.94,16.24,1017.74,72.03,16.24,1017.74,72.03,0,NONE,NONE,NORMAL,0.0
2025-01-08T00:00:00Z,42139099999,"MEERUT, IN",29.0166666,77.7166667,222.0,11.12,1015.98,92.06,11.12,1015.98,92.06,0,NONE,NONE,NORMAL,0.0
2025-01-08T00:00:00Z,42170099999,"CHURU, IN",28.25,74.9166666,291.0,4.6,1016.9,93.22,4.6,1016.9,93.22,0,NONE,NONE,NORMAL,0.0
2025-01-08T00:00:00Z,42182099999,"SAFDARJUNG, IN",28.584511,77.205783,214.88,8.8,1015.1,100.0,8.8,1015.1,100.0,0,NONE,NONE,NORMAL,0.0
2025-01-08T00:00:00Z,42260099999,"AGRA, IN",27.155831,77.960892,167.94,16.43,1017.72,71.03,16.43,1017.72,71.03,0,NONE,NONE,NORMAL,0.0
2025-01-08T01:00:00Z,42139099999,"MEERUT, IN",29.0166666,77.7166667,222.0,10.88,1015.95,92.96,10.88,1015.95,92.96,0,NONE,NONE,NORMAL,0.0
2025-01-08T01:00:00Z,42170099999,"CHURU, IN",28.25,74.9166666,291.0,5.13,1017.57,89.4,5.13,1017.57,89.4,0,NONE,NONE,NORMAL,0.0
2025-01-08T01:00:00Z,42182099999,"SAFDARJUNG, IN",28.584511,77.205783,214.88,8.67,1015.7,100.0,8.67,1015.7,100.0,0,NONE,NONE,NORMAL,0.0
2025-01-08T01:00:00Z,42260099999,"AGRA, IN",27.155831,77.960892,167.94,16.62,1017.71,70.04,16.62,1017.71,70.04,0,NONE,NONE,NORMAL,0.0
2025-01-08T02:00:00Z,42139099999,"MEERUT, IN",29.0166666,77.7166667,222.0,10.64,1015.93,93.87,10.64,1015.93,93.87,0,NONE,NONE,NORMAL,0.0
2025-01-08T02:00:00Z,42170099999,"CHURU, IN",28.25,74.9166666,291.0,5.67,1018.23,85.74,5.67,1018.23,85.74,0,NONE,NONE,NORMAL,0.0
2025-01-08T02:00:00Z,42182099999,"SAFDARJUNG, IN",28.584511,77.205783,214.88,8.53,1016.3,100.0,8.53,1016.3,100.0,0,NONE,NONE,NORMAL,0.0
2025-01-08T02:00:00Z,42260099999,"AGRA, IN",27.155831,77.960892,167.94,16.82,1017.69,69.06,16.82,1017.69,69.06,0,NONE,NONE,NORMAL,0.0
2025-01-08T03:00:00Z,42139099999,"MEERUT, IN",29.0166666,77.7166667,222.0,10.4,1015.9,94.78,10.4,1015.9,94.78,0,NONE,NONE,NORMAL,0.0
2025-01-08T03:00:00Z,42170099999,"CHURU, IN",28.25,74.9166666,291.0,6.2,1018.9,82.25,6.2,1018.9,82.25,0,NONE,NONE,NORMAL,0.0
2025-01-08T03:00:00Z,42182099999,"SAFDARJUNG, IN",28.584511,77.205783,214.88,8.4,1016.9,100.0,8.4,1016.9,100.0,0,NONE,NONE,NORMAL,0.0
2025-01-08T03:00:00Z,42260099999,"AGRA, IN",27.155831,77.960892,167.94,17.01,1017.67,68.1,17.01,1017.67,68.1,0,NONE,NONE,NORMAL,0.0
2025-01-08T04:00:00Z,42139099999,"MEERUT, IN",29.0166666,77.7166667,222.0,11.53,1016.43,86.93,11.53,1016.43,86.93,0,NONE,NONE,NORMAL,0.0
2025-01-08T04:00:00Z,42170099999,"CHURU, IN",28.25,74.9166666,291.0,10.47,1018.73,62.3,10.47,1018.73,62.3,0,NONE,NONE,NORMAL,0.0
2025-01-08T04:00:00Z,42182099999,"SAFDARJUNG, IN",28.584511,77.205783,214.88,11.07,1016.9,83.05,11.07,1016.9,83.05,0,NONE,NONE,NORMAL,0.0
2025-01-08T04:00:00Z,42260099999,"AGRA, IN",27.155831,77.960892,167.94,17.2,1017.66,67.16,17.2,1017.66,67.16,0,NONE,NONE,NORMAL,0.0
2025-01-08T05:00:00Z,42139099999,"MEERUT, IN",29.0166666,77.7166667,222.0,12.67,1016.97,79.78,12.67,1016.97,79.78,0,NONE,NONE,NORMAL,0.0
2025-01-08T05:00:00Z,42170099999,"CHURU, IN",28.25,74.9166666,291.0,14.73,1018.57,47.65,14.73,1018.57,47.65,0,NONE,NONE,NORMAL,0.0
2025-01-08T05:00:00Z,42182099999,"SAFDARJUNG, IN",28.584511,77.205783,214.88,13.73,1016.9,69.23,13.73,1016.9,69.23,0,NONE,NONE,NORMAL,0.0
2025-01-08T05:00:00Z,42260099999,"AGRA, IN",27.155831,77.960892,167.94,17.4,1017.64,66.23,17.4,1017.64,66.23,0,NONE,NONE,NORMAL,0.0
2025-01-08T06:00:00Z,42139099999,"MEERUT, IN",29.0166666,77.7166667,222.0,13.8,1017.5,73.26,13.8,1017.5,73.26,0,NONE,NONE,NORMAL,0.0
2025-01-08T06:00:00Z,42170099999,"CHURU, IN",28.25,74.9166666,291.0,19.0,1018.4,36.77,19.0,1018.4,36.77,0,NONE,NONE,NORMAL,0.0
2025-01-08T06:00:00Z,42182099999,"SAFDARJUNG, IN",28.584511,77.205783,214.88,16.4,1016.9,57.92,16.4,1016.9,57.92,0,NONE,NONE,NORMAL,0.0
2025-01-08T06:00:00Z,42260099999,"AGRA, IN",27.155831,77.960892,167.94,17.59,1017.63,65.31,17.59,1017.63,65.31,0,NONE,NONE,NORMAL,0.0
2025-01-08T07:00:00Z,42139099999,"MEERUT, IN",29.0166666,77.7166667,222.0,15.4,1016.47,62.45,15.4,1016.47,62.45,0,NONE,NONE,NORMAL,0.0
2025-01-08T07:00:00Z,42170099999,"CHURU, IN",28.25,74.9166666,291.0,20.07,1017.17,34.74,20.07,1017.17,34.74,0,NONE,NONE,NORMAL,0.0
2025-01-08T07:00:00Z,42182099999,"SAFDARJUNG, IN",28.584511,77.205783,214.88,17.87,1016.1,60.13,17.87,1016.1,60.13,0,NONE,NONE,NORMAL,0.0
2025-01-08T07:00:00Z,42260099999,"AGRA, IN",27.155831,77.960892,167.94,17.78,1017.61,64.41,17.78,1017.61,64.41,0,NONE,NONE,NORMAL,0.0
2025-01-08T08:00:00Z,42139099999,"MEERUT, IN",29.0166666,77.7166667,222.0,17.0,1015.43,53.28,17.0,1015.43,53.28,0,NONE,NONE,NORMAL,0.0
2025-01-08T08:00:00Z,42170099999,"CHURU, IN",28.25,74.9166666,291.0,21.13,1015.93,32.83,21.13,1015.93,32.83,0,NONE,NONE,NORMAL,0.0
2025-01-08T08:00:00Z,42182099999,"SAFDARJUNG, IN",28.584511,77.205783,214.88,19.33,1015.3,62.37,19.33,1015.3,62.37,0,NONE,NONE,NORMAL,0.0
2025-01-08T08:00:00Z,42260099999,"AGRA, IN",27.155831,77.960892,167.94,17.98,1017.59,63.52,17.98,1017.59,63.52,0,NONE,NONE,NORMAL,0.0
2025-01-08T09:00:00Z,42139099999,"MEERUT, IN",29.0166666,77.7166667,222.0,18.6,1014.4,45.49,18.6,1014.4,45.49,0,NONE,NONE,NORMAL,0.0
2025-01-08T09:00:00Z,42170099999,"CHURU, IN",28.25,74.9166666,291.0,22.2,1014.7,31.04,22.2,1014.7,31.04,0,NONE,NONE,NORMAL,0.0
2025-01-08T09:00:00Z,42182099999,"SAFDARJUNG, IN",28.584511,77.205783,214.88,20.8,1014.5,64.64,20.8,1014.5,64.64,0,NONE,NONE,NORMAL,0.0
2025-01-08T09:00:00Z,42260099999,"AGRA, IN",27.155831,77.960892,167.94,18.17,1017.58,62.64,18.17,1017.58,62.64,0,NONE,NONE,NORMAL,0.0
2025-01-08T10:00:00Z,42139099999,"MEERUT, IN",29.0166666,77.7166667,222.0,17.93,1014.4,51.03,17.93,1014.4,51.03,0,NONE,NONE,NORMAL,0.0
2025-01-08T10:00:00Z,42170099999,"CHURU, IN",28.25,74.9166666,291.0,21.73,1014.63,34.97,21.73,1014.63,34.97,0,NONE,NONE,NORMAL,0.0
2025-01-08T10:00:00Z,42182099999,"SAFDARJUNG, IN",28.584511,77.205783,214.88,20.0,1014.5,69.55,20.0,1014.5,69.55,0,NONE,NONE,NORMAL,0.0
2025-01-08T10:00:00Z,42260099999,"AGRA, IN",27.155831,77.960892,167.94,18.36,1017.56,61.78,18.36,1017.56,61.78,0,NONE,NONE,NORMAL,0.0
2025-01-08T11:00:00Z,42139099999,"MEERUT, IN",29.0166666,77.7166667,222.0,17.27,1014.4,57.22,17.27,1014.4,57.22,0,NONE,NONE,NORMAL,0.0
2025-01-08T11:00:00Z,42170099999,"CHURU, IN",28.25,74.9166666,291.0,21.27,1014.57,39.36,21.27,1014.57,39.36,0,NONE,NONE,NORMAL,0.0
2025-01-08T11:00:00Z,42182099999,"SAFDARJUNG, IN",28.584511,77.205783,214.88,19.2,1014.5,74.84,19.2,1014.5,74.84,0,NONE,NONE,NORMAL,0.0
2025-01-08T11:00:00Z,42260099999,"AGRA, IN",27.155831,77.960892,167.94,18.55,1017.55,60.93,18.55,1017.55,60.93,0,NONE,NONE,NORMAL,0.0
2025-01-08T12:00:00Z,42139099999,"MEERUT, IN",29.0166666,77.7166667,222.0,16.6,1014.4,64.14,16.6,1014.4,64.14,0,NONE,NONE,NORMAL,0.0
2025-01-08T12:00:00Z,42170099999,"CHURU, IN",28.25,74.9166666,291.0,20.8,1014.5,44.27,20.8,1014.5,44.27,0,NONE,NONE,NORMAL,0.0
2025-01-08T12:00:00Z,42182099999,"SAFDARJUNG, IN",28.584511,77.205783,214.88,18.4,1014.5,80.57,18.4,1014.5,80.57,0,NONE,NONE,NORMAL,0.0
2025-01-08T12:00:00Z,42260099999,"AGRA, IN",27.155831,77.960892,167.94,18.75,1017.53,60.09,18.75,1017.53,60.09,0,NONE,NONE,NORMAL,0.0
2025-01-08T13:00:00Z,42139099999,"MEERUT, IN",29.0166666,77.7166667,222.0,15.96,1014.77,65.98,15.96,1014.77,65.98,0,NONE,NONE,NORMAL,0.0
2025-01-08T13:00:00Z,42170099999,"CHURU, IN",28.25,74.9166666,291.0,17.93,1015.27,52.32,17.93,1015.27,52.32,0,NONE,NONE,NORMAL,0.0
2025-01-08T13:00:00Z,42182099999,"SAFDARJUNG, IN",28.584511,77.205783,214.88,16.07,1015.1,86.41,16.07,1015.1,86.41,0,NONE,NONE,NORMAL,0.0
2025-01-08T13:00:00Z,42260099999,"AGRA, IN",27.155831,77.960892,167.94,18.94,1017.52,59.27,18.94,1017.52,59.27,0,NONE,NONE,NORMAL,0.0
2025-01-08T14:00:00Z,42139099999,"MEERUT, IN",29.0166666,77.7166667,222.0,15.32,1015.15,67.89,15.32,1015.15,67.89,0,NONE,NONE,NORMAL,0.0
2025-01-08T14:00:00Z,42170099999,"CHURU, IN",28.25,74.9166666,291.0,15.07,1016.03,62.09,15.07,1016.03,62.09,0,NONE,NONE,NORMAL,0.0
2025-01-08T14:00:00Z,42182099999,"SAFDARJUNG, IN",28.584511,77.205783,214.88,13.73,1015.7,92.87,13.73,1015.7,92.87,0,NONE,NONE,NORMAL,0.0
2025-01-08T14:00:00Z,42260099999,"AGRA, IN",27.155831,77.960892,167.94,19.13,1017.5,58.46,19.13,1017.5,58.46,0,NONE,NONE,NORMAL,0.0
2025-01-08T15:00:00Z,42139099999,"MEERUT, IN",29.0166666,77.7166667,222.0,14.68,1015.52,69.86,14.68,1015.52,69.86,0,NONE,NONE,NORMAL,0.0
2025-01-08T15:00:00Z,42170099999,"CHURU, IN",28.25,74.9166666,291.0,12.2,1016.8,73.98,12.2,1016.8,73.98,0,NONE,NONE,NORMAL,0.0
2025-01-08T15:00:00Z,42182099999,"SAFDARJUNG, IN",28.584511,77.205783,214.88,11.4,1016.3,100.0,11.4,1016.3,100.0,0,NONE,NONE,NORMAL,0.0
2025-01-08T15:00:00Z,42260099999,"AGRA, IN",27.155831,77.960892,167.94,19.33,1017.48,57.66,19.33,1017.48,57.66,0,NONE,NONE,NORMAL,0.0
2025-01-08T16:00:00Z,42139099999,"MEERUT, IN",29.0166666,77.7166667,222.0,14.04,1015.89,71.9,14.04,1015.89,71.9,0,NONE,NONE,NORMAL,0.0
2025-01-08T16:00:00Z,42170099999,"CHURU, IN",28.25,74.9166666,291.0,11.13,1017.13,75.5,11.13,1017.13,75.5,0,NONE,NONE,NORMAL,0.0
2025-01-08T16:00:00Z,42182099999,"SAFDARJUNG, IN",28.584511,77.205783,214.88,10.53,1016.6,100.0,10.53,1016.6,100.0,0,NONE,NONE,NORMAL,0.0
2025-01-08T16:00:00Z,42260099999,"AGRA, IN",27.155831,77.960892,167.94,19.52,1017.47,56.87,19.52,1017.47,56.87,0,NONE,NONE,NORMAL,0.0
2025-01-08T17:00:00Z,42139099999,"MEERUT, IN",29.0166666,77.7166667,222.0,13.4,1016.27,74.02,13.4,1016.27,74.02,0,NONE,NONE,NORMAL,0.0
2025-01-08T17:00:00Z,42170099999,"CHURU, IN",28.25,74.9166666,291.0,10.07,1017.47,77.07,10.07,1017.47,77.07,0,NONE,NONE,NORMAL,0.0
2025-01-08T17:00:00Z,42182099999,"SAFDARJUNG, IN",28.584511,77.205783,214.88,9.67,1016.9,100.0,9.67,1016.9,100.0,0,NONE,NONE,NORMAL,0.0
2025-01-08T17:00:00Z,42260099999,"AGRA, IN",27.155831,77.960892,167.94,19.71,1017.45,56.09,19.71,1017.45,56.09,0,NONE,NONE,NORMAL,0.0
2025-01-08T18:00:00Z,42139099999,"MEERUT, IN",29.0166666,77.7166667,222.0,12.76,1016.64,76.21,12.76,1016.64,76.21,0,NONE,NONE,NORMAL,0.0
2025-01-08T18:00:00Z,42170099999,"CHURU, IN",28.25,74.9166666,291.0,9.0,1017.8,78.7,9.0,1017.8,78.7,0,NONE,NONE,NORMAL,0.0
2025-01-08T18:00:00Z,42182099999,"SAFDARJUNG, IN",28.584511,77.205783,214.88,8.8,1017.2,100.0,8.8,1017.2,100.0,0,NONE,NONE,NORMAL,0.0
2025-01-08T18:00:00Z,42260099999,"AGRA, IN",27.155831,77.960892,167.94,19.91,1017.44,55.33,19.91,1017.44,55.33,0,NONE,NONE,NORMAL,0.0
2025-01-08T19:00:00Z,42139099999,"MEERUT, IN",29.0166666,77.7166667,222.0,12.12,1017.01,78.49,12.12,1017.01,78.49,0,NONE,NONE,NORMAL,0.0
2025-01-08T19:00:00Z,42170099999,"CHURU, IN",28.25,74.9166666,291.0,8.47,1017.23,80.09,8.47,1017.23,80.09,0,NONE,NONE,NORMAL,0.0
2025-01-08T19:00:00Z,42182099999,"SAFDARJUNG, IN",28.584511,77.205783,214.88,8.33,1017.2,99.1,8.33,1017.2,99.1,0,NONE,NONE,NORMAL,0.0
2025-01-08T19:00:00Z,42260099999,"AGRA, IN",27.155831,77.960892,167.94,20.1,1017.42,54.58,20.1,1017.42,54.58,0,NONE,NONE,NORMAL,0.0
2025-01-08T20:00:00Z,42139099999,"MEERUT, IN",29.0166666,77.7166667,222.0,11.48,1017.39,80.84,11.48,1017.39,80.84,0,NONE,NONE,NORMAL,0.0
2025-01-08T20:00:00Z,42170099999,"CHURU, IN",28.25,74.9166666,291.0,7.93,1016.67,81.52,7.93,1016.67,81.52,0,NONE,NONE,NORMAL,0.0
2025-01-08T20:00:00Z,42182099999,"SAFDARJUNG, IN",28.584511,77.205783,214.88,7.87,1017.2,98.2,7.87,1017.2,98.2,0,NONE,NONE,NORMAL,0.0
2025-01-08T20:00:00Z,42260099999,"AGRA, IN",27.155831,77.960892,167.94,20.29,1017.41,53.83,20.29,1017.41,53.83,0,NONE,NONE,NORMAL,0.0
2025-01-08T21:00:00Z,42139099999,"MEERUT, IN",29.0166666,77.7166667,222.0,10.84,1017.76,83.29,10.84,1017.76,83.29,0,NONE,NONE,NORMAL,0.0
2025-01-08T21:00:00Z,42170099999,"CHURU, IN",28.25,74.9166666,291.0,7.4,1016.1,82.98,7.4,1016.1,82.98,0,NONE,NONE,NORMAL,0.0
2025-01-08T21:00:00Z,42182099999,"SAFDARJUNG, IN",28.584511,77.205783,214.88,7.4,1017.2,97.3,7.4,1017.2,97.3,0,NONE,NONE,NORMAL,0.0
2025-01-08T21:00:00Z,42260099999,"AGRA, IN",27.155831,77.960892,167.94,20.48,1017.39,53.1,20.48,1017.39,53.1,0,NONE,NONE,NORMAL,0.0
2025-01-08T22:00:00Z,42139099999,"MEERUT, IN",29.0166666,77.7166667,222.0,10.2,1018.13,85.82,10.2,1018.13,85.82,0,NONE,NONE,NORMAL,0.0
2025-01-08T22:00:00Z,42170099999,"CHURU, IN",28.25,74.9166666,291.0,6.8,1016.5,86.46,6.8,992.5,86.46,1,SPIKE,P,NORMAL,0.8
2025-01-08T22:00:00Z,42182099999,"SAFDARJUNG, IN",28.584511,77.205783,214.88,7.07,1017.17,98.19,7.07,1017.17,98.19,0,NONE,NONE,NORMAL,0.0
2025-01-08T22:00:00Z,42260099999,"AGRA, IN",27.155831,77.960892,167.94,20.68,1017.37,52.38,20.68,1017.37,52.38,0,NONE,NONE,NORMAL,0.0
2025-01-08T23:00:00Z,42139099999,"MEERUT, IN",29.0166666,77.7166667,222.0,9.56,1018.51,88.45,9.56,1018.51,88.45,0,NONE,NONE,NORMAL,0.0
2025-01-08T23:00:00Z,42170099999,"CHURU, IN",28.25,74.9166666,291.0,6.2,1016.9,90.11,6.2,992.9,90.11,1,SPIKE,P,NORMAL,0.8
2025-01-08T23:00:00Z,42182099999,"SAFDARJUNG, IN",28.584511,77.205783,214.88,6.73,1017.13,99.09,6.73,1017.13,99.09,0,NONE,NONE,NORMAL,0.0
2025-01-08T23:00:00Z,42260099999,"AGRA, IN",27.155831,77.960892,167.94,20.87,1017.36,51.67,20.87,1017.36,51.67,0,NONE,NONE,NORMAL,0.0
2025-01-09T00:00:00Z,42139099999,"MEERUT, IN",29.0166666,77.7166667,222.0,8.92,1018.88,91.18,8.92,1018.88,91.18,0,NONE,NONE,NORMAL,0.0
2025-01-09T00:00:00Z,42170099999,"CHURU, IN",28.25,74.9166666,291.0,5.6,1017.3,93.93,5.6,1017.3,93.93,0,NONE,NONE,NORMAL,0.0
2025-01-09T00:00:00Z,42182099999,"SAFDARJUNG, IN",28.584511,77.205783,214.88,6.4,1017.1,100.0,6.4,1017.1,100.0,0,NONE,NONE,NORMAL,0.0
2025-01-09T00:00:00Z,42260099999,"AGRA, IN",27.155831,77.960892,167.94,21.06,1017.34,50.97,21.06,1017.34,50.97,0,NONE,NONE,NORMAL,0.0
2025-01-09T01:00:00Z,42139099999,"MEERUT, IN",29.0166666,77.7166667,222.0,8.28,1019.25,94.01,8.28,1019.25,94.01,0,NONE,NONE,NORMAL,0.0
2025-01-09T01:00:00Z,42170099999,"CHURU, IN",28.25,74.9166666,291.0,5.87,1018.0,90.93,5.87,1018.0,90.93,0,NONE,NONE,NORMAL,0.0
2025-01-09T01:00:00Z,42182099999,"SAFDARJUNG, IN",28.584511,77.205783,214.88,6.4,1017.87,100.0,6.4,1017.87,100.0,0,NONE,NONE,NORMAL,0.0
2025-01-09T01:00:00Z,42260099999,"AGRA, IN",27.155831,77.960892,167.94,21.26,1017.33,50.28,21.26,1017.33,50.28,0,NONE,NONE,NORMAL,0.0
2025-01-09T02:00:00Z,42139099999,"MEERUT, IN",29.0166666,77.7166667,222.0,7.64,1019.63,96.95,7.64,1019.63,96.95,0,NONE,NONE,NORMAL,0.0
2025-01-09T02:00:00Z,42170099999,"CHURU, IN",28.25,74.9166666,291.0,6.13,1018.7,88.03,6.13,1018.7,88.03,0,NONE,NONE,NORMAL,0.0
2025-01-09T02:00:00Z,42182099999,"SAFDARJUNG, IN",28.584511,77.205783,214.88,6.4,1018.63,100.0,6.4,1018.63,100.0,0,NONE,NONE,NORMAL,0.0
2025-01-09T02:00:00Z,42260099999,"AGRA, IN",27.155831,77.960892,167.94,21.45,1017.31,49.6,21.45,1017.31,49.6,0,NONE,NONE,NORMAL,0.0
2025-01-09T03:00:00Z,42139099999,"MEERUT, IN",29.0166666,77.7166667,222.0,7.0,1020.0,100.0,7.0,1020.0,100.0,0,NONE,NONE,NORMAL,0.0
2025-01-09T03:00:00Z,42170099999,"CHURU, IN",28.25,74.9166666,291.0,6.4,1019.4,85.22,6.4,1019.4,85.22,0,NONE,NONE,NORMAL,0.0
2025-01-09T03:00:00Z,42182099999,"SAFDARJUNG, IN",28.584511,77.205783,214.88,6.4,1019.4,100.0,6.4,1019.4,100.0,0,NONE,NONE,NORMAL,0.0
2025-01-09T03:00:00Z,42260099999,"AGRA, IN",27.155831,77.960892,167.94,21.64,1017.29,48.94,21.64,1017.29,48.94,0,NONE,NONE,NORMAL,0.0
2025-01-09T04:00:00Z,42139099999,"MEERUT, IN",29.0166666,77.7166667,222.0,8.07,1020.4,99.1,8.07,1020.4,99.1,0,NONE,NONE,NORMAL,0.0
2025-01-09T04:00:00Z,42170099999,"CHURU, IN",28.25,74.9166666,291.0,11.07,1019.23,64.22,11.07,1019.23,64.22,0,NONE,NONE,NORMAL,0.0
2025-01-09T04:00:00Z,42182099999,"SAFDARJUNG, IN",28.584511,77.205783,214.88,10.6,1019.5,80.94,10.6,1019.5,80.94,0,NONE,NONE,NORMAL,0.0
2025-01-09T04:00:00Z,42260099999,"AGRA, IN",27.155831,77.960892,167.94,21.84,1017.28,48.28,21.84,1017.28,48.28,0,NONE,NONE,NORMAL,0.0
2025-01-09T05:00:00Z,42139099999,"MEERUT, IN",29.0166666,77.7166667,222.0,9.13,1020.8,98.22,9.13,1020.8,98.22,0,NONE,NONE,NORMAL,0.0
2025-01-09T05:00:00Z,42170099999,"CHURU, IN",28.25,74.9166666,291.0,15.73,1019.07,48.94,15.73,1019.07,48.94,0,NONE,NONE,NORMAL,0.0
2025-01-09T05:00:00Z,42182099999,"SAFDARJUNG, IN",28.584511,77.205783,214.88,14.8,1019.6,66.09,14.8,1019.6,66.09,0,NONE,NONE,NORMAL,0.0
2025-01-09T05:00:00Z,42260099999,"AGRA, IN",27.155831,77.960892,167.94,22.03,1017.26,47.63,22.03,1017.26,47.63,0,NONE,NONE,NORMAL,0.0
2025-01-09T06:00:00Z,42139099999,"MEERUT, IN",29.0166666,77.7166667,222.0,10.2,1021.2,97.36,10.2,1021.2,97.36,0,NONE,NONE,NORMAL,0.0
2025-01-09T06:00:00Z,42170099999,"CHURU, IN",28.25,74.9166666,291.0,20.4,1018.9,37.7,20.4,1018.9,37.7,0,NONE,NONE,NORMAL,0.0
2025-01-09T06:00:00Z,42182099999,"SAFDARJUNG, IN",28.584511,77.205783,214.88,19.0,1019.7,54.4,19.0,1019.7,54.4,0,NONE,NONE,NORMAL,0.0
2025-01-09T06:00:00Z,42260099999,"AGRA, IN",27.155831,77.960892,167.94,22.22,1017.25,46.99,22.22,1017.25,46.99,0,NONE,NONE,NORMAL,0.0
2025-01-09T07:00:00Z,42139099999,"MEERUT, IN",29.0166666,77.7166667,222.0,11.8,1020.33,91.33,11.8,1020.33,91.33,0,NONE,NONE,NORMAL,0.0
2025-01-09T07:00:00Z,42170099999,"CHURU, IN",28.25,74.9166666,291.0,21.87,1017.87,33.58,21.87,1017.87,33.58,0,NONE,NONE,NORMAL,0.0
2025-01-09T07:00:00Z,42182099999,"SAFDARJUNG, IN",28.584511,77.205783,214.88,19.33,1018.93,61.42,19.33,1018.93,61.42,0,NONE,NONE,NORMAL,0.0
2025-01-09T07:00:00Z,42260099999,"AGRA, IN",27.155831,77.960892,167.94,22.41,1017.23,46.36,22.41,1017.23,46.36,0,NONE,NONE,NORMAL,0.0
2025-01-09T08:00:00Z,42139099999,"MEERUT, IN",29.0166666,77.7166667,222.0,13.4,1019.47,85.77,13.4,1019.47,85.77,0,NONE,NONE,NORMAL,0.0
2025-01-09T08:00:00Z,42170099999,"CHURU, IN",28.25,74.9166666,291.0,23.33,1016.83,29.94,23.33,1016.83,29.94,0,NONE,NONE,NORMAL,0.0
2025-01-09T08:00:00Z,42182099999,"SAFDARJUNG, IN",28.584511,77.205783,214.88,19.67,1018.17,69.18,19.67,1018.17,69.18,0,NONE,NONE,NORMAL,0.0
2025-01-09T08:00:00Z,42260099999,"AGRA, IN",27.155831,77.960892,167.94,22.61,1017.22,45.74,22.61,1017.22,45.74,0,NONE,NONE,NORMAL,0.0
2025-01-09T09:00:00Z,42139099999,"MEERUT, IN",29.0166666,77.7166667,222.0,15.0,1018.6,80.64,15.0,1018.6,80.64,0,NONE,NONE,NORMAL,0.0
2025-01-09T09:00:00Z,42170099999,"CHURU, IN",28.25,74.9166666,291.0,24.8,1015.8,26.72,24.8,1015.8,26.72,0,NONE,NONE,NORMAL,0.0
2025-01-09T09:00:00Z,42182099999,"SAFDARJUNG, IN",28.584511,77.205783,214.88,20.0,1017.4,77.75,20.0,1017.4,77.75,0,NONE,NONE,NORMAL,0.0
2025-01-09T09:00:00Z,42260099999,"AGRA, IN",27.155831,77.960892,167.94,22.8,1017.2,45.12,22.8,1017.2,45.12,0,NONE,NONE,NORMAL,0.0
2025-01-09T10:00:00Z,42139099999,"MEERUT, IN",29.0166666,77.7166667,222.0,15.13,1018.3,82.08,15.13,1018.3,82.08,0,NONE,NONE,NORMAL,0.0
2025-01-09T10:00:00Z,42170099999,"CHURU, IN",28.25,74.9166666,291.0,23.87,1015.83,29.88,23.87,1015.83,29.88,0,NONE,NONE,NORMAL,0.0
2025-01-09T10:00:00Z,42182099999,"SAFDARJUNG, IN",28.584511,77.205783,214.88,19.0,1017.37,80.82,19.0,1017.37,80.82,0,NONE,NONE,NORMAL,0.0
2025-01-09T10:00:00Z,42260099999,"AGRA, IN",27.155831,77.960892,167.94,21.53,1017.5,49.15,21.53,1017.5,49.15,0,NONE,NONE,NORMAL,0.0
2025-01-09T11:00:00Z,42139099999,"MEERUT, IN",29.0166666,77.7166667,222.0,15.27,1018.0,83.55,15.27,1018.0,83.55,0,NONE,NONE,NORMAL,0.0
2025-01-09T11:00:00Z,42170099999,"CHURU, IN",28.25,74.9166666,291.0,22.93,1015.87,33.42,22.93,1015.87,33.42,0,NONE,NONE,NORMAL,0.0
2025-01-09T11:00:00Z,42182099999,"SAFDARJUNG, IN",28.584511,77.205783,214.88,18.0,1017.33,84.05,18.0,1017.33,84.05,0,NONE,NONE,NORMAL,0.0
2025-01-09T11:00:00Z,42260099999,"AGRA, IN",27.155831,77.960892,167.94,20.27,1017.8,53.57,20.27,1017.8,53.57,0,NONE,NONE,NORMAL,0.0
2025-01-09T12:00:00Z,42139099999,"MEERUT, IN",29.0166666,77.7166667,222.0,15.4,1017.7,85.04,15.4,1017.7,85.04,0,NONE,NONE,NORMAL,0.0
2025-01-09T12:00:00Z,42170099999,"CHURU, IN",28.25,74.9166666,291.0,22.0,1015.9,37.38,22.0,1015.9,37.38,0,NONE,NONE,NORMAL,0.0
2025-01-09T12:00:00Z,42182099999,"SAFDARJUNG, IN",28.584511,77.205783,214.88,17.0,1017.3,87.44,17.0,1017.3,87.44,0,NONE,NONE,NORMAL,0.0
2025-01-09T12:00:00Z,42260099999,"AGRA, IN",27.155831,77.960892,167.94,19.0,1018.1,58.43,19.0,1018.1,58.43,0,NONE,NONE,NORMAL,0.0
2025-01-09T13:00:00Z,42139099999,"MEERUT, IN",29.0166666,77.7166667,222.0,14.84,1018.05,85.92,14.84,1018.05,85.92,0,NONE,NONE,NORMAL,0.0
2025-01-09T13:00:00Z,42170099999,"CHURU, IN",28.25,74.9166666,291.0,19.67,1016.83,43.15,19.67,1016.83,43.15,0,NONE,NONE,NORMAL,0.0
2025-01-09T13:00:00Z,42182099999,"SAFDARJUNG, IN",28.584511,77.205783,214.88,14.87,1018.1,90.54,14.87,1018.1,90.54,0,NONE,NONE,NORMAL,0.0
2025-01-09T13:00:00Z,42260099999,"AGRA, IN",27.155831,77.960892,167.94,17.73,1018.4,63.78,17.73,1018.4,63.78,0,NONE,NONE,NORMAL,0.0
2025-01-09T14:00:00Z,42139099999,"MEERUT, IN",29.0166666,77.7166667,222.0,14.28,1018.41,86.81,14.28,1018.41,86.81,0,NONE,NONE,NORMAL,0.0
2025-01-09T14:00:00Z,42170099999,"CHURU, IN",28.25,74.9166666,291.0,17.33,1017.77,49.95,17.33,1017.77,49.95,0,NONE,NONE,NORMAL,0.0
2025-01-09T14:00:00Z,42182099999,"SAFDARJUNG, IN",28.584511,77.205783,214.88,12.73,1018.9,93.84,12.73,1018.9,93.84,0,NONE,NONE,NORMAL,0.0
2025-01-09T14:00:00Z,42260099999,"AGRA, IN",27.155831,77.960892,167.94,16.47,1018.7,69.67,16.47,1018.7,69.67,0,NONE,NONE,NORMAL,0.0
2025-01-09T15:00:00Z,42139099999,"MEERUT, IN",29.0166666,77.7166667,222.0,13.72,1018.76,87.71,13.72,1018.76,87.71,0,NONE,NONE,NORMAL,0.0
2025-01-09T15:00:00Z,42170099999,"CHURU, IN",28.25,74.9166666,291.0,15.0,1018.7,57.97,15.0,1018.7,57.97,0,NONE,NONE,NORMAL,0.0
2025-01-09T15:00:00Z,42182099999,"SAFDARJUNG, IN",28.584511,77.205783,214.88,10.6,1019.7,97.37,10.6,1019.7,97.37,0,NONE,NONE,NORMAL,0.0
2025-01-09T15:00:00Z,42260099999,"AGRA, IN",27.155831,77.960892,167.94,15.2,1019.0,76.17,15.2,1019.0,76.17,0,NONE,NONE,NORMAL,0.0
2025-01-09T16:00:00Z,42139099999,"MEERUT, IN",29.0166666,77.7166667,222.0,13.16,1019.11,88.64,13.16,1019.11,88.64,0,NONE,NONE,NORMAL,0.0
2025-01-09T16:00:00Z,42170099999,"CHURU, IN",28.25,74.9166666,291.0,13.67,1019.0,63.19,13.67,1019.0,63.19,0,NONE,NONE,NORMAL,0.0
2025-01-09T16:00:00Z,42182099999,"SAFDARJUNG, IN",28.584511,77.205783,214.88,10.27,1019.93,97.36,10.27,1019.93,97.36,0,NONE,NONE,NORMAL,0.0
2025-01-09T16:00:00Z,42260099999,"AGRA, IN",27.155831,77.960892,167.94,13.93,1019.3,83.33,13.93,1019.3,83.33,0,NONE,NONE,NORMAL,0.0
2025-01-09T17:00:00Z,42139099999,"MEERUT, IN",29.0166666,77.7166667,222.0,12.6,1019.47,89.58,12.6,1019.47,89.58,0,NONE,NONE,NORMAL,0.0
2025-01-09T17:00:00Z,42170099999,"CHURU, IN",28.25,74.9166666,291.0,12.33,1019.3,68.95,12.33,1019.3,68.95,0,NONE,NONE,NORMAL,0.0
2025-01-09T17:00:00Z,42182099999,"SAFDARJUNG, IN",28.584511,77.205783,214.88,9.93,1020.17,97.35,9.93,1020.17,97.35,0,NONE,NONE,NORMAL,0.0
2025-01-09T17:00:00Z,42260099999,"AGRA, IN",27.155831,77.960892,167.94,12.67,1019.6,91.25,12.67,1019.6,91.25,0,NONE,NONE,NORMAL,0.0
2025-01-09T18:00:00Z,42139099999,"MEERUT, IN",29.0166666,77.7166667,222.0,12.04,1019.82,90.54,12.04,1019.82,90.54,0,NONE,NONE,NORMAL,0.0
2025-01-09T18:00:00Z,42170099999,"CHURU, IN",28.25,74.9166666,291.0,11.0,1019.6,75.3,11.0,1019.6,75.3,0,NONE,NONE,NORMAL,0.0
2025-01-09T18:00:00Z,42182099999,"SAFDARJUNG, IN",28.584511,77.205783,214.88,9.6,1020.4,97.34,9.6,1020.4,97.34,0,NONE,NONE,NORMAL,0.0
2025-01-09T18:00:00Z,42260099999,"AGRA, IN",27.155831,77.960892,167.94,11.4,1019.9,100.0,11.4,1019.9,100.0,0,NONE,NONE,NORMAL,0.0
2025-01-09T19:00:00Z,42139099999,"MEERUT, IN",29.0166666,77.7166667,222.0,11.48,1020.17,91.51,11.48,1020.17,91.51,0,NONE,NONE,NORMAL,0.0
2025-01-09T19:00:00Z,42170099999,"CHURU, IN",28.25,74.9166666,291.0,10.37,1019.63,77.29,10.37,1019.63,77.29,0,NONE,NONE,NORMAL,0.0
2025-01-09T19:00:00Z,42182099999,"SAFDARJUNG, IN",28.584511,77.205783,214.88,9.6,1020.35,97.78,9.6,1020.35,97.78,0,NONE,NONE,NORMAL,0.0
2025-01-09T19:00:00Z,42260099999,"AGRA, IN",27.155831,77.960892,167.94,11.21,1020.2,100.0,11.21,1020.2,100.0,0,NONE,NONE,NORMAL,0.0
2025-01-09T20:00:00Z,42139099999,"MEERUT, IN",29.0166666,77.7166667,222.0,10.92,1020.53,92.51,10.92,1020.53,92.51,0,NONE,NONE,NORMAL,0.0
2025-01-09T20:00:00Z,42170099999,"CHURU, IN",28.25,74.9166666,291.0,9.73,1019.67,79.36,9.73,1019.67,79.36,0,NONE,NONE,NORMAL,0.0
2025-01-09T20:00:00Z,42182099999,"SAFDARJUNG, IN",28.584511,77.205783,214.88,9.6,1020.3,98.22,9.6,1020.3,98.22,0,NONE,NONE,NORMAL,0.0
2025-01-09T20:00:00Z,42260099999,"AGRA, IN",27.155831,77.960892,167.94,11.02,1020.5,100.0,11.02,1020.5,100.0,0,NONE,NONE,NORMAL,0.0
2025-01-09T21:00:00Z,42139099999,"MEERUT, IN",29.0166666,77.7166667,222.0,10.36,1020.88,93.52,10.36,1020.88,93.52,0,NONE,NONE,NORMAL,0.0
2025-01-09T21:00:00Z,42170099999,"CHURU, IN",28.25,74.9166666,291.0,9.1,1019.7,81.49,9.1,1019.7,81.49,0,NONE,NONE,NORMAL,0.0
2025-01-09T21:00:00Z,42182099999,"SAFDARJUNG, IN",28.584511,77.205783,214.88,9.6,1020.25,98.66,9.6,1020.25,98.66,0,NONE,NONE,NORMAL,0.0
2025-01-09T21:00:00Z,42260099999,"AGRA, IN",27.155831,77.960892,167.94,10.83,1020.8,100.0,10.83,1020.8,100.0,0,NONE,NONE,NORMAL,0.0
2025-01-09T22:00:00Z,42139099999,"MEERUT, IN",29.0166666,77.7166667,222.0,9.8,1021.23,94.55,9.8,1021.23,94.55,0,NONE,NONE,NORMAL,0.0
2025-01-09T22:00:00Z,42170099999,"CHURU, IN",28.25,74.9166666,291.0,8.47,1019.73,83.69,8.47,1019.73,83.69,0,NONE,NONE,NORMAL,0.0
2025-01-09T22:00:00Z,42182099999,"SAFDARJUNG, IN",28.584511,77.205783,214.88,9.6,1020.2,99.11,9.6,1020.2,99.11,0,NONE,NONE,NORMAL,0.0
2025-01-09T22:00:00Z,42260099999,"AGRA, IN",27.155831,77.960892,167.94,10.64,1021.1,100.0,10.64,1021.1,100.0,0,NONE,NONE,NORMAL,0.0
2025-01-09T23:00:00Z,42139099999,"MEERUT, IN",29.0166666,77.7166667,222.0,9.24,1021.59,95.6,9.24,1021.59,95.6,0,NONE,NONE,NORMAL,0.0
2025-01-09T23:00:00Z,42170099999,"CHURU, IN",28.25,74.9166666,291.0,7.83,1019.77,85.97,7.83,1019.77,85.97,0,NONE,NONE,NORMAL,0.0
2025-01-09T23:00:00Z,42182099999,"SAFDARJUNG, IN",28.584511,77.205783,214.88,9.6,1020.15,99.55,9.6,1020.15,99.55,0,NONE,NONE,NORMAL,0.0
2025-01-09T23:00:00Z,42260099999,"AGRA, IN",27.155831,77.960892,167.94,10.46,1021.4,100.0,10.46,1021.4,100.0,0,NONE,NONE,NORMAL,0.0
2025-01-10T00:00:00Z,42139099999,"MEERUT, IN",29.0166666,77.7166667,222.0,8.68,1021.94,96.67,8.68,1021.94,96.67,0,NONE,NONE,NORMAL,0.0
2025-01-10T00:00:00Z,42170099999,"CHURU, IN",28.25,74.9166666,291.0,7.2,1019.8,88.33,7.2,1019.8,88.33,0,NONE,NONE,NORMAL,0.0
2025-01-10T00:00:00Z,42182099999,"SAFDARJUNG, IN",28.584511,77.205783,214.88,9.6,1020.1,100.0,9.6,1020.1,100.0,0,NONE,NONE,NORMAL,0.0
2025-01-10T00:00:00Z,42260099999,"AGRA, IN",27.155831,77.960892,167.94,10.27,1021.7,100.0,10.27,1021.7,100.0,0,NONE,NONE,NORMAL,0.0
2025-01-10T01:00:00Z,42139099999,"MEERUT, IN",29.0166666,77.7166667,222.0,8.12,1022.29,97.76,8.12,1022.29,97.76,0,NONE,NONE,NORMAL,0.0
2025-01-10T01:00:00Z,42170099999,"CHURU, IN",28.25,74.9166666,291.0,7.2,1020.3,87.31,7.2,1020.3,87.31,0,NONE,NONE,NORMAL,0.0
2025-01-10T01:00:00Z,42182099999,"SAFDARJUNG, IN",28.584511,77.205783,214.88,9.93,1020.83,100.0,9.93,1020.83,100.0,0,NONE,NONE,NORMAL,0.0
2025-01-10T01:00:00Z,42260099999,"AGRA, IN",27.155831,77.960892,167.94,10.08,1022.0,100.0,10.08,1022.0,100.0,0,NONE,NONE,NORMAL,0.0
2025-01-10T02:00:00Z,42139099999,"MEERUT, IN",29.0166666,77.7166667,222.0,7.56,1022.65,98.87,7.56,1022.65,98.87,0,NONE,NONE,NORMAL,0.0
2025-01-10T02:00:00Z,42170099999,"CHURU, IN",28.25,74.9166666,291.0,7.2,1020.8,86.3,7.2,1020.8,86.3,0,NONE,NONE,NORMAL,0.0
2025-01-10T02:00:00Z,42182099999,"SAFDARJUNG, IN",28.584511,77.205783,214.88,10.27,1021.57,100.0,10.27,1021.57,100.0,0,NONE,NONE,NORMAL,0.0
2025-01-10T02:00:00Z,42260099999,"AGRA, IN",27.155831,77.960892,167.94,9.89,1022.3,100.0,9.89,1022.3,100.0,0,NONE,NONE,NORMAL,0.0
2025-01-10T03:00:00Z,42139099999,"MEERUT, IN",29.0166666,77.7166667,222.0,7.0,1023.0,100.0,7.0,1023.0,100.0,0,NONE,NONE,NORMAL,0.0
2025-01-10T03:00:00Z,42170099999,"CHURU, IN",28.25,74.9166666,291.0,7.2,1021.3,85.31,7.2,1021.3,85.31,0,NONE,NONE,NORMAL,0.0
2025-01-10T03:00:00Z,42182099999,"SAFDARJUNG, IN",28.584511,77.205783,214.88,10.6,1022.3,100.0,10.6,1022.3,100.0,0,NONE,NONE,NORMAL,0.0
2025-01-10T03:00:00Z,42260099999,"AGRA, IN",27.155831,77.960892,167.94,8.4,1023.18,100.0,8.4,1023.18,100.0,0,NONE,NONE,GENUINE_WEATHER_FRONT,0.0
2025-01-10T04:00:00Z,42139099999,"MEERUT, IN",29.0166666,77.7166667,222.0,8.0,1023.27,100.0,8.0,1023.27,100.0,0,NONE,NONE,NORMAL,0.0
2025-01-10T04:00:00Z,42170099999,"CHURU, IN",28.25,74.9166666,291.0,11.6,1021.0,66.0,11.6,1021.0,66.0,0,NONE,NONE,NORMAL,0.0
2025-01-10T04:00:00Z,42182099999,"SAFDARJUNG, IN",28.584511,77.205783,214.88,11.53,1022.47,95.89,11.53,1022.47,95.89,0,NONE,NONE,NORMAL,0.0
2025-01-10T04:00:00Z,42260099999,"AGRA, IN",27.155831,77.960892,167.94,4.92,1025.34,100.0,4.92,1025.34,100.0,0,NONE,NONE,GENUINE_WEATHER_FRONT,0.0
2025-01-10T05:00:00Z,42139099999,"MEERUT, IN",29.0166666,77.7166667,222.0,9.0,1023.53,100.0,9.0,1023.53,100.0,0,NONE,NONE,NORMAL,0.0
2025-01-10T05:00:00Z,42170099999,"CHURU, IN",28.25,74.9166666,291.0,16.0,1020.7,51.57,16.0,1020.7,51.57,0,NONE,NONE,NORMAL,0.0
2025-01-10T05:00:00Z,42182099999,"SAFDARJUNG, IN",28.584511,77.205783,214.88,12.47,1022.63,91.98,12.47,1022.63,91.98,0,NONE,NONE,NORMAL,0.0
2025-01-10T05:00:00Z,42260099999,"AGRA, IN",27.155831,77.960892,167.94,6.03,1025.43,100.0,6.03,1025.43,100.0,0,NONE,NONE,GENUINE_WEATHER_FRONT,0.0
2025-01-10T06:00:00Z,42139099999,"MEERUT, IN",29.0166666,77.7166667,222.0,10.0,1023.8,100.0,10.0,1023.8,100.0,0,NONE,NONE,NORMAL,0.0
2025-01-10T06:00:00Z,42170099999,"CHURU, IN",28.25,74.9166666,291.0,20.4,1020.4,40.67,20.4,1020.4,40.67,0,NONE,NONE,NORMAL,0.0
2025-01-10T06:00:00Z,42182099999,"SAFDARJUNG, IN",28.584511,77.205783,214.88,13.4,1022.8,88.27,13.4,1022.8,88.27,0,NONE,NONE,NORMAL,0.0
2025-01-10T06:00:00Z,42260099999,"AGRA, IN",27.155831,77.960892,167.94,8.32,1025.01,100.0,8.32,1025.01,100.0,0,NONE,NONE,GENUINE_WEATHER_FRONT,0.0
2025-01-10T07:00:00Z,42139099999,"MEERUT, IN",29.0166666,77.7166667,222.0,12.07,1022.53,89.14,12.07,1022.53,89.14,0,NONE,NONE,NORMAL,0.0
2025-01-10T07:00:00Z,42170099999,"CHURU, IN",28.25,74.9166666,291.0,21.4,1019.27,36.95,21.4,1019.27,36.95,0,NONE,NONE,NORMAL,0.0
2025-01-10T07:00:00Z,42182099999,"SAFDARJUNG, IN",28.584511,77.205783,214.88,13.61,1022.14,86.89,13.61,1022.14,86.89,0,NONE,NONE,GENUINE_WEATHER_FRONT,0.0
2025-01-10T07:00:00Z,42260099999,"AGRA, IN",27.155831,77.960892,167.94,9.63,1023.76,100.0,9.63,1023.76,100.0,0,NONE,NONE,GENUINE_WEATHER_FRONT,0.0
2025-01-10T08:00:00Z,42139099999,"MEERUT, IN",29.0166666,77.7166667,222.0,12.07,1022.19,88.12,12.07,1022.19,88.12,0,NONE,NONE,GENUINE_WEATHER_FRONT,0.0
2025-01-10T08:00:00Z,42170099999,"CHURU, IN",28.25,74.9166666,291.0,21.48,1018.54,37.37,21.48,1018.54,37.37,0,NONE,NONE,GENUINE_WEATHER_FRONT,0.0
2025-01-10T08:00:00Z,42182099999,"SAFDARJUNG, IN",28.584511,77.205783,214.88,10.31,1023.06,100.0,10.31,1023.06,100.0,0,NONE,NONE,GENUINE_WEATHER_FRONT,0.0
2025-01-10T08:00:00Z,42260099999,"AGRA, IN",27.155831,77.960892,167.94,10.68,1022.61,100.0,10.68,1022.61,100.0,0,NONE,NONE,GENUINE_WEATHER_FRONT,0.0
2025-01-10T09:00:00Z,42139099999,"MEERUT, IN",29.0166666,77.7166667,222.0,10.13,1022.71,96.27,10.13,1022.71,96.27,0,NONE,NONE,GENUINE_WEATHER_FRONT,0.0
2025-01-10T09:00:00Z,42170099999,"CHURU, IN",28.25,74.9166666,291.0,18.05,1019.39,52.57,18.05,1019.39,52.57,0,NONE,NONE,GENUINE_WEATHER_FRONT,0.0
2025-01-10T09:00:00Z,42182099999,"SAFDARJUNG, IN",28.584511,77.205783,214.88,11.03,1022.18,97.55,11.03,1022.18,97.55,0,NONE,NONE,GENUINE_WEATHER_FRONT,0.0
2025-01-10T09:00:00Z,42260099999,"AGRA, IN",27.155831,77.960892,167.94,11.53,1021.56,100.0,11.53,1021.56,100.0,0,NONE,NONE,GENUINE_WEATHER_FRONT,0.0
2025-01-10T10:00:00Z,42139099999,"MEERUT, IN",29.0166666,77.7166667,222.0,10.35,1021.95,96.0,10.35,1021.95,96.0,0,NONE,NONE,GENUINE_WEATHER_FRONT,0.0
2025-01-10T10:00:00Z,42170099999,"CHURU, IN",28.25,74.9166666,291.0,16.9,1019.15,59.65,16.9,1019.15,59.65,0,NONE,NONE,GENUINE_WEATHER_FRONT,0.0
2025-01-10T10:00:00Z,42182099999,"SAFDARJUNG, IN",28.584511,77.205783,214.88,11.55,1021.16,97.33,11.55,1021.16,97.33,0,NONE,NONE,GENUINE_WEATHER_FRONT,0.0
2025-01-10T10:00:00Z,42260099999,"AGRA, IN",27.155831,77.960892,167.94,12.23,1020.58,100.0,12.23,1020.58,100.0,0,NONE,NONE,GENUINE_WEATHER_FRONT,0.0
2025-01-10T11:00:00Z,42139099999,"MEERUT, IN",29.0166666,77.7166667,222.0,11.09,1020.94,93.63,11.09,1020.94,93.63,0,NONE,NONE,GENUINE_WEATHER_FRONT,0.0
2025-01-10T11:00:00Z,42170099999,"CHURU, IN",28.25,74.9166666,291.0,17.48,1018.12,60.45,17.48,1018.12,60.45,0,NONE,NONE,GENUINE_WEATHER_FRONT,0.0
2025-01-10T11:00:00Z,42182099999,"SAFDARJUNG, IN",28.584511,77.205783,214.88,11.85,1020.23,98.43,11.85,1020.23,98.43,0,NONE,NONE,GENUINE_WEATHER_FRONT,0.0
2025-01-10T11:00:00Z,42260099999,"AGRA, IN",27.155831,77.960892,167.94,12.82,1019.64,100.0,12.82,1019.64,100.0,0,NONE,NONE,GENUINE_WEATHER_FRONT,0.0
2025-01-10T12:00:00Z,42139099999,"MEERUT, IN",29.0166666,77.7166667,222.0,11.56,1020.06,92.56,11.56,1020.06,92.56,0,NONE,NONE,GENUINE_WEATHER_FRONT,0.0
2025-01-10T12:00:00Z,42170099999,"CHURU, IN",28.25,74.9166666,291.0,17.85,1017.2,63.2,17.85,1017.2,63.2,0,NONE,NONE,GENUINE_WEATHER_FRONT,0.0
2025-01-10T12:00:00Z,42182099999,"SAFDARJUNG, IN",28.584511,77.205783,214.88,11.89,1019.42,100.0,11.89,1019.42,100.0,0,NONE,NONE,GENUINE_WEATHER_FRONT,0.0
2025-01-10T12:00:00Z,42260099999,"AGRA, IN",27.155831,77.960892,167.94,13.33,1018.74,100.0,13.33,1018.74,100.0,0,NONE,NONE,GENUINE_WEATHER_FRONT,0.0
2025-01-10T13:00:00Z,42139099999,"MEERUT, IN",29.0166666,77.7166667,222.0,11.85,1019.9,90.6,11.85,1019.9,90.6,0,NONE,NONE,GENUINE_WEATHER_FRONT,0.0
2025-01-10T13:00:00Z,42170099999,"CHURU, IN",28.25,74.9166666,291.0,16.28,1017.42,68.74,16.28,1017.42,68.74,0,NONE,NONE,GENUINE_WEATHER_FRONT,0.0
2025-01-10T13:00:00Z,42182099999,"SAFDARJUNG, IN",28.584511,77.205783,214.88,11.31,1019.47,99.8,11.31,1019.47,99.8,0,NONE,NONE,GENUINE_WEATHER_FRONT,0.0
2025-01-10T13:00:00Z,42260099999,"AGRA, IN",27.155831,77.960892,167.94,13.29,1018.73,100.0,13.29,1018.73,100.0,0,NONE,NONE,GENUINE_WEATHER_FRONT,0.0
2025-01-10T14:00:00Z,42139099999,"MEERUT, IN",29.0166666,77.7166667,222.0,11.95,1019.83,89.43,11.95,1019.83,89.43,0,NONE,NONE,GENUINE_WEATHER_FRONT,0.0
2025-01-10T14:00:00Z,42170099999,"CHURU, IN",28.25,74.9166666,291.0,14.51,1017.74,76.92,14.51,1017.74,76.92,0,NONE,NONE,GENUINE_WEATHER_FRONT,0.0
2025-01-10T14:00:00Z,42182099999,"SAFDARJUNG, IN",28.584511,77.205783,214.88,10.58,1019.6,99.24,10.58,1019.6,99.24,0,NONE,NONE,GENUINE_WEATHER_FRONT,0.0
2025-01-10T14:00:00Z,42260099999,"AGRA, IN",27.155831,77.960892,167.94,13.19,1018.72,100.0,13.19,1018.72,100.0,0,NONE,NONE,GENUINE_WEATHER_FRONT,0.0
2025-01-10T15:00:00Z,42139099999,"MEERUT, IN",29.0166666,77.7166667,222.0,11.91,1019.82,88.88,11.91,1019.82,88.88,0,NONE,NONE,GENUINE_WEATHER_FRONT,0.0
2025-01-10T15:00:00Z,42170099999,"CHURU, IN",28.25,74.9166666,291.0,12.58,1018.13,87.97,12.58,1018.13,87.97,0,NONE,NONE,GENUINE_WEATHER_FRONT,0.0
2025-01-10T15:00:00Z,42182099999,"SAFDARJUNG, IN",28.584511,77.205783,214.88,9.73,1019.78,99.19,9.73,1019.78,99.19,0,NONE,NONE,GENUINE_WEATHER_FRONT,0.0
2025-01-10T15:00:00Z,42260099999,"AGRA, IN",27.155831,77.960892,167.94,13.4,1018.6,100.0,13.4,1018.6,100.0,0,NONE,NONE,NORMAL,0.0
2025-01-10T16:00:00Z,42139099999,"MEERUT, IN",29.0166666,77.7166667,222.0,11.76,1019.85,88.78,11.76,1019.85,88.78,0,NONE,NONE,GENUINE_WEATHER_FRONT,0.0
2025-01-10T16:00:00Z,42170099999,"CHURU, IN",28.25,74.9166666,291.0,12.06,1018.21,90.51,12.06,1018.21,90.51,0,NONE,NONE,GENUINE_WEATHER_FRONT,0.0
2025-01-10T16:00:00Z,42182099999,"SAFDARJUNG, IN",28.584511,77.205783,214.88,9.33,1019.66,99.79,9.33,1019.66,99.79,0,NONE,NONE,GENUINE_WEATHER_FRONT,0.0
2025-01-10T16:00:00Z,42260099999,"AGRA, IN",27.155831,77.960892,167.94,13.17,1018.67,100.0,13.17,1018.67,100.0,0,NONE,NONE,NORMAL,0.0
2025-01-10T17:00:00Z,42139099999,"MEERUT, IN",29.0166666,77.7166667,222.0,11.54,1019.93,89.03,11.54,1019.93,89.03,0,NONE,NONE,GENUINE_WEATHER_FRONT,0.0
2025-01-10T17:00:00Z,42170099999,"CHURU, IN",28.25,74.9166666,291.0,11.47,1018.33,93.65,11.47,1018.33,93.65,0,NONE,NONE,GENUINE_WEATHER_FRONT,0.0
2025-01-10T17:00:00Z,42182099999,"SAFDARJUNG, IN",28.584511,77.205783,214.88,8.87,1019.57,100.0,8.87,1019.57,100.0,0,NONE,NONE,GENUINE_WEATHER_FRONT,0.0
2025-01-10T17:00:00Z,42260099999,"AGRA, IN",27.155831,77.960892,167.94,12.93,1018.73,100.0,12.93,1018.73,100.0,0,NONE,NONE,NORMAL,0.0
2025-01-10T18:00:00Z,42139099999,"MEERUT, IN",29.0166666,77.7166667,222.0,11.25,1020.02,89.56,11.25,1020.02,89.56,0,NONE,NONE,GENUINE_WEATHER_FRONT,0.0
2025-01-10T18:00:00Z,42170099999,"CHURU, IN",28.25,74.9166666,291.0,10.8,1018.47,97.3,10.8,1018.47,97.3,0,NONE,NONE,GENUINE_WEATHER_FRONT,0.0
2025-01-10T18:00:00Z,42182099999,"SAFDARJUNG, IN",28.584511,77.205783,214.88,8.35,1019.5,100.0,8.35,1019.5,100.0,0,NONE,NONE,GENUINE_WEATHER_FRONT,0.0
2025-01-10T18:00:00Z,42260099999,"AGRA, IN",27.155831,77.960892,167.94,12.7,1018.8,100.0,12.7,1018.8,100.0,0,NONE,NONE,NORMAL,0.0
2025-01-10T19:00:00Z,42139099999,"MEERUT, IN",29.0166666,77.7166667,222.0,11.33,1019.96,88.6,11.33,1019.96,88.6,0,NONE,NONE,NORMAL,0.0
2025-01-10T19:00:00Z,42170099999,"CHURU, IN",28.25,74.9166666,291.0,10.62,1018.0,96.68,10.62,1018.0,96.68,0,NONE,NONE,GENUINE_WEATHER_FRONT,0.0
2025-01-10T19:00:00Z,42182099999,"SAFDARJUNG, IN",28.584511,77.205783,214.88,9.47,1019.23,100.0,9.47,1019.23,100.0,0,NONE,NONE,NORMAL,0.0
2025-01-10T19:00:00Z,42260099999,"AGRA, IN",27.155831,77.960892,167.94,12.47,1018.87,100.0,12.47,1018.87,100.0,0,NONE,NONE,NORMAL,0.0
2025-01-10T20:00:00Z,42139099999,"MEERUT, IN",29.0166666,77.7166667,222.0,10.87,1020.14,89.93,10.87,1020.14,89.93,0,NONE,NONE,NORMAL,0.0
2025-01-10T20:00:00Z,42170099999,"CHURU, IN",28.25,74.9166666,291.0,10.73,1017.4,94.8,10.73,1017.4,94.8,0,NONE,NONE,NORMAL,0.0
2025-01-10T20:00:00Z,42182099999,"SAFDARJUNG, IN",28.584511,77.205783,214.88,10.13,1019.17,100.0,10.13,1019.17,100.0,0,NONE,NONE,NORMAL,0.0
2025-01-10T20:00:00Z,42260099999,"AGRA, IN",27.155831,77.960892,167.94,12.23,1018.93,100.0,12.23,1018.93,100.0,0,NONE,NONE,NORMAL,0.0
2025-01-10T21:00:00Z,42139099999,"MEERUT, IN",29.0166666,77.7166667,222.0,10.4,1020.32,91.28,10.4,1020.32,91.28,0,NONE,NONE,NORMAL,0.0
2025-01-10T21:00:00Z,42170099999,"CHURU, IN",28.25,74.9166666,291.0,10.4,1017.0,94.78,10.4,1017.0,94.78,0,NONE,NONE,NORMAL,0.0
2025-01-10T21:00:00Z,42182099999,"SAFDARJUNG, IN",28.584511,77.205783,214.88,10.8,1019.1,100.0,10.8,1019.1,100.0,0,NONE,NONE,NORMAL,0.0
2025-01-10T21:00:00Z,42260099999,"AGRA, IN",27.155831,77.960892,167.94,12.0,1019.0,100.0,12.0,1019.0,100.0,0,NONE,NONE,NORMAL,0.0
2025-01-10T22:00:00Z,42139099999,"MEERUT, IN",29.0166666,77.7166667,222.0,9.93,1020.5,92.66,9.93,1020.5,92.66,0,NONE,NONE,NORMAL,0.0
2025-01-10T22:00:00Z,42170099999,"CHURU, IN",28.25,74.9166666,291.0,9.87,1016.87,95.62,9.87,1016.87,95.62,0,NONE,NONE,NORMAL,0.0
2025-01-10T22:00:00Z,42182099999,"SAFDARJUNG, IN",28.584511,77.205783,214.88,10.87,1019.07,100.0,10.87,1019.07,100.0,0,NONE,NONE,NORMAL,0.0
2025-01-10T22:00:00Z,42260099999,"AGRA, IN",27.155831,77.960892,167.94,11.77,1019.07,100.0,11.77,1019.07,100.0,0,NONE,NONE,NORMAL,0.0
2025-01-10T23:00:00Z,42139099999,"MEERUT, IN",29.0166666,77.7166667,222.0,9.47,1020.68,94.07,9.47,1020.68,94.07,0,NONE,NONE,NORMAL,0.0
2025-01-10T23:00:00Z,42170099999,"CHURU, IN",28.25,74.9166666,291.0,9.33,1016.73,96.47,9.33,1016.73,96.47,0,NONE,NONE,NORMAL,0.0
2025-01-10T23:00:00Z,42182099999,"SAFDARJUNG, IN",28.584511,77.205783,214.88,10.93,1019.03,100.0,10.93,1019.03,100.0,0,NONE,NONE,NORMAL,0.0
2025-01-10T23:00:00Z,42260099999,"AGRA, IN",27.155831,77.960892,167.94,11.53,1019.13,100.0,11.53,1019.13,100.0,0,NONE,NONE,NORMAL,0.0
2025-01-11T00:00:00Z,42139099999,"MEERUT, IN",29.0166666,77.7166667,222.0,9.0,1020.86,95.5,9.0,1020.86,95.5,0,NONE,NONE,NORMAL,0.0
2025-01-11T00:00:00Z,42170099999,"CHURU, IN",28.25,74.9166666,291.0,8.8,1016.6,97.33,8.8,1016.6,97.33,0,NONE,NONE,NORMAL,0.0
2025-01-11T00:00:00Z,42182099999,"SAFDARJUNG, IN",28.584511,77.205783,214.88,11.0,1019.0,100.0,11.0,1019.0,100.0,0,NONE,NONE,NORMAL,0.0
2025-01-11T00:00:00Z,42260099999,"AGRA, IN",27.155831,77.960892,167.94,11.3,1019.2,100.0,11.3,1019.2,100.0,0,NONE,NONE,NORMAL,0.0
2025-01-11T01:00:00Z,42139099999,"MEERUT, IN",29.0166666,77.7166667,222.0,8.53,1021.04,96.97,8.53,1021.04,96.97,0,NONE,NONE,NORMAL,0.0
2025-01-11T01:00:00Z,42170099999,"CHURU, IN",28.25,74.9166666,291.0,8.93,1017.37,96.46,8.93,1017.37,96.46,0,NONE,NONE,NORMAL,0.0
2025-01-11T01:00:00Z,42182099999,"SAFDARJUNG, IN",28.584511,77.205783,214.88,10.87,1019.5,100.0,10.87,1019.5,100.0,0,NONE,NONE,NORMAL,0.0
2025-01-11T01:00:00Z,42260099999,"AGRA, IN",27.155831,77.960892,167.94,11.87,1018.85,98.09,11.87,1018.85,98.09,0,NONE,NONE,NORMAL,0.0
2025-01-11T02:00:00Z,42139099999,"MEERUT, IN",29.0166666,77.7166667,222.0,8.07,1021.22,98.47,8.07,1021.22,98.47,0,NONE,NONE,NORMAL,0.0
2025-01-11T02:00:00Z,42170099999,"CHURU, IN",28.25,74.9166666,291.0,9.07,1018.13,95.59,9.07,1018.13,95.59,0,NONE,NONE,NORMAL,0.0
2025-01-11T02:00:00Z,42182099999,"SAFDARJUNG, IN",28.584511,77.205783,214.88,10.73,1020.0,100.0,10.73,1020.0,100.0,0,NONE,NONE,NORMAL,0.0
2025-01-11T02:00:00Z,42260099999,"AGRA, IN",27.155831,77.960892,167.94,12.43,1018.5,96.23,12.43,1018.5,96.23,0,NONE,NONE,NORMAL,0.0
2025-01-11T03:00:00Z,42139099999,"MEERUT, IN",29.0166666,77.7166667,222.0,7.6,1021.4,100.0,7.6,1021.4,100.0,0,NONE,NONE,NORMAL,0.0
2025-01-11T03:00:00Z,42170099999,"CHURU, IN",28.25,74.9166666,291.0,9.2,1018.9,94.74,9.2,1018.9,94.74,0,NONE,NONE,NORMAL,0.0
2025-01-11T03:00:00Z,42182099999,"SAFDARJUNG, IN",28.584511,77.205783,214.88,10.6,1020.5,100.0,10.6,1020.5,100.0,0,NONE,NONE,NORMAL,0.0
2025-01-11T03:00:00Z,42260099999,"AGRA, IN",27.155831,77.960892,167.94,13.0,1018.15,94.42,13.0,1018.15,94.42,0,NONE,NONE,NORMAL,0.0
2025-01-11T04:00:00Z,42139099999,"MEERUT, IN",29.0166666,77.7166667,222.0,9.13,1021.3,96.68,9.13,1021.3,96.68,0,NONE,NONE,NORMAL,0.0
2025-01-11T04:00:00Z,42170099999,"CHURU, IN",28.25,74.9166666,291.0,9.53,1019.33,95.61,9.53,1019.33,95.61,0,NONE,NONE,NORMAL,0.0
2025-01-11T04:00:00Z,42182099999,"SAFDARJUNG, IN",28.584511,77.205783,214.88,11.67,1020.6,95.26,11.67,1020.6,95.26,0,NONE,NONE,NORMAL,0.0
2025-01-11T04:00:00Z,42260099999,"AGRA, IN",27.155831,77.960892,167.94,13.57,1017.8,92.65,13.57,1017.8,92.65,0,NONE,NONE,NORMAL,0.0
2025-01-11T05:00:00Z,42139099999,"MEERUT, IN",29.0166666,77.7166667,222.0,10.67,1021.2,93.53,10.67,1021.2,93.53,0,NONE,NONE,NORMAL,0.0
2025-01-11T05:00:00Z,42170099999,"CHURU, IN",28.25,74.9166666,291.0,9.87,1019.77,96.48,9.87,1019.77,96.48,0,NONE,NONE,NORMAL,0.0
2025-01-11T05:00:00Z,42182099999,"SAFDARJUNG, IN",28.584511,77.205783,214.88,12.73,1020.7,90.79,12.73,1020.7,90.79,0,NONE,NONE,NORMAL,0.0
2025-01-11T05:00:00Z,42260099999,"AGRA, IN",27.155831,77.960892,167.94,14.13,1017.45,90.93,14.13,1017.45,90.93,0,NONE,NONE,NORMAL,0.0
2025-01-11T06:00:00Z,42139099999,"MEERUT, IN",29.0166666,77.7166667,222.0,12.2,1021.1,90.55,12.2,1021.1,90.55,0,NONE,NONE,NORMAL,0.0
2025-01-11T06:00:00Z,42170099999,"CHURU, IN",28.25,74.9166666,291.0,10.2,1020.2,97.36,10.2,1020.2,97.36,0,NONE,NONE,NORMAL,0.0
2025-01-11T06:00:00Z,42182099999,"SAFDARJUNG, IN",28.584511,77.205783,214.88,13.8,1020.8,86.57,13.8,1020.8,86.57,0,NONE,NONE,NORMAL,0.0
2025-01-11T06:00:00Z,42260099999,"AGRA, IN",27.155831,77.960892,167.94,14.7,1017.1,89.25,14.7,1017.1,89.25,0,NONE,NONE,NORMAL,0.0
2025-01-11T07:00:00Z,42139099999,"MEERUT, IN",29.0166666,77.7166667,222.0,13.87,1019.8,83.02,13.87,1019.8,83.02,0,NONE,NONE,NORMAL,0.0
2025-01-11T07:00:00Z,42170099999,"CHURU, IN",28.25,74.9166666,291.0,10.4,1019.0,98.23,10.4,1019.0,98.23,0,NONE,NONE,NORMAL,0.0
2025-01-11T07:00:00Z,42182099999,"SAFDARJUNG, IN",28.584511,77.205783,214.88,14.73,1019.63,83.31,14.73,1019.63,83.31,0,NONE,NONE,NORMAL,0.0
2025-01-11T07:00:00Z,42260099999,"AGRA, IN",27.155831,77.960892,167.94,15.27,1016.75,87.61,15.27,1016.75,87.61,0,NONE,NONE,NORMAL,0.0
2025-01-11T08:00:00Z,42139099999,"MEERUT, IN",29.0166666,77.7166667,222.0,15.53,1018.5,76.22,15.53,1018.5,76.22,0,NONE,NONE,NORMAL,0.0
2025-01-11T08:00:00Z,42170099999,"CHURU, IN",28.25,74.9166666,291.0,10.6,1017.8,99.11,10.6,1017.8,99.11,0,NONE,NONE,NORMAL,0.0
2025-01-11T08:00:00Z,42182099999,"SAFDARJUNG, IN",28.584511,77.205783,214.88,15.67,1018.47,80.2,15.67,1018.47,80.2,0,NONE,NONE,NORMAL,0.0
2025-01-11T08:00:00Z,42260099999,"AGRA, IN",27.155831,77.960892,167.94,15.83,1016.4,86.02,15.83,1016.4,86.02,0,NONE,NONE,NORMAL,0.0
2025-01-11T09:00:00Z,42139099999,"MEERUT, IN",29.0166666,77.7166667,222.0,17.2,1017.2,70.07,17.2,1017.2,70.07,0,NONE,NONE,NORMAL,0.0
2025-01-11T09:00:00Z,42170099999,"CHURU, IN",28.25,74.9166666,291.0,10.8,1016.6,100.0,10.8,1016.6,100.0,0,NONE,NONE,NORMAL,0.0
2025-01-11T09:00:00Z,42182099999,"SAFDARJUNG, IN",28.584511,77.205783,214.88,16.6,1017.3,77.23,16.6,1017.3,77.23,0,NONE,NONE,NORMAL,0.0
2025-01-11T09:00:00Z,42260099999,"AGRA, IN",27.155831,77.960892,167.94,16.4,1016.05,84.46,16.4,1016.05,84.46,0,NONE,NONE,NORMAL,0.0
2025-01-11T10:00:00Z,42139099999,"MEERUT, IN",29.0166666,77.7166667,222.0,16.8,1017.0,74.11,16.8,1017.0,74.11,0,NONE,NONE,NORMAL,0.0
2025-01-11T10:00:00Z,42170099999,"CHURU, IN",28.25,74.9166666,291.0,11.2,1016.47,99.12,11.2,1016.47,99.12,0,NONE,NONE,NORMAL,0.0
2025-01-11T10:00:00Z,42182099999,"SAFDARJUNG, IN",28.584511,77.205783,214.88,15.53,1017.3,84.13,15.53,1017.3,84.13,0,NONE,NONE,NORMAL,0.0
2025-01-11T10:00:00Z,42260099999,"AGRA, IN",27.155831,77.960892,167.94,16.97,1015.7,82.94,16.97,1015.7,82.94,0,NONE,NONE,NORMAL,0.0
2025-01-11T11:00:00Z,42139099999,"MEERUT, IN",29.0166666,77.7166667,222.0,16.4,1016.8,78.39,16.4,1016.8,78.39,0,NONE,NONE,NORMAL,0.0
2025-01-11T11:00:00Z,42170099999,"CHURU, IN",28.25,74.9166666,291.0,11.6,1016.33,98.25,11.6,1016.33,98.25,0,NONE,NONE,NORMAL,0.0
2025-01-11T11:00:00Z,42182099999,"SAFDARJUNG, IN",28.584511,77.205783,214.88,14.47,1017.3,91.7,14.47,1017.3,91.7,0,NONE,NONE,NORMAL,0.0
2025-01-11T11:00:00Z,42260099999,"AGRA, IN",27.155831,77.960892,167.94,17.53,1015.35,81.46,17.53,1015.35,81.46,0,NONE,NONE,NORMAL,0.0
2025-01-11T12:00:00Z,42139099999,"MEERUT, IN",29.0166666,77.7166667,222.0,16.0,1016.6,82.91,16.0,1016.6,82.91,0,NONE,NONE,NORMAL,0.0
2025-01-11T12:00:00Z,42170099999,"CHURU, IN",28.25,74.9166666,291.0,12.0,1016.2,97.39,12.0,1016.2,97.39,0,NONE,NONE,NORMAL,0.0
2025-01-11T12:00:00Z,42182099999,"SAFDARJUNG, IN",28.584511,77.205783,214.88,13.4,1017.3,100.0,13.4,1017.3,100.0,0,NONE,NONE,NORMAL,0.0
2025-01-11T12:00:00Z,42260099999,"AGRA, IN",27.155831,77.960892,167.94,18.1,1015.0,80.01,42.0,1015.0,98.5,1,PSYCHROMETRIC_VIOLATION,MULTIPLE,NORMAL,1.0
2025-01-11T13:00:00Z,42139099999,"MEERUT, IN",29.0166666,77.7166667,222.0,15.81,1016.85,83.54,15.81,1016.85,83.54,0,NONE,NONE,NORMAL,0.0
2025-01-11T13:00:00Z,42170099999,"CHURU, IN",28.25,74.9166666,291.0,11.93,1016.83,96.54,11.93,1016.83,96.54,0,NONE,NONE,NORMAL,0.0
2025-01-11T13:00:00Z,42182099999,"SAFDARJUNG, IN",28.584511,77.205783,214.88,13.0,1017.3,100.0,13.0,1017.3,100.0,0,NONE,NONE,NORMAL,0.0
2025-01-11T13:00:00Z,42260099999,"AGRA, IN",27.155831,77.960892,167.94,16.97,1016.43,86.13,42.0,1016.43,98.5,1,PSYCHROMETRIC_VIOLATION,MULTIPLE,NORMAL,1.0
2025-01-11T14:00:00Z,42139099999,"MEERUT, IN",29.0166666,77.7166667,222.0,15.63,1017.09,84.18,15.63,1017.09,84.18,0,NONE,NONE,NORMAL,0.0
2025-01-11T14:00:00Z,42170099999,"CHURU, IN",28.25,74.9166666,291.0,11.87,1017.47,95.69,11.87,1017.47,95.69,0,NONE,NONE,NORMAL,0.0
2025-01-11T14:00:00Z,42182099999,"SAFDARJUNG, IN",28.584511,77.205783,214.88,12.6,1017.3,100.0,12.6,1017.3,100.0,0,NONE,NONE,NORMAL,0.0
2025-01-11T14:00:00Z,42260099999,"AGRA, IN",27.155831,77.960892,167.94,15.83,1017.87,92.78,42.0,1017.87,98.5,1,PSYCHROMETRIC_VIOLATION,MULTIPLE,NORMAL,1.0
2025-01-11T15:00:00Z,42139099999,"MEERUT, IN",29.0166666,77.7166667,222.0,15.44,1017.34,84.82,15.44,1017.34,84.82,0,NONE,NONE,NORMAL,0.0
2025-01-11T15:00:00Z,42170099999,"CHURU, IN",28.25,74.9166666,291.0,11.8,1018.1,94.84,11.8,1018.1,94.84,0,NONE,NONE,NORMAL,0.0
2025-01-11T15:00:00Z,42182099999,"SAFDARJUNG, IN",28.584511,77.205783,214.88,12.2,1017.3,100.0,12.2,1017.3,100.0,0,NONE,NONE,NORMAL,0.0
2025-01-11T15:00:00Z,42260099999,"AGRA, IN",27.155831,77.960892,167.94,14.7,1019.3,100.0,42.0,1019.3,98.5,1,PSYCHROMETRIC_VIOLATION,MULTIPLE,NORMAL,1.0
2025-01-11T16:00:00Z,42139099999,"MEERUT, IN",29.0166666,77.7166667,222.0,15.25,1017.59,85.47,15.25,1017.59,85.47,0,NONE,NONE,NORMAL,0.0
2025-01-11T16:00:00Z,42170099999,"CHURU, IN",28.25,74.9166666,291.0,11.73,1018.2,94.84,11.73,1018.2,94.84,0,NONE,NONE,NORMAL,0.0
2025-01-11T16:00:00Z,42182099999,"SAFDARJUNG, IN",28.584511,77.205783,214.88,11.53,1017.8,100.0,11.53,1017.8,100.0,0,NONE,NONE,NORMAL,0.0
2025-01-11T16:00:00Z,42260099999,"AGRA, IN",27.155831,77.960892,167.94,14.62,1019.29,100.0,42.0,1019.29,98.5,1,PSYCHROMETRIC_VIOLATION,MULTIPLE,NORMAL,1.0
2025-01-11T17:00:00Z,42139099999,"MEERUT, IN",29.0166666,77.7166667,222.0,15.07,1017.83,86.13,15.07,1017.83,86.13,0,NONE,NONE,NORMAL,0.0
2025-01-11T17:00:00Z,42170099999,"CHURU, IN",28.25,74.9166666,291.0,11.67,1018.3,94.83,11.67,1018.3,94.83,0,NONE,NONE,NORMAL,0.0
2025-01-11T17:00:00Z,42182099999,"SAFDARJUNG, IN",28.584511,77.205783,214.88,10.87,1018.3,100.0,10.87,1018.3,100.0,0,NONE,NONE,NORMAL,0.0
2025-01-11T17:00:00Z,42260099999,"AGRA, IN",27.155831,77.960892,167.94,14.54,1019.28,100.0,42.0,1019.28,98.5,1,PSYCHROMETRIC_VIOLATION,MULTIPLE,NORMAL,1.0
2025-01-11T18:00:00Z,42139099999,"MEERUT, IN",29.0166666,77.7166667,222.0,14.88,1018.08,86.79,14.88,1018.08,86.79,0,NONE,NONE,NORMAL,0.0
2025-01-11T18:00:00Z,42170099999,"CHURU, IN",28.25,74.9166666,291.0,11.6,1018.4,94.83,11.6,1018.4,94.83,0,NONE,NONE,NORMAL,0.0
2025-01-11T18:00:00Z,42182099999,"SAFDARJUNG, IN",28.584511,77.205783,214.88,10.2,1018.8,100.0,10.2,1018.8,100.0,0,NONE,NONE,NORMAL,0.0
2025-01-11T18:00:00Z,42260099999,"AGRA, IN",27.155831,77.960892,167.94,14.46,1019.27,100.0,42.0,1019.27,98.5,1,PSYCHROMETRIC_VIOLATION,MULTIPLE,NORMAL,1.0
2025-01-11T19:00:00Z,42139099999,"MEERUT, IN",29.0166666,77.7166667,222.0,14.69,1018.33,87.46,14.69,1018.33,87.46,0,NONE,NONE,NORMAL,0.0
2025-01-11T19:00:00Z,42170099999,"CHURU, IN",28.25,74.9166666,291.0,11.53,1018.3,96.53,11.53,1018.3,96.53,0,NONE,NONE,NORMAL,0.0
2025-01-11T19:00:00Z,42182099999,"SAFDARJUNG, IN",28.584511,77.205783,214.88,10.13,1018.8,100.0,10.13,1018.8,100.0,0,NONE,NONE,NORMAL,0.0
2025-01-11T19:00:00Z,42260099999,"AGRA, IN",27.155831,77.960892,167.94,14.38,1019.26,100.0,42.0,1019.26,98.5,1,PSYCHROMETRIC_VIOLATION,MULTIPLE,NORMAL,1.0
2025-01-11T20:00:00Z,42139099999,"MEERUT, IN",29.0166666,77.7166667,222.0,14.51,1018.57,88.13,14.51,1018.57,88.13,0,NONE,NONE,NORMAL,0.0
2025-01-11T20:00:00Z,42170099999,"CHURU, IN",28.25,74.9166666,291.0,11.47,1018.2,98.25,11.47,1018.2,98.25,0,NONE,NONE,NORMAL,0.0
2025-01-11T20:00:00Z,42182099999,"SAFDARJUNG, IN",28.584511,77.205783,214.88,10.07,1018.8,100.0,10.07,1018.8,100.0,0,NONE,NONE,NORMAL,0.0
2025-01-11T20:00:00Z,42260099999,"AGRA, IN",27.155831,77.960892,167.94,14.31,1019.25,100.0,42.0,1019.25,98.5,1,PSYCHROMETRIC_VIOLATION,MULTIPLE,NORMAL,1.0
2025-01-11T21:00:00Z,42139099999,"MEERUT, IN",29.0166666,77.7166667,222.0,14.32,1018.82,88.81,14.32,1018.82,88.81,0,NONE,NONE,NORMAL,0.0
2025-01-11T21:00:00Z,42170099999,"CHURU, IN",28.25,74.9166666,291.0,11.4,1018.1,100.0,11.4,1018.1,100.0,0,NONE,NONE,NORMAL,0.0
2025-01-11T21:00:00Z,42182099999,"SAFDARJUNG, IN",28.584511,77.205783,214.88,10.0,1018.8,100.0,10.0,1018.8,100.0,0,NONE,NONE,NORMAL,0.0
2025-01-11T21:00:00Z,42260099999,"AGRA, IN",27.155831,77.960892,167.94,14.23,1019.25,100.0,42.0,1019.25,98.5,1,PSYCHROMETRIC_VIOLATION,MULTIPLE,NORMAL,1.0
2025-01-11T22:00:00Z,42139099999,"MEERUT, IN",29.0166666,77.7166667,222.0,14.13,1019.07,89.5,14.13,1019.07,89.5,0,NONE,NONE,NORMAL,0.0
2025-01-11T22:00:00Z,42170099999,"CHURU, IN",28.25,74.9166666,291.0,11.13,1018.33,100.0,11.13,1018.33,100.0,0,NONE,NONE,NORMAL,0.0
2025-01-11T22:00:00Z,42182099999,"SAFDARJUNG, IN",28.584511,77.205783,214.88,9.93,1018.63,100.0,9.93,1018.63,100.0,0,NONE,NONE,NORMAL,0.0
2025-01-11T22:00:00Z,42260099999,"AGRA, IN",27.155831,77.960892,167.94,14.15,1019.24,100.0,42.0,1019.24,98.5,1,PSYCHROMETRIC_VIOLATION,MULTIPLE,NORMAL,1.0
2025-01-11T23:00:00Z,42139099999,"MEERUT, IN",29.0166666,77.7166667,222.0,13.95,1019.31,90.19,13.95,1019.31,90.19,0,NONE,NONE,NORMAL,0.0
2025-01-11T23:00:00Z,42170099999,"CHURU, IN",28.25,74.9166666,291.0,10.87,1018.57,100.0,10.87,1018.57,100.0,0,NONE,NONE,NORMAL,0.0
2025-01-11T23:00:00Z,42182099999,"SAFDARJUNG, IN",28.584511,77.205783,214.88,9.87,1018.47,100.0,9.87,1018.47,100.0,0,NONE,NONE,NORMAL,0.0
2025-01-11T23:00:00Z,42260099999,"AGRA, IN",27.155831,77.960892,167.94,14.07,1019.23,100.0,42.0,1019.23,98.5,1,PSYCHROMETRIC_VIOLATION,MULTIPLE,NORMAL,1.0
2025-01-12T00:00:00Z,42139099999,"MEERUT, IN",29.0166666,77.7166667,222.0,13.76,1019.56,90.9,13.76,1019.56,90.9,0,NONE,NONE,NORMAL,0.0
2025-01-12T00:00:00Z,42170099999,"CHURU, IN",28.25,74.9166666,291.0,10.6,1018.8,100.0,10.6,1018.8,100.0,0,NONE,NONE,NORMAL,0.0
2025-01-12T00:00:00Z,42182099999,"SAFDARJUNG, IN",28.584511,77.205783,214.88,9.8,1018.3,100.0,9.8,1018.3,100.0,0,NONE,NONE,NORMAL,0.0
2025-01-12T00:00:00Z,42260099999,"AGRA, IN",27.155831,77.960892,167.94,13.99,1019.22,100.0,42.0,1019.22,98.5,1,PSYCHROMETRIC_VIOLATION,MULTIPLE,NORMAL,1.0
2025-01-12T01:00:00Z,42139099999,"MEERUT, IN",29.0166666,77.7166667,222.0,13.57,1019.81,91.6,13.57,1019.81,91.6,0,NONE,NONE,NORMAL,0.0
2025-01-12T01:00:00Z,42170099999,"CHURU, IN",28.25,74.9166666,291.0,10.6,1019.53,99.11,10.6,1019.53,99.11,0,NONE,NONE,NORMAL,0.0
2025-01-12T01:00:00Z,42182099999,"SAFDARJUNG, IN",28.584511,77.205783,214.88,10.27,1019.07,100.0,10.27,1019.07,100.0,0,NONE,NONE,NORMAL,0.0
2025-01-12T01:00:00Z,42260099999,"AGRA, IN",27.155831,77.960892,167.94,13.91,1019.21,100.0,13.91,1019.21,100.0,0,NONE,NONE,NORMAL,0.0
2025-01-12T02:00:00Z,42139099999,"MEERUT, IN",29.0166666,77.7166667,222.0,13.39,1020.05,92.32,13.39,1020.05,92.32,0,NONE,NONE,NORMAL,0.0
2025-01-12T02:00:00Z,42170099999,"CHURU, IN",28.25,74.9166666,291.0,10.6,1020.27,98.24,10.6,1020.27,98.24,0,NONE,NONE,NORMAL,0.0
2025-01-12T02:00:00Z,42182099999,"SAFDARJUNG, IN",28.584511,77.205783,214.88,10.73,1019.83,100.0,10.73,1019.83,100.0,0,NONE,NONE,NORMAL,0.0
2025-01-12T02:00:00Z,42260099999,"AGRA, IN",27.155831,77.960892,167.94,13.83,1019.2,100.0,13.83,1019.2,100.0,0,NONE,NONE,NORMAL,0.0
2025-01-12T03:00:00Z,42139099999,"MEERUT, IN",29.0166666,77.7166667,222.0,13.2,1020.3,93.04,13.2,1020.3,93.04,0,NONE,NONE,NORMAL,0.0
2025-01-12T03:00:00Z,42170099999,"CHURU, IN",28.25,74.9166666,291.0,10.6,1021.0,97.37,10.6,1021.0,97.37,0,NONE,NONE,NORMAL,0.0
2025-01-12T03:00:00Z,42182099999,"SAFDARJUNG, IN",28.584511,77.205783,214.88,11.2,1020.6,100.0,11.2,1020.6,100.0,0,NONE,NONE,NORMAL,0.0
2025-01-12T03:00:00Z,42260099999,"AGRA, IN",27.155831,77.960892,167.94,13.75,1019.19,100.0,13.75,1019.19,100.0,0,NONE,NONE,NORMAL,0.0
2025-01-12T04:00:00Z,42139099999,"MEERUT, IN",29.0166666,77.7166667,222.0,14.07,1020.73,89.49,14.07,1020.73,89.49,0,NONE,NONE,NORMAL,0.0
2025-01-12T04:00:00Z,42170099999,"CHURU, IN",28.25,74.9166666,291.0,11.0,1021.43,93.97,11.0,1021.43,93.97,0,NONE,NONE,NORMAL,0.0
2025-01-12T04:00:00Z,42182099999,"SAFDARJUNG, IN",28.584511,77.205783,214.88,12.33,1020.93,97.62,12.33,1020.93,97.62,0,NONE,NONE,NORMAL,0.0
2025-01-12T04:00:00Z,42260099999,"AGRA, IN",27.155831,77.960892,167.94,13.68,1019.18,100.0,13.68,1019.18,100.0,0,NONE,NONE,NORMAL,0.0
2025-01-12T05:00:00Z,42139099999,"MEERUT, IN",29.0166666,77.7166667,222.0,14.93,1021.17,86.11,14.93,1021.17,86.11,0,NONE,NONE,NORMAL,0.0
2025-01-12T05:00:00Z,42170099999,"CHURU, IN",28.25,74.9166666,291.0,11.4,1021.87,90.69,11.4,1021.87,90.69,0,NONE,NONE,NORMAL,0.0
2025-01-12T05:00:00Z,42182099999,"SAFDARJUNG, IN",28.584511,77.205783,214.88,13.47,1021.27,95.32,13.47,1021.27,95.32,0,NONE,NONE,NORMAL,0.0
2025-01-12T05:00:00Z,42260099999,"AGRA, IN",27.155831,77.960892,167.94,13.6,1019.17,100.0,13.6,1019.17,100.0,0,NONE,NONE,NORMAL,0.0
2025-01-12T06:00:00Z,42139099999,"MEERUT, IN",29.0166666,77.7166667,222.0,15.8,1021.6,82.89,15.8,1021.6,82.89,0,NONE,NONE,NORMAL,0.0
2025-01-12T06:00:00Z,42170099999,"CHURU, IN",28.25,74.9166666,291.0,11.8,1022.3,87.54,11.8,1022.3,87.54,1,DRIFT,RH,NORMAL,0.1
2025-01-12T06:00:00Z,42182099999,"SAFDARJUNG, IN",28.584511,77.205783,214.88,14.6,1021.6,93.11,14.6,1021.6,93.11,0,NONE,NONE,NORMAL,0.0
2025-01-12T06:00:00Z,42260099999,"AGRA, IN",27.155831,77.960892,167.94,13.52,1019.16,100.0,13.52,1019.16,100.0,0,NONE,NONE,NORMAL,0.0
2025-01-12T07:00:00Z,42139099999,"MEERUT, IN",29.0166666,77.7166667,222.0,16.47,1020.7,79.26,16.47,1020.7,79.26,0,NONE,NONE,NORMAL,0.0
2025-01-12T07:00:00Z,42170099999,"CHURU, IN",28.25,74.9166666,291.0,11.67,1021.63,87.53,11.67,1021.63,87.98,1,DRIFT,RH,NORMAL,0.1
2025-01-12T07:00:00Z,42182099999,"SAFDARJUNG, IN",28.584511,77.205783,214.88,15.27,1020.07,87.47,15.27,1020.07,87.47,0,NONE,NONE,NORMAL,0.0
2025-01-12T07:00:00Z,42260099999,"AGRA, IN",27.155831,77.960892,167.94,13.44,1019.15,100.0,13.44,1019.15,100.0,0,NONE,NONE,NORMAL,0.0
2025-01-12T08:00:00Z,42139099999,"MEERUT, IN",29.0166666,77.7166667,222.0,17.13,1019.8,75.81,17.13,1019.8,75.81,0,NONE,NONE,NORMAL,0.0
2025-01-12T08:00:00Z,42170099999,"CHURU, IN",28.25,74.9166666,291.0,11.53,1020.97,87.52,11.53,1020.97,88.42,1,DRIFT,RH,NORMAL,0.1
2025-01-12T08:00:00Z,42182099999,"SAFDARJUNG, IN",28.584511,77.205783,214.88,15.93,1018.53,82.18,15.93,1018.53,82.18,0,NONE,NONE,NORMAL,0.0
2025-01-12T08:00:00Z,42260099999,"AGRA, IN",27.155831,77.960892,167.94,13.36,1019.15,100.0,13.36,1019.15,100.0,0,NONE,NONE,NORMAL,0.0
2025-01-12T09:00:00Z,42139099999,"MEERUT, IN",29.0166666,77.7166667,222.0,17.8,1018.9,72.53,17.8,1018.9,72.53,0,NONE,NONE,NORMAL,0.0
2025-01-12T09:00:00Z,42170099999,"CHURU, IN",28.25,74.9166666,291.0,11.4,1020.3,87.5,11.4,1020.3,88.85,1,DRIFT,RH,NORMAL,0.1
2025-01-12T09:00:00Z,42182099999,"SAFDARJUNG, IN",28.584511,77.205783,214.88,16.6,1017.0,77.23,16.6,1017.0,77.23,0,NONE,NONE,NORMAL,0.0
2025-01-12T09:00:00Z,42260099999,"AGRA, IN",27.155831,77.960892,167.94,13.28,1019.14,100.0,13.28,1019.14,100.0,0,NONE,NONE,NORMAL,0.0
2025-01-12T10:00:00Z,42139099999,"MEERUT, IN",29.0166666,77.7166667,222.0,16.93,1018.9,75.78,16.93,1018.9,75.78,0,NONE,NONE,NORMAL,0.0
2025-01-12T10:00:00Z,42170099999,"CHURU, IN",28.25,74.9166666,291.0,11.53,1020.3,88.5,11.53,1020.3,90.3,1,DRIFT,RH,NORMAL,0.1
2025-01-12T10:00:00Z,42182099999,"SAFDARJUNG, IN",28.584511,77.205783,214.88,16.27,1017.7,80.45,16.27,1017.7,80.45,0,NONE,NONE,NORMAL,0.0
2025-01-12T10:00:00Z,42260099999,"AGRA, IN",27.155831,77.960892,167.94,13.2,1019.13,100.0,13.2,1019.13,100.0,0,NONE,NONE,NORMAL,0.0
2025-01-12T11:00:00Z,42139099999,"MEERUT, IN",29.0166666,77.7166667,222.0,16.07,1018.9,79.2,16.07,1018.9,79.2,0,NONE,NONE,NORMAL,0.0
2025-01-12T11:00:00Z,42170099999,"CHURU, IN",28.25,74.9166666,291.0,11.67,1020.3,89.51,11.67,1020.3,91.76,1,DRIFT,RH,NORMAL,0.1
2025-01-12T11:00:00Z,42182099999,"SAFDARJUNG, IN",28.584511,77.205783,214.88,15.93,1018.4,83.81,15.93,1018.4,83.81,0,NONE,NONE,NORMAL,0.0
2025-01-12T11:00:00Z,42260099999,"AGRA, IN",27.155831,77.960892,167.94,13.12,1019.12,100.0,13.12,1019.12,100.0,0,NONE,NONE,NORMAL,0.0
2025-01-12T12:00:00Z,42139099999,"MEERUT, IN",29.0166666,77.7166667,222.0,15.2,1018.9,82.82,15.2,1018.9,82.82,0,NONE,NONE,NORMAL,0.0
2025-01-12T12:00:00Z,42170099999,"CHURU, IN",28.25,74.9166666,291.0,11.8,1020.3,90.52,11.8,1020.3,93.22,1,DRIFT,RH,NORMAL,0.1
2025-01-12T12:00:00Z,42182099999,"SAFDARJUNG, IN",28.584511,77.205783,214.88,15.6,1019.1,87.31,15.6,1019.1,87.31,0,NONE,NONE,NORMAL,0.0
2025-01-12T12:00:00Z,42260099999,"AGRA, IN",27.155831,77.960892,167.94,13.05,1019.11,100.0,13.05,1019.11,100.0,0,NONE,NONE,NORMAL,0.0
2025-01-12T13:00:00Z,42139099999,"MEERUT, IN",29.0166666,77.7166667,222.0,14.85,1018.99,83.69,14.85,1018.99,83.69,0,NONE,NONE,NORMAL,0.0
2025-01-12T13:00:00Z,42170099999,"CHURU, IN",28.25,74.9166666,291.0,10.93,1020.83,92.71,10.93,1020.83,95.86,1,DRIFT,RH,NORMAL,0.11
2025-01-12T13:00:00Z,42182099999,"SAFDARJUNG, IN",28.584511,77.205783,214.88,14.73,1019.5,89.94,14.73,1019.5,89.94,0,NONE,NONE,NORMAL,0.0
2025-01-12T13:00:00Z,42260099999,"AGRA, IN",27.155831,77.960892,167.94,12.97,1019.1,100.0,12.97,1019.1,100.0,0,NONE,NONE,NORMAL,0.0
2025-01-12T14:00:00Z,42139099999,"MEERUT, IN",29.0166666,77.7166667,222.0,14.51,1019.09,84.57,14.51,1019.09,84.57,0,NONE,NONE,NORMAL,0.0
2025-01-12T14:00:00Z,42170099999,"CHURU, IN",28.25,74.9166666,291.0,10.07,1021.37,94.98,10.07,1021.37,98.58,1,DRIFT,RH,NORMAL,0.13
2025-01-12T14:00:00Z,42182099999,"SAFDARJUNG, IN",28.584511,77.205783,214.88,13.87,1019.9,92.67,13.87,1019.9,92.67,0,NONE,NONE,NORMAL,0.0
2025-01-12T14:00:00Z,42260099999,"AGRA, IN",27.155831,77.960892,167.94,12.89,1019.09,100.0,12.89,1019.09,100.0,0,NONE,NONE,NORMAL,0.0
2025-01-12T15:00:00Z,42139099999,"MEERUT, IN",29.0166666,77.7166667,222.0,14.16,1019.18,85.47,14.16,1019.18,85.47,0,NONE,NONE,NORMAL,0.0
2025-01-12T15:00:00Z,42170099999,"CHURU, IN",28.25,74.9166666,291.0,9.2,1021.9,97.34,9.2,1021.9,100.0,1,DRIFT,RH,NORMAL,0.14
2025-01-12T15:00:00Z,42182099999,"SAFDARJUNG, IN",28.584511,77.205783,214.88,13.0,1020.3,95.51,13.0,1020.3,95.51,0,NONE,NONE,NORMAL,0.0
2025-01-12T15:00:00Z,42260099999,"AGRA, IN",27.155831,77.960892,167.94,12.81,1019.08,100.0,12.81,1019.08,100.0,0,NONE,NONE,NORMAL,0.0
2025-01-12T16:00:00Z,42139099999,"MEERUT, IN",29.0166666,77.7166667,222.0,13.81,1019.27,86.38,13.81,1019.27,86.38,0,NONE,NONE,NORMAL,0.0
2025-01-12T16:00:00Z,42170099999,"CHURU, IN",28.25,74.9166666,291.0,9.13,1022.13,97.34,9.13,1022.13,100.0,1,DRIFT,RH,NORMAL,0.16
2025-01-12T16:00:00Z,42182099999,"SAFDARJUNG, IN",28.584511,77.205783,214.88,12.33,1020.3,96.97,12.33,1020.3,96.97,0,NONE,NONE,NORMAL,0.0
2025-01-12T16:00:00Z,42260099999,"AGRA, IN",27.155831,77.960892,167.94,12.73,1019.07,100.0,12.73,1019.07,100.0,0,NONE,NONE,NORMAL,0.0
2025-01-12T17:00:00Z,42139099999,"MEERUT, IN",29.0166666,77.7166667,222.0,13.47,1019.37,87.31,13.47,1019.37,87.31,0,NONE,NONE,NORMAL,0.0
2025-01-12T17:00:00Z,42170099999,"CHURU, IN",28.25,74.9166666,291.0,9.07,1022.37,97.33,9.07,1022.37,100.0,1,DRIFT,RH,NORMAL,0.18
2025-01-12T17:00:00Z,42182099999,"SAFDARJUNG, IN",28.584511,77.205783,214.88,11.67,1020.3,98.47,11.67,1020.3,98.47,0,NONE,NONE,NORMAL,0.0
2025-01-12T17:00:00Z,42260099999,"AGRA, IN",27.155831,77.960892,167.94,12.65,1019.06,100.0,12.65,1019.06,100.0,0,NONE,NONE,NORMAL,0.0
2025-01-12T18:00:00Z,42139099999,"MEERUT, IN",29.0166666,77.7166667,222.0,13.12,1019.46,88.24,13.12,1019.46,88.24,0,NONE,NONE,NORMAL,0.0
2025-01-12T18:00:00Z,42170099999,"CHURU, IN",28.25,74.9166666,291.0,9.0,1022.6,97.33,9.0,1022.6,100.0,1,DRIFT,RH,NORMAL,0.19
2025-01-12T18:00:00Z,42182099999,"SAFDARJUNG, IN",28.584511,77.205783,214.88,11.0,1020.3,100.0,11.0,1020.3,100.0,0,NONE,NONE,NORMAL,0.0
2025-01-12T18:00:00Z,42260099999,"AGRA, IN",27.155831,77.960892,167.94,12.57,1019.05,100.0,12.57,1019.05,100.0,0,NONE,NONE,NORMAL,0.0
2025-01-12T19:00:00Z,42139099999,"MEERUT, IN",29.0166666,77.7166667,222.0,12.77,1019.55,89.2,12.77,1019.55,89.2,0,NONE,NONE,NORMAL,0.0
2025-01-12T19:00:00Z,42170099999,"CHURU, IN",28.25,74.9166666,291.0,8.8,1022.2,97.33,8.8,1022.2,100.0,1,DRIFT,RH,NORMAL,0.21
2025-01-12T19:00:00Z,42182099999,"SAFDARJUNG, IN",28.584511,77.205783,214.88,11.33,1020.0,100.0,11.33,1020.0,100.0,0,NONE,NONE,NORMAL,0.0
2025-01-12T19:00:00Z,42260099999,"AGRA, IN",27.155831,77.960892,167.94,12.49,1019.05,100.0,12.49,1019.05,100.0,0,NONE,NONE,NORMAL,0.0
2025-01-12T20:00:00Z,42139099999,"MEERUT, IN",29.0166666,77.7166667,222.0,12.43,1019.65,90.16,12.43,1019.65,90.16,0,NONE,NONE,NORMAL,0.0
2025-01-12T20:00:00Z,42170099999,"CHURU, IN",28.25,74.9166666,291.0,8.6,1021.8,97.32,8.6,1021.8,100.0,1,DRIFT,RH,NORMAL,0.22
2025-01-12T20:00:00Z,42182099999,"SAFDARJUNG, IN",28.584511,77.205783,214.88,11.67,1019.7,100.0,11.67,1019.7,100.0,0,NONE,NONE,NORMAL,0.0
2025-01-12T20:00:00Z,42260099999,"AGRA, IN",27.155831,77.960892,167.94,12.42,1019.04,100.0,12.42,1019.04,100.0,0,NONE,NONE,NORMAL,0.0
2025-01-12T21:00:00Z,42139099999,"MEERUT, IN",29.0166666,77.7166667,222.0,12.08,1019.74,91.14,12.08,1019.74,91.14,0,NONE,NONE,NORMAL,0.0
2025-01-12T21:00:00Z,42170099999,"CHURU, IN",28.25,74.9166666,291.0,8.4,1021.4,97.32,8.4,1021.4,100.0,1,DRIFT,RH,NORMAL,0.24
2025-01-12T21:00:00Z,42182099999,"SAFDARJUNG, IN",28.584511,77.205783,214.88,12.0,1019.4,100.0,12.0,1019.4,100.0,0,NONE,NONE,NORMAL,0.0
2025-01-12T21:00:00Z,42260099999,"AGRA, IN",27.155831,77.960892,167.94,12.34,1019.03,100.0,12.34,1019.03,100.0,0,NONE,NONE,NORMAL,0.0
2025-01-12T22:00:00Z,42139099999,"MEERUT, IN",29.0166666,77.7166667,222.0,11.73,1019.83,92.14,11.73,1019.83,92.14,0,NONE,NONE,NORMAL,0.0
2025-01-12T22:00:00Z,42170099999,"CHURU, IN",28.25,74.9166666,291.0,8.33,1021.47,97.32,8.33,1021.47,100.0,1,DRIFT,RH,NORMAL,0.26
2025-01-12T22:00:00Z,42182099999,"SAFDARJUNG, IN",28.584511,77.205783,214.88,11.47,1019.33,100.0,11.47,1019.33,100.0,0,NONE,NONE,NORMAL,0.0
2025-01-12T22:00:00Z,42260099999,"AGRA, IN",27.155831,77.960892,167.94,12.26,1019.02,100.0,12.26,1019.02,100.0,0,NONE,NONE,NORMAL,0.0
2025-01-12T23:00:00Z,42139099999,"MEERUT, IN",29.0166666,77.7166667,222.0,11.39,1019.93,93.15,11.39,1019.93,93.15,0,NONE,NONE,NORMAL,0.0
2025-01-12T23:00:00Z,42170099999,"CHURU, IN",28.25,74.9166666,291.0,8.27,1021.53,97.32,8.27,1021.53,100.0,1,DRIFT,RH,NORMAL,0.27
2025-01-12T23:00:00Z,42182099999,"SAFDARJUNG, IN",28.584511,77.205783,214.88,10.93,1019.27,100.0,10.93,1019.27,100.0,0,NONE,NONE,NORMAL,0.0
2025-01-12T23:00:00Z,42260099999,"AGRA, IN",27.155831,77.960892,167.94,12.18,1019.01,100.0,12.18,1019.01,100.0,0,NONE,NONE,NORMAL,0.0
2025-01-13T00:00:00Z,42139099999,"MEERUT, IN",29.0166666,77.7166667,222.0,11.04,1020.02,94.18,11.04,1020.02,94.18,0,NONE,NONE,NORMAL,0.0
2025-01-13T00:00:00Z,42170099999,"CHURU, IN",28.25,74.9166666,291.0,8.2,1021.6,97.32,8.2,1021.6,100.0,1,DRIFT,RH,NORMAL,0.29
2025-01-13T00:00:00Z,42182099999,"SAFDARJUNG, IN",28.584511,77.205783,214.88,10.4,1019.2,100.0,10.4,1019.2,100.0,0,NONE,NONE,NORMAL,0.0
2025-01-13T00:00:00Z,42260099999,"AGRA, IN",27.155831,77.960892,167.94,12.1,1019.0,100.0,12.1,1019.0,100.0,0,NONE,NONE,NORMAL,0.0
2025-01-13T01:00:00Z,42139099999,"MEERUT, IN",29.0166666,77.7166667,222.0,10.69,1020.11,95.22,10.69,1020.11,95.22,0,NONE,NONE,NORMAL,0.0
2025-01-13T01:00:00Z,42170099999,"CHURU, IN",28.25,74.9166666,291.0,8.47,1022.0,98.21,8.47,1022.0,100.0,1,DRIFT,RH,NORMAL,0.31
2025-01-13T01:00:00Z,42182099999,"SAFDARJUNG, IN",28.584511,77.205783,214.88,10.6,1019.63,99.56,10.6,1019.63,99.56,0,NONE,NONE,NORMAL,0.0
2025-01-13T01:00:00Z,42260099999,"AGRA, IN",27.155831,77.960892,167.94,12.12,1018.99,99.9,12.12,1018.99,99.9,0,NONE,NONE,NORMAL,0.0
2025-01-13T02:00:00Z,42139099999,"MEERUT, IN",29.0166666,77.7166667,222.0,10.35,1020.21,96.28,10.35,1020.21,96.28,0,NONE,NONE,NORMAL,0.0
2025-01-13T02:00:00Z,42170099999,"CHURU, IN",28.25,74.9166666,291.0,8.73,1022.4,99.1,8.73,1022.4,100.0,1,DRIFT,RH,NORMAL,0.32
2025-01-13T02:00:00Z,42182099999,"SAFDARJUNG, IN",28.584511,77.205783,214.88,10.8,1020.07,99.12,10.8,1020.07,99.12,0,NONE,NONE,NORMAL,0.0
2025-01-13T02:00:00Z,42260099999,"AGRA, IN",27.155831,77.960892,167.94,12.13,1018.98,99.8,12.13,1018.98,99.8,0,NONE,NONE,NORMAL,0.0
2025-01-13T03:00:00Z,42139099999,"MEERUT, IN",29.0166666,77.7166667,222.0,10.0,1020.3,97.35,10.0,1020.3,97.35,0,NONE,NONE,NORMAL,0.0
2025-01-13T03:00:00Z,42170099999,"CHURU, IN",28.25,74.9166666,291.0,9.0,1022.8,100.0,9.0,1022.8,100.0,1,DRIFT,RH,NORMAL,0.34
2025-01-13T03:00:00Z,42182099999,"SAFDARJUNG, IN",28.584511,77.205783,214.88,11.0,1020.5,98.68,11.0,1020.5,98.68,0,NONE,NONE,NORMAL,0.0
2025-01-13T03:00:00Z,42260099999,"AGRA, IN",27.155831,77.960892,167.94,12.15,1018.97,99.7,12.15,1018.97,99.7,0,NONE,NONE,NORMAL,0.0
2025-01-13T04:00:00Z,42139099999,"MEERUT, IN",29.0166666,77.7166667,222.0,11.6,1020.2,88.7,11.6,1020.2,88.7,0,NONE,NONE,NORMAL,0.0
2025-01-13T04:00:00Z,42170099999,"CHURU, IN",28.25,74.9166666,291.0,9.53,1022.53,98.22,9.53,1022.53,100.0,1,DRIFT,RH,NORMAL,0.35
2025-01-13T04:00:00Z,42182099999,"SAFDARJUNG, IN",28.584511,77.205783,214.88,12.0,1020.57,92.77,12.0,1020.57,92.77,0,NONE,NONE,NORMAL,0.0
2025-01-13T04:00:00Z,42260099999,"AGRA, IN",27.155831,77.960892,167.94,12.17,1018.97,99.6,12.17,1018.97,99.6,0,NONE,NONE,NORMAL,0.0
2025-01-13T05:00:00Z,42139099999,"MEERUT, IN",29.0166666,77.7166667,222.0,13.2,1020.1,80.93,13.2,1020.1,80.93,0,NONE,NONE,NORMAL,0.0
2025-01-13T05:00:00Z,42170099999,"CHURU, IN",28.25,74.9166666,291.0,10.07,1022.27,96.49,10.07,1022.27,100.0,1,DRIFT,RH,NORMAL,0.37
2025-01-13T05:00:00Z,42182099999,"SAFDARJUNG, IN",28.584511,77.205783,214.88,13.0,1020.63,87.26,13.0,1020.63,87.26,0,NONE,NONE,NORMAL,0.0
2025-01-13T05:00:00Z,42260099999,"AGRA, IN",27.155831,77.960892,167.94,12.19,1018.96,99.49,12.19,1018.96,99.49,0,NONE,NONE,NORMAL,0.0
2025-01-13T06:00:00Z,42139099999,"MEERUT, IN",29.0166666,77.7166667,222.0,14.8,1020.0,73.93,14.8,1020.0,73.93,0,NONE,NONE,NORMAL,0.0
2025-01-13T06:00:00Z,42170099999,"CHURU, IN",28.25,74.9166666,291.0,10.6,1022.0,94.79,10.6,1022.0,100.0,1,DRIFT,RH,NORMAL,0.39
2025-01-13T06:00:00Z,42182099999,"SAFDARJUNG, IN",28.584511,77.205783,214.88,14.0,1020.7,82.12,14.0,1020.7,82.12,0,NONE,NONE,NORMAL,0.0
2025-01-13T06:00:00Z,42260099999,"AGRA, IN",27.155831,77.960892,167.94,12.2,1018.95,99.39,12.2,1018.95,99.39,0,NONE,NONE,NORMAL,0.0
2025-01-13T07:00:00Z,42139099999,"MEERUT, IN",29.0166666,77.7166667,222.0,16.33,1018.77,69.44,16.33,1018.77,69.44,0,NONE,NONE,NORMAL,0.0
2025-01-13T07:00:00Z,42170099999,"CHURU, IN",28.25,74.9166666,291.0,11.73,1021.1,90.31,11.73,1021.1,100.0,1,DRIFT,RH,NORMAL,0.4
2025-01-13T07:00:00Z,42182099999,"SAFDARJUNG, IN",28.584511,77.205783,214.88,15.33,1019.43,76.69,15.33,1019.43,76.69,0,NONE,NONE,NORMAL,0.0
2025-01-13T07:00:00Z,42260099999,"AGRA, IN",27.155831,77.960892,167.94,12.22,1018.94,99.29,12.22,1018.94,99.29,0,NONE,NONE,NORMAL,0.0
2025-01-13T08:00:00Z,42139099999,"MEERUT, IN",29.0166666,77.7166667,222.0,17.87,1017.53,65.28,17.87,1017.53,65.28,0,NONE,NONE,NORMAL,0.0
2025-01-13T08:00:00Z,42170099999,"CHURU, IN",28.25,74.9166666,291.0,12.87,1020.2,86.1,12.87,1020.2,97.8,1,DRIFT,RH,NORMAL,0.42
2025-01-13T08:00:00Z,42182099999,"SAFDARJUNG, IN",28.584511,77.205783,214.88,16.67,1018.17,71.69,16.67,1018.17,71.69,0,NONE,NONE,NORMAL,0.0
2025-01-13T08:00:00Z,42260099999,"AGRA, IN",27.155831,77.960892,167.94,12.24,1018.93,99.19,12.24,1018.93,99.19,0,NONE,NONE,NORMAL,0.0
2025-01-13T09:00:00Z,42139099999,"MEERUT, IN",29.0166666,77.7166667,222.0,19.4,1016.3,61.43,19.4,1016.3,61.43,0,NONE,NONE,NORMAL,0.0
2025-01-13T09:00:00Z,42170099999,"CHURU, IN",28.25,74.9166666,291.0,14.0,1019.3,82.12,14.0,1019.3,94.27,1,DRIFT,RH,NORMAL,0.43
2025-01-13T09:00:00Z,42182099999,"SAFDARJUNG, IN",28.584511,77.205783,214.88,18.0,1016.9,67.06,18.0,1016.9,67.06,0,NONE,NONE,NORMAL,0.0
2025-01-13T09:00:00Z,42260099999,"AGRA, IN",27.155831,77.960892,167.94,12.25,1018.92,99.09,12.25,1018.92,99.09,0,NONE,NONE,NORMAL,0.0
2025-01-13T10:00:00Z,42139099999,"MEERUT, IN",29.0166666,77.7166667,222.0,18.8,1016.2,64.91,18.8,1016.2,64.91,0,NONE,NONE,NORMAL,0.0
2025-01-13T10:00:00Z,42170099999,"CHURU, IN",28.25,74.9166666,291.0,14.67,1019.07,81.13,14.67,1019.07,93.73,1,DRIFT,RH,NORMAL,0.45
2025-01-13T10:00:00Z,42182099999,"SAFDARJUNG, IN",28.584511,77.205783,214.88,17.4,1016.8,71.51,17.4,1016.8,71.51,0,NONE,NONE,NORMAL,0.0
2025-01-13T10:00:00Z,42260099999,"AGRA, IN",27.155831,77.960892,167.94,12.27,1018.92,98.99,12.27,1018.92,98.99,0,NONE,NONE,NORMAL,0.0
2025-01-13T11:00:00Z,42139099999,"MEERUT, IN",29.0166666,77.7166667,222.0,18.2,1016.1,68.59,18.2,1016.1,68.59,0,NONE,NONE,NORMAL,0.0
2025-01-13T11:00:00Z,42170099999,"CHURU, IN",28.25,74.9166666,291.0,15.33,1018.83,80.15,15.33,1018.83,93.2,1,DRIFT,RH,NORMAL,0.47
2025-01-13T11:00:00Z,42182099999,"SAFDARJUNG, IN",28.584511,77.205783,214.88,16.8,1016.7,76.26,16.8,1016.7,76.26,0,NONE,NONE,NORMAL,0.0
2025-01-13T11:00:00Z,42260099999,"AGRA, IN",27.155831,77.960892,167.94,12.29,1018.91,98.89,12.29,1018.91,98.89,0,NONE,NONE,NORMAL,0.0
2025-01-13T12:00:00Z,42139099999,"MEERUT, IN",29.0166666,77.7166667,222.0,17.6,1016.0,72.49,17.6,1016.0,72.49,0,NONE,NONE,NORMAL,0.0
2025-01-13T12:00:00Z,42170099999,"CHURU, IN",28.25,74.9166666,291.0,16.0,1018.6,79.2,16.0,1018.6,92.7,1,DRIFT,RH,NORMAL,0.48
2025-01-13T12:00:00Z,42182099999,"SAFDARJUNG, IN",28.584511,77.205783,214.88,16.2,1016.6,81.33,16.2,1016.6,81.33,0,NONE,NONE,NORMAL,0.0
2025-01-13T12:00:00Z,42260099999,"AGRA, IN",27.155831,77.960892,167.94,12.31,1018.9,98.79,12.31,1018.9,98.79,0,NONE,NONE,NORMAL,0.0
2025-01-13T13:00:00Z,42139099999,"MEERUT, IN",29.0166666,77.7166667,222.0,17.08,1016.26,73.48,17.08,1016.26,73.48,0,NONE,NONE,NORMAL,0.0
2025-01-13T13:00:00Z,42170099999,"CHURU, IN",28.25,74.9166666,291.0,14.73,1018.93,83.49,14.73,1018.93,97.44,1,DRIFT,RH,NORMAL,0.5
2025-01-13T13:00:00Z,42182099999,"SAFDARJUNG, IN",28.584511,77.205783,214.88,15.47,1017.17,84.31,15.47,1017.17,84.31,0,NONE,NONE,NORMAL,0.0
2025-01-13T13:00:00Z,42260099999,"AGRA, IN",27.155831,77.960892,167.94,12.32,1018.89,98.69,12.32,1018.89,98.69,0,NONE,NONE,NORMAL,0.0
2025-01-13T14:00:00Z,42139099999,"MEERUT, IN",29.0166666,77.7166667,222.0,16.56,1016.52,74.5,16.56,1016.52,74.5,0,NONE,NONE,NORMAL,0.0
2025-01-13T14:00:00Z,42170099999,"CHURU, IN",28.25,74.9166666,291.0,13.47,1019.27,88.08,13.47,1019.27,100.0,1,DRIFT,RH,NORMAL,0.51
2025-01-13T14:00:00Z,42182099999,"SAFDARJUNG, IN",28.584511,77.205783,214.88,14.73,1017.73,87.42,14.73,1017.73,87.42,0,NONE,NONE,NORMAL,0.0
2025-01-13T14:00:00Z,42260099999,"AGRA, IN",27.155831,77.960892,167.94,12.34,1018.88,98.59,12.34,1018.88,98.59,0,NONE,NONE,NORMAL,0.0
2025-01-13T15:00:00Z,42139099999,"MEERUT, IN",29.0166666,77.7166667,222.0,16.04,1016.78,75.53,16.04,1016.78,75.53,0,NONE,NONE,NORMAL,0.0
2025-01-13T15:00:00Z,42170099999,"CHURU, IN",28.25,74.9166666,291.0,12.2,1019.6,92.99,12.2,1019.6,100.0,1,DRIFT,RH,NORMAL,0.53
2025-01-13T15:00:00Z,42182099999,"SAFDARJUNG, IN",28.584511,77.205783,214.88,14.0,1018.3,90.67,14.0,1018.3,90.67,0,NONE,NONE,NORMAL,0.0
2025-01-13T15:00:00Z,42260099999,"AGRA, IN",27.155831,77.960892,167.94,12.36,1018.87,98.49,12.36,1018.87,98.49,0,NONE,NONE,NORMAL,0.0
2025-01-13T16:00:00Z,42139099999,"MEERUT, IN",29.0166666,77.7166667,222.0,15.52,1017.04,76.59,15.52,1017.04,76.59,0,NONE,NONE,NORMAL,0.0
2025-01-13T16:00:00Z,42170099999,"CHURU, IN",28.25,74.9166666,291.0,11.47,1019.77,95.25,11.47,1019.77,100.0,1,DRIFT,RH,NORMAL,0.55
2025-01-13T16:00:00Z,42182099999,"SAFDARJUNG, IN",28.584511,77.205783,214.88,13.13,1018.17,93.65,13.13,1018.17,93.65,0,NONE,NONE,NORMAL,0.0
2025-01-13T16:00:00Z,42260099999,"AGRA, IN",27.155831,77.960892,167.94,12.37,1018.86,98.39,12.37,1018.86,98.39,0,NONE,NONE,NORMAL,0.0
2025-01-13T17:00:00Z,42139099999,"MEERUT, IN",29.0166666,77.7166667,222.0,15.0,1017.3,77.67,15.0,1017.3,77.67,0,NONE,NONE,NORMAL,0.0
2025-01-13T17:00:00Z,42170099999,"CHURU, IN",28.25,74.9166666,291.0,10.73,1019.93,97.59,10.73,1019.93,100.0,1,DRIFT,RH,NORMAL,0.56
2025-01-13T17:00:00Z,42182099999,"SAFDARJUNG, IN",28.584511,77.205783,214.88,12.27,1018.03,96.76,12.27,1018.03,96.76,0,NONE,NONE,NORMAL,0.0
2025-01-13T17:00:00Z,42260099999,"AGRA, IN",27.155831,77.960892,167.94,12.39,1018.86,98.29,12.39,1018.86,98.29,0,NONE,NONE,NORMAL,0.0
2025-01-13T18:00:00Z,42139099999,"MEERUT, IN",29.0166666,77.7166667,222.0,14.48,1017.56,78.77,14.48,1017.56,78.77,0,NONE,NONE,NORMAL,0.0
2025-01-13T18:00:00Z,42170099999,"CHURU, IN",28.25,74.9166666,291.0,10.0,1020.1,100.0,10.0,1020.1,100.0,1,DRIFT,RH,NORMAL,0.58
2025-01-13T18:00:00Z,42182099999,"SAFDARJUNG, IN",28.584511,77.205783,214.88,11.4,1017.9,100.0,11.4,1017.9,100.0,0,NONE,NONE,NORMAL,0.0
2025-01-13T18:00:00Z,42260099999,"AGRA, IN",27.155831,77.960892,167.94,12.41,1018.85,98.19,12.41,1018.85,98.19,0,NONE,NONE,NORMAL,0.0
2025-01-13T19:00:00Z,42139099999,"MEERUT, IN",29.0166666,77.7166667,222.0,13.96,1017.82,79.89,13.96,1017.82,79.89,0,NONE,NONE,NORMAL,0.0
2025-01-13T19:00:00Z,42170099999,"CHURU, IN",28.25,74.9166666,291.0,9.67,1019.73,100.0,9.67,1019.73,100.0,1,DRIFT,RH,NORMAL,0.59
2025-01-13T19:00:00Z,42182099999,"SAFDARJUNG, IN",28.584511,77.205783,214.88,11.13,1017.7,100.0,11.13,1017.7,100.0,0,NONE,NONE,NORMAL,0.0
2025-01-13T19:00:00Z,42260099999,"AGRA, IN",27.155831,77.960892,167.94,12.43,1018.84,98.09,12.43,1018.84,98.09,0,NONE,NONE,NORMAL,0.0
2025-01-13T20:00:00Z,42139099999,"MEERUT, IN",29.0166666,77.7166667,222.0,13.44,1018.08,81.03,13.44,1018.08,81.03,0,NONE,NONE,NORMAL,0.0
2025-01-13T20:00:00Z,42170099999,"CHURU, IN",28.25,74.9166666,291.0,9.33,1019.37,100.0,9.33,1019.37,100.0,0,NONE,NONE,NORMAL,0.0
2025-01-13T20:00:00Z,42182099999,"SAFDARJUNG, IN",28.584511,77.205783,214.88,10.87,1017.5,100.0,10.87,1017.5,100.0,0,NONE,NONE,NORMAL,0.0
2025-01-13T20:00:00Z,42260099999,"AGRA, IN",27.155831,77.960892,167.94,12.44,1018.83,97.99,12.44,1018.83,97.99,0,NONE,NONE,NORMAL,0.0
2025-01-13T21:00:00Z,42139099999,"MEERUT, IN",29.0166666,77.7166667,222.0,12.92,1018.34,82.2,12.92,1018.34,82.2,0,NONE,NONE,NORMAL,0.0
2025-01-13T21:00:00Z,42170099999,"CHURU, IN",28.25,74.9166666,291.0,9.0,1019.0,100.0,9.0,1019.0,100.0,0,NONE,NONE,NORMAL,0.0
2025-01-13T21:00:00Z,42182099999,"SAFDARJUNG, IN",28.584511,77.205783,214.88,10.6,1017.3,100.0,10.6,1017.3,100.0,0,NONE,NONE,NORMAL,0.0
2025-01-13T21:00:00Z,42260099999,"AGRA, IN",27.155831,77.960892,167.94,12.46,1018.82,97.89,12.46,1018.82,97.89,0,NONE,NONE,NORMAL,0.0
2025-01-13T22:00:00Z,42139099999,"MEERUT, IN",29.0166666,77.7166667,222.0,12.4,1018.6,83.4,12.4,1018.6,83.4,0,NONE,NONE,NORMAL,0.0
2025-01-13T22:00:00Z,42170099999,"CHURU, IN",28.25,74.9166666,291.0,8.8,1019.13,100.0,8.8,1019.13,100.0,0,NONE,NONE,NORMAL,0.0
2025-01-13T22:00:00Z,42182099999,"SAFDARJUNG, IN",28.584511,77.205783,214.88,10.33,1017.43,100.0,10.33,1017.43,100.0,0,NONE,NONE,NORMAL,0.0
2025-01-13T22:00:00Z,42260099999,"AGRA, IN",27.155831,77.960892,167.94,12.48,1018.81,97.8,12.48,1018.81,97.8,0,NONE,NONE,NORMAL,0.0
2025-01-13T23:00:00Z,42139099999,"MEERUT, IN",29.0166666,77.7166667,222.0,11.88,1018.86,84.62,11.88,1018.86,84.62,0,NONE,NONE,NORMAL,0.0
2025-01-13T23:00:00Z,42170099999,"CHURU, IN",28.25,74.9166666,291.0,8.6,1019.27,100.0,8.6,1019.27,100.0,0,NONE,NONE,NORMAL,0.0
2025-01-13T23:00:00Z,42182099999,"SAFDARJUNG, IN",28.584511,77.205783,214.88,10.07,1017.57,100.0,10.07,1017.57,100.0,0,NONE,NONE,NORMAL,0.0
2025-01-13T23:00:00Z,42260099999,"AGRA, IN",27.155831,77.960892,167.94,12.49,1018.8,97.7,12.49,1018.8,97.7,0,NONE,NONE,NORMAL,0.0
2025-01-14T00:00:00Z,42139099999,"MEERUT, IN",29.0166666,77.7166667,222.0,11.36,1019.12,85.86,11.36,1019.12,85.86,0,NONE,NONE,NORMAL,0.0
2025-01-14T00:00:00Z,42170099999,"CHURU, IN",28.25,74.9166666,291.0,8.4,1019.4,100.0,8.4,1019.4,100.0,0,NONE,NONE,NORMAL,0.0
2025-01-14T00:00:00Z,42182099999,"SAFDARJUNG, IN",28.584511,77.205783,214.88,9.8,1017.7,100.0,9.8,1017.7,100.0,0,NONE,NONE,NORMAL,0.0
2025-01-14T00:00:00Z,42260099999,"AGRA, IN",27.155831,77.960892,167.94,12.51,1018.8,97.6,12.51,1018.8,97.6,0,NONE,NONE,NORMAL,0.0
2025-01-14T01:00:00Z,42139099999,"MEERUT, IN",29.0166666,77.7166667,222.0,10.84,1019.38,87.14,10.84,1019.38,87.14,0,NONE,NONE,NORMAL,0.0
2025-01-14T01:00:00Z,42170099999,"CHURU, IN",28.25,74.9166666,291.0,8.0,1020.1,100.0,8.0,1020.1,100.0,0,NONE,NONE,NORMAL,0.0
2025-01-14T01:00:00Z,42182099999,"SAFDARJUNG, IN",28.584511,77.205783,214.88,9.87,1018.57,100.0,9.87,1018.57,100.0,0,NONE,NONE,NORMAL,0.0
2025-01-14T01:00:00Z,42260099999,"AGRA, IN",27.155831,77.960892,167.94,12.53,1018.79,97.5,12.53,1018.79,97.5,0,NONE,NONE,NORMAL,0.0
2025-01-14T02:00:00Z,42139099999,"MEERUT, IN",29.0166666,77.7166667,222.0,10.32,1019.64,88.44,10.32,1019.64,88.44,0,NONE,NONE,NORMAL,0.0
2025-01-14T02:00:00Z,42170099999,"CHURU, IN",28.25,74.9166666,291.0,7.6,1020.8,100.0,7.6,1020.8,100.0,0,NONE,NONE,NORMAL,0.0
2025-01-14T02:00:00Z,42182099999,"SAFDARJUNG, IN",28.584511,77.205783,214.88,9.93,1019.43,100.0,9.93,1019.43,100.0,0,NONE,NONE,NORMAL,0.0
2025-01-14T02:00:00Z,42260099999,"AGRA, IN",27.155831,77.960892,167.94,12.55,1018.78,97.4,12.55,1018.78,97.4,0,NONE,NONE,NORMAL,0.0
2025-01-14T03:00:00Z,42139099999,"MEERUT, IN",29.0166666,77.7166667,222.0,9.8,1019.9,89.76,9.8,1019.9,89.76,0,NONE,NONE,NORMAL,0.0
2025-01-14T03:00:00Z,42170099999,"CHURU, IN",28.25,74.9166666,291.0,7.2,1021.5,100.0,7.2,1021.5,100.0,0,NONE,NONE,NORMAL,0.0
2025-01-14T03:00:00Z,42182099999,"SAFDARJUNG, IN",28.584511,77.205783,214.88,10.0,1020.3,100.0,10.0,1020.3,100.0,0,NONE,NONE,NORMAL,0.0
2025-01-14T03:00:00Z,42260099999,"AGRA, IN",27.155831,77.960892,167.94,12.56,1018.77,97.3,12.56,1018.77,97.3,0,NONE,NONE,NORMAL,0.0
2025-01-14T04:00:00Z,42139099999,"MEERUT, IN",29.0166666,77.7166667,222.0,11.27,1020.27,84.02,11.27,1020.27,84.02,0,NONE,NONE,NORMAL,0.0
2025-01-14T04:00:00Z,42170099999,"CHURU, IN",28.25,74.9166666,291.0,8.87,1021.77,96.67,8.87,1021.77,96.67,0,NONE,NONE,NORMAL,0.0
2025-01-14T04:00:00Z,42182099999,"SAFDARJUNG, IN",28.584511,77.205783,214.88,11.67,1020.57,93.79,11.67,1020.57,93.79,0,NONE,NONE,NORMAL,0.0
2025-01-14T04:00:00Z,42260099999,"AGRA, IN",27.155831,77.960892,167.94,12.58,1018.76,97.2,12.58,1018.76,97.2,0,NONE,NONE,NORMAL,0.0
2025-01-14T05:00:00Z,42139099999,"MEERUT, IN",29.0166666,77.7166667,222.0,12.73,1020.63,78.72,12.73,1020.63,78.72,0,NONE,NONE,NORMAL,0.0
2025-01-14T05:00:00Z,42170099999,"CHURU, IN",28.25,74.9166666,291.0,10.53,1022.03,93.53,10.53,1022.03,93.53,0,NONE,NONE,NORMAL,0.0
2025-01-14T05:00:00Z,42182099999,"SAFDARJUNG, IN",28.584511,77.205783,214.88,13.33,1020.83,88.07,13.33,1020.83,88.07,0,NONE,NONE,NORMAL,0.0
2025-01-14T05:00:00Z,42260099999,"AGRA, IN",27.155831,77.960892,167.94,12.6,1018.75,97.11,12.6,1018.75,97.11,0,NONE,NONE,NORMAL,0.0
2025-01-14T06:00:00Z,42139099999,"MEERUT, IN",29.0166666,77.7166667,222.0,14.2,1021.0,73.83,14.2,1021.0,73.83,0,NONE,NONE,NORMAL,0.0
2025-01-14T06:00:00Z,42170099999,"CHURU, IN",28.25,74.9166666,291.0,12.2,1022.3,90.55,12.2,1022.3,90.55,0,NONE,NONE,NORMAL,0.0
2025-01-14T06:00:00Z,42182099999,"SAFDARJUNG, IN",28.584511,77.205783,214.88,15.0,1021.1,82.79,15.0,1021.1,82.79,0,NONE,NONE,NORMAL,0.0
2025-01-14T06:00:00Z,42260099999,"AGRA, IN",27.155831,77.960892,167.94,12.61,1018.75,97.01,12.61,1018.75,97.01,0,NONE,NONE,NORMAL,0.0
2025-01-14T07:00:00Z,42139099999,"MEERUT, IN",29.0166666,77.7166667,222.0,15.13,1020.3,71.88,15.13,1020.3,71.88,0,NONE,NONE,NORMAL,0.0
2025-01-14T07:00:00Z,42170099999,"CHURU, IN",28.25,74.9166666,291.0,14.2,1021.2,77.37,14.2,1021.2,77.37,0,NONE,NONE,NORMAL,0.0
2025-01-14T07:00:00Z,42182099999,"SAFDARJUNG, IN",28.584511,77.205783,214.88,16.73,1020.13,73.94,16.73,1020.13,73.94,0,NONE,NONE,NORMAL,0.0
2025-01-14T07:00:00Z,42260099999,"AGRA, IN",27.155831,77.960892,167.94,12.63,1018.74,96.91,12.63,1018.74,96.91,0,NONE,NONE,NORMAL,0.0
2025-01-14T08:00:00Z,42139099999,"MEERUT, IN",29.0166666,77.7166667,222.0,16.07,1019.6,70.0,16.07,1019.6,70.0,0,NONE,NONE,NORMAL,0.0
2025-01-14T08:00:00Z,42170099999,"CHURU, IN",28.25,74.9166666,291.0,16.2,1020.1,66.24,16.2,1020.1,66.24,0,NONE,NONE,NORMAL,0.0
2025-01-14T08:00:00Z,42182099999,"SAFDARJUNG, IN",28.584511,77.205783,214.88,18.47,1019.17,66.13,18.47,1019.17,66.13,0,NONE,NONE,NORMAL,0.0
2025-01-14T08:00:00Z,42260099999,"AGRA, IN",27.155831,77.960892,167.94,12.65,1018.73,96.81,12.65,1018.73,96.81,0,NONE,NONE,NORMAL,0.0
2025-01-14T09:00:00Z,42139099999,"MEERUT, IN",29.0166666,77.7166667,222.0,17.0,1018.9,68.2,17.0,1018.9,68.2,0,NONE,NONE,NORMAL,0.0
2025-01-14T09:00:00Z,42170099999,"CHURU, IN",28.25,74.9166666,291.0,18.2,1019.0,56.82,18.2,1019.0,56.82,0,NONE,NONE,NORMAL,0.0
2025-01-14T09:00:00Z,42182099999,"SAFDARJUNG, IN",28.584511,77.205783,214.88,20.2,1018.2,59.23,20.2,1018.2,59.23,0,NONE,NONE,NORMAL,0.0
2025-01-14T09:00:00Z,42260099999,"AGRA, IN",27.155831,77.960892,167.94,12.67,1018.72,96.71,12.67,1018.72,96.71,0,NONE,NONE,NORMAL,0.0
2025-01-14T10:00:00Z,42139099999,"MEERUT, IN",29.0166666,77.7166667,222.0,16.87,1018.7,73.0,16.87,1018.7,73.0,0,NONE,NONE,NORMAL,0.0
2025-01-14T10:00:00Z,42170099999,"CHURU, IN",28.25,74.9166666,291.0,17.87,1018.8,56.99,17.87,1018.8,56.99,0,NONE,NONE,NORMAL,0.0
2025-01-14T10:00:00Z,42182099999,"SAFDARJUNG, IN",28.584511,77.205783,214.88,19.47,1018.2,66.05,19.47,1018.2,66.05,0,NONE,NONE,NORMAL,0.0
2025-01-14T10:00:00Z,42260099999,"AGRA, IN",27.155831,77.960892,167.94,12.68,1018.71,96.62,12.68,1018.71,96.62,0,NONE,NONE,NORMAL,0.0
2025-01-14T11:00:00Z,42139099999,"MEERUT, IN",29.0166666,77.7166667,222.0,16.73,1018.5,78.1,16.73,1018.5,78.1,0,NONE,NONE,NORMAL,0.0
2025-01-14T11:00:00Z,42170099999,"CHURU, IN",28.25,74.9166666,291.0,17.53,1018.6,57.16,17.53,1018.6,57.16,0,NONE,NONE,NORMAL,0.0
2025-01-14T11:00:00Z,42182099999,"SAFDARJUNG, IN",28.584511,77.205783,214.88,18.73,1018.2,73.64,18.73,1018.2,73.64,0,NONE,NONE,NORMAL,0.0
2025-01-14T11:00:00Z,42260099999,"AGRA, IN",27.155831,77.960892,167.94,12.7,1018.7,96.52,12.7,1018.7,96.52,0,NONE,NONE,NORMAL,0.0
2025-01-14T12:00:00Z,42139099999,"MEERUT, IN",29.0166666,77.7166667,222.0,16.6,1018.3,83.53,16.6,1018.3,83.53,0,NONE,NONE,NORMAL,0.0
2025-01-14T12:00:00Z,42170099999,"CHURU, IN",28.25,74.9166666,291.0,17.2,1018.4,57.34,17.2,1018.4,57.34,0,NONE,NONE,NORMAL,0.0
2025-01-14T12:00:00Z,42182099999,"SAFDARJUNG, IN",28.584511,77.205783,214.88,18.0,1018.2,82.09,18.0,1018.2,82.09,0,NONE,NONE,NORMAL,0.0
2025-01-14T12:00:00Z,42260099999,"AGRA, IN",27.155831,77.960892,167.94,12.72,1018.69,96.42,12.72,1018.69,96.42,0,NONE,NONE,NORMAL,0.0
2025-01-14T13:00:00Z,42139099999,"MEERUT, IN",29.0166666,77.7166667,222.0,16.17,1018.62,84.5,16.17,1018.62,84.5,0,NONE,NONE,NORMAL,0.0
2025-01-14T13:00:00Z,42170099999,"CHURU, IN",28.25,74.9166666,291.0,15.53,1019.1,65.51,15.53,1019.1,65.51,0,NONE,NONE,NORMAL,0.0
2025-01-14T13:00:00Z,42182099999,"SAFDARJUNG, IN",28.584511,77.205783,214.88,15.87,1018.83,86.02,15.87,1018.83,86.02,0,NONE,NONE,NORMAL,0.0
2025-01-14T13:00:00Z,42260099999,"AGRA, IN",27.155831,77.960892,167.94,12.73,1018.69,96.32,12.73,1018.69,96.32,0,NONE,NONE,NORMAL,0.0
2025-01-14T14:00:00Z,42139099999,"MEERUT, IN",29.0166666,77.7166667,222.0,15.75,1018.94,85.49,15.75,1018.94,85.49,0,NONE,NONE,NORMAL,0.0
2025-01-14T14:00:00Z,42170099999,"CHURU, IN",28.25,74.9166666,291.0,13.87,1019.8,74.94,13.87,1019.8,74.94,0,NONE,NONE,NORMAL,0.0
2025-01-14T14:00:00Z,42182099999,"SAFDARJUNG, IN",28.584511,77.205783,214.88,13.73,1019.47,90.26,13.73,1019.47,90.26,0,NONE,NONE,NORMAL,0.0
2025-01-14T14:00:00Z,42260099999,"AGRA, IN",27.155831,77.960892,167.94,12.75,1018.68,96.23,12.75,1018.68,96.23,0,NONE,NONE,NORMAL,0.0
2025-01-14T15:00:00Z,42139099999,"MEERUT, IN",29.0166666,77.7166667,222.0,15.32,1019.26,86.49,15.32,1019.26,86.49,0,NONE,NONE,NORMAL,0.0
2025-01-14T15:00:00Z,42170099999,"CHURU, IN",28.25,74.9166666,291.0,12.2,1020.5,85.84,12.2,1020.5,85.84,0,NONE,NONE,NORMAL,0.0
2025-01-14T15:00:00Z,42182099999,"SAFDARJUNG, IN",28.584511,77.205783,214.88,11.6,1020.1,94.83,11.6,1020.1,94.83,0,NONE,NONE,NORMAL,0.0
2025-01-14T15:00:00Z,42260099999,"AGRA, IN",27.155831,77.960892,167.94,12.77,1018.67,96.13,12.77,1018.67,96.13,0,NONE,NONE,NORMAL,0.0
2025-01-14T16:00:00Z,42139099999,"MEERUT, IN",29.0166666,77.7166667,222.0,14.89,1019.58,87.51,14.89,1019.58,87.51,0,NONE,NONE,NORMAL,0.0
2025-01-14T16:00:00Z,42170099999,"CHURU, IN",28.25,74.9166666,291.0,11.2,1020.7,89.47,11.2,1020.7,89.47,0,NONE,NONE,NORMAL,0.0
2025-01-14T16:00:00Z,42182099999,"SAFDARJUNG, IN",28.584511,77.205783,214.88,11.07,1019.93,96.51,11.07,1019.93,96.51,0,NONE,NONE,NORMAL,0.0
2025-01-14T16:00:00Z,42260099999,"AGRA, IN",27.155831,77.960892,167.94,12.79,1018.66,96.03,12.79,1018.66,96.03,0,NONE,NONE,NORMAL,0.0
2025-01-14T17:00:00Z,42139099999,"MEERUT, IN",29.0166666,77.7166667,222.0,14.47,1019.9,88.55,14.47,1019.9,88.55,0,NONE,NONE,NORMAL,0.0
2025-01-14T17:00:00Z,42170099999,"CHURU, IN",28.25,74.9166666,291.0,10.2,1020.9,93.3,10.2,1020.9,93.3,0,NONE,NONE,NORMAL,0.0
2025-01-14T17:00:00Z,42182099999,"SAFDARJUNG, IN",28.584511,77.205783,214.88,10.53,1019.77,98.24,10.53,1019.77,98.24,0,NONE,NONE,NORMAL,0.0
2025-01-14T17:00:00Z,42260099999,"AGRA, IN",27.155831,77.960892,167.94,12.8,1018.65,95.94,12.8,1018.65,95.94,0,NONE,NONE,NORMAL,0.0
2025-01-14T18:00:00Z,42139099999,"MEERUT, IN",29.0166666,77.7166667,222.0,14.04,1020.22,89.61,14.04,1020.22,89.61,0,NONE,NONE,NORMAL,0.0
2025-01-14T18:00:00Z,42170099999,"CHURU, IN",28.25,74.9166666,291.0,9.2,1021.1,97.34,9.2,1021.1,97.34,0,NONE,NONE,NORMAL,0.0
2025-01-14T18:00:00Z,42182099999,"SAFDARJUNG, IN",28.584511,77.205783,214.88,10.0,1019.6,100.0,10.0,1019.6,100.0,0,NONE,NONE,NORMAL,0.0
2025-01-14T18:00:00Z,42260099999,"AGRA, IN",27.155831,77.960892,167.94,12.82,1018.64,95.84,12.82,1018.64,95.84,0,NONE,NONE,NORMAL,0.0
2025-01-14T19:00:00Z,42139099999,"MEERUT, IN",29.0166666,77.7166667,222.0,13.61,1020.54,90.69,13.61,1020.54,90.69,0,NONE,NONE,NORMAL,0.0
2025-01-14T19:00:00Z,42170099999,"CHURU, IN",28.25,74.9166666,291.0,8.93,1020.9,97.33,8.93,1020.9,97.33,0,NONE,NONE,NORMAL,0.0
2025-01-14T19:00:00Z,42182099999,"SAFDARJUNG, IN",28.584511,77.205783,214.88,9.53,1019.87,100.0,9.53,1019.87,100.0,0,NONE,NONE,NORMAL,0.0
2025-01-14T19:00:00Z,42260099999,"AGRA, IN",27.155831,77.960892,167.94,12.84,1018.63,95.74,12.84,1018.63,95.74,0,NONE,NONE,NORMAL,0.0
2025-01-14T20:00:00Z,42139099999,"MEERUT, IN",29.0166666,77.7166667,222.0,13.19,1020.86,91.78,13.19,1020.86,91.78,0,NONE,NONE,NORMAL,0.0
2025-01-14T20:00:00Z,42170099999,"CHURU, IN",28.25,74.9166666,291.0,8.67,1020.7,97.33,8.67,1020.7,97.33,0,NONE,NONE,NORMAL,0.0
2025-01-14T20:00:00Z,42182099999,"SAFDARJUNG, IN",28.584511,77.205783,214.88,9.07,1020.13,100.0,9.07,1020.13,100.0,0,NONE,NONE,NORMAL,0.0
2025-01-14T20:00:00Z,42260099999,"AGRA, IN",27.155831,77.960892,167.94,12.85,1018.63,95.65,12.85,1018.63,95.65,0,NONE,NONE,NORMAL,0.0
2025-01-14T21:00:00Z,42139099999,"MEERUT, IN",29.0166666,77.7166667,222.0,12.76,1021.18,92.89,12.76,1021.18,92.89,0,NONE,NONE,NORMAL,0.0
2025-01-14T21:00:00Z,42170099999,"CHURU, IN",28.25,74.9166666,291.0,8.4,1020.5,97.32,8.4,1020.5,97.32,0,NONE,NONE,NORMAL,0.0
2025-01-14T21:00:00Z,42182099999,"SAFDARJUNG, IN",28.584511,77.205783,214.88,8.6,1020.4,100.0,8.6,1020.4,100.0,0,NONE,NONE,NORMAL,0.0
2025-01-14T21:00:00Z,42260099999,"AGRA, IN",27.155831,77.960892,167.94,12.87,1018.62,95.55,12.87,1018.62,95.55,0,NONE,NONE,NORMAL,0.0
2025-01-14T22:00:00Z,42139099999,"MEERUT, IN",29.0166666,77.7166667,222.0,12.33,1021.5,94.03,12.33,1021.5,94.03,0,NONE,NONE,NORMAL,0.0
2025-01-14T22:00:00Z,42170099999,"CHURU, IN",28.25,74.9166666,291.0,7.67,1020.7,97.3,7.67,1020.7,97.3,0,NONE,NONE,NORMAL,0.0
2025-01-14T22:00:00Z,42182099999,"SAFDARJUNG, IN",28.584511,77.205783,214.88,8.07,1020.7,100.0,8.07,1020.7,100.0,0,NONE,NONE,NORMAL,0.0
2025-01-14T22:00:00Z,42260099999,"AGRA, IN",27.155831,77.960892,167.94,12.89,1018.61,95.45,12.89,1018.61,95.45,0,NONE,NONE,NORMAL,0.0
2025-01-14T23:00:00Z,42139099999,"MEERUT, IN",29.0166666,77.7166667,222.0,11.91,1021.82,95.18,11.91,1021.82,95.18,0,NONE,NONE,NORMAL,0.0
2025-01-14T23:00:00Z,42170099999,"CHURU, IN",28.25,74.9166666,291.0,6.93,1020.9,97.29,6.93,1020.9,97.29,0,NONE,NONE,NORMAL,0.0
2025-01-14T23:00:00Z,42182099999,"SAFDARJUNG, IN",28.584511,77.205783,214.88,7.53,1021.0,100.0,7.53,1021.0,100.0,0,NONE,NONE,NORMAL,0.0
2025-01-14T23:00:00Z,42260099999,"AGRA, IN",27.155831,77.960892,167.94,12.91,1018.6,95.36,12.91,1018.6,95.36,0,NONE,NONE,NORMAL,0.0
2025-01-15T00:00:00Z,42139099999,"MEERUT, IN",29.0166666,77.7166667,222.0,11.48,1022.14,96.35,11.48,1022.14,96.35,0,NONE,NONE,NORMAL,0.0
2025-01-15T00:00:00Z,42170099999,"CHURU, IN",28.25,74.9166666,291.0,6.2,1021.1,97.27,6.2,1021.1,97.27,0,NONE,NONE,NORMAL,0.0
2025-01-15T00:00:00Z,42182099999,"SAFDARJUNG, IN",28.584511,77.205783,214.88,7.0,1021.3,100.0,7.0,1021.3,100.0,0,NONE,NONE,NORMAL,0.0
2025-01-15T00:00:00Z,42260099999,"AGRA, IN",27.155831,77.960892,167.94,12.92,1018.59,95.26,12.92,1018.59,95.26,0,NONE,NONE,NORMAL,0.0
2025-01-15T01:00:00Z,42139099999,"MEERUT, IN",29.0166666,77.7166667,222.0,11.05,1022.46,97.55,11.05,1022.46,97.55,0,NONE,NONE,NORMAL,0.0
2025-01-15T01:00:00Z,42170099999,"CHURU, IN",28.25,74.9166666,291.0,6.27,1021.6,98.18,6.27,1021.6,98.18,0,NONE,NONE,NORMAL,0.0
2025-01-15T01:00:00Z,42182099999,"SAFDARJUNG, IN",28.584511,77.205783,214.88,7.67,1021.87,99.09,7.67,1021.87,99.09,0,NONE,NONE,NORMAL,0.0
2025-01-15T01:00:00Z,42260099999,"AGRA, IN",27.155831,77.960892,167.94,12.94,1018.58,95.17,12.94,1018.58,95.17,0,NONE,NONE,NORMAL,0.0
2025-01-15T02:00:00Z,42139099999,"MEERUT, IN",29.0166666,77.7166667,222.0,10.63,1022.78,98.76,10.63,1022.78,98.76,0,NONE,NONE,NORMAL,0.0
2025-01-15T02:00:00Z,42170099999,"CHURU, IN",28.25,74.9166666,291.0,6.33,1022.1,99.08,6.33,1022.1,99.08,0,NONE,NONE,NORMAL,0.0
2025-01-15T02:00:00Z,42182099999,"SAFDARJUNG, IN",28.584511,77.205783,214.88,8.33,1022.43,98.21,8.33,1022.43,98.21,0,NONE,NONE,NORMAL,0.0
2025-01-15T02:00:00Z,42260099999,"AGRA, IN",27.155831,77.960892,167.94,12.96,1018.58,95.07,12.96,1018.58,95.07,0,NONE,NONE,NORMAL,0.0
2025-01-15T03:00:00Z,42139099999,"MEERUT, IN",29.0166666,77.7166667,222.0,10.2,1023.1,100.0,10.2,1023.1,100.0,0,NONE,NONE,NORMAL,0.0
2025-01-15T03:00:00Z,42170099999,"CHURU, IN",28.25,74.9166666,291.0,6.4,1022.6,100.0,6.4,1022.6,100.0,0,NONE,NONE,NORMAL,0.0
2025-01-15T03:00:00Z,42182099999,"SAFDARJUNG, IN",28.584511,77.205783,214.88,9.0,1023.0,97.33,9.0,1023.0,97.33,0,NONE,NONE,NORMAL,0.0
2025-01-15T03:00:00Z,42260099999,"AGRA, IN",27.155831,77.960892,167.94,12.97,1018.57,94.97,12.97,1018.57,94.97,0,NONE,NONE,NORMAL,0.0
2025-01-15T04:00:00Z,42139099999,"MEERUT, IN",29.0166666,77.7166667,222.0,10.53,1023.2,100.0,10.53,1023.2,100.0,0,NONE,NONE,NORMAL,0.0
2025-01-15T04:00:00Z,42170099999,"CHURU, IN",28.25,74.9166666,291.0,8.6,1022.63,95.79,8.6,1022.63,95.79,0,NONE,NONE,NORMAL,0.0
2025-01-15T04:00:00Z,42182099999,"SAFDARJUNG, IN",28.584511,77.205783,214.88,10.07,1022.9,96.49,10.07,1022.9,96.49,0,NONE,NONE,NORMAL,0.0
2025-01-15T04:00:00Z,42260099999,"AGRA, IN",27.155831,77.960892,167.94,12.99,1018.56,94.88,12.99,1018.56,94.88,0,NONE,NONE,NORMAL,0.0
2025-01-15T05:00:00Z,42139099999,"MEERUT, IN",29.0166666,77.7166667,222.0,10.87,1023.3,100.0,10.87,1023.3,100.0,0,NONE,NONE,NORMAL,0.0
2025-01-15T05:00:00Z,42170099999,"CHURU, IN",28.25,74.9166666,291.0,10.8,1022.67,91.88,10.8,1022.67,91.88,0,NONE,NONE,NORMAL,0.0
2025-01-15T05:00:00Z,42182099999,"SAFDARJUNG, IN",28.584511,77.205783,214.88,11.13,1022.8,95.66,11.13,1022.8,95.66,0,NONE,NONE,NORMAL,0.0
2025-01-15T05:00:00Z,42260099999,"AGRA, IN",27.155831,77.960892,167.94,13.01,1018.55,94.78,13.01,1018.55,94.78,0,NONE,NONE,NORMAL,0.0
2025-01-15T06:00:00Z,42139099999,"MEERUT, IN",29.0166666,77.7166667,222.0,11.2,1023.4,100.0,11.2,1023.4,100.0,0,NONE,NONE,NORMAL,0.0
2025-01-15T06:00:00Z,42170099999,"CHURU, IN",28.25,74.9166666,291.0,13.0,1022.7,88.23,13.0,1022.7,88.23,0,NONE,NONE,NORMAL,0.0
2025-01-15T06:00:00Z,42182099999,"SAFDARJUNG, IN",28.584511,77.205783,214.88,12.2,1022.7,94.86,12.2,1022.7,94.86,0,NONE,NONE,NORMAL,0.0
2025-01-15T06:00:00Z,42260099999,"AGRA, IN",27.155831,77.960892,167.94,13.03,1018.54,94.69,13.03,1018.54,94.69,0,NONE,NONE,NORMAL,0.0
2025-01-15T07:00:00Z,42139099999,"MEERUT, IN",29.0166666,77.7166667,222.0,11.67,1022.27,98.47,11.67,1022.27,98.47,0,NONE,NONE,NORMAL,0.0
2025-01-15T07:00:00Z,42170099999,"CHURU, IN",28.25,74.9166666,291.0,15.2,1021.1,69.06,15.2,1021.1,69.06,0,NONE,NONE,NORMAL,0.0
2025-01-15T07:00:00Z,42182099999,"SAFDARJUNG, IN",28.584511,77.205783,214.88,13.67,1021.43,88.49,13.67,1021.43,33.49,1,SPIKE,RH,NORMAL,0.92
2025-01-15T07:00:00Z,42260099999,"AGRA, IN",27.155831,77.960892,167.94,13.04,1018.53,94.59,13.04,1018.53,94.59,0,NONE,NONE,NORMAL,0.0
2025-01-15T08:00:00Z,42139099999,"MEERUT, IN",29.0166666,77.7166667,222.0,12.13,1021.13,96.97,12.13,1021.13,96.97,0,NONE,NONE,NORMAL,0.0
2025-01-15T08:00:00Z,42170099999,"CHURU, IN",28.25,74.9166666,291.0,17.4,1019.5,54.11,17.4,1019.5,54.11,0,NONE,NONE,NORMAL,0.0
2025-01-15T08:00:00Z,42182099999,"SAFDARJUNG, IN",28.584511,77.205783,214.88,15.13,1020.17,82.63,15.13,1020.17,82.63,0,NONE,NONE,NORMAL,0.0
2025-01-15T08:00:00Z,42260099999,"AGRA, IN",27.155831,77.960892,167.94,13.06,1018.52,94.5,13.06,1018.52,94.5,0,NONE,NONE,NORMAL,0.0
2025-01-15T09:00:00Z,42139099999,"MEERUT, IN",29.0166666,77.7166667,222.0,12.6,1020.0,95.5,12.6,1020.0,95.5,0,NONE,NONE,NORMAL,0.0
2025-01-15T09:00:00Z,42170099999,"CHURU, IN",28.25,74.9166666,291.0,19.6,1017.9,42.45,19.6,1017.9,42.45,0,NONE,NONE,NORMAL,0.0
2025-01-15T09:00:00Z,42182099999,"SAFDARJUNG, IN",28.584511,77.205783,214.88,16.6,1018.9,77.23,16.6,1018.9,77.23,0,NONE,NONE,NORMAL,0.0
2025-01-15T09:00:00Z,42260099999,"AGRA, IN",27.155831,77.960892,167.94,13.08,1018.52,94.4,13.08,1018.52,94.4,0,NONE,NONE,NORMAL,0.0
2025-01-15T10:00:00Z,42139099999,"MEERUT, IN",29.0166666,77.7166667,222.0,12.73,1019.93,93.84,12.73,1019.93,93.84,0,NONE,NONE,NORMAL,0.0
2025-01-15T10:00:00Z,42170099999,"CHURU, IN",28.25,74.9166666,291.0,19.2,1017.6,44.93,19.2,1017.6,44.93,0,NONE,NONE,NORMAL,0.0
2025-01-15T10:00:00Z,42182099999,"SAFDARJUNG, IN",28.584511,77.205783,214.88,16.07,1018.83,79.73,16.07,1018.83,79.73,0,NONE,NONE,NORMAL,0.0
2025-01-15T10:00:00Z,42260099999,"AGRA, IN",27.155831,77.960892,167.94,13.09,1018.51,94.31,13.09,1018.51,94.31,0,NONE,NONE,NORMAL,0.0
2025-01-15T11:00:00Z,42139099999,"MEERUT, IN",29.0166666,77.7166667,222.0,12.87,1019.87,92.21,12.87,1019.87,92.21,0,NONE,NONE,NORMAL,0.0
2025-01-15T11:00:00Z,42170099999,"CHURU, IN",28.25,74.9166666,291.0,18.8,1017.3,47.57,18.8,1017.3,47.57,0,NONE,NONE,NORMAL,0.0
2025-01-15T11:00:00Z,42182099999,"SAFDARJUNG, IN",28.584511,77.205783,214.88,15.53,1018.77,82.31,15.53,1018.77,82.31,0,NONE,NONE,NORMAL,0.0
2025-01-15T11:00:00Z,42260099999,"AGRA, IN",27.155831,77.960892,167.94,13.11,1018.5,94.21,13.11,1018.5,94.21,0,NONE,NONE,NORMAL,0.0
2025-01-15T12:00:00Z,42139099999,"MEERUT, IN",29.0166666,77.7166667,222.0,13.0,1019.8,90.6,13.0,1019.8,90.6,0,NONE,NONE,NORMAL,0.0
2025-01-15T12:00:00Z,42170099999,"CHURU, IN",28.25,74.9166666,291.0,18.4,1017.0,50.35,18.4,1017.0,50.35,0,NONE,NONE,NORMAL,0.0
2025-01-15T12:00:00Z,42182099999,"SAFDARJUNG, IN",28.584511,77.205783,214.88,15.0,1018.7,85.0,15.0,1018.7,85.0,0,NONE,NONE,NORMAL,0.0
2025-01-15T12:00:00Z,42260099999,"AGRA, IN",27.155831,77.960892,167.94,13.13,1018.49,94.12,13.13,1018.49,94.12,0,NONE,NONE,NORMAL,0.0
2025-01-15T13:00:00Z,42139099999,"MEERUT, IN",29.0166666,77.7166667,222.0,12.92,1019.95,91.04,12.92,1019.95,91.04,0,NONE,NONE,NORMAL,0.0
2025-01-15T13:00:00Z,42170099999,"CHURU, IN",28.25,74.9166666,291.0,17.27,1017.47,57.87,17.27,1017.47,57.87,0,NONE,NONE,NORMAL,0.0
2025-01-15T13:00:00Z,42182099999,"SAFDARJUNG, IN",28.584511,77.205783,214.88,14.47,1018.87,86.83,14.47,1018.87,86.83,0,NONE,NONE,NORMAL,0.0
2025-01-15T13:00:00Z,42260099999,"AGRA, IN",27.155831,77.960892,167.94,13.15,1018.48,94.02,13.15,1018.48,94.02,0,NONE,NONE,NORMAL,0.0
2025-01-15T14:00:00Z,42139099999,"MEERUT, IN",29.0166666,77.7166667,222.0,12.84,1020.11,91.48,12.84,1020.11,91.48,0,NONE,NONE,NORMAL,0.0
2025-01-15T14:00:00Z,42170099999,"CHURU, IN",28.25,74.9166666,291.0,16.13,1017.93,66.52,16.13,1017.93,66.52,0,NONE,NONE,NORMAL,0.0
2025-01-15T14:00:00Z,42182099999,"SAFDARJUNG, IN",28.584511,77.205783,214.88,13.93,1019.03,88.7,13.93,1019.03,88.7,0,NONE,NONE,NORMAL,0.0
2025-01-15T14:00:00Z,42260099999,"AGRA, IN",27.155831,77.960892,167.94,13.16,1018.47,93.93,13.16,1018.47,93.93,0,NONE,NONE,NORMAL,0.0
2025-01-15T15:00:00Z,42139099999,"MEERUT, IN",29.0166666,77.7166667,222.0,12.76,1020.26,91.92,12.76,1020.26,91.92,0,NONE,NONE,NORMAL,0.0
2025-01-15T15:00:00Z,42170099999,"CHURU, IN",28.25,74.9166666,291.0,15.0,1018.4,76.47,15.0,1018.4,76.47,0,NONE,NONE,NORMAL,0.0
2025-01-15T15:00:00Z,42182099999,"SAFDARJUNG, IN",28.584511,77.205783,214.88,13.4,1019.2,90.63,13.4,1019.2,90.63,0,NONE,NONE,NORMAL,0.0
2025-01-15T15:00:00Z,42260099999,"AGRA, IN",27.155831,77.960892,167.94,13.18,1018.47,93.83,13.18,1018.47,93.83,0,NONE,NONE,NORMAL,0.0
2025-01-15T16:00:00Z,42139099999,"MEERUT, IN",29.0166666,77.7166667,222.0,12.68,1020.41,92.36,12.68,1020.41,92.36,0,NONE,NONE,NORMAL,0.0
2025-01-15T16:00:00Z,42170099999,"CHURU, IN",28.25,74.9166666,291.0,14.4,1018.5,80.91,14.4,1018.5,80.91,0,NONE,NONE,NORMAL,0.0
2025-01-15T16:00:00Z,42182099999,"SAFDARJUNG, IN",28.584511,77.205783,214.88,13.2,1019.37,91.42,13.2,1019.37,91.42,0,NONE,NONE,NORMAL,0.0
2025-01-15T16:00:00Z,42260099999,"AGRA, IN",27.155831,77.960892,167.94,13.2,1018.46,93.74,13.2,1018.46,93.74,0,NONE,NONE,NORMAL,0.0
2025-01-15T17:00:00Z,42139099999,"MEERUT, IN",29.0166666,77.7166667,222.0,12.6,1020.57,92.8,12.6,1020.57,92.8,0,NONE,NONE,NORMAL,0.0
2025-01-15T17:00:00Z,42170099999,"CHURU, IN",28.25,74.9166666,291.0,13.8,1018.6,85.62,13.8,1018.6,85.62,0,NONE,NONE,NORMAL,0.0
2025-01-15T17:00:00Z,42182099999,"SAFDARJUNG, IN",28.584511,77.205783,214.88,13.0,1019.53,92.22,13.0,1019.53,92.22,0,NONE,NONE,NORMAL,0.0
2025-01-15T17:00:00Z,42260099999,"AGRA, IN",27.155831,77.960892,167.94,13.21,1018.45,93.65,13.21,1018.45,93.65,0,NONE,NONE,NORMAL,0.0
2025-01-15T18:00:00Z,42139099999,"MEERUT, IN",29.0166666,77.7166667,222.0,12.52,1020.72,93.25,12.52,1020.72,93.25,0,NONE,NONE,NORMAL,0.0
2025-01-15T18:00:00Z,42170099999,"CHURU, IN",28.25,74.9166666,291.0,13.2,1018.7,90.62,13.2,1018.7,90.62,0,NONE,NONE,NORMAL,0.0
2025-01-15T18:00:00Z,42182099999,"SAFDARJUNG, IN",28.584511,77.205783,214.88,12.8,1019.7,93.02,12.8,1019.7,93.02,0,NONE,NONE,NORMAL,0.0
2025-01-15T18:00:00Z,42260099999,"AGRA, IN",27.155831,77.960892,167.94,13.23,1018.44,93.55,13.23,1018.44,93.55,0,NONE,NONE,NORMAL,0.0
2025-01-15T19:00:00Z,42139099999,"MEERUT, IN",29.0166666,77.7166667,222.0,12.44,1020.87,93.7,12.44,1020.87,93.7,0,NONE,NONE,NORMAL,0.0
2025-01-15T19:00:00Z,42170099999,"CHURU, IN",28.25,74.9166666,291.0,12.6,1018.8,93.63,12.6,1018.8,93.63,0,NONE,NONE,NORMAL,0.0
2025-01-15T19:00:00Z,42182099999,"SAFDARJUNG, IN",28.584511,77.205783,214.88,12.6,1019.6,95.29,12.6,1019.6,95.29,0,NONE,NONE,NORMAL,0.0
2025-01-15T19:00:00Z,42260099999,"AGRA, IN",27.155831,77.960892,167.94,13.25,1018.43,93.46,13.25,1018.43,93.46,0,NONE,NONE,NORMAL,0.0
2025-01-15T20:00:00Z,42139099999,"MEERUT, IN",29.0166666,77.7166667,222.0,12.36,1021.03,94.15,12.36,1021.03,94.15,0,NONE,NONE,NORMAL,0.0
2025-01-15T20:00:00Z,42170099999,"CHURU, IN",28.25,74.9166666,291.0,12.0,1018.9,96.75,12.0,1018.9,96.75,0,NONE,NONE,NORMAL,0.0
2025-01-15T20:00:00Z,42182099999,"SAFDARJUNG, IN",28.584511,77.205783,214.88,12.4,1019.5,97.62,12.4,1019.5,97.62,0,NONE,NONE,NORMAL,0.0
2025-01-15T20:00:00Z,42260099999,"AGRA, IN",27.155831,77.960892,167.94,13.27,1018.42,93.36,13.27,1018.42,93.36,0,NONE,NONE,NORMAL,0.0
2025-01-15T21:00:00Z,42139099999,"MEERUT, IN",29.0166666,77.7166667,222.0,12.28,1021.18,94.61,12.28,1021.18,94.61,0,NONE,NONE,NORMAL,0.0
2025-01-15T21:00:00Z,42170099999,"CHURU, IN",28.25,74.9166666,291.0,11.4,1019.0,100.0,11.4,1019.0,100.0,0,NONE,NONE,NORMAL,0.0
2025-01-15T21:00:00Z,42182099999,"SAFDARJUNG, IN",28.584511,77.205783,214.88,12.2,1019.4,100.0,12.2,1019.4,100.0,0,NONE,NONE,NORMAL,0.0
2025-01-15T21:00:00Z,42260099999,"AGRA, IN",27.155831,77.960892,167.94,13.28,1018.41,93.27,13.28,1018.41,93.27,0,NONE,NONE,NORMAL,0.0
2025-01-15T22:00:00Z,42139099999,"MEERUT, IN",29.0166666,77.7166667,222.0,12.2,1021.33,95.07,12.2,1021.33,95.07,0,NONE,NONE,NORMAL,0.0
2025-01-15T22:00:00Z,42170099999,"CHURU, IN",28.25,74.9166666,291.0,11.0,1019.03,100.0,11.0,1019.03,100.0,0,NONE,NONE,NORMAL,0.0
2025-01-15T22:00:00Z,42182099999,"SAFDARJUNG, IN",28.584511,77.205783,214.88,11.87,1019.5,100.0,11.87,1019.5,100.0,0,NONE,NONE,NORMAL,0.0
2025-01-15T22:00:00Z,42260099999,"AGRA, IN",27.155831,77.960892,167.94,13.3,1018.41,93.18,13.3,1018.41,93.18,0,NONE,NONE,NORMAL,0.0
2025-01-15T23:00:00Z,42139099999,"MEERUT, IN",29.0166666,77.7166667,222.0,12.12,1021.49,95.53,12.12,1021.49,95.53,0,NONE,NONE,NORMAL,0.0
2025-01-15T23:00:00Z,42170099999,"CHURU, IN",28.25,74.9166666,291.0,10.6,1019.07,100.0,10.6,1019.07,100.0,0,NONE,NONE,NORMAL,0.0
2025-01-15T23:00:00Z,42182099999,"SAFDARJUNG, IN",28.584511,77.205783,214.88,11.53,1019.6,100.0,11.53,1019.6,100.0,0,NONE,NONE,NORMAL,0.0
2025-01-15T23:00:00Z,42260099999,"AGRA, IN",27.155831,77.960892,167.94,13.32,1018.4,93.08,13.32,1018.4,93.08,0,NONE,NONE,NORMAL,0.0
2025-01-16T00:00:00Z,42139099999,"MEERUT, IN",29.0166666,77.7166667,222.0,12.04,1021.64,95.99,12.04,1021.64,95.99,0,NONE,NONE,NORMAL,0.0
2025-01-16T00:00:00Z,42170099999,"CHURU, IN",28.25,74.9166666,291.0,10.2,1019.1,100.0,10.2,1019.1,100.0,0,NONE,NONE,NORMAL,0.0
2025-01-16T00:00:00Z,42182099999,"SAFDARJUNG, IN",28.584511,77.205783,214.88,11.2,1019.7,100.0,11.2,1019.7,100.0,0,NONE,NONE,NORMAL,0.0
2025-01-16T00:00:00Z,42260099999,"AGRA, IN",27.155831,77.960892,167.94,13.33,1018.39,92.99,13.33,1018.39,92.99,0,NONE,NONE,NORMAL,0.0
2025-01-16T01:00:00Z,42139099999,"MEERUT, IN",29.0166666,77.7166667,222.0,11.96,1021.79,96.45,11.96,1021.79,96.45,0,NONE,NONE,NORMAL,0.0
2025-01-16T01:00:00Z,42170099999,"CHURU, IN",28.25,74.9166666,291.0,10.13,1019.87,100.0,10.13,1019.87,100.0,0,NONE,NONE,NORMAL,0.0
2025-01-16T01:00:00Z,42182099999,"SAFDARJUNG, IN",28.584511,77.205783,214.88,11.4,1020.23,100.0,11.4,1020.23,100.0,0,NONE,NONE,NORMAL,0.0
2025-01-16T01:00:00Z,42260099999,"AGRA, IN",27.155831,77.960892,167.94,13.35,1018.38,92.9,13.35,1018.38,92.9,0,NONE,NONE,NORMAL,0.0
2025-01-16T02:00:00Z,42139099999,"MEERUT, IN",29.0166666,77.7166667,222.0,11.88,1021.95,96.92,11.88,1021.95,96.92,0,NONE,NONE,NORMAL,0.0
2025-01-16T02:00:00Z,42170099999,"CHURU, IN",28.25,74.9166666,291.0,10.07,1020.63,100.0,10.07,1020.63,100.0,0,NONE,NONE,NORMAL,0.0
2025-01-16T02:00:00Z,42182099999,"SAFDARJUNG, IN",28.584511,77.205783,214.88,11.6,1020.77,100.0,11.6,1020.77,100.0,0,NONE,NONE,NORMAL,0.0
2025-01-16T02:00:00Z,42260099999,"AGRA, IN",27.155831,77.960892,167.94,13.37,1018.37,92.8,13.37,1018.37,92.8,0,NONE,NONE,NORMAL,0.0
2025-01-16T03:00:00Z,42139099999,"MEERUT, IN",29.0166666,77.7166667,222.0,11.8,1022.1,97.39,11.8,1022.1,97.39,0,NONE,NONE,NORMAL,0.0
2025-01-16T03:00:00Z,42170099999,"CHURU, IN",28.25,74.9166666,291.0,10.0,1021.4,100.0,10.0,1021.4,100.0,0,NONE,NONE,NORMAL,0.0
2025-01-16T03:00:00Z,42182099999,"SAFDARJUNG, IN",28.584511,77.205783,214.88,11.8,1021.3,100.0,11.8,1021.3,100.0,0,NONE,NONE,NORMAL,0.0
2025-01-16T03:00:00Z,42260099999,"AGRA, IN",27.155831,77.960892,167.94,13.39,1018.36,92.71,13.39,1018.36,92.71,0,NONE,NONE,NORMAL,0.0
2025-01-16T04:00:00Z,42139099999,"MEERUT, IN",29.0166666,77.7166667,222.0,12.53,1022.43,93.62,12.53,1022.43,93.62,0,NONE,NONE,NORMAL,0.0
2025-01-16T04:00:00Z,42170099999,"CHURU, IN",28.25,74.9166666,291.0,10.47,1022.13,98.23,10.47,1022.13,98.23,0,NONE,NONE,NORMAL,0.0
2025-01-16T04:00:00Z,42182099999,"SAFDARJUNG, IN",28.584511,77.205783,214.88,12.47,1021.8,99.13,12.47,1021.8,99.13,0,NONE,NONE,NORMAL,0.0
2025-01-16T04:00:00Z,42260099999,"AGRA, IN",27.155831,77.960892,167.94,13.4,1018.35,92.62,13.4,1018.35,92.62,0,NONE,NONE,NORMAL,0.0
2025-01-16T05:00:00Z,42139099999,"MEERUT, IN",29.0166666,77.7166667,222.0,13.27,1022.77,90.03,-999.0,-999.0,-999.0,1,DROPOUT,MULTIPLE,NORMAL,1.0
2025-01-16T05:00:00Z,42170099999,"CHURU, IN",28.25,74.9166666,291.0,10.93,1022.87,96.51,10.93,1022.87,96.51,0,NONE,NONE,NORMAL,0.0
2025-01-16T05:00:00Z,42182099999,"SAFDARJUNG, IN",28.584511,77.205783,214.88,13.13,1022.3,98.27,13.13,1022.3,98.27,0,NONE,NONE,NORMAL,0.0
2025-01-16T05:00:00Z,42260099999,"AGRA, IN",27.155831,77.960892,167.94,13.42,1018.35,92.52,13.42,1018.35,92.52,0,NONE,NONE,NORMAL,0.0
2025-01-16T06:00:00Z,42139099999,"MEERUT, IN",29.0166666,77.7166667,222.0,14.0,1023.1,86.59,-999.0,-999.0,-999.0,1,DROPOUT,MULTIPLE,NORMAL,1.0
2025-01-16T06:00:00Z,42170099999,"CHURU, IN",28.25,74.9166666,291.0,11.4,1023.6,94.82,11.4,1023.6,94.82,0,NONE,NONE,NORMAL,0.0
2025-01-16T06:00:00Z,42182099999,"SAFDARJUNG, IN",28.584511,77.205783,214.88,13.8,1022.8,97.43,13.8,1022.8,97.43,0,NONE,NONE,NORMAL,0.0
2025-01-16T06:00:00Z,42260099999,"AGRA, IN",27.155831,77.960892,167.94,13.44,1018.34,92.43,13.44,1018.34,92.43,0,NONE,NONE,NORMAL,0.0
2025-01-16T07:00:00Z,42139099999,"MEERUT, IN",29.0166666,77.7166667,222.0,15.0,1022.27,80.64,-999.0,-999.0,-999.0,1,DROPOUT,MULTIPLE,NORMAL,1.0
2025-01-16T07:00:00Z,42170099999,"CHURU, IN",28.25,74.9166666,291.0,12.93,1022.8,86.87,12.93,1022.8,86.87,0,NONE,NONE,NORMAL,0.0
2025-01-16T07:00:00Z,42182099999,"SAFDARJUNG, IN",28.584511,77.205783,214.88,15.4,1021.93,83.2,15.4,1021.93,83.2,0,NONE,NONE,NORMAL,0.0
2025-01-16T07:00:00Z,42260099999,"AGRA, IN",27.155831,77.960892,167.94,13.45,1018.33,92.34,13.45,1018.33,92.34,0,NONE,NONE,NORMAL,0.0
2025-01-16T08:00:00Z,42139099999,"MEERUT, IN",29.0166666,77.7166667,222.0,16.0,1021.43,75.13,-999.0,-999.0,-999.0,1,DROPOUT,MULTIPLE,NORMAL,1.0
2025-01-16T08:00:00Z,42170099999,"CHURU, IN",28.25,74.9166666,291.0,14.47,1022.0,79.68,14.47,1022.0,79.68,0,NONE,NONE,NORMAL,0.0
2025-01-16T08:00:00Z,42182099999,"SAFDARJUNG, IN",28.584511,77.205783,214.88,17.0,1021.07,71.12,17.0,1021.07,71.12,0,NONE,NONE,NORMAL,0.0
2025-01-16T08:00:00Z,42260099999,"AGRA, IN",27.155831,77.960892,167.94,13.47,1018.32,92.25,13.47,1018.32,92.25,0,NONE,NONE,NORMAL,0.0
2025-01-16T09:00:00Z,42139099999,"MEERUT, IN",29.0166666,77.7166667,222.0,17.0,1020.6,70.03,-999.0,-999.0,-999.0,1,DROPOUT,MULTIPLE,NORMAL,1.0
2025-01-16T09:00:00Z,42170099999,"CHURU, IN",28.25,74.9166666,291.0,16.0,1021.2,73.16,16.0,1021.2,73.16,0,NONE,NONE,NORMAL,0.0
2025-01-16T09:00:00Z,42182099999,"SAFDARJUNG, IN",28.584511,77.205783,214.88,18.6,1020.2,60.84,18.6,1020.2,60.84,0,NONE,NONE,NORMAL,0.0
2025-01-16T09:00:00Z,42260099999,"AGRA, IN",27.155831,77.960892,167.94,13.49,1018.31,92.15,13.49,1018.31,92.15,0,NONE,NONE,NORMAL,0.0
2025-01-16T10:00:00Z,42139099999,"MEERUT, IN",29.0166666,77.7166667,222.0,16.73,1020.63,72.97,-999.0,-999.0,-999.0,1,DROPOUT,MULTIPLE,NORMAL,1.0
2025-01-16T10:00:00Z,42170099999,"CHURU, IN",28.25,74.9166666,291.0,16.2,1021.1,70.65,16.2,1021.1,70.65,0,NONE,NONE,NORMAL,0.0
2025-01-16T10:00:00Z,42182099999,"SAFDARJUNG, IN",28.584511,77.205783,214.88,18.27,1020.33,65.08,18.27,1020.33,65.08,0,NONE,NONE,NORMAL,0.0
2025-01-16T10:00:00Z,42260099999,"AGRA, IN",27.155831,77.960892,167.94,13.51,1018.3,92.06,13.51,1018.3,92.06,0,NONE,NONE,NORMAL,0.0
2025-01-16T11:00:00Z,42139099999,"MEERUT, IN",29.0166666,77.7166667,222.0,16.47,1020.67,76.04,-999.0,-999.0,-999.0,1,DROPOUT,MULTIPLE,NORMAL,1.0
2025-01-16T11:00:00Z,42170099999,"CHURU, IN",28.25,74.9166666,291.0,16.4,1021.0,68.23,16.4,1021.0,68.23,0,NONE,NONE,NORMAL,0.0
2025-01-16T11:00:00Z,42182099999,"SAFDARJUNG, IN",28.584511,77.205783,214.88,17.93,1020.47,69.6,17.93,1020.47,69.6,0,NONE,NONE,NORMAL,0.0
2025-01-16T11:00:00Z,42260099999,"AGRA, IN",27.155831,77.960892,167.94,13.52,1018.3,91.97,13.52,1018.3,91.97,0,NONE,NONE,NORMAL,0.0
2025-01-16T12:00:00Z,42139099999,"MEERUT, IN",29.0166666,77.7166667,222.0,16.2,1020.7,79.22,-999.0,-999.0,-999.0,1,DROPOUT,MULTIPLE,NORMAL,1.0
2025-01-16T12:00:00Z,42170099999,"CHURU, IN",28.25,74.9166666,291.0,16.6,1020.9,65.88,16.6,1020.9,65.88,0,NONE,NONE,NORMAL,0.0
2025-01-16T12:00:00Z,42182099999,"SAFDARJUNG, IN",28.584511,77.205783,214.88,17.6,1020.6,74.41,17.6,1020.6,74.41,0,NONE,NONE,NORMAL,0.0
2025-01-16T12:00:00Z,42260099999,"AGRA, IN",27.155831,77.960892,167.94,13.54,1018.29,91.88,13.54,1018.29,91.88,0,NONE,NONE,NORMAL,0.0
2025-01-16T13:00:00Z,42139099999,"MEERUT, IN",29.0166666,77.7166667,222.0,15.81,1020.81,80.01,-999.0,-999.0,-999.0,1,DROPOUT,MULTIPLE,NORMAL,1.0
2025-01-16T13:00:00Z,42170099999,"CHURU, IN",28.25,74.9166666,291.0,15.33,1021.67,71.28,15.33,1021.67,71.28,0,NONE,NONE,NORMAL,0.0
2025-01-16T13:00:00Z,42182099999,"SAFDARJUNG, IN",28.584511,77.205783,214.88,15.73,1021.4,80.56,15.73,1021.4,80.56,0,NONE,NONE,NORMAL,0.0
2025-01-16T13:00:00Z,42260099999,"AGRA, IN",27.155831,77.960892,167.94,13.56,1018.28,91.79,13.56,1018.28,91.79,0,NONE,NONE,NORMAL,0.0
2025-01-16T14:00:00Z,42139099999,"MEERUT, IN",29.0166666,77.7166667,222.0,15.43,1020.91,80.8,-999.0,-999.0,-999.0,1,DROPOUT,MULTIPLE,NORMAL,1.0
2025-01-16T14:00:00Z,42170099999,"CHURU, IN",28.25,74.9166666,291.0,14.07,1022.43,77.18,14.07,1022.43,77.18,0,NONE,NONE,NORMAL,0.0
2025-01-16T14:00:00Z,42182099999,"SAFDARJUNG, IN",28.584511,77.205783,214.88,13.87,1022.2,87.34,13.87,1022.2,87.34,0,NONE,NONE,NORMAL,0.0
2025-01-16T14:00:00Z,42260099999,"AGRA, IN",27.155831,77.960892,167.94,13.57,1018.27,91.69,13.57,1018.27,91.69,0,NONE,NONE,NORMAL,0.0
2025-01-16T15:00:00Z,42139099999,"MEERUT, IN",29.0166666,77.7166667,222.0,15.04,1021.02,81.6,15.04,1021.02,81.6,0,NONE,NONE,NORMAL,0.0
2025-01-16T15:00:00Z,42170099999,"CHURU, IN",28.25,74.9166666,291.0,12.8,1023.2,83.63,12.8,1023.2,83.63,0,NONE,NONE,NORMAL,0.0
2025-01-16T15:00:00Z,42182099999,"SAFDARJUNG, IN",28.584511,77.205783,214.88,12.0,1023.0,94.85,12.0,1023.0,94.85,0,NONE,NONE,NORMAL,0.0
2025-01-16T15:00:00Z,42260099999,"AGRA, IN",27.155831,77.960892,167.94,13.59,1018.26,91.6,13.59,1018.26,91.6,0,NONE,NONE,NORMAL,0.0
2025-01-16T16:00:00Z,42139099999,"MEERUT, IN",29.0166666,77.7166667,222.0,14.65,1021.13,82.42,14.65,1021.13,82.42,0,NONE,NONE,NORMAL,0.0
2025-01-16T16:00:00Z,42170099999,"CHURU, IN",28.25,74.9166666,291.0,11.93,1023.73,87.94,11.93,1023.73,87.94,0,NONE,NONE,NORMAL,0.0
2025-01-16T16:00:00Z,42182099999,"SAFDARJUNG, IN",28.584511,77.205783,214.88,11.53,1023.17,96.53,11.53,1023.17,96.53,0,NONE,NONE,NORMAL,0.0
2025-01-16T16:00:00Z,42260099999,"AGRA, IN",27.155831,77.960892,167.94,13.61,1018.25,91.51,13.61,1018.25,91.51,0,NONE,NONE,NORMAL,0.0
2025-01-16T17:00:00Z,42139099999,"MEERUT, IN",29.0166666,77.7166667,222.0,14.27,1021.23,83.25,14.27,1021.23,83.25,0,NONE,NONE,NORMAL,0.0
2025-01-16T17:00:00Z,42170099999,"CHURU, IN",28.25,74.9166666,291.0,11.07,1024.27,92.51,11.07,1024.27,92.51,0,NONE,NONE,NORMAL,0.0
2025-01-16T17:00:00Z,42182099999,"SAFDARJUNG, IN",28.584511,77.205783,214.88,11.07,1023.33,98.24,11.07,1023.33,98.24,0,NONE,NONE,NORMAL,0.0
2025-01-16T17:00:00Z,42260099999,"AGRA, IN",27.155831,77.960892,167.94,13.63,1018.24,91.42,13.63,1018.24,91.42,0,NONE,NONE,NORMAL,0.0
2025-01-16T18:00:00Z,42139099999,"MEERUT, IN",29.0166666,77.7166667,222.0,13.88,1021.34,84.09,13.88,1021.34,84.09,0,NONE,NONE,NORMAL,0.0
2025-01-16T18:00:00Z,42170099999,"CHURU, IN",28.25,74.9166666,291.0,10.2,1024.8,97.36,10.2,1024.8,97.36,0,NONE,NONE,NORMAL,0.0
2025-01-16T18:00:00Z,42182099999,"SAFDARJUNG, IN",28.584511,77.205783,214.88,10.6,1023.5,100.0,10.6,1023.5,100.0,0,NONE,NONE,NORMAL,0.0
2025-01-16T18:00:00Z,42260099999,"AGRA, IN",27.155831,77.960892,167.94,13.64,1018.24,91.33,13.64,1018.24,91.33,0,NONE,NONE,NORMAL,0.0
2025-01-16T19:00:00Z,42139099999,"MEERUT, IN",29.0166666,77.7166667,222.0,13.49,1021.45,84.95,13.49,1021.45,84.95,0,NONE,NONE,NORMAL,0.0
2025-01-16T19:00:00Z,42170099999,"CHURU, IN",28.25,74.9166666,291.0,9.87,1024.63,98.23,9.87,1024.63,98.23,0,NONE,NONE,NORMAL,0.0
2025-01-16T19:00:00Z,42182099999,"SAFDARJUNG, IN",28.584511,77.205783,214.88,10.27,1023.17,100.0,10.27,1023.17,100.0,0,NONE,NONE,NORMAL,0.0
2025-01-16T19:00:00Z,42260099999,"AGRA, IN",27.155831,77.960892,167.94,13.66,1018.23,91.24,13.66,1018.23,91.24,0,NONE,NONE,NORMAL,0.0
2025-01-16T20:00:00Z,42139099999,"MEERUT, IN",29.0166666,77.7166667,222.0,13.11,1021.55,85.81,13.11,1021.55,85.81,0,NONE,NONE,NORMAL,0.0
2025-01-16T20:00:00Z,42170099999,"CHURU, IN",28.25,74.9166666,291.0,9.53,1024.47,99.11,9.53,1024.47,99.11,0,NONE,NONE,NORMAL,0.0
2025-01-16T20:00:00Z,42182099999,"SAFDARJUNG, IN",28.584511,77.205783,214.88,9.93,1022.83,100.0,9.93,1022.83,100.0,0,NONE,NONE,NORMAL,0.0
2025-01-16T20:00:00Z,42260099999,"AGRA, IN",27.155831,77.960892,167.94,13.68,1018.22,91.14,13.68,1018.22,91.14,0,NONE,NONE,NORMAL,0.0
2025-01-16T21:00:00Z,42139099999,"MEERUT, IN",29.0166666,77.7166667,222.0,12.72,1021.66,86.7,12.72,1021.66,86.7,0,NONE,NONE,NORMAL,0.0
2025-01-16T21:00:00Z,42170099999,"CHURU, IN",28.25,74.9166666,291.0,9.2,1024.3,100.0,9.2,1024.3,100.0,0,NONE,NONE,NORMAL,0.0
2025-01-16T21:00:00Z,42182099999,"SAFDARJUNG, IN",28.584511,77.205783,214.88,9.6,1022.5,100.0,9.6,1022.5,100.0,0,NONE,NONE,NORMAL,0.0
2025-01-16T21:00:00Z,42260099999,"AGRA, IN",27.155831,77.960892,167.94,13.69,1018.21,91.05,13.69,1018.21,91.05,0,NONE,NONE,NORMAL,0.0
2025-01-16T22:00:00Z,42139099999,"MEERUT, IN",29.0166666,77.7166667,222.0,12.33,1021.77,87.59,12.33,1021.77,87.59,0,NONE,NONE,NORMAL,0.0
2025-01-16T22:00:00Z,42170099999,"CHURU, IN",28.25,74.9166666,291.0,9.27,1023.87,99.11,9.27,1023.87,99.11,0,NONE,NONE,NORMAL,0.0
2025-01-16T22:00:00Z,42182099999,"SAFDARJUNG, IN",28.584511,77.205783,214.88,9.8,1022.1,100.0,9.8,1022.1,100.0,0,NONE,NONE,NORMAL,0.0
2025-01-16T22:00:00Z,42260099999,"AGRA, IN",27.155831,77.960892,167.94,13.71,1018.2,90.96,13.71,1018.2,90.96,0,NONE,NONE,NORMAL,0.0
2025-01-16T23:00:00Z,42139099999,"MEERUT, IN",29.0166666,77.7166667,222.0,11.95,1021.87,88.5,11.95,1021.87,88.5,0,NONE,NONE,NORMAL,0.0
2025-01-16T23:00:00Z,42170099999,"CHURU, IN",28.25,74.9166666,291.0,9.33,1023.43,98.22,9.33,1023.43,98.22,0,NONE,NONE,NORMAL,0.0
2025-01-16T23:00:00Z,42182099999,"SAFDARJUNG, IN",28.584511,77.205783,214.88,10.0,1021.7,100.0,10.0,1021.7,100.0,0,NONE,NONE,NORMAL,0.0
2025-01-16T23:00:00Z,42260099999,"AGRA, IN",27.155831,77.960892,167.94,13.73,1018.19,90.87,13.73,1018.19,90.87,0,NONE,NONE,NORMAL,0.0
2025-01-17T00:00:00Z,42139099999,"MEERUT, IN",29.0166666,77.7166667,222.0,11.56,1021.98,89.42,11.56,1021.98,89.42,0,NONE,NONE,NORMAL,0.0
2025-01-17T00:00:00Z,42170099999,"CHURU, IN",28.25,74.9166666,291.0,9.4,1023.0,97.34,9.4,1023.0,97.34,0,NONE,NONE,NORMAL,0.0
2025-01-17T00:00:00Z,42182099999,"SAFDARJUNG, IN",28.584511,77.205783,214.88,10.2,1021.3,100.0,10.2,1021.3,100.0,0,NONE,NONE,NORMAL,0.0
2025-01-17T00:00:00Z,42260099999,"AGRA, IN",27.155831,77.960892,167.94,13.75,1018.18,90.78,13.75,1018.18,90.78,0,NONE,NONE,NORMAL,0.0
2025-01-17T01:00:00Z,42139099999,"MEERUT, IN",29.0166666,77.7166667,222.0,11.17,1022.09,90.35,11.17,1022.09,90.35,0,NONE,NONE,NORMAL,0.0
2025-01-17T01:00:00Z,42170099999,"CHURU, IN",28.25,74.9166666,291.0,9.33,1023.4,96.47,9.33,1023.4,96.47,0,NONE,NONE,NORMAL,0.0
2025-01-17T01:00:00Z,42182099999,"SAFDARJUNG, IN",28.584511,77.205783,214.88,10.47,1021.73,99.11,10.47,1021.73,99.11,0,NONE,NONE,NORMAL,0.0
2025-01-17T01:00:00Z,42260099999,"AGRA, IN",27.155831,77.960892,167.94,13.76,1018.18,90.69,13.76,1018.18,90.69,0,NONE,NONE,NORMAL,0.0
2025-01-17T02:00:00Z,42139099999,"MEERUT, IN",29.0166666,77.7166667,222.0,10.79,1022.19,91.3,10.79,1022.19,91.3,0,NONE,NONE,NORMAL,0.0
2025-01-17T02:00:00Z,42170099999,"CHURU, IN",28.25,74.9166666,291.0,9.27,1023.8,95.6,9.27,1023.8,95.6,0,NONE,NONE,NORMAL,0.0
2025-01-17T02:00:00Z,42182099999,"SAFDARJUNG, IN",28.584511,77.205783,214.88,10.73,1022.17,98.24,10.73,1022.17,98.24,0,NONE,NONE,NORMAL,0.0
2025-01-17T02:00:00Z,42260099999,"AGRA, IN",27.155831,77.960892,167.94,13.78,1018.17,90.6,13.78,1018.17,90.6,0,NONE,NONE,NORMAL,0.0
2025-01-17T03:00:00Z,42139099999,"MEERUT, IN",29.0166666,77.7166667,222.0,10.4,1022.3,92.27,10.4,1022.3,92.27,0,NONE,NONE,NORMAL,0.0
2025-01-17T03:00:00Z,42170099999,"CHURU, IN",28.25,74.9166666,291.0,9.2,1024.2,94.74,9.2,1024.2,94.74,0,NONE,NONE,NORMAL,0.0
2025-01-17T03:00:00Z,42182099999,"SAFDARJUNG, IN",28.584511,77.205783,214.88,11.0,1022.6,97.37,11.0,1022.6,97.37,0,NONE,NONE,NORMAL,0.0
2025-01-17T03:00:00Z,42260099999,"AGRA, IN",27.155831,77.960892,167.94,13.8,1018.16,90.51,13.8,1018.16,90.51,0,NONE,NONE,NORMAL,0.0
2025-01-17T04:00:00Z,42139099999,"MEERUT, IN",29.0166666,77.7166667,222.0,12.13,1022.0,84.31,12.13,1022.0,84.31,0,NONE,NONE,NORMAL,0.0
2025-01-17T04:00:00Z,42170099999,"CHURU, IN",28.25,74.9166666,291.0,10.27,1024.33,88.99,10.27,1024.33,88.99,0,NONE,NONE,NORMAL,0.0
2025-01-17T04:00:00Z,42182099999,"SAFDARJUNG, IN",28.584511,77.205783,214.88,12.2,1022.57,89.55,12.2,1022.57,89.55,0,NONE,NONE,NORMAL,0.0
2025-01-17T04:00:00Z,42260099999,"AGRA, IN",27.155831,77.960892,167.94,13.81,1018.15,90.42,13.81,1018.15,90.42,0,NONE,NONE,NORMAL,0.0
2025-01-17T05:00:00Z,42139099999,"MEERUT, IN",29.0166666,77.7166667,222.0,13.87,1021.7,77.15,13.87,1021.7,77.15,0,NONE,NONE,NORMAL,0.0
2025-01-17T05:00:00Z,42170099999,"CHURU, IN",28.25,74.9166666,291.0,11.33,1024.47,83.65,11.33,1024.47,83.65,0,NONE,NONE,NORMAL,0.0
2025-01-17T05:00:00Z,42182099999,"SAFDARJUNG, IN",28.584511,77.205783,214.88,13.4,1022.53,82.41,13.4,1022.53,82.41,0,NONE,NONE,NORMAL,0.0
2025-01-17T05:00:00Z,42260099999,"AGRA, IN",27.155831,77.960892,167.94,13.83,1018.14,90.33,13.83,1018.14,90.33,0,NONE,NONE,NORMAL,0.0
2025-01-17T06:00:00Z,42139099999,"MEERUT, IN",29.0166666,77.7166667,222.0,15.6,1021.4,70.7,15.6,1021.4,70.7,0,NONE,NONE,NORMAL,0.0
2025-01-17T06:00:00Z,42170099999,"CHURU, IN",28.25,74.9166666,291.0,12.4,1024.6,78.67,12.4,1024.6,78.67,0,NONE,NONE,NORMAL,0.0
2025-01-17T06:00:00Z,42182099999,"SAFDARJUNG, IN",28.584511,77.205783,214.88,14.6,1022.5,75.9,14.6,1022.5,75.9,0,NONE,NONE,NORMAL,0.0
2025-01-17T06:00:00Z,42260099999,"AGRA, IN",27.155831,77.960892,167.94,13.85,1018.13,90.24,13.85,1018.13,90.24,0,NONE,NONE,NORMAL,0.0
2025-01-17T07:00:00Z,42139099999,"MEERUT, IN",29.0166666,77.7166667,222.0,16.27,1020.3,68.81,16.27,1020.3,68.81,0,NONE,NONE,NORMAL,0.0
2025-01-17T07:00:00Z,42170099999,"CHURU, IN",28.25,74.9166666,291.0,13.27,1023.3,73.5,13.27,1023.3,73.5,0,NONE,NONE,NORMAL,0.0
2025-01-17T07:00:00Z,42182099999,"SAFDARJUNG, IN",28.584511,77.205783,214.88,15.47,1021.33,72.58,15.47,1021.33,72.58,0,NONE,NONE,NORMAL,0.0
2025-01-17T07:00:00Z,42260099999,"AGRA, IN",27.155831,77.960892,167.94,13.87,1018.13,90.15,13.87,1018.13,90.15,0,NONE,NONE,NORMAL,0.0
2025-01-17T08:00:00Z,42139099999,"MEERUT, IN",29.0166666,77.7166667,222.0,16.93,1019.2,66.99,16.93,1019.2,66.99,0,NONE,NONE,NORMAL,0.0
2025-01-17T08:00:00Z,42170099999,"CHURU, IN",28.25,74.9166666,291.0,14.13,1022.0,68.69,14.13,1022.0,68.69,0,NONE,NONE,NORMAL,0.0
2025-01-17T08:00:00Z,42182099999,"SAFDARJUNG, IN",28.584511,77.205783,214.88,16.33,1020.17,69.44,16.33,1020.17,69.44,0,NONE,NONE,NORMAL,0.0
2025-01-17T08:00:00Z,42260099999,"AGRA, IN",27.155831,77.960892,167.94,13.88,1018.12,90.06,13.88,1018.12,90.06,0,NONE,NONE,NORMAL,0.0
2025-01-17T09:00:00Z,42139099999,"MEERUT, IN",29.0166666,77.7166667,222.0,17.6,1018.1,65.22,17.6,1018.1,65.22,0,NONE,NONE,NORMAL,0.0
2025-01-17T09:00:00Z,42170099999,"CHURU, IN",28.25,74.9166666,291.0,15.0,1020.7,64.22,15.0,1020.7,64.22,0,NONE,NONE,NORMAL,0.0
2025-01-17T09:00:00Z,42182099999,"SAFDARJUNG, IN",28.584511,77.205783,214.88,17.2,1019.0,66.45,17.2,1019.0,66.45,0,NONE,NONE,NORMAL,0.0
2025-01-17T09:00:00Z,42260099999,"AGRA, IN",27.155831,77.960892,167.94,13.9,1018.11,89.97,13.9,1018.11,89.97,0,NONE,NONE,NORMAL,0.0
2025-01-17T10:00:00Z,42139099999,"MEERUT, IN",29.0166666,77.7166667,222.0,16.4,1018.1,69.76,16.4,1018.1,69.76,0,NONE,NONE,NORMAL,0.0
2025-01-17T10:00:00Z,42170099999,"CHURU, IN",28.25,74.9166666,291.0,14.87,1020.27,65.36,14.87,1020.27,65.36,0,NONE,NONE,NORMAL,0.0
2025-01-17T10:00:00Z,42182099999,"SAFDARJUNG, IN",28.584511,77.205783,214.88,16.53,1018.77,72.14,16.53,1018.77,72.14,0,NONE,NONE,NORMAL,0.0
2025-01-17T10:00:00Z,42260099999,"AGRA, IN",27.155831,77.960892,167.94,13.92,1018.1,89.88,13.92,1018.1,89.88,0,NONE,NONE,NORMAL,0.0
2025-01-17T11:00:00Z,42139099999,"MEERUT, IN",29.0166666,77.7166667,222.0,15.2,1018.1,74.66,15.2,1018.1,74.66,0,NONE,NONE,NORMAL,0.0
2025-01-17T11:00:00Z,42170099999,"CHURU, IN",28.25,74.9166666,291.0,14.73,1019.83,66.52,14.73,1019.83,66.52,0,NONE,NONE,NORMAL,0.0
2025-01-17T11:00:00Z,42182099999,"SAFDARJUNG, IN",28.584511,77.205783,214.88,15.87,1018.53,78.31,15.87,1018.53,78.31,0,NONE,NONE,NORMAL,0.0
2025-01-17T11:00:00Z,42260099999,"AGRA, IN",27.155831,77.960892,167.94,13.93,1018.09,89.79,13.93,1018.09,89.79,0,NONE,NONE,NORMAL,0.0
2025-01-17T12:00:00Z,42139099999,"MEERUT, IN",29.0166666,77.7166667,222.0,14.0,1018.1,79.97,14.0,1018.1,79.97,0,NONE,NONE,NORMAL,0.0
2025-01-17T12:00:00Z,42170099999,"CHURU, IN",28.25,74.9166666,291.0,14.6,1019.4,67.71,14.6,1019.4,67.71,0,NONE,NONE,NORMAL,0.0
2025-01-17T12:00:00Z,42182099999,"SAFDARJUNG, IN",28.584511,77.205783,214.88,15.2,1018.3,85.02,15.2,1018.3,85.02,0,NONE,NONE,NORMAL,0.0
2025-01-17T12:00:00Z,42260099999,"AGRA, IN",27.155831,77.960892,167.94,13.95,1018.08,89.7,13.95,1018.08,89.7,0,NONE,NONE,NORMAL,0.0
2025-01-17T13:00:00Z,42139099999,"MEERUT, IN",29.0166666,77.7166667,222.0,13.75,1018.29,81.0,13.75,1018.29,81.0,0,NONE,NONE,NORMAL,0.0
2025-01-17T13:00:00Z,42170099999,"CHURU, IN",28.25,74.9166666,291.0,13.47,1019.6,73.04,13.47,1019.6,73.04,0,NONE,NONE,NORMAL,0.0
2025-01-17T13:00:00Z,42182099999,"SAFDARJUNG, IN",28.584511,77.205783,214.88,13.93,1018.73,88.12,13.93,1018.73,88.12,0,NONE,NONE,NORMAL,0.0
2025-01-17T13:00:00Z,42260099999,"AGRA, IN",27.155831,77.960892,167.94,13.97,1018.07,89.61,13.97,1018.07,89.61,0,NONE,NONE,NORMAL,0.0
2025-01-17T14:00:00Z,42139099999,"MEERUT, IN",29.0166666,77.7166667,222.0,13.49,1018.49,82.06,13.49,1018.49,82.06,0,NONE,NONE,NORMAL,0.0
2025-01-17T14:00:00Z,42170099999,"CHURU, IN",28.25,74.9166666,291.0,12.33,1019.8,78.84,12.33,1019.8,78.84,0,NONE,NONE,NORMAL,0.0
2025-01-17T14:00:00Z,42182099999,"SAFDARJUNG, IN",28.584511,77.205783,214.88,12.67,1019.17,91.38,12.67,1019.17,91.38,0,NONE,NONE,NORMAL,0.0
2025-01-17T14:00:00Z,42260099999,"AGRA, IN",27.155831,77.960892,167.94,13.99,1018.07,89.52,13.99,1018.07,89.52,0,NONE,NONE,NORMAL,0.0
2025-01-17T15:00:00Z,42139099999,"MEERUT, IN",29.0166666,77.7166667,222.0,13.24,1018.68,83.13,13.24,1018.68,83.13,0,NONE,NONE,NORMAL,0.0
2025-01-17T15:00:00Z,42170099999,"CHURU, IN",28.25,74.9166666,291.0,11.2,1020.0,85.16,11.2,1020.0,85.16,0,NONE,NONE,NORMAL,0.0
2025-01-17T15:00:00Z,42182099999,"SAFDARJUNG, IN",28.584511,77.205783,214.88,11.4,1019.6,94.82,11.4,1019.6,94.82,0,NONE,NONE,NORMAL,0.0
2025-01-17T15:00:00Z,42260099999,"AGRA, IN",27.155831,77.960892,167.94,14.0,1018.06,89.43,14.0,1018.06,89.43,0,NONE,NONE,NORMAL,0.0
2025-01-17T16:00:00Z,42139099999,"MEERUT, IN",29.0166666,77.7166667,222.0,12.99,1018.87,84.22,12.99,1018.87,84.22,0,NONE,NONE,NORMAL,0.0
2025-01-17T16:00:00Z,42170099999,"CHURU, IN",28.25,74.9166666,291.0,10.47,1020.1,89.01,10.47,1020.1,89.01,0,NONE,NONE,NORMAL,0.0
2025-01-17T16:00:00Z,42182099999,"SAFDARJUNG, IN",28.584511,77.205783,214.88,11.53,1019.77,94.83,11.53,1019.77,94.83,0,NONE,NONE,NORMAL,0.0
2025-01-17T16:00:00Z,42260099999,"AGRA, IN",27.155831,77.960892,167.94,14.02,1018.05,89.34,14.02,1018.05,89.34,0,NONE,NONE,NORMAL,0.0
2025-01-17T17:00:00Z,42139099999,"MEERUT, IN",29.0166666,77.7166667,222.0,12.73,1019.07,85.32,12.73,1019.07,85.32,0,NONE,NONE,NORMAL,0.0
2025-01-17T17:00:00Z,42170099999,"CHURU, IN",28.25,74.9166666,291.0,9.73,1020.2,93.07,9.73,1020.2,93.07,0,NONE,NONE,NORMAL,0.0
2025-01-17T17:00:00Z,42182099999,"SAFDARJUNG, IN",28.584511,77.205783,214.88,11.67,1019.93,94.83,11.67,1019.93,94.83,0,NONE,NONE,NORMAL,0.0
2025-01-17T17:00:00Z,42260099999,"AGRA, IN",27.155831,77.960892,167.94,14.04,1018.04,89.25,14.04,1018.04,89.25,1,FROZEN,RH,NORMAL,1.0
2025-01-17T18:00:00Z,42139099999,"MEERUT, IN",29.0166666,77.7166667,222.0,12.48,1019.26,86.44,12.48,1019.26,86.44,0,NONE,NONE,NORMAL,0.0
2025-01-17T18:00:00Z,42170099999,"CHURU, IN",28.25,74.9166666,291.0,9.0,1020.3,97.33,9.0,1020.3,97.33,0,NONE,NONE,NORMAL,0.0
2025-01-17T18:00:00Z,42182099999,"SAFDARJUNG, IN",28.584511,77.205783,214.88,11.8,1020.1,94.84,11.8,1020.1,94.84,0,NONE,NONE,NORMAL,0.0
2025-01-17T18:00:00Z,42260099999,"AGRA, IN",27.155831,77.960892,167.94,14.05,1018.03,89.16,14.05,1018.03,89.25,1,FROZEN,RH,NORMAL,1.0
2025-01-17T19:00:00Z,42139099999,"MEERUT, IN",29.0166666,77.7166667,222.0,12.23,1019.45,87.58,12.23,1019.45,87.58,0,NONE,NONE,NORMAL,0.0
2025-01-17T19:00:00Z,42170099999,"CHURU, IN",28.25,74.9166666,291.0,8.8,1020.07,98.21,8.8,1020.07,98.21,0,NONE,NONE,NORMAL,0.0
2025-01-17T19:00:00Z,42182099999,"SAFDARJUNG, IN",28.584511,77.205783,214.88,11.73,1019.9,95.68,11.73,1019.9,95.68,0,NONE,NONE,NORMAL,0.0
2025-01-17T19:00:00Z,42260099999,"AGRA, IN",27.155831,77.960892,167.94,14.07,1018.02,89.07,14.07,1018.02,89.25,1,FROZEN,RH,NORMAL,1.0
2025-01-17T20:00:00Z,42139099999,"MEERUT, IN",29.0166666,77.7166667,222.0,11.97,1019.65,88.74,11.97,1019.65,88.74,0,NONE,NONE,NORMAL,0.0
2025-01-17T20:00:00Z,42170099999,"CHURU, IN",28.25,74.9166666,291.0,8.6,1019.83,99.1,8.6,1019.83,99.1,0,NONE,NONE,NORMAL,0.0
2025-01-17T20:00:00Z,42182099999,"SAFDARJUNG, IN",28.584511,77.205783,214.88,11.67,1019.7,96.53,11.67,1019.7,96.53,0,NONE,NONE,NORMAL,0.0
2025-01-17T20:00:00Z,42260099999,"AGRA, IN",27.155831,77.960892,167.94,14.09,1018.02,88.98,14.09,1018.02,89.25,1,FROZEN,RH,NORMAL,1.0
2025-01-17T21:00:00Z,42139099999,"MEERUT, IN",29.0166666,77.7166667,222.0,11.72,1019.84,89.91,11.72,1019.84,89.91,0,NONE,NONE,NORMAL,0.0
2025-01-17T21:00:00Z,42170099999,"CHURU, IN",28.25,74.9166666,291.0,8.4,1019.6,100.0,8.4,1019.6,100.0,0,NONE,NONE,NORMAL,0.0
2025-01-17T21:00:00Z,42182099999,"SAFDARJUNG, IN",28.584511,77.205783,214.88,11.6,1019.5,97.39,11.6,1019.5,97.39,0,NONE,NONE,NORMAL,0.0
2025-01-17T21:00:00Z,42260099999,"AGRA, IN",27.155831,77.960892,167.94,14.11,1018.01,88.89,14.11,1018.01,89.25,1,FROZEN,RH,NORMAL,1.0
2025-01-17T22:00:00Z,42139099999,"MEERUT, IN",29.0166666,77.7166667,222.0,11.47,1020.03,91.1,11.47,1020.03,91.1,0,NONE,NONE,NORMAL,0.0
2025-01-17T22:00:00Z,42170099999,"CHURU, IN",28.25,74.9166666,291.0,8.27,1019.33,100.0,8.27,1019.33,100.0,0,NONE,NONE,NORMAL,0.0
2025-01-17T22:00:00Z,42182099999,"SAFDARJUNG, IN",28.584511,77.205783,214.88,11.47,1019.3,97.38,11.47,1019.3,97.38,0,NONE,NONE,NORMAL,0.0
2025-01-17T22:00:00Z,42260099999,"AGRA, IN",27.155831,77.960892,167.94,14.12,1018.0,88.81,14.12,1018.0,89.25,1,FROZEN,RH,NORMAL,1.0
2025-01-17T23:00:00Z,42139099999,"MEERUT, IN",29.0166666,77.7166667,222.0,11.21,1020.23,92.32,11.21,1020.23,92.32,0,NONE,NONE,NORMAL,0.0
2025-01-17T23:00:00Z,42170099999,"CHURU, IN",28.25,74.9166666,291.0,8.13,1019.07,100.0,8.13,1019.07,100.0,0,NONE,NONE,NORMAL,0.0
2025-01-17T23:00:00Z,42182099999,"SAFDARJUNG, IN",28.584511,77.205783,214.88,11.33,1019.1,97.38,11.33,1019.1,97.38,0,NONE,NONE,NORMAL,0.0
2025-01-17T23:00:00Z,42260099999,"AGRA, IN",27.155831,77.960892,167.94,14.14,1017.99,88.72,14.14,1017.99,89.25,1,FROZEN,RH,NORMAL,1.0
2025-01-18T00:00:00Z,42139099999,"MEERUT, IN",29.0166666,77.7166667,222.0,10.96,1020.42,93.55,10.96,1020.42,93.55,0,NONE,NONE,NORMAL,0.0
2025-01-18T00:00:00Z,42170099999,"CHURU, IN",28.25,74.9166666,291.0,8.0,1018.8,100.0,8.0,1018.8,100.0,0,NONE,NONE,NORMAL,0.0
2025-01-18T00:00:00Z,42182099999,"SAFDARJUNG, IN",28.584511,77.205783,214.88,11.2,1018.9,97.38,11.2,1018.9,97.38,0,NONE,NONE,NORMAL,0.0
2025-01-18T00:00:00Z,42260099999,"AGRA, IN",27.155831,77.960892,167.94,14.16,1017.98,88.63,14.16,1017.98,89.25,1,FROZEN,RH,NORMAL,1.0
2025-01-18T01:00:00Z,42139099999,"MEERUT, IN",29.0166666,77.7166667,222.0,10.71,1020.61,94.8,10.71,1020.61,94.8,0,NONE,NONE,NORMAL,0.0
2025-01-18T01:00:00Z,42170099999,"CHURU, IN",28.25,74.9166666,291.0,8.07,1019.33,100.0,8.07,1019.33,100.0,0,NONE,NONE,NORMAL,0.0
2025-01-18T01:00:00Z,42182099999,"SAFDARJUNG, IN",28.584511,77.205783,214.88,11.2,1019.73,95.66,11.2,1019.73,95.66,0,NONE,NONE,NORMAL,0.0
2025-01-18T01:00:00Z,42260099999,"AGRA, IN",27.155831,77.960892,167.94,14.17,1017.97,88.54,14.17,1017.97,89.25,1,FROZEN,RH,NORMAL,1.0
2025-01-18T02:00:00Z,42139099999,"MEERUT, IN",29.0166666,77.7166667,222.0,10.45,1020.81,96.07,10.45,1020.81,96.07,0,NONE,NONE,NORMAL,0.0
2025-01-18T02:00:00Z,42170099999,"CHURU, IN",28.25,74.9166666,291.0,8.13,1019.87,100.0,8.13,1019.87,100.0,0,NONE,NONE,NORMAL,0.0
2025-01-18T02:00:00Z,42182099999,"SAFDARJUNG, IN",28.584511,77.205783,214.88,11.2,1020.57,93.98,11.2,1020.57,93.98,0,NONE,NONE,NORMAL,0.0
2025-01-18T02:00:00Z,42260099999,"AGRA, IN",27.155831,77.960892,167.94,14.19,1017.96,88.45,14.19,1017.96,89.25,1,FROZEN,RH,NORMAL,1.0
2025-01-18T03:00:00Z,42139099999,"MEERUT, IN",29.0166666,77.7166667,222.0,10.2,1021.0,97.36,10.2,1021.0,97.36,0,NONE,NONE,NORMAL,0.0
2025-01-18T03:00:00Z,42170099999,"CHURU, IN",28.25,74.9166666,291.0,8.2,1020.4,100.0,8.2,1020.4,100.0,0,NONE,NONE,NORMAL,0.0
2025-01-18T03:00:00Z,42182099999,"SAFDARJUNG, IN",28.584511,77.205783,214.88,11.2,1021.4,92.31,11.2,1021.4,92.31,0,NONE,NONE,NORMAL,0.0
2025-01-18T03:00:00Z,42260099999,"AGRA, IN",27.155831,77.960892,167.94,14.21,1017.96,88.36,14.21,1017.96,89.25,1,FROZEN,RH,NORMAL,1.0
2025-01-18T04:00:00Z,42139099999,"MEERUT, IN",29.0166666,77.7166667,222.0,10.53,1021.0,96.5,10.53,1021.0,96.5,0,NONE,NONE,NORMAL,0.0
2025-01-18T04:00:00Z,42170099999,"CHURU, IN",28.25,74.9166666,291.0,9.53,1020.57,94.96,9.53,1020.57,94.96,0,NONE,NONE,NORMAL,0.0
2025-01-18T04:00:00Z,42182099999,"SAFDARJUNG, IN",28.584511,77.205783,214.88,12.8,1021.13,82.89,12.8,1021.13,82.89,0,NONE,NONE,NORMAL,0.0
2025-01-18T04:00:00Z,42260099999,"AGRA, IN",27.155831,77.960892,167.94,14.23,1017.95,88.28,14.23,1017.95,89.25,1,FROZEN,RH,NORMAL,1.0
2025-01-18T05:00:00Z,42139099999,"MEERUT, IN",29.0166666,77.7166667,222.0,10.87,1021.0,95.65,10.87,1021.0,95.65,0,NONE,NONE,NORMAL,0.0
2025-01-18T05:00:00Z,42170099999,"CHURU, IN",28.25,74.9166666,291.0,10.87,1020.73,90.25,10.87,1020.73,90.25,0,NONE,NONE,NORMAL,0.0
2025-01-18T05:00:00Z,42182099999,"SAFDARJUNG, IN",28.584511,77.205783,214.88,14.4,1020.87,74.52,14.4,1020.87,74.52,0,NONE,NONE,NORMAL,0.0
2025-01-18T05:00:00Z,42260099999,"AGRA, IN",27.155831,77.960892,167.94,14.24,1017.94,88.19,14.24,1017.94,89.25,1,FROZEN,RH,NORMAL,1.0
2025-01-18T06:00:00Z,42139099999,"MEERUT, IN",29.0166666,77.7166667,222.0,11.2,1021.0,94.82,11.2,1021.0,94.82,0,NONE,NONE,NORMAL,0.0
2025-01-18T06:00:00Z,42170099999,"CHURU, IN",28.25,74.9166666,291.0,12.2,1020.9,85.84,12.2,1020.9,85.84,0,NONE,NONE,NORMAL,0.0
2025-01-18T06:00:00Z,42182099999,"SAFDARJUNG, IN",28.584511,77.205783,214.88,16.0,1020.6,67.09,16.0,1020.6,67.09,0,NONE,NONE,NORMAL,0.0
2025-01-18T06:00:00Z,42260099999,"AGRA, IN",27.155831,77.960892,167.94,14.26,1017.93,88.1,14.26,1017.93,89.25,1,FROZEN,RH,NORMAL,1.0
2025-01-18T07:00:00Z,42139099999,"MEERUT, IN",29.0166666,77.7166667,222.0,12.87,1020.03,86.1,12.87,1020.03,86.1,0,NONE,NONE,NORMAL,0.0
2025-01-18T07:00:00Z,42170099999,"CHURU, IN",28.25,74.9166666,291.0,14.0,1019.5,75.97,14.0,1019.5,75.97,0,NONE,NONE,NORMAL,0.0
2025-01-18T07:00:00Z,42182099999,"SAFDARJUNG, IN",28.584511,77.205783,214.88,17.27,1019.43,63.58,17.27,1019.43,63.58,0,NONE,NONE,NORMAL,0.0
2025-01-18T07:00:00Z,42260099999,"AGRA, IN",27.155831,77.960892,167.94,14.28,1017.92,88.01,14.28,1017.92,89.25,1,FROZEN,RH,NORMAL,1.0
2025-01-18T08:00:00Z,42139099999,"MEERUT, IN",29.0166666,77.7166667,222.0,14.53,1019.07,78.29,14.53,1019.07,78.29,0,NONE,NONE,NORMAL,0.0
2025-01-18T08:00:00Z,42170099999,"CHURU, IN",28.25,74.9166666,291.0,15.8,1018.1,67.35,15.8,1018.1,67.35,0,NONE,NONE,NORMAL,0.0
2025-01-18T08:00:00Z,42182099999,"SAFDARJUNG, IN",28.584511,77.205783,214.88,18.53,1018.27,60.29,18.53,1018.27,60.29,0,NONE,NONE,NORMAL,0.0
2025-01-18T08:00:00Z,42260099999,"AGRA, IN",27.155831,77.960892,167.94,14.29,1017.91,87.93,14.29,1017.91,89.25,1,FROZEN,RH,NORMAL,1.0
2025-01-18T09:00:00Z,42139099999,"MEERUT, IN",29.0166666,77.7166667,222.0,16.2,1018.1,71.28,16.2,1018.1,71.28,0,NONE,NONE,NORMAL,0.0
2025-01-18T09:00:00Z,42170099999,"CHURU, IN",28.25,74.9166666,291.0,17.6,1016.7,59.8,17.6,1016.7,59.8,0,NONE,NONE,NORMAL,0.0
2025-01-18T09:00:00Z,42182099999,"SAFDARJUNG, IN",28.584511,77.205783,214.88,19.8,1017.1,57.21,19.8,1017.1,57.21,0,NONE,NONE,NORMAL,0.0
2025-01-18T09:00:00Z,42260099999,"AGRA, IN",27.155831,77.960892,167.94,14.31,1017.9,87.84,14.31,1017.9,89.25,1,FROZEN,RH,NORMAL,1.0
2025-01-18T10:00:00Z,42139099999,"MEERUT, IN",29.0166666,77.7166667,222.0,16.0,1017.57,74.3,16.0,1017.57,74.3,0,NONE,NONE,NORMAL,0.0
2025-01-18T10:00:00Z,42170099999,"CHURU, IN",28.25,74.9166666,291.0,17.67,1016.27,58.62,17.67,1016.27,58.62,0,NONE,NONE,NORMAL,0.0
2025-01-18T10:00:00Z,42182099999,"SAFDARJUNG, IN",28.584511,77.205783,214.88,19.0,1016.8,62.85,19.0,1016.8,62.85,0,NONE,NONE,NORMAL,0.0
2025-01-18T10:00:00Z,42260099999,"AGRA, IN",27.155831,77.960892,167.94,14.33,1017.9,87.75,14.33,1017.9,89.25,1,FROZEN,RH,NORMAL,1.0
2025-01-18T11:00:00Z,42139099999,"MEERUT, IN",29.0166666,77.7166667,222.0,15.8,1017.03,77.45,15.8,1017.03,77.45,0,NONE,NONE,NORMAL,0.0
2025-01-18T11:00:00Z,42170099999,"CHURU, IN",28.25,74.9166666,291.0,17.73,1015.83,57.47,17.73,1015.83,57.47,0,NONE,NONE,NORMAL,0.0
2025-01-18T11:00:00Z,42182099999,"SAFDARJUNG, IN",28.584511,77.205783,214.88,18.2,1016.5,69.04,18.2,1016.5,69.04,0,NONE,NONE,NORMAL,0.0
2025-01-18T11:00:00Z,42260099999,"AGRA, IN",27.155831,77.960892,167.94,14.35,1017.89,87.66,14.35,1017.89,87.66,0,NONE,NONE,NORMAL,0.0
2025-01-18T12:00:00Z,42139099999,"MEERUT, IN",29.0166666,77.7166667,222.0,15.6,1016.5,80.72,15.6,1016.5,80.72,0,NONE,NONE,NORMAL,0.0
2025-01-18T12:00:00Z,42170099999,"CHURU, IN",28.25,74.9166666,291.0,17.8,1015.4,56.33,17.8,1015.4,56.33,0,NONE,NONE,NORMAL,0.0
2025-01-18T12:00:00Z,42182099999,"SAFDARJUNG, IN",28.584511,77.205783,214.88,17.4,1016.2,75.85,17.4,1016.2,75.85,0,NONE,NONE,NORMAL,0.0
2025-01-18T12:00:00Z,42260099999,"AGRA, IN",27.155831,77.960892,167.94,14.36,1017.88,87.58,14.36,1017.88,87.58,0,NONE,NONE,NORMAL,0.0
2025-01-18T13:00:00Z,42139099999,"MEERUT, IN",29.0166666,77.7166667,222.0,15.23,1016.73,81.7,15.23,1016.73,81.7,0,NONE,NONE,NORMAL,0.0
2025-01-18T13:00:00Z,42170099999,"CHURU, IN",28.25,74.9166666,291.0,16.47,1015.83,61.99,16.47,1015.83,61.99,0,NONE,NONE,NORMAL,0.0
2025-01-18T13:00:00Z,42182099999,"SAFDARJUNG, IN",28.584511,77.205783,214.88,16.33,1016.37,80.46,16.33,1016.37,80.46,0,NONE,NONE,NORMAL,0.0
2025-01-18T13:00:00Z,42260099999,"AGRA, IN",27.155831,77.960892,167.94,14.38,1017.87,87.49,14.38,1017.87,87.49,0,NONE,NONE,NORMAL,0.0
2025-01-18T14:00:00Z,42139099999,"MEERUT, IN",29.0166666,77.7166667,222.0,14.85,1016.95,82.7,14.85,1016.95,82.7,0,NONE,NONE,NORMAL,0.0
2025-01-18T14:00:00Z,42170099999,"CHURU, IN",28.25,74.9166666,291.0,15.13,1016.27,68.27,15.13,1016.27,68.27,0,NONE,NONE,NORMAL,0.0
2025-01-18T14:00:00Z,42182099999,"SAFDARJUNG, IN",28.584511,77.205783,214.88,15.27,1016.53,85.4,15.27,1016.53,85.4,0,NONE,NONE,NORMAL,0.0
2025-01-18T14:00:00Z,42260099999,"AGRA, IN",27.155831,77.960892,167.94,14.4,1017.86,87.4,14.4,1017.86,87.4,0,NONE,NONE,NORMAL,0.0
2025-01-18T15:00:00Z,42139099999,"MEERUT, IN",29.0166666,77.7166667,222.0,14.48,1017.18,83.72,14.48,1017.18,83.72,0,NONE,NONE,NORMAL,0.0
2025-01-18T15:00:00Z,42170099999,"CHURU, IN",28.25,74.9166666,291.0,13.8,1016.7,75.26,13.8,1016.7,75.26,0,NONE,NONE,NORMAL,0.0
2025-01-18T15:00:00Z,42182099999,"SAFDARJUNG, IN",28.584511,77.205783,214.88,14.2,1016.7,90.69,14.2,1016.7,90.69,0,NONE,NONE,NORMAL,0.0
2025-01-18T15:00:00Z,42260099999,"AGRA, IN",27.155831,77.960892,167.94,14.41,1017.85,87.32,14.41,1017.85,87.32,0,NONE,NONE,NORMAL,0.0
2025-01-18T16:00:00Z,42139099999,"MEERUT, IN",29.0166666,77.7166667,222.0,14.11,1017.41,84.75,14.11,1017.41,84.75,0,NONE,NONE,NORMAL,0.0
2025-01-18T16:00:00Z,42170099999,"CHURU, IN",28.25,74.9166666,291.0,13.2,1016.97,79.32,13.2,1016.97,79.32,0,NONE,NONE,NORMAL,0.0
2025-01-18T16:00:00Z,42182099999,"SAFDARJUNG, IN",28.584511,77.205783,214.88,13.6,1017.13,91.44,13.6,1017.13,91.44,0,NONE,NONE,NORMAL,0.0
2025-01-18T16:00:00Z,42260099999,"AGRA, IN",27.155831,77.960892,167.94,14.43,1017.85,87.23,14.43,1017.85,87.23,0,NONE,NONE,NORMAL,0.0
2025-01-18T17:00:00Z,42139099999,"MEERUT, IN",29.0166666,77.7166667,222.0,13.73,1017.63,85.8,13.73,1017.63,85.8,0,NONE,NONE,NORMAL,0.0
2025-01-18T17:00:00Z,42170099999,"CHURU, IN",28.25,74.9166666,291.0,12.6,1017.23,83.61,12.6,1017.23,83.61,0,NONE,NONE,NORMAL,0.0
2025-01-18T17:00:00Z,42182099999,"SAFDARJUNG, IN",28.584511,77.205783,214.88,13.0,1017.57,92.22,13.0,1017.57,92.22,0,NONE,NONE,NORMAL,0.0
2025-01-18T17:00:00Z,42260099999,"AGRA, IN",27.155831,77.960892,167.94,14.45,1017.84,87.14,14.45,1017.84,87.14,0,NONE,NONE,NORMAL,0.0
2025-01-18T18:00:00Z,42139099999,"MEERUT, IN",29.0166666,77.7166667,222.0,13.36,1017.86,86.87,13.36,1017.86,86.87,0,NONE,NONE,NORMAL,0.0
2025-01-18T18:00:00Z,42170099999,"CHURU, IN",28.25,74.9166666,291.0,12.0,1017.5,88.15,12.0,1017.5,88.15,0,NONE,NONE,NORMAL,0.0
2025-01-18T18:00:00Z,42182099999,"SAFDARJUNG, IN",28.584511,77.205783,214.88,12.4,1018.0,93.0,12.4,1018.0,93.0,0,NONE,NONE,NORMAL,0.0
2025-01-18T18:00:00Z,42260099999,"AGRA, IN",27.155831,77.960892,167.94,14.47,1017.83,87.06,14.47,1017.83,87.06,0,NONE,NONE,NORMAL,0.0
2025-01-18T19:00:00Z,42139099999,"MEERUT, IN",29.0166666,77.7166667,222.0,12.99,1018.09,87.96,12.99,1018.09,87.96,0,NONE,NONE,NORMAL,0.0
2025-01-18T19:00:00Z,42170099999,"CHURU, IN",28.25,74.9166666,291.0,11.53,1017.37,89.5,11.53,1017.37,89.5,0,NONE,NONE,NORMAL,0.0
2025-01-18T19:00:00Z,42182099999,"SAFDARJUNG, IN",28.584511,77.205783,214.88,12.27,1017.83,94.44,12.27,1017.83,94.44,0,NONE,NONE,NORMAL,0.0
2025-01-18T19:00:00Z,42260099999,"AGRA, IN",27.155831,77.960892,167.94,14.48,1017.82,86.97,14.48,1017.82,86.97,0,NONE,NONE,NORMAL,0.0
2025-01-18T20:00:00Z,42139099999,"MEERUT, IN",29.0166666,77.7166667,222.0,12.61,1018.31,89.07,12.61,1018.31,89.07,0,NONE,NONE,NORMAL,0.0
2025-01-18T20:00:00Z,42170099999,"CHURU, IN",28.25,74.9166666,291.0,11.07,1017.23,90.87,11.07,1017.23,90.87,0,NONE,NONE,NORMAL,0.0
2025-01-18T20:00:00Z,42182099999,"SAFDARJUNG, IN",28.584511,77.205783,214.88,12.13,1017.67,95.91,12.13,1017.67,95.91,0,NONE,NONE,NORMAL,0.0
2025-01-18T20:00:00Z,42260099999,"AGRA, IN",27.155831,77.960892,167.94,14.5,1017.81,86.88,14.5,1017.81,86.88,0,NONE,NONE,NORMAL,0.0
2025-01-18T21:00:00Z,42139099999,"MEERUT, IN",29.0166666,77.7166667,222.0,12.24,1018.54,90.19,12.24,1018.54,90.19,0,NONE,NONE,NORMAL,0.0
2025-01-18T21:00:00Z,42170099999,"CHURU, IN",28.25,74.9166666,291.0,10.6,1017.1,92.28,10.6,1017.1,92.28,0,NONE,NONE,NORMAL,0.0
2025-01-18T21:00:00Z,42182099999,"SAFDARJUNG, IN",28.584511,77.205783,214.88,12.0,1017.5,97.39,12.0,1017.5,97.39,0,NONE,NONE,NORMAL,0.0
2025-01-18T21:00:00Z,42260099999,"AGRA, IN",27.155831,77.960892,167.94,14.52,1017.8,86.8,14.52,1017.8,86.8,0,NONE,NONE,NORMAL,0.0
2025-01-18T22:00:00Z,42139099999,"MEERUT, IN",29.0166666,77.7166667,222.0,11.87,1018.77,91.33,11.87,1018.77,91.33,0,NONE,NONE,NORMAL,0.0
2025-01-18T22:00:00Z,42170099999,"CHURU, IN",28.25,74.9166666,291.0,10.4,1016.97,93.1,10.4,1016.97,93.1,0,NONE,NONE,NORMAL,0.0
2025-01-18T22:00:00Z,42182099999,"SAFDARJUNG, IN",28.584511,77.205783,214.88,11.4,1017.4,98.25,11.4,1017.4,98.25,0,NONE,NONE,NORMAL,0.0
2025-01-18T22:00:00Z,42260099999,"AGRA, IN",27.155831,77.960892,167.94,14.53,1017.79,86.71,14.53,1017.79,86.71,0,NONE,NONE,NORMAL,0.0
2025-01-18T23:00:00Z,42139099999,"MEERUT, IN",29.0166666,77.7166667,222.0,11.49,1018.99,92.5,11.49,1018.99,92.5,0,NONE,NONE,NORMAL,0.0
2025-01-18T23:00:00Z,42170099999,"CHURU, IN",28.25,74.9166666,291.0,10.2,1016.83,93.93,10.2,1016.83,93.93,0,NONE,NONE,NORMAL,0.0
2025-01-18T23:00:00Z,42182099999,"SAFDARJUNG, IN",28.584511,77.205783,214.88,10.8,1017.3,99.12,10.8,1017.3,99.12,0,NONE,NONE,NORMAL,0.0
2025-01-18T23:00:00Z,42260099999,"AGRA, IN",27.155831,77.960892,167.94,14.55,1017.79,86.62,14.55,1017.79,86.62,0,NONE,NONE,NORMAL,0.0
2025-01-19T00:00:00Z,42139099999,"MEERUT, IN",29.0166666,77.7166667,222.0,11.12,1019.22,93.68,11.12,1019.22,93.68,0,NONE,NONE,NORMAL,0.0
2025-01-19T00:00:00Z,42170099999,"CHURU, IN",28.25,74.9166666,291.0,10.0,1016.7,94.77,10.0,1016.7,94.77,0,NONE,NONE,NORMAL,0.0
2025-01-19T00:00:00Z,42182099999,"SAFDARJUNG, IN",28.584511,77.205783,214.88,10.2,1017.2,100.0,10.2,1017.2,100.0,0,NONE,NONE,NORMAL,0.0
2025-01-19T00:00:00Z,42260099999,"AGRA, IN",27.155831,77.960892,167.94,14.57,1017.78,86.54,14.57,1017.78,86.54,0,NONE,NONE,NORMAL,0.0
2025-01-19T01:00:00Z,42139099999,"MEERUT, IN",29.0166666,77.7166667,222.0,10.75,1019.45,94.88,10.75,1019.45,94.88,0,NONE,NONE,NORMAL,0.0
2025-01-19T01:00:00Z,42170099999,"CHURU, IN",28.25,74.9166666,291.0,10.2,1017.33,93.93,10.2,1017.33,93.93,0,NONE,NONE,NORMAL,0.0
2025-01-19T01:00:00Z,42182099999,"SAFDARJUNG, IN",28.584511,77.205783,214.88,10.27,1017.87,100.0,10.27,1017.87,100.0,0,NONE,NONE,NORMAL,0.0
2025-01-19T01:00:00Z,42260099999,"AGRA, IN",27.155831,77.960892,167.94,14.59,1017.77,86.45,14.59,1017.77,86.45,0,NONE,NONE,NORMAL,0.0
2025-01-19T02:00:00Z,42139099999,"MEERUT, IN",29.0166666,77.7166667,222.0,10.37,1019.67,96.11,10.37,1019.67,96.11,0,NONE,NONE,NORMAL,0.0
2025-01-19T02:00:00Z,42170099999,"CHURU, IN",28.25,74.9166666,291.0,10.4,1017.97,93.1,10.4,1017.97,93.1,0,NONE,NONE,NORMAL,0.0
2025-01-19T02:00:00Z,42182099999,"SAFDARJUNG, IN",28.584511,77.205783,214.88,10.33,1018.53,100.0,10.33,1018.53,100.0,0,NONE,NONE,NORMAL,0.0
2025-01-19T02:00:00Z,42260099999,"AGRA, IN",27.155831,77.960892,167.94,14.6,1017.76,86.37,14.6,1017.76,86.37,0,NONE,NONE,NORMAL,0.0
2025-01-19T03:00:00Z,42139099999,"MEERUT, IN",29.0166666,77.7166667,222.0,10.0,1019.9,97.35,10.0,1019.9,97.35,0,NONE,NONE,NORMAL,0.0
2025-01-19T03:00:00Z,42170099999,"CHURU, IN",28.25,74.9166666,291.0,10.6,1018.6,92.28,10.6,1018.6,92.28,0,NONE,NONE,NORMAL,0.0
2025-01-19T03:00:00Z,42182099999,"SAFDARJUNG, IN",28.584511,77.205783,214.88,10.4,1019.2,100.0,10.4,1019.2,100.0,0,NONE,NONE,NORMAL,0.0
2025-01-19T03:00:00Z,42260099999,"AGRA, IN",27.155831,77.960892,167.94,14.62,1017.75,86.28,14.62,1017.75,86.28,0,NONE,NONE,NORMAL,0.0
2025-01-19T04:00:00Z,42139099999,"MEERUT, IN",29.0166666,77.7166667,222.0,12.53,1019.77,88.0,12.53,1019.77,88.0,0,NONE,NONE,NORMAL,0.0
2025-01-19T04:00:00Z,42170099999,"CHURU, IN",28.25,74.9166666,291.0,14.07,1018.4,78.04,14.07,1018.4,78.04,0,NONE,NONE,NORMAL,0.0
2025-01-19T04:00:00Z,42182099999,"SAFDARJUNG, IN",28.584511,77.205783,214.88,13.6,1019.17,85.79,13.6,1019.17,85.79,0,NONE,NONE,NORMAL,0.0
2025-01-19T04:00:00Z,42260099999,"AGRA, IN",27.155831,77.960892,167.94,14.64,1017.74,86.19,14.64,1017.74,86.19,0,NONE,NONE,NORMAL,0.0
2025-01-19T05:00:00Z,42139099999,"MEERUT, IN",29.0166666,77.7166667,222.0,15.07,1019.63,79.76,15.07,1019.63,79.76,0,NONE,NONE,NORMAL,0.0
2025-01-19T05:00:00Z,42170099999,"CHURU, IN",28.25,74.9166666,291.0,17.53,1018.2,66.37,17.53,1018.2,66.37,0,NONE,NONE,NORMAL,0.0
2025-01-19T05:00:00Z,42182099999,"SAFDARJUNG, IN",28.584511,77.205783,214.88,16.8,1019.13,73.95,16.8,1019.13,73.95,0,NONE,NONE,NORMAL,0.0
2025-01-19T05:00:00Z,42260099999,"AGRA, IN",27.155831,77.960892,167.94,14.65,1017.73,86.11,14.65,1017.73,86.11,0,NONE,NONE,NORMAL,0.0
2025-01-19T06:00:00Z,42139099999,"MEERUT, IN",29.0166666,77.7166667,222.0,17.6,1019.5,72.49,17.6,1019.5,72.49,0,NONE,NONE,NORMAL,0.0
2025-01-19T06:00:00Z,42170099999,"CHURU, IN",28.25,74.9166666,291.0,21.0,1018.0,56.76,21.0,1018.0,56.76,0,NONE,NONE,NORMAL,0.0
2025-01-19T06:00:00Z,42182099999,"SAFDARJUNG, IN",28.584511,77.205783,214.88,20.0,1019.1,64.04,20.0,1019.1,64.04,0,NONE,NONE,NORMAL,0.0
2025-01-19T06:00:00Z,42260099999,"AGRA, IN",27.155831,77.960892,167.94,14.67,1017.73,86.02,14.67,1017.73,86.02,0,NONE,NONE,NORMAL,0.0
2025-01-19T07:00:00Z,42139099999,"MEERUT, IN",29.0166666,77.7166667,222.0,19.47,1018.2,64.21,19.47,1018.2,64.21,0,NONE,NONE,NORMAL,0.0
2025-01-19T07:00:00Z,42170099999,"CHURU, IN",28.25,74.9166666,291.0,22.53,1016.87,54.58,22.53,1016.87,54.58,0,NONE,NONE,NORMAL,0.0
2025-01-19T07:00:00Z,42182099999,"SAFDARJUNG, IN",28.584511,77.205783,214.88,21.8,1017.77,57.95,21.8,1017.77,57.95,0,NONE,NONE,NORMAL,0.0
2025-01-19T07:00:00Z,42260099999,"AGRA, IN",27.155831,77.960892,167.94,14.69,1017.72,85.94,14.69,1017.72,85.94,0,NONE,NONE,NORMAL,0.0
2025-01-19T08:00:00Z,42139099999,"MEERUT, IN",29.0166666,77.7166667,222.0,21.33,1016.9,56.96,21.33,1016.9,56.96,0,NONE,NONE,NORMAL,0.0
2025-01-19T08:00:00Z,42170099999,"CHURU, IN",28.25,74.9166666,291.0,24.07,1015.73,52.53,24.07,1015.73,52.53,0,NONE,NONE,NORMAL,0.0
2025-01-19T08:00:00Z,42182099999,"SAFDARJUNG, IN",28.584511,77.205783,214.88,23.6,1016.43,52.52,23.6,1016.43,52.52,0,NONE,NONE,NORMAL,0.0
2025-01-19T08:00:00Z,42260099999,"AGRA, IN",27.155831,77.960892,167.94,14.71,1017.71,85.85,14.71,1017.71,85.85,0,NONE,NONE,NORMAL,0.0
2025-01-19T09:00:00Z,42139099999,"MEERUT, IN",29.0166666,77.7166667,222.0,23.2,1015.6,50.62,23.2,1015.6,50.62,0,NONE,NONE,NORMAL,0.0
2025-01-19T09:00:00Z,42170099999,"CHURU, IN",28.25,74.9166666,291.0,25.6,1014.6,50.59,25.6,1014.6,50.59,0,NONE,NONE,NORMAL,0.0
2025-01-19T09:00:00Z,42182099999,"SAFDARJUNG, IN",28.584511,77.205783,214.88,25.4,1015.1,47.67,25.4,1015.1,47.67,0,NONE,NONE,NORMAL,0.0
2025-01-19T09:00:00Z,42260099999,"AGRA, IN",27.155831,77.960892,167.94,14.72,1017.7,85.77,14.72,1017.7,85.77,0,NONE,NONE,NORMAL,0.0
2025-01-19T10:00:00Z,42139099999,"MEERUT, IN",29.0166666,77.7166667,222.0,22.4,1015.3,57.72,22.4,1015.3,57.72,0,NONE,NONE,NORMAL,0.0
2025-01-19T10:00:00Z,42170099999,"CHURU, IN",28.25,74.9166666,291.0,24.73,1014.6,51.91,24.73,1014.6,51.91,0,NONE,NONE,NORMAL,0.0
2025-01-19T10:00:00Z,42182099999,"SAFDARJUNG, IN",28.584511,77.205783,214.88,24.47,1015.07,54.48,24.47,1015.07,54.48,0,NONE,NONE,NORMAL,0.0
2025-01-19T10:00:00Z,42260099999,"AGRA, IN",27.155831,77.960892,167.94,14.74,1017.69,85.68,14.74,1017.69,85.68,0,NONE,NONE,NORMAL,0.0
2025-01-19T11:00:00Z,42139099999,"MEERUT, IN",29.0166666,77.7166667,222.0,21.6,1015.0,65.79,21.6,1015.0,65.79,0,NONE,NONE,NORMAL,0.0
2025-01-19T11:00:00Z,42170099999,"CHURU, IN",28.25,74.9166666,291.0,23.87,1014.6,53.28,23.87,1014.6,53.28,0,NONE,NONE,NORMAL,0.0
2025-01-19T11:00:00Z,42182099999,"SAFDARJUNG, IN",28.584511,77.205783,214.88,23.53,1015.03,62.24,23.53,1015.03,62.24,0,NONE,NONE,NORMAL,0.0
2025-01-19T11:00:00Z,42260099999,"AGRA, IN",27.155831,77.960892,167.94,14.76,1017.68,85.6,14.76,1017.68,85.6,0,NONE,NONE,NORMAL,0.0
2025-01-19T12:00:00Z,42139099999,"MEERUT, IN",29.0166666,77.7166667,222.0,20.8,1014.7,74.95,20.8,1014.7,74.95,0,NONE,NONE,NORMAL,0.0
2025-01-19T12:00:00Z,42170099999,"CHURU, IN",28.25,74.9166666,291.0,23.0,1014.6,54.7,23.0,1014.6,54.7,0,NONE,NONE,NORMAL,0.0
2025-01-19T12:00:00Z,42182099999,"SAFDARJUNG, IN",28.584511,77.205783,214.88,22.6,1015.0,71.09,22.6,1015.0,71.09,0,NONE,NONE,NORMAL,0.0
2025-01-19T12:00:00Z,42260099999,"AGRA, IN",27.155831,77.960892,167.94,14.77,1017.68,85.51,14.77,1017.68,85.51,0,NONE,NONE,NORMAL,0.0
2025-01-19T13:00:00Z,42139099999,"MEERUT, IN",29.0166666,77.7166667,222.0,20.25,1014.81,75.6,20.25,1014.81,75.6,0,NONE,NONE,NORMAL,0.0
2025-01-19T13:00:00Z,42170099999,"CHURU, IN",28.25,74.9166666,291.0,21.13,1015.27,61.97,21.13,1015.27,61.97,0,NONE,NONE,NORMAL,0.0
2025-01-19T13:00:00Z,42182099999,"SAFDARJUNG, IN",28.584511,77.205783,214.88,20.6,1015.23,76.69,20.6,1015.23,76.69,0,NONE,NONE,NORMAL,0.0
2025-01-19T13:00:00Z,42260099999,"AGRA, IN",27.155831,77.960892,167.94,14.79,1017.67,85.43,14.79,1017.67,85.43,0,NONE,NONE,NORMAL,0.0
2025-01-19T14:00:00Z,42139099999,"MEERUT, IN",29.0166666,77.7166667,222.0,19.71,1014.91,76.26,19.71,1014.91,76.26,0,NONE,NONE,NORMAL,0.0
2025-01-19T14:00:00Z,42170099999,"CHURU, IN",28.25,74.9166666,291.0,19.27,1015.93,70.31,19.27,1015.93,70.31,0,NONE,NONE,NORMAL,0.0
2025-01-19T14:00:00Z,42182099999,"SAFDARJUNG, IN",28.584511,77.205783,214.88,18.6,1015.47,82.87,18.6,1015.47,82.87,0,NONE,NONE,NORMAL,0.0
2025-01-19T14:00:00Z,42260099999,"AGRA, IN",27.155831,77.960892,167.94,14.81,1017.66,85.34,14.81,1017.66,85.34,0,NONE,NONE,NORMAL,0.0
2025-01-19T15:00:00Z,42139099999,"MEERUT, IN",29.0166666,77.7166667,222.0,19.16,1015.02,76.93,19.16,1015.02,76.93,0,NONE,NONE,NORMAL,0.0
2025-01-19T15:00:00Z,42170099999,"CHURU, IN",28.25,74.9166666,291.0,17.4,1016.6,79.91,17.4,1016.6,79.91,0,NONE,NONE,NORMAL,0.0
2025-01-19T15:00:00Z,42182099999,"SAFDARJUNG, IN",28.584511,77.205783,214.88,16.6,1015.7,89.69,16.6,1015.7,89.69,0,NONE,NONE,NORMAL,0.0
2025-01-19T15:00:00Z,42260099999,"AGRA, IN",27.155831,77.960892,167.94,14.82,1017.65,85.26,14.82,1017.65,85.26,0,NONE,NONE,NORMAL,0.0
2025-01-19T16:00:00Z,42139099999,"MEERUT, IN",29.0166666,77.7166667,222.0,18.61,1015.13,77.61,18.61,1015.13,77.61,0,NONE,NONE,NORMAL,0.0
2025-01-19T16:00:00Z,42170099999,"CHURU, IN",28.25,74.9166666,291.0,16.67,1016.9,82.81,16.67,1016.9,82.81,0,NONE,NONE,NORMAL,0.0
2025-01-19T16:00:00Z,42182099999,"SAFDARJUNG, IN",28.584511,77.205783,214.88,15.67,1015.93,91.58,15.67,1015.93,91.58,0,NONE,NONE,NORMAL,0.0
2025-01-19T16:00:00Z,42260099999,"AGRA, IN",27.155831,77.960892,167.94,14.84,1017.64,85.17,14.84,1017.64,85.17,0,NONE,NONE,NORMAL,0.0
2025-01-19T17:00:00Z,42139099999,"MEERUT, IN",29.0166666,77.7166667,222.0,18.07,1015.23,78.3,18.07,1015.23,78.3,0,NONE,NONE,NORMAL,0.0
2025-01-19T17:00:00Z,42170099999,"CHURU, IN",28.25,74.9166666,291.0,15.93,1017.2,85.84,15.93,1017.2,85.84,0,NONE,NONE,NORMAL,0.0
2025-01-19T17:00:00Z,42182099999,"SAFDARJUNG, IN",28.584511,77.205783,214.88,14.73,1016.17,93.53,14.73,1016.17,93.53,0,NONE,NONE,NORMAL,0.0
2025-01-19T17:00:00Z,42260099999,"AGRA, IN",27.155831,77.960892,167.94,14.86,1017.63,85.09,14.86,1017.63,85.09,0,NONE,NONE,NORMAL,0.0
2025-01-19T18:00:00Z,42139099999,"MEERUT, IN",29.0166666,77.7166667,222.0,17.52,1015.34,79.0,17.52,1015.34,79.0,0,NONE,NONE,NORMAL,0.0
2025-01-19T18:00:00Z,42170099999,"CHURU, IN",28.25,74.9166666,291.0,15.2,1017.5,89.0,15.2,1017.5,89.0,0,NONE,NONE,NORMAL,0.0
2025-01-19T18:00:00Z,42182099999,"SAFDARJUNG, IN",28.584511,77.205783,214.88,13.8,1016.4,95.54,13.8,1016.4,95.54,0,NONE,NONE,NORMAL,0.0
2025-01-19T18:00:00Z,42260099999,"AGRA, IN",27.155831,77.960892,167.94,14.88,1017.62,85.01,14.88,1017.62,85.01,0,NONE,NONE,NORMAL,0.0
2025-01-19T19:00:00Z,42139099999,"MEERUT, IN",29.0166666,77.7166667,222.0,16.97,1015.45,79.71,16.97,1015.45,79.71,0,NONE,NONE,NORMAL,0.0
2025-01-19T19:00:00Z,42170099999,"CHURU, IN",28.25,74.9166666,291.0,14.53,1017.27,91.7,14.53,1017.27,91.7,0,NONE,NONE,NORMAL,0.0
2025-01-19T19:00:00Z,42182099999,"SAFDARJUNG, IN",28.584511,77.205783,214.88,13.67,1016.13,96.16,13.67,1016.13,96.16,0,NONE,NONE,NORMAL,0.0
2025-01-19T19:00:00Z,42260099999,"AGRA, IN",27.155831,77.960892,167.94,14.89,1017.62,84.92,14.89,1017.62,84.92,0,NONE,NONE,NORMAL,0.0
2025-01-19T20:00:00Z,42139099999,"MEERUT, IN",29.0166666,77.7166667,222.0,16.43,1015.55,80.44,16.43,1015.55,80.44,0,NONE,NONE,NORMAL,0.0
2025-01-19T20:00:00Z,42170099999,"CHURU, IN",28.25,74.9166666,291.0,13.87,1017.03,94.51,13.87,1017.03,94.51,0,NONE,NONE,NORMAL,0.0
2025-01-19T20:00:00Z,42182099999,"SAFDARJUNG, IN",28.584511,77.205783,214.88,13.53,1015.87,96.79,13.53,1015.87,96.79,0,NONE,NONE,NORMAL,0.0
2025-01-19T20:00:00Z,42260099999,"AGRA, IN",27.155831,77.960892,167.94,14.91,1017.61,84.84,14.91,1017.61,84.84,0,NONE,NONE,NORMAL,0.0
2025-01-19T21:00:00Z,42139099999,"MEERUT, IN",29.0166666,77.7166667,222.0,15.88,1015.66,81.18,15.88,1015.66,81.18,0,NONE,NONE,NORMAL,0.0
2025-01-19T21:00:00Z,42170099999,"CHURU, IN",28.25,74.9166666,291.0,13.2,1016.8,97.42,13.2,1016.8,97.42,0,NONE,NONE,NORMAL,0.0
2025-01-19T21:00:00Z,42182099999,"SAFDARJUNG, IN",28.584511,77.205783,214.88,13.4,1015.6,97.42,13.4,1015.6,97.42,0,NONE,NONE,NORMAL,0.0
2025-01-19T21:00:00Z,42260099999,"AGRA, IN",27.155831,77.960892,167.94,14.93,1017.6,84.75,14.93,1017.6,84.75,0,NONE,NONE,NORMAL,0.0
2025-01-19T22:00:00Z,42139099999,"MEERUT, IN",29.0166666,77.7166667,222.0,15.33,1015.77,81.93,15.33,1015.77,81.93,0,NONE,NONE,NORMAL,0.0
2025-01-19T22:00:00Z,42170099999,"CHURU, IN",28.25,74.9166666,291.0,12.47,1016.87,98.26,12.47,1016.87,98.26,0,NONE,NONE,NORMAL,0.0
2025-01-19T22:00:00Z,42182099999,"SAFDARJUNG, IN",28.584511,77.205783,214.88,13.13,1015.53,97.42,13.13,1015.53,97.42,0,NONE,NONE,NORMAL,0.0
2025-01-19T22:00:00Z,42260099999,"AGRA, IN",27.155831,77.960892,167.94,14.94,1017.59,84.67,14.94,1017.59,84.67,0,NONE,NONE,NORMAL,0.0
2025-01-19T23:00:00Z,42139099999,"MEERUT, IN",29.0166666,77.7166667,222.0,14.79,1015.87,82.69,14.79,1015.87,82.69,0,NONE,NONE,NORMAL,0.0
2025-01-19T23:00:00Z,42170099999,"CHURU, IN",28.25,74.9166666,291.0,11.73,1016.93,99.12,11.73,1016.93,99.12,0,NONE,NONE,NORMAL,0.0
2025-01-19T23:00:00Z,42182099999,"SAFDARJUNG, IN",28.584511,77.205783,214.88,12.87,1015.47,97.41,12.87,1015.47,97.41,0,NONE,NONE,NORMAL,0.0
2025-01-19T23:00:00Z,42260099999,"AGRA, IN",27.155831,77.960892,167.94,14.96,1017.58,84.59,14.96,1017.58,84.59,0,NONE,NONE,NORMAL,0.0
2025-01-20T00:00:00Z,42139099999,"MEERUT, IN",29.0166666,77.7166667,222.0,14.24,1015.98,83.47,14.24,1015.98,83.47,0,NONE,NONE,NORMAL,0.0
2025-01-20T00:00:00Z,42170099999,"CHURU, IN",28.25,74.9166666,291.0,11.0,1017.0,100.0,11.0,1017.0,100.0,0,NONE,NONE,NORMAL,0.0
2025-01-20T00:00:00Z,42182099999,"SAFDARJUNG, IN",28.584511,77.205783,214.88,12.6,1015.4,97.41,12.6,1015.4,97.41,0,NONE,NONE,NORMAL,0.0
2025-01-20T00:00:00Z,42260099999,"AGRA, IN",27.155831,77.960892,167.94,14.98,1017.57,84.5,14.98,1017.57,84.5,0,NONE,NONE,NORMAL,0.0
2025-01-20T01:00:00Z,42139099999,"MEERUT, IN",29.0166666,77.7166667,222.0,13.69,1016.09,84.26,13.69,1016.09,84.26,0,NONE,NONE,NORMAL,0.0
2025-01-20T01:00:00Z,42170099999,"CHURU, IN",28.25,74.9166666,291.0,11.2,1017.47,99.12,11.2,1017.47,99.12,0,NONE,NONE,NORMAL,0.0
2025-01-20T01:00:00Z,42182099999,"SAFDARJUNG, IN",28.584511,77.205783,214.88,12.67,1015.93,95.08,12.67,1015.93,95.08,0,NONE,NONE,NORMAL,0.0
2025-01-20T01:00:00Z,42260099999,"AGRA, IN",27.155831,77.960892,167.94,15.0,1017.57,84.42,15.0,1017.57,84.42,0,NONE,NONE,NORMAL,0.0
2025-01-20T02:00:00Z,42139099999,"MEERUT, IN",29.0166666,77.7166667,222.0,13.15,1016.19,85.06,13.15,1016.19,85.06,0,NONE,NONE,NORMAL,0.0
2025-01-20T02:00:00Z,42170099999,"CHURU, IN",28.25,74.9166666,291.0,11.4,1017.93,98.25,11.4,1017.93,98.25,0,NONE,NONE,NORMAL,0.0
2025-01-20T02:00:00Z,42182099999,"SAFDARJUNG, IN",28.584511,77.205783,214.88,12.73,1016.47,92.81,12.73,1016.47,92.81,0,NONE,NONE,NORMAL,0.0
2025-01-20T02:00:00Z,42260099999,"AGRA, IN",27.155831,77.960892,167.94,15.01,1017.56,84.33,15.01,1017.56,84.33,0,NONE,NONE,NORMAL,0.0
2025-01-20T03:00:00Z,42139099999,"MEERUT, IN",29.0166666,77.7166667,222.0,12.6,1016.3,85.88,12.6,1016.3,85.88,0,NONE,NONE,NORMAL,0.0
2025-01-20T03:00:00Z,42170099999,"CHURU, IN",28.25,74.9166666,291.0,11.6,1018.4,97.39,11.6,1018.4,97.39,0,NONE,NONE,NORMAL,0.0
2025-01-20T03:00:00Z,42182099999,"SAFDARJUNG, IN",28.584511,77.205783,214.88,12.8,1017.0,90.59,12.8,1017.0,90.59,0,NONE,NONE,NORMAL,0.0
2025-01-20T03:00:00Z,42260099999,"AGRA, IN",27.155831,77.960892,167.94,15.03,1017.55,84.25,15.03,1017.55,84.25,0,NONE,NONE,NORMAL,0.0
2025-01-20T04:00:00Z,42139099999,"MEERUT, IN",29.0166666,77.7166667,222.0,15.4,1016.3,74.53,15.4,1016.3,74.53,0,NONE,NONE,NORMAL,0.0
2025-01-20T04:00:00Z,42170099999,"CHURU, IN",28.25,74.9166666,291.0,13.4,1018.73,87.88,13.4,1018.73,87.88,0,NONE,NONE,NORMAL,0.0
2025-01-20T04:00:00Z,42182099999,"SAFDARJUNG, IN",28.584511,77.205783,214.88,15.53,1017.07,72.92,15.53,1017.07,72.92,0,NONE,NONE,NORMAL,0.0
2025-01-20T04:00:00Z,42260099999,"AGRA, IN",27.155831,77.960892,167.94,15.05,1017.54,84.17,15.05,1017.54,84.17,0,NONE,NONE,NORMAL,0.0
2025-01-20T05:00:00Z,42139099999,"MEERUT, IN",29.0166666,77.7166667,222.0,18.2,1016.3,64.92,18.2,1016.3,64.92,0,NONE,NONE,NORMAL,0.0
2025-01-20T05:00:00Z,42170099999,"CHURU, IN",28.25,74.9166666,291.0,15.2,1019.07,79.43,15.2,1019.07,79.43,0,NONE,NONE,NORMAL,0.0
2025-01-20T05:00:00Z,42182099999,"SAFDARJUNG, IN",28.584511,77.205783,214.88,18.27,1017.13,58.9,18.27,1017.13,58.9,0,NONE,NONE,NORMAL,0.0
2025-01-20T05:00:00Z,42260099999,"AGRA, IN",27.155831,77.960892,167.94,15.06,1017.53,84.08,15.06,1017.53,84.08,0,NONE,NONE,NORMAL,0.0
2025-01-20T06:00:00Z,42139099999,"MEERUT, IN",29.0166666,77.7166667,222.0,21.0,1016.3,56.76,21.0,1016.3,56.76,0,NONE,NONE,NORMAL,0.0
2025-01-20T06:00:00Z,42170099999,"CHURU, IN",28.25,74.9166666,291.0,17.0,1019.4,71.91,17.0,1019.4,71.91,0,NONE,NONE,NORMAL,0.0
2025-01-20T06:00:00Z,42182099999,"SAFDARJUNG, IN",28.584511,77.205783,214.88,21.0,1017.2,47.74,21.0,1017.2,47.74,0,NONE,NONE,NORMAL,0.0
2025-01-20T06:00:00Z,42260099999,"AGRA, IN",27.155831,77.960892,167.94,15.08,1017.52,84.0,15.08,1017.52,84.0,0,NONE,NONE,NORMAL,0.0
2025-01-20T07:00:00Z,42139099999,"MEERUT, IN",29.0166666,77.7166667,222.0,22.07,1015.23,54.46,22.07,1015.23,54.46,0,NONE,NONE,NORMAL,0.0
2025-01-20T07:00:00Z,42170099999,"CHURU, IN",28.25,74.9166666,291.0,19.07,1017.9,61.9,19.07,1017.9,61.9,0,NONE,NONE,NORMAL,0.0
2025-01-20T07:00:00Z,42182099999,"SAFDARJUNG, IN",28.584511,77.205783,214.88,22.0,1016.23,49.42,22.0,1016.23,49.42,0,NONE,NONE,NORMAL,0.0
2025-01-20T07:00:00Z,42260099999,"AGRA, IN",27.155831,77.960892,167.94,15.1,1017.51,83.92,15.1,1017.51,83.92,0,NONE,NONE,NORMAL,0.0
2025-01-20T08:00:00Z,42139099999,"MEERUT, IN",29.0166666,77.7166667,222.0,23.13,1014.17,52.29,23.13,1014.17,52.29,0,NONE,NONE,NORMAL,0.0
2025-01-20T08:00:00Z,42170099999,"CHURU, IN",28.25,74.9166666,291.0,21.13,1016.4,53.39,21.13,1016.4,53.39,0,NONE,NONE,NORMAL,0.0
2025-01-20T08:00:00Z,42182099999,"SAFDARJUNG, IN",28.584511,77.205783,214.88,23.0,1015.27,51.12,23.0,1015.27,51.12,0,NONE,NONE,NORMAL,0.0
2025-01-20T08:00:00Z,42260099999,"AGRA, IN",27.155831,77.960892,167.94,15.12,1017.51,83.84,15.12,1017.51,83.84,0,NONE,NONE,NORMAL,0.0
2025-01-20T09:00:00Z,42139099999,"MEERUT, IN",29.0166666,77.7166667,222.0,24.2,1013.1,50.22,24.2,1013.1,50.22,0,NONE,NONE,NORMAL,0.0
2025-01-20T09:00:00Z,42170099999,"CHURU, IN",28.25,74.9166666,291.0,23.2,1014.9,46.15,23.2,1014.9,46.15,0,NONE,NONE,NORMAL,0.0
2025-01-20T09:00:00Z,42182099999,"SAFDARJUNG, IN",28.584511,77.205783,214.88,24.0,1014.3,52.85,24.09,1014.3,52.85,1,DRIFT,T,NORMAL,0.1
2025-01-20T09:00:00Z,42260099999,"AGRA, IN",27.155831,77.960892,167.94,15.13,1017.5,83.75,15.13,1017.5,83.75,0,NONE,NONE,NORMAL,0.0
2025-01-20T10:00:00Z,42139099999,"MEERUT, IN",29.0166666,77.7166667,222.0,23.27,1012.9,53.82,23.27,1012.9,53.82,0,NONE,NONE,NORMAL,0.0
2025-01-20T10:00:00Z,42170099999,"CHURU, IN",28.25,74.9166666,291.0,22.8,1014.6,46.14,22.8,1014.6,46.14,0,NONE,NONE,NORMAL,0.0
2025-01-20T10:00:00Z,42182099999,"SAFDARJUNG, IN",28.584511,77.205783,214.88,23.47,1013.9,56.5,23.71,1013.9,56.5,1,DRIFT,T,NORMAL,0.1
2025-01-20T10:00:00Z,42260099999,"AGRA, IN",27.155831,77.960892,167.94,15.15,1017.49,83.67,15.15,1017.49,83.67,0,NONE,NONE,NORMAL,0.0
2025-01-20T11:00:00Z,42139099999,"MEERUT, IN",29.0166666,77.7166667,222.0,22.33,1012.7,57.71,22.33,1012.7,57.71,0,NONE,NONE,NORMAL,0.0
2025-01-20T11:00:00Z,42170099999,"CHURU, IN",28.25,74.9166666,291.0,22.4,1014.3,46.13,22.4,1014.3,46.13,0,NONE,NONE,NORMAL,0.0
2025-01-20T11:00:00Z,42182099999,"SAFDARJUNG, IN",28.584511,77.205783,214.88,22.93,1013.5,60.4,23.32,1013.5,60.4,1,DRIFT,T,NORMAL,0.1
2025-01-20T11:00:00Z,42260099999,"AGRA, IN",27.155831,77.960892,167.94,15.17,1017.48,83.59,15.17,1017.48,83.59,0,NONE,NONE,NORMAL,0.0
2025-01-20T12:00:00Z,42139099999,"MEERUT, IN",29.0166666,77.7166667,222.0,21.4,1012.5,61.89,21.4,1012.5,61.89,0,NONE,NONE,NORMAL,0.0
2025-01-20T12:00:00Z,42170099999,"CHURU, IN",28.25,74.9166666,291.0,22.0,1014.0,46.12,22.0,1014.0,46.12,0,NONE,NONE,NORMAL,0.0
2025-01-20T12:00:00Z,42182099999,"SAFDARJUNG, IN",28.584511,77.205783,214.88,22.4,1013.1,64.56,22.94,1013.1,64.56,1,DRIFT,T,NORMAL,0.1
2025-01-20T12:00:00Z,42260099999,"AGRA, IN",27.155831,77.960892,167.94,15.18,1017.47,83.5,15.18,1017.47,83.5,0,NONE,NONE,NORMAL,0.0
2025-01-20T13:00:00Z,42139099999,"MEERUT, IN",29.0166666,77.7166667,222.0,20.79,1012.63,63.19,20.79,1012.63,63.19,0,NONE,NONE,NORMAL,0.0
2025-01-20T13:00:00Z,42170099999,"CHURU, IN",28.25,74.9166666,291.0,19.8,1014.53,53.05,19.8,1014.53,53.05,0,NONE,NONE,NORMAL,0.0
2025-01-20T13:00:00Z,42182099999,"SAFDARJUNG, IN",28.584511,77.205783,214.88,20.27,1013.63,71.88,20.96,1013.63,71.88,1,DRIFT,T,NORMAL,0.13
2025-01-20T13:00:00Z,42260099999,"AGRA, IN",27.155831,77.960892,167.94,15.2,1017.46,83.42,15.2,1017.46,83.42,0,NONE,NONE,NORMAL,0.0
2025-01-20T14:00:00Z,42139099999,"MEERUT, IN",29.0166666,77.7166667,222.0,20.17,1012.77,64.53,20.17,1012.77,64.53,0,NONE,NONE,NORMAL,0.0
2025-01-20T14:00:00Z,42170099999,"CHURU, IN",28.25,74.9166666,291.0,17.6,1015.07,61.15,17.6,1015.07,61.15,0,NONE,NONE,NORMAL,0.0
2025-01-20T14:00:00Z,42182099999,"SAFDARJUNG, IN",28.584511,77.205783,214.88,18.13,1014.17,80.19,18.97,1014.17,80.19,1,DRIFT,T,NORMAL,0.15
2025-01-20T14:00:00Z,42260099999,"AGRA, IN",27.155831,77.960892,167.94,15.22,1017.45,83.34,15.22,1017.45,83.34,0,NONE,NONE,NORMAL,0.0
2025-01-20T15:00:00Z,42139099999,"MEERUT, IN",29.0166666,77.7166667,222.0,19.56,1012.9,65.9,19.56,1012.9,65.9,0,NONE,NONE,NORMAL,0.0
2025-01-20T15:00:00Z,42170099999,"CHURU, IN",28.25,74.9166666,291.0,15.4,1015.6,70.66,15.4,1015.6,70.66,0,NONE,NONE,NORMAL,0.0
2025-01-20T15:00:00Z,42182099999,"SAFDARJUNG, IN",28.584511,77.205783,214.88,16.0,1014.7,89.64,16.99,1014.7,89.64,1,DRIFT,T,NORMAL,0.18
2025-01-20T15:00:00Z,42260099999,"AGRA, IN",27.155831,77.960892,167.94,15.24,1017.45,83.26,15.24,1017.45,83.26,0,NONE,NONE,NORMAL,0.0
2025-01-20T16:00:00Z,42139099999,"MEERUT, IN",29.0166666,77.7166667,222.0,18.95,1013.03,67.31,18.95,1013.03,67.31,0,NONE,NONE,NORMAL,0.0
2025-01-20T16:00:00Z,42170099999,"CHURU, IN",28.25,74.9166666,291.0,14.73,1015.9,74.09,14.73,1015.9,74.09,0,NONE,NONE,NORMAL,0.0
2025-01-20T16:00:00Z,42182099999,"SAFDARJUNG, IN",28.584511,77.205783,214.88,15.6,1014.77,90.2,16.74,1014.77,90.2,1,DRIFT,T,NORMAL,0.21
2025-01-20T16:00:00Z,42260099999,"AGRA, IN",27.155831,77.960892,167.94,15.25,1017.44,83.18,15.25,1017.44,83.18,0,NONE,NONE,NORMAL,0.0
2025-01-20T17:00:00Z,42139099999,"MEERUT, IN",29.0166666,77.7166667,222.0,18.33,1013.17,68.77,18.33,1013.17,68.77,0,NONE,NONE,NORMAL,0.0
2025-01-20T17:00:00Z,42170099999,"CHURU, IN",28.25,74.9166666,291.0,14.07,1016.2,77.7,14.07,1016.2,77.7,0,NONE,NONE,NORMAL,0.0
2025-01-20T17:00:00Z,42182099999,"SAFDARJUNG, IN",28.584511,77.205783,214.88,15.2,1014.83,90.76,16.49,1014.83,90.76,1,DRIFT,T,NORMAL,0.23
2025-01-20T17:00:00Z,42260099999,"AGRA, IN",27.155831,77.960892,167.94,15.27,1017.43,83.09,15.27,1017.43,83.09,0,NONE,NONE,NORMAL,0.0
2025-01-20T18:00:00Z,42139099999,"MEERUT, IN",29.0166666,77.7166667,222.0,17.72,1013.3,70.26,17.72,1013.3,70.26,0,NONE,NONE,NORMAL,0.0
2025-01-20T18:00:00Z,42170099999,"CHURU, IN",28.25,74.9166666,291.0,13.4,1016.5,81.5,13.4,1016.5,81.5,0,NONE,NONE,NORMAL,0.0
2025-01-20T18:00:00Z,42182099999,"SAFDARJUNG, IN",28.584511,77.205783,214.88,14.8,1014.9,91.32,16.24,1014.9,91.32,1,DRIFT,T,NORMAL,0.26
2025-01-20T18:00:00Z,42260099999,"AGRA, IN",27.155831,77.960892,167.94,15.29,1017.42,83.01,15.29,1017.42,83.01,0,NONE,NONE,NORMAL,0.0
2025-01-20T19:00:00Z,42139099999,"MEERUT, IN",29.0166666,77.7166667,222.0,17.11,1013.43,71.8,17.11,1013.43,71.8,0,NONE,NONE,NORMAL,0.0
2025-01-20T19:00:00Z,42170099999,"CHURU, IN",28.25,74.9166666,291.0,12.47,1016.33,84.91,12.47,1016.33,84.91,0,NONE,NONE,NORMAL,0.0
2025-01-20T19:00:00Z,42182099999,"SAFDARJUNG, IN",28.584511,77.205783,214.88,14.33,1014.67,92.7,15.92,1014.67,92.7,1,DRIFT,T,NORMAL,0.29
2025-01-20T19:00:00Z,42260099999,"AGRA, IN",27.155831,77.960892,167.94,15.3,1017.41,82.93,15.3,1017.41,82.93,0,NONE,NONE,NORMAL,0.0
2025-01-20T20:00:00Z,42139099999,"MEERUT, IN",29.0166666,77.7166667,222.0,16.49,1013.57,73.38,16.49,1013.57,73.38,0,NONE,NONE,NORMAL,0.0
2025-01-20T20:00:00Z,42170099999,"CHURU, IN",28.25,74.9166666,291.0,11.53,1016.17,88.5,11.53,1016.17,88.5,0,NONE,NONE,NORMAL,0.0
2025-01-20T20:00:00Z,42182099999,"SAFDARJUNG, IN",28.584511,77.205783,214.88,13.87,1014.43,94.1,15.61,1014.43,94.1,1,DRIFT,T,NORMAL,0.32
2025-01-20T20:00:00Z,42260099999,"AGRA, IN",27.155831,77.960892,167.94,15.32,1017.4,82.85,15.32,1017.4,82.85,0,NONE,NONE,NORMAL,0.0
2025-01-20T21:00:00Z,42139099999,"MEERUT, IN",29.0166666,77.7166667,222.0,15.88,1013.7,75.01,15.88,1013.7,75.01,0,NONE,NONE,NORMAL,0.0
2025-01-20T21:00:00Z,42170099999,"CHURU, IN",28.25,74.9166666,291.0,10.6,1016.0,92.28,10.6,1016.0,92.28,0,NONE,NONE,NORMAL,0.0
2025-01-20T21:00:00Z,42182099999,"SAFDARJUNG, IN",28.584511,77.205783,214.88,13.4,1014.2,95.53,15.29,1014.2,95.53,1,DRIFT,T,NORMAL,0.34
2025-01-20T21:00:00Z,42260099999,"AGRA, IN",27.155831,77.960892,167.94,15.34,1017.4,82.77,15.34,1017.4,82.77,0,NONE,NONE,NORMAL,0.0
2025-01-20T22:00:00Z,42139099999,"MEERUT, IN",29.0166666,77.7166667,222.0,15.27,1013.83,76.68,15.27,1013.83,76.68,0,NONE,NONE,NORMAL,0.0
2025-01-20T22:00:00Z,42170099999,"CHURU, IN",28.25,74.9166666,291.0,9.93,1015.83,92.03,9.93,1015.83,92.03,0,NONE,NONE,NORMAL,0.0
2025-01-20T22:00:00Z,42182099999,"SAFDARJUNG, IN",28.584511,77.205783,214.88,12.87,1014.0,95.3,14.91,1014.0,95.3,1,DRIFT,T,NORMAL,0.37
2025-01-20T22:00:00Z,42260099999,"AGRA, IN",27.155831,77.960892,167.94,15.36,1017.39,82.68,15.36,1017.39,82.68,0,NONE,NONE,NORMAL,0.0
2025-01-20T23:00:00Z,42139099999,"MEERUT, IN",29.0166666,77.7166667,222.0,14.65,1013.97,78.41,14.65,1013.97,78.41,0,NONE,NONE,NORMAL,0.0
2025-01-20T23:00:00Z,42170099999,"CHURU, IN",28.25,74.9166666,291.0,9.27,1015.67,91.78,9.27,1015.67,91.78,0,NONE,NONE,NORMAL,0.0
2025-01-20T23:00:00Z,42182099999,"SAFDARJUNG, IN",28.584511,77.205783,214.88,12.33,1013.8,95.07,14.52,1013.8,95.07,1,DRIFT,T,NORMAL,0.4
2025-01-20T23:00:00Z,42260099999,"AGRA, IN",27.155831,77.960892,167.94,15.37,1017.38,82.6,15.37,1017.38,82.6,0,NONE,NONE,NORMAL,0.0
2025-01-21T00:00:00Z,42139099999,"MEERUT, IN",29.0166666,77.7166667,222.0,14.04,1014.1,80.18,14.04,1014.1,80.18,0,NONE,NONE,NORMAL,0.0
2025-01-21T00:00:00Z,42170099999,"CHURU, IN",28.25,74.9166666,291.0,8.6,1015.5,91.53,8.6,1015.5,91.53,0,NONE,NONE,NORMAL,0.0
2025-01-21T00:00:00Z,42182099999,"SAFDARJUNG, IN",28.584511,77.205783,214.88,11.8,1013.6,94.84,14.14,1013.6,94.84,1,DRIFT,T,NORMAL,0.43
2025-01-21T00:00:00Z,42260099999,"AGRA, IN",27.155831,77.960892,167.94,15.39,1017.37,82.52,15.39,1017.37,82.52,0,NONE,NONE,NORMAL,0.0
2025-01-21T01:00:00Z,42139099999,"MEERUT, IN",29.0166666,77.7166667,222.0,13.43,1014.23,82.01,13.43,1014.23,82.01,0,NONE,NONE,NORMAL,0.0
2025-01-21T01:00:00Z,42170099999,"CHURU, IN",28.25,74.9166666,291.0,8.6,1016.13,91.53,8.6,1016.13,91.53,0,NONE,NONE,NORMAL,0.0
2025-01-21T01:00:00Z,42182099999,"SAFDARJUNG, IN",28.584511,77.205783,214.88,11.87,1014.4,90.73,14.36,1014.4,90.73,1,DRIFT,T,NORMAL,0.45
2025-01-21T01:00:00Z,42260099999,"AGRA, IN",27.155831,77.960892,167.94,15.41,1017.36,82.44,15.41,1017.36,82.44,0,NONE,NONE,NORMAL,0.0
2025-01-21T02:00:00Z,42139099999,"MEERUT, IN",29.0166666,77.7166667,222.0,12.81,1014.37,83.9,12.81,1014.37,83.9,0,NONE,NONE,NORMAL,0.0
2025-01-21T02:00:00Z,42170099999,"CHURU, IN",28.25,74.9166666,291.0,8.6,1016.77,91.53,8.6,1016.77,91.53,0,NONE,NONE,NORMAL,0.0
2025-01-21T02:00:00Z,42182099999,"SAFDARJUNG, IN",28.584511,77.205783,214.88,11.93,1015.2,86.77,14.57,1015.2,86.77,1,DRIFT,T,NORMAL,0.48
2025-01-21T02:00:00Z,42260099999,"AGRA, IN",27.155831,77.960892,167.94,15.42,1017.35,82.36,15.42,1017.35,82.36,0,NONE,NONE,NORMAL,0.0
2025-01-21T03:00:00Z,42139099999,"MEERUT, IN",29.0166666,77.7166667,222.0,12.2,1014.5,85.84,12.2,1014.5,85.84,0,NONE,NONE,NORMAL,0.0
2025-01-21T03:00:00Z,42170099999,"CHURU, IN",28.25,74.9166666,291.0,8.6,1017.4,91.53,8.6,1017.4,91.53,0,NONE,NONE,NORMAL,0.0
2025-01-21T03:00:00Z,42182099999,"SAFDARJUNG, IN",28.584511,77.205783,214.88,12.0,1016.0,82.98,14.79,1016.0,82.98,1,DRIFT,T,NORMAL,0.51
2025-01-21T03:00:00Z,42260099999,"AGRA, IN",27.155831,77.960892,167.94,15.44,1017.34,82.28,15.44,1017.34,82.28,0,NONE,NONE,NORMAL,0.0
2025-01-21T04:00:00Z,42139099999,"MEERUT, IN",29.0166666,77.7166667,222.0,14.47,1014.87,77.24,14.47,1014.87,77.24,0,NONE,NONE,NORMAL,0.0
2025-01-21T04:00:00Z,42170099999,"CHURU, IN",28.25,74.9166666,291.0,12.07,1017.33,70.65,12.07,1017.33,70.65,0,NONE,NONE,NORMAL,0.0
2025-01-21T04:00:00Z,42182099999,"SAFDARJUNG, IN",28.584511,77.205783,214.88,14.73,1015.97,69.59,17.67,1015.97,69.59,1,DRIFT,T,NORMAL,0.53
2025-01-21T04:00:00Z,42260099999,"AGRA, IN",27.155831,77.960892,167.94,15.46,1017.34,82.2,15.46,1017.34,82.2,0,NONE,NONE,NORMAL,0.0
2025-01-21T05:00:00Z,42139099999,"MEERUT, IN",29.0166666,77.7166667,222.0,16.73,1015.23,69.67,16.73,1015.23,69.67,0,NONE,NONE,NORMAL,0.0
2025-01-21T05:00:00Z,42170099999,"CHURU, IN",28.25,74.9166666,291.0,15.53,1017.27,54.87,15.53,1017.27,54.87,0,NONE,NONE,NORMAL,0.0
2025-01-21T05:00:00Z,42182099999,"SAFDARJUNG, IN",28.584511,77.205783,214.88,17.47,1015.93,58.57,20.56,1015.93,58.57,1,DRIFT,T,NORMAL,0.56
2025-01-21T05:00:00Z,42260099999,"AGRA, IN",27.155831,77.960892,167.94,15.48,1017.33,82.12,15.48,1017.33,82.12,0,NONE,NONE,NORMAL,0.0
2025-01-21T06:00:00Z,42139099999,"MEERUT, IN",29.0166666,77.7166667,222.0,19.0,1015.6,62.99,19.0,1015.6,62.99,0,NONE,NONE,NORMAL,0.0
2025-01-21T06:00:00Z,42170099999,"CHURU, IN",28.25,74.9166666,291.0,19.0,1017.2,42.86,19.0,1017.2,42.86,0,NONE,NONE,NORMAL,0.0
2025-01-21T06:00:00Z,42182099999,"SAFDARJUNG, IN",28.584511,77.205783,214.88,20.2,1015.9,49.48,23.44,1015.9,49.48,1,DRIFT,T,NORMAL,0.59
2025-01-21T06:00:00Z,42260099999,"AGRA, IN",27.155831,77.960892,167.94,15.49,1017.32,82.03,15.49,1017.32,82.03,0,NONE,NONE,NORMAL,0.0
2025-01-21T07:00:00Z,42139099999,"MEERUT, IN",29.0166666,77.7166667,222.0,20.13,1014.43,57.55,20.13,1014.43,57.55,0,NONE,NONE,NORMAL,0.0
2025-01-21T07:00:00Z,42170099999,"CHURU, IN",28.25,74.9166666,291.0,20.67,1016.03,37.6,20.67,1016.03,37.6,0,NONE,NONE,NORMAL,0.0
2025-01-21T07:00:00Z,42182099999,"SAFDARJUNG, IN",28.584511,77.205783,214.88,21.27,1014.83,47.92,24.66,1014.83,47.92,1,DRIFT,T,NORMAL,0.62
2025-01-21T07:00:00Z,42260099999,"AGRA, IN",27.155831,77.960892,167.94,15.51,1017.31,81.95,15.51,1017.31,81.95,0,NONE,NONE,NORMAL,0.0
2025-01-21T08:00:00Z,42139099999,"MEERUT, IN",29.0166666,77.7166667,222.0,21.27,1013.27,52.61,21.27,1013.27,52.61,0,NONE,NONE,NORMAL,0.0
2025-01-21T08:00:00Z,42170099999,"CHURU, IN",28.25,74.9166666,291.0,22.33,1014.87,33.02,22.33,1014.87,33.02,0,NONE,NONE,NORMAL,0.0
2025-01-21T08:00:00Z,42182099999,"SAFDARJUNG, IN",28.584511,77.205783,214.88,22.33,1013.77,46.42,25.87,1013.77,46.42,1,DRIFT,T,NORMAL,0.64
2025-01-21T08:00:00Z,42260099999,"AGRA, IN",27.155831,77.960892,167.94,15.53,1017.3,81.87,15.53,1017.3,81.87,0,NONE,NONE,NORMAL,0.0
2025-01-21T09:00:00Z,42139099999,"MEERUT, IN",29.0166666,77.7166667,222.0,22.4,1012.1,48.12,22.4,1012.1,48.12,0,NONE,NONE,NORMAL,0.0
2025-01-21T09:00:00Z,42170099999,"CHURU, IN",28.25,74.9166666,291.0,24.0,1013.7,29.03,24.0,1013.7,29.03,0,NONE,NONE,NORMAL,0.0
2025-01-21T09:00:00Z,42182099999,"SAFDARJUNG, IN",28.584511,77.205783,214.88,23.4,1012.7,44.99,27.09,1012.7,44.99,1,DRIFT,T,NORMAL,0.67
2025-01-21T09:00:00Z,42260099999,"AGRA, IN",27.155831,77.960892,167.94,15.54,1017.29,81.79,15.54,1017.29,81.79,0,NONE,NONE,NORMAL,0.0
2025-01-21T10:00:00Z,42139099999,"MEERUT, IN",29.0166666,77.7166667,222.0,21.8,1011.77,50.69,21.8,1011.77,50.69,0,NONE,NONE,NORMAL,0.0
2025-01-21T10:00:00Z,42170099999,"CHURU, IN",28.25,74.9166666,291.0,23.6,1013.23,30.44,23.6,1013.23,30.44,0,NONE,NONE,NORMAL,0.0
2025-01-21T10:00:00Z,42182099999,"SAFDARJUNG, IN",28.584511,77.205783,214.88,22.73,1012.33,51.84,26.57,1012.33,51.84,1,DRIFT,T,NORMAL,0.7
2025-01-21T10:00:00Z,42260099999,"AGRA, IN",27.155831,77.960892,167.94,15.56,1017.28,81.71,15.56,1017.28,81.71,0,NONE,NONE,NORMAL,0.0
2025-01-21T11:00:00Z,42139099999,"MEERUT, IN",29.0166666,77.7166667,222.0,21.2,1011.43,53.41,21.2,1011.43,53.41,0,NONE,NONE,NORMAL,0.0
2025-01-21T11:00:00Z,42170099999,"CHURU, IN",28.25,74.9166666,291.0,23.2,1012.77,31.91,23.2,1012.77,31.91,0,NONE,NONE,NORMAL,0.0
2025-01-21T11:00:00Z,42182099999,"SAFDARJUNG, IN",28.584511,77.205783,214.88,22.07,1011.97,59.68,26.06,1011.97,59.68,1,DRIFT,T,NORMAL,0.73
2025-01-21T11:00:00Z,42260099999,"AGRA, IN",27.155831,77.960892,167.94,15.58,1017.28,81.63,15.58,1017.28,81.63,0,NONE,NONE,NORMAL,0.0
2025-01-21T12:00:00Z,42139099999,"MEERUT, IN",29.0166666,77.7166667,222.0,20.6,1011.1,56.28,20.6,1011.1,56.28,0,NONE,NONE,NORMAL,0.0
2025-01-21T12:00:00Z,42170099999,"CHURU, IN",28.25,74.9166666,291.0,22.8,1012.3,33.46,22.8,1012.3,33.46,0,NONE,NONE,NORMAL,0.0
2025-01-21T12:00:00Z,42182099999,"SAFDARJUNG, IN",28.584511,77.205783,214.88,21.4,1011.6,68.63,25.54,1011.6,68.63,1,DRIFT,T,NORMAL,0.75
2025-01-21T12:00:00Z,42260099999,"AGRA, IN",27.155831,77.960892,167.94,15.6,1017.27,81.55,15.6,1017.27,81.55,0,NONE,NONE,NORMAL,0.0
2025-01-21T13:00:00Z,42139099999,"MEERUT, IN",29.0166666,77.7166667,222.0,20.01,1011.35,58.11,20.01,1011.35,58.11,0,NONE,NONE,NORMAL,0.0
2025-01-21T13:00:00Z,42170099999,"CHURU, IN",28.25,74.9166666,291.0,20.67,1013.0,37.95,20.67,1013.0,37.95,0,NONE,NONE,NORMAL,0.0
2025-01-21T13:00:00Z,42182099999,"SAFDARJUNG, IN",28.584511,77.205783,214.88,19.6,1012.4,72.53,23.89,1012.4,72.53,1,DRIFT,T,NORMAL,0.78
2025-01-21T13:00:00Z,42260099999,"AGRA, IN",27.155831,77.960892,167.94,15.61,1017.26,81.47,15.61,1017.26,81.47,0,NONE,NONE,NORMAL,0.0
2025-01-21T14:00:00Z,42139099999,"MEERUT, IN",29.0166666,77.7166667,222.0,19.43,1011.59,60.0,19.43,1011.59,60.0,0,NONE,NONE,NORMAL,0.0
2025-01-21T14:00:00Z,42170099999,"CHURU, IN",28.25,74.9166666,291.0,18.53,1013.7,43.13,18.53,1013.7,43.13,0,NONE,NONE,NORMAL,0.0
2025-01-21T14:00:00Z,42182099999,"SAFDARJUNG, IN",28.584511,77.205783,214.88,17.8,1013.2,76.75,22.24,1013.2,76.75,1,DRIFT,T,NORMAL,0.81
2025-01-21T14:00:00Z,42260099999,"AGRA, IN",27.155831,77.960892,167.94,15.63,1017.25,81.39,15.63,1017.25,81.39,0,NONE,NONE,NORMAL,0.0
2025-01-21T15:00:00Z,42139099999,"MEERUT, IN",29.0166666,77.7166667,222.0,18.84,1011.84,61.96,18.84,1011.84,61.96,0,NONE,NONE,NORMAL,0.0
2025-01-21T15:00:00Z,42170099999,"CHURU, IN",28.25,74.9166666,291.0,16.4,1014.4,49.12,16.4,1014.4,49.12,0,NONE,NONE,NORMAL,0.0
2025-01-21T15:00:00Z,42182099999,"SAFDARJUNG, IN",28.584511,77.205783,214.88,16.0,1014.0,81.3,16.0,1014.0,81.3,0,NONE,NONE,NORMAL,0.0
2025-01-21T15:00:00Z,42260099999,"AGRA, IN",27.155831,77.960892,167.94,15.65,1017.24,81.31,15.65,1017.24,81.31,0,NONE,NONE,NORMAL,0.0
2025-01-21T16:00:00Z,42139099999,"MEERUT, IN",29.0166666,77.7166667,222.0,18.25,1012.09,63.99,18.25,1012.09,63.99,0,NONE,NONE,NORMAL,0.0
2025-01-21T16:00:00Z,42170099999,"CHURU, IN",28.25,74.9166666,291.0,15.8,1014.67,54.69,15.8,1014.67,54.69,0,NONE,NONE,NORMAL,0.0
2025-01-21T16:00:00Z,42182099999,"SAFDARJUNG, IN",28.584511,77.205783,214.88,15.33,1014.1,85.03,15.33,1014.1,85.03,0,NONE,NONE,NORMAL,0.0
2025-01-21T16:00:00Z,42260099999,"AGRA, IN",27.155831,77.960892,167.94,15.66,1017.23,81.23,15.66,1017.23,81.23,0,NONE,NONE,NORMAL,0.0
2025-01-21T17:00:00Z,42139099999,"MEERUT, IN",29.0166666,77.7166667,222.0,17.67,1012.33,66.11,17.67,1012.33,66.11,0,NONE,NONE,NORMAL,0.0
2025-01-21T17:00:00Z,42170099999,"CHURU, IN",28.25,74.9166666,291.0,15.2,1014.93,60.86,15.2,1014.93,60.86,0,NONE,NONE,NORMAL,0.0
2025-01-21T17:00:00Z,42182099999,"SAFDARJUNG, IN",28.584511,77.205783,214.88,14.67,1014.2,88.96,14.67,1014.2,88.96,0,NONE,NONE,NORMAL,0.0
2025-01-21T17:00:00Z,42260099999,"AGRA, IN",27.155831,77.960892,167.94,15.68,1017.23,81.15,15.68,1017.23,81.15,0,NONE,NONE,NORMAL,0.0
2025-01-21T18:00:00Z,42139099999,"MEERUT, IN",29.0166666,77.7166667,222.0,17.08,1012.58,68.3,17.08,1012.58,68.3,0,NONE,NONE,NORMAL,0.0
2025-01-21T18:00:00Z,42170099999,"CHURU, IN",28.25,74.9166666,291.0,14.6,1015.2,67.71,14.6,1015.2,67.71,0,NONE,NONE,NORMAL,0.0
2025-01-21T18:00:00Z,42182099999,"SAFDARJUNG, IN",28.584511,77.205783,214.88,14.0,1014.3,93.08,14.0,1014.3,93.08,0,NONE,NONE,NORMAL,0.0
2025-01-21T18:00:00Z,42260099999,"AGRA, IN",27.155831,77.960892,167.94,15.7,1017.22,81.07,15.7,1017.22,81.07,0,NONE,NONE,NORMAL,0.0
2025-01-21T19:00:00Z,42139099999,"MEERUT, IN",29.0166666,77.7166667,222.0,16.49,1012.83,70.58,16.49,1012.83,70.58,0,NONE,NONE,NORMAL,0.0
2025-01-21T19:00:00Z,42170099999,"CHURU, IN",28.25,74.9166666,291.0,13.27,1015.13,72.84,13.27,1015.13,72.84,0,NONE,NONE,NORMAL,0.0
2025-01-21T19:00:00Z,42182099999,"SAFDARJUNG, IN",28.584511,77.205783,214.88,12.93,1014.2,94.47,12.93,1014.2,94.47,0,NONE,NONE,NORMAL,0.0
2025-01-21T19:00:00Z,42260099999,"AGRA, IN",27.155831,77.960892,167.94,15.72,1017.21,80.99,15.72,1017.21,80.99,0,NONE,NONE,NORMAL,0.0
2025-01-21T20:00:00Z,42139099999,"MEERUT, IN",29.0166666,77.7166667,222.0,15.91,1013.07,72.95,15.91,1013.07,72.95,0,NONE,NONE,NORMAL,0.0
2025-01-21T20:00:00Z,42170099999,"CHURU, IN",28.25,74.9166666,291.0,11.93,1015.07,78.42,11.93,1015.07,78.42,0,NONE,NONE,NORMAL,0.0
2025-01-21T20:00:00Z,42182099999,"SAFDARJUNG, IN",28.584511,77.205783,214.88,11.87,1014.1,95.9,11.87,1014.1,95.9,0,NONE,NONE,NORMAL,0.0
2025-01-21T20:00:00Z,42260099999,"AGRA, IN",27.155831,77.960892,167.94,15.73,1017.2,80.91,15.73,1017.2,80.91,0,NONE,NONE,NORMAL,0.0
2025-01-21T21:00:00Z,42139099999,"MEERUT, IN",29.0166666,77.7166667,222.0,15.32,1013.32,75.41,15.32,1013.32,75.41,0,NONE,NONE,NORMAL,0.0
2025-01-21T21:00:00Z,42170099999,"CHURU, IN",28.25,74.9166666,291.0,10.6,1015.0,84.51,10.6,1015.0,84.51,0,NONE,NONE,NORMAL,0.0
2025-01-21T21:00:00Z,42182099999,"SAFDARJUNG, IN",28.584511,77.205783,214.88,10.8,1014.0,97.37,10.8,1014.0,97.37,0,NONE,NONE,NORMAL,0.0
2025-01-21T21:00:00Z,42260099999,"AGRA, IN",27.155831,77.960892,167.94,15.75,1017.19,80.83,15.75,1017.19,80.83,0,NONE,NONE,NORMAL,0.0
2025-01-21T22:00:00Z,42139099999,"MEERUT, IN",29.0166666,77.7166667,222.0,14.73,1013.57,77.97,14.73,1013.57,77.97,0,NONE,NONE,NORMAL,0.0
2025-01-21T22:00:00Z,42170099999,"CHURU, IN",28.25,74.9166666,291.0,10.07,1014.8,85.23,10.07,1014.8,85.23,0,NONE,NONE,NORMAL,0.0
2025-01-21T22:00:00Z,42182099999,"SAFDARJUNG, IN",28.584511,77.205783,214.88,10.67,1013.77,98.24,10.67,1013.77,98.24,0,NONE,NONE,NORMAL,0.0
2025-01-21T22:00:00Z,42260099999,"AGRA, IN",27.155831,77.960892,167.94,15.77,1017.18,80.75,15.77,1017.18,80.75,0,NONE,NONE,NORMAL,0.0
2025-01-21T23:00:00Z,42139099999,"MEERUT, IN",29.0166666,77.7166667,222.0,14.15,1013.81,80.63,14.15,1013.81,80.63,0,NONE,NONE,NORMAL,0.0
2025-01-21T23:00:00Z,42170099999,"CHURU, IN",28.25,74.9166666,291.0,9.53,1014.6,85.95,9.53,1014.6,85.95,0,NONE,NONE,NORMAL,0.0
2025-01-21T23:00:00Z,42182099999,"SAFDARJUNG, IN",28.584511,77.205783,214.88,10.53,1013.53,99.11,10.53,1013.53,99.11,0,NONE,NONE,NORMAL,0.0
2025-01-21T23:00:00Z,42260099999,"AGRA, IN",27.155831,77.960892,167.94,15.78,1017.17,80.67,15.78,1017.17,80.67,0,NONE,NONE,NORMAL,0.0
2025-01-22T00:00:00Z,42139099999,"MEERUT, IN",29.0166666,77.7166667,222.0,13.56,1014.06,83.39,13.56,1014.06,83.39,0,NONE,NONE,NORMAL,0.0
2025-01-22T00:00:00Z,42170099999,"CHURU, IN",28.25,74.9166666,291.0,9.0,1014.4,86.68,9.0,1014.4,86.68,0,NONE,NONE,NORMAL,0.0
2025-01-22T00:00:00Z,42182099999,"SAFDARJUNG, IN",28.584511,77.205783,214.88,10.4,1013.3,100.0,10.4,1013.3,100.0,0,NONE,NONE,NORMAL,0.0
2025-01-22T00:00:00Z,42260099999,"AGRA, IN",27.155831,77.960892,167.94,15.8,1017.17,80.59,15.8,1017.17,80.59,0,NONE,NONE,NORMAL,0.0
2025-01-22T01:00:00Z,42139099999,"MEERUT, IN",29.0166666,77.7166667,222.0,12.97,1014.31,86.26,12.97,1014.31,86.26,0,NONE,NONE,NORMAL,0.0
2025-01-22T01:00:00Z,42170099999,"CHURU, IN",28.25,74.9166666,291.0,9.0,1014.97,86.68,9.0,1014.97,86.68,0,NONE,NONE,NORMAL,0.0
2025-01-22T01:00:00Z,42182099999,"SAFDARJUNG, IN",28.584511,77.205783,214.88,10.93,1013.9,99.12,10.93,1013.9,99.12,0,NONE,NONE,NORMAL,0.0
2025-01-22T01:00:00Z,42260099999,"AGRA, IN",27.155831,77.960892,167.94,15.82,1017.16,80.51,-2.18,1017.16,80.51,1,SPIKE,T,NORMAL,0.9
2025-01-22T02:00:00Z,42139099999,"MEERUT, IN",29.0166666,77.7166667,222.0,12.39,1014.55,89.24,12.39,1014.55,89.24,0,NONE,NONE,NORMAL,0.0
2025-01-22T02:00:00Z,42170099999,"CHURU, IN",28.25,74.9166666,291.0,9.0,1015.53,86.68,9.0,1015.53,86.68,0,NONE,NONE,NORMAL,0.0
2025-01-22T02:00:00Z,42182099999,"SAFDARJUNG, IN",28.584511,77.205783,214.88,11.47,1014.5,98.25,11.47,1014.5,98.25,0,NONE,NONE,NORMAL,0.0
2025-01-22T02:00:00Z,42260099999,"AGRA, IN",27.155831,77.960892,167.94,15.84,1017.15,80.44,-2.16,1017.15,80.44,1,SPIKE,T,NORMAL,0.9
2025-01-22T03:00:00Z,42139099999,"MEERUT, IN",29.0166666,77.7166667,222.0,11.8,1014.8,92.35,11.8,1014.8,92.35,0,NONE,NONE,NORMAL,0.0
2025-01-22T03:00:00Z,42170099999,"CHURU, IN",28.25,74.9166666,291.0,9.0,1016.1,86.68,9.0,1016.1,86.68,0,NONE,NONE,NORMAL,0.0
2025-01-22T03:00:00Z,42182099999,"SAFDARJUNG, IN",28.584511,77.205783,214.88,12.0,1015.1,97.39,12.0,1015.1,97.39,0,NONE,NONE,NORMAL,0.0
2025-01-22T03:00:00Z,42260099999,"AGRA, IN",27.155831,77.960892,167.94,15.85,1017.14,80.36,15.85,1017.14,80.36,0,NONE,NONE,NORMAL,0.0
2025-01-22T04:00:00Z,42139099999,"MEERUT, IN",29.0166666,77.7166667,222.0,14.27,1015.03,79.65,14.27,1015.03,79.65,0,NONE,NONE,NORMAL,0.0
2025-01-22T04:00:00Z,42170099999,"CHURU, IN",28.25,74.9166666,291.0,12.47,1015.93,71.7,12.47,1015.93,71.7,0,NONE,NONE,NORMAL,0.0
2025-01-22T04:00:00Z,42182099999,"SAFDARJUNG, IN",28.584511,77.205783,214.88,15.07,1015.17,80.47,15.07,1015.17,80.47,0,NONE,NONE,NORMAL,0.0
2025-01-22T04:00:00Z,42260099999,"AGRA, IN",27.155831,77.960892,167.94,15.87,1017.13,80.28,15.87,1017.13,80.28,0,NONE,NONE,NORMAL,0.0
2025-01-22T05:00:00Z,42139099999,"MEERUT, IN",29.0166666,77.7166667,222.0,16.73,1015.27,68.9,16.73,1015.27,68.9,0,NONE,NONE,NORMAL,0.0
2025-01-22T05:00:00Z,42170099999,"CHURU, IN",28.25,74.9166666,291.0,15.93,1015.77,59.67,15.93,1015.77,59.67,0,NONE,NONE,NORMAL,0.0
2025-01-22T05:00:00Z,42182099999,"SAFDARJUNG, IN",28.584511,77.205783,214.88,18.13,1015.23,66.79,18.13,1015.23,66.79,0,NONE,NONE,NORMAL,0.0
2025-01-22T05:00:00Z,42260099999,"AGRA, IN",27.155831,77.960892,167.94,15.89,1017.12,80.2,15.89,1017.12,80.2,0,NONE,NONE,NORMAL,0.0
2025-01-22T06:00:00Z,42139099999,"MEERUT, IN",29.0166666,77.7166667,222.0,19.2,1015.5,59.78,19.2,1015.5,59.78,0,NONE,NONE,NORMAL,0.0
2025-01-22T06:00:00Z,42170099999,"CHURU, IN",28.25,74.9166666,291.0,19.4,1015.6,49.94,19.4,1015.6,49.94,0,NONE,NONE,NORMAL,0.0
2025-01-22T06:00:00Z,42182099999,"SAFDARJUNG, IN",28.584511,77.205783,214.88,21.2,1015.3,55.69,21.2,1015.3,55.69,0,NONE,NONE,NORMAL,0.0
2025-01-22T06:00:00Z,42260099999,"AGRA, IN",27.155831,77.960892,167.94,15.9,1017.12,80.12,15.9,1017.12,80.12,0,NONE,NONE,NORMAL,0.0
2025-01-22T07:00:00Z,42139099999,"MEERUT, IN",29.0166666,77.7166667,222.0,20.87,1014.33,51.47,20.87,1014.33,51.47,0,NONE,NONE,NORMAL,0.0
2025-01-22T07:00:00Z,42170099999,"CHURU, IN",28.25,74.9166666,291.0,20.33,1014.6,47.13,20.33,1014.6,47.13,0,NONE,NONE,NORMAL,0.0
2025-01-22T07:00:00Z,42182099999,"SAFDARJUNG, IN",28.584511,77.205783,214.88,22.4,1014.27,60.14,22.4,1014.27,60.14,0,NONE,NONE,NORMAL,0.0
2025-01-22T07:00:00Z,42260099999,"AGRA, IN",27.155831,77.960892,167.94,15.92,1017.11,80.04,15.92,1017.11,80.04,0,NONE,NONE,NORMAL,0.0
2025-01-22T08:00:00Z,42139099999,"MEERUT, IN",29.0166666,77.7166667,222.0,22.53,1013.17,44.35,22.53,1013.17,44.35,0,NONE,NONE,NORMAL,0.0
2025-01-22T08:00:00Z,42170099999,"CHURU, IN",28.25,74.9166666,291.0,21.27,1013.6,44.5,21.27,1013.6,44.5,0,NONE,NONE,NORMAL,0.0
2025-01-22T08:00:00Z,42182099999,"SAFDARJUNG, IN",28.584511,77.205783,214.88,23.6,1013.23,64.82,23.6,1013.23,64.82,0,NONE,NONE,NORMAL,0.0
2025-01-22T08:00:00Z,42260099999,"AGRA, IN",27.155831,77.960892,167.94,15.94,1017.1,79.96,15.94,1017.1,79.96,0,NONE,NONE,NORMAL,0.0
2025-01-22T09:00:00Z,42139099999,"MEERUT, IN",29.0166666,77.7166667,222.0,24.2,1012.0,38.26,24.2,1012.0,38.26,0,NONE,NONE,NORMAL,0.0
2025-01-22T09:00:00Z,42170099999,"CHURU, IN",28.25,74.9166666,291.0,22.2,1012.6,42.03,22.2,1012.6,42.03,0,NONE,NONE,NORMAL,0.0
2025-01-22T09:00:00Z,42182099999,"SAFDARJUNG, IN",28.584511,77.205783,214.88,24.8,1012.2,69.73,24.8,1012.2,69.73,0,NONE,NONE,NORMAL,0.0
2025-01-22T09:00:00Z,42260099999,"AGRA, IN",27.155831,77.960892,167.94,15.96,1017.09,79.88,15.96,1017.09,79.88,0,NONE,NONE,NORMAL,0.0
2025-01-22T10:00:00Z,42139099999,"MEERUT, IN",29.0166666,77.7166667,222.0,23.0,1011.87,45.18,23.0,1011.87,45.18,0,NONE,NONE,NORMAL,0.0
2025-01-22T10:00:00Z,42170099999,"CHURU, IN",28.25,74.9166666,291.0,22.13,1012.43,41.44,22.13,1012.43,41.44,0,NONE,NONE,NORMAL,0.0
2025-01-22T10:00:00Z,42182099999,"SAFDARJUNG, IN",28.584511,77.205783,214.88,23.87,1012.0,71.02,23.87,1012.0,71.02,0,NONE,NONE,NORMAL,0.0
2025-01-22T10:00:00Z,42260099999,"AGRA, IN",27.155831,77.960892,167.94,15.97,1017.08,79.81,15.97,1017.08,79.81,0,NONE,NONE,NORMAL,0.0
2025-01-22T11:00:00Z,42139099999,"MEERUT, IN",29.0166666,77.7166667,222.0,21.8,1011.73,53.33,21.8,1011.73,53.33,0,NONE,NONE,NORMAL,0.0
2025-01-22T11:00:00Z,42170099999,"CHURU, IN",28.25,74.9166666,291.0,22.07,1012.27,40.87,22.07,1012.27,40.87,0,NONE,NONE,NORMAL,0.0
2025-01-22T11:00:00Z,42182099999,"SAFDARJUNG, IN",28.584511,77.205783,214.88,22.93,1011.8,72.36,22.93,1011.8,72.36,0,NONE,NONE,NORMAL,0.0
2025-01-22T11:00:00Z,42260099999,"AGRA, IN",27.155831,77.960892,167.94,15.99,1017.07,79.73,15.99,1017.07,79.73,0,NONE,NONE,NORMAL,0.0
2025-01-22T12:00:00Z,42139099999,"MEERUT, IN",29.0166666,77.7166667,222.0,20.6,1011.6,62.93,20.6,1011.6,62.93,0,NONE,NONE,NORMAL,0.0
2025-01-22T12:00:00Z,42170099999,"CHURU, IN",28.25,74.9166666,291.0,22.0,1012.1,40.3,22.0,1012.1,40.3,0,NONE,NONE,NORMAL,0.0
2025-01-22T12:00:00Z,42182099999,"SAFDARJUNG, IN",28.584511,77.205783,214.88,22.0,1011.6,73.73,22.0,1011.6,73.73,0,NONE,NONE,NORMAL,0.0
2025-01-22T12:00:00Z,42260099999,"AGRA, IN",27.155831,77.960892,167.94,16.01,1017.06,79.65,16.01,1017.06,79.65,0,NONE,NONE,NORMAL,0.0
2025-01-22T13:00:00Z,42139099999,"MEERUT, IN",29.0166666,77.7166667,222.0,20.09,1011.85,64.54,20.09,1011.85,64.54,0,NONE,NONE,NORMAL,0.0
2025-01-22T13:00:00Z,42170099999,"CHURU, IN",28.25,74.9166666,291.0,19.8,1012.83,48.93,19.8,1012.83,48.93,0,NONE,NONE,NORMAL,0.0
2025-01-22T13:00:00Z,42182099999,"SAFDARJUNG, IN",28.584511,77.205783,214.88,19.87,1012.4,79.06,19.87,1012.4,79.06,0,NONE,NONE,NORMAL,0.0
2025-01-22T13:00:00Z,42260099999,"AGRA, IN",27.155831,77.960892,167.94,16.02,1017.06,79.57,16.02,1017.06,79.57,0,NONE,NONE,NORMAL,0.0
2025-01-22T14:00:00Z,42139099999,"MEERUT, IN",29.0166666,77.7166667,222.0,19.59,1012.09,66.2,19.59,1012.09,66.2,0,NONE,NONE,NORMAL,0.0
2025-01-22T14:00:00Z,42170099999,"CHURU, IN",28.25,74.9166666,291.0,17.6,1013.57,59.53,17.6,1013.57,59.53,0,NONE,NONE,NORMAL,0.0
2025-01-22T14:00:00Z,42182099999,"SAFDARJUNG, IN",28.584511,77.205783,214.88,17.73,1013.2,84.92,17.73,1013.2,84.92,0,NONE,NONE,NORMAL,0.0
2025-01-22T14:00:00Z,42260099999,"AGRA, IN",27.155831,77.960892,167.94,16.04,1017.05,79.49,16.04,1017.05,79.49,0,NONE,NONE,NORMAL,0.0
2025-01-22T15:00:00Z,42139099999,"MEERUT, IN",29.0166666,77.7166667,222.0,19.08,1012.34,67.9,19.08,1012.34,67.9,0,NONE,NONE,NORMAL,0.0
2025-01-22T15:00:00Z,42170099999,"CHURU, IN",28.25,74.9166666,291.0,15.4,1014.3,72.57,15.4,1014.3,72.57,0,NONE,NONE,NORMAL,0.0
2025-01-22T15:00:00Z,42182099999,"SAFDARJUNG, IN",28.584511,77.205783,214.88,15.6,1014.0,91.37,15.6,1014.0,91.37,0,NONE,NONE,NORMAL,0.0
2025-01-22T15:00:00Z,42260099999,"AGRA, IN",27.155831,77.960892,167.94,16.06,1017.04,79.41,16.06,1017.04,79.41,0,NONE,NONE,NORMAL,0.0
2025-01-22T16:00:00Z,42139099999,"MEERUT, IN",29.0166666,77.7166667,222.0,18.57,1012.59,69.66,18.57,1012.59,69.66,0,NONE,NONE,NORMAL,0.0
2025-01-22T16:00:00Z,42170099999,"CHURU, IN",28.25,74.9166666,291.0,14.33,1014.73,76.71,14.33,1014.73,76.71,0,NONE,NONE,NORMAL,0.0
2025-01-22T16:00:00Z,42182099999,"SAFDARJUNG, IN",28.584511,77.205783,214.88,15.33,1014.17,91.36,15.33,1014.17,91.36,0,NONE,NONE,NORMAL,0.0
2025-01-22T16:00:00Z,42260099999,"AGRA, IN",27.155831,77.960892,167.94,16.08,1017.03,79.34,16.08,1017.03,79.34,0,NONE,NONE,NORMAL,0.0
2025-01-22T17:00:00Z,42139099999,"MEERUT, IN",29.0166666,77.7166667,222.0,18.07,1012.83,71.47,18.07,1012.83,71.47,0,NONE,NONE,NORMAL,0.0
2025-01-22T17:00:00Z,42170099999,"CHURU, IN",28.25,74.9166666,291.0,13.27,1015.17,81.12,13.27,1015.17,81.12,0,NONE,NONE,NORMAL,0.0
2025-01-22T17:00:00Z,42182099999,"SAFDARJUNG, IN",28.584511,77.205783,214.88,15.07,1014.33,91.34,15.07,1014.33,91.34,0,NONE,NONE,NORMAL,0.0
2025-01-22T17:00:00Z,42260099999,"AGRA, IN",27.155831,77.960892,167.94,16.09,1017.02,79.26,16.09,1017.02,79.26,0,NONE,NONE,NORMAL,0.0
2025-01-22T18:00:00Z,42139099999,"MEERUT, IN",29.0166666,77.7166667,222.0,17.56,1013.08,73.34,17.56,1013.08,73.34,0,NONE,NONE,NORMAL,0.0
2025-01-22T18:00:00Z,42170099999,"CHURU, IN",28.25,74.9166666,291.0,12.2,1015.6,85.84,12.2,1015.6,85.84,0,NONE,NONE,NORMAL,0.0
2025-01-22T18:00:00Z,42182099999,"SAFDARJUNG, IN",28.584511,77.205783,214.88,14.8,1014.5,91.32,14.8,1014.5,91.32,0,NONE,NONE,NORMAL,0.0
2025-01-22T18:00:00Z,42260099999,"AGRA, IN",27.155831,77.960892,167.94,16.11,1017.01,79.18,16.11,1017.01,79.18,0,NONE,NONE,NORMAL,0.0
2025-01-22T19:00:00Z,42139099999,"MEERUT, IN",29.0166666,77.7166667,222.0,17.05,1013.33,75.27,17.05,1013.33,75.27,0,NONE,NONE,NORMAL,0.0
2025-01-22T19:00:00Z,42170099999,"CHURU, IN",28.25,74.9166666,291.0,11.6,1015.57,87.91,11.6,1015.57,87.91,0,NONE,NONE,NORMAL,0.0
2025-01-22T19:00:00Z,42182099999,"SAFDARJUNG, IN",28.584511,77.205783,214.88,14.67,1014.47,92.71,14.67,1014.47,92.71,0,NONE,NONE,NORMAL,0.0
2025-01-22T19:00:00Z,42260099999,"AGRA, IN",27.155831,77.960892,167.94,16.13,1017.0,79.1,16.13,1017.0,79.1,0,NONE,NONE,NORMAL,0.0
2025-01-22T20:00:00Z,42139099999,"MEERUT, IN",29.0166666,77.7166667,222.0,16.55,1013.57,77.26,16.55,1013.57,77.26,0,NONE,NONE,NORMAL,0.0
2025-01-22T20:00:00Z,42170099999,"CHURU, IN",28.25,74.9166666,291.0,11.0,1015.53,90.06,11.0,1015.53,90.06,0,NONE,NONE,NORMAL,0.0
2025-01-22T20:00:00Z,42182099999,"SAFDARJUNG, IN",28.584511,77.205783,214.88,14.53,1014.43,94.13,14.53,1014.43,94.13,0,NONE,NONE,NORMAL,0.0
2025-01-22T20:00:00Z,42260099999,"AGRA, IN",27.155831,77.960892,167.94,16.14,1017.0,79.03,16.14,1017.0,79.03,0,NONE,NONE,NORMAL,0.0
2025-01-22T21:00:00Z,42139099999,"MEERUT, IN",29.0166666,77.7166667,222.0,16.04,1013.82,79.31,16.04,1013.82,79.31,0,NONE,NONE,NORMAL,0.0
2025-01-22T21:00:00Z,42170099999,"CHURU, IN",28.25,74.9166666,291.0,10.4,1015.5,92.27,10.4,1015.5,92.27,0,NONE,NONE,NORMAL,0.0
2025-01-22T21:00:00Z,42182099999,"SAFDARJUNG, IN",28.584511,77.205783,214.88,14.4,1014.4,95.56,14.4,1014.4,95.56,0,NONE,NONE,NORMAL,0.0
2025-01-22T21:00:00Z,42260099999,"AGRA, IN",27.155831,77.960892,167.94,16.16,1016.99,78.95,16.16,1016.99,78.95,0,NONE,NONE,NORMAL,0.0
2025-01-22T22:00:00Z,42139099999,"MEERUT, IN",29.0166666,77.7166667,222.0,15.53,1014.07,81.42,15.53,1014.07,81.42,0,NONE,NONE,NORMAL,0.0
2025-01-22T22:00:00Z,42170099999,"CHURU, IN",28.25,74.9166666,291.0,9.93,1015.47,93.08,9.93,1015.47,93.08,0,NONE,NONE,NORMAL,0.0
2025-01-22T22:00:00Z,42182099999,"SAFDARJUNG, IN",28.584511,77.205783,214.88,13.8,1014.17,97.01,13.8,1014.17,97.01,0,NONE,NONE,NORMAL,0.0
2025-01-22T22:00:00Z,42260099999,"AGRA, IN",27.155831,77.960892,167.94,16.18,1016.98,78.87,16.18,1016.98,78.87,0,NONE,NONE,NORMAL,0.0
2025-01-22T23:00:00Z,42139099999,"MEERUT, IN",29.0166666,77.7166667,222.0,15.03,1014.31,83.6,15.03,1014.31,83.6,0,NONE,NONE,NORMAL,0.0
2025-01-22T23:00:00Z,42170099999,"CHURU, IN",28.25,74.9166666,291.0,9.47,1015.43,93.9,9.47,1015.43,93.9,0,NONE,NONE,NORMAL,0.0
2025-01-22T23:00:00Z,42182099999,"SAFDARJUNG, IN",28.584511,77.205783,214.88,13.2,1013.93,98.49,13.2,1013.93,98.49,0,NONE,NONE,NORMAL,0.0
2025-01-22T23:00:00Z,42260099999,"AGRA, IN",27.155831,77.960892,167.94,16.2,1016.97,78.79,16.2,1016.97,78.79,0,NONE,NONE,NORMAL,0.0
2025-01-23T00:00:00Z,42139099999,"MEERUT, IN",29.0166666,77.7166667,222.0,14.52,1014.56,85.85,14.52,1014.56,85.85,0,NONE,NONE,NORMAL,0.0
2025-01-23T00:00:00Z,42170099999,"CHURU, IN",28.25,74.9166666,291.0,9.0,1015.4,94.73,9.0,1015.4,94.73,0,NONE,NONE,NORMAL,0.0
2025-01-23T00:00:00Z,42182099999,"SAFDARJUNG, IN",28.584511,77.205783,214.88,12.6,1013.7,100.0,12.6,1013.7,100.0,0,NONE,NONE,NORMAL,0.0
2025-01-23T00:00:00Z,42260099999,"AGRA, IN",27.155831,77.960892,167.94,16.21,1016.96,78.72,16.21,1016.96,78.72,0,NONE,NONE,NORMAL,0.0
2025-01-23T01:00:00Z,42139099999,"MEERUT, IN",29.0166666,77.7166667,222.0,14.01,1014.81,88.17,14.01,1014.81,88.17,0,NONE,NONE,NORMAL,0.0
2025-01-23T01:00:00Z,42170099999,"CHURU, IN",28.25,74.9166666,291.0,8.93,1016.07,93.66,8.93,1016.07,93.66,0,NONE,NONE,NORMAL,0.0
2025-01-23T01:00:00Z,42182099999,"SAFDARJUNG, IN",28.584511,77.205783,214.88,12.27,1014.4,100.0,12.27,1014.4,100.0,0,NONE,NONE,NORMAL,0.0
2025-01-23T01:00:00Z,42260099999,"AGRA, IN",27.155831,77.960892,167.94,16.23,1016.95,78.64,16.23,1016.95,78.64,0,NONE,NONE,NORMAL,0.0
2025-01-23T02:00:00Z,42139099999,"MEERUT, IN",29.0166666,77.7166667,222.0,13.51,1015.05,90.56,13.51,1015.05,90.56,0,NONE,NONE,NORMAL,0.0
2025-01-23T02:00:00Z,42170099999,"CHURU, IN",28.25,74.9166666,291.0,8.87,1016.73,92.6,8.87,1016.73,92.6,0,NONE,NONE,NORMAL,0.0
2025-01-23T02:00:00Z,42182099999,"SAFDARJUNG, IN",28.584511,77.205783,214.88,11.93,1015.1,100.0,11.93,1015.1,100.0,0,NONE,NONE,NORMAL,0.0
2025-01-23T02:00:00Z,42260099999,"AGRA, IN",27.155831,77.960892,167.94,16.25,1016.95,78.56,16.25,1016.95,78.56,0,NONE,NONE,NORMAL,0.0
2025-01-23T03:00:00Z,42139099999,"MEERUT, IN",29.0166666,77.7166667,222.0,13.0,1015.3,93.03,13.0,1015.3,93.03,0,NONE,NONE,NORMAL,0.0
2025-01-23T03:00:00Z,42170099999,"CHURU, IN",28.25,74.9166666,291.0,8.8,1017.4,91.55,8.8,1017.4,91.55,0,NONE,NONE,NORMAL,0.0
2025-01-23T03:00:00Z,42182099999,"SAFDARJUNG, IN",28.584511,77.205783,214.88,11.6,1015.8,100.0,11.6,1015.8,100.0,0,NONE,NONE,NORMAL,0.0
2025-01-23T03:00:00Z,42260099999,"AGRA, IN",27.155831,77.960892,167.94,16.26,1016.94,78.49,16.26,1016.94,78.49,0,NONE,NONE,NORMAL,0.0
2025-01-23T04:00:00Z,42139099999,"MEERUT, IN",29.0166666,77.7166667,222.0,14.67,1015.05,80.41,14.67,1015.05,80.41,0,NONE,NONE,NORMAL,0.0
2025-01-23T04:00:00Z,42170099999,"CHURU, IN",28.25,74.9166666,291.0,12.4,1017.57,77.61,12.4,1017.57,77.61,0,NONE,NONE,NORMAL,0.0
2025-01-23T04:00:00Z,42182099999,"SAFDARJUNG, IN",28.584511,77.205783,214.88,14.0,1016.07,87.74,14.0,1016.07,87.74,0,NONE,NONE,NORMAL,0.0
2025-01-23T04:00:00Z,42260099999,"AGRA, IN",27.155831,77.960892,167.94,16.28,1016.93,78.41,16.28,1016.93,78.41,0,NONE,NONE,NORMAL,0.0
2025-01-23T05:00:00Z,42139099999,"MEERUT, IN",29.0166666,77.7166667,222.0,16.33,1014.8,69.59,16.33,1014.8,69.59,0,NONE,NONE,NORMAL,0.0
2025-01-23T05:00:00Z,42170099999,"CHURU, IN",28.25,74.9166666,291.0,16.0,1017.73,66.2,16.0,1017.73,66.2,0,NONE,NONE,NORMAL,0.0
2025-01-23T05:00:00Z,42182099999,"SAFDARJUNG, IN",28.584511,77.205783,214.88,16.4,1016.33,77.2,16.4,1016.33,77.2,0,NONE,NONE,NORMAL,0.0
2025-01-23T05:00:00Z,42260099999,"AGRA, IN",27.155831,77.960892,167.94,16.3,1016.92,78.33,16.3,1016.92,78.33,0,NONE,NONE,NORMAL,0.0
2025-01-23T06:00:00Z,42139099999,"MEERUT, IN",29.0166666,77.7166667,222.0,18.0,1014.55,60.3,18.0,1014.55,60.3,0,NONE,NONE,NORMAL,0.0
2025-01-23T06:00:00Z,42170099999,"CHURU, IN",28.25,74.9166666,291.0,19.6,1017.9,56.78,19.6,1017.9,56.78,0,NONE,NONE,NORMAL,0.0
2025-01-23T06:00:00Z,42182099999,"SAFDARJUNG, IN",28.584511,77.205783,214.88,18.8,1016.6,68.11,18.8,1016.6,68.11,0,NONE,NONE,NORMAL,0.0
2025-01-23T06:00:00Z,42260099999,"AGRA, IN",27.155831,77.960892,167.94,16.32,1016.91,78.26,16.32,1016.91,78.26,0,NONE,NONE,NORMAL,0.0
2025-01-23T07:00:00Z,42139099999,"MEERUT, IN",29.0166666,77.7166667,222.0,19.67,1014.3,52.31,19.67,1014.3,52.31,0,NONE,NONE,NORMAL,0.0
2025-01-23T07:00:00Z,42170099999,"CHURU, IN",28.25,74.9166666,291.0,20.93,1017.0,46.35,20.93,1017.0,46.35,0,NONE,NONE,NORMAL,0.0
2025-01-23T07:00:00Z,42182099999,"SAFDARJUNG, IN",28.584511,77.205783,214.88,20.6,1015.73,61.44,20.6,1015.73,61.44,0,NONE,NONE,NORMAL,0.0
2025-01-23T07:00:00Z,42260099999,"AGRA, IN",27.155831,77.960892,167.94,16.33,1016.9,78.18,16.33,1016.9,78.18,0,NONE,NONE,NORMAL,0.0
2025-01-23T08:00:00Z,42139099999,"MEERUT, IN",29.0166666,77.7166667,222.0,21.33,1014.05,45.43,21.33,1014.05,45.43,0,NONE,NONE,NORMAL,0.0
2025-01-23T08:00:00Z,42170099999,"CHURU, IN",28.25,74.9166666,291.0,22.27,1016.1,37.8,22.27,1016.1,37.8,0,NONE,NONE,NORMAL,0.0
2025-01-23T08:00:00Z,42182099999,"SAFDARJUNG, IN",28.584511,77.205783,214.88,22.4,1014.87,55.51,22.4,1014.87,55.51,0,NONE,NONE,NORMAL,0.0
2025-01-23T08:00:00Z,42260099999,"AGRA, IN",27.155831,77.960892,167.94,16.35,1016.89,78.1,16.35,1016.89,78.1,0,NONE,NONE,NORMAL,0.0
2025-01-23T09:00:00Z,42139099999,"MEERUT, IN",29.0166666,77.7166667,222.0,23.0,1013.8,39.5,23.0,1013.8,39.5,0,NONE,NONE,NORMAL,0.0
2025-01-23T09:00:00Z,42170099999,"CHURU, IN",28.25,74.9166666,291.0,23.6,1015.2,30.79,23.6,1015.2,30.79,0,NONE,NONE,NORMAL,0.0
2025-01-23T09:00:00Z,42182099999,"SAFDARJUNG, IN",28.584511,77.205783,214.88,24.2,1014.0,50.22,24.2,1014.0,50.22,0,NONE,NONE,NORMAL,0.0
2025-01-23T09:00:00Z,42260099999,"AGRA, IN",27.155831,77.960892,167.94,16.37,1016.89,78.03,16.37,-999.0,78.03,1,DROPOUT,P,NORMAL,1.0
2025-01-23T10:00:00Z,42139099999,"MEERUT, IN",29.0166666,77.7166667,222.0,22.13,1013.63,43.06,22.13,1013.63,43.06,0,NONE,NONE,NORMAL,0.0
2025-01-23T10:00:00Z,42170099999,"CHURU, IN",28.25,74.9166666,291.0,23.0,1015.07,31.49,23.0,1015.07,31.49,0,NONE,NONE,NORMAL,0.0
2025-01-23T10:00:00Z,42182099999,"SAFDARJUNG, IN",28.584511,77.205783,214.88,23.13,1013.97,55.57,23.13,1013.97,55.57,0,NONE,NONE,NORMAL,0.0
2025-01-23T10:00:00Z,42260099999,"AGRA, IN",27.155831,77.960892,167.94,16.38,1016.88,77.95,16.38,-999.0,77.95,1,DROPOUT,P,NORMAL,1.0
2025-01-23T11:00:00Z,42139099999,"MEERUT, IN",29.0166666,77.7166667,222.0,25.72,1011.96,26.42,25.72,1011.96,26.42,0,NONE,NONE,HEATBURST,0.0
2025-01-23T11:00:00Z,42170099999,"CHURU, IN",28.25,74.9166666,291.0,22.4,1014.93,32.21,22.4,1014.93,32.21,0,NONE,NONE,NORMAL,0.0
2025-01-23T11:00:00Z,42182099999,"SAFDARJUNG, IN",28.584511,77.205783,214.88,22.07,1013.93,61.51,22.07,1013.93,61.51,0,NONE,NONE,NORMAL,0.0
2025-01-23T11:00:00Z,42260099999,"AGRA, IN",27.155831,77.960892,167.94,16.4,1016.87,77.87,16.4,-999.0,77.87,1,DROPOUT,P,NORMAL,1.0
2025-01-23T12:00:00Z,42139099999,"MEERUT, IN",29.0166666,77.7166667,222.0,26.28,1011.31,24.09,26.28,1011.31,24.09,0,NONE,NONE,HEATBURST,0.0
2025-01-23T12:00:00Z,42170099999,"CHURU, IN",28.25,74.9166666,291.0,21.8,1014.8,32.94,21.8,1014.8,32.94,0,NONE,NONE,NORMAL,0.0
2025-01-23T12:00:00Z,42182099999,"SAFDARJUNG, IN",28.584511,77.205783,214.88,21.0,1013.9,68.11,21.0,1013.9,68.11,0,NONE,NONE,NORMAL,0.0
2025-01-23T12:00:00Z,42260099999,"AGRA, IN",27.155831,77.960892,167.94,16.42,1016.86,77.8,16.42,-999.0,77.8,1,DROPOUT,P,NORMAL,1.0
2025-01-23T13:00:00Z,42139099999,"MEERUT, IN",29.0166666,77.7166667,222.0,19.81,1013.47,52.74,19.81,1013.47,52.74,0,NONE,NONE,NORMAL,0.0
2025-01-23T13:00:00Z,42170099999,"CHURU, IN",28.25,74.9166666,291.0,19.87,1015.7,40.89,19.87,1015.7,40.89,0,NONE,NONE,NORMAL,0.0
2025-01-23T13:00:00Z,42182099999,"SAFDARJUNG, IN",28.584511,77.205783,214.88,19.0,1014.6,74.33,19.0,1014.6,74.33,0,NONE,NONE,NORMAL,0.0
2025-01-23T13:00:00Z,42260099999,"AGRA, IN",27.155831,77.960892,167.94,16.44,1016.85,77.72,16.44,-999.0,77.72,1,DROPOUT,P,NORMAL,1.0
2025-01-23T14:00:00Z,42139099999,"MEERUT, IN",29.0166666,77.7166667,222.0,19.23,1013.65,54.32,19.23,1013.65,54.32,0,NONE,NONE,NORMAL,0.0
2025-01-23T14:00:00Z,42170099999,"CHURU, IN",28.25,74.9166666,291.0,17.93,1016.6,50.8,17.93,1016.6,50.8,0,NONE,NONE,NORMAL,0.0
2025-01-23T14:00:00Z,42182099999,"SAFDARJUNG, IN",28.584511,77.205783,214.88,17.0,1015.3,81.25,17.0,1015.3,81.25,0,NONE,NONE,NORMAL,0.0
2025-01-23T14:00:00Z,42260099999,"AGRA, IN",27.155831,77.960892,167.94,16.45,1016.84,77.65,16.45,-999.0,77.65,1,DROPOUT,P,NORMAL,1.0
2025-01-23T15:00:00Z,42139099999,"MEERUT, IN",29.0166666,77.7166667,222.0,18.64,1013.82,55.94,18.64,1013.82,55.94,0,NONE,NONE,NORMAL,0.0
2025-01-23T15:00:00Z,42170099999,"CHURU, IN",28.25,74.9166666,291.0,16.0,1017.5,63.15,16.0,1017.5,63.15,0,NONE,NONE,NORMAL,0.0
2025-01-23T15:00:00Z,42182099999,"SAFDARJUNG, IN",28.584511,77.205783,214.88,15.0,1016.0,88.98,15.0,1016.0,88.98,0,NONE,NONE,NORMAL,0.0
2025-01-23T15:00:00Z,42260099999,"AGRA, IN",27.155831,77.960892,167.94,16.47,1016.83,77.57,16.47,-999.0,77.57,1,DROPOUT,P,NORMAL,1.0
2025-01-23T16:00:00Z,42139099999,"MEERUT, IN",29.0166666,77.7166667,222.0,18.05,1013.99,57.62,18.05,1013.99,57.62,0,NONE,NONE,NORMAL,0.0
2025-01-23T16:00:00Z,42170099999,"CHURU, IN",28.25,74.9166666,291.0,14.67,1017.7,68.49,14.67,1017.7,68.49,0,NONE,NONE,NORMAL,0.0
2025-01-23T16:00:00Z,42182099999,"SAFDARJUNG, IN",28.584511,77.205783,214.88,14.73,1016.07,88.96,14.73,1016.07,88.96,0,NONE,NONE,NORMAL,0.0
2025-01-23T16:00:00Z,42260099999,"AGRA, IN",27.155831,77.960892,167.94,16.49,1016.83,77.49,16.49,-999.0,77.49,1,DROPOUT,P,NORMAL,1.0
2025-01-23T17:00:00Z,42139099999,"MEERUT, IN",29.0166666,77.7166667,222.0,17.47,1014.17,59.37,17.47,1014.17,59.37,0,NONE,NONE,NORMAL,0.0
2025-01-23T17:00:00Z,42170099999,"CHURU, IN",28.25,74.9166666,291.0,13.33,1017.9,74.34,13.33,1017.9,74.34,0,NONE,NONE,NORMAL,0.0
2025-01-23T17:00:00Z,42182099999,"SAFDARJUNG, IN",28.584511,77.205783,214.88,14.47,1016.13,88.94,14.47,1016.13,88.94,0,NONE,NONE,NORMAL,0.0
2025-01-23T17:00:00Z,42260099999,"AGRA, IN",27.155831,77.960892,167.94,16.5,1016.82,77.42,16.5,-999.0,77.42,1,DROPOUT,P,NORMAL,1.0
2025-01-23T18:00:00Z,42139099999,"MEERUT, IN",29.0166666,77.7166667,222.0,16.88,1014.34,61.17,16.88,1014.34,61.17,0,NONE,NONE,NORMAL,0.0
2025-01-23T18:00:00Z,42170099999,"CHURU, IN",28.25,74.9166666,291.0,12.0,1018.1,80.77,12.0,1018.1,80.77,0,NONE,NONE,NORMAL,0.0
2025-01-23T18:00:00Z,42182099999,"SAFDARJUNG, IN",28.584511,77.205783,214.88,14.2,1016.2,88.92,14.2,1016.2,88.92,0,NONE,NONE,NORMAL,0.0
2025-01-23T18:00:00Z,42260099999,"AGRA, IN",27.155831,77.960892,167.94,16.52,1016.81,77.34,16.52,-999.0,77.34,1,DROPOUT,P,NORMAL,1.0
2025-01-23T19:00:00Z,42139099999,"MEERUT, IN",29.0166666,77.7166667,222.0,16.29,1014.51,63.05,16.29,1014.51,63.05,0,NONE,NONE,NORMAL,0.0
2025-01-23T19:00:00Z,42170099999,"CHURU, IN",28.25,74.9166666,291.0,11.37,1017.92,82.06,11.37,1017.92,82.06,0,NONE,NONE,NORMAL,0.0
2025-01-23T19:00:00Z,42182099999,"SAFDARJUNG, IN",28.584511,77.205783,214.88,13.63,1015.98,89.46,13.63,1015.98,89.46,0,NONE,NONE,NORMAL,0.0
2025-01-23T19:00:00Z,42260099999,"AGRA, IN",27.155831,77.960892,167.94,16.54,1016.8,77.27,16.54,-999.0,77.27,1,DROPOUT,P,NORMAL,1.0
2025-01-23T20:00:00Z,42139099999,"MEERUT, IN",29.0166666,77.7166667,222.0,15.71,1014.69,64.99,15.71,1014.69,64.99,0,NONE,NONE,NORMAL,0.0
2025-01-23T20:00:00Z,42170099999,"CHURU, IN",28.25,74.9166666,291.0,10.73,1017.73,83.39,10.73,1017.73,83.39,0,NONE,NONE,NORMAL,0.0
2025-01-23T20:00:00Z,42182099999,"SAFDARJUNG, IN",28.584511,77.205783,214.88,13.07,1015.77,90.01,13.07,1015.77,90.01,0,NONE,NONE,NORMAL,0.0
2025-01-23T20:00:00Z,42260099999,"AGRA, IN",27.155831,77.960892,167.94,16.56,1016.79,77.19,16.56,-999.0,77.19,1,DROPOUT,P,NORMAL,1.0
2025-01-23T21:00:00Z,42139099999,"MEERUT, IN",29.0166666,77.7166667,222.0,15.12,1014.86,67.0,15.12,1014.86,67.0,0,NONE,NONE,NORMAL,0.0
2025-01-23T21:00:00Z,42170099999,"CHURU, IN",28.25,74.9166666,291.0,10.1,1017.55,84.75,10.1,1017.55,84.75,0,NONE,NONE,NORMAL,0.0
2025-01-23T21:00:00Z,42182099999,"SAFDARJUNG, IN",28.584511,77.205783,214.88,12.5,1015.55,90.57,12.5,1015.55,90.57,0,NONE,NONE,NORMAL,0.0
2025-01-23T21:00:00Z,42260099999,"AGRA, IN",27.155831,77.960892,167.94,16.57,1016.78,77.12,16.57,-999.0,77.12,1,DROPOUT,P,NORMAL,1.0
2025-01-23T22:00:00Z,42139099999,"MEERUT, IN",29.0166666,77.7166667,222.0,14.53,1015.03,69.08,14.53,1015.03,69.08,0,NONE,NONE,NORMAL,0.0
2025-01-23T22:00:00Z,42170099999,"CHURU, IN",28.25,74.9166666,291.0,9.47,1017.37,86.14,9.47,1017.37,86.14,0,NONE,NONE,NORMAL,0.0
2025-01-23T22:00:00Z,42182099999,"SAFDARJUNG, IN",28.584511,77.205783,214.88,11.93,1015.33,91.13,11.93,1015.33,91.13,0,NONE,NONE,NORMAL,0.0
2025-01-23T22:00:00Z,42260099999,"AGRA, IN",27.155831,77.960892,167.94,16.59,1016.78,77.04,16.59,1016.78,77.04,0,NONE,NONE,NORMAL,0.0
2025-01-23T23:00:00Z,42139099999,"MEERUT, IN",29.0166666,77.7166667,222.0,13.95,1015.21,71.24,13.95,1015.21,71.24,0,NONE,NONE,NORMAL,0.0
2025-01-23T23:00:00Z,42170099999,"CHURU, IN",28.25,74.9166666,291.0,8.83,1017.18,87.56,8.83,1017.18,87.56,0,NONE,NONE,NORMAL,0.0
2025-01-23T23:00:00Z,42182099999,"SAFDARJUNG, IN",28.584511,77.205783,214.88,11.37,1015.12,91.71,11.37,1015.12,91.71,0,NONE,NONE,NORMAL,0.0
2025-01-23T23:00:00Z,42260099999,"AGRA, IN",27.155831,77.960892,167.94,16.61,1016.77,76.97,16.61,1016.77,76.97,0,NONE,NONE,NORMAL,0.0
2025-01-24T00:00:00Z,42139099999,"MEERUT, IN",29.0166666,77.7166667,222.0,13.36,1015.38,73.48,13.36,1015.38,73.48,0,NONE,NONE,NORMAL,0.0
2025-01-24T00:00:00Z,42170099999,"CHURU, IN",28.25,74.9166666,291.0,8.2,1017.0,89.03,8.2,1017.0,89.03,0,NONE,NONE,NORMAL,0.0
2025-01-24T00:00:00Z,42182099999,"SAFDARJUNG, IN",28.584511,77.205783,214.88,10.8,1014.9,92.29,10.8,1014.9,92.29,0,NONE,NONE,NORMAL,0.0
2025-01-24T00:00:00Z,42260099999,"AGRA, IN",27.155831,77.960892,167.94,16.62,1016.76,76.89,16.62,1016.76,76.89,0,NONE,NONE,NORMAL,0.0
2025-01-24T01:00:00Z,42139099999,"MEERUT, IN",29.0166666,77.7166667,222.0,12.77,1015.55,75.8,12.77,1015.55,75.8,0,NONE,NONE,NORMAL,0.0
2025-01-24T01:00:00Z,42170099999,"CHURU, IN",28.25,74.9166666,291.0,8.2,1017.73,89.03,8.2,1017.73,89.03,0,NONE,NONE,NORMAL,0.0
2025-01-24T01:00:00Z,42182099999,"SAFDARJUNG, IN",28.584511,77.205783,214.88,11.0,1015.47,91.48,11.0,1015.47,91.48,0,NONE,NONE,NORMAL,0.0
2025-01-24T01:00:00Z,42260099999,"AGRA, IN",27.155831,77.960892,167.94,16.64,1016.75,76.82,16.64,1016.75,76.82,0,NONE,NONE,NORMAL,0.0
2025-01-24T02:00:00Z,42139099999,"MEERUT, IN",29.0166666,77.7166667,222.0,12.19,1015.73,78.21,12.19,1015.73,78.21,0,NONE,NONE,NORMAL,0.0
2025-01-24T02:00:00Z,42170099999,"CHURU, IN",28.25,74.9166666,291.0,8.2,1018.47,89.03,8.2,1018.47,89.03,0,NONE,NONE,NORMAL,0.0
2025-01-24T02:00:00Z,42182099999,"SAFDARJUNG, IN",28.584511,77.205783,214.88,11.2,1016.03,90.68,11.2,1016.03,90.68,0,NONE,NONE,NORMAL,0.0
2025-01-24T02:00:00Z,42260099999,"AGRA, IN",27.155831,77.960892,167.94,16.66,1016.74,76.74,16.66,1016.74,76.74,0,NONE,NONE,NORMAL,0.0
2025-01-24T03:00:00Z,42139099999,"MEERUT, IN",29.0166666,77.7166667,222.0,11.6,1015.9,80.71,11.6,1015.9,80.71,0,NONE,NONE,NORMAL,0.0
2025-01-24T03:00:00Z,42170099999,"CHURU, IN",28.25,74.9166666,291.0,8.2,1019.2,89.03,8.2,1019.2,89.03,0,NONE,NONE,NORMAL,0.0
2025-01-24T03:00:00Z,42182099999,"SAFDARJUNG, IN",28.584511,77.205783,214.88,11.4,1016.6,89.89,11.4,1016.6,89.89,0,NONE,NONE,NORMAL,0.0
2025-01-24T03:00:00Z,42260099999,"AGRA, IN",27.155831,77.960892,167.94,16.68,1016.73,76.67,16.68,1016.73,76.67,0,NONE,NONE,NORMAL,0.0
2025-01-24T04:00:00Z,42139099999,"MEERUT, IN",29.0166666,77.7166667,222.0,14.0,1016.13,67.43,14.0,1016.13,67.43,0,NONE,NONE,NORMAL,0.0
2025-01-24T04:00:00Z,42170099999,"CHURU, IN",28.25,74.9166666,291.0,12.33,1019.0,63.76,12.33,1019.0,63.76,0,NONE,NONE,NORMAL,0.0
2025-01-24T04:00:00Z,42182099999,"SAFDARJUNG, IN",28.584511,77.205783,214.88,14.2,1016.67,76.17,14.2,1016.67,76.17,0,NONE,NONE,NORMAL,0.0
2025-01-24T04:00:00Z,42260099999,"AGRA, IN",27.155831,77.960892,167.94,16.69,1016.72,76.59,16.69,1016.72,76.59,0,NONE,NONE,NORMAL,0.0
2025-01-24T05:00:00Z,42139099999,"MEERUT, IN",29.0166666,77.7166667,222.0,16.4,1016.37,56.49,16.4,1016.37,56.49,0,NONE,NONE,NORMAL,0.0
2025-01-24T05:00:00Z,42170099999,"CHURU, IN",28.25,74.9166666,291.0,16.47,1018.8,46.06,16.47,1018.8,46.06,0,NONE,NONE,NORMAL,0.0
2025-01-24T05:00:00Z,42182099999,"SAFDARJUNG, IN",28.584511,77.205783,214.88,17.0,1016.73,64.8,17.0,1016.73,64.8,0,NONE,NONE,NORMAL,0.0
2025-01-24T05:00:00Z,42260099999,"AGRA, IN",27.155831,77.960892,167.94,16.71,1016.72,76.52,16.71,1016.72,76.52,0,NONE,NONE,NORMAL,0.0
2025-01-24T06:00:00Z,42139099999,"MEERUT, IN",29.0166666,77.7166667,222.0,18.8,1016.6,47.46,18.8,1016.6,47.46,0,NONE,NONE,NORMAL,0.0
2025-01-24T06:00:00Z,42170099999,"CHURU, IN",28.25,74.9166666,291.0,20.6,1018.6,33.53,20.6,1018.6,33.53,0,NONE,NONE,NORMAL,0.0
2025-01-24T06:00:00Z,42182099999,"SAFDARJUNG, IN",28.584511,77.205783,214.88,19.8,1016.8,55.34,19.8,1016.8,55.34,0,NONE,NONE,NORMAL,0.0
2025-01-24T06:00:00Z,42260099999,"AGRA, IN",27.155831,77.960892,167.94,16.73,1016.71,76.44,16.73,1016.71,76.44,0,NONE,NONE,NORMAL,0.0
2025-01-24T07:00:00Z,42139099999,"MEERUT, IN",29.0166666,77.7166667,222.0,20.0,1015.63,41.88,20.0,1015.63,41.88,0,NONE,NONE,NORMAL,0.0
2025-01-24T07:00:00Z,42170099999,"CHURU, IN",28.25,74.9166666,291.0,21.53,1017.6,28.07,21.53,1017.6,28.07,0,NONE,NONE,NORMAL,0.0
2025-01-24T07:00:00Z,42182099999,"SAFDARJUNG, IN",28.584511,77.205783,214.88,20.93,1016.0,55.14,20.93,1016.0,55.14,0,NONE,NONE,NORMAL,0.0
2025-01-24T07:00:00Z,42260099999,"AGRA, IN",27.155831,77.960892,167.94,16.74,1016.7,76.37,16.74,1016.7,76.37,0,NONE,NONE,NORMAL,0.0
2025-01-24T08:00:00Z,42139099999,"MEERUT, IN",29.0166666,77.7166667,222.0,21.2,1014.67,36.98,21.2,1014.67,36.98,0,NONE,NONE,NORMAL,0.0
2025-01-24T08:00:00Z,42170099999,"CHURU, IN",28.25,74.9166666,291.0,22.47,1016.6,23.48,22.47,1016.6,23.48,0,NONE,NONE,NORMAL,0.0
2025-01-24T08:00:00Z,42182099999,"SAFDARJUNG, IN",28.584511,77.205783,214.88,22.07,1015.2,54.94,22.07,1015.2,54.94,0,NONE,NONE,NORMAL,0.0
2025-01-24T08:00:00Z,42260099999,"AGRA, IN",27.155831,77.960892,167.94,16.76,1016.69,76.29,16.76,1016.69,76.29,0,NONE,NONE,NORMAL,0.0
2025-01-24T09:00:00Z,42139099999,"MEERUT, IN",29.0166666,77.7166667,222.0,22.4,1013.7,32.66,22.4,1013.7,32.66,0,NONE,NONE,NORMAL,0.0
2025-01-24T09:00:00Z,42170099999,"CHURU, IN",28.25,74.9166666,291.0,23.4,1015.6,19.61,23.4,1015.6,19.61,0,NONE,NONE,NORMAL,0.0
2025-01-24T09:00:00Z,42182099999,"SAFDARJUNG, IN",28.584511,77.205783,214.88,23.2,1014.4,54.75,23.2,1014.4,54.75,0,NONE,NONE,NORMAL,0.0
2025-01-24T09:00:00Z,42260099999,"AGRA, IN",27.155831,77.960892,167.94,16.78,1016.68,76.22,16.78,1016.68,76.22,0,NONE,NONE,NORMAL,0.0
2025-01-24T10:00:00Z,42139099999,"MEERUT, IN",29.0166666,77.7166667,222.0,21.73,1013.57,36.2,21.73,1013.57,36.2,0,NONE,NONE,NORMAL,0.0
2025-01-24T10:00:00Z,42170099999,"CHURU, IN",28.25,74.9166666,291.0,22.73,1015.5,20.66,22.73,1015.5,20.66,0,NONE,NONE,NORMAL,0.0
2025-01-24T10:00:00Z,42182099999,"SAFDARJUNG, IN",28.584511,77.205783,214.88,22.33,1014.23,55.86,22.33,1014.23,55.86,0,NONE,NONE,NORMAL,0.0
2025-01-24T10:00:00Z,42260099999,"AGRA, IN",27.155831,77.960892,167.94,16.8,1016.67,76.14,16.8,1016.67,76.14,0,NONE,NONE,NORMAL,0.0
2025-01-24T11:00:00Z,42139099999,"MEERUT, IN",29.0166666,77.7166667,222.0,21.07,1013.43,40.12,21.07,1013.43,40.12,0,NONE,NONE,NORMAL,0.0
2025-01-24T11:00:00Z,42170099999,"CHURU, IN",28.25,74.9166666,291.0,22.07,1015.4,21.78,22.07,1015.4,21.78,0,NONE,NONE,NORMAL,0.0
2025-01-24T11:00:00Z,42182099999,"SAFDARJUNG, IN",28.584511,77.205783,214.88,21.47,1014.07,57.0,21.47,1014.07,57.0,0,NONE,NONE,NORMAL,0.0
2025-01-24T11:00:00Z,42260099999,"AGRA, IN",27.155831,77.960892,167.94,16.81,1016.67,76.07,16.81,1016.67,76.07,0,NONE,NONE,NORMAL,0.0
2025-01-24T12:00:00Z,42139099999,"MEERUT, IN",29.0166666,77.7166667,222.0,20.4,1013.3,44.46,20.4,1013.3,44.46,0,NONE,NONE,NORMAL,0.0
2025-01-24T12:00:00Z,42170099999,"CHURU, IN",28.25,74.9166666,291.0,21.4,1015.3,22.97,21.4,1015.3,22.97,0,NONE,NONE,NORMAL,0.0
2025-01-24T12:00:00Z,42182099999,"SAFDARJUNG, IN",28.584511,77.205783,214.88,20.6,1013.9,58.17,20.6,1013.9,58.17,0,NONE,NONE,NORMAL,0.0
2025-01-24T12:00:00Z,42260099999,"AGRA, IN",27.155831,77.960892,167.94,16.83,1016.66,76.0,16.83,1016.66,76.0,0,NONE,NONE,NORMAL,0.0
2025-01-24T13:00:00Z,42139099999,"MEERUT, IN",29.0166666,77.7166667,222.0,19.75,1013.44,46.06,19.75,1013.44,46.06,0,NONE,NONE,NORMAL,0.0
2025-01-24T13:00:00Z,42170099999,"CHURU, IN",28.25,74.9166666,291.0,18.87,1015.83,30.17,18.87,1015.83,30.17,0,NONE,NONE,NORMAL,0.0
2025-01-24T13:00:00Z,42182099999,"SAFDARJUNG, IN",28.584511,77.205783,214.88,18.73,1014.33,60.61,18.73,1014.33,60.61,0,NONE,NONE,NORMAL,0.0
2025-01-24T13:00:00Z,42260099999,"AGRA, IN",27.155831,77.960892,167.94,16.85,1016.65,75.92,16.85,1016.65,75.92,0,NONE,NONE,NORMAL,0.0
2025-01-24T14:00:00Z,42139099999,"MEERUT, IN",29.0166666,77.7166667,222.0,19.09,1013.58,47.73,19.09,1013.58,47.73,0,NONE,NONE,NORMAL,0.0
2025-01-24T14:00:00Z,42170099999,"CHURU, IN",28.25,74.9166666,291.0,16.33,1016.37,39.69,16.33,1016.37,39.69,0,NONE,NONE,NORMAL,0.0
2025-01-24T14:00:00Z,42182099999,"SAFDARJUNG, IN",28.584511,77.205783,214.88,16.87,1014.77,63.2,16.87,1014.77,63.2,0,NONE,NONE,NORMAL,0.0
2025-01-24T14:00:00Z,42260099999,"AGRA, IN",27.155831,77.960892,167.94,16.86,1016.64,75.85,16.86,1016.64,75.85,0,NONE,NONE,NORMAL,0.0
2025-01-24T15:00:00Z,42139099999,"MEERUT, IN",29.0166666,77.7166667,222.0,18.44,1013.72,49.48,18.44,1013.72,49.48,0,NONE,NONE,NORMAL,0.0
2025-01-24T15:00:00Z,42170099999,"CHURU, IN",28.25,74.9166666,291.0,13.8,1016.9,52.3,13.8,1016.9,52.3,0,NONE,NONE,NORMAL,0.0
2025-01-24T15:00:00Z,42182099999,"SAFDARJUNG, IN",28.584511,77.205783,214.88,15.0,1015.2,65.98,15.0,1015.2,65.98,0,NONE,NONE,NORMAL,0.0
2025-01-24T15:00:00Z,42260099999,"AGRA, IN",27.155831,77.960892,167.94,16.88,1016.63,75.77,16.88,1016.63,75.77,0,NONE,NONE,NORMAL,0.0
2025-01-24T16:00:00Z,42139099999,"MEERUT, IN",29.0166666,77.7166667,222.0,17.79,1013.86,51.29,17.79,1013.86,51.29,1,FROZEN,P,NORMAL,1.0
2025-01-24T16:00:00Z,42170099999,"CHURU, IN",28.25,74.9166666,291.0,12.4,1017.27,57.31,12.4,1017.27,57.31,0,NONE,NONE,NORMAL,0.0
2025-01-24T16:00:00Z,42182099999,"SAFDARJUNG, IN",28.584511,77.205783,214.88,14.53,1015.27,68.31,14.53,1015.27,68.31,0,NONE,NONE,NORMAL,0.0
2025-01-24T16:00:00Z,42260099999,"AGRA, IN",27.155831,77.960892,167.94,16.9,1016.62,75.7,16.9,1016.62,75.7,0,NONE,NONE,NORMAL,0.0
2025-01-24T17:00:00Z,42139099999,"MEERUT, IN",29.0166666,77.7166667,222.0,17.13,1014.0,53.19,17.13,1013.86,53.19,1,FROZEN,P,NORMAL,1.0
2025-01-24T17:00:00Z,42170099999,"CHURU, IN",28.25,74.9166666,291.0,11.0,1017.63,62.87,11.0,1017.63,62.87,0,NONE,NONE,NORMAL,0.0
2025-01-24T17:00:00Z,42182099999,"SAFDARJUNG, IN",28.584511,77.205783,214.88,14.07,1015.33,70.72,14.07,1015.33,70.72,0,NONE,NONE,NORMAL,0.0
2025-01-24T17:00:00Z,42260099999,"AGRA, IN",27.155831,77.960892,167.94,16.92,1016.61,75.63,16.92,1016.61,75.63,0,NONE,NONE,NORMAL,0.0
2025-01-24T18:00:00Z,42139099999,"MEERUT, IN",29.0166666,77.7166667,222.0,16.48,1014.14,55.17,16.48,1013.86,55.17,1,FROZEN,P,NORMAL,1.0
2025-01-24T18:00:00Z,42170099999,"CHURU, IN",28.25,74.9166666,291.0,9.6,1018.0,69.03,9.6,1018.0,69.03,0,NONE,NONE,NORMAL,0.0
2025-01-24T18:00:00Z,42182099999,"SAFDARJUNG, IN",28.584511,77.205783,214.88,13.6,1015.4,73.23,13.6,1015.4,73.23,0,NONE,NONE,NORMAL,0.0
2025-01-24T18:00:00Z,42260099999,"AGRA, IN",27.155831,77.960892,167.94,16.93,1016.61,75.55,16.93,1016.61,75.55,0,NONE,NONE,NORMAL,0.0
2025-01-24T19:00:00Z,42139099999,"MEERUT, IN",29.0166666,77.7166667,222.0,15.83,1014.28,57.23,15.83,1013.86,57.23,1,FROZEN,P,NORMAL,1.0
2025-01-24T19:00:00Z,42170099999,"CHURU, IN",28.25,74.9166666,291.0,8.93,1017.63,71.7,8.93,1017.63,71.7,0,NONE,NONE,NORMAL,0.0
2025-01-24T19:00:00Z,42182099999,"SAFDARJUNG, IN",28.584511,77.205783,214.88,13.07,1015.07,74.97,13.07,1015.07,74.97,0,NONE,NONE,NORMAL,0.0
2025-01-24T19:00:00Z,42260099999,"AGRA, IN",27.155831,77.960892,167.94,16.95,1016.6,75.48,16.95,1016.6,75.48,0,NONE,NONE,NORMAL,0.0
2025-01-24T20:00:00Z,42139099999,"MEERUT, IN",29.0166666,77.7166667,222.0,15.17,1014.42,59.38,15.17,1013.86,59.38,1,FROZEN,P,NORMAL,1.0
2025-01-24T20:00:00Z,42170099999,"CHURU, IN",28.25,74.9166666,291.0,8.27,1017.27,74.48,8.27,1017.27,74.48,0,NONE,NONE,NORMAL,0.0
2025-01-24T20:00:00Z,42182099999,"SAFDARJUNG, IN",28.584511,77.205783,214.88,12.53,1014.73,76.76,12.53,1014.73,76.76,0,NONE,NONE,NORMAL,0.0
2025-01-24T20:00:00Z,42260099999,"AGRA, IN",27.155831,77.960892,167.94,16.97,1016.59,75.41,16.97,1016.59,75.41,0,NONE,NONE,NORMAL,0.0
2025-01-24T21:00:00Z,42139099999,"MEERUT, IN",29.0166666,77.7166667,222.0,14.52,1014.56,61.62,14.52,1013.86,61.62,1,FROZEN,P,NORMAL,1.0
2025-01-24T21:00:00Z,42170099999,"CHURU, IN",28.25,74.9166666,291.0,7.6,1016.9,77.39,7.6,1016.9,77.39,0,NONE,NONE,NORMAL,0.0
2025-01-24T21:00:00Z,42182099999,"SAFDARJUNG, IN",28.584511,77.205783,214.88,12.0,1014.4,78.61,12.0,1014.4,78.61,0,NONE,NONE,NORMAL,0.0
2025-01-24T21:00:00Z,42260099999,"AGRA, IN",27.155831,77.960892,167.94,16.98,1016.58,75.33,16.98,1016.58,75.33,0,NONE,NONE,NORMAL,0.0
2025-01-24T22:00:00Z,42139099999,"MEERUT, IN",29.0166666,77.7166667,222.0,13.87,1014.7,63.96,13.87,1013.86,63.96,1,FROZEN,P,NORMAL,1.0
2025-01-24T22:00:00Z,42170099999,"CHURU, IN",28.25,74.9166666,291.0,7.0,1016.87,79.7,7.0,1016.87,79.7,0,NONE,NONE,NORMAL,0.0
2025-01-24T22:00:00Z,42182099999,"SAFDARJUNG, IN",28.584511,77.205783,214.88,11.33,1014.5,80.49,11.33,1014.5,80.49,0,NONE,NONE,NORMAL,0.0
2025-01-24T22:00:00Z,42260099999,"AGRA, IN",27.155831,77.960892,167.94,17.0,1016.57,75.26,17.0,1016.57,75.26,0,NONE,NONE,NORMAL,0.0
2025-01-24T23:00:00Z,42139099999,"MEERUT, IN",29.0166666,77.7166667,222.0,13.21,1014.84,66.41,13.21,1013.86,66.41,1,FROZEN,P,NORMAL,1.0
2025-01-24T23:00:00Z,42170099999,"CHURU, IN",28.25,74.9166666,291.0,6.4,1016.83,82.08,6.4,1016.83,82.08,0,NONE,NONE,NORMAL,0.0
2025-01-24T23:00:00Z,42182099999,"SAFDARJUNG, IN",28.584511,77.205783,214.88,10.67,1014.6,82.44,10.67,1014.6,82.44,0,NONE,NONE,NORMAL,0.0
2025-01-24T23:00:00Z,42260099999,"AGRA, IN",27.155831,77.960892,167.94,17.02,1016.56,75.19,17.02,1016.56,75.19,0,NONE,NONE,NORMAL,0.0
2025-01-25T00:00:00Z,42139099999,"MEERUT, IN",29.0166666,77.7166667,222.0,12.56,1014.98,68.96,12.56,1013.86,68.96,1,FROZEN,P,NORMAL,1.0
2025-01-25T00:00:00Z,42170099999,"CHURU, IN",28.25,74.9166666,291.0,5.8,1016.8,84.56,5.8,1016.8,84.56,0,NONE,NONE,NORMAL,0.0
2025-01-25T00:00:00Z,42182099999,"SAFDARJUNG, IN",28.584511,77.205783,214.88,10.0,1014.7,84.45,10.0,1014.7,84.45,0,NONE,NONE,NORMAL,0.0
2025-01-25T00:00:00Z,42260099999,"AGRA, IN",27.155831,77.960892,167.94,17.04,1016.55,75.11,17.04,1016.55,75.11,0,NONE,NONE,NORMAL,0.0
2025-01-25T01:00:00Z,42139099999,"MEERUT, IN",29.0166666,77.7166667,222.0,11.91,1015.12,71.63,11.91,1013.86,71.63,1,FROZEN,P,NORMAL,1.0
2025-01-25T01:00:00Z,42170099999,"CHURU, IN",28.25,74.9166666,291.0,5.8,1017.37,83.57,5.8,1017.37,83.57,0,NONE,NONE,NORMAL,0.0
2025-01-25T01:00:00Z,42182099999,"SAFDARJUNG, IN",28.584511,77.205783,214.88,10.13,1015.17,80.14,10.13,1015.17,80.14,0,NONE,NONE,NORMAL,0.0
2025-01-25T01:00:00Z,42260099999,"AGRA, IN",27.155831,77.960892,167.94,17.05,1016.55,75.04,17.05,1016.55,75.04,0,NONE,NONE,NORMAL,0.0
2025-01-25T02:00:00Z,42139099999,"MEERUT, IN",29.0166666,77.7166667,222.0,11.25,1015.26,74.42,11.25,1013.86,74.42,1,FROZEN,P,NORMAL,1.0
2025-01-25T02:00:00Z,42170099999,"CHURU, IN",28.25,74.9166666,291.0,5.8,1017.93,82.59,5.8,1017.93,82.59,0,NONE,NONE,NORMAL,0.0
2025-01-25T02:00:00Z,42182099999,"SAFDARJUNG, IN",28.584511,77.205783,214.88,10.27,1015.63,76.05,10.27,1015.63,76.05,0,NONE,NONE,NORMAL,0.0
2025-01-25T02:00:00Z,42260099999,"AGRA, IN",27.155831,77.960892,167.94,17.07,1016.54,74.97,17.07,1016.54,74.97,0,NONE,NONE,NORMAL,0.0
2025-01-25T03:00:00Z,42139099999,"MEERUT, IN",29.0166666,77.7166667,222.0,10.6,1015.4,77.33,10.6,1013.86,77.33,1,FROZEN,P,NORMAL,1.0
2025-01-25T03:00:00Z,42170099999,"CHURU, IN",28.25,74.9166666,291.0,5.8,1018.5,81.62,5.8,1018.5,81.62,0,NONE,NONE,NORMAL,0.0
2025-01-25T03:00:00Z,42182099999,"SAFDARJUNG, IN",28.584511,77.205783,214.88,10.4,1016.1,72.14,10.4,1016.1,72.14,0,NONE,NONE,NORMAL,0.0
2025-01-25T03:00:00Z,42260099999,"AGRA, IN",27.155831,77.960892,167.94,17.09,1016.53,74.89,17.09,1016.53,74.89,0,NONE,NONE,NORMAL,0.0
2025-01-25T04:00:00Z,42139099999,"MEERUT, IN",29.0166666,77.7166667,222.0,13.27,1015.7,62.24,13.27,1013.86,62.24,1,FROZEN,P,NORMAL,1.0
2025-01-25T04:00:00Z,42170099999,"CHURU, IN",28.25,74.9166666,291.0,10.67,1018.33,57.96,10.67,1018.33,57.96,0,NONE,NONE,NORMAL,0.0
2025-01-25T04:00:00Z,42182099999,"SAFDARJUNG, IN",28.584511,77.205783,214.88,13.47,1016.23,60.17,13.47,1016.23,60.17,0,NONE,NONE,NORMAL,0.0
2025-01-25T04:00:00Z,42260099999,"AGRA, IN",27.155831,77.960892,167.94,17.1,1016.52,74.82,17.1,1016.52,74.82,0,NONE,NONE,NORMAL,0.0
2025-01-25T05:00:00Z,42139099999,"MEERUT, IN",29.0166666,77.7166667,222.0,15.93,1016.0,50.26,15.93,1013.86,50.26,1,FROZEN,P,NORMAL,1.0
2025-01-25T05:00:00Z,42170099999,"CHURU, IN",28.25,74.9166666,291.0,15.53,1018.17,41.67,15.53,1018.17,41.67,0,NONE,NONE,NORMAL,0.0
2025-01-25T05:00:00Z,42182099999,"SAFDARJUNG, IN",28.584511,77.205783,214.88,16.53,1016.37,50.42,16.53,1016.37,50.42,0,NONE,NONE,NORMAL,0.0
2025-01-25T05:00:00Z,42260099999,"AGRA, IN",27.155831,77.960892,167.94,17.12,1016.51,74.75,17.12,1016.51,74.75,0,NONE,NONE,NORMAL,0.0
2025-01-25T06:00:00Z,42139099999,"MEERUT, IN",29.0166666,77.7166667,222.0,18.6,1016.3,40.72,18.6,1013.86,40.72,1,FROZEN,P,NORMAL,1.0
2025-01-25T06:00:00Z,42170099999,"CHURU, IN",28.25,74.9166666,291.0,20.4,1018.0,30.32,20.4,1018.0,30.32,0,NONE,NONE,NORMAL,0.0
2025-01-25T06:00:00Z,42182099999,"SAFDARJUNG, IN",28.584511,77.205783,214.88,19.6,1016.5,42.45,19.6,1016.5,42.45,0,NONE,NONE,NORMAL,0.0
2025-01-25T06:00:00Z,42260099999,"AGRA, IN",27.155831,77.960892,167.94,17.14,1016.5,74.68,17.14,1016.5,74.68,0,NONE,NONE,NORMAL,0.0
2025-01-25T07:00:00Z,42139099999,"MEERUT, IN",29.0166666,77.7166667,222.0,19.93,1015.2,36.36,19.93,1015.2,36.36,0,NONE,NONE,NORMAL,0.0
2025-01-25T07:00:00Z,42170099999,"CHURU, IN",28.25,74.9166666,291.0,21.53,1016.83,24.85,21.53,1016.83,24.85,0,NONE,NONE,NORMAL,0.0
2025-01-25T07:00:00Z,42182099999,"SAFDARJUNG, IN",28.584511,77.205783,214.88,20.8,1015.53,37.9,20.8,1015.53,37.9,0,NONE,NONE,NORMAL,0.0
2025-01-25T07:00:00Z,42260099999,"AGRA, IN",27.155831,77.960892,167.94,17.16,1016.5,74.6,17.16,1016.5,74.6,0,NONE,NONE,NORMAL,0.0
2025-01-25T08:00:00Z,42139099999,"MEERUT, IN",29.0166666,77.7166667,222.0,21.27,1014.1,32.49,21.27,1014.1,32.49,0,NONE,NONE,NORMAL,0.0
2025-01-25T08:00:00Z,42170099999,"CHURU, IN",28.25,74.9166666,291.0,22.67,1015.67,20.35,22.67,1015.67,20.35,0,NONE,NONE,NORMAL,0.0
2025-01-25T08:00:00Z,42182099999,"SAFDARJUNG, IN",28.584511,77.205783,214.88,22.0,1014.57,33.85,22.0,1014.57,33.85,0,NONE,NONE,NORMAL,0.0
2025-01-25T08:00:00Z,42260099999,"AGRA, IN",27.155831,77.960892,167.94,17.17,1016.49,74.53,17.17,1016.49,74.53,0,NONE,NONE,NORMAL,0.0
2025-01-25T09:00:00Z,42139099999,"MEERUT, IN",29.0166666,77.7166667,222.0,22.6,1013.0,29.05,22.6,1013.0,29.05,0,NONE,NONE,NORMAL,0.0
2025-01-25T09:00:00Z,42170099999,"CHURU, IN",28.25,74.9166666,291.0,23.8,1014.5,16.63,23.8,1014.5,16.63,0,NONE,NONE,NORMAL,0.0
2025-01-25T09:00:00Z,42182099999,"SAFDARJUNG, IN",28.584511,77.205783,214.88,23.2,1013.6,30.25,23.2,1013.6,30.25,0,NONE,NONE,NORMAL,0.0
2025-01-25T09:00:00Z,42260099999,"AGRA, IN",27.155831,77.960892,167.94,17.19,1016.48,74.46,17.19,1016.48,74.46,0,NONE,NONE,NORMAL,0.0
2025-01-25T10:00:00Z,42139099999,"MEERUT, IN",29.0166666,77.7166667,222.0,21.87,1012.93,32.51,21.87,1012.93,32.51,0,NONE,NONE,NORMAL,0.0
2025-01-25T10:00:00Z,42170099999,"CHURU, IN",28.25,74.9166666,291.0,23.27,1014.27,18.23,23.27,1014.27,18.23,0,NONE,NONE,NORMAL,0.0
2025-01-25T10:00:00Z,42182099999,"SAFDARJUNG, IN",28.584511,77.205783,214.88,22.47,1013.47,33.67,22.47,1013.47,33.67,0,NONE,NONE,NORMAL,0.0
2025-01-25T10:00:00Z,42260099999,"AGRA, IN",27.155831,77.960892,167.94,17.21,1016.47,74.39,17.21,1016.47,74.39,0,NONE,NONE,NORMAL,0.0
2025-01-25T11:00:00Z,42139099999,"MEERUT, IN",29.0166666,77.7166667,222.0,21.13,1012.87,36.37,21.13,1012.87,36.37,0,NONE,NONE,NORMAL,0.0
2025-01-25T11:00:00Z,42170099999,"CHURU, IN",28.25,74.9166666,291.0,22.73,1014.03,19.97,22.73,1014.03,19.97,0,NONE,NONE,NORMAL,0.0
2025-01-25T11:00:00Z,42182099999,"SAFDARJUNG, IN",28.584511,77.205783,214.88,21.73,1013.33,37.47,21.73,1013.33,37.47,0,NONE,NONE,NORMAL,0.0
2025-01-25T11:00:00Z,42260099999,"AGRA, IN",27.155831,77.960892,167.94,17.22,1016.46,74.31,17.22,1016.46,74.31,0,NONE,NONE,NORMAL,0.0
2025-01-25T12:00:00Z,42139099999,"MEERUT, IN",29.0166666,77.7166667,222.0,20.4,1012.8,40.67,20.4,1012.8,40.67,0,NONE,NONE,NORMAL,0.0
2025-01-25T12:00:00Z,42170099999,"CHURU, IN",28.25,74.9166666,291.0,22.2,1013.8,21.87,22.2,1013.8,21.87,0,NONE,NONE,NORMAL,0.0
2025-01-25T12:00:00Z,42182099999,"SAFDARJUNG, IN",28.584511,77.205783,214.88,21.0,1013.2,41.69,21.0,1013.2,41.69,0,NONE,NONE,NORMAL,0.0
2025-01-25T12:00:00Z,42260099999,"AGRA, IN",27.155831,77.960892,167.94,17.24,1016.45,74.24,17.24,1016.45,74.24,0,NONE,NONE,NORMAL,0.0
2025-01-25T13:00:00Z,42139099999,"MEERUT, IN",29.0166666,77.7166667,222.0,19.77,1013.03,42.42,19.77,1013.03,42.42,0,NONE,NONE,NORMAL,0.0
2025-01-25T13:00:00Z,42170099999,"CHURU, IN",28.25,74.9166666,291.0,19.27,1014.63,29.07,19.27,1014.63,29.07,0,NONE,NONE,NORMAL,0.0
2025-01-25T13:00:00Z,42182099999,"SAFDARJUNG, IN",28.584511,77.205783,214.88,18.4,1013.83,50.58,18.4,1013.83,50.58,0,NONE,NONE,NORMAL,0.0
2025-01-25T13:00:00Z,42260099999,"AGRA, IN",27.155831,77.960892,167.94,17.26,1016.44,74.17,17.26,1016.44,74.17,0,NONE,NONE,NORMAL,0.0
2025-01-25T14:00:00Z,42139099999,"MEERUT, IN",29.0166666,77.7166667,222.0,19.15,1013.25,44.25,19.15,1013.25,44.25,0,NONE,NONE,NORMAL,0.0
2025-01-25T14:00:00Z,42170099999,"CHURU, IN",28.25,74.9166666,291.0,16.33,1015.47,38.76,16.33,1015.47,38.76,0,NONE,NONE,NORMAL,0.0
2025-01-25T14:00:00Z,42182099999,"SAFDARJUNG, IN",28.584511,77.205783,214.88,15.8,1014.47,61.56,15.8,1014.47,61.56,0,NONE,NONE,NORMAL,0.0
2025-01-25T14:00:00Z,42260099999,"AGRA, IN",27.155831,77.960892,167.94,17.28,1016.44,74.1,17.28,1016.44,74.1,0,NONE,NONE,NORMAL,0.0
2025-01-25T15:00:00Z,42139099999,"MEERUT, IN",29.0166666,77.7166667,222.0,18.52,1013.48,46.16,18.52,1013.48,46.16,0,NONE,NONE,NORMAL,0.0
2025-01-25T15:00:00Z,42170099999,"CHURU, IN",28.25,74.9166666,291.0,13.4,1016.3,51.83,13.4,1016.3,51.83,0,NONE,NONE,NORMAL,0.0
2025-01-25T15:00:00Z,42182099999,"SAFDARJUNG, IN",28.584511,77.205783,214.88,13.2,1015.1,75.16,13.2,1015.1,75.16,0,NONE,NONE,NORMAL,0.0
2025-01-25T15:00:00Z,42260099999,"AGRA, IN",27.155831,77.960892,167.94,17.29,1016.43,74.03,17.29,1016.43,74.03,0,NONE,NONE,NORMAL,0.0
2025-01-25T16:00:00Z,42139099999,"MEERUT, IN",29.0166666,77.7166667,222.0,17.89,1013.71,48.17,17.89,1013.71,48.17,0,NONE,NONE,NORMAL,0.0
2025-01-25T16:00:00Z,42170099999,"CHURU, IN",28.25,74.9166666,291.0,12.07,1016.47,56.83,12.07,1016.47,56.83,0,NONE,NONE,NORMAL,0.0
2025-01-25T16:00:00Z,42182099999,"SAFDARJUNG, IN",28.584511,77.205783,214.88,12.73,1015.17,76.97,12.73,1015.17,76.97,0,NONE,NONE,NORMAL,0.0
2025-01-25T16:00:00Z,42260099999,"AGRA, IN",27.155831,77.960892,167.94,17.31,1016.42,73.95,17.31,1016.42,73.95,0,NONE,NONE,NORMAL,0.0
2025-01-25T17:00:00Z,42139099999,"MEERUT, IN",29.0166666,77.7166667,222.0,17.27,1013.93,50.27,17.27,1013.93,50.27,0,NONE,NONE,NORMAL,0.0
2025-01-25T17:00:00Z,42170099999,"CHURU, IN",28.25,74.9166666,291.0,10.73,1016.63,62.37,10.73,1016.63,62.37,0,NONE,NONE,NORMAL,0.0
2025-01-25T17:00:00Z,42182099999,"SAFDARJUNG, IN",28.584511,77.205783,214.88,12.27,1015.23,78.83,12.27,1015.23,78.83,0,NONE,NONE,NORMAL,0.0
2025-01-25T17:00:00Z,42260099999,"AGRA, IN",27.155831,77.960892,167.94,17.33,1016.41,73.88,17.33,1016.41,73.88,0,NONE,NONE,NORMAL,0.0
2025-01-25T18:00:00Z,42139099999,"MEERUT, IN",29.0166666,77.7166667,222.0,16.64,1014.16,52.48,16.64,1014.16,52.48,0,NONE,NONE,NORMAL,0.0
2025-01-25T18:00:00Z,42170099999,"CHURU, IN",28.25,74.9166666,291.0,9.4,1016.8,68.51,9.4,1016.8,68.51,0,NONE,NONE,NORMAL,0.0
2025-01-25T18:00:00Z,42182099999,"SAFDARJUNG, IN",28.584511,77.205783,214.88,11.8,1015.3,80.74,11.8,1015.3,80.74,0,NONE,NONE,NORMAL,0.0
2025-01-25T18:00:00Z,42260099999,"AGRA, IN",27.155831,77.960892,167.94,17.34,1016.4,73.81,17.34,1016.4,73.81,0,NONE,NONE,NORMAL,0.0
2025-01-25T19:00:00Z,42139099999,"MEERUT, IN",29.0166666,77.7166667,222.0,16.01,1014.39,54.79,16.01,1014.39,54.79,0,NONE,NONE,NORMAL,0.0
2025-01-25T19:00:00Z,42170099999,"CHURU, IN",28.25,74.9166666,291.0,8.53,1016.67,70.29,8.53,1016.67,70.29,0,NONE,NONE,NORMAL,0.0
2025-01-25T19:00:00Z,42182099999,"SAFDARJUNG, IN",28.584511,77.205783,214.88,11.2,1015.17,82.69,11.2,1015.17,82.69,0,NONE,NONE,NORMAL,0.0
2025-01-25T19:00:00Z,42260099999,"AGRA, IN",27.155831,77.960892,167.94,17.36,1016.39,73.74,17.36,1016.39,73.74,0,NONE,NONE,NORMAL,0.0
2025-01-25T20:00:00Z,42139099999,"MEERUT, IN",29.0166666,77.7166667,222.0,15.39,1014.61,57.22,15.39,1014.61,57.22,0,NONE,NONE,NORMAL,0.0
2025-01-25T20:00:00Z,42170099999,"CHURU, IN",28.25,74.9166666,291.0,7.67,1016.53,72.13,7.67,1016.53,72.13,0,NONE,NONE,NORMAL,0.0
2025-01-25T20:00:00Z,42182099999,"SAFDARJUNG, IN",28.584511,77.205783,214.88,10.6,1015.03,84.71,10.6,1015.03,84.71,0,NONE,NONE,NORMAL,0.0
2025-01-25T20:00:00Z,42260099999,"AGRA, IN",27.155831,77.960892,167.94,17.38,1016.38,73.67,17.38,1016.38,73.67,0,NONE,NONE,NORMAL,0.0
2025-01-25T21:00:00Z,42139099999,"MEERUT, IN",29.0166666,77.7166667,222.0,14.76,1014.84,59.77,14.76,1014.84,59.77,0,NONE,NONE,NORMAL,0.0
2025-01-25T21:00:00Z,42170099999,"CHURU, IN",28.25,74.9166666,291.0,6.8,1016.4,74.05,6.8,1016.4,74.05,0,NONE,NONE,NORMAL,0.0
2025-01-25T21:00:00Z,42182099999,"SAFDARJUNG, IN",28.584511,77.205783,214.88,10.0,1014.9,86.78,10.0,1014.9,86.78,0,NONE,NONE,NORMAL,0.0
2025-01-25T21:00:00Z,42260099999,"AGRA, IN",27.155831,77.960892,167.94,17.4,1016.38,73.6,17.4,1016.38,73.6,0,NONE,NONE,NORMAL,0.0
2025-01-25T22:00:00Z,42139099999,"MEERUT, IN",29.0166666,77.7166667,222.0,14.13,1015.07,62.44,14.13,1015.07,62.44,0,NONE,NONE,NORMAL,0.0
2025-01-25T22:00:00Z,42170099999,"CHURU, IN",28.25,74.9166666,291.0,6.2,1016.43,75.36,6.2,1016.43,75.36,0,NONE,NONE,NORMAL,0.0
2025-01-25T22:00:00Z,42182099999,"SAFDARJUNG, IN",28.584511,77.205783,214.88,9.33,1014.87,87.51,9.33,1014.87,87.51,0,NONE,NONE,NORMAL,0.0
2025-01-25T22:00:00Z,42260099999,"AGRA, IN",27.155831,77.960892,167.94,17.41,1016.37,73.53,17.41,1016.37,73.53,0,NONE,NONE,NORMAL,0.0
2025-01-25T23:00:00Z,42139099999,"MEERUT, IN",29.0166666,77.7166667,222.0,13.51,1015.29,65.24,13.51,1015.29,65.24,0,NONE,NONE,NORMAL,0.0
2025-01-25T23:00:00Z,42170099999,"CHURU, IN",28.25,74.9166666,291.0,5.6,1016.47,76.71,5.6,1016.47,76.71,0,NONE,NONE,NORMAL,0.0
2025-01-25T23:00:00Z,42182099999,"SAFDARJUNG, IN",28.584511,77.205783,214.88,8.67,1014.83,88.25,8.67,1014.83,88.25,0,NONE,NONE,NORMAL,0.0
2025-01-25T23:00:00Z,42260099999,"AGRA, IN",27.155831,77.960892,167.94,17.43,1016.36,73.45,17.43,1016.36,73.45,0,NONE,NONE,NORMAL,0.0
2025-01-26T00:00:00Z,42139099999,"MEERUT, IN",29.0166666,77.7166667,222.0,12.88,1015.52,68.18,12.88,1015.52,68.18,0,NONE,NONE,NORMAL,0.0
2025-01-26T00:00:00Z,42170099999,"CHURU, IN",28.25,74.9166666,291.0,5.0,1016.5,78.09,5.0,1016.5,78.09,0,NONE,NONE,NORMAL,0.0
2025-01-26T00:00:00Z,42182099999,"SAFDARJUNG, IN",28.584511,77.205783,214.88,8.0,1014.8,89.01,8.0,1014.8,89.01,0,NONE,NONE,NORMAL,0.0
2025-01-26T00:00:00Z,42260099999,"AGRA, IN",27.155831,77.960892,167.94,17.45,1016.35,73.38,17.45,1016.35,73.38,0,NONE,NONE,NORMAL,0.0
2025-01-26T01:00:00Z,42139099999,"MEERUT, IN",29.0166666,77.7166667,222.0,12.25,1015.75,71.27,12.25,1015.75,71.27,0,NONE,NONE,NORMAL,0.0
2025-01-26T01:00:00Z,42170099999,"CHURU, IN",28.25,74.9166666,291.0,5.07,1017.1,79.03,5.07,1017.1,79.03,0,NONE,NONE,NORMAL,0.0
2025-01-26T01:00:00Z,42182099999,"SAFDARJUNG, IN",28.584511,77.205783,214.88,8.67,1015.47,82.95,8.67,1015.47,82.95,0,NONE,NONE,NORMAL,0.0
2025-01-26T01:00:00Z,42260099999,"AGRA, IN",27.155831,77.960892,167.94,17.46,1016.34,73.31,17.46,1016.34,73.31,0,NONE,NONE,NORMAL,0.0
2025-01-26T02:00:00Z,42139099999,"MEERUT, IN",29.0166666,77.7166667,222.0,11.63,1015.97,74.52,11.63,1015.97,74.52,0,NONE,NONE,NORMAL,0.0
2025-01-26T02:00:00Z,42170099999,"CHURU, IN",28.25,74.9166666,291.0,5.13,1017.7,79.99,5.13,1017.7,79.99,0,NONE,NONE,NORMAL,0.0
2025-01-26T02:00:00Z,42182099999,"SAFDARJUNG, IN",28.584511,77.205783,214.88,9.33,1016.13,77.31,9.33,1016.13,77.31,0,NONE,NONE,NORMAL,0.0
2025-01-26T02:00:00Z,42260099999,"AGRA, IN",27.155831,77.960892,167.94,17.48,1016.33,73.24,17.48,1016.33,73.24,0,NONE,NONE,NORMAL,0.0
2025-01-26T03:00:00Z,42139099999,"MEERUT, IN",29.0166666,77.7166667,222.0,11.0,1016.2,77.93,11.0,1016.2,77.93,0,NONE,NONE,NORMAL,0.0
2025-01-26T03:00:00Z,42170099999,"CHURU, IN",28.25,74.9166666,291.0,5.2,1018.3,80.96,5.2,1018.3,80.96,0,NONE,NONE,NORMAL,0.0
2025-01-26T03:00:00Z,42182099999,"SAFDARJUNG, IN",28.584511,77.205783,214.88,10.0,1016.8,72.07,10.0,1016.8,72.07,0,NONE,NONE,NORMAL,0.0
2025-01-26T03:00:00Z,42260099999,"AGRA, IN",27.155831,77.960892,167.94,17.5,1016.33,73.17,17.5,1016.33,73.17,0,NONE,NONE,NORMAL,0.0
2025-01-26T04:00:00Z,42139099999,"MEERUT, IN",29.0166666,77.7166667,222.0,13.53,1016.4,66.57,13.53,1016.4,66.57,0,NONE,NONE,NORMAL,0.0
2025-01-26T04:00:00Z,42170099999,"CHURU, IN",28.25,74.9166666,291.0,10.33,1018.03,54.14,10.33,1018.03,54.14,0,NONE,NONE,NORMAL,0.0
2025-01-26T04:00:00Z,42182099999,"SAFDARJUNG, IN",28.584511,77.205783,214.88,13.2,1016.8,56.98,13.2,1016.8,56.98,0,NONE,NONE,NORMAL,0.0
2025-01-26T04:00:00Z,42260099999,"AGRA, IN",27.155831,77.960892,167.94,17.52,1016.32,73.1,17.52,1016.32,73.1,0,NONE,NONE,NORMAL,0.0
2025-01-26T05:00:00Z,42139099999,"MEERUT, IN",29.0166666,77.7166667,222.0,16.07,1016.6,57.05,16.07,1016.6,57.05,0,NONE,NONE,NORMAL,0.0
2025-01-26T05:00:00Z,42170099999,"CHURU, IN",28.25,74.9166666,291.0,15.47,1017.77,36.7,15.47,1017.77,36.7,0,NONE,NONE,NORMAL,0.0
2025-01-26T05:00:00Z,42182099999,"SAFDARJUNG, IN",28.584511,77.205783,214.88,16.4,1016.8,45.29,16.4,1016.8,45.29,0,NONE,NONE,NORMAL,0.0
2025-01-26T05:00:00Z,42260099999,"AGRA, IN",27.155831,77.960892,167.94,17.53,1016.31,73.03,17.53,1016.31,73.03,0,NONE,NONE,NORMAL,0.0
2025-01-26T06:00:00Z,42139099999,"MEERUT, IN",29.0166666,77.7166667,222.0,18.6,1016.8,49.05,18.6,1016.8,49.05,0,NONE,NONE,NORMAL,0.0
2025-01-26T06:00:00Z,42170099999,"CHURU, IN",28.25,74.9166666,291.0,20.6,1017.5,25.2,20.6,1017.5,25.2,0,NONE,NONE,NORMAL,0.0
2025-01-26T06:00:00Z,42182099999,"SAFDARJUNG, IN",28.584511,77.205783,214.88,19.6,1016.8,36.18,19.6,1016.8,36.18,0,NONE,NONE,NORMAL,0.0
2025-01-26T06:00:00Z,42260099999,"AGRA, IN",27.155831,77.960892,167.94,17.55,1016.3,72.96,17.55,1016.3,72.96,0,NONE,NONE,NORMAL,0.0
2025-01-26T07:00:00Z,42139099999,"MEERUT, IN",29.0166666,77.7166667,222.0,19.73,1015.67,43.67,19.73,1015.67,43.67,0,NONE,NONE,NORMAL,0.0
2025-01-26T07:00:00Z,42170099999,"CHURU, IN",28.25,74.9166666,291.0,21.6,1016.4,22.74,21.6,1016.4,22.74,0,NONE,NONE,NORMAL,0.0
2025-01-26T07:00:00Z,42182099999,"SAFDARJUNG, IN",28.584511,77.205783,214.88,20.6,1015.7,36.04,20.6,1015.7,36.04,0,NONE,NONE,NORMAL,0.0
2025-01-26T07:00:00Z,42260099999,"AGRA, IN",27.155831,77.960892,167.94,17.57,1016.29,72.89,17.57,1016.29,72.89,0,NONE,NONE,NORMAL,0.0
2025-01-26T08:00:00Z,42139099999,"MEERUT, IN",29.0166666,77.7166667,222.0,20.87,1014.53,38.89,20.87,1014.53,38.89,0,NONE,NONE,NORMAL,0.0
2025-01-26T08:00:00Z,42170099999,"CHURU, IN",28.25,74.9166666,291.0,22.6,1015.3,20.53,22.6,1015.3,20.53,0,NONE,NONE,NORMAL,0.0
2025-01-26T08:00:00Z,42182099999,"SAFDARJUNG, IN",28.584511,77.205783,214.88,21.6,1014.6,35.91,21.6,1014.6,35.91,0,NONE,NONE,NORMAL,0.0
2025-01-26T08:00:00Z,42260099999,"AGRA, IN",27.155831,77.960892,167.94,17.58,1016.28,72.82,17.58,1016.28,72.82,0,NONE,NONE,NORMAL,0.0
2025-01-26T09:00:00Z,42139099999,"MEERUT, IN",29.0166666,77.7166667,222.0,22.0,1013.4,34.65,22.0,1013.4,34.65,0,NONE,NONE,NORMAL,0.0
2025-01-26T09:00:00Z,42170099999,"CHURU, IN",28.25,74.9166666,291.0,23.6,1014.2,18.54,23.6,1014.2,18.54,0,NONE,NONE,NORMAL,0.0
2025-01-26T09:00:00Z,42182099999,"SAFDARJUNG, IN",28.584511,77.205783,214.88,22.6,1013.5,35.79,22.6,1013.5,35.79,0,NONE,NONE,NORMAL,0.0
2025-01-26T09:00:00Z,42260099999,"AGRA, IN",27.155831,77.960892,167.94,17.6,1016.27,72.75,17.6,1016.27,72.75,0,NONE,NONE,NORMAL,0.0
2025-01-26T10:00:00Z,42139099999,"MEERUT, IN",29.0166666,77.7166667,222.0,21.27,1013.0,41.01,21.27,1013.0,41.01,0,NONE,NONE,NORMAL,0.0
2025-01-26T10:00:00Z,42170099999,"CHURU, IN",28.25,74.9166666,291.0,23.4,1013.73,18.53,23.4,1013.73,18.53,0,NONE,NONE,NORMAL,0.0
2025-01-26T10:00:00Z,42182099999,"SAFDARJUNG, IN",28.584511,77.205783,214.88,21.93,1013.17,40.92,21.93,1013.17,40.92,0,NONE,NONE,NORMAL,0.0
2025-01-26T10:00:00Z,42260099999,"AGRA, IN",27.155831,77.960892,167.94,17.62,1016.27,72.68,17.62,1016.27,72.68,0,NONE,NONE,NORMAL,0.0
2025-01-26T11:00:00Z,42139099999,"MEERUT, IN",29.0166666,77.7166667,222.0,20.53,1012.6,48.48,20.53,1012.6,48.48,0,NONE,NONE,NORMAL,0.0
2025-01-26T11:00:00Z,42170099999,"CHURU, IN",28.25,74.9166666,291.0,23.2,1013.27,18.53,23.2,1013.27,18.53,0,NONE,NONE,NORMAL,0.0
2025-01-26T11:00:00Z,42182099999,"SAFDARJUNG, IN",28.584511,77.205783,214.88,21.27,1012.83,46.75,21.27,1012.83,46.75,0,NONE,NONE,NORMAL,0.0
2025-01-26T11:00:00Z,42260099999,"AGRA, IN",27.155831,77.960892,167.94,17.64,1016.26,72.61,17.64,1016.26,72.61,0,NONE,NONE,NORMAL,0.0
2025-01-26T12:00:00Z,42139099999,"MEERUT, IN",29.0166666,77.7166667,222.0,19.8,1012.2,57.21,19.8,1012.2,57.21,0,NONE,NONE,NORMAL,0.0
2025-01-26T12:00:00Z,42170099999,"CHURU, IN",28.25,74.9166666,291.0,23.0,1012.8,18.52,23.0,1012.8,18.52,0,NONE,NONE,NORMAL,0.0
2025-01-26T12:00:00Z,42182099999,"SAFDARJUNG, IN",28.584511,77.205783,214.88,20.6,1012.5,53.37,20.6,1012.5,53.37,0,NONE,NONE,NORMAL,0.0
2025-01-26T12:00:00Z,42260099999,"AGRA, IN",27.155831,77.960892,167.94,17.65,1016.25,72.53,17.65,1016.25,72.53,0,NONE,NONE,NORMAL,0.0
2025-01-26T13:00:00Z,42139099999,"MEERUT, IN",29.0166666,77.7166667,222.0,19.05,1012.39,58.93,19.05,1038.39,58.93,1,SPIKE,P,NORMAL,0.87
2025-01-26T13:00:00Z,42170099999,"CHURU, IN",28.25,74.9166666,291.0,19.73,1013.47,27.04,19.73,1013.47,27.04,0,NONE,NONE,NORMAL,0.0
2025-01-26T13:00:00Z,42182099999,"SAFDARJUNG, IN",28.584511,77.205783,214.88,17.87,1013.13,60.0,17.87,1013.13,60.0,0,NONE,NONE,NORMAL,0.0
2025-01-26T13:00:00Z,42260099999,"AGRA, IN",27.155831,77.960892,167.94,17.67,1016.24,72.46,17.67,1016.24,72.46,0,NONE,NONE,NORMAL,0.0
2025-01-26T14:00:00Z,42139099999,"MEERUT, IN",29.0166666,77.7166667,222.0,18.31,1012.59,60.72,18.31,1012.59,60.72,0,NONE,NONE,NORMAL,0.0
2025-01-26T14:00:00Z,42170099999,"CHURU, IN",28.25,74.9166666,291.0,16.47,1014.13,39.54,16.47,1014.13,39.54,0,NONE,NONE,NORMAL,0.0
2025-01-26T14:00:00Z,42182099999,"SAFDARJUNG, IN",28.584511,77.205783,214.88,15.13,1013.77,67.66,15.13,1013.77,67.66,0,NONE,NONE,NORMAL,0.0
2025-01-26T14:00:00Z,42260099999,"AGRA, IN",27.155831,77.960892,167.94,17.69,1016.23,72.39,17.69,1016.23,72.39,0,NONE,NONE,NORMAL,0.0
2025-01-26T15:00:00Z,42139099999,"MEERUT, IN",29.0166666,77.7166667,222.0,17.56,1012.78,62.58,17.56,1012.78,62.58,0,NONE,NONE,NORMAL,0.0
2025-01-26T15:00:00Z,42170099999,"CHURU, IN",28.25,74.9166666,291.0,13.2,1014.8,57.92,13.2,1014.8,57.92,0,NONE,NONE,NORMAL,0.0
2025-01-26T15:00:00Z,42182099999,"SAFDARJUNG, IN",28.584511,77.205783,214.88,12.4,1014.4,76.57,12.4,1014.4,76.57,0,NONE,NONE,NORMAL,0.0
2025-01-26T15:00:00Z,42260099999,"AGRA, IN",27.155831,77.960892,167.94,17.7,1016.22,72.32,17.7,1016.22,72.32,0,NONE,NONE,NORMAL,0.0
2025-01-26T16:00:00Z,42139099999,"MEERUT, IN",29.0166666,77.7166667,222.0,16.81,1012.97,64.5,16.81,1012.97,64.5,0,NONE,NONE,NORMAL,0.0
2025-01-26T16:00:00Z,42170099999,"CHURU, IN",28.25,74.9166666,291.0,11.87,1015.17,59.64,11.87,1015.17,59.64,0,NONE,NONE,NORMAL,0.0
2025-01-26T16:00:00Z,42182099999,"SAFDARJUNG, IN",28.584511,77.205783,214.88,11.47,1014.67,79.79,11.47,1014.67,79.79,0,NONE,NONE,NORMAL,0.0
2025-01-26T16:00:00Z,42260099999,"AGRA, IN",27.155831,77.960892,167.94,17.72,1016.22,72.25,17.72,1016.22,72.25,0,NONE,NONE,NORMAL,0.0
2025-01-26T17:00:00Z,42139099999,"MEERUT, IN",29.0166666,77.7166667,222.0,16.07,1013.17,66.51,16.07,1013.17,66.51,0,NONE,NONE,NORMAL,0.0
2025-01-26T17:00:00Z,42170099999,"CHURU, IN",28.25,74.9166666,291.0,10.53,1015.53,61.45,10.53,1015.53,61.45,0,NONE,NONE,NORMAL,0.0
2025-01-26T17:00:00Z,42182099999,"SAFDARJUNG, IN",28.584511,77.205783,214.88,10.53,1014.93,83.17,10.53,1014.93,83.17,0,NONE,NONE,NORMAL,0.0
2025-01-26T17:00:00Z,42260099999,"AGRA, IN",27.155831,77.960892,167.94,17.74,1016.21,72.18,17.74,1016.21,72.18,0,NONE,NONE,NORMAL,0.0
2025-01-26T18:00:00Z,42139099999,"MEERUT, IN",29.0166666,77.7166667,222.0,15.32,1013.36,68.59,15.32,1013.36,68.59,0,NONE,NONE,NORMAL,0.0
2025-01-26T18:00:00Z,42170099999,"CHURU, IN",28.25,74.9166666,291.0,9.2,1015.9,63.34,9.2,1015.9,63.34,0,NONE,NONE,NORMAL,0.0
2025-01-26T18:00:00Z,42182099999,"SAFDARJUNG, IN",28.584511,77.205783,214.88,9.6,1015.2,86.74,9.6,1015.2,86.74,0,NONE,NONE,NORMAL,0.0
2025-01-26T18:00:00Z,42260099999,"AGRA, IN",27.155831,77.960892,167.94,17.76,1016.2,72.12,17.76,1016.2,72.12,0,NONE,NONE,NORMAL,0.0
2025-01-26T19:00:00Z,42139099999,"MEERUT, IN",29.0166666,77.7166667,222.0,14.57,1013.55,70.75,14.57,1013.55,70.75,0,NONE,NONE,NORMAL,0.0
2025-01-26T19:00:00Z,42170099999,"CHURU, IN",28.25,74.9166666,291.0,8.53,1015.73,67.53,8.53,1015.73,67.53,0,NONE,NONE,NORMAL,0.0
2025-01-26T19:00:00Z,42182099999,"SAFDARJUNG, IN",28.584511,77.205783,214.88,9.0,1014.97,88.28,9.0,1014.97,88.28,0,NONE,NONE,NORMAL,0.0
2025-01-26T19:00:00Z,42260099999,"AGRA, IN",27.155831,77.960892,167.94,17.77,1016.19,72.05,17.77,1016.19,72.05,0,NONE,NONE,NORMAL,0.0
2025-01-26T20:00:00Z,42139099999,"MEERUT, IN",29.0166666,77.7166667,222.0,13.83,1013.75,73.0,13.83,1013.75,73.0,0,NONE,NONE,NORMAL,0.0
2025-01-26T20:00:00Z,42170099999,"CHURU, IN",28.25,74.9166666,291.0,7.87,1015.57,72.0,7.87,1015.57,72.0,0,NONE,NONE,NORMAL,0.0
2025-01-26T20:00:00Z,42182099999,"SAFDARJUNG, IN",28.584511,77.205783,214.88,8.4,1014.73,89.86,8.4,1014.73,89.86,0,NONE,NONE,NORMAL,0.0
2025-01-26T20:00:00Z,42260099999,"AGRA, IN",27.155831,77.960892,167.94,17.79,1016.18,71.98,17.79,1016.18,71.98,0,NONE,NONE,NORMAL,0.0
2025-01-26T21:00:00Z,42139099999,"MEERUT, IN",29.0166666,77.7166667,222.0,13.08,1013.94,75.34,13.08,1013.94,75.34,0,NONE,NONE,NORMAL,0.0
2025-01-26T21:00:00Z,42170099999,"CHURU, IN",28.25,74.9166666,291.0,7.2,1015.4,76.79,7.2,1015.4,76.79,0,NONE,NONE,NORMAL,0.0
2025-01-26T21:00:00Z,42182099999,"SAFDARJUNG, IN",28.584511,77.205783,214.88,7.8,1014.5,91.48,7.8,1014.5,91.48,0,NONE,NONE,NORMAL,0.0
2025-01-26T21:00:00Z,42260099999,"AGRA, IN",27.155831,77.960892,167.94,17.81,1016.17,71.91,17.81,1016.17,71.91,0,NONE,NONE,NORMAL,0.0
2025-01-26T22:00:00Z,42139099999,"MEERUT, IN",29.0166666,77.7166667,222.0,12.33,1014.13,77.78,12.33,1014.13,77.78,0,NONE,NONE,NORMAL,0.0
2025-01-26T22:00:00Z,42170099999,"CHURU, IN",28.25,74.9166666,291.0,6.33,1015.37,78.11,6.33,1015.37,78.11,0,NONE,NONE,NORMAL,0.0
2025-01-26T22:00:00Z,42182099999,"SAFDARJUNG, IN",28.584511,77.205783,214.88,7.8,1014.33,91.48,7.8,1014.33,91.48,0,NONE,NONE,NORMAL,0.0
2025-01-26T22:00:00Z,42260099999,"AGRA, IN",27.155831,77.960892,167.94,17.82,1016.16,71.84,17.82,1016.16,71.84,0,NONE,NONE,NORMAL,0.0
2025-01-26T23:00:00Z,42139099999,"MEERUT, IN",29.0166666,77.7166667,222.0,11.59,1014.33,80.31,11.59,1014.33,80.31,0,NONE,NONE,NORMAL,0.0
2025-01-26T23:00:00Z,42170099999,"CHURU, IN",28.25,74.9166666,291.0,5.47,1015.33,79.47,5.47,1015.33,79.47,0,NONE,NONE,NORMAL,0.0
2025-01-26T23:00:00Z,42182099999,"SAFDARJUNG, IN",28.584511,77.205783,214.88,7.8,1014.17,91.48,7.8,1014.17,91.48,0,NONE,NONE,NORMAL,0.0
2025-01-26T23:00:00Z,42260099999,"AGRA, IN",27.155831,77.960892,167.94,17.84,1016.16,71.77,17.84,1016.16,71.77,0,NONE,NONE,NORMAL,0.0
2025-01-27T00:00:00Z,42139099999,"MEERUT, IN",29.0166666,77.7166667,222.0,10.84,1014.52,82.95,10.84,1014.52,82.95,0,NONE,NONE,NORMAL,0.0
2025-01-27T00:00:00Z,42170099999,"CHURU, IN",28.25,74.9166666,291.0,4.6,1015.3,80.87,4.6,1015.3,80.87,0,NONE,NONE,NORMAL,0.0
2025-01-27T00:00:00Z,42182099999,"SAFDARJUNG, IN",28.584511,77.205783,214.88,7.8,1014.0,91.48,7.8,1014.0,91.48,0,NONE,NONE,NORMAL,0.0
2025-01-27T00:00:00Z,42260099999,"AGRA, IN",27.155831,77.960892,167.94,17.86,1016.15,71.7,17.86,1016.15,71.7,0,NONE,NONE,NORMAL,0.0
2025-01-27T01:00:00Z,42139099999,"MEERUT, IN",29.0166666,77.7166667,222.0,10.09,1014.71,85.69,10.09,1014.71,85.69,0,NONE,NONE,NORMAL,0.0
2025-01-27T01:00:00Z,42170099999,"CHURU, IN",28.25,74.9166666,291.0,4.67,1015.87,78.79,4.67,1015.87,78.79,0,NONE,NONE,NORMAL,0.0
2025-01-27T01:00:00Z,42182099999,"SAFDARJUNG, IN",28.584511,77.205783,214.88,8.13,1014.53,89.84,8.13,1014.53,89.84,0,NONE,NONE,NORMAL,0.0
2025-01-27T01:00:00Z,42260099999,"AGRA, IN",27.155831,77.960892,167.94,17.88,1016.14,71.63,17.88,1016.14,71.63,0,NONE,NONE,NORMAL,0.0
2025-01-27T02:00:00Z,42139099999,"MEERUT, IN",29.0166666,77.7166667,222.0,9.35,1014.91,88.55,9.35,1014.91,88.55,0,NONE,NONE,NORMAL,0.0
2025-01-27T02:00:00Z,42170099999,"CHURU, IN",28.25,74.9166666,291.0,4.73,1016.43,76.75,4.73,1016.43,76.75,0,NONE,NONE,NORMAL,0.0
2025-01-27T02:00:00Z,42182099999,"SAFDARJUNG, IN",28.584511,77.205783,214.88,8.47,1015.07,88.24,8.47,1015.07,88.24,0,NONE,NONE,NORMAL,0.0
2025-01-27T02:00:00Z,42260099999,"AGRA, IN",27.155831,77.960892,167.94,17.89,1016.13,71.56,17.89,1016.13,71.56,0,NONE,NONE,NORMAL,0.0
2025-01-27T03:00:00Z,42139099999,"MEERUT, IN",29.0166666,77.7166667,222.0,8.6,1015.1,91.53,8.6,1015.1,91.53,0,NONE,NONE,NORMAL,0.0
2025-01-27T03:00:00Z,42170099999,"CHURU, IN",28.25,74.9166666,291.0,4.8,1017.0,74.76,4.8,1017.0,74.76,0,NONE,NONE,NORMAL,0.0
2025-01-27T03:00:00Z,42182099999,"SAFDARJUNG, IN",28.584511,77.205783,214.88,8.8,1015.6,86.66,8.8,1015.6,86.66,0,NONE,NONE,NORMAL,0.0
2025-01-27T03:00:00Z,42260099999,"AGRA, IN",27.155831,77.960892,167.94,17.91,1016.12,71.49,17.91,1016.12,71.49,0,NONE,NONE,NORMAL,0.0
2025-01-27T04:00:00Z,42139099999,"MEERUT, IN",29.0166666,77.7166667,222.0,11.8,1015.17,76.12,11.8,1015.17,76.12,0,NONE,NONE,NORMAL,0.0
2025-01-27T04:00:00Z,42170099999,"CHURU, IN",28.25,74.9166666,291.0,10.47,1016.5,44.99,10.47,1016.5,44.99,0,NONE,NONE,NORMAL,0.0
2025-01-27T04:00:00Z,42182099999,"SAFDARJUNG, IN",28.584511,77.205783,214.88,12.47,1015.5,67.11,12.47,1015.5,67.11,0,NONE,NONE,NORMAL,0.0
2025-01-27T04:00:00Z,42260099999,"AGRA, IN",27.155831,77.960892,167.94,17.93,1016.11,71.42,17.93,1016.11,71.42,0,NONE,NONE,NORMAL,0.0
2025-01-27T05:00:00Z,42139099999,"MEERUT, IN",29.0166666,77.7166667,222.0,15.0,1015.23,63.64,15.0,1015.23,63.64,0,NONE,NONE,NORMAL,0.0
2025-01-27T05:00:00Z,42170099999,"CHURU, IN",28.25,74.9166666,291.0,16.13,1016.0,27.49,16.13,1016.0,27.49,0,NONE,NONE,NORMAL,0.0
2025-01-27T05:00:00Z,42182099999,"SAFDARJUNG, IN",28.584511,77.205783,214.88,16.13,1015.4,52.32,16.13,1015.4,52.32,0,NONE,NONE,NORMAL,0.0
2025-01-27T05:00:00Z,42260099999,"AGRA, IN",27.155831,77.960892,167.94,17.94,1016.1,71.35,17.94,1016.1,71.35,0,NONE,NONE,NORMAL,0.0
2025-01-27T06:00:00Z,42139099999,"MEERUT, IN",29.0166666,77.7166667,222.0,18.2,1015.3,53.47,18.2,1015.3,53.47,0,NONE,NONE,NORMAL,0.0
2025-01-27T06:00:00Z,42170099999,"CHURU, IN",28.25,74.9166666,291.0,21.8,1015.5,17.04,21.8,1015.5,17.04,0,NONE,NONE,NORMAL,0.0
2025-01-27T06:00:00Z,42182099999,"SAFDARJUNG, IN",28.584511,77.205783,214.88,19.8,1015.3,41.06,19.8,1015.3,41.06,0,NONE,NONE,NORMAL,0.0
2025-01-27T06:00:00Z,42260099999,"AGRA, IN",27.155831,77.960892,167.94,17.96,1016.1,71.28,17.96,1016.1,71.28,0,NONE,NONE,NORMAL,0.0
2025-01-27T07:00:00Z,42139099999,"MEERUT, IN",29.0166666,77.7166667,222.0,19.47,1014.03,46.89,19.47,1014.03,46.89,0,NONE,NONE,NORMAL,0.0
2025-01-27T07:00:00Z,42170099999,"CHURU, IN",28.25,74.9166666,291.0,22.93,1014.23,15.35,22.93,1014.23,15.35,0,NONE,NONE,NORMAL,0.0
2025-01-27T07:00:00Z,42182099999,"SAFDARJUNG, IN",28.584511,77.205783,214.88,20.73,1014.1,45.98,20.73,1014.1,45.98,0,NONE,NONE,NORMAL,0.0
2025-01-27T07:00:00Z,42260099999,"AGRA, IN",27.155831,77.960892,167.94,17.98,1016.09,71.22,17.98,1016.09,71.22,0,NONE,NONE,NORMAL,0.0
2025-01-27T08:00:00Z,42139099999,"MEERUT, IN",29.0166666,77.7166667,222.0,20.73,1012.77,41.14,20.73,1012.77,41.14,0,NONE,NONE,NORMAL,0.0
2025-01-27T08:00:00Z,42170099999,"CHURU, IN",28.25,74.9166666,291.0,24.07,1012.97,13.84,24.07,1012.97,13.84,0,NONE,NONE,NORMAL,0.0
2025-01-27T08:00:00Z,42182099999,"SAFDARJUNG, IN",28.584511,77.205783,214.88,21.67,1012.9,51.33,21.67,1012.9,51.33,0,NONE,NONE,NORMAL,0.0
2025-01-27T08:00:00Z,42260099999,"AGRA, IN",27.155831,77.960892,167.94,18.0,1016.08,71.15,18.0,1016.08,71.15,0,NONE,NONE,NORMAL,0.0
2025-01-27T09:00:00Z,42139099999,"MEERUT, IN",29.0166666,77.7166667,222.0,22.0,1011.5,36.11,22.0,1011.5,36.11,0,NONE,NONE,NORMAL,0.0
2025-01-27T09:00:00Z,42170099999,"CHURU, IN",28.25,74.9166666,291.0,25.2,1011.7,12.48,25.2,1011.7,12.48,0,NONE,NONE,NORMAL,0.0
2025-01-27T09:00:00Z,42182099999,"SAFDARJUNG, IN",28.584511,77.205783,214.88,22.6,1011.7,57.15,42.0,1011.7,98.5,1,PSYCHROMETRIC_VIOLATION,MULTIPLE,NORMAL,1.0
2025-01-27T09:00:00Z,42260099999,"AGRA, IN",27.155831,77.960892,167.94,18.01,1016.07,71.08,18.01,1016.07,71.08,0,NONE,NONE,NORMAL,0.0
2025-01-27T10:00:00Z,42139099999,"MEERUT, IN",29.0166666,77.7166667,222.0,20.93,1011.1,39.54,20.93,1011.1,39.54,0,NONE,NONE,NORMAL,0.0
2025-01-27T10:00:00Z,42170099999,"CHURU, IN",28.25,74.9166666,291.0,24.6,1011.43,13.34,24.6,1011.43,13.34,0,NONE,NONE,NORMAL,0.0
2025-01-27T10:00:00Z,42182099999,"SAFDARJUNG, IN",28.584511,77.205783,214.88,21.8,1011.27,59.87,42.0,1011.27,98.5,1,PSYCHROMETRIC_VIOLATION,MULTIPLE,NORMAL,1.0
2025-01-27T10:00:00Z,42260099999,"AGRA, IN",27.155831,77.960892,167.94,18.03,1016.06,71.01,18.03,1016.06,71.01,0,NONE,NONE,NORMAL,0.0
2025-01-27T11:00:00Z,42139099999,"MEERUT, IN",29.0166666,77.7166667,222.0,19.87,1010.7,43.31,19.87,1010.7,43.31,0,NONE,NONE,NORMAL,0.0
2025-01-27T11:00:00Z,42170099999,"CHURU, IN",28.25,74.9166666,291.0,24.0,1011.17,14.25,24.0,1011.17,14.25,0,NONE,NONE,NORMAL,0.0
2025-01-27T11:00:00Z,42182099999,"SAFDARJUNG, IN",28.584511,77.205783,214.88,21.0,1010.83,62.75,42.0,1010.83,98.5,1,PSYCHROMETRIC_VIOLATION,MULTIPLE,NORMAL,1.0
2025-01-27T11:00:00Z,42260099999,"AGRA, IN",27.155831,77.960892,167.94,18.05,1016.05,70.94,18.05,1016.05,70.94,0,NONE,NONE,NORMAL,0.0
2025-01-27T12:00:00Z,42139099999,"MEERUT, IN",29.0166666,77.7166667,222.0,18.8,1010.3,47.46,18.8,1010.3,47.46,0,NONE,NONE,NORMAL,0.0
2025-01-27T12:00:00Z,42170099999,"CHURU, IN",28.25,74.9166666,291.0,23.4,1010.9,15.23,23.4,1010.9,15.23,0,NONE,NONE,NORMAL,0.0
2025-01-27T12:00:00Z,42182099999,"SAFDARJUNG, IN",28.584511,77.205783,214.88,20.2,1010.4,65.78,42.0,1010.4,98.5,1,PSYCHROMETRIC_VIOLATION,MULTIPLE,NORMAL,1.0
2025-01-27T12:00:00Z,42260099999,"AGRA, IN",27.155831,77.960892,167.94,18.06,1016.05,70.87,18.06,1016.05,70.87,0,NONE,NONE,NORMAL,0.0
2025-01-27T13:00:00Z,42139099999,"MEERUT, IN",29.0166666,77.7166667,222.0,18.23,1010.58,49.35,18.23,1010.58,49.35,0,NONE,NONE,NORMAL,0.0
2025-01-27T13:00:00Z,42170099999,"CHURU, IN",28.25,74.9166666,291.0,20.07,1011.77,22.89,20.07,1011.77,22.89,0,NONE,NONE,NORMAL,0.0
2025-01-27T13:00:00Z,42182099999,"SAFDARJUNG, IN",28.584511,77.205783,214.88,17.8,1011.1,69.88,42.0,1011.1,98.5,1,PSYCHROMETRIC_VIOLATION,MULTIPLE,NORMAL,1.0
2025-01-27T13:00:00Z,42260099999,"AGRA, IN",27.155831,77.960892,167.94,18.08,1016.04,70.8,18.08,1016.04,70.8,0,NONE,NONE,NORMAL,0.0
2025-01-27T14:00:00Z,42139099999,"MEERUT, IN",29.0166666,77.7166667,222.0,17.65,1010.86,51.33,17.65,1010.86,51.33,0,NONE,NONE,NORMAL,0.0
2025-01-27T14:00:00Z,42170099999,"CHURU, IN",28.25,74.9166666,291.0,16.73,1012.63,34.43,16.73,1012.63,34.43,0,NONE,NONE,NORMAL,0.0
2025-01-27T14:00:00Z,42182099999,"SAFDARJUNG, IN",28.584511,77.205783,214.88,15.4,1011.8,74.37,42.0,1011.8,98.5,1,PSYCHROMETRIC_VIOLATION,MULTIPLE,NORMAL,1.0
2025-01-27T14:00:00Z,42260099999,"AGRA, IN",27.155831,77.960892,167.94,18.1,1016.03,70.74,18.1,1016.03,70.74,0,NONE,NONE,NORMAL,0.0
2025-01-27T15:00:00Z,42139099999,"MEERUT, IN",29.0166666,77.7166667,222.0,17.08,1011.14,53.39,17.08,1011.14,53.39,0,NONE,NONE,NORMAL,0.0
2025-01-27T15:00:00Z,42170099999,"CHURU, IN",28.25,74.9166666,291.0,13.4,1013.5,51.83,13.4,1013.5,51.83,0,NONE,NONE,NORMAL,0.0
2025-01-27T15:00:00Z,42182099999,"SAFDARJUNG, IN",28.584511,77.205783,214.88,13.0,1012.5,79.29,42.0,1012.5,98.5,1,PSYCHROMETRIC_VIOLATION,MULTIPLE,NORMAL,1.0
2025-01-27T15:00:00Z,42260099999,"AGRA, IN",27.155831,77.960892,167.94,18.12,1016.02,70.67,18.12,1016.02,70.67,0,NONE,NONE,NORMAL,0.0
2025-01-27T16:00:00Z,42139099999,"MEERUT, IN",29.0166666,77.7166667,222.0,16.51,1011.42,55.55,16.51,1011.42,55.55,0,NONE,NONE,NORMAL,0.0
2025-01-27T16:00:00Z,42170099999,"CHURU, IN",28.25,74.9166666,291.0,12.2,1013.73,54.9,12.2,1013.73,54.9,0,NONE,NONE,NORMAL,0.0
2025-01-27T16:00:00Z,42182099999,"SAFDARJUNG, IN",28.584511,77.205783,214.88,12.0,1012.7,82.61,42.0,1012.7,98.5,1,PSYCHROMETRIC_VIOLATION,MULTIPLE,NORMAL,1.0
2025-01-27T16:00:00Z,42260099999,"AGRA, IN",27.155831,77.960892,167.94,18.13,1016.01,70.6,18.13,1016.01,70.6,0,NONE,NONE,NORMAL,0.0
2025-01-27T17:00:00Z,42139099999,"MEERUT, IN",29.0166666,77.7166667,222.0,15.93,1011.7,57.8,15.93,1011.7,57.8,0,NONE,NONE,NORMAL,0.0
2025-01-27T17:00:00Z,42170099999,"CHURU, IN",28.25,74.9166666,291.0,11.0,1013.97,58.18,11.0,1013.97,58.18,0,NONE,NONE,NORMAL,0.0
2025-01-27T17:00:00Z,42182099999,"SAFDARJUNG, IN",28.584511,77.205783,214.88,11.0,1012.9,86.1,42.0,1012.9,98.5,1,PSYCHROMETRIC_VIOLATION,MULTIPLE,NORMAL,1.0
2025-01-27T17:00:00Z,42260099999,"AGRA, IN",27.155831,77.960892,167.94,18.15,1016.0,70.53,18.15,1016.0,70.53,0,NONE,NONE,NORMAL,0.0
2025-01-27T18:00:00Z,42139099999,"MEERUT, IN",29.0166666,77.7166667,222.0,15.36,1011.98,60.16,15.36,1011.98,60.16,0,NONE,NONE,NORMAL,0.0
2025-01-27T18:00:00Z,42170099999,"CHURU, IN",28.25,74.9166666,291.0,9.8,1014.2,61.71,9.8,1014.2,61.71,0,NONE,NONE,NORMAL,0.0
2025-01-27T18:00:00Z,42182099999,"SAFDARJUNG, IN",28.584511,77.205783,214.88,10.0,1013.1,89.78,42.0,1013.1,98.5,1,PSYCHROMETRIC_VIOLATION,MULTIPLE,NORMAL,1.0
2025-01-27T18:00:00Z,42260099999,"AGRA, IN",27.155831,77.960892,167.94,18.17,1015.99,70.46,18.17,1015.99,70.46,0,NONE,NONE,NORMAL,0.0
2025-01-27T19:00:00Z,42139099999,"MEERUT, IN",29.0166666,77.7166667,222.0,14.79,1012.26,62.62,14.79,1012.26,62.62,0,NONE,NONE,NORMAL,0.0
2025-01-27T19:00:00Z,42170099999,"CHURU, IN",28.25,74.9166666,291.0,8.8,1014.13,63.85,8.8,1014.13,63.85,0,NONE,NONE,NORMAL,0.0
2025-01-27T19:00:00Z,42182099999,"SAFDARJUNG, IN",28.584511,77.205783,214.88,9.2,1012.9,89.31,42.0,1012.9,98.5,1,PSYCHROMETRIC_VIOLATION,MULTIPLE,NORMAL,1.0
2025-01-27T19:00:00Z,42260099999,"AGRA, IN",27.155831,77.960892,167.94,18.18,1015.99,70.4,18.18,1015.99,70.4,0,NONE,NONE,NORMAL,0.0
2025-01-27T20:00:00Z,42139099999,"MEERUT, IN",29.0166666,77.7166667,222.0,14.21,1012.54,65.19,14.21,1012.54,65.19,0,NONE,NONE,NORMAL,0.0
2025-01-27T20:00:00Z,42170099999,"CHURU, IN",28.25,74.9166666,291.0,7.8,1014.07,66.1,7.8,1014.07,66.1,0,NONE,NONE,NORMAL,0.0
2025-01-27T20:00:00Z,42182099999,"SAFDARJUNG, IN",28.584511,77.205783,214.88,8.4,1012.7,88.84,42.0,1012.7,98.5,1,PSYCHROMETRIC_VIOLATION,MULTIPLE,NORMAL,1.0
2025-01-27T20:00:00Z,42260099999,"AGRA, IN",27.155831,77.960892,167.94,18.2,1015.98,70.33,18.2,1015.98,70.33,0,NONE,NONE,NORMAL,0.0
2025-01-27T21:00:00Z,42139099999,"MEERUT, IN",29.0166666,77.7166667,222.0,13.64,1012.82,67.88,13.64,1012.82,67.88,0,NONE,NONE,NORMAL,0.0
2025-01-27T21:00:00Z,42170099999,"CHURU, IN",28.25,74.9166666,291.0,6.8,1014.0,68.45,6.8,1014.0,68.45,0,NONE,NONE,NORMAL,0.0
2025-01-27T21:00:00Z,42182099999,"SAFDARJUNG, IN",28.584511,77.205783,214.88,7.6,1012.5,88.36,42.0,1012.5,98.5,1,PSYCHROMETRIC_VIOLATION,MULTIPLE,NORMAL,1.0
2025-01-27T21:00:00Z,42260099999,"AGRA, IN",27.155831,77.960892,167.94,18.22,1015.97,70.26,18.22,1015.97,70.26,0,NONE,NONE,NORMAL,0.0
2025-01-27T22:00:00Z,42139099999,"MEERUT, IN",29.0166666,77.7166667,222.0,13.07,1013.1,70.69,13.07,1013.1,70.69,0,NONE,NONE,NORMAL,0.0
2025-01-27T22:00:00Z,42170099999,"CHURU, IN",28.25,74.9166666,291.0,6.2,1013.8,70.49,6.2,1013.8,70.49,0,NONE,NONE,NORMAL,0.0
2025-01-27T22:00:00Z,42182099999,"SAFDARJUNG, IN",28.584511,77.205783,214.88,7.27,1012.6,91.24,42.0,1012.6,98.5,1,PSYCHROMETRIC_VIOLATION,MULTIPLE,NORMAL,1.0
2025-01-27T22:00:00Z,42260099999,"AGRA, IN",27.155831,77.960892,167.94,18.24,1015.96,70.19,18.24,1015.96,70.19,0,NONE,NONE,NORMAL,0.0
2025-01-27T23:00:00Z,42139099999,"MEERUT, IN",29.0166666,77.7166667,222.0,12.49,1013.38,73.63,12.49,1013.38,73.63,0,NONE,NONE,NORMAL,0.0
2025-01-27T23:00:00Z,42170099999,"CHURU, IN",28.25,74.9166666,291.0,5.6,1013.6,72.6,5.6,1013.6,72.6,0,NONE,NONE,NORMAL,0.0
2025-01-27T23:00:00Z,42182099999,"SAFDARJUNG, IN",28.584511,77.205783,214.88,6.93,1012.7,94.21,6.93,1012.7,94.21,0,NONE,NONE,NORMAL,0.0
2025-01-27T23:00:00Z,42260099999,"AGRA, IN",27.155831,77.960892,167.94,18.25,1015.95,70.13,18.25,1015.95,70.13,0,NONE,NONE,NORMAL,0.0
2025-01-28T00:00:00Z,42139099999,"MEERUT, IN",29.0166666,77.7166667,222.0,11.92,1013.66,76.7,11.92,1013.66,76.7,0,NONE,NONE,NORMAL,0.0
2025-01-28T00:00:00Z,42170099999,"CHURU, IN",28.25,74.9166666,291.0,5.0,1013.4,74.79,5.0,1013.4,74.79,0,NONE,NONE,NORMAL,0.0
2025-01-28T00:00:00Z,42182099999,"SAFDARJUNG, IN",28.584511,77.205783,214.88,6.6,1012.8,97.28,6.6,1012.8,97.28,0,NONE,NONE,NORMAL,0.0
2025-01-28T00:00:00Z,42260099999,"AGRA, IN",27.155831,77.960892,167.94,18.27,1015.94,70.06,18.27,1015.94,70.06,0,NONE,NONE,NORMAL,0.0
2025-01-28T01:00:00Z,42139099999,"MEERUT, IN",29.0166666,77.7166667,222.0,11.35,1013.94,79.91,11.35,1013.94,79.91,0,NONE,NONE,NORMAL,0.0
2025-01-28T01:00:00Z,42170099999,"CHURU, IN",28.25,74.9166666,291.0,5.33,1014.17,71.17,5.33,1014.17,71.17,0,NONE,NONE,NORMAL,0.0
2025-01-28T01:00:00Z,42182099999,"SAFDARJUNG, IN",28.584511,77.205783,214.88,7.0,1013.53,96.18,7.0,1013.53,96.18,0,NONE,NONE,NORMAL,0.0
2025-01-28T01:00:00Z,42260099999,"AGRA, IN",27.155831,77.960892,167.94,18.29,1015.93,69.99,18.29,1015.93,69.99,0,NONE,NONE,NORMAL,0.0
2025-01-28T02:00:00Z,42139099999,"MEERUT, IN",29.0166666,77.7166667,222.0,10.77,1014.22,83.28,10.77,1014.22,83.28,0,NONE,NONE,NORMAL,0.0
2025-01-28T02:00:00Z,42170099999,"CHURU, IN",28.25,74.9166666,291.0,5.67,1014.93,67.72,5.67,1014.93,67.72,0,NONE,NONE,NORMAL,0.0
2025-01-28T02:00:00Z,42182099999,"SAFDARJUNG, IN",28.584511,77.205783,214.88,7.4,1014.27,95.1,7.4,1014.27,95.1,0,NONE,NONE,NORMAL,0.0
2025-01-28T02:00:00Z,42260099999,"AGRA, IN",27.155831,77.960892,167.94,18.3,1015.93,69.92,18.3,1015.93,69.92,0,NONE,NONE,NORMAL,0.0
2025-01-28T03:00:00Z,42139099999,"MEERUT, IN",29.0166666,77.7166667,222.0,10.2,1014.5,86.8,10.2,1014.5,86.8,0,NONE,NONE,NORMAL,0.0
2025-01-28T03:00:00Z,42170099999,"CHURU, IN",28.25,74.9166666,291.0,6.0,1015.7,64.44,6.0,1015.7,64.44,0,NONE,NONE,NORMAL,0.0
2025-01-28T03:00:00Z,42182099999,"SAFDARJUNG, IN",28.584511,77.205783,214.88,7.8,1015.0,94.03,7.8,1015.0,94.03,0,NONE,NONE,NORMAL,0.0
2025-01-28T03:00:00Z,42260099999,"AGRA, IN",27.155831,77.960892,167.94,18.32,1015.92,69.86,18.32,1015.92,69.86,0,NONE,NONE,NORMAL,0.0
2025-01-28T04:00:00Z,42139099999,"MEERUT, IN",29.0166666,77.7166667,222.0,12.8,1014.6,74.92,12.8,1014.6,74.92,0,NONE,NONE,NORMAL,0.0
2025-01-28T04:00:00Z,42170099999,"CHURU, IN",28.25,74.9166666,291.0,11.73,1015.3,45.47,11.73,1015.3,45.47,0,NONE,NONE,NORMAL,0.0
2025-01-28T04:00:00Z,42182099999,"SAFDARJUNG, IN",28.584511,77.205783,214.88,11.67,1014.87,75.58,11.67,1014.87,75.58,0,NONE,NONE,NORMAL,0.0
2025-01-28T04:00:00Z,42260099999,"AGRA, IN",27.155831,77.960892,167.94,18.34,1015.91,69.79,18.34,1015.91,69.79,0,NONE,NONE,NORMAL,0.0
2025-01-28T05:00:00Z,42139099999,"MEERUT, IN",29.0166666,77.7166667,222.0,15.4,1014.7,64.89,15.4,1014.7,64.89,0,NONE,NONE,NORMAL,0.0
2025-01-28T05:00:00Z,42170099999,"CHURU, IN",28.25,74.9166666,291.0,17.47,1014.9,32.63,17.47,1014.9,32.63,0,NONE,NONE,NORMAL,0.0
2025-01-28T05:00:00Z,42182099999,"SAFDARJUNG, IN",28.584511,77.205783,214.88,15.53,1014.73,61.22,15.53,1014.73,61.22,0,NONE,NONE,NORMAL,0.0
2025-01-28T05:00:00Z,42260099999,"AGRA, IN",27.155831,77.960892,167.94,18.36,1015.9,69.72,18.36,1015.9,69.72,0,NONE,NONE,NORMAL,0.0
2025-01-28T06:00:00Z,42139099999,"MEERUT, IN",29.0166666,77.7166667,222.0,18.0,1014.8,56.38,18.0,1014.8,56.38,0,NONE,NONE,NORMAL,0.0
2025-01-28T06:00:00Z,42170099999,"CHURU, IN",28.25,74.9166666,291.0,23.2,1014.5,23.79,23.2,1014.5,23.79,0,NONE,NONE,NORMAL,0.0
2025-01-28T06:00:00Z,42182099999,"SAFDARJUNG, IN",28.584511,77.205783,214.88,19.4,1014.6,49.94,19.4,1014.6,49.94,0,NONE,NONE,NORMAL,0.0
2025-01-28T06:00:00Z,42260099999,"AGRA, IN",27.155831,77.960892,167.94,18.37,1015.89,69.65,18.37,1015.89,69.65,0,NONE,NONE,NORMAL,0.0
2025-01-28T07:00:00Z,42139099999,"MEERUT, IN",29.0166666,77.7166667,222.0,19.93,1013.53,50.31,19.93,1013.53,50.31,0,NONE,NONE,NORMAL,0.0
2025-01-28T07:00:00Z,42170099999,"CHURU, IN",28.25,74.9166666,291.0,24.27,1013.43,21.01,24.27,1013.43,21.01,0,NONE,NONE,NORMAL,0.0
2025-01-28T07:00:00Z,42182099999,"SAFDARJUNG, IN",28.584511,77.205783,214.88,21.0,1013.47,42.94,21.0,1013.47,42.94,0,NONE,NONE,NORMAL,0.0
2025-01-28T07:00:00Z,42260099999,"AGRA, IN",27.155831,77.960892,167.94,18.39,1015.88,69.59,18.39,1015.88,69.59,0,NONE,NONE,NORMAL,0.0
2025-01-28T08:00:00Z,42139099999,"MEERUT, IN",29.0166666,77.7166667,222.0,21.87,1012.27,44.97,21.87,1012.27,44.97,0,NONE,NONE,NORMAL,0.0
2025-01-28T08:00:00Z,42170099999,"CHURU, IN",28.25,74.9166666,291.0,25.33,1012.37,18.55,25.33,1012.37,18.55,0,NONE,NONE,NORMAL,0.0
2025-01-28T08:00:00Z,42182099999,"SAFDARJUNG, IN",28.584511,77.205783,214.88,22.6,1012.33,36.95,22.6,1012.33,36.95,0,NONE,NONE,NORMAL,0.0
2025-01-28T08:00:00Z,42260099999,"AGRA, IN",27.155831,77.960892,167.94,18.41,1015.88,69.52,18.41,1015.88,69.52,0,NONE,NONE,NORMAL,0.0
2025-01-28T09:00:00Z,42139099999,"MEERUT, IN",29.0166666,77.7166667,222.0,23.8,1011.0,40.26,23.8,1011.0,40.26,0,NONE,NONE,NORMAL,0.0
2025-01-28T09:00:00Z,42170099999,"CHURU, IN",28.25,74.9166666,291.0,26.4,1011.3,16.39,26.4,1011.3,16.39,0,NONE,NONE,NORMAL,0.0
2025-01-28T09:00:00Z,42182099999,"SAFDARJUNG, IN",28.584511,77.205783,214.88,24.2,1011.2,31.83,24.2,1011.2,31.83,0,NONE,NONE,NORMAL,0.0
2025-01-28T09:00:00Z,42260099999,"AGRA, IN",27.155831,77.960892,167.94,18.42,1015.87,69.45,18.42,1015.87,69.45,0,NONE,NONE,NORMAL,0.0
2025-01-28T10:00:00Z,42139099999,"MEERUT, IN",29.0166666,77.7166667,222.0,22.53,1010.97,44.35,22.53,1010.97,44.35,0,NONE,NONE,NORMAL,0.0
2025-01-28T10:00:00Z,42170099999,"CHURU, IN",28.25,74.9166666,291.0,25.8,1010.87,16.98,-999.0,1010.87,16.98,1,DROPOUT,T,NORMAL,1.0
2025-01-28T10:00:00Z,42182099999,"SAFDARJUNG, IN",28.584511,77.205783,214.88,23.27,1011.1,36.14,23.27,1011.1,36.14,0,NONE,NONE,NORMAL,0.0
2025-01-28T10:00:00Z,42260099999,"AGRA, IN",27.155831,77.960892,167.94,18.44,1015.86,69.39,18.44,1015.86,69.39,0,NONE,NONE,NORMAL,0.0
2025-01-28T11:00:00Z,42139099999,"MEERUT, IN",29.0166666,77.7166667,222.0,21.27,1010.93,48.89,21.27,1010.93,48.89,0,NONE,NONE,NORMAL,0.0
2025-01-28T11:00:00Z,42170099999,"CHURU, IN",28.25,74.9166666,291.0,25.2,1010.43,17.6,-999.0,1010.43,17.6,1,DROPOUT,T,NORMAL,1.0
2025-01-28T11:00:00Z,42182099999,"SAFDARJUNG, IN",28.584511,77.205783,214.88,22.33,1011.0,41.03,22.33,1011.0,41.03,0,NONE,NONE,NORMAL,0.0
2025-01-28T11:00:00Z,42260099999,"AGRA, IN",27.155831,77.960892,167.94,18.46,1015.85,69.32,18.46,1015.85,69.32,0,NONE,NONE,NORMAL,0.0
2025-01-28T12:00:00Z,42139099999,"MEERUT, IN",29.0166666,77.7166667,222.0,20.0,1010.9,53.93,20.0,1010.9,53.93,0,NONE,NONE,NORMAL,0.0
2025-01-28T12:00:00Z,42170099999,"CHURU, IN",28.25,74.9166666,291.0,24.6,1010.0,18.24,-999.0,1010.0,18.24,1,DROPOUT,T,NORMAL,1.0
2025-01-28T12:00:00Z,42182099999,"SAFDARJUNG, IN",28.584511,77.205783,214.88,21.4,1010.9,46.58,21.4,1010.9,46.58,0,NONE,NONE,NORMAL,0.0
2025-01-28T12:00:00Z,42260099999,"AGRA, IN",27.155831,77.960892,167.94,18.48,1015.84,69.25,18.48,1015.84,69.25,0,NONE,NONE,NORMAL,0.0
2025-01-28T13:00:00Z,42139099999,"MEERUT, IN",29.0166666,77.7166667,222.0,19.27,1011.32,56.1,19.27,1011.32,56.1,0,NONE,NONE,NORMAL,0.0
2025-01-28T13:00:00Z,42170099999,"CHURU, IN",28.25,74.9166666,291.0,21.4,1010.87,25.54,-999.0,1010.87,25.54,1,DROPOUT,T,NORMAL,1.0
2025-01-28T13:00:00Z,42182099999,"SAFDARJUNG, IN",28.584511,77.205783,214.88,18.67,1011.67,56.43,18.67,1011.67,56.43,0,NONE,NONE,NORMAL,0.0
2025-01-28T13:00:00Z,42260099999,"AGRA, IN",27.155831,77.960892,167.94,18.49,1015.83,69.19,18.49,1015.83,69.19,0,NONE,NONE,NORMAL,0.0
2025-01-28T14:00:00Z,42139099999,"MEERUT, IN",29.0166666,77.7166667,222.0,18.53,1011.74,58.36,18.53,1011.74,58.36,0,NONE,NONE,NORMAL,0.0
2025-01-28T14:00:00Z,42170099999,"CHURU, IN",28.25,74.9166666,291.0,18.2,1011.73,35.86,-999.0,1011.73,35.86,1,DROPOUT,T,NORMAL,1.0
2025-01-28T14:00:00Z,42182099999,"SAFDARJUNG, IN",28.584511,77.205783,214.88,15.93,1012.43,68.59,15.93,1012.43,68.59,0,NONE,NONE,NORMAL,0.0
2025-01-28T14:00:00Z,42260099999,"AGRA, IN",27.155831,77.960892,167.94,18.51,1015.82,69.12,18.51,1015.82,69.12,0,NONE,NONE,NORMAL,0.0
2025-01-28T15:00:00Z,42139099999,"MEERUT, IN",29.0166666,77.7166667,222.0,17.8,1012.16,60.74,17.8,1012.16,60.74,0,NONE,NONE,NORMAL,0.0
2025-01-28T15:00:00Z,42170099999,"CHURU, IN",28.25,74.9166666,291.0,15.0,1012.6,50.47,-999.0,1012.6,50.47,1,DROPOUT,T,NORMAL,1.0
2025-01-28T15:00:00Z,42182099999,"SAFDARJUNG, IN",28.584511,77.205783,214.88,13.2,1013.2,83.68,13.2,1013.2,83.68,0,NONE,NONE,NORMAL,0.0
2025-01-28T15:00:00Z,42260099999,"AGRA, IN",27.155831,77.960892,167.94,18.53,1015.82,69.05,18.53,1015.82,69.05,0,NONE,NONE,NORMAL,0.0
2025-01-28T16:00:00Z,42139099999,"MEERUT, IN",29.0166666,77.7166667,222.0,17.07,1012.58,63.22,17.07,1012.58,63.22,0,NONE,NONE,NORMAL,0.0
2025-01-28T16:00:00Z,42170099999,"CHURU, IN",28.25,74.9166666,291.0,14.0,1012.9,52.85,-999.0,1012.9,52.85,1,DROPOUT,T,NORMAL,1.0
2025-01-28T16:00:00Z,42182099999,"SAFDARJUNG, IN",28.584511,77.205783,214.88,12.33,1013.63,86.43,12.33,1013.63,86.43,0,NONE,NONE,NORMAL,0.0
2025-01-28T16:00:00Z,42260099999,"AGRA, IN",27.155831,77.960892,167.94,18.54,1015.81,68.99,18.54,1015.81,68.99,0,NONE,NONE,NORMAL,0.0
2025-01-28T17:00:00Z,42139099999,"MEERUT, IN",29.0166666,77.7166667,222.0,16.33,1013.0,65.82,16.33,1013.0,65.82,0,NONE,NONE,NORMAL,0.0
2025-01-28T17:00:00Z,42170099999,"CHURU, IN",28.25,74.9166666,291.0,13.0,1013.2,55.36,-999.0,1013.2,55.36,1,DROPOUT,T,NORMAL,1.0
2025-01-28T17:00:00Z,42182099999,"SAFDARJUNG, IN",28.584511,77.205783,214.88,11.47,1014.07,89.29,11.47,1014.07,89.29,0,NONE,NONE,NORMAL,0.0
2025-01-28T17:00:00Z,42260099999,"AGRA, IN",27.155831,77.960892,167.94,18.56,1015.8,68.92,18.56,1015.8,68.92,0,NONE,NONE,NORMAL,0.0
2025-01-28T18:00:00Z,42139099999,"MEERUT, IN",29.0166666,77.7166667,222.0,15.6,1013.42,68.55,15.6,1013.42,68.55,0,NONE,NONE,NORMAL,0.0
2025-01-28T18:00:00Z,42170099999,"CHURU, IN",28.25,74.9166666,291.0,12.0,1013.5,58.02,-999.0,1013.5,58.02,1,DROPOUT,T,NORMAL,1.0
2025-01-28T18:00:00Z,42182099999,"SAFDARJUNG, IN",28.584511,77.205783,214.88,10.6,1014.5,92.28,10.6,1014.5,92.28,0,NONE,NONE,NORMAL,0.0
2025-01-28T18:00:00Z,42260099999,"AGRA, IN",27.155831,77.960892,167.94,18.58,1015.79,68.86,18.58,1015.79,68.86,0,NONE,NONE,NORMAL,0.0
2025-01-28T19:00:00Z,42139099999,"MEERUT, IN",29.0166666,77.7166667,222.0,14.87,1013.84,71.41,14.87,1013.84,71.41,0,NONE,NONE,NORMAL,0.0
2025-01-28T19:00:00Z,42170099999,"CHURU, IN",28.25,74.9166666,291.0,11.33,1013.53,61.64,-999.0,1013.53,61.64,1,DROPOUT,T,NORMAL,1.0
2025-01-28T19:00:00Z,42182099999,"SAFDARJUNG, IN",28.584511,77.205783,214.88,9.93,1014.6,93.92,9.93,1014.6,93.92,0,NONE,NONE,NORMAL,0.0
2025-01-28T19:00:00Z,42260099999,"AGRA, IN",27.155831,77.960892,167.94,18.6,1015.78,68.79,18.6,1015.78,68.79,0,NONE,NONE,NORMAL,0.0
2025-01-28T20:00:00Z,42139099999,"MEERUT, IN",29.0166666,77.7166667,222.0,14.13,1014.26,74.41,14.13,1014.26,74.41,0,NONE,NONE,NORMAL,0.0
2025-01-28T20:00:00Z,42170099999,"CHURU, IN",28.25,74.9166666,291.0,10.67,1013.57,65.49,-999.0,1013.57,65.49,1,DROPOUT,T,NORMAL,1.0
2025-01-28T20:00:00Z,42182099999,"SAFDARJUNG, IN",28.584511,77.205783,214.88,9.27,1014.7,95.6,9.27,1014.7,95.6,0,NONE,NONE,NORMAL,0.0
2025-01-28T20:00:00Z,42260099999,"AGRA, IN",27.155831,77.960892,167.94,18.61,1015.77,68.72,18.61,1015.77,68.72,0,NONE,NONE,NORMAL,0.0
2025-01-28T21:00:00Z,42139099999,"MEERUT, IN",29.0166666,77.7166667,222.0,13.4,1014.68,77.56,13.4,1014.68,77.56,0,NONE,NONE,NORMAL,0.0
2025-01-28T21:00:00Z,42170099999,"CHURU, IN",28.25,74.9166666,291.0,10.0,1013.6,69.6,10.0,1013.6,69.6,0,NONE,NONE,NORMAL,0.0
2025-01-28T21:00:00Z,42182099999,"SAFDARJUNG, IN",28.584511,77.205783,214.88,8.6,1014.8,97.32,8.6,1014.8,97.32,0,NONE,NONE,NORMAL,0.0
2025-01-28T21:00:00Z,42260099999,"AGRA, IN",27.155831,77.960892,167.94,18.63,1015.77,68.66,18.63,1015.77,68.66,0,NONE,NONE,NORMAL,0.0
2025-01-28T22:00:00Z,42139099999,"MEERUT, IN",29.0166666,77.7166667,222.0,12.67,1015.1,80.86,12.67,1015.1,80.86,0,NONE,NONE,NORMAL,0.0
2025-01-28T22:00:00Z,42170099999,"CHURU, IN",28.25,74.9166666,291.0,9.47,1013.73,71.46,9.47,1013.73,71.46,0,NONE,NONE,NORMAL,0.0
2025-01-28T22:00:00Z,42182099999,"SAFDARJUNG, IN",28.584511,77.205783,214.88,8.27,1014.87,98.2,8.27,1014.87,98.2,0,NONE,NONE,NORMAL,0.0
2025-01-28T22:00:00Z,42260099999,"AGRA, IN",27.155831,77.960892,167.94,18.65,1015.76,68.59,18.65,1015.76,68.59,0,NONE,NONE,NORMAL,0.0
2025-01-28T23:00:00Z,42139099999,"MEERUT, IN",29.0166666,77.7166667,222.0,11.93,1015.52,84.32,11.93,1015.52,84.32,0,NONE,NONE,NORMAL,0.0
2025-01-28T23:00:00Z,42170099999,"CHURU, IN",28.25,74.9166666,291.0,8.93,1013.87,73.39,8.93,1013.87,73.39,0,NONE,NONE,NORMAL,0.0
2025-01-28T23:00:00Z,42182099999,"SAFDARJUNG, IN",28.584511,77.205783,214.88,7.93,1014.93,99.1,7.93,1014.93,99.1,0,NONE,NONE,NORMAL,0.0
2025-01-28T23:00:00Z,42260099999,"AGRA, IN",27.155831,77.960892,167.94,18.66,1015.75,68.53,18.66,1015.75,68.53,0,NONE,NONE,NORMAL,0.0
2025-01-29T00:00:00Z,42139099999,"MEERUT, IN",29.0166666,77.7166667,222.0,11.2,1015.94,87.96,11.2,1015.94,87.96,0,NONE,NONE,NORMAL,0.0
2025-01-29T00:00:00Z,42170099999,"CHURU, IN",28.25,74.9166666,291.0,8.4,1014.0,75.38,8.4,1014.0,75.38,0,NONE,NONE,NORMAL,0.0
2025-01-29T00:00:00Z,42182099999,"SAFDARJUNG, IN",28.584511,77.205783,214.88,7.6,1015.0,100.0,7.6,1015.0,100.0,0,NONE,NONE,NORMAL,0.0
2025-01-29T00:00:00Z,42260099999,"AGRA, IN",27.155831,77.960892,167.94,18.68,1015.74,68.46,18.68,1015.74,68.46,0,NONE,NONE,NORMAL,0.0
2025-01-29T01:00:00Z,42139099999,"MEERUT, IN",29.0166666,77.7166667,222.0,10.47,1016.36,91.78,10.47,1016.36,91.78,0,NONE,NONE,NORMAL,0.0
2025-01-29T01:00:00Z,42170099999,"CHURU, IN",28.25,74.9166666,291.0,9.27,1014.5,69.45,9.27,1014.5,69.45,0,NONE,NONE,NORMAL,0.0
2025-01-29T01:00:00Z,42182099999,"SAFDARJUNG, IN",28.584511,77.205783,214.88,7.8,1015.63,100.0,7.8,1015.63,100.0,0,NONE,NONE,NORMAL,0.0
2025-01-29T01:00:00Z,42260099999,"AGRA, IN",27.155831,77.960892,167.94,18.7,1015.73,68.39,18.7,1015.73,68.39,0,NONE,NONE,NORMAL,0.0
2025-01-29T02:00:00Z,42139099999,"MEERUT, IN",29.0166666,77.7166667,222.0,9.73,1016.78,95.79,9.73,1016.78,95.79,0,NONE,NONE,NORMAL,0.0
2025-01-29T02:00:00Z,42170099999,"CHURU, IN",28.25,74.9166666,291.0,10.13,1015.0,64.01,10.13,1015.0,64.01,0,NONE,NONE,NORMAL,0.0
2025-01-29T02:00:00Z,42182099999,"SAFDARJUNG, IN",28.584511,77.205783,214.88,8.0,1016.27,100.0,8.0,1016.27,100.0,0,NONE,NONE,NORMAL,0.0
2025-01-29T02:00:00Z,42260099999,"AGRA, IN",27.155831,77.960892,167.94,18.72,1015.72,68.33,18.72,1015.72,68.33,0,NONE,NONE,NORMAL,0.0
2025-01-29T03:00:00Z,42139099999,"MEERUT, IN",29.0166666,77.7166667,222.0,9.0,1017.2,100.0,9.0,1017.2,100.0,0,NONE,NONE,NORMAL,0.0
2025-01-29T03:00:00Z,42170099999,"CHURU, IN",28.25,74.9166666,291.0,11.0,1015.5,59.01,11.0,1015.5,59.01,0,NONE,NONE,NORMAL,0.0
2025-01-29T03:00:00Z,42182099999,"SAFDARJUNG, IN",28.584511,77.205783,214.88,8.2,1016.9,100.0,8.2,1016.9,100.0,0,NONE,NONE,NORMAL,0.0
2025-01-29T03:00:00Z,42260099999,"AGRA, IN",27.155831,77.960892,167.94,18.73,1015.71,68.26,18.73,1015.71,68.26,0,NONE,NONE,NORMAL,0.0
2025-01-29T04:00:00Z,42139099999,"MEERUT, IN",29.0166666,77.7166667,222.0,11.67,1017.37,90.11,11.67,1017.37,90.11,0,NONE,NONE,NORMAL,0.0
2025-01-29T04:00:00Z,42170099999,"CHURU, IN",28.25,74.9166666,291.0,15.33,1015.23,48.15,15.33,1015.23,48.15,0,NONE,NONE,NORMAL,0.0
2025-01-29T04:00:00Z,42182099999,"SAFDARJUNG, IN",28.584511,77.205783,214.88,12.53,1016.73,81.57,12.53,1016.73,81.57,0,NONE,NONE,NORMAL,0.0
2025-01-29T04:00:00Z,42260099999,"AGRA, IN",27.155831,77.960892,167.94,18.75,1015.71,68.2,18.75,1015.71,68.2,0,NONE,NONE,NORMAL,0.0
2025-01-29T05:00:00Z,42139099999,"MEERUT, IN",29.0166666,77.7166667,222.0,14.33,1017.53,81.44,14.33,1017.53,81.44,0,NONE,NONE,NORMAL,0.0
2025-01-29T05:00:00Z,42170099999,"CHURU, IN",28.25,74.9166666,291.0,19.67,1014.97,39.63,19.67,1014.97,39.63,0,NONE,NONE,NORMAL,0.0
2025-01-29T05:00:00Z,42182099999,"SAFDARJUNG, IN",28.584511,77.205783,214.88,16.87,1016.57,67.12,16.87,1016.57,67.12,0,NONE,NONE,NORMAL,0.0
2025-01-29T05:00:00Z,42260099999,"AGRA, IN",27.155831,77.960892,167.94,18.77,1015.7,68.13,18.77,1015.7,68.13,0,NONE,NONE,NORMAL,0.0
2025-01-29T06:00:00Z,42139099999,"MEERUT, IN",29.0166666,77.7166667,222.0,17.0,1017.7,73.82,17.0,1017.7,73.82,0,NONE,NONE,NORMAL,0.0
2025-01-29T06:00:00Z,42170099999,"CHURU, IN",28.25,74.9166666,291.0,24.0,1014.7,32.88,24.0,1014.7,32.88,0,NONE,NONE,NORMAL,0.0
2025-01-29T06:00:00Z,42182099999,"SAFDARJUNG, IN",28.584511,77.205783,214.88,21.2,1016.4,55.69,21.2,1016.4,55.69,0,NONE,NONE,NORMAL,0.0
2025-01-29T06:00:00Z,42260099999,"AGRA, IN",27.155831,77.960892,167.94,18.78,1015.69,68.07,18.78,1015.69,68.07,0,NONE,NONE,NORMAL,0.0
2025-01-29T07:00:00Z,42139099999,"MEERUT, IN",29.0166666,77.7166667,222.0,18.73,1016.4,65.04,18.73,1016.4,65.04,0,NONE,NONE,NORMAL,0.0
2025-01-29T07:00:00Z,42170099999,"CHURU, IN",28.25,74.9166666,291.0,25.47,1013.37,30.05,25.47,1013.37,30.05,0,NONE,NONE,NORMAL,0.0
2025-01-29T07:00:00Z,42182099999,"SAFDARJUNG, IN",28.584511,77.205783,214.88,22.47,1015.27,50.09,22.47,1015.27,50.09,0,NONE,NONE,NORMAL,0.0
2025-01-29T07:00:00Z,42260099999,"AGRA, IN",27.155831,77.960892,167.94,18.8,1015.68,68.0,18.8,1015.68,68.0,0,NONE,NONE,NORMAL,0.0
2025-01-29T08:00:00Z,42139099999,"MEERUT, IN",29.0166666,77.7166667,222.0,20.47,1015.1,57.38,20.47,1015.1,57.38,0,NONE,NONE,NORMAL,0.0
2025-01-29T08:00:00Z,42170099999,"CHURU, IN",28.25,74.9166666,291.0,26.93,1012.03,27.49,26.93,1012.03,27.49,0,NONE,NONE,NORMAL,0.0
2025-01-29T08:00:00Z,42182099999,"SAFDARJUNG, IN",28.584511,77.205783,214.88,23.73,1014.13,45.08,23.73,1014.13,45.08,0,NONE,NONE,NORMAL,0.0
2025-01-29T08:00:00Z,42260099999,"AGRA, IN",27.155831,77.960892,167.94,18.82,1015.67,67.94,18.82,1015.67,67.94,0,NONE,NONE,NORMAL,0.0
2025-01-29T09:00:00Z,42139099999,"MEERUT, IN",29.0166666,77.7166667,222.0,22.2,1013.8,50.69,22.2,1013.8,50.69,0,NONE,NONE,NORMAL,0.0
2025-01-29T09:00:00Z,42170099999,"CHURU, IN",28.25,74.9166666,291.0,28.4,1010.7,25.17,28.4,1010.7,25.17,0,NONE,NONE,NORMAL,0.0
2025-01-29T09:00:00Z,42182099999,"SAFDARJUNG, IN",28.584511,77.205783,214.88,25.0,1013.0,40.6,25.0,1013.0,40.6,0,NONE,NONE,NORMAL,0.0
2025-01-29T09:00:00Z,42260099999,"AGRA, IN",27.155831,77.960892,167.94,18.84,1015.66,67.87,18.84,1015.66,67.87,0,NONE,NONE,NORMAL,0.0
2025-01-29T10:00:00Z,42139099999,"MEERUT, IN",29.0166666,77.7166667,222.0,21.4,1013.43,56.11,21.4,1013.43,56.11,0,NONE,NONE,NORMAL,0.0
2025-01-29T10:00:00Z,42170099999,"CHURU, IN",28.25,74.9166666,291.0,27.67,1010.27,25.74,27.67,1010.27,25.74,0,NONE,NONE,NORMAL,0.0
2025-01-29T10:00:00Z,42182099999,"SAFDARJUNG, IN",28.584511,77.205783,214.88,24.07,1012.63,46.59,24.07,1012.63,46.59,0,NONE,NONE,NORMAL,0.0
2025-01-29T10:00:00Z,42260099999,"AGRA, IN",27.155831,77.960892,167.94,18.85,1015.65,67.81,18.85,1015.65,67.81,0,NONE,NONE,NORMAL,0.0
2025-01-29T11:00:00Z,42139099999,"MEERUT, IN",29.0166666,77.7166667,222.0,20.6,1013.07,62.12,20.6,1013.07,62.12,0,NONE,NONE,NORMAL,0.0
2025-01-29T11:00:00Z,42170099999,"CHURU, IN",28.25,74.9166666,291.0,26.93,1009.83,26.32,26.93,1009.83,26.32,0,NONE,NONE,NORMAL,0.0
2025-01-29T11:00:00Z,42182099999,"SAFDARJUNG, IN",28.584511,77.205783,214.88,23.13,1012.27,53.44,23.13,1012.27,53.44,0,NONE,NONE,NORMAL,0.0
2025-01-29T11:00:00Z,42260099999,"AGRA, IN",27.155831,77.960892,167.94,18.87,1015.65,67.74,18.87,1015.65,67.74,0,NONE,NONE,NORMAL,0.0
2025-01-29T12:00:00Z,42139099999,"MEERUT, IN",29.0166666,77.7166667,222.0,19.8,1012.7,68.76,19.8,1012.7,68.76,0,NONE,NONE,NORMAL,0.0
2025-01-29T12:00:00Z,42170099999,"CHURU, IN",28.25,74.9166666,291.0,26.2,1009.4,26.92,26.2,1009.4,26.92,0,NONE,NONE,NORMAL,0.0
2025-01-29T12:00:00Z,42182099999,"SAFDARJUNG, IN",28.584511,77.205783,214.88,22.2,1011.9,61.28,22.2,1011.9,61.28,0,NONE,NONE,NORMAL,0.0
2025-01-29T12:00:00Z,42260099999,"AGRA, IN",27.155831,77.960892,167.94,18.89,1015.64,67.68,18.89,1015.64,67.68,0,NONE,NONE,NORMAL,0.0
2025-01-29T13:00:00Z,42139099999,"MEERUT, IN",29.0166666,77.7166667,222.0,19.13,1012.77,70.04,19.13,1012.77,70.04,0,NONE,NONE,NORMAL,0.0
2025-01-29T13:00:00Z,42170099999,"CHURU, IN",28.25,74.9166666,291.0,23.8,1010.07,33.98,23.8,1010.07,33.98,0,NONE,NONE,NORMAL,0.0
2025-01-29T13:00:00Z,42182099999,"SAFDARJUNG, IN",28.584511,77.205783,214.88,19.93,1012.47,68.19,19.93,1012.47,68.19,0,NONE,NONE,NORMAL,0.0
2025-01-29T13:00:00Z,42260099999,"AGRA, IN",27.155831,77.960892,167.94,18.9,1015.63,67.61,18.9,1015.63,67.61,0,NONE,NONE,NORMAL,0.0
2025-01-29T14:00:00Z,42139099999,"MEERUT, IN",29.0166666,77.7166667,222.0,18.47,1012.85,71.36,18.47,1012.85,71.36,0,NONE,NONE,NORMAL,0.0
2025-01-29T14:00:00Z,42170099999,"CHURU, IN",28.25,74.9166666,291.0,21.4,1010.73,42.95,21.4,1010.73,42.95,0,NONE,NONE,NORMAL,0.0
2025-01-29T14:00:00Z,42182099999,"SAFDARJUNG, IN",28.584511,77.205783,214.88,17.67,1013.03,76.06,17.67,1013.03,76.06,0,NONE,NONE,NORMAL,0.0
2025-01-29T14:00:00Z,42260099999,"AGRA, IN",27.155831,77.960892,167.94,18.92,1015.62,67.55,18.92,1015.62,67.55,0,NONE,NONE,NORMAL,0.0
2025-01-29T15:00:00Z,42139099999,"MEERUT, IN",29.0166666,77.7166667,222.0,17.8,1012.92,72.72,17.8,1012.92,72.72,0,NONE,NONE,NORMAL,0.0
2025-01-29T15:00:00Z,42170099999,"CHURU, IN",28.25,74.9166666,291.0,19.0,1011.4,54.4,19.0,1011.4,54.4,0,NONE,NONE,NORMAL,0.0
2025-01-29T15:00:00Z,42182099999,"SAFDARJUNG, IN",28.584511,77.205783,214.88,15.4,1013.6,85.04,15.4,1013.6,85.04,0,NONE,NONE,NORMAL,0.0
2025-01-29T15:00:00Z,42260099999,"AGRA, IN",27.155831,77.960892,167.94,18.94,1015.61,67.48,18.94,1015.61,67.48,0,NONE,NONE,NORMAL,0.0
2025-01-29T16:00:00Z,42139099999,"MEERUT, IN",29.0166666,77.7166667,222.0,17.13,1012.99,74.11,17.13,1012.99,74.11,0,NONE,NONE,NORMAL,0.0
2025-01-29T16:00:00Z,42170099999,"CHURU, IN",28.25,74.9166666,291.0,17.67,1011.7,59.68,17.67,1011.7,59.68,0,NONE,NONE,NORMAL,0.0
2025-01-29T16:00:00Z,42182099999,"SAFDARJUNG, IN",28.584511,77.205783,214.88,14.8,1013.7,86.1,14.8,1013.7,86.1,0,NONE,NONE,NORMAL,0.0
2025-01-29T16:00:00Z,42260099999,"AGRA, IN",27.155831,77.960892,167.94,18.96,1015.6,67.42,18.96,1015.6,67.42,0,NONE,NONE,NORMAL,0.0
2025-01-29T17:00:00Z,42139099999,"MEERUT, IN",29.0166666,77.7166667,222.0,16.47,1013.07,75.54,16.47,1013.07,75.54,0,NONE,NONE,NORMAL,0.0
2025-01-29T17:00:00Z,42170099999,"CHURU, IN",28.25,74.9166666,291.0,16.33,1012.0,65.53,16.33,1012.0,65.53,0,NONE,NONE,NORMAL,0.0
2025-01-29T17:00:00Z,42182099999,"SAFDARJUNG, IN",28.584511,77.205783,214.88,14.2,1013.8,87.18,14.2,1013.8,87.18,0,NONE,NONE,NORMAL,0.0
2025-01-29T17:00:00Z,42260099999,"AGRA, IN",27.155831,77.960892,167.94,18.97,1015.6,67.35,18.97,1015.6,67.35,0,NONE,NONE,NORMAL,0.0
2025-01-29T18:00:00Z,42139099999,"MEERUT, IN",29.0166666,77.7166667,222.0,15.8,1013.14,77.0,15.8,1013.14,77.0,0,NONE,NONE,NORMAL,0.0
2025-01-29T18:00:00Z,42170099999,"CHURU, IN",28.25,74.9166666,291.0,15.0,1012.3,72.01,15.0,1012.3,72.01,0,NONE,NONE,NORMAL,0.0
2025-01-29T18:00:00Z,42182099999,"SAFDARJUNG, IN",28.584511,77.205783,214.88,13.6,1013.9,88.29,13.6,1013.9,88.29,0,NONE,NONE,NORMAL,0.0
2025-01-29T18:00:00Z,42260099999,"AGRA, IN",27.155831,77.960892,167.94,18.99,1015.59,67.29,18.99,1015.59,67.29,0,NONE,NONE,NORMAL,0.0
2025-01-29T19:00:00Z,42139099999,"MEERUT, IN",29.0166666,77.7166667,222.0,15.13,1013.21,78.51,15.13,1013.21,78.51,0,NONE,NONE,NORMAL,0.0
2025-01-29T19:00:00Z,42170099999,"CHURU, IN",28.25,74.9166666,291.0,14.33,1011.83,71.41,14.33,1011.83,71.41,0,NONE,NONE,NORMAL,0.0
2025-01-29T19:00:00Z,42182099999,"SAFDARJUNG, IN",28.584511,77.205783,214.88,12.8,1013.5,90.39,12.8,1013.5,100.0,1,SPIKE,RH,NORMAL,0.75
2025-01-29T19:00:00Z,42260099999,"AGRA, IN",27.155831,77.960892,167.94,19.01,1015.58,67.23,19.01,1015.58,67.23,0,NONE,NONE,NORMAL,0.0
2025-01-29T20:00:00Z,42139099999,"MEERUT, IN",29.0166666,77.7166667,222.0,14.47,1013.29,80.07,14.47,1013.29,80.07,0,NONE,NONE,NORMAL,0.0
2025-01-29T20:00:00Z,42170099999,"CHURU, IN",28.25,74.9166666,291.0,13.67,1011.37,70.8,13.67,1011.37,70.8,0,NONE,NONE,NORMAL,0.0
2025-01-29T20:00:00Z,42182099999,"SAFDARJUNG, IN",28.584511,77.205783,214.88,12.0,1013.1,92.57,12.0,1013.1,100.0,1,SPIKE,RH,NORMAL,0.75
2025-01-29T20:00:00Z,42260099999,"AGRA, IN",27.155831,77.960892,167.94,19.02,1015.57,67.16,19.02,1015.57,67.16,0,NONE,NONE,NORMAL,0.0
2025-01-29T21:00:00Z,42139099999,"MEERUT, IN",29.0166666,77.7166667,222.0,13.8,1013.36,81.66,13.8,1013.36,81.66,0,NONE,NONE,NORMAL,0.0
2025-01-29T21:00:00Z,42170099999,"CHURU, IN",28.25,74.9166666,291.0,13.0,1010.9,70.19,13.0,1010.9,70.19,0,NONE,NONE,NORMAL,0.0
2025-01-29T21:00:00Z,42182099999,"SAFDARJUNG, IN",28.584511,77.205783,214.88,11.2,1012.7,94.82,11.2,1012.7,94.82,0,NONE,NONE,NORMAL,0.0
2025-01-29T21:00:00Z,42260099999,"AGRA, IN",27.155831,77.960892,167.94,19.04,1015.56,67.1,19.04,1015.56,67.1,0,NONE,NONE,NORMAL,0.0
2025-01-29T22:00:00Z,42139099999,"MEERUT, IN",29.0166666,77.7166667,222.0,13.13,1013.43,83.3,13.13,1013.43,83.3,0,NONE,NONE,NORMAL,0.0
2025-01-29T22:00:00Z,42170099999,"CHURU, IN",28.25,74.9166666,291.0,12.53,1010.7,74.88,12.53,1010.7,74.88,0,NONE,NONE,NORMAL,0.0
2025-01-29T22:00:00Z,42182099999,"SAFDARJUNG, IN",28.584511,77.205783,214.88,10.93,1012.43,95.65,10.93,1012.43,95.65,0,NONE,NONE,NORMAL,0.0
2025-01-29T22:00:00Z,42260099999,"AGRA, IN",27.155831,77.960892,167.94,19.06,1015.55,67.03,19.06,1015.55,67.03,0,NONE,NONE,NORMAL,0.0
2025-01-29T23:00:00Z,42139099999,"MEERUT, IN",29.0166666,77.7166667,222.0,12.47,1013.51,84.99,12.47,1013.51,84.99,0,NONE,NONE,NORMAL,0.0
2025-01-29T23:00:00Z,42170099999,"CHURU, IN",28.25,74.9166666,291.0,12.07,1010.5,79.87,12.07,1010.5,79.87,0,NONE,NONE,NORMAL,0.0
2025-01-29T23:00:00Z,42182099999,"SAFDARJUNG, IN",28.584511,77.205783,214.88,10.67,1012.17,96.5,10.67,1012.17,96.5,0,NONE,NONE,NORMAL,0.0
2025-01-29T23:00:00Z,42260099999,"AGRA, IN",27.155831,77.960892,167.94,19.08,1015.54,66.97,19.08,1015.54,66.97,0,NONE,NONE,NORMAL,0.0
2025-01-30T00:00:00Z,42139099999,"MEERUT, IN",29.0166666,77.7166667,222.0,11.8,1013.58,86.72,11.8,1013.58,86.72,0,NONE,NONE,NORMAL,0.0
2025-01-30T00:00:00Z,42170099999,"CHURU, IN",28.25,74.9166666,291.0,11.6,1010.3,85.2,11.6,1010.3,85.2,0,NONE,NONE,NORMAL,0.0
2025-01-30T00:00:00Z,42182099999,"SAFDARJUNG, IN",28.584511,77.205783,214.88,10.4,1011.9,97.36,10.4,1011.9,97.36,0,NONE,NONE,NORMAL,0.0
2025-01-30T00:00:00Z,42260099999,"AGRA, IN",27.155831,77.960892,167.94,19.09,1015.54,66.9,19.09,1015.54,66.9,0,NONE,NONE,NORMAL,0.0
2025-01-30T01:00:00Z,42139099999,"MEERUT, IN",29.0166666,77.7166667,222.0,11.13,1013.65,88.51,11.13,1013.65,88.51,0,NONE,NONE,NORMAL,0.0
2025-01-30T01:00:00Z,42170099999,"CHURU, IN",28.25,74.9166666,291.0,11.93,1010.8,84.66,11.93,1010.8,84.66,0,NONE,NONE,NORMAL,0.0
2025-01-30T01:00:00Z,42182099999,"SAFDARJUNG, IN",28.584511,77.205783,214.88,10.53,1012.47,97.36,10.53,1012.47,97.36,0,NONE,NONE,NORMAL,0.0
2025-01-30T01:00:00Z,42260099999,"AGRA, IN",27.155831,77.960892,167.94,19.11,1015.53,66.84,19.11,1015.53,66.84,0,NONE,NONE,NORMAL,0.0
2025-01-30T02:00:00Z,42139099999,"MEERUT, IN",29.0166666,77.7166667,222.0,10.47,1013.73,90.34,10.47,1013.73,90.34,0,NONE,NONE,NORMAL,0.0
2025-01-30T02:00:00Z,42170099999,"CHURU, IN",28.25,74.9166666,291.0,12.27,1011.3,84.13,12.27,1011.3,84.13,0,NONE,NONE,NORMAL,0.0
2025-01-30T02:00:00Z,42182099999,"SAFDARJUNG, IN",28.584511,77.205783,214.88,10.67,1013.03,97.37,10.67,1013.03,97.37,0,NONE,NONE,NORMAL,0.0
2025-01-30T02:00:00Z,42260099999,"AGRA, IN",27.155831,77.960892,167.94,19.13,1015.52,66.78,19.13,1015.52,66.78,0,NONE,NONE,NORMAL,0.0
2025-01-30T03:00:00Z,42139099999,"MEERUT, IN",29.0166666,77.7166667,222.0,9.8,1013.8,92.23,9.8,1013.8,92.23,0,NONE,NONE,NORMAL,0.0
2025-01-30T03:00:00Z,42170099999,"CHURU, IN",28.25,74.9166666,291.0,12.6,1011.8,83.61,12.6,1011.8,83.61,0,NONE,NONE,NORMAL,0.0
2025-01-30T03:00:00Z,42182099999,"SAFDARJUNG, IN",28.584511,77.205783,214.88,10.8,1013.6,97.37,10.8,1013.6,97.37,0,NONE,NONE,NORMAL,0.0
2025-01-30T03:00:00Z,42260099999,"AGRA, IN",27.155831,77.960892,167.94,19.14,1015.51,66.71,19.14,1015.51,66.71,0,NONE,NONE,NORMAL,0.0
2025-01-30T04:00:00Z,42139099999,"MEERUT, IN",29.0166666,77.7166667,222.0,13.2,1013.63,80.57,13.2,1013.63,80.57,0,NONE,NONE,NORMAL,0.0
2025-01-30T04:00:00Z,42170099999,"CHURU, IN",28.25,74.9166666,291.0,15.8,1011.7,61.56,15.8,1011.7,61.56,0,NONE,NONE,NORMAL,0.0
2025-01-30T04:00:00Z,42182099999,"SAFDARJUNG, IN",28.584511,77.205783,214.88,14.2,1013.3,80.88,14.2,1013.3,80.88,0,NONE,NONE,NORMAL,0.0
2025-01-30T04:00:00Z,42260099999,"AGRA, IN",27.155831,77.960892,167.94,19.16,1015.5,66.65,19.16,1015.5,66.65,0,NONE,NONE,NORMAL,0.0
2025-01-30T05:00:00Z,42139099999,"MEERUT, IN",29.0166666,77.7166667,222.0,16.6,1013.47,70.73,16.6,1013.47,70.73,0,NONE,NONE,NORMAL,0.0
2025-01-30T05:00:00Z,42170099999,"CHURU, IN",28.25,74.9166666,291.0,19.0,1011.6,45.5,19.0,1011.6,45.5,0,NONE,NONE,NORMAL,0.0
2025-01-30T05:00:00Z,42182099999,"SAFDARJUNG, IN",28.584511,77.205783,214.88,17.6,1013.0,67.57,17.6,1013.0,67.57,0,NONE,NONE,NORMAL,0.0
2025-01-30T05:00:00Z,42260099999,"AGRA, IN",27.155831,77.960892,167.94,19.18,1015.49,66.59,19.18,1015.49,66.59,0,NONE,NONE,NORMAL,0.0
2025-01-30T06:00:00Z,42139099999,"MEERUT, IN",29.0166666,77.7166667,222.0,20.0,1013.3,62.39,20.0,1013.3,62.39,0,NONE,NONE,NORMAL,0.0
2025-01-30T06:00:00Z,42170099999,"CHURU, IN",28.25,74.9166666,291.0,22.2,1011.5,33.75,22.2,1011.5,33.75,0,NONE,NONE,NORMAL,0.0
2025-01-30T06:00:00Z,42182099999,"SAFDARJUNG, IN",28.584511,77.205783,214.88,21.0,1012.7,56.76,21.0,1012.7,56.76,0,NONE,NONE,NORMAL,0.0
2025-01-30T06:00:00Z,42260099999,"AGRA, IN",27.155831,77.960892,167.94,19.2,1015.48,66.52,19.2,1015.48,66.52,0,NONE,NONE,NORMAL,0.0
2025-01-30T07:00:00Z,42139099999,"MEERUT, IN",29.0166666,77.7166667,222.0,21.47,1011.97,55.39,21.47,1011.97,55.39,0,NONE,NONE,NORMAL,0.0
2025-01-30T07:00:00Z,42170099999,"CHURU, IN",28.25,74.9166666,291.0,23.6,1010.43,31.44,23.6,1010.43,31.44,0,NONE,NONE,NORMAL,0.0
2025-01-30T07:00:00Z,42182099999,"SAFDARJUNG, IN",28.584511,77.205783,214.88,22.67,1011.4,52.86,22.67,1011.4,52.86,0,NONE,NONE,NORMAL,0.0
2025-01-30T07:00:00Z,42260099999,"AGRA, IN",27.155831,77.960892,167.94,19.21,1015.48,66.46,19.21,1015.48,66.46,0,NONE,NONE,NORMAL,0.0
2025-01-30T08:00:00Z,42139099999,"MEERUT, IN",29.0166666,77.7166667,222.0,22.93,1010.63,49.23,22.93,1010.63,49.23,0,NONE,NONE,NORMAL,0.0
2025-01-30T08:00:00Z,42170099999,"CHURU, IN",28.25,74.9166666,291.0,25.0,1009.37,29.31,25.0,1009.37,29.31,0,NONE,NONE,NORMAL,0.0
2025-01-30T08:00:00Z,42182099999,"SAFDARJUNG, IN",28.584511,77.205783,214.88,24.33,1010.1,49.28,24.33,1010.1,49.28,0,NONE,NONE,NORMAL,0.0
2025-01-30T08:00:00Z,42260099999,"AGRA, IN",27.155831,77.960892,167.94,19.23,1015.47,66.39,19.23,1015.47,66.39,0,NONE,NONE,NORMAL,0.0
2025-01-30T09:00:00Z,42139099999,"MEERUT, IN",29.0166666,77.7166667,222.0,24.4,1009.3,43.79,24.4,1009.3,43.79,0,NONE,NONE,NORMAL,0.0
2025-01-30T09:00:00Z,42170099999,"CHURU, IN",28.25,74.9166666,291.0,26.4,1008.3,27.35,26.4,1008.3,27.35,0,NONE,NONE,NORMAL,0.0
2025-01-30T09:00:00Z,42182099999,"SAFDARJUNG, IN",28.584511,77.205783,214.88,26.0,1008.8,46.0,26.0,1008.8,46.0,0,NONE,NONE,NORMAL,0.0
2025-01-30T09:00:00Z,42260099999,"AGRA, IN",27.155831,77.960892,167.94,19.25,1015.46,66.33,19.25,1015.46,66.33,0,NONE,NONE,NORMAL,0.0
2025-01-30T10:00:00Z,42139099999,"MEERUT, IN",29.0166666,77.7166667,222.0,23.4,1009.03,50.01,23.4,1009.03,50.01,0,NONE,NONE,NORMAL,0.0
2025-01-30T10:00:00Z,42170099999,"CHURU, IN",28.25,74.9166666,291.0,25.4,1008.23,30.59,25.4,1008.23,30.59,0,NONE,NONE,NORMAL,0.0
2025-01-30T10:00:00Z,42182099999,"SAFDARJUNG, IN",28.584511,77.205783,214.88,24.93,1008.57,51.63,24.93,1008.57,51.63,0,NONE,NONE,NORMAL,0.0
2025-01-30T10:00:00Z,42260099999,"AGRA, IN",27.155831,77.960892,167.94,19.26,1015.45,66.27,19.26,1015.45,66.27,0,NONE,NONE,NORMAL,0.0
2025-01-30T11:00:00Z,42139099999,"MEERUT, IN",29.0166666,77.7166667,222.0,22.4,1008.77,57.1,22.4,1008.77,57.1,0,NONE,NONE,NORMAL,0.0
2025-01-30T11:00:00Z,42170099999,"CHURU, IN",28.25,74.9166666,291.0,24.4,1008.17,34.22,24.4,1008.17,34.22,0,NONE,NONE,NORMAL,0.0
2025-01-30T11:00:00Z,42182099999,"SAFDARJUNG, IN",28.584511,77.205783,214.88,23.87,1008.33,57.95,23.87,1008.33,57.95,0,NONE,NONE,NORMAL,0.0
2025-01-30T11:00:00Z,42260099999,"AGRA, IN",27.155831,77.960892,167.94,19.28,1015.44,66.2,19.28,1015.44,66.2,0,NONE,NONE,NORMAL,0.0
2025-01-30T12:00:00Z,42139099999,"MEERUT, IN",29.0166666,77.7166667,222.0,21.4,1008.5,65.19,21.4,1008.5,65.19,0,NONE,NONE,NORMAL,0.0
2025-01-30T12:00:00Z,42170099999,"CHURU, IN",28.25,74.9166666,291.0,23.4,1008.1,38.29,23.4,1008.1,38.29,0,NONE,NONE,NORMAL,0.0
2025-01-30T12:00:00Z,42182099999,"SAFDARJUNG, IN",28.584511,77.205783,214.88,22.8,1008.1,65.07,22.8,1008.1,65.07,0,NONE,NONE,NORMAL,0.0
2025-01-30T12:00:00Z,42260099999,"AGRA, IN",27.155831,77.960892,167.94,19.3,1015.43,66.14,19.3,1015.43,66.14,0,NONE,NONE,NORMAL,0.0
2025-01-30T13:00:00Z,42139099999,"MEERUT, IN",29.0166666,77.7166667,222.0,20.69,1008.75,66.74,20.69,1008.75,66.74,0,NONE,NONE,NORMAL,0.0
2025-01-30T13:00:00Z,42170099999,"CHURU, IN",28.25,74.9166666,291.0,21.4,1008.8,45.55,21.4,1008.8,45.55,0,NONE,NONE,NORMAL,0.0
2025-01-30T13:00:00Z,42182099999,"SAFDARJUNG, IN",28.584511,77.205783,214.88,20.6,1008.63,71.63,20.6,1008.63,71.63,0,NONE,NONE,NORMAL,0.0
2025-01-30T13:00:00Z,42260099999,"AGRA, IN",27.155831,77.960892,167.94,19.32,1015.43,66.08,19.32,1015.43,66.08,0,NONE,NONE,NORMAL,0.0
2025-01-30T14:00:00Z,42139099999,"MEERUT, IN",29.0166666,77.7166667,222.0,19.99,1008.99,68.35,19.99,1008.99,68.35,0,NONE,NONE,NORMAL,0.0
2025-01-30T14:00:00Z,42170099999,"CHURU, IN",28.25,74.9166666,291.0,19.4,1009.5,54.26,19.4,1009.5,54.26,0,NONE,NONE,NORMAL,0.0
2025-01-30T14:00:00Z,42182099999,"SAFDARJUNG, IN",28.584511,77.205783,214.88,18.4,1009.17,79.02,18.4,1009.17,79.02,0,NONE,NONE,NORMAL,0.0
2025-01-30T14:00:00Z,42260099999,"AGRA, IN",27.155831,77.960892,167.94,19.33,1015.42,66.02,19.33,1015.42,66.02,0,NONE,NONE,NORMAL,0.0
2025-01-30T15:00:00Z,42139099999,"MEERUT, IN",29.0166666,77.7166667,222.0,19.28,1009.24,70.01,19.28,1009.24,70.01,0,NONE,NONE,NORMAL,0.0
2025-01-30T15:00:00Z,42170099999,"CHURU, IN",28.25,74.9166666,291.0,17.4,1010.2,64.75,17.4,1010.2,64.75,0,NONE,NONE,NORMAL,0.0
2025-01-30T15:00:00Z,42182099999,"SAFDARJUNG, IN",28.584511,77.205783,214.88,16.2,1009.7,87.37,16.2,1009.7,87.37,0,NONE,NONE,NORMAL,0.0
2025-01-30T15:00:00Z,42260099999,"AGRA, IN",27.155831,77.960892,167.94,19.35,1015.41,65.95,19.35,1015.41,65.95,0,NONE,NONE,NORMAL,0.0
2025-01-30T16:00:00Z,42139099999,"MEERUT, IN",29.0166666,77.7166667,222.0,18.57,1009.49,71.72,18.57,1009.49,71.72,0,NONE,NONE,NORMAL,0.0
2025-01-30T16:00:00Z,42170099999,"CHURU, IN",28.25,74.9166666,291.0,16.27,1010.53,70.04,16.27,1010.53,70.04,0,NONE,NONE,NORMAL,0.0
2025-01-30T16:00:00Z,42182099999,"SAFDARJUNG, IN",28.584511,77.205783,214.88,15.4,1010.03,90.57,15.4,1010.03,90.57,0,NONE,NONE,NORMAL,0.0
2025-01-30T16:00:00Z,42260099999,"AGRA, IN",27.155831,77.960892,167.94,19.37,1015.4,65.89,19.37,1015.4,65.89,0,NONE,NONE,NORMAL,0.0
2025-01-30T17:00:00Z,42139099999,"MEERUT, IN",29.0166666,77.7166667,222.0,17.87,1009.73,73.49,17.87,1009.73,73.49,0,NONE,NONE,NORMAL,0.0
2025-01-30T17:00:00Z,42170099999,"CHURU, IN",28.25,74.9166666,291.0,15.13,1010.87,75.82,15.13,1010.87,75.82,0,NONE,NONE,NORMAL,0.0
2025-01-30T17:00:00Z,42182099999,"SAFDARJUNG, IN",28.584511,77.205783,214.88,14.6,1010.37,93.93,14.6,1010.37,93.93,0,NONE,NONE,NORMAL,0.0
2025-01-30T17:00:00Z,42260099999,"AGRA, IN",27.155831,77.960892,167.94,19.38,1015.39,65.83,19.38,1015.39,65.83,0,NONE,NONE,NORMAL,0.0
2025-01-30T18:00:00Z,42139099999,"MEERUT, IN",29.0166666,77.7166667,222.0,17.16,1009.98,75.32,17.16,1009.98,75.32,0,NONE,NONE,NORMAL,0.0
2025-01-30T18:00:00Z,42170099999,"CHURU, IN",28.25,74.9166666,291.0,14.0,1011.2,82.12,14.0,1011.2,82.12,0,NONE,NONE,NORMAL,0.0
2025-01-30T18:00:00Z,42182099999,"SAFDARJUNG, IN",28.584511,77.205783,214.88,13.8,1010.7,97.43,13.8,1010.7,97.43,0,NONE,NONE,NORMAL,0.0
2025-01-30T18:00:00Z,42260099999,"AGRA, IN",27.155831,77.960892,167.94,19.4,1015.38,65.76,19.4,1015.38,65.76,0,NONE,NONE,NORMAL,0.0
2025-01-30T19:00:00Z,42139099999,"MEERUT, IN",29.0166666,77.7166667,222.0,16.45,1010.23,77.21,16.45,1010.23,77.21,0,NONE,NONE,NORMAL,0.0
2025-01-30T19:00:00Z,42170099999,"CHURU, IN",28.25,74.9166666,291.0,13.4,1010.87,84.82,13.4,1010.87,84.82,0,NONE,NONE,NORMAL,0.0
2025-01-30T19:00:00Z,42182099999,"SAFDARJUNG, IN",28.584511,77.205783,214.88,13.2,1010.5,97.42,13.2,1010.5,97.42,0,NONE,NONE,NORMAL,0.0
2025-01-30T19:00:00Z,42260099999,"AGRA, IN",27.155831,77.960892,167.94,19.42,1015.37,65.7,19.42,1015.37,65.7,0,NONE,NONE,NORMAL,0.0
2025-01-30T20:00:00Z,42139099999,"MEERUT, IN",29.0166666,77.7166667,222.0,15.75,1010.47,79.16,15.75,1010.47,79.16,0,NONE,NONE,NORMAL,0.0
2025-01-30T20:00:00Z,42170099999,"CHURU, IN",28.25,74.9166666,291.0,12.8,1010.53,87.63,12.8,1010.53,87.63,0,NONE,NONE,NORMAL,0.0
2025-01-30T20:00:00Z,42182099999,"SAFDARJUNG, IN",28.584511,77.205783,214.88,12.6,1010.3,97.41,12.6,1010.3,97.41,0,NONE,NONE,NORMAL,0.0
2025-01-30T20:00:00Z,42260099999,"AGRA, IN",27.155831,77.960892,167.94,19.44,1015.37,65.64,19.44,1015.37,65.64,0,NONE,NONE,NORMAL,0.0
2025-01-30T21:00:00Z,42139099999,"MEERUT, IN",29.0166666,77.7166667,222.0,15.04,1010.72,81.17,15.04,1010.72,81.17,0,NONE,NONE,NORMAL,0.0
2025-01-30T21:00:00Z,42170099999,"CHURU, IN",28.25,74.9166666,291.0,12.2,1010.2,90.55,12.2,1010.2,90.55,0,NONE,NONE,NORMAL,0.0
2025-01-30T21:00:00Z,42182099999,"SAFDARJUNG, IN",28.584511,77.205783,214.88,12.0,1010.1,97.39,12.0,1010.1,97.39,0,NONE,NONE,NORMAL,0.0
2025-01-30T21:00:00Z,42260099999,"AGRA, IN",27.155831,77.960892,167.94,19.45,1015.36,65.58,19.45,1015.36,65.58,0,NONE,NONE,NORMAL,0.0
2025-01-30T22:00:00Z,42139099999,"MEERUT, IN",29.0166666,77.7166667,222.0,14.33,1010.97,83.26,14.33,1010.97,83.26,0,NONE,NONE,NORMAL,0.0
2025-01-30T22:00:00Z,42170099999,"CHURU, IN",28.25,74.9166666,291.0,12.0,1010.23,92.77,12.0,1010.23,92.77,0,NONE,NONE,NORMAL,0.0
2025-01-30T22:00:00Z,42182099999,"SAFDARJUNG, IN",28.584511,77.205783,214.88,11.6,1009.97,97.39,11.6,1009.97,97.39,0,NONE,NONE,NORMAL,0.0
2025-01-30T22:00:00Z,42260099999,"AGRA, IN",27.155831,77.960892,167.94,19.47,1015.35,65.51,19.47,1015.35,65.51,0,NONE,NONE,NORMAL,0.0
2025-01-30T23:00:00Z,42139099999,"MEERUT, IN",29.0166666,77.7166667,222.0,13.63,1011.21,85.41,13.63,1011.21,85.41,0,NONE,NONE,NORMAL,0.0
2025-01-30T23:00:00Z,42170099999,"CHURU, IN",28.25,74.9166666,291.0,11.8,1010.27,95.05,11.8,1010.27,95.05,0,NONE,NONE,NORMAL,0.0
2025-01-30T23:00:00Z,42182099999,"SAFDARJUNG, IN",28.584511,77.205783,214.88,11.2,1009.83,97.38,11.2,1009.83,97.38,0,NONE,NONE,NORMAL,0.0
2025-01-30T23:00:00Z,42260099999,"AGRA, IN",27.155831,77.960892,167.94,19.49,1015.34,65.45,19.49,1015.34,65.45,0,NONE,NONE,NORMAL,0.0
2025-01-31T00:00:00Z,42139099999,"MEERUT, IN",29.0166666,77.7166667,222.0,12.92,1011.46,87.64,12.92,1011.46,87.64,0,NONE,NONE,NORMAL,0.0
2025-01-31T00:00:00Z,42170099999,"CHURU, IN",28.25,74.9166666,291.0,11.6,1010.3,97.39,11.6,1010.3,97.39,0,NONE,NONE,NORMAL,0.0
2025-01-31T00:00:00Z,42182099999,"SAFDARJUNG, IN",28.584511,77.205783,214.88,10.8,1009.7,97.37,10.8,1009.7,97.37,0,NONE,NONE,NORMAL,0.0
2025-01-31T00:00:00Z,42260099999,"AGRA, IN",27.155831,77.960892,167.94,19.5,1015.33,65.39,19.5,1015.33,65.39,0,NONE,NONE,NORMAL,0.0
2025-01-31T01:00:00Z,42139099999,"MEERUT, IN",29.0166666,77.7166667,222.0,12.21,1011.71,89.95,12.21,1011.71,89.95,0,NONE,NONE,NORMAL,0.0
2025-01-31T01:00:00Z,42170099999,"CHURU, IN",28.25,74.9166666,291.0,11.87,1010.97,98.25,11.87,1010.97,98.25,0,NONE,NONE,NORMAL,0.0
2025-01-31T01:00:00Z,42182099999,"SAFDARJUNG, IN",28.584511,77.205783,214.88,10.87,1010.5,96.51,10.87,1010.5,96.51,0,NONE,NONE,NORMAL,0.0
2025-01-31T01:00:00Z,42260099999,"AGRA, IN",27.155831,77.960892,167.94,19.52,1015.32,65.33,19.52,1015.32,65.33,0,NONE,NONE,NORMAL,0.0
2025-01-31T02:00:00Z,42139099999,"MEERUT, IN",29.0166666,77.7166667,222.0,11.51,1011.95,92.33,11.51,1011.95,92.33,0,NONE,NONE,NORMAL,0.0
2025-01-31T02:00:00Z,42170099999,"CHURU, IN",28.25,74.9166666,291.0,12.13,1011.63,99.13,12.13,1011.63,99.13,0,NONE,NONE,NORMAL,0.0
2025-01-31T02:00:00Z,42182099999,"SAFDARJUNG, IN",28.584511,77.205783,214.88,10.93,1011.3,95.65,10.93,1011.3,95.65,0,NONE,NONE,NORMAL,0.0
2025-01-31T02:00:00Z,42260099999,"AGRA, IN",27.155831,77.960892,167.94,19.54,1015.32,65.26,19.54,1015.32,65.26,0,NONE,NONE,NORMAL,0.0
2025-01-31T03:00:00Z,42139099999,"MEERUT, IN",29.0166666,77.7166667,222.0,10.8,1012.2,94.8,10.8,1012.2,94.8,0,NONE,NONE,NORMAL,0.0
2025-01-31T03:00:00Z,42170099999,"CHURU, IN",28.25,74.9166666,291.0,12.4,1012.3,100.0,12.4,1012.3,100.0,0,NONE,NONE,NORMAL,0.0
2025-01-31T03:00:00Z,42182099999,"SAFDARJUNG, IN",28.584511,77.205783,214.88,11.0,1012.1,94.81,11.0,1012.1,94.81,0,NONE,NONE,NORMAL,0.0
2025-01-31T03:00:00Z,42260099999,"AGRA, IN",27.155831,77.960892,167.94,19.56,1015.31,65.2,19.56,1015.31,65.2,0,NONE,NONE,NORMAL,0.0
2025-01-31T04:00:00Z,42139099999,"MEERUT, IN",29.0166666,77.7166667,222.0,14.53,1012.17,80.04,14.53,1012.17,80.04,0,NONE,NONE,NORMAL,0.0
2025-01-31T04:00:00Z,42170099999,"CHURU, IN",28.25,74.9166666,291.0,13.33,1012.7,97.0,13.33,1012.7,97.0,0,NONE,NONE,NORMAL,0.0
2025-01-31T04:00:00Z,42182099999,"SAFDARJUNG, IN",28.584511,77.205783,214.88,14.73,1011.97,80.78,14.73,1011.97,80.78,0,NONE,NONE,NORMAL,0.0
2025-01-31T04:00:00Z,42260099999,"AGRA, IN",27.155831,77.960892,167.94,19.57,1015.3,65.14,19.57,1015.3,65.14,0,NONE,NONE,NORMAL,0.0
2025-01-31T05:00:00Z,42139099999,"MEERUT, IN",29.0166666,77.7166667,222.0,18.27,1012.13,68.0,18.27,1012.13,68.0,0,NONE,NONE,NORMAL,0.0
2025-01-31T05:00:00Z,42170099999,"CHURU, IN",28.25,74.9166666,291.0,14.27,1013.1,94.11,14.27,1013.1,94.11,0,NONE,NONE,NORMAL,0.0
2025-01-31T05:00:00Z,42182099999,"SAFDARJUNG, IN",28.584511,77.205783,214.88,18.47,1011.83,69.25,18.47,1011.83,69.25,0,NONE,NONE,NORMAL,0.0
2025-01-31T05:00:00Z,42260099999,"AGRA, IN",27.155831,77.960892,167.94,19.59,1015.29,65.08,19.59,1015.29,65.08,0,NONE,NONE,NORMAL,0.0
2025-01-31T06:00:00Z,42139099999,"MEERUT, IN",29.0166666,77.7166667,222.0,22.0,1012.1,58.13,22.0,1012.1,58.13,0,NONE,NONE,NORMAL,0.0
2025-01-31T06:00:00Z,42170099999,"CHURU, IN",28.25,74.9166666,291.0,15.2,1013.5,91.35,15.2,1013.5,91.35,0,NONE,NONE,NORMAL,0.0
2025-01-31T06:00:00Z,42182099999,"SAFDARJUNG, IN",28.584511,77.205783,214.88,22.2,1011.7,59.71,22.2,1011.7,59.71,0,NONE,NONE,NORMAL,0.0
2025-01-31T06:00:00Z,42260099999,"AGRA, IN",27.155831,77.960892,167.94,19.61,1015.28,65.02,19.61,1015.28,65.02,0,NONE,NONE,NORMAL,0.0
2025-01-31T07:00:00Z,42139099999,"MEERUT, IN",29.0166666,77.7166667,222.0,23.0,1011.27,52.71,23.0,1011.27,52.71,0,NONE,NONE,NORMAL,0.0
2025-01-31T07:00:00Z,42170099999,"CHURU, IN",28.25,74.9166666,291.0,17.8,1012.3,75.92,17.8,1012.3,75.92,0,NONE,NONE,NORMAL,0.0
2025-01-31T07:00:00Z,42182099999,"SAFDARJUNG, IN",28.584511,77.205783,214.88,23.47,1010.97,54.11,23.47,1010.97,54.11,0,NONE,NONE,NORMAL,0.0
2025-01-31T07:00:00Z,42260099999,"AGRA, IN",27.155831,77.960892,167.94,19.62,1015.27,64.95,19.62,1015.27,64.95,0,NONE,NONE,NORMAL,0.0
2025-01-31T08:00:00Z,42139099999,"MEERUT, IN",29.0166666,77.7166667,222.0,24.0,1010.43,47.81,24.0,1010.43,47.81,0,NONE,NONE,NORMAL,0.0
2025-01-31T08:00:00Z,42170099999,"CHURU, IN",28.25,74.9166666,291.0,20.4,1011.1,63.3,20.4,1011.1,63.3,0,NONE,NONE,NORMAL,0.0
2025-01-31T08:00:00Z,42182099999,"SAFDARJUNG, IN",28.584511,77.205783,214.88,24.73,1010.23,49.07,24.73,1010.23,49.07,0,NONE,NONE,NORMAL,0.0
2025-01-31T08:00:00Z,42260099999,"AGRA, IN",27.155831,77.960892,167.94,19.64,1015.26,64.89,19.64,1015.26,64.89,0,NONE,NONE,NORMAL,0.0
2025-01-31T09:00:00Z,42139099999,"MEERUT, IN",29.0166666,77.7166667,222.0,25.0,1009.6,43.38,25.0,1009.6,43.38,0,NONE,NONE,NORMAL,0.0
2025-01-31T09:00:00Z,42170099999,"CHURU, IN",28.25,74.9166666,291.0,23.0,1009.9,52.94,23.0,1009.9,52.94,0,NONE,NONE,NORMAL,0.0
2025-01-31T09:00:00Z,42182099999,"SAFDARJUNG, IN",28.584511,77.205783,214.88,26.0,1009.5,44.52,26.0,1009.5,44.52,0,NONE,NONE,NORMAL,0.0
2025-01-31T09:00:00Z,42260099999,"AGRA, IN",27.155831,77.960892,167.94,19.66,1015.26,64.83,19.66,1015.26,64.83,0,NONE,NONE,NORMAL,0.0
2025-01-31T10:00:00Z,42139099999,"MEERUT, IN",29.0166666,77.7166667,222.0,24.0,1009.53,46.47,24.0,1009.53,46.47,0,NONE,NONE,NORMAL,0.0
2025-01-31T10:00:00Z,42170099999,"CHURU, IN",28.25,74.9166666,291.0,22.73,1009.63,49.07,22.73,1009.63,49.07,0,NONE,NONE,NORMAL,0.0
2025-01-31T10:00:00Z,42182099999,"SAFDARJUNG, IN",28.584511,77.205783,214.88,25.13,1009.33,49.82,25.13,1009.33,49.82,0,NONE,NONE,NORMAL,0.0
2025-01-31T10:00:00Z,42260099999,"AGRA, IN",27.155831,77.960892,167.94,19.68,1015.25,64.77,19.68,1015.25,64.77,0,NONE,NONE,NORMAL,0.0
2025-01-31T11:00:00Z,42139099999,"MEERUT, IN",29.0166666,77.7166667,222.0,23.0,1009.47,49.79,23.0,1009.47,49.79,0,NONE,NONE,NORMAL,0.0
2025-01-31T11:00:00Z,42170099999,"CHURU, IN",28.25,74.9166666,291.0,22.47,1009.37,45.44,22.47,1009.37,45.44,0,NONE,NONE,NORMAL,0.0
2025-01-31T11:00:00Z,42182099999,"SAFDARJUNG, IN",28.584511,77.205783,214.88,24.27,1009.17,55.73,24.27,1009.17,55.73,0,NONE,NONE,NORMAL,0.0
2025-01-31T11:00:00Z,42260099999,"AGRA, IN",27.155831,77.960892,167.94,19.69,1015.24,64.71,19.69,1015.24,64.71,0,NONE,NONE,NORMAL,0.0
2025-01-31T12:00:00Z,42139099999,"MEERUT, IN",29.0166666,77.7166667,222.0,22.0,1009.4,53.38,22.0,1009.4,53.38,0,NONE,NONE,NORMAL,0.0
2025-01-31T12:00:00Z,42170099999,"CHURU, IN",28.25,74.9166666,291.0,22.2,1009.1,42.03,22.2,1009.1,42.03,0,NONE,NONE,NORMAL,0.0
2025-01-31T12:00:00Z,42182099999,"SAFDARJUNG, IN",28.584511,77.205783,214.88,23.4,1009.0,62.34,23.4,1009.0,62.34,0,NONE,NONE,NORMAL,0.0
2025-01-31T12:00:00Z,42260099999,"AGRA, IN",27.155831,77.960892,167.94,19.71,1015.23,64.65,19.71,1015.23,64.65,0,NONE,NONE,NORMAL,0.0
2025-01-31T13:00:00Z,42139099999,"MEERUT, IN",29.0166666,77.7166667,222.0,21.28,1009.72,55.37,21.28,1009.72,55.37,0,NONE,NONE,NORMAL,0.0
2025-01-31T13:00:00Z,42170099999,"CHURU, IN",28.25,74.9166666,291.0,20.13,1009.97,50.02,20.13,1009.97,50.02,0,NONE,NONE,NORMAL,0.0
2025-01-31T13:00:00Z,42182099999,"SAFDARJUNG, IN",28.584511,77.205783,214.88,21.2,1009.83,70.68,21.2,1009.83,70.68,0,NONE,NONE,NORMAL,0.0
2025-01-31T13:00:00Z,42260099999,"AGRA, IN",27.155831,77.960892,167.94,19.73,1015.22,64.59,19.73,1015.22,64.59,0,NONE,NONE,NORMAL,0.0
2025-01-31T14:00:00Z,42139099999,"MEERUT, IN",29.0166666,77.7166667,222.0,20.56,1010.04,57.45,20.56,1010.04,57.45,0,NONE,NONE,NORMAL,0.0
2025-01-31T14:00:00Z,42170099999,"CHURU, IN",28.25,74.9166666,291.0,18.07,1010.83,59.65,18.07,1010.83,59.65,0,NONE,NONE,NORMAL,0.0
2025-01-31T14:00:00Z,42182099999,"SAFDARJUNG, IN",28.584511,77.205783,214.88,19.0,1010.67,80.3,19.0,1010.67,80.3,0,NONE,NONE,NORMAL,0.0
2025-01-31T14:00:00Z,42260099999,"AGRA, IN",27.155831,77.960892,167.94,19.74,1015.21,64.52,19.74,1015.21,64.52,0,NONE,NONE,NORMAL,0.0
2025-01-31T15:00:00Z,42139099999,"MEERUT, IN",29.0166666,77.7166667,222.0,19.84,1010.36,59.62,19.84,1010.36,59.62,0,NONE,NONE,NORMAL,0.0
2025-01-31T15:00:00Z,42170099999,"CHURU, IN",28.25,74.9166666,291.0,16.0,1011.7,71.25,16.0,1011.7,71.25,0,NONE,NONE,NORMAL,0.0
2025-01-31T15:00:00Z,42182099999,"SAFDARJUNG, IN",28.584511,77.205783,214.88,16.8,1011.5,91.45,16.8,1011.5,91.45,0,NONE,NONE,NORMAL,0.0
2025-01-31T15:00:00Z,42260099999,"AGRA, IN",27.155831,77.960892,167.94,19.76,1015.2,64.46,19.76,1015.2,64.46,0,NONE,NONE,NORMAL,0.0
2025-01-31T16:00:00Z,42139099999,"MEERUT, IN",29.0166666,77.7166667,222.0,19.12,1010.68,61.89,19.12,1010.68,61.89,0,NONE,NONE,NORMAL,0.0
2025-01-31T16:00:00Z,42170099999,"CHURU, IN",28.25,74.9166666,291.0,15.07,1012.1,74.47,15.07,1012.1,74.47,0,NONE,NONE,NORMAL,0.0
2025-01-31T16:00:00Z,42182099999,"SAFDARJUNG, IN",28.584511,77.205783,214.88,15.87,1011.93,92.78,15.87,1011.93,92.78,0,NONE,NONE,NORMAL,0.0
2025-01-31T16:00:00Z,42260099999,"AGRA, IN",27.155831,77.960892,167.94,19.78,1015.2,64.4,19.78,1015.2,64.4,0,NONE,NONE,NORMAL,0.0
2025-01-31T17:00:00Z,42139099999,"MEERUT, IN",29.0166666,77.7166667,222.0,18.4,1011.0,64.25,18.4,1011.0,64.25,0,NONE,NONE,NORMAL,0.0
2025-01-31T17:00:00Z,42170099999,"CHURU, IN",28.25,74.9166666,291.0,14.13,1012.5,77.88,14.13,1012.5,77.88,0,NONE,NONE,NORMAL,0.0
2025-01-31T17:00:00Z,42182099999,"SAFDARJUNG, IN",28.584511,77.205783,214.88,14.93,1012.37,94.14,14.93,1012.37,94.14,0,NONE,NONE,NORMAL,0.0
2025-01-31T17:00:00Z,42260099999,"AGRA, IN",27.155831,77.960892,167.94,19.8,1015.19,64.34,19.8,1015.19,64.34,0,NONE,NONE,NORMAL,0.0
2025-01-31T18:00:00Z,42139099999,"MEERUT, IN",29.0166666,77.7166667,222.0,17.68,1011.32,66.73,17.68,1011.32,66.73,0,NONE,NONE,NORMAL,0.0
2025-01-31T18:00:00Z,42170099999,"CHURU, IN",28.25,74.9166666,291.0,13.2,1012.9,81.47,13.2,1012.9,81.47,0,NONE,NONE,NORMAL,0.0
2025-01-31T18:00:00Z,42182099999,"SAFDARJUNG, IN",28.584511,77.205783,214.88,14.0,1012.8,95.55,14.0,1012.8,95.55,0,NONE,NONE,NORMAL,0.0
2025-01-31T18:00:00Z,42260099999,"AGRA, IN",27.155831,77.960892,167.94,19.81,1015.18,64.28,19.81,1015.18,64.28,0,NONE,NONE,NORMAL,0.0
