timestamp,station_id,station_name,latitude,longitude,elevation_m,T_clean,P_clean,RH_clean,T_obs,P_obs,RH_obs,is_fault,fault_class,affected_channel,event_context,severity
2023-05-01T00:00:00Z,42921099999,"NASIK CITY, IN",19.9666666,73.8166666,598.0,19.7,1003.1,91.06,19.7,1003.1,91.06,0,NONE,NONE,NORMAL,0.0
2023-05-01T00:00:00Z,43003099999,"CHHATRAPATI SHIVAJI INTERNATIONAL, IN",19.088686,72.867919,11.27,26.0,1006.2,79.1,26.0,1006.2,79.1,0,NONE,NONE,NORMAL,0.0
2023-05-01T00:00:00Z,43057099999,"BOMBAY COLABA, IN",18.9,72.8166666,11.0,29.0,1007.66,74.09,29.0,1007.66,74.09,0,NONE,NONE,NORMAL,0.0
2023-05-01T00:00:00Z,43063099999,"PUNE, IN",18.5333333,73.85,558.0,20.0,1007.5,87.16,20.0,1007.5,87.16,0,NONE,NONE,NORMAL,0.0
2023-05-01T01:00:00Z,42921099999,"NASIK CITY, IN",19.9666666,73.8166666,598.0,21.13,1003.47,82.64,21.13,1003.47,82.64,0,NONE,NONE,NORMAL,0.0
2023-05-01T01:00:00Z,43003099999,"CHHATRAPATI SHIVAJI INTERNATIONAL, IN",19.088686,72.867919,11.27,28.0,1007.0,74.28,28.0,1007.0,74.28,0,NONE,NONE,NORMAL,0.0
2023-05-01T01:00:00Z,43057099999,"BOMBAY COLABA, IN",18.9,72.8166666,11.0,28.8,1007.87,74.77,28.8,1007.87,74.77,0,NONE,NONE,NORMAL,0.0
2023-05-01T01:00:00Z,43063099999,"PUNE, IN",18.5333333,73.85,558.0,21.6,1007.8,78.31,21.6,1007.8,78.31,0,NONE,NONE,NORMAL,0.0
2023-05-01T02:00:00Z,42921099999,"NASIK CITY, IN",19.9666666,73.8166666,598.0,22.57,1003.83,75.08,22.57,1003.83,75.08,0,NONE,NONE,NORMAL,0.0
2023-05-01T02:00:00Z,43003099999,"CHHATRAPATI SHIVAJI INTERNATIONAL, IN",19.088686,72.867919,11.27,29.0,1007.0,70.08,29.0,1007.0,70.08,0,NONE,NONE,NORMAL,0.0
2023-05-01T02:00:00Z,43057099999,"BOMBAY COLABA, IN",18.9,72.8166666,11.0,28.6,1008.09,75.46,28.6,1008.09,75.46,0,NONE,NONE,NORMAL,0.0
2023-05-01T02:00:00Z,43063099999,"PUNE, IN",18.5333333,73.85,558.0,23.2,1008.1,70.45,23.2,1008.1,70.45,0,NONE,NONE,NORMAL,0.0
2023-05-01T03:00:00Z,42921099999,"NASIK CITY, IN",19.9666666,73.8166666,598.0,24.0,1004.2,68.27,24.0,1004.2,68.27,0,NONE,NONE,NORMAL,0.0
2023-05-01T03:00:00Z,43003099999,"CHHATRAPATI SHIVAJI INTERNATIONAL, IN",19.088686,72.867919,11.27,28.6,1008.1,66.68,28.6,1008.1,66.68,0,NONE,NONE,NORMAL,0.0
2023-05-01T03:00:00Z,43057099999,"BOMBAY COLABA, IN",18.9,72.8166666,11.0,28.4,1008.3,76.16,28.4,1008.3,76.16,0,NONE,NONE,NORMAL,0.0
2023-05-01T03:00:00Z,43063099999,"PUNE, IN",18.5333333,73.85,558.0,24.8,1008.4,63.45,24.8,1008.4,63.45,0,NONE,NONE,NORMAL,0.0
2023-05-01T04:00:00Z,42921099999,"NASIK CITY, IN",19.9666666,73.8166666,598.0,25.4,1003.9,58.07,25.4,1003.9,58.07,0,NONE,NONE,NORMAL,0.0
2023-05-01T04:00:00Z,43003099999,"CHHATRAPATI SHIVAJI INTERNATIONAL, IN",19.088686,72.867919,11.27,30.0,1009.0,58.55,30.0,1009.0,58.55,0,NONE,NONE,NORMAL,0.0
2023-05-01T04:00:00Z,43057099999,"BOMBAY COLABA, IN",18.9,72.8166666,11.0,29.47,1008.47,66.99,29.47,1008.47,66.99,0,NONE,NONE,NORMAL,0.0
2023-05-01T04:00:00Z,43063099999,"PUNE, IN",18.5333333,73.85,558.0,27.13,1007.8,47.62,27.13,1007.8,47.62,0,NONE,NONE,NORMAL,0.0
2023-05-01T05:00:00Z,42921099999,"NASIK CITY, IN",19.9666666,73.8166666,598.0,26.8,1003.6,49.4,26.8,1003.6,49.4,0,NONE,NONE,NORMAL,0.0
2023-05-01T05:00:00Z,43003099999,"CHHATRAPATI SHIVAJI INTERNATIONAL, IN",19.088686,72.867919,11.27,31.0,1009.0,51.98,31.0,1009.0,51.98,0,NONE,NONE,NORMAL,0.0
2023-05-01T05:00:00Z,43057099999,"BOMBAY COLABA, IN",18.9,72.8166666,11.0,30.53,1008.63,58.91,30.53,1008.63,58.91,0,NONE,NONE,NORMAL,0.0
2023-05-01T05:00:00Z,43063099999,"PUNE, IN",18.5333333,73.85,558.0,29.47,1007.2,35.72,29.47,1007.2,35.72,0,NONE,NONE,NORMAL,0.0
2023-05-01T06:00:00Z,42921099999,"NASIK CITY, IN",19.9666666,73.8166666,598.0,28.2,1003.3,42.03,28.2,1003.3,42.03,0,NONE,NONE,NORMAL,0.0
2023-05-01T06:00:00Z,43003099999,"CHHATRAPATI SHIVAJI INTERNATIONAL, IN",19.088686,72.867919,11.27,31.4,1008.6,55.05,31.4,1008.6,55.05,0,NONE,NONE,NORMAL,0.0
2023-05-01T06:00:00Z,43057099999,"BOMBAY COLABA, IN",18.9,72.8166666,11.0,31.6,1008.8,51.81,31.6,1008.8,51.81,0,NONE,NONE,NORMAL,0.0
2023-05-01T06:00:00Z,43063099999,"PUNE, IN",18.5333333,73.85,558.0,31.8,1006.6,26.79,31.8,1006.6,26.79,0,NONE,NONE,NORMAL,0.0
2023-05-01T07:00:00Z,42921099999,"NASIK CITY, IN",19.9666666,73.8166666,598.0,27.97,1002.73,42.7,27.97,1002.73,42.7,0,NONE,NONE,NORMAL,0.0
2023-05-01T07:00:00Z,43003099999,"CHHATRAPATI SHIVAJI INTERNATIONAL, IN",19.088686,72.867919,11.27,31.0,1008.0,55.29,31.0,1008.0,55.29,0,NONE,NONE,NORMAL,0.0
2023-05-01T07:00:00Z,43057099999,"BOMBAY COLABA, IN",18.9,72.8166666,11.0,31.57,1008.28,52.71,31.57,1008.28,52.71,0,NONE,NONE,NORMAL,0.0
2023-05-01T07:00:00Z,43063099999,"PUNE, IN",18.5333333,73.85,558.0,32.47,1005.43,24.45,32.47,1005.43,24.45,0,NONE,NONE,NORMAL,0.0
2023-05-01T08:00:00Z,42921099999,"NASIK CITY, IN",19.9666666,73.8166666,598.0,27.73,1002.17,43.38,27.73,1002.17,43.38,0,NONE,NONE,NORMAL,0.0
2023-05-01T08:00:00Z,43003099999,"CHHATRAPATI SHIVAJI INTERNATIONAL, IN",19.088686,72.867919,11.27,31.0,1007.0,45.88,31.0,1007.0,45.88,0,NONE,NONE,NORMAL,0.0
2023-05-01T08:00:00Z,43057099999,"BOMBAY COLABA, IN",18.9,72.8166666,11.0,31.53,1007.77,53.63,31.53,1007.77,53.63,0,NONE,NONE,NORMAL,0.0
2023-05-01T08:00:00Z,43063099999,"PUNE, IN",18.5333333,73.85,558.0,33.13,1004.27,22.31,33.13,1004.27,22.31,0,NONE,NONE,NORMAL,0.0
2023-05-01T09:00:00Z,42921099999,"NASIK CITY, IN",19.9666666,73.8166666,598.0,27.5,1001.6,44.07,27.5,1001.6,44.07,0,NONE,NONE,NORMAL,0.0
2023-05-01T09:00:00Z,43003099999,"CHHATRAPATI SHIVAJI INTERNATIONAL, IN",19.088686,72.867919,11.27,32.4,1006.6,47.12,32.4,1006.6,47.12,0,NONE,NONE,NORMAL,0.0
2023-05-01T09:00:00Z,43057099999,"BOMBAY COLABA, IN",18.9,72.8166666,11.0,31.5,1007.25,54.57,31.5,1007.25,54.57,0,NONE,NONE,NORMAL,0.0
2023-05-01T09:00:00Z,43063099999,"PUNE, IN",18.5333333,73.85,558.0,33.8,1003.1,20.36,33.8,1003.1,20.36,0,NONE,NONE,NORMAL,0.0
2023-05-01T10:00:00Z,42921099999,"NASIK CITY, IN",19.9666666,73.8166666,598.0,27.83,1001.17,44.06,27.83,1001.17,44.06,0,NONE,NONE,NORMAL,0.0
2023-05-01T10:00:00Z,43003099999,"CHHATRAPATI SHIVAJI INTERNATIONAL, IN",19.088686,72.867919,11.27,31.0,1006.0,58.78,31.0,1006.0,58.78,0,NONE,NONE,NORMAL,0.0
2023-05-01T10:00:00Z,43057099999,"BOMBAY COLABA, IN",18.9,72.8166666,11.0,31.47,1006.73,55.51,31.47,1006.73,55.51,0,NONE,NONE,NORMAL,0.0
2023-05-01T10:00:00Z,43063099999,"PUNE, IN",18.5333333,73.85,558.0,32.67,1003.1,24.94,32.67,1003.1,24.94,0,NONE,NONE,NORMAL,0.0
2023-05-01T11:00:00Z,42921099999,"NASIK CITY, IN",19.9666666,73.8166666,598.0,28.17,1000.73,44.06,28.17,1000.73,44.06,0,NONE,NONE,NORMAL,0.0
2023-05-01T11:00:00Z,43003099999,"CHHATRAPATI SHIVAJI INTERNATIONAL, IN",19.088686,72.867919,11.27,31.0,1006.0,51.98,31.0,1006.0,51.98,0,NONE,NONE,NORMAL,0.0
2023-05-01T11:00:00Z,43057099999,"BOMBAY COLABA, IN",18.9,72.8166666,11.0,31.43,1006.22,56.48,31.43,1006.22,56.48,0,NONE,NONE,NORMAL,0.0
2023-05-01T11:00:00Z,43063099999,"PUNE, IN",18.5333333,73.85,558.0,31.53,1003.1,30.51,31.53,1003.1,30.51,0,NONE,NONE,NORMAL,0.0
2023-05-01T12:00:00Z,42921099999,"NASIK CITY, IN",19.9666666,73.8166666,598.0,28.5,1000.3,44.06,28.5,1000.3,44.06,0,NONE,NONE,NORMAL,0.0
2023-05-01T12:00:00Z,43003099999,"CHHATRAPATI SHIVAJI INTERNATIONAL, IN",19.088686,72.867919,11.27,30.2,1005.6,60.05,30.2,1005.6,60.05,0,NONE,NONE,NORMAL,0.0
2023-05-01T12:00:00Z,43057099999,"BOMBAY COLABA, IN",18.9,72.8166666,11.0,31.4,1005.7,57.46,31.4,1005.7,57.46,0,NONE,NONE,NORMAL,0.0
2023-05-01T12:00:00Z,43063099999,"PUNE, IN",18.5333333,73.85,558.0,30.4,1003.1,37.25,30.4,1003.1,37.25,0,NONE,NONE,NORMAL,0.0
2023-05-01T13:00:00Z,42921099999,"NASIK CITY, IN",19.9666666,73.8166666,598.0,27.67,1001.03,41.97,27.67,1001.03,41.97,0,NONE,NONE,NORMAL,0.0
2023-05-01T13:00:00Z,43003099999,"CHHATRAPATI SHIVAJI INTERNATIONAL, IN",19.088686,72.867919,11.27,29.0,1006.0,65.95,29.0,1006.0,65.95,0,NONE,NONE,NORMAL,0.0
2023-05-01T13:00:00Z,43057099999,"BOMBAY COLABA, IN",18.9,72.8166666,11.0,31.05,1005.93,59.13,31.05,1005.93,59.13,0,NONE,NONE,NORMAL,0.0
2023-05-01T13:00:00Z,43063099999,"PUNE, IN",18.5333333,73.85,558.0,29.13,1004.23,40.94,29.13,1004.23,40.94,0,NONE,NONE,NORMAL,0.0
2023-05-01T14:00:00Z,42921099999,"NASIK CITY, IN",19.9666666,73.8166666,598.0,26.83,1001.77,39.95,26.83,1001.77,39.95,0,NONE,NONE,NORMAL,0.0
2023-05-01T14:00:00Z,43003099999,"CHHATRAPATI SHIVAJI INTERNATIONAL, IN",19.088686,72.867919,11.27,29.0,1006.0,62.03,29.0,1006.0,62.03,0,NONE,NONE,NORMAL,0.0
2023-05-01T14:00:00Z,43057099999,"BOMBAY COLABA, IN",18.9,72.8166666,11.0,30.71,1006.15,60.85,30.71,1006.15,60.85,0,NONE,NONE,NORMAL,0.0
2023-05-01T14:00:00Z,43063099999,"PUNE, IN",18.5333333,73.85,558.0,27.87,1005.37,45.03,27.87,1005.37,45.03,0,NONE,NONE,NORMAL,0.0
2023-05-01T15:00:00Z,42921099999,"NASIK CITY, IN",19.9666666,73.8166666,598.0,26.0,1002.5,38.0,26.0,1002.5,38.0,0,NONE,NONE,NORMAL,0.0
2023-05-01T15:00:00Z,43003099999,"CHHATRAPATI SHIVAJI INTERNATIONAL, IN",19.088686,72.867919,11.27,29.0,1007.0,62.03,29.0,1007.0,62.03,0,NONE,NONE,NORMAL,0.0
2023-05-01T15:00:00Z,43057099999,"BOMBAY COLABA, IN",18.9,72.8166666,11.0,30.36,1006.38,62.63,30.36,1006.38,62.63,0,NONE,NONE,NORMAL,0.0
2023-05-01T15:00:00Z,43063099999,"PUNE, IN",18.5333333,73.85,558.0,26.6,1006.5,49.56,26.6,1006.5,49.56,0,NONE,NONE,NORMAL,0.0
2023-05-01T16:00:00Z,42921099999,"NASIK CITY, IN",19.9666666,73.8166666,598.0,25.5,1003.13,43.61,25.5,1003.13,43.61,0,NONE,NONE,NORMAL,0.0
2023-05-01T16:00:00Z,43003099999,"CHHATRAPATI SHIVAJI INTERNATIONAL, IN",19.088686,72.867919,11.27,29.0,1008.0,65.95,29.0,1008.0,65.95,0,NONE,NONE,NORMAL,0.0
2023-05-01T16:00:00Z,43057099999,"BOMBAY COLABA, IN",18.9,72.8166666,11.0,30.01,1006.61,64.46,30.01,1006.61,64.46,0,NONE,NONE,NORMAL,0.0
2023-05-01T16:00:00Z,43063099999,"PUNE, IN",18.5333333,73.85,558.0,25.93,1007.3,53.35,25.93,1007.3,53.35,0,NONE,NONE,NORMAL,0.0
2023-05-01T17:00:00Z,42921099999,"NASIK CITY, IN",19.9666666,73.8166666,598.0,25.0,1003.77,50.0,25.0,1003.77,50.0,0,NONE,NONE,NORMAL,0.0
2023-05-01T17:00:00Z,43003099999,"CHHATRAPATI SHIVAJI INTERNATIONAL, IN",19.088686,72.867919,11.27,29.0,1008.0,70.08,29.0,1008.0,70.08,0,NONE,NONE,NORMAL,0.0
2023-05-01T17:00:00Z,43057099999,"BOMBAY COLABA, IN",18.9,72.8166666,11.0,29.67,1006.83,66.35,29.67,1006.83,66.35,0,NONE,NONE,NORMAL,0.0
2023-05-01T17:00:00Z,43063099999,"PUNE, IN",18.5333333,73.85,558.0,25.27,1008.1,57.43,25.27,1008.1,57.43,0,NONE,NONE,NORMAL,0.0
2023-05-01T18:00:00Z,42921099999,"NASIK CITY, IN",19.9666666,73.8166666,598.0,24.5,1004.4,57.24,24.5,1004.4,57.24,0,NONE,NONE,NORMAL,0.0
2023-05-01T18:00:00Z,43003099999,"CHHATRAPATI SHIVAJI INTERNATIONAL, IN",19.088686,72.867919,11.27,29.0,1008.7,97.71,29.0,1008.7,97.71,0,NONE,NONE,NORMAL,0.0
2023-05-01T18:00:00Z,43057099999,"BOMBAY COLABA, IN",18.9,72.8166666,11.0,29.32,1007.06,68.3,29.32,1007.06,68.3,0,NONE,NONE,NORMAL,0.0
2023-05-01T18:00:00Z,43063099999,"PUNE, IN",18.5333333,73.85,558.0,24.6,1008.9,61.82,24.6,1008.9,61.82,0,NONE,NONE,NORMAL,0.0
2023-05-01T19:00:00Z,42921099999,"NASIK CITY, IN",19.9666666,73.8166666,598.0,24.23,1003.9,57.67,24.23,1003.9,57.67,0,NONE,NONE,NORMAL,0.0
2023-05-01T19:00:00Z,43003099999,"CHHATRAPATI SHIVAJI INTERNATIONAL, IN",19.088686,72.867919,11.27,29.0,1008.0,70.08,29.0,1008.0,70.08,0,NONE,NONE,NORMAL,0.0
2023-05-01T19:00:00Z,43057099999,"BOMBAY COLABA, IN",18.9,72.8166666,11.0,28.97,1007.29,70.31,28.97,1007.29,70.31,0,NONE,NONE,NORMAL,0.0
2023-05-01T19:00:00Z,43063099999,"PUNE, IN",18.5333333,73.85,558.0,23.53,1008.5,66.19,23.53,1008.5,66.19,0,NONE,NONE,NORMAL,0.0
2023-05-01T20:00:00Z,42921099999,"NASIK CITY, IN",19.9666666,73.8166666,598.0,23.97,1003.4,58.1,23.97,1003.4,58.1,0,NONE,NONE,NORMAL,0.0
2023-05-01T20:00:00Z,43003099999,"CHHATRAPATI SHIVAJI INTERNATIONAL, IN",19.088686,72.867919,11.27,28.0,1008.0,74.28,28.0,1008.0,74.28,0,NONE,NONE,NORMAL,0.0
2023-05-01T20:00:00Z,43057099999,"BOMBAY COLABA, IN",18.9,72.8166666,11.0,28.63,1007.51,72.37,28.63,1007.51,72.37,0,NONE,NONE,NORMAL,0.0
2023-05-01T20:00:00Z,43063099999,"PUNE, IN",18.5333333,73.85,558.0,22.47,1008.1,70.91,22.47,1008.1,70.91,0,NONE,NONE,NORMAL,0.0
2023-05-01T21:00:00Z,42921099999,"NASIK CITY, IN",19.9666666,73.8166666,598.0,23.7,1002.9,58.54,23.7,1002.9,58.54,0,NONE,NONE,NORMAL,0.0
2023-05-01T21:00:00Z,43003099999,"CHHATRAPATI SHIVAJI INTERNATIONAL, IN",19.088686,72.867919,11.27,27.8,1006.6,71.59,27.8,1006.6,71.59,0,NONE,NONE,NORMAL,0.0
2023-05-01T21:00:00Z,43057099999,"BOMBAY COLABA, IN",18.9,72.8166666,11.0,28.28,1007.74,74.51,28.28,1007.74,74.51,0,NONE,NONE,NORMAL,0.0
2023-05-01T21:00:00Z,43063099999,"PUNE, IN",18.5333333,73.85,558.0,21.4,1007.7,76.01,21.4,1007.7,76.01,0,NONE,NONE,NORMAL,0.0
2023-05-01T22:00:00Z,42921099999,"NASIK CITY, IN",19.9666666,73.8166666,598.0,22.87,1003.17,64.25,22.87,1003.17,64.25,0,NONE,NONE,NORMAL,0.0
2023-05-01T22:00:00Z,43003099999,"CHHATRAPATI SHIVAJI INTERNATIONAL, IN",19.088686,72.867919,11.27,28.0,1006.0,74.28,28.0,1006.0,74.28,0,NONE,NONE,NORMAL,0.0
2023-05-01T22:00:00Z,43057099999,"BOMBAY COLABA, IN",18.9,72.8166666,11.0,27.93,1007.97,76.7,27.93,1007.97,76.7,0,NONE,NONE,NORMAL,0.0
2023-05-01T22:00:00Z,43063099999,"PUNE, IN",18.5333333,73.85,558.0,20.73,1007.87,78.35,20.73,1007.87,78.35,0,NONE,NONE,NORMAL,0.0
2023-05-01T23:00:00Z,42921099999,"NASIK CITY, IN",19.9666666,73.8166666,598.0,22.03,1003.43,70.53,22.03,1003.43,70.53,0,NONE,NONE,NORMAL,0.0
2023-05-01T23:00:00Z,43003099999,"CHHATRAPATI SHIVAJI INTERNATIONAL, IN",19.088686,72.867919,11.27,28.0,1006.0,74.28,28.0,1006.0,74.28,0,NONE,NONE,NORMAL,0.0
2023-05-01T23:00:00Z,43057099999,"BOMBAY COLABA, IN",18.9,72.8166666,11.0,27.59,1008.19,78.97,27.59,1008.19,78.97,0,NONE,NONE,NORMAL,0.0
2023-05-01T23:00:00Z,43063099999,"PUNE, IN",18.5333333,73.85,558.0,20.07,1008.03,80.79,20.07,1008.03,80.79,0,NONE,NONE,NORMAL,0.0
2023-05-02T00:00:00Z,42921099999,"NASIK CITY, IN",19.9666666,73.8166666,598.0,21.2,1003.7,77.43,21.2,1003.7,77.43,0,NONE,NONE,NORMAL,0.0
2023-05-02T00:00:00Z,43003099999,"CHHATRAPATI SHIVAJI INTERNATIONAL, IN",19.088686,72.867919,11.27,26.4,1006.7,79.64,26.4,1006.7,79.64,0,NONE,NONE,NORMAL,0.0
2023-05-02T00:00:00Z,43057099999,"BOMBAY COLABA, IN",18.9,72.8166666,11.0,27.24,1008.42,81.31,27.24,1008.42,81.31,0,NONE,NONE,NORMAL,0.0
2023-05-02T00:00:00Z,43063099999,"PUNE, IN",18.5333333,73.85,558.0,19.4,1008.2,83.31,19.4,1008.2,83.31,0,NONE,NONE,NORMAL,0.0
2023-05-02T01:00:00Z,42921099999,"NASIK CITY, IN",19.9666666,73.8166666,598.0,21.97,1004.2,75.62,21.97,1004.2,75.62,0,NONE,NONE,NORMAL,0.0
2023-05-02T01:00:00Z,43003099999,"CHHATRAPATI SHIVAJI INTERNATIONAL, IN",19.088686,72.867919,11.27,28.0,1007.0,74.28,28.0,1007.0,74.28,0,NONE,NONE,NORMAL,0.0
2023-05-02T01:00:00Z,43057099999,"BOMBAY COLABA, IN",18.9,72.8166666,11.0,26.89,1008.65,83.72,26.89,1008.65,83.72,0,NONE,NONE,NORMAL,0.0
2023-05-02T01:00:00Z,43063099999,"PUNE, IN",18.5333333,73.85,558.0,21.27,1008.53,74.87,21.27,1008.53,74.87,0,NONE,NONE,NORMAL,0.0
2023-05-02T02:00:00Z,42921099999,"NASIK CITY, IN",19.9666666,73.8166666,598.0,22.73,1004.7,73.86,22.73,1004.7,73.86,0,NONE,NONE,NORMAL,0.0
2023-05-02T02:00:00Z,43003099999,"CHHATRAPATI SHIVAJI INTERNATIONAL, IN",19.088686,72.867919,11.27,29.0,1008.0,70.08,29.0,1008.0,70.08,0,NONE,NONE,NORMAL,0.0
2023-05-02T02:00:00Z,43057099999,"BOMBAY COLABA, IN",18.9,72.8166666,11.0,26.55,1008.87,86.2,26.55,1008.87,86.2,0,NONE,NONE,NORMAL,0.0
2023-05-02T02:00:00Z,43063099999,"PUNE, IN",18.5333333,73.85,558.0,23.13,1008.87,67.39,23.13,1008.87,67.39,0,NONE,NONE,NORMAL,0.0
2023-05-02T03:00:00Z,42921099999,"NASIK CITY, IN",19.9666666,73.8166666,598.0,23.5,1005.2,72.15,23.5,1005.2,72.15,0,NONE,NONE,NORMAL,0.0
2023-05-02T03:00:00Z,43003099999,"CHHATRAPATI SHIVAJI INTERNATIONAL, IN",19.088686,72.867919,11.27,29.0,1008.8,66.76,29.0,1008.8,66.76,0,NONE,NONE,NORMAL,0.0
2023-05-02T03:00:00Z,43057099999,"BOMBAY COLABA, IN",18.9,72.8166666,11.0,26.2,1009.1,88.76,26.2,1009.1,88.76,0,NONE,NONE,NORMAL,0.0
2023-05-02T03:00:00Z,43063099999,"PUNE, IN",18.5333333,73.85,558.0,25.0,1009.2,60.75,25.0,1009.2,60.75,0,NONE,NONE,NORMAL,0.0
2023-05-02T04:00:00Z,42921099999,"NASIK CITY, IN",19.9666666,73.8166666,598.0,25.53,1004.8,61.38,25.53,1004.8,61.38,0,NONE,NONE,NORMAL,0.0
2023-05-02T04:00:00Z,43003099999,"CHHATRAPATI SHIVAJI INTERNATIONAL, IN",19.088686,72.867919,11.27,29.0,1010.0,70.08,29.0,1010.0,70.08,0,NONE,NONE,NORMAL,0.0
2023-05-02T04:00:00Z,43057099999,"BOMBAY COLABA, IN",18.9,72.8166666,11.0,26.76,1008.69,83.52,26.76,1008.69,83.52,0,NONE,NONE,NORMAL,0.0
2023-05-02T04:00:00Z,43063099999,"PUNE, IN",18.5333333,73.85,558.0,26.87,1008.7,53.47,26.87,1008.7,53.47,0,NONE,NONE,NORMAL,0.0
2023-05-02T05:00:00Z,42921099999,"NASIK CITY, IN",19.9666666,73.8166666,598.0,27.57,1004.4,52.3,27.57,1004.4,52.3,0,NONE,NONE,NORMAL,0.0
2023-05-02T05:00:00Z,43003099999,"CHHATRAPATI SHIVAJI INTERNATIONAL, IN",19.088686,72.867919,11.27,31.0,1010.0,55.29,31.0,1010.0,55.29,0,NONE,NONE,NORMAL,0.0
2023-05-02T05:00:00Z,43057099999,"BOMBAY COLABA, IN",18.9,72.8166666,11.0,27.31,1008.28,78.59,27.31,1008.28,78.59,0,NONE,NONE,NORMAL,0.0
2023-05-02T05:00:00Z,43063099999,"PUNE, IN",18.5333333,73.85,558.0,28.73,1008.2,47.14,28.73,1008.2,47.14,0,NONE,NONE,NORMAL,0.0
2023-05-02T06:00:00Z,42921099999,"NASIK CITY, IN",19.9666666,73.8166666,598.0,29.6,1004.0,44.64,29.6,1004.0,44.64,0,NONE,NONE,NORMAL,0.0
2023-05-02T06:00:00Z,43003099999,"CHHATRAPATI SHIVAJI INTERNATIONAL, IN",19.088686,72.867919,11.27,32.6,1009.3,51.74,32.6,1009.3,51.74,0,NONE,NONE,NORMAL,0.0
2023-05-02T06:00:00Z,43057099999,"BOMBAY COLABA, IN",18.9,72.8166666,11.0,27.87,1007.87,73.96,27.87,1007.87,73.96,0,NONE,NONE,NORMAL,0.0
2023-05-02T06:00:00Z,43063099999,"PUNE, IN",18.5333333,73.85,558.0,30.6,1007.7,41.61,30.6,1007.7,41.61,0,NONE,NONE,NORMAL,0.0
2023-05-02T07:00:00Z,42921099999,"NASIK CITY, IN",19.9666666,73.8166666,598.0,30.23,1002.8,43.04,30.23,1002.8,43.04,0,NONE,NONE,NORMAL,0.0
2023-05-02T07:00:00Z,43003099999,"CHHATRAPATI SHIVAJI INTERNATIONAL, IN",19.088686,72.867919,11.27,32.0,1008.0,52.23,32.0,1008.0,52.23,0,NONE,NONE,NORMAL,0.0
2023-05-02T07:00:00Z,43057099999,"BOMBAY COLABA, IN",18.9,72.8166666,11.0,28.42,1007.46,69.6,28.42,1007.46,69.6,0,NONE,NONE,NORMAL,0.0
2023-05-02T07:00:00Z,43063099999,"PUNE, IN",18.5333333,73.85,558.0,30.67,1006.8,41.28,30.67,1006.8,41.28,0,NONE,NONE,NORMAL,0.0
2023-05-02T08:00:00Z,42921099999,"NASIK CITY, IN",19.9666666,73.8166666,598.0,30.87,1001.6,41.51,30.87,1001.6,41.51,0,NONE,NONE,NORMAL,0.0
2023-05-02T08:00:00Z,43003099999,"CHHATRAPATI SHIVAJI INTERNATIONAL, IN",19.088686,72.867919,11.27,32.0,1007.0,52.23,32.0,1007.0,52.23,0,NONE,NONE,NORMAL,0.0
2023-05-02T08:00:00Z,43057099999,"BOMBAY COLABA, IN",18.9,72.8166666,11.0,28.98,1007.04,65.5,28.98,1007.04,65.5,0,NONE,NONE,NORMAL,0.0
2023-05-02T08:00:00Z,43063099999,"PUNE, IN",18.5333333,73.85,558.0,30.73,1005.9,40.95,30.73,1005.9,40.95,0,NONE,NONE,NORMAL,0.0
2023-05-02T09:00:00Z,42921099999,"NASIK CITY, IN",19.9666666,73.8166666,598.0,31.5,1000.4,40.04,31.5,1000.4,40.04,0,NONE,NONE,NORMAL,0.0
2023-05-02T09:00:00Z,43003099999,"CHHATRAPATI SHIVAJI INTERNATIONAL, IN",19.088686,72.867919,11.27,32.4,1007.1,52.65,32.4,1007.1,52.65,0,NONE,NONE,NORMAL,0.0
2023-05-02T09:00:00Z,43057099999,"BOMBAY COLABA, IN",18.9,72.8166666,11.0,29.53,1006.63,61.64,29.53,1006.63,61.64,0,NONE,NONE,NORMAL,0.0
2023-05-02T09:00:00Z,43063099999,"PUNE, IN",18.5333333,73.85,558.0,30.8,1005.0,40.62,30.8,1005.0,40.62,0,NONE,NONE,NORMAL,0.0
2023-05-02T10:00:00Z,42921099999,"NASIK CITY, IN",19.9666666,73.8166666,598.0,31.83,999.73,38.46,31.83,999.73,38.46,0,NONE,NONE,NORMAL,0.0
2023-05-02T10:00:00Z,43003099999,"CHHATRAPATI SHIVAJI INTERNATIONAL, IN",19.088686,72.867919,11.27,31.0,1006.0,55.29,31.0,1006.0,55.29,0,NONE,NONE,NORMAL,0.0
2023-05-02T10:00:00Z,43057099999,"BOMBAY COLABA, IN",18.9,72.8166666,11.0,30.09,1006.22,58.01,30.09,1006.22,58.01,0,NONE,NONE,NORMAL,0.0
2023-05-02T10:00:00Z,43063099999,"PUNE, IN",18.5333333,73.85,558.0,30.73,1004.43,41.56,30.73,1004.43,41.56,0,NONE,NONE,NORMAL,0.0
2023-05-02T11:00:00Z,42921099999,"NASIK CITY, IN",19.9666666,73.8166666,598.0,32.17,999.07,36.94,32.17,999.07,36.94,0,NONE,NONE,NORMAL,0.0
2023-05-02T11:00:00Z,43003099999,"CHHATRAPATI SHIVAJI INTERNATIONAL, IN",19.088686,72.867919,11.27,31.0,1005.0,55.29,31.0,1005.0,55.29,0,NONE,NONE,NORMAL,0.0
2023-05-02T11:00:00Z,43057099999,"BOMBAY COLABA, IN",18.9,72.8166666,11.0,30.64,1005.81,54.6,30.64,1005.81,54.6,0,NONE,NONE,NORMAL,0.0
2023-05-02T11:00:00Z,43063099999,"PUNE, IN",18.5333333,73.85,558.0,30.67,1003.87,42.52,30.67,1003.87,42.52,0,NONE,NONE,NORMAL,0.0
2023-05-02T12:00:00Z,42921099999,"NASIK CITY, IN",19.9666666,73.8166666,598.0,32.5,998.4,35.48,32.5,998.4,35.48,0,NONE,NONE,NORMAL,0.0
2023-05-02T12:00:00Z,43003099999,"CHHATRAPATI SHIVAJI INTERNATIONAL, IN",19.088686,72.867919,11.27,31.0,1005.0,58.78,31.0,1005.0,58.78,0,NONE,NONE,NORMAL,0.0
2023-05-02T12:00:00Z,43057099999,"BOMBAY COLABA, IN",18.9,72.8166666,11.0,31.2,1005.4,51.39,31.2,1005.4,51.39,0,NONE,NONE,NORMAL,0.0
2023-05-02T12:00:00Z,43063099999,"PUNE, IN",18.5333333,73.85,558.0,30.6,1003.3,43.51,30.6,1003.3,43.51,0,NONE,NONE,NORMAL,0.0
2023-05-02T13:00:00Z,42921099999,"NASIK CITY, IN",19.9666666,73.8166666,598.0,30.67,999.77,42.25,30.67,999.77,42.25,0,NONE,NONE,NORMAL,0.0
2023-05-02T13:00:00Z,43003099999,"CHHATRAPATI SHIVAJI INTERNATIONAL, IN",19.088686,72.867919,11.27,30.0,1006.0,62.25,30.0,1006.0,62.25,0,NONE,NONE,NORMAL,0.0
2023-05-02T13:00:00Z,43057099999,"BOMBAY COLABA, IN",18.9,72.8166666,11.0,31.05,1005.75,52.01,31.05,1005.75,52.01,0,NONE,NONE,NORMAL,0.0
2023-05-02T13:00:00Z,43063099999,"PUNE, IN",18.5333333,73.85,558.0,29.33,1004.47,47.3,29.33,1004.47,47.3,0,NONE,NONE,NORMAL,0.0
2023-05-02T14:00:00Z,42921099999,"NASIK CITY, IN",19.9666666,73.8166666,598.0,28.83,1001.13,50.36,28.83,1001.13,50.36,0,NONE,NONE,NORMAL,0.0
2023-05-02T14:00:00Z,43003099999,"CHHATRAPATI SHIVAJI INTERNATIONAL, IN",19.088686,72.867919,11.27,29.0,1006.0,65.95,29.0,1006.0,65.95,0,NONE,NONE,NORMAL,0.0
2023-05-02T14:00:00Z,43057099999,"BOMBAY COLABA, IN",18.9,72.8166666,11.0,30.91,1006.11,52.65,30.91,1006.11,52.65,0,NONE,NONE,NORMAL,0.0
2023-05-02T14:00:00Z,43063099999,"PUNE, IN",18.5333333,73.85,558.0,28.07,1005.63,51.45,28.07,1005.63,51.45,0,NONE,NONE,NORMAL,0.0
2023-05-02T15:00:00Z,42921099999,"NASIK CITY, IN",19.9666666,73.8166666,598.0,27.0,1002.5,60.06,27.0,1002.5,60.06,0,NONE,NONE,NORMAL,0.0
2023-05-02T15:00:00Z,43003099999,"CHHATRAPATI SHIVAJI INTERNATIONAL, IN",19.088686,72.867919,11.27,29.2,1007.0,65.59,29.2,1007.0,65.59,0,NONE,NONE,NORMAL,0.0
2023-05-02T15:00:00Z,43057099999,"BOMBAY COLABA, IN",18.9,72.8166666,11.0,30.76,1006.46,53.29,30.76,1006.46,53.29,0,NONE,NONE,NORMAL,0.0
2023-05-02T15:00:00Z,43063099999,"PUNE, IN",18.5333333,73.85,558.0,26.8,1006.8,56.0,26.8,1006.8,56.0,0,NONE,NONE,NORMAL,0.0
2023-05-02T16:00:00Z,42921099999,"NASIK CITY, IN",19.9666666,73.8166666,598.0,26.17,1003.57,63.09,26.17,1003.57,63.09,0,NONE,NONE,NORMAL,0.0
2023-05-02T16:00:00Z,43003099999,"CHHATRAPATI SHIVAJI INTERNATIONAL, IN",19.088686,72.867919,11.27,29.0,1009.0,70.08,29.0,1009.0,70.08,0,NONE,NONE,NORMAL,0.0
2023-05-02T16:00:00Z,43057099999,"BOMBAY COLABA, IN",18.9,72.8166666,11.0,30.61,1006.81,53.94,30.61,1006.81,53.94,0,NONE,NONE,NORMAL,0.0
2023-05-02T16:00:00Z,43063099999,"PUNE, IN",18.5333333,73.85,558.0,26.03,1007.87,59.84,26.03,1007.87,59.84,0,NONE,NONE,NORMAL,0.0
2023-05-02T17:00:00Z,42921099999,"NASIK CITY, IN",19.9666666,73.8166666,598.0,25.33,1004.63,66.29,25.33,1004.63,66.29,0,NONE,NONE,NORMAL,0.0
2023-05-02T17:00:00Z,43003099999,"CHHATRAPATI SHIVAJI INTERNATIONAL, IN",19.088686,72.867919,11.27,29.0,1010.0,70.08,29.0,1010.0,70.08,0,NONE,NONE,NORMAL,0.0
2023-05-02T17:00:00Z,43057099999,"BOMBAY COLABA, IN",18.9,72.8166666,11.0,30.47,1007.17,54.59,30.47,1007.17,54.59,0,NONE,NONE,NORMAL,0.0
2023-05-02T17:00:00Z,43063099999,"PUNE, IN",18.5333333,73.85,558.0,25.27,1008.93,63.96,25.27,1008.93,63.96,0,NONE,NONE,NORMAL,0.0
2023-05-02T18:00:00Z,42921099999,"NASIK CITY, IN",19.9666666,73.8166666,598.0,24.5,1005.7,69.67,24.5,1005.7,69.67,0,NONE,NONE,NORMAL,0.0
2023-05-02T18:00:00Z,43003099999,"CHHATRAPATI SHIVAJI INTERNATIONAL, IN",19.088686,72.867919,11.27,28.8,1010.1,67.95,28.8,1010.1,67.95,0,NONE,NONE,NORMAL,0.0
2023-05-02T18:00:00Z,43057099999,"BOMBAY COLABA, IN",18.9,72.8166666,11.0,30.32,1007.52,55.26,30.32,1007.52,55.26,0,NONE,NONE,NORMAL,0.0
2023-05-02T18:00:00Z,43063099999,"PUNE, IN",18.5333333,73.85,558.0,24.5,1010.0,68.37,24.5,1010.0,68.37,0,NONE,NONE,NORMAL,0.0
2023-05-02T19:00:00Z,42921099999,"NASIK CITY, IN",19.9666666,73.8166666,598.0,23.67,1005.47,74.79,23.67,1005.47,74.79,0,NONE,NONE,NORMAL,0.0
2023-05-02T19:00:00Z,43003099999,"CHHATRAPATI SHIVAJI INTERNATIONAL, IN",19.088686,72.867919,11.27,29.0,1010.0,70.08,29.0,1010.0,70.08,0,NONE,NONE,NORMAL,0.0
2023-05-02T19:00:00Z,43057099999,"BOMBAY COLABA, IN",18.9,72.8166666,11.0,30.17,1007.87,55.93,30.17,1007.87,55.93,0,NONE,NONE,NORMAL,0.0
2023-05-02T19:00:00Z,43063099999,"PUNE, IN",18.5333333,73.85,558.0,24.0,1009.6,70.6,24.0,1009.6,70.6,0,NONE,NONE,NORMAL,0.0
2023-05-02T20:00:00Z,42921099999,"NASIK CITY, IN",19.9666666,73.8166666,598.0,22.83,1005.23,80.31,22.83,1005.23,80.31,0,NONE,NONE,NORMAL,0.0
2023-05-02T20:00:00Z,43003099999,"CHHATRAPATI SHIVAJI INTERNATIONAL, IN",19.088686,72.867919,11.27,29.0,1009.0,65.95,29.0,1009.0,65.95,0,NONE,NONE,NORMAL,0.0
2023-05-02T20:00:00Z,43057099999,"BOMBAY COLABA, IN",18.9,72.8166666,11.0,30.03,1008.23,56.62,30.03,1008.23,56.62,0,NONE,NONE,NORMAL,0.0
2023-05-02T20:00:00Z,43063099999,"PUNE, IN",18.5333333,73.85,558.0,23.5,1009.2,72.91,23.5,1009.2,72.91,0,NONE,NONE,NORMAL,0.0
2023-05-02T21:00:00Z,42921099999,"NASIK CITY, IN",19.9666666,73.8166666,598.0,22.0,1005.0,86.26,22.0,1005.0,86.26,0,NONE,NONE,NORMAL,0.0
2023-05-02T21:00:00Z,43003099999,"CHHATRAPATI SHIVAJI INTERNATIONAL, IN",19.088686,72.867919,11.27,29.0,1009.0,65.95,29.0,1009.0,65.95,0,NONE,NONE,NORMAL,0.0
2023-05-02T21:00:00Z,43057099999,"BOMBAY COLABA, IN",18.9,72.8166666,11.0,29.88,1008.58,57.31,29.88,1008.58,57.31,0,NONE,NONE,NORMAL,0.0
2023-05-02T21:00:00Z,43063099999,"PUNE, IN",18.5333333,73.85,558.0,23.0,1008.8,75.31,23.0,1008.8,75.31,0,NONE,NONE,NORMAL,0.0
2023-05-02T22:00:00Z,42921099999,"NASIK CITY, IN",19.9666666,73.8166666,598.0,21.83,1005.17,87.14,21.83,1005.17,87.14,0,NONE,NONE,NORMAL,0.0
2023-05-02T22:00:00Z,43003099999,"CHHATRAPATI SHIVAJI INTERNATIONAL, IN",19.088686,72.867919,11.27,28.0,1008.0,74.28,28.0,1008.0,74.28,0,NONE,NONE,NORMAL,0.0
2023-05-02T22:00:00Z,43057099999,"BOMBAY COLABA, IN",18.9,72.8166666,11.0,29.73,1008.93,58.01,29.73,1008.93,58.01,0,NONE,NONE,NORMAL,0.0
2023-05-02T22:00:00Z,43063099999,"PUNE, IN",18.5333333,73.85,558.0,22.6,1009.17,78.3,22.6,1009.17,78.3,0,NONE,NONE,NORMAL,0.0
2023-05-02T23:00:00Z,42921099999,"NASIK CITY, IN",19.9666666,73.8166666,598.0,21.67,1005.33,88.03,21.67,1005.33,88.03,0,NONE,NONE,NORMAL,0.0
2023-05-02T23:00:00Z,43003099999,"CHHATRAPATI SHIVAJI INTERNATIONAL, IN",19.088686,72.867919,11.27,28.0,1008.0,74.28,28.0,1008.0,74.28,0,NONE,NONE,NORMAL,0.0
2023-05-02T23:00:00Z,43057099999,"BOMBAY COLABA, IN",18.9,72.8166666,11.0,29.59,1009.29,58.72,29.59,1009.29,58.72,0,NONE,NONE,NORMAL,0.0
2023-05-02T23:00:00Z,43063099999,"PUNE, IN",18.5333333,73.85,558.0,22.2,1009.53,81.4,22.2,1009.53,81.4,0,NONE,NONE,NORMAL,0.0
2023-05-03T00:00:00Z,42921099999,"NASIK CITY, IN",19.9666666,73.8166666,598.0,21.5,1005.5,88.94,21.5,1005.5,88.94,0,NONE,NONE,NORMAL,0.0
2023-05-03T00:00:00Z,43003099999,"CHHATRAPATI SHIVAJI INTERNATIONAL, IN",19.088686,72.867919,11.27,27.0,1008.9,76.87,27.0,1008.9,76.87,0,NONE,NONE,NORMAL,0.0
2023-05-03T00:00:00Z,43057099999,"BOMBAY COLABA, IN",18.9,72.8166666,11.0,29.44,1009.64,59.44,29.44,1009.64,59.44,0,NONE,NONE,NORMAL,0.0
2023-05-03T00:00:00Z,43063099999,"PUNE, IN",18.5333333,73.85,558.0,21.8,1009.9,84.64,21.8,1009.9,84.64,0,NONE,NONE,NORMAL,0.0
2023-05-03T01:00:00Z,42921099999,"NASIK CITY, IN",19.9666666,73.8166666,598.0,22.53,1005.93,84.37,22.53,1005.93,84.37,0,NONE,NONE,NORMAL,0.0
2023-05-03T01:00:00Z,43003099999,"CHHATRAPATI SHIVAJI INTERNATIONAL, IN",19.088686,72.867919,11.27,28.0,1009.0,74.28,28.0,1009.0,74.28,0,NONE,NONE,NORMAL,0.0
2023-05-03T01:00:00Z,43057099999,"BOMBAY COLABA, IN",18.9,72.8166666,11.0,29.29,1009.99,60.16,29.29,1009.99,60.16,0,NONE,NONE,NORMAL,0.0
2023-05-03T01:00:00Z,43063099999,"PUNE, IN",18.5333333,73.85,558.0,22.93,1010.17,80.16,22.93,1010.17,80.16,0,NONE,NONE,NORMAL,0.0
2023-05-03T02:00:00Z,42921099999,"NASIK CITY, IN",19.9666666,73.8166666,598.0,23.57,1006.37,80.08,23.57,1006.37,80.08,0,NONE,NONE,NORMAL,0.0
2023-05-03T02:00:00Z,43003099999,"CHHATRAPATI SHIVAJI INTERNATIONAL, IN",19.088686,72.867919,11.27,29.0,1010.0,70.08,29.0,1010.0,70.08,0,NONE,NONE,NORMAL,0.0
2023-05-03T02:00:00Z,43057099999,"BOMBAY COLABA, IN",18.9,72.8166666,11.0,29.15,1010.35,60.9,29.15,1010.35,60.9,0,NONE,NONE,NORMAL,0.0
2023-05-03T02:00:00Z,43063099999,"PUNE, IN",18.5333333,73.85,558.0,24.07,1010.43,75.95,24.07,1010.43,75.95,0,NONE,NONE,NORMAL,0.0
2023-05-03T03:00:00Z,42921099999,"NASIK CITY, IN",19.9666666,73.8166666,598.0,24.6,1006.8,76.04,24.6,1006.8,76.04,0,NONE,NONE,NORMAL,0.0
2023-05-03T03:00:00Z,43003099999,"CHHATRAPATI SHIVAJI INTERNATIONAL, IN",19.088686,72.867919,11.27,29.0,1010.5,74.89,29.0,1010.5,74.89,0,NONE,NONE,NORMAL,0.0
2023-05-03T03:00:00Z,43057099999,"BOMBAY COLABA, IN",18.9,72.8166666,11.0,29.0,1010.7,61.65,29.0,1010.7,61.65,0,NONE,NONE,NORMAL,0.0
2023-05-03T03:00:00Z,43063099999,"PUNE, IN",18.5333333,73.85,558.0,25.2,1010.7,72.01,25.2,1010.7,72.01,0,NONE,NONE,NORMAL,0.0
2023-05-03T04:00:00Z,42921099999,"NASIK CITY, IN",19.9666666,73.8166666,598.0,26.4,1006.33,62.88,26.4,1006.33,62.88,0,NONE,NONE,NORMAL,0.0
2023-05-03T04:00:00Z,43003099999,"CHHATRAPATI SHIVAJI INTERNATIONAL, IN",19.088686,72.867919,11.27,31.0,1011.0,55.29,31.0,1011.0,55.29,0,NONE,NONE,NORMAL,0.0
2023-05-03T04:00:00Z,43057099999,"BOMBAY COLABA, IN",18.9,72.8166666,11.0,29.18,1010.3,61.35,29.18,1010.3,61.35,0,NONE,NONE,NORMAL,0.0
2023-05-03T04:00:00Z,43063099999,"PUNE, IN",18.5333333,73.85,558.0,26.6,1010.37,62.27,26.6,1010.37,62.27,0,NONE,NONE,NORMAL,0.0
2023-05-03T05:00:00Z,42921099999,"NASIK CITY, IN",19.9666666,73.8166666,598.0,28.2,1005.87,52.03,28.2,1005.87,52.03,0,NONE,NONE,NORMAL,0.0
2023-05-03T05:00:00Z,43003099999,"CHHATRAPATI SHIVAJI INTERNATIONAL, IN",19.088686,72.867919,11.27,32.0,1011.0,55.53,32.0,1011.0,55.53,0,NONE,NONE,NORMAL,0.0
2023-05-03T05:00:00Z,43057099999,"BOMBAY COLABA, IN",18.9,72.8166666,11.0,29.36,1009.9,61.06,29.36,1009.9,61.06,0,NONE,NONE,NORMAL,0.0
2023-05-03T05:00:00Z,43063099999,"PUNE, IN",18.5333333,73.85,558.0,28.0,1010.03,53.87,28.0,1010.03,53.87,0,NONE,NONE,NORMAL,0.0
2023-05-03T06:00:00Z,42921099999,"NASIK CITY, IN",19.9666666,73.8166666,598.0,30.0,1005.4,43.07,30.0,1005.4,43.07,0,NONE,NONE,NORMAL,0.0
2023-05-03T06:00:00Z,43003099999,"CHHATRAPATI SHIVAJI INTERNATIONAL, IN",19.088686,72.867919,11.27,32.0,1010.7,54.52,32.0,1010.7,54.52,0,NONE,NONE,NORMAL,0.0
2023-05-03T06:00:00Z,43057099999,"BOMBAY COLABA, IN",18.9,72.8166666,11.0,29.53,1009.5,60.76,29.53,1009.5,60.76,0,NONE,NONE,NORMAL,0.0
2023-05-03T06:00:00Z,43063099999,"PUNE, IN",18.5333333,73.85,558.0,29.4,1009.7,46.62,29.4,1009.7,46.62,0,NONE,NONE,NORMAL,0.0
2023-05-03T07:00:00Z,42921099999,"NASIK CITY, IN",19.9666666,73.8166666,598.0,31.0,1004.2,39.64,31.0,1004.2,39.64,0,NONE,NONE,NORMAL,0.0
2023-05-03T07:00:00Z,43003099999,"CHHATRAPATI SHIVAJI INTERNATIONAL, IN",19.088686,72.867919,11.27,31.0,1010.0,58.78,31.0,1010.0,58.78,0,NONE,NONE,NORMAL,0.0
2023-05-03T07:00:00Z,43057099999,"BOMBAY COLABA, IN",18.9,72.8166666,11.0,29.71,1009.1,60.47,29.71,1009.1,60.47,0,NONE,NONE,NORMAL,0.0
2023-05-03T07:00:00Z,43063099999,"PUNE, IN",18.5333333,73.85,558.0,30.73,1008.43,42.0,30.73,1008.43,42.0,0,NONE,NONE,NORMAL,0.0
2023-05-03T08:00:00Z,42921099999,"NASIK CITY, IN",19.9666666,73.8166666,598.0,32.0,1003.0,36.5,32.0,1003.0,36.5,0,NONE,NONE,NORMAL,0.0
2023-05-03T08:00:00Z,43003099999,"CHHATRAPATI SHIVAJI INTERNATIONAL, IN",19.088686,72.867919,11.27,32.0,1009.0,52.23,32.0,1009.0,52.23,0,NONE,NONE,NORMAL,0.0
2023-05-03T08:00:00Z,43057099999,"BOMBAY COLABA, IN",18.9,72.8166666,11.0,29.89,1008.7,60.18,29.89,1008.7,60.18,0,NONE,NONE,NORMAL,0.0
2023-05-03T08:00:00Z,43063099999,"PUNE, IN",18.5333333,73.85,558.0,32.07,1007.17,37.87,32.07,1007.17,37.87,0,NONE,NONE,NORMAL,0.0
2023-05-03T09:00:00Z,42921099999,"NASIK CITY, IN",19.9666666,73.8166666,598.0,33.0,1001.8,33.62,33.0,1001.8,33.62,0,NONE,NONE,NORMAL,0.0
2023-05-03T09:00:00Z,43003099999,"CHHATRAPATI SHIVAJI INTERNATIONAL, IN",19.088686,72.867919,11.27,32.6,1008.5,55.0,32.6,1008.5,55.0,0,NONE,NONE,NORMAL,0.0
2023-05-03T09:00:00Z,43057099999,"BOMBAY COLABA, IN",18.9,72.8166666,11.0,30.07,1008.3,59.9,30.07,1008.3,59.9,0,NONE,NONE,NORMAL,0.0
2023-05-03T09:00:00Z,43063099999,"PUNE, IN",18.5333333,73.85,558.0,33.4,1005.9,34.17,33.4,1005.9,34.17,0,NONE,NONE,NORMAL,0.0
2023-05-03T10:00:00Z,42921099999,"NASIK CITY, IN",19.9666666,73.8166666,598.0,32.67,1001.2,32.89,32.67,1001.2,32.89,0,NONE,NONE,NORMAL,0.0
2023-05-03T10:00:00Z,43003099999,"CHHATRAPATI SHIVAJI INTERNATIONAL, IN",19.088686,72.867919,11.27,31.0,1007.0,62.47,31.0,1007.0,62.47,0,NONE,NONE,NORMAL,0.0
2023-05-03T10:00:00Z,43057099999,"BOMBAY COLABA, IN",18.9,72.8166666,11.0,30.24,1007.9,59.61,30.24,1007.9,59.61,0,NONE,NONE,NORMAL,0.0
2023-05-03T10:00:00Z,43063099999,"PUNE, IN",18.5333333,73.85,558.0,31.13,1006.0,42.83,31.13,1006.0,42.83,0,NONE,NONE,NORMAL,0.0
2023-05-03T11:00:00Z,42921099999,"NASIK CITY, IN",19.9666666,73.8166666,598.0,32.33,1000.6,32.16,32.33,1000.6,32.16,0,NONE,NONE,NORMAL,0.0
2023-05-03T11:00:00Z,43003099999,"CHHATRAPATI SHIVAJI INTERNATIONAL, IN",19.088686,72.867919,11.27,31.0,1007.0,62.47,31.0,1007.0,62.47,0,NONE,NONE,NORMAL,0.0
2023-05-03T11:00:00Z,43057099999,"BOMBAY COLABA, IN",18.9,72.8166666,11.0,30.42,1007.5,59.33,30.42,1007.5,59.33,0,NONE,NONE,NORMAL,0.0
2023-05-03T11:00:00Z,43063099999,"PUNE, IN",18.5333333,73.85,558.0,28.87,1006.1,53.75,28.87,1006.1,53.75,0,NONE,NONE,NORMAL,0.0
2023-05-03T12:00:00Z,42921099999,"NASIK CITY, IN",19.9666666,73.8166666,598.0,32.0,1000.0,31.45,32.0,1000.0,31.45,0,NONE,NONE,NORMAL,0.0
2023-05-03T12:00:00Z,43003099999,"CHHATRAPATI SHIVAJI INTERNATIONAL, IN",19.088686,72.867919,11.27,31.0,1006.8,57.01,31.0,1006.8,57.01,0,NONE,NONE,NORMAL,0.0
2023-05-03T12:00:00Z,43057099999,"BOMBAY COLABA, IN",18.9,72.8166666,11.0,30.6,1007.1,59.05,30.6,1007.1,59.05,0,NONE,NONE,NORMAL,0.0
2023-05-03T12:00:00Z,43063099999,"PUNE, IN",18.5333333,73.85,558.0,26.6,1006.2,67.52,26.6,1006.2,67.52,0,NONE,NONE,NORMAL,0.0
2023-05-03T13:00:00Z,42921099999,"NASIK CITY, IN",19.9666666,73.8166666,598.0,30.2,1001.23,38.58,30.2,1001.23,38.58,0,NONE,NONE,NORMAL,0.0
2023-05-03T13:00:00Z,43003099999,"CHHATRAPATI SHIVAJI INTERNATIONAL, IN",19.088686,72.867919,11.27,30.0,1007.0,62.25,30.0,1007.0,62.25,0,NONE,NONE,NORMAL,0.0
2023-05-03T13:00:00Z,43057099999,"BOMBAY COLABA, IN",18.9,72.8166666,11.0,30.47,1007.32,60.14,30.47,1007.32,60.14,0,NONE,NONE,NORMAL,0.0
2023-05-03T13:00:00Z,43063099999,"PUNE, IN",18.5333333,73.85,558.0,26.13,1006.87,67.14,26.13,1006.87,67.14,0,NONE,NONE,NORMAL,0.0
2023-05-03T14:00:00Z,42921099999,"NASIK CITY, IN",19.9666666,73.8166666,598.0,28.4,1002.47,47.35,28.4,1002.47,47.35,0,NONE,NONE,NORMAL,0.0
2023-05-03T14:00:00Z,43003099999,"CHHATRAPATI SHIVAJI INTERNATIONAL, IN",19.088686,72.867919,11.27,29.0,1008.0,70.08,29.0,1008.0,70.08,0,NONE,NONE,NORMAL,0.0
2023-05-03T14:00:00Z,43057099999,"BOMBAY COLABA, IN",18.9,72.8166666,11.0,30.33,1007.54,61.24,30.33,1007.54,61.24,0,NONE,NONE,NORMAL,0.0
2023-05-03T14:00:00Z,43063099999,"PUNE, IN",18.5333333,73.85,558.0,25.67,1007.53,66.77,25.67,1007.53,66.77,0,NONE,NONE,NORMAL,0.0
2023-05-03T15:00:00Z,42921099999,"NASIK CITY, IN",19.9666666,73.8166666,598.0,26.6,1003.7,58.11,26.6,1003.7,58.11,0,NONE,NONE,NORMAL,0.0
2023-05-03T15:00:00Z,43003099999,"CHHATRAPATI SHIVAJI INTERNATIONAL, IN",19.088686,72.867919,11.27,29.0,1008.7,66.76,29.0,1008.7,66.76,0,NONE,NONE,NORMAL,0.0
2023-05-03T15:00:00Z,43057099999,"BOMBAY COLABA, IN",18.9,72.8166666,11.0,30.2,1007.76,62.37,30.2,1007.76,62.37,0,NONE,NONE,NORMAL,0.0
2023-05-03T15:00:00Z,43063099999,"PUNE, IN",18.5333333,73.85,558.0,25.2,1008.2,66.4,25.2,1008.2,66.4,0,NONE,NONE,NORMAL,0.0
2023-05-03T16:00:00Z,42921099999,"NASIK CITY, IN",19.9666666,73.8166666,598.0,25.9,1004.53,62.24,25.9,1004.53,62.24,0,NONE,NONE,NORMAL,0.0
2023-05-03T16:00:00Z,43003099999,"CHHATRAPATI SHIVAJI INTERNATIONAL, IN",19.088686,72.867919,11.27,29.0,1009.0,74.44,29.0,1009.0,74.44,0,NONE,NONE,NORMAL,0.0
2023-05-03T16:00:00Z,43057099999,"BOMBAY COLABA, IN",18.9,72.8166666,11.0,30.07,1007.98,63.52,30.07,1007.98,63.52,0,NONE,NONE,NORMAL,0.0
2023-05-03T16:00:00Z,43063099999,"PUNE, IN",18.5333333,73.85,558.0,24.67,1008.83,69.85,24.67,1008.83,69.85,0,NONE,NONE,NORMAL,0.0
2023-05-03T17:00:00Z,42921099999,"NASIK CITY, IN",19.9666666,73.8166666,598.0,25.2,1005.37,66.68,25.2,1005.37,66.68,0,NONE,NONE,NORMAL,0.0
2023-05-03T17:00:00Z,43003099999,"CHHATRAPATI SHIVAJI INTERNATIONAL, IN",19.088686,72.867919,11.27,29.0,1010.0,70.08,29.0,1010.0,70.08,0,NONE,NONE,NORMAL,0.0
2023-05-03T17:00:00Z,43057099999,"BOMBAY COLABA, IN",18.9,72.8166666,11.0,29.93,1008.2,64.68,29.93,1008.2,64.68,0,NONE,NONE,NORMAL,0.0
2023-05-03T17:00:00Z,43063099999,"PUNE, IN",18.5333333,73.85,558.0,24.13,1009.47,73.48,24.13,1009.47,73.48,0,NONE,NONE,NORMAL,0.0
2023-05-03T18:00:00Z,42921099999,"NASIK CITY, IN",19.9666666,73.8166666,598.0,24.5,1006.2,71.43,24.5,1006.2,71.43,0,NONE,NONE,NORMAL,0.0
2023-05-03T18:00:00Z,43003099999,"CHHATRAPATI SHIVAJI INTERNATIONAL, IN",19.088686,72.867919,11.27,29.0,1010.0,70.08,29.0,1010.0,70.08,0,NONE,NONE,NORMAL,0.0
2023-05-03T18:00:00Z,43057099999,"BOMBAY COLABA, IN",18.9,72.8166666,11.0,29.8,1008.42,65.87,29.8,1008.42,65.87,0,NONE,NONE,NORMAL,0.0
2023-05-03T18:00:00Z,43063099999,"PUNE, IN",18.5333333,73.85,558.0,23.6,1010.1,77.31,23.6,1010.1,77.31,0,NONE,NONE,NORMAL,0.0
2023-05-03T19:00:00Z,42921099999,"NASIK CITY, IN",19.9666666,73.8166666,598.0,23.83,1005.67,73.89,23.83,1005.67,73.89,0,NONE,NONE,NORMAL,0.0
2023-05-03T19:00:00Z,43003099999,"CHHATRAPATI SHIVAJI INTERNATIONAL, IN",19.088686,72.867919,11.27,29.0,1009.5,72.23,29.0,1009.5,72.23,0,NONE,NONE,NORMAL,0.0
2023-05-03T19:00:00Z,43057099999,"BOMBAY COLABA, IN",18.9,72.8166666,11.0,29.67,1008.64,67.08,29.67,1008.64,67.08,0,NONE,NONE,NORMAL,0.0
2023-05-03T19:00:00Z,43063099999,"PUNE, IN",18.5333333,73.85,558.0,23.13,1009.63,79.69,23.13,1009.63,79.69,0,NONE,NONE,NORMAL,0.0
2023-05-03T20:00:00Z,42921099999,"NASIK CITY, IN",19.9666666,73.8166666,598.0,23.17,1005.13,76.44,23.17,1005.13,76.44,0,NONE,NONE,NORMAL,0.0
2023-05-03T20:00:00Z,43003099999,"CHHATRAPATI SHIVAJI INTERNATIONAL, IN",19.088686,72.867919,11.27,28.0,1009.0,74.28,28.0,1009.0,74.28,0,NONE,NONE,NORMAL,0.0
2023-05-03T20:00:00Z,43057099999,"BOMBAY COLABA, IN",18.9,72.8166666,11.0,29.53,1008.86,68.31,29.53,1008.86,68.31,0,NONE,NONE,NORMAL,0.0
2023-05-03T20:00:00Z,43063099999,"PUNE, IN",18.5333333,73.85,558.0,22.67,1009.17,82.14,22.67,1009.17,82.14,0,NONE,NONE,NORMAL,0.0
2023-05-03T21:00:00Z,42921099999,"NASIK CITY, IN",19.9666666,73.8166666,598.0,22.5,1004.6,79.1,22.5,1004.6,79.1,0,NONE,NONE,NORMAL,0.0
2023-05-03T21:00:00Z,43003099999,"CHHATRAPATI SHIVAJI INTERNATIONAL, IN",19.088686,72.867919,11.27,27.4,1008.2,75.55,27.4,1008.2,75.55,0,NONE,NONE,NORMAL,0.0
2023-05-03T21:00:00Z,43057099999,"BOMBAY COLABA, IN",18.9,72.8166666,11.0,29.4,1009.08,69.57,29.4,1009.08,69.57,0,NONE,NONE,NORMAL,0.0
2023-05-03T21:00:00Z,43063099999,"PUNE, IN",18.5333333,73.85,558.0,22.2,1008.7,84.68,22.2,1008.7,84.68,0,NONE,NONE,NORMAL,0.0
2023-05-03T22:00:00Z,42921099999,"NASIK CITY, IN",19.9666666,73.8166666,598.0,22.4,1004.67,81.43,22.4,1004.67,81.43,0,NONE,NONE,NORMAL,0.0
2023-05-03T22:00:00Z,43003099999,"CHHATRAPATI SHIVAJI INTERNATIONAL, IN",19.088686,72.867919,11.27,28.0,1008.0,74.28,28.0,1008.0,74.28,0,NONE,NONE,NORMAL,0.0
2023-05-03T22:00:00Z,43057099999,"BOMBAY COLABA, IN",18.9,72.8166666,11.0,29.27,1009.3,70.84,29.27,1009.3,70.84,0,NONE,NONE,NORMAL,0.0
2023-05-03T22:00:00Z,43063099999,"PUNE, IN",18.5333333,73.85,558.0,21.47,1009.0,87.83,21.47,1009.0,87.83,0,NONE,NONE,NORMAL,0.0
2023-05-03T23:00:00Z,42921099999,"NASIK CITY, IN",19.9666666,73.8166666,598.0,22.3,1004.73,83.82,22.3,1004.73,83.82,0,NONE,NONE,NORMAL,0.0
2023-05-03T23:00:00Z,43003099999,"CHHATRAPATI SHIVAJI INTERNATIONAL, IN",19.088686,72.867919,11.27,28.0,1008.0,78.9,28.0,1008.0,78.9,0,NONE,NONE,NORMAL,0.0
2023-05-03T23:00:00Z,43057099999,"BOMBAY COLABA, IN",18.9,72.8166666,11.0,29.13,1009.52,72.14,29.13,1009.52,72.14,0,NONE,NONE,NORMAL,0.0
2023-05-03T23:00:00Z,43063099999,"PUNE, IN",18.5333333,73.85,558.0,20.73,1009.3,91.12,20.73,1009.3,91.12,0,NONE,NONE,NORMAL,0.0
2023-05-04T00:00:00Z,42921099999,"NASIK CITY, IN",19.9666666,73.8166666,598.0,22.2,1004.8,86.28,22.2,1004.8,86.28,0,NONE,NONE,NORMAL,0.0
2023-05-04T00:00:00Z,43003099999,"CHHATRAPATI SHIVAJI INTERNATIONAL, IN",19.088686,72.867919,11.27,26.6,1008.2,82.61,26.6,1008.2,82.61,0,NONE,NONE,NORMAL,0.0
2023-05-04T00:00:00Z,43057099999,"BOMBAY COLABA, IN",18.9,72.8166666,11.0,29.0,1009.74,73.46,29.0,1009.74,73.46,0,NONE,NONE,NORMAL,0.0
2023-05-04T00:00:00Z,43063099999,"PUNE, IN",18.5333333,73.85,558.0,20.0,1009.6,94.56,20.0,1009.6,94.56,0,NONE,NONE,NORMAL,0.0
2023-05-04T01:00:00Z,42921099999,"NASIK CITY, IN",19.9666666,73.8166666,598.0,23.13,1005.23,82.37,23.13,1005.23,82.37,0,NONE,NONE,NORMAL,0.0
2023-05-04T01:00:00Z,43003099999,"CHHATRAPATI SHIVAJI INTERNATIONAL, IN",19.088686,72.867919,11.27,27.0,1009.0,83.66,27.0,1009.0,83.66,0,NONE,NONE,NORMAL,0.0
2023-05-04T01:00:00Z,43057099999,"BOMBAY COLABA, IN",18.9,72.8166666,11.0,28.87,1009.96,74.81,28.87,1009.96,74.81,0,NONE,NONE,NORMAL,0.0
2023-05-04T01:00:00Z,43063099999,"PUNE, IN",18.5333333,73.85,558.0,21.47,1009.8,86.75,21.47,1009.8,86.75,0,NONE,NONE,NORMAL,0.0
2023-05-04T02:00:00Z,42921099999,"NASIK CITY, IN",19.9666666,73.8166666,598.0,24.07,1005.67,78.67,24.07,1005.67,78.67,0,NONE,NONE,NORMAL,0.0
2023-05-04T02:00:00Z,43003099999,"CHHATRAPATI SHIVAJI INTERNATIONAL, IN",19.088686,72.867919,11.27,28.0,1010.0,78.9,28.0,1010.0,78.9,0,NONE,NONE,NORMAL,0.0
2023-05-04T02:00:00Z,43057099999,"BOMBAY COLABA, IN",18.9,72.8166666,11.0,28.73,1010.18,76.18,28.73,1010.18,76.18,0,NONE,NONE,NORMAL,0.0
2023-05-04T02:00:00Z,43063099999,"PUNE, IN",18.5333333,73.85,558.0,22.93,1010.0,79.66,22.93,1010.0,79.66,0,NONE,NONE,NORMAL,0.0
2023-05-04T03:00:00Z,42921099999,"NASIK CITY, IN",19.9666666,73.8166666,598.0,25.0,1006.1,75.16,25.0,1006.1,75.16,0,NONE,NONE,NORMAL,0.0
2023-05-04T03:00:00Z,43003099999,"CHHATRAPATI SHIVAJI INTERNATIONAL, IN",19.088686,72.867919,11.27,28.6,1010.1,70.44,28.6,1010.1,70.44,0,NONE,NONE,NORMAL,0.0
2023-05-04T03:00:00Z,43057099999,"BOMBAY COLABA, IN",18.9,72.8166666,11.0,28.6,1010.4,77.58,28.6,1010.4,77.58,0,NONE,NONE,NORMAL,0.0
2023-05-04T03:00:00Z,43063099999,"PUNE, IN",18.5333333,73.85,558.0,24.4,1010.2,73.22,24.4,1010.2,73.22,0,NONE,NONE,NORMAL,0.0
2023-05-04T04:00:00Z,42921099999,"NASIK CITY, IN",19.9666666,73.8166666,598.0,27.2,1005.43,60.61,27.2,1005.43,60.61,0,NONE,NONE,NORMAL,0.0
2023-05-04T04:00:00Z,43003099999,"CHHATRAPATI SHIVAJI INTERNATIONAL, IN",19.088686,72.867919,11.27,31.0,1010.0,62.47,31.0,1010.0,62.47,0,NONE,NONE,NORMAL,0.0
2023-05-04T04:00:00Z,43057099999,"BOMBAY COLABA, IN",18.9,72.8166666,11.0,28.8,1009.89,75.41,28.8,1009.89,75.41,0,NONE,NONE,NORMAL,0.0
2023-05-04T04:00:00Z,43063099999,"PUNE, IN",18.5333333,73.85,558.0,26.6,1009.57,60.86,26.6,1009.57,60.86,0,NONE,NONE,NORMAL,0.0
2023-05-04T05:00:00Z,42921099999,"NASIK CITY, IN",19.9666666,73.8166666,598.0,29.4,1004.77,48.94,29.4,1004.77,48.94,0,NONE,NONE,NORMAL,0.0
2023-05-04T05:00:00Z,43003099999,"CHHATRAPATI SHIVAJI INTERNATIONAL, IN",19.088686,72.867919,11.27,32.0,1010.0,59.01,32.0,1010.0,59.01,0,NONE,NONE,NORMAL,0.0
2023-05-04T05:00:00Z,43057099999,"BOMBAY COLABA, IN",18.9,72.8166666,11.0,29.0,1009.38,73.31,29.0,1009.38,73.31,0,NONE,NONE,NORMAL,0.0
2023-05-04T05:00:00Z,43063099999,"PUNE, IN",18.5333333,73.85,558.0,28.8,1008.93,50.67,28.8,1008.93,50.67,0,NONE,NONE,NORMAL,0.0
2023-05-04T06:00:00Z,42921099999,"NASIK CITY, IN",19.9666666,73.8166666,598.0,31.6,1004.1,39.56,31.6,1004.1,39.56,0,NONE,NONE,NORMAL,0.0
2023-05-04T06:00:00Z,43003099999,"CHHATRAPATI SHIVAJI INTERNATIONAL, IN",19.088686,72.867919,11.27,32.2,1009.9,56.95,32.2,1009.9,56.95,0,NONE,NONE,NORMAL,0.0
2023-05-04T06:00:00Z,43057099999,"BOMBAY COLABA, IN",18.9,72.8166666,11.0,29.2,1008.87,71.26,29.2,1008.87,71.26,0,NONE,NONE,NORMAL,0.0
2023-05-04T06:00:00Z,43063099999,"PUNE, IN",18.5333333,73.85,558.0,31.0,1008.3,42.26,31.0,1008.3,42.26,0,NONE,NONE,NORMAL,0.0
2023-05-04T07:00:00Z,42921099999,"NASIK CITY, IN",19.9666666,73.8166666,598.0,30.23,1003.57,47.04,30.23,1003.57,47.04,0,NONE,NONE,NORMAL,0.0
2023-05-04T07:00:00Z,43003099999,"CHHATRAPATI SHIVAJI INTERNATIONAL, IN",19.088686,72.867919,11.27,32.0,1009.0,55.53,32.0,1009.0,55.53,0,NONE,NONE,NORMAL,0.0
2023-05-04T07:00:00Z,43057099999,"BOMBAY COLABA, IN",18.9,72.8166666,11.0,29.4,1008.36,69.27,29.4,1008.36,69.27,0,NONE,NONE,NORMAL,0.0
2023-05-04T07:00:00Z,43063099999,"PUNE, IN",18.5333333,73.85,558.0,31.73,1007.03,38.59,31.73,1007.03,38.59,0,NONE,NONE,NORMAL,0.0
2023-05-04T08:00:00Z,42921099999,"NASIK CITY, IN",19.9666666,73.8166666,598.0,28.87,1003.03,55.92,28.87,1003.03,55.92,0,NONE,NONE,NORMAL,0.0
2023-05-04T08:00:00Z,43003099999,"CHHATRAPATI SHIVAJI INTERNATIONAL, IN",19.088686,72.867919,11.27,31.0,1008.0,58.78,31.0,1008.0,58.78,0,NONE,NONE,NORMAL,0.0
2023-05-04T08:00:00Z,43057099999,"BOMBAY COLABA, IN",18.9,72.8166666,11.0,29.6,1007.84,67.33,29.6,1007.84,67.33,0,NONE,NONE,NORMAL,0.0
2023-05-04T08:00:00Z,43063099999,"PUNE, IN",18.5333333,73.85,558.0,32.47,1005.77,35.25,32.47,1005.77,35.25,0,NONE,NONE,NORMAL,0.0
2023-05-04T09:00:00Z,42921099999,"NASIK CITY, IN",19.9666666,73.8166666,598.0,27.5,1002.5,66.46,27.5,1002.5,66.46,0,NONE,NONE,NORMAL,0.0
2023-05-04T09:00:00Z,43003099999,"CHHATRAPATI SHIVAJI INTERNATIONAL, IN",19.088686,72.867919,11.27,31.8,1007.5,56.51,31.8,1007.5,56.51,0,NONE,NONE,NORMAL,0.0
2023-05-04T09:00:00Z,43057099999,"BOMBAY COLABA, IN",18.9,72.8166666,11.0,29.8,1007.33,65.45,29.8,1007.33,65.45,0,NONE,NONE,NORMAL,0.0
2023-05-04T09:00:00Z,43063099999,"PUNE, IN",18.5333333,73.85,558.0,33.2,1004.5,32.19,33.2,1004.5,32.19,0,NONE,NONE,NORMAL,0.0
2023-05-04T10:00:00Z,42921099999,"NASIK CITY, IN",19.9666666,73.8166666,598.0,27.23,1002.3,64.25,27.23,1002.3,64.25,0,NONE,NONE,NORMAL,0.0
2023-05-04T10:00:00Z,43003099999,"CHHATRAPATI SHIVAJI INTERNATIONAL, IN",19.088686,72.867919,11.27,31.0,1006.0,58.78,31.0,1006.0,58.78,0,NONE,NONE,NORMAL,0.0
2023-05-04T10:00:00Z,43057099999,"BOMBAY COLABA, IN",18.9,72.8166666,11.0,30.0,1006.82,63.61,30.0,1006.82,63.61,0,NONE,NONE,NORMAL,0.0
2023-05-04T10:00:00Z,43063099999,"PUNE, IN",18.5333333,73.85,558.0,32.33,1004.23,37.07,32.33,1004.23,37.07,0,NONE,NONE,NORMAL,0.0
2023-05-04T11:00:00Z,42921099999,"NASIK CITY, IN",19.9666666,73.8166666,598.0,26.97,1002.1,62.09,26.97,1002.1,62.09,0,NONE,NONE,NORMAL,0.0
2023-05-04T11:00:00Z,43003099999,"CHHATRAPATI SHIVAJI INTERNATIONAL, IN",19.088686,72.867919,11.27,31.0,1006.0,62.47,31.0,1006.0,62.47,0,NONE,NONE,NORMAL,0.0
2023-05-04T11:00:00Z,43057099999,"BOMBAY COLABA, IN",18.9,72.8166666,11.0,30.2,1006.31,61.83,30.2,1006.31,61.83,0,NONE,NONE,NORMAL,0.0
2023-05-04T11:00:00Z,43063099999,"PUNE, IN",18.5333333,73.85,558.0,31.47,1003.97,42.65,31.47,1003.97,42.65,0,NONE,NONE,NORMAL,0.0
2023-05-04T12:00:00Z,42921099999,"NASIK CITY, IN",19.9666666,73.8166666,598.0,26.7,1001.9,59.99,26.7,1001.9,59.99,0,NONE,NONE,NORMAL,0.0
2023-05-04T12:00:00Z,43003099999,"CHHATRAPATI SHIVAJI INTERNATIONAL, IN",19.088686,72.867919,11.27,31.4,1005.6,59.96,31.4,1005.6,59.96,0,NONE,NONE,NORMAL,0.0
2023-05-04T12:00:00Z,43057099999,"BOMBAY COLABA, IN",18.9,72.8166666,11.0,30.4,1005.8,60.1,30.4,1005.8,60.1,0,NONE,NONE,NORMAL,0.0
2023-05-04T12:00:00Z,43063099999,"PUNE, IN",18.5333333,73.85,558.0,30.6,1003.7,49.05,30.6,1003.7,49.05,0,NONE,NONE,NORMAL,0.0
2023-05-04T13:00:00Z,42921099999,"NASIK CITY, IN",19.9666666,73.8166666,598.0,26.0,1002.67,62.4,26.0,1002.67,62.4,0,NONE,NONE,NORMAL,0.0
2023-05-04T13:00:00Z,43003099999,"CHHATRAPATI SHIVAJI INTERNATIONAL, IN",19.088686,72.867919,11.27,30.0,1006.0,66.15,30.0,1006.0,66.15,0,NONE,NONE,NORMAL,0.0
2023-05-04T13:00:00Z,43057099999,"BOMBAY COLABA, IN",18.9,72.8166666,11.0,30.31,1006.02,61.06,30.31,1006.02,61.06,0,NONE,NONE,NORMAL,0.0
2023-05-04T13:00:00Z,43063099999,"PUNE, IN",18.5333333,73.85,558.0,28.6,1005.0,56.32,28.6,1005.0,56.32,0,NONE,NONE,NORMAL,0.0
2023-05-04T14:00:00Z,42921099999,"NASIK CITY, IN",19.9666666,73.8166666,598.0,25.3,1003.43,64.91,25.3,1003.43,64.91,0,NONE,NONE,NORMAL,0.0
2023-05-04T14:00:00Z,43003099999,"CHHATRAPATI SHIVAJI INTERNATIONAL, IN",19.088686,72.867919,11.27,29.0,1007.0,70.08,29.0,1007.0,70.08,0,NONE,NONE,NORMAL,0.0
2023-05-04T14:00:00Z,43057099999,"BOMBAY COLABA, IN",18.9,72.8166666,11.0,30.21,1006.24,62.04,30.21,1006.24,62.04,0,NONE,NONE,NORMAL,0.0
2023-05-04T14:00:00Z,43063099999,"PUNE, IN",18.5333333,73.85,558.0,26.6,1006.3,64.78,26.6,1006.3,64.78,0,NONE,NONE,NORMAL,0.0
2023-05-04T15:00:00Z,42921099999,"NASIK CITY, IN",19.9666666,73.8166666,598.0,24.6,1004.2,67.54,24.6,1004.2,67.54,0,NONE,NONE,NORMAL,0.0
2023-05-04T15:00:00Z,43003099999,"CHHATRAPATI SHIVAJI INTERNATIONAL, IN",19.088686,72.867919,11.27,29.0,1008.0,74.44,29.0,1008.0,74.44,0,NONE,NONE,NORMAL,0.0
2023-05-04T15:00:00Z,43057099999,"BOMBAY COLABA, IN",18.9,72.8166666,11.0,30.12,1006.46,63.04,30.12,1006.46,63.04,0,NONE,NONE,NORMAL,0.0
2023-05-04T15:00:00Z,43063099999,"PUNE, IN",18.5333333,73.85,558.0,24.6,1007.6,74.63,24.6,1007.6,74.63,0,NONE,NONE,NORMAL,0.0
2023-05-04T16:00:00Z,42921099999,"NASIK CITY, IN",19.9666666,73.8166666,598.0,24.3,1004.43,71.7,24.3,1004.43,71.7,0,NONE,NONE,NORMAL,0.0
2023-05-04T16:00:00Z,43003099999,"CHHATRAPATI SHIVAJI INTERNATIONAL, IN",19.088686,72.867919,11.27,29.0,1008.0,70.08,29.0,1008.0,70.08,0,NONE,NONE,NORMAL,0.0
2023-05-04T16:00:00Z,43057099999,"BOMBAY COLABA, IN",18.9,72.8166666,11.0,30.03,1006.68,64.05,30.03,1006.68,64.05,0,NONE,NONE,NORMAL,0.0
2023-05-04T16:00:00Z,43063099999,"PUNE, IN",18.5333333,73.85,558.0,24.6,1008.2,73.71,24.6,1008.2,73.71,0,NONE,NONE,NORMAL,0.0
2023-05-04T17:00:00Z,42921099999,"NASIK CITY, IN",19.9666666,73.8166666,598.0,24.0,1004.67,76.1,40.5,1004.67,76.1,1,SPIKE,T,NORMAL,0.82
2023-05-04T17:00:00Z,43003099999,"CHHATRAPATI SHIVAJI INTERNATIONAL, IN",19.088686,72.867919,11.27,29.0,1009.0,70.08,29.0,1009.0,70.08,0,NONE,NONE,NORMAL,0.0
2023-05-04T17:00:00Z,43057099999,"BOMBAY COLABA, IN",18.9,72.8166666,11.0,29.93,1006.9,65.08,29.93,1006.9,65.08,0,NONE,NONE,NORMAL,0.0
2023-05-04T17:00:00Z,43063099999,"PUNE, IN",18.5333333,73.85,558.0,24.6,1008.8,72.8,24.6,1008.8,72.8,0,NONE,NONE,NORMAL,0.0
2023-05-04T18:00:00Z,42921099999,"NASIK CITY, IN",19.9666666,73.8166666,598.0,23.7,1004.9,80.76,23.7,1004.9,80.76,0,NONE,NONE,NORMAL,0.0
2023-05-04T18:00:00Z,43003099999,"CHHATRAPATI SHIVAJI INTERNATIONAL, IN",19.088686,72.867919,11.27,28.8,1008.9,72.2,28.8,1008.9,72.2,0,NONE,NONE,NORMAL,0.0
2023-05-04T18:00:00Z,43057099999,"BOMBAY COLABA, IN",18.9,72.8166666,11.0,29.84,1007.12,66.12,29.84,1007.12,66.12,0,NONE,NONE,NORMAL,0.0
2023-05-04T18:00:00Z,43063099999,"PUNE, IN",18.5333333,73.85,558.0,24.6,1009.4,71.9,24.6,1009.4,71.9,0,NONE,NONE,NORMAL,0.0
2023-05-04T19:00:00Z,42921099999,"NASIK CITY, IN",19.9666666,73.8166666,598.0,23.33,1004.7,81.04,23.33,1004.7,81.04,0,NONE,NONE,NORMAL,0.0
2023-05-04T19:00:00Z,43003099999,"CHHATRAPATI SHIVAJI INTERNATIONAL, IN",19.088686,72.867919,11.27,29.0,1009.0,74.44,29.0,1009.0,74.44,0,NONE,NONE,NORMAL,0.0
2023-05-04T19:00:00Z,43057099999,"BOMBAY COLABA, IN",18.9,72.8166666,11.0,29.75,1007.34,67.18,29.75,1007.34,67.18,0,NONE,NONE,NORMAL,0.0
2023-05-04T19:00:00Z,43063099999,"PUNE, IN",18.5333333,73.85,558.0,24.27,1009.0,73.2,24.27,1009.0,73.2,0,NONE,NONE,NORMAL,0.0
2023-05-04T20:00:00Z,42921099999,"NASIK CITY, IN",19.9666666,73.8166666,598.0,22.97,1004.5,81.33,22.97,1004.5,81.33,0,NONE,NONE,NORMAL,0.0
2023-05-04T20:00:00Z,43003099999,"CHHATRAPATI SHIVAJI INTERNATIONAL, IN",19.088686,72.867919,11.27,29.0,1008.0,74.44,29.0,1008.0,74.44,0,NONE,NONE,NORMAL,0.0
2023-05-04T20:00:00Z,43057099999,"BOMBAY COLABA, IN",18.9,72.8166666,11.0,29.65,1007.56,68.25,29.65,1007.56,68.25,0,NONE,NONE,NORMAL,0.0
2023-05-04T20:00:00Z,43063099999,"PUNE, IN",18.5333333,73.85,558.0,23.93,1008.6,74.52,23.93,1008.6,74.52,0,NONE,NONE,NORMAL,0.0
2023-05-04T21:00:00Z,42921099999,"NASIK CITY, IN",19.9666666,73.8166666,598.0,22.6,1004.3,81.62,22.6,1004.3,81.62,0,NONE,NONE,NORMAL,0.0
2023-05-04T21:00:00Z,43003099999,"CHHATRAPATI SHIVAJI INTERNATIONAL, IN",19.088686,72.867919,11.27,28.2,1007.9,76.13,28.2,1007.9,76.13,0,NONE,NONE,NORMAL,0.0
2023-05-04T21:00:00Z,43057099999,"BOMBAY COLABA, IN",18.9,72.8166666,11.0,29.56,1007.78,69.34,29.56,1007.78,69.34,0,NONE,NONE,NORMAL,0.0
2023-05-04T21:00:00Z,43063099999,"PUNE, IN",18.5333333,73.85,558.0,23.6,1008.2,75.88,23.6,1008.2,75.88,0,NONE,NONE,NORMAL,0.0
2023-05-04T22:00:00Z,42921099999,"NASIK CITY, IN",19.9666666,73.8166666,598.0,22.3,1004.23,83.3,22.3,1004.23,83.3,0,NONE,NONE,NORMAL,0.0
2023-05-04T22:00:00Z,43003099999,"CHHATRAPATI SHIVAJI INTERNATIONAL, IN",19.088686,72.867919,11.27,28.0,1008.0,78.9,28.0,1008.0,78.9,0,NONE,NONE,NORMAL,0.0
2023-05-04T22:00:00Z,43057099999,"BOMBAY COLABA, IN",18.9,72.8166666,11.0,29.47,1008.0,70.45,29.47,1008.0,70.45,0,NONE,NONE,NORMAL,0.0
2023-05-04T22:00:00Z,43063099999,"PUNE, IN",18.5333333,73.85,558.0,23.07,1008.2,78.2,23.07,1008.2,78.2,0,NONE,NONE,NORMAL,0.0
2023-05-04T23:00:00Z,42921099999,"NASIK CITY, IN",19.9666666,73.8166666,598.0,22.0,1004.17,85.01,22.0,1004.17,85.01,0,NONE,NONE,NORMAL,0.0
2023-05-04T23:00:00Z,43003099999,"CHHATRAPATI SHIVAJI INTERNATIONAL, IN",19.088686,72.867919,11.27,28.0,1007.0,78.9,28.0,1007.0,78.9,0,NONE,NONE,NORMAL,0.0
2023-05-04T23:00:00Z,43057099999,"BOMBAY COLABA, IN",18.9,72.8166666,11.0,29.37,1008.22,71.58,29.37,1008.22,71.58,0,NONE,NONE,NORMAL,0.0
2023-05-04T23:00:00Z,43063099999,"PUNE, IN",18.5333333,73.85,558.0,22.53,1008.2,80.6,22.53,1008.2,80.6,0,NONE,NONE,NORMAL,0.0
2023-05-05T00:00:00Z,42921099999,"NASIK CITY, IN",19.9666666,73.8166666,598.0,21.7,1004.1,86.77,21.7,1004.1,86.77,0,NONE,NONE,NORMAL,0.0
2023-05-05T00:00:00Z,43003099999,"CHHATRAPATI SHIVAJI INTERNATIONAL, IN",19.088686,72.867919,11.27,27.2,1007.6,81.2,27.2,1007.6,81.2,0,NONE,NONE,NORMAL,0.0
2023-05-05T00:00:00Z,43057099999,"BOMBAY COLABA, IN",18.9,72.8166666,11.0,29.28,1008.44,72.72,29.28,1008.44,72.72,0,NONE,NONE,NORMAL,0.0
2023-05-05T00:00:00Z,43063099999,"PUNE, IN",18.5333333,73.85,558.0,22.0,1008.2,83.09,22.0,1008.2,83.09,0,NONE,NONE,NORMAL,0.0
2023-05-05T01:00:00Z,42921099999,"NASIK CITY, IN",19.9666666,73.8166666,598.0,22.7,1004.5,83.87,22.7,1004.5,83.87,0,NONE,NONE,NORMAL,0.0
2023-05-05T01:00:00Z,43003099999,"CHHATRAPATI SHIVAJI INTERNATIONAL, IN",19.088686,72.867919,11.27,28.0,1008.0,78.9,28.0,1008.0,78.9,0,NONE,NONE,NORMAL,0.0
2023-05-05T01:00:00Z,43057099999,"BOMBAY COLABA, IN",18.9,72.8166666,11.0,29.19,1008.66,73.88,29.19,1008.66,73.88,0,NONE,NONE,NORMAL,0.0
2023-05-05T01:00:00Z,43063099999,"PUNE, IN",18.5333333,73.85,558.0,23.4,1008.43,77.92,23.4,1008.43,77.92,0,NONE,NONE,NORMAL,0.0
2023-05-05T02:00:00Z,42921099999,"NASIK CITY, IN",19.9666666,73.8166666,598.0,23.7,1004.9,81.09,23.7,1004.9,81.09,0,NONE,NONE,NORMAL,0.0
2023-05-05T02:00:00Z,43003099999,"CHHATRAPATI SHIVAJI INTERNATIONAL, IN",19.088686,72.867919,11.27,29.0,1008.0,74.44,29.0,1008.0,74.44,0,NONE,NONE,NORMAL,0.0
2023-05-05T02:00:00Z,43057099999,"BOMBAY COLABA, IN",18.9,72.8166666,11.0,29.09,1008.88,75.06,29.09,1008.88,75.06,0,NONE,NONE,NORMAL,0.0
2023-05-05T02:00:00Z,43063099999,"PUNE, IN",18.5333333,73.85,558.0,24.8,1008.67,73.14,24.8,1008.67,73.14,0,NONE,NONE,NORMAL,0.0
2023-05-05T03:00:00Z,42921099999,"NASIK CITY, IN",19.9666666,73.8166666,598.0,24.7,1005.3,78.44,24.7,1005.3,78.44,0,NONE,NONE,NORMAL,0.0
2023-05-05T03:00:00Z,43003099999,"CHHATRAPATI SHIVAJI INTERNATIONAL, IN",19.088686,72.867919,11.27,30.0,1009.0,70.27,30.0,1009.0,70.27,0,NONE,NONE,NORMAL,0.0
2023-05-05T03:00:00Z,43057099999,"BOMBAY COLABA, IN",18.9,72.8166666,11.0,29.0,1009.1,76.25,29.0,1009.1,76.25,0,NONE,NONE,NORMAL,0.0
2023-05-05T03:00:00Z,43063099999,"PUNE, IN",18.5333333,73.85,558.0,26.2,1008.9,68.7,26.2,1008.9,68.7,0,NONE,NONE,NORMAL,0.0
2023-05-05T04:00:00Z,42921099999,"NASIK CITY, IN",19.9666666,73.8166666,598.0,26.67,1004.83,66.42,26.67,1004.83,66.42,0,NONE,NONE,NORMAL,0.0
2023-05-05T04:00:00Z,43003099999,"CHHATRAPATI SHIVAJI INTERNATIONAL, IN",19.088686,72.867919,11.27,30.0,1009.0,66.15,30.0,1009.0,66.15,0,NONE,NONE,NORMAL,0.0
2023-05-05T04:00:00Z,43057099999,"BOMBAY COLABA, IN",18.9,72.8166666,11.0,29.2,1008.71,74.18,29.2,1008.71,74.18,0,NONE,NONE,NORMAL,0.0
2023-05-05T04:00:00Z,43063099999,"PUNE, IN",18.5333333,73.85,558.0,28.27,1008.13,58.02,28.27,1008.13,58.02,0,NONE,NONE,NORMAL,0.0
2023-05-05T05:00:00Z,42921099999,"NASIK CITY, IN",19.9666666,73.8166666,598.0,28.63,1004.37,56.33,28.63,1004.37,56.33,0,NONE,NONE,NORMAL,0.0
2023-05-05T05:00:00Z,43003099999,"CHHATRAPATI SHIVAJI INTERNATIONAL, IN",19.088686,72.867919,11.27,31.0,1009.0,66.35,31.0,1009.0,66.35,0,NONE,NONE,NORMAL,0.0
2023-05-05T05:00:00Z,43057099999,"BOMBAY COLABA, IN",18.9,72.8166666,11.0,29.4,1008.32,72.16,29.4,1008.32,72.16,0,NONE,NONE,NORMAL,0.0
2023-05-05T05:00:00Z,43063099999,"PUNE, IN",18.5333333,73.85,558.0,30.33,1007.37,49.08,30.33,1007.37,49.08,0,NONE,NONE,NORMAL,0.0
2023-05-05T06:00:00Z,42921099999,"NASIK CITY, IN",19.9666666,73.8166666,598.0,30.6,1003.9,47.83,30.6,1003.9,47.83,0,NONE,NONE,NORMAL,0.0
2023-05-05T06:00:00Z,43003099999,"CHHATRAPATI SHIVAJI INTERNATIONAL, IN",19.088686,72.867919,11.27,31.8,1008.9,58.97,31.8,1008.9,58.97,0,NONE,NONE,NORMAL,0.0
2023-05-05T06:00:00Z,43057099999,"BOMBAY COLABA, IN",18.9,72.8166666,11.0,29.6,1007.93,70.19,29.6,1007.93,70.19,0,NONE,NONE,NORMAL,0.0
2023-05-05T06:00:00Z,43063099999,"PUNE, IN",18.5333333,73.85,558.0,32.4,1006.6,41.58,32.4,1006.6,41.58,0,NONE,NONE,NORMAL,0.0
2023-05-05T07:00:00Z,42921099999,"NASIK CITY, IN",19.9666666,73.8166666,598.0,30.93,1002.8,46.05,30.93,1002.8,46.05,0,NONE,NONE,NORMAL,0.0
2023-05-05T07:00:00Z,43003099999,"CHHATRAPATI SHIVAJI INTERNATIONAL, IN",19.088686,72.867919,11.27,32.0,1008.0,59.01,32.0,1008.0,59.01,0,NONE,NONE,NORMAL,0.0
2023-05-05T07:00:00Z,43057099999,"BOMBAY COLABA, IN",18.9,72.8166666,11.0,29.8,1007.54,68.28,29.8,1007.54,68.28,0,NONE,NONE,NORMAL,0.0
2023-05-05T07:00:00Z,43063099999,"PUNE, IN",18.5333333,73.85,558.0,33.2,1005.4,37.54,33.2,1005.4,37.54,0,NONE,NONE,NORMAL,0.0
2023-05-05T08:00:00Z,42921099999,"NASIK CITY, IN",19.9666666,73.8166666,598.0,31.27,1001.7,44.34,31.27,1001.7,44.34,0,NONE,NONE,NORMAL,0.0
2023-05-05T08:00:00Z,43003099999,"CHHATRAPATI SHIVAJI INTERNATIONAL, IN",19.088686,72.867919,11.27,31.0,1008.0,62.47,31.0,1008.0,62.47,0,NONE,NONE,NORMAL,0.0
2023-05-05T08:00:00Z,43057099999,"BOMBAY COLABA, IN",18.9,72.8166666,11.0,30.0,1007.16,66.42,30.0,1007.16,66.42,0,NONE,NONE,NORMAL,0.0
2023-05-05T08:00:00Z,43063099999,"PUNE, IN",18.5333333,73.85,558.0,34.0,1004.2,33.9,34.0,1004.2,33.9,0,NONE,NONE,NORMAL,0.0
2023-05-05T09:00:00Z,42921099999,"NASIK CITY, IN",19.9666666,73.8166666,598.0,31.6,1000.6,42.69,31.6,1000.6,42.69,0,NONE,NONE,NORMAL,0.0
2023-05-05T09:00:00Z,43003099999,"CHHATRAPATI SHIVAJI INTERNATIONAL, IN",19.088686,72.867919,11.27,31.0,1006.0,58.78,31.0,1006.0,58.78,0,NONE,NONE,NORMAL,0.0
2023-05-05T09:00:00Z,43057099999,"BOMBAY COLABA, IN",18.9,72.8166666,11.0,30.2,1006.77,64.61,30.2,1006.77,64.61,0,NONE,NONE,NORMAL,0.0
2023-05-05T09:00:00Z,43063099999,"PUNE, IN",18.5333333,73.85,558.0,34.8,1003.0,30.6,34.8,1003.0,30.6,0,NONE,NONE,NORMAL,0.0
2023-05-05T10:00:00Z,42921099999,"NASIK CITY, IN",19.9666666,73.8166666,598.0,30.8,1000.33,46.31,30.8,1000.33,46.31,0,NONE,NONE,NORMAL,0.0
2023-05-05T10:00:00Z,43003099999,"CHHATRAPATI SHIVAJI INTERNATIONAL, IN",19.088686,72.867919,11.27,32.0,1005.0,52.23,32.0,1005.0,52.23,0,NONE,NONE,NORMAL,0.0
2023-05-05T10:00:00Z,43057099999,"BOMBAY COLABA, IN",18.9,72.8166666,11.0,30.4,1006.38,62.84,30.4,1006.38,62.84,0,NONE,NONE,NORMAL,0.0
2023-05-05T10:00:00Z,43063099999,"PUNE, IN",18.5333333,73.85,558.0,33.4,1003.2,35.81,33.4,1003.2,35.81,0,NONE,NONE,NORMAL,0.0
2023-05-05T11:00:00Z,42921099999,"NASIK CITY, IN",19.9666666,73.8166666,598.0,30.0,1000.07,50.24,30.0,1000.07,50.24,0,NONE,NONE,NORMAL,0.0
2023-05-05T11:00:00Z,43003099999,"CHHATRAPATI SHIVAJI INTERNATIONAL, IN",19.088686,72.867919,11.27,31.0,1005.0,58.78,31.0,1005.0,58.78,0,NONE,NONE,NORMAL,0.0
2023-05-05T11:00:00Z,43057099999,"BOMBAY COLABA, IN",18.9,72.8166666,11.0,30.6,1005.99,61.13,30.6,1005.99,61.13,0,NONE,NONE,NORMAL,0.0
2023-05-05T11:00:00Z,43063099999,"PUNE, IN",18.5333333,73.85,558.0,32.0,1003.4,41.91,32.0,1003.4,41.91,0,NONE,NONE,NORMAL,0.0
2023-05-05T12:00:00Z,42921099999,"NASIK CITY, IN",19.9666666,73.8166666,598.0,29.2,999.8,54.51,29.2,999.8,54.51,0,NONE,NONE,NORMAL,0.0
2023-05-05T12:00:00Z,43003099999,"CHHATRAPATI SHIVAJI INTERNATIONAL, IN",19.088686,72.867919,11.27,31.4,1005.5,63.31,31.4,1005.5,63.31,0,NONE,NONE,NORMAL,0.0
2023-05-05T12:00:00Z,43057099999,"BOMBAY COLABA, IN",18.9,72.8166666,11.0,30.8,1005.6,59.46,30.8,1005.6,59.46,0,NONE,NONE,NORMAL,0.0
2023-05-05T12:00:00Z,43063099999,"PUNE, IN",18.5333333,73.85,558.0,30.6,1003.6,49.05,30.6,1003.6,49.05,0,NONE,NONE,NORMAL,0.0
2023-05-05T13:00:00Z,42921099999,"NASIK CITY, IN",19.9666666,73.8166666,598.0,28.0,1001.1,59.55,28.0,1001.1,59.55,0,NONE,NONE,NORMAL,0.0
2023-05-05T13:00:00Z,43003099999,"CHHATRAPATI SHIVAJI INTERNATIONAL, IN",19.088686,72.867919,11.27,30.0,1006.0,70.27,30.0,1006.0,70.27,0,NONE,NONE,NORMAL,0.0
2023-05-05T13:00:00Z,43057099999,"BOMBAY COLABA, IN",18.9,72.8166666,11.0,30.69,1005.87,60.09,30.69,1005.87,60.09,0,NONE,NONE,NORMAL,0.0
2023-05-05T13:00:00Z,43063099999,"PUNE, IN",18.5333333,73.85,558.0,29.4,1004.9,53.54,29.4,1004.9,53.54,0,NONE,NONE,NORMAL,0.0
2023-05-05T14:00:00Z,42921099999,"NASIK CITY, IN",19.9666666,73.8166666,598.0,26.8,1002.4,65.09,26.8,1002.4,65.09,0,NONE,NONE,NORMAL,0.0
2023-05-05T14:00:00Z,43003099999,"CHHATRAPATI SHIVAJI INTERNATIONAL, IN",19.088686,72.867919,11.27,29.0,1007.0,74.44,29.0,1007.0,74.44,0,NONE,NONE,NORMAL,0.0
2023-05-05T14:00:00Z,43057099999,"BOMBAY COLABA, IN",18.9,72.8166666,11.0,30.59,1006.13,60.73,30.59,1006.13,60.73,0,NONE,NONE,NORMAL,0.0
2023-05-05T14:00:00Z,43063099999,"PUNE, IN",18.5333333,73.85,558.0,28.2,1006.2,58.49,28.2,1006.2,58.49,0,NONE,NONE,NORMAL,0.0
2023-05-05T15:00:00Z,42921099999,"NASIK CITY, IN",19.9666666,73.8166666,598.0,25.6,1003.7,71.19,25.6,1003.7,71.19,0,NONE,NONE,NORMAL,0.0
2023-05-05T15:00:00Z,43003099999,"CHHATRAPATI SHIVAJI INTERNATIONAL, IN",19.088686,72.867919,11.27,29.4,1007.8,68.48,29.4,1007.8,68.48,0,NONE,NONE,NORMAL,0.0
2023-05-05T15:00:00Z,43057099999,"BOMBAY COLABA, IN",18.9,72.8166666,11.0,30.48,1006.4,61.37,30.48,1006.4,61.37,0,NONE,NONE,NORMAL,0.0
2023-05-05T15:00:00Z,43063099999,"PUNE, IN",18.5333333,73.85,558.0,27.0,1007.5,63.93,27.0,1007.5,63.93,0,NONE,NONE,NORMAL,0.0
2023-05-05T16:00:00Z,42921099999,"NASIK CITY, IN",19.9666666,73.8166666,598.0,25.4,1003.97,69.55,25.4,1003.97,69.55,0,NONE,NONE,NORMAL,0.0
2023-05-05T16:00:00Z,43003099999,"CHHATRAPATI SHIVAJI INTERNATIONAL, IN",19.088686,72.867919,11.27,29.0,1008.0,74.44,29.0,1008.0,74.44,0,NONE,NONE,NORMAL,0.0
2023-05-05T16:00:00Z,43057099999,"BOMBAY COLABA, IN",18.9,72.8166666,11.0,30.37,1006.67,62.03,30.37,1006.67,62.03,0,NONE,NONE,NORMAL,0.0
2023-05-05T16:00:00Z,43063099999,"PUNE, IN",18.5333333,73.85,558.0,26.4,1007.8,65.68,26.4,1007.8,65.68,0,NONE,NONE,NORMAL,0.0
2023-05-05T17:00:00Z,42921099999,"NASIK CITY, IN",19.9666666,73.8166666,598.0,25.2,1004.23,67.94,25.2,1004.23,67.94,0,NONE,NONE,NORMAL,0.0
2023-05-05T17:00:00Z,43003099999,"CHHATRAPATI SHIVAJI INTERNATIONAL, IN",19.088686,72.867919,11.27,29.0,1009.0,74.44,29.0,1009.0,74.44,0,NONE,NONE,NORMAL,0.0
2023-05-05T17:00:00Z,43057099999,"BOMBAY COLABA, IN",18.9,72.8166666,11.0,30.27,1006.93,62.69,30.27,1006.93,62.69,0,NONE,NONE,NORMAL,0.0
2023-05-05T17:00:00Z,43063099999,"PUNE, IN",18.5333333,73.85,558.0,25.8,1008.1,67.5,25.8,1008.1,67.5,0,NONE,NONE,NORMAL,0.0
2023-05-05T18:00:00Z,42921099999,"NASIK CITY, IN",19.9666666,73.8166666,598.0,25.0,1004.5,66.36,25.0,1004.5,66.36,0,NONE,NONE,NORMAL,0.0
2023-05-05T18:00:00Z,43003099999,"CHHATRAPATI SHIVAJI INTERNATIONAL, IN",19.088686,72.867919,11.27,28.8,1009.0,72.2,28.8,1009.0,72.2,0,NONE,NONE,NORMAL,0.0
2023-05-05T18:00:00Z,43057099999,"BOMBAY COLABA, IN",18.9,72.8166666,11.0,30.16,1007.2,63.36,30.16,1007.2,63.36,0,NONE,NONE,NORMAL,0.0
2023-05-05T18:00:00Z,43063099999,"PUNE, IN",18.5333333,73.85,558.0,25.2,1008.4,69.37,25.2,1008.4,69.37,0,NONE,NONE,NORMAL,0.0
2023-05-05T19:00:00Z,42921099999,"NASIK CITY, IN",19.9666666,73.8166666,598.0,24.53,1004.07,69.39,24.53,1004.07,69.39,0,NONE,NONE,NORMAL,0.0
2023-05-05T19:00:00Z,43003099999,"CHHATRAPATI SHIVAJI INTERNATIONAL, IN",19.088686,72.867919,11.27,29.0,1008.0,74.44,29.0,1008.0,74.44,0,NONE,NONE,NORMAL,0.0
2023-05-05T19:00:00Z,43057099999,"BOMBAY COLABA, IN",18.9,72.8166666,11.0,30.05,1007.47,64.03,30.05,1007.47,64.03,0,NONE,NONE,NORMAL,0.0
2023-05-05T19:00:00Z,43063099999,"PUNE, IN",18.5333333,73.85,558.0,24.8,1008.03,71.49,24.8,1008.03,71.49,0,NONE,NONE,NORMAL,0.0
2023-05-05T20:00:00Z,42921099999,"NASIK CITY, IN",19.9666666,73.8166666,598.0,24.07,1003.63,72.56,24.07,1003.63,72.56,0,NONE,NONE,NORMAL,0.0
2023-05-05T20:00:00Z,43003099999,"CHHATRAPATI SHIVAJI INTERNATIONAL, IN",19.088686,72.867919,11.27,29.0,1008.0,74.44,29.0,1008.0,74.44,0,NONE,NONE,NORMAL,0.0
2023-05-05T20:00:00Z,43057099999,"BOMBAY COLABA, IN",18.9,72.8166666,11.0,29.95,1007.73,64.71,29.95,1007.73,64.71,0,NONE,NONE,NORMAL,0.0
2023-05-05T20:00:00Z,43063099999,"PUNE, IN",18.5333333,73.85,558.0,24.4,1007.67,73.68,24.4,1007.67,73.68,0,NONE,NONE,NORMAL,0.0
2023-05-05T21:00:00Z,42921099999,"NASIK CITY, IN",19.9666666,73.8166666,598.0,23.6,1003.2,75.88,23.6,1003.2,75.88,0,NONE,NONE,NORMAL,0.0
2023-05-05T21:00:00Z,43003099999,"CHHATRAPATI SHIVAJI INTERNATIONAL, IN",19.088686,72.867919,11.27,28.0,1007.4,77.49,28.0,1007.4,77.49,0,NONE,NONE,NORMAL,0.0
2023-05-05T21:00:00Z,43057099999,"BOMBAY COLABA, IN",18.9,72.8166666,11.0,29.84,1008.0,65.4,29.84,1008.0,65.4,0,NONE,NONE,NORMAL,0.0
2023-05-05T21:00:00Z,43063099999,"PUNE, IN",18.5333333,73.85,558.0,24.0,1007.3,75.94,24.0,1007.3,75.94,0,NONE,NONE,NORMAL,0.0
2023-05-05T22:00:00Z,42921099999,"NASIK CITY, IN",19.9666666,73.8166666,598.0,23.27,1003.43,79.7,23.27,1003.43,79.7,0,NONE,NONE,NORMAL,0.0
2023-05-05T22:00:00Z,43003099999,"CHHATRAPATI SHIVAJI INTERNATIONAL, IN",19.088686,72.867919,11.27,28.0,1007.0,78.9,28.0,1007.0,78.9,0,NONE,NONE,NORMAL,0.0
2023-05-05T22:00:00Z,43057099999,"BOMBAY COLABA, IN",18.9,72.8166666,11.0,29.73,1008.27,66.1,29.73,1008.27,66.1,0,NONE,NONE,NORMAL,0.0
2023-05-05T22:00:00Z,43063099999,"PUNE, IN",18.5333333,73.85,558.0,23.53,1007.53,78.27,23.53,1007.53,78.27,0,NONE,NONE,NORMAL,0.0
2023-05-05T23:00:00Z,42921099999,"NASIK CITY, IN",19.9666666,73.8166666,598.0,22.93,1003.67,83.72,22.93,1003.67,83.72,0,NONE,NONE,NORMAL,0.0
2023-05-05T23:00:00Z,43003099999,"CHHATRAPATI SHIVAJI INTERNATIONAL, IN",19.088686,72.867919,11.27,28.0,1007.0,78.9,28.0,1007.0,78.9,0,NONE,NONE,NORMAL,0.0
2023-05-05T23:00:00Z,43057099999,"BOMBAY COLABA, IN",18.9,72.8166666,11.0,29.63,1008.53,66.8,29.63,1008.53,66.8,0,NONE,NONE,NORMAL,0.0
2023-05-05T23:00:00Z,43063099999,"PUNE, IN",18.5333333,73.85,558.0,23.07,1007.77,80.67,23.07,1007.77,80.67,0,NONE,NONE,NORMAL,0.0
2023-05-06T00:00:00Z,42921099999,"NASIK CITY, IN",19.9666666,73.8166666,598.0,22.6,1003.9,87.93,22.6,1003.9,87.93,0,NONE,NONE,NORMAL,0.0
2023-05-06T00:00:00Z,43003099999,"CHHATRAPATI SHIVAJI INTERNATIONAL, IN",19.088686,72.867919,11.27,26.6,1007.4,82.61,26.6,1007.4,82.61,0,NONE,NONE,NORMAL,0.0
2023-05-06T00:00:00Z,43057099999,"BOMBAY COLABA, IN",18.9,72.8166666,11.0,29.52,1008.8,67.51,29.52,1008.8,67.51,1,FROZEN,T,NORMAL,1.0
2023-05-06T00:00:00Z,43063099999,"PUNE, IN",18.5333333,73.85,558.0,22.6,1008.0,83.16,22.6,1008.0,83.16,0,NONE,NONE,NORMAL,0.0
2023-05-06T01:00:00Z,42921099999,"NASIK CITY, IN",19.9666666,73.8166666,598.0,23.13,1004.4,86.01,23.13,1004.4,86.01,0,NONE,NONE,NORMAL,0.0
2023-05-06T01:00:00Z,43003099999,"CHHATRAPATI SHIVAJI INTERNATIONAL, IN",19.088686,72.867919,11.27,28.0,1008.0,78.9,28.0,1008.0,78.9,0,NONE,NONE,NORMAL,0.0
2023-05-06T01:00:00Z,43057099999,"BOMBAY COLABA, IN",18.9,72.8166666,11.0,29.41,1009.07,68.23,29.52,1009.07,68.23,1,FROZEN,T,NORMAL,1.0
2023-05-06T01:00:00Z,43063099999,"PUNE, IN",18.5333333,73.85,558.0,23.67,1008.37,78.94,23.67,1008.37,78.94,0,NONE,NONE,NORMAL,0.0
2023-05-06T02:00:00Z,42921099999,"NASIK CITY, IN",19.9666666,73.8166666,598.0,23.67,1004.9,84.15,23.67,1004.9,84.15,0,NONE,NONE,NORMAL,0.0
2023-05-06T02:00:00Z,43003099999,"CHHATRAPATI SHIVAJI INTERNATIONAL, IN",19.088686,72.867919,11.27,29.0,1009.0,74.44,29.0,1009.0,74.44,0,NONE,NONE,NORMAL,0.0
2023-05-06T02:00:00Z,43057099999,"BOMBAY COLABA, IN",18.9,72.8166666,11.0,29.31,1009.33,68.96,29.52,1009.33,68.96,1,FROZEN,T,NORMAL,1.0
2023-05-06T02:00:00Z,43063099999,"PUNE, IN",18.5333333,73.85,558.0,24.73,1008.73,74.97,24.73,1008.73,74.97,0,NONE,NONE,NORMAL,0.0
2023-05-06T03:00:00Z,42921099999,"NASIK CITY, IN",19.9666666,73.8166666,598.0,24.2,1005.4,82.33,24.2,1005.4,82.33,0,NONE,NONE,NORMAL,0.0
2023-05-06T03:00:00Z,43003099999,"CHHATRAPATI SHIVAJI INTERNATIONAL, IN",19.088686,72.867919,11.27,29.8,1009.6,67.32,29.8,1009.6,67.32,0,NONE,NONE,NORMAL,0.0
2023-05-06T03:00:00Z,43057099999,"BOMBAY COLABA, IN",18.9,72.8166666,11.0,29.2,1009.6,69.7,29.52,1009.6,69.7,1,FROZEN,T,NORMAL,1.0
2023-05-06T03:00:00Z,43063099999,"PUNE, IN",18.5333333,73.85,558.0,25.8,1009.1,71.23,25.8,1009.1,71.23,0,NONE,NONE,NORMAL,0.0
2023-05-06T04:00:00Z,42921099999,"NASIK CITY, IN",19.9666666,73.8166666,598.0,26.47,1004.93,71.79,26.47,1004.93,71.79,0,NONE,NONE,NORMAL,0.0
2023-05-06T04:00:00Z,43003099999,"CHHATRAPATI SHIVAJI INTERNATIONAL, IN",19.088686,72.867919,11.27,30.0,1010.0,62.25,30.0,1010.0,62.25,0,NONE,NONE,NORMAL,0.0
2023-05-06T04:00:00Z,43057099999,"BOMBAY COLABA, IN",18.9,72.8166666,11.0,30.27,1008.77,65.67,29.52,1008.77,65.67,1,FROZEN,T,NORMAL,1.0
2023-05-06T04:00:00Z,43063099999,"PUNE, IN",18.5333333,73.85,558.0,27.73,1008.5,62.0,27.73,1008.5,62.0,0,NONE,NONE,NORMAL,0.0
2023-05-06T05:00:00Z,42921099999,"NASIK CITY, IN",19.9666666,73.8166666,598.0,28.73,1004.47,62.74,28.73,1004.47,62.74,0,NONE,NONE,NORMAL,0.0
2023-05-06T05:00:00Z,43003099999,"CHHATRAPATI SHIVAJI INTERNATIONAL, IN",19.088686,72.867919,11.27,31.0,1010.0,66.35,31.0,1010.0,66.35,0,NONE,NONE,NORMAL,0.0
2023-05-06T05:00:00Z,43057099999,"BOMBAY COLABA, IN",18.9,72.8166666,11.0,31.33,1007.93,61.91,29.52,1007.93,61.91,1,FROZEN,T,NORMAL,1.0
2023-05-06T05:00:00Z,43063099999,"PUNE, IN",18.5333333,73.85,558.0,29.67,1007.9,54.06,29.67,1007.9,54.06,0,NONE,NONE,NORMAL,0.0
2023-05-06T06:00:00Z,42921099999,"NASIK CITY, IN",19.9666666,73.8166666,598.0,31.0,1004.0,54.95,31.0,1004.0,54.95,0,NONE,NONE,NORMAL,0.0
2023-05-06T06:00:00Z,43003099999,"CHHATRAPATI SHIVAJI INTERNATIONAL, IN",19.088686,72.867919,11.27,31.0,1009.0,66.35,31.0,1009.0,66.35,0,NONE,NONE,NORMAL,0.0
2023-05-06T06:00:00Z,43057099999,"BOMBAY COLABA, IN",18.9,72.8166666,11.0,32.4,1007.1,58.39,29.52,1007.1,58.39,1,FROZEN,T,NORMAL,1.0
2023-05-06T06:00:00Z,43063099999,"PUNE, IN",18.5333333,73.85,558.0,31.6,1007.3,47.2,31.6,1007.3,47.2,0,NONE,NONE,NORMAL,0.0
2023-05-06T07:00:00Z,42921099999,"NASIK CITY, IN",19.9666666,73.8166666,598.0,31.33,1003.23,52.76,31.33,1003.23,52.76,0,NONE,NONE,NORMAL,0.0
2023-05-06T07:00:00Z,43003099999,"CHHATRAPATI SHIVAJI INTERNATIONAL, IN",19.088686,72.867919,11.27,32.0,1009.0,62.68,32.0,1009.0,62.68,0,NONE,NONE,NORMAL,0.0
2023-05-06T07:00:00Z,43057099999,"BOMBAY COLABA, IN",18.9,72.8166666,11.0,32.2,1006.88,58.58,29.52,1006.88,58.58,1,FROZEN,T,NORMAL,1.0
2023-05-06T07:00:00Z,43063099999,"PUNE, IN",18.5333333,73.85,558.0,32.53,1006.07,43.21,32.53,1006.07,43.21,0,NONE,NONE,NORMAL,0.0
2023-05-06T08:00:00Z,42921099999,"NASIK CITY, IN",19.9666666,73.8166666,598.0,31.67,1002.47,50.67,31.67,1002.47,50.67,0,NONE,NONE,NORMAL,0.0
2023-05-06T08:00:00Z,43003099999,"CHHATRAPATI SHIVAJI INTERNATIONAL, IN",19.088686,72.867919,11.27,32.0,1008.0,62.68,32.0,1008.0,62.68,0,NONE,NONE,NORMAL,0.0
2023-05-06T08:00:00Z,43057099999,"BOMBAY COLABA, IN",18.9,72.8166666,11.0,32.0,1006.67,58.77,29.52,1006.67,58.77,1,FROZEN,T,NORMAL,1.0
2023-05-06T08:00:00Z,43063099999,"PUNE, IN",18.5333333,73.85,558.0,33.47,1004.83,39.57,33.47,1004.83,39.57,0,NONE,NONE,NORMAL,0.0
2023-05-06T09:00:00Z,42921099999,"NASIK CITY, IN",19.9666666,73.8166666,598.0,32.0,1001.7,48.65,32.0,1001.7,48.65,0,NONE,NONE,NORMAL,0.0
2023-05-06T09:00:00Z,43003099999,"CHHATRAPATI SHIVAJI INTERNATIONAL, IN",19.088686,72.867919,11.27,32.6,1007.1,59.51,32.6,1007.1,59.51,0,NONE,NONE,NORMAL,0.0
2023-05-06T09:00:00Z,43057099999,"BOMBAY COLABA, IN",18.9,72.8166666,11.0,31.8,1006.45,58.97,29.52,1006.45,58.97,1,FROZEN,T,NORMAL,1.0
2023-05-06T09:00:00Z,43063099999,"PUNE, IN",18.5333333,73.85,558.0,34.4,1003.6,36.23,34.4,1003.6,36.23,0,NONE,NONE,NORMAL,0.0
2023-05-06T10:00:00Z,42921099999,"NASIK CITY, IN",19.9666666,73.8166666,598.0,32.33,1000.93,46.71,32.33,1000.93,46.71,0,NONE,NONE,NORMAL,0.0
2023-05-06T10:00:00Z,43003099999,"CHHATRAPATI SHIVAJI INTERNATIONAL, IN",19.088686,72.867919,11.27,32.0,1006.0,62.68,32.0,1006.0,62.68,0,NONE,NONE,NORMAL,0.0
2023-05-06T10:00:00Z,43057099999,"BOMBAY COLABA, IN",18.9,72.8166666,11.0,31.6,1006.23,59.16,29.52,1006.23,59.16,1,FROZEN,T,NORMAL,1.0
2023-05-06T10:00:00Z,43063099999,"PUNE, IN",18.5333333,73.85,558.0,33.8,1003.37,39.74,33.8,1003.37,39.74,0,NONE,NONE,NORMAL,0.0
2023-05-06T11:00:00Z,42921099999,"NASIK CITY, IN",19.9666666,73.8166666,598.0,32.67,1000.17,44.85,32.67,1000.17,44.85,0,NONE,NONE,NORMAL,0.0
2023-05-06T11:00:00Z,43003099999,"CHHATRAPATI SHIVAJI INTERNATIONAL, IN",19.088686,72.867919,11.27,32.0,1006.0,55.53,32.0,1006.0,55.53,0,NONE,NONE,NORMAL,0.0
2023-05-06T11:00:00Z,43057099999,"BOMBAY COLABA, IN",18.9,72.8166666,11.0,31.4,1006.02,59.35,29.52,1006.02,59.35,1,FROZEN,T,NORMAL,1.0
2023-05-06T11:00:00Z,43063099999,"PUNE, IN",18.5333333,73.85,558.0,33.2,1003.13,43.57,33.2,1003.13,43.57,0,NONE,NONE,NORMAL,0.0
2023-05-06T12:00:00Z,42921099999,"NASIK CITY, IN",19.9666666,73.8166666,598.0,33.0,999.4,43.07,33.0,999.4,43.07,0,NONE,NONE,NORMAL,0.0
2023-05-06T12:00:00Z,43003099999,"CHHATRAPATI SHIVAJI INTERNATIONAL, IN",19.088686,72.867919,11.27,31.4,1005.6,54.04,31.4,1005.6,54.04,0,NONE,NONE,NORMAL,0.0
2023-05-06T12:00:00Z,43057099999,"BOMBAY COLABA, IN",18.9,72.8166666,11.0,31.2,1005.8,59.55,31.2,1005.8,59.55,0,NONE,NONE,NORMAL,0.0
2023-05-06T12:00:00Z,43063099999,"PUNE, IN",18.5333333,73.85,558.0,32.6,1002.9,47.76,32.6,1002.9,47.76,0,NONE,NONE,NORMAL,0.0
2023-05-06T13:00:00Z,42921099999,"NASIK CITY, IN",19.9666666,73.8166666,598.0,31.53,1000.4,45.35,31.53,1000.4,45.35,0,NONE,NONE,NORMAL,0.0
2023-05-06T13:00:00Z,43003099999,"CHHATRAPATI SHIVAJI INTERNATIONAL, IN",19.088686,72.867919,11.27,30.0,1006.0,66.15,30.0,1006.0,66.15,0,NONE,NONE,NORMAL,0.0
2023-05-06T13:00:00Z,43057099999,"BOMBAY COLABA, IN",18.9,72.8166666,11.0,31.08,1006.09,60.4,31.08,1006.09,60.4,0,NONE,NONE,NORMAL,0.0
2023-05-06T13:00:00Z,43063099999,"PUNE, IN",18.5333333,73.85,558.0,31.07,1004.27,51.78,31.07,1004.27,51.78,0,NONE,NONE,NORMAL,0.0
2023-05-06T14:00:00Z,42921099999,"NASIK CITY, IN",19.9666666,73.8166666,598.0,30.07,1001.4,47.79,30.07,1001.4,47.79,0,NONE,NONE,NORMAL,0.0
2023-05-06T14:00:00Z,43003099999,"CHHATRAPATI SHIVAJI INTERNATIONAL, IN",19.088686,72.867919,11.27,30.0,1007.0,66.15,30.0,1007.0,66.15,0,NONE,NONE,NORMAL,0.0
2023-05-06T14:00:00Z,43057099999,"BOMBAY COLABA, IN",18.9,72.8166666,11.0,30.96,1006.37,61.26,30.96,1006.37,61.26,0,NONE,NONE,NORMAL,0.0
2023-05-06T14:00:00Z,43063099999,"PUNE, IN",18.5333333,73.85,558.0,29.53,1005.63,56.19,29.53,1005.63,56.19,0,NONE,NONE,NORMAL,0.0
2023-05-06T15:00:00Z,42921099999,"NASIK CITY, IN",19.9666666,73.8166666,598.0,28.6,1002.4,50.4,28.6,1002.4,50.4,0,NONE,NONE,NORMAL,0.0
2023-05-06T15:00:00Z,43003099999,"CHHATRAPATI SHIVAJI INTERNATIONAL, IN",19.088686,72.867919,11.27,29.6,1007.1,67.28,29.6,1007.1,67.28,0,NONE,NONE,NORMAL,0.0
2023-05-06T15:00:00Z,43057099999,"BOMBAY COLABA, IN",18.9,72.8166666,11.0,30.84,1006.66,62.13,30.84,1006.66,62.13,0,NONE,NONE,NORMAL,0.0
2023-05-06T15:00:00Z,43063099999,"PUNE, IN",18.5333333,73.85,558.0,28.0,1007.0,61.05,28.0,1007.0,61.05,0,NONE,NONE,NORMAL,0.0
2023-05-06T16:00:00Z,42921099999,"NASIK CITY, IN",19.9666666,73.8166666,598.0,27.63,1003.03,52.77,27.63,1003.03,52.77,0,NONE,NONE,NORMAL,0.0
2023-05-06T16:00:00Z,43003099999,"CHHATRAPATI SHIVAJI INTERNATIONAL, IN",19.088686,72.867919,11.27,30.0,1008.0,66.15,30.0,1008.0,66.15,0,NONE,NONE,NORMAL,0.0
2023-05-06T16:00:00Z,43057099999,"BOMBAY COLABA, IN",18.9,72.8166666,11.0,30.72,1006.95,63.02,30.72,1006.95,63.02,0,NONE,NONE,NORMAL,0.0
2023-05-06T16:00:00Z,43063099999,"PUNE, IN",18.5333333,73.85,558.0,27.6,1007.33,64.46,27.6,1007.33,64.46,0,NONE,NONE,NORMAL,0.0
2023-05-06T17:00:00Z,42921099999,"NASIK CITY, IN",19.9666666,73.8166666,598.0,26.67,1003.67,55.26,26.67,1003.67,55.26,0,NONE,NONE,NORMAL,0.0
2023-05-06T17:00:00Z,43003099999,"CHHATRAPATI SHIVAJI INTERNATIONAL, IN",19.088686,72.867919,11.27,29.0,1009.0,74.44,29.0,1009.0,74.44,0,NONE,NONE,NORMAL,0.0
2023-05-06T17:00:00Z,43057099999,"BOMBAY COLABA, IN",18.9,72.8166666,11.0,30.6,1007.23,63.91,30.6,1007.23,63.91,0,NONE,NONE,NORMAL,0.0
2023-05-06T17:00:00Z,43063099999,"PUNE, IN",18.5333333,73.85,558.0,27.2,1007.67,68.05,27.2,1007.67,68.05,0,NONE,NONE,NORMAL,0.0
2023-05-06T18:00:00Z,42921099999,"NASIK CITY, IN",19.9666666,73.8166666,598.0,25.7,1004.3,57.9,25.7,1004.3,57.9,0,NONE,NONE,NORMAL,0.0
2023-05-06T18:00:00Z,43003099999,"CHHATRAPATI SHIVAJI INTERNATIONAL, IN",19.088686,72.867919,11.27,29.0,1008.0,74.44,29.0,1008.0,74.44,0,NONE,NONE,NORMAL,0.0
2023-05-06T18:00:00Z,43057099999,"BOMBAY COLABA, IN",18.9,72.8166666,11.0,30.48,1007.52,64.82,30.48,1007.52,64.82,0,NONE,NONE,NORMAL,0.0
2023-05-06T18:00:00Z,43063099999,"PUNE, IN",18.5333333,73.85,558.0,26.8,1008.0,71.85,26.8,1008.0,71.85,0,NONE,NONE,NORMAL,0.0
2023-05-06T19:00:00Z,42921099999,"NASIK CITY, IN",19.9666666,73.8166666,598.0,25.13,1003.97,59.88,25.13,1003.97,59.88,0,NONE,NONE,NORMAL,0.0
2023-05-06T19:00:00Z,43003099999,"CHHATRAPATI SHIVAJI INTERNATIONAL, IN",19.088686,72.867919,11.27,29.0,1008.0,79.04,29.0,1008.0,79.04,0,NONE,NONE,NORMAL,0.0
2023-05-06T19:00:00Z,43057099999,"BOMBAY COLABA, IN",18.9,72.8166666,11.0,30.36,1007.81,65.75,30.36,1007.81,65.75,0,NONE,NONE,NORMAL,0.0
2023-05-06T19:00:00Z,43063099999,"PUNE, IN",18.5333333,73.85,558.0,26.33,1007.73,73.4,26.33,1007.73,73.4,0,NONE,NONE,NORMAL,0.0
2023-05-06T20:00:00Z,42921099999,"NASIK CITY, IN",19.9666666,73.8166666,598.0,24.57,1003.63,61.95,24.57,1003.63,61.95,0,NONE,NONE,NORMAL,0.0
2023-05-06T20:00:00Z,43003099999,"CHHATRAPATI SHIVAJI INTERNATIONAL, IN",19.088686,72.867919,11.27,29.0,1008.0,79.04,29.0,1008.0,79.04,0,NONE,NONE,NORMAL,0.0
2023-05-06T20:00:00Z,43057099999,"BOMBAY COLABA, IN",18.9,72.8166666,11.0,30.24,1008.09,66.68,30.24,1008.09,66.68,0,NONE,NONE,NORMAL,0.0
2023-05-06T20:00:00Z,43063099999,"PUNE, IN",18.5333333,73.85,558.0,25.87,1007.47,74.99,25.87,1007.47,74.99,0,NONE,NONE,NORMAL,0.0
2023-05-06T21:00:00Z,42921099999,"NASIK CITY, IN",19.9666666,73.8166666,598.0,24.0,1003.3,64.09,24.0,1003.3,64.09,0,NONE,NONE,NORMAL,0.0
2023-05-06T21:00:00Z,43003099999,"CHHATRAPATI SHIVAJI INTERNATIONAL, IN",19.088686,72.867919,11.27,28.8,1007.4,74.86,28.8,1007.4,74.86,0,NONE,NONE,NORMAL,0.0
2023-05-06T21:00:00Z,43057099999,"BOMBAY COLABA, IN",18.9,72.8166666,11.0,30.12,1008.38,67.63,30.12,1008.38,67.63,0,NONE,NONE,NORMAL,0.0
2023-05-06T21:00:00Z,43063099999,"PUNE, IN",18.5333333,73.85,558.0,25.4,1007.2,76.63,25.4,1007.2,76.63,0,NONE,NONE,NORMAL,0.0
2023-05-06T22:00:00Z,42921099999,"NASIK CITY, IN",19.9666666,73.8166666,598.0,23.5,1003.53,69.33,23.5,1003.53,69.33,0,NONE,NONE,NORMAL,0.0
2023-05-06T22:00:00Z,43003099999,"CHHATRAPATI SHIVAJI INTERNATIONAL, IN",19.088686,72.867919,11.27,29.0,1007.0,79.04,29.0,1007.0,79.04,0,NONE,NONE,NORMAL,0.0
2023-05-06T22:00:00Z,43057099999,"BOMBAY COLABA, IN",18.9,72.8166666,11.0,30.0,1008.67,68.6,30.0,1008.67,68.6,0,NONE,NONE,NORMAL,0.0
2023-05-06T22:00:00Z,43063099999,"PUNE, IN",18.5333333,73.85,558.0,25.07,1007.53,78.97,25.07,1007.53,78.97,0,NONE,NONE,NORMAL,0.0
2023-05-06T23:00:00Z,42921099999,"NASIK CITY, IN",19.9666666,73.8166666,598.0,23.0,1003.77,74.99,23.0,1003.77,74.99,0,NONE,NONE,NORMAL,0.0
2023-05-06T23:00:00Z,43003099999,"CHHATRAPATI SHIVAJI INTERNATIONAL, IN",19.088686,72.867919,11.27,29.0,1007.0,79.04,29.0,1007.0,79.04,0,NONE,NONE,NORMAL,0.0
2023-05-06T23:00:00Z,43057099999,"BOMBAY COLABA, IN",18.9,72.8166666,11.0,29.88,1008.95,69.57,29.88,1008.95,69.57,0,NONE,NONE,NORMAL,0.0
2023-05-06T23:00:00Z,43063099999,"PUNE, IN",18.5333333,73.85,558.0,24.73,1007.87,81.39,24.73,1007.87,81.39,0,NONE,NONE,NORMAL,0.0
2023-05-07T00:00:00Z,42921099999,"NASIK CITY, IN",19.9666666,73.8166666,598.0,22.5,1004.0,81.1,22.5,1004.0,81.1,0,NONE,NONE,NORMAL,0.0
2023-05-07T00:00:00Z,43003099999,"CHHATRAPATI SHIVAJI INTERNATIONAL, IN",19.088686,72.867919,11.27,28.6,1007.8,73.49,28.6,1007.8,73.49,0,NONE,NONE,NORMAL,0.0
2023-05-07T00:00:00Z,43057099999,"BOMBAY COLABA, IN",18.9,72.8166666,11.0,29.76,1009.24,70.56,29.76,1009.24,70.56,0,NONE,NONE,NORMAL,0.0
2023-05-07T00:00:00Z,43063099999,"PUNE, IN",18.5333333,73.85,558.0,24.4,1008.2,83.88,24.4,1008.2,83.88,0,NONE,NONE,NORMAL,0.0
2023-05-07T01:00:00Z,42921099999,"NASIK CITY, IN",19.9666666,73.8166666,598.0,23.5,1004.57,79.41,23.5,1004.57,79.41,0,NONE,NONE,NORMAL,0.0
2023-05-07T01:00:00Z,43003099999,"CHHATRAPATI SHIVAJI INTERNATIONAL, IN",19.088686,72.867919,11.27,29.0,1008.0,74.44,29.0,1008.0,74.44,0,NONE,NONE,NORMAL,0.0
2023-05-07T01:00:00Z,43057099999,"BOMBAY COLABA, IN",18.9,72.8166666,11.0,29.64,1009.53,71.57,29.64,1009.53,71.57,0,NONE,NONE,NORMAL,0.0
2023-05-07T01:00:00Z,43063099999,"PUNE, IN",18.5333333,73.85,558.0,24.33,1008.8,83.36,24.33,1008.8,83.36,0,NONE,NONE,NORMAL,0.0
2023-05-07T02:00:00Z,42921099999,"NASIK CITY, IN",19.9666666,73.8166666,598.0,24.5,1005.13,77.76,24.5,1005.13,77.76,0,NONE,NONE,NORMAL,0.0
2023-05-07T02:00:00Z,43003099999,"CHHATRAPATI SHIVAJI INTERNATIONAL, IN",19.088686,72.867919,11.27,29.0,1009.0,74.44,29.0,1009.0,74.44,0,NONE,NONE,NORMAL,0.0
2023-05-07T02:00:00Z,43057099999,"BOMBAY COLABA, IN",18.9,72.8166666,11.0,29.52,1009.81,72.59,29.52,1009.81,72.59,0,NONE,NONE,NORMAL,0.0
2023-05-07T02:00:00Z,43063099999,"PUNE, IN",18.5333333,73.85,558.0,24.27,1009.4,82.84,24.27,1009.4,82.84,0,NONE,NONE,NORMAL,0.0
2023-05-07T03:00:00Z,42921099999,"NASIK CITY, IN",19.9666666,73.8166666,598.0,25.5,1005.7,76.18,25.5,1005.7,76.18,0,NONE,NONE,NORMAL,0.0
2023-05-07T03:00:00Z,43003099999,"CHHATRAPATI SHIVAJI INTERNATIONAL, IN",19.088686,72.867919,11.27,30.0,1010.0,70.27,30.0,1010.0,70.27,0,NONE,NONE,NORMAL,0.0
2023-05-07T03:00:00Z,43057099999,"BOMBAY COLABA, IN",18.9,72.8166666,11.0,29.4,1010.1,73.62,29.4,1010.1,73.62,0,NONE,NONE,NORMAL,0.0
2023-05-07T03:00:00Z,43063099999,"PUNE, IN",18.5333333,73.85,558.0,24.2,1010.0,82.33,24.2,1010.0,82.33,0,NONE,NONE,NORMAL,0.0
2023-05-07T04:00:00Z,42921099999,"NASIK CITY, IN",19.9666666,73.8166666,598.0,27.33,1005.23,66.28,27.33,1005.23,66.28,0,NONE,NONE,NORMAL,0.0
2023-05-07T04:00:00Z,43003099999,"CHHATRAPATI SHIVAJI INTERNATIONAL, IN",19.088686,72.867919,11.27,30.0,1010.0,74.61,30.0,1010.0,74.61,0,NONE,NONE,NORMAL,0.0
2023-05-07T04:00:00Z,43057099999,"BOMBAY COLABA, IN",18.9,72.8166666,11.0,29.51,1009.62,73.54,29.51,1009.62,73.54,0,NONE,NONE,NORMAL,0.0
2023-05-07T04:00:00Z,43063099999,"PUNE, IN",18.5333333,73.85,558.0,25.93,1009.5,74.24,25.93,1009.5,74.24,0,NONE,NONE,NORMAL,0.0
2023-05-07T05:00:00Z,42921099999,"NASIK CITY, IN",19.9666666,73.8166666,598.0,29.17,1004.77,57.76,29.17,1004.77,57.76,0,NONE,NONE,NORMAL,0.0
2023-05-07T05:00:00Z,43003099999,"CHHATRAPATI SHIVAJI INTERNATIONAL, IN",19.088686,72.867919,11.27,31.0,1010.0,66.35,31.0,1010.0,66.35,0,NONE,NONE,NORMAL,0.0
2023-05-07T05:00:00Z,43057099999,"BOMBAY COLABA, IN",18.9,72.8166666,11.0,29.62,1009.14,73.46,29.62,1009.14,73.46,0,NONE,NONE,NORMAL,0.0
2023-05-07T05:00:00Z,43063099999,"PUNE, IN",18.5333333,73.85,558.0,27.67,1009.0,67.04,27.67,1009.0,67.04,0,NONE,NONE,NORMAL,0.0
2023-05-07T06:00:00Z,42921099999,"NASIK CITY, IN",19.9666666,73.8166666,598.0,31.0,1004.3,50.39,31.0,1004.3,50.39,0,NONE,NONE,NORMAL,0.0
2023-05-07T06:00:00Z,43003099999,"CHHATRAPATI SHIVAJI INTERNATIONAL, IN",19.088686,72.867919,11.27,31.8,1009.7,63.78,31.8,1009.7,63.78,0,NONE,NONE,NORMAL,0.0
2023-05-07T06:00:00Z,43057099999,"BOMBAY COLABA, IN",18.9,72.8166666,11.0,29.73,1008.67,73.38,29.73,1008.67,73.38,0,NONE,NONE,NORMAL,0.0
2023-05-07T06:00:00Z,43063099999,"PUNE, IN",18.5333333,73.85,558.0,29.4,1008.5,60.61,29.4,1008.5,60.61,0,NONE,NONE,NORMAL,0.0
2023-05-07T07:00:00Z,42921099999,"NASIK CITY, IN",19.9666666,73.8166666,598.0,31.83,1003.3,45.72,31.83,1003.3,45.72,0,NONE,NONE,NORMAL,0.0
2023-05-07T07:00:00Z,43003099999,"CHHATRAPATI SHIVAJI INTERNATIONAL, IN",19.088686,72.867919,11.27,31.0,1009.0,66.35,31.0,1009.0,66.35,0,NONE,NONE,NORMAL,0.0
2023-05-07T07:00:00Z,43057099999,"BOMBAY COLABA, IN",18.9,72.8166666,11.0,29.84,1008.19,73.3,29.84,1008.19,73.3,0,NONE,NONE,NORMAL,0.0
2023-05-07T07:00:00Z,43063099999,"PUNE, IN",18.5333333,73.85,558.0,31.0,1007.07,53.5,31.0,1007.07,53.5,0,NONE,NONE,NORMAL,0.0
2023-05-07T08:00:00Z,42921099999,"NASIK CITY, IN",19.9666666,73.8166666,598.0,32.67,1002.3,41.47,32.67,1002.3,41.47,0,NONE,NONE,NORMAL,0.0
2023-05-07T08:00:00Z,43003099999,"CHHATRAPATI SHIVAJI INTERNATIONAL, IN",19.088686,72.867919,11.27,32.0,1008.0,59.01,32.0,1008.0,59.01,0,NONE,NONE,NORMAL,0.0
2023-05-07T08:00:00Z,43057099999,"BOMBAY COLABA, IN",18.9,72.8166666,11.0,29.96,1007.71,73.22,29.96,1007.71,73.22,0,NONE,NONE,NORMAL,0.0
2023-05-07T08:00:00Z,43063099999,"PUNE, IN",18.5333333,73.85,558.0,32.6,1005.63,47.27,32.6,1005.63,47.27,0,NONE,NONE,NORMAL,0.0
2023-05-07T09:00:00Z,42921099999,"NASIK CITY, IN",19.9666666,73.8166666,598.0,33.5,1001.3,37.62,33.5,1001.3,37.62,0,NONE,NONE,NORMAL,0.0
2023-05-07T09:00:00Z,43003099999,"CHHATRAPATI SHIVAJI INTERNATIONAL, IN",19.088686,72.867919,11.27,32.8,1007.8,58.49,32.8,1007.8,58.49,0,NONE,NONE,NORMAL,0.0
2023-05-07T09:00:00Z,43057099999,"BOMBAY COLABA, IN",18.9,72.8166666,11.0,30.07,1007.23,73.15,30.07,1007.23,73.15,0,NONE,NONE,NORMAL,0.0
2023-05-07T09:00:00Z,43063099999,"PUNE, IN",18.5333333,73.85,558.0,34.2,1004.2,41.8,34.2,1004.2,41.8,0,NONE,NONE,NORMAL,0.0
2023-05-07T10:00:00Z,42921099999,"NASIK CITY, IN",19.9666666,73.8166666,598.0,33.53,1000.63,38.35,33.53,1000.63,38.35,0,NONE,NONE,NORMAL,0.0
2023-05-07T10:00:00Z,43003099999,"CHHATRAPATI SHIVAJI INTERNATIONAL, IN",19.088686,72.867919,11.27,32.0,1006.0,59.01,32.0,1006.0,59.01,0,NONE,NONE,NORMAL,0.0
2023-05-07T10:00:00Z,43057099999,"BOMBAY COLABA, IN",18.9,72.8166666,11.0,30.18,1006.76,73.07,30.18,1006.76,73.07,0,NONE,NONE,NORMAL,0.0
2023-05-07T10:00:00Z,43063099999,"PUNE, IN",18.5333333,73.85,558.0,33.67,1003.87,43.16,33.67,1003.87,43.16,0,NONE,NONE,NORMAL,0.0
2023-05-07T11:00:00Z,42921099999,"NASIK CITY, IN",19.9666666,73.8166666,598.0,33.57,999.97,39.1,33.57,999.97,39.1,0,NONE,NONE,NORMAL,0.0
2023-05-07T11:00:00Z,43003099999,"CHHATRAPATI SHIVAJI INTERNATIONAL, IN",19.088686,72.867919,11.27,31.0,1006.0,66.35,31.0,1006.0,66.35,0,NONE,NONE,NORMAL,0.0
2023-05-07T11:00:00Z,43057099999,"BOMBAY COLABA, IN",18.9,72.8166666,11.0,30.29,1006.28,72.99,30.29,1006.28,72.99,0,NONE,NONE,NORMAL,0.0
2023-05-07T11:00:00Z,43063099999,"PUNE, IN",18.5333333,73.85,558.0,33.13,1003.53,44.56,33.13,1003.53,44.56,0,NONE,NONE,NORMAL,0.0
2023-05-07T12:00:00Z,42921099999,"NASIK CITY, IN",19.9666666,73.8166666,598.0,33.6,999.3,39.85,33.6,999.3,39.85,0,NONE,NONE,NORMAL,0.0
2023-05-07T12:00:00Z,43003099999,"CHHATRAPATI SHIVAJI INTERNATIONAL, IN",19.088686,72.867919,11.27,31.0,1005.5,62.09,31.0,1005.5,62.09,0,NONE,NONE,NORMAL,0.0
2023-05-07T12:00:00Z,43057099999,"BOMBAY COLABA, IN",18.9,72.8166666,11.0,30.4,1005.8,72.91,30.4,1005.8,72.91,0,NONE,NONE,NORMAL,0.0
2023-05-07T12:00:00Z,43063099999,"PUNE, IN",18.5333333,73.85,558.0,32.6,1003.2,46.01,32.6,1003.2,46.01,0,NONE,NONE,NORMAL,0.0
2023-05-07T13:00:00Z,42921099999,"NASIK CITY, IN",19.9666666,73.8166666,598.0,32.07,1000.17,45.4,32.07,1000.17,45.4,0,NONE,NONE,NORMAL,0.0
2023-05-07T13:00:00Z,43003099999,"CHHATRAPATI SHIVAJI INTERNATIONAL, IN",19.088686,72.867919,11.27,30.0,1006.0,70.27,30.0,1006.0,70.27,0,NONE,NONE,NORMAL,0.0
2023-05-07T13:00:00Z,43057099999,"BOMBAY COLABA, IN",18.9,72.8166666,11.0,30.33,1006.01,73.22,30.33,1006.01,73.22,0,NONE,NONE,NORMAL,0.0
2023-05-07T13:00:00Z,43063099999,"PUNE, IN",18.5333333,73.85,558.0,31.53,1004.1,51.05,31.53,1004.1,51.05,0,NONE,NONE,NORMAL,0.0
2023-05-07T14:00:00Z,42921099999,"NASIK CITY, IN",19.9666666,73.8166666,598.0,30.53,1001.03,51.75,30.53,1001.03,51.75,0,NONE,NONE,NORMAL,0.0
2023-05-07T14:00:00Z,43003099999,"CHHATRAPATI SHIVAJI INTERNATIONAL, IN",19.088686,72.867919,11.27,30.0,1006.0,70.27,30.0,1006.0,70.27,0,NONE,NONE,NORMAL,0.0
2023-05-07T14:00:00Z,43057099999,"BOMBAY COLABA, IN",18.9,72.8166666,11.0,30.27,1006.23,73.53,30.27,1006.23,73.53,0,NONE,NONE,NORMAL,0.0
2023-05-07T14:00:00Z,43063099999,"PUNE, IN",18.5333333,73.85,558.0,30.47,1005.0,56.65,30.47,1005.0,56.65,0,NONE,NONE,NORMAL,0.0
2023-05-07T15:00:00Z,42921099999,"NASIK CITY, IN",19.9666666,73.8166666,598.0,29.0,1001.9,59.04,29.0,1001.9,59.04,0,NONE,NONE,NORMAL,0.0
2023-05-07T15:00:00Z,43003099999,"CHHATRAPATI SHIVAJI INTERNATIONAL, IN",19.088686,72.867919,11.27,29.6,1006.9,67.28,29.6,1006.9,67.28,0,NONE,NONE,NORMAL,0.0
2023-05-07T15:00:00Z,43057099999,"BOMBAY COLABA, IN",18.9,72.8166666,11.0,30.2,1006.44,73.84,30.2,1006.44,73.84,0,NONE,NONE,NORMAL,0.0
2023-05-07T15:00:00Z,43063099999,"PUNE, IN",18.5333333,73.85,558.0,29.4,1005.9,62.88,29.4,1005.9,62.88,0,NONE,NONE,NORMAL,0.0
2023-05-07T16:00:00Z,42921099999,"NASIK CITY, IN",19.9666666,73.8166666,598.0,28.2,1002.37,60.84,28.2,1002.37,60.84,0,NONE,NONE,NORMAL,0.0
2023-05-07T16:00:00Z,43003099999,"CHHATRAPATI SHIVAJI INTERNATIONAL, IN",19.088686,72.867919,11.27,29.0,1008.0,79.04,29.0,1008.0,79.04,0,NONE,NONE,NORMAL,0.0
2023-05-07T16:00:00Z,43057099999,"BOMBAY COLABA, IN",18.9,72.8166666,11.0,30.13,1006.65,74.15,30.13,1006.65,74.15,0,NONE,NONE,NORMAL,0.0
2023-05-07T16:00:00Z,43063099999,"PUNE, IN",18.5333333,73.85,558.0,28.2,1006.6,66.73,28.2,1006.6,66.73,0,NONE,NONE,NORMAL,0.0
2023-05-07T17:00:00Z,42921099999,"NASIK CITY, IN",19.9666666,73.8166666,598.0,27.4,1002.83,62.71,27.4,1002.83,62.71,0,NONE,NONE,NORMAL,0.0
2023-05-07T17:00:00Z,43003099999,"CHHATRAPATI SHIVAJI INTERNATIONAL, IN",19.088686,72.867919,11.27,30.0,1008.0,70.27,30.0,1008.0,70.27,0,NONE,NONE,NORMAL,0.0
2023-05-07T17:00:00Z,43057099999,"BOMBAY COLABA, IN",18.9,72.8166666,11.0,30.07,1006.87,74.47,30.07,1006.87,74.47,0,NONE,NONE,NORMAL,0.0
2023-05-07T17:00:00Z,43063099999,"PUNE, IN",18.5333333,73.85,558.0,27.0,1007.3,70.86,27.0,1007.3,70.86,0,NONE,NONE,NORMAL,0.0
2023-05-07T18:00:00Z,42921099999,"NASIK CITY, IN",19.9666666,73.8166666,598.0,26.6,1003.3,64.64,26.6,1003.3,64.64,0,NONE,NONE,NORMAL,0.0
2023-05-07T18:00:00Z,43003099999,"CHHATRAPATI SHIVAJI INTERNATIONAL, IN",19.088686,72.867919,11.27,29.2,1008.2,73.59,29.2,1008.2,73.59,0,NONE,NONE,NORMAL,0.0
2023-05-07T18:00:00Z,43057099999,"BOMBAY COLABA, IN",18.9,72.8166666,11.0,30.0,1007.08,74.78,30.0,1007.08,74.78,0,NONE,NONE,NORMAL,0.0
2023-05-07T18:00:00Z,43063099999,"PUNE, IN",18.5333333,73.85,558.0,25.8,1008.0,75.29,25.8,1008.0,75.29,0,NONE,NONE,NORMAL,0.0
2023-05-07T19:00:00Z,42921099999,"NASIK CITY, IN",19.9666666,73.8166666,598.0,26.27,1002.9,65.79,26.27,1002.9,65.79,0,NONE,NONE,NORMAL,0.0
2023-05-07T19:00:00Z,43003099999,"CHHATRAPATI SHIVAJI INTERNATIONAL, IN",19.088686,72.867919,11.27,29.0,1007.0,83.88,29.0,1007.0,83.88,0,NONE,NONE,NORMAL,0.0
2023-05-07T19:00:00Z,43057099999,"BOMBAY COLABA, IN",18.9,72.8166666,11.0,29.93,1007.29,75.1,29.93,1007.29,75.1,0,NONE,NONE,NORMAL,0.0
2023-05-07T19:00:00Z,43063099999,"PUNE, IN",18.5333333,73.85,558.0,25.73,1007.33,78.1,25.73,1007.33,78.1,0,NONE,NONE,NORMAL,0.0
2023-05-07T20:00:00Z,42921099999,"NASIK CITY, IN",19.9666666,73.8166666,598.0,25.93,1002.5,66.96,25.93,1002.5,66.96,0,NONE,NONE,NORMAL,0.0
2023-05-07T20:00:00Z,43003099999,"CHHATRAPATI SHIVAJI INTERNATIONAL, IN",19.088686,72.867919,11.27,29.0,1007.0,83.88,29.0,1007.0,83.88,0,NONE,NONE,NORMAL,0.0
2023-05-07T20:00:00Z,43057099999,"BOMBAY COLABA, IN",18.9,72.8166666,11.0,29.87,1007.51,75.42,29.87,1007.51,75.42,0,NONE,NONE,NORMAL,0.0
2023-05-07T20:00:00Z,43063099999,"PUNE, IN",18.5333333,73.85,558.0,25.67,1006.67,81.01,25.67,1006.67,81.01,0,NONE,NONE,NORMAL,0.0
2023-05-07T21:00:00Z,42921099999,"NASIK CITY, IN",19.9666666,73.8166666,598.0,25.6,1002.1,68.16,25.6,1002.1,68.16,0,NONE,NONE,NORMAL,0.0
2023-05-07T21:00:00Z,43003099999,"CHHATRAPATI SHIVAJI INTERNATIONAL, IN",19.088686,72.867919,11.27,29.0,1006.7,79.04,29.0,1006.7,79.04,0,NONE,NONE,NORMAL,0.0
2023-05-07T21:00:00Z,43057099999,"BOMBAY COLABA, IN",18.9,72.8166666,11.0,29.8,1007.72,75.74,29.8,1007.72,75.74,0,NONE,NONE,NORMAL,0.0
2023-05-07T21:00:00Z,43063099999,"PUNE, IN",18.5333333,73.85,558.0,25.6,1006.0,84.01,25.6,1006.0,84.01,0,NONE,NONE,NORMAL,0.0
2023-05-07T22:00:00Z,42921099999,"NASIK CITY, IN",19.9666666,73.8166666,598.0,24.9,1002.43,73.61,24.9,1002.43,73.61,0,NONE,NONE,NORMAL,0.0
2023-05-07T22:00:00Z,43003099999,"CHHATRAPATI SHIVAJI INTERNATIONAL, IN",19.088686,72.867919,11.27,29.0,1006.0,79.04,29.0,1006.0,79.04,0,NONE,NONE,NORMAL,0.0
2023-05-07T22:00:00Z,43057099999,"BOMBAY COLABA, IN",18.9,72.8166666,11.0,29.73,1007.93,76.06,29.73,1007.93,76.06,0,NONE,NONE,NORMAL,0.0
2023-05-07T22:00:00Z,43063099999,"PUNE, IN",18.5333333,73.85,558.0,25.47,1006.17,84.0,25.47,1006.17,84.0,0,NONE,NONE,NORMAL,0.0
2023-05-07T23:00:00Z,42921099999,"NASIK CITY, IN",19.9666666,73.8166666,598.0,24.2,1002.77,79.5,24.2,1002.77,79.5,0,NONE,NONE,NORMAL,0.0
2023-05-07T23:00:00Z,43003099999,"CHHATRAPATI SHIVAJI INTERNATIONAL, IN",19.088686,72.867919,11.27,29.0,1007.0,79.04,29.0,1007.0,79.04,0,NONE,NONE,NORMAL,0.0
2023-05-07T23:00:00Z,43057099999,"BOMBAY COLABA, IN",18.9,72.8166666,11.0,29.67,1008.15,76.38,29.67,1008.15,76.38,0,NONE,NONE,NORMAL,0.0
2023-05-07T23:00:00Z,43063099999,"PUNE, IN",18.5333333,73.85,558.0,25.33,1006.33,83.98,25.33,1006.33,83.98,0,NONE,NONE,NORMAL,0.0
2023-05-08T00:00:00Z,42921099999,"NASIK CITY, IN",19.9666666,73.8166666,598.0,23.5,1003.1,85.87,23.5,1003.1,85.87,0,NONE,NONE,NORMAL,0.0
2023-05-08T00:00:00Z,43003099999,"CHHATRAPATI SHIVAJI INTERNATIONAL, IN",19.088686,72.867919,11.27,29.0,1007.0,79.04,29.0,1007.0,79.04,0,NONE,NONE,NORMAL,0.0
2023-05-08T00:00:00Z,43057099999,"BOMBAY COLABA, IN",18.9,72.8166666,11.0,29.6,1008.36,76.71,29.6,1008.36,76.71,0,NONE,NONE,NORMAL,0.0
2023-05-08T00:00:00Z,43063099999,"PUNE, IN",18.5333333,73.85,558.0,25.2,1006.5,83.97,25.2,1006.5,83.97,0,NONE,NONE,NORMAL,0.0
2023-05-08T01:00:00Z,42921099999,"NASIK CITY, IN",19.9666666,73.8166666,598.0,24.2,1003.57,81.15,24.2,1003.57,81.15,0,NONE,NONE,NORMAL,0.0
2023-05-08T01:00:00Z,43003099999,"CHHATRAPATI SHIVAJI INTERNATIONAL, IN",19.088686,72.867919,11.27,29.0,1007.0,79.04,29.0,1007.0,79.04,0,NONE,NONE,NORMAL,0.0
2023-05-08T01:00:00Z,43057099999,"BOMBAY COLABA, IN",18.9,72.8166666,11.0,29.53,1008.57,77.04,29.53,1008.57,77.04,0,NONE,NONE,NORMAL,0.0
2023-05-08T01:00:00Z,43063099999,"PUNE, IN",18.5333333,73.85,558.0,25.4,1007.13,80.65,25.4,1007.13,80.65,0,NONE,NONE,NORMAL,0.0
2023-05-08T02:00:00Z,42921099999,"NASIK CITY, IN",19.9666666,73.8166666,598.0,24.9,1004.03,76.71,24.9,1004.03,76.71,0,NONE,NONE,NORMAL,0.0
2023-05-08T02:00:00Z,43003099999,"CHHATRAPATI SHIVAJI INTERNATIONAL, IN",19.088686,72.867919,11.27,30.0,1008.0,74.61,30.0,1008.0,74.61,0,NONE,NONE,NORMAL,0.0
2023-05-08T02:00:00Z,43057099999,"BOMBAY COLABA, IN",18.9,72.8166666,11.0,29.47,1008.79,77.36,29.47,1008.79,77.36,0,NONE,NONE,NORMAL,0.0
2023-05-08T02:00:00Z,43063099999,"PUNE, IN",18.5333333,73.85,558.0,25.6,1007.77,77.45,25.6,1007.77,77.45,0,NONE,NONE,NORMAL,0.0
2023-05-08T03:00:00Z,42921099999,"NASIK CITY, IN",19.9666666,73.8166666,598.0,25.6,1004.5,72.53,25.6,1004.5,72.53,0,NONE,NONE,NORMAL,0.0
2023-05-08T03:00:00Z,43003099999,"CHHATRAPATI SHIVAJI INTERNATIONAL, IN",19.088686,72.867919,11.27,29.8,1008.8,72.81,29.8,1008.8,72.81,0,NONE,NONE,NORMAL,0.0
2023-05-08T03:00:00Z,43057099999,"BOMBAY COLABA, IN",18.9,72.8166666,11.0,29.4,1009.0,77.69,29.4,1009.0,77.69,0,NONE,NONE,NORMAL,0.0
2023-05-08T03:00:00Z,43063099999,"PUNE, IN",18.5333333,73.85,558.0,25.8,1008.4,74.37,25.8,1008.4,74.37,0,NONE,NONE,NORMAL,0.0
2023-05-08T04:00:00Z,42921099999,"NASIK CITY, IN",19.9666666,73.8166666,598.0,27.73,1004.13,61.75,27.73,1004.13,61.75,0,NONE,NONE,NORMAL,0.0
2023-05-08T04:00:00Z,43003099999,"CHHATRAPATI SHIVAJI INTERNATIONAL, IN",19.088686,72.867919,11.27,30.0,1009.0,74.61,30.0,985.0,74.61,1,SPIKE,P,NORMAL,0.8
2023-05-08T04:00:00Z,43057099999,"BOMBAY COLABA, IN",18.9,72.8166666,11.0,29.6,1008.57,76.75,29.6,1008.57,76.75,0,NONE,NONE,NORMAL,0.0
2023-05-08T04:00:00Z,43063099999,"PUNE, IN",18.5333333,73.85,558.0,27.87,1007.97,62.94,27.87,1007.97,62.94,0,NONE,NONE,NORMAL,0.0
2023-05-08T05:00:00Z,42921099999,"NASIK CITY, IN",19.9666666,73.8166666,598.0,29.87,1003.77,52.67,29.87,1003.77,52.67,0,NONE,NONE,NORMAL,0.0
2023-05-08T05:00:00Z,43003099999,"CHHATRAPATI SHIVAJI INTERNATIONAL, IN",19.088686,72.867919,11.27,31.0,1009.0,70.45,31.0,985.0,70.45,1,SPIKE,P,NORMAL,0.8
2023-05-08T05:00:00Z,43057099999,"BOMBAY COLABA, IN",18.9,72.8166666,11.0,29.8,1008.13,75.82,29.8,1008.13,75.82,0,NONE,NONE,NORMAL,0.0
2023-05-08T05:00:00Z,43063099999,"PUNE, IN",18.5333333,73.85,558.0,29.93,1007.53,53.35,29.93,1007.53,53.35,0,NONE,NONE,NORMAL,0.0
2023-05-08T06:00:00Z,42921099999,"NASIK CITY, IN",19.9666666,73.8166666,598.0,32.0,1003.4,45.0,32.0,1003.4,45.0,0,NONE,NONE,NORMAL,0.0
2023-05-08T06:00:00Z,43003099999,"CHHATRAPATI SHIVAJI INTERNATIONAL, IN",19.088686,72.867919,11.27,31.8,1008.8,67.31,31.8,1008.8,67.31,0,NONE,NONE,NORMAL,0.0
2023-05-08T06:00:00Z,43057099999,"BOMBAY COLABA, IN",18.9,72.8166666,11.0,30.0,1007.7,74.9,30.0,1007.7,74.9,0,NONE,NONE,NORMAL,0.0
2023-05-08T06:00:00Z,43063099999,"PUNE, IN",18.5333333,73.85,558.0,32.0,1007.1,45.28,32.0,1007.1,45.28,0,NONE,NONE,NORMAL,0.0
2023-05-08T07:00:00Z,42921099999,"NASIK CITY, IN",19.9666666,73.8166666,598.0,33.5,1002.13,39.91,33.5,1002.13,39.91,0,NONE,NONE,NORMAL,0.0
2023-05-08T07:00:00Z,43003099999,"CHHATRAPATI SHIVAJI INTERNATIONAL, IN",19.088686,72.867919,11.27,33.0,1008.0,62.9,33.0,1008.0,62.9,0,NONE,NONE,NORMAL,0.0
2023-05-08T07:00:00Z,43057099999,"BOMBAY COLABA, IN",18.9,72.8166666,11.0,30.2,1007.27,74.0,30.2,1007.27,74.0,0,NONE,NONE,NORMAL,0.0
2023-05-08T07:00:00Z,43063099999,"PUNE, IN",18.5333333,73.85,558.0,33.07,1006.07,41.41,33.07,1006.07,41.41,0,NONE,NONE,NORMAL,0.0
2023-05-08T08:00:00Z,42921099999,"NASIK CITY, IN",19.9666666,73.8166666,598.0,35.0,1000.87,35.42,35.0,1000.87,35.42,0,NONE,NONE,NORMAL,0.0
2023-05-08T08:00:00Z,43003099999,"CHHATRAPATI SHIVAJI INTERNATIONAL, IN",19.088686,72.867919,11.27,33.0,1007.0,62.9,33.0,1007.0,62.9,0,NONE,NONE,NORMAL,0.0
2023-05-08T08:00:00Z,43057099999,"BOMBAY COLABA, IN",18.9,72.8166666,11.0,30.4,1006.83,73.1,30.4,1006.83,73.1,0,NONE,NONE,NORMAL,0.0
2023-05-08T08:00:00Z,43063099999,"PUNE, IN",18.5333333,73.85,558.0,34.13,1005.03,37.88,34.13,1005.03,37.88,0,NONE,NONE,NORMAL,0.0
2023-05-08T09:00:00Z,42921099999,"NASIK CITY, IN",19.9666666,73.8166666,598.0,36.5,999.6,31.45,36.5,999.6,31.45,0,NONE,NONE,NORMAL,0.0
2023-05-08T09:00:00Z,43003099999,"CHHATRAPATI SHIVAJI INTERNATIONAL, IN",19.088686,72.867919,11.27,33.2,1006.9,55.48,33.2,1006.9,55.48,0,NONE,NONE,NORMAL,0.0
2023-05-08T09:00:00Z,43057099999,"BOMBAY COLABA, IN",18.9,72.8166666,11.0,30.6,1006.4,72.22,30.6,1006.4,72.22,0,NONE,NONE,NORMAL,0.0
2023-05-08T09:00:00Z,43063099999,"PUNE, IN",18.5333333,73.85,558.0,35.2,1004.0,34.66,35.2,1004.0,34.66,0,NONE,NONE,NORMAL,0.0
2023-05-08T10:00:00Z,42921099999,"NASIK CITY, IN",19.9666666,73.8166666,598.0,36.2,999.13,31.71,36.2,999.13,31.71,0,NONE,NONE,NORMAL,0.0
2023-05-08T10:00:00Z,43003099999,"CHHATRAPATI SHIVAJI INTERNATIONAL, IN",19.088686,72.867919,11.27,32.0,1006.0,59.01,32.0,1006.0,59.01,0,NONE,NONE,NORMAL,0.0
2023-05-08T10:00:00Z,43057099999,"BOMBAY COLABA, IN",18.9,72.8166666,11.0,30.8,1005.97,71.35,30.8,1005.97,71.35,0,NONE,NONE,NORMAL,0.0
2023-05-08T10:00:00Z,43063099999,"PUNE, IN",18.5333333,73.85,558.0,35.2,1003.13,35.7,35.2,1003.13,35.7,0,NONE,NONE,NORMAL,0.0
2023-05-08T11:00:00Z,42921099999,"NASIK CITY, IN",19.9666666,73.8166666,598.0,35.9,998.67,31.96,35.9,998.67,31.96,0,NONE,NONE,NORMAL,0.0
2023-05-08T11:00:00Z,43003099999,"CHHATRAPATI SHIVAJI INTERNATIONAL, IN",19.088686,72.867919,11.27,32.0,1005.0,66.55,32.0,1005.0,66.55,0,NONE,NONE,NORMAL,0.0
2023-05-08T11:00:00Z,43057099999,"BOMBAY COLABA, IN",18.9,72.8166666,11.0,31.0,1005.53,70.5,31.0,1005.53,70.5,0,NONE,NONE,NORMAL,0.0
2023-05-08T11:00:00Z,43063099999,"PUNE, IN",18.5333333,73.85,558.0,35.2,1002.27,36.76,35.2,1002.27,36.76,0,NONE,NONE,NORMAL,0.0
2023-05-08T12:00:00Z,42921099999,"NASIK CITY, IN",19.9666666,73.8166666,598.0,35.6,998.2,32.22,35.6,998.2,32.22,0,NONE,NONE,NORMAL,0.0
2023-05-08T12:00:00Z,43003099999,"CHHATRAPATI SHIVAJI INTERNATIONAL, IN",19.088686,72.867919,11.27,31.0,1005.0,70.45,31.0,1005.0,70.45,0,NONE,NONE,NORMAL,0.0
2023-05-08T12:00:00Z,43057099999,"BOMBAY COLABA, IN",18.9,72.8166666,11.0,31.2,1005.1,69.65,31.2,1005.1,69.65,0,NONE,NONE,NORMAL,0.0
2023-05-08T12:00:00Z,43063099999,"PUNE, IN",18.5333333,73.85,558.0,35.2,1001.4,37.85,35.2,1001.4,37.85,0,NONE,NONE,NORMAL,0.0
2023-05-08T13:00:00Z,42921099999,"NASIK CITY, IN",19.9666666,73.8166666,598.0,33.8,999.2,36.92,33.8,999.2,36.92,0,NONE,NONE,NORMAL,0.0
2023-05-08T13:00:00Z,43003099999,"CHHATRAPATI SHIVAJI INTERNATIONAL, IN",19.088686,72.867919,11.27,30.0,1005.0,74.61,30.0,1005.0,74.61,0,NONE,NONE,NORMAL,0.0
2023-05-08T13:00:00Z,43057099999,"BOMBAY COLABA, IN",18.9,72.8166666,11.0,31.08,1005.4,70.24,31.08,1005.4,70.24,0,NONE,NONE,NORMAL,0.0
2023-05-08T13:00:00Z,43063099999,"PUNE, IN",18.5333333,73.85,558.0,31.67,1003.1,49.73,31.67,1003.1,49.73,0,NONE,NONE,NORMAL,0.0
2023-05-08T14:00:00Z,42921099999,"NASIK CITY, IN",19.9666666,73.8166666,598.0,32.0,1000.2,42.35,32.0,1000.2,42.35,0,NONE,NONE,NORMAL,0.0
2023-05-08T14:00:00Z,43003099999,"CHHATRAPATI SHIVAJI INTERNATIONAL, IN",19.088686,72.867919,11.27,30.0,1006.0,79.18,30.0,1006.0,79.18,0,NONE,NONE,NORMAL,0.0
2023-05-08T14:00:00Z,43057099999,"BOMBAY COLABA, IN",18.9,72.8166666,11.0,30.96,1005.7,70.84,30.96,1005.7,70.84,0,NONE,NONE,NORMAL,0.0
2023-05-08T14:00:00Z,43063099999,"PUNE, IN",18.5333333,73.85,558.0,28.13,1004.8,65.64,28.13,1004.8,65.64,0,NONE,NONE,NORMAL,0.0
2023-05-08T15:00:00Z,42921099999,"NASIK CITY, IN",19.9666666,73.8166666,598.0,30.2,1001.2,48.63,30.2,1001.2,48.63,0,NONE,NONE,NORMAL,0.0
2023-05-08T15:00:00Z,43003099999,"CHHATRAPATI SHIVAJI INTERNATIONAL, IN",19.088686,72.867919,11.27,29.6,1006.6,76.8,29.6,1006.6,76.8,0,NONE,NONE,NORMAL,0.0
2023-05-08T15:00:00Z,43057099999,"BOMBAY COLABA, IN",18.9,72.8166666,11.0,30.84,1006.0,71.44,30.84,1006.0,71.44,0,NONE,NONE,NORMAL,0.0
2023-05-08T15:00:00Z,43063099999,"PUNE, IN",18.5333333,73.85,558.0,24.6,1006.5,87.03,24.6,1006.5,87.03,0,NONE,NONE,NORMAL,0.0
2023-05-08T16:00:00Z,42921099999,"NASIK CITY, IN",19.9666666,73.8166666,598.0,29.47,1001.9,51.59,29.47,1001.9,51.59,0,NONE,NONE,NORMAL,0.0
2023-05-08T16:00:00Z,43003099999,"CHHATRAPATI SHIVAJI INTERNATIONAL, IN",19.088686,72.867919,11.27,30.0,1007.0,79.18,30.0,1007.0,79.18,0,NONE,NONE,NORMAL,0.0
2023-05-08T16:00:00Z,43057099999,"BOMBAY COLABA, IN",18.9,72.8166666,11.0,30.72,1006.3,72.04,30.72,1006.3,72.04,0,NONE,NONE,NORMAL,0.0
2023-05-08T16:00:00Z,43063099999,"PUNE, IN",18.5333333,73.85,558.0,24.73,1006.87,85.47,24.73,1006.87,85.47,0,NONE,NONE,NORMAL,0.0
2023-05-08T17:00:00Z,42921099999,"NASIK CITY, IN",19.9666666,73.8166666,598.0,28.73,1002.6,54.73,28.73,1002.6,54.73,0,NONE,NONE,NORMAL,0.0
2023-05-08T17:00:00Z,43003099999,"CHHATRAPATI SHIVAJI INTERNATIONAL, IN",19.088686,72.867919,11.27,30.0,1008.0,79.18,30.0,1008.0,79.18,0,NONE,NONE,NORMAL,0.0
2023-05-08T17:00:00Z,43057099999,"BOMBAY COLABA, IN",18.9,72.8166666,11.0,30.6,1006.6,72.66,30.6,1006.6,72.66,0,NONE,NONE,NORMAL,0.0
2023-05-08T17:00:00Z,43063099999,"PUNE, IN",18.5333333,73.85,558.0,24.87,1007.23,83.93,24.87,1007.23,83.93,0,NONE,NONE,NORMAL,0.0
2023-05-08T18:00:00Z,42921099999,"NASIK CITY, IN",19.9666666,73.8166666,598.0,28.0,1003.3,58.08,28.0,1003.3,58.08,0,NONE,NONE,NORMAL,0.0
2023-05-08T18:00:00Z,43003099999,"CHHATRAPATI SHIVAJI INTERNATIONAL, IN",19.088686,72.867919,11.27,29.4,1007.6,77.69,29.4,1007.6,77.69,0,NONE,NONE,NORMAL,0.0
2023-05-08T18:00:00Z,43057099999,"BOMBAY COLABA, IN",18.9,72.8166666,11.0,30.48,1006.9,73.27,30.48,1006.9,73.27,0,NONE,NONE,NORMAL,0.0
2023-05-08T18:00:00Z,43063099999,"PUNE, IN",18.5333333,73.85,558.0,25.0,1007.6,82.42,25.0,1007.6,82.42,0,NONE,NONE,NORMAL,0.0
2023-05-08T19:00:00Z,42921099999,"NASIK CITY, IN",19.9666666,73.8166666,598.0,27.2,1002.87,60.86,27.2,1002.87,60.86,0,NONE,NONE,NORMAL,0.0
2023-05-08T19:00:00Z,43003099999,"CHHATRAPATI SHIVAJI INTERNATIONAL, IN",19.088686,72.867919,11.27,30.0,1007.0,79.18,30.0,1007.0,79.18,0,NONE,NONE,NORMAL,0.0
2023-05-08T19:00:00Z,43057099999,"BOMBAY COLABA, IN",18.9,72.8166666,11.0,30.36,1007.2,73.9,30.36,1007.2,73.9,0,NONE,NONE,NORMAL,0.0
2023-05-08T19:00:00Z,43063099999,"PUNE, IN",18.5333333,73.85,558.0,25.2,1007.17,82.62,25.2,1007.17,82.62,0,NONE,NONE,NORMAL,0.0
2023-05-08T20:00:00Z,42921099999,"NASIK CITY, IN",19.9666666,73.8166666,598.0,26.4,1002.43,63.8,26.4,1002.43,63.8,0,NONE,NONE,NORMAL,0.0
2023-05-08T20:00:00Z,43003099999,"CHHATRAPATI SHIVAJI INTERNATIONAL, IN",19.088686,72.867919,11.27,29.0,1007.0,83.88,29.0,1007.0,83.88,0,NONE,NONE,NORMAL,0.0
2023-05-08T20:00:00Z,43057099999,"BOMBAY COLABA, IN",18.9,72.8166666,11.0,30.24,1007.5,74.53,30.24,1007.5,74.53,0,NONE,NONE,NORMAL,0.0
2023-05-08T20:00:00Z,43063099999,"PUNE, IN",18.5333333,73.85,558.0,25.4,1006.73,82.81,25.4,1006.73,82.81,0,NONE,NONE,NORMAL,0.0
2023-05-08T21:00:00Z,42921099999,"NASIK CITY, IN",19.9666666,73.8166666,598.0,25.6,1002.0,66.9,25.6,1002.0,66.9,0,NONE,NONE,NORMAL,0.0
2023-05-08T21:00:00Z,43003099999,"CHHATRAPATI SHIVAJI INTERNATIONAL, IN",19.088686,72.867919,11.27,29.0,1006.5,79.04,29.0,1006.5,79.04,0,NONE,NONE,NORMAL,0.0
2023-05-08T21:00:00Z,43057099999,"BOMBAY COLABA, IN",18.9,72.8166666,11.0,30.12,1007.8,75.16,30.12,1007.8,75.16,0,NONE,NONE,NORMAL,0.0
2023-05-08T21:00:00Z,43063099999,"PUNE, IN",18.5333333,73.85,558.0,25.6,1006.3,83.0,25.6,1006.3,83.0,0,NONE,NONE,NORMAL,0.0
2023-05-08T22:00:00Z,42921099999,"NASIK CITY, IN",19.9666666,73.8166666,598.0,25.07,1002.43,70.21,25.07,1002.43,70.21,0,NONE,NONE,NORMAL,0.0
2023-05-08T22:00:00Z,43003099999,"CHHATRAPATI SHIVAJI INTERNATIONAL, IN",19.088686,72.867919,11.27,29.0,1007.0,83.88,29.0,1007.0,83.88,0,NONE,NONE,NORMAL,0.0
2023-05-08T22:00:00Z,43057099999,"BOMBAY COLABA, IN",18.9,72.8166666,11.0,30.0,1008.1,75.8,30.0,1008.1,75.8,0,NONE,NONE,NORMAL,0.0
2023-05-08T22:00:00Z,43063099999,"PUNE, IN",18.5333333,73.85,558.0,25.4,1006.53,84.85,25.4,1006.53,84.85,0,NONE,NONE,NORMAL,0.0
2023-05-08T23:00:00Z,42921099999,"NASIK CITY, IN",19.9666666,73.8166666,598.0,24.53,1002.87,73.7,24.53,1002.87,73.7,0,NONE,NONE,NORMAL,0.0
2023-05-08T23:00:00Z,43003099999,"CHHATRAPATI SHIVAJI INTERNATIONAL, IN",19.088686,72.867919,11.27,29.0,1007.0,83.88,29.0,1007.0,83.88,0,NONE,NONE,NORMAL,0.0
2023-05-08T23:00:00Z,43057099999,"BOMBAY COLABA, IN",18.9,72.8166666,11.0,29.88,1008.4,76.45,29.88,1008.4,76.45,0,NONE,NONE,NORMAL,0.0
2023-05-08T23:00:00Z,43063099999,"PUNE, IN",18.5333333,73.85,558.0,25.2,1006.77,86.74,25.2,1006.77,86.74,0,NONE,NONE,NORMAL,0.0
2023-05-09T00:00:00Z,42921099999,"NASIK CITY, IN",19.9666666,73.8166666,598.0,24.0,1003.3,77.37,24.0,1003.3,77.37,0,NONE,NONE,NORMAL,0.0
2023-05-09T00:00:00Z,43003099999,"CHHATRAPATI SHIVAJI INTERNATIONAL, IN",19.088686,72.867919,11.27,28.8,1007.3,81.89,28.8,1007.3,81.89,0,NONE,NONE,NORMAL,0.0
2023-05-09T00:00:00Z,43057099999,"BOMBAY COLABA, IN",18.9,72.8166666,11.0,29.76,1008.7,77.1,29.76,1008.7,77.1,0,NONE,NONE,NORMAL,0.0
2023-05-09T00:00:00Z,43063099999,"PUNE, IN",18.5333333,73.85,558.0,25.0,1007.0,88.67,25.0,1007.0,88.67,0,NONE,NONE,NORMAL,0.0
2023-05-09T01:00:00Z,42921099999,"NASIK CITY, IN",19.9666666,73.8166666,598.0,25.33,1003.77,70.26,25.33,1003.77,70.26,0,NONE,NONE,NORMAL,0.0
2023-05-09T01:00:00Z,43003099999,"CHHATRAPATI SHIVAJI INTERNATIONAL, IN",19.088686,72.867919,11.27,29.0,1008.0,83.88,29.0,1008.0,83.88,0,NONE,NONE,NORMAL,0.0
2023-05-09T01:00:00Z,43057099999,"BOMBAY COLABA, IN",18.9,72.8166666,11.0,29.64,1009.0,77.76,29.64,1009.0,77.76,0,NONE,NONE,NORMAL,0.0
2023-05-09T01:00:00Z,43063099999,"PUNE, IN",18.5333333,73.85,558.0,25.6,1007.63,85.21,25.6,1007.63,85.21,0,NONE,NONE,NORMAL,0.0
2023-05-09T02:00:00Z,42921099999,"NASIK CITY, IN",19.9666666,73.8166666,598.0,26.67,1004.23,63.86,26.67,1004.23,63.86,0,NONE,NONE,NORMAL,0.0
2023-05-09T02:00:00Z,43003099999,"CHHATRAPATI SHIVAJI INTERNATIONAL, IN",19.088686,72.867919,11.27,29.0,1009.0,83.88,29.0,1009.0,83.88,0,NONE,NONE,NORMAL,0.0
2023-05-09T02:00:00Z,43057099999,"BOMBAY COLABA, IN",18.9,72.8166666,11.0,29.52,1009.3,78.42,29.52,1009.3,78.42,0,NONE,NONE,NORMAL,0.0
2023-05-09T02:00:00Z,43063099999,"PUNE, IN",18.5333333,73.85,558.0,26.2,1008.27,81.9,26.2,1008.27,81.9,0,NONE,NONE,NORMAL,0.0
2023-05-09T03:00:00Z,42921099999,"NASIK CITY, IN",19.9666666,73.8166666,598.0,28.0,1004.7,58.08,28.0,1004.7,58.08,0,NONE,NONE,NORMAL,0.0
2023-05-09T03:00:00Z,43003099999,"CHHATRAPATI SHIVAJI INTERNATIONAL, IN",19.088686,72.867919,11.27,30.2,1009.5,75.53,30.2,1009.5,75.53,0,NONE,NONE,NORMAL,0.0
2023-05-09T03:00:00Z,43057099999,"BOMBAY COLABA, IN",18.9,72.8166666,11.0,29.4,1009.6,79.09,29.4,1009.6,79.09,0,NONE,NONE,NORMAL,0.0
2023-05-09T03:00:00Z,43063099999,"PUNE, IN",18.5333333,73.85,558.0,26.8,1008.9,78.73,26.8,1008.9,78.73,0,NONE,NONE,NORMAL,0.0
2023-05-09T04:00:00Z,42921099999,"NASIK CITY, IN",19.9666666,73.8166666,598.0,30.33,1004.2,46.47,30.33,1004.2,46.47,0,NONE,NONE,NORMAL,0.0
2023-05-09T04:00:00Z,43003099999,"CHHATRAPATI SHIVAJI INTERNATIONAL, IN",19.088686,72.867919,11.27,32.0,1010.0,66.55,32.0,1010.0,66.55,0,NONE,NONE,NORMAL,0.0
2023-05-09T04:00:00Z,43057099999,"BOMBAY COLABA, IN",18.9,72.8166666,11.0,29.56,1009.13,78.54,29.56,1009.13,78.54,0,NONE,NONE,NORMAL,0.0
2023-05-09T04:00:00Z,43063099999,"PUNE, IN",18.5333333,73.85,558.0,28.6,1008.5,68.74,28.6,1008.5,68.74,0,NONE,NONE,NORMAL,0.0
2023-05-09T05:00:00Z,42921099999,"NASIK CITY, IN",19.9666666,73.8166666,598.0,32.67,1003.7,37.24,32.67,1003.7,37.24,0,NONE,NONE,NORMAL,0.0
2023-05-09T05:00:00Z,43003099999,"CHHATRAPATI SHIVAJI INTERNATIONAL, IN",19.088686,72.867919,11.27,33.0,1010.0,59.24,33.0,1010.0,59.24,0,NONE,NONE,NORMAL,0.0
2023-05-09T05:00:00Z,43057099999,"BOMBAY COLABA, IN",18.9,72.8166666,11.0,29.71,1008.67,78.0,29.71,1008.67,78.0,0,NONE,NONE,NORMAL,0.0
2023-05-09T05:00:00Z,43063099999,"PUNE, IN",18.5333333,73.85,558.0,30.4,1008.1,60.1,30.4,1008.1,60.1,0,NONE,NONE,NORMAL,0.0
2023-05-09T06:00:00Z,42921099999,"NASIK CITY, IN",19.9666666,73.8166666,598.0,35.0,1003.2,29.87,35.0,1003.2,29.87,0,NONE,NONE,NORMAL,0.0
2023-05-09T06:00:00Z,43003099999,"CHHATRAPATI SHIVAJI INTERNATIONAL, IN",19.088686,72.867919,11.27,32.6,1009.8,59.51,32.6,1009.8,59.51,0,NONE,NONE,NORMAL,0.0
2023-05-09T06:00:00Z,43057099999,"BOMBAY COLABA, IN",18.9,72.8166666,11.0,29.87,1008.2,77.45,29.87,1008.2,77.45,0,NONE,NONE,NORMAL,0.0
2023-05-09T06:00:00Z,43063099999,"PUNE, IN",18.5333333,73.85,558.0,32.2,1007.7,52.6,32.2,1007.7,52.6,0,NONE,NONE,NORMAL,0.0
2023-05-09T07:00:00Z,42921099999,"NASIK CITY, IN",19.9666666,73.8166666,598.0,36.0,1002.17,28.09,36.0,1002.17,28.09,0,NONE,NONE,NORMAL,0.0
2023-05-09T07:00:00Z,43003099999,"CHHATRAPATI SHIVAJI INTERNATIONAL, IN",19.088686,72.867919,11.27,32.0,1009.0,62.68,32.0,1009.0,62.68,0,NONE,NONE,NORMAL,0.0
2023-05-09T07:00:00Z,43057099999,"BOMBAY COLABA, IN",18.9,72.8166666,11.0,30.02,1007.73,76.92,30.02,1007.73,76.92,0,NONE,NONE,NORMAL,0.0
2023-05-09T07:00:00Z,43063099999,"PUNE, IN",18.5333333,73.85,558.0,33.33,1006.53,46.98,33.33,1006.53,46.98,0,NONE,NONE,NORMAL,0.0
2023-05-09T08:00:00Z,42921099999,"NASIK CITY, IN",19.9666666,73.8166666,598.0,37.0,1001.13,26.41,37.0,1001.13,26.41,0,NONE,NONE,NORMAL,0.0
2023-05-09T08:00:00Z,43003099999,"CHHATRAPATI SHIVAJI INTERNATIONAL, IN",19.088686,72.867919,11.27,33.0,1008.0,59.24,33.0,1008.0,59.24,0,NONE,NONE,NORMAL,0.0
2023-05-09T08:00:00Z,43057099999,"BOMBAY COLABA, IN",18.9,72.8166666,11.0,30.18,1007.27,76.38,30.18,1007.27,76.38,0,NONE,NONE,NORMAL,0.0
2023-05-09T08:00:00Z,43063099999,"PUNE, IN",18.5333333,73.85,558.0,34.47,1005.37,41.96,34.47,1005.37,41.96,0,NONE,NONE,NORMAL,0.0
2023-05-09T09:00:00Z,42921099999,"NASIK CITY, IN",19.9666666,73.8166666,598.0,38.0,1000.1,24.85,38.0,1000.1,24.85,0,NONE,NONE,NORMAL,0.0
2023-05-09T09:00:00Z,43003099999,"CHHATRAPATI SHIVAJI INTERNATIONAL, IN",19.088686,72.867919,11.27,32.0,1007.0,62.68,32.0,1007.0,62.68,0,NONE,NONE,NORMAL,0.0
2023-05-09T09:00:00Z,43057099999,"BOMBAY COLABA, IN",18.9,72.8166666,11.0,30.33,1006.8,75.85,30.33,1006.8,75.85,0,NONE,NONE,NORMAL,0.0
2023-05-09T09:00:00Z,43063099999,"PUNE, IN",18.5333333,73.85,558.0,33.17,1005.29,47.5,33.17,1005.29,47.5,0,NONE,NONE,GENUINE_WEATHER_FRONT,0.0
2023-05-09T10:00:00Z,42921099999,"NASIK CITY, IN",19.9666666,73.8166666,598.0,37.17,999.67,27.03,37.17,999.67,27.03,0,NONE,NONE,NORMAL,0.0
2023-05-09T10:00:00Z,43003099999,"CHHATRAPATI SHIVAJI INTERNATIONAL, IN",19.088686,72.867919,11.27,32.0,1006.0,62.68,32.0,1006.0,62.68,0,NONE,NONE,NORMAL,0.0
2023-05-09T10:00:00Z,43057099999,"BOMBAY COLABA, IN",18.9,72.8166666,11.0,30.49,1006.33,75.33,30.49,1006.33,75.33,0,NONE,NONE,NORMAL,0.0
2023-05-09T10:00:00Z,43063099999,"PUNE, IN",18.5333333,73.85,558.0,28.95,1006.51,65.63,28.95,1006.51,65.63,0,NONE,NONE,GENUINE_WEATHER_FRONT,0.0
2023-05-09T11:00:00Z,42921099999,"NASIK CITY, IN",19.9666666,73.8166666,598.0,36.33,999.23,29.41,36.33,999.23,29.41,0,NONE,NONE,NORMAL,0.0
2023-05-09T11:00:00Z,43003099999,"CHHATRAPATI SHIVAJI INTERNATIONAL, IN",19.088686,72.867919,11.27,30.49,1005.68,68.92,30.49,1005.68,68.92,0,NONE,NONE,GENUINE_WEATHER_FRONT,0.0
2023-05-09T11:00:00Z,43057099999,"BOMBAY COLABA, IN",18.9,72.8166666,11.0,27.07,1007.47,89.53,27.07,1007.47,89.53,0,NONE,NONE,GENUINE_WEATHER_FRONT,0.0
2023-05-09T11:00:00Z,43063099999,"PUNE, IN",18.5333333,73.85,558.0,29.31,1005.66,65.05,29.31,1005.66,65.05,0,NONE,NONE,GENUINE_WEATHER_FRONT,0.0
2023-05-09T12:00:00Z,42921099999,"NASIK CITY, IN",19.9666666,73.8166666,598.0,34.89,999.07,34.51,34.89,999.07,34.51,0,NONE,NONE,GENUINE_WEATHER_FRONT,0.0
2023-05-09T12:00:00Z,43003099999,"CHHATRAPATI SHIVAJI INTERNATIONAL, IN",19.088686,72.867919,11.27,25.92,1007.83,84.28,25.92,1007.83,84.28,0,NONE,NONE,GENUINE_WEATHER_FRONT,0.0
2023-05-09T12:00:00Z,43057099999,"BOMBAY COLABA, IN",18.9,72.8166666,11.0,24.69,1008.13,99.46,24.69,1008.13,99.46,0,NONE,NONE,GENUINE_WEATHER_FRONT,0.0
2023-05-09T12:00:00Z,43063099999,"PUNE, IN",18.5333333,73.85,558.0,30.05,1004.67,63.23,30.05,1004.67,63.23,0,NONE,NONE,GENUINE_WEATHER_FRONT,0.0
2023-05-09T13:00:00Z,42921099999,"NASIK CITY, IN",19.9666666,73.8166666,598.0,29.13,1001.89,59.86,29.13,1001.89,59.86,0,NONE,NONE,GENUINE_WEATHER_FRONT,0.0
2023-05-09T13:00:00Z,43003099999,"CHHATRAPATI SHIVAJI INTERNATIONAL, IN",19.088686,72.867919,11.27,25.49,1008.46,93.13,25.49,1008.46,93.13,0,NONE,NONE,GENUINE_WEATHER_FRONT,0.0
2023-05-09T13:00:00Z,43057099999,"BOMBAY COLABA, IN",18.9,72.8166666,11.0,25.84,1007.82,95.14,25.84,1007.82,95.14,0,NONE,NONE,GENUINE_WEATHER_FRONT,0.0
2023-05-09T13:00:00Z,43063099999,"PUNE, IN",18.5333333,73.85,558.0,29.9,1005.2,63.93,29.9,1005.2,63.93,0,NONE,NONE,GENUINE_WEATHER_FRONT,0.0
2023-05-09T14:00:00Z,42921099999,"NASIK CITY, IN",19.9666666,73.8166666,598.0,26.28,1003.39,75.29,26.28,1003.39,75.29,0,NONE,NONE,GENUINE_WEATHER_FRONT,0.0
2023-05-09T14:00:00Z,43003099999,"CHHATRAPATI SHIVAJI INTERNATIONAL, IN",19.088686,72.867919,11.27,25.8,1007.88,91.9,25.8,1007.88,91.9,0,NONE,NONE,GENUINE_WEATHER_FRONT,0.0
2023-05-09T14:00:00Z,43057099999,"BOMBAY COLABA, IN",18.9,72.8166666,11.0,27.03,1007.49,90.68,27.03,1007.49,90.68,0,NONE,NONE,GENUINE_WEATHER_FRONT,0.0
2023-05-09T14:00:00Z,43063099999,"PUNE, IN",18.5333333,73.85,558.0,29.5,1005.83,66.14,29.5,1005.83,66.14,0,NONE,NONE,GENUINE_WEATHER_FRONT,0.0
2023-05-09T15:00:00Z,42921099999,"NASIK CITY, IN",19.9666666,73.8166666,598.0,25.95,1003.78,83.04,25.95,1003.78,83.04,0,NONE,NONE,GENUINE_WEATHER_FRONT,0.0
2023-05-09T15:00:00Z,43003099999,"CHHATRAPATI SHIVAJI INTERNATIONAL, IN",19.088686,72.867919,11.27,27.04,1008.01,87.19,27.04,1008.01,87.19,0,NONE,NONE,GENUINE_WEATHER_FRONT,0.0
2023-05-09T15:00:00Z,43057099999,"BOMBAY COLABA, IN",18.9,72.8166666,11.0,27.92,1007.29,87.41,27.92,1007.29,87.41,0,NONE,NONE,GENUINE_WEATHER_FRONT,0.0
2023-05-09T15:00:00Z,43063099999,"PUNE, IN",18.5333333,73.85,558.0,28.92,1006.55,69.67,28.92,1006.55,69.67,0,NONE,NONE,GENUINE_WEATHER_FRONT,0.0
2023-05-09T16:00:00Z,42921099999,"NASIK CITY, IN",19.9666666,73.8166666,598.0,26.3,1003.79,81.46,26.3,1003.79,81.46,0,NONE,NONE,GENUINE_WEATHER_FRONT,0.0
2023-05-09T16:00:00Z,43003099999,"CHHATRAPATI SHIVAJI INTERNATIONAL, IN",19.088686,72.867919,11.27,27.63,1008.06,84.38,27.63,1008.06,84.38,0,NONE,NONE,GENUINE_WEATHER_FRONT,0.0
2023-05-09T16:00:00Z,43057099999,"BOMBAY COLABA, IN",18.9,72.8166666,11.0,28.59,1007.19,85.08,28.59,1007.19,85.08,0,NONE,NONE,GENUINE_WEATHER_FRONT,0.0
2023-05-09T16:00:00Z,43063099999,"PUNE, IN",18.5333333,73.85,558.0,28.54,1006.89,69.84,28.54,1006.89,69.84,0,NONE,NONE,GENUINE_WEATHER_FRONT,0.0
2023-05-09T17:00:00Z,42921099999,"NASIK CITY, IN",19.9666666,73.8166666,598.0,26.37,1003.95,81.2,26.37,1003.95,81.2,0,NONE,NONE,GENUINE_WEATHER_FRONT,0.0
2023-05-09T17:00:00Z,43003099999,"CHHATRAPATI SHIVAJI INTERNATIONAL, IN",19.088686,72.867919,11.27,28.22,1008.8,81.95,28.22,1008.8,81.95,0,NONE,NONE,GENUINE_WEATHER_FRONT,0.0
2023-05-09T17:00:00Z,43057099999,"BOMBAY COLABA, IN",18.9,72.8166666,11.0,29.09,1007.18,83.47,29.09,1007.18,83.47,0,NONE,NONE,GENUINE_WEATHER_FRONT,0.0
2023-05-09T17:00:00Z,43063099999,"PUNE, IN",18.5333333,73.85,558.0,28.05,1007.29,70.52,28.05,1007.29,70.52,0,NONE,NONE,GENUINE_WEATHER_FRONT,0.0
2023-05-09T18:00:00Z,42921099999,"NASIK CITY, IN",19.9666666,73.8166666,598.0,26.22,1004.18,82.0,26.22,1004.18,82.0,0,NONE,NONE,GENUINE_WEATHER_FRONT,0.0
2023-05-09T18:00:00Z,43003099999,"CHHATRAPATI SHIVAJI INTERNATIONAL, IN",19.088686,72.867919,11.27,28.66,1008.4,83.76,28.66,1008.4,83.76,0,NONE,NONE,GENUINE_WEATHER_FRONT,0.0
2023-05-09T18:00:00Z,43057099999,"BOMBAY COLABA, IN",18.9,72.8166666,11.0,29.45,1007.21,82.39,29.45,1007.21,82.39,0,NONE,NONE,GENUINE_WEATHER_FRONT,0.0
2023-05-09T18:00:00Z,43063099999,"PUNE, IN",18.5333333,73.85,558.0,27.49,1007.72,71.6,27.49,1007.72,71.6,0,NONE,NONE,GENUINE_WEATHER_FRONT,0.0
2023-05-09T19:00:00Z,42921099999,"NASIK CITY, IN",19.9666666,73.8166666,598.0,26.13,1003.96,81.85,26.13,1003.96,81.85,0,NONE,NONE,GENUINE_WEATHER_FRONT,0.0
2023-05-09T19:00:00Z,43003099999,"CHHATRAPATI SHIVAJI INTERNATIONAL, IN",19.088686,72.867919,11.27,27.99,1007.45,93.13,27.99,1007.45,93.13,0,NONE,NONE,GENUINE_WEATHER_FRONT,0.0
2023-05-09T19:00:00Z,43057099999,"BOMBAY COLABA, IN",18.9,72.8166666,11.0,29.72,1007.29,81.73,29.72,1007.29,81.73,0,NONE,NONE,GENUINE_WEATHER_FRONT,0.0
2023-05-09T19:00:00Z,43063099999,"PUNE, IN",18.5333333,73.85,558.0,27.34,1007.31,73.22,27.34,1007.31,73.22,0,NONE,NONE,GENUINE_WEATHER_FRONT,0.0
2023-05-09T20:00:00Z,42921099999,"NASIK CITY, IN",19.9666666,73.8166666,598.0,25.91,1003.8,82.26,25.91,1003.8,82.26,0,NONE,NONE,GENUINE_WEATHER_FRONT,0.0
2023-05-09T20:00:00Z,43003099999,"CHHATRAPATI SHIVAJI INTERNATIONAL, IN",19.088686,72.867919,11.27,28.24,1007.34,92.1,28.24,1007.34,92.1,0,NONE,NONE,GENUINE_WEATHER_FRONT,0.0
2023-05-09T20:00:00Z,43057099999,"BOMBAY COLABA, IN",18.9,72.8166666,11.0,29.92,1007.41,81.36,29.92,1007.41,81.36,0,NONE,NONE,GENUINE_WEATHER_FRONT,0.0
2023-05-09T20:00:00Z,43063099999,"PUNE, IN",18.5333333,73.85,558.0,27.53,1006.73,73.45,27.53,1006.73,73.45,0,NONE,NONE,NORMAL,0.0
2023-05-09T21:00:00Z,42921099999,"NASIK CITY, IN",19.9666666,73.8166666,598.0,25.61,1003.67,83.1,25.61,1003.67,83.1,0,NONE,NONE,GENUINE_WEATHER_FRONT,0.0
2023-05-09T21:00:00Z,43003099999,"CHHATRAPATI SHIVAJI INTERNATIONAL, IN",19.088686,72.867919,11.27,28.43,1007.25,91.32,28.43,1007.25,91.32,0,NONE,NONE,GENUINE_WEATHER_FRONT,0.0
2023-05-09T21:00:00Z,43057099999,"BOMBAY COLABA, IN",18.9,72.8166666,11.0,30.06,1007.55,81.24,30.06,1007.55,81.24,0,NONE,NONE,GENUINE_WEATHER_FRONT,0.0
2023-05-09T21:00:00Z,43063099999,"PUNE, IN",18.5333333,73.85,558.0,27.2,1006.4,75.98,27.2,1006.4,75.98,0,NONE,NONE,NORMAL,0.0
2023-05-09T22:00:00Z,42921099999,"NASIK CITY, IN",19.9666666,73.8166666,598.0,25.24,1003.58,84.3,25.24,1003.58,84.3,0,NONE,NONE,GENUINE_WEATHER_FRONT,0.0
2023-05-09T22:00:00Z,43003099999,"CHHATRAPATI SHIVAJI INTERNATIONAL, IN",19.088686,72.867919,11.27,28.57,1007.19,90.74,28.57,1007.19,90.74,0,NONE,NONE,GENUINE_WEATHER_FRONT,0.0
2023-05-09T22:00:00Z,43057099999,"BOMBAY COLABA, IN",18.9,72.8166666,11.0,30.53,1007.53,79.72,30.53,1007.53,79.72,0,NONE,NONE,NORMAL,0.0
2023-05-09T22:00:00Z,43063099999,"PUNE, IN",18.5333333,73.85,558.0,26.67,1006.67,77.61,26.67,1006.67,77.61,0,NONE,NONE,NORMAL,0.0
2023-05-09T23:00:00Z,42921099999,"NASIK CITY, IN",19.9666666,73.8166666,598.0,24.81,1003.51,85.76,24.81,1003.51,85.76,0,NONE,NONE,GENUINE_WEATHER_FRONT,0.0
2023-05-09T23:00:00Z,43003099999,"CHHATRAPATI SHIVAJI INTERNATIONAL, IN",19.088686,72.867919,11.27,29.0,1007.0,88.98,29.0,1007.0,88.98,0,NONE,NONE,NORMAL,0.0
2023-05-09T23:00:00Z,43057099999,"BOMBAY COLABA, IN",18.9,72.8166666,11.0,30.51,1007.75,80.28,30.51,1007.75,80.28,0,NONE,NONE,NORMAL,0.0
2023-05-09T23:00:00Z,43063099999,"PUNE, IN",18.5333333,73.85,558.0,26.13,1006.93,79.28,26.13,1006.93,79.28,0,NONE,NONE,NORMAL,0.0
2023-05-10T00:00:00Z,42921099999,"NASIK CITY, IN",19.9666666,73.8166666,598.0,24.7,1003.3,85.99,24.7,1003.3,85.99,0,NONE,NONE,NORMAL,0.0
2023-05-10T00:00:00Z,43003099999,"CHHATRAPATI SHIVAJI INTERNATIONAL, IN",19.088686,72.867919,11.27,29.0,1007.1,81.91,29.0,1007.1,81.91,0,NONE,NONE,NORMAL,0.0
2023-05-10T00:00:00Z,43057099999,"BOMBAY COLABA, IN",18.9,72.8166666,11.0,30.48,1007.96,80.85,30.48,1007.96,80.85,0,NONE,NONE,NORMAL,0.0
2023-05-10T00:00:00Z,43063099999,"PUNE, IN",18.5333333,73.85,558.0,25.6,1007.2,81.0,25.6,1007.2,81.0,0,NONE,NONE,NORMAL,0.0
2023-05-10T01:00:00Z,42921099999,"NASIK CITY, IN",19.9666666,73.8166666,598.0,26.13,1003.5,77.37,26.13,1003.5,77.37,0,NONE,NONE,NORMAL,0.0
2023-05-10T01:00:00Z,43003099999,"CHHATRAPATI SHIVAJI INTERNATIONAL, IN",19.088686,72.867919,11.27,29.0,1007.0,83.88,29.0,1007.0,83.88,0,NONE,NONE,NORMAL,0.0
2023-05-10T01:00:00Z,43057099999,"BOMBAY COLABA, IN",18.9,72.8166666,11.0,30.45,1008.17,81.42,30.45,1008.17,81.42,0,NONE,NONE,NORMAL,0.0
2023-05-10T01:00:00Z,43063099999,"PUNE, IN",18.5333333,73.85,558.0,26.8,1007.3,75.91,26.8,1007.3,75.91,0,NONE,NONE,NORMAL,0.0
2023-05-10T02:00:00Z,42921099999,"NASIK CITY, IN",19.9666666,73.8166666,598.0,27.57,1003.7,69.67,27.57,1003.7,69.67,0,NONE,NONE,NORMAL,0.0
2023-05-10T02:00:00Z,43003099999,"CHHATRAPATI SHIVAJI INTERNATIONAL, IN",19.088686,72.867919,11.27,30.0,1008.0,79.18,30.0,1008.0,79.18,0,NONE,NONE,NORMAL,0.0
2023-05-10T02:00:00Z,43057099999,"BOMBAY COLABA, IN",18.9,72.8166666,11.0,30.43,1008.39,81.99,30.43,1008.39,81.99,0,NONE,NONE,NORMAL,0.0
2023-05-10T02:00:00Z,43063099999,"PUNE, IN",18.5333333,73.85,558.0,28.0,1007.4,71.19,28.0,1007.4,71.19,0,NONE,NONE,NORMAL,0.0
2023-05-10T03:00:00Z,42921099999,"NASIK CITY, IN",19.9666666,73.8166666,598.0,29.0,1003.9,62.8,29.0,1003.9,62.8,0,NONE,NONE,NORMAL,0.0
2023-05-10T03:00:00Z,43003099999,"CHHATRAPATI SHIVAJI INTERNATIONAL, IN",19.088686,72.867919,11.27,30.8,1008.4,70.41,30.8,1008.4,70.41,0,NONE,NONE,NORMAL,0.0
2023-05-10T03:00:00Z,43057099999,"BOMBAY COLABA, IN",18.9,72.8166666,11.0,30.4,1008.6,82.57,30.4,1008.6,82.57,0,NONE,NONE,NORMAL,0.0
2023-05-10T03:00:00Z,43063099999,"PUNE, IN",18.5333333,73.85,558.0,29.2,1007.5,66.8,29.2,1007.5,66.8,0,NONE,NONE,NORMAL,0.0
2023-05-10T04:00:00Z,42921099999,"NASIK CITY, IN",19.9666666,73.8166666,598.0,31.83,1003.13,44.3,31.83,1003.13,44.3,0,NONE,NONE,NORMAL,0.0
2023-05-10T04:00:00Z,43003099999,"CHHATRAPATI SHIVAJI INTERNATIONAL, IN",19.088686,72.867919,11.27,32.0,1008.0,70.63,32.0,1008.0,70.63,0,NONE,NONE,NORMAL,0.0
2023-05-10T04:00:00Z,43057099999,"BOMBAY COLABA, IN",18.9,72.8166666,11.0,30.58,1008.14,82.26,30.58,1008.14,82.26,0,NONE,NONE,NORMAL,0.0
2023-05-10T04:00:00Z,43063099999,"PUNE, IN",18.5333333,73.85,558.0,31.67,1006.87,51.19,31.67,1006.87,51.19,0,NONE,NONE,NORMAL,0.0
2023-05-10T05:00:00Z,42921099999,"NASIK CITY, IN",19.9666666,73.8166666,598.0,34.67,1002.37,31.23,34.67,1002.37,31.23,0,NONE,NONE,NORMAL,0.0
2023-05-10T05:00:00Z,43003099999,"CHHATRAPATI SHIVAJI INTERNATIONAL, IN",19.088686,72.867919,11.27,32.0,1008.0,74.93,32.0,1008.0,74.93,0,NONE,NONE,NORMAL,0.0
2023-05-10T05:00:00Z,43057099999,"BOMBAY COLABA, IN",18.9,72.8166666,11.0,30.76,1007.69,81.96,30.76,1007.69,81.96,0,NONE,NONE,NORMAL,0.0
2023-05-10T05:00:00Z,43063099999,"PUNE, IN",18.5333333,73.85,558.0,34.13,1006.23,39.25,34.13,1006.23,39.25,0,NONE,NONE,NORMAL,0.0
2023-05-10T06:00:00Z,42921099999,"NASIK CITY, IN",19.9666666,73.8166666,598.0,37.5,1001.6,21.98,37.5,1001.6,21.98,0,NONE,NONE,NORMAL,0.0
2023-05-10T06:00:00Z,43003099999,"CHHATRAPATI SHIVAJI INTERNATIONAL, IN",19.088686,72.867919,11.27,33.0,1008.0,70.81,33.0,1008.0,70.81,0,NONE,NONE,NORMAL,0.0
2023-05-10T06:00:00Z,43057099999,"BOMBAY COLABA, IN",18.9,72.8166666,11.0,30.93,1007.23,81.67,30.93,1007.23,81.67,0,NONE,NONE,NORMAL,0.0
2023-05-10T06:00:00Z,43063099999,"PUNE, IN",18.5333333,73.85,558.0,36.6,1005.6,30.11,36.6,1005.6,30.11,0,NONE,NONE,NORMAL,0.0
2023-05-10T07:00:00Z,42921099999,"NASIK CITY, IN",19.9666666,73.8166666,598.0,37.9,1000.67,20.95,37.9,1000.67,20.95,0,NONE,NONE,NORMAL,0.0
2023-05-10T07:00:00Z,43003099999,"CHHATRAPATI SHIVAJI INTERNATIONAL, IN",19.088686,72.867919,11.27,33.0,1007.0,70.81,33.0,1007.0,70.81,0,NONE,NONE,NORMAL,0.0
2023-05-10T07:00:00Z,43057099999,"BOMBAY COLABA, IN",18.9,72.8166666,11.0,31.11,1006.78,81.37,31.11,1006.78,81.37,0,NONE,NONE,NORMAL,0.0
2023-05-10T07:00:00Z,43063099999,"PUNE, IN",18.5333333,73.85,558.0,37.4,1004.07,25.96,37.4,1004.07,25.96,0,NONE,NONE,NORMAL,0.0
2023-05-10T08:00:00Z,42921099999,"NASIK CITY, IN",19.9666666,73.8166666,598.0,38.3,999.73,19.96,38.3,999.73,19.96,0,NONE,NONE,NORMAL,0.0
2023-05-10T08:00:00Z,43003099999,"CHHATRAPATI SHIVAJI INTERNATIONAL, IN",19.088686,72.867919,11.27,33.0,1007.0,66.75,33.0,1007.0,66.75,0,NONE,NONE,NORMAL,0.0
2023-05-10T08:00:00Z,43057099999,"BOMBAY COLABA, IN",18.9,72.8166666,11.0,31.29,1006.32,81.07,31.29,1006.32,81.07,0,NONE,NONE,NORMAL,0.0
2023-05-10T08:00:00Z,43063099999,"PUNE, IN",18.5333333,73.85,558.0,38.2,1002.53,22.35,38.2,1002.53,22.35,0,NONE,NONE,NORMAL,0.0
2023-05-10T09:00:00Z,42921099999,"NASIK CITY, IN",19.9666666,73.8166666,598.0,38.7,998.8,19.02,38.7,998.8,19.02,0,NONE,NONE,NORMAL,0.0
2023-05-10T09:00:00Z,43003099999,"CHHATRAPATI SHIVAJI INTERNATIONAL, IN",19.088686,72.867919,11.27,33.2,1005.7,64.46,33.2,1005.7,64.46,0,NONE,NONE,NORMAL,0.0
2023-05-10T09:00:00Z,43057099999,"BOMBAY COLABA, IN",18.9,72.8166666,11.0,31.47,1005.87,80.78,31.47,1005.87,80.78,0,NONE,NONE,NORMAL,0.0
2023-05-10T09:00:00Z,43063099999,"PUNE, IN",18.5333333,73.85,558.0,39.0,1001.0,19.22,39.0,1001.0,19.22,0,NONE,NONE,NORMAL,0.0
2023-05-10T10:00:00Z,42921099999,"NASIK CITY, IN",19.9666666,73.8166666,598.0,38.33,998.53,20.06,38.33,998.53,20.06,0,NONE,NONE,NORMAL,0.0
2023-05-10T10:00:00Z,43003099999,"CHHATRAPATI SHIVAJI INTERNATIONAL, IN",19.088686,72.867919,11.27,32.0,1005.0,74.93,32.0,1005.0,74.93,0,NONE,NONE,NORMAL,0.0
2023-05-10T10:00:00Z,43057099999,"BOMBAY COLABA, IN",18.9,72.8166666,11.0,31.64,1005.41,80.49,31.64,1005.41,80.49,0,NONE,NONE,NORMAL,0.0
2023-05-10T10:00:00Z,43063099999,"PUNE, IN",18.5333333,73.85,558.0,39.07,1001.0,19.71,39.07,1001.0,19.71,0,NONE,NONE,NORMAL,0.0
2023-05-10T11:00:00Z,42921099999,"NASIK CITY, IN",19.9666666,73.8166666,598.0,37.97,998.27,21.15,37.97,998.27,21.15,0,NONE,NONE,NORMAL,0.0
2023-05-10T11:00:00Z,43003099999,"CHHATRAPATI SHIVAJI INTERNATIONAL, IN",19.088686,72.867919,11.27,33.0,1004.0,70.81,33.0,1004.0,70.81,0,NONE,NONE,NORMAL,0.0
2023-05-10T11:00:00Z,43057099999,"BOMBAY COLABA, IN",18.9,72.8166666,11.0,31.82,1004.96,80.2,31.82,1004.96,80.2,0,NONE,NONE,NORMAL,0.0
2023-05-10T11:00:00Z,43063099999,"PUNE, IN",18.5333333,73.85,558.0,39.13,1001.0,20.21,39.13,1001.0,20.21,0,NONE,NONE,NORMAL,0.0
2023-05-10T12:00:00Z,42921099999,"NASIK CITY, IN",19.9666666,73.8166666,598.0,37.6,998.0,22.3,37.6,998.0,22.3,0,NONE,NONE,NORMAL,0.0
2023-05-10T12:00:00Z,43003099999,"CHHATRAPATI SHIVAJI INTERNATIONAL, IN",19.088686,72.867919,11.27,32.6,1004.3,66.67,32.6,1004.3,66.67,0,NONE,NONE,NORMAL,0.0
2023-05-10T12:00:00Z,43057099999,"BOMBAY COLABA, IN",18.9,72.8166666,11.0,32.0,1004.5,79.91,32.0,1004.5,79.91,0,NONE,NONE,NORMAL,0.0
2023-05-10T12:00:00Z,43063099999,"PUNE, IN",18.5333333,73.85,558.0,39.2,1001.0,20.72,39.2,1001.0,20.72,0,NONE,NONE,NORMAL,0.0
2023-05-10T13:00:00Z,42921099999,"NASIK CITY, IN",19.9666666,73.8166666,598.0,35.93,998.9,23.48,35.93,998.9,23.48,0,NONE,NONE,NORMAL,0.0
2023-05-10T13:00:00Z,43003099999,"CHHATRAPATI SHIVAJI INTERNATIONAL, IN",19.088686,72.867919,11.27,31.0,1004.0,79.31,31.0,1004.0,79.31,0,NONE,NONE,NORMAL,0.0
2023-05-10T13:00:00Z,43057099999,"BOMBAY COLABA, IN",18.9,72.8166666,11.0,31.78,1004.71,80.66,31.78,1004.71,80.66,0,NONE,NONE,NORMAL,0.0
2023-05-10T13:00:00Z,43063099999,"PUNE, IN",18.5333333,73.85,558.0,36.73,1002.23,29.26,36.73,1002.23,29.26,0,NONE,NONE,NORMAL,0.0
2023-05-10T14:00:00Z,42921099999,"NASIK CITY, IN",19.9666666,73.8166666,598.0,34.27,999.8,24.75,34.27,999.8,24.75,0,NONE,NONE,NORMAL,0.0
2023-05-10T14:00:00Z,43003099999,"CHHATRAPATI SHIVAJI INTERNATIONAL, IN",19.088686,72.867919,11.27,31.0,1005.0,79.31,31.0,1005.0,79.31,0,NONE,NONE,NORMAL,0.0
2023-05-10T14:00:00Z,43057099999,"BOMBAY COLABA, IN",18.9,72.8166666,11.0,31.57,1004.92,81.42,31.57,1004.92,81.42,0,NONE,NONE,NORMAL,0.0
2023-05-10T14:00:00Z,43063099999,"PUNE, IN",18.5333333,73.85,558.0,34.27,1003.47,41.22,34.27,1003.47,41.22,0,NONE,NONE,NORMAL,0.0
2023-05-10T15:00:00Z,42921099999,"NASIK CITY, IN",19.9666666,73.8166666,598.0,32.6,1000.7,26.12,32.6,1000.7,26.12,0,NONE,NONE,NORMAL,0.0
2023-05-10T15:00:00Z,43003099999,"CHHATRAPATI SHIVAJI INTERNATIONAL, IN",19.088686,72.867919,11.27,30.0,1005.0,89.06,30.0,1005.0,89.06,0,NONE,NONE,NORMAL,0.0
2023-05-10T15:00:00Z,43057099999,"BOMBAY COLABA, IN",18.9,72.8166666,11.0,31.35,1005.12,82.19,31.35,1005.12,82.19,0,NONE,NONE,NORMAL,0.0
2023-05-10T15:00:00Z,43063099999,"PUNE, IN",18.5333333,73.85,558.0,31.8,1004.7,57.9,31.8,1004.7,57.9,0,NONE,NONE,NORMAL,0.0
2023-05-10T16:00:00Z,42921099999,"NASIK CITY, IN",19.9666666,73.8166666,598.0,31.27,1001.33,29.9,31.27,1001.33,29.9,0,NONE,NONE,NORMAL,0.0
2023-05-10T16:00:00Z,43003099999,"CHHATRAPATI SHIVAJI INTERNATIONAL, IN",19.088686,72.867919,11.27,30.0,1006.0,89.06,30.0,1006.0,89.06,0,NONE,NONE,NORMAL,0.0
2023-05-10T16:00:00Z,43057099999,"BOMBAY COLABA, IN",18.9,72.8166666,11.0,31.13,1005.33,82.97,31.13,1005.33,82.97,0,NONE,NONE,NORMAL,0.0
2023-05-10T16:00:00Z,43063099999,"PUNE, IN",18.5333333,73.85,558.0,30.6,1005.3,63.14,30.6,1005.3,63.14,0,NONE,NONE,NORMAL,0.0
2023-05-10T17:00:00Z,42921099999,"NASIK CITY, IN",19.9666666,73.8166666,598.0,29.93,1001.97,34.25,29.93,1001.97,34.25,0,NONE,NONE,NORMAL,0.0
2023-05-10T17:00:00Z,43003099999,"CHHATRAPATI SHIVAJI INTERNATIONAL, IN",19.088686,72.867919,11.27,30.0,1007.0,83.99,30.0,1007.0,83.99,0,NONE,NONE,NORMAL,0.0
2023-05-10T17:00:00Z,43057099999,"BOMBAY COLABA, IN",18.9,72.8166666,11.0,30.92,1005.54,83.76,30.92,1005.54,83.76,0,NONE,NONE,NORMAL,0.0
2023-05-10T17:00:00Z,43063099999,"PUNE, IN",18.5333333,73.85,558.0,29.4,1005.9,68.9,29.4,1005.9,68.9,0,NONE,NONE,NORMAL,0.0
2023-05-10T18:00:00Z,42921099999,"NASIK CITY, IN",19.9666666,73.8166666,598.0,28.6,1002.6,39.24,28.6,1002.6,39.24,0,NONE,NONE,NORMAL,0.0
2023-05-10T18:00:00Z,43003099999,"CHHATRAPATI SHIVAJI INTERNATIONAL, IN",19.088686,72.867919,11.27,30.2,1007.0,82.54,30.2,1007.0,82.54,0,NONE,NONE,NORMAL,0.0
2023-05-10T18:00:00Z,43057099999,"BOMBAY COLABA, IN",18.9,72.8166666,11.0,30.7,1005.75,84.56,30.7,1005.75,84.56,0,NONE,NONE,NORMAL,0.0
2023-05-10T18:00:00Z,43063099999,"PUNE, IN",18.5333333,73.85,558.0,28.2,1006.5,75.22,42.0,1006.5,98.5,1,PSYCHROMETRIC_VIOLATION,MULTIPLE,NORMAL,1.0
2023-05-10T19:00:00Z,42921099999,"NASIK CITY, IN",19.9666666,73.8166666,598.0,28.23,1002.5,41.86,28.23,1002.5,41.86,0,NONE,NONE,NORMAL,0.0
2023-05-10T19:00:00Z,43003099999,"CHHATRAPATI SHIVAJI INTERNATIONAL, IN",19.088686,72.867919,11.27,30.0,1006.0,89.06,30.0,1006.0,89.06,0,NONE,NONE,NORMAL,0.0
2023-05-10T19:00:00Z,43057099999,"BOMBAY COLABA, IN",18.9,72.8166666,11.0,30.48,1005.96,85.36,30.48,1005.96,85.36,0,NONE,NONE,NORMAL,0.0
2023-05-10T19:00:00Z,43063099999,"PUNE, IN",18.5333333,73.85,558.0,27.13,1006.53,78.46,42.0,1006.53,98.5,1,PSYCHROMETRIC_VIOLATION,MULTIPLE,NORMAL,1.0
2023-05-10T20:00:00Z,42921099999,"NASIK CITY, IN",19.9666666,73.8166666,598.0,27.87,1002.4,44.65,27.87,1002.4,44.65,0,NONE,NONE,NORMAL,0.0
2023-05-10T20:00:00Z,43003099999,"CHHATRAPATI SHIVAJI INTERNATIONAL, IN",19.088686,72.867919,11.27,30.0,1006.0,89.06,30.0,1006.0,89.06,0,NONE,NONE,NORMAL,0.0
2023-05-10T20:00:00Z,43057099999,"BOMBAY COLABA, IN",18.9,72.8166666,11.0,30.27,1006.17,86.18,30.27,1006.17,86.18,0,NONE,NONE,NORMAL,0.0
2023-05-10T20:00:00Z,43063099999,"PUNE, IN",18.5333333,73.85,558.0,26.07,1006.57,81.89,42.0,1006.57,98.5,1,PSYCHROMETRIC_VIOLATION,MULTIPLE,NORMAL,1.0
2023-05-10T21:00:00Z,42921099999,"NASIK CITY, IN",19.9666666,73.8166666,598.0,27.5,1002.3,47.61,27.5,1002.3,47.61,0,NONE,NONE,NORMAL,0.0
2023-05-10T21:00:00Z,43003099999,"CHHATRAPATI SHIVAJI INTERNATIONAL, IN",19.088686,72.867919,11.27,30.0,1006.3,82.52,30.0,1006.3,82.52,0,NONE,NONE,NORMAL,0.0
2023-05-10T21:00:00Z,43057099999,"BOMBAY COLABA, IN",18.9,72.8166666,11.0,30.05,1006.38,87.0,30.05,1006.38,87.0,0,NONE,NONE,NORMAL,0.0
2023-05-10T21:00:00Z,43063099999,"PUNE, IN",18.5333333,73.85,558.0,25.0,1006.6,85.5,42.0,1006.6,98.5,1,PSYCHROMETRIC_VIOLATION,MULTIPLE,NORMAL,1.0
2023-05-10T22:00:00Z,42921099999,"NASIK CITY, IN",19.9666666,73.8166666,598.0,27.0,1002.6,54.19,27.0,1002.6,54.19,0,NONE,NONE,NORMAL,0.0
2023-05-10T22:00:00Z,43003099999,"CHHATRAPATI SHIVAJI INTERNATIONAL, IN",19.088686,72.867919,11.27,30.0,1006.0,83.99,30.0,1006.0,83.99,0,NONE,NONE,NORMAL,0.0
2023-05-10T22:00:00Z,43057099999,"BOMBAY COLABA, IN",18.9,72.8166666,11.0,29.83,1006.58,87.84,29.83,1006.58,87.84,0,NONE,NONE,NORMAL,0.0
2023-05-10T22:00:00Z,43063099999,"PUNE, IN",18.5333333,73.85,558.0,24.53,1006.83,86.85,42.0,1006.83,98.5,1,PSYCHROMETRIC_VIOLATION,MULTIPLE,NORMAL,1.0
2023-05-10T23:00:00Z,42921099999,"NASIK CITY, IN",19.9666666,73.8166666,598.0,26.5,1002.9,61.6,26.5,1002.9,61.6,0,NONE,NONE,NORMAL,0.0
2023-05-10T23:00:00Z,43003099999,"CHHATRAPATI SHIVAJI INTERNATIONAL, IN",19.088686,72.867919,11.27,30.0,1006.0,89.06,30.0,1006.0,89.06,0,NONE,NONE,NORMAL,0.0
2023-05-10T23:00:00Z,43057099999,"BOMBAY COLABA, IN",18.9,72.8166666,11.0,29.62,1006.79,88.68,29.62,1006.79,88.68,0,NONE,NONE,NORMAL,0.0
2023-05-10T23:00:00Z,43063099999,"PUNE, IN",18.5333333,73.85,558.0,24.07,1007.07,88.23,42.0,1007.07,98.5,1,PSYCHROMETRIC_VIOLATION,MULTIPLE,NORMAL,1.0
2023-05-11T00:00:00Z,42921099999,"NASIK CITY, IN",19.9666666,73.8166666,598.0,26.0,1003.2,69.95,26.0,1003.2,69.95,0,NONE,NONE,NORMAL,0.0
2023-05-11T00:00:00Z,43003099999,"CHHATRAPATI SHIVAJI INTERNATIONAL, IN",19.088686,72.867919,11.27,30.0,1007.0,83.99,30.0,1007.0,83.99,0,NONE,NONE,NORMAL,0.0
2023-05-11T00:00:00Z,43057099999,"BOMBAY COLABA, IN",18.9,72.8166666,11.0,29.4,1007.0,89.54,29.4,1007.0,89.54,0,NONE,NONE,NORMAL,0.0
2023-05-11T00:00:00Z,43063099999,"PUNE, IN",18.5333333,73.85,558.0,23.6,1007.3,89.65,42.0,1007.3,98.5,1,PSYCHROMETRIC_VIOLATION,MULTIPLE,NORMAL,1.0
2023-05-11T01:00:00Z,42921099999,"NASIK CITY, IN",19.9666666,73.8166666,598.0,27.5,1003.6,61.82,27.5,1003.6,61.82,0,NONE,NONE,NORMAL,0.0
2023-05-11T01:00:00Z,43003099999,"CHHATRAPATI SHIVAJI INTERNATIONAL, IN",19.088686,72.867919,11.27,29.0,1007.0,88.98,29.0,1007.0,88.98,0,NONE,NONE,NORMAL,0.0
2023-05-11T01:00:00Z,43057099999,"BOMBAY COLABA, IN",18.9,72.8166666,11.0,29.53,1007.6,86.11,29.53,1007.6,86.11,0,NONE,NONE,NORMAL,0.0
2023-05-11T01:00:00Z,43063099999,"PUNE, IN",18.5333333,73.85,558.0,25.4,1007.67,80.48,42.0,1007.67,98.5,1,PSYCHROMETRIC_VIOLATION,MULTIPLE,NORMAL,1.0
2023-05-11T02:00:00Z,42921099999,"NASIK CITY, IN",19.9666666,73.8166666,598.0,29.0,1004.0,54.68,29.0,1004.0,54.68,0,NONE,NONE,NORMAL,0.0
2023-05-11T02:00:00Z,43003099999,"CHHATRAPATI SHIVAJI INTERNATIONAL, IN",19.088686,72.867919,11.27,30.0,1008.0,83.99,30.0,1008.0,83.99,0,NONE,NONE,NORMAL,0.0
2023-05-11T02:00:00Z,43057099999,"BOMBAY COLABA, IN",18.9,72.8166666,11.0,29.67,1008.2,82.81,29.67,1008.2,82.81,0,NONE,NONE,NORMAL,0.0
2023-05-11T02:00:00Z,43063099999,"PUNE, IN",18.5333333,73.85,558.0,27.2,1008.03,72.36,42.0,1008.03,98.5,1,PSYCHROMETRIC_VIOLATION,MULTIPLE,NORMAL,1.0
2023-05-11T03:00:00Z,42921099999,"NASIK CITY, IN",19.9666666,73.8166666,598.0,30.5,1004.4,48.41,30.5,1004.4,48.41,0,NONE,NONE,NORMAL,0.0
2023-05-11T03:00:00Z,43003099999,"CHHATRAPATI SHIVAJI INTERNATIONAL, IN",19.088686,72.867919,11.27,31.2,1008.6,72.18,31.2,1008.6,72.18,0,NONE,NONE,NORMAL,0.0
2023-05-11T03:00:00Z,43057099999,"BOMBAY COLABA, IN",18.9,72.8166666,11.0,29.8,1008.8,79.62,29.8,1008.8,79.62,0,NONE,NONE,NORMAL,0.0
2023-05-11T03:00:00Z,43063099999,"PUNE, IN",18.5333333,73.85,558.0,29.0,1008.4,65.15,42.0,1008.4,98.5,1,PSYCHROMETRIC_VIOLATION,MULTIPLE,NORMAL,1.0
2023-05-11T04:00:00Z,42921099999,"NASIK CITY, IN",19.9666666,73.8166666,598.0,33.5,1003.57,32.9,33.5,1003.57,32.9,0,NONE,NONE,NORMAL,0.0
2023-05-11T04:00:00Z,43003099999,"CHHATRAPATI SHIVAJI INTERNATIONAL, IN",19.088686,72.867919,11.27,32.0,1009.0,74.93,32.0,1009.0,74.93,0,NONE,NONE,NORMAL,0.0
2023-05-11T04:00:00Z,43057099999,"BOMBAY COLABA, IN",18.9,72.8166666,11.0,31.2,1008.73,73.05,31.2,1008.73,73.05,0,NONE,NONE,NORMAL,0.0
2023-05-11T04:00:00Z,43063099999,"PUNE, IN",18.5333333,73.85,558.0,31.87,1007.73,44.97,43.87,1007.73,98.5,1,PSYCHROMETRIC_VIOLATION,MULTIPLE,NORMAL,1.0
2023-05-11T05:00:00Z,42921099999,"NASIK CITY, IN",19.9666666,73.8166666,598.0,36.5,1002.73,22.31,36.5,1002.73,22.31,0,NONE,NONE,NORMAL,0.0
2023-05-11T05:00:00Z,43003099999,"CHHATRAPATI SHIVAJI INTERNATIONAL, IN",19.088686,72.867919,11.27,34.0,1009.0,63.11,34.0,1009.0,63.11,0,NONE,NONE,NORMAL,0.0
2023-05-11T05:00:00Z,43057099999,"BOMBAY COLABA, IN",18.9,72.8166666,11.0,32.6,1008.67,67.07,32.6,1008.67,67.07,0,NONE,NONE,NORMAL,0.0
2023-05-11T05:00:00Z,43063099999,"PUNE, IN",18.5333333,73.85,558.0,34.73,1007.07,30.98,46.73,1007.07,98.5,1,PSYCHROMETRIC_VIOLATION,MULTIPLE,NORMAL,1.0
2023-05-11T06:00:00Z,42921099999,"NASIK CITY, IN",19.9666666,73.8166666,598.0,39.5,1001.9,15.1,39.5,1001.9,15.1,0,NONE,NONE,NORMAL,0.0
2023-05-11T06:00:00Z,43003099999,"CHHATRAPATI SHIVAJI INTERNATIONAL, IN",19.088686,72.867919,11.27,36.8,1008.2,54.06,36.8,1008.2,54.06,0,NONE,NONE,NORMAL,0.0
2023-05-11T06:00:00Z,43057099999,"BOMBAY COLABA, IN",18.9,72.8166666,11.0,34.0,1008.6,61.63,34.0,1008.6,61.63,0,NONE,NONE,NORMAL,0.0
2023-05-11T06:00:00Z,43063099999,"PUNE, IN",18.5333333,73.85,558.0,37.6,1006.4,21.29,37.6,1006.4,21.29,0,NONE,NONE,NORMAL,0.0
2023-05-11T07:00:00Z,42921099999,"NASIK CITY, IN",19.9666666,73.8166666,598.0,39.57,1001.07,14.71,39.57,1001.07,14.71,0,NONE,NONE,NORMAL,0.0
2023-05-11T07:00:00Z,43003099999,"CHHATRAPATI SHIVAJI INTERNATIONAL, IN",19.088686,72.867919,11.27,35.0,1008.0,59.69,35.0,1008.0,59.69,0,NONE,NONE,NORMAL,0.0
2023-05-11T07:00:00Z,43057099999,"BOMBAY COLABA, IN",18.9,72.8166666,11.0,33.73,1008.05,63.93,33.73,1008.05,63.93,0,NONE,NONE,NORMAL,0.0
2023-05-11T07:00:00Z,43063099999,"PUNE, IN",18.5333333,73.85,558.0,38.53,1005.13,19.2,38.53,1005.13,19.2,0,NONE,NONE,NORMAL,0.0
2023-05-11T08:00:00Z,42921099999,"NASIK CITY, IN",19.9666666,73.8166666,598.0,39.63,1000.23,14.32,39.63,1000.23,14.32,0,NONE,NONE,NORMAL,0.0
2023-05-11T08:00:00Z,43003099999,"CHHATRAPATI SHIVAJI INTERNATIONAL, IN",19.088686,72.867919,11.27,34.0,1007.0,66.95,34.0,1007.0,66.95,0,NONE,NONE,NORMAL,0.0
2023-05-11T08:00:00Z,43057099999,"BOMBAY COLABA, IN",18.9,72.8166666,11.0,33.47,1007.5,66.32,33.47,1007.5,66.32,0,NONE,NONE,NORMAL,0.0
2023-05-11T08:00:00Z,43063099999,"PUNE, IN",18.5333333,73.85,558.0,39.47,1003.87,17.31,39.47,1003.87,17.31,0,NONE,NONE,NORMAL,0.0
2023-05-11T09:00:00Z,42921099999,"NASIK CITY, IN",19.9666666,73.8166666,598.0,39.7,999.4,13.95,39.7,999.4,13.95,0,NONE,NONE,NORMAL,0.0
2023-05-11T09:00:00Z,43003099999,"CHHATRAPATI SHIVAJI INTERNATIONAL, IN",19.088686,72.867919,11.27,33.6,1007.0,69.68,33.6,1007.0,69.68,0,NONE,NONE,NORMAL,0.0
2023-05-11T09:00:00Z,43057099999,"BOMBAY COLABA, IN",18.9,72.8166666,11.0,33.2,1006.95,68.79,33.2,1006.95,68.79,0,NONE,NONE,NORMAL,0.0
2023-05-11T09:00:00Z,43063099999,"PUNE, IN",18.5333333,73.85,558.0,40.4,1002.6,15.6,40.4,1002.6,15.6,0,NONE,NONE,NORMAL,0.0
2023-05-11T10:00:00Z,42921099999,"NASIK CITY, IN",19.9666666,73.8166666,598.0,39.53,998.97,14.08,39.53,998.97,14.08,0,NONE,NONE,NORMAL,0.0
2023-05-11T10:00:00Z,43003099999,"CHHATRAPATI SHIVAJI INTERNATIONAL, IN",19.088686,72.867919,11.27,33.0,1006.0,66.75,33.0,1006.0,66.75,0,NONE,NONE,NORMAL,0.0
2023-05-11T10:00:00Z,43057099999,"BOMBAY COLABA, IN",18.9,72.8166666,11.0,32.93,1006.4,71.36,32.93,1006.4,71.36,0,NONE,NONE,NORMAL,0.0
2023-05-11T10:00:00Z,43063099999,"PUNE, IN",18.5333333,73.85,558.0,39.87,1002.27,17.05,39.87,1002.27,17.05,0,NONE,NONE,NORMAL,0.0
2023-05-11T11:00:00Z,42921099999,"NASIK CITY, IN",19.9666666,73.8166666,598.0,39.37,998.53,14.2,39.37,998.53,14.2,0,NONE,NONE,NORMAL,0.0
2023-05-11T11:00:00Z,43003099999,"CHHATRAPATI SHIVAJI INTERNATIONAL, IN",19.088686,72.867919,11.27,32.0,1005.0,74.93,32.0,1005.0,74.93,0,NONE,NONE,NORMAL,0.0
2023-05-11T11:00:00Z,43057099999,"BOMBAY COLABA, IN",18.9,72.8166666,11.0,32.67,1005.85,74.01,32.67,1005.85,74.01,0,NONE,NONE,NORMAL,0.0
2023-05-11T11:00:00Z,43063099999,"PUNE, IN",18.5333333,73.85,558.0,39.33,1001.93,18.63,39.33,1001.93,18.63,0,NONE,NONE,NORMAL,0.0
2023-05-11T12:00:00Z,42921099999,"NASIK CITY, IN",19.9666666,73.8166666,598.0,39.2,998.1,14.33,39.2,998.1,14.33,0,NONE,NONE,NORMAL,0.0
2023-05-11T12:00:00Z,43003099999,"CHHATRAPATI SHIVAJI INTERNATIONAL, IN",19.088686,72.867919,11.27,33.2,1005.2,68.39,33.2,1005.2,68.55,1,DRIFT,RH,NORMAL,0.1
2023-05-11T12:00:00Z,43057099999,"BOMBAY COLABA, IN",18.9,72.8166666,11.0,32.4,1005.3,76.77,32.4,1005.3,76.77,0,NONE,NONE,NORMAL,0.0
2023-05-11T12:00:00Z,43063099999,"PUNE, IN",18.5333333,73.85,558.0,38.8,1001.6,20.35,38.8,1001.6,20.35,0,NONE,NONE,NORMAL,0.0
2023-05-11T13:00:00Z,42921099999,"NASIK CITY, IN",19.9666666,73.8166666,598.0,37.13,999.13,17.79,37.13,999.13,17.79,0,NONE,NONE,NORMAL,0.0
2023-05-11T13:00:00Z,43003099999,"CHHATRAPATI SHIVAJI INTERNATIONAL, IN",19.088686,72.867919,11.27,31.0,1005.0,84.1,31.0,1005.0,84.71,1,DRIFT,RH,NORMAL,0.1
2023-05-11T13:00:00Z,43057099999,"BOMBAY COLABA, IN",18.9,72.8166666,11.0,32.28,1005.59,76.78,32.28,1005.59,76.78,0,NONE,NONE,NORMAL,0.0
2023-05-11T13:00:00Z,43063099999,"PUNE, IN",18.5333333,73.85,558.0,36.73,1002.87,26.52,36.73,1002.87,26.52,0,NONE,NONE,NORMAL,0.0
2023-05-11T14:00:00Z,42921099999,"NASIK CITY, IN",19.9666666,73.8166666,598.0,35.07,1000.17,22.1,35.07,1000.17,22.1,0,NONE,NONE,NORMAL,0.0
2023-05-11T14:00:00Z,43003099999,"CHHATRAPATI SHIVAJI INTERNATIONAL, IN",19.088686,72.867919,11.27,30.0,1005.0,83.99,30.0,1005.0,85.05,1,DRIFT,RH,NORMAL,0.1
2023-05-11T14:00:00Z,43057099999,"BOMBAY COLABA, IN",18.9,72.8166666,11.0,32.16,1005.87,76.79,32.16,1005.87,76.79,0,NONE,NONE,NORMAL,0.0
2023-05-11T14:00:00Z,43063099999,"PUNE, IN",18.5333333,73.85,558.0,34.67,1004.13,34.51,34.67,1004.13,34.51,0,NONE,NONE,NORMAL,0.0
2023-05-11T15:00:00Z,42921099999,"NASIK CITY, IN",19.9666666,73.8166666,598.0,33.0,1001.2,27.47,33.0,1001.2,27.47,0,NONE,NONE,NORMAL,0.0
2023-05-11T15:00:00Z,43003099999,"CHHATRAPATI SHIVAJI INTERNATIONAL, IN",19.088686,72.867919,11.27,30.4,1006.0,82.57,30.4,1006.0,84.08,1,DRIFT,RH,NORMAL,0.1
2023-05-11T15:00:00Z,43057099999,"BOMBAY COLABA, IN",18.9,72.8166666,11.0,32.04,1006.16,76.8,32.04,1006.16,76.8,0,NONE,NONE,NORMAL,0.0
2023-05-11T15:00:00Z,43063099999,"PUNE, IN",18.5333333,73.85,558.0,32.6,1005.4,44.88,32.6,1005.4,44.88,0,NONE,NONE,NORMAL,0.0
2023-05-11T16:00:00Z,42921099999,"NASIK CITY, IN",19.9666666,73.8166666,598.0,31.87,1001.87,29.28,31.87,1001.87,29.28,0,NONE,NONE,NORMAL,0.0
2023-05-11T16:00:00Z,43003099999,"CHHATRAPATI SHIVAJI INTERNATIONAL, IN",19.088686,72.867919,11.27,30.0,1007.0,83.99,30.0,1007.0,85.95,1,DRIFT,RH,NORMAL,0.1
2023-05-11T16:00:00Z,43057099999,"BOMBAY COLABA, IN",18.9,72.8166666,11.0,31.92,1006.45,76.81,31.92,1006.45,76.81,0,NONE,NONE,NORMAL,0.0
2023-05-11T16:00:00Z,43063099999,"PUNE, IN",18.5333333,73.85,558.0,31.07,1006.07,48.96,31.07,1006.07,48.96,0,NONE,NONE,NORMAL,0.0
2023-05-11T17:00:00Z,42921099999,"NASIK CITY, IN",19.9666666,73.8166666,598.0,30.73,1002.53,31.24,30.73,1002.53,31.24,0,NONE,NONE,NORMAL,0.0
2023-05-11T17:00:00Z,43003099999,"CHHATRAPATI SHIVAJI INTERNATIONAL, IN",19.088686,72.867919,11.27,30.0,1007.0,83.99,30.0,1007.0,86.4,1,DRIFT,RH,NORMAL,0.1
2023-05-11T17:00:00Z,43057099999,"BOMBAY COLABA, IN",18.9,72.8166666,11.0,31.8,1006.73,76.83,31.8,1006.73,76.83,0,NONE,NONE,NORMAL,0.0
2023-05-11T17:00:00Z,43063099999,"PUNE, IN",18.5333333,73.85,558.0,29.53,1006.73,53.47,29.53,1006.73,53.47,0,NONE,NONE,NORMAL,0.0
2023-05-11T18:00:00Z,42921099999,"NASIK CITY, IN",19.9666666,73.8166666,598.0,29.6,1003.2,33.34,29.6,1003.2,33.34,0,NONE,NONE,NORMAL,0.0
2023-05-11T18:00:00Z,43003099999,"CHHATRAPATI SHIVAJI INTERNATIONAL, IN",19.088686,72.867919,11.27,29.6,1007.8,83.45,29.6,1007.8,86.31,1,DRIFT,RH,NORMAL,0.1
2023-05-11T18:00:00Z,43057099999,"BOMBAY COLABA, IN",18.9,72.8166666,11.0,31.68,1007.02,76.84,31.68,1007.02,76.84,0,NONE,NONE,NORMAL,0.0
2023-05-11T18:00:00Z,43063099999,"PUNE, IN",18.5333333,73.85,558.0,28.0,1007.4,58.44,28.0,1007.4,58.44,0,NONE,NONE,NORMAL,0.0
2023-05-11T19:00:00Z,42921099999,"NASIK CITY, IN",19.9666666,73.8166666,598.0,28.63,1003.0,37.82,28.63,1003.0,37.82,0,NONE,NONE,NORMAL,0.0
2023-05-11T19:00:00Z,43003099999,"CHHATRAPATI SHIVAJI INTERNATIONAL, IN",19.088686,72.867919,11.27,30.0,1008.0,83.99,30.0,1008.0,87.3,1,DRIFT,RH,NORMAL,0.12
2023-05-11T19:00:00Z,43057099999,"BOMBAY COLABA, IN",18.9,72.8166666,11.0,31.56,1007.31,76.85,31.56,1007.31,76.85,0,NONE,NONE,NORMAL,0.0
2023-05-11T19:00:00Z,43063099999,"PUNE, IN",18.5333333,73.85,558.0,27.4,1007.17,61.67,27.4,1007.17,61.67,0,NONE,NONE,NORMAL,0.0
2023-05-11T20:00:00Z,42921099999,"NASIK CITY, IN",19.9666666,73.8166666,598.0,27.67,1002.8,42.89,27.67,1002.8,42.89,0,NONE,NONE,NORMAL,0.0
2023-05-11T20:00:00Z,43003099999,"CHHATRAPATI SHIVAJI INTERNATIONAL, IN",19.088686,72.867919,11.27,30.0,1007.0,83.99,30.0,1007.0,87.75,1,DRIFT,RH,NORMAL,0.13
2023-05-11T20:00:00Z,43057099999,"BOMBAY COLABA, IN",18.9,72.8166666,11.0,31.44,1007.59,76.86,31.44,1007.59,76.86,0,NONE,NONE,NORMAL,0.0
2023-05-11T20:00:00Z,43063099999,"PUNE, IN",18.5333333,73.85,558.0,26.8,1006.93,65.09,26.8,1006.93,65.09,0,NONE,NONE,NORMAL,0.0
2023-05-11T21:00:00Z,42921099999,"NASIK CITY, IN",19.9666666,73.8166666,598.0,26.7,1002.6,48.64,26.7,1002.6,48.64,0,NONE,NONE,NORMAL,0.0
2023-05-11T21:00:00Z,43003099999,"CHHATRAPATI SHIVAJI INTERNATIONAL, IN",19.088686,72.867919,11.27,30.0,1007.0,83.99,30.0,1007.0,88.2,1,DRIFT,RH,NORMAL,0.15
2023-05-11T21:00:00Z,43057099999,"BOMBAY COLABA, IN",18.9,72.8166666,11.0,31.32,1007.88,76.88,31.32,1007.88,76.88,0,NONE,NONE,NORMAL,0.0
2023-05-11T21:00:00Z,43063099999,"PUNE, IN",18.5333333,73.85,558.0,26.2,1006.7,68.7,26.2,1006.7,68.7,0,NONE,NONE,NORMAL,0.0
2023-05-11T22:00:00Z,42921099999,"NASIK CITY, IN",19.9666666,73.8166666,598.0,25.97,1003.0,49.71,25.97,1003.0,49.71,0,NONE,NONE,NORMAL,0.0
2023-05-11T22:00:00Z,43003099999,"CHHATRAPATI SHIVAJI INTERNATIONAL, IN",19.088686,72.867919,11.27,29.0,1007.0,94.35,29.0,1007.0,99.01,1,DRIFT,RH,NORMAL,0.17
2023-05-11T22:00:00Z,43057099999,"BOMBAY COLABA, IN",18.9,72.8166666,11.0,31.2,1008.17,76.89,31.2,1008.17,76.89,0,NONE,NONE,NORMAL,0.0
2023-05-11T22:00:00Z,43063099999,"PUNE, IN",18.5333333,73.85,558.0,26.0,1007.0,72.3,26.0,1007.0,72.3,0,NONE,NONE,NORMAL,0.0
2023-05-11T23:00:00Z,42921099999,"NASIK CITY, IN",19.9666666,73.8166666,598.0,25.23,1003.4,50.82,25.23,1003.4,50.82,0,NONE,NONE,NORMAL,0.0
2023-05-11T23:00:00Z,43003099999,"CHHATRAPATI SHIVAJI INTERNATIONAL, IN",19.088686,72.867919,11.27,29.0,1007.0,88.98,29.0,1007.0,94.09,1,DRIFT,RH,NORMAL,0.18
2023-05-11T23:00:00Z,43057099999,"BOMBAY COLABA, IN",18.9,72.8166666,11.0,31.08,1008.45,76.9,31.08,1008.45,76.9,0,NONE,NONE,NORMAL,0.0
2023-05-11T23:00:00Z,43063099999,"PUNE, IN",18.5333333,73.85,558.0,25.8,1007.3,76.07,25.8,1007.3,76.07,0,NONE,NONE,NORMAL,0.0
2023-05-12T00:00:00Z,42921099999,"NASIK CITY, IN",19.9666666,73.8166666,598.0,24.5,1003.8,51.96,24.5,1003.8,51.96,0,NONE,NONE,NORMAL,0.0
2023-05-12T00:00:00Z,43003099999,"CHHATRAPATI SHIVAJI INTERNATIONAL, IN",19.088686,72.867919,11.27,29.2,1007.6,79.07,29.2,1007.6,84.63,1,DRIFT,RH,NORMAL,0.2
2023-05-12T00:00:00Z,43057099999,"BOMBAY COLABA, IN",18.9,72.8166666,11.0,30.96,1008.74,76.91,30.96,1008.74,76.91,0,NONE,NONE,NORMAL,0.0
2023-05-12T00:00:00Z,43063099999,"PUNE, IN",18.5333333,73.85,558.0,25.6,1007.6,80.02,25.6,1007.6,80.02,0,NONE,NONE,NORMAL,0.0
2023-05-12T01:00:00Z,42921099999,"NASIK CITY, IN",19.9666666,73.8166666,598.0,26.17,1004.0,48.81,26.17,1004.0,48.81,0,NONE,NONE,NORMAL,0.0
2023-05-12T01:00:00Z,43003099999,"CHHATRAPATI SHIVAJI INTERNATIONAL, IN",19.088686,72.867919,11.27,29.0,1008.0,83.88,29.0,1008.0,89.89,1,DRIFT,RH,NORMAL,0.21
2023-05-12T01:00:00Z,43057099999,"BOMBAY COLABA, IN",18.9,72.8166666,11.0,30.84,1009.03,76.93,30.84,1009.03,76.93,0,NONE,NONE,NORMAL,0.0
2023-05-12T01:00:00Z,43063099999,"PUNE, IN",18.5333333,73.85,558.0,26.93,1007.97,70.99,26.93,1007.97,70.99,0,NONE,NONE,NORMAL,0.0
2023-05-12T02:00:00Z,42921099999,"NASIK CITY, IN",19.9666666,73.8166666,598.0,27.83,1004.2,45.9,27.83,1004.2,45.9,0,NONE,NONE,NORMAL,0.0
2023-05-12T02:00:00Z,43003099999,"CHHATRAPATI SHIVAJI INTERNATIONAL, IN",19.088686,72.867919,11.27,29.0,1009.0,83.88,29.0,1009.0,90.34,1,DRIFT,RH,NORMAL,0.23
2023-05-12T02:00:00Z,43057099999,"BOMBAY COLABA, IN",18.9,72.8166666,11.0,30.72,1009.31,76.94,30.72,1009.31,76.94,0,NONE,NONE,NORMAL,0.0
2023-05-12T02:00:00Z,43063099999,"PUNE, IN",18.5333333,73.85,558.0,28.27,1008.33,63.02,28.27,1008.33,63.02,0,NONE,NONE,NORMAL,0.0
2023-05-12T03:00:00Z,42921099999,"NASIK CITY, IN",19.9666666,73.8166666,598.0,29.5,1004.4,43.21,29.5,1004.4,43.21,0,NONE,NONE,NORMAL,0.0
2023-05-12T03:00:00Z,43003099999,"CHHATRAPATI SHIVAJI INTERNATIONAL, IN",19.088686,72.867919,11.27,30.6,1009.4,70.38,30.6,1009.4,77.29,1,DRIFT,RH,NORMAL,0.25
2023-05-12T03:00:00Z,43057099999,"BOMBAY COLABA, IN",18.9,72.8166666,11.0,30.6,1009.6,76.95,30.6,1009.6,76.95,0,NONE,NONE,NORMAL,0.0
2023-05-12T03:00:00Z,43063099999,"PUNE, IN",18.5333333,73.85,558.0,29.6,1008.7,55.98,29.6,1008.7,55.98,0,NONE,NONE,NORMAL,0.0
2023-05-12T04:00:00Z,42921099999,"NASIK CITY, IN",19.9666666,73.8166666,598.0,31.87,1003.87,36.54,31.87,1003.87,36.54,0,NONE,NONE,NORMAL,0.0
2023-05-12T04:00:00Z,43003099999,"CHHATRAPATI SHIVAJI INTERNATIONAL, IN",19.088686,72.867919,11.27,33.0,1010.0,62.9,33.0,1010.0,70.26,1,DRIFT,RH,NORMAL,0.26
2023-05-12T04:00:00Z,43057099999,"BOMBAY COLABA, IN",18.9,72.8166666,11.0,30.76,1009.2,76.72,30.76,1009.2,76.72,0,NONE,NONE,NORMAL,0.0
2023-05-12T04:00:00Z,43063099999,"PUNE, IN",18.5333333,73.85,558.0,31.73,1008.07,44.37,31.73,1008.07,44.37,0,NONE,NONE,NORMAL,0.0
2023-05-12T05:00:00Z,42921099999,"NASIK CITY, IN",19.9666666,73.8166666,598.0,34.23,1003.33,30.97,34.23,1003.33,30.97,0,NONE,NONE,NORMAL,0.0
2023-05-12T05:00:00Z,43003099999,"CHHATRAPATI SHIVAJI INTERNATIONAL, IN",19.088686,72.867919,11.27,33.0,1009.0,66.75,33.0,1009.0,74.56,1,DRIFT,RH,NORMAL,0.28
2023-05-12T05:00:00Z,43057099999,"BOMBAY COLABA, IN",18.9,72.8166666,11.0,30.91,1008.8,76.49,30.91,1008.8,76.49,0,NONE,NONE,NORMAL,0.0
2023-05-12T05:00:00Z,43063099999,"PUNE, IN",18.5333333,73.85,558.0,33.87,1007.43,35.18,33.87,1007.43,35.18,0,NONE,NONE,NORMAL,0.0
2023-05-12T06:00:00Z,42921099999,"NASIK CITY, IN",19.9666666,73.8166666,598.0,36.6,1002.8,26.31,36.6,1002.8,26.31,0,NONE,NONE,NORMAL,0.0
2023-05-12T06:00:00Z,43003099999,"CHHATRAPATI SHIVAJI INTERNATIONAL, IN",19.088686,72.867919,11.27,34.0,1009.0,63.11,34.0,1009.0,71.37,1,DRIFT,RH,NORMAL,0.29
2023-05-12T06:00:00Z,43057099999,"BOMBAY COLABA, IN",18.9,72.8166666,11.0,31.07,1008.4,76.27,31.07,1008.4,76.27,0,NONE,NONE,NORMAL,0.0
2023-05-12T06:00:00Z,43063099999,"PUNE, IN",18.5333333,73.85,558.0,36.0,1006.8,27.9,36.0,1006.8,27.9,0,NONE,NONE,NORMAL,0.0
2023-05-12T07:00:00Z,42921099999,"NASIK CITY, IN",19.9666666,73.8166666,598.0,37.27,1001.8,22.95,37.27,1001.8,22.95,0,NONE,NONE,NORMAL,0.0
2023-05-12T07:00:00Z,43003099999,"CHHATRAPATI SHIVAJI INTERNATIONAL, IN",19.088686,72.867919,11.27,34.0,1008.0,63.11,34.0,1008.0,71.82,1,DRIFT,RH,NORMAL,0.31
2023-05-12T07:00:00Z,43057099999,"BOMBAY COLABA, IN",18.9,72.8166666,11.0,31.22,1008.0,76.04,31.22,1008.0,76.04,0,NONE,NONE,NORMAL,0.0
2023-05-12T07:00:00Z,43063099999,"PUNE, IN",18.5333333,73.85,558.0,37.33,1005.47,23.48,37.33,1005.47,23.48,0,NONE,NONE,NORMAL,0.0
2023-05-12T08:00:00Z,42921099999,"NASIK CITY, IN",19.9666666,73.8166666,598.0,37.93,1000.8,20.01,37.93,1000.8,20.01,0,NONE,NONE,NORMAL,0.0
2023-05-12T08:00:00Z,43003099999,"CHHATRAPATI SHIVAJI INTERNATIONAL, IN",19.088686,72.867919,11.27,34.0,1008.0,63.11,34.0,1008.0,72.27,1,DRIFT,RH,NORMAL,0.33
2023-05-12T08:00:00Z,43057099999,"BOMBAY COLABA, IN",18.9,72.8166666,11.0,31.38,1007.6,75.81,31.38,1007.6,75.81,0,NONE,NONE,NORMAL,0.0
2023-05-12T08:00:00Z,43063099999,"PUNE, IN",18.5333333,73.85,558.0,38.67,1004.13,19.74,38.67,1004.13,19.74,0,NONE,NONE,NORMAL,0.0
2023-05-12T09:00:00Z,42921099999,"NASIK CITY, IN",19.9666666,73.8166666,598.0,38.6,999.8,17.42,38.6,999.8,17.42,0,NONE,NONE,NORMAL,0.0
2023-05-12T09:00:00Z,43003099999,"CHHATRAPATI SHIVAJI INTERNATIONAL, IN",19.088686,72.867919,11.27,34.6,1007.1,62.13,34.6,1007.1,71.74,1,DRIFT,RH,NORMAL,0.34
2023-05-12T09:00:00Z,43057099999,"BOMBAY COLABA, IN",18.9,72.8166666,11.0,31.53,1007.2,75.59,31.53,1007.2,75.59,0,NONE,NONE,NORMAL,0.0
2023-05-12T09:00:00Z,43063099999,"PUNE, IN",18.5333333,73.85,558.0,40.0,1002.8,16.59,40.0,1002.8,16.59,0,NONE,NONE,NORMAL,0.0
2023-05-12T10:00:00Z,42921099999,"NASIK CITY, IN",19.9666666,73.8166666,598.0,38.3,999.5,18.43,38.3,999.5,18.43,0,NONE,NONE,NORMAL,0.0
2023-05-12T10:00:00Z,43003099999,"CHHATRAPATI SHIVAJI INTERNATIONAL, IN",19.088686,72.867919,11.27,34.0,1006.0,63.11,34.0,1006.0,73.17,1,DRIFT,RH,NORMAL,0.36
2023-05-12T10:00:00Z,43057099999,"BOMBAY COLABA, IN",18.9,72.8166666,11.0,31.69,1006.8,75.37,31.69,1006.8,75.37,0,NONE,NONE,NORMAL,0.0
2023-05-12T10:00:00Z,43063099999,"PUNE, IN",18.5333333,73.85,558.0,39.33,1002.67,18.26,39.33,1002.67,18.26,0,NONE,NONE,NORMAL,0.0
2023-05-12T11:00:00Z,42921099999,"NASIK CITY, IN",19.9666666,73.8166666,598.0,38.0,999.2,19.5,38.0,999.2,19.5,0,NONE,NONE,NORMAL,0.0
2023-05-12T11:00:00Z,43003099999,"CHHATRAPATI SHIVAJI INTERNATIONAL, IN",19.088686,72.867919,11.27,33.0,1006.0,70.81,33.0,1006.0,81.32,1,DRIFT,RH,NORMAL,0.38
2023-05-12T11:00:00Z,43057099999,"BOMBAY COLABA, IN",18.9,72.8166666,11.0,31.84,1006.4,75.15,31.84,1006.4,75.15,0,NONE,NONE,NORMAL,0.0
2023-05-12T11:00:00Z,43063099999,"PUNE, IN",18.5333333,73.85,558.0,38.67,1002.53,20.1,38.67,1002.53,20.1,0,NONE,NONE,NORMAL,0.0
2023-05-12T12:00:00Z,42921099999,"NASIK CITY, IN",19.9666666,73.8166666,598.0,37.7,998.9,20.62,37.7,998.9,20.62,0,NONE,NONE,NORMAL,0.0
2023-05-12T12:00:00Z,43003099999,"CHHATRAPATI SHIVAJI INTERNATIONAL, IN",19.088686,72.867919,11.27,32.8,1005.8,71.61,32.8,1005.8,82.57,1,DRIFT,RH,NORMAL,0.39
2023-05-12T12:00:00Z,43057099999,"BOMBAY COLABA, IN",18.9,72.8166666,11.0,32.0,1006.0,74.93,32.0,1006.0,74.93,0,NONE,NONE,NORMAL,0.0
2023-05-12T12:00:00Z,43063099999,"PUNE, IN",18.5333333,73.85,558.0,38.0,1002.4,22.1,38.0,1002.4,22.1,0,NONE,NONE,NORMAL,0.0
2023-05-12T13:00:00Z,42921099999,"NASIK CITY, IN",19.9666666,73.8166666,598.0,35.8,999.87,27.2,35.8,999.87,27.2,0,NONE,NONE,NORMAL,0.0
2023-05-12T13:00:00Z,43003099999,"CHHATRAPATI SHIVAJI INTERNATIONAL, IN",19.088686,72.867919,11.27,31.0,1006.0,84.1,31.0,1006.0,95.51,1,DRIFT,RH,NORMAL,0.41
2023-05-12T13:00:00Z,43057099999,"BOMBAY COLABA, IN",18.9,72.8166666,11.0,31.89,1006.27,75.32,31.89,1006.27,75.32,0,NONE,NONE,NORMAL,0.0
2023-05-12T13:00:00Z,43063099999,"PUNE, IN",18.5333333,73.85,558.0,36.13,1003.23,28.79,36.13,1003.23,28.79,0,NONE,NONE,NORMAL,0.0
2023-05-12T14:00:00Z,42921099999,"NASIK CITY, IN",19.9666666,73.8166666,598.0,33.9,1000.83,35.79,33.9,1000.83,35.79,0,NONE,NONE,NORMAL,0.0
2023-05-12T14:00:00Z,43003099999,"CHHATRAPATI SHIVAJI INTERNATIONAL, IN",19.088686,72.867919,11.27,30.0,1006.0,89.06,30.0,1006.0,100.0,1,DRIFT,RH,NORMAL,0.42
2023-05-12T14:00:00Z,43057099999,"BOMBAY COLABA, IN",18.9,72.8166666,11.0,31.79,1006.53,75.72,31.79,1006.53,75.72,0,NONE,NONE,NORMAL,0.0
2023-05-12T14:00:00Z,43063099999,"PUNE, IN",18.5333333,73.85,558.0,34.27,1004.07,37.44,34.27,1004.07,37.44,0,NONE,NONE,NORMAL,0.0
2023-05-12T15:00:00Z,42921099999,"NASIK CITY, IN",19.9666666,73.8166666,598.0,32.0,1001.8,47.01,32.0,1001.8,47.01,0,NONE,NONE,NORMAL,0.0
2023-05-12T15:00:00Z,43003099999,"CHHATRAPATI SHIVAJI INTERNATIONAL, IN",19.088686,72.867919,11.27,30.4,1006.5,84.03,30.4,1006.5,96.34,1,DRIFT,RH,NORMAL,0.44
2023-05-12T15:00:00Z,43057099999,"BOMBAY COLABA, IN",18.9,72.8166666,11.0,31.68,1006.8,76.12,31.68,1006.8,76.12,0,NONE,NONE,NORMAL,0.0
2023-05-12T15:00:00Z,43063099999,"PUNE, IN",18.5333333,73.85,558.0,32.4,1004.9,48.6,32.4,1004.9,48.6,0,NONE,NONE,NORMAL,0.0
2023-05-12T16:00:00Z,42921099999,"NASIK CITY, IN",19.9666666,73.8166666,598.0,30.83,1002.33,42.93,30.83,1002.33,42.93,0,NONE,NONE,NORMAL,0.0
2023-05-12T16:00:00Z,43003099999,"CHHATRAPATI SHIVAJI INTERNATIONAL, IN",19.088686,72.867919,11.27,30.0,1007.0,89.06,30.0,1007.0,100.0,1,DRIFT,RH,NORMAL,0.46
2023-05-12T16:00:00Z,43057099999,"BOMBAY COLABA, IN",18.9,72.8166666,11.0,31.57,1007.07,76.52,31.57,1007.07,76.52,0,NONE,NONE,NORMAL,0.0
2023-05-12T16:00:00Z,43063099999,"PUNE, IN",18.5333333,73.85,558.0,31.2,1005.67,48.59,31.2,1005.67,48.59,0,NONE,NONE,NORMAL,0.0
2023-05-12T17:00:00Z,42921099999,"NASIK CITY, IN",19.9666666,73.8166666,598.0,29.67,1002.87,39.11,29.67,1002.87,39.11,0,NONE,NONE,NORMAL,0.0
2023-05-12T17:00:00Z,43003099999,"CHHATRAPATI SHIVAJI INTERNATIONAL, IN",19.088686,72.867919,11.27,30.0,1008.0,89.06,30.0,1008.0,100.0,1,DRIFT,RH,NORMAL,0.47
2023-05-12T17:00:00Z,43057099999,"BOMBAY COLABA, IN",18.9,72.8166666,11.0,31.47,1007.33,76.93,31.47,1007.33,76.93,0,NONE,NONE,NORMAL,0.0
2023-05-12T17:00:00Z,43063099999,"PUNE, IN",18.5333333,73.85,558.0,30.0,1006.43,48.58,30.0,1006.43,48.58,0,NONE,NONE,NORMAL,0.0
2023-05-12T18:00:00Z,42921099999,"NASIK CITY, IN",19.9666666,73.8166666,598.0,28.5,1003.4,35.53,28.5,1003.4,35.53,0,NONE,NONE,NORMAL,0.0
2023-05-12T18:00:00Z,43003099999,"CHHATRAPATI SHIVAJI INTERNATIONAL, IN",19.088686,72.867919,11.27,30.0,1008.0,89.06,30.0,1008.0,100.0,1,DRIFT,RH,NORMAL,0.49
2023-05-12T18:00:00Z,43057099999,"BOMBAY COLABA, IN",18.9,72.8166666,11.0,31.36,1007.6,77.34,31.36,1007.6,77.34,0,NONE,NONE,NORMAL,0.0
2023-05-12T18:00:00Z,43063099999,"PUNE, IN",18.5333333,73.85,558.0,28.8,1007.2,48.57,28.8,1007.2,48.57,0,NONE,NONE,NORMAL,0.0
2023-05-12T19:00:00Z,42921099999,"NASIK CITY, IN",19.9666666,73.8166666,598.0,27.73,1003.07,37.9,27.73,1003.07,37.9,0,NONE,NONE,NORMAL,0.0
2023-05-12T19:00:00Z,43003099999,"CHHATRAPATI SHIVAJI INTERNATIONAL, IN",19.088686,72.867919,11.27,30.0,1008.0,89.06,30.0,1008.0,100.0,1,DRIFT,RH,NORMAL,0.5
2023-05-12T19:00:00Z,43057099999,"BOMBAY COLABA, IN",18.9,72.8166666,11.0,31.25,1007.87,77.75,31.25,1007.87,77.75,0,NONE,NONE,NORMAL,0.0
2023-05-12T19:00:00Z,43063099999,"PUNE, IN",18.5333333,73.85,558.0,28.27,1006.9,52.59,28.27,1006.9,52.59,0,NONE,NONE,NORMAL,0.0
2023-05-12T20:00:00Z,42921099999,"NASIK CITY, IN",19.9666666,73.8166666,598.0,26.97,1002.73,40.43,26.97,1002.73,40.43,0,NONE,NONE,NORMAL,0.0
2023-05-12T20:00:00Z,43003099999,"CHHATRAPATI SHIVAJI INTERNATIONAL, IN",19.088686,72.867919,11.27,30.0,1007.0,83.99,30.0,1007.0,98.55,1,DRIFT,RH,NORMAL,0.52
2023-05-12T20:00:00Z,43057099999,"BOMBAY COLABA, IN",18.9,72.8166666,11.0,31.15,1008.13,78.16,31.15,1008.13,78.16,0,NONE,NONE,NORMAL,0.0
2023-05-12T20:00:00Z,43063099999,"PUNE, IN",18.5333333,73.85,558.0,27.73,1006.6,56.94,27.73,1006.6,56.94,0,NONE,NONE,NORMAL,0.0
2023-05-12T21:00:00Z,42921099999,"NASIK CITY, IN",19.9666666,73.8166666,598.0,26.2,1002.4,43.14,26.2,1002.4,43.14,0,NONE,NONE,NORMAL,0.0
2023-05-12T21:00:00Z,43003099999,"CHHATRAPATI SHIVAJI INTERNATIONAL, IN",19.088686,72.867919,11.27,29.8,1006.8,81.05,29.8,1006.8,96.06,1,DRIFT,RH,NORMAL,0.54
2023-05-12T21:00:00Z,43057099999,"BOMBAY COLABA, IN",18.9,72.8166666,11.0,31.04,1008.4,78.57,31.04,1008.4,78.57,0,NONE,NONE,NORMAL,0.0
2023-05-12T21:00:00Z,43063099999,"PUNE, IN",18.5333333,73.85,558.0,27.2,1006.3,61.63,27.2,1006.3,61.63,0,NONE,NONE,NORMAL,0.0
2023-05-12T22:00:00Z,42921099999,"NASIK CITY, IN",19.9666666,73.8166666,598.0,25.97,1002.67,44.71,25.97,1002.67,44.71,0,NONE,NONE,NORMAL,0.0
2023-05-12T22:00:00Z,43003099999,"CHHATRAPATI SHIVAJI INTERNATIONAL, IN",19.088686,72.867919,11.27,30.0,1007.0,83.99,30.0,1007.0,99.45,1,DRIFT,RH,NORMAL,0.55
2023-05-12T22:00:00Z,43057099999,"BOMBAY COLABA, IN",18.9,72.8166666,11.0,30.93,1008.67,78.99,30.93,1008.67,78.99,0,NONE,NONE,NORMAL,0.0
2023-05-12T22:00:00Z,43063099999,"PUNE, IN",18.5333333,73.85,558.0,26.6,1006.6,63.32,26.6,1006.6,63.32,0,NONE,NONE,NORMAL,0.0
2023-05-12T23:00:00Z,42921099999,"NASIK CITY, IN",19.9666666,73.8166666,598.0,25.73,1002.93,46.33,25.73,1002.93,46.33,0,NONE,NONE,NORMAL,0.0
2023-05-12T23:00:00Z,43003099999,"CHHATRAPATI SHIVAJI INTERNATIONAL, IN",19.088686,72.867919,11.27,29.0,1007.0,88.98,29.0,1007.0,100.0,1,DRIFT,RH,NORMAL,0.57
2023-05-12T23:00:00Z,43057099999,"BOMBAY COLABA, IN",18.9,72.8166666,11.0,30.83,1008.93,79.41,30.83,1008.93,79.41,0,NONE,NONE,NORMAL,0.0
2023-05-12T23:00:00Z,43063099999,"PUNE, IN",18.5333333,73.85,558.0,26.0,1006.9,65.06,26.0,1006.9,65.06,0,NONE,NONE,NORMAL,0.0
2023-05-13T00:00:00Z,42921099999,"NASIK CITY, IN",19.9666666,73.8166666,598.0,25.5,1003.2,48.01,25.5,1003.2,48.01,0,NONE,NONE,NORMAL,0.0
2023-05-13T00:00:00Z,43003099999,"CHHATRAPATI SHIVAJI INTERNATIONAL, IN",19.088686,72.867919,11.27,29.4,1007.1,83.43,29.4,1007.1,99.79,1,DRIFT,RH,NORMAL,0.58
2023-05-13T00:00:00Z,43057099999,"BOMBAY COLABA, IN",18.9,72.8166666,11.0,30.72,1009.2,79.84,30.72,1009.2,79.84,0,NONE,NONE,NORMAL,0.0
2023-05-13T00:00:00Z,43063099999,"PUNE, IN",18.5333333,73.85,558.0,25.4,1007.2,66.86,25.4,1007.2,66.86,0,NONE,NONE,NORMAL,0.0
2023-05-13T01:00:00Z,42921099999,"NASIK CITY, IN",19.9666666,73.8166666,598.0,26.4,1003.77,49.08,26.4,1003.77,49.08,0,NONE,NONE,NORMAL,0.0
2023-05-13T01:00:00Z,43003099999,"CHHATRAPATI SHIVAJI INTERNATIONAL, IN",19.088686,72.867919,11.27,30.0,1008.0,83.99,30.0,1008.0,83.99,0,NONE,NONE,NORMAL,0.0
2023-05-13T01:00:00Z,43057099999,"BOMBAY COLABA, IN",18.9,72.8166666,11.0,30.61,1009.47,80.26,30.61,1009.47,80.26,0,NONE,NONE,NORMAL,0.0
2023-05-13T01:00:00Z,43063099999,"PUNE, IN",18.5333333,73.85,558.0,26.93,1007.77,59.92,26.93,1007.77,59.92,0,NONE,NONE,NORMAL,0.0
2023-05-13T02:00:00Z,42921099999,"NASIK CITY, IN",19.9666666,73.8166666,598.0,27.3,1004.33,50.17,27.3,1004.33,50.17,0,NONE,NONE,NORMAL,0.0
2023-05-13T02:00:00Z,43003099999,"CHHATRAPATI SHIVAJI INTERNATIONAL, IN",19.088686,72.867919,11.27,30.0,1009.0,83.99,30.0,1009.0,83.99,0,NONE,NONE,NORMAL,0.0
2023-05-13T02:00:00Z,43057099999,"BOMBAY COLABA, IN",18.9,72.8166666,11.0,30.51,1009.73,80.69,30.51,1009.73,80.69,0,NONE,NONE,NORMAL,0.0
2023-05-13T02:00:00Z,43063099999,"PUNE, IN",18.5333333,73.85,558.0,28.47,1008.33,53.76,28.47,1008.33,53.76,0,NONE,NONE,NORMAL,0.0
2023-05-13T03:00:00Z,42921099999,"NASIK CITY, IN",19.9666666,73.8166666,598.0,28.2,1004.9,51.26,28.2,1004.9,51.26,0,NONE,NONE,NORMAL,0.0
2023-05-13T03:00:00Z,43003099999,"CHHATRAPATI SHIVAJI INTERNATIONAL, IN",19.088686,72.867919,11.27,31.4,1009.7,73.51,31.4,1009.7,73.51,0,NONE,NONE,NORMAL,0.0
2023-05-13T03:00:00Z,43057099999,"BOMBAY COLABA, IN",18.9,72.8166666,11.0,30.4,1010.0,81.12,30.4,1010.0,81.12,0,NONE,NONE,NORMAL,0.0
2023-05-13T03:00:00Z,43063099999,"PUNE, IN",18.5333333,73.85,558.0,30.0,1008.9,48.28,30.0,1008.9,48.28,0,NONE,NONE,NORMAL,0.0
2023-05-13T04:00:00Z,42921099999,"NASIK CITY, IN",19.9666666,73.8166666,598.0,30.67,1004.5,44.93,30.67,1004.5,44.93,0,NONE,NONE,NORMAL,0.0
2023-05-13T04:00:00Z,43003099999,"CHHATRAPATI SHIVAJI INTERNATIONAL, IN",19.088686,72.867919,11.27,32.0,1010.0,74.93,32.0,1010.0,74.93,0,NONE,NONE,NORMAL,0.0
2023-05-13T04:00:00Z,43057099999,"BOMBAY COLABA, IN",18.9,72.8166666,11.0,30.69,1009.73,79.22,30.69,1009.73,79.22,0,NONE,NONE,NORMAL,0.0
2023-05-13T04:00:00Z,43063099999,"PUNE, IN",18.5333333,73.85,558.0,31.87,1008.37,40.74,31.87,1008.37,40.74,0,NONE,NONE,NORMAL,0.0
2023-05-13T05:00:00Z,42921099999,"NASIK CITY, IN",19.9666666,73.8166666,598.0,33.13,1004.1,39.47,33.13,1004.1,39.47,0,NONE,NONE,NORMAL,0.0
2023-05-13T05:00:00Z,43003099999,"CHHATRAPATI SHIVAJI INTERNATIONAL, IN",19.088686,72.867919,11.27,33.0,1010.0,66.75,33.0,1010.0,66.75,0,NONE,NONE,NORMAL,0.0
2023-05-13T05:00:00Z,43057099999,"BOMBAY COLABA, IN",18.9,72.8166666,11.0,30.98,1009.47,77.36,30.98,1009.47,77.36,0,NONE,NONE,NORMAL,0.0
2023-05-13T05:00:00Z,43063099999,"PUNE, IN",18.5333333,73.85,558.0,33.73,1007.83,34.4,33.73,1007.83,34.4,0,NONE,NONE,NORMAL,0.0
2023-05-13T06:00:00Z,42921099999,"NASIK CITY, IN",19.9666666,73.8166666,598.0,35.6,1003.7,34.77,35.6,1003.7,34.77,0,NONE,NONE,NORMAL,0.0
2023-05-13T06:00:00Z,43003099999,"CHHATRAPATI SHIVAJI INTERNATIONAL, IN",19.088686,72.867919,11.27,34.4,1010.2,58.5,34.4,1010.2,58.5,0,NONE,NONE,NORMAL,0.0
2023-05-13T06:00:00Z,43057099999,"BOMBAY COLABA, IN",18.9,72.8166666,11.0,31.27,1009.2,75.55,31.27,1009.2,75.55,0,NONE,NONE,NORMAL,0.0
2023-05-13T06:00:00Z,43063099999,"PUNE, IN",18.5333333,73.85,558.0,35.6,1007.3,29.08,35.6,1007.3,29.08,0,NONE,NONE,NORMAL,0.0
2023-05-13T07:00:00Z,42921099999,"NASIK CITY, IN",19.9666666,73.8166666,598.0,36.23,1002.73,30.21,36.23,1002.73,30.21,0,NONE,NONE,NORMAL,0.0
2023-05-13T07:00:00Z,43003099999,"CHHATRAPATI SHIVAJI INTERNATIONAL, IN",19.088686,72.867919,11.27,34.0,1009.0,63.11,34.0,1009.0,63.11,0,NONE,NONE,NORMAL,0.0
2023-05-13T07:00:00Z,43057099999,"BOMBAY COLABA, IN",18.9,72.8166666,11.0,31.56,1008.93,73.78,31.56,1008.93,73.78,0,NONE,NONE,NORMAL,0.0
2023-05-13T07:00:00Z,43063099999,"PUNE, IN",18.5333333,73.85,558.0,36.33,1006.43,28.23,36.33,1006.43,28.23,0,NONE,NONE,NORMAL,0.0
2023-05-13T08:00:00Z,42921099999,"NASIK CITY, IN",19.9666666,73.8166666,598.0,36.87,1001.77,26.21,36.87,1001.77,26.21,0,NONE,NONE,NORMAL,0.0
2023-05-13T08:00:00Z,43003099999,"CHHATRAPATI SHIVAJI INTERNATIONAL, IN",19.088686,72.867919,11.27,33.0,1009.0,70.81,33.0,1009.0,70.81,0,NONE,NONE,NORMAL,0.0
2023-05-13T08:00:00Z,43057099999,"BOMBAY COLABA, IN",18.9,72.8166666,11.0,31.84,1008.67,72.06,31.84,1008.67,72.06,0,NONE,NONE,NORMAL,0.0
2023-05-13T08:00:00Z,43063099999,"PUNE, IN",18.5333333,73.85,558.0,37.07,1005.57,27.41,37.07,1005.57,27.41,0,NONE,NONE,NORMAL,0.0
2023-05-13T09:00:00Z,42921099999,"NASIK CITY, IN",19.9666666,73.8166666,598.0,37.5,1000.8,22.71,37.5,1000.8,22.71,0,NONE,NONE,NORMAL,0.0
2023-05-13T09:00:00Z,43003099999,"CHHATRAPATI SHIVAJI INTERNATIONAL, IN",19.088686,72.867919,11.27,34.0,1008.3,62.74,34.0,1008.3,62.74,0,NONE,NONE,NORMAL,0.0
2023-05-13T09:00:00Z,43057099999,"BOMBAY COLABA, IN",18.9,72.8166666,11.0,32.13,1008.4,70.38,32.13,1008.4,70.38,0,NONE,NONE,NORMAL,0.0
2023-05-13T09:00:00Z,43063099999,"PUNE, IN",18.5333333,73.85,558.0,37.8,1004.7,26.62,37.8,1004.7,26.62,0,NONE,NONE,NORMAL,0.0
2023-05-13T10:00:00Z,42921099999,"NASIK CITY, IN",19.9666666,73.8166666,598.0,37.17,1000.47,24.85,37.17,1000.47,24.85,0,NONE,NONE,NORMAL,0.0
2023-05-13T10:00:00Z,43003099999,"CHHATRAPATI SHIVAJI INTERNATIONAL, IN",19.088686,72.867919,11.27,33.0,1007.0,70.81,33.0,1007.0,70.81,0,NONE,NONE,NORMAL,0.0
2023-05-13T10:00:00Z,43057099999,"BOMBAY COLABA, IN",18.9,72.8166666,11.0,32.42,1008.13,68.74,32.42,1008.13,68.74,0,NONE,NONE,NORMAL,0.0
2023-05-13T10:00:00Z,43063099999,"PUNE, IN",18.5333333,73.85,558.0,36.6,1005.17,29.67,36.6,1005.17,29.67,0,NONE,NONE,NORMAL,0.0
2023-05-13T11:00:00Z,42921099999,"NASIK CITY, IN",19.9666666,73.8166666,598.0,36.83,1000.13,27.18,36.83,1000.13,27.18,0,NONE,NONE,NORMAL,0.0
2023-05-13T11:00:00Z,43003099999,"CHHATRAPATI SHIVAJI INTERNATIONAL, IN",19.088686,72.867919,11.27,32.0,1007.0,74.93,32.0,1007.0,74.93,0,NONE,NONE,NORMAL,0.0
2023-05-13T11:00:00Z,43057099999,"BOMBAY COLABA, IN",18.9,72.8166666,11.0,32.71,1007.87,67.14,32.71,1007.87,67.14,0,NONE,NONE,NORMAL,0.0
2023-05-13T11:00:00Z,43063099999,"PUNE, IN",18.5333333,73.85,558.0,35.4,1005.63,33.07,35.4,1005.63,33.07,0,NONE,NONE,NORMAL,0.0
2023-05-13T12:00:00Z,42921099999,"NASIK CITY, IN",19.9666666,73.8166666,598.0,36.5,999.8,29.7,36.5,999.8,29.7,0,NONE,NONE,NORMAL,0.0
2023-05-13T12:00:00Z,43003099999,"CHHATRAPATI SHIVAJI INTERNATIONAL, IN",19.088686,72.867919,11.27,33.2,1007.2,64.46,33.2,1007.2,64.46,0,NONE,NONE,NORMAL,0.0
2023-05-13T12:00:00Z,43057099999,"BOMBAY COLABA, IN",18.9,72.8166666,11.0,33.0,1007.6,65.57,33.0,1007.6,65.57,0,NONE,NONE,NORMAL,0.0
2023-05-13T12:00:00Z,43063099999,"PUNE, IN",18.5333333,73.85,558.0,34.2,1006.1,36.87,34.2,1006.1,36.87,0,NONE,NONE,NORMAL,0.0
2023-05-13T13:00:00Z,42921099999,"NASIK CITY, IN",19.9666666,73.8166666,598.0,34.83,1000.87,30.54,34.83,1000.87,30.54,0,NONE,NONE,NORMAL,0.0
2023-05-13T13:00:00Z,43003099999,"CHHATRAPATI SHIVAJI INTERNATIONAL, IN",19.088686,72.867919,11.27,31.72,1007.38,71.34,31.72,1007.38,71.34,0,NONE,NONE,NORMAL,0.0
2023-05-13T13:00:00Z,43057099999,"BOMBAY COLABA, IN",18.9,72.8166666,11.0,32.81,1007.75,66.11,32.81,1007.75,66.11,0,NONE,NONE,NORMAL,0.0
2023-05-13T13:00:00Z,43063099999,"PUNE, IN",18.5333333,73.85,558.0,33.0,1006.57,41.13,33.0,1006.57,41.13,0,NONE,NONE,NORMAL,0.0
2023-05-13T14:00:00Z,42921099999,"NASIK CITY, IN",19.9666666,73.8166666,598.0,33.17,1001.93,31.42,33.17,1001.93,31.42,0,NONE,NONE,NORMAL,0.0
2023-05-13T14:00:00Z,43003099999,"CHHATRAPATI SHIVAJI INTERNATIONAL, IN",19.088686,72.867919,11.27,31.16,1008.14,72.78,31.16,1008.14,72.78,0,NONE,NONE,NORMAL,0.0
2023-05-13T14:00:00Z,43057099999,"BOMBAY COLABA, IN",18.9,72.8166666,11.0,32.63,1007.89,66.65,32.63,1007.89,66.65,0,NONE,NONE,NORMAL,0.0
2023-05-13T14:00:00Z,43063099999,"PUNE, IN",18.5333333,73.85,558.0,31.8,1007.03,45.9,31.8,1007.03,45.9,0,NONE,NONE,NORMAL,0.0
2023-05-13T15:00:00Z,42921099999,"NASIK CITY, IN",19.9666666,73.8166666,598.0,31.5,1003.0,32.35,31.5,1003.0,32.35,0,NONE,NONE,NORMAL,0.0
2023-05-13T15:00:00Z,43003099999,"CHHATRAPATI SHIVAJI INTERNATIONAL, IN",19.088686,72.867919,11.27,30.6,1008.9,74.26,30.6,1008.9,74.26,0,NONE,NONE,NORMAL,0.0
2023-05-13T15:00:00Z,43057099999,"BOMBAY COLABA, IN",18.9,72.8166666,11.0,32.44,1008.04,67.2,32.44,1008.04,67.2,0,NONE,NONE,NORMAL,0.0
2023-05-13T15:00:00Z,43063099999,"PUNE, IN",18.5333333,73.85,558.0,30.6,1007.5,51.24,30.6,1007.5,51.24,0,NONE,NONE,NORMAL,0.0
2023-05-13T16:00:00Z,42921099999,"NASIK CITY, IN",19.9666666,73.8166666,598.0,30.2,1003.57,36.32,30.2,1003.57,36.32,0,NONE,NONE,NORMAL,0.0
2023-05-13T16:00:00Z,43003099999,"CHHATRAPATI SHIVAJI INTERNATIONAL, IN",19.088686,72.867919,11.27,30.4,1009.2,74.67,30.4,1009.2,74.67,0,NONE,NONE,NORMAL,0.0
2023-05-13T16:00:00Z,43057099999,"BOMBAY COLABA, IN",18.9,72.8166666,11.0,32.25,1008.19,67.75,32.25,1008.19,67.75,0,NONE,NONE,NORMAL,0.0
2023-05-13T16:00:00Z,43063099999,"PUNE, IN",18.5333333,73.85,558.0,29.53,1008.0,54.82,29.53,1008.0,54.82,0,NONE,NONE,NORMAL,0.0
2023-05-13T17:00:00Z,42921099999,"NASIK CITY, IN",19.9666666,73.8166666,598.0,28.9,1004.13,40.79,28.9,1004.13,40.79,0,NONE,NONE,NORMAL,0.0
2023-05-13T17:00:00Z,43003099999,"CHHATRAPATI SHIVAJI INTERNATIONAL, IN",19.088686,72.867919,11.27,30.2,1009.5,75.08,30.2,1009.5,75.08,0,NONE,NONE,NORMAL,0.0
2023-05-13T17:00:00Z,43057099999,"BOMBAY COLABA, IN",18.9,72.8166666,11.0,32.07,1008.33,68.31,32.07,1008.33,68.31,0,NONE,NONE,NORMAL,0.0
2023-05-13T17:00:00Z,43063099999,"PUNE, IN",18.5333333,73.85,558.0,28.47,1008.5,58.67,28.47,1008.5,58.67,0,NONE,NONE,NORMAL,0.0
2023-05-13T18:00:00Z,42921099999,"NASIK CITY, IN",19.9666666,73.8166666,598.0,27.6,1004.7,45.84,27.6,1004.7,45.84,0,NONE,NONE,NORMAL,0.0
2023-05-13T18:00:00Z,43003099999,"CHHATRAPATI SHIVAJI INTERNATIONAL, IN",19.088686,72.867919,11.27,30.0,1009.8,75.5,30.0,1009.8,75.5,0,NONE,NONE,NORMAL,0.0
2023-05-13T18:00:00Z,43057099999,"BOMBAY COLABA, IN",18.9,72.8166666,11.0,31.88,1008.48,68.87,31.88,1008.48,68.87,0,NONE,NONE,NORMAL,0.0
2023-05-13T18:00:00Z,43063099999,"PUNE, IN",18.5333333,73.85,558.0,27.4,1009.0,62.84,27.4,1009.0,62.84,0,NONE,NONE,NORMAL,0.0
2023-05-13T19:00:00Z,42921099999,"NASIK CITY, IN",19.9666666,73.8166666,598.0,26.9,1004.17,48.9,26.9,1004.17,48.9,0,NONE,NONE,NORMAL,0.0
2023-05-13T19:00:00Z,43003099999,"CHHATRAPATI SHIVAJI INTERNATIONAL, IN",19.088686,72.867919,11.27,29.88,1008.74,78.88,29.88,1008.74,78.88,0,NONE,NONE,NORMAL,0.0
2023-05-13T19:00:00Z,43057099999,"BOMBAY COLABA, IN",18.9,72.8166666,11.0,31.69,1008.63,69.44,31.69,1008.63,69.44,0,NONE,NONE,NORMAL,0.0
2023-05-13T19:00:00Z,43063099999,"PUNE, IN",18.5333333,73.85,558.0,26.8,1008.43,61.41,26.8,1008.43,61.41,0,NONE,NONE,NORMAL,0.0
2023-05-13T20:00:00Z,42921099999,"NASIK CITY, IN",19.9666666,73.8166666,598.0,26.2,1003.63,52.18,26.2,1003.63,52.18,0,NONE,NONE,NORMAL,0.0
2023-05-13T20:00:00Z,43003099999,"CHHATRAPATI SHIVAJI INTERNATIONAL, IN",19.088686,72.867919,11.27,29.64,1008.22,78.28,29.64,1008.22,78.28,0,NONE,NONE,NORMAL,0.0
2023-05-13T20:00:00Z,43057099999,"BOMBAY COLABA, IN",18.9,72.8166666,11.0,31.51,1008.77,70.01,31.51,1008.77,70.01,0,NONE,NONE,NORMAL,0.0
2023-05-13T20:00:00Z,43063099999,"PUNE, IN",18.5333333,73.85,558.0,26.2,1007.87,60.0,26.2,1007.87,60.0,0,NONE,NONE,NORMAL,0.0
2023-05-13T21:00:00Z,42921099999,"NASIK CITY, IN",19.9666666,73.8166666,598.0,25.5,1003.1,55.68,25.5,1003.1,55.68,0,NONE,NONE,NORMAL,0.0
2023-05-13T21:00:00Z,43003099999,"CHHATRAPATI SHIVAJI INTERNATIONAL, IN",19.088686,72.867919,11.27,29.4,1007.7,77.69,29.4,1007.7,77.69,0,NONE,NONE,NORMAL,0.0
2023-05-13T21:00:00Z,43057099999,"BOMBAY COLABA, IN",18.9,72.8166666,11.0,31.32,1008.92,70.59,31.32,1008.92,70.59,0,NONE,NONE,NORMAL,0.0
2023-05-13T21:00:00Z,43063099999,"PUNE, IN",18.5333333,73.85,558.0,25.6,1007.3,58.61,25.6,1007.3,58.61,0,NONE,NONE,NORMAL,0.0
2023-05-13T22:00:00Z,42921099999,"NASIK CITY, IN",19.9666666,73.8166666,598.0,25.0,1003.27,59.6,25.0,1003.27,59.6,0,NONE,NONE,NORMAL,0.0
2023-05-13T22:00:00Z,43003099999,"CHHATRAPATI SHIVAJI INTERNATIONAL, IN",19.088686,72.867919,11.27,29.2,1007.35,80.73,29.2,1007.35,80.73,0,NONE,NONE,NORMAL,0.0
2023-05-13T22:00:00Z,43057099999,"BOMBAY COLABA, IN",18.9,72.8166666,11.0,31.13,1009.07,71.18,31.13,1009.07,71.18,0,NONE,NONE,NORMAL,0.0
2023-05-13T22:00:00Z,43063099999,"PUNE, IN",18.5333333,73.85,558.0,25.27,1007.27,59.66,25.27,1007.27,59.66,0,NONE,NONE,NORMAL,0.0
2023-05-13T23:00:00Z,42921099999,"NASIK CITY, IN",19.9666666,73.8166666,598.0,24.5,1003.43,63.79,24.5,1003.43,63.79,0,NONE,NONE,NORMAL,0.0
2023-05-13T23:00:00Z,43003099999,"CHHATRAPATI SHIVAJI INTERNATIONAL, IN",19.088686,72.867919,11.27,29.0,1007.0,83.88,29.0,1007.0,83.88,0,NONE,NONE,NORMAL,0.0
2023-05-13T23:00:00Z,43057099999,"BOMBAY COLABA, IN",18.9,72.8166666,11.0,30.95,1009.21,71.77,30.95,1009.21,71.77,0,NONE,NONE,NORMAL,0.0
2023-05-13T23:00:00Z,43063099999,"PUNE, IN",18.5333333,73.85,558.0,24.93,1007.23,60.73,24.93,1007.23,60.73,0,NONE,NONE,NORMAL,0.0
2023-05-14T00:00:00Z,42921099999,"NASIK CITY, IN",19.9666666,73.8166666,598.0,24.0,1003.6,68.27,24.0,1003.6,68.27,0,NONE,NONE,NORMAL,0.0
2023-05-14T00:00:00Z,43003099999,"CHHATRAPATI SHIVAJI INTERNATIONAL, IN",19.088686,72.867919,11.27,28.8,1007.5,79.01,28.8,1007.5,79.01,0,NONE,NONE,NORMAL,0.0
2023-05-14T00:00:00Z,43057099999,"BOMBAY COLABA, IN",18.9,72.8166666,11.0,30.76,1009.36,72.37,30.76,1009.36,72.37,0,NONE,NONE,NORMAL,0.0
2023-05-14T00:00:00Z,43063099999,"PUNE, IN",18.5333333,73.85,558.0,24.6,1007.2,61.82,24.6,1007.2,61.82,0,NONE,NONE,NORMAL,0.0
2023-05-14T01:00:00Z,42921099999,"NASIK CITY, IN",19.9666666,73.8166666,598.0,25.5,1003.77,64.28,25.5,1003.77,64.28,0,NONE,NONE,NORMAL,0.0
2023-05-14T01:00:00Z,43003099999,"CHHATRAPATI SHIVAJI INTERNATIONAL, IN",19.088686,72.867919,11.27,29.0,1008.0,83.88,29.0,1008.0,83.88,0,NONE,NONE,NORMAL,0.0
2023-05-14T01:00:00Z,43057099999,"BOMBAY COLABA, IN",18.9,72.8166666,11.0,30.57,1009.51,72.97,30.57,1009.51,72.97,0,NONE,NONE,NORMAL,0.0
2023-05-14T01:00:00Z,43063099999,"PUNE, IN",18.5333333,73.85,558.0,26.07,1007.63,54.41,26.07,1007.63,54.41,0,NONE,NONE,NORMAL,0.0
2023-05-14T02:00:00Z,42921099999,"NASIK CITY, IN",19.9666666,73.8166666,598.0,27.0,1003.93,60.57,27.0,1003.93,60.57,0,NONE,NONE,NORMAL,0.0
2023-05-14T02:00:00Z,43003099999,"CHHATRAPATI SHIVAJI INTERNATIONAL, IN",19.088686,72.867919,11.27,29.73,1008.5,78.36,29.73,1008.5,78.36,0,NONE,NONE,NORMAL,0.0
2023-05-14T02:00:00Z,43057099999,"BOMBAY COLABA, IN",18.9,72.8166666,11.0,30.39,1009.65,73.58,30.39,1009.65,73.58,0,NONE,NONE,NORMAL,0.0
2023-05-14T02:00:00Z,43063099999,"PUNE, IN",18.5333333,73.85,558.0,27.53,1008.07,47.93,27.53,1008.07,47.93,0,NONE,NONE,NORMAL,0.0
2023-05-14T03:00:00Z,42921099999,"NASIK CITY, IN",19.9666666,73.8166666,598.0,28.5,1004.1,57.12,28.5,1004.1,57.12,0,NONE,NONE,NORMAL,0.0
2023-05-14T03:00:00Z,43003099999,"CHHATRAPATI SHIVAJI INTERNATIONAL, IN",19.088686,72.867919,11.27,31.2,1009.5,68.41,31.2,1009.5,68.41,0,NONE,NONE,NORMAL,0.0
2023-05-14T03:00:00Z,43057099999,"BOMBAY COLABA, IN",18.9,72.8166666,11.0,30.2,1009.8,74.19,30.2,1009.8,74.19,0,NONE,NONE,NORMAL,0.0
2023-05-14T03:00:00Z,43063099999,"PUNE, IN",18.5333333,73.85,558.0,29.0,1008.5,42.25,29.0,1008.5,42.25,0,NONE,NONE,NORMAL,0.0
2023-05-14T04:00:00Z,42921099999,"NASIK CITY, IN",19.9666666,73.8166666,598.0,30.17,1003.73,48.42,30.17,1003.73,48.42,0,NONE,NONE,NORMAL,0.0
2023-05-14T04:00:00Z,43003099999,"CHHATRAPATI SHIVAJI INTERNATIONAL, IN",19.088686,72.867919,11.27,31.93,1009.53,66.28,31.93,1009.53,66.28,0,NONE,NONE,NORMAL,0.0
2023-05-14T04:00:00Z,43057099999,"BOMBAY COLABA, IN",18.9,72.8166666,11.0,30.51,1009.39,73.32,30.51,1009.39,73.32,0,NONE,NONE,NORMAL,0.0
2023-05-14T04:00:00Z,43063099999,"PUNE, IN",18.5333333,73.85,558.0,30.8,1007.9,36.02,30.8,1007.9,36.02,0,NONE,NONE,NORMAL,0.0
2023-05-14T05:00:00Z,42921099999,"NASIK CITY, IN",19.9666666,73.8166666,598.0,31.83,1003.37,41.07,31.83,1003.37,41.07,0,NONE,NONE,NORMAL,0.0
2023-05-14T05:00:00Z,43003099999,"CHHATRAPATI SHIVAJI INTERNATIONAL, IN",19.088686,72.867919,11.27,32.67,1009.57,64.22,32.67,1009.57,64.22,0,NONE,NONE,NORMAL,0.0
2023-05-14T05:00:00Z,43057099999,"BOMBAY COLABA, IN",18.9,72.8166666,11.0,30.82,1008.98,72.45,30.82,1008.98,72.45,0,NONE,NONE,NORMAL,0.0
2023-05-14T05:00:00Z,43063099999,"PUNE, IN",18.5333333,73.85,558.0,32.6,1007.3,30.73,32.6,1007.3,30.73,0,NONE,NONE,NORMAL,0.0
2023-05-14T06:00:00Z,42921099999,"NASIK CITY, IN",19.9666666,73.8166666,598.0,33.5,1003.0,34.86,33.5,1003.0,34.86,0,NONE,NONE,NORMAL,0.0
2023-05-14T06:00:00Z,43003099999,"CHHATRAPATI SHIVAJI INTERNATIONAL, IN",19.088686,72.867919,11.27,33.4,1009.6,62.24,33.4,1009.6,62.24,0,NONE,NONE,NORMAL,0.0
2023-05-14T06:00:00Z,43057099999,"BOMBAY COLABA, IN",18.9,72.8166666,11.0,31.13,1008.57,71.6,31.13,1008.57,71.6,0,NONE,NONE,NORMAL,0.0
2023-05-14T06:00:00Z,43063099999,"PUNE, IN",18.5333333,73.85,558.0,34.4,1006.7,26.25,34.4,1006.7,26.25,0,NONE,NONE,NORMAL,0.0
2023-05-14T07:00:00Z,42921099999,"NASIK CITY, IN",19.9666666,73.8166666,598.0,34.23,1001.9,34.4,34.23,1001.9,34.4,0,NONE,NONE,NORMAL,0.0
2023-05-14T07:00:00Z,43003099999,"CHHATRAPATI SHIVAJI INTERNATIONAL, IN",19.088686,72.867919,11.27,33.33,1008.8,62.97,33.33,1008.8,62.97,0,NONE,NONE,NORMAL,0.0
2023-05-14T07:00:00Z,43057099999,"BOMBAY COLABA, IN",18.9,72.8166666,11.0,31.44,1008.16,70.76,31.44,1008.16,70.76,0,NONE,NONE,NORMAL,0.0
2023-05-14T07:00:00Z,43063099999,"PUNE, IN",18.5333333,73.85,558.0,35.2,1005.7,26.06,35.2,1005.7,26.06,0,NONE,NONE,NORMAL,0.0
2023-05-14T08:00:00Z,42921099999,"NASIK CITY, IN",19.9666666,73.8166666,598.0,34.97,1000.8,33.94,34.97,1000.8,33.94,0,NONE,NONE,NORMAL,0.0
2023-05-14T08:00:00Z,43003099999,"CHHATRAPATI SHIVAJI INTERNATIONAL, IN",19.088686,72.867919,11.27,33.27,1008.0,63.71,33.27,1008.0,63.71,0,NONE,NONE,NORMAL,0.0
2023-05-14T08:00:00Z,43057099999,"BOMBAY COLABA, IN",18.9,72.8166666,11.0,31.76,1007.74,69.94,31.76,1007.74,69.94,0,NONE,NONE,NORMAL,0.0
2023-05-14T08:00:00Z,43063099999,"PUNE, IN",18.5333333,73.85,558.0,36.0,1004.7,25.87,36.0,1004.7,25.87,0,NONE,NONE,NORMAL,0.0
2023-05-14T09:00:00Z,42921099999,"NASIK CITY, IN",19.9666666,73.8166666,598.0,35.7,999.7,33.5,35.7,999.7,33.5,0,NONE,NONE,NORMAL,0.0
2023-05-14T09:00:00Z,43003099999,"CHHATRAPATI SHIVAJI INTERNATIONAL, IN",19.088686,72.867919,11.27,33.2,1007.2,64.46,33.2,1007.2,64.46,0,NONE,NONE,NORMAL,0.0
2023-05-14T09:00:00Z,43057099999,"BOMBAY COLABA, IN",18.9,72.8166666,11.0,32.07,1007.33,69.12,32.07,1007.33,69.12,0,NONE,NONE,NORMAL,0.0
2023-05-14T09:00:00Z,43063099999,"PUNE, IN",18.5333333,73.85,558.0,36.8,1003.7,25.69,36.8,1003.7,25.69,0,NONE,NONE,NORMAL,0.0
2023-05-14T10:00:00Z,42921099999,"NASIK CITY, IN",19.9666666,73.8166666,598.0,35.53,999.43,29.95,35.53,999.43,29.95,0,NONE,NONE,NORMAL,0.0
2023-05-14T10:00:00Z,43003099999,"CHHATRAPATI SHIVAJI INTERNATIONAL, IN",19.088686,72.867919,11.27,33.0,1006.83,65.19,33.0,1006.83,65.19,0,NONE,NONE,NORMAL,0.0
2023-05-14T10:00:00Z,43057099999,"BOMBAY COLABA, IN",18.9,72.8166666,11.0,32.38,1006.92,68.32,32.38,1006.92,68.32,0,NONE,NONE,NORMAL,0.0
2023-05-14T10:00:00Z,43063099999,"PUNE, IN",18.5333333,73.85,558.0,36.2,1003.7,25.75,36.2,1003.7,25.75,0,NONE,NONE,NORMAL,0.0
2023-05-14T11:00:00Z,42921099999,"NASIK CITY, IN",19.9666666,73.8166666,598.0,35.37,999.17,26.73,35.37,999.17,26.73,0,NONE,NONE,NORMAL,0.0
2023-05-14T11:00:00Z,43003099999,"CHHATRAPATI SHIVAJI INTERNATIONAL, IN",19.088686,72.867919,11.27,32.8,1006.47,65.93,32.8,1006.47,65.93,0,NONE,NONE,NORMAL,0.0
2023-05-14T11:00:00Z,43057099999,"BOMBAY COLABA, IN",18.9,72.8166666,11.0,32.69,1006.51,67.53,32.69,1006.51,67.53,0,NONE,NONE,NORMAL,0.0
2023-05-14T11:00:00Z,43063099999,"PUNE, IN",18.5333333,73.85,558.0,35.6,1003.7,25.82,35.6,1003.7,25.82,0,NONE,NONE,NORMAL,0.0
2023-05-14T12:00:00Z,42921099999,"NASIK CITY, IN",19.9666666,73.8166666,598.0,35.2,998.9,23.82,35.2,998.9,23.82,0,NONE,NONE,NORMAL,0.0
2023-05-14T12:00:00Z,43003099999,"CHHATRAPATI SHIVAJI INTERNATIONAL, IN",19.088686,72.867919,11.27,32.6,1006.1,66.67,32.6,1006.1,66.67,0,NONE,NONE,NORMAL,0.0
2023-05-14T12:00:00Z,43057099999,"BOMBAY COLABA, IN",18.9,72.8166666,11.0,33.0,1006.1,66.75,33.0,1006.1,11.75,1,SPIKE,RH,NORMAL,0.92
2023-05-14T12:00:00Z,43063099999,"PUNE, IN",18.5333333,73.85,558.0,35.0,1003.7,25.89,35.0,1003.7,25.89,0,NONE,NONE,NORMAL,0.0
2023-05-14T13:00:00Z,42921099999,"NASIK CITY, IN",19.9666666,73.8166666,598.0,33.3,999.8,28.78,33.3,999.8,28.78,0,NONE,NONE,NORMAL,0.0
2023-05-14T13:00:00Z,43003099999,"CHHATRAPATI SHIVAJI INTERNATIONAL, IN",19.088686,72.867919,11.27,31.87,1006.43,69.5,31.87,1006.43,69.5,0,NONE,NONE,NORMAL,0.0
2023-05-14T13:00:00Z,43057099999,"BOMBAY COLABA, IN",18.9,72.8166666,11.0,32.81,1006.39,67.3,32.81,1006.39,67.3,0,NONE,NONE,NORMAL,0.0
2023-05-14T13:00:00Z,43063099999,"PUNE, IN",18.5333333,73.85,558.0,33.07,1004.53,31.53,33.07,1004.53,31.53,0,NONE,NONE,NORMAL,0.0
2023-05-14T14:00:00Z,42921099999,"NASIK CITY, IN",19.9666666,73.8166666,598.0,31.4,1000.7,34.8,31.4,1000.7,34.8,0,NONE,NONE,NORMAL,0.0
2023-05-14T14:00:00Z,43003099999,"CHHATRAPATI SHIVAJI INTERNATIONAL, IN",19.088686,72.867919,11.27,31.13,1006.77,72.46,31.13,1006.77,72.46,0,NONE,NONE,NORMAL,0.0
2023-05-14T14:00:00Z,43057099999,"BOMBAY COLABA, IN",18.9,72.8166666,11.0,32.63,1006.67,67.85,32.63,1006.67,67.85,0,NONE,NONE,NORMAL,0.0
2023-05-14T14:00:00Z,43063099999,"PUNE, IN",18.5333333,73.85,558.0,31.13,1005.37,38.43,31.13,1005.37,38.43,0,NONE,NONE,NORMAL,0.0
2023-05-14T15:00:00Z,42921099999,"NASIK CITY, IN",19.9666666,73.8166666,598.0,29.5,1001.6,42.12,29.5,1001.6,42.12,0,NONE,NONE,NORMAL,0.0
2023-05-14T15:00:00Z,43003099999,"CHHATRAPATI SHIVAJI INTERNATIONAL, IN",19.088686,72.867919,11.27,30.4,1007.1,75.56,30.4,1007.1,75.56,0,NONE,NONE,NORMAL,0.0
2023-05-14T15:00:00Z,43057099999,"BOMBAY COLABA, IN",18.9,72.8166666,11.0,32.44,1006.96,68.41,32.44,1006.96,68.41,0,NONE,NONE,NORMAL,0.0
2023-05-14T15:00:00Z,43063099999,"PUNE, IN",18.5333333,73.85,558.0,29.2,1006.2,46.86,29.2,1006.2,46.86,0,NONE,NONE,NORMAL,0.0
2023-05-14T16:00:00Z,42921099999,"NASIK CITY, IN",19.9666666,73.8166666,598.0,28.5,1001.97,48.49,28.5,1001.97,48.49,0,NONE,NONE,NORMAL,0.0
2023-05-14T16:00:00Z,43003099999,"CHHATRAPATI SHIVAJI INTERNATIONAL, IN",19.088686,72.867919,11.27,30.0,1007.0,79.18,30.0,1007.0,79.18,0,NONE,NONE,NORMAL,0.0
2023-05-14T16:00:00Z,43057099999,"BOMBAY COLABA, IN",18.9,72.8166666,11.0,32.25,1007.25,68.97,32.25,1007.25,68.97,0,NONE,NONE,NORMAL,0.0
2023-05-14T16:00:00Z,43063099999,"PUNE, IN",18.5333333,73.85,558.0,28.4,1006.63,50.46,28.4,1006.63,50.46,0,NONE,NONE,NORMAL,0.0
2023-05-14T17:00:00Z,42921099999,"NASIK CITY, IN",19.9666666,73.8166666,598.0,27.5,1002.33,55.82,27.5,1002.33,55.82,0,NONE,NONE,NORMAL,0.0
2023-05-14T17:00:00Z,43003099999,"CHHATRAPATI SHIVAJI INTERNATIONAL, IN",19.088686,72.867919,11.27,30.0,1008.0,79.18,30.0,1008.0,79.18,0,NONE,NONE,NORMAL,0.0
2023-05-14T17:00:00Z,43057099999,"BOMBAY COLABA, IN",18.9,72.8166666,11.0,32.07,1007.53,69.54,32.07,1007.53,69.54,0,NONE,NONE,NORMAL,0.0
2023-05-14T17:00:00Z,43063099999,"PUNE, IN",18.5333333,73.85,558.0,27.6,1007.07,54.34,27.6,1007.07,54.34,0,NONE,NONE,NORMAL,0.0
2023-05-14T18:00:00Z,42921099999,"NASIK CITY, IN",19.9666666,73.8166666,598.0,26.5,1002.7,64.22,26.5,1002.7,64.22,0,NONE,NONE,NORMAL,0.0
2023-05-14T18:00:00Z,43003099999,"CHHATRAPATI SHIVAJI INTERNATIONAL, IN",19.088686,72.867919,11.27,30.0,1008.1,76.86,30.0,1008.1,76.86,0,NONE,NONE,NORMAL,0.0
2023-05-14T18:00:00Z,43057099999,"BOMBAY COLABA, IN",18.9,72.8166666,11.0,31.88,1007.82,70.11,31.88,1007.82,70.11,0,NONE,NONE,NORMAL,0.0
2023-05-14T18:00:00Z,43063099999,"PUNE, IN",18.5333333,73.85,558.0,26.8,1007.5,58.53,26.8,1007.5,58.53,0,NONE,NONE,NORMAL,0.0
2023-05-14T19:00:00Z,42921099999,"NASIK CITY, IN",19.9666666,73.8166666,598.0,25.9,1002.73,68.65,25.9,1002.73,68.65,0,NONE,NONE,NORMAL,0.0
2023-05-14T19:00:00Z,43003099999,"CHHATRAPATI SHIVAJI INTERNATIONAL, IN",19.088686,72.867919,11.27,30.0,1008.0,79.18,30.0,1008.0,79.18,0,NONE,NONE,NORMAL,0.0
2023-05-14T19:00:00Z,43057099999,"BOMBAY COLABA, IN",18.9,72.8166666,11.0,31.69,1008.11,70.69,31.69,1008.11,70.69,0,NONE,NONE,NORMAL,0.0
2023-05-14T19:00:00Z,43063099999,"PUNE, IN",18.5333333,73.85,558.0,26.27,1006.93,59.39,26.27,1006.93,59.39,0,NONE,NONE,NORMAL,0.0
2023-05-14T20:00:00Z,42921099999,"NASIK CITY, IN",19.9666666,73.8166666,598.0,25.3,1002.77,73.38,25.3,1002.77,73.38,0,NONE,NONE,NORMAL,0.0
2023-05-14T20:00:00Z,43003099999,"CHHATRAPATI SHIVAJI INTERNATIONAL, IN",19.088686,72.867919,11.27,30.0,1007.0,79.18,30.0,1007.0,79.18,0,NONE,NONE,NORMAL,0.0
2023-05-14T20:00:00Z,43057099999,"BOMBAY COLABA, IN",18.9,72.8166666,11.0,31.51,1008.39,71.27,31.51,1008.39,71.27,0,NONE,NONE,NORMAL,0.0
2023-05-14T20:00:00Z,43063099999,"PUNE, IN",18.5333333,73.85,558.0,25.73,1006.37,60.28,25.73,1006.37,60.28,0,NONE,NONE,NORMAL,0.0
2023-05-14T21:00:00Z,42921099999,"NASIK CITY, IN",19.9666666,73.8166666,598.0,24.7,1002.8,78.44,24.7,1002.8,78.44,0,NONE,NONE,NORMAL,0.0
2023-05-14T21:00:00Z,43003099999,"CHHATRAPATI SHIVAJI INTERNATIONAL, IN",19.088686,72.867919,11.27,30.0,1007.4,75.5,30.0,1007.4,75.5,0,NONE,NONE,NORMAL,0.0
2023-05-14T21:00:00Z,43057099999,"BOMBAY COLABA, IN",18.9,72.8166666,11.0,31.32,1008.68,71.86,31.32,1008.68,71.86,0,NONE,NONE,NORMAL,0.0
2023-05-14T21:00:00Z,43063099999,"PUNE, IN",18.5333333,73.85,558.0,25.2,1005.8,61.18,25.2,1005.8,61.18,0,NONE,NONE,NORMAL,0.0
2023-05-14T22:00:00Z,42921099999,"NASIK CITY, IN",19.9666666,73.8166666,598.0,24.67,1002.97,79.73,24.67,1002.97,79.73,0,NONE,NONE,NORMAL,0.0
2023-05-14T22:00:00Z,43003099999,"CHHATRAPATI SHIVAJI INTERNATIONAL, IN",19.088686,72.867919,11.27,30.0,1007.0,79.18,30.0,1007.0,79.18,0,NONE,NONE,NORMAL,0.0
2023-05-14T22:00:00Z,43057099999,"BOMBAY COLABA, IN",18.9,72.8166666,11.0,31.13,1008.97,72.46,31.13,1008.97,72.46,0,NONE,NONE,NORMAL,0.0
2023-05-14T22:00:00Z,43063099999,"PUNE, IN",18.5333333,73.85,558.0,24.93,1006.53,67.18,24.93,1006.53,67.18,0,NONE,NONE,NORMAL,0.0
2023-05-14T23:00:00Z,42921099999,"NASIK CITY, IN",19.9666666,73.8166666,598.0,24.63,1003.13,81.04,24.63,1003.13,81.04,0,NONE,NONE,NORMAL,0.0
2023-05-14T23:00:00Z,43003099999,"CHHATRAPATI SHIVAJI INTERNATIONAL, IN",19.088686,72.867919,11.27,30.0,1007.0,79.18,30.0,1007.0,79.18,0,NONE,NONE,NORMAL,0.0
2023-05-14T23:00:00Z,43057099999,"BOMBAY COLABA, IN",18.9,72.8166666,11.0,30.95,1009.25,73.06,30.95,1009.25,73.06,0,NONE,NONE,NORMAL,0.0
2023-05-14T23:00:00Z,43063099999,"PUNE, IN",18.5333333,73.85,558.0,24.67,1007.27,73.72,24.67,1007.27,73.72,0,NONE,NONE,NORMAL,0.0
2023-05-15T00:00:00Z,42921099999,"NASIK CITY, IN",19.9666666,73.8166666,598.0,24.6,1003.3,82.38,24.6,1003.3,82.38,0,NONE,NONE,NORMAL,0.0
2023-05-15T00:00:00Z,43003099999,"CHHATRAPATI SHIVAJI INTERNATIONAL, IN",19.088686,72.867919,11.27,29.4,1007.9,79.09,29.4,1007.9,79.09,0,NONE,NONE,NORMAL,0.0
2023-05-15T00:00:00Z,43057099999,"BOMBAY COLABA, IN",18.9,72.8166666,11.0,30.76,1009.54,73.67,30.76,1009.54,73.67,0,NONE,NONE,NORMAL,0.0
2023-05-15T00:00:00Z,43063099999,"PUNE, IN",18.5333333,73.85,558.0,24.4,1008.0,80.85,24.4,1008.0,80.85,0,NONE,NONE,NORMAL,0.0
2023-05-15T01:00:00Z,42921099999,"NASIK CITY, IN",19.9666666,73.8166666,598.0,25.63,1004.03,76.51,25.63,1004.03,76.51,0,NONE,NONE,NORMAL,0.0
2023-05-15T01:00:00Z,43003099999,"CHHATRAPATI SHIVAJI INTERNATIONAL, IN",19.088686,72.867919,11.27,30.0,1008.0,79.18,30.0,1008.0,79.18,0,NONE,NONE,NORMAL,0.0
2023-05-15T01:00:00Z,43057099999,"BOMBAY COLABA, IN",18.9,72.8166666,11.0,30.57,1009.83,74.28,30.57,1009.83,74.28,0,NONE,NONE,NORMAL,0.0
2023-05-15T01:00:00Z,43063099999,"PUNE, IN",18.5333333,73.85,558.0,25.4,1008.5,76.32,25.4,1008.5,76.32,0,NONE,NONE,NORMAL,0.0
2023-05-15T02:00:00Z,42921099999,"NASIK CITY, IN",19.9666666,73.8166666,598.0,26.67,1004.77,71.09,26.67,1004.77,71.09,0,NONE,NONE,NORMAL,0.0
2023-05-15T02:00:00Z,43003099999,"CHHATRAPATI SHIVAJI INTERNATIONAL, IN",19.088686,72.867919,11.27,30.0,1009.0,79.18,30.0,1009.0,79.18,0,NONE,NONE,NORMAL,0.0
2023-05-15T02:00:00Z,43057099999,"BOMBAY COLABA, IN",18.9,72.8166666,11.0,30.39,1010.11,74.91,30.39,1010.11,74.91,0,NONE,NONE,NORMAL,0.0
2023-05-15T02:00:00Z,43063099999,"PUNE, IN",18.5333333,73.85,558.0,26.4,1009.0,72.07,26.4,1009.0,72.07,0,NONE,NONE,NORMAL,0.0
2023-05-15T03:00:00Z,42921099999,"NASIK CITY, IN",19.9666666,73.8166666,598.0,27.7,1005.5,66.09,27.7,1005.5,66.09,0,NONE,NONE,NORMAL,0.0
2023-05-15T03:00:00Z,43003099999,"CHHATRAPATI SHIVAJI INTERNATIONAL, IN",19.088686,72.867919,11.27,30.8,1010.2,72.98,30.8,1010.2,72.98,0,NONE,NONE,NORMAL,0.0
2023-05-15T03:00:00Z,43057099999,"BOMBAY COLABA, IN",18.9,72.8166666,11.0,30.2,1010.4,75.53,30.2,1010.4,75.53,0,NONE,NONE,NORMAL,0.0
2023-05-15T03:00:00Z,43063099999,"PUNE, IN",18.5333333,73.85,558.0,27.4,1009.5,68.09,27.4,1009.5,68.09,0,NONE,NONE,NORMAL,0.0
2023-05-15T04:00:00Z,42921099999,"NASIK CITY, IN",19.9666666,73.8166666,598.0,29.13,1005.13,59.44,29.13,1005.13,59.44,0,NONE,NONE,NORMAL,0.0
2023-05-15T04:00:00Z,43003099999,"CHHATRAPATI SHIVAJI INTERNATIONAL, IN",19.088686,72.867919,11.27,32.0,1011.0,66.55,32.0,1011.0,66.55,0,NONE,NONE,NORMAL,0.0
2023-05-15T04:00:00Z,43057099999,"BOMBAY COLABA, IN",18.9,72.8166666,11.0,30.44,1010.08,74.33,30.44,1010.08,74.33,0,NONE,NONE,NORMAL,0.0
2023-05-15T04:00:00Z,43063099999,"PUNE, IN",18.5333333,73.85,558.0,29.33,1009.17,60.22,29.33,1009.17,60.22,0,NONE,NONE,NORMAL,0.0
2023-05-15T05:00:00Z,42921099999,"NASIK CITY, IN",19.9666666,73.8166666,598.0,30.57,1004.77,53.5,30.57,1004.77,53.5,0,NONE,NONE,NORMAL,0.0
2023-05-15T05:00:00Z,43003099999,"CHHATRAPATI SHIVAJI INTERNATIONAL, IN",19.088686,72.867919,11.27,33.0,1011.0,62.9,33.0,1011.0,62.9,0,NONE,NONE,NORMAL,0.0
2023-05-15T05:00:00Z,43057099999,"BOMBAY COLABA, IN",18.9,72.8166666,11.0,30.69,1009.76,73.15,30.69,1009.76,73.15,0,NONE,NONE,NORMAL,0.0
2023-05-15T05:00:00Z,43063099999,"PUNE, IN",18.5333333,73.85,558.0,31.27,1008.83,53.35,31.27,1008.83,53.35,0,NONE,NONE,NORMAL,0.0
2023-05-15T06:00:00Z,42921099999,"NASIK CITY, IN",19.9666666,73.8166666,598.0,32.0,1004.4,48.2,32.0,1004.4,48.2,0,NONE,NONE,NORMAL,0.0
2023-05-15T06:00:00Z,43003099999,"CHHATRAPATI SHIVAJI INTERNATIONAL, IN",19.088686,72.867919,11.27,34.0,1010.8,59.47,34.0,1010.8,59.47,0,NONE,NONE,NORMAL,0.0
2023-05-15T06:00:00Z,43057099999,"BOMBAY COLABA, IN",18.9,72.8166666,11.0,30.93,1009.43,71.99,30.93,1009.43,71.99,0,NONE,NONE,NORMAL,0.0
2023-05-15T06:00:00Z,43063099999,"PUNE, IN",18.5333333,73.85,558.0,33.2,1008.5,47.33,33.2,1008.5,47.33,0,NONE,NONE,NORMAL,0.0
2023-05-15T07:00:00Z,42921099999,"NASIK CITY, IN",19.9666666,73.8166666,598.0,33.0,1003.47,43.7,33.0,1003.47,43.7,0,NONE,NONE,NORMAL,0.0
2023-05-15T07:00:00Z,43003099999,"CHHATRAPATI SHIVAJI INTERNATIONAL, IN",19.088686,72.867919,11.27,33.0,1010.0,66.75,33.0,1010.0,66.75,0,NONE,NONE,NORMAL,0.0
2023-05-15T07:00:00Z,43057099999,"BOMBAY COLABA, IN",18.9,72.8166666,11.0,31.18,1009.11,70.86,31.18,1009.11,70.86,0,NONE,NONE,NORMAL,0.0
2023-05-15T07:00:00Z,43063099999,"PUNE, IN",18.5333333,73.85,558.0,33.87,1007.53,41.19,33.87,1007.53,41.19,0,NONE,NONE,NORMAL,0.0
2023-05-15T08:00:00Z,42921099999,"NASIK CITY, IN",19.9666666,73.8166666,598.0,34.0,1002.53,39.63,34.0,1002.53,39.63,0,NONE,NONE,NORMAL,0.0
2023-05-15T08:00:00Z,43003099999,"CHHATRAPATI SHIVAJI INTERNATIONAL, IN",19.088686,72.867919,11.27,33.0,1009.0,66.75,33.0,1009.0,66.75,0,NONE,NONE,NORMAL,0.0
2023-05-15T08:00:00Z,43057099999,"BOMBAY COLABA, IN",18.9,72.8166666,11.0,31.42,1008.79,69.74,31.42,1008.79,69.74,0,NONE,NONE,NORMAL,0.0
2023-05-15T08:00:00Z,43063099999,"PUNE, IN",18.5333333,73.85,558.0,34.53,1006.57,35.81,34.53,1006.57,35.81,0,NONE,NONE,NORMAL,0.0
2023-05-15T09:00:00Z,42921099999,"NASIK CITY, IN",19.9666666,73.8166666,598.0,35.0,1001.6,35.94,35.0,1001.6,35.94,0,NONE,NONE,NORMAL,0.0
2023-05-15T09:00:00Z,43003099999,"CHHATRAPATI SHIVAJI INTERNATIONAL, IN",19.088686,72.867919,11.27,34.2,1008.7,59.51,34.2,1008.7,59.51,0,NONE,NONE,NORMAL,0.0
2023-05-15T09:00:00Z,43057099999,"BOMBAY COLABA, IN",18.9,72.8166666,11.0,31.67,1008.47,68.64,31.67,1008.47,68.64,0,NONE,NONE,NORMAL,0.0
2023-05-15T09:00:00Z,43063099999,"PUNE, IN",18.5333333,73.85,558.0,35.2,1005.6,31.1,35.2,1005.6,31.1,0,NONE,NONE,NORMAL,0.0
2023-05-15T10:00:00Z,42921099999,"NASIK CITY, IN",19.9666666,73.8166666,598.0,34.87,1001.17,32.71,34.87,1001.17,32.71,0,NONE,NONE,NORMAL,0.0
2023-05-15T10:00:00Z,43003099999,"CHHATRAPATI SHIVAJI INTERNATIONAL, IN",19.088686,72.867919,11.27,32.0,1008.0,66.55,32.0,1008.0,66.55,0,NONE,NONE,NORMAL,0.0
2023-05-15T10:00:00Z,43057099999,"BOMBAY COLABA, IN",18.9,72.8166666,11.0,31.91,1008.14,67.56,31.91,1008.14,67.56,0,NONE,NONE,NORMAL,0.0
2023-05-15T10:00:00Z,43063099999,"PUNE, IN",18.5333333,73.85,558.0,34.93,1005.27,32.18,34.93,1005.27,32.18,0,NONE,NONE,NORMAL,0.0
2023-05-15T11:00:00Z,42921099999,"NASIK CITY, IN",19.9666666,73.8166666,598.0,34.73,1000.73,29.74,-999.0,-999.0,-999.0,1,DROPOUT,MULTIPLE,NORMAL,1.0
2023-05-15T11:00:00Z,43003099999,"CHHATRAPATI SHIVAJI INTERNATIONAL, IN",19.088686,72.867919,11.27,32.0,1007.0,70.63,32.0,1007.0,70.63,0,NONE,NONE,NORMAL,0.0
2023-05-15T11:00:00Z,43057099999,"BOMBAY COLABA, IN",18.9,72.8166666,11.0,32.16,1007.82,66.5,32.16,1007.82,66.5,0,NONE,NONE,NORMAL,0.0
2023-05-15T11:00:00Z,43063099999,"PUNE, IN",18.5333333,73.85,558.0,34.67,1004.93,33.29,34.67,1004.93,33.29,0,NONE,NONE,NORMAL,0.0
2023-05-15T12:00:00Z,42921099999,"NASIK CITY, IN",19.9666666,73.8166666,598.0,34.6,1000.3,27.0,-999.0,-999.0,-999.0,1,DROPOUT,MULTIPLE,NORMAL,1.0
2023-05-15T12:00:00Z,43003099999,"CHHATRAPATI SHIVAJI INTERNATIONAL, IN",19.088686,72.867919,11.27,32.0,1007.0,70.63,32.0,1007.0,70.63,0,NONE,NONE,NORMAL,0.0
2023-05-15T12:00:00Z,43057099999,"BOMBAY COLABA, IN",18.9,72.8166666,11.0,32.4,1007.5,65.45,32.4,1007.5,65.45,0,NONE,NONE,NORMAL,0.0
2023-05-15T12:00:00Z,43063099999,"PUNE, IN",18.5333333,73.85,558.0,34.4,1004.6,34.44,34.4,1004.6,34.44,0,NONE,NONE,NORMAL,0.0
2023-05-15T13:00:00Z,42921099999,"NASIK CITY, IN",19.9666666,73.8166666,598.0,32.73,1001.37,34.06,-999.0,-999.0,-999.0,1,DROPOUT,MULTIPLE,NORMAL,1.0
2023-05-15T13:00:00Z,43003099999,"CHHATRAPATI SHIVAJI INTERNATIONAL, IN",19.088686,72.867919,11.27,31.0,1008.0,74.77,31.0,1008.0,74.77,0,NONE,NONE,NORMAL,0.0
2023-05-15T13:00:00Z,43057099999,"BOMBAY COLABA, IN",18.9,72.8166666,11.0,32.24,1007.76,65.76,32.24,1007.76,65.76,0,NONE,NONE,NORMAL,0.0
2023-05-15T13:00:00Z,43063099999,"PUNE, IN",18.5333333,73.85,558.0,32.6,1005.63,39.75,32.6,1005.63,39.75,0,NONE,NONE,NORMAL,0.0
2023-05-15T14:00:00Z,42921099999,"NASIK CITY, IN",19.9666666,73.8166666,598.0,30.87,1002.43,42.94,-999.0,-999.0,-999.0,1,DROPOUT,MULTIPLE,NORMAL,1.0
2023-05-15T14:00:00Z,43003099999,"CHHATRAPATI SHIVAJI INTERNATIONAL, IN",19.088686,72.867919,11.27,31.0,1008.0,74.77,31.0,1008.0,74.77,0,NONE,NONE,NORMAL,0.0
2023-05-15T14:00:00Z,43057099999,"BOMBAY COLABA, IN",18.9,72.8166666,11.0,32.08,1008.02,66.07,32.08,1008.02,66.07,0,NONE,NONE,NORMAL,0.0
2023-05-15T14:00:00Z,43063099999,"PUNE, IN",18.5333333,73.85,558.0,30.8,1006.67,45.92,30.8,1006.67,45.92,0,NONE,NONE,NORMAL,0.0
2023-05-15T15:00:00Z,42921099999,"NASIK CITY, IN",19.9666666,73.8166666,598.0,29.0,1003.5,54.12,-999.0,-999.0,-999.0,1,DROPOUT,MULTIPLE,NORMAL,1.0
2023-05-15T15:00:00Z,43003099999,"CHHATRAPATI SHIVAJI INTERNATIONAL, IN",19.088686,72.867919,11.27,30.8,1008.9,72.98,30.8,1008.9,72.98,0,NONE,NONE,NORMAL,0.0
2023-05-15T15:00:00Z,43057099999,"BOMBAY COLABA, IN",18.9,72.8166666,11.0,31.92,1008.28,66.38,31.92,1008.28,66.38,0,NONE,NONE,NORMAL,0.0
2023-05-15T15:00:00Z,43063099999,"PUNE, IN",18.5333333,73.85,558.0,29.0,1007.7,53.11,29.0,1007.7,53.11,0,NONE,NONE,NORMAL,0.0
2023-05-15T16:00:00Z,42921099999,"NASIK CITY, IN",19.9666666,73.8166666,598.0,27.87,1004.07,60.76,-999.0,-999.0,-999.0,1,DROPOUT,MULTIPLE,NORMAL,1.0
2023-05-15T16:00:00Z,43003099999,"CHHATRAPATI SHIVAJI INTERNATIONAL, IN",19.088686,72.867919,11.27,30.0,1009.0,79.18,30.0,1009.0,79.18,0,NONE,NONE,NORMAL,0.0
2023-05-15T16:00:00Z,43057099999,"BOMBAY COLABA, IN",18.9,72.8166666,11.0,31.76,1008.54,66.69,31.76,1008.54,66.69,0,NONE,NONE,NORMAL,0.0
2023-05-15T16:00:00Z,43063099999,"PUNE, IN",18.5333333,73.85,558.0,27.93,1008.27,59.28,27.93,1008.27,59.28,0,NONE,NONE,NORMAL,0.0
2023-05-15T17:00:00Z,42921099999,"NASIK CITY, IN",19.9666666,73.8166666,598.0,26.73,1004.63,68.24,-999.0,-999.0,-999.0,1,DROPOUT,MULTIPLE,NORMAL,1.0
2023-05-15T17:00:00Z,43003099999,"CHHATRAPATI SHIVAJI INTERNATIONAL, IN",19.088686,72.867919,11.27,30.0,1009.5,76.86,30.0,1009.5,76.86,0,NONE,NONE,NORMAL,0.0
2023-05-15T17:00:00Z,43057099999,"BOMBAY COLABA, IN",18.9,72.8166666,11.0,31.6,1008.8,67.01,31.6,1008.8,67.01,0,NONE,NONE,NORMAL,0.0
2023-05-15T17:00:00Z,43063099999,"PUNE, IN",18.5333333,73.85,558.0,26.87,1008.83,66.19,26.87,1008.83,66.19,0,NONE,NONE,NORMAL,0.0
2023-05-15T18:00:00Z,42921099999,"NASIK CITY, IN",19.9666666,73.8166666,598.0,25.6,1005.2,76.66,-999.0,-999.0,-999.0,1,DROPOUT,MULTIPLE,NORMAL,1.0
2023-05-15T18:00:00Z,43003099999,"CHHATRAPATI SHIVAJI INTERNATIONAL, IN",19.088686,72.867919,11.27,30.4,1009.7,74.23,30.4,1009.7,74.23,0,NONE,NONE,NORMAL,0.0
2023-05-15T18:00:00Z,43057099999,"BOMBAY COLABA, IN",18.9,72.8166666,11.0,31.44,1009.06,67.32,31.44,1009.06,67.32,0,NONE,NONE,NORMAL,0.0
2023-05-15T18:00:00Z,43063099999,"PUNE, IN",18.5333333,73.85,558.0,25.8,1009.4,73.92,25.8,1009.4,73.92,0,NONE,NONE,NORMAL,0.0
2023-05-15T19:00:00Z,42921099999,"NASIK CITY, IN",19.9666666,73.8166666,598.0,25.4,1004.8,77.1,-999.0,-999.0,-999.0,1,DROPOUT,MULTIPLE,NORMAL,1.0
2023-05-15T19:00:00Z,43003099999,"CHHATRAPATI SHIVAJI INTERNATIONAL, IN",19.088686,72.867919,11.27,30.0,1009.0,79.18,30.0,1009.0,79.18,0,NONE,NONE,NORMAL,0.0
2023-05-15T19:00:00Z,43057099999,"BOMBAY COLABA, IN",18.9,72.8166666,11.0,31.28,1009.32,67.64,31.28,1009.32,67.64,0,NONE,NONE,NORMAL,0.0
2023-05-15T19:00:00Z,43063099999,"PUNE, IN",18.5333333,73.85,558.0,25.33,1009.1,75.68,25.33,1009.1,75.68,0,NONE,NONE,NORMAL,0.0
2023-05-15T20:00:00Z,42921099999,"NASIK CITY, IN",19.9666666,73.8166666,598.0,25.2,1004.4,77.55,-999.0,-999.0,-999.0,1,DROPOUT,MULTIPLE,NORMAL,1.0
2023-05-15T20:00:00Z,43003099999,"CHHATRAPATI SHIVAJI INTERNATIONAL, IN",19.088686,72.867919,11.27,30.0,1008.0,79.18,30.0,1008.0,79.18,0,NONE,NONE,NORMAL,0.0
2023-05-15T20:00:00Z,43057099999,"BOMBAY COLABA, IN",18.9,72.8166666,11.0,31.12,1009.58,67.96,31.12,1009.58,67.96,0,NONE,NONE,NORMAL,0.0
2023-05-15T20:00:00Z,43063099999,"PUNE, IN",18.5333333,73.85,558.0,24.87,1008.8,77.5,24.87,1008.8,77.5,0,NONE,NONE,NORMAL,0.0
2023-05-15T21:00:00Z,42921099999,"NASIK CITY, IN",19.9666666,73.8166666,598.0,25.0,1004.0,78.0,25.0,1004.0,78.0,0,NONE,NONE,NORMAL,0.0
2023-05-15T21:00:00Z,43003099999,"CHHATRAPATI SHIVAJI INTERNATIONAL, IN",19.088686,72.867919,11.27,30.0,1008.0,74.61,30.0,1008.0,74.61,0,NONE,NONE,NORMAL,0.0
2023-05-15T21:00:00Z,43057099999,"BOMBAY COLABA, IN",18.9,72.8166666,11.0,30.96,1009.84,68.29,30.96,1009.84,68.29,0,NONE,NONE,NORMAL,0.0
2023-05-15T21:00:00Z,43063099999,"PUNE, IN",18.5333333,73.85,558.0,24.4,1008.5,79.37,24.4,1008.5,79.37,0,NONE,NONE,NORMAL,0.0
2023-05-15T22:00:00Z,42921099999,"NASIK CITY, IN",19.9666666,73.8166666,598.0,24.73,1004.37,79.9,24.73,1004.37,79.9,0,NONE,NONE,NORMAL,0.0
2023-05-15T22:00:00Z,43003099999,"CHHATRAPATI SHIVAJI INTERNATIONAL, IN",19.088686,72.867919,11.27,30.0,1008.0,74.61,30.0,1008.0,74.61,0,NONE,NONE,NORMAL,0.0
2023-05-15T22:00:00Z,43057099999,"BOMBAY COLABA, IN",18.9,72.8166666,11.0,30.8,1010.1,68.61,30.8,1010.1,68.61,0,NONE,NONE,NORMAL,0.0
2023-05-15T22:00:00Z,43063099999,"PUNE, IN",18.5333333,73.85,558.0,24.2,1008.93,80.32,24.2,1008.93,80.32,0,NONE,NONE,NORMAL,0.0
2023-05-15T23:00:00Z,42921099999,"NASIK CITY, IN",19.9666666,73.8166666,598.0,24.47,1004.73,81.86,24.47,1004.73,81.86,0,NONE,NONE,NORMAL,0.0
2023-05-15T23:00:00Z,43003099999,"CHHATRAPATI SHIVAJI INTERNATIONAL, IN",19.088686,72.867919,11.27,30.0,1008.0,79.18,30.0,1008.0,79.18,0,NONE,NONE,NORMAL,0.0
2023-05-15T23:00:00Z,43057099999,"BOMBAY COLABA, IN",18.9,72.8166666,11.0,30.64,1010.36,68.94,30.64,1010.36,68.94,0,NONE,NONE,NORMAL,0.0
2023-05-15T23:00:00Z,43063099999,"PUNE, IN",18.5333333,73.85,558.0,24.0,1009.37,81.3,24.0,1009.37,81.3,0,NONE,NONE,NORMAL,0.0
2023-05-16T00:00:00Z,42921099999,"NASIK CITY, IN",19.9666666,73.8166666,598.0,24.2,1005.1,83.86,24.2,1005.1,83.86,0,NONE,NONE,NORMAL,0.0
2023-05-16T00:00:00Z,43003099999,"CHHATRAPATI SHIVAJI INTERNATIONAL, IN",19.088686,72.867919,11.27,29.8,1009.2,75.47,29.8,1009.2,75.47,0,NONE,NONE,NORMAL,0.0
2023-05-16T00:00:00Z,43057099999,"BOMBAY COLABA, IN",18.9,72.8166666,11.0,30.48,1010.62,69.27,30.48,1010.62,69.27,0,NONE,NONE,NORMAL,0.0
2023-05-16T00:00:00Z,43063099999,"PUNE, IN",18.5333333,73.85,558.0,23.8,1009.8,82.28,23.8,1009.8,82.28,0,NONE,NONE,NORMAL,0.0
2023-05-16T01:00:00Z,42921099999,"NASIK CITY, IN",19.9666666,73.8166666,598.0,25.33,1005.67,77.73,25.33,1005.67,77.73,0,NONE,NONE,NORMAL,0.0
2023-05-16T01:00:00Z,43003099999,"CHHATRAPATI SHIVAJI INTERNATIONAL, IN",19.088686,72.867919,11.27,30.0,1010.0,74.61,30.0,1010.0,74.61,0,NONE,NONE,NORMAL,0.0
2023-05-16T01:00:00Z,43057099999,"BOMBAY COLABA, IN",18.9,72.8166666,11.0,30.32,1010.88,69.6,30.32,1010.88,69.6,0,NONE,NONE,NORMAL,0.0
2023-05-16T01:00:00Z,43063099999,"PUNE, IN",18.5333333,73.85,558.0,25.13,1010.23,75.18,25.13,1010.23,75.18,0,NONE,NONE,NORMAL,0.0
2023-05-16T02:00:00Z,42921099999,"NASIK CITY, IN",19.9666666,73.8166666,598.0,26.47,1006.23,72.08,26.47,1006.23,72.08,0,NONE,NONE,NORMAL,0.0
2023-05-16T02:00:00Z,43003099999,"CHHATRAPATI SHIVAJI INTERNATIONAL, IN",19.088686,72.867919,11.27,31.0,1011.0,70.45,31.0,1011.0,70.45,0,NONE,NONE,NORMAL,0.0
2023-05-16T02:00:00Z,43057099999,"BOMBAY COLABA, IN",18.9,72.8166666,11.0,30.16,1011.14,69.93,30.16,1011.14,69.93,0,NONE,NONE,NORMAL,0.0
2023-05-16T02:00:00Z,43063099999,"PUNE, IN",18.5333333,73.85,558.0,26.47,1010.67,68.75,26.47,1010.67,68.75,0,NONE,NONE,NORMAL,0.0
2023-05-16T03:00:00Z,42921099999,"NASIK CITY, IN",19.9666666,73.8166666,598.0,27.6,1006.8,66.89,27.6,1006.8,66.89,0,NONE,NONE,NORMAL,0.0
2023-05-16T03:00:00Z,43003099999,"CHHATRAPATI SHIVAJI INTERNATIONAL, IN",19.088686,72.867919,11.27,31.4,1011.1,68.45,31.4,1011.1,68.45,0,NONE,NONE,NORMAL,0.0
2023-05-16T03:00:00Z,43057099999,"BOMBAY COLABA, IN",18.9,72.8166666,11.0,30.0,1011.4,70.27,30.0,1011.4,70.27,0,NONE,NONE,NORMAL,0.0
2023-05-16T03:00:00Z,43063099999,"PUNE, IN",18.5333333,73.85,558.0,27.8,1011.1,62.92,27.8,1011.1,62.92,0,NONE,NONE,NORMAL,0.0
2023-05-16T04:00:00Z,42921099999,"NASIK CITY, IN",19.9666666,73.8166666,598.0,28.93,1006.43,58.91,28.93,1006.43,58.91,0,NONE,NONE,NORMAL,0.0
2023-05-16T04:00:00Z,43003099999,"CHHATRAPATI SHIVAJI INTERNATIONAL, IN",19.088686,72.867919,11.27,32.0,1012.0,66.55,32.0,1012.0,66.55,0,NONE,NONE,NORMAL,0.0
2023-05-16T04:00:00Z,43057099999,"BOMBAY COLABA, IN",18.9,72.8166666,11.0,30.33,1011.18,69.03,30.33,1011.18,69.03,0,NONE,NONE,NORMAL,0.0
2023-05-16T04:00:00Z,43063099999,"PUNE, IN",18.5333333,73.85,558.0,29.67,1010.7,53.06,29.67,1010.7,53.06,0,NONE,NONE,NORMAL,0.0
2023-05-16T05:00:00Z,42921099999,"NASIK CITY, IN",19.9666666,73.8166666,598.0,30.27,1006.07,51.9,30.27,1006.07,51.9,0,NONE,NONE,NORMAL,0.0
2023-05-16T05:00:00Z,43003099999,"CHHATRAPATI SHIVAJI INTERNATIONAL, IN",19.088686,72.867919,11.27,33.0,1012.0,62.9,33.0,1012.0,62.9,0,NONE,NONE,NORMAL,0.0
2023-05-16T05:00:00Z,43057099999,"BOMBAY COLABA, IN",18.9,72.8166666,11.0,30.67,1010.96,67.81,30.67,1010.96,67.81,0,NONE,NONE,NORMAL,0.0
2023-05-16T05:00:00Z,43063099999,"PUNE, IN",18.5333333,73.85,558.0,31.53,1010.3,44.78,31.53,1010.3,44.78,0,NONE,NONE,NORMAL,0.0
2023-05-16T06:00:00Z,42921099999,"NASIK CITY, IN",19.9666666,73.8166666,598.0,31.6,1005.7,45.75,31.6,1005.7,45.75,0,NONE,NONE,NORMAL,0.0
2023-05-16T06:00:00Z,43003099999,"CHHATRAPATI SHIVAJI INTERNATIONAL, IN",19.088686,72.867919,11.27,33.0,1012.0,66.75,33.0,1012.0,66.75,0,NONE,NONE,NORMAL,0.0
2023-05-16T06:00:00Z,43057099999,"BOMBAY COLABA, IN",18.9,72.8166666,11.0,31.0,1010.73,66.62,31.0,1010.73,66.62,0,NONE,NONE,NORMAL,0.0
2023-05-16T06:00:00Z,43063099999,"PUNE, IN",18.5333333,73.85,558.0,33.4,1009.9,37.84,33.4,1009.9,37.84,0,NONE,NONE,NORMAL,0.0
2023-05-16T07:00:00Z,42921099999,"NASIK CITY, IN",19.9666666,73.8166666,598.0,32.57,1004.73,40.07,32.57,1004.73,40.07,0,NONE,NONE,NORMAL,0.0
2023-05-16T07:00:00Z,43003099999,"CHHATRAPATI SHIVAJI INTERNATIONAL, IN",19.088686,72.867919,11.27,33.0,1011.0,62.9,33.0,1011.0,62.9,0,NONE,NONE,NORMAL,0.0
2023-05-16T07:00:00Z,43057099999,"BOMBAY COLABA, IN",18.9,72.8166666,11.0,31.33,1010.51,65.45,31.33,1010.51,65.45,0,NONE,NONE,NORMAL,0.0
2023-05-16T07:00:00Z,43063099999,"PUNE, IN",18.5333333,73.85,558.0,34.0,1008.9,34.77,34.0,1008.9,34.77,0,NONE,NONE,NORMAL,0.0
2023-05-16T08:00:00Z,42921099999,"NASIK CITY, IN",19.9666666,73.8166666,598.0,33.53,1003.77,35.09,33.53,1003.77,35.09,0,NONE,NONE,NORMAL,0.0
2023-05-16T08:00:00Z,43003099999,"CHHATRAPATI SHIVAJI INTERNATIONAL, IN",19.088686,72.867919,11.27,34.0,1010.0,59.47,34.0,1010.0,59.47,0,NONE,NONE,NORMAL,0.0
2023-05-16T08:00:00Z,43057099999,"BOMBAY COLABA, IN",18.9,72.8166666,11.0,31.67,1010.29,64.31,31.67,1010.29,64.31,0,NONE,NONE,NORMAL,0.0
2023-05-16T08:00:00Z,43063099999,"PUNE, IN",18.5333333,73.85,558.0,34.6,1007.9,31.95,34.6,1007.9,31.95,0,NONE,NONE,NORMAL,0.0
2023-05-16T09:00:00Z,42921099999,"NASIK CITY, IN",19.9666666,73.8166666,598.0,34.5,1002.8,30.72,34.5,1002.8,30.72,0,NONE,NONE,NORMAL,0.0
2023-05-16T09:00:00Z,43003099999,"CHHATRAPATI SHIVAJI INTERNATIONAL, IN",19.088686,72.867919,11.27,34.2,1010.1,59.51,34.2,1010.1,59.51,0,NONE,NONE,NORMAL,0.0
2023-05-16T09:00:00Z,43057099999,"BOMBAY COLABA, IN",18.9,72.8166666,11.0,32.0,1010.07,63.19,32.0,1010.07,63.19,0,NONE,NONE,NORMAL,0.0
2023-05-16T09:00:00Z,43063099999,"PUNE, IN",18.5333333,73.85,558.0,35.2,1006.9,29.35,35.2,1006.9,29.35,0,NONE,NONE,NORMAL,0.0
2023-05-16T10:00:00Z,42921099999,"NASIK CITY, IN",19.9666666,73.8166666,598.0,34.0,1002.83,29.93,34.0,1002.83,29.93,0,NONE,NONE,NORMAL,0.0
2023-05-16T10:00:00Z,43003099999,"CHHATRAPATI SHIVAJI INTERNATIONAL, IN",19.088686,72.867919,11.27,32.5,1009.5,66.65,32.5,1009.5,66.65,0,NONE,NONE,NORMAL,0.0
2023-05-16T10:00:00Z,43057099999,"BOMBAY COLABA, IN",18.9,72.8166666,11.0,32.33,1009.84,62.09,32.33,1009.84,62.09,0,NONE,NONE,NORMAL,0.0
2023-05-16T10:00:00Z,43063099999,"PUNE, IN",18.5333333,73.85,558.0,34.73,1006.9,30.19,34.73,1006.9,30.19,0,NONE,NONE,NORMAL,0.0
2023-05-16T11:00:00Z,42921099999,"NASIK CITY, IN",19.9666666,73.8166666,598.0,33.5,1002.87,29.15,33.5,1002.87,29.15,0,NONE,NONE,NORMAL,0.0
2023-05-16T11:00:00Z,43003099999,"CHHATRAPATI SHIVAJI INTERNATIONAL, IN",19.088686,72.867919,11.27,32.0,1009.0,70.63,32.0,1009.0,70.63,0,NONE,NONE,NORMAL,0.0
2023-05-16T11:00:00Z,43057099999,"BOMBAY COLABA, IN",18.9,72.8166666,11.0,32.67,1009.62,61.01,32.67,1009.62,61.01,0,NONE,NONE,NORMAL,0.0
2023-05-16T11:00:00Z,43063099999,"PUNE, IN",18.5333333,73.85,558.0,34.27,1006.9,31.05,34.27,1006.9,31.05,0,NONE,NONE,NORMAL,0.0
2023-05-16T12:00:00Z,42921099999,"NASIK CITY, IN",19.9666666,73.8166666,598.0,33.0,1002.9,28.39,33.0,1002.9,28.39,0,NONE,NONE,NORMAL,0.0
2023-05-16T12:00:00Z,43003099999,"CHHATRAPATI SHIVAJI INTERNATIONAL, IN",19.088686,72.867919,11.27,33.4,1009.3,61.13,33.4,1009.3,61.13,0,NONE,NONE,NORMAL,0.0
2023-05-16T12:00:00Z,43057099999,"BOMBAY COLABA, IN",18.9,72.8166666,11.0,33.0,1009.4,59.96,33.0,1009.4,59.96,0,NONE,NONE,NORMAL,0.0
2023-05-16T12:00:00Z,43063099999,"PUNE, IN",18.5333333,73.85,558.0,33.8,1006.9,31.94,33.8,1006.9,31.94,0,NONE,NONE,NORMAL,0.0
2023-05-16T13:00:00Z,42921099999,"NASIK CITY, IN",19.9666666,73.8166666,598.0,31.5,1003.73,34.83,31.5,1003.73,34.83,0,NONE,NONE,NORMAL,0.0
2023-05-16T13:00:00Z,43003099999,"CHHATRAPATI SHIVAJI INTERNATIONAL, IN",19.088686,72.867919,11.27,31.0,1010.0,74.77,31.0,1010.0,74.77,0,NONE,NONE,NORMAL,0.0
2023-05-16T13:00:00Z,43057099999,"BOMBAY COLABA, IN",18.9,72.8166666,11.0,32.77,1009.55,60.49,32.77,1009.55,60.49,0,NONE,NONE,NORMAL,0.0
2023-05-16T13:00:00Z,43063099999,"PUNE, IN",18.5333333,73.85,558.0,32.07,1007.9,37.15,32.07,1007.9,37.15,0,NONE,NONE,NORMAL,0.0
2023-05-16T14:00:00Z,42921099999,"NASIK CITY, IN",19.9666666,73.8166666,598.0,30.0,1004.57,42.7,30.0,1004.57,42.7,0,NONE,NONE,NORMAL,0.0
2023-05-16T14:00:00Z,43003099999,"CHHATRAPATI SHIVAJI INTERNATIONAL, IN",19.088686,72.867919,11.27,31.0,1010.0,74.77,31.0,1010.0,74.77,0,NONE,NONE,NORMAL,0.0
2023-05-16T14:00:00Z,43057099999,"BOMBAY COLABA, IN",18.9,72.8166666,11.0,32.55,1009.71,61.02,32.55,1009.71,61.02,0,NONE,NONE,NORMAL,0.0
2023-05-16T14:00:00Z,43063099999,"PUNE, IN",18.5333333,73.85,558.0,30.33,1008.9,43.25,30.33,1008.9,43.25,0,NONE,NONE,NORMAL,0.0
2023-05-16T15:00:00Z,42921099999,"NASIK CITY, IN",19.9666666,73.8166666,598.0,28.5,1005.4,52.32,28.5,1005.4,52.32,0,NONE,NONE,NORMAL,0.0
2023-05-16T15:00:00Z,43003099999,"CHHATRAPATI SHIVAJI INTERNATIONAL, IN",19.088686,72.867919,11.27,31.0,1010.7,69.2,31.0,1010.7,69.2,0,NONE,NONE,NORMAL,0.0
2023-05-16T15:00:00Z,43057099999,"BOMBAY COLABA, IN",18.9,72.8166666,11.0,32.32,1009.86,61.56,32.32,1009.86,61.56,0,NONE,NONE,NORMAL,0.0
2023-05-16T15:00:00Z,43063099999,"PUNE, IN",18.5333333,73.85,558.0,28.6,1009.9,50.4,28.6,1009.9,50.4,0,NONE,NONE,NORMAL,0.0
2023-05-16T16:00:00Z,42921099999,"NASIK CITY, IN",19.9666666,73.8166666,598.0,27.67,1006.03,58.0,27.67,1006.03,58.0,0,NONE,NONE,NORMAL,0.0
2023-05-16T16:00:00Z,43003099999,"CHHATRAPATI SHIVAJI INTERNATIONAL, IN",19.088686,72.867919,11.27,31.0,1011.0,74.77,31.0,1011.0,74.77,0,NONE,NONE,NORMAL,0.0
2023-05-16T16:00:00Z,43057099999,"BOMBAY COLABA, IN",18.9,72.8166666,11.0,32.09,1010.01,62.1,32.09,1010.01,62.1,0,NONE,NONE,NORMAL,0.0
2023-05-16T16:00:00Z,43063099999,"PUNE, IN",18.5333333,73.85,558.0,27.6,1010.43,56.08,27.6,1010.43,56.08,0,NONE,NONE,NORMAL,0.0
2023-05-16T17:00:00Z,42921099999,"NASIK CITY, IN",19.9666666,73.8166666,598.0,26.83,1006.67,64.29,26.83,1006.67,64.29,0,NONE,NONE,NORMAL,0.0
2023-05-16T17:00:00Z,43003099999,"CHHATRAPATI SHIVAJI INTERNATIONAL, IN",19.088686,72.867919,11.27,31.0,1012.0,72.58,31.0,1012.0,72.58,0,NONE,NONE,NORMAL,0.0
2023-05-16T17:00:00Z,43057099999,"BOMBAY COLABA, IN",18.9,72.8166666,11.0,31.87,1010.17,62.65,31.87,1010.17,62.65,0,NONE,NONE,NORMAL,0.0
2023-05-16T17:00:00Z,43063099999,"PUNE, IN",18.5333333,73.85,558.0,26.6,1010.97,62.4,26.6,1010.97,62.4,0,NONE,NONE,NORMAL,0.0
2023-05-16T18:00:00Z,42921099999,"NASIK CITY, IN",19.9666666,73.8166666,598.0,26.0,1007.3,71.26,26.0,1007.3,71.26,0,NONE,NONE,NORMAL,0.0
2023-05-16T18:00:00Z,43003099999,"CHHATRAPATI SHIVAJI INTERNATIONAL, IN",19.088686,72.867919,11.27,30.5,1011.6,71.21,30.5,1011.6,71.21,0,NONE,NONE,NORMAL,0.0
2023-05-16T18:00:00Z,43057099999,"BOMBAY COLABA, IN",18.9,72.8166666,11.0,31.64,1010.32,63.21,31.64,1010.32,63.21,0,NONE,NONE,NORMAL,0.0
2023-05-16T18:00:00Z,43063099999,"PUNE, IN",18.5333333,73.85,558.0,25.6,1011.5,69.45,25.6,1011.5,69.45,0,NONE,NONE,NORMAL,0.0
2023-05-16T19:00:00Z,42921099999,"NASIK CITY, IN",19.9666666,73.8166666,598.0,25.5,1006.57,75.09,25.5,1006.57,75.09,0,NONE,NONE,NORMAL,0.0
2023-05-16T19:00:00Z,43003099999,"CHHATRAPATI SHIVAJI INTERNATIONAL, IN",19.088686,72.867919,11.27,30.0,1011.0,79.18,30.0,1011.0,79.18,0,NONE,NONE,NORMAL,0.0
2023-05-16T19:00:00Z,43057099999,"BOMBAY COLABA, IN",18.9,72.8166666,11.0,31.41,1010.47,63.78,31.41,1010.47,63.78,0,NONE,NONE,NORMAL,0.0
2023-05-16T19:00:00Z,43063099999,"PUNE, IN",18.5333333,73.85,558.0,25.13,1010.87,71.55,25.13,1010.87,71.55,0,NONE,NONE,NORMAL,0.0
2023-05-16T20:00:00Z,42921099999,"NASIK CITY, IN",19.9666666,73.8166666,598.0,25.0,1005.83,79.12,25.0,1005.83,79.12,0,NONE,NONE,NORMAL,0.0
2023-05-16T20:00:00Z,43003099999,"CHHATRAPATI SHIVAJI INTERNATIONAL, IN",19.088686,72.867919,11.27,30.0,1010.0,74.61,30.0,1010.0,74.61,0,NONE,NONE,NORMAL,0.0
2023-05-16T20:00:00Z,43057099999,"BOMBAY COLABA, IN",18.9,72.8166666,11.0,31.19,1010.63,64.35,31.19,1010.63,64.35,0,NONE,NONE,NORMAL,0.0
2023-05-16T20:00:00Z,43063099999,"PUNE, IN",18.5333333,73.85,558.0,24.67,1010.23,73.72,24.67,1010.23,73.72,0,NONE,NONE,NORMAL,0.0
2023-05-16T21:00:00Z,42921099999,"NASIK CITY, IN",19.9666666,73.8166666,598.0,24.5,1005.1,83.38,24.5,1005.1,83.38,0,NONE,NONE,NORMAL,0.0
2023-05-16T21:00:00Z,43003099999,"CHHATRAPATI SHIVAJI INTERNATIONAL, IN",19.088686,72.867919,11.27,29.8,1009.4,76.83,29.8,1009.4,76.83,0,NONE,NONE,NORMAL,0.0
2023-05-16T21:00:00Z,43057099999,"BOMBAY COLABA, IN",18.9,72.8166666,11.0,30.96,1010.78,64.92,30.96,1010.78,64.92,0,NONE,NONE,NORMAL,0.0
2023-05-16T21:00:00Z,43063099999,"PUNE, IN",18.5333333,73.85,558.0,24.2,1009.6,75.97,24.2,1009.6,75.97,0,NONE,NONE,NORMAL,0.0
2023-05-16T22:00:00Z,42921099999,"NASIK CITY, IN",19.9666666,73.8166666,598.0,24.2,1005.2,84.38,24.2,1005.2,84.38,0,NONE,NONE,NORMAL,0.0
2023-05-16T22:00:00Z,43003099999,"CHHATRAPATI SHIVAJI INTERNATIONAL, IN",19.088686,72.867919,11.27,30.0,1009.0,74.61,30.0,1009.0,74.61,0,NONE,NONE,NORMAL,0.0
2023-05-16T22:00:00Z,43057099999,"BOMBAY COLABA, IN",18.9,72.8166666,11.0,30.73,1010.93,65.51,30.73,1010.93,65.51,0,NONE,NONE,NORMAL,0.0
2023-05-16T22:00:00Z,43063099999,"PUNE, IN",18.5333333,73.85,558.0,23.67,1009.83,78.29,23.67,1009.83,78.29,1,FROZEN,RH,NORMAL,1.0
2023-05-16T23:00:00Z,42921099999,"NASIK CITY, IN",19.9666666,73.8166666,598.0,23.9,1005.3,85.39,23.9,1005.3,85.39,0,NONE,NONE,NORMAL,0.0
2023-05-16T23:00:00Z,43003099999,"CHHATRAPATI SHIVAJI INTERNATIONAL, IN",19.088686,72.867919,11.27,30.0,1009.0,74.61,30.0,1009.0,74.61,0,NONE,NONE,NORMAL,0.0
2023-05-16T23:00:00Z,43057099999,"BOMBAY COLABA, IN",18.9,72.8166666,11.0,30.51,1011.09,66.09,30.51,1011.09,66.09,0,NONE,NONE,NORMAL,0.0
2023-05-16T23:00:00Z,43063099999,"PUNE, IN",18.5333333,73.85,558.0,23.13,1010.07,80.68,23.13,1010.07,78.29,1,FROZEN,RH,NORMAL,1.0
2023-05-17T00:00:00Z,42921099999,"NASIK CITY, IN",19.9666666,73.8166666,598.0,23.6,1005.4,86.41,23.6,1005.4,86.41,0,NONE,NONE,NORMAL,0.0
2023-05-17T00:00:00Z,43003099999,"CHHATRAPATI SHIVAJI INTERNATIONAL, IN",19.088686,72.867919,11.27,30.0,1009.0,74.61,30.0,1009.0,74.61,0,NONE,NONE,NORMAL,0.0
2023-05-17T00:00:00Z,43057099999,"BOMBAY COLABA, IN",18.9,72.8166666,11.0,30.28,1011.24,66.69,30.28,1011.24,66.69,0,NONE,NONE,NORMAL,0.0
2023-05-17T00:00:00Z,43063099999,"PUNE, IN",18.5333333,73.85,558.0,22.6,1010.3,83.16,22.6,1010.3,78.29,1,FROZEN,RH,NORMAL,1.0
2023-05-17T01:00:00Z,42921099999,"NASIK CITY, IN",19.9666666,73.8166666,598.0,24.4,1006.07,82.02,24.4,1006.07,82.02,0,NONE,NONE,NORMAL,0.0
2023-05-17T01:00:00Z,43003099999,"CHHATRAPATI SHIVAJI INTERNATIONAL, IN",19.088686,72.867919,11.27,30.0,1010.0,74.61,30.0,1010.0,74.61,0,NONE,NONE,NORMAL,0.0
2023-05-17T01:00:00Z,43057099999,"BOMBAY COLABA, IN",18.9,72.8166666,11.0,30.05,1011.39,67.29,30.05,1011.39,67.29,0,NONE,NONE,NORMAL,0.0
2023-05-17T01:00:00Z,43063099999,"PUNE, IN",18.5333333,73.85,558.0,24.47,1010.53,72.18,24.47,1010.53,78.29,1,FROZEN,RH,NORMAL,1.0
2023-05-17T02:00:00Z,42921099999,"NASIK CITY, IN",19.9666666,73.8166666,598.0,25.2,1006.73,77.87,25.2,1006.73,77.87,0,NONE,NONE,NORMAL,0.0
2023-05-17T02:00:00Z,43003099999,"CHHATRAPATI SHIVAJI INTERNATIONAL, IN",19.088686,72.867919,11.27,30.0,1011.0,74.61,30.0,1011.0,74.61,0,NONE,NONE,NORMAL,0.0
2023-05-17T02:00:00Z,43057099999,"BOMBAY COLABA, IN",18.9,72.8166666,11.0,29.83,1011.55,67.9,29.83,1011.55,67.9,0,NONE,NONE,NORMAL,0.0
2023-05-17T02:00:00Z,43063099999,"PUNE, IN",18.5333333,73.85,558.0,26.33,1010.77,62.73,26.33,1010.77,78.29,1,FROZEN,RH,NORMAL,1.0
2023-05-17T03:00:00Z,42921099999,"NASIK CITY, IN",19.9666666,73.8166666,598.0,26.0,1007.4,73.95,26.0,1007.4,73.95,0,NONE,NONE,NORMAL,0.0
2023-05-17T03:00:00Z,43003099999,"CHHATRAPATI SHIVAJI INTERNATIONAL, IN",19.088686,72.867919,11.27,30.8,1011.3,67.93,30.8,1011.3,67.93,0,NONE,NONE,NORMAL,0.0
2023-05-17T03:00:00Z,43057099999,"BOMBAY COLABA, IN",18.9,72.8166666,11.0,29.6,1011.7,68.52,29.6,1011.7,68.52,0,NONE,NONE,NORMAL,0.0
2023-05-17T03:00:00Z,43063099999,"PUNE, IN",18.5333333,73.85,558.0,28.2,1011.0,54.6,28.2,1011.0,78.29,1,FROZEN,RH,NORMAL,1.0
2023-05-17T04:00:00Z,42921099999,"NASIK CITY, IN",19.9666666,73.8166666,598.0,28.0,1006.93,61.68,28.0,1006.93,61.68,0,NONE,NONE,NORMAL,0.0
2023-05-17T04:00:00Z,43003099999,"CHHATRAPATI SHIVAJI INTERNATIONAL, IN",19.088686,72.867919,11.27,32.0,1012.0,62.68,32.0,1012.0,62.68,0,NONE,NONE,NORMAL,0.0
2023-05-17T04:00:00Z,43057099999,"BOMBAY COLABA, IN",18.9,72.8166666,11.0,29.89,1011.37,67.98,29.89,1011.37,67.98,0,NONE,NONE,NORMAL,0.0
2023-05-17T04:00:00Z,43063099999,"PUNE, IN",18.5333333,73.85,558.0,30.33,1010.5,42.34,30.33,1010.5,78.29,1,FROZEN,RH,NORMAL,1.0
2023-05-17T05:00:00Z,42921099999,"NASIK CITY, IN",19.9666666,73.8166666,598.0,30.0,1006.47,51.51,30.0,1006.47,51.51,0,NONE,NONE,NORMAL,0.0
2023-05-17T05:00:00Z,43003099999,"CHHATRAPATI SHIVAJI INTERNATIONAL, IN",19.088686,72.867919,11.27,33.0,1012.0,62.9,33.0,1012.0,62.9,0,NONE,NONE,NORMAL,0.0
2023-05-17T05:00:00Z,43057099999,"BOMBAY COLABA, IN",18.9,72.8166666,11.0,30.18,1011.03,67.44,30.18,1011.03,67.44,0,NONE,NONE,NORMAL,0.0
2023-05-17T05:00:00Z,43063099999,"PUNE, IN",18.5333333,73.85,558.0,32.47,1010.0,32.83,32.47,1010.0,78.29,1,FROZEN,RH,NORMAL,1.0
2023-05-17T06:00:00Z,42921099999,"NASIK CITY, IN",19.9666666,73.8166666,598.0,32.0,1006.0,43.07,32.0,1006.0,43.07,0,NONE,NONE,NORMAL,0.0
2023-05-17T06:00:00Z,43003099999,"CHHATRAPATI SHIVAJI INTERNATIONAL, IN",19.088686,72.867919,11.27,33.6,1011.5,57.97,33.6,1011.5,57.97,0,NONE,NONE,NORMAL,0.0
2023-05-17T06:00:00Z,43057099999,"BOMBAY COLABA, IN",18.9,72.8166666,11.0,30.47,1010.7,66.92,30.47,1010.7,66.92,0,NONE,NONE,NORMAL,0.0
2023-05-17T06:00:00Z,43063099999,"PUNE, IN",18.5333333,73.85,558.0,34.6,1009.5,25.45,34.6,1009.5,78.29,1,FROZEN,RH,NORMAL,1.0
2023-05-17T07:00:00Z,42921099999,"NASIK CITY, IN",19.9666666,73.8166666,598.0,33.4,1004.83,35.2,33.4,1004.83,35.2,0,NONE,NONE,NORMAL,0.0
2023-05-17T07:00:00Z,43003099999,"CHHATRAPATI SHIVAJI INTERNATIONAL, IN",19.088686,72.867919,11.27,33.0,1011.0,62.9,33.0,1011.0,62.9,0,NONE,NONE,NORMAL,0.0
2023-05-17T07:00:00Z,43057099999,"BOMBAY COLABA, IN",18.9,72.8166666,11.0,30.76,1010.37,66.39,30.76,1010.37,66.39,0,NONE,NONE,NORMAL,0.0
2023-05-17T07:00:00Z,43063099999,"PUNE, IN",18.5333333,73.85,558.0,35.67,1008.23,22.85,35.67,1008.23,78.29,1,FROZEN,RH,NORMAL,1.0
2023-05-17T08:00:00Z,42921099999,"NASIK CITY, IN",19.9666666,73.8166666,598.0,34.8,1003.67,28.75,34.8,1003.67,28.75,0,NONE,NONE,NORMAL,0.0
2023-05-17T08:00:00Z,43003099999,"CHHATRAPATI SHIVAJI INTERNATIONAL, IN",19.088686,72.867919,11.27,33.0,1010.0,62.9,33.0,1010.0,62.9,0,NONE,NONE,NORMAL,0.0
2023-05-17T08:00:00Z,43057099999,"BOMBAY COLABA, IN",18.9,72.8166666,11.0,31.04,1010.03,65.88,31.04,1010.03,65.88,0,NONE,NONE,NORMAL,0.0
2023-05-17T08:00:00Z,43063099999,"PUNE, IN",18.5333333,73.85,558.0,36.73,1006.97,20.52,36.73,1006.97,78.29,1,FROZEN,RH,NORMAL,1.0
2023-05-17T09:00:00Z,42921099999,"NASIK CITY, IN",19.9666666,73.8166666,598.0,36.2,1002.5,23.45,36.2,1002.5,23.45,0,NONE,NONE,NORMAL,0.0
2023-05-17T09:00:00Z,43003099999,"CHHATRAPATI SHIVAJI INTERNATIONAL, IN",19.088686,72.867919,11.27,33.0,1009.0,62.9,33.0,1009.0,62.9,0,NONE,NONE,NORMAL,0.0
2023-05-17T09:00:00Z,43057099999,"BOMBAY COLABA, IN",18.9,72.8166666,11.0,31.33,1009.7,65.37,31.33,1009.7,65.37,0,NONE,NONE,NORMAL,0.0
2023-05-17T09:00:00Z,43063099999,"PUNE, IN",18.5333333,73.85,558.0,37.8,1005.7,18.44,37.8,1005.7,78.29,1,FROZEN,RH,NORMAL,1.0
2023-05-17T10:00:00Z,42921099999,"NASIK CITY, IN",19.9666666,73.8166666,598.0,36.0,1002.3,23.97,36.0,1002.3,23.97,0,NONE,NONE,NORMAL,0.0
2023-05-17T10:00:00Z,43003099999,"CHHATRAPATI SHIVAJI INTERNATIONAL, IN",19.088686,72.867919,11.27,33.0,1009.0,62.9,33.0,1009.0,62.9,0,NONE,NONE,NORMAL,0.0
2023-05-17T10:00:00Z,43057099999,"BOMBAY COLABA, IN",18.9,72.8166666,11.0,31.62,1009.37,64.86,31.62,1009.37,64.86,0,NONE,NONE,NORMAL,0.0
2023-05-17T10:00:00Z,43063099999,"PUNE, IN",18.5333333,73.85,558.0,37.47,1005.6,19.81,37.47,1005.6,78.29,1,FROZEN,RH,NORMAL,1.0
2023-05-17T11:00:00Z,42921099999,"NASIK CITY, IN",19.9666666,73.8166666,598.0,35.8,1002.1,24.5,35.8,1002.1,24.5,0,NONE,NONE,NORMAL,0.0
2023-05-17T11:00:00Z,43003099999,"CHHATRAPATI SHIVAJI INTERNATIONAL, IN",19.088686,72.867919,11.27,33.0,1008.0,62.9,33.0,1008.0,62.9,0,NONE,NONE,NORMAL,0.0
2023-05-17T11:00:00Z,43057099999,"BOMBAY COLABA, IN",18.9,72.8166666,11.0,31.91,1009.03,64.36,31.91,1009.03,64.36,0,NONE,NONE,NORMAL,0.0
2023-05-17T11:00:00Z,43063099999,"PUNE, IN",18.5333333,73.85,558.0,37.13,1005.5,21.27,37.13,1005.5,78.29,1,FROZEN,RH,NORMAL,1.0
2023-05-17T12:00:00Z,42921099999,"NASIK CITY, IN",19.9666666,73.8166666,598.0,35.6,1001.9,25.04,35.6,1001.9,25.04,0,NONE,NONE,NORMAL,0.0
2023-05-17T12:00:00Z,43003099999,"CHHATRAPATI SHIVAJI INTERNATIONAL, IN",19.088686,72.867919,11.27,33.2,1008.5,62.2,33.2,1008.5,62.2,0,NONE,NONE,NORMAL,0.0
2023-05-17T12:00:00Z,43057099999,"BOMBAY COLABA, IN",18.9,72.8166666,11.0,32.2,1008.7,63.87,32.2,1008.7,63.87,0,NONE,NONE,NORMAL,0.0
2023-05-17T12:00:00Z,43063099999,"PUNE, IN",18.5333333,73.85,558.0,36.8,1005.4,22.84,36.8,1005.4,78.29,1,FROZEN,RH,NORMAL,1.0
2023-05-17T13:00:00Z,42921099999,"NASIK CITY, IN",19.9666666,73.8166666,598.0,33.6,1002.93,29.05,33.6,1002.93,29.05,0,NONE,NONE,NORMAL,0.0
2023-05-17T13:00:00Z,43003099999,"CHHATRAPATI SHIVAJI INTERNATIONAL, IN",19.088686,72.867919,11.27,31.0,1009.0,70.45,31.0,1009.0,70.45,0,NONE,NONE,NORMAL,0.0
2023-05-17T13:00:00Z,43057099999,"BOMBAY COLABA, IN",18.9,72.8166666,11.0,32.01,1009.03,64.31,32.01,1009.03,64.31,0,NONE,NONE,NORMAL,0.0
2023-05-17T13:00:00Z,43063099999,"PUNE, IN",18.5333333,73.85,558.0,34.8,1006.53,29.76,34.8,1006.53,78.29,1,FROZEN,RH,NORMAL,1.0
2023-05-17T14:00:00Z,42921099999,"NASIK CITY, IN",19.9666666,73.8166666,598.0,31.6,1003.97,33.75,31.6,1003.97,33.75,0,NONE,NONE,NORMAL,0.0
2023-05-17T14:00:00Z,43003099999,"CHHATRAPATI SHIVAJI INTERNATIONAL, IN",19.088686,72.867919,11.27,31.0,1010.0,74.77,31.0,1010.0,74.77,0,NONE,NONE,NORMAL,0.0
2023-05-17T14:00:00Z,43057099999,"BOMBAY COLABA, IN",18.9,72.8166666,11.0,31.83,1009.35,64.76,31.83,1009.35,64.76,0,NONE,NONE,NORMAL,0.0
2023-05-17T14:00:00Z,43063099999,"PUNE, IN",18.5333333,73.85,558.0,32.8,1007.67,38.72,32.8,1007.67,78.29,1,FROZEN,RH,NORMAL,1.0
2023-05-17T15:00:00Z,42921099999,"NASIK CITY, IN",19.9666666,73.8166666,598.0,29.6,1005.0,39.26,29.6,1005.0,39.26,0,NONE,NONE,NORMAL,0.0
2023-05-17T15:00:00Z,43003099999,"CHHATRAPATI SHIVAJI INTERNATIONAL, IN",19.088686,72.867919,11.27,30.2,1010.1,72.88,30.2,1010.1,72.88,0,NONE,NONE,NORMAL,0.0
2023-05-17T15:00:00Z,43057099999,"BOMBAY COLABA, IN",18.9,72.8166666,11.0,31.64,1009.68,65.22,31.64,1009.68,65.22,0,NONE,NONE,NORMAL,0.0
2023-05-17T15:00:00Z,43063099999,"PUNE, IN",18.5333333,73.85,558.0,30.8,1008.8,50.34,30.8,1008.8,78.29,1,FROZEN,RH,NORMAL,1.0
2023-05-17T16:00:00Z,42921099999,"NASIK CITY, IN",19.9666666,73.8166666,598.0,28.23,1005.83,47.71,28.23,1005.83,47.71,0,NONE,NONE,NORMAL,0.0
2023-05-17T16:00:00Z,43003099999,"CHHATRAPATI SHIVAJI INTERNATIONAL, IN",19.088686,72.867919,11.27,30.0,1011.0,83.99,30.0,1011.0,83.99,0,NONE,NONE,NORMAL,0.0
2023-05-17T16:00:00Z,43057099999,"BOMBAY COLABA, IN",18.9,72.8166666,11.0,31.45,1010.01,65.68,31.45,1010.01,65.68,0,NONE,NONE,NORMAL,0.0
2023-05-17T16:00:00Z,43063099999,"PUNE, IN",18.5333333,73.85,558.0,29.53,1009.63,55.5,29.53,1009.63,55.5,0,NONE,NONE,NORMAL,0.0
2023-05-17T17:00:00Z,42921099999,"NASIK CITY, IN",19.9666666,73.8166666,598.0,26.87,1006.67,57.93,26.87,1006.67,57.93,0,NONE,NONE,NORMAL,0.0
2023-05-17T17:00:00Z,43003099999,"CHHATRAPATI SHIVAJI INTERNATIONAL, IN",19.088686,72.867919,11.27,30.0,1011.0,79.18,30.0,1011.0,79.18,0,NONE,NONE,NORMAL,0.0
2023-05-17T17:00:00Z,43057099999,"BOMBAY COLABA, IN",18.9,72.8166666,11.0,31.27,1010.33,66.14,31.27,1010.33,66.14,0,NONE,NONE,NORMAL,0.0
2023-05-17T17:00:00Z,43063099999,"PUNE, IN",18.5333333,73.85,558.0,28.27,1010.47,61.23,28.27,1010.47,61.23,0,NONE,NONE,NORMAL,0.0
2023-05-17T18:00:00Z,42921099999,"NASIK CITY, IN",19.9666666,73.8166666,598.0,25.5,1007.5,70.29,25.5,1007.5,70.29,0,NONE,NONE,NORMAL,0.0
2023-05-17T18:00:00Z,43003099999,"CHHATRAPATI SHIVAJI INTERNATIONAL, IN",19.088686,72.867919,11.27,29.8,1012.0,75.47,29.8,1012.0,75.47,0,NONE,NONE,NORMAL,0.0
2023-05-17T18:00:00Z,43057099999,"BOMBAY COLABA, IN",18.9,72.8166666,11.0,31.08,1010.66,66.61,31.08,1010.66,66.61,0,NONE,NONE,NORMAL,0.0
2023-05-17T18:00:00Z,43063099999,"PUNE, IN",18.5333333,73.85,558.0,27.0,1011.3,67.6,27.0,1011.3,67.6,0,NONE,NONE,NORMAL,0.0
2023-05-17T19:00:00Z,42921099999,"NASIK CITY, IN",19.9666666,73.8166666,598.0,24.83,1007.17,76.07,24.83,1007.17,76.07,0,NONE,NONE,NORMAL,0.0
2023-05-17T19:00:00Z,43003099999,"CHHATRAPATI SHIVAJI INTERNATIONAL, IN",19.088686,72.867919,11.27,29.0,1011.0,83.88,29.0,1011.0,83.88,0,NONE,NONE,NORMAL,0.0
2023-05-17T19:00:00Z,43057099999,"BOMBAY COLABA, IN",18.9,72.8166666,11.0,30.89,1010.99,67.08,30.89,1010.99,67.08,0,NONE,NONE,NORMAL,0.0
2023-05-17T19:00:00Z,43063099999,"PUNE, IN",18.5333333,73.85,558.0,26.33,1011.0,70.45,26.33,1011.0,70.45,0,NONE,NONE,NORMAL,0.0
2023-05-17T20:00:00Z,42921099999,"NASIK CITY, IN",19.9666666,73.8166666,598.0,24.17,1006.83,82.32,24.17,1006.83,82.32,0,NONE,NONE,NORMAL,0.0
2023-05-17T20:00:00Z,43003099999,"CHHATRAPATI SHIVAJI INTERNATIONAL, IN",19.088686,72.867919,11.27,29.0,1011.0,83.88,29.0,1011.0,83.88,0,NONE,NONE,NORMAL,0.0
2023-05-17T20:00:00Z,43057099999,"BOMBAY COLABA, IN",18.9,72.8166666,11.0,30.71,1011.31,67.56,30.71,1011.31,67.56,0,NONE,NONE,NORMAL,0.0
2023-05-17T20:00:00Z,43063099999,"PUNE, IN",18.5333333,73.85,558.0,25.67,1010.7,73.44,25.67,1010.7,73.44,0,NONE,NONE,NORMAL,0.0
2023-05-17T21:00:00Z,42921099999,"NASIK CITY, IN",19.9666666,73.8166666,598.0,23.5,1006.5,89.09,23.5,1006.5,89.09,0,NONE,NONE,NORMAL,0.0
2023-05-17T21:00:00Z,43003099999,"CHHATRAPATI SHIVAJI INTERNATIONAL, IN",19.088686,72.867919,11.27,29.2,1010.5,73.59,29.2,1010.5,73.59,0,NONE,NONE,NORMAL,0.0
2023-05-17T21:00:00Z,43057099999,"BOMBAY COLABA, IN",18.9,72.8166666,11.0,30.52,1011.64,68.04,30.52,1011.64,68.04,0,NONE,NONE,NORMAL,0.0
2023-05-17T21:00:00Z,43063099999,"PUNE, IN",18.5333333,73.85,558.0,25.0,1010.4,76.57,25.0,1010.4,76.57,0,NONE,NONE,NORMAL,0.0
2023-05-17T22:00:00Z,42921099999,"NASIK CITY, IN",19.9666666,73.8166666,598.0,23.2,1006.87,89.8,23.2,1006.87,89.8,0,NONE,NONE,NORMAL,0.0
2023-05-17T22:00:00Z,43003099999,"CHHATRAPATI SHIVAJI INTERNATIONAL, IN",19.088686,72.867919,11.27,30.0,1010.0,74.61,30.0,1010.0,74.61,0,NONE,NONE,NORMAL,0.0
2023-05-17T22:00:00Z,43057099999,"BOMBAY COLABA, IN",18.9,72.8166666,11.0,30.33,1011.97,68.52,30.33,1011.97,68.52,0,NONE,NONE,NORMAL,0.0
2023-05-17T22:00:00Z,43063099999,"PUNE, IN",18.5333333,73.85,558.0,24.67,1010.63,78.92,24.67,1010.63,78.92,0,NONE,NONE,NORMAL,0.0
2023-05-17T23:00:00Z,42921099999,"NASIK CITY, IN",19.9666666,73.8166666,598.0,22.9,1007.23,90.52,22.9,1007.23,90.52,0,NONE,NONE,NORMAL,0.0
2023-05-17T23:00:00Z,43003099999,"CHHATRAPATI SHIVAJI INTERNATIONAL, IN",19.088686,72.867919,11.27,29.0,1010.0,79.04,29.0,1010.0,79.04,0,NONE,NONE,NORMAL,0.0
2023-05-17T23:00:00Z,43057099999,"BOMBAY COLABA, IN",18.9,72.8166666,11.0,30.15,1012.29,69.01,30.15,1012.29,69.01,0,NONE,NONE,NORMAL,0.0
2023-05-17T23:00:00Z,43063099999,"PUNE, IN",18.5333333,73.85,558.0,24.33,1010.87,81.34,24.33,1010.87,81.34,0,NONE,NONE,NORMAL,0.0
2023-05-18T00:00:00Z,42921099999,"NASIK CITY, IN",19.9666666,73.8166666,598.0,22.6,1007.6,91.24,22.6,1007.6,91.24,0,NONE,NONE,NORMAL,0.0
2023-05-18T00:00:00Z,43003099999,"CHHATRAPATI SHIVAJI INTERNATIONAL, IN",19.088686,72.867919,11.27,27.8,1010.9,81.28,27.8,1010.9,81.28,0,NONE,NONE,NORMAL,0.0
2023-05-18T00:00:00Z,43057099999,"BOMBAY COLABA, IN",18.9,72.8166666,11.0,29.96,1012.62,69.5,29.96,1012.62,69.5,0,NONE,NONE,NORMAL,0.0
2023-05-18T00:00:00Z,43063099999,"PUNE, IN",18.5333333,73.85,558.0,24.0,1011.1,83.84,24.0,1011.1,83.84,0,NONE,NONE,NORMAL,0.0
2023-05-18T01:00:00Z,42921099999,"NASIK CITY, IN",19.9666666,73.8166666,598.0,23.9,1008.2,85.04,23.9,1008.2,85.04,0,NONE,NONE,NORMAL,0.0
2023-05-18T01:00:00Z,43003099999,"CHHATRAPATI SHIVAJI INTERNATIONAL, IN",19.088686,72.867919,11.27,29.0,1012.0,79.04,29.0,1012.0,79.04,0,NONE,NONE,NORMAL,0.0
2023-05-18T01:00:00Z,43057099999,"BOMBAY COLABA, IN",18.9,72.8166666,11.0,29.77,1012.95,70.0,29.77,1012.95,70.0,0,NONE,NONE,NORMAL,0.0
2023-05-18T01:00:00Z,43063099999,"PUNE, IN",18.5333333,73.85,558.0,25.0,1011.73,76.57,25.0,1011.73,76.57,0,NONE,NONE,NORMAL,0.0
2023-05-18T02:00:00Z,42921099999,"NASIK CITY, IN",19.9666666,73.8166666,598.0,25.2,1008.8,79.31,25.2,1008.8,79.31,0,NONE,NONE,NORMAL,0.0
2023-05-18T02:00:00Z,43003099999,"CHHATRAPATI SHIVAJI INTERNATIONAL, IN",19.088686,72.867919,11.27,30.0,1013.0,74.61,30.0,1013.0,74.61,0,NONE,NONE,NORMAL,0.0
2023-05-18T02:00:00Z,43057099999,"BOMBAY COLABA, IN",18.9,72.8166666,11.0,29.59,1013.27,70.5,29.59,1013.27,70.5,0,NONE,NONE,NORMAL,0.0
2023-05-18T02:00:00Z,43063099999,"PUNE, IN",18.5333333,73.85,558.0,26.0,1012.37,69.95,26.0,1012.37,69.95,0,NONE,NONE,NORMAL,0.0
2023-05-18T03:00:00Z,42921099999,"NASIK CITY, IN",19.9666666,73.8166666,598.0,26.5,1009.4,74.03,26.5,1009.4,74.03,0,NONE,NONE,NORMAL,0.0
2023-05-18T03:00:00Z,43003099999,"CHHATRAPATI SHIVAJI INTERNATIONAL, IN",19.088686,72.867919,11.27,30.4,1013.4,71.62,30.4,1013.4,71.62,0,NONE,NONE,NORMAL,0.0
2023-05-18T03:00:00Z,43057099999,"BOMBAY COLABA, IN",18.9,72.8166666,11.0,29.4,1013.6,71.01,29.4,1013.6,71.01,0,NONE,NONE,NORMAL,0.0
2023-05-18T03:00:00Z,43063099999,"PUNE, IN",18.5333333,73.85,558.0,27.0,1013.0,63.93,27.0,1013.0,63.93,0,NONE,NONE,NORMAL,0.0
2023-05-18T04:00:00Z,42921099999,"NASIK CITY, IN",19.9666666,73.8166666,598.0,28.67,1008.87,64.02,28.67,1008.87,64.02,0,NONE,NONE,NORMAL,0.0
2023-05-18T04:00:00Z,43003099999,"CHHATRAPATI SHIVAJI INTERNATIONAL, IN",19.088686,72.867919,11.27,32.0,1014.0,62.68,32.0,1014.0,62.68,0,NONE,NONE,NORMAL,0.0
2023-05-18T04:00:00Z,43057099999,"BOMBAY COLABA, IN",18.9,72.8166666,11.0,29.62,1013.17,71.14,29.62,1013.17,71.14,0,NONE,NONE,NORMAL,0.0
2023-05-18T04:00:00Z,43063099999,"PUNE, IN",18.5333333,73.85,558.0,29.6,1012.4,49.92,29.6,1012.4,49.92,0,NONE,NONE,NORMAL,0.0
2023-05-18T05:00:00Z,42921099999,"NASIK CITY, IN",19.9666666,73.8166666,598.0,30.83,1008.33,55.48,30.83,1008.33,55.48,0,NONE,NONE,NORMAL,0.0
2023-05-18T05:00:00Z,43003099999,"CHHATRAPATI SHIVAJI INTERNATIONAL, IN",19.088686,72.867919,11.27,33.0,1013.0,59.24,33.0,1013.0,59.24,0,NONE,NONE,NORMAL,0.0
2023-05-18T05:00:00Z,43057099999,"BOMBAY COLABA, IN",18.9,72.8166666,11.0,29.84,1012.73,71.28,29.84,1012.73,71.28,0,NONE,NONE,NORMAL,0.0
2023-05-18T05:00:00Z,43063099999,"PUNE, IN",18.5333333,73.85,558.0,32.2,1011.8,39.05,32.2,1011.8,39.05,0,NONE,NONE,NORMAL,0.0
2023-05-18T06:00:00Z,42921099999,"NASIK CITY, IN",19.9666666,73.8166666,598.0,33.0,1007.8,48.16,33.0,1007.8,48.16,0,NONE,NONE,NORMAL,0.0
2023-05-18T06:00:00Z,43003099999,"CHHATRAPATI SHIVAJI INTERNATIONAL, IN",19.088686,72.867919,11.27,33.0,1013.0,66.75,33.0,1013.0,66.75,0,NONE,NONE,NORMAL,0.0
2023-05-18T06:00:00Z,43057099999,"BOMBAY COLABA, IN",18.9,72.8166666,11.0,30.07,1012.3,71.41,30.07,1012.3,71.41,0,NONE,NONE,NORMAL,0.0
2023-05-18T06:00:00Z,43063099999,"PUNE, IN",18.5333333,73.85,558.0,34.8,1011.2,30.6,34.8,1011.2,30.6,0,NONE,NONE,NORMAL,0.0
2023-05-18T07:00:00Z,42921099999,"NASIK CITY, IN",19.9666666,73.8166666,598.0,34.2,1006.67,39.02,34.2,1006.67,39.02,0,NONE,NONE,NORMAL,0.0
2023-05-18T07:00:00Z,43003099999,"CHHATRAPATI SHIVAJI INTERNATIONAL, IN",19.088686,72.867919,11.27,33.0,1013.0,66.75,33.0,1013.0,66.75,0,NONE,NONE,NORMAL,0.0
2023-05-18T07:00:00Z,43057099999,"BOMBAY COLABA, IN",18.9,72.8166666,11.0,30.29,1011.87,71.55,30.29,1011.87,71.55,0,NONE,NONE,NORMAL,0.0
2023-05-18T07:00:00Z,43063099999,"PUNE, IN",18.5333333,73.85,558.0,36.0,1009.87,25.59,36.0,1009.87,25.59,0,NONE,NONE,NORMAL,0.0
2023-05-18T08:00:00Z,42921099999,"NASIK CITY, IN",19.9666666,73.8166666,598.0,35.4,1005.53,31.56,35.4,1005.53,31.56,0,NONE,NONE,NORMAL,0.0
2023-05-18T08:00:00Z,43003099999,"CHHATRAPATI SHIVAJI INTERNATIONAL, IN",19.088686,72.867919,11.27,32.0,1012.0,70.63,32.0,1012.0,70.63,0,NONE,NONE,NORMAL,0.0
2023-05-18T08:00:00Z,43057099999,"BOMBAY COLABA, IN",18.9,72.8166666,11.0,30.51,1011.43,71.68,30.51,1011.43,71.68,0,NONE,NONE,NORMAL,0.0
2023-05-18T08:00:00Z,43063099999,"PUNE, IN",18.5333333,73.85,558.0,37.2,1008.53,21.38,37.2,1008.53,21.38,0,NONE,NONE,NORMAL,0.0
2023-05-18T09:00:00Z,42921099999,"NASIK CITY, IN",19.9666666,73.8166666,598.0,36.6,1004.4,25.47,36.6,1004.4,25.47,0,NONE,NONE,NORMAL,0.0
2023-05-18T09:00:00Z,43003099999,"CHHATRAPATI SHIVAJI INTERNATIONAL, IN",19.088686,72.867919,11.27,33.4,1011.2,60.05,33.4,1011.2,60.05,0,NONE,NONE,NORMAL,0.0
2023-05-18T09:00:00Z,43057099999,"BOMBAY COLABA, IN",18.9,72.8166666,11.0,30.73,1011.0,71.82,30.73,1011.0,71.82,0,NONE,NONE,NORMAL,0.0
2023-05-18T09:00:00Z,43063099999,"PUNE, IN",18.5333333,73.85,558.0,38.4,1007.2,17.85,38.4,1007.2,17.85,0,NONE,NONE,NORMAL,0.0
2023-05-18T10:00:00Z,42921099999,"NASIK CITY, IN",19.9666666,73.8166666,598.0,36.57,1003.93,24.06,36.57,1003.93,24.06,0,NONE,NONE,NORMAL,0.0
2023-05-18T10:00:00Z,43003099999,"CHHATRAPATI SHIVAJI INTERNATIONAL, IN",19.088686,72.867919,11.27,33.0,1010.0,66.75,33.0,1010.0,66.75,0,NONE,NONE,NORMAL,0.0
2023-05-18T10:00:00Z,43057099999,"BOMBAY COLABA, IN",18.9,72.8166666,11.0,30.96,1010.57,71.95,30.96,1010.57,71.95,0,NONE,NONE,NORMAL,0.0
2023-05-18T10:00:00Z,43063099999,"PUNE, IN",18.5333333,73.85,558.0,37.6,1006.97,20.33,37.6,1006.97,20.33,0,NONE,NONE,NORMAL,0.0
2023-05-18T11:00:00Z,42921099999,"NASIK CITY, IN",19.9666666,73.8166666,598.0,36.53,1003.47,22.72,36.53,1003.47,22.72,0,NONE,NONE,NORMAL,0.0
2023-05-18T11:00:00Z,43003099999,"CHHATRAPATI SHIVAJI INTERNATIONAL, IN",19.088686,72.867919,11.27,33.0,1010.0,62.9,33.0,1010.0,62.9,0,NONE,NONE,NORMAL,0.0
2023-05-18T11:00:00Z,43057099999,"BOMBAY COLABA, IN",18.9,72.8166666,11.0,31.18,1010.13,72.09,31.18,1010.13,72.09,0,NONE,NONE,NORMAL,0.0
2023-05-18T11:00:00Z,43063099999,"PUNE, IN",18.5333333,73.85,558.0,36.8,1006.73,23.14,36.8,1006.73,23.14,0,NONE,NONE,NORMAL,0.0
2023-05-18T12:00:00Z,42921099999,"NASIK CITY, IN",19.9666666,73.8166666,598.0,36.5,1003.0,21.45,36.5,1003.0,21.45,0,NONE,NONE,NORMAL,0.0
2023-05-18T12:00:00Z,43003099999,"CHHATRAPATI SHIVAJI INTERNATIONAL, IN",19.088686,72.867919,11.27,32.8,1009.6,62.11,32.8,1009.6,62.11,0,NONE,NONE,NORMAL,0.0
2023-05-18T12:00:00Z,43057099999,"BOMBAY COLABA, IN",18.9,72.8166666,11.0,31.4,1009.7,72.22,31.4,1009.7,72.22,0,NONE,NONE,NORMAL,0.0
2023-05-18T12:00:00Z,43063099999,"PUNE, IN",18.5333333,73.85,558.0,36.0,1006.5,26.32,36.0,1006.5,26.32,0,NONE,NONE,NORMAL,0.0
2023-05-18T13:00:00Z,42921099999,"NASIK CITY, IN",19.9666666,73.8166666,598.0,34.33,1003.87,24.66,34.33,1003.87,24.66,0,NONE,NONE,NORMAL,0.0
2023-05-18T13:00:00Z,43003099999,"CHHATRAPATI SHIVAJI INTERNATIONAL, IN",19.088686,72.867919,11.27,31.0,1010.0,70.45,31.0,1010.0,70.45,0,NONE,NONE,NORMAL,0.0
2023-05-18T13:00:00Z,43057099999,"BOMBAY COLABA, IN",18.9,72.8166666,11.0,31.31,1009.82,72.26,31.31,1009.82,72.26,0,NONE,NONE,NORMAL,0.0
2023-05-18T13:00:00Z,43063099999,"PUNE, IN",18.5333333,73.85,558.0,34.33,1007.37,34.94,34.33,1007.37,34.94,0,NONE,NONE,NORMAL,0.0
2023-05-18T14:00:00Z,42921099999,"NASIK CITY, IN",19.9666666,73.8166666,598.0,32.17,1004.73,28.41,32.17,1004.73,28.41,0,NONE,NONE,NORMAL,0.0
2023-05-18T14:00:00Z,43003099999,"CHHATRAPATI SHIVAJI INTERNATIONAL, IN",19.088686,72.867919,11.27,30.0,1010.0,79.18,30.0,1010.0,79.18,0,NONE,NONE,NORMAL,0.0
2023-05-18T14:00:00Z,43057099999,"BOMBAY COLABA, IN",18.9,72.8166666,11.0,31.21,1009.94,72.3,31.21,1009.94,72.3,0,NONE,NONE,NORMAL,0.0
2023-05-18T14:00:00Z,43063099999,"PUNE, IN",18.5333333,73.85,558.0,32.67,1008.23,46.22,32.67,1008.23,46.22,0,NONE,NONE,NORMAL,0.0
2023-05-18T15:00:00Z,42921099999,"NASIK CITY, IN",19.9666666,73.8166666,598.0,30.0,1005.6,32.79,30.0,1005.6,32.79,0,NONE,NONE,NORMAL,0.0
2023-05-18T15:00:00Z,43003099999,"CHHATRAPATI SHIVAJI INTERNATIONAL, IN",19.088686,72.867919,11.27,30.0,1010.0,79.18,30.0,1010.0,79.18,0,NONE,NONE,NORMAL,0.0
2023-05-18T15:00:00Z,43057099999,"BOMBAY COLABA, IN",18.9,72.8166666,11.0,31.12,1010.06,72.34,31.12,1010.06,72.34,0,NONE,NONE,NORMAL,0.0
2023-05-18T15:00:00Z,43063099999,"PUNE, IN",18.5333333,73.85,558.0,31.0,1009.1,60.97,31.0,1009.1,60.97,0,NONE,NONE,NORMAL,0.0
2023-05-18T16:00:00Z,42921099999,"NASIK CITY, IN",19.9666666,73.8166666,598.0,28.67,1006.17,37.42,28.67,1006.17,37.42,0,NONE,NONE,NORMAL,0.0
2023-05-18T16:00:00Z,43003099999,"CHHATRAPATI SHIVAJI INTERNATIONAL, IN",19.088686,72.867919,11.27,29.93,1010.33,78.39,29.93,1010.33,78.39,0,NONE,NONE,NORMAL,0.0
2023-05-18T16:00:00Z,43057099999,"BOMBAY COLABA, IN",18.9,72.8166666,11.0,31.03,1010.18,72.38,31.03,1010.18,72.38,0,NONE,NONE,NORMAL,0.0
2023-05-18T16:00:00Z,43063099999,"PUNE, IN",18.5333333,73.85,558.0,30.0,1009.63,64.17,30.0,1009.63,64.17,0,NONE,NONE,NORMAL,0.0
2023-05-18T17:00:00Z,42921099999,"NASIK CITY, IN",19.9666666,73.8166666,598.0,27.33,1006.73,42.71,27.33,1006.73,42.71,0,NONE,NONE,NORMAL,0.0
2023-05-18T17:00:00Z,43003099999,"CHHATRAPATI SHIVAJI INTERNATIONAL, IN",19.088686,72.867919,11.27,29.87,1010.67,77.61,29.87,1010.67,77.61,0,NONE,NONE,NORMAL,0.0
2023-05-18T17:00:00Z,43057099999,"BOMBAY COLABA, IN",18.9,72.8166666,11.0,30.93,1010.3,72.42,30.93,1010.3,72.42,0,NONE,NONE,NORMAL,0.0
2023-05-18T17:00:00Z,43063099999,"PUNE, IN",18.5333333,73.85,558.0,29.0,1010.17,67.58,29.0,1010.17,67.58,0,NONE,NONE,NORMAL,0.0
2023-05-18T18:00:00Z,42921099999,"NASIK CITY, IN",19.9666666,73.8166666,598.0,26.0,1007.3,48.77,26.0,1007.3,48.77,0,NONE,NONE,NORMAL,0.0
2023-05-18T18:00:00Z,43003099999,"CHHATRAPATI SHIVAJI INTERNATIONAL, IN",19.088686,72.867919,11.27,29.8,1011.0,76.83,29.8,1011.0,76.83,0,NONE,NONE,NORMAL,0.0
2023-05-18T18:00:00Z,43057099999,"BOMBAY COLABA, IN",18.9,72.8166666,11.0,30.84,1010.42,72.47,30.84,1010.42,72.47,0,NONE,NONE,NORMAL,0.0
2023-05-18T18:00:00Z,43063099999,"PUNE, IN",18.5333333,73.85,558.0,28.0,1010.7,71.19,28.0,1010.7,71.19,0,NONE,NONE,NORMAL,0.0
2023-05-18T19:00:00Z,42921099999,"NASIK CITY, IN",19.9666666,73.8166666,598.0,25.2,1006.87,58.4,25.2,1006.87,58.4,0,NONE,NONE,NORMAL,0.0
2023-05-18T19:00:00Z,43003099999,"CHHATRAPATI SHIVAJI INTERNATIONAL, IN",19.088686,72.867919,11.27,30.0,1011.0,79.18,30.0,1011.0,79.18,0,NONE,NONE,NORMAL,0.0
2023-05-18T19:00:00Z,43057099999,"BOMBAY COLABA, IN",18.9,72.8166666,11.0,30.75,1010.54,72.51,30.75,1010.54,72.51,0,NONE,NONE,NORMAL,0.0
2023-05-18T19:00:00Z,43063099999,"PUNE, IN",18.5333333,73.85,558.0,27.47,1010.1,72.26,27.47,1010.1,72.26,0,NONE,NONE,NORMAL,0.0
2023-05-18T20:00:00Z,42921099999,"NASIK CITY, IN",19.9666666,73.8166666,598.0,24.4,1006.43,69.8,24.4,1006.43,69.8,0,NONE,NONE,NORMAL,0.0
2023-05-18T20:00:00Z,43003099999,"CHHATRAPATI SHIVAJI INTERNATIONAL, IN",19.088686,72.867919,11.27,30.0,1010.0,79.18,30.0,1010.0,79.18,0,NONE,NONE,NORMAL,0.0
2023-05-18T20:00:00Z,43057099999,"BOMBAY COLABA, IN",18.9,72.8166666,11.0,30.65,1010.66,72.55,30.65,1010.66,72.55,0,NONE,NONE,NORMAL,0.0
2023-05-18T20:00:00Z,43063099999,"PUNE, IN",18.5333333,73.85,558.0,26.93,1009.5,73.35,26.93,1009.5,73.35,0,NONE,NONE,NORMAL,0.0
2023-05-18T21:00:00Z,42921099999,"NASIK CITY, IN",19.9666666,73.8166666,598.0,23.6,1006.0,83.28,23.6,1006.0,83.28,0,NONE,NONE,NORMAL,0.0
2023-05-18T21:00:00Z,43003099999,"CHHATRAPATI SHIVAJI INTERNATIONAL, IN",19.088686,72.867919,11.27,29.0,1010.0,83.88,29.0,1010.0,83.88,0,NONE,NONE,NORMAL,0.0
2023-05-18T21:00:00Z,43057099999,"BOMBAY COLABA, IN",18.9,72.8166666,11.0,30.56,1010.78,72.59,30.56,1010.78,72.59,0,NONE,NONE,NORMAL,0.0
2023-05-18T21:00:00Z,43063099999,"PUNE, IN",18.5333333,73.85,558.0,26.4,1008.9,74.47,26.4,1008.9,74.47,0,NONE,NONE,NORMAL,0.0
2023-05-18T22:00:00Z,42921099999,"NASIK CITY, IN",19.9666666,73.8166666,598.0,23.27,1006.03,85.85,23.27,1006.03,85.85,0,NONE,NONE,NORMAL,0.0
2023-05-18T22:00:00Z,43003099999,"CHHATRAPATI SHIVAJI INTERNATIONAL, IN",19.088686,72.867919,11.27,29.0,1009.0,79.04,29.0,1009.0,79.04,0,NONE,NONE,NORMAL,0.0
2023-05-18T22:00:00Z,43057099999,"BOMBAY COLABA, IN",18.9,72.8166666,11.0,30.47,1010.9,72.63,30.47,1010.9,72.63,0,NONE,NONE,NORMAL,0.0
2023-05-18T22:00:00Z,43063099999,"PUNE, IN",18.5333333,73.85,558.0,25.6,1009.17,76.5,25.6,1009.17,76.5,0,NONE,NONE,NORMAL,0.0
2023-05-18T23:00:00Z,42921099999,"NASIK CITY, IN",19.9666666,73.8166666,598.0,22.93,1006.07,88.5,22.93,1006.07,88.5,0,NONE,NONE,NORMAL,0.0
2023-05-18T23:00:00Z,43003099999,"CHHATRAPATI SHIVAJI INTERNATIONAL, IN",19.088686,72.867919,11.27,29.0,1009.0,79.04,29.0,1009.0,79.04,0,NONE,NONE,NORMAL,0.0
2023-05-18T23:00:00Z,43057099999,"BOMBAY COLABA, IN",18.9,72.8166666,11.0,30.37,1011.02,72.67,30.37,1011.02,72.67,0,NONE,NONE,NORMAL,0.0
2023-05-18T23:00:00Z,43063099999,"PUNE, IN",18.5333333,73.85,558.0,24.8,1009.43,78.61,24.8,1009.43,78.61,0,NONE,NONE,NORMAL,0.0
2023-05-19T00:00:00Z,42921099999,"NASIK CITY, IN",19.9666666,73.8166666,598.0,22.6,1006.1,91.24,22.6,1006.1,91.24,0,NONE,NONE,NORMAL,0.0
2023-05-19T00:00:00Z,43003099999,"CHHATRAPATI SHIVAJI INTERNATIONAL, IN",19.088686,72.867919,11.27,27.6,1009.2,82.73,27.6,1009.2,82.73,0,NONE,NONE,NORMAL,0.0
2023-05-19T00:00:00Z,43057099999,"BOMBAY COLABA, IN",18.9,72.8166666,11.0,30.28,1011.14,72.72,30.28,1011.14,72.72,0,NONE,NONE,NORMAL,0.0
2023-05-19T00:00:00Z,43063099999,"PUNE, IN",18.5333333,73.85,558.0,24.0,1009.7,80.8,24.0,1009.7,80.8,0,NONE,NONE,NORMAL,0.0
2023-05-19T01:00:00Z,42921099999,"NASIK CITY, IN",19.9666666,73.8166666,598.0,24.27,1006.43,82.17,24.27,1006.43,82.17,0,NONE,NONE,NORMAL,0.0
2023-05-19T01:00:00Z,43003099999,"CHHATRAPATI SHIVAJI INTERNATIONAL, IN",19.088686,72.867919,11.27,29.0,1010.0,79.04,29.0,1010.0,79.04,0,NONE,NONE,NORMAL,0.0
2023-05-19T01:00:00Z,43057099999,"BOMBAY COLABA, IN",18.9,72.8166666,11.0,30.19,1011.26,72.76,30.19,1011.26,72.76,0,NONE,NONE,NORMAL,0.0
2023-05-19T01:00:00Z,43063099999,"PUNE, IN",18.5333333,73.85,558.0,25.67,1010.07,70.62,25.67,1010.07,70.62,0,NONE,NONE,NORMAL,0.0
2023-05-19T02:00:00Z,42921099999,"NASIK CITY, IN",19.9666666,73.8166666,598.0,25.93,1006.77,74.09,25.93,1006.77,74.09,0,NONE,NONE,NORMAL,0.0
2023-05-19T02:00:00Z,43003099999,"CHHATRAPATI SHIVAJI INTERNATIONAL, IN",19.088686,72.867919,11.27,30.0,1011.0,74.61,30.0,1011.0,74.61,0,NONE,NONE,NORMAL,0.0
2023-05-19T02:00:00Z,43057099999,"BOMBAY COLABA, IN",18.9,72.8166666,11.0,30.09,1011.38,72.8,30.09,1011.38,72.8,0,NONE,NONE,NORMAL,0.0
2023-05-19T02:00:00Z,43063099999,"PUNE, IN",18.5333333,73.85,558.0,27.33,1010.43,61.79,27.33,1010.43,61.79,0,NONE,NONE,NORMAL,0.0
2023-05-19T03:00:00Z,42921099999,"NASIK CITY, IN",19.9666666,73.8166666,598.0,27.6,1007.1,66.89,27.6,1007.1,66.89,0,NONE,NONE,NORMAL,0.0
2023-05-19T03:00:00Z,43003099999,"CHHATRAPATI SHIVAJI INTERNATIONAL, IN",19.088686,72.867919,11.27,30.4,1011.5,72.91,30.4,1011.5,72.91,0,NONE,NONE,NORMAL,0.0
2023-05-19T03:00:00Z,43057099999,"BOMBAY COLABA, IN",18.9,72.8166666,11.0,30.0,1011.5,72.84,30.0,1011.5,72.84,0,NONE,NONE,NORMAL,0.0
2023-05-19T03:00:00Z,43063099999,"PUNE, IN",18.5333333,73.85,558.0,29.0,1010.8,54.12,29.0,1010.8,54.12,0,NONE,NONE,NORMAL,0.0
2023-05-19T04:00:00Z,42921099999,"NASIK CITY, IN",19.9666666,73.8166666,598.0,30.3,1006.4,47.06,30.3,1006.4,47.06,0,NONE,NONE,NORMAL,0.0
2023-05-19T04:00:00Z,43003099999,"CHHATRAPATI SHIVAJI INTERNATIONAL, IN",19.088686,72.867919,11.27,32.0,1012.0,66.55,32.0,1012.0,66.55,0,NONE,NONE,NORMAL,0.0
2023-05-19T04:00:00Z,43057099999,"BOMBAY COLABA, IN",18.9,72.8166666,11.0,31.0,1011.5,69.47,31.0,1011.5,69.47,0,NONE,NONE,NORMAL,0.0
2023-05-19T04:00:00Z,43063099999,"PUNE, IN",18.5333333,73.85,558.0,31.2,1010.2,43.12,31.2,1010.2,43.12,0,NONE,NONE,NORMAL,0.0
2023-05-19T05:00:00Z,42921099999,"NASIK CITY, IN",19.9666666,73.8166666,598.0,33.0,1005.7,33.05,33.0,1005.7,33.05,0,NONE,NONE,NORMAL,0.0
2023-05-19T05:00:00Z,43003099999,"CHHATRAPATI SHIVAJI INTERNATIONAL, IN",19.088686,72.867919,11.27,33.0,1012.0,62.9,33.0,1012.0,62.9,0,NONE,NONE,NORMAL,0.0
2023-05-19T05:00:00Z,43057099999,"BOMBAY COLABA, IN",18.9,72.8166666,11.0,32.0,1011.5,66.29,32.0,1011.5,66.29,0,NONE,NONE,NORMAL,0.0
2023-05-19T05:00:00Z,43063099999,"PUNE, IN",18.5333333,73.85,558.0,33.4,1009.6,34.39,33.4,1009.6,34.39,0,NONE,NONE,NORMAL,0.0
2023-05-19T06:00:00Z,42921099999,"NASIK CITY, IN",19.9666666,73.8166666,598.0,35.7,1005.0,23.17,35.7,1005.0,23.17,0,NONE,NONE,NORMAL,0.0
2023-05-19T06:00:00Z,43003099999,"CHHATRAPATI SHIVAJI INTERNATIONAL, IN",19.088686,72.867919,11.27,34.0,1011.0,60.54,34.0,1011.0,60.54,0,NONE,NONE,NORMAL,0.0
2023-05-19T06:00:00Z,43057099999,"BOMBAY COLABA, IN",18.9,72.8166666,11.0,33.0,1011.5,63.28,33.0,1011.5,63.28,0,NONE,NONE,NORMAL,0.0
2023-05-19T06:00:00Z,43063099999,"PUNE, IN",18.5333333,73.85,558.0,35.6,1009.0,27.44,35.6,1009.0,27.44,0,NONE,NONE,NORMAL,0.0
2023-05-19T07:00:00Z,42921099999,"NASIK CITY, IN",19.9666666,73.8166666,598.0,36.3,1004.0,22.51,36.3,1004.0,22.51,0,NONE,NONE,NORMAL,0.0
2023-05-19T07:00:00Z,43003099999,"CHHATRAPATI SHIVAJI INTERNATIONAL, IN",19.088686,72.867919,11.27,33.0,1011.0,66.75,33.0,1011.0,66.75,0,NONE,NONE,NORMAL,0.0
2023-05-19T07:00:00Z,43057099999,"BOMBAY COLABA, IN",18.9,72.8166666,11.0,32.67,1010.92,64.86,32.67,1010.92,64.86,0,NONE,NONE,NORMAL,0.0
2023-05-19T07:00:00Z,43063099999,"PUNE, IN",18.5333333,73.85,558.0,36.73,1007.83,22.62,36.73,1007.83,22.62,0,NONE,NONE,NORMAL,0.0
2023-05-19T08:00:00Z,42921099999,"NASIK CITY, IN",19.9666666,73.8166666,598.0,36.9,1003.0,21.88,36.9,1003.0,21.88,0,NONE,NONE,NORMAL,0.0
2023-05-19T08:00:00Z,43003099999,"CHHATRAPATI SHIVAJI INTERNATIONAL, IN",19.088686,72.867919,11.27,32.0,1010.0,70.63,32.0,1010.0,70.63,0,NONE,NONE,NORMAL,0.0
2023-05-19T08:00:00Z,43057099999,"BOMBAY COLABA, IN",18.9,72.8166666,11.0,32.33,1010.33,66.49,32.33,1010.33,66.49,0,NONE,NONE,NORMAL,0.0
2023-05-19T08:00:00Z,43063099999,"PUNE, IN",18.5333333,73.85,558.0,37.87,1006.67,18.62,37.87,1006.67,18.62,0,NONE,NONE,NORMAL,0.0
2023-05-19T09:00:00Z,42921099999,"NASIK CITY, IN",19.9666666,73.8166666,598.0,37.5,1002.0,21.27,37.5,1002.0,21.27,0,NONE,NONE,NORMAL,0.0
2023-05-19T09:00:00Z,43003099999,"CHHATRAPATI SHIVAJI INTERNATIONAL, IN",19.088686,72.867919,11.27,33.0,1009.0,70.81,33.0,1009.0,70.81,0,NONE,NONE,NORMAL,0.0
2023-05-19T09:00:00Z,43057099999,"BOMBAY COLABA, IN",18.9,72.8166666,11.0,32.0,1009.75,68.16,32.0,1009.75,68.16,0,NONE,NONE,NORMAL,0.0
2023-05-19T09:00:00Z,43063099999,"PUNE, IN",18.5333333,73.85,558.0,39.0,1005.5,15.3,39.0,1005.5,15.3,0,NONE,NONE,NORMAL,0.0
2023-05-19T10:00:00Z,42921099999,"NASIK CITY, IN",19.9666666,73.8166666,598.0,37.07,1001.63,24.45,37.07,1001.63,24.45,0,NONE,NONE,NORMAL,0.0
2023-05-19T10:00:00Z,43003099999,"CHHATRAPATI SHIVAJI INTERNATIONAL, IN",19.088686,72.867919,11.27,33.0,1009.0,66.75,33.0,1009.0,66.75,0,NONE,NONE,NORMAL,0.0
2023-05-19T10:00:00Z,43057099999,"BOMBAY COLABA, IN",18.9,72.8166666,11.0,31.67,1009.17,69.88,31.67,1009.17,69.88,0,NONE,NONE,NORMAL,0.0
2023-05-19T10:00:00Z,43063099999,"PUNE, IN",18.5333333,73.85,558.0,38.6,1005.1,16.65,38.6,1005.1,16.65,0,NONE,NONE,NORMAL,0.0
2023-05-19T11:00:00Z,42921099999,"NASIK CITY, IN",19.9666666,73.8166666,598.0,36.63,1001.27,28.07,36.63,1001.27,28.07,0,NONE,NONE,NORMAL,0.0
2023-05-19T11:00:00Z,43003099999,"CHHATRAPATI SHIVAJI INTERNATIONAL, IN",19.088686,72.867919,11.27,33.0,1008.0,66.75,33.0,1008.0,66.75,0,NONE,NONE,NORMAL,0.0
2023-05-19T11:00:00Z,43057099999,"BOMBAY COLABA, IN",18.9,72.8166666,11.0,31.33,1008.58,71.64,31.33,1008.58,71.64,0,NONE,NONE,NORMAL,0.0
2023-05-19T11:00:00Z,43063099999,"PUNE, IN",18.5333333,73.85,558.0,38.2,1004.7,18.12,38.2,1004.7,18.12,0,NONE,NONE,NORMAL,0.0
2023-05-19T12:00:00Z,42921099999,"NASIK CITY, IN",19.9666666,73.8166666,598.0,36.2,1000.9,32.18,36.2,1000.9,32.18,0,NONE,NONE,NORMAL,0.0
2023-05-19T12:00:00Z,43003099999,"CHHATRAPATI SHIVAJI INTERNATIONAL, IN",19.088686,72.867919,11.27,32.4,1008.0,65.45,32.4,1008.0,65.45,0,NONE,NONE,NORMAL,0.0
2023-05-19T12:00:00Z,43057099999,"BOMBAY COLABA, IN",18.9,72.8166666,11.0,31.0,1008.0,73.45,31.0,1008.0,73.45,0,NONE,NONE,NORMAL,0.0
2023-05-19T12:00:00Z,43063099999,"PUNE, IN",18.5333333,73.85,558.0,37.8,1004.3,19.71,37.8,1004.3,19.71,0,NONE,NONE,NORMAL,0.0
2023-05-19T13:00:00Z,42921099999,"NASIK CITY, IN",19.9666666,73.8166666,598.0,34.37,1001.83,37.07,34.37,1001.83,37.07,0,NONE,NONE,NORMAL,0.0
2023-05-19T13:00:00Z,43003099999,"CHHATRAPATI SHIVAJI INTERNATIONAL, IN",19.088686,72.867919,11.27,31.0,1008.0,74.77,31.0,1008.0,74.77,0,NONE,NONE,NORMAL,0.0
2023-05-19T13:00:00Z,43057099999,"BOMBAY COLABA, IN",18.9,72.8166666,11.0,30.93,1008.15,73.15,30.93,1008.15,73.15,0,NONE,NONE,NORMAL,0.0
2023-05-19T13:00:00Z,43063099999,"PUNE, IN",18.5333333,73.85,558.0,35.67,1005.27,24.41,35.67,1005.27,24.41,0,NONE,NONE,NORMAL,0.0
2023-05-19T14:00:00Z,42921099999,"NASIK CITY, IN",19.9666666,73.8166666,598.0,32.53,1002.77,42.76,32.53,1002.77,42.76,0,NONE,NONE,NORMAL,0.0
2023-05-19T14:00:00Z,43003099999,"CHHATRAPATI SHIVAJI INTERNATIONAL, IN",19.088686,72.867919,11.27,30.0,1009.0,79.18,30.0,1009.0,79.18,0,NONE,NONE,NORMAL,0.0
2023-05-19T14:00:00Z,43057099999,"BOMBAY COLABA, IN",18.9,72.8166666,11.0,30.87,1008.31,72.85,30.9,1008.31,72.85,1,DRIFT,T,NORMAL,0.1
2023-05-19T14:00:00Z,43063099999,"PUNE, IN",18.5333333,73.85,558.0,33.53,1006.23,30.26,33.53,1006.23,30.26,0,NONE,NONE,NORMAL,0.0
2023-05-19T15:00:00Z,42921099999,"NASIK CITY, IN",19.9666666,73.8166666,598.0,30.7,1003.7,49.38,30.7,1003.7,49.38,0,NONE,NONE,NORMAL,0.0
2023-05-19T15:00:00Z,43003099999,"CHHATRAPATI SHIVAJI INTERNATIONAL, IN",19.088686,72.867919,11.27,30.0,1009.0,75.5,30.0,1009.0,75.5,0,NONE,NONE,NORMAL,0.0
2023-05-19T15:00:00Z,43057099999,"BOMBAY COLABA, IN",18.9,72.8166666,11.0,30.8,1008.46,72.55,30.98,1008.46,72.55,1,DRIFT,T,NORMAL,0.1
2023-05-19T15:00:00Z,43063099999,"PUNE, IN",18.5333333,73.85,558.0,31.4,1007.2,37.53,31.4,1007.2,37.53,0,NONE,NONE,NORMAL,0.0
2023-05-19T16:00:00Z,42921099999,"NASIK CITY, IN",19.9666666,73.8166666,598.0,29.37,1004.3,53.09,29.37,1004.3,53.09,0,NONE,NONE,NORMAL,0.0
2023-05-19T16:00:00Z,43003099999,"CHHATRAPATI SHIVAJI INTERNATIONAL, IN",19.088686,72.867919,11.27,30.0,1010.0,79.18,30.0,1010.0,79.18,0,NONE,NONE,NORMAL,0.0
2023-05-19T16:00:00Z,43057099999,"BOMBAY COLABA, IN",18.9,72.8166666,11.0,30.73,1008.61,72.25,31.06,1008.61,72.25,1,DRIFT,T,NORMAL,0.1
2023-05-19T16:00:00Z,43063099999,"PUNE, IN",18.5333333,73.85,558.0,30.13,1007.9,45.26,30.13,1007.9,45.26,0,NONE,NONE,NORMAL,0.0
2023-05-19T17:00:00Z,42921099999,"NASIK CITY, IN",19.9666666,73.8166666,598.0,28.03,1004.9,57.13,28.03,1004.9,57.13,0,NONE,NONE,NORMAL,0.0
2023-05-19T17:00:00Z,43003099999,"CHHATRAPATI SHIVAJI INTERNATIONAL, IN",19.088686,72.867919,11.27,30.0,1010.0,79.18,30.0,1010.0,79.18,0,NONE,NONE,NORMAL,0.0
2023-05-19T17:00:00Z,43057099999,"BOMBAY COLABA, IN",18.9,72.8166666,11.0,30.67,1008.77,71.95,31.15,1008.77,71.95,1,DRIFT,T,NORMAL,0.1
2023-05-19T17:00:00Z,43063099999,"PUNE, IN",18.5333333,73.85,558.0,28.87,1008.6,54.54,28.87,1008.6,54.54,0,NONE,NONE,NORMAL,0.0
2023-05-19T18:00:00Z,42921099999,"NASIK CITY, IN",19.9666666,73.8166666,598.0,26.7,1005.5,61.52,26.7,1005.5,61.52,0,NONE,NONE,NORMAL,0.0
2023-05-19T18:00:00Z,43003099999,"CHHATRAPATI SHIVAJI INTERNATIONAL, IN",19.088686,72.867919,11.27,30.0,1010.0,79.18,30.0,1010.0,79.18,0,NONE,NONE,NORMAL,0.0
2023-05-19T18:00:00Z,43057099999,"BOMBAY COLABA, IN",18.9,72.8166666,11.0,30.6,1008.92,71.65,31.23,1008.92,71.65,1,DRIFT,T,NORMAL,0.12
2023-05-19T18:00:00Z,43063099999,"PUNE, IN",18.5333333,73.85,558.0,27.6,1009.3,65.66,27.6,1009.3,65.66,0,NONE,NONE,NORMAL,0.0
2023-05-19T19:00:00Z,42921099999,"NASIK CITY, IN",19.9666666,73.8166666,598.0,26.33,1005.0,62.73,26.33,1005.0,62.73,0,NONE,NONE,NORMAL,0.0
2023-05-19T19:00:00Z,43003099999,"CHHATRAPATI SHIVAJI INTERNATIONAL, IN",19.088686,72.867919,11.27,30.0,1010.0,74.61,30.0,1010.0,74.61,0,NONE,NONE,NORMAL,0.0
2023-05-19T19:00:00Z,43057099999,"BOMBAY COLABA, IN",18.9,72.8166666,11.0,30.53,1009.07,71.35,31.31,1009.07,71.35,1,DRIFT,T,NORMAL,0.14
2023-05-19T19:00:00Z,43063099999,"PUNE, IN",18.5333333,73.85,558.0,27.0,1008.9,62.88,27.0,1008.9,62.88,0,NONE,NONE,NORMAL,0.0
2023-05-19T20:00:00Z,42921099999,"NASIK CITY, IN",19.9666666,73.8166666,598.0,25.97,1004.5,63.97,25.97,1004.5,63.97,0,NONE,NONE,NORMAL,0.0
2023-05-19T20:00:00Z,43003099999,"CHHATRAPATI SHIVAJI INTERNATIONAL, IN",19.088686,72.867919,11.27,30.0,1009.0,79.18,30.0,1009.0,79.18,0,NONE,NONE,NORMAL,0.0
2023-05-19T20:00:00Z,43057099999,"BOMBAY COLABA, IN",18.9,72.8166666,11.0,30.47,1009.23,71.06,31.4,1009.23,71.06,1,DRIFT,T,NORMAL,0.17
2023-05-19T20:00:00Z,43063099999,"PUNE, IN",18.5333333,73.85,558.0,26.4,1008.5,60.18,26.4,1008.5,60.18,0,NONE,NONE,NORMAL,0.0
2023-05-19T21:00:00Z,42921099999,"NASIK CITY, IN",19.9666666,73.8166666,598.0,25.6,1004.0,65.24,25.6,1004.0,65.24,0,NONE,NONE,NORMAL,0.0
2023-05-19T21:00:00Z,43003099999,"CHHATRAPATI SHIVAJI INTERNATIONAL, IN",19.088686,72.867919,11.27,29.2,1009.0,76.28,29.2,1009.0,76.28,0,NONE,NONE,NORMAL,0.0
2023-05-19T21:00:00Z,43057099999,"BOMBAY COLABA, IN",18.9,72.8166666,11.0,30.4,1009.38,70.76,31.48,1009.38,70.76,1,DRIFT,T,NORMAL,0.2
2023-05-19T21:00:00Z,43063099999,"PUNE, IN",18.5333333,73.85,558.0,25.8,1008.1,57.56,25.8,1008.1,57.56,0,NONE,NONE,NORMAL,0.0
2023-05-19T22:00:00Z,42921099999,"NASIK CITY, IN",19.9666666,73.8166666,598.0,24.73,1004.4,72.07,24.73,1004.4,72.07,0,NONE,NONE,NORMAL,0.0
2023-05-19T22:00:00Z,43003099999,"CHHATRAPATI SHIVAJI INTERNATIONAL, IN",19.088686,72.867919,11.27,29.0,1008.0,79.04,29.0,1008.0,79.04,0,NONE,NONE,NORMAL,0.0
2023-05-19T22:00:00Z,43057099999,"BOMBAY COLABA, IN",18.9,72.8166666,11.0,30.33,1009.53,70.47,31.56,1009.53,70.47,1,DRIFT,T,NORMAL,0.22
2023-05-19T22:00:00Z,43063099999,"PUNE, IN",18.5333333,73.85,558.0,25.2,1008.4,63.54,25.2,1008.4,63.54,0,NONE,NONE,NORMAL,0.0
2023-05-19T23:00:00Z,42921099999,"NASIK CITY, IN",19.9666666,73.8166666,598.0,23.87,1004.8,79.62,23.87,1004.8,79.62,0,NONE,NONE,NORMAL,0.0
2023-05-19T23:00:00Z,43003099999,"CHHATRAPATI SHIVAJI INTERNATIONAL, IN",19.088686,72.867919,11.27,29.0,1008.0,79.04,29.0,1008.0,79.04,0,NONE,NONE,NORMAL,0.0
2023-05-19T23:00:00Z,43057099999,"BOMBAY COLABA, IN",18.9,72.8166666,11.0,30.27,1009.69,70.18,31.65,1009.69,70.18,1,DRIFT,T,NORMAL,0.25
2023-05-19T23:00:00Z,43063099999,"PUNE, IN",18.5333333,73.85,558.0,24.6,1008.7,70.13,24.6,1008.7,70.13,0,NONE,NONE,NORMAL,0.0
2023-05-20T00:00:00Z,42921099999,"NASIK CITY, IN",19.9666666,73.8166666,598.0,23.0,1005.2,87.96,23.0,1005.2,87.96,0,NONE,NONE,NORMAL,0.0
2023-05-20T00:00:00Z,43003099999,"CHHATRAPATI SHIVAJI INTERNATIONAL, IN",19.088686,72.867919,11.27,28.0,1008.7,81.79,28.0,1008.7,81.79,0,NONE,NONE,NORMAL,0.0
2023-05-20T00:00:00Z,43057099999,"BOMBAY COLABA, IN",18.9,72.8166666,11.0,30.2,1009.84,69.88,31.73,1009.84,69.88,1,DRIFT,T,NORMAL,0.28
2023-05-20T00:00:00Z,43063099999,"PUNE, IN",18.5333333,73.85,558.0,24.0,1009.0,77.37,24.0,1009.0,77.37,0,NONE,NONE,NORMAL,0.0
2023-05-20T01:00:00Z,42921099999,"NASIK CITY, IN",19.9666666,73.8166666,598.0,24.07,1005.37,81.47,24.07,1005.37,81.47,0,NONE,NONE,NORMAL,0.0
2023-05-20T01:00:00Z,43003099999,"CHHATRAPATI SHIVAJI INTERNATIONAL, IN",19.088686,72.867919,11.27,29.0,1009.0,79.04,29.0,1009.0,79.04,0,NONE,NONE,NORMAL,0.0
2023-05-20T01:00:00Z,43057099999,"BOMBAY COLABA, IN",18.9,72.8166666,11.0,30.13,1009.99,69.59,31.81,1009.99,69.59,1,DRIFT,T,NORMAL,0.31
2023-05-20T01:00:00Z,43063099999,"PUNE, IN",18.5333333,73.85,558.0,25.27,1009.27,70.25,25.27,1009.27,70.25,0,NONE,NONE,NORMAL,0.0
2023-05-20T02:00:00Z,42921099999,"NASIK CITY, IN",19.9666666,73.8166666,598.0,25.13,1005.53,75.5,25.13,1005.53,75.5,0,NONE,NONE,NORMAL,0.0
2023-05-20T02:00:00Z,43003099999,"CHHATRAPATI SHIVAJI INTERNATIONAL, IN",19.088686,72.867919,11.27,30.0,1010.0,74.61,30.0,1010.0,74.61,0,NONE,NONE,NORMAL,0.0
2023-05-20T02:00:00Z,43057099999,"BOMBAY COLABA, IN",18.9,72.8166666,11.0,30.07,1010.15,69.3,31.9,1010.15,69.3,1,DRIFT,T,NORMAL,0.33
2023-05-20T02:00:00Z,43063099999,"PUNE, IN",18.5333333,73.85,558.0,26.53,1009.53,63.83,26.53,1009.53,63.83,0,NONE,NONE,NORMAL,0.0
2023-05-20T03:00:00Z,42921099999,"NASIK CITY, IN",19.9666666,73.8166666,598.0,26.2,1005.7,69.99,26.2,1005.7,69.99,0,NONE,NONE,NORMAL,0.0
2023-05-20T03:00:00Z,43003099999,"CHHATRAPATI SHIVAJI INTERNATIONAL, IN",19.088686,72.867919,11.27,29.8,1010.1,71.51,29.8,1010.1,71.51,0,NONE,NONE,NORMAL,0.0
2023-05-20T03:00:00Z,43057099999,"BOMBAY COLABA, IN",18.9,72.8166666,11.0,30.0,1010.3,69.01,31.98,1010.3,69.01,1,DRIFT,T,NORMAL,0.36
2023-05-20T03:00:00Z,43063099999,"PUNE, IN",18.5333333,73.85,558.0,27.8,1009.8,58.03,27.8,1009.8,58.03,0,NONE,NONE,NORMAL,0.0
2023-05-20T04:00:00Z,42921099999,"NASIK CITY, IN",19.9666666,73.8166666,598.0,28.7,1005.2,59.34,28.7,1005.2,59.34,0,NONE,NONE,NORMAL,0.0
2023-05-20T04:00:00Z,43003099999,"CHHATRAPATI SHIVAJI INTERNATIONAL, IN",19.088686,72.867919,11.27,32.0,1010.0,62.68,32.0,1010.0,62.68,0,NONE,NONE,NORMAL,0.0
2023-05-20T04:00:00Z,43057099999,"BOMBAY COLABA, IN",18.9,72.8166666,11.0,30.2,1010.07,68.68,32.33,1010.07,68.68,1,DRIFT,T,NORMAL,0.39
2023-05-20T04:00:00Z,43063099999,"PUNE, IN",18.5333333,73.85,558.0,30.13,1009.2,45.93,30.13,1009.2,45.93,0,NONE,NONE,NORMAL,0.0
2023-05-20T05:00:00Z,42921099999,"NASIK CITY, IN",19.9666666,73.8166666,598.0,31.2,1004.7,50.44,31.2,1004.7,50.44,0,NONE,NONE,NORMAL,0.0
2023-05-20T05:00:00Z,43003099999,"CHHATRAPATI SHIVAJI INTERNATIONAL, IN",19.088686,72.867919,11.27,32.0,1011.0,66.55,32.0,1011.0,66.55,0,NONE,NONE,NORMAL,0.0
2023-05-20T05:00:00Z,43057099999,"BOMBAY COLABA, IN",18.9,72.8166666,11.0,30.4,1009.83,68.35,32.68,1009.83,68.35,1,DRIFT,T,NORMAL,0.42
2023-05-20T05:00:00Z,43063099999,"PUNE, IN",18.5333333,73.85,558.0,32.47,1008.6,36.4,32.47,1008.6,36.4,0,NONE,NONE,NORMAL,0.0
2023-05-20T06:00:00Z,42921099999,"NASIK CITY, IN",19.9666666,73.8166666,598.0,33.7,1004.2,42.99,33.7,1004.2,42.99,0,NONE,NONE,NORMAL,0.0
2023-05-20T06:00:00Z,43003099999,"CHHATRAPATI SHIVAJI INTERNATIONAL, IN",19.088686,72.867919,11.27,33.0,1010.5,58.53,33.0,1010.5,58.53,0,NONE,NONE,NORMAL,0.0
2023-05-20T06:00:00Z,43057099999,"BOMBAY COLABA, IN",18.9,72.8166666,11.0,30.6,1009.6,68.02,33.03,1009.6,68.02,1,DRIFT,T,NORMAL,0.44
2023-05-20T06:00:00Z,43063099999,"PUNE, IN",18.5333333,73.85,558.0,34.8,1008.0,28.87,34.8,1008.0,28.87,0,NONE,NONE,NORMAL,0.0
2023-05-20T07:00:00Z,42921099999,"NASIK CITY, IN",19.9666666,73.8166666,598.0,34.67,1003.4,36.54,34.67,1003.4,36.54,0,NONE,NONE,NORMAL,0.0
2023-05-20T07:00:00Z,43003099999,"CHHATRAPATI SHIVAJI INTERNATIONAL, IN",19.088686,72.867919,11.27,33.0,1010.0,62.9,33.0,1010.0,62.9,0,NONE,NONE,NORMAL,0.0
2023-05-20T07:00:00Z,43057099999,"BOMBAY COLABA, IN",18.9,72.8166666,11.0,30.8,1009.37,67.7,33.38,1009.37,67.7,1,DRIFT,T,NORMAL,0.47
2023-05-20T07:00:00Z,43063099999,"PUNE, IN",18.5333333,73.85,558.0,35.87,1007.13,24.36,35.87,1007.13,24.36,0,NONE,NONE,NORMAL,0.0
2023-05-20T08:00:00Z,42921099999,"NASIK CITY, IN",19.9666666,73.8166666,598.0,35.63,1002.6,31.02,35.63,1002.6,31.02,0,NONE,NONE,NORMAL,0.0
2023-05-20T08:00:00Z,43003099999,"CHHATRAPATI SHIVAJI INTERNATIONAL, IN",19.088686,72.867919,11.27,32.0,1009.0,66.55,32.0,1009.0,66.55,0,NONE,NONE,NORMAL,0.0
2023-05-20T08:00:00Z,43057099999,"BOMBAY COLABA, IN",18.9,72.8166666,11.0,31.0,1009.13,67.38,33.73,1009.13,67.38,1,DRIFT,T,NORMAL,0.5
2023-05-20T08:00:00Z,43063099999,"PUNE, IN",18.5333333,73.85,558.0,36.93,1006.27,20.53,36.93,1006.27,20.53,0,NONE,NONE,NORMAL,0.0
2023-05-20T09:00:00Z,42921099999,"NASIK CITY, IN",19.9666666,73.8166666,598.0,36.6,1001.8,26.31,36.6,1001.8,26.31,0,NONE,NONE,NORMAL,0.0
2023-05-20T09:00:00Z,43003099999,"CHHATRAPATI SHIVAJI INTERNATIONAL, IN",19.088686,72.867919,11.27,33.6,1008.7,59.02,33.6,1008.7,59.02,0,NONE,NONE,NORMAL,0.0
2023-05-20T09:00:00Z,43057099999,"BOMBAY COLABA, IN",18.9,72.8166666,11.0,31.2,1008.9,67.06,34.08,1008.9,67.06,1,DRIFT,T,NORMAL,0.52
2023-05-20T09:00:00Z,43063099999,"PUNE, IN",18.5333333,73.85,558.0,38.0,1005.4,17.28,38.0,1005.4,17.28,0,NONE,NONE,NORMAL,0.0
2023-05-20T10:00:00Z,42921099999,"NASIK CITY, IN",19.9666666,73.8166666,598.0,36.47,1001.5,27.67,36.47,1001.5,27.67,0,NONE,NONE,NORMAL,0.0
2023-05-20T10:00:00Z,43003099999,"CHHATRAPATI SHIVAJI INTERNATIONAL, IN",19.088686,72.867919,11.27,32.0,1008.0,66.55,32.0,1008.0,66.55,0,NONE,NONE,NORMAL,0.0
2023-05-20T10:00:00Z,43057099999,"BOMBAY COLABA, IN",18.9,72.8166666,11.0,31.4,1008.67,66.74,34.43,1008.67,66.74,1,DRIFT,T,NORMAL,0.55
2023-05-20T10:00:00Z,43063099999,"PUNE, IN",18.5333333,73.85,558.0,37.47,1005.23,19.41,37.47,1005.23,19.41,0,NONE,NONE,NORMAL,0.0
2023-05-20T11:00:00Z,42921099999,"NASIK CITY, IN",19.9666666,73.8166666,598.0,36.33,1001.2,29.09,36.33,1001.2,29.09,0,NONE,NONE,NORMAL,0.0
2023-05-20T11:00:00Z,43003099999,"CHHATRAPATI SHIVAJI INTERNATIONAL, IN",19.088686,72.867919,11.27,32.0,1008.0,66.55,32.0,1008.0,66.55,0,NONE,NONE,NORMAL,0.0
2023-05-20T11:00:00Z,43057099999,"BOMBAY COLABA, IN",18.9,72.8166666,11.0,31.6,1008.43,66.43,34.78,1008.43,66.43,1,DRIFT,T,NORMAL,0.58
2023-05-20T11:00:00Z,43063099999,"PUNE, IN",18.5333333,73.85,558.0,36.93,1005.07,21.79,36.93,1005.07,21.79,0,NONE,NONE,NORMAL,0.0
2023-05-20T12:00:00Z,42921099999,"NASIK CITY, IN",19.9666666,73.8166666,598.0,36.2,1000.9,30.58,36.2,1000.9,30.58,0,NONE,NONE,NORMAL,0.0
2023-05-20T12:00:00Z,43003099999,"CHHATRAPATI SHIVAJI INTERNATIONAL, IN",19.088686,72.867919,11.27,32.0,1007.9,63.82,32.0,1007.9,63.82,0,NONE,NONE,NORMAL,0.0
2023-05-20T12:00:00Z,43057099999,"BOMBAY COLABA, IN",18.9,72.8166666,11.0,31.8,1008.2,66.12,35.13,1008.2,66.12,1,DRIFT,T,NORMAL,0.61
2023-05-20T12:00:00Z,43063099999,"PUNE, IN",18.5333333,73.85,558.0,36.4,1004.9,24.44,36.4,1004.9,24.44,0,NONE,NONE,NORMAL,0.0
2023-05-20T13:00:00Z,42921099999,"NASIK CITY, IN",19.9666666,73.8166666,598.0,34.3,1001.77,37.21,34.3,1001.77,37.21,0,NONE,NONE,NORMAL,0.0
2023-05-20T13:00:00Z,43003099999,"CHHATRAPATI SHIVAJI INTERNATIONAL, IN",19.088686,72.867919,11.27,31.0,1008.0,70.45,31.0,1008.0,70.45,0,NONE,NONE,NORMAL,0.0
2023-05-20T13:00:00Z,43057099999,"BOMBAY COLABA, IN",18.9,72.8166666,11.0,31.69,1008.4,66.39,35.17,1008.4,66.39,1,DRIFT,T,NORMAL,0.63
2023-05-20T13:00:00Z,43063099999,"PUNE, IN",18.5333333,73.85,558.0,34.73,1005.57,25.93,34.73,1005.57,25.93,0,NONE,NONE,NORMAL,0.0
2023-05-20T14:00:00Z,42921099999,"NASIK CITY, IN",19.9666666,73.8166666,598.0,32.4,1002.63,45.3,32.4,1002.63,45.3,0,NONE,NONE,NORMAL,0.0
2023-05-20T14:00:00Z,43003099999,"CHHATRAPATI SHIVAJI INTERNATIONAL, IN",19.088686,72.867919,11.27,30.0,1009.0,74.61,30.0,1009.0,74.61,0,NONE,NONE,NORMAL,0.0
2023-05-20T14:00:00Z,43057099999,"BOMBAY COLABA, IN",18.9,72.8166666,11.0,31.59,1008.6,66.66,35.22,1008.6,66.66,1,DRIFT,T,NORMAL,0.66
2023-05-20T14:00:00Z,43063099999,"PUNE, IN",18.5333333,73.85,558.0,33.07,1006.23,27.55,33.07,1006.23,27.55,0,NONE,NONE,NORMAL,0.0
2023-05-20T15:00:00Z,42921099999,"NASIK CITY, IN",19.9666666,73.8166666,598.0,30.5,1003.5,55.17,30.5,1003.5,55.17,0,NONE,NONE,NORMAL,0.0
2023-05-20T15:00:00Z,43003099999,"CHHATRAPATI SHIVAJI INTERNATIONAL, IN",19.088686,72.867919,11.27,30.0,1009.0,79.18,30.0,1009.0,79.18,0,NONE,NONE,NORMAL,0.0
2023-05-20T15:00:00Z,43057099999,"BOMBAY COLABA, IN",18.9,72.8166666,11.0,31.48,1008.8,66.93,35.26,1008.8,66.93,1,DRIFT,T,NORMAL,0.69
2023-05-20T15:00:00Z,43063099999,"PUNE, IN",18.5333333,73.85,558.0,31.4,1006.9,29.29,31.4,1006.9,29.29,0,NONE,NONE,NORMAL,0.0
2023-05-20T16:00:00Z,42921099999,"NASIK CITY, IN",19.9666666,73.8166666,598.0,29.07,1004.17,60.78,29.07,1004.17,60.78,0,NONE,NONE,NORMAL,0.0
2023-05-20T16:00:00Z,43003099999,"CHHATRAPATI SHIVAJI INTERNATIONAL, IN",19.088686,72.867919,11.27,30.0,1010.0,74.61,30.0,1010.0,74.61,0,NONE,NONE,NORMAL,0.0
2023-05-20T16:00:00Z,43057099999,"BOMBAY COLABA, IN",18.9,72.8166666,11.0,31.37,1009.0,67.2,35.3,1009.0,67.2,1,DRIFT,T,NORMAL,0.72
2023-05-20T16:00:00Z,43063099999,"PUNE, IN",18.5333333,73.85,558.0,29.93,1007.63,39.43,29.93,1007.63,39.43,0,NONE,NONE,NORMAL,0.0
2023-05-20T17:00:00Z,42921099999,"NASIK CITY, IN",19.9666666,73.8166666,598.0,27.63,1004.83,67.03,27.63,1004.83,67.03,0,NONE,NONE,NORMAL,0.0
2023-05-20T17:00:00Z,43003099999,"CHHATRAPATI SHIVAJI INTERNATIONAL, IN",19.088686,72.867919,11.27,30.0,1010.0,74.61,30.0,1010.0,74.61,0,NONE,NONE,NORMAL,0.0
2023-05-20T17:00:00Z,43057099999,"BOMBAY COLABA, IN",18.9,72.8166666,11.0,31.27,1009.2,67.48,35.35,1009.2,67.48,1,DRIFT,T,NORMAL,0.74
2023-05-20T17:00:00Z,43063099999,"PUNE, IN",18.5333333,73.85,558.0,28.47,1008.37,52.87,28.47,1008.37,52.87,0,NONE,NONE,NORMAL,0.0
2023-05-20T18:00:00Z,42921099999,"NASIK CITY, IN",19.9666666,73.8166666,598.0,26.2,1005.5,73.98,26.2,1005.5,73.98,0,NONE,NONE,NORMAL,0.0
2023-05-20T18:00:00Z,43003099999,"CHHATRAPATI SHIVAJI INTERNATIONAL, IN",19.088686,72.867919,11.27,29.6,1009.9,75.44,29.6,1009.9,75.44,0,NONE,NONE,NORMAL,0.0
2023-05-20T18:00:00Z,43057099999,"BOMBAY COLABA, IN",18.9,72.8166666,11.0,31.16,1009.4,67.75,35.39,1009.4,67.75,1,DRIFT,T,NORMAL,0.77
2023-05-20T18:00:00Z,43063099999,"PUNE, IN",18.5333333,73.85,558.0,27.0,1009.1,70.57,27.0,1009.1,70.57,0,NONE,NONE,NORMAL,0.0
2023-05-20T19:00:00Z,42921099999,"NASIK CITY, IN",19.9666666,73.8166666,598.0,25.33,1005.17,77.41,25.33,1005.17,77.41,0,NONE,NONE,NORMAL,0.0
2023-05-20T19:00:00Z,43003099999,"CHHATRAPATI SHIVAJI INTERNATIONAL, IN",19.088686,72.867919,11.27,30.0,1010.0,74.61,30.0,1010.0,74.61,0,NONE,NONE,NORMAL,0.0
2023-05-20T19:00:00Z,43057099999,"BOMBAY COLABA, IN",18.9,72.8166666,11.0,31.05,1009.6,68.03,35.43,1009.6,68.03,1,DRIFT,T,NORMAL,0.8
2023-05-20T19:00:00Z,43063099999,"PUNE, IN",18.5333333,73.85,558.0,26.27,1008.87,72.94,26.27,1008.87,72.94,0,NONE,NONE,NORMAL,0.0
2023-05-20T20:00:00Z,42921099999,"NASIK CITY, IN",19.9666666,73.8166666,598.0,24.47,1004.83,81.02,24.47,1004.83,81.02,0,NONE,NONE,NORMAL,0.0
2023-05-20T20:00:00Z,43003099999,"CHHATRAPATI SHIVAJI INTERNATIONAL, IN",19.088686,72.867919,11.27,30.0,1009.0,74.61,30.0,1009.0,74.61,0,NONE,NONE,NORMAL,0.0
2023-05-20T20:00:00Z,43057099999,"BOMBAY COLABA, IN",18.9,72.8166666,11.0,30.95,1009.8,68.31,35.48,1009.8,68.31,1,DRIFT,T,NORMAL,0.82
2023-05-20T20:00:00Z,43063099999,"PUNE, IN",18.5333333,73.85,558.0,25.53,1008.63,75.4,25.53,1008.63,75.4,0,NONE,NONE,NORMAL,0.0
2023-05-20T21:00:00Z,42921099999,"NASIK CITY, IN",19.9666666,73.8166666,598.0,23.6,1004.5,84.83,23.6,1004.5,84.83,0,NONE,NONE,NORMAL,0.0
2023-05-20T21:00:00Z,43003099999,"CHHATRAPATI SHIVAJI INTERNATIONAL, IN",19.088686,72.867919,11.27,29.2,1008.7,74.92,29.2,1008.7,74.92,0,NONE,NONE,NORMAL,0.0
2023-05-20T21:00:00Z,43057099999,"BOMBAY COLABA, IN",18.9,72.8166666,11.0,30.84,1010.0,68.59,30.84,1010.0,68.59,0,NONE,NONE,NORMAL,0.0
2023-05-20T21:00:00Z,43063099999,"PUNE, IN",18.5333333,73.85,558.0,24.8,1008.4,77.97,24.8,1008.4,77.97,0,NONE,NONE,NORMAL,0.0
2023-05-20T22:00:00Z,42921099999,"NASIK CITY, IN",19.9666666,73.8166666,598.0,23.13,1004.77,86.9,23.13,1004.77,86.9,0,NONE,NONE,NORMAL,0.0
2023-05-20T22:00:00Z,43003099999,"CHHATRAPATI SHIVAJI INTERNATIONAL, IN",19.088686,72.867919,11.27,29.0,1008.0,79.04,29.0,1008.0,79.04,0,NONE,NONE,NORMAL,0.0
2023-05-20T22:00:00Z,43057099999,"BOMBAY COLABA, IN",18.9,72.8166666,11.0,30.73,1010.2,68.87,30.73,1010.2,68.87,0,NONE,NONE,NORMAL,0.0
2023-05-20T22:00:00Z,43063099999,"PUNE, IN",18.5333333,73.85,558.0,24.4,1008.5,79.86,24.4,1008.5,79.86,0,NONE,NONE,NORMAL,0.0
2023-05-20T23:00:00Z,42921099999,"NASIK CITY, IN",19.9666666,73.8166666,598.0,22.67,1005.03,89.03,22.67,1005.03,89.03,0,NONE,NONE,NORMAL,0.0
2023-05-20T23:00:00Z,43003099999,"CHHATRAPATI SHIVAJI INTERNATIONAL, IN",19.088686,72.867919,11.27,29.0,1008.0,74.44,29.0,1008.0,74.44,0,NONE,NONE,NORMAL,0.0
2023-05-20T23:00:00Z,43057099999,"BOMBAY COLABA, IN",18.9,72.8166666,11.0,30.63,1010.4,69.16,30.63,1010.4,69.16,0,NONE,NONE,NORMAL,0.0
2023-05-20T23:00:00Z,43063099999,"PUNE, IN",18.5333333,73.85,558.0,24.0,1008.6,81.8,24.0,1008.6,81.8,0,NONE,NONE,NORMAL,0.0
2023-05-21T00:00:00Z,42921099999,"NASIK CITY, IN",19.9666666,73.8166666,598.0,22.2,1005.3,91.22,22.2,1005.3,91.22,0,NONE,NONE,NORMAL,0.0
2023-05-21T00:00:00Z,43003099999,"CHHATRAPATI SHIVAJI INTERNATIONAL, IN",19.088686,72.867919,11.27,28.2,1008.5,78.93,28.2,1008.5,78.93,0,NONE,NONE,NORMAL,0.0
2023-05-21T00:00:00Z,43057099999,"BOMBAY COLABA, IN",18.9,72.8166666,11.0,30.52,1010.6,69.44,30.52,1010.6,69.44,0,NONE,NONE,NORMAL,0.0
2023-05-21T00:00:00Z,43063099999,"PUNE, IN",18.5333333,73.85,558.0,23.6,1008.7,83.79,23.6,1008.7,83.79,0,NONE,NONE,NORMAL,0.0
2023-05-21T01:00:00Z,42921099999,"NASIK CITY, IN",19.9666666,73.8166666,598.0,23.33,1005.83,84.46,23.33,1005.83,84.46,0,NONE,NONE,NORMAL,0.0
2023-05-21T01:00:00Z,43003099999,"CHHATRAPATI SHIVAJI INTERNATIONAL, IN",19.088686,72.867919,11.27,29.0,1009.0,79.04,29.0,1009.0,79.04,0,NONE,NONE,NORMAL,0.0
2023-05-21T01:00:00Z,43057099999,"BOMBAY COLABA, IN",18.9,72.8166666,11.0,30.41,1010.8,69.73,30.41,1010.8,69.73,0,NONE,NONE,NORMAL,0.0
2023-05-21T01:00:00Z,43063099999,"PUNE, IN",18.5333333,73.85,558.0,24.73,1009.27,76.53,24.73,1009.27,76.53,0,NONE,NONE,NORMAL,0.0
2023-05-21T02:00:00Z,42921099999,"NASIK CITY, IN",19.9666666,73.8166666,598.0,24.47,1006.37,78.24,24.47,1006.37,78.24,0,NONE,NONE,NORMAL,0.0
2023-05-21T02:00:00Z,43003099999,"CHHATRAPATI SHIVAJI INTERNATIONAL, IN",19.088686,72.867919,11.27,30.0,1010.0,74.61,30.0,1010.0,74.61,0,NONE,NONE,NORMAL,0.0
2023-05-21T02:00:00Z,43057099999,"BOMBAY COLABA, IN",18.9,72.8166666,11.0,30.31,1011.0,70.01,30.31,1011.0,70.01,0,NONE,NONE,NORMAL,0.0
2023-05-21T02:00:00Z,43063099999,"PUNE, IN",18.5333333,73.85,558.0,25.87,1009.83,69.93,25.87,1009.83,69.93,0,NONE,NONE,NORMAL,0.0
2023-05-21T03:00:00Z,42921099999,"NASIK CITY, IN",19.9666666,73.8166666,598.0,25.6,1006.9,72.53,25.6,1006.9,72.53,0,NONE,NONE,NORMAL,0.0
2023-05-21T03:00:00Z,43003099999,"CHHATRAPATI SHIVAJI INTERNATIONAL, IN",19.088686,72.867919,11.27,30.4,1011.0,66.63,30.4,1011.0,66.63,0,NONE,NONE,NORMAL,0.0
2023-05-21T03:00:00Z,43057099999,"BOMBAY COLABA, IN",18.9,72.8166666,11.0,30.2,1011.2,70.3,30.2,1011.2,70.3,0,NONE,NONE,NORMAL,0.0
2023-05-21T03:00:00Z,43063099999,"PUNE, IN",18.5333333,73.85,558.0,27.0,1010.4,63.93,27.0,1010.4,63.93,0,NONE,NONE,NORMAL,0.0
2023-05-21T04:00:00Z,42921099999,"NASIK CITY, IN",19.9666666,73.8166666,598.0,27.97,1006.37,58.07,27.97,1006.37,58.07,0,NONE,NONE,NORMAL,0.0
2023-05-21T04:00:00Z,43003099999,"CHHATRAPATI SHIVAJI INTERNATIONAL, IN",19.088686,72.867919,11.27,32.0,1011.0,66.55,32.0,1011.0,66.55,0,NONE,NONE,NORMAL,0.0
2023-05-21T04:00:00Z,43057099999,"BOMBAY COLABA, IN",18.9,72.8166666,11.0,30.31,1010.96,69.9,30.31,1010.96,69.9,0,NONE,NONE,NORMAL,0.0
2023-05-21T04:00:00Z,43063099999,"PUNE, IN",18.5333333,73.85,558.0,29.47,1009.87,50.1,29.47,1009.87,50.1,0,NONE,NONE,NORMAL,0.0
2023-05-21T05:00:00Z,42921099999,"NASIK CITY, IN",19.9666666,73.8166666,598.0,30.33,1005.83,46.57,30.33,1005.83,46.57,0,NONE,NONE,NORMAL,0.0
2023-05-21T05:00:00Z,43003099999,"CHHATRAPATI SHIVAJI INTERNATIONAL, IN",19.088686,72.867919,11.27,32.0,1011.0,62.68,32.0,1011.0,62.68,0,NONE,NONE,NORMAL,0.0
2023-05-21T05:00:00Z,43057099999,"BOMBAY COLABA, IN",18.9,72.8166666,11.0,30.42,1010.71,69.51,30.42,1010.71,69.51,0,NONE,NONE,NORMAL,0.0
2023-05-21T05:00:00Z,43063099999,"PUNE, IN",18.5333333,73.85,558.0,31.93,1009.33,39.31,31.93,1009.33,39.31,0,NONE,NONE,NORMAL,0.0
2023-05-21T06:00:00Z,42921099999,"NASIK CITY, IN",19.9666666,73.8166666,598.0,32.7,1005.3,37.4,32.7,1005.3,37.4,0,NONE,NONE,NORMAL,0.0
2023-05-21T06:00:00Z,43003099999,"CHHATRAPATI SHIVAJI INTERNATIONAL, IN",19.088686,72.867919,11.27,33.0,1011.1,58.53,33.0,1011.1,58.53,0,NONE,NONE,NORMAL,0.0
2023-05-21T06:00:00Z,43057099999,"BOMBAY COLABA, IN",18.9,72.8166666,11.0,30.53,1010.47,69.11,30.53,1010.47,69.11,0,NONE,NONE,NORMAL,0.0
2023-05-21T06:00:00Z,43063099999,"PUNE, IN",18.5333333,73.85,558.0,34.4,1008.8,30.89,16.4,1008.8,30.89,1,SPIKE,T,NORMAL,0.9
2023-05-21T07:00:00Z,42921099999,"NASIK CITY, IN",19.9666666,73.8166666,598.0,34.3,1004.37,33.83,34.3,1004.37,33.83,0,NONE,NONE,NORMAL,0.0
2023-05-21T07:00:00Z,43003099999,"CHHATRAPATI SHIVAJI INTERNATIONAL, IN",19.088686,72.867919,11.27,32.5,1010.55,60.57,32.5,1010.55,60.57,0,NONE,NONE,NORMAL,0.0
2023-05-21T07:00:00Z,43057099999,"BOMBAY COLABA, IN",18.9,72.8166666,11.0,30.64,1010.22,68.72,30.64,1010.22,68.72,0,NONE,NONE,NORMAL,0.0
2023-05-21T07:00:00Z,43063099999,"PUNE, IN",18.5333333,73.85,558.0,35.6,1007.83,28.47,17.6,1007.83,28.47,1,SPIKE,T,NORMAL,0.9
2023-05-21T08:00:00Z,42921099999,"NASIK CITY, IN",19.9666666,73.8166666,598.0,35.9,1003.43,30.63,35.9,1003.43,30.63,0,NONE,NONE,NORMAL,0.0
2023-05-21T08:00:00Z,43003099999,"CHHATRAPATI SHIVAJI INTERNATIONAL, IN",19.088686,72.867919,11.27,32.0,1010.0,62.68,32.0,1010.0,62.68,0,NONE,NONE,NORMAL,0.0
2023-05-21T08:00:00Z,43057099999,"BOMBAY COLABA, IN",18.9,72.8166666,11.0,30.76,1009.98,68.33,30.76,1009.98,68.33,0,NONE,NONE,NORMAL,0.0
2023-05-21T08:00:00Z,43063099999,"PUNE, IN",18.5333333,73.85,558.0,36.8,1006.87,26.25,36.8,1006.87,26.25,0,NONE,NONE,NORMAL,0.0
2023-05-21T09:00:00Z,42921099999,"NASIK CITY, IN",19.9666666,73.8166666,598.0,37.5,1002.5,27.76,37.5,1002.5,27.76,0,NONE,NONE,NORMAL,0.0
2023-05-21T09:00:00Z,43003099999,"CHHATRAPATI SHIVAJI INTERNATIONAL, IN",19.088686,72.867919,11.27,32.0,1010.0,59.01,32.0,1010.0,59.01,0,NONE,NONE,NORMAL,0.0
2023-05-21T09:00:00Z,43057099999,"BOMBAY COLABA, IN",18.9,72.8166666,11.0,30.87,1009.73,67.94,30.87,1009.73,67.94,0,NONE,NONE,NORMAL,0.0
2023-05-21T09:00:00Z,43063099999,"PUNE, IN",18.5333333,73.85,558.0,38.0,1005.9,24.22,38.0,1005.9,24.22,0,NONE,NONE,NORMAL,0.0
2023-05-21T10:00:00Z,42921099999,"NASIK CITY, IN",19.9666666,73.8166666,598.0,36.83,1002.27,28.55,36.83,1002.27,28.55,0,NONE,NONE,NORMAL,0.0
2023-05-21T10:00:00Z,43003099999,"CHHATRAPATI SHIVAJI INTERNATIONAL, IN",19.088686,72.867919,11.27,32.0,1009.0,59.01,32.0,1009.0,59.01,0,NONE,NONE,NORMAL,0.0
2023-05-21T10:00:00Z,43057099999,"BOMBAY COLABA, IN",18.9,72.8166666,11.0,30.98,1009.49,67.56,30.98,1009.49,67.56,0,NONE,NONE,NORMAL,0.0
2023-05-21T10:00:00Z,43063099999,"PUNE, IN",18.5333333,73.85,558.0,37.33,1005.67,26.33,37.33,1005.67,26.33,0,NONE,NONE,NORMAL,0.0
2023-05-21T11:00:00Z,42921099999,"NASIK CITY, IN",19.9666666,73.8166666,598.0,36.17,1002.03,29.36,36.17,1002.03,29.36,0,NONE,NONE,NORMAL,0.0
2023-05-21T11:00:00Z,43003099999,"CHHATRAPATI SHIVAJI INTERNATIONAL, IN",19.088686,72.867919,11.27,33.0,1009.0,62.9,33.0,1009.0,62.9,0,NONE,NONE,NORMAL,0.0
2023-05-21T11:00:00Z,43057099999,"BOMBAY COLABA, IN",18.9,72.8166666,11.0,31.09,1009.24,67.17,31.09,1009.24,67.17,0,NONE,NONE,NORMAL,0.0
2023-05-21T11:00:00Z,43063099999,"PUNE, IN",18.5333333,73.85,558.0,36.67,1005.43,28.63,36.67,1005.43,28.63,0,NONE,NONE,NORMAL,0.0
2023-05-21T12:00:00Z,42921099999,"NASIK CITY, IN",19.9666666,73.8166666,598.0,35.5,1001.8,30.2,35.5,1001.8,30.2,0,NONE,NONE,NORMAL,0.0
2023-05-21T12:00:00Z,43003099999,"CHHATRAPATI SHIVAJI INTERNATIONAL, IN",19.088686,72.867919,11.27,32.6,1008.8,60.59,32.6,1008.8,60.59,0,NONE,NONE,NORMAL,0.0
2023-05-21T12:00:00Z,43057099999,"BOMBAY COLABA, IN",18.9,72.8166666,11.0,31.2,1009.0,66.79,31.2,1009.0,66.79,0,NONE,NONE,NORMAL,0.0
2023-05-21T12:00:00Z,43063099999,"PUNE, IN",18.5333333,73.85,558.0,36.0,1005.2,31.12,36.0,1005.2,31.12,0,NONE,NONE,NORMAL,0.0
2023-05-21T13:00:00Z,42921099999,"NASIK CITY, IN",19.9666666,73.8166666,598.0,33.53,1002.83,36.3,33.53,1002.83,36.3,0,NONE,NONE,NORMAL,0.0
2023-05-21T13:00:00Z,43003099999,"CHHATRAPATI SHIVAJI INTERNATIONAL, IN",19.088686,72.867919,11.27,31.0,1009.0,70.45,31.0,1009.0,70.45,0,NONE,NONE,NORMAL,0.0
2023-05-21T13:00:00Z,43057099999,"BOMBAY COLABA, IN",18.9,72.8166666,11.0,31.09,1009.23,67.58,31.09,1009.23,67.58,0,NONE,NONE,NORMAL,0.0
2023-05-21T13:00:00Z,43063099999,"PUNE, IN",18.5333333,73.85,558.0,33.87,1006.5,38.85,33.87,1006.5,38.85,0,NONE,NONE,NORMAL,0.0
2023-05-21T14:00:00Z,42921099999,"NASIK CITY, IN",19.9666666,73.8166666,598.0,31.57,1003.87,43.68,31.57,1003.87,43.68,0,NONE,NONE,NORMAL,0.0
2023-05-21T14:00:00Z,43003099999,"CHHATRAPATI SHIVAJI INTERNATIONAL, IN",19.088686,72.867919,11.27,30.0,1010.0,74.61,30.0,1010.0,74.61,0,NONE,NONE,NORMAL,0.0
2023-05-21T14:00:00Z,43057099999,"BOMBAY COLABA, IN",18.9,72.8166666,11.0,30.99,1009.47,68.37,30.99,1009.47,68.37,0,NONE,NONE,NORMAL,0.0
2023-05-21T14:00:00Z,43063099999,"PUNE, IN",18.5333333,73.85,558.0,31.73,1007.8,48.53,31.73,1007.8,48.53,0,NONE,NONE,NORMAL,0.0
2023-05-21T15:00:00Z,42921099999,"NASIK CITY, IN",19.9666666,73.8166666,598.0,29.6,1004.9,52.6,29.6,1004.9,52.6,0,NONE,NONE,NORMAL,0.0
2023-05-21T15:00:00Z,43003099999,"CHHATRAPATI SHIVAJI INTERNATIONAL, IN",19.088686,72.867919,11.27,30.0,1010.3,71.54,30.0,1010.3,71.54,0,NONE,NONE,NORMAL,0.0
2023-05-21T15:00:00Z,43057099999,"BOMBAY COLABA, IN",18.9,72.8166666,11.0,30.88,1009.7,69.18,30.88,1009.7,69.18,0,NONE,NONE,NORMAL,0.0
2023-05-21T15:00:00Z,43063099999,"PUNE, IN",18.5333333,73.85,558.0,29.6,1009.1,60.66,29.6,1009.1,60.66,0,NONE,NONE,NORMAL,0.0
2023-05-21T16:00:00Z,42921099999,"NASIK CITY, IN",19.9666666,73.8166666,598.0,28.27,1005.7,58.51,28.27,1005.7,58.51,0,NONE,NONE,NORMAL,0.0
2023-05-21T16:00:00Z,43003099999,"CHHATRAPATI SHIVAJI INTERNATIONAL, IN",19.088686,72.867919,11.27,30.0,1011.0,74.61,30.0,1011.0,74.61,0,NONE,NONE,NORMAL,0.0
2023-05-21T16:00:00Z,43057099999,"BOMBAY COLABA, IN",18.9,72.8166666,11.0,30.77,1009.93,69.99,30.77,1009.93,69.99,0,NONE,NONE,NORMAL,0.0
2023-05-21T16:00:00Z,43063099999,"PUNE, IN",18.5333333,73.85,558.0,28.6,1009.77,64.93,28.6,1009.77,64.93,0,NONE,NONE,NORMAL,0.0
2023-05-21T17:00:00Z,42921099999,"NASIK CITY, IN",19.9666666,73.8166666,598.0,26.93,1006.5,65.12,26.93,1006.5,65.12,0,NONE,NONE,NORMAL,0.0
2023-05-21T17:00:00Z,43003099999,"CHHATRAPATI SHIVAJI INTERNATIONAL, IN",19.088686,72.867919,11.27,30.0,1011.0,74.61,30.0,1011.0,74.61,0,NONE,NONE,NORMAL,0.0
2023-05-21T17:00:00Z,43057099999,"BOMBAY COLABA, IN",18.9,72.8166666,11.0,30.67,1010.17,70.81,30.67,1010.17,70.81,0,NONE,NONE,NORMAL,0.0
2023-05-21T17:00:00Z,43063099999,"PUNE, IN",18.5333333,73.85,558.0,27.6,1010.43,69.54,27.6,1010.43,69.54,0,NONE,NONE,NORMAL,0.0
2023-05-21T18:00:00Z,42921099999,"NASIK CITY, IN",19.9666666,73.8166666,598.0,25.6,1007.3,72.53,25.6,1007.3,72.53,0,NONE,NONE,NORMAL,0.0
2023-05-21T18:00:00Z,43003099999,"CHHATRAPATI SHIVAJI INTERNATIONAL, IN",19.088686,72.867919,11.27,29.8,1011.4,78.21,29.8,1011.4,78.21,0,NONE,NONE,NORMAL,0.0
2023-05-21T18:00:00Z,43057099999,"BOMBAY COLABA, IN",18.9,72.8166666,11.0,30.56,1010.4,71.64,30.56,1010.4,71.64,0,NONE,NONE,NORMAL,0.0
2023-05-21T18:00:00Z,43063099999,"PUNE, IN",18.5333333,73.85,558.0,26.6,1011.1,74.5,26.6,1011.1,74.5,0,NONE,NONE,NORMAL,0.0
2023-05-21T19:00:00Z,42921099999,"NASIK CITY, IN",19.9666666,73.8166666,598.0,24.93,1006.87,76.87,24.93,1006.87,76.87,0,NONE,NONE,NORMAL,0.0
2023-05-21T19:00:00Z,43003099999,"CHHATRAPATI SHIVAJI INTERNATIONAL, IN",19.088686,72.867919,11.27,30.0,1011.0,74.61,30.0,1011.0,74.61,0,NONE,NONE,NORMAL,0.0
2023-05-21T19:00:00Z,43057099999,"BOMBAY COLABA, IN",18.9,72.8166666,11.0,30.45,1010.63,72.49,30.45,1010.63,72.49,0,NONE,NONE,NORMAL,0.0
2023-05-21T19:00:00Z,43063099999,"PUNE, IN",18.5333333,73.85,558.0,26.0,1010.5,77.04,26.0,1010.5,77.04,0,NONE,NONE,NORMAL,0.0
2023-05-21T20:00:00Z,42921099999,"NASIK CITY, IN",19.9666666,73.8166666,598.0,24.27,1006.43,81.5,24.27,1006.43,81.5,0,NONE,NONE,NORMAL,0.0
2023-05-21T20:00:00Z,43003099999,"CHHATRAPATI SHIVAJI INTERNATIONAL, IN",19.088686,72.867919,11.27,30.0,1010.0,74.61,30.0,1010.0,74.61,0,NONE,NONE,NORMAL,0.0
2023-05-21T20:00:00Z,43057099999,"BOMBAY COLABA, IN",18.9,72.8166666,11.0,30.35,1010.87,73.34,30.35,1010.87,73.34,0,NONE,NONE,NORMAL,0.0
2023-05-21T20:00:00Z,43063099999,"PUNE, IN",18.5333333,73.85,558.0,25.4,1009.9,79.67,25.4,1009.9,79.67,0,NONE,NONE,NORMAL,0.0
2023-05-21T21:00:00Z,42921099999,"NASIK CITY, IN",19.9666666,73.8166666,598.0,23.6,1006.0,86.41,23.6,1006.0,86.41,0,NONE,NONE,NORMAL,0.0
2023-05-21T21:00:00Z,43003099999,"CHHATRAPATI SHIVAJI INTERNATIONAL, IN",19.088686,72.867919,11.27,29.0,1009.0,79.04,29.0,1009.0,79.04,0,NONE,NONE,NORMAL,0.0
2023-05-21T21:00:00Z,43057099999,"BOMBAY COLABA, IN",18.9,72.8166666,11.0,30.24,1011.1,74.2,30.24,1011.1,74.2,0,NONE,NONE,NORMAL,0.0
2023-05-21T21:00:00Z,43063099999,"PUNE, IN",18.5333333,73.85,558.0,24.8,1009.3,82.4,24.8,1009.3,82.4,0,NONE,NONE,NORMAL,0.0
2023-05-21T22:00:00Z,42921099999,"NASIK CITY, IN",19.9666666,73.8166666,598.0,23.4,1006.03,87.46,23.4,1006.03,87.46,0,NONE,NONE,NORMAL,0.0
2023-05-21T22:00:00Z,43003099999,"CHHATRAPATI SHIVAJI INTERNATIONAL, IN",19.088686,72.867919,11.27,29.0,1009.0,79.04,29.0,1009.0,79.04,0,NONE,NONE,NORMAL,0.0
2023-05-21T22:00:00Z,43057099999,"BOMBAY COLABA, IN",18.9,72.8166666,11.0,30.13,1011.33,75.07,30.13,1011.33,75.07,0,NONE,NONE,NORMAL,0.0
2023-05-21T22:00:00Z,43063099999,"PUNE, IN",18.5333333,73.85,558.0,24.33,1009.5,82.68,24.33,1009.5,82.68,0,NONE,NONE,NORMAL,0.0
2023-05-21T23:00:00Z,42921099999,"NASIK CITY, IN",19.9666666,73.8166666,598.0,23.2,1006.07,88.52,23.2,1006.07,88.52,0,NONE,NONE,NORMAL,0.0
2023-05-21T23:00:00Z,43003099999,"CHHATRAPATI SHIVAJI INTERNATIONAL, IN",19.088686,72.867919,11.27,29.0,1009.0,79.04,29.0,1009.0,79.04,0,NONE,NONE,NORMAL,0.0
2023-05-21T23:00:00Z,43057099999,"BOMBAY COLABA, IN",18.9,72.8166666,11.0,30.03,1011.57,75.96,30.03,1011.57,75.96,0,NONE,NONE,NORMAL,0.0
2023-05-21T23:00:00Z,43063099999,"PUNE, IN",18.5333333,73.85,558.0,23.87,1009.7,82.97,23.87,1009.7,82.97,0,NONE,NONE,NORMAL,0.0
2023-05-22T00:00:00Z,42921099999,"NASIK CITY, IN",19.9666666,73.8166666,598.0,23.0,1006.1,89.6,23.0,1006.1,89.6,0,NONE,NONE,NORMAL,0.0
2023-05-22T00:00:00Z,43003099999,"CHHATRAPATI SHIVAJI INTERNATIONAL, IN",19.088686,72.867919,11.27,28.4,1009.4,78.96,28.4,1009.4,78.96,0,NONE,NONE,NORMAL,0.0
2023-05-22T00:00:00Z,43057099999,"BOMBAY COLABA, IN",18.9,72.8166666,11.0,29.92,1011.8,76.85,29.92,1011.8,76.85,0,NONE,NONE,NORMAL,0.0
2023-05-22T00:00:00Z,43063099999,"PUNE, IN",18.5333333,73.85,558.0,23.4,1009.9,83.26,23.4,1009.9,83.26,0,NONE,NONE,NORMAL,0.0
2023-05-22T01:00:00Z,42921099999,"NASIK CITY, IN",19.9666666,73.8166666,598.0,24.33,1006.67,81.51,24.33,1006.67,81.51,0,NONE,NONE,NORMAL,0.0
2023-05-22T01:00:00Z,43003099999,"CHHATRAPATI SHIVAJI INTERNATIONAL, IN",19.088686,72.867919,11.27,29.0,1010.0,79.04,29.0,1010.0,79.04,0,NONE,NONE,NORMAL,0.0
2023-05-22T01:00:00Z,43057099999,"BOMBAY COLABA, IN",18.9,72.8166666,11.0,29.81,1012.03,77.75,29.81,1012.03,77.75,0,NONE,NONE,NORMAL,0.0
2023-05-22T01:00:00Z,43063099999,"PUNE, IN",18.5333333,73.85,558.0,25.07,1010.53,74.4,25.07,1010.53,74.4,0,NONE,NONE,NORMAL,0.0
2023-05-22T02:00:00Z,42921099999,"NASIK CITY, IN",19.9666666,73.8166666,598.0,25.67,1007.23,74.2,25.67,1007.23,74.2,0,NONE,NONE,NORMAL,0.0
2023-05-22T02:00:00Z,43003099999,"CHHATRAPATI SHIVAJI INTERNATIONAL, IN",19.088686,72.867919,11.27,30.0,1011.0,74.61,30.0,1011.0,74.61,0,NONE,NONE,NORMAL,0.0
2023-05-22T02:00:00Z,43057099999,"BOMBAY COLABA, IN",18.9,72.8166666,11.0,29.71,1012.27,78.67,29.71,1012.27,78.67,0,NONE,NONE,NORMAL,0.0
2023-05-22T02:00:00Z,43063099999,"PUNE, IN",18.5333333,73.85,558.0,26.73,1011.17,66.57,26.73,1011.17,66.57,0,NONE,NONE,NORMAL,0.0
2023-05-22T03:00:00Z,42921099999,"NASIK CITY, IN",19.9666666,73.8166666,598.0,27.0,1007.8,67.6,27.0,1007.8,67.6,0,NONE,NONE,NORMAL,0.0
2023-05-22T03:00:00Z,43003099999,"CHHATRAPATI SHIVAJI INTERNATIONAL, IN",19.088686,72.867919,11.27,30.2,1012.0,74.19,30.2,1012.0,74.19,0,NONE,NONE,NORMAL,0.0
2023-05-22T03:00:00Z,43057099999,"BOMBAY COLABA, IN",18.9,72.8166666,11.0,29.6,1012.5,79.59,29.6,1012.5,79.59,0,NONE,NONE,NORMAL,0.0
2023-05-22T03:00:00Z,43063099999,"PUNE, IN",18.5333333,73.85,558.0,28.4,1011.8,59.64,28.4,1011.8,59.64,0,NONE,NONE,NORMAL,0.0
2023-05-22T04:00:00Z,42921099999,"NASIK CITY, IN",19.9666666,73.8166666,598.0,29.5,1007.07,53.35,29.5,1007.07,53.35,0,NONE,NONE,NORMAL,0.0
2023-05-22T04:00:00Z,43003099999,"CHHATRAPATI SHIVAJI INTERNATIONAL, IN",19.088686,72.867919,11.27,31.0,1013.0,70.45,31.0,1013.0,70.45,0,NONE,NONE,NORMAL,0.0
2023-05-22T04:00:00Z,43057099999,"BOMBAY COLABA, IN",18.9,72.8166666,11.0,29.8,1012.16,77.75,29.8,1012.16,77.75,0,NONE,NONE,NORMAL,0.0
2023-05-22T04:00:00Z,43063099999,"PUNE, IN",18.5333333,73.85,558.0,30.6,1011.1,45.67,30.6,1011.1,45.67,0,NONE,NONE,NORMAL,0.0
2023-05-22T05:00:00Z,42921099999,"NASIK CITY, IN",19.9666666,73.8166666,598.0,32.0,1006.33,42.17,32.0,1006.33,42.17,0,NONE,NONE,NORMAL,0.0
2023-05-22T05:00:00Z,43003099999,"CHHATRAPATI SHIVAJI INTERNATIONAL, IN",19.088686,72.867919,11.27,31.0,1013.0,70.45,31.0,1013.0,70.45,0,NONE,NONE,NORMAL,0.0
2023-05-22T05:00:00Z,43057099999,"BOMBAY COLABA, IN",18.9,72.8166666,11.0,30.0,1011.81,75.95,30.0,1011.81,75.95,0,NONE,NONE,NORMAL,0.0
2023-05-22T05:00:00Z,43063099999,"PUNE, IN",18.5333333,73.85,558.0,32.8,1010.4,34.96,32.8,1010.4,34.96,0,NONE,NONE,NORMAL,0.0
2023-05-22T06:00:00Z,42921099999,"NASIK CITY, IN",19.9666666,73.8166666,598.0,34.5,1005.6,33.39,34.5,1005.6,33.39,0,NONE,NONE,NORMAL,0.0
2023-05-22T06:00:00Z,43003099999,"CHHATRAPATI SHIVAJI INTERNATIONAL, IN",19.088686,72.867919,11.27,32.0,1012.0,66.55,32.0,1012.0,66.55,0,NONE,NONE,NORMAL,0.0
2023-05-22T06:00:00Z,43057099999,"BOMBAY COLABA, IN",18.9,72.8166666,11.0,30.2,1011.47,74.19,30.2,1011.47,74.19,0,NONE,NONE,NORMAL,0.0
2023-05-22T06:00:00Z,43063099999,"PUNE, IN",18.5333333,73.85,558.0,35.0,1009.7,26.75,35.0,1009.7,26.75,0,NONE,NONE,NORMAL,0.0
2023-05-22T07:00:00Z,42921099999,"NASIK CITY, IN",19.9666666,73.8166666,598.0,35.2,1004.8,31.37,35.2,1004.8,31.37,0,NONE,NONE,NORMAL,0.0
2023-05-22T07:00:00Z,43003099999,"CHHATRAPATI SHIVAJI INTERNATIONAL, IN",19.088686,72.867919,11.27,33.0,1012.0,59.24,33.0,1012.0,59.24,0,NONE,NONE,NORMAL,0.0
2023-05-22T07:00:00Z,43057099999,"BOMBAY COLABA, IN",18.9,72.8166666,11.0,30.4,1011.12,72.48,30.4,1011.12,72.48,0,NONE,NONE,NORMAL,0.0
2023-05-22T07:00:00Z,43063099999,"PUNE, IN",18.5333333,73.85,558.0,35.93,1008.7,26.54,35.93,1008.7,26.54,0,NONE,NONE,NORMAL,0.0
2023-05-22T08:00:00Z,42921099999,"NASIK CITY, IN",19.9666666,73.8166666,598.0,35.9,1004.0,29.48,35.9,1004.0,29.48,0,NONE,NONE,NORMAL,0.0
2023-05-22T08:00:00Z,43003099999,"CHHATRAPATI SHIVAJI INTERNATIONAL, IN",19.088686,72.867919,11.27,32.0,1011.0,62.68,32.0,1011.0,62.68,0,NONE,NONE,NORMAL,0.0
2023-05-22T08:00:00Z,43057099999,"BOMBAY COLABA, IN",18.9,72.8166666,11.0,30.6,1010.78,70.8,30.6,1010.78,70.8,0,NONE,NONE,NORMAL,0.0
2023-05-22T08:00:00Z,43063099999,"PUNE, IN",18.5333333,73.85,558.0,36.87,1007.7,26.32,36.87,1007.7,26.32,0,NONE,NONE,NORMAL,0.0
2023-05-22T09:00:00Z,42921099999,"NASIK CITY, IN",19.9666666,73.8166666,598.0,36.6,1003.2,27.7,36.6,1003.2,27.7,0,NONE,NONE,NORMAL,0.0
2023-05-22T09:00:00Z,43003099999,"CHHATRAPATI SHIVAJI INTERNATIONAL, IN",19.088686,72.867919,11.27,32.6,1010.7,59.51,32.6,1010.7,59.51,0,NONE,NONE,NORMAL,0.0
2023-05-22T09:00:00Z,43057099999,"BOMBAY COLABA, IN",18.9,72.8166666,11.0,30.8,1010.43,69.16,30.8,1010.43,69.16,0,NONE,NONE,NORMAL,0.0
2023-05-22T09:00:00Z,43063099999,"PUNE, IN",18.5333333,73.85,558.0,37.8,1006.7,26.12,37.8,1006.7,26.12,0,NONE,NONE,NORMAL,0.0
2023-05-22T10:00:00Z,42921099999,"NASIK CITY, IN",19.9666666,73.8166666,598.0,36.07,1002.97,30.22,36.07,1002.97,30.22,0,NONE,NONE,NORMAL,0.0
2023-05-22T10:00:00Z,43003099999,"CHHATRAPATI SHIVAJI INTERNATIONAL, IN",19.088686,72.867919,11.27,33.0,1010.0,59.24,33.0,1010.0,59.24,0,NONE,NONE,NORMAL,0.0
2023-05-22T10:00:00Z,43057099999,"BOMBAY COLABA, IN",18.9,72.8166666,11.0,31.0,1010.09,67.56,31.0,1010.09,67.56,0,NONE,NONE,NORMAL,0.0
2023-05-22T10:00:00Z,43063099999,"PUNE, IN",18.5333333,73.85,558.0,37.07,1006.43,28.73,37.07,1006.43,28.73,0,NONE,NONE,NORMAL,0.0
2023-05-22T11:00:00Z,42921099999,"NASIK CITY, IN",19.9666666,73.8166666,598.0,35.53,1002.73,32.96,35.53,1002.73,32.96,0,NONE,NONE,NORMAL,0.0
2023-05-22T11:00:00Z,43003099999,"CHHATRAPATI SHIVAJI INTERNATIONAL, IN",19.088686,72.867919,11.27,32.0,1009.0,62.68,32.0,1009.0,62.68,0,NONE,NONE,NORMAL,0.0
2023-05-22T11:00:00Z,43057099999,"BOMBAY COLABA, IN",18.9,72.8166666,11.0,31.2,1009.74,66.0,31.2,1009.74,66.0,0,NONE,NONE,NORMAL,0.0
2023-05-22T11:00:00Z,43063099999,"PUNE, IN",18.5333333,73.85,558.0,36.33,1006.17,31.61,36.33,1006.17,31.61,0,NONE,NONE,NORMAL,0.0
2023-05-22T12:00:00Z,42921099999,"NASIK CITY, IN",19.9666666,73.8166666,598.0,35.0,1002.5,35.94,35.0,1002.5,35.94,0,NONE,NONE,NORMAL,0.0
2023-05-22T12:00:00Z,43003099999,"CHHATRAPATI SHIVAJI INTERNATIONAL, IN",19.088686,72.867919,11.27,32.0,1009.2,63.82,32.0,1009.2,63.82,0,NONE,NONE,NORMAL,0.0
2023-05-22T12:00:00Z,43057099999,"BOMBAY COLABA, IN",18.9,72.8166666,11.0,31.4,1009.4,64.47,31.4,1009.4,64.47,0,NONE,NONE,NORMAL,0.0
2023-05-22T12:00:00Z,43063099999,"PUNE, IN",18.5333333,73.85,558.0,35.6,1005.9,34.77,35.6,1005.9,34.77,0,NONE,NONE,NORMAL,0.0
2023-05-22T13:00:00Z,42921099999,"NASIK CITY, IN",19.9666666,73.8166666,598.0,33.17,1003.37,38.74,33.17,1003.37,38.74,0,NONE,NONE,NORMAL,0.0
2023-05-22T13:00:00Z,43003099999,"CHHATRAPATI SHIVAJI INTERNATIONAL, IN",19.088686,72.867919,11.27,31.0,1009.0,70.45,31.0,1009.0,70.45,0,NONE,NONE,NORMAL,0.0
2023-05-22T13:00:00Z,43057099999,"BOMBAY COLABA, IN",18.9,72.8166666,11.0,31.32,1009.62,65.31,31.32,1009.62,65.31,0,NONE,NONE,NORMAL,0.0
2023-05-22T13:00:00Z,43063099999,"PUNE, IN",18.5333333,73.85,558.0,33.47,1007.2,43.19,33.47,1007.2,43.19,0,NONE,NONE,NORMAL,0.0
2023-05-22T14:00:00Z,42921099999,"NASIK CITY, IN",19.9666666,73.8166666,598.0,31.33,1004.23,41.81,31.33,1004.23,41.81,0,NONE,NONE,NORMAL,0.0
2023-05-22T14:00:00Z,43003099999,"CHHATRAPATI SHIVAJI INTERNATIONAL, IN",19.088686,72.867919,11.27,30.0,1010.0,74.61,30.0,1010.0,74.61,0,NONE,NONE,NORMAL,0.0
2023-05-22T14:00:00Z,43057099999,"BOMBAY COLABA, IN",18.9,72.8166666,11.0,31.24,1009.84,66.16,31.24,1009.84,66.16,0,NONE,NONE,NORMAL,0.0
2023-05-22T14:00:00Z,43063099999,"PUNE, IN",18.5333333,73.85,558.0,31.33,1008.5,53.69,31.33,1008.5,53.69,0,NONE,NONE,NORMAL,0.0
2023-05-22T15:00:00Z,42921099999,"NASIK CITY, IN",19.9666666,73.8166666,598.0,29.5,1005.1,45.19,29.5,1005.1,45.19,0,NONE,NONE,NORMAL,0.0
2023-05-22T15:00:00Z,43003099999,"CHHATRAPATI SHIVAJI INTERNATIONAL, IN",19.088686,72.867919,11.27,30.0,1009.8,72.84,30.0,1009.8,72.84,0,NONE,NONE,NORMAL,0.0
2023-05-22T15:00:00Z,43057099999,"BOMBAY COLABA, IN",18.9,72.8166666,11.0,31.16,1010.06,67.03,31.16,1010.06,67.03,0,NONE,NONE,NORMAL,0.0
2023-05-22T15:00:00Z,43063099999,"PUNE, IN",18.5333333,73.85,558.0,29.2,1009.8,66.8,29.2,-999.0,66.8,1,DROPOUT,P,NORMAL,1.0
2023-05-22T16:00:00Z,42921099999,"NASIK CITY, IN",19.9666666,73.8166666,598.0,30.74,1004.91,34.85,30.74,1004.91,34.85,0,NONE,NONE,HEATBURST,0.0
2023-05-22T16:00:00Z,43003099999,"CHHATRAPATI SHIVAJI INTERNATIONAL, IN",19.088686,72.867919,11.27,30.0,1010.0,74.61,30.0,1010.0,74.61,0,NONE,NONE,NORMAL,0.0
2023-05-22T16:00:00Z,43057099999,"BOMBAY COLABA, IN",18.9,72.8166666,11.0,31.08,1010.28,67.9,31.08,1010.28,67.9,0,NONE,NONE,NORMAL,0.0
2023-05-22T16:00:00Z,43063099999,"PUNE, IN",18.5333333,73.85,558.0,28.27,1009.73,67.02,28.27,-999.0,67.02,1,DROPOUT,P,NORMAL,1.0
2023-05-22T17:00:00Z,42921099999,"NASIK CITY, IN",19.9666666,73.8166666,598.0,33.37,1004.24,18.19,33.37,1004.24,18.19,0,NONE,NONE,HEATBURST,0.0
2023-05-22T17:00:00Z,43003099999,"CHHATRAPATI SHIVAJI INTERNATIONAL, IN",19.088686,72.867919,11.27,30.0,1011.0,74.61,30.0,1011.0,74.61,0,NONE,NONE,NORMAL,0.0
2023-05-22T17:00:00Z,43057099999,"BOMBAY COLABA, IN",18.9,72.8166666,11.0,31.0,1010.5,68.79,31.0,1010.5,68.79,0,NONE,NONE,NORMAL,0.0
2023-05-22T17:00:00Z,43063099999,"PUNE, IN",18.5333333,73.85,558.0,27.33,1009.67,67.25,27.33,-999.0,67.25,1,DROPOUT,P,NORMAL,1.0
2023-05-22T18:00:00Z,42921099999,"NASIK CITY, IN",19.9666666,73.8166666,598.0,27.06,1006.61,42.89,27.06,1006.61,42.89,0,NONE,NONE,HEATBURST,0.0
2023-05-22T18:00:00Z,43003099999,"CHHATRAPATI SHIVAJI INTERNATIONAL, IN",19.088686,72.867919,11.27,29.4,1009.3,77.69,29.4,1009.3,77.69,0,NONE,NONE,NORMAL,0.0
2023-05-22T18:00:00Z,43057099999,"BOMBAY COLABA, IN",18.9,72.8166666,11.0,30.92,1010.72,69.68,30.92,1010.72,69.68,0,NONE,NONE,NORMAL,0.0
2023-05-22T18:00:00Z,43063099999,"PUNE, IN",18.5333333,73.85,558.0,26.4,1009.6,67.48,26.4,-999.0,67.48,1,DROPOUT,P,NORMAL,1.0
2023-05-22T19:00:00Z,42921099999,"NASIK CITY, IN",19.9666666,73.8166666,598.0,25.07,1006.77,56.05,25.07,1006.77,56.05,0,NONE,NONE,NORMAL,0.0
2023-05-22T19:00:00Z,43003099999,"CHHATRAPATI SHIVAJI INTERNATIONAL, IN",19.088686,72.867919,11.27,30.0,1010.0,79.18,30.0,1010.0,79.18,0,NONE,NONE,NORMAL,0.0
2023-05-22T19:00:00Z,43057099999,"BOMBAY COLABA, IN",18.9,72.8166666,11.0,30.84,1010.94,70.59,30.84,1010.94,70.59,0,NONE,NONE,NORMAL,0.0
2023-05-22T19:00:00Z,43063099999,"PUNE, IN",18.5333333,73.85,558.0,26.13,1009.7,67.84,26.13,-999.0,67.84,1,DROPOUT,P,NORMAL,1.0
2023-05-22T20:00:00Z,42921099999,"NASIK CITY, IN",19.9666666,73.8166666,598.0,24.53,1006.43,63.26,24.53,1006.43,63.26,0,NONE,NONE,NORMAL,0.0
2023-05-22T20:00:00Z,43003099999,"CHHATRAPATI SHIVAJI INTERNATIONAL, IN",19.088686,72.867919,11.27,30.0,1010.0,79.18,30.0,1010.0,79.18,0,NONE,NONE,NORMAL,0.0
2023-05-22T20:00:00Z,43057099999,"BOMBAY COLABA, IN",18.9,72.8166666,11.0,30.76,1011.16,71.51,30.76,1011.16,71.51,0,NONE,NONE,NORMAL,0.0
2023-05-22T20:00:00Z,43063099999,"PUNE, IN",18.5333333,73.85,558.0,25.87,1009.8,68.21,25.87,-999.0,68.21,1,DROPOUT,P,NORMAL,1.0
2023-05-22T21:00:00Z,42921099999,"NASIK CITY, IN",19.9666666,73.8166666,598.0,24.0,1006.1,71.34,24.0,1006.1,71.34,0,NONE,NONE,NORMAL,0.0
2023-05-22T21:00:00Z,43003099999,"CHHATRAPATI SHIVAJI INTERNATIONAL, IN",19.088686,72.867919,11.27,29.0,1009.8,80.47,29.0,1009.8,80.47,0,NONE,NONE,NORMAL,0.0
2023-05-22T21:00:00Z,43057099999,"BOMBAY COLABA, IN",18.9,72.8166666,11.0,30.68,1011.38,72.44,30.68,1011.38,72.44,0,NONE,NONE,NORMAL,0.0
2023-05-22T21:00:00Z,43063099999,"PUNE, IN",18.5333333,73.85,558.0,25.6,1009.9,68.59,25.6,-999.0,68.59,1,DROPOUT,P,NORMAL,1.0
2023-05-22T22:00:00Z,42921099999,"NASIK CITY, IN",19.9666666,73.8166666,598.0,23.67,1006.6,77.48,23.67,1006.6,77.48,0,NONE,NONE,NORMAL,0.0
2023-05-22T22:00:00Z,43003099999,"CHHATRAPATI SHIVAJI INTERNATIONAL, IN",19.088686,72.867919,11.27,30.0,1010.0,79.18,30.0,1010.0,79.18,0,NONE,NONE,NORMAL,0.0
2023-05-22T22:00:00Z,43057099999,"BOMBAY COLABA, IN",18.9,72.8166666,11.0,30.6,1011.6,73.38,30.6,1011.6,73.38,0,NONE,NONE,NORMAL,0.0
2023-05-22T22:00:00Z,43063099999,"PUNE, IN",18.5333333,73.85,558.0,25.07,1010.37,68.63,25.07,-999.0,68.63,1,DROPOUT,P,NORMAL,1.0
2023-05-22T23:00:00Z,42921099999,"NASIK CITY, IN",19.9666666,73.8166666,598.0,23.33,1007.1,84.11,23.33,1007.1,84.11,0,NONE,NONE,NORMAL,0.0
2023-05-22T23:00:00Z,43003099999,"CHHATRAPATI SHIVAJI INTERNATIONAL, IN",19.088686,72.867919,11.27,29.0,1011.0,83.88,29.0,1011.0,83.88,0,NONE,NONE,NORMAL,0.0
2023-05-22T23:00:00Z,43057099999,"BOMBAY COLABA, IN",18.9,72.8166666,11.0,30.52,1011.82,74.33,30.52,1011.82,74.33,0,NONE,NONE,NORMAL,0.0
2023-05-22T23:00:00Z,43063099999,"PUNE, IN",18.5333333,73.85,558.0,24.53,1010.83,68.66,24.53,-999.0,68.66,1,DROPOUT,P,NORMAL,1.0
2023-05-23T00:00:00Z,42921099999,"NASIK CITY, IN",19.9666666,73.8166666,598.0,23.0,1007.6,91.27,23.0,1007.6,91.27,0,NONE,NONE,NORMAL,0.0
2023-05-23T00:00:00Z,43003099999,"CHHATRAPATI SHIVAJI INTERNATIONAL, IN",19.088686,72.867919,11.27,28.4,1011.2,83.32,28.4,1011.2,83.32,0,NONE,NONE,NORMAL,0.0
2023-05-23T00:00:00Z,43057099999,"BOMBAY COLABA, IN",18.9,72.8166666,11.0,30.44,1012.04,75.3,30.44,1012.04,75.3,0,NONE,NONE,NORMAL,0.0
2023-05-23T00:00:00Z,43063099999,"PUNE, IN",18.5333333,73.85,558.0,24.0,1011.3,68.7,24.0,-999.0,68.7,1,DROPOUT,P,NORMAL,1.0
2023-05-23T01:00:00Z,42921099999,"NASIK CITY, IN",19.9666666,73.8166666,598.0,24.2,1007.8,84.2,24.2,1007.8,84.2,0,NONE,NONE,NORMAL,0.0
2023-05-23T01:00:00Z,43003099999,"CHHATRAPATI SHIVAJI INTERNATIONAL, IN",19.088686,72.867919,11.27,29.0,1011.0,83.88,29.0,1011.0,83.88,0,NONE,NONE,NORMAL,0.0
2023-05-23T01:00:00Z,43057099999,"BOMBAY COLABA, IN",18.9,72.8166666,11.0,30.36,1012.26,76.28,30.36,1012.26,76.28,0,NONE,NONE,NORMAL,0.0
2023-05-23T01:00:00Z,43063099999,"PUNE, IN",18.5333333,73.85,558.0,25.53,1011.37,59.98,25.53,-999.0,59.98,1,DROPOUT,P,NORMAL,1.0
2023-05-23T02:00:00Z,42921099999,"NASIK CITY, IN",19.9666666,73.8166666,598.0,25.4,1008.0,77.74,25.4,1008.0,77.74,0,NONE,NONE,NORMAL,0.0
2023-05-23T02:00:00Z,43003099999,"CHHATRAPATI SHIVAJI INTERNATIONAL, IN",19.088686,72.867919,11.27,30.0,1012.0,79.18,30.0,1012.0,79.18,0,NONE,NONE,NORMAL,0.0
2023-05-23T02:00:00Z,43057099999,"BOMBAY COLABA, IN",18.9,72.8166666,11.0,30.28,1012.48,77.27,30.28,1012.48,77.27,0,NONE,NONE,NORMAL,0.0
2023-05-23T02:00:00Z,43063099999,"PUNE, IN",18.5333333,73.85,558.0,27.07,1011.43,52.4,27.07,-999.0,52.4,1,DROPOUT,P,NORMAL,1.0
2023-05-23T03:00:00Z,42921099999,"NASIK CITY, IN",19.9666666,73.8166666,598.0,26.6,1008.2,71.81,26.6,1008.2,71.81,0,NONE,NONE,NORMAL,0.0
2023-05-23T03:00:00Z,43003099999,"CHHATRAPATI SHIVAJI INTERNATIONAL, IN",19.088686,72.867919,11.27,30.0,1012.0,79.18,30.0,1012.0,79.18,0,NONE,NONE,NORMAL,0.0
2023-05-23T03:00:00Z,43057099999,"BOMBAY COLABA, IN",18.9,72.8166666,11.0,30.2,1012.7,78.27,30.2,1012.7,78.27,0,NONE,NONE,NORMAL,0.0
2023-05-23T03:00:00Z,43063099999,"PUNE, IN",18.5333333,73.85,558.0,28.6,1011.5,45.81,28.6,1011.5,45.81,0,NONE,NONE,NORMAL,0.0
2023-05-23T04:00:00Z,42921099999,"NASIK CITY, IN",19.9666666,73.8166666,598.0,28.6,1007.67,57.98,28.6,1007.67,57.98,0,NONE,NONE,NORMAL,0.0
2023-05-23T04:00:00Z,43003099999,"CHHATRAPATI SHIVAJI INTERNATIONAL, IN",19.088686,72.867919,11.27,30.0,1013.0,74.61,30.0,1013.0,74.61,0,NONE,NONE,NORMAL,0.0
2023-05-23T04:00:00Z,43057099999,"BOMBAY COLABA, IN",18.9,72.8166666,11.0,30.33,1012.26,77.27,30.33,1012.26,77.27,0,NONE,NONE,NORMAL,0.0
2023-05-23T04:00:00Z,43063099999,"PUNE, IN",18.5333333,73.85,558.0,31.13,1010.67,35.87,31.13,1010.67,35.87,0,NONE,NONE,NORMAL,0.0
2023-05-23T05:00:00Z,42921099999,"NASIK CITY, IN",19.9666666,73.8166666,598.0,30.6,1007.13,46.84,30.6,1007.13,46.84,0,NONE,NONE,NORMAL,0.0
2023-05-23T05:00:00Z,43003099999,"CHHATRAPATI SHIVAJI INTERNATIONAL, IN",19.088686,72.867919,11.27,32.0,1013.0,70.63,32.0,1013.0,70.63,0,NONE,NONE,NORMAL,0.0
2023-05-23T05:00:00Z,43057099999,"BOMBAY COLABA, IN",18.9,72.8166666,11.0,30.47,1011.81,76.27,30.47,1011.81,76.27,0,NONE,NONE,NORMAL,0.0
2023-05-23T05:00:00Z,43063099999,"PUNE, IN",18.5333333,73.85,558.0,33.67,1009.83,28.13,33.67,1009.83,28.13,0,NONE,NONE,NORMAL,0.0
2023-05-23T06:00:00Z,42921099999,"NASIK CITY, IN",19.9666666,73.8166666,598.0,32.6,1006.6,37.86,32.6,1006.6,37.86,0,NONE,NONE,NORMAL,0.0
2023-05-23T06:00:00Z,43003099999,"CHHATRAPATI SHIVAJI INTERNATIONAL, IN",19.088686,72.867919,11.27,33.6,1012.2,60.45,33.6,1012.2,60.45,0,NONE,NONE,NORMAL,0.0
2023-05-23T06:00:00Z,43057099999,"BOMBAY COLABA, IN",18.9,72.8166666,11.0,30.6,1011.37,75.3,30.6,1011.37,75.3,0,NONE,NONE,NORMAL,0.0
2023-05-23T06:00:00Z,43063099999,"PUNE, IN",18.5333333,73.85,558.0,36.2,1009.0,22.09,36.2,1009.0,22.09,0,NONE,NONE,NORMAL,0.0
2023-05-23T07:00:00Z,42921099999,"NASIK CITY, IN",19.9666666,73.8166666,598.0,33.93,1005.43,36.26,33.93,1005.43,36.26,0,NONE,NONE,NORMAL,0.0
2023-05-23T07:00:00Z,43003099999,"CHHATRAPATI SHIVAJI INTERNATIONAL, IN",19.088686,72.867919,11.27,34.0,1011.0,59.47,34.0,1011.0,59.47,0,NONE,NONE,NORMAL,0.0
2023-05-23T07:00:00Z,43057099999,"BOMBAY COLABA, IN",18.9,72.8166666,11.0,30.73,1010.92,74.33,30.73,1010.92,74.33,0,NONE,NONE,NORMAL,0.0
2023-05-23T07:00:00Z,43063099999,"PUNE, IN",18.5333333,73.85,558.0,37.4,1007.8,20.96,37.4,1007.8,20.96,0,NONE,NONE,NORMAL,0.0
2023-05-23T08:00:00Z,42921099999,"NASIK CITY, IN",19.9666666,73.8166666,598.0,35.27,1004.27,34.75,35.27,1004.27,34.75,0,NONE,NONE,NORMAL,0.0
2023-05-23T08:00:00Z,43003099999,"CHHATRAPATI SHIVAJI INTERNATIONAL, IN",19.088686,72.867919,11.27,34.0,1010.0,59.47,34.0,1010.0,59.47,0,NONE,NONE,NORMAL,0.0
2023-05-23T08:00:00Z,43057099999,"BOMBAY COLABA, IN",18.9,72.8166666,11.0,30.87,1010.48,73.38,30.87,1010.48,73.38,0,NONE,NONE,NORMAL,0.0
2023-05-23T08:00:00Z,43063099999,"PUNE, IN",18.5333333,73.85,558.0,38.6,1006.6,19.9,38.6,1006.6,19.9,0,NONE,NONE,NORMAL,0.0
2023-05-23T09:00:00Z,42921099999,"NASIK CITY, IN",19.9666666,73.8166666,598.0,36.6,1003.1,33.32,36.6,1003.1,33.32,0,NONE,NONE,NORMAL,0.0
2023-05-23T09:00:00Z,43003099999,"CHHATRAPATI SHIVAJI INTERNATIONAL, IN",19.088686,72.867919,11.27,33.8,1009.7,52.68,33.8,1009.7,52.68,0,NONE,NONE,NORMAL,0.0
2023-05-23T09:00:00Z,43057099999,"BOMBAY COLABA, IN",18.9,72.8166666,11.0,31.0,1010.03,72.44,31.0,1010.03,72.44,0,NONE,NONE,NORMAL,0.0
2023-05-23T09:00:00Z,43063099999,"PUNE, IN",18.5333333,73.85,558.0,39.8,1005.4,18.91,39.8,1005.4,18.91,0,NONE,NONE,NORMAL,0.0
2023-05-23T10:00:00Z,42921099999,"NASIK CITY, IN",19.9666666,73.8166666,598.0,36.27,1002.5,33.51,36.27,1002.5,33.51,0,NONE,NONE,NORMAL,0.0
2023-05-23T10:00:00Z,43003099999,"CHHATRAPATI SHIVAJI INTERNATIONAL, IN",19.088686,72.867919,11.27,33.0,1009.0,52.48,33.0,1009.0,52.48,0,NONE,NONE,NORMAL,0.0
2023-05-23T10:00:00Z,43057099999,"BOMBAY COLABA, IN",18.9,72.8166666,11.0,31.13,1009.59,71.51,31.13,1009.59,71.51,0,NONE,NONE,NORMAL,0.0
2023-05-23T10:00:00Z,43063099999,"PUNE, IN",18.5333333,73.85,558.0,38.67,1005.0,22.81,38.67,1005.0,22.81,0,NONE,NONE,NORMAL,0.0
2023-05-23T11:00:00Z,42921099999,"NASIK CITY, IN",19.9666666,73.8166666,598.0,35.93,1001.9,33.71,35.93,1001.9,33.71,0,NONE,NONE,NORMAL,0.0
2023-05-23T11:00:00Z,43003099999,"CHHATRAPATI SHIVAJI INTERNATIONAL, IN",19.088686,72.867919,11.27,33.0,1009.0,59.24,33.0,1009.0,59.24,0,NONE,NONE,NORMAL,0.0
2023-05-23T11:00:00Z,43057099999,"BOMBAY COLABA, IN",18.9,72.8166666,11.0,31.27,1009.14,70.59,31.27,1009.14,70.59,0,NONE,NONE,NORMAL,0.0
2023-05-23T11:00:00Z,43063099999,"PUNE, IN",18.5333333,73.85,558.0,37.53,1004.6,27.48,37.53,1004.6,27.48,0,NONE,NONE,NORMAL,0.0
2023-05-23T12:00:00Z,42921099999,"NASIK CITY, IN",19.9666666,73.8166666,598.0,35.6,1001.3,33.9,35.6,1001.3,33.9,0,NONE,NONE,NORMAL,0.0
2023-05-23T12:00:00Z,43003099999,"CHHATRAPATI SHIVAJI INTERNATIONAL, IN",19.088686,72.867919,11.27,32.4,1008.5,60.55,32.4,1008.5,60.55,0,NONE,NONE,NORMAL,0.0
2023-05-23T12:00:00Z,43057099999,"BOMBAY COLABA, IN",18.9,72.8166666,11.0,31.4,1008.7,69.69,31.4,1008.7,69.69,0,NONE,NONE,NORMAL,0.0
2023-05-23T12:00:00Z,43063099999,"PUNE, IN",18.5333333,73.85,558.0,36.4,1004.2,33.06,36.4,1004.2,33.06,0,NONE,NONE,NORMAL,0.0
2023-05-23T13:00:00Z,42921099999,"NASIK CITY, IN",19.9666666,73.8166666,598.0,33.57,1002.37,37.88,33.57,1002.37,37.88,0,NONE,NONE,NORMAL,0.0
2023-05-23T13:00:00Z,43003099999,"CHHATRAPATI SHIVAJI INTERNATIONAL, IN",19.088686,72.867919,11.27,31.0,1008.0,70.45,31.0,1008.0,70.45,0,NONE,NONE,NORMAL,0.0
2023-05-23T13:00:00Z,43057099999,"BOMBAY COLABA, IN",18.9,72.8166666,11.0,31.33,1008.86,69.98,31.33,1008.86,69.98,0,NONE,NONE,NORMAL,0.0
2023-05-23T13:00:00Z,43063099999,"PUNE, IN",18.5333333,73.85,558.0,34.27,1005.63,37.2,34.27,1005.63,37.2,0,NONE,NONE,NORMAL,0.0
2023-05-23T14:00:00Z,42921099999,"NASIK CITY, IN",19.9666666,73.8166666,598.0,31.53,1003.43,42.4,31.53,1003.43,42.4,0,NONE,NONE,NORMAL,0.0
2023-05-23T14:00:00Z,43003099999,"CHHATRAPATI SHIVAJI INTERNATIONAL, IN",19.088686,72.867919,11.27,30.0,1009.0,74.61,30.0,1009.0,74.61,0,NONE,NONE,NORMAL,0.0
2023-05-23T14:00:00Z,43057099999,"BOMBAY COLABA, IN",18.9,72.8166666,11.0,31.27,1009.02,70.27,31.27,1009.02,70.27,0,NONE,NONE,NORMAL,0.0
2023-05-23T14:00:00Z,43063099999,"PUNE, IN",18.5333333,73.85,558.0,32.13,1007.07,41.94,32.13,1007.07,41.94,0,NONE,NONE,NORMAL,0.0
2023-05-23T15:00:00Z,42921099999,"NASIK CITY, IN",19.9666666,73.8166666,598.0,29.5,1004.5,47.54,29.5,1004.5,47.54,0,NONE,NONE,NORMAL,0.0
2023-05-23T15:00:00Z,43003099999,"CHHATRAPATI SHIVAJI INTERNATIONAL, IN",19.088686,72.867919,11.27,30.0,1009.8,72.84,30.0,1009.8,72.84,0,NONE,NONE,NORMAL,0.0
2023-05-23T15:00:00Z,43057099999,"BOMBAY COLABA, IN",18.9,72.8166666,11.0,31.2,1009.18,70.57,31.2,1009.18,70.57,0,NONE,NONE,NORMAL,0.0
2023-05-23T15:00:00Z,43063099999,"PUNE, IN",18.5333333,73.85,558.0,30.0,1008.5,47.37,30.0,1008.5,47.37,0,NONE,NONE,NORMAL,0.0
2023-05-23T16:00:00Z,42921099999,"NASIK CITY, IN",19.9666666,73.8166666,598.0,28.33,1005.13,52.17,28.33,1005.13,52.17,0,NONE,NONE,NORMAL,0.0
2023-05-23T16:00:00Z,43003099999,"CHHATRAPATI SHIVAJI INTERNATIONAL, IN",19.088686,72.867919,11.27,30.0,1010.0,74.61,30.0,1010.0,74.61,0,NONE,NONE,NORMAL,0.0
2023-05-23T16:00:00Z,43057099999,"BOMBAY COLABA, IN",18.9,72.8166666,11.0,31.13,1009.34,70.87,31.13,1009.34,70.87,0,NONE,NONE,NORMAL,0.0
2023-05-23T16:00:00Z,43063099999,"PUNE, IN",18.5333333,73.85,558.0,29.07,1009.13,49.06,29.07,1009.13,49.06,0,NONE,NONE,NORMAL,0.0
2023-05-23T17:00:00Z,42921099999,"NASIK CITY, IN",19.9666666,73.8166666,598.0,27.17,1005.77,57.28,27.17,1005.77,57.28,0,NONE,NONE,NORMAL,0.0
2023-05-23T17:00:00Z,43003099999,"CHHATRAPATI SHIVAJI INTERNATIONAL, IN",19.088686,72.867919,11.27,30.0,1011.0,74.61,30.0,1011.0,74.61,0,NONE,NONE,NORMAL,0.0
2023-05-23T17:00:00Z,43057099999,"BOMBAY COLABA, IN",18.9,72.8166666,11.0,31.07,1009.5,71.17,31.07,1009.5,71.17,0,NONE,NONE,NORMAL,0.0
2023-05-23T17:00:00Z,43063099999,"PUNE, IN",18.5333333,73.85,558.0,28.13,1009.77,50.82,28.13,1009.77,50.82,0,NONE,NONE,NORMAL,0.0
2023-05-23T18:00:00Z,42921099999,"NASIK CITY, IN",19.9666666,73.8166666,598.0,26.0,1006.4,62.92,26.0,1006.4,62.92,0,NONE,NONE,NORMAL,0.0
2023-05-23T18:00:00Z,43003099999,"CHHATRAPATI SHIVAJI INTERNATIONAL, IN",19.088686,72.867919,11.27,29.8,1011.2,74.13,29.8,1011.2,74.13,0,NONE,NONE,NORMAL,0.0
2023-05-23T18:00:00Z,43057099999,"BOMBAY COLABA, IN",18.9,72.8166666,11.0,31.0,1009.66,71.47,31.0,1009.66,71.47,0,NONE,NONE,NORMAL,0.0
2023-05-23T18:00:00Z,43063099999,"PUNE, IN",18.5333333,73.85,558.0,27.2,1010.4,52.66,27.2,1010.4,52.66,0,NONE,NONE,NORMAL,0.0
2023-05-23T19:00:00Z,42921099999,"NASIK CITY, IN",19.9666666,73.8166666,598.0,25.4,1005.97,66.16,25.4,1005.97,66.16,0,NONE,NONE,NORMAL,0.0
2023-05-23T19:00:00Z,43003099999,"CHHATRAPATI SHIVAJI INTERNATIONAL, IN",19.088686,72.867919,11.27,30.0,1011.0,74.61,30.0,1011.0,74.61,0,NONE,NONE,NORMAL,0.0
2023-05-23T19:00:00Z,43057099999,"BOMBAY COLABA, IN",18.9,72.8166666,11.0,30.93,1009.82,71.77,30.93,1009.82,71.77,0,NONE,NONE,NORMAL,0.0
2023-05-23T19:00:00Z,43063099999,"PUNE, IN",18.5333333,73.85,558.0,26.47,1010.33,59.31,26.47,1010.33,59.31,0,NONE,NONE,NORMAL,0.0
2023-05-23T20:00:00Z,42921099999,"NASIK CITY, IN",19.9666666,73.8166666,598.0,24.8,1005.53,69.58,24.8,1005.53,69.58,0,NONE,NONE,NORMAL,0.0
2023-05-23T20:00:00Z,43003099999,"CHHATRAPATI SHIVAJI INTERNATIONAL, IN",19.088686,72.867919,11.27,30.0,1010.0,74.61,30.0,1010.0,74.61,0,NONE,NONE,NORMAL,0.0
2023-05-23T20:00:00Z,43057099999,"BOMBAY COLABA, IN",18.9,72.8166666,11.0,30.87,1009.98,72.07,30.87,1009.98,72.07,0,NONE,NONE,NORMAL,0.0
2023-05-23T20:00:00Z,43063099999,"PUNE, IN",18.5333333,73.85,558.0,25.73,1010.27,66.79,25.73,1010.27,66.79,0,NONE,NONE,NORMAL,0.0
2023-05-23T21:00:00Z,42921099999,"NASIK CITY, IN",19.9666666,73.8166666,598.0,24.2,1005.1,73.19,24.2,1005.1,73.19,1,FROZEN,P,NORMAL,1.0
2023-05-23T21:00:00Z,43003099999,"CHHATRAPATI SHIVAJI INTERNATIONAL, IN",19.088686,72.867919,11.27,29.4,1010.2,76.31,29.4,1010.2,76.31,0,NONE,NONE,NORMAL,0.0
2023-05-23T21:00:00Z,43057099999,"BOMBAY COLABA, IN",18.9,72.8166666,11.0,30.8,1010.14,72.37,30.8,1010.14,72.37,0,NONE,NONE,NORMAL,0.0
2023-05-23T21:00:00Z,43063099999,"PUNE, IN",18.5333333,73.85,558.0,25.0,1010.2,75.16,25.0,1010.2,75.16,0,NONE,NONE,NORMAL,0.0
2023-05-23T22:00:00Z,42921099999,"NASIK CITY, IN",19.9666666,73.8166666,598.0,24.2,1005.33,76.6,24.2,1005.1,76.6,1,FROZEN,P,NORMAL,1.0
2023-05-23T22:00:00Z,43003099999,"CHHATRAPATI SHIVAJI INTERNATIONAL, IN",19.088686,72.867919,11.27,30.0,1010.0,74.61,30.0,1010.0,74.61,0,NONE,NONE,NORMAL,0.0
2023-05-23T22:00:00Z,43057099999,"BOMBAY COLABA, IN",18.9,72.8166666,11.0,30.73,1010.3,72.68,30.73,1010.3,72.68,0,NONE,NONE,NORMAL,0.0
2023-05-23T22:00:00Z,43063099999,"PUNE, IN",18.5333333,73.85,558.0,24.73,1010.07,76.37,24.73,1010.07,76.37,0,NONE,NONE,NORMAL,0.0
2023-05-23T23:00:00Z,42921099999,"NASIK CITY, IN",19.9666666,73.8166666,598.0,24.2,1005.57,80.16,24.2,1005.1,80.16,1,FROZEN,P,NORMAL,1.0
2023-05-23T23:00:00Z,43003099999,"CHHATRAPATI SHIVAJI INTERNATIONAL, IN",19.088686,72.867919,11.27,30.0,1010.0,74.61,30.0,1010.0,74.61,0,NONE,NONE,NORMAL,0.0
2023-05-23T23:00:00Z,43057099999,"BOMBAY COLABA, IN",18.9,72.8166666,11.0,30.67,1010.46,72.99,30.67,1010.46,72.99,0,NONE,NONE,NORMAL,0.0
2023-05-23T23:00:00Z,43063099999,"PUNE, IN",18.5333333,73.85,558.0,24.47,1009.93,77.6,24.47,1009.93,77.6,0,NONE,NONE,NORMAL,0.0
2023-05-24T00:00:00Z,42921099999,"NASIK CITY, IN",19.9666666,73.8166666,598.0,24.2,1005.8,83.86,24.2,1005.1,83.86,1,FROZEN,P,NORMAL,1.0
2023-05-24T00:00:00Z,43003099999,"CHHATRAPATI SHIVAJI INTERNATIONAL, IN",19.088686,72.867919,11.27,29.0,1010.0,79.04,29.0,1010.0,79.04,0,NONE,NONE,NORMAL,0.0
2023-05-24T00:00:00Z,43057099999,"BOMBAY COLABA, IN",18.9,72.8166666,11.0,30.6,1010.62,73.29,30.6,1010.62,73.29,0,NONE,NONE,NORMAL,0.0
2023-05-24T00:00:00Z,43063099999,"PUNE, IN",18.5333333,73.85,558.0,24.2,1009.8,78.85,24.2,1009.8,78.85,0,NONE,NONE,NORMAL,0.0
2023-05-24T01:00:00Z,42921099999,"NASIK CITY, IN",19.9666666,73.8166666,598.0,25.0,1006.07,79.61,25.0,1005.1,79.61,1,FROZEN,P,NORMAL,1.0
2023-05-24T01:00:00Z,43003099999,"CHHATRAPATI SHIVAJI INTERNATIONAL, IN",19.088686,72.867919,11.27,30.0,1010.0,74.61,30.0,1010.0,74.61,0,NONE,NONE,NORMAL,0.0
2023-05-24T01:00:00Z,43057099999,"BOMBAY COLABA, IN",18.9,72.8166666,11.0,30.53,1010.78,73.6,30.53,1010.78,73.6,0,NONE,NONE,NORMAL,0.0
2023-05-24T01:00:00Z,43063099999,"PUNE, IN",18.5333333,73.85,558.0,25.13,1010.2,74.41,25.13,1010.2,74.41,0,NONE,NONE,NORMAL,0.0
2023-05-24T02:00:00Z,42921099999,"NASIK CITY, IN",19.9666666,73.8166666,598.0,25.8,1006.33,75.6,25.8,1005.1,75.6,1,FROZEN,P,NORMAL,1.0
2023-05-24T02:00:00Z,43003099999,"CHHATRAPATI SHIVAJI INTERNATIONAL, IN",19.088686,72.867919,11.27,30.0,1011.0,74.61,30.0,1011.0,74.61,0,NONE,NONE,NORMAL,0.0
2023-05-24T02:00:00Z,43057099999,"BOMBAY COLABA, IN",18.9,72.8166666,11.0,30.47,1010.94,73.91,30.47,1010.94,73.91,0,NONE,NONE,NORMAL,0.0
2023-05-24T02:00:00Z,43063099999,"PUNE, IN",18.5333333,73.85,558.0,26.07,1010.6,70.26,26.07,1010.6,70.26,0,NONE,NONE,NORMAL,0.0
2023-05-24T03:00:00Z,42921099999,"NASIK CITY, IN",19.9666666,73.8166666,598.0,26.6,1006.6,71.81,26.6,1005.1,71.81,1,FROZEN,P,NORMAL,1.0
2023-05-24T03:00:00Z,43003099999,"CHHATRAPATI SHIVAJI INTERNATIONAL, IN",19.088686,72.867919,11.27,30.6,1010.9,70.38,30.6,1010.9,70.38,0,NONE,NONE,NORMAL,0.0
2023-05-24T03:00:00Z,43057099999,"BOMBAY COLABA, IN",18.9,72.8166666,11.0,30.4,1011.1,74.23,30.4,1011.1,74.23,0,NONE,NONE,NORMAL,0.0
2023-05-24T03:00:00Z,43063099999,"PUNE, IN",18.5333333,73.85,558.0,27.0,1011.0,66.35,27.0,1011.0,66.35,0,NONE,NONE,NORMAL,0.0
2023-05-24T04:00:00Z,42921099999,"NASIK CITY, IN",19.9666666,73.8166666,598.0,28.13,1006.3,63.39,28.13,1005.1,63.39,1,FROZEN,P,NORMAL,1.0
2023-05-24T04:00:00Z,43003099999,"CHHATRAPATI SHIVAJI INTERNATIONAL, IN",19.088686,72.867919,11.27,32.0,1011.0,66.55,32.0,1011.0,66.55,0,NONE,NONE,NORMAL,0.0
2023-05-24T04:00:00Z,43057099999,"BOMBAY COLABA, IN",18.9,72.8166666,11.0,30.64,1010.9,72.71,30.64,1010.9,72.71,0,NONE,NONE,NORMAL,0.0
2023-05-24T04:00:00Z,43063099999,"PUNE, IN",18.5333333,73.85,558.0,29.07,1010.47,54.36,29.07,1010.47,54.36,0,NONE,NONE,NORMAL,0.0
2023-05-24T05:00:00Z,42921099999,"NASIK CITY, IN",19.9666666,73.8166666,598.0,29.67,1006.0,56.0,29.67,1005.1,56.0,1,FROZEN,P,NORMAL,1.0
2023-05-24T05:00:00Z,43003099999,"CHHATRAPATI SHIVAJI INTERNATIONAL, IN",19.088686,72.867919,11.27,32.0,1012.0,66.55,32.0,1012.0,66.55,0,NONE,NONE,NORMAL,0.0
2023-05-24T05:00:00Z,43057099999,"BOMBAY COLABA, IN",18.9,72.8166666,11.0,30.89,1010.7,71.23,30.89,1010.7,71.23,0,NONE,NONE,NORMAL,0.0
2023-05-24T05:00:00Z,43063099999,"PUNE, IN",18.5333333,73.85,558.0,31.13,1009.93,44.58,31.13,1009.93,44.58,0,NONE,NONE,NORMAL,0.0
2023-05-24T06:00:00Z,42921099999,"NASIK CITY, IN",19.9666666,73.8166666,598.0,31.2,1005.7,49.51,31.2,1005.1,49.51,1,FROZEN,P,NORMAL,1.0
2023-05-24T06:00:00Z,43003099999,"CHHATRAPATI SHIVAJI INTERNATIONAL, IN",19.088686,72.867919,11.27,32.8,1011.4,62.11,32.8,1011.4,62.11,0,NONE,NONE,NORMAL,0.0
2023-05-24T06:00:00Z,43057099999,"BOMBAY COLABA, IN",18.9,72.8166666,11.0,31.13,1010.5,69.78,31.13,1010.5,69.78,0,NONE,NONE,NORMAL,0.0
2023-05-24T06:00:00Z,43063099999,"PUNE, IN",18.5333333,73.85,558.0,33.2,1009.4,36.6,33.2,1009.4,36.6,0,NONE,NONE,NORMAL,0.0
2023-05-24T07:00:00Z,42921099999,"NASIK CITY, IN",19.9666666,73.8166666,598.0,32.53,1004.6,43.48,32.53,1005.1,43.48,1,FROZEN,P,NORMAL,1.0
2023-05-24T07:00:00Z,43003099999,"CHHATRAPATI SHIVAJI INTERNATIONAL, IN",19.088686,72.867919,11.27,33.0,1011.0,62.9,33.0,1011.0,62.9,0,NONE,NONE,NORMAL,0.0
2023-05-24T07:00:00Z,43057099999,"BOMBAY COLABA, IN",18.9,72.8166666,11.0,31.38,1010.3,68.36,31.38,1010.3,68.36,0,NONE,NONE,NORMAL,0.0
2023-05-24T07:00:00Z,43063099999,"PUNE, IN",18.5333333,73.85,558.0,34.47,1008.33,34.17,34.47,1008.33,34.17,0,NONE,NONE,NORMAL,0.0
2023-05-24T08:00:00Z,42921099999,"NASIK CITY, IN",19.9666666,73.8166666,598.0,33.87,1003.5,38.2,33.87,1005.1,38.2,1,FROZEN,P,NORMAL,1.0
2023-05-24T08:00:00Z,43003099999,"CHHATRAPATI SHIVAJI INTERNATIONAL, IN",19.088686,72.867919,11.27,33.0,1010.0,59.24,33.0,1010.0,59.24,0,NONE,NONE,NORMAL,0.0
2023-05-24T08:00:00Z,43057099999,"BOMBAY COLABA, IN",18.9,72.8166666,11.0,31.62,1010.1,66.97,31.62,1010.1,66.97,0,NONE,NONE,NORMAL,0.0
2023-05-24T08:00:00Z,43063099999,"PUNE, IN",18.5333333,73.85,558.0,35.73,1007.27,31.92,35.73,1007.27,31.92,0,NONE,NONE,NORMAL,0.0
2023-05-24T09:00:00Z,42921099999,"NASIK CITY, IN",19.9666666,73.8166666,598.0,35.2,1002.4,33.58,35.2,1005.1,33.58,1,FROZEN,P,NORMAL,1.0
2023-05-24T09:00:00Z,43003099999,"CHHATRAPATI SHIVAJI INTERNATIONAL, IN",19.088686,72.867919,11.27,33.6,1009.8,59.02,33.6,1009.8,59.02,0,NONE,NONE,NORMAL,0.0
2023-05-24T09:00:00Z,43057099999,"BOMBAY COLABA, IN",18.9,72.8166666,11.0,31.87,1009.9,65.61,31.87,1009.9,65.61,0,NONE,NONE,NORMAL,0.0
2023-05-24T09:00:00Z,43063099999,"PUNE, IN",18.5333333,73.85,558.0,37.0,1006.2,29.84,37.0,1006.2,29.84,0,NONE,NONE,NORMAL,0.0
2023-05-24T10:00:00Z,42921099999,"NASIK CITY, IN",19.9666666,73.8166666,598.0,35.13,1002.1,32.93,35.13,1005.1,32.93,1,FROZEN,P,NORMAL,1.0
2023-05-24T10:00:00Z,43003099999,"CHHATRAPATI SHIVAJI INTERNATIONAL, IN",19.088686,72.867919,11.27,33.0,1009.0,62.9,33.0,1009.0,62.9,0,NONE,NONE,NORMAL,0.0
2023-05-24T10:00:00Z,43057099999,"BOMBAY COLABA, IN",18.9,72.8166666,11.0,32.11,1009.7,64.27,32.11,1009.7,64.27,0,NONE,NONE,NORMAL,0.0
2023-05-24T10:00:00Z,43063099999,"PUNE, IN",18.5333333,73.85,558.0,36.53,1005.83,31.4,36.53,1005.83,31.4,0,NONE,NONE,NORMAL,0.0
2023-05-24T11:00:00Z,42921099999,"NASIK CITY, IN",19.9666666,73.8166666,598.0,35.07,1001.8,32.28,35.07,1005.1,32.28,1,FROZEN,P,NORMAL,1.0
2023-05-24T11:00:00Z,43003099999,"CHHATRAPATI SHIVAJI INTERNATIONAL, IN",19.088686,72.867919,11.27,33.0,1009.0,59.24,33.0,1009.0,59.24,0,NONE,NONE,NORMAL,0.0
2023-05-24T11:00:00Z,43057099999,"BOMBAY COLABA, IN",18.9,72.8166666,11.0,32.36,1009.5,62.97,32.36,1009.5,62.97,0,NONE,NONE,NORMAL,0.0
2023-05-24T11:00:00Z,43063099999,"PUNE, IN",18.5333333,73.85,558.0,36.07,1005.47,33.04,36.07,1005.47,33.04,0,NONE,NONE,NORMAL,0.0
2023-05-24T12:00:00Z,42921099999,"NASIK CITY, IN",19.9666666,73.8166666,598.0,35.0,1001.5,31.65,35.0,1001.5,31.65,0,NONE,NONE,NORMAL,0.0
2023-05-24T12:00:00Z,43003099999,"CHHATRAPATI SHIVAJI INTERNATIONAL, IN",19.088686,72.867919,11.27,32.6,1009.0,63.19,32.6,1009.0,63.19,0,NONE,NONE,NORMAL,0.0
2023-05-24T12:00:00Z,43057099999,"BOMBAY COLABA, IN",18.9,72.8166666,11.0,32.6,1009.3,61.69,32.6,1009.3,61.69,0,NONE,NONE,NORMAL,0.0
2023-05-24T12:00:00Z,43063099999,"PUNE, IN",18.5333333,73.85,558.0,35.6,1005.1,34.77,35.6,1005.1,34.77,0,NONE,NONE,NORMAL,0.0
2023-05-24T13:00:00Z,42921099999,"NASIK CITY, IN",19.9666666,73.8166666,598.0,33.17,1002.5,36.2,33.17,1002.5,36.2,0,NONE,NONE,NORMAL,0.0
2023-05-24T13:00:00Z,43003099999,"CHHATRAPATI SHIVAJI INTERNATIONAL, IN",19.088686,72.867919,11.27,31.0,1009.0,70.45,31.0,1009.0,70.45,0,NONE,NONE,NORMAL,0.0
2023-05-24T13:00:00Z,43057099999,"BOMBAY COLABA, IN",18.9,72.8166666,11.0,32.48,1009.49,61.94,32.48,1009.49,61.94,0,NONE,NONE,NORMAL,0.0
2023-05-24T13:00:00Z,43063099999,"PUNE, IN",18.5333333,73.85,558.0,33.4,1006.37,38.48,33.4,1006.37,38.48,0,NONE,NONE,NORMAL,0.0
2023-05-24T14:00:00Z,42921099999,"NASIK CITY, IN",19.9666666,73.8166666,598.0,31.33,1003.5,41.46,31.33,1003.5,41.46,0,NONE,NONE,NORMAL,0.0
2023-05-24T14:00:00Z,43003099999,"CHHATRAPATI SHIVAJI INTERNATIONAL, IN",19.088686,72.867919,11.27,31.0,1009.0,70.45,31.0,1009.0,70.45,0,NONE,NONE,NORMAL,0.0
2023-05-24T14:00:00Z,43057099999,"BOMBAY COLABA, IN",18.9,72.8166666,11.0,32.36,1009.67,62.19,32.36,1009.67,62.19,0,NONE,NONE,NORMAL,0.0
2023-05-24T14:00:00Z,43063099999,"PUNE, IN",18.5333333,73.85,558.0,31.2,1007.63,42.67,31.2,1007.63,42.67,0,NONE,NONE,NORMAL,0.0
2023-05-24T15:00:00Z,42921099999,"NASIK CITY, IN",19.9666666,73.8166666,598.0,29.5,1004.5,47.54,29.5,1004.5,47.54,0,NONE,NONE,NORMAL,0.0
2023-05-24T15:00:00Z,43003099999,"CHHATRAPATI SHIVAJI INTERNATIONAL, IN",19.088686,72.867919,11.27,30.4,1010.3,71.62,30.4,1010.3,71.62,0,NONE,NONE,NORMAL,0.0
2023-05-24T15:00:00Z,43057099999,"BOMBAY COLABA, IN",18.9,72.8166666,11.0,32.24,1009.86,62.43,32.24,1009.86,62.43,0,NONE,NONE,NORMAL,0.0
2023-05-24T15:00:00Z,43063099999,"PUNE, IN",18.5333333,73.85,558.0,29.0,1008.9,47.41,29.0,1008.9,47.41,0,NONE,NONE,NORMAL,0.0
2023-05-24T16:00:00Z,42921099999,"NASIK CITY, IN",19.9666666,73.8166666,598.0,28.33,1005.1,52.17,28.33,1005.1,52.17,0,NONE,NONE,NORMAL,0.0
2023-05-24T16:00:00Z,43003099999,"CHHATRAPATI SHIVAJI INTERNATIONAL, IN",19.088686,72.867919,11.27,30.0,1011.0,79.18,30.0,1011.0,79.18,0,NONE,NONE,NORMAL,0.0
2023-05-24T16:00:00Z,43057099999,"BOMBAY COLABA, IN",18.9,72.8166666,11.0,32.12,1010.05,62.68,32.12,1010.05,62.68,0,NONE,NONE,NORMAL,0.0
2023-05-24T16:00:00Z,43063099999,"PUNE, IN",18.5333333,73.85,558.0,28.0,1009.6,53.19,28.0,1009.6,53.19,0,NONE,NONE,NORMAL,0.0
2023-05-24T17:00:00Z,42921099999,"NASIK CITY, IN",19.9666666,73.8166666,598.0,27.17,1005.7,57.28,27.17,1005.7,57.28,0,NONE,NONE,NORMAL,0.0
2023-05-24T17:00:00Z,43003099999,"CHHATRAPATI SHIVAJI INTERNATIONAL, IN",19.088686,72.867919,11.27,30.0,1011.0,79.18,30.0,1011.0,79.18,0,NONE,NONE,NORMAL,0.0
2023-05-24T17:00:00Z,43057099999,"BOMBAY COLABA, IN",18.9,72.8166666,11.0,32.0,1010.23,62.94,32.0,1010.23,62.94,0,NONE,NONE,NORMAL,0.0
2023-05-24T17:00:00Z,43063099999,"PUNE, IN",18.5333333,73.85,558.0,27.0,1010.3,59.69,27.0,1010.3,59.69,0,NONE,NONE,NORMAL,0.0
2023-05-24T18:00:00Z,42921099999,"NASIK CITY, IN",19.9666666,73.8166666,598.0,26.0,1006.3,62.92,26.0,1006.3,62.92,0,NONE,NONE,NORMAL,0.0
2023-05-24T18:00:00Z,43003099999,"CHHATRAPATI SHIVAJI INTERNATIONAL, IN",19.088686,72.867919,11.27,30.0,1011.5,75.5,30.0,1011.5,75.5,0,NONE,NONE,NORMAL,0.0
2023-05-24T18:00:00Z,43057099999,"BOMBAY COLABA, IN",18.9,72.8166666,11.0,31.88,1010.42,63.19,31.88,1010.42,63.19,0,NONE,NONE,NORMAL,0.0
2023-05-24T18:00:00Z,43063099999,"PUNE, IN",18.5333333,73.85,558.0,26.0,1011.0,66.98,26.0,1011.0,66.98,0,NONE,NONE,NORMAL,0.0
2023-05-24T19:00:00Z,42921099999,"NASIK CITY, IN",19.9666666,73.8166666,598.0,25.5,1006.07,67.86,25.5,1006.07,67.86,0,NONE,NONE,NORMAL,0.0
2023-05-24T19:00:00Z,43003099999,"CHHATRAPATI SHIVAJI INTERNATIONAL, IN",19.088686,72.867919,11.27,30.0,1011.0,74.61,30.0,1011.0,74.61,0,NONE,NONE,NORMAL,0.0
2023-05-24T19:00:00Z,43057099999,"BOMBAY COLABA, IN",18.9,72.8166666,11.0,31.76,1010.61,63.44,31.76,1010.61,63.44,0,NONE,NONE,NORMAL,0.0
2023-05-24T19:00:00Z,43063099999,"PUNE, IN",18.5333333,73.85,558.0,25.6,1010.63,68.16,25.6,1010.63,68.16,0,NONE,NONE,NORMAL,0.0
2023-05-24T20:00:00Z,42921099999,"NASIK CITY, IN",19.9666666,73.8166666,598.0,25.0,1005.83,73.17,25.0,1005.83,73.17,0,NONE,NONE,NORMAL,0.0
2023-05-24T20:00:00Z,43003099999,"CHHATRAPATI SHIVAJI INTERNATIONAL, IN",19.088686,72.867919,11.27,30.0,1010.0,74.61,30.0,1010.0,74.61,0,NONE,NONE,NORMAL,0.0
2023-05-24T20:00:00Z,43057099999,"BOMBAY COLABA, IN",18.9,72.8166666,11.0,31.64,1010.79,63.7,31.64,1010.79,63.7,0,NONE,NONE,NORMAL,0.0
2023-05-24T20:00:00Z,43063099999,"PUNE, IN",18.5333333,73.85,558.0,25.2,1010.27,69.37,25.2,1010.27,69.37,0,NONE,NONE,NORMAL,0.0
2023-05-24T21:00:00Z,42921099999,"NASIK CITY, IN",19.9666666,73.8166666,598.0,24.5,1005.6,78.89,24.5,1005.6,78.89,0,NONE,NONE,NORMAL,0.0
2023-05-24T21:00:00Z,43003099999,"CHHATRAPATI SHIVAJI INTERNATIONAL, IN",19.088686,72.867919,11.27,30.0,1010.0,74.61,30.0,1010.0,74.61,0,NONE,NONE,NORMAL,0.0
2023-05-24T21:00:00Z,43057099999,"BOMBAY COLABA, IN",18.9,72.8166666,11.0,31.52,1010.98,63.95,31.52,1010.98,63.95,0,NONE,NONE,NORMAL,0.0
2023-05-24T21:00:00Z,43063099999,"PUNE, IN",18.5333333,73.85,558.0,24.8,1009.9,70.6,24.8,1009.9,70.6,0,NONE,NONE,NORMAL,0.0
2023-05-24T22:00:00Z,42921099999,"NASIK CITY, IN",19.9666666,73.8166666,598.0,24.23,1005.9,81.16,24.23,1005.9,81.16,0,NONE,NONE,NORMAL,0.0
2023-05-24T22:00:00Z,43003099999,"CHHATRAPATI SHIVAJI INTERNATIONAL, IN",19.088686,72.867919,11.27,30.0,1010.0,74.61,30.0,1010.0,74.61,0,NONE,NONE,NORMAL,0.0
2023-05-24T22:00:00Z,43057099999,"BOMBAY COLABA, IN",18.9,72.8166666,11.0,31.4,1011.17,64.21,31.4,1011.17,64.21,0,NONE,NONE,NORMAL,0.0
2023-05-24T22:00:00Z,43063099999,"PUNE, IN",18.5333333,73.85,558.0,24.73,1010.1,72.37,24.73,1010.1,72.37,0,NONE,NONE,NORMAL,0.0
2023-05-24T23:00:00Z,42921099999,"NASIK CITY, IN",19.9666666,73.8166666,598.0,23.97,1006.2,83.49,23.97,1006.2,83.49,0,NONE,NONE,NORMAL,0.0
2023-05-24T23:00:00Z,43003099999,"CHHATRAPATI SHIVAJI INTERNATIONAL, IN",19.088686,72.867919,11.27,30.0,1010.0,74.61,30.0,1010.0,74.61,0,NONE,NONE,NORMAL,0.0
2023-05-24T23:00:00Z,43057099999,"BOMBAY COLABA, IN",18.9,72.8166666,11.0,31.28,1011.35,64.47,31.28,1011.35,64.47,0,NONE,NONE,NORMAL,0.0
2023-05-24T23:00:00Z,43063099999,"PUNE, IN",18.5333333,73.85,558.0,24.67,1010.3,74.18,24.67,1010.3,74.18,0,NONE,NONE,NORMAL,0.0
2023-05-25T00:00:00Z,42921099999,"NASIK CITY, IN",19.9666666,73.8166666,598.0,23.7,1006.5,85.89,23.7,1006.5,85.89,0,NONE,NONE,NORMAL,0.0
2023-05-25T00:00:00Z,43003099999,"CHHATRAPATI SHIVAJI INTERNATIONAL, IN",19.088686,72.867919,11.27,29.4,1010.3,72.3,29.4,1010.3,72.3,0,NONE,NONE,NORMAL,0.0
2023-05-25T00:00:00Z,43057099999,"BOMBAY COLABA, IN",18.9,72.8166666,11.0,31.16,1011.54,64.73,31.16,1011.54,64.73,0,NONE,NONE,NORMAL,0.0
2023-05-25T00:00:00Z,43063099999,"PUNE, IN",18.5333333,73.85,558.0,24.6,1010.5,76.04,24.6,1010.5,76.04,0,NONE,NONE,NORMAL,0.0
2023-05-25T01:00:00Z,42921099999,"NASIK CITY, IN",19.9666666,73.8166666,598.0,24.63,1006.57,80.05,24.63,1006.57,80.05,0,NONE,NONE,NORMAL,0.0
2023-05-25T01:00:00Z,43003099999,"CHHATRAPATI SHIVAJI INTERNATIONAL, IN",19.088686,72.867919,11.27,30.0,1011.0,70.27,30.0,1011.0,70.27,0,NONE,NONE,NORMAL,0.0
2023-05-25T01:00:00Z,43057099999,"BOMBAY COLABA, IN",18.9,72.8166666,11.0,31.04,1011.73,64.99,31.04,1011.73,64.99,0,NONE,NONE,NORMAL,0.0
2023-05-25T01:00:00Z,43063099999,"PUNE, IN",18.5333333,73.85,558.0,25.73,1010.7,71.51,25.73,1010.7,71.51,0,NONE,NONE,NORMAL,0.0
2023-05-25T02:00:00Z,42921099999,"NASIK CITY, IN",19.9666666,73.8166666,598.0,25.57,1006.63,74.64,25.57,1006.63,74.64,0,NONE,NONE,NORMAL,0.0
2023-05-25T02:00:00Z,43003099999,"CHHATRAPATI SHIVAJI INTERNATIONAL, IN",19.088686,72.867919,11.27,30.0,1012.0,70.27,30.0,1012.0,70.27,0,NONE,NONE,NORMAL,0.0
2023-05-25T02:00:00Z,43057099999,"BOMBAY COLABA, IN",18.9,72.8166666,11.0,30.92,1011.91,65.25,30.92,1011.91,65.25,0,NONE,NONE,NORMAL,0.0
2023-05-25T02:00:00Z,43063099999,"PUNE, IN",18.5333333,73.85,558.0,26.87,1010.9,67.29,26.87,1010.9,67.29,0,NONE,NONE,NORMAL,0.0
2023-05-25T03:00:00Z,42921099999,"NASIK CITY, IN",19.9666666,73.8166666,598.0,26.5,1006.7,69.62,26.5,1006.7,69.62,0,NONE,NONE,NORMAL,0.0
2023-05-25T03:00:00Z,43003099999,"CHHATRAPATI SHIVAJI INTERNATIONAL, IN",19.088686,72.867919,11.27,31.2,1011.9,62.13,31.2,1011.9,62.13,0,NONE,NONE,NORMAL,0.0
2023-05-25T03:00:00Z,43057099999,"BOMBAY COLABA, IN",18.9,72.8166666,11.0,30.8,1012.1,65.52,30.8,1012.1,65.52,0,NONE,NONE,NORMAL,0.0
2023-05-25T03:00:00Z,43063099999,"PUNE, IN",18.5333333,73.85,558.0,28.0,1011.1,63.36,28.0,1011.1,63.36,0,NONE,NONE,NORMAL,0.0
2023-05-25T04:00:00Z,42921099999,"NASIK CITY, IN",19.9666666,73.8166666,598.0,28.53,1006.37,57.72,28.53,1006.37,57.72,0,NONE,NONE,NORMAL,0.0
2023-05-25T04:00:00Z,43003099999,"CHHATRAPATI SHIVAJI INTERNATIONAL, IN",19.088686,72.867919,11.27,31.0,1012.0,66.35,31.0,1012.0,66.35,0,NONE,NONE,NORMAL,0.0
2023-05-25T04:00:00Z,43057099999,"BOMBAY COLABA, IN",18.9,72.8166666,11.0,30.91,1011.87,65.02,30.91,1011.87,65.02,0,NONE,NONE,NORMAL,0.0
2023-05-25T04:00:00Z,43063099999,"PUNE, IN",18.5333333,73.85,558.0,29.67,1010.7,53.95,29.67,1010.7,53.95,0,NONE,NONE,NORMAL,0.0
2023-05-25T05:00:00Z,42921099999,"NASIK CITY, IN",19.9666666,73.8166666,598.0,30.57,1006.03,47.92,30.57,1006.03,47.92,0,NONE,NONE,NORMAL,0.0
2023-05-25T05:00:00Z,43003099999,"CHHATRAPATI SHIVAJI INTERNATIONAL, IN",19.088686,72.867919,11.27,32.0,1012.0,59.01,32.0,1012.0,59.01,0,NONE,NONE,NORMAL,0.0
2023-05-25T05:00:00Z,43057099999,"BOMBAY COLABA, IN",18.9,72.8166666,11.0,31.02,1011.63,64.52,31.02,1011.63,64.52,0,NONE,NONE,NORMAL,0.0
2023-05-25T05:00:00Z,43063099999,"PUNE, IN",18.5333333,73.85,558.0,31.33,1010.3,45.96,31.33,1010.3,45.96,0,NONE,NONE,NORMAL,0.0
2023-05-25T06:00:00Z,42921099999,"NASIK CITY, IN",19.9666666,73.8166666,598.0,32.6,1005.7,39.83,32.6,1005.7,39.83,0,NONE,NONE,NORMAL,0.0
2023-05-25T06:00:00Z,43003099999,"CHHATRAPATI SHIVAJI INTERNATIONAL, IN",19.088686,72.867919,11.27,33.2,1012.0,57.88,33.2,1012.0,57.88,0,NONE,NONE,NORMAL,0.0
2023-05-25T06:00:00Z,43057099999,"BOMBAY COLABA, IN",18.9,72.8166666,11.0,31.13,1011.4,64.03,31.13,1011.4,64.03,0,NONE,NONE,NORMAL,0.0
2023-05-25T06:00:00Z,43063099999,"PUNE, IN",18.5333333,73.85,558.0,33.0,1009.9,39.19,33.0,1009.9,39.19,0,NONE,NONE,NORMAL,0.0
2023-05-25T07:00:00Z,42921099999,"NASIK CITY, IN",19.9666666,73.8166666,598.0,33.23,1004.9,35.91,33.23,1004.9,35.91,0,NONE,NONE,NORMAL,0.0
2023-05-25T07:00:00Z,43003099999,"CHHATRAPATI SHIVAJI INTERNATIONAL, IN",19.088686,72.867919,11.27,33.0,1011.0,52.48,33.0,1011.0,52.48,0,NONE,NONE,NORMAL,0.0
2023-05-25T07:00:00Z,43057099999,"BOMBAY COLABA, IN",18.9,72.8166666,11.0,31.24,1011.17,63.54,31.24,1011.17,63.54,0,NONE,NONE,NORMAL,0.0
2023-05-25T07:00:00Z,43063099999,"PUNE, IN",18.5333333,73.85,558.0,33.87,1009.1,37.02,33.87,1009.1,37.02,0,NONE,NONE,NORMAL,0.0
2023-05-25T08:00:00Z,42921099999,"NASIK CITY, IN",19.9666666,73.8166666,598.0,33.87,1004.1,32.37,33.87,1004.1,32.37,0,NONE,NONE,NORMAL,0.0
2023-05-25T08:00:00Z,43003099999,"CHHATRAPATI SHIVAJI INTERNATIONAL, IN",19.088686,72.867919,11.27,33.0,1011.0,55.77,33.0,1011.0,55.77,0,NONE,NONE,NORMAL,0.0
2023-05-25T08:00:00Z,43057099999,"BOMBAY COLABA, IN",18.9,72.8166666,11.0,31.36,1010.93,63.05,31.36,1010.93,63.05,0,NONE,NONE,NORMAL,0.0
2023-05-25T08:00:00Z,43063099999,"PUNE, IN",18.5333333,73.85,558.0,34.73,1008.3,34.97,34.73,1008.3,34.97,0,NONE,NONE,NORMAL,0.0
2023-05-25T09:00:00Z,42921099999,"NASIK CITY, IN",19.9666666,73.8166666,598.0,34.5,1003.3,29.17,34.5,1003.3,29.17,0,NONE,NONE,NORMAL,0.0
2023-05-25T09:00:00Z,43003099999,"CHHATRAPATI SHIVAJI INTERNATIONAL, IN",19.088686,72.867919,11.27,33.0,1011.0,59.24,33.0,1011.0,59.24,0,NONE,NONE,NORMAL,0.0
2023-05-25T09:00:00Z,43057099999,"BOMBAY COLABA, IN",18.9,72.8166666,11.0,31.47,1010.7,62.57,31.47,1010.7,62.57,0,NONE,NONE,NORMAL,0.0
2023-05-25T09:00:00Z,43063099999,"PUNE, IN",18.5333333,73.85,558.0,35.6,1007.5,33.05,35.6,1007.5,33.05,0,NONE,NONE,NORMAL,0.0
2023-05-25T10:00:00Z,42921099999,"NASIK CITY, IN",19.9666666,73.8166666,598.0,34.5,1002.9,30.52,34.5,1002.9,30.52,0,NONE,NONE,NORMAL,0.0
2023-05-25T10:00:00Z,43003099999,"CHHATRAPATI SHIVAJI INTERNATIONAL, IN",19.088686,72.867919,11.27,33.0,1010.0,59.24,33.0,1010.0,59.24,0,NONE,NONE,NORMAL,0.0
2023-05-25T10:00:00Z,43057099999,"BOMBAY COLABA, IN",18.9,72.8166666,11.0,31.58,1010.47,62.09,31.58,1010.47,62.09,0,NONE,NONE,NORMAL,0.0
2023-05-25T10:00:00Z,43063099999,"PUNE, IN",18.5333333,73.85,558.0,35.07,1007.47,34.48,35.07,1007.47,34.48,0,NONE,NONE,NORMAL,0.0
2023-05-25T11:00:00Z,42921099999,"NASIK CITY, IN",19.9666666,73.8166666,598.0,34.5,1002.5,31.92,34.5,1002.5,31.92,0,NONE,NONE,NORMAL,0.0
2023-05-25T11:00:00Z,43003099999,"CHHATRAPATI SHIVAJI INTERNATIONAL, IN",19.088686,72.867919,11.27,32.0,1010.0,62.68,32.0,1010.0,62.68,0,NONE,NONE,NORMAL,0.0
2023-05-25T11:00:00Z,43057099999,"BOMBAY COLABA, IN",18.9,72.8166666,11.0,31.69,1010.23,61.62,31.69,1010.23,61.62,0,NONE,NONE,NORMAL,0.0
2023-05-25T11:00:00Z,43063099999,"PUNE, IN",18.5333333,73.85,558.0,34.53,1007.43,35.97,34.53,1007.43,35.97,0,NONE,NONE,NORMAL,0.0
2023-05-25T12:00:00Z,42921099999,"NASIK CITY, IN",19.9666666,73.8166666,598.0,34.5,1002.1,33.39,34.5,1002.1,33.39,0,NONE,NONE,NORMAL,0.0
2023-05-25T12:00:00Z,43003099999,"CHHATRAPATI SHIVAJI INTERNATIONAL, IN",19.088686,72.867919,11.27,33.2,1009.7,58.93,33.2,1009.7,58.93,0,NONE,NONE,NORMAL,0.0
2023-05-25T12:00:00Z,43057099999,"BOMBAY COLABA, IN",18.9,72.8166666,11.0,31.8,1010.0,61.15,31.8,1010.0,61.15,0,NONE,NONE,NORMAL,0.0
2023-05-25T12:00:00Z,43063099999,"PUNE, IN",18.5333333,73.85,558.0,34.0,1007.4,37.52,34.0,1007.4,37.52,0,NONE,NONE,NORMAL,0.0
2023-05-25T13:00:00Z,42921099999,"NASIK CITY, IN",19.9666666,73.8166666,598.0,32.47,1002.73,39.63,32.47,1002.73,39.63,0,NONE,NONE,NORMAL,0.0
2023-05-25T13:00:00Z,43003099999,"CHHATRAPATI SHIVAJI INTERNATIONAL, IN",19.088686,72.867919,11.27,31.0,1010.0,66.35,31.0,1010.0,66.35,0,NONE,NONE,NORMAL,0.0
2023-05-25T13:00:00Z,43057099999,"BOMBAY COLABA, IN",18.9,72.8166666,11.0,31.57,1010.08,62.84,31.57,1010.08,62.84,0,NONE,NONE,NORMAL,0.0
2023-05-25T13:00:00Z,43063099999,"PUNE, IN",18.5333333,73.85,558.0,32.13,1008.2,42.83,32.13,1008.2,42.83,0,NONE,NONE,NORMAL,0.0
2023-05-25T14:00:00Z,42921099999,"NASIK CITY, IN",19.9666666,73.8166666,598.0,30.43,1003.37,47.09,30.43,1003.37,47.09,0,NONE,NONE,NORMAL,0.0
2023-05-25T14:00:00Z,43003099999,"CHHATRAPATI SHIVAJI INTERNATIONAL, IN",19.088686,72.867919,11.27,31.0,1010.0,70.45,31.0,1010.0,70.45,0,NONE,NONE,NORMAL,0.0
2023-05-25T14:00:00Z,43057099999,"BOMBAY COLABA, IN",18.9,72.8166666,11.0,31.33,1010.17,64.58,31.33,1010.17,64.58,0,NONE,NONE,NORMAL,0.0
2023-05-25T14:00:00Z,43063099999,"PUNE, IN",18.5333333,73.85,558.0,30.27,1009.0,48.96,30.27,1009.0,48.96,0,NONE,NONE,NORMAL,0.0
2023-05-25T15:00:00Z,42921099999,"NASIK CITY, IN",19.9666666,73.8166666,598.0,28.4,1004.0,56.04,28.4,1004.0,56.04,0,NONE,NONE,NORMAL,0.0
2023-05-25T15:00:00Z,43003099999,"CHHATRAPATI SHIVAJI INTERNATIONAL, IN",19.088686,72.867919,11.27,31.0,1010.6,69.2,31.0,1010.6,69.2,0,NONE,NONE,NORMAL,0.0
2023-05-25T15:00:00Z,43057099999,"BOMBAY COLABA, IN",18.9,72.8166666,11.0,31.1,1010.25,66.37,31.1,1010.25,66.37,0,NONE,NONE,NORMAL,0.0
2023-05-25T15:00:00Z,43063099999,"PUNE, IN",18.5333333,73.85,558.0,28.4,1009.8,56.04,28.4,1009.8,56.04,0,NONE,NONE,NORMAL,0.0
2023-05-25T16:00:00Z,42921099999,"NASIK CITY, IN",19.9666666,73.8166666,598.0,27.27,1004.67,61.26,27.27,1004.67,61.26,0,NONE,NONE,NORMAL,0.0
2023-05-25T16:00:00Z,43003099999,"CHHATRAPATI SHIVAJI INTERNATIONAL, IN",19.088686,72.867919,11.27,30.0,1011.0,74.61,30.0,1011.0,74.61,0,NONE,NONE,NORMAL,0.0
2023-05-25T16:00:00Z,43057099999,"BOMBAY COLABA, IN",18.9,72.8166666,11.0,30.87,1010.33,68.21,30.87,1010.33,68.21,0,NONE,NONE,NORMAL,0.0
2023-05-25T16:00:00Z,43063099999,"PUNE, IN",18.5333333,73.85,558.0,27.47,1010.3,61.05,27.47,1010.3,61.05,0,NONE,NONE,NORMAL,0.0
2023-05-25T17:00:00Z,42921099999,"NASIK CITY, IN",19.9666666,73.8166666,598.0,26.13,1005.33,67.01,26.13,1005.33,67.01,0,NONE,NONE,NORMAL,0.0
2023-05-25T17:00:00Z,43003099999,"CHHATRAPATI SHIVAJI INTERNATIONAL, IN",19.088686,72.867919,11.27,31.0,1011.0,74.77,31.0,1011.0,74.77,0,NONE,NONE,NORMAL,0.0
2023-05-25T17:00:00Z,43057099999,"BOMBAY COLABA, IN",18.9,72.8166666,11.0,30.63,1010.42,70.1,30.63,1010.42,70.1,0,NONE,NONE,NORMAL,0.0
2023-05-25T17:00:00Z,43063099999,"PUNE, IN",18.5333333,73.85,558.0,26.53,1010.8,66.53,26.53,1010.8,66.53,0,NONE,NONE,NORMAL,0.0
2023-05-25T18:00:00Z,42921099999,"NASIK CITY, IN",19.9666666,73.8166666,598.0,25.0,1006.0,73.32,25.0,1006.0,73.32,0,NONE,NONE,NORMAL,0.0
2023-05-25T18:00:00Z,43003099999,"CHHATRAPATI SHIVAJI INTERNATIONAL, IN",19.088686,72.867919,11.27,31.0,1011.0,74.77,31.0,1011.0,74.77,0,NONE,NONE,NORMAL,0.0
2023-05-25T18:00:00Z,43057099999,"BOMBAY COLABA, IN",18.9,72.8166666,11.0,30.4,1010.5,72.05,30.4,1010.5,72.05,0,NONE,NONE,NORMAL,0.0
2023-05-25T18:00:00Z,43063099999,"PUNE, IN",18.5333333,73.85,558.0,25.6,1011.3,72.53,25.6,1011.3,72.53,0,NONE,NONE,NORMAL,0.0
2023-05-25T19:00:00Z,42921099999,"NASIK CITY, IN",19.9666666,73.8166666,598.0,24.73,1005.7,74.66,24.73,1031.7,74.66,1,SPIKE,P,NORMAL,0.87
2023-05-25T19:00:00Z,43003099999,"CHHATRAPATI SHIVAJI INTERNATIONAL, IN",19.088686,72.867919,11.27,30.0,1010.0,79.18,30.0,1010.0,79.18,0,NONE,NONE,NORMAL,0.0
2023-05-25T19:00:00Z,43057099999,"BOMBAY COLABA, IN",18.9,72.8166666,11.0,30.17,1010.58,74.04,30.17,1010.58,74.04,0,NONE,NONE,NORMAL,0.0
2023-05-25T19:00:00Z,43063099999,"PUNE, IN",18.5333333,73.85,558.0,25.47,1010.77,72.95,25.47,1010.77,72.95,0,NONE,NONE,NORMAL,0.0
2023-05-25T20:00:00Z,42921099999,"NASIK CITY, IN",19.9666666,73.8166666,598.0,24.47,1005.4,76.01,24.47,1005.4,76.01,0,NONE,NONE,NORMAL,0.0
2023-05-25T20:00:00Z,43003099999,"CHHATRAPATI SHIVAJI INTERNATIONAL, IN",19.088686,72.867919,11.27,30.0,1010.0,79.18,30.0,1010.0,79.18,0,NONE,NONE,NORMAL,0.0
2023-05-25T20:00:00Z,43057099999,"BOMBAY COLABA, IN",18.9,72.8166666,11.0,29.93,1010.67,76.09,29.93,1010.67,76.09,0,NONE,NONE,NORMAL,0.0
2023-05-25T20:00:00Z,43063099999,"PUNE, IN",18.5333333,73.85,558.0,25.33,1010.23,73.38,25.33,1010.23,73.38,0,NONE,NONE,NORMAL,0.0
2023-05-25T21:00:00Z,42921099999,"NASIK CITY, IN",19.9666666,73.8166666,598.0,24.2,1005.1,77.4,24.2,1005.1,77.4,0,NONE,NONE,NORMAL,0.0
2023-05-25T21:00:00Z,43003099999,"CHHATRAPATI SHIVAJI INTERNATIONAL, IN",19.088686,72.867919,11.27,30.0,1009.5,75.5,30.0,1009.5,75.5,0,NONE,NONE,NORMAL,0.0
2023-05-25T21:00:00Z,43057099999,"BOMBAY COLABA, IN",18.9,72.8166666,11.0,29.7,1010.75,78.2,29.7,1010.75,78.2,0,NONE,NONE,NORMAL,0.0
2023-05-25T21:00:00Z,43063099999,"PUNE, IN",18.5333333,73.85,558.0,25.2,1009.7,73.81,25.2,1009.7,73.81,0,NONE,NONE,NORMAL,0.0
2023-05-25T22:00:00Z,42921099999,"NASIK CITY, IN",19.9666666,73.8166666,598.0,24.2,1005.57,79.01,24.2,1005.57,79.01,0,NONE,NONE,NORMAL,0.0
2023-05-25T22:00:00Z,43003099999,"CHHATRAPATI SHIVAJI INTERNATIONAL, IN",19.088686,72.867919,11.27,30.0,1010.0,79.18,30.0,1010.0,79.18,0,NONE,NONE,NORMAL,0.0
2023-05-25T22:00:00Z,43057099999,"BOMBAY COLABA, IN",18.9,72.8166666,11.0,29.47,1010.83,80.37,29.47,1010.83,80.37,0,NONE,NONE,NORMAL,0.0
2023-05-25T22:00:00Z,43063099999,"PUNE, IN",18.5333333,73.85,558.0,25.27,1010.13,75.21,25.27,1010.13,75.21,0,NONE,NONE,NORMAL,0.0
2023-05-25T23:00:00Z,42921099999,"NASIK CITY, IN",19.9666666,73.8166666,598.0,24.2,1006.03,80.66,24.2,1006.03,80.66,0,NONE,NONE,NORMAL,0.0
2023-05-25T23:00:00Z,43003099999,"CHHATRAPATI SHIVAJI INTERNATIONAL, IN",19.088686,72.867919,11.27,30.0,1010.0,79.18,30.0,1010.0,79.18,0,NONE,NONE,NORMAL,0.0
2023-05-25T23:00:00Z,43057099999,"BOMBAY COLABA, IN",18.9,72.8166666,11.0,29.23,1010.92,82.59,29.23,1010.92,82.59,0,NONE,NONE,NORMAL,0.0
2023-05-25T23:00:00Z,43063099999,"PUNE, IN",18.5333333,73.85,558.0,25.33,1010.57,76.62,25.33,1010.57,76.62,0,NONE,NONE,NORMAL,0.0
2023-05-26T00:00:00Z,42921099999,"NASIK CITY, IN",19.9666666,73.8166666,598.0,24.2,1006.5,82.33,24.2,1006.5,82.33,0,NONE,NONE,NORMAL,0.0
2023-05-26T00:00:00Z,43003099999,"CHHATRAPATI SHIVAJI INTERNATIONAL, IN",19.088686,72.867919,11.27,29.8,1010.7,75.47,29.8,1010.7,75.47,0,NONE,NONE,NORMAL,0.0
2023-05-26T00:00:00Z,43057099999,"BOMBAY COLABA, IN",18.9,72.8166666,11.0,29.0,1011.0,84.88,29.0,1011.0,84.88,0,NONE,NONE,NORMAL,0.0
2023-05-26T00:00:00Z,43063099999,"PUNE, IN",18.5333333,73.85,558.0,25.4,1011.0,78.06,25.4,1011.0,78.06,0,NONE,NONE,NORMAL,0.0
2023-05-26T01:00:00Z,42921099999,"NASIK CITY, IN",19.9666666,73.8166666,598.0,24.97,1006.83,79.44,24.97,1006.83,79.44,0,NONE,NONE,NORMAL,0.0
2023-05-26T01:00:00Z,43003099999,"CHHATRAPATI SHIVAJI INTERNATIONAL, IN",19.088686,72.867919,11.27,29.0,1011.0,83.88,29.0,1011.0,83.88,0,NONE,NONE,NORMAL,0.0
2023-05-26T01:00:00Z,43057099999,"BOMBAY COLABA, IN",18.9,72.8166666,11.0,29.6,1011.53,81.18,29.6,1011.53,81.18,0,NONE,NONE,NORMAL,0.0
2023-05-26T01:00:00Z,43063099999,"PUNE, IN",18.5333333,73.85,558.0,26.27,1011.3,73.24,26.27,1011.3,73.24,0,NONE,NONE,NORMAL,0.0
2023-05-26T02:00:00Z,42921099999,"NASIK CITY, IN",19.9666666,73.8166666,598.0,25.73,1007.17,76.68,25.73,1007.17,76.68,0,NONE,NONE,NORMAL,0.0
2023-05-26T02:00:00Z,43003099999,"CHHATRAPATI SHIVAJI INTERNATIONAL, IN",19.088686,72.867919,11.27,30.0,1012.0,83.99,30.0,1012.0,83.99,0,NONE,NONE,NORMAL,0.0
2023-05-26T02:00:00Z,43057099999,"BOMBAY COLABA, IN",18.9,72.8166666,11.0,30.2,1012.07,77.65,30.2,1012.07,77.65,0,NONE,NONE,NORMAL,0.0
2023-05-26T02:00:00Z,43063099999,"PUNE, IN",18.5333333,73.85,558.0,27.13,1011.6,68.74,27.13,1011.6,68.74,0,NONE,NONE,NORMAL,0.0
2023-05-26T03:00:00Z,42921099999,"NASIK CITY, IN",19.9666666,73.8166666,598.0,26.5,1007.5,74.03,26.5,1007.5,74.03,0,NONE,NONE,NORMAL,0.0
2023-05-26T03:00:00Z,43003099999,"CHHATRAPATI SHIVAJI INTERNATIONAL, IN",19.088686,72.867919,11.27,30.6,1012.6,79.73,30.6,1012.6,79.73,0,NONE,NONE,NORMAL,0.0
2023-05-26T03:00:00Z,43057099999,"BOMBAY COLABA, IN",18.9,72.8166666,11.0,30.8,1012.6,74.29,30.8,1012.6,74.29,0,NONE,NONE,NORMAL,0.0
2023-05-26T03:00:00Z,43063099999,"PUNE, IN",18.5333333,73.85,558.0,28.0,1011.9,64.54,28.0,1011.9,64.54,0,NONE,NONE,NORMAL,0.0
2023-05-26T04:00:00Z,42921099999,"NASIK CITY, IN",19.9666666,73.8166666,598.0,28.17,1007.03,65.11,28.17,1007.03,65.11,0,NONE,NONE,NORMAL,0.0
2023-05-26T04:00:00Z,43003099999,"CHHATRAPATI SHIVAJI INTERNATIONAL, IN",19.088686,72.867919,11.27,31.0,1013.0,74.77,31.0,1013.0,74.77,0,NONE,NONE,NORMAL,0.0
2023-05-26T04:00:00Z,43057099999,"BOMBAY COLABA, IN",18.9,72.8166666,11.0,31.02,1012.39,72.82,31.02,1012.39,72.82,0,NONE,NONE,NORMAL,0.0
2023-05-26T04:00:00Z,43063099999,"PUNE, IN",18.5333333,73.85,558.0,29.6,1011.4,57.98,29.6,1011.4,57.98,0,NONE,NONE,NORMAL,0.0
2023-05-26T05:00:00Z,42921099999,"NASIK CITY, IN",19.9666666,73.8166666,598.0,29.83,1006.57,57.32,29.83,1006.57,57.32,0,NONE,NONE,NORMAL,0.0
2023-05-26T05:00:00Z,43003099999,"CHHATRAPATI SHIVAJI INTERNATIONAL, IN",19.088686,72.867919,11.27,32.0,1012.0,70.63,32.0,1012.0,70.63,0,NONE,NONE,NORMAL,0.0
2023-05-26T05:00:00Z,43057099999,"BOMBAY COLABA, IN",18.9,72.8166666,11.0,31.24,1012.18,71.39,31.24,1012.18,71.39,0,NONE,NONE,NORMAL,0.0
2023-05-26T05:00:00Z,43063099999,"PUNE, IN",18.5333333,73.85,558.0,31.2,1010.9,52.14,31.2,1010.9,52.14,0,NONE,NONE,NORMAL,0.0
2023-05-26T06:00:00Z,42921099999,"NASIK CITY, IN",19.9666666,73.8166666,598.0,31.5,1006.1,50.52,31.5,1006.1,50.52,0,NONE,NONE,NORMAL,0.0
2023-05-26T06:00:00Z,43003099999,"CHHATRAPATI SHIVAJI INTERNATIONAL, IN",19.088686,72.867919,11.27,32.6,1012.2,65.49,32.6,1012.2,65.49,0,NONE,NONE,NORMAL,0.0
2023-05-26T06:00:00Z,43057099999,"BOMBAY COLABA, IN",18.9,72.8166666,11.0,31.47,1011.97,69.98,31.47,1011.97,69.98,0,NONE,NONE,NORMAL,0.0
2023-05-26T06:00:00Z,43063099999,"PUNE, IN",18.5333333,73.85,558.0,32.8,1010.4,46.93,32.8,1010.4,46.93,0,NONE,NONE,NORMAL,0.0
2023-05-26T07:00:00Z,42921099999,"NASIK CITY, IN",19.9666666,73.8166666,598.0,32.23,1005.23,47.57,32.23,1005.23,47.57,0,NONE,NONE,NORMAL,0.0
2023-05-26T07:00:00Z,43003099999,"CHHATRAPATI SHIVAJI INTERNATIONAL, IN",19.088686,72.867919,11.27,33.0,1012.0,66.75,33.0,1012.0,66.75,0,NONE,NONE,NORMAL,0.0
2023-05-26T07:00:00Z,43057099999,"BOMBAY COLABA, IN",18.9,72.8166666,11.0,31.69,1011.76,68.6,31.69,1011.76,68.6,0,NONE,NONE,NORMAL,0.0
2023-05-26T07:00:00Z,43063099999,"PUNE, IN",18.5333333,73.85,558.0,33.53,1009.43,43.93,33.53,1009.43,43.93,0,NONE,NONE,NORMAL,0.0
2023-05-26T08:00:00Z,42921099999,"NASIK CITY, IN",19.9666666,73.8166666,598.0,32.97,1004.37,44.79,32.97,1004.37,44.79,0,NONE,NONE,NORMAL,0.0
2023-05-26T08:00:00Z,43003099999,"CHHATRAPATI SHIVAJI INTERNATIONAL, IN",19.088686,72.867919,11.27,33.0,1011.0,62.9,33.0,1011.0,62.9,0,NONE,NONE,NORMAL,0.0
2023-05-26T08:00:00Z,43057099999,"BOMBAY COLABA, IN",18.9,72.8166666,11.0,31.91,1011.54,67.25,31.91,1011.54,67.25,0,NONE,NONE,NORMAL,0.0
2023-05-26T08:00:00Z,43063099999,"PUNE, IN",18.5333333,73.85,558.0,34.27,1008.47,41.13,34.27,1008.47,41.13,0,NONE,NONE,NORMAL,0.0
2023-05-26T09:00:00Z,42921099999,"NASIK CITY, IN",19.9666666,73.8166666,598.0,33.7,1003.5,42.19,33.7,1003.5,42.19,0,NONE,NONE,NORMAL,0.0
2023-05-26T09:00:00Z,43003099999,"CHHATRAPATI SHIVAJI INTERNATIONAL, IN",19.088686,72.867919,11.27,33.6,1010.7,60.45,33.6,1010.7,60.45,0,NONE,NONE,NORMAL,0.0
2023-05-26T09:00:00Z,43057099999,"BOMBAY COLABA, IN",18.9,72.8166666,11.0,32.13,1011.33,65.92,32.13,1011.33,65.92,0,NONE,NONE,NORMAL,0.0
2023-05-26T09:00:00Z,43063099999,"PUNE, IN",18.5333333,73.85,558.0,35.0,1007.5,38.51,35.0,1007.5,38.51,0,NONE,NONE,NORMAL,0.0
2023-05-26T10:00:00Z,42921099999,"NASIK CITY, IN",19.9666666,73.8166666,598.0,33.33,1003.57,38.62,33.33,1003.57,38.62,0,NONE,NONE,NORMAL,0.0
2023-05-26T10:00:00Z,43003099999,"CHHATRAPATI SHIVAJI INTERNATIONAL, IN",19.088686,72.867919,11.27,33.0,1010.0,62.9,33.0,1010.0,62.9,0,NONE,NONE,NORMAL,0.0
2023-05-26T10:00:00Z,43057099999,"BOMBAY COLABA, IN",18.9,72.8166666,11.0,32.36,1011.12,64.62,32.36,1011.12,64.62,0,NONE,NONE,NORMAL,0.0
2023-05-26T10:00:00Z,43063099999,"PUNE, IN",18.5333333,73.85,558.0,34.27,1007.53,41.13,34.27,1007.53,41.13,0,NONE,NONE,NORMAL,0.0
2023-05-26T11:00:00Z,42921099999,"NASIK CITY, IN",19.9666666,73.8166666,598.0,32.97,1003.63,35.31,32.97,1003.63,35.31,0,NONE,NONE,NORMAL,0.0
2023-05-26T11:00:00Z,43003099999,"CHHATRAPATI SHIVAJI INTERNATIONAL, IN",19.088686,72.867919,11.27,33.0,1010.0,62.9,33.0,1010.0,62.9,0,NONE,NONE,NORMAL,0.0
2023-05-26T11:00:00Z,43057099999,"BOMBAY COLABA, IN",18.9,72.8166666,11.0,32.58,1010.91,63.35,32.58,1010.91,63.35,0,NONE,NONE,NORMAL,0.0
2023-05-26T11:00:00Z,43063099999,"PUNE, IN",18.5333333,73.85,558.0,33.53,1007.57,43.93,33.53,1007.57,43.93,0,NONE,NONE,NORMAL,0.0
2023-05-26T12:00:00Z,42921099999,"NASIK CITY, IN",19.9666666,73.8166666,598.0,32.6,1003.7,32.23,32.6,1003.7,32.23,0,NONE,NONE,NORMAL,0.0
2023-05-26T12:00:00Z,43003099999,"CHHATRAPATI SHIVAJI INTERNATIONAL, IN",19.088686,72.867919,11.27,33.4,1010.0,61.13,33.4,1010.0,61.13,0,NONE,NONE,NORMAL,0.0
2023-05-26T12:00:00Z,43057099999,"BOMBAY COLABA, IN",18.9,72.8166666,11.0,32.8,1010.7,62.11,32.8,1010.7,62.11,0,NONE,NONE,NORMAL,0.0
2023-05-26T12:00:00Z,43063099999,"PUNE, IN",18.5333333,73.85,558.0,32.8,1007.6,46.93,32.8,1007.6,46.93,0,NONE,NONE,NORMAL,0.0
2023-05-26T13:00:00Z,42921099999,"NASIK CITY, IN",19.9666666,73.8166666,598.0,30.97,1004.33,38.14,30.97,1004.33,38.14,0,NONE,NONE,NORMAL,0.0
2023-05-26T13:00:00Z,43003099999,"CHHATRAPATI SHIVAJI INTERNATIONAL, IN",19.088686,72.867919,11.27,31.0,1011.0,70.45,31.0,1011.0,70.45,0,NONE,NONE,NORMAL,0.0
2023-05-26T13:00:00Z,43057099999,"BOMBAY COLABA, IN",18.9,72.8166666,11.0,32.64,1010.73,62.92,32.64,1010.73,62.92,0,NONE,NONE,NORMAL,0.0
2023-05-26T13:00:00Z,43063099999,"PUNE, IN",18.5333333,73.85,558.0,31.2,1008.5,52.14,31.2,1008.5,52.14,0,NONE,NONE,NORMAL,0.0
2023-05-26T14:00:00Z,42921099999,"NASIK CITY, IN",19.9666666,73.8166666,598.0,29.33,1004.97,45.14,29.33,1004.97,45.14,0,NONE,NONE,NORMAL,0.0
2023-05-26T14:00:00Z,43003099999,"CHHATRAPATI SHIVAJI INTERNATIONAL, IN",19.088686,72.867919,11.27,31.0,1011.0,70.45,31.0,1011.0,70.45,0,NONE,NONE,NORMAL,0.0
2023-05-26T14:00:00Z,43057099999,"BOMBAY COLABA, IN",18.9,72.8166666,11.0,32.48,1010.77,63.75,44.48,1010.77,98.5,1,PSYCHROMETRIC_VIOLATION,MULTIPLE,NORMAL,1.0
2023-05-26T14:00:00Z,43063099999,"PUNE, IN",18.5333333,73.85,558.0,29.6,1009.4,57.98,29.6,1009.4,57.98,0,NONE,NONE,NORMAL,0.0
2023-05-26T15:00:00Z,42921099999,"NASIK CITY, IN",19.9666666,73.8166666,598.0,27.7,1005.6,53.45,27.7,1005.6,53.45,0,NONE,NONE,NORMAL,0.0
2023-05-26T15:00:00Z,43003099999,"CHHATRAPATI SHIVAJI INTERNATIONAL, IN",19.088686,72.867919,11.27,31.0,1011.0,70.45,31.0,1011.0,70.45,0,NONE,NONE,NORMAL,0.0
2023-05-26T15:00:00Z,43057099999,"BOMBAY COLABA, IN",18.9,72.8166666,11.0,32.32,1010.8,64.58,44.32,1010.8,98.5,1,PSYCHROMETRIC_VIOLATION,MULTIPLE,NORMAL,1.0
2023-05-26T15:00:00Z,43063099999,"PUNE, IN",18.5333333,73.85,558.0,28.0,1010.3,64.54,28.0,1010.3,64.54,0,NONE,NONE,NORMAL,0.0
2023-05-26T16:00:00Z,42921099999,"NASIK CITY, IN",19.9666666,73.8166666,598.0,26.8,1006.1,59.39,26.8,1006.1,59.39,0,NONE,NONE,NORMAL,0.0
2023-05-26T16:00:00Z,43003099999,"CHHATRAPATI SHIVAJI INTERNATIONAL, IN",19.088686,72.867919,11.27,31.0,1011.0,70.45,31.0,1011.0,70.45,0,NONE,NONE,NORMAL,0.0
2023-05-26T16:00:00Z,43057099999,"BOMBAY COLABA, IN",18.9,72.8166666,11.0,32.16,1010.83,65.43,44.16,1010.83,98.5,1,PSYCHROMETRIC_VIOLATION,MULTIPLE,NORMAL,1.0
2023-05-26T16:00:00Z,43063099999,"PUNE, IN",18.5333333,73.85,558.0,27.2,1010.73,66.12,27.2,1010.73,66.12,0,NONE,NONE,NORMAL,0.0
2023-05-26T17:00:00Z,42921099999,"NASIK CITY, IN",19.9666666,73.8166666,598.0,25.9,1006.6,65.99,25.9,1006.6,65.99,0,NONE,NONE,NORMAL,0.0
2023-05-26T17:00:00Z,43003099999,"CHHATRAPATI SHIVAJI INTERNATIONAL, IN",19.088686,72.867919,11.27,30.0,1012.0,70.27,30.0,1012.0,70.27,0,NONE,NONE,NORMAL,0.0
2023-05-26T17:00:00Z,43057099999,"BOMBAY COLABA, IN",18.9,72.8166666,11.0,32.0,1010.87,66.29,44.0,1010.87,98.5,1,PSYCHROMETRIC_VIOLATION,MULTIPLE,NORMAL,1.0
2023-05-26T17:00:00Z,43063099999,"PUNE, IN",18.5333333,73.85,558.0,26.4,1011.17,67.76,26.4,1011.17,67.76,0,NONE,NONE,NORMAL,0.0
2023-05-26T18:00:00Z,42921099999,"NASIK CITY, IN",19.9666666,73.8166666,598.0,25.0,1007.1,73.32,25.0,1007.1,73.32,0,NONE,NONE,NORMAL,0.0
2023-05-26T18:00:00Z,43003099999,"CHHATRAPATI SHIVAJI INTERNATIONAL, IN",19.088686,72.867919,11.27,30.2,1011.3,69.05,30.2,1011.3,69.05,0,NONE,NONE,NORMAL,0.0
2023-05-26T18:00:00Z,43057099999,"BOMBAY COLABA, IN",18.9,72.8166666,11.0,31.84,1010.9,67.16,43.84,1010.9,98.5,1,PSYCHROMETRIC_VIOLATION,MULTIPLE,NORMAL,1.0
2023-05-26T18:00:00Z,43063099999,"PUNE, IN",18.5333333,73.85,558.0,25.6,1011.6,69.45,25.6,1011.6,69.45,0,NONE,NONE,NORMAL,0.0
2023-05-26T19:00:00Z,42921099999,"NASIK CITY, IN",19.9666666,73.8166666,598.0,24.5,1006.6,75.39,24.5,1006.6,75.39,0,NONE,NONE,NORMAL,0.0
2023-05-26T19:00:00Z,43003099999,"CHHATRAPATI SHIVAJI INTERNATIONAL, IN",19.088686,72.867919,11.27,30.0,1011.0,70.27,30.0,1011.0,70.27,0,NONE,NONE,NORMAL,0.0
2023-05-26T19:00:00Z,43057099999,"BOMBAY COLABA, IN",18.9,72.8166666,11.0,31.68,1010.93,68.04,43.68,1010.93,98.5,1,PSYCHROMETRIC_VIOLATION,MULTIPLE,NORMAL,1.0
2023-05-26T19:00:00Z,43063099999,"PUNE, IN",18.5333333,73.85,558.0,25.13,1011.03,71.11,25.13,1011.03,71.11,0,NONE,NONE,NORMAL,0.0
2023-05-26T20:00:00Z,42921099999,"NASIK CITY, IN",19.9666666,73.8166666,598.0,24.0,1006.1,77.53,24.0,1006.1,77.53,0,NONE,NONE,NORMAL,0.0
2023-05-26T20:00:00Z,43003099999,"CHHATRAPATI SHIVAJI INTERNATIONAL, IN",19.088686,72.867919,11.27,30.0,1010.0,74.61,30.0,1010.0,74.61,0,NONE,NONE,NORMAL,0.0
2023-05-26T20:00:00Z,43057099999,"BOMBAY COLABA, IN",18.9,72.8166666,11.0,31.52,1010.97,68.94,43.52,1010.97,98.5,1,PSYCHROMETRIC_VIOLATION,MULTIPLE,NORMAL,1.0
2023-05-26T20:00:00Z,43063099999,"PUNE, IN",18.5333333,73.85,558.0,24.67,1010.47,72.81,24.67,1010.47,72.81,0,NONE,NONE,NORMAL,0.0
2023-05-26T21:00:00Z,42921099999,"NASIK CITY, IN",19.9666666,73.8166666,598.0,23.5,1005.6,79.74,23.5,1005.6,79.74,0,NONE,NONE,NORMAL,0.0
2023-05-26T21:00:00Z,43003099999,"CHHATRAPATI SHIVAJI INTERNATIONAL, IN",19.088686,72.867919,11.27,29.4,1009.1,69.73,29.4,1009.1,69.73,0,NONE,NONE,NORMAL,0.0
2023-05-26T21:00:00Z,43057099999,"BOMBAY COLABA, IN",18.9,72.8166666,11.0,31.36,1011.0,69.85,43.36,1011.0,98.5,1,PSYCHROMETRIC_VIOLATION,MULTIPLE,NORMAL,1.0
2023-05-26T21:00:00Z,43063099999,"PUNE, IN",18.5333333,73.85,558.0,24.2,1009.9,74.57,24.2,1009.9,74.57,0,NONE,NONE,NORMAL,0.0
2023-05-26T22:00:00Z,42921099999,"NASIK CITY, IN",19.9666666,73.8166666,598.0,23.33,1005.73,80.88,23.33,1005.73,80.88,0,NONE,NONE,NORMAL,0.0
2023-05-26T22:00:00Z,43003099999,"CHHATRAPATI SHIVAJI INTERNATIONAL, IN",19.088686,72.867919,11.27,30.0,1009.0,70.27,30.0,1009.0,70.27,0,NONE,NONE,NORMAL,0.0
2023-05-26T22:00:00Z,43057099999,"BOMBAY COLABA, IN",18.9,72.8166666,11.0,31.2,1011.03,70.77,43.2,1011.03,98.5,1,PSYCHROMETRIC_VIOLATION,MULTIPLE,NORMAL,1.0
2023-05-26T22:00:00Z,43063099999,"PUNE, IN",18.5333333,73.85,558.0,24.0,1009.93,75.0,24.0,1009.93,75.0,0,NONE,NONE,NORMAL,0.0
2023-05-26T23:00:00Z,42921099999,"NASIK CITY, IN",19.9666666,73.8166666,598.0,23.17,1005.87,82.03,23.17,1005.87,82.03,0,NONE,NONE,NORMAL,0.0
2023-05-26T23:00:00Z,43003099999,"CHHATRAPATI SHIVAJI INTERNATIONAL, IN",19.088686,72.867919,11.27,30.0,1009.0,70.27,30.0,1009.0,70.27,0,NONE,NONE,NORMAL,0.0
2023-05-26T23:00:00Z,43057099999,"BOMBAY COLABA, IN",18.9,72.8166666,11.0,31.04,1011.07,71.7,43.04,1011.07,98.5,1,PSYCHROMETRIC_VIOLATION,MULTIPLE,NORMAL,1.0
2023-05-26T23:00:00Z,43063099999,"PUNE, IN",18.5333333,73.85,558.0,23.8,1009.97,75.44,23.8,1009.97,75.44,0,NONE,NONE,NORMAL,0.0
2023-05-27T00:00:00Z,42921099999,"NASIK CITY, IN",19.9666666,73.8166666,598.0,23.0,1006.0,83.21,23.0,1006.0,83.21,0,NONE,NONE,NORMAL,0.0
2023-05-27T00:00:00Z,43003099999,"CHHATRAPATI SHIVAJI INTERNATIONAL, IN",19.088686,72.867919,11.27,29.6,1009.2,69.77,29.6,1009.2,69.77,0,NONE,NONE,NORMAL,0.0
2023-05-27T00:00:00Z,43057099999,"BOMBAY COLABA, IN",18.9,72.8166666,11.0,30.88,1011.1,72.65,42.88,1011.1,98.5,1,PSYCHROMETRIC_VIOLATION,MULTIPLE,NORMAL,1.0
2023-05-27T00:00:00Z,43063099999,"PUNE, IN",18.5333333,73.85,558.0,23.6,1010.0,75.88,23.6,1010.0,75.88,0,NONE,NONE,NORMAL,0.0
2023-05-27T01:00:00Z,42921099999,"NASIK CITY, IN",19.9666666,73.8166666,598.0,24.33,1005.97,76.62,24.33,1005.97,76.62,0,NONE,NONE,NORMAL,0.0
2023-05-27T01:00:00Z,43003099999,"CHHATRAPATI SHIVAJI INTERNATIONAL, IN",19.088686,72.867919,11.27,30.0,1010.0,74.61,30.0,1010.0,74.61,0,NONE,NONE,NORMAL,0.0
2023-05-27T01:00:00Z,43057099999,"BOMBAY COLABA, IN",18.9,72.8166666,11.0,30.72,1011.13,73.6,42.72,1011.13,98.5,1,PSYCHROMETRIC_VIOLATION,MULTIPLE,NORMAL,1.0
2023-05-27T01:00:00Z,43063099999,"PUNE, IN",18.5333333,73.85,558.0,24.67,1010.2,71.02,24.67,1010.2,71.02,0,NONE,NONE,NORMAL,0.0
2023-05-27T02:00:00Z,42921099999,"NASIK CITY, IN",19.9666666,73.8166666,598.0,25.67,1005.93,70.62,25.67,1005.93,70.62,0,NONE,NONE,NORMAL,0.0
2023-05-27T02:00:00Z,43003099999,"CHHATRAPATI SHIVAJI INTERNATIONAL, IN",19.088686,72.867919,11.27,31.0,1011.0,70.45,31.0,1011.0,70.45,0,NONE,NONE,NORMAL,0.0
2023-05-27T02:00:00Z,43057099999,"BOMBAY COLABA, IN",18.9,72.8166666,11.0,30.56,1011.17,74.58,42.56,1011.17,98.5,1,PSYCHROMETRIC_VIOLATION,MULTIPLE,NORMAL,1.0
2023-05-27T02:00:00Z,43063099999,"PUNE, IN",18.5333333,73.85,558.0,25.73,1010.4,66.51,25.73,1010.4,66.51,0,NONE,NONE,NORMAL,0.0
2023-05-27T03:00:00Z,42921099999,"NASIK CITY, IN",19.9666666,73.8166666,598.0,27.0,1005.9,65.13,27.0,1005.9,65.13,0,NONE,NONE,NORMAL,0.0
2023-05-27T03:00:00Z,43003099999,"CHHATRAPATI SHIVAJI INTERNATIONAL, IN",19.088686,72.867919,11.27,31.0,1011.0,70.45,31.0,1011.0,70.45,0,NONE,NONE,NORMAL,0.0
2023-05-27T03:00:00Z,43057099999,"BOMBAY COLABA, IN",18.9,72.8166666,11.0,30.4,1011.2,75.56,42.4,1011.2,98.5,1,PSYCHROMETRIC_VIOLATION,MULTIPLE,NORMAL,1.0
2023-05-27T03:00:00Z,43063099999,"PUNE, IN",18.5333333,73.85,558.0,26.8,1010.6,62.31,26.8,1010.6,62.31,0,NONE,NONE,NORMAL,0.0
2023-05-27T04:00:00Z,42921099999,"NASIK CITY, IN",19.9666666,73.8166666,598.0,28.2,1005.8,58.73,28.2,1005.8,58.73,0,NONE,NONE,NORMAL,0.0
2023-05-27T04:00:00Z,43003099999,"CHHATRAPATI SHIVAJI INTERNATIONAL, IN",19.088686,72.867919,11.27,32.0,1011.0,66.55,32.0,1011.0,66.55,0,NONE,NONE,NORMAL,0.0
2023-05-27T04:00:00Z,43057099999,"BOMBAY COLABA, IN",18.9,72.8166666,11.0,30.62,1010.97,73.87,42.62,1010.97,98.5,1,PSYCHROMETRIC_VIOLATION,MULTIPLE,NORMAL,1.0
2023-05-27T04:00:00Z,43063099999,"PUNE, IN",18.5333333,73.85,558.0,28.47,1010.37,56.29,28.47,1010.37,56.29,0,NONE,NONE,NORMAL,0.0
2023-05-27T05:00:00Z,42921099999,"NASIK CITY, IN",19.9666666,73.8166666,598.0,29.4,1005.7,52.99,29.4,1005.7,52.99,0,NONE,NONE,NORMAL,0.0
2023-05-27T05:00:00Z,43003099999,"CHHATRAPATI SHIVAJI INTERNATIONAL, IN",19.088686,72.867919,11.27,32.0,1012.0,66.55,32.0,1012.0,66.55,0,NONE,NONE,NORMAL,0.0
2023-05-27T05:00:00Z,43057099999,"BOMBAY COLABA, IN",18.9,72.8166666,11.0,30.84,1010.73,72.22,30.84,1010.73,72.22,0,NONE,NONE,NORMAL,0.0
2023-05-27T05:00:00Z,43063099999,"PUNE, IN",18.5333333,73.85,558.0,30.13,1010.13,50.9,30.13,1010.13,50.9,0,NONE,NONE,NORMAL,0.0
2023-05-27T06:00:00Z,42921099999,"NASIK CITY, IN",19.9666666,73.8166666,598.0,30.6,1005.6,47.83,30.6,1005.6,47.83,0,NONE,NONE,NORMAL,0.0
2023-05-27T06:00:00Z,43003099999,"CHHATRAPATI SHIVAJI INTERNATIONAL, IN",19.088686,72.867919,11.27,33.4,1011.6,60.05,33.4,1011.6,60.05,0,NONE,NONE,NORMAL,0.0
2023-05-27T06:00:00Z,43057099999,"BOMBAY COLABA, IN",18.9,72.8166666,11.0,31.07,1010.5,70.6,31.07,1010.5,70.6,0,NONE,NONE,NORMAL,0.0
2023-05-27T06:00:00Z,43063099999,"PUNE, IN",18.5333333,73.85,558.0,31.8,1009.9,46.09,31.8,1009.9,46.09,0,NONE,NONE,NORMAL,0.0
2023-05-27T07:00:00Z,42921099999,"NASIK CITY, IN",19.9666666,73.8166666,598.0,31.6,1004.7,44.61,31.6,1004.7,44.61,0,NONE,NONE,NORMAL,0.0
2023-05-27T07:00:00Z,43003099999,"CHHATRAPATI SHIVAJI INTERNATIONAL, IN",19.088686,72.867919,11.27,33.0,1011.0,59.24,33.0,1011.0,59.24,0,NONE,NONE,NORMAL,0.0
2023-05-27T07:00:00Z,43057099999,"BOMBAY COLABA, IN",18.9,72.8166666,11.0,31.29,1010.27,69.02,31.29,1010.27,69.02,0,NONE,NONE,NORMAL,0.0
2023-05-27T07:00:00Z,43063099999,"PUNE, IN",18.5333333,73.85,558.0,33.0,1008.87,42.89,33.0,1008.87,42.89,0,NONE,NONE,NORMAL,0.0
2023-05-27T08:00:00Z,42921099999,"NASIK CITY, IN",19.9666666,73.8166666,598.0,32.6,1003.8,41.63,32.6,1003.8,41.63,0,NONE,NONE,NORMAL,0.0
2023-05-27T08:00:00Z,43003099999,"CHHATRAPATI SHIVAJI INTERNATIONAL, IN",19.088686,72.867919,11.27,33.0,1011.0,62.9,33.0,1011.0,62.9,0,NONE,NONE,NORMAL,0.0
2023-05-27T08:00:00Z,43057099999,"BOMBAY COLABA, IN",18.9,72.8166666,11.0,31.51,1010.03,67.48,31.51,1010.03,67.48,0,NONE,NONE,NORMAL,0.0
2023-05-27T08:00:00Z,43063099999,"PUNE, IN",18.5333333,73.85,558.0,34.2,1007.83,39.93,34.2,1007.83,39.93,0,NONE,NONE,NORMAL,0.0
2023-05-27T09:00:00Z,42921099999,"NASIK CITY, IN",19.9666666,73.8166666,598.0,33.6,1002.9,38.86,33.6,1002.9,38.86,0,NONE,NONE,NORMAL,0.0
2023-05-27T09:00:00Z,43003099999,"CHHATRAPATI SHIVAJI INTERNATIONAL, IN",19.088686,72.867919,11.27,34.0,1010.0,58.41,34.0,1010.0,58.41,0,NONE,NONE,NORMAL,0.0
2023-05-27T09:00:00Z,43057099999,"BOMBAY COLABA, IN",18.9,72.8166666,11.0,31.73,1009.8,65.97,31.73,1009.8,65.97,0,NONE,NONE,NORMAL,0.0
2023-05-27T09:00:00Z,43063099999,"PUNE, IN",18.5333333,73.85,558.0,35.4,1006.8,37.2,35.4,1006.8,37.2,0,NONE,NONE,NORMAL,0.0
2023-05-27T10:00:00Z,42921099999,"NASIK CITY, IN",19.9666666,73.8166666,598.0,33.63,1002.53,38.06,33.63,1002.53,38.06,0,NONE,NONE,NORMAL,0.0
2023-05-27T10:00:00Z,43003099999,"CHHATRAPATI SHIVAJI INTERNATIONAL, IN",19.088686,72.867919,11.27,33.0,1009.0,59.24,33.0,1009.0,59.24,0,NONE,NONE,NORMAL,0.0
2023-05-27T10:00:00Z,43057099999,"BOMBAY COLABA, IN",18.9,72.8166666,11.0,31.96,1009.57,64.5,31.96,1009.57,64.5,0,NONE,NONE,NORMAL,0.0
2023-05-27T10:00:00Z,43063099999,"PUNE, IN",18.5333333,73.85,558.0,34.6,1006.7,38.48,34.6,1006.7,38.48,0,NONE,NONE,NORMAL,0.0
2023-05-27T11:00:00Z,42921099999,"NASIK CITY, IN",19.9666666,73.8166666,598.0,33.67,1002.17,37.27,33.67,1002.17,37.27,0,NONE,NONE,NORMAL,0.0
2023-05-27T11:00:00Z,43003099999,"CHHATRAPATI SHIVAJI INTERNATIONAL, IN",19.088686,72.867919,11.27,32.0,1009.0,66.55,32.0,1009.0,66.55,0,NONE,NONE,NORMAL,0.0
2023-05-27T11:00:00Z,43057099999,"BOMBAY COLABA, IN",18.9,72.8166666,11.0,32.18,1009.33,63.06,32.18,1009.33,63.06,0,NONE,NONE,NORMAL,0.0
2023-05-27T11:00:00Z,43063099999,"PUNE, IN",18.5333333,73.85,558.0,33.8,1006.6,39.82,33.8,1006.6,39.82,0,NONE,NONE,NORMAL,0.0
2023-05-27T12:00:00Z,42921099999,"NASIK CITY, IN",19.9666666,73.8166666,598.0,33.7,1001.8,36.5,33.7,1001.8,36.5,0,NONE,NONE,NORMAL,0.0
2023-05-27T12:00:00Z,43003099999,"CHHATRAPATI SHIVAJI INTERNATIONAL, IN",19.088686,72.867919,11.27,33.2,1008.8,61.09,33.2,1008.8,61.09,0,NONE,NONE,NORMAL,0.0
2023-05-27T12:00:00Z,43057099999,"BOMBAY COLABA, IN",18.9,72.8166666,11.0,32.4,1009.1,61.65,32.4,1009.1,61.65,0,NONE,NONE,NORMAL,0.0
2023-05-27T12:00:00Z,43063099999,"PUNE, IN",18.5333333,73.85,558.0,33.0,1006.5,41.22,33.0,1006.5,41.22,0,NONE,NONE,NORMAL,0.0
2023-05-27T13:00:00Z,42921099999,"NASIK CITY, IN",19.9666666,73.8166666,598.0,31.97,1002.57,42.88,31.97,1002.57,42.88,0,NONE,NONE,NORMAL,0.0
2023-05-27T13:00:00Z,43003099999,"CHHATRAPATI SHIVAJI INTERNATIONAL, IN",19.088686,72.867919,11.27,31.0,1009.0,70.45,31.0,1009.0,70.45,0,NONE,NONE,NORMAL,0.0
2023-05-27T13:00:00Z,43057099999,"BOMBAY COLABA, IN",18.9,72.8166666,11.0,32.31,1009.19,62.3,32.31,1009.19,62.3,0,NONE,NONE,NORMAL,0.0
2023-05-27T13:00:00Z,43063099999,"PUNE, IN",18.5333333,73.85,558.0,31.53,1007.23,45.35,31.53,1007.23,45.35,0,NONE,NONE,NORMAL,0.0
2023-05-27T14:00:00Z,42921099999,"NASIK CITY, IN",19.9666666,73.8166666,598.0,30.23,1003.33,50.4,30.23,1003.33,50.4,0,NONE,NONE,NORMAL,0.0
2023-05-27T14:00:00Z,43003099999,"CHHATRAPATI SHIVAJI INTERNATIONAL, IN",19.088686,72.867919,11.27,31.0,1009.0,70.45,31.0,1009.0,70.45,0,NONE,NONE,NORMAL,0.0
2023-05-27T14:00:00Z,43057099999,"BOMBAY COLABA, IN",18.9,72.8166666,11.0,32.21,1009.29,62.96,32.21,1009.29,62.96,0,NONE,NONE,NORMAL,0.0
2023-05-27T14:00:00Z,43063099999,"PUNE, IN",18.5333333,73.85,558.0,30.07,1007.97,49.94,30.07,1007.97,49.94,0,NONE,NONE,NORMAL,0.0
2023-05-27T15:00:00Z,42921099999,"NASIK CITY, IN",19.9666666,73.8166666,598.0,28.5,1004.1,59.29,28.5,1004.1,59.29,0,NONE,NONE,NORMAL,0.0
2023-05-27T15:00:00Z,43003099999,"CHHATRAPATI SHIVAJI INTERNATIONAL, IN",19.088686,72.867919,11.27,30.8,1009.7,70.41,-999.0,1009.7,70.41,1,DROPOUT,T,NORMAL,1.0
2023-05-27T15:00:00Z,43057099999,"BOMBAY COLABA, IN",18.9,72.8166666,11.0,32.12,1009.38,63.62,32.12,1009.38,63.62,0,NONE,NONE,NORMAL,0.0
2023-05-27T15:00:00Z,43063099999,"PUNE, IN",18.5333333,73.85,558.0,28.6,1008.7,55.04,28.6,1008.7,55.04,0,NONE,NONE,NORMAL,0.0
2023-05-27T16:00:00Z,42921099999,"NASIK CITY, IN",19.9666666,73.8166666,598.0,27.5,1004.77,64.43,27.5,1004.77,64.43,0,NONE,NONE,NORMAL,0.0
2023-05-27T16:00:00Z,43003099999,"CHHATRAPATI SHIVAJI INTERNATIONAL, IN",19.088686,72.867919,11.27,31.0,1010.0,70.45,-999.0,1010.0,70.45,1,DROPOUT,T,NORMAL,1.0
2023-05-27T16:00:00Z,43057099999,"BOMBAY COLABA, IN",18.9,72.8166666,11.0,32.03,1009.47,64.29,32.03,1009.47,64.29,0,NONE,NONE,NORMAL,0.0
2023-05-27T16:00:00Z,43063099999,"PUNE, IN",18.5333333,73.85,558.0,27.67,1009.3,59.59,27.67,1009.3,59.59,0,NONE,NONE,NORMAL,0.0
2023-05-27T17:00:00Z,42921099999,"NASIK CITY, IN",19.9666666,73.8166666,598.0,26.5,1005.43,70.05,26.5,1005.43,70.05,0,NONE,NONE,NORMAL,0.0
2023-05-27T17:00:00Z,43003099999,"CHHATRAPATI SHIVAJI INTERNATIONAL, IN",19.088686,72.867919,11.27,31.0,1011.0,70.45,-999.0,1011.0,70.45,1,DROPOUT,T,NORMAL,1.0
2023-05-27T17:00:00Z,43057099999,"BOMBAY COLABA, IN",18.9,72.8166666,11.0,31.93,1009.57,64.97,31.93,1009.57,64.97,0,NONE,NONE,NORMAL,0.0
2023-05-27T17:00:00Z,43063099999,"PUNE, IN",18.5333333,73.85,558.0,26.73,1009.9,64.54,26.73,1009.9,64.54,0,NONE,NONE,NORMAL,0.0
2023-05-27T18:00:00Z,42921099999,"NASIK CITY, IN",19.9666666,73.8166666,598.0,25.5,1006.1,76.18,25.5,1006.1,76.18,0,NONE,NONE,NORMAL,0.0
2023-05-27T18:00:00Z,43003099999,"CHHATRAPATI SHIVAJI INTERNATIONAL, IN",19.088686,72.867919,11.27,30.4,1010.6,70.34,-999.0,1010.6,70.34,1,DROPOUT,T,NORMAL,1.0
2023-05-27T18:00:00Z,43057099999,"BOMBAY COLABA, IN",18.9,72.8166666,11.0,31.84,1009.66,65.65,31.84,1009.66,65.65,0,NONE,NONE,NORMAL,0.0
2023-05-27T18:00:00Z,43063099999,"PUNE, IN",18.5333333,73.85,558.0,25.8,1010.5,69.92,25.8,1010.5,69.92,0,NONE,NONE,NORMAL,0.0
2023-05-27T19:00:00Z,42921099999,"NASIK CITY, IN",19.9666666,73.8166666,598.0,25.2,1005.57,77.71,25.2,1005.57,77.71,0,NONE,NONE,NORMAL,0.0
2023-05-27T19:00:00Z,43003099999,"CHHATRAPATI SHIVAJI INTERNATIONAL, IN",19.088686,72.867919,11.27,30.0,1010.0,74.61,-999.0,1010.0,74.61,1,DROPOUT,T,NORMAL,1.0
2023-05-27T19:00:00Z,43057099999,"BOMBAY COLABA, IN",18.9,72.8166666,11.0,31.75,1009.75,66.34,31.75,1009.75,66.34,0,NONE,NONE,NORMAL,0.0
2023-05-27T19:00:00Z,43063099999,"PUNE, IN",18.5333333,73.85,558.0,25.4,1010.03,72.49,25.4,1010.03,72.49,0,NONE,NONE,NORMAL,0.0
2023-05-27T20:00:00Z,42921099999,"NASIK CITY, IN",19.9666666,73.8166666,598.0,24.9,1005.03,79.27,24.9,1005.03,79.27,0,NONE,NONE,NORMAL,0.0
2023-05-27T20:00:00Z,43003099999,"CHHATRAPATI SHIVAJI INTERNATIONAL, IN",19.088686,72.867919,11.27,30.0,1009.0,74.61,-999.0,1009.0,74.61,1,DROPOUT,T,NORMAL,1.0
2023-05-27T20:00:00Z,43057099999,"BOMBAY COLABA, IN",18.9,72.8166666,11.0,31.65,1009.85,67.04,31.65,1009.85,67.04,0,NONE,NONE,NORMAL,0.0
2023-05-27T20:00:00Z,43063099999,"PUNE, IN",18.5333333,73.85,558.0,25.0,1009.57,75.16,25.0,1009.57,75.16,0,NONE,NONE,NORMAL,0.0
2023-05-27T21:00:00Z,42921099999,"NASIK CITY, IN",19.9666666,73.8166666,598.0,24.6,1004.5,80.87,24.6,1004.5,80.87,0,NONE,NONE,NORMAL,0.0
2023-05-27T21:00:00Z,43003099999,"CHHATRAPATI SHIVAJI INTERNATIONAL, IN",19.088686,72.867919,11.27,30.0,1008.7,71.54,-999.0,1008.7,71.54,1,DROPOUT,T,NORMAL,1.0
2023-05-27T21:00:00Z,43057099999,"BOMBAY COLABA, IN",18.9,72.8166666,11.0,31.56,1009.94,67.75,31.56,1009.94,67.75,0,NONE,NONE,NORMAL,0.0
2023-05-27T21:00:00Z,43063099999,"PUNE, IN",18.5333333,73.85,558.0,24.6,1009.1,77.94,24.6,1009.1,77.94,0,NONE,NONE,NORMAL,0.0
2023-05-27T22:00:00Z,42921099999,"NASIK CITY, IN",19.9666666,73.8166666,598.0,24.27,1004.63,82.67,24.27,1004.63,82.67,0,NONE,NONE,NORMAL,0.0
2023-05-27T22:00:00Z,43003099999,"CHHATRAPATI SHIVAJI INTERNATIONAL, IN",19.088686,72.867919,11.27,30.0,1008.0,74.61,-999.0,1008.0,74.61,1,DROPOUT,T,NORMAL,1.0
2023-05-27T22:00:00Z,43057099999,"BOMBAY COLABA, IN",18.9,72.8166666,11.0,31.47,1010.03,68.46,31.47,1010.03,68.46,0,NONE,NONE,NORMAL,0.0
2023-05-27T22:00:00Z,43063099999,"PUNE, IN",18.5333333,73.85,558.0,24.33,1009.13,78.71,24.33,1009.13,78.71,0,NONE,NONE,NORMAL,0.0
2023-05-27T23:00:00Z,42921099999,"NASIK CITY, IN",19.9666666,73.8166666,598.0,23.93,1004.77,84.52,23.93,1004.77,84.52,0,NONE,NONE,NORMAL,0.0
2023-05-27T23:00:00Z,43003099999,"CHHATRAPATI SHIVAJI INTERNATIONAL, IN",19.088686,72.867919,11.27,30.0,1008.0,74.61,-999.0,1008.0,74.61,1,DROPOUT,T,NORMAL,1.0
2023-05-27T23:00:00Z,43057099999,"BOMBAY COLABA, IN",18.9,72.8166666,11.0,31.37,1010.13,69.19,31.37,1010.13,69.19,0,NONE,NONE,NORMAL,0.0
2023-05-27T23:00:00Z,43063099999,"PUNE, IN",18.5333333,73.85,558.0,24.07,1009.17,79.48,24.07,1009.17,79.48,0,NONE,NONE,NORMAL,0.0
2023-05-28T00:00:00Z,42921099999,"NASIK CITY, IN",19.9666666,73.8166666,598.0,23.6,1004.9,86.41,23.6,1004.9,86.41,0,NONE,NONE,NORMAL,0.0
2023-05-28T00:00:00Z,43003099999,"CHHATRAPATI SHIVAJI INTERNATIONAL, IN",19.088686,72.867919,11.27,30.0,1009.0,74.61,-999.0,1009.0,74.61,1,DROPOUT,T,NORMAL,1.0
2023-05-28T00:00:00Z,43057099999,"BOMBAY COLABA, IN",18.9,72.8166666,11.0,31.28,1010.22,69.92,31.28,1010.22,69.92,0,NONE,NONE,NORMAL,0.0
2023-05-28T00:00:00Z,43063099999,"PUNE, IN",18.5333333,73.85,558.0,23.8,1009.2,80.27,23.8,1009.2,80.27,0,NONE,NONE,NORMAL,0.0
2023-05-28T01:00:00Z,42921099999,"NASIK CITY, IN",19.9666666,73.8166666,598.0,24.6,1005.13,80.54,24.6,1005.13,80.54,0,NONE,NONE,NORMAL,0.0
2023-05-28T01:00:00Z,43003099999,"CHHATRAPATI SHIVAJI INTERNATIONAL, IN",19.088686,72.867919,11.27,30.0,1009.0,74.61,-999.0,1009.0,74.61,1,DROPOUT,T,NORMAL,1.0
2023-05-28T01:00:00Z,43057099999,"BOMBAY COLABA, IN",18.9,72.8166666,11.0,31.19,1010.31,70.65,31.19,1010.31,70.65,0,NONE,NONE,NORMAL,0.0
2023-05-28T01:00:00Z,43063099999,"PUNE, IN",18.5333333,73.85,558.0,25.0,1009.37,74.39,25.0,1009.37,74.39,0,NONE,NONE,NORMAL,0.0
2023-05-28T02:00:00Z,42921099999,"NASIK CITY, IN",19.9666666,73.8166666,598.0,25.6,1005.37,75.11,25.6,1005.37,75.11,0,NONE,NONE,NORMAL,0.0
2023-05-28T02:00:00Z,43003099999,"CHHATRAPATI SHIVAJI INTERNATIONAL, IN",19.088686,72.867919,11.27,31.0,1010.0,70.45,31.0,1010.0,70.45,0,NONE,NONE,NORMAL,0.0
2023-05-28T02:00:00Z,43057099999,"BOMBAY COLABA, IN",18.9,72.8166666,11.0,31.09,1010.41,71.4,31.09,1010.41,71.4,0,NONE,NONE,NORMAL,0.0
2023-05-28T02:00:00Z,43063099999,"PUNE, IN",18.5333333,73.85,558.0,26.2,1009.53,68.99,26.2,1009.53,68.99,0,NONE,NONE,NORMAL,0.0
2023-05-28T03:00:00Z,42921099999,"NASIK CITY, IN",19.9666666,73.8166666,598.0,26.6,1005.6,70.07,26.6,1005.6,70.07,0,NONE,NONE,NORMAL,0.0
2023-05-28T03:00:00Z,43003099999,"CHHATRAPATI SHIVAJI INTERNATIONAL, IN",19.088686,72.867919,11.27,30.4,1010.4,71.62,30.4,1010.4,71.62,0,NONE,NONE,NORMAL,0.0
2023-05-28T03:00:00Z,43057099999,"BOMBAY COLABA, IN",18.9,72.8166666,11.0,31.0,1010.5,72.15,31.0,1010.5,72.15,0,NONE,NONE,NORMAL,0.0
2023-05-28T03:00:00Z,43063099999,"PUNE, IN",18.5333333,73.85,558.0,27.4,1009.7,64.02,27.4,1009.7,64.02,0,NONE,NONE,NORMAL,0.0
2023-05-28T04:00:00Z,42921099999,"NASIK CITY, IN",19.9666666,73.8166666,598.0,28.4,1005.2,61.77,28.4,1005.2,61.77,0,NONE,NONE,NORMAL,0.0
2023-05-28T04:00:00Z,43003099999,"CHHATRAPATI SHIVAJI INTERNATIONAL, IN",19.088686,72.867919,11.27,31.0,1010.0,70.45,31.0,1010.0,70.45,0,NONE,NONE,NORMAL,0.0
2023-05-28T04:00:00Z,43057099999,"BOMBAY COLABA, IN",18.9,72.8166666,11.0,31.73,1010.47,68.24,31.73,1010.47,68.24,0,NONE,NONE,NORMAL,0.0
2023-05-28T04:00:00Z,43063099999,"PUNE, IN",18.5333333,73.85,558.0,29.27,1009.17,54.3,29.27,1009.17,54.3,0,NONE,NONE,NORMAL,0.0
2023-05-28T05:00:00Z,42921099999,"NASIK CITY, IN",19.9666666,73.8166666,598.0,30.2,1004.8,54.53,30.2,1004.8,54.53,0,NONE,NONE,NORMAL,0.0
2023-05-28T05:00:00Z,43003099999,"CHHATRAPATI SHIVAJI INTERNATIONAL, IN",19.088686,72.867919,11.27,33.0,1010.0,59.24,33.0,1010.0,59.24,0,NONE,NONE,NORMAL,0.0
2023-05-28T05:00:00Z,43057099999,"BOMBAY COLABA, IN",18.9,72.8166666,11.0,32.47,1010.43,64.56,32.47,1010.43,64.56,0,NONE,NONE,NORMAL,0.0
2023-05-28T05:00:00Z,43063099999,"PUNE, IN",18.5333333,73.85,558.0,31.13,1008.63,46.1,31.13,1008.63,46.1,0,NONE,NONE,NORMAL,0.0
2023-05-28T06:00:00Z,42921099999,"NASIK CITY, IN",19.9666666,73.8166666,598.0,32.0,1004.4,48.2,32.0,1004.4,48.2,0,NONE,NONE,NORMAL,0.0
2023-05-28T06:00:00Z,43003099999,"CHHATRAPATI SHIVAJI INTERNATIONAL, IN",19.088686,72.867919,11.27,33.6,1010.1,57.97,33.6,1010.1,57.97,0,NONE,NONE,NORMAL,0.0
2023-05-28T06:00:00Z,43057099999,"BOMBAY COLABA, IN",18.9,72.8166666,11.0,33.2,1010.4,61.09,33.2,1010.4,61.09,0,NONE,NONE,NORMAL,0.0
2023-05-28T06:00:00Z,43063099999,"PUNE, IN",18.5333333,73.85,558.0,33.0,1008.1,39.19,33.0,1008.1,39.19,0,NONE,NONE,NORMAL,0.0
2023-05-28T07:00:00Z,42921099999,"NASIK CITY, IN",19.9666666,73.8166666,598.0,33.33,1003.47,42.36,33.33,1003.47,42.36,0,NONE,NONE,NORMAL,0.0
2023-05-28T07:00:00Z,43003099999,"CHHATRAPATI SHIVAJI INTERNATIONAL, IN",19.088686,72.867919,11.27,33.0,1010.0,59.24,33.0,1010.0,59.24,0,NONE,NONE,NORMAL,0.0
2023-05-28T07:00:00Z,43057099999,"BOMBAY COLABA, IN",18.9,72.8166666,11.0,33.53,1009.9,60.56,33.53,1009.9,60.56,0,NONE,NONE,NORMAL,0.0
2023-05-28T07:00:00Z,43063099999,"PUNE, IN",18.5333333,73.85,558.0,34.27,1007.27,35.97,34.27,1007.27,35.97,0,NONE,NONE,NORMAL,0.0
2023-05-28T08:00:00Z,42921099999,"NASIK CITY, IN",19.9666666,73.8166666,598.0,34.67,1002.53,37.23,34.67,1002.53,37.23,0,NONE,NONE,NORMAL,0.0
2023-05-28T08:00:00Z,43003099999,"CHHATRAPATI SHIVAJI INTERNATIONAL, IN",19.088686,72.867919,11.27,33.0,1009.0,59.24,33.0,1009.0,59.24,0,NONE,NONE,NORMAL,0.0
2023-05-28T08:00:00Z,43057099999,"BOMBAY COLABA, IN",18.9,72.8166666,11.0,33.87,1009.4,60.03,33.87,1009.4,60.03,0,NONE,NONE,NORMAL,0.0
2023-05-28T08:00:00Z,43063099999,"PUNE, IN",18.5333333,73.85,558.0,35.53,1006.43,33.03,35.53,1006.43,33.03,0,NONE,NONE,NORMAL,0.0
2023-05-28T09:00:00Z,42921099999,"NASIK CITY, IN",19.9666666,73.8166666,598.0,36.0,1001.6,32.74,36.0,1001.6,32.74,0,NONE,NONE,NORMAL,0.0
2023-05-28T09:00:00Z,43003099999,"CHHATRAPATI SHIVAJI INTERNATIONAL, IN",19.088686,72.867919,11.27,34.0,1009.3,58.41,34.0,1009.3,58.41,0,NONE,NONE,NORMAL,0.0
2023-05-28T09:00:00Z,43057099999,"BOMBAY COLABA, IN",18.9,72.8166666,11.0,34.2,1008.9,59.51,34.2,1008.9,59.51,0,NONE,NONE,NORMAL,0.0
2023-05-28T09:00:00Z,43063099999,"PUNE, IN",18.5333333,73.85,558.0,36.8,1005.6,30.36,36.8,1005.6,30.36,0,NONE,NONE,NORMAL,0.0
2023-05-28T10:00:00Z,42921099999,"NASIK CITY, IN",19.9666666,73.8166666,598.0,35.67,1001.07,32.38,35.67,1001.07,32.38,0,NONE,NONE,NORMAL,0.0
2023-05-28T10:00:00Z,43003099999,"CHHATRAPATI SHIVAJI INTERNATIONAL, IN",19.088686,72.867919,11.27,33.0,1008.0,59.24,33.0,1008.0,59.24,0,NONE,NONE,NORMAL,0.0
2023-05-28T10:00:00Z,43057099999,"BOMBAY COLABA, IN",18.9,72.8166666,11.0,33.53,1008.43,61.65,33.53,1008.43,61.65,0,NONE,NONE,NORMAL,0.0
2023-05-28T10:00:00Z,43063099999,"PUNE, IN",18.5333333,73.85,558.0,36.2,1005.1,32.39,36.2,1005.1,32.39,0,NONE,NONE,NORMAL,0.0
2023-05-28T11:00:00Z,42921099999,"NASIK CITY, IN",19.9666666,73.8166666,598.0,35.33,1000.53,32.01,35.33,1000.53,32.01,0,NONE,NONE,NORMAL,0.0
2023-05-28T11:00:00Z,43003099999,"CHHATRAPATI SHIVAJI INTERNATIONAL, IN",19.088686,72.867919,11.27,32.0,1007.0,66.55,32.0,1007.0,66.55,0,NONE,NONE,NORMAL,0.0
2023-05-28T11:00:00Z,43057099999,"BOMBAY COLABA, IN",18.9,72.8166666,11.0,32.87,1007.97,63.88,32.87,1007.97,63.88,0,NONE,NONE,NORMAL,0.0
2023-05-28T11:00:00Z,43063099999,"PUNE, IN",18.5333333,73.85,558.0,35.6,1004.6,34.55,35.6,1004.6,34.55,0,NONE,NONE,NORMAL,0.0
2023-05-28T12:00:00Z,42921099999,"NASIK CITY, IN",19.9666666,73.8166666,598.0,35.0,1000.0,31.65,35.0,1000.0,31.65,0,NONE,NONE,NORMAL,0.0
2023-05-28T12:00:00Z,43003099999,"CHHATRAPATI SHIVAJI INTERNATIONAL, IN",19.088686,72.867919,11.27,32.0,1007.0,66.55,32.0,1007.0,66.55,0,NONE,NONE,NORMAL,0.0
2023-05-28T12:00:00Z,43057099999,"BOMBAY COLABA, IN",18.9,72.8166666,11.0,32.2,1007.5,66.2,32.2,1007.5,66.2,0,NONE,NONE,NORMAL,0.0
2023-05-28T12:00:00Z,43063099999,"PUNE, IN",18.5333333,73.85,558.0,35.0,1004.1,36.86,35.0,1004.1,36.86,0,NONE,NONE,NORMAL,0.0
2023-05-28T13:00:00Z,42921099999,"NASIK CITY, IN",19.9666666,73.8166666,598.0,33.07,1000.97,39.29,33.07,1000.97,39.29,0,NONE,NONE,NORMAL,0.0
2023-05-28T13:00:00Z,43003099999,"CHHATRAPATI SHIVAJI INTERNATIONAL, IN",19.088686,72.867919,11.27,31.0,1007.0,74.77,31.0,1007.0,74.77,0,NONE,NONE,NORMAL,0.0
2023-05-28T13:00:00Z,43057099999,"BOMBAY COLABA, IN",18.9,72.8166666,11.0,32.09,1007.59,66.7,32.09,1007.59,66.7,0,NONE,NONE,NORMAL,0.0
2023-05-28T13:00:00Z,43063099999,"PUNE, IN",18.5333333,73.85,558.0,33.13,1004.97,39.47,33.13,1004.97,39.47,0,NONE,NONE,NORMAL,0.0
2023-05-28T14:00:00Z,42921099999,"NASIK CITY, IN",19.9666666,73.8166666,598.0,31.13,1001.93,48.78,31.13,1001.93,48.78,0,NONE,NONE,NORMAL,0.0
2023-05-28T14:00:00Z,43003099999,"CHHATRAPATI SHIVAJI INTERNATIONAL, IN",19.088686,72.867919,11.27,31.0,1007.0,74.77,31.0,1007.0,74.77,0,NONE,NONE,NORMAL,0.0
2023-05-28T14:00:00Z,43057099999,"BOMBAY COLABA, IN",18.9,72.8166666,11.0,31.99,1007.69,67.22,31.99,1007.69,67.22,0,NONE,NONE,NORMAL,0.0
2023-05-28T14:00:00Z,43063099999,"PUNE, IN",18.5333333,73.85,558.0,31.27,1005.83,42.33,31.27,1005.83,42.33,0,NONE,NONE,NORMAL,0.0
2023-05-28T15:00:00Z,42921099999,"NASIK CITY, IN",19.9666666,73.8166666,598.0,29.2,1002.9,60.56,29.2,1002.9,60.56,0,NONE,NONE,NORMAL,0.0
2023-05-28T15:00:00Z,43003099999,"CHHATRAPATI SHIVAJI INTERNATIONAL, IN",19.088686,72.867919,11.27,31.0,1008.0,74.77,31.0,1008.0,74.77,0,NONE,NONE,NORMAL,0.0
2023-05-28T15:00:00Z,43057099999,"BOMBAY COLABA, IN",18.9,72.8166666,11.0,31.88,1007.78,67.73,31.88,1007.78,67.73,0,NONE,NONE,NORMAL,0.0
2023-05-28T15:00:00Z,43063099999,"PUNE, IN",18.5333333,73.85,558.0,29.4,1006.7,45.45,29.4,1006.7,45.45,0,NONE,NONE,NORMAL,0.0
2023-05-28T16:00:00Z,42921099999,"NASIK CITY, IN",19.9666666,73.8166666,598.0,28.13,1003.93,65.5,28.13,1003.93,65.5,0,NONE,NONE,NORMAL,0.0
2023-05-28T16:00:00Z,43003099999,"CHHATRAPATI SHIVAJI INTERNATIONAL, IN",19.088686,72.867919,11.27,31.0,1009.5,74.77,31.0,1009.5,74.77,0,NONE,NONE,NORMAL,0.0
2023-05-28T16:00:00Z,43057099999,"BOMBAY COLABA, IN",18.9,72.8166666,11.0,31.77,1007.87,68.25,31.77,1007.87,68.25,0,NONE,NONE,NORMAL,0.0
2023-05-28T16:00:00Z,43063099999,"PUNE, IN",18.5333333,73.85,558.0,28.33,1007.7,50.76,28.33,1007.7,50.76,0,NONE,NONE,NORMAL,0.0
2023-05-28T17:00:00Z,42921099999,"NASIK CITY, IN",19.9666666,73.8166666,598.0,27.07,1004.97,70.87,27.07,1004.97,70.87,0,NONE,NONE,NORMAL,0.0
2023-05-28T17:00:00Z,43003099999,"CHHATRAPATI SHIVAJI INTERNATIONAL, IN",19.088686,72.867919,11.27,31.0,1010.0,74.77,31.0,1010.0,74.77,0,NONE,NONE,NORMAL,0.0
2023-05-28T17:00:00Z,43057099999,"BOMBAY COLABA, IN",18.9,72.8166666,11.0,31.67,1007.97,68.78,31.67,1007.97,68.78,0,NONE,NONE,NORMAL,0.0
2023-05-28T17:00:00Z,43063099999,"PUNE, IN",18.5333333,73.85,558.0,27.27,1008.7,56.71,27.27,1008.7,56.71,0,NONE,NONE,NORMAL,0.0
2023-05-28T18:00:00Z,42921099999,"NASIK CITY, IN",19.9666666,73.8166666,598.0,26.0,1006.0,76.72,26.0,1006.0,76.72,0,NONE,NONE,NORMAL,0.0
2023-05-28T18:00:00Z,43003099999,"CHHATRAPATI SHIVAJI INTERNATIONAL, IN",19.088686,72.867919,11.27,30.6,1010.2,72.94,30.6,1010.2,72.94,0,NONE,NONE,NORMAL,0.0
2023-05-28T18:00:00Z,43057099999,"BOMBAY COLABA, IN",18.9,72.8166666,11.0,31.56,1008.06,69.3,31.56,1008.06,69.3,0,NONE,NONE,NORMAL,0.0
2023-05-28T18:00:00Z,43063099999,"PUNE, IN",18.5333333,73.85,558.0,26.2,1009.7,63.36,26.2,1009.7,63.36,0,NONE,NONE,NORMAL,0.0
2023-05-28T19:00:00Z,42921099999,"NASIK CITY, IN",19.9666666,73.8166666,598.0,25.6,1005.8,78.56,25.6,1005.8,78.56,0,NONE,NONE,NORMAL,0.0
2023-05-28T19:00:00Z,43003099999,"CHHATRAPATI SHIVAJI INTERNATIONAL, IN",19.088686,72.867919,11.27,31.0,1010.0,74.77,31.0,1010.0,74.77,0,NONE,NONE,NORMAL,0.0
2023-05-28T19:00:00Z,43057099999,"BOMBAY COLABA, IN",18.9,72.8166666,11.0,31.45,1008.15,69.84,31.45,1008.15,69.84,0,NONE,NONE,NORMAL,0.0
2023-05-28T19:00:00Z,43063099999,"PUNE, IN",18.5333333,73.85,558.0,25.8,1009.37,67.08,25.8,1009.37,67.08,0,NONE,NONE,NORMAL,0.0
2023-05-28T20:00:00Z,42921099999,"NASIK CITY, IN",19.9666666,73.8166666,598.0,25.2,1005.6,80.46,25.2,1005.6,80.46,0,NONE,NONE,NORMAL,0.0
2023-05-28T20:00:00Z,43003099999,"CHHATRAPATI SHIVAJI INTERNATIONAL, IN",19.088686,72.867919,11.27,30.0,1009.0,79.18,30.0,1009.0,79.18,0,NONE,NONE,NORMAL,0.0
2023-05-28T20:00:00Z,43057099999,"BOMBAY COLABA, IN",18.9,72.8166666,11.0,31.35,1008.25,70.37,31.35,1008.25,70.37,0,NONE,NONE,NORMAL,0.0
2023-05-28T20:00:00Z,43063099999,"PUNE, IN",18.5333333,73.85,558.0,25.4,1009.03,71.01,25.4,1009.03,71.01,0,NONE,NONE,NORMAL,0.0
2023-05-28T21:00:00Z,42921099999,"NASIK CITY, IN",19.9666666,73.8166666,598.0,24.8,1005.4,82.4,24.8,1005.4,82.4,0,NONE,NONE,NORMAL,0.0
2023-05-28T21:00:00Z,43003099999,"CHHATRAPATI SHIVAJI INTERNATIONAL, IN",19.088686,72.867919,11.27,30.0,1009.0,79.18,30.0,1009.0,79.18,0,NONE,NONE,NORMAL,0.0
2023-05-28T21:00:00Z,43057099999,"BOMBAY COLABA, IN",18.9,72.8166666,11.0,31.24,1008.34,70.91,31.24,1008.34,70.91,0,NONE,NONE,NORMAL,0.0
2023-05-28T21:00:00Z,43063099999,"PUNE, IN",18.5333333,73.85,558.0,25.0,1008.7,75.16,25.0,1008.7,75.16,0,NONE,NONE,NORMAL,0.0
2023-05-28T22:00:00Z,42921099999,"NASIK CITY, IN",19.9666666,73.8166666,598.0,24.73,1005.2,84.43,24.73,1005.2,84.43,0,NONE,NONE,NORMAL,0.0
2023-05-28T22:00:00Z,43003099999,"CHHATRAPATI SHIVAJI INTERNATIONAL, IN",19.088686,72.867919,11.27,30.0,1008.0,79.18,30.0,1008.0,79.18,0,NONE,NONE,NORMAL,0.0
2023-05-28T22:00:00Z,43057099999,"BOMBAY COLABA, IN",18.9,72.8166666,11.0,31.13,1008.43,71.46,31.13,1008.43,71.46,0,NONE,NONE,NORMAL,0.0
2023-05-28T22:00:00Z,43063099999,"PUNE, IN",18.5333333,73.85,558.0,24.67,1009.0,76.99,24.67,1009.0,76.99,0,NONE,NONE,NORMAL,0.0
2023-05-28T23:00:00Z,42921099999,"NASIK CITY, IN",19.9666666,73.8166666,598.0,24.67,1005.0,86.51,24.67,1005.0,86.51,0,NONE,NONE,NORMAL,0.0
2023-05-28T23:00:00Z,43003099999,"CHHATRAPATI SHIVAJI INTERNATIONAL, IN",19.088686,72.867919,11.27,30.0,1008.0,74.61,30.0,1008.0,74.61,0,NONE,NONE,NORMAL,0.0
2023-05-28T23:00:00Z,43057099999,"BOMBAY COLABA, IN",18.9,72.8166666,11.0,31.03,1008.53,72.01,31.03,1008.53,72.01,0,NONE,NONE,NORMAL,0.0
2023-05-28T23:00:00Z,43063099999,"PUNE, IN",18.5333333,73.85,558.0,24.33,1009.3,78.87,24.33,1009.3,78.87,0,NONE,NONE,NORMAL,0.0
2023-05-29T00:00:00Z,42921099999,"NASIK CITY, IN",19.9666666,73.8166666,598.0,24.6,1004.8,88.64,24.6,1004.8,88.64,0,NONE,NONE,NORMAL,0.0
2023-05-29T00:00:00Z,43003099999,"CHHATRAPATI SHIVAJI INTERNATIONAL, IN",19.088686,72.867919,11.27,29.2,1008.5,79.07,29.2,1008.5,79.07,0,NONE,NONE,NORMAL,0.0
2023-05-29T00:00:00Z,43057099999,"BOMBAY COLABA, IN",18.9,72.8166666,11.0,30.92,1008.62,72.57,30.92,1008.62,100.0,1,SPIKE,RH,NORMAL,0.75
2023-05-29T00:00:00Z,43063099999,"PUNE, IN",18.5333333,73.85,558.0,24.0,1009.6,80.8,24.0,1009.6,80.8,0,NONE,NONE,NORMAL,0.0
2023-05-29T01:00:00Z,42921099999,"NASIK CITY, IN",19.9666666,73.8166666,598.0,25.73,1004.77,82.85,25.73,1004.77,82.85,0,NONE,NONE,NORMAL,0.0
2023-05-29T01:00:00Z,43003099999,"CHHATRAPATI SHIVAJI INTERNATIONAL, IN",19.088686,72.867919,11.27,30.0,1008.0,79.18,30.0,1008.0,79.18,0,NONE,NONE,NORMAL,0.0
2023-05-29T01:00:00Z,43057099999,"BOMBAY COLABA, IN",18.9,72.8166666,11.0,30.81,1008.71,73.13,30.81,1008.71,100.0,1,SPIKE,RH,NORMAL,0.75
2023-05-29T01:00:00Z,43063099999,"PUNE, IN",18.5333333,73.85,558.0,25.47,1009.37,72.95,25.47,1009.37,72.95,0,NONE,NONE,NORMAL,0.0
2023-05-29T02:00:00Z,42921099999,"NASIK CITY, IN",19.9666666,73.8166666,598.0,26.87,1004.73,77.48,26.87,1004.73,77.48,0,NONE,NONE,NORMAL,0.0
2023-05-29T02:00:00Z,43003099999,"CHHATRAPATI SHIVAJI INTERNATIONAL, IN",19.088686,72.867919,11.27,31.0,1009.0,74.77,31.0,1009.0,74.77,0,NONE,NONE,NORMAL,0.0
2023-05-29T02:00:00Z,43057099999,"BOMBAY COLABA, IN",18.9,72.8166666,11.0,30.71,1008.81,73.69,30.71,1008.81,73.69,0,NONE,NONE,NORMAL,0.0
2023-05-29T02:00:00Z,43063099999,"PUNE, IN",18.5333333,73.85,558.0,26.93,1009.13,65.93,26.93,1009.13,65.93,0,NONE,NONE,NORMAL,0.0
2023-05-29T03:00:00Z,42921099999,"NASIK CITY, IN",19.9666666,73.8166666,598.0,28.0,1004.7,72.5,28.0,1004.7,72.5,0,NONE,NONE,NORMAL,0.0
2023-05-29T03:00:00Z,43003099999,"CHHATRAPATI SHIVAJI INTERNATIONAL, IN",19.088686,72.867919,11.27,31.0,1008.8,70.87,31.0,1008.8,70.87,0,NONE,NONE,NORMAL,0.0
2023-05-29T03:00:00Z,43057099999,"BOMBAY COLABA, IN",18.9,72.8166666,11.0,30.6,1008.9,74.26,30.6,1008.9,74.26,0,NONE,NONE,NORMAL,0.0
2023-05-29T03:00:00Z,43063099999,"PUNE, IN",18.5333333,73.85,558.0,28.4,1008.9,59.64,28.4,1008.9,59.64,0,NONE,NONE,NORMAL,0.0
2023-05-29T04:00:00Z,42921099999,"NASIK CITY, IN",19.9666666,73.8166666,598.0,30.67,1004.13,49.78,30.67,1004.13,49.78,0,NONE,NONE,NORMAL,0.0
2023-05-29T04:00:00Z,43003099999,"CHHATRAPATI SHIVAJI INTERNATIONAL, IN",19.088686,72.867919,11.27,33.0,1009.0,66.75,33.0,1009.0,66.75,0,NONE,NONE,NORMAL,0.0
2023-05-29T04:00:00Z,43057099999,"BOMBAY COLABA, IN",18.9,72.8166666,11.0,30.71,1008.69,74.03,30.71,1008.69,74.03,0,NONE,NONE,NORMAL,0.0
2023-05-29T04:00:00Z,43063099999,"PUNE, IN",18.5333333,73.85,558.0,30.33,1008.4,51.92,30.33,1008.4,51.92,0,NONE,NONE,NORMAL,0.0
2023-05-29T05:00:00Z,42921099999,"NASIK CITY, IN",19.9666666,73.8166666,598.0,33.33,1003.57,34.08,33.33,1003.57,34.08,0,NONE,NONE,NORMAL,0.0
2023-05-29T05:00:00Z,43003099999,"CHHATRAPATI SHIVAJI INTERNATIONAL, IN",19.088686,72.867919,11.27,32.0,1009.0,70.63,32.0,1009.0,70.63,0,NONE,NONE,NORMAL,0.0
2023-05-29T05:00:00Z,43057099999,"BOMBAY COLABA, IN",18.9,72.8166666,11.0,30.82,1008.48,73.81,30.82,1008.48,73.81,0,NONE,NONE,NORMAL,0.0
2023-05-29T05:00:00Z,43063099999,"PUNE, IN",18.5333333,73.85,558.0,32.27,1007.9,45.26,32.27,1007.9,45.26,0,NONE,NONE,NORMAL,0.0
2023-05-29T06:00:00Z,42921099999,"NASIK CITY, IN",19.9666666,73.8166666,598.0,36.0,1003.0,23.24,36.0,1003.0,23.24,0,NONE,NONE,NORMAL,0.0
2023-05-29T06:00:00Z,43003099999,"CHHATRAPATI SHIVAJI INTERNATIONAL, IN",19.088686,72.867919,11.27,33.0,1009.0,66.75,33.0,1009.0,66.75,0,NONE,NONE,NORMAL,0.0
2023-05-29T06:00:00Z,43057099999,"BOMBAY COLABA, IN",18.9,72.8166666,11.0,30.93,1008.27,73.58,30.93,1008.27,73.58,0,NONE,NONE,NORMAL,0.0
2023-05-29T06:00:00Z,43063099999,"PUNE, IN",18.5333333,73.85,558.0,34.2,1007.4,39.52,34.2,1007.4,39.52,0,NONE,NONE,NORMAL,0.0
2023-05-29T07:00:00Z,42921099999,"NASIK CITY, IN",19.9666666,73.8166666,598.0,36.5,1002.07,23.27,36.5,1002.07,23.27,0,NONE,NONE,NORMAL,0.0
2023-05-29T07:00:00Z,43003099999,"CHHATRAPATI SHIVAJI INTERNATIONAL, IN",19.088686,72.867919,11.27,33.0,1009.0,70.81,33.0,1009.0,70.81,0,NONE,NONE,NORMAL,0.0
2023-05-29T07:00:00Z,43057099999,"BOMBAY COLABA, IN",18.9,72.8166666,11.0,31.04,1008.06,73.36,31.04,1008.06,73.36,0,NONE,NONE,NORMAL,0.0
2023-05-29T07:00:00Z,43063099999,"PUNE, IN",18.5333333,73.85,558.0,35.47,1006.17,33.58,35.47,1006.17,33.58,0,NONE,NONE,NORMAL,0.0
2023-05-29T08:00:00Z,42921099999,"NASIK CITY, IN",19.9666666,73.8166666,598.0,37.0,1001.13,23.29,37.0,1001.13,23.29,0,NONE,NONE,NORMAL,0.0
2023-05-29T08:00:00Z,43003099999,"CHHATRAPATI SHIVAJI INTERNATIONAL, IN",19.088686,72.867919,11.27,33.0,1008.0,70.81,33.0,1008.0,70.81,0,NONE,NONE,NORMAL,0.0
2023-05-29T08:00:00Z,43057099999,"BOMBAY COLABA, IN",18.9,72.8166666,11.0,31.16,1007.84,73.14,31.16,1007.84,73.14,0,NONE,NONE,NORMAL,0.0
2023-05-29T08:00:00Z,43063099999,"PUNE, IN",18.5333333,73.85,558.0,36.73,1004.93,28.52,36.73,1004.93,28.52,0,NONE,NONE,NORMAL,0.0
2023-05-29T09:00:00Z,42921099999,"NASIK CITY, IN",19.9666666,73.8166666,598.0,37.5,1000.2,23.32,37.5,1000.2,23.32,0,NONE,NONE,NORMAL,0.0
2023-05-29T09:00:00Z,43003099999,"CHHATRAPATI SHIVAJI INTERNATIONAL, IN",19.088686,72.867919,11.27,34.0,1007.7,63.86,34.0,1007.7,63.86,0,NONE,NONE,NORMAL,0.0
2023-05-29T09:00:00Z,43057099999,"BOMBAY COLABA, IN",18.9,72.8166666,11.0,31.27,1007.63,72.91,31.27,1007.63,72.91,0,NONE,NONE,NORMAL,0.0
2023-05-29T09:00:00Z,43063099999,"PUNE, IN",18.5333333,73.85,558.0,38.0,1003.7,24.22,38.0,1003.7,24.22,0,NONE,NONE,NORMAL,0.0
2023-05-29T10:00:00Z,42921099999,"NASIK CITY, IN",19.9666666,73.8166666,598.0,37.17,1000.03,22.43,37.17,1000.03,22.43,0,NONE,NONE,NORMAL,0.0
2023-05-29T10:00:00Z,43003099999,"CHHATRAPATI SHIVAJI INTERNATIONAL, IN",19.088686,72.867919,11.27,33.0,1007.0,70.81,33.0,1007.0,70.81,0,NONE,NONE,NORMAL,0.0
2023-05-29T10:00:00Z,43057099999,"BOMBAY COLABA, IN",18.9,72.8166666,11.0,31.38,1007.42,72.69,31.38,1007.42,72.69,0,NONE,NONE,NORMAL,0.0
2023-05-29T10:00:00Z,43063099999,"PUNE, IN",18.5333333,73.85,558.0,33.8,1004.8,34.72,33.8,1004.8,34.72,0,NONE,NONE,NORMAL,0.0
2023-05-29T11:00:00Z,42921099999,"NASIK CITY, IN",19.9666666,73.8166666,598.0,36.83,999.87,21.58,36.83,999.87,21.58,0,NONE,NONE,NORMAL,0.0
2023-05-29T11:00:00Z,43003099999,"CHHATRAPATI SHIVAJI INTERNATIONAL, IN",19.088686,72.867919,11.27,32.0,1007.0,74.93,32.0,1007.0,74.93,0,NONE,NONE,NORMAL,0.0
2023-05-29T11:00:00Z,43057099999,"BOMBAY COLABA, IN",18.9,72.8166666,11.0,31.49,1007.21,72.47,31.49,1007.21,72.47,0,NONE,NONE,NORMAL,0.0
2023-05-29T11:00:00Z,43063099999,"PUNE, IN",18.5333333,73.85,558.0,29.6,1005.9,50.03,29.6,1005.9,50.03,0,NONE,NONE,NORMAL,0.0
2023-05-29T12:00:00Z,42921099999,"NASIK CITY, IN",19.9666666,73.8166666,598.0,36.5,999.7,20.74,36.5,999.7,20.74,0,NONE,NONE,NORMAL,0.0
2023-05-29T12:00:00Z,43003099999,"CHHATRAPATI SHIVAJI INTERNATIONAL, IN",19.088686,72.867919,11.27,32.4,1006.7,69.05,32.4,1006.7,69.05,0,NONE,NONE,NORMAL,0.0
2023-05-29T12:00:00Z,43057099999,"BOMBAY COLABA, IN",18.9,72.8166666,11.0,31.6,1007.0,72.25,31.6,1007.0,72.25,0,NONE,NONE,NORMAL,0.0
2023-05-29T12:00:00Z,43063099999,"PUNE, IN",18.5333333,73.85,558.0,25.4,1007.0,72.49,25.4,1007.0,72.49,0,NONE,NONE,NORMAL,0.0
2023-05-29T13:00:00Z,42921099999,"NASIK CITY, IN",19.9666666,73.8166666,598.0,34.87,1001.2,24.42,34.87,1001.2,24.42,0,NONE,NONE,NORMAL,0.0
2023-05-29T13:00:00Z,43003099999,"CHHATRAPATI SHIVAJI INTERNATIONAL, IN",19.088686,72.867919,11.27,32.0,1007.0,70.63,32.0,1007.0,70.63,0,NONE,NONE,NORMAL,0.0
2023-05-29T13:00:00Z,43057099999,"BOMBAY COLABA, IN",18.9,72.8166666,11.0,31.56,1007.18,72.25,31.56,1007.18,72.25,0,NONE,NONE,NORMAL,0.0
2023-05-29T13:00:00Z,43063099999,"PUNE, IN",18.5333333,73.85,558.0,25.27,1007.7,72.77,25.27,1007.7,72.77,0,NONE,NONE,NORMAL,0.0
2023-05-29T14:00:00Z,42921099999,"NASIK CITY, IN",19.9666666,73.8166666,598.0,33.23,1002.7,28.76,33.23,1002.7,28.76,0,NONE,NONE,NORMAL,0.0
2023-05-29T14:00:00Z,43003099999,"CHHATRAPATI SHIVAJI INTERNATIONAL, IN",19.088686,72.867919,11.27,31.0,1008.0,74.77,31.0,1008.0,74.77,0,NONE,NONE,NORMAL,0.0
2023-05-29T14:00:00Z,43057099999,"BOMBAY COLABA, IN",18.9,72.8166666,11.0,31.52,1007.36,72.24,31.52,1007.36,72.24,0,NONE,NONE,NORMAL,0.0
2023-05-29T14:00:00Z,43063099999,"PUNE, IN",18.5333333,73.85,558.0,25.13,1008.4,73.04,25.13,1008.4,73.04,0,NONE,NONE,NORMAL,0.0
2023-05-29T15:00:00Z,42921099999,"NASIK CITY, IN",19.9666666,73.8166666,598.0,31.6,1004.2,33.89,31.6,1004.2,33.89,0,NONE,NONE,NORMAL,0.0
2023-05-29T15:00:00Z,43003099999,"CHHATRAPATI SHIVAJI INTERNATIONAL, IN",19.088686,72.867919,11.27,30.6,1009.6,72.94,30.6,1009.6,72.94,0,NONE,NONE,NORMAL,0.0
2023-05-29T15:00:00Z,43057099999,"BOMBAY COLABA, IN",18.9,72.8166666,11.0,31.48,1007.54,72.23,31.48,1007.54,72.23,0,NONE,NONE,NORMAL,0.0
2023-05-29T15:00:00Z,43063099999,"PUNE, IN",18.5333333,73.85,558.0,25.0,1009.1,73.32,25.0,1009.1,73.32,0,NONE,NONE,NORMAL,0.0
2023-05-29T16:00:00Z,42921099999,"NASIK CITY, IN",19.9666666,73.8166666,598.0,29.9,1004.63,44.34,29.9,1004.63,44.34,0,NONE,NONE,NORMAL,0.0
2023-05-29T16:00:00Z,43003099999,"CHHATRAPATI SHIVAJI INTERNATIONAL, IN",19.088686,72.867919,11.27,31.0,1011.0,79.31,31.0,1011.0,79.31,0,NONE,NONE,NORMAL,0.0
2023-05-29T16:00:00Z,43057099999,"BOMBAY COLABA, IN",18.9,72.8166666,11.0,31.44,1007.72,72.23,31.44,1007.72,72.23,0,NONE,NONE,NORMAL,0.0
2023-05-29T16:00:00Z,43063099999,"PUNE, IN",18.5333333,73.85,558.0,25.47,1009.37,76.01,25.47,1009.37,76.01,0,NONE,NONE,NORMAL,0.0
2023-05-29T17:00:00Z,42921099999,"NASIK CITY, IN",19.9666666,73.8166666,598.0,28.2,1005.07,57.89,28.2,1005.07,57.89,0,NONE,NONE,NORMAL,0.0
2023-05-29T17:00:00Z,43003099999,"CHHATRAPATI SHIVAJI INTERNATIONAL, IN",19.088686,72.867919,11.27,31.0,1010.0,74.77,31.0,1010.0,74.77,0,NONE,NONE,NORMAL,0.0
2023-05-29T17:00:00Z,43057099999,"BOMBAY COLABA, IN",18.9,72.8166666,11.0,31.4,1007.9,72.22,31.4,1007.9,72.22,0,NONE,NONE,NORMAL,0.0
2023-05-29T17:00:00Z,43063099999,"PUNE, IN",18.5333333,73.85,558.0,25.93,1009.63,78.77,25.93,1009.63,78.77,0,NONE,NONE,NORMAL,0.0
2023-05-29T18:00:00Z,42921099999,"NASIK CITY, IN",19.9666666,73.8166666,598.0,26.5,1005.5,75.4,26.5,1005.5,75.4,0,NONE,NONE,NORMAL,0.0
2023-05-29T18:00:00Z,43003099999,"CHHATRAPATI SHIVAJI INTERNATIONAL, IN",19.088686,72.867919,11.27,30.2,1009.5,75.53,30.2,1009.5,75.53,0,NONE,NONE,NORMAL,0.0
2023-05-29T18:00:00Z,43057099999,"BOMBAY COLABA, IN",18.9,72.8166666,11.0,31.36,1008.08,72.21,31.36,1008.08,72.21,0,NONE,NONE,NORMAL,0.0
2023-05-29T18:00:00Z,43063099999,"PUNE, IN",18.5333333,73.85,558.0,26.4,1009.9,81.6,26.4,1009.9,81.6,0,NONE,NONE,NORMAL,0.0
2023-05-29T19:00:00Z,42921099999,"NASIK CITY, IN",19.9666666,73.8166666,598.0,26.2,1005.27,75.82,26.2,1005.27,75.82,0,NONE,NONE,NORMAL,0.0
2023-05-29T19:00:00Z,43003099999,"CHHATRAPATI SHIVAJI INTERNATIONAL, IN",19.088686,72.867919,11.27,30.0,1009.0,74.61,30.0,1009.0,74.61,0,NONE,NONE,NORMAL,0.0
2023-05-29T19:00:00Z,43057099999,"BOMBAY COLABA, IN",18.9,72.8166666,11.0,31.32,1008.26,72.2,31.32,1008.26,72.2,0,NONE,NONE,NORMAL,0.0
2023-05-29T19:00:00Z,43063099999,"PUNE, IN",18.5333333,73.85,558.0,25.73,1009.53,83.86,25.73,1009.53,83.86,0,NONE,NONE,NORMAL,0.0
2023-05-29T20:00:00Z,42921099999,"NASIK CITY, IN",19.9666666,73.8166666,598.0,25.9,1005.03,76.24,25.9,1005.03,76.24,0,NONE,NONE,NORMAL,0.0
2023-05-29T20:00:00Z,43003099999,"CHHATRAPATI SHIVAJI INTERNATIONAL, IN",19.088686,72.867919,11.27,30.0,1008.0,79.18,30.0,1008.0,79.18,0,NONE,NONE,NORMAL,0.0
2023-05-29T20:00:00Z,43057099999,"BOMBAY COLABA, IN",18.9,72.8166666,11.0,31.28,1008.44,72.2,31.28,1008.44,72.2,0,NONE,NONE,NORMAL,0.0
2023-05-29T20:00:00Z,43063099999,"PUNE, IN",18.5333333,73.85,558.0,25.07,1009.17,86.2,25.07,1009.17,86.2,0,NONE,NONE,NORMAL,0.0
2023-05-29T21:00:00Z,42921099999,"NASIK CITY, IN",19.9666666,73.8166666,598.0,25.6,1004.8,76.66,25.6,1004.8,76.66,0,NONE,NONE,NORMAL,0.0
2023-05-29T21:00:00Z,43003099999,"CHHATRAPATI SHIVAJI INTERNATIONAL, IN",19.088686,72.867919,11.27,29.0,1007.8,80.47,29.0,1007.8,80.47,0,NONE,NONE,NORMAL,0.0
2023-05-29T21:00:00Z,43057099999,"BOMBAY COLABA, IN",18.9,72.8166666,11.0,31.24,1008.62,72.19,31.24,1008.62,72.19,0,NONE,NONE,NORMAL,0.0
2023-05-29T21:00:00Z,43063099999,"PUNE, IN",18.5333333,73.85,558.0,24.4,1008.8,88.62,24.4,1008.8,88.62,0,NONE,NONE,NORMAL,0.0
2023-05-29T22:00:00Z,42921099999,"NASIK CITY, IN",19.9666666,73.8166666,598.0,25.13,1004.67,78.02,25.13,1004.67,78.02,0,NONE,NONE,NORMAL,0.0
2023-05-29T22:00:00Z,43003099999,"CHHATRAPATI SHIVAJI INTERNATIONAL, IN",19.088686,72.867919,11.27,30.0,1008.0,79.18,30.0,1008.0,79.18,0,NONE,NONE,NORMAL,0.0
2023-05-29T22:00:00Z,43057099999,"BOMBAY COLABA, IN",18.9,72.8166666,11.0,31.2,1008.8,72.18,31.2,1008.8,72.18,0,NONE,NONE,NORMAL,0.0
2023-05-29T22:00:00Z,43063099999,"PUNE, IN",18.5333333,73.85,558.0,23.93,1008.77,89.49,23.93,1008.77,89.49,0,NONE,NONE,NORMAL,0.0
2023-05-29T23:00:00Z,42921099999,"NASIK CITY, IN",19.9666666,73.8166666,598.0,24.67,1004.53,79.4,24.67,1004.53,79.4,0,NONE,NONE,NORMAL,0.0
2023-05-29T23:00:00Z,43003099999,"CHHATRAPATI SHIVAJI INTERNATIONAL, IN",19.088686,72.867919,11.27,30.0,1008.0,79.18,30.0,1008.0,79.18,0,NONE,NONE,NORMAL,0.0
2023-05-29T23:00:00Z,43057099999,"BOMBAY COLABA, IN",18.9,72.8166666,11.0,31.16,1008.98,72.18,31.16,1008.98,72.18,0,NONE,NONE,NORMAL,0.0
2023-05-29T23:00:00Z,43063099999,"PUNE, IN",18.5333333,73.85,558.0,23.47,1008.73,90.37,23.47,1008.73,90.37,0,NONE,NONE,NORMAL,0.0
2023-05-30T00:00:00Z,42921099999,"NASIK CITY, IN",19.9666666,73.8166666,598.0,24.2,1004.4,80.82,24.2,1004.4,80.82,0,NONE,NONE,NORMAL,0.0
2023-05-30T00:00:00Z,43003099999,"CHHATRAPATI SHIVAJI INTERNATIONAL, IN",19.088686,72.867919,11.27,29.2,1007.5,81.94,29.2,1007.5,81.94,0,NONE,NONE,NORMAL,0.0
2023-05-30T00:00:00Z,43057099999,"BOMBAY COLABA, IN",18.9,72.8166666,11.0,31.12,1009.16,72.17,31.12,1009.16,72.17,0,NONE,NONE,NORMAL,0.0
2023-05-30T00:00:00Z,43063099999,"PUNE, IN",18.5333333,73.85,558.0,23.0,1008.7,91.27,23.0,1008.7,91.27,0,NONE,NONE,NORMAL,0.0
2023-05-30T01:00:00Z,42921099999,"NASIK CITY, IN",19.9666666,73.8166666,598.0,25.53,1004.83,71.47,25.53,1004.83,71.47,0,NONE,NONE,NORMAL,0.0
2023-05-30T01:00:00Z,43003099999,"CHHATRAPATI SHIVAJI INTERNATIONAL, IN",19.088686,72.867919,11.27,30.0,1008.0,79.18,30.0,1008.0,79.18,0,NONE,NONE,NORMAL,0.0
2023-05-30T01:00:00Z,43057099999,"BOMBAY COLABA, IN",18.9,72.8166666,11.0,31.08,1009.34,72.16,31.08,1009.34,72.16,0,NONE,NONE,NORMAL,0.0
2023-05-30T01:00:00Z,43063099999,"PUNE, IN",18.5333333,73.85,558.0,25.07,1009.17,80.44,25.07,1009.17,80.44,0,NONE,NONE,NORMAL,0.0
2023-05-30T02:00:00Z,42921099999,"NASIK CITY, IN",19.9666666,73.8166666,598.0,26.87,1005.27,63.24,26.87,1005.27,63.24,0,NONE,NONE,NORMAL,0.0
2023-05-30T02:00:00Z,43003099999,"CHHATRAPATI SHIVAJI INTERNATIONAL, IN",19.088686,72.867919,11.27,31.0,1009.0,74.77,31.0,1009.0,74.77,0,NONE,NONE,NORMAL,0.0
2023-05-30T02:00:00Z,43057099999,"BOMBAY COLABA, IN",18.9,72.8166666,11.0,31.04,1009.52,72.16,31.04,1009.52,72.16,0,NONE,NONE,NORMAL,0.0
2023-05-30T02:00:00Z,43063099999,"PUNE, IN",18.5333333,73.85,558.0,27.13,1009.63,71.03,27.13,1009.63,71.03,0,NONE,NONE,NORMAL,0.0
2023-05-30T03:00:00Z,42921099999,"NASIK CITY, IN",19.9666666,73.8166666,598.0,28.2,1005.7,55.99,28.2,1005.7,55.99,0,NONE,NONE,NORMAL,0.0
2023-05-30T03:00:00Z,43003099999,"CHHATRAPATI SHIVAJI INTERNATIONAL, IN",19.088686,72.867919,11.27,31.0,1010.0,74.77,31.0,1010.0,74.77,0,NONE,NONE,NORMAL,0.0
2023-05-30T03:00:00Z,43057099999,"BOMBAY COLABA, IN",18.9,72.8166666,11.0,31.0,1009.7,72.15,31.0,1009.7,72.15,0,NONE,NONE,NORMAL,0.0
2023-05-30T03:00:00Z,43063099999,"PUNE, IN",18.5333333,73.85,558.0,29.2,1010.1,62.84,29.2,1010.1,62.84,0,NONE,NONE,NORMAL,0.0
2023-05-30T04:00:00Z,42921099999,"NASIK CITY, IN",19.9666666,73.8166666,598.0,30.67,1005.0,45.69,30.67,1005.0,45.69,0,NONE,NONE,NORMAL,0.0
2023-05-30T04:00:00Z,43003099999,"CHHATRAPATI SHIVAJI INTERNATIONAL, IN",19.088686,72.867919,11.27,33.0,1009.0,66.75,33.0,1009.0,66.75,0,NONE,NONE,NORMAL,0.0
2023-05-30T04:00:00Z,43057099999,"BOMBAY COLABA, IN",18.9,72.8166666,11.0,31.13,1009.44,71.65,31.13,1009.44,71.65,0,NONE,NONE,NORMAL,0.0
2023-05-30T04:00:00Z,43063099999,"PUNE, IN",18.5333333,73.85,558.0,31.33,1009.43,50.68,31.33,1009.43,50.68,0,NONE,NONE,NORMAL,0.0
2023-05-30T05:00:00Z,42921099999,"NASIK CITY, IN",19.9666666,73.8166666,598.0,33.13,1004.3,37.37,33.13,1004.3,37.37,0,NONE,NONE,NORMAL,0.0
2023-05-30T05:00:00Z,43003099999,"CHHATRAPATI SHIVAJI INTERNATIONAL, IN",19.088686,72.867919,11.27,33.0,1010.0,66.75,33.0,1010.0,66.75,0,NONE,NONE,NORMAL,0.0
2023-05-30T05:00:00Z,43057099999,"BOMBAY COLABA, IN",18.9,72.8166666,11.0,31.27,1009.19,71.15,31.27,1009.19,71.15,0,NONE,NONE,NORMAL,0.0
2023-05-30T05:00:00Z,43063099999,"PUNE, IN",18.5333333,73.85,558.0,33.47,1008.77,40.91,33.47,1008.77,40.91,0,NONE,NONE,NORMAL,0.0
2023-05-30T06:00:00Z,42921099999,"NASIK CITY, IN",19.9666666,73.8166666,598.0,35.6,1003.6,30.62,35.6,1003.6,30.62,0,NONE,NONE,NORMAL,0.0
2023-05-30T06:00:00Z,43003099999,"CHHATRAPATI SHIVAJI INTERNATIONAL, IN",19.088686,72.867919,11.27,33.8,1010.3,62.7,33.8,1010.3,62.7,0,NONE,NONE,NORMAL,0.0
2023-05-30T06:00:00Z,43057099999,"BOMBAY COLABA, IN",18.9,72.8166666,11.0,31.4,1008.93,70.66,31.4,1008.93,70.66,0,NONE,NONE,NORMAL,0.0
2023-05-30T06:00:00Z,43063099999,"PUNE, IN",18.5333333,73.85,558.0,35.6,1008.1,33.05,35.6,1008.1,33.05,0,NONE,NONE,NORMAL,0.0
2023-05-30T07:00:00Z,42921099999,"NASIK CITY, IN",19.9666666,73.8166666,598.0,36.6,1002.67,27.47,36.6,1002.67,27.47,0,NONE,NONE,NORMAL,0.0
2023-05-30T07:00:00Z,43003099999,"CHHATRAPATI SHIVAJI INTERNATIONAL, IN",19.088686,72.867919,11.27,33.0,1009.0,66.75,33.0,1009.0,66.75,0,NONE,NONE,NORMAL,0.0
2023-05-30T07:00:00Z,43057099999,"BOMBAY COLABA, IN",18.9,72.8166666,11.0,31.53,1008.68,70.17,31.53,1008.68,70.17,0,NONE,NONE,NORMAL,0.0
2023-05-30T07:00:00Z,43063099999,"PUNE, IN",18.5333333,73.85,558.0,36.53,1006.83,29.08,36.53,1006.83,29.08,0,NONE,NONE,NORMAL,0.0
2023-05-30T08:00:00Z,42921099999,"NASIK CITY, IN",19.9666666,73.8166666,598.0,37.6,1001.73,24.64,37.6,1001.73,24.64,0,NONE,NONE,NORMAL,0.0
2023-05-30T08:00:00Z,43003099999,"CHHATRAPATI SHIVAJI INTERNATIONAL, IN",19.088686,72.867919,11.27,34.0,1009.0,63.11,34.0,1009.0,63.11,0,NONE,NONE,NORMAL,0.0
2023-05-30T08:00:00Z,43057099999,"BOMBAY COLABA, IN",18.9,72.8166666,11.0,31.67,1008.42,69.69,31.67,1008.42,69.69,0,NONE,NONE,NORMAL,0.0
2023-05-30T08:00:00Z,43063099999,"PUNE, IN",18.5333333,73.85,558.0,37.47,1005.57,25.58,37.47,1005.57,25.58,0,NONE,NONE,NORMAL,0.0
2023-05-30T09:00:00Z,42921099999,"NASIK CITY, IN",19.9666666,73.8166666,598.0,38.6,1000.8,22.11,38.6,1000.8,22.11,0,NONE,NONE,NORMAL,0.0
2023-05-30T09:00:00Z,43003099999,"CHHATRAPATI SHIVAJI INTERNATIONAL, IN",19.088686,72.867919,11.27,34.2,1008.5,61.68,34.2,1008.5,61.68,0,NONE,NONE,NORMAL,0.0
2023-05-30T09:00:00Z,43057099999,"BOMBAY COLABA, IN",18.9,72.8166666,11.0,31.8,1008.17,69.21,31.8,1008.17,69.21,0,NONE,NONE,NORMAL,0.0
2023-05-30T09:00:00Z,43063099999,"PUNE, IN",18.5333333,73.85,558.0,38.4,1004.3,22.5,38.4,1004.3,22.5,0,NONE,NONE,NORMAL,0.0
2023-05-30T10:00:00Z,42921099999,"NASIK CITY, IN",19.9666666,73.8166666,598.0,37.97,1000.53,23.54,37.97,1000.53,23.54,0,NONE,NONE,NORMAL,0.0
2023-05-30T10:00:00Z,43003099999,"CHHATRAPATI SHIVAJI INTERNATIONAL, IN",19.088686,72.867919,11.27,34.0,1007.0,63.11,34.0,1007.0,63.11,0,NONE,NONE,NORMAL,0.0
2023-05-30T10:00:00Z,43057099999,"BOMBAY COLABA, IN",18.9,72.8166666,11.0,31.93,1007.91,68.73,31.93,1007.91,68.73,0,NONE,NONE,NORMAL,0.0
2023-05-30T10:00:00Z,43063099999,"PUNE, IN",18.5333333,73.85,558.0,35.13,1004.97,30.04,35.13,1004.97,30.04,0,NONE,NONE,NORMAL,0.0
2023-05-30T11:00:00Z,42921099999,"NASIK CITY, IN",19.9666666,73.8166666,598.0,37.33,1000.27,25.06,37.33,1000.27,25.06,0,NONE,NONE,NORMAL,0.0
2023-05-30T11:00:00Z,43003099999,"CHHATRAPATI SHIVAJI INTERNATIONAL, IN",19.088686,72.867919,11.27,33.0,1007.0,66.75,33.0,1007.0,66.75,0,NONE,NONE,NORMAL,0.0
2023-05-30T11:00:00Z,43057099999,"BOMBAY COLABA, IN",18.9,72.8166666,11.0,32.07,1007.66,68.26,32.07,1007.66,68.26,0,NONE,NONE,NORMAL,0.0
2023-05-30T11:00:00Z,43063099999,"PUNE, IN",18.5333333,73.85,558.0,31.87,1005.63,40.22,31.87,1005.63,40.22,0,NONE,NONE,NORMAL,0.0
2023-05-30T12:00:00Z,42921099999,"NASIK CITY, IN",19.9666666,73.8166666,598.0,36.7,1000.0,26.68,36.7,1000.0,26.68,0,NONE,NONE,NORMAL,0.0
2023-05-30T12:00:00Z,43003099999,"CHHATRAPATI SHIVAJI INTERNATIONAL, IN",19.088686,72.867919,11.27,33.4,1006.7,62.24,33.4,1006.7,62.24,0,NONE,NONE,NORMAL,0.0
2023-05-30T12:00:00Z,43057099999,"BOMBAY COLABA, IN",18.9,72.8166666,11.0,32.2,1007.4,67.79,32.2,1007.4,67.79,0,NONE,NONE,NORMAL,0.0
2023-05-30T12:00:00Z,43063099999,"PUNE, IN",18.5333333,73.85,558.0,28.6,1006.3,54.02,28.6,1006.3,54.02,0,NONE,NONE,NORMAL,0.0
2023-05-30T13:00:00Z,42921099999,"NASIK CITY, IN",19.9666666,73.8166666,598.0,35.13,1000.97,31.29,35.13,1000.97,31.29,0,NONE,NONE,NORMAL,0.0
2023-05-30T13:00:00Z,43003099999,"CHHATRAPATI SHIVAJI INTERNATIONAL, IN",19.088686,72.867919,11.27,32.0,1007.0,70.63,32.0,1007.0,70.63,0,NONE,NONE,NORMAL,0.0
2023-05-30T13:00:00Z,43057099999,"BOMBAY COLABA, IN",18.9,72.8166666,11.0,32.15,1007.58,68.32,32.15,1007.58,68.32,0,NONE,NONE,NORMAL,0.0
2023-05-30T13:00:00Z,43063099999,"PUNE, IN",18.5333333,73.85,558.0,28.73,1006.77,56.82,28.73,1006.77,56.82,0,NONE,NONE,NORMAL,0.0
2023-05-30T14:00:00Z,42921099999,"NASIK CITY, IN",19.9666666,73.8166666,598.0,33.57,1001.93,36.7,33.57,1001.93,36.7,0,NONE,NONE,NORMAL,0.0
2023-05-30T14:00:00Z,43003099999,"CHHATRAPATI SHIVAJI INTERNATIONAL, IN",19.088686,72.867919,11.27,31.0,1008.0,74.77,31.0,1008.0,74.77,0,NONE,NONE,NORMAL,0.0
2023-05-30T14:00:00Z,43057099999,"BOMBAY COLABA, IN",18.9,72.8166666,11.0,32.09,1007.76,68.86,32.09,1007.76,68.86,0,NONE,NONE,NORMAL,0.0
2023-05-30T14:00:00Z,43063099999,"PUNE, IN",18.5333333,73.85,558.0,28.87,1007.23,59.75,28.87,1007.23,59.75,0,NONE,NONE,NORMAL,0.0
2023-05-30T15:00:00Z,42921099999,"NASIK CITY, IN",19.9666666,73.8166666,598.0,32.0,1002.9,43.07,32.0,1002.9,43.07,0,NONE,NONE,NORMAL,0.0
2023-05-30T15:00:00Z,43003099999,"CHHATRAPATI SHIVAJI INTERNATIONAL, IN",19.088686,72.867919,11.27,31.0,1008.0,79.31,31.0,1008.0,79.31,0,NONE,NONE,NORMAL,0.0
2023-05-30T15:00:00Z,43057099999,"BOMBAY COLABA, IN",18.9,72.8166666,11.0,32.04,1007.94,69.39,32.04,1007.94,69.39,0,NONE,NONE,NORMAL,0.0
2023-05-30T15:00:00Z,43063099999,"PUNE, IN",18.5333333,73.85,558.0,29.0,1007.7,62.8,29.0,1007.7,62.8,0,NONE,NONE,NORMAL,0.0
2023-05-30T16:00:00Z,42921099999,"NASIK CITY, IN",19.9666666,73.8166666,598.0,30.83,1003.6,49.21,30.83,1003.6,49.21,0,NONE,NONE,NORMAL,0.0
2023-05-30T16:00:00Z,43003099999,"CHHATRAPATI SHIVAJI INTERNATIONAL, IN",19.088686,72.867919,11.27,31.0,1009.0,79.31,31.0,1009.0,79.31,0,NONE,NONE,NORMAL,0.0
2023-05-30T16:00:00Z,43057099999,"BOMBAY COLABA, IN",18.9,72.8166666,11.0,31.99,1008.12,69.93,31.99,1008.12,69.93,0,NONE,NONE,NORMAL,0.0
2023-05-30T16:00:00Z,43063099999,"PUNE, IN",18.5333333,73.85,558.0,28.33,1008.23,67.31,28.33,1008.23,67.31,0,NONE,NONE,NORMAL,0.0
2023-05-30T17:00:00Z,42921099999,"NASIK CITY, IN",19.9666666,73.8166666,598.0,29.67,1004.3,56.23,29.67,1004.3,56.23,0,NONE,NONE,NORMAL,0.0
2023-05-30T17:00:00Z,43003099999,"CHHATRAPATI SHIVAJI INTERNATIONAL, IN",19.088686,72.867919,11.27,30.0,1009.0,83.99,30.0,1009.0,83.99,0,NONE,NONE,NORMAL,0.0
2023-05-30T17:00:00Z,43057099999,"BOMBAY COLABA, IN",18.9,72.8166666,11.0,31.93,1008.3,70.48,31.93,1008.3,70.48,0,NONE,NONE,NORMAL,0.0
2023-05-30T17:00:00Z,43063099999,"PUNE, IN",18.5333333,73.85,558.0,27.67,1008.77,72.15,27.67,1008.77,72.15,0,NONE,NONE,NORMAL,0.0
2023-05-30T18:00:00Z,42921099999,"NASIK CITY, IN",19.9666666,73.8166666,598.0,28.5,1005.0,64.25,28.5,1005.0,64.25,0,NONE,NONE,NORMAL,0.0
2023-05-30T18:00:00Z,43003099999,"CHHATRAPATI SHIVAJI INTERNATIONAL, IN",19.088686,72.867919,11.27,30.4,1009.4,78.3,30.4,1009.4,78.3,0,NONE,NONE,NORMAL,0.0
2023-05-30T18:00:00Z,43057099999,"BOMBAY COLABA, IN",18.9,72.8166666,11.0,31.88,1008.48,71.03,31.88,1008.48,71.03,0,NONE,NONE,NORMAL,0.0
2023-05-30T18:00:00Z,43063099999,"PUNE, IN",18.5333333,73.85,558.0,27.0,1009.3,77.34,27.0,1009.3,77.34,0,NONE,NONE,NORMAL,0.0
2023-05-30T19:00:00Z,42921099999,"NASIK CITY, IN",19.9666666,73.8166666,598.0,27.83,1004.67,64.64,27.83,1004.67,64.64,0,NONE,NONE,NORMAL,0.0
2023-05-30T19:00:00Z,43003099999,"CHHATRAPATI SHIVAJI INTERNATIONAL, IN",19.088686,72.867919,11.27,30.0,1009.0,83.99,30.0,1009.0,83.99,0,NONE,NONE,NORMAL,0.0
2023-05-30T19:00:00Z,43057099999,"BOMBAY COLABA, IN",18.9,72.8166666,11.0,31.83,1008.66,71.58,31.83,1008.66,71.58,0,NONE,NONE,NORMAL,0.0
2023-05-30T19:00:00Z,43063099999,"PUNE, IN",18.5333333,73.85,558.0,26.2,1009.07,78.49,26.2,1009.07,78.49,0,NONE,NONE,NORMAL,0.0
2023-05-30T20:00:00Z,42921099999,"NASIK CITY, IN",19.9666666,73.8166666,598.0,27.17,1004.33,65.03,27.17,1004.33,65.03,0,NONE,NONE,NORMAL,0.0
2023-05-30T20:00:00Z,43003099999,"CHHATRAPATI SHIVAJI INTERNATIONAL, IN",19.088686,72.867919,11.27,30.0,1008.0,83.99,30.0,1008.0,83.99,0,NONE,NONE,NORMAL,0.0
2023-05-30T20:00:00Z,43057099999,"BOMBAY COLABA, IN",18.9,72.8166666,11.0,31.77,1008.84,72.14,31.77,1008.84,72.14,0,NONE,NONE,NORMAL,0.0
2023-05-30T20:00:00Z,43063099999,"PUNE, IN",18.5333333,73.85,558.0,25.4,1008.83,79.67,25.4,1008.83,79.67,0,NONE,NONE,NORMAL,0.0
2023-05-30T21:00:00Z,42921099999,"NASIK CITY, IN",19.9666666,73.8166666,598.0,26.5,1004.0,65.43,26.5,1004.0,65.43,0,NONE,NONE,NORMAL,0.0
2023-05-30T21:00:00Z,43003099999,"CHHATRAPATI SHIVAJI INTERNATIONAL, IN",19.088686,72.867919,11.27,29.8,1008.0,81.05,29.8,1008.0,81.05,0,NONE,NONE,NORMAL,0.0
2023-05-30T21:00:00Z,43057099999,"BOMBAY COLABA, IN",18.9,72.8166666,11.0,31.72,1009.02,72.7,31.72,1009.02,72.7,0,NONE,NONE,NORMAL,0.0
2023-05-30T21:00:00Z,43063099999,"PUNE, IN",18.5333333,73.85,558.0,24.6,1008.6,80.87,24.6,1008.6,80.87,0,NONE,NONE,NORMAL,0.0
2023-05-30T22:00:00Z,42921099999,"NASIK CITY, IN",19.9666666,73.8166666,598.0,25.9,1004.27,69.93,25.9,1004.27,69.93,0,NONE,NONE,NORMAL,0.0
2023-05-30T22:00:00Z,43003099999,"CHHATRAPATI SHIVAJI INTERNATIONAL, IN",19.088686,72.867919,11.27,30.0,1008.0,83.99,30.0,1008.0,83.99,0,NONE,NONE,NORMAL,0.0
2023-05-30T22:00:00Z,43057099999,"BOMBAY COLABA, IN",18.9,72.8166666,11.0,31.67,1009.2,73.27,31.67,1009.2,73.27,0,NONE,NONE,NORMAL,0.0
2023-05-30T22:00:00Z,43063099999,"PUNE, IN",18.5333333,73.85,558.0,24.27,1008.8,83.18,24.27,1008.8,83.18,0,NONE,NONE,NORMAL,0.0
2023-05-30T23:00:00Z,42921099999,"NASIK CITY, IN",19.9666666,73.8166666,598.0,25.3,1004.53,74.75,25.3,1004.53,74.75,0,NONE,NONE,NORMAL,0.0
2023-05-30T23:00:00Z,43003099999,"CHHATRAPATI SHIVAJI INTERNATIONAL, IN",19.088686,72.867919,11.27,30.0,1008.0,83.99,30.0,1008.0,83.99,0,NONE,NONE,NORMAL,0.0
2023-05-30T23:00:00Z,43057099999,"BOMBAY COLABA, IN",18.9,72.8166666,11.0,31.61,1009.38,73.84,31.61,1009.38,73.84,0,NONE,NONE,NORMAL,0.0
2023-05-30T23:00:00Z,43063099999,"PUNE, IN",18.5333333,73.85,558.0,23.93,1009.0,85.56,23.93,1009.0,85.56,0,NONE,NONE,NORMAL,0.0
