index,station_id,station_name,timestamp,T_obs,P_obs,RH_obs,fault_class_groundtruth,edge_flag,edge_desc,edge_td,t_step,p_step,rh_step,vbat,rssi,spool_len,duration_us
0,42921099999,"NASIK CITY, IN",2023-05-01T00:00:00Z,19.7,1003.1,91.06,NONE,0,EDGE_PASS,18.2,0.0,0.0,0.0,3.86,-74,0,298.5
1,43003099999,"CHHATRAPATI SHIVAJI INTERNATIONAL, IN",2023-05-01T00:00:00Z,26.0,1006.2,79.1,NONE,0,EDGE_PASS,22.1,0.0,0.0,0.0,3.85,-75,0,15.0
2,43057099999,"BOMBAY COLABA, IN",2023-05-01T00:00:00Z,29.0,1007.66,74.09,NONE,0,EDGE_PASS,23.92,0.0,0.0,0.0,3.86,-75,0,7.9
3,43063099999,"PUNE, IN",2023-05-01T00:00:00Z,20.0,1007.5,87.16,NONE,0,EDGE_PASS,17.8,0.0,0.0,0.0,3.84,-72,0,12.0
4,42921099999,"NASIK CITY, IN",2023-05-01T01:00:00Z,21.13,1003.47,82.64,NONE,0,EDGE_PASS,18.06,1.43,0.37,-8.42,3.85,-73,0,9.5
5,43003099999,"CHHATRAPATI SHIVAJI INTERNATIONAL, IN",2023-05-01T01:00:00Z,28.0,1007.0,74.28,NONE,0,EDGE_PASS,23.0,2.0,0.8,-4.82,3.85,-76,0,8.9
6,43057099999,"BOMBAY COLABA, IN",2023-05-01T01:00:00Z,28.8,1007.87,74.77,NONE,0,EDGE_PASS,23.88,-0.2,0.21,0.68,3.87,-74,0,7.2
7,43063099999,"PUNE, IN",2023-05-01T01:00:00Z,21.6,1007.8,78.31,NONE,0,EDGE_PASS,17.67,1.6,0.3,-8.85,3.85,-70,0,7.1
8,42921099999,"NASIK CITY, IN",2023-05-01T02:00:00Z,22.57,1003.83,75.08,NONE,0,EDGE_PASS,17.94,1.44,0.36,-7.56,3.85,-72,0,7.3
9,43003099999,"CHHATRAPATI SHIVAJI INTERNATIONAL, IN",2023-05-01T02:00:00Z,29.0,1007.0,70.08,NONE,0,EDGE_PASS,23.0,1.0,0.0,-4.2,3.84,-75,0,6.9
10,43057099999,"BOMBAY COLABA, IN",2023-05-01T02:00:00Z,28.6,1008.09,75.46,NONE,0,EDGE_PASS,23.84,-0.2,0.22,0.69,3.86,-76,0,7.4
11,43063099999,"PUNE, IN",2023-05-01T02:00:00Z,23.2,1008.1,70.45,NONE,0,EDGE_PASS,17.53,1.6,0.3,-7.86,3.84,-69,0,10.3
12,42921099999,"NASIK CITY, IN",2023-05-01T03:00:00Z,24.0,1004.2,68.27,NONE,0,EDGE_PASS,17.8,1.43,0.37,-6.81,3.85,-71,0,7.5
13,43003099999,"CHHATRAPATI SHIVAJI INTERNATIONAL, IN",2023-05-01T03:00:00Z,28.6,1008.1,66.68,NONE,0,EDGE_PASS,21.8,-0.4,1.1,-3.4,3.84,-76,0,7.5
14,43057099999,"BOMBAY COLABA, IN",2023-05-01T03:00:00Z,28.4,1008.3,76.16,NONE,0,EDGE_PASS,23.8,-0.2,0.21,0.7,3.87,-78,0,7.1
15,43063099999,"PUNE, IN",2023-05-01T03:00:00Z,24.8,1008.4,63.45,NONE,0,EDGE_PASS,17.4,1.6,0.3,-7.0,3.83,-70,0,10.3
16,42921099999,"NASIK CITY, IN",2023-05-01T04:00:00Z,25.4,1003.9,58.07,NONE,0,EDGE_PASS,16.57,1.4,-0.3,-10.2,3.84,-69,0,8.1
17,43003099999,"CHHATRAPATI SHIVAJI INTERNATIONAL, IN",2023-05-01T04:00:00Z,30.0,1009.0,58.55,NONE,0,EDGE_PASS,21.0,1.4,0.9,-8.13,3.85,-75,0,7.7
18,43057099999,"BOMBAY COLABA, IN",2023-05-01T04:00:00Z,29.47,1008.47,66.99,NONE,0,EDGE_PASS,22.7,1.07,0.17,-9.17,3.88,-79,0,8.0
19,43063099999,"PUNE, IN",2023-05-01T04:00:00Z,27.13,1007.8,47.62,NONE,0,EDGE_PASS,15.06,2.33,-0.6,-15.83,3.83,-69,0,13.9
20,42921099999,"NASIK CITY, IN",2023-05-01T05:00:00Z,26.8,1003.6,49.4,NONE,0,EDGE_PASS,15.33,1.4,-0.3,-8.67,3.84,-68,0,7.8
21,43003099999,"CHHATRAPATI SHIVAJI INTERNATIONAL, IN",2023-05-01T05:00:00Z,31.0,1009.0,51.98,NONE,0,EDGE_PASS,20.0,1.0,0.0,-6.57,3.85,-76,0,7.4
22,43057099999,"BOMBAY COLABA, IN",2023-05-01T05:00:00Z,30.53,1008.63,58.91,NONE,0,EDGE_PASS,21.6,1.06,0.16,-8.08,3.89,-78,0,7.0
23,43063099999,"PUNE, IN",2023-05-01T05:00:00Z,29.47,1007.2,35.72,NONE,0,EDGE_PASS,12.73,2.34,-0.6,-11.9,3.84,-67,0,7.0
24,42921099999,"NASIK CITY, IN",2023-05-01T06:00:00Z,28.2,1003.3,42.03,NONE,0,EDGE_PASS,14.1,1.4,-0.3,-7.37,3.84,-66,0,7.0
25,43003099999,"CHHATRAPATI SHIVAJI INTERNATIONAL, IN",2023-05-01T06:00:00Z,31.4,1008.6,55.05,NONE,0,EDGE_PASS,21.3,0.4,-0.4,3.07,3.84,-75,0,7.7
26,43057099999,"BOMBAY COLABA, IN",2023-05-01T06:00:00Z,31.6,1008.8,51.81,NONE,0,EDGE_PASS,20.5,1.07,0.17,-7.1,3.88,-77,0,9.0
27,43063099999,"PUNE, IN",2023-05-01T06:00:00Z,31.8,1006.6,26.79,NONE,0,EDGE_PASS,10.4,2.33,-0.6,-8.93,3.83,-69,0,10.3
28,42921099999,"NASIK CITY, IN",2023-05-01T07:00:00Z,27.97,1002.73,42.7,NONE,0,EDGE_PASS,14.14,-0.23,-0.57,0.67,3.84,-65,0,7.3
29,43003099999,"CHHATRAPATI SHIVAJI INTERNATIONAL, IN",2023-05-01T07:00:00Z,31.0,1008.0,55.29,NONE,0,EDGE_PASS,21.0,-0.4,-0.6,0.24,3.85,-73,0,7.0
30,43057099999,"BOMBAY COLABA, IN",2023-05-01T07:00:00Z,31.57,1008.28,52.71,NONE,0,EDGE_PASS,20.75,-0.03,-0.52,0.9,3.88,-78,1,9.3
31,43063099999,"PUNE, IN",2023-05-01T07:00:00Z,32.47,1005.43,24.45,NONE,0,EDGE_PASS,9.6,0.67,-1.17,-2.34,3.82,-68,1,8.6
32,42921099999,"NASIK CITY, IN",2023-05-01T08:00:00Z,27.73,1002.17,43.38,NONE,0,EDGE_PASS,14.16,-0.24,-0.56,0.68,3.84,-67,1,7.5
33,43003099999,"CHHATRAPATI SHIVAJI INTERNATIONAL, IN",2023-05-01T08:00:00Z,31.0,1007.0,45.88,NONE,0,EDGE_PASS,18.0,0.0,-1.0,-9.41,3.85,-74,1,7.8
34,43057099999,"BOMBAY COLABA, IN",2023-05-01T08:00:00Z,31.53,1007.77,53.63,NONE,0,EDGE_PASS,21.0,-0.04,-0.51,0.92,3.88,-76,2,7.6
35,43063099999,"PUNE, IN",2023-05-01T08:00:00Z,33.13,1004.27,22.31,NONE,0,EDGE_PASS,8.8,0.66,-1.16,-2.14,3.83,-69,0,7.6
36,42921099999,"NASIK CITY, IN",2023-05-01T09:00:00Z,27.5,1001.6,44.07,NONE,0,EDGE_PASS,14.2,-0.23,-0.57,0.69,3.85,-69,0,7.5
37,43003099999,"CHHATRAPATI SHIVAJI INTERNATIONAL, IN",2023-05-01T09:00:00Z,32.4,1006.6,47.12,NONE,0,EDGE_PASS,19.7,1.4,-0.4,1.24,3.86,-74,0,7.6
38,43057099999,"BOMBAY COLABA, IN",2023-05-01T09:00:00Z,31.5,1007.25,54.57,NONE,0,EDGE_PASS,21.25,-0.03,-0.52,0.94,3.87,-75,0,12.3
39,43063099999,"PUNE, IN",2023-05-01T09:00:00Z,33.8,1003.1,20.36,NONE,0,EDGE_PASS,8.0,0.67,-1.17,-1.95,3.82,-71,0,8.1
40,42921099999,"NASIK CITY, IN",2023-05-01T10:00:00Z,27.83,1001.17,44.06,NONE,0,EDGE_PASS,14.5,0.33,-0.43,-0.01,3.85,-69,0,7.8
41,43003099999,"CHHATRAPATI SHIVAJI INTERNATIONAL, IN",2023-05-01T10:00:00Z,31.0,1006.0,58.78,NONE,0,EDGE_PASS,22.0,-1.4,-0.6,11.66,3.85,-76,0,7.5
42,43057099999,"BOMBAY COLABA, IN",2023-05-01T10:00:00Z,31.47,1006.73,55.51,NONE,0,EDGE_PASS,21.5,-0.03,-0.52,0.94,3.87,-75,0,7.2
43,43063099999,"PUNE, IN",2023-05-01T10:00:00Z,32.67,1003.1,24.94,NONE,0,EDGE_PASS,10.07,-1.13,0.0,4.58,3.82,-69,0,7.3
44,42921099999,"NASIK CITY, IN",2023-05-01T11:00:00Z,28.17,1000.73,44.06,NONE,0,EDGE_PASS,14.8,0.34,-0.44,0.0,3.85,-68,0,7.1
45,43003099999,"CHHATRAPATI SHIVAJI INTERNATIONAL, IN",2023-05-01T11:00:00Z,31.0,1006.0,51.98,NONE,0,EDGE_PASS,20.0,0.0,0.0,-6.8,3.85,-77,0,7.1
46,43057099999,"BOMBAY COLABA, IN",2023-05-01T11:00:00Z,31.43,1006.22,56.48,NONE,0,EDGE_PASS,21.75,-0.04,-0.51,0.97,3.88,-74,0,7.2
47,43063099999,"PUNE, IN",2023-05-01T11:00:00Z,31.53,1003.1,30.51,NONE,0,EDGE_PASS,12.13,-1.14,0.0,5.57,3.83,-67,0,7.9
48,42921099999,"NASIK CITY, IN",2023-05-01T12:00:00Z,28.5,1000.3,44.06,NONE,0,EDGE_PASS,15.1,0.33,-0.43,0.0,3.84,-70,0,889.1
49,43003099999,"CHHATRAPATI SHIVAJI INTERNATIONAL, IN",2023-05-01T12:00:00Z,30.2,1005.6,60.05,NONE,0,EDGE_PASS,21.6,-0.8,-0.4,8.07,3.84,-77,0,97.4
50,43057099999,"BOMBAY COLABA, IN",2023-05-01T12:00:00Z,31.4,1005.7,57.46,NONE,0,EDGE_PASS,22.0,-0.03,-0.52,0.98,3.88,-74,0,124.4
51,43063099999,"PUNE, IN",2023-05-01T12:00:00Z,30.4,1003.1,37.25,NONE,0,EDGE_PASS,14.2,-1.13,0.0,6.74,3.83,-66,0,140.6
52,42921099999,"NASIK CITY, IN",2023-05-01T13:00:00Z,27.67,1001.03,41.97,NONE,0,EDGE_PASS,13.6,-0.83,0.73,-2.09,3.83,-70,0,134.7
53,43003099999,"CHHATRAPATI SHIVAJI INTERNATIONAL, IN",2023-05-01T13:00:00Z,29.0,1006.0,65.95,NONE,0,EDGE_PASS,22.0,-1.2,0.4,5.9,3.84,-76,0,150.8
54,43057099999,"BOMBAY COLABA, IN",2023-05-01T13:00:00Z,31.05,1005.93,59.13,NONE,0,EDGE_PASS,22.14,-0.35,0.23,1.67,3.88,-74,0,151.6
55,43063099999,"PUNE, IN",2023-05-01T13:00:00Z,29.13,1004.23,40.94,NONE,0,EDGE_PASS,14.53,-1.27,1.13,3.69,3.82,-68,0,141.5
56,42921099999,"NASIK CITY, IN",2023-05-01T14:00:00Z,26.83,1001.77,39.95,NONE,0,EDGE_PASS,12.1,-0.84,0.74,-2.02,3.84,-70,0,106.5
57,43003099999,"CHHATRAPATI SHIVAJI INTERNATIONAL, IN",2023-05-01T14:00:00Z,29.0,1006.0,62.03,NONE,0,EDGE_PASS,21.0,0.0,0.0,-3.92,3.85,-76,0,85.1
58,43057099999,"BOMBAY COLABA, IN",2023-05-01T14:00:00Z,30.71,1006.15,60.85,NONE,0,EDGE_PASS,22.3,-0.34,0.22,1.72,3.87,-72,0,83.5
59,43063099999,"PUNE, IN",2023-05-01T14:00:00Z,27.87,1005.37,45.03,NONE,0,EDGE_PASS,14.87,-1.26,1.14,4.09,3.83,-70,0,83.4
60,42921099999,"NASIK CITY, IN",2023-05-01T15:00:00Z,26.0,1002.5,38.0,NONE,0,EDGE_PASS,10.6,-0.83,0.73,-1.95,3.83,-71,0,82.4
61,43003099999,"CHHATRAPATI SHIVAJI INTERNATIONAL, IN",2023-05-01T15:00:00Z,29.0,1007.0,62.03,NONE,0,EDGE_PASS,21.0,0.0,1.0,0.0,3.85,-75,0,125.7
62,43057099999,"BOMBAY COLABA, IN",2023-05-01T15:00:00Z,30.36,1006.38,62.63,NONE,0,EDGE_PASS,22.44,-0.35,0.23,1.78,3.86,-73,0,93.1
63,43063099999,"PUNE, IN",2023-05-01T15:00:00Z,26.6,1006.5,49.56,NONE,0,EDGE_PASS,15.2,-1.27,1.13,4.53,3.83,-70,0,87.9
64,42921099999,"NASIK CITY, IN",2023-05-01T16:00:00Z,25.5,1003.13,43.61,NONE,0,EDGE_PASS,12.23,-0.5,0.63,5.61,3.82,-70,0,92.7
65,43003099999,"CHHATRAPATI SHIVAJI INTERNATIONAL, IN",2023-05-01T16:00:00Z,29.0,1008.0,65.95,NONE,0,EDGE_PASS,22.0,0.0,1.0,3.92,3.84,-75,0,85.2
66,43057099999,"BOMBAY COLABA, IN",2023-05-01T16:00:00Z,30.01,1006.61,64.46,NONE,0,EDGE_PASS,22.58,-0.35,0.23,1.83,3.87,-72,0,84.4
67,43063099999,"PUNE, IN",2023-05-01T16:00:00Z,25.93,1007.3,53.35,NONE,0,EDGE_PASS,15.73,-0.67,0.8,3.79,3.84,-70,0,164.5
68,42921099999,"NASIK CITY, IN",2023-05-01T17:00:00Z,25.0,1003.77,50.0,NONE,0,EDGE_PASS,13.87,-0.5,0.64,6.39,3.82,-69,0,154.0
69,43003099999,"CHHATRAPATI SHIVAJI INTERNATIONAL, IN",2023-05-01T17:00:00Z,29.0,1008.0,70.08,NONE,0,EDGE_PASS,23.0,0.0,0.0,4.13,3.84,-76,0,99.5
70,43057099999,"BOMBAY COLABA, IN",2023-05-01T17:00:00Z,29.67,1006.83,66.35,NONE,0,EDGE_PASS,22.74,-0.34,0.22,1.89,3.87,-72,0,104.7
71,43063099999,"PUNE, IN",2023-05-01T17:00:00Z,25.27,1008.1,57.43,NONE,0,EDGE_PASS,16.27,-0.66,0.8,4.08,3.84,-69,0,142.1
72,42921099999,"NASIK CITY, IN",2023-05-01T18:00:00Z,24.5,1004.4,57.24,NONE,0,EDGE_PASS,15.5,-0.5,0.63,7.24,3.82,-68,0,109.8
73,43003099999,"CHHATRAPATI SHIVAJI INTERNATIONAL, IN",2023-05-01T18:00:00Z,29.0,1008.7,97.71,NONE,0,EDGE_PASS,28.6,0.0,0.7,27.63,3.84,-74,0,103.8
74,43057099999,"BOMBAY COLABA, IN",2023-05-01T18:00:00Z,29.32,1007.06,68.3,NONE,0,EDGE_PASS,22.88,-0.35,0.23,1.95,3.87,-74,0,93.7
75,43063099999,"PUNE, IN",2023-05-01T18:00:00Z,24.6,1008.9,61.82,NONE,0,EDGE_PASS,16.8,-0.67,0.8,4.39,3.84,-70,0,126.7
76,42921099999,"NASIK CITY, IN",2023-05-01T19:00:00Z,24.23,1003.9,57.67,NONE,0,EDGE_PASS,15.36,-0.27,-0.5,0.43,3.82,-66,0,134.4
77,43003099999,"CHHATRAPATI SHIVAJI INTERNATIONAL, IN",2023-05-01T19:00:00Z,29.0,1008.0,70.08,NONE,0,EDGE_PASS,23.0,0.0,-0.7,-27.63,3.83,-73,0,93.6
78,43057099999,"BOMBAY COLABA, IN",2023-05-01T19:00:00Z,28.97,1007.29,70.31,NONE,0,EDGE_PASS,23.02,-0.35,0.23,2.01,3.86,-76,0,86.6
79,43063099999,"PUNE, IN",2023-05-01T19:00:00Z,23.53,1008.5,66.19,NONE,0,EDGE_PASS,16.86,-1.07,-0.4,4.37,3.83,-69,0,84.5
80,42921099999,"NASIK CITY, IN",2023-05-01T20:00:00Z,23.97,1003.4,58.1,NONE,0,EDGE_PASS,15.24,-0.26,-0.5,0.43,3.83,-65,0,93.1
81,43003099999,"CHHATRAPATI SHIVAJI INTERNATIONAL, IN",2023-05-01T20:00:00Z,28.0,1008.0,74.28,NONE,0,EDGE_PASS,23.0,-1.0,0.0,4.2,3.83,-73,0,105.0
82,43057099999,"BOMBAY COLABA, IN",2023-05-01T20:00:00Z,28.63,1007.51,72.37,NONE,0,EDGE_PASS,23.18,-0.34,0.22,2.06,3.87,-74,0,92.2
83,43063099999,"PUNE, IN",2023-05-01T20:00:00Z,22.47,1008.1,70.91,NONE,0,EDGE_PASS,16.94,-1.06,-0.4,4.72,3.82,-70,0,94.2
84,42921099999,"NASIK CITY, IN",2023-05-01T21:00:00Z,23.7,1002.9,58.54,NONE,0,EDGE_PASS,15.1,-0.27,-0.5,0.44,3.82,-65,0,85.1
85,43003099999,"CHHATRAPATI SHIVAJI INTERNATIONAL, IN",2023-05-01T21:00:00Z,27.8,1006.6,71.59,NONE,0,EDGE_PASS,22.2,-0.2,-1.4,-2.69,3.84,-72,0,86.6
86,43057099999,"BOMBAY COLABA, IN",2023-05-01T21:00:00Z,28.28,1007.74,74.51,NONE,0,EDGE_PASS,23.32,-0.35,0.23,2.14,3.88,-75,0,82.7
87,43063099999,"PUNE, IN",2023-05-01T21:00:00Z,21.4,1007.7,76.01,NONE,0,EDGE_PASS,17.0,-1.07,-0.4,5.1,3.83,-71,0,106.5
88,42921099999,"NASIK CITY, IN",2023-05-01T22:00:00Z,22.87,1003.17,64.25,NONE,0,EDGE_PASS,15.77,-0.83,0.27,5.71,3.82,-65,0,84.0
89,43003099999,"CHHATRAPATI SHIVAJI INTERNATIONAL, IN",2023-05-01T22:00:00Z,28.0,1006.0,74.28,NONE,0,EDGE_PASS,23.0,0.2,-0.6,2.69,3.83,-72,0,88.7
90,43057099999,"BOMBAY COLABA, IN",2023-05-01T22:00:00Z,27.93,1007.97,76.7,NONE,0,EDGE_PASS,23.46,-0.35,0.23,2.19,3.88,-77,0,79.8
91,43063099999,"PUNE, IN",2023-05-01T22:00:00Z,20.73,1007.87,78.35,NONE,0,EDGE_PASS,16.83,-0.67,0.17,2.34,3.84,-72,0,80.2
92,42921099999,"NASIK CITY, IN",2023-05-01T23:00:00Z,22.03,1003.43,70.53,NONE,0,EDGE_PASS,16.43,-0.84,0.26,6.28,3.82,-65,0,84.2
93,43003099999,"CHHATRAPATI SHIVAJI INTERNATIONAL, IN",2023-05-01T23:00:00Z,28.0,1006.0,74.28,NONE,0,EDGE_PASS,23.0,0.0,0.0,0.0,3.84,-72,0,80.9
94,43057099999,"BOMBAY COLABA, IN",2023-05-01T23:00:00Z,27.59,1008.19,78.97,NONE,0,EDGE_PASS,23.62,-0.34,0.22,2.27,3.89,-76,0,86.3
95,43063099999,"PUNE, IN",2023-05-01T23:00:00Z,20.07,1008.03,80.79,NONE,0,EDGE_PASS,16.67,-0.66,0.16,2.44,3.85,-70,0,80.3
96,42921099999,"NASIK CITY, IN",2023-05-02T00:00:00Z,21.2,1003.7,77.43,NONE,0,EDGE_PASS,17.1,-0.83,0.27,6.9,3.82,-66,0,79.9
97,43003099999,"CHHATRAPATI SHIVAJI INTERNATIONAL, IN",2023-05-02T00:00:00Z,26.4,1006.7,79.64,NONE,0,EDGE_PASS,22.6,-1.6,0.7,5.36,3.84,-70,0,135.3
98,43057099999,"BOMBAY COLABA, IN",2023-05-02T00:00:00Z,27.24,1008.42,81.31,NONE,0,EDGE_PASS,23.76,-0.35,0.23,2.34,3.89,-75,0,132.3
99,43063099999,"PUNE, IN",2023-05-02T00:00:00Z,19.4,1008.2,83.31,NONE,0,EDGE_PASS,16.5,-0.67,0.17,2.52,3.84,-71,0,88.8
100,42921099999,"NASIK CITY, IN",2023-05-02T01:00:00Z,21.97,1004.2,75.62,NONE,0,EDGE_PASS,17.47,0.77,0.5,-1.81,3.83,-68,0,81.9
101,43003099999,"CHHATRAPATI SHIVAJI INTERNATIONAL, IN",2023-05-02T01:00:00Z,28.0,1007.0,74.28,NONE,0,EDGE_PASS,23.0,1.6,0.3,-5.36,3.83,-69,0,80.5
102,43057099999,"BOMBAY COLABA, IN",2023-05-02T01:00:00Z,26.89,1008.65,83.72,NONE,0,EDGE_PASS,23.9,-0.35,0.23,2.41,3.9,-74,0,115.9
103,43063099999,"PUNE, IN",2023-05-02T01:00:00Z,21.27,1008.53,74.87,NONE,0,EDGE_PASS,16.64,1.87,0.33,-8.44,3.85,-69,0,94.6
104,42921099999,"NASIK CITY, IN",2023-05-02T02:00:00Z,22.73,1004.7,73.86,NONE,0,EDGE_PASS,17.83,0.76,0.5,-1.76,3.83,-66,0,90.6
105,43003099999,"CHHATRAPATI SHIVAJI INTERNATIONAL, IN",2023-05-02T02:00:00Z,29.0,1008.0,70.08,NONE,0,EDGE_PASS,23.0,1.0,1.0,-4.2,3.84,-70,0,92.5
106,43057099999,"BOMBAY COLABA, IN",2023-05-02T02:00:00Z,26.55,1008.87,86.2,NONE,0,EDGE_PASS,24.06,-0.34,0.22,2.48,3.89,-74,0,82.1
107,43063099999,"PUNE, IN",2023-05-02T02:00:00Z,23.13,1008.87,67.39,NONE,0,EDGE_PASS,16.76,1.86,0.34,-7.48,3.86,-69,0,141.3
108,42921099999,"NASIK CITY, IN",2023-05-02T03:00:00Z,23.5,1005.2,72.15,NONE,0,EDGE_PASS,18.2,0.77,0.5,-1.71,3.82,-66,0,107.8
109,43003099999,"CHHATRAPATI SHIVAJI INTERNATIONAL, IN",2023-05-02T03:00:00Z,29.0,1008.8,66.76,NONE,0,EDGE_PASS,22.2,0.0,0.8,-3.32,3.83,-72,0,84.8
110,43057099999,"BOMBAY COLABA, IN",2023-05-02T03:00:00Z,26.2,1009.1,88.76,NONE,0,EDGE_PASS,24.2,-0.35,0.23,2.56,3.89,-76,0,81.7
111,43063099999,"PUNE, IN",2023-05-02T03:00:00Z,25.0,1009.2,60.75,NONE,0,EDGE_PASS,16.9,1.87,0.33,-6.64,3.86,-67,0,85.0
112,42921099999,"NASIK CITY, IN",2023-05-02T04:00:00Z,25.53,1004.8,61.38,NONE,0,EDGE_PASS,17.56,2.03,-0.4,-10.77,3.81,-65,0,103.3
113,43003099999,"CHHATRAPATI SHIVAJI INTERNATIONAL, IN",2023-05-02T04:00:00Z,29.0,1010.0,70.08,NONE,0,EDGE_PASS,23.0,0.0,1.2,3.32,3.83,-73,0,130.4
114,43057099999,"BOMBAY COLABA, IN",2023-05-02T04:00:00Z,26.76,1008.69,83.52,NONE,0,EDGE_PASS,23.74,0.56,-0.41,-5.24,3.9,-74,0,82.5
115,43063099999,"PUNE, IN",2023-05-02T04:00:00Z,26.87,1008.7,53.47,NONE,0,EDGE_PASS,16.64,1.87,-0.5,-7.28,3.86,-66,0,79.4
116,42921099999,"NASIK CITY, IN",2023-05-02T05:00:00Z,27.57,1004.4,52.3,NONE,0,EDGE_PASS,16.94,2.04,-0.4,-9.08,3.82,-65,0,86.5
117,43003099999,"CHHATRAPATI SHIVAJI INTERNATIONAL, IN",2023-05-02T05:00:00Z,31.0,1010.0,55.29,NONE,0,EDGE_PASS,21.0,2.0,0.0,-14.79,3.83,-73,0,83.3
118,43057099999,"BOMBAY COLABA, IN",2023-05-02T05:00:00Z,27.31,1008.28,78.59,NONE,0,EDGE_PASS,23.26,0.55,-0.41,-4.93,3.89,-73,0,81.3
119,43063099999,"PUNE, IN",2023-05-02T05:00:00Z,28.73,1008.2,47.14,NONE,0,EDGE_PASS,16.37,1.86,-0.5,-6.33,3.87,-66,0,142.9
120,42921099999,"NASIK CITY, IN",2023-05-02T06:00:00Z,29.6,1004.0,44.64,NONE,0,EDGE_PASS,16.3,2.03,-0.4,-7.66,3.82,-65,0,94.1
121,43003099999,"CHHATRAPATI SHIVAJI INTERNATIONAL, IN",2023-05-02T06:00:00Z,32.6,1009.3,51.74,NONE,0,EDGE_PASS,21.4,1.6,-0.7,-3.55,3.82,-74,0,81.6
122,43057099999,"BOMBAY COLABA, IN",2023-05-02T06:00:00Z,27.87,1007.87,73.96,NONE,0,EDGE_PASS,22.8,0.56,-0.41,-4.63,3.89,-75,0,82.0
123,43063099999,"PUNE, IN",2023-05-02T06:00:00Z,30.6,1007.7,41.61,NONE,0,EDGE_PASS,16.1,1.87,-0.5,-5.53,3.87,-66,0,85.0
124,42921099999,"NASIK CITY, IN",2023-05-02T07:00:00Z,30.23,1002.8,43.04,NONE,0,EDGE_PASS,16.3,0.63,-1.2,-1.6,3.83,-65,0,80.3
125,43003099999,"CHHATRAPATI SHIVAJI INTERNATIONAL, IN",2023-05-02T07:00:00Z,32.0,1008.0,52.23,NONE,0,EDGE_PASS,21.0,-0.6,-1.3,0.49,3.82,-74,0,79.0
126,43057099999,"BOMBAY COLABA, IN",2023-05-02T07:00:00Z,28.42,1007.46,69.6,NONE,0,EDGE_PASS,22.33,0.55,-0.41,-4.36,3.89,-76,0,83.6
127,43063099999,"PUNE, IN",2023-05-02T07:00:00Z,30.67,1006.8,41.28,NONE,0,EDGE_PASS,16.04,0.07,-0.9,-0.33,3.87,-66,0,79.8
128,42921099999,"NASIK CITY, IN",2023-05-02T08:00:00Z,30.87,1001.6,41.51,NONE,0,EDGE_PASS,16.3,0.64,-1.2,-1.53,3.84,-67,0,77.6
129,43003099999,"CHHATRAPATI SHIVAJI INTERNATIONAL, IN",2023-05-02T08:00:00Z,32.0,1007.0,52.23,NONE,0,EDGE_PASS,21.0,0.0,-1.0,0.0,3.81,-73,0,106.4
130,43057099999,"BOMBAY COLABA, IN",2023-05-02T08:00:00Z,28.98,1007.04,65.5,NONE,0,EDGE_PASS,21.87,0.56,-0.42,-4.1,3.88,-76,0,313.4
131,43063099999,"PUNE, IN",2023-05-02T08:00:00Z,30.73,1005.9,40.95,NONE,0,EDGE_PASS,15.97,0.06,-0.9,-0.33,3.87,-68,0,156.3
132,42921099999,"NASIK CITY, IN",2023-05-02T09:00:00Z,31.5,1000.4,40.04,NONE,0,EDGE_PASS,16.3,0.63,-1.2,-1.47,3.84,-69,0,167.9
133,43003099999,"CHHATRAPATI SHIVAJI INTERNATIONAL, IN",2023-05-02T09:00:00Z,32.4,1007.1,52.65,NONE,0,EDGE_PASS,21.5,0.4,0.1,0.42,3.82,-72,0,103.3
134,43057099999,"BOMBAY COLABA, IN",2023-05-02T09:00:00Z,29.53,1006.63,61.64,NONE,0,EDGE_PASS,21.4,0.55,-0.41,-3.86,3.88,-78,0,95.5
135,43063099999,"PUNE, IN",2023-05-02T09:00:00Z,30.8,1005.0,40.62,NONE,0,EDGE_PASS,15.9,0.07,-0.9,-0.33,3.88,-66,0,146.8
136,42921099999,"NASIK CITY, IN",2023-05-02T10:00:00Z,31.83,999.73,38.46,NONE,0,EDGE_PASS,15.96,0.33,-0.67,-1.58,3.83,-68,0,87.1
137,43003099999,"CHHATRAPATI SHIVAJI INTERNATIONAL, IN",2023-05-02T10:00:00Z,31.0,1006.0,55.29,NONE,0,EDGE_PASS,21.0,-1.4,-1.1,2.64,3.81,-74,0,101.3
138,43057099999,"BOMBAY COLABA, IN",2023-05-02T10:00:00Z,30.09,1006.22,58.01,NONE,0,EDGE_PASS,20.93,0.56,-0.41,-3.63,3.87,-76,0,77.1
139,43063099999,"PUNE, IN",2023-05-02T10:00:00Z,30.73,1004.43,41.56,NONE,0,EDGE_PASS,16.2,-0.07,-0.57,0.94,3.88,-67,0,76.2
140,42921099999,"NASIK CITY, IN",2023-05-02T11:00:00Z,32.17,999.07,36.94,NONE,0,EDGE_PASS,15.64,0.34,-0.66,-1.52,3.83,-67,0,81.8
141,43003099999,"CHHATRAPATI SHIVAJI INTERNATIONAL, IN",2023-05-02T11:00:00Z,31.0,1005.0,55.29,NONE,0,EDGE_PASS,21.0,0.0,-1.0,0.0,3.81,-73,0,80.0
142,43057099999,"BOMBAY COLABA, IN",2023-05-02T11:00:00Z,30.64,1005.81,54.6,NONE,0,EDGE_PASS,20.46,0.55,-0.41,-3.41,3.88,-74,0,77.5
143,43063099999,"PUNE, IN",2023-05-02T11:00:00Z,30.67,1003.87,42.52,NONE,0,EDGE_PASS,16.5,-0.06,-0.56,0.96,3.88,-69,0,78.1
144,42921099999,"NASIK CITY, IN",2023-05-02T12:00:00Z,32.5,998.4,35.48,NONE,0,EDGE_PASS,15.3,0.33,-0.67,-1.46,3.84,-66,0,96.0
145,43003099999,"CHHATRAPATI SHIVAJI INTERNATIONAL, IN",2023-05-02T12:00:00Z,31.0,1005.0,58.78,NONE,0,EDGE_PASS,22.0,0.0,0.0,3.49,3.8,-75,0,84.6
146,43057099999,"BOMBAY COLABA, IN",2023-05-02T12:00:00Z,31.2,1005.4,51.39,NONE,0,EDGE_PASS,20.0,0.56,-0.41,-3.21,3.89,-74,0,78.4
147,43063099999,"PUNE, IN",2023-05-02T12:00:00Z,30.6,1003.3,43.51,NONE,0,EDGE_PASS,16.8,-0.07,-0.57,0.99,3.89,-67,0,78.5
148,42921099999,"NASIK CITY, IN",2023-05-02T13:00:00Z,30.67,999.77,42.25,NONE,0,EDGE_PASS,16.4,-1.83,1.37,6.77,3.85,-65,0,83.3
149,43003099999,"CHHATRAPATI SHIVAJI INTERNATIONAL, IN",2023-05-02T13:00:00Z,30.0,1006.0,62.25,NONE,0,EDGE_PASS,22.0,-1.0,1.0,3.47,3.81,-76,0,97.8
150,43057099999,"BOMBAY COLABA, IN",2023-05-02T13:00:00Z,31.05,1005.75,52.01,NONE,0,EDGE_PASS,20.06,-0.15,0.35,0.62,3.89,-75,1,116.5
151,43063099999,"PUNE, IN",2023-05-02T13:00:00Z,29.33,1004.47,47.3,NONE,0,EDGE_PASS,16.97,-1.27,1.17,3.79,3.88,-65,1,90.2
152,42921099999,"NASIK CITY, IN",2023-05-02T14:00:00Z,28.83,1001.13,50.36,NONE,0,EDGE_PASS,17.5,-1.84,1.36,8.11,3.85,-65,1,89.0
153,43003099999,"CHHATRAPATI SHIVAJI INTERNATIONAL, IN",2023-05-02T14:00:00Z,29.0,1006.0,65.95,NONE,0,EDGE_PASS,22.0,-1.0,0.0,3.7,3.81,-78,1,95.5
154,43057099999,"BOMBAY COLABA, IN",2023-05-02T14:00:00Z,30.91,1006.11,52.65,NONE,0,EDGE_PASS,20.12,-0.14,0.36,0.64,3.9,-73,2,99.3
155,43063099999,"PUNE, IN",2023-05-02T14:00:00Z,28.07,1005.63,51.45,NONE,0,EDGE_PASS,17.14,-1.26,1.16,4.15,3.89,-66,0,83.6
156,42921099999,"NASIK CITY, IN",2023-05-02T15:00:00Z,27.0,1002.5,60.06,NONE,0,EDGE_PASS,18.6,-1.83,1.37,9.7,3.86,-65,0,102.7
157,43003099999,"CHHATRAPATI SHIVAJI INTERNATIONAL, IN",2023-05-02T15:00:00Z,29.2,1007.0,65.59,NONE,0,EDGE_PASS,22.1,0.2,1.0,-0.36,3.8,-78,0,253.3
158,43057099999,"BOMBAY COLABA, IN",2023-05-02T15:00:00Z,30.76,1006.46,53.29,NONE,0,EDGE_PASS,20.18,-0.15,0.35,0.64,3.9,-72,0,185.9
159,43063099999,"PUNE, IN",2023-05-02T15:00:00Z,26.8,1006.8,56.0,NONE,0,EDGE_PASS,17.3,-1.27,1.17,4.55,3.89,-68,0,179.6
160,42921099999,"NASIK CITY, IN",2023-05-02T16:00:00Z,26.17,1003.57,63.09,NONE,0,EDGE_PASS,18.6,-0.83,1.07,3.03,3.86,-65,0,100.1
161,43003099999,"CHHATRAPATI SHIVAJI INTERNATIONAL, IN",2023-05-02T16:00:00Z,29.0,1009.0,70.08,NONE,0,EDGE_PASS,23.0,-0.2,2.0,4.49,3.81,-78,0,84.8
162,43057099999,"BOMBAY COLABA, IN",2023-05-02T16:00:00Z,30.61,1006.81,53.94,NONE,0,EDGE_PASS,20.24,-0.15,0.35,0.65,3.9,-70,0,106.0
163,43063099999,"PUNE, IN",2023-05-02T16:00:00Z,26.03,1007.87,59.84,NONE,0,EDGE_PASS,17.63,-0.77,1.07,3.84,3.89,-67,0,80.9
164,42921099999,"NASIK CITY, IN",2023-05-02T17:00:00Z,25.33,1004.63,66.29,NONE,0,EDGE_PASS,18.6,-0.84,1.06,3.2,3.86,-66,0,91.2
165,43003099999,"CHHATRAPATI SHIVAJI INTERNATIONAL, IN",2023-05-02T17:00:00Z,29.0,1010.0,70.08,NONE,0,EDGE_PASS,23.0,0.0,1.0,0.0,3.81,-77,0,79.4
166,43057099999,"BOMBAY COLABA, IN",2023-05-02T17:00:00Z,30.47,1007.17,54.59,NONE,0,EDGE_PASS,20.3,-0.14,0.36,0.65,3.9,-69,0,80.5
167,43063099999,"PUNE, IN",2023-05-02T17:00:00Z,25.27,1008.93,63.96,NONE,0,EDGE_PASS,17.97,-0.76,1.06,4.12,3.9,-69,0,81.4
168,42921099999,"NASIK CITY, IN",2023-05-02T18:00:00Z,24.5,1005.7,69.67,NONE,0,EDGE_PASS,18.6,-0.83,1.07,3.38,3.86,-68,0,80.1
169,43003099999,"CHHATRAPATI SHIVAJI INTERNATIONAL, IN",2023-05-02T18:00:00Z,28.8,1010.1,67.95,NONE,0,EDGE_PASS,22.3,-0.2,0.1,-2.13,3.81,-75,0,100.2
170,43057099999,"BOMBAY COLABA, IN",2023-05-02T18:00:00Z,30.32,1007.52,55.26,NONE,0,EDGE_PASS,20.36,-0.15,0.35,0.67,3.9,-71,0,94.5
171,43063099999,"PUNE, IN",2023-05-02T18:00:00Z,24.5,1010.0,68.37,NONE,0,EDGE_PASS,18.3,-0.77,1.07,4.41,3.91,-71,0,87.7
172,42921099999,"NASIK CITY, IN",2023-05-02T19:00:00Z,23.67,1005.47,74.79,NONE,0,EDGE_PASS,18.94,-0.83,-0.23,5.12,3.87,-70,0,98.9
173,43003099999,"CHHATRAPATI SHIVAJI INTERNATIONAL, IN",2023-05-02T19:00:00Z,29.0,1010.0,70.08,NONE,0,EDGE_PASS,23.0,0.2,-0.1,2.13,3.8,-77,0,86.0
174,43057099999,"BOMBAY COLABA, IN",2023-05-02T19:00:00Z,30.17,1007.87,55.93,NONE,0,EDGE_PASS,20.42,-0.15,0.35,0.67,3.9,-71,0,78.2
175,43063099999,"PUNE, IN",2023-05-02T19:00:00Z,24.0,1009.6,70.6,NONE,0,EDGE_PASS,18.33,-0.5,-0.4,2.23,3.9,-71,0,77.6
176,42921099999,"NASIK CITY, IN",2023-05-02T20:00:00Z,22.83,1005.23,80.31,NONE,0,EDGE_PASS,19.26,-0.84,-0.24,5.52,3.87,-71,0,78.4
177,43003099999,"CHHATRAPATI SHIVAJI INTERNATIONAL, IN",2023-05-02T20:00:00Z,29.0,1009.0,65.95,NONE,0,EDGE_PASS,22.0,0.0,-1.0,-4.13,3.8,-76,0,86.9
178,43057099999,"BOMBAY COLABA, IN",2023-05-02T20:00:00Z,30.03,1008.23,56.62,NONE,0,EDGE_PASS,20.48,-0.14,0.36,0.69,3.9,-73,0,99.7
179,43063099999,"PUNE, IN",2023-05-02T20:00:00Z,23.5,1009.2,72.91,NONE,0,EDGE_PASS,18.37,-0.5,-0.4,2.31,3.9,-72,0,84.1
180,42921099999,"NASIK CITY, IN",2023-05-02T21:00:00Z,22.0,1005.0,86.26,NONE,0,EDGE_PASS,19.6,-0.83,-0.23,5.95,3.87,-72,0,85.1
181,43003099999,"CHHATRAPATI SHIVAJI INTERNATIONAL, IN",2023-05-02T21:00:00Z,29.0,1009.0,65.95,NONE,0,EDGE_PASS,22.0,0.0,0.0,0.0,3.8,-77,0,79.2
182,43057099999,"BOMBAY COLABA, IN",2023-05-02T21:00:00Z,29.88,1008.58,57.31,NONE,0,EDGE_PASS,20.54,-0.15,0.35,0.69,3.9,-75,0,93.3
183,43063099999,"PUNE, IN",2023-05-02T21:00:00Z,23.0,1008.8,75.31,NONE,0,EDGE_PASS,18.4,-0.5,-0.4,2.4,3.9,-72,0,88.4
184,42921099999,"NASIK CITY, IN",2023-05-02T22:00:00Z,21.83,1005.17,87.14,NONE,0,EDGE_PASS,19.6,-0.17,0.17,0.88,3.87,-73,0,150.7
185,43003099999,"CHHATRAPATI SHIVAJI INTERNATIONAL, IN",2023-05-02T22:00:00Z,28.0,1008.0,74.28,NONE,0,EDGE_PASS,23.0,-1.0,-1.0,8.33,3.79,-77,0,131.7
186,43057099999,"BOMBAY COLABA, IN",2023-05-02T22:00:00Z,29.73,1008.93,58.01,NONE,0,EDGE_PASS,20.6,-0.15,0.35,0.7,3.9,-75,0,96.0
187,43063099999,"PUNE, IN",2023-05-02T22:00:00Z,22.6,1009.17,78.3,NONE,0,EDGE_PASS,18.63,-0.4,0.37,2.99,3.9,-73,0,80.5
188,42921099999,"NASIK CITY, IN",2023-05-02T23:00:00Z,21.67,1005.33,88.03,NONE,0,EDGE_PASS,19.6,-0.16,0.16,0.89,3.86,-74,0,573.8
189,43003099999,"CHHATRAPATI SHIVAJI INTERNATIONAL, IN",2023-05-02T23:00:00Z,28.0,1008.0,74.28,NONE,0,EDGE_PASS,23.0,0.0,0.0,0.0,3.79,-76,0,102.7
190,43057099999,"BOMBAY COLABA, IN",2023-05-02T23:00:00Z,29.59,1009.29,58.72,NONE,0,EDGE_PASS,20.66,-0.14,0.36,0.71,3.91,-74,0,94.7
191,43063099999,"PUNE, IN",2023-05-02T23:00:00Z,22.2,1009.53,81.4,NONE,0,EDGE_PASS,18.87,-0.4,0.36,3.1,3.9,-71,0,85.0
192,42921099999,"NASIK CITY, IN",2023-05-03T00:00:00Z,21.5,1005.5,88.94,NONE,0,EDGE_PASS,19.6,-0.17,0.17,0.91,3.87,-76,0,87.9
193,43003099999,"CHHATRAPATI SHIVAJI INTERNATIONAL, IN",2023-05-03T00:00:00Z,27.0,1008.9,76.87,NONE,0,EDGE_PASS,22.6,-1.0,0.9,2.59,3.78,-78,0,94.1
194,43057099999,"BOMBAY COLABA, IN",2023-05-03T00:00:00Z,29.44,1009.64,59.44,NONE,0,EDGE_PASS,20.72,-0.15,0.35,0.72,3.91,-73,0,88.7
195,43063099999,"PUNE, IN",2023-05-03T00:00:00Z,21.8,1009.9,84.64,NONE,0,EDGE_PASS,19.1,-0.4,0.37,3.24,3.9,-72,0,83.8
196,42921099999,"NASIK CITY, IN",2023-05-03T01:00:00Z,22.53,1005.93,84.37,NONE,0,EDGE_PASS,19.76,1.03,0.43,-4.57,3.87,-77,0,86.9
197,43003099999,"CHHATRAPATI SHIVAJI INTERNATIONAL, IN",2023-05-03T01:00:00Z,28.0,1009.0,74.28,NONE,0,EDGE_PASS,23.0,1.0,0.1,-2.59,3.77,-77,0,130.7
198,43057099999,"BOMBAY COLABA, IN",2023-05-03T01:00:00Z,29.29,1009.99,60.16,NONE,0,EDGE_PASS,20.78,-0.15,0.35,0.72,3.9,-75,0,81.5
199,43063099999,"PUNE, IN",2023-05-03T01:00:00Z,22.93,1010.17,80.16,NONE,0,EDGE_PASS,19.33,1.13,0.27,-4.48,3.89,-74,0,81.9
200,42921099999,"NASIK CITY, IN",2023-05-03T02:00:00Z,23.57,1006.37,80.08,NONE,0,EDGE_PASS,19.94,1.04,0.44,-4.29,3.86,-77,0,77.8
201,43003099999,"CHHATRAPATI SHIVAJI INTERNATIONAL, IN",2023-05-03T02:00:00Z,29.0,1010.0,70.08,NONE,0,EDGE_PASS,23.0,1.0,1.0,-4.2,3.77,-78,0,84.1
202,43057099999,"BOMBAY COLABA, IN",2023-05-03T02:00:00Z,29.15,1010.35,60.9,NONE,0,EDGE_PASS,20.84,-0.14,0.36,0.74,3.9,-76,0,107.9
203,43063099999,"PUNE, IN",2023-05-03T02:00:00Z,24.07,1010.43,75.95,NONE,0,EDGE_PASS,19.57,1.14,0.26,-4.21,3.89,-73,0,102.3
204,42921099999,"NASIK CITY, IN",2023-05-03T03:00:00Z,24.6,1006.8,76.04,NONE,0,EDGE_PASS,20.1,1.03,0.43,-4.04,3.87,-76,0,92.2
205,43003099999,"CHHATRAPATI SHIVAJI INTERNATIONAL, IN",2023-05-03T03:00:00Z,29.0,1010.5,74.89,NONE,0,EDGE_PASS,24.1,0.0,0.5,4.81,3.77,-78,0,91.0
206,43057099999,"BOMBAY COLABA, IN",2023-05-03T03:00:00Z,29.0,1010.7,61.65,NONE,0,EDGE_PASS,20.9,-0.15,0.35,0.75,3.9,-76,0,82.9
207,43063099999,"PUNE, IN",2023-05-03T03:00:00Z,25.2,1010.7,72.01,NONE,0,EDGE_PASS,19.8,1.13,0.27,-3.94,3.88,-73,0,79.3
208,42921099999,"NASIK CITY, IN",2023-05-03T04:00:00Z,26.4,1006.33,62.88,NONE,0,EDGE_PASS,18.77,1.8,-0.47,-13.16,3.87,-75,0,84.0
209,43003099999,"CHHATRAPATI SHIVAJI INTERNATIONAL, IN",2023-05-03T04:00:00Z,31.0,1011.0,55.29,NONE,0,EDGE_PASS,21.0,2.0,0.5,-19.6,3.76,-76,0,101.8
210,43057099999,"BOMBAY COLABA, IN",2023-05-03T04:00:00Z,29.18,1010.3,61.35,NONE,0,EDGE_PASS,20.99,0.18,-0.4,-0.3,3.91,-77,0,88.1
211,43063099999,"PUNE, IN",2023-05-03T04:00:00Z,26.6,1010.37,62.27,NONE,0,EDGE_PASS,18.8,1.4,-0.33,-9.74,3.88,-72,0,84.7
212,42921099999,"NASIK CITY, IN",2023-05-03T05:00:00Z,28.2,1005.87,52.03,NONE,0,EDGE_PASS,17.43,1.8,-0.46,-10.85,3.88,-73,0,96.3
213,43003099999,"CHHATRAPATI SHIVAJI INTERNATIONAL, IN",2023-05-03T05:00:00Z,32.0,1011.0,55.53,NONE,0,EDGE_PASS,22.0,1.0,0.0,0.24,3.76,-74,0,226.4
214,43057099999,"BOMBAY COLABA, IN",2023-05-03T05:00:00Z,29.36,1009.9,61.06,NONE,0,EDGE_PASS,21.08,0.18,-0.4,-0.29,3.9,-75,0,180.2
215,43063099999,"PUNE, IN",2023-05-03T05:00:00Z,28.0,1010.03,53.87,NONE,0,EDGE_PASS,17.8,1.4,-0.34,-8.4,3.87,-71,0,106.3
216,42921099999,"NASIK CITY, IN",2023-05-03T06:00:00Z,30.0,1005.4,43.07,NONE,0,EDGE_PASS,16.1,1.8,-0.47,-8.96,3.89,-71,0,168.5
217,43003099999,"CHHATRAPATI SHIVAJI INTERNATIONAL, IN",2023-05-03T06:00:00Z,32.0,1010.7,54.52,NONE,0,EDGE_PASS,21.7,0.0,-0.3,-1.01,3.75,-74,0,123.3
218,43057099999,"BOMBAY COLABA, IN",2023-05-03T06:00:00Z,29.53,1009.5,60.76,NONE,0,EDGE_PASS,21.16,0.17,-0.4,-0.3,3.91,-76,0,114.5
219,43063099999,"PUNE, IN",2023-05-03T06:00:00Z,29.4,1009.7,46.62,NONE,0,EDGE_PASS,16.8,1.4,-0.33,-7.25,3.87,-73,0,131.2
220,42921099999,"NASIK CITY, IN",2023-05-03T07:00:00Z,31.0,1004.2,39.64,NONE,0,EDGE_PASS,15.7,1.0,-1.2,-3.43,3.89,-71,0,79.1
221,43003099999,"CHHATRAPATI SHIVAJI INTERNATIONAL, IN",2023-05-03T07:00:00Z,31.0,1010.0,58.78,NONE,0,EDGE_PASS,22.0,-1.0,-0.7,4.26,3.76,-73,0,88.1
222,43057099999,"BOMBAY COLABA, IN",2023-05-03T07:00:00Z,29.71,1009.1,60.47,NONE,0,EDGE_PASS,21.25,0.18,-0.4,-0.29,3.91,-78,0,128.3
223,43063099999,"PUNE, IN",2023-05-03T07:00:00Z,30.73,1008.43,42.0,NONE,0,EDGE_PASS,16.36,1.33,-1.27,-4.62,3.87,-74,0,82.0
224,42921099999,"NASIK CITY, IN",2023-05-03T08:00:00Z,32.0,1003.0,36.5,NONE,0,EDGE_PASS,15.3,1.0,-1.2,-3.14,3.9,-69,0,111.7
225,43003099999,"CHHATRAPATI SHIVAJI INTERNATIONAL, IN",2023-05-03T08:00:00Z,32.0,1009.0,52.23,NONE,0,EDGE_PASS,21.0,1.0,-1.0,-6.55,3.76,-75,0,79.4
226,43057099999,"BOMBAY COLABA, IN",2023-05-03T08:00:00Z,29.89,1008.7,60.18,NONE,0,EDGE_PASS,21.34,0.18,-0.4,-0.29,3.9,-80,0,86.0
227,43063099999,"PUNE, IN",2023-05-03T08:00:00Z,32.07,1007.17,37.87,NONE,0,EDGE_PASS,15.94,1.34,-1.26,-4.13,3.88,-73,0,77.1
228,42921099999,"NASIK CITY, IN",2023-05-03T09:00:00Z,33.0,1001.8,33.62,NONE,0,EDGE_PASS,14.9,1.0,-1.2,-2.88,3.9,-70,0,77.8
229,43003099999,"CHHATRAPATI SHIVAJI INTERNATIONAL, IN",2023-05-03T09:00:00Z,32.6,1008.5,55.0,NONE,0,EDGE_PASS,22.4,0.6,-0.5,2.77,3.76,-76,0,76.3
230,43057099999,"BOMBAY COLABA, IN",2023-05-03T09:00:00Z,30.07,1008.3,59.9,NONE,0,EDGE_PASS,21.44,0.18,-0.4,-0.28,3.9,-81,0,80.1
231,43063099999,"PUNE, IN",2023-05-03T09:00:00Z,33.4,1005.9,34.17,NONE,0,EDGE_PASS,15.5,1.33,-1.27,-3.7,3.87,-74,0,80.6
232,42921099999,"NASIK CITY, IN",2023-05-03T10:00:00Z,32.67,1001.2,32.89,NONE,0,EDGE_PASS,14.27,-0.33,-0.6,-0.73,3.91,-71,0,84.8
233,43003099999,"CHHATRAPATI SHIVAJI INTERNATIONAL, IN",2023-05-03T10:00:00Z,31.0,1007.0,62.47,NONE,0,EDGE_PASS,23.0,-1.6,-1.5,7.47,3.75,-74,0,90.7
234,43057099999,"BOMBAY COLABA, IN",2023-05-03T10:00:00Z,30.24,1007.9,59.61,NONE,0,EDGE_PASS,21.52,0.17,-0.4,-0.29,3.89,-79,0,81.5
235,43063099999,"PUNE, IN",2023-05-03T10:00:00Z,31.13,1006.0,42.83,NONE,0,EDGE_PASS,17.03,-2.27,0.1,8.66,3.86,-75,0,78.5
236,42921099999,"NASIK CITY, IN",2023-05-03T11:00:00Z,32.33,1000.6,32.16,NONE,0,EDGE_PASS,13.63,-0.34,-0.6,-0.73,3.92,-71,0,75.4
237,43003099999,"CHHATRAPATI SHIVAJI INTERNATIONAL, IN",2023-05-03T11:00:00Z,31.0,1007.0,62.47,NONE,0,EDGE_PASS,23.0,0.0,0.0,0.0,3.74,-76,0,78.9
238,43057099999,"BOMBAY COLABA, IN",2023-05-03T11:00:00Z,30.42,1007.5,59.33,NONE,0,EDGE_PASS,21.61,0.18,-0.4,-0.28,3.88,-80,0,76.1
239,43063099999,"PUNE, IN",2023-05-03T11:00:00Z,28.87,1006.1,53.75,NONE,0,EDGE_PASS,18.57,-2.26,0.1,10.92,3.85,-75,0,80.8
240,42921099999,"NASIK CITY, IN",2023-05-03T12:00:00Z,32.0,1000.0,31.45,NONE,0,EDGE_PASS,13.0,-0.33,-0.6,-0.71,3.92,-71,0,76.9
241,43003099999,"CHHATRAPATI SHIVAJI INTERNATIONAL, IN",2023-05-03T12:00:00Z,31.0,1006.8,57.01,NONE,0,EDGE_PASS,21.5,0.0,-0.2,-5.46,3.75,-78,0,72.2
242,43057099999,"BOMBAY COLABA, IN",2023-05-03T12:00:00Z,30.6,1007.1,59.05,NONE,0,EDGE_PASS,21.7,0.18,-0.4,-0.28,3.87,-82,0,88.7
243,43063099999,"PUNE, IN",2023-05-03T12:00:00Z,26.6,1006.2,67.52,NONE,0,EDGE_PASS,20.1,-2.27,0.1,13.77,3.85,-77,0,231.6
244,42921099999,"NASIK CITY, IN",2023-05-03T13:00:00Z,30.2,1001.23,38.58,NONE,0,EDGE_PASS,14.56,-1.8,1.23,7.13,3.92,-71,0,93.5
245,43003099999,"CHHATRAPATI SHIVAJI INTERNATIONAL, IN",2023-05-03T13:00:00Z,30.0,1007.0,62.25,NONE,0,EDGE_PASS,22.0,-1.0,0.2,5.24,3.74,-78,0,98.4
246,43057099999,"BOMBAY COLABA, IN",2023-05-03T13:00:00Z,30.47,1007.32,60.14,NONE,0,EDGE_PASS,21.88,-0.13,0.22,1.09,3.87,-82,0,122.2
247,43063099999,"PUNE, IN",2023-05-03T13:00:00Z,26.13,1006.87,67.14,NONE,0,EDGE_PASS,19.56,-0.47,0.67,-0.38,3.84,-75,0,119.1
248,42921099999,"NASIK CITY, IN",2023-05-03T14:00:00Z,28.4,1002.47,47.35,NONE,0,EDGE_PASS,16.13,-1.8,1.24,8.77,3.92,-69,0,127.6
249,43003099999,"CHHATRAPATI SHIVAJI INTERNATIONAL, IN",2023-05-03T14:00:00Z,29.0,1008.0,70.08,NONE,0,EDGE_PASS,23.0,-1.0,1.0,7.83,3.73,-78,0,104.3
250,43057099999,"BOMBAY COLABA, IN",2023-05-03T14:00:00Z,30.33,1007.54,61.24,NONE,0,EDGE_PASS,22.04,-0.14,0.22,1.1,3.88,-81,0,101.6
251,43063099999,"PUNE, IN",2023-05-03T14:00:00Z,25.67,1007.53,66.77,NONE,0,EDGE_PASS,19.04,-0.46,0.66,-0.37,3.85,-73,0,83.7
252,42921099999,"NASIK CITY, IN",2023-05-03T15:00:00Z,26.6,1003.7,58.11,NONE,0,EDGE_PASS,17.7,-1.8,1.23,10.76,3.92,-67,0,76.8
253,43003099999,"CHHATRAPATI SHIVAJI INTERNATIONAL, IN",2023-05-03T15:00:00Z,29.0,1008.7,66.76,NONE,0,EDGE_PASS,22.2,0.0,0.7,-3.32,3.72,-80,0,85.3
254,43057099999,"BOMBAY COLABA, IN",2023-05-03T15:00:00Z,30.2,1007.76,62.37,NONE,0,EDGE_PASS,22.22,-0.13,0.22,1.13,3.87,-79,0,82.1
255,43063099999,"PUNE, IN",2023-05-03T15:00:00Z,25.2,1008.2,66.4,NONE,0,EDGE_PASS,18.5,-0.47,0.67,-0.37,3.85,-74,0,118.7
256,42921099999,"NASIK CITY, IN",2023-05-03T16:00:00Z,25.9,1004.53,62.24,NONE,0,EDGE_PASS,18.13,-0.7,0.83,4.13,3.92,-68,0,80.7
257,43003099999,"CHHATRAPATI SHIVAJI INTERNATIONAL, IN",2023-05-03T16:00:00Z,29.0,1009.0,74.44,NONE,0,EDGE_PASS,24.0,0.0,0.3,7.68,3.73,-80,0,76.8
258,43057099999,"BOMBAY COLABA, IN",2023-05-03T16:00:00Z,30.07,1007.98,63.52,NONE,0,EDGE_PASS,22.4,-0.13,0.22,1.15,3.88,-81,0,74.7
259,43063099999,"PUNE, IN",2023-05-03T16:00:00Z,24.67,1008.83,69.85,NONE,0,EDGE_PASS,18.8,-0.53,0.63,3.45,3.86,-76,0,74.9
260,42921099999,"NASIK CITY, IN",2023-05-03T17:00:00Z,25.2,1005.37,66.68,NONE,0,EDGE_PASS,18.57,-0.7,0.84,4.44,3.91,-68,0,77.9
261,43003099999,"CHHATRAPATI SHIVAJI INTERNATIONAL, IN",2023-05-03T17:00:00Z,29.0,1010.0,70.08,NONE,0,EDGE_PASS,23.0,0.0,1.0,-4.36,3.72,-80,0,77.8
262,43057099999,"BOMBAY COLABA, IN",2023-05-03T17:00:00Z,29.93,1008.2,64.68,NONE,0,EDGE_PASS,22.56,-0.14,0.22,1.16,3.87,-79,0,74.3
263,43063099999,"PUNE, IN",2023-05-03T17:00:00Z,24.13,1009.47,73.48,NONE,0,EDGE_PASS,19.1,-0.54,0.64,3.63,3.86,-78,0,101.6
264,42921099999,"NASIK CITY, IN",2023-05-03T18:00:00Z,24.5,1006.2,71.43,NONE,0,EDGE_PASS,19.0,-0.7,0.83,4.75,3.91,-67,0,83.2
265,43003099999,"CHHATRAPATI SHIVAJI INTERNATIONAL, IN",2023-05-03T18:00:00Z,29.0,1010.0,70.08,NONE,0,EDGE_PASS,23.0,0.0,0.0,0.0,3.73,-78,0,83.8
266,43057099999,"BOMBAY COLABA, IN",2023-05-03T18:00:00Z,29.8,1008.42,65.87,NONE,0,EDGE_PASS,22.74,-0.13,0.22,1.19,3.87,-81,0,75.5
267,43063099999,"PUNE, IN",2023-05-03T18:00:00Z,23.6,1010.1,77.31,NONE,0,EDGE_PASS,19.4,-0.53,0.63,3.83,3.86,-76,0,80.9
268,42921099999,"NASIK CITY, IN",2023-05-03T19:00:00Z,23.83,1005.67,73.89,NONE,0,EDGE_PASS,18.9,-0.67,-0.53,2.46,3.91,-69,0,75.3
269,43003099999,"CHHATRAPATI SHIVAJI INTERNATIONAL, IN",2023-05-03T19:00:00Z,29.0,1009.5,72.23,NONE,0,EDGE_PASS,23.5,0.0,-0.5,2.15,3.73,-80,0,76.5
270,43057099999,"BOMBAY COLABA, IN",2023-05-03T19:00:00Z,29.67,1008.64,67.08,NONE,0,EDGE_PASS,22.92,-0.13,0.22,1.21,3.87,-79,1,107.3
271,43063099999,"PUNE, IN",2023-05-03T19:00:00Z,23.13,1009.63,79.69,NONE,0,EDGE_PASS,19.43,-0.47,-0.47,2.38,3.86,-74,1,92.8
272,42921099999,"NASIK CITY, IN",2023-05-03T20:00:00Z,23.17,1005.13,76.44,NONE,0,EDGE_PASS,18.8,-0.66,-0.54,2.55,3.91,-71,1,105.8
273,43003099999,"CHHATRAPATI SHIVAJI INTERNATIONAL, IN",2023-05-03T20:00:00Z,28.0,1009.0,74.28,NONE,0,EDGE_PASS,23.0,-1.0,-0.5,2.05,3.73,-78,1,344.7
274,43057099999,"BOMBAY COLABA, IN",2023-05-03T20:00:00Z,29.53,1008.86,68.31,NONE,0,EDGE_PASS,23.08,-0.14,0.22,1.23,3.87,-78,2,94.8
275,43063099999,"PUNE, IN",2023-05-03T20:00:00Z,22.67,1009.17,82.14,NONE,0,EDGE_PASS,19.47,-0.46,-0.46,2.45,3.85,-72,0,143.2
276,42921099999,"NASIK CITY, IN",2023-05-03T21:00:00Z,22.5,1004.6,79.1,NONE,0,EDGE_PASS,18.7,-0.67,-0.53,2.66,3.9,-69,0,166.9
277,43003099999,"CHHATRAPATI SHIVAJI INTERNATIONAL, IN",2023-05-03T21:00:00Z,27.4,1008.2,75.55,NONE,0,EDGE_PASS,22.7,-0.6,-0.8,1.27,3.73,-80,0,86.5
278,43057099999,"BOMBAY COLABA, IN",2023-05-03T21:00:00Z,29.4,1009.08,69.57,NONE,0,EDGE_PASS,23.26,-0.13,0.22,1.26,3.87,-80,0,114.3
279,43063099999,"PUNE, IN",2023-05-03T21:00:00Z,22.2,1008.7,84.68,NONE,0,EDGE_PASS,19.5,-0.47,-0.47,2.54,3.86,-72,0,125.1
280,42921099999,"NASIK CITY, IN",2023-05-03T22:00:00Z,22.4,1004.67,81.43,NONE,0,EDGE_PASS,19.07,-0.1,0.07,2.33,3.9,-71,0,76.0
281,43003099999,"CHHATRAPATI SHIVAJI INTERNATIONAL, IN",2023-05-03T22:00:00Z,28.0,1008.0,74.28,NONE,0,EDGE_PASS,23.0,0.6,-0.2,-1.27,3.73,-80,0,77.4
282,43057099999,"BOMBAY COLABA, IN",2023-05-03T22:00:00Z,29.27,1009.3,70.84,NONE,0,EDGE_PASS,23.44,-0.13,0.22,1.27,3.86,-82,0,75.7
283,43063099999,"PUNE, IN",2023-05-03T22:00:00Z,21.47,1009.0,87.83,NONE,0,EDGE_PASS,19.37,-0.73,0.3,3.15,3.85,-70,0,93.6
284,42921099999,"NASIK CITY, IN",2023-05-03T23:00:00Z,22.3,1004.73,83.82,NONE,0,EDGE_PASS,19.43,-0.1,0.06,2.39,3.9,-70,0,74.9
285,43003099999,"CHHATRAPATI SHIVAJI INTERNATIONAL, IN",2023-05-03T23:00:00Z,28.0,1008.0,78.9,NONE,0,EDGE_PASS,24.0,0.0,0.0,4.62,3.72,-80,0,82.2
286,43057099999,"BOMBAY COLABA, IN",2023-05-03T23:00:00Z,29.13,1009.52,72.14,NONE,0,EDGE_PASS,23.6,-0.14,0.22,1.3,3.87,-81,0,78.6
287,43063099999,"PUNE, IN",2023-05-03T23:00:00Z,20.73,1009.3,91.12,NONE,0,EDGE_PASS,19.23,-0.74,0.3,3.29,3.85,-71,0,75.5
288,42921099999,"NASIK CITY, IN",2023-05-04T00:00:00Z,22.2,1004.8,86.28,NONE,0,EDGE_PASS,19.8,-0.1,0.07,2.46,3.89,-70,0,104.2
289,43003099999,"CHHATRAPATI SHIVAJI INTERNATIONAL, IN",2023-05-04T00:00:00Z,26.6,1008.2,82.61,NONE,0,EDGE_PASS,23.4,-1.4,0.2,3.71,3.73,-80,0,72.7
290,43057099999,"BOMBAY COLABA, IN",2023-05-04T00:00:00Z,29.0,1009.74,73.46,NONE,0,EDGE_PASS,23.78,-0.13,0.22,1.32,3.88,-82,0,70.8
291,43063099999,"PUNE, IN",2023-05-04T00:00:00Z,20.0,1009.6,94.56,NONE,0,EDGE_PASS,19.1,-0.73,0.3,3.44,3.85,-73,0,71.2
292,42921099999,"NASIK CITY, IN",2023-05-04T01:00:00Z,23.13,1005.23,82.37,NONE,0,EDGE_PASS,19.96,0.93,0.43,-3.91,3.89,-72,0,71.7
293,43003099999,"CHHATRAPATI SHIVAJI INTERNATIONAL, IN",2023-05-04T01:00:00Z,27.0,1009.0,83.66,NONE,0,EDGE_PASS,24.0,0.4,0.8,1.05,3.74,-78,0,72.8
294,43057099999,"BOMBAY COLABA, IN",2023-05-04T01:00:00Z,28.87,1009.96,74.81,NONE,0,EDGE_PASS,23.96,-0.13,0.22,1.35,3.89,-82,0,73.9
295,43063099999,"PUNE, IN",2023-05-04T01:00:00Z,21.47,1009.8,86.75,NONE,0,EDGE_PASS,19.17,1.47,0.2,-7.81,3.84,-74,0,71.7
296,42921099999,"NASIK CITY, IN",2023-05-04T02:00:00Z,24.07,1005.67,78.67,NONE,0,EDGE_PASS,20.14,0.94,0.44,-3.7,3.89,-71,0,73.7
297,43003099999,"CHHATRAPATI SHIVAJI INTERNATIONAL, IN",2023-05-04T02:00:00Z,28.0,1010.0,78.9,NONE,0,EDGE_PASS,24.0,1.0,1.0,-4.76,3.73,-76,0,71.1
298,43057099999,"BOMBAY COLABA, IN",2023-05-04T02:00:00Z,28.73,1010.18,76.18,NONE,0,EDGE_PASS,24.12,-0.14,0.22,1.37,3.89,-84,0,71.9
299,43063099999,"PUNE, IN",2023-05-04T02:00:00Z,22.93,1010.0,79.66,NONE,0,EDGE_PASS,19.23,1.46,0.2,-7.09,3.85,-76,0,70.9
300,42921099999,"NASIK CITY, IN",2023-05-04T03:00:00Z,25.0,1006.1,75.16,NONE,0,EDGE_PASS,20.3,0.93,0.43,-3.51,3.89,-72,0,72.9
301,43003099999,"CHHATRAPATI SHIVAJI INTERNATIONAL, IN",2023-05-04T03:00:00Z,28.6,1010.1,70.44,NONE,0,EDGE_PASS,22.7,0.6,0.1,-8.46,3.72,-75,0,71.6
302,43057099999,"BOMBAY COLABA, IN",2023-05-04T03:00:00Z,28.6,1010.4,77.58,NONE,0,EDGE_PASS,24.3,-0.13,0.22,1.4,3.89,-84,0,70.8
303,43063099999,"PUNE, IN",2023-05-04T03:00:00Z,24.4,1010.2,73.22,NONE,0,EDGE_PASS,19.3,1.47,0.2,-6.44,3.84,-76,0,71.5
304,42921099999,"NASIK CITY, IN",2023-05-04T04:00:00Z,27.2,1005.43,60.61,NONE,0,EDGE_PASS,18.93,2.2,-0.67,-14.55,3.89,-74,0,70.2
305,43003099999,"CHHATRAPATI SHIVAJI INTERNATIONAL, IN",2023-05-04T04:00:00Z,31.0,1010.0,62.47,NONE,0,EDGE_PASS,23.0,2.4,-0.1,-7.97,3.71,-76,0,103.3
306,43057099999,"BOMBAY COLABA, IN",2023-05-04T04:00:00Z,28.8,1009.89,75.41,NONE,0,EDGE_PASS,24.02,0.2,-0.51,-2.17,3.9,-86,0,104.8
307,43063099999,"PUNE, IN",2023-05-04T04:00:00Z,26.6,1009.57,60.86,NONE,0,EDGE_PASS,18.43,2.2,-0.63,-12.36,3.85,-76,0,74.5
308,42921099999,"NASIK CITY, IN",2023-05-04T05:00:00Z,29.4,1004.77,48.94,NONE,0,EDGE_PASS,17.57,2.2,-0.66,-11.67,3.88,-72,0,74.7
309,43003099999,"CHHATRAPATI SHIVAJI INTERNATIONAL, IN",2023-05-04T05:00:00Z,32.0,1010.0,59.01,NONE,0,EDGE_PASS,23.0,1.0,0.0,-3.46,3.71,-78,0,72.5
310,43057099999,"BOMBAY COLABA, IN",2023-05-04T05:00:00Z,29.0,1009.38,73.31,NONE,0,EDGE_PASS,23.75,0.2,-0.51,-2.1,3.9,-86,0,113.2
311,43063099999,"PUNE, IN",2023-05-04T05:00:00Z,28.8,1008.93,50.67,NONE,0,EDGE_PASS,17.57,2.2,-0.64,-10.19,3.84,-76,0,127.5
312,42921099999,"NASIK CITY, IN",2023-05-04T06:00:00Z,31.6,1004.1,39.56,NONE,0,EDGE_PASS,16.2,2.2,-0.67,-9.38,3.87,-72,0,71.8
313,43003099999,"CHHATRAPATI SHIVAJI INTERNATIONAL, IN",2023-05-04T06:00:00Z,32.2,1009.9,56.95,NONE,0,EDGE_PASS,22.6,0.2,-0.1,-2.06,3.7,-80,0,72.0
314,43057099999,"BOMBAY COLABA, IN",2023-05-04T06:00:00Z,29.2,1008.87,71.26,NONE,0,EDGE_PASS,23.47,0.2,-0.51,-2.05,3.91,-86,0,69.9
315,43063099999,"PUNE, IN",2023-05-04T06:00:00Z,31.0,1008.3,42.26,NONE,0,EDGE_PASS,16.7,2.2,-0.63,-8.41,3.83,-75,0,100.4
316,42921099999,"NASIK CITY, IN",2023-05-04T07:00:00Z,30.23,1003.57,47.04,NONE,0,EDGE_PASS,17.7,-1.37,-0.53,7.48,3.87,-72,0,71.3
317,43003099999,"CHHATRAPATI SHIVAJI INTERNATIONAL, IN",2023-05-04T07:00:00Z,32.0,1009.0,55.53,NONE,0,EDGE_PASS,22.0,-0.2,-0.9,-1.42,3.71,-81,0,74.7
318,43057099999,"BOMBAY COLABA, IN",2023-05-04T07:00:00Z,29.4,1008.36,69.27,NONE,0,EDGE_PASS,23.19,0.2,-0.51,-1.99,3.9,-85,0,75.3
319,43063099999,"PUNE, IN",2023-05-04T07:00:00Z,31.73,1007.03,38.59,NONE,0,EDGE_PASS,15.93,0.73,-1.27,-3.67,3.84,-75,0,74.6
320,42921099999,"NASIK CITY, IN",2023-05-04T08:00:00Z,28.87,1003.03,55.92,NONE,0,EDGE_PASS,19.2,-1.36,-0.54,8.88,3.86,-71,0,71.5
321,43003099999,"CHHATRAPATI SHIVAJI INTERNATIONAL, IN",2023-05-04T08:00:00Z,31.0,1008.0,58.78,NONE,0,EDGE_PASS,22.0,-1.0,-1.0,3.25,3.71,-82,0,71.6
322,43057099999,"BOMBAY COLABA, IN",2023-05-04T08:00:00Z,29.6,1007.84,67.33,NONE,0,EDGE_PASS,22.91,0.2,-0.52,-1.94,3.9,-84,0,74.4
323,43063099999,"PUNE, IN",2023-05-04T08:00:00Z,32.47,1005.77,35.25,NONE,0,EDGE_PASS,15.17,0.74,-1.26,-3.34,3.84,-73,0,88.8
324,42921099999,"NASIK CITY, IN",2023-05-04T09:00:00Z,27.5,1002.5,66.46,NONE,0,EDGE_PASS,20.7,-1.37,-0.53,10.54,3.86,-69,0,73.2
325,43003099999,"CHHATRAPATI SHIVAJI INTERNATIONAL, IN",2023-05-04T09:00:00Z,31.8,1007.5,56.51,NONE,0,EDGE_PASS,22.1,0.8,-0.5,-2.27,3.71,-80,0,73.4
326,43057099999,"BOMBAY COLABA, IN",2023-05-04T09:00:00Z,29.8,1007.33,65.45,NONE,0,EDGE_PASS,22.63,0.2,-0.51,-1.88,3.9,-85,0,72.8
327,43063099999,"PUNE, IN",2023-05-04T09:00:00Z,33.2,1004.5,32.19,NONE,0,EDGE_PASS,14.4,0.73,-1.27,-3.06,3.84,-75,0,186.2
328,42921099999,"NASIK CITY, IN",2023-05-04T10:00:00Z,27.23,1002.3,64.25,NONE,0,EDGE_PASS,19.9,-0.27,-0.2,-2.21,3.86,-70,0,82.3
329,43003099999,"CHHATRAPATI SHIVAJI INTERNATIONAL, IN",2023-05-04T10:00:00Z,31.0,1006.0,58.78,NONE,0,EDGE_PASS,22.0,-0.8,-1.5,2.27,3.71,-82,0,74.2
330,43057099999,"BOMBAY COLABA, IN",2023-05-04T10:00:00Z,30.0,1006.82,63.61,NONE,0,EDGE_PASS,22.35,0.2,-0.51,-1.84,3.9,-85,0,72.9
331,43063099999,"PUNE, IN",2023-05-04T10:00:00Z,32.33,1004.23,37.07,NONE,0,EDGE_PASS,15.83,-0.87,-0.27,4.88,3.83,-73,0,74.1
332,42921099999,"NASIK CITY, IN",2023-05-04T11:00:00Z,26.97,1002.1,62.09,NONE,0,EDGE_PASS,19.1,-0.26,-0.2,-2.16,3.87,-71,0,71.7
333,43003099999,"CHHATRAPATI SHIVAJI INTERNATIONAL, IN",2023-05-04T11:00:00Z,31.0,1006.0,62.47,NONE,0,EDGE_PASS,23.0,0.0,0.0,3.69,3.72,-83,0,72.6
334,43057099999,"BOMBAY COLABA, IN",2023-05-04T11:00:00Z,30.2,1006.31,61.83,NONE,0,EDGE_PASS,22.08,0.2,-0.51,-1.78,3.89,-87,0,71.3
335,43063099999,"PUNE, IN",2023-05-04T11:00:00Z,31.47,1003.97,42.65,NONE,0,EDGE_PASS,17.27,-0.86,-0.26,5.58,3.83,-72,0,72.6
336,42921099999,"NASIK CITY, IN",2023-05-04T12:00:00Z,26.7,1001.9,59.99,NONE,0,EDGE_PASS,18.3,-0.27,-0.2,-2.1,3.87,-72,0,72.2
337,43003099999,"CHHATRAPATI SHIVAJI INTERNATIONAL, IN",2023-05-04T12:00:00Z,31.4,1005.6,59.96,NONE,0,EDGE_PASS,22.7,0.4,-0.4,-2.51,3.71,-85,0,76.1
338,43057099999,"BOMBAY COLABA, IN",2023-05-04T12:00:00Z,30.4,1005.8,60.1,NONE,0,EDGE_PASS,21.8,0.2,-0.51,-1.73,3.89,-85,0,80.4
339,43063099999,"PUNE, IN",2023-05-04T12:00:00Z,30.6,1003.7,49.05,NONE,0,EDGE_PASS,18.7,-0.87,-0.27,6.4,3.84,-71,0,84.5
340,42921099999,"NASIK CITY, IN",2023-05-04T13:00:00Z,26.0,1002.67,62.4,NONE,0,EDGE_PASS,18.27,-0.7,0.77,2.41,3.88,-70,0,82.9
341,43003099999,"CHHATRAPATI SHIVAJI INTERNATIONAL, IN",2023-05-04T13:00:00Z,30.0,1006.0,66.15,NONE,0,EDGE_PASS,23.0,-1.4,0.4,6.19,3.71,-85,0,74.3
342,43057099999,"BOMBAY COLABA, IN",2023-05-04T13:00:00Z,30.31,1006.02,61.06,NONE,0,EDGE_PASS,21.98,-0.09,0.22,0.96,3.89,-83,0,74.4
343,43063099999,"PUNE, IN",2023-05-04T13:00:00Z,28.6,1005.0,56.32,NONE,0,EDGE_PASS,19.07,-2.0,1.3,7.27,3.84,-72,0,74.3
344,42921099999,"NASIK CITY, IN",2023-05-04T14:00:00Z,25.3,1003.43,64.91,NONE,0,EDGE_PASS,18.23,-0.7,0.76,2.51,3.88,-69,0,183.6
345,43003099999,"CHHATRAPATI SHIVAJI INTERNATIONAL, IN",2023-05-04T14:00:00Z,29.0,1007.0,70.08,NONE,0,EDGE_PASS,23.0,-1.0,1.0,3.93,3.71,-85,0,135.1
346,43057099999,"BOMBAY COLABA, IN",2023-05-04T14:00:00Z,30.21,1006.24,62.04,NONE,0,EDGE_PASS,22.14,-0.1,0.22,0.98,3.89,-81,0,111.6
347,43063099999,"PUNE, IN",2023-05-04T14:00:00Z,26.6,1006.3,64.78,NONE,0,EDGE_PASS,19.43,-2.0,1.3,8.46,3.85,-73,0,98.5
348,42921099999,"NASIK CITY, IN",2023-05-04T15:00:00Z,24.6,1004.2,67.54,NONE,0,EDGE_PASS,18.2,-0.7,0.77,2.63,3.87,-67,0,144.6
349,43003099999,"CHHATRAPATI SHIVAJI INTERNATIONAL, IN",2023-05-04T15:00:00Z,29.0,1008.0,74.44,NONE,0,EDGE_PASS,24.0,0.0,1.0,4.36,3.71,-85,0,79.0
350,43057099999,"BOMBAY COLABA, IN",2023-05-04T15:00:00Z,30.12,1006.46,63.04,NONE,0,EDGE_PASS,22.32,-0.09,0.22,1.0,3.9,-79,0,74.0
351,43063099999,"PUNE, IN",2023-05-04T15:00:00Z,24.6,1007.6,74.63,NONE,0,EDGE_PASS,19.8,-2.0,1.3,9.85,3.85,-75,0,75.3
352,42921099999,"NASIK CITY, IN",2023-05-04T16:00:00Z,24.3,1004.43,71.7,NONE,0,EDGE_PASS,18.87,-0.3,0.23,4.16,3.87,-68,0,138.4
353,43003099999,"CHHATRAPATI SHIVAJI INTERNATIONAL, IN",2023-05-04T16:00:00Z,29.0,1008.0,70.08,NONE,0,EDGE_PASS,23.0,0.0,0.0,-4.36,3.71,-87,0,82.7
354,43057099999,"BOMBAY COLABA, IN",2023-05-04T16:00:00Z,30.03,1006.68,64.05,NONE,0,EDGE_PASS,22.5,-0.09,0.22,1.01,3.89,-79,0,76.0
355,43063099999,"PUNE, IN",2023-05-04T16:00:00Z,24.6,1008.2,73.71,NONE,0,EDGE_PASS,19.6,0.0,0.6,-0.92,3.86,-74,0,75.5
356,42921099999,"NASIK CITY, IN",2023-05-04T17:00:00Z,40.5,1004.67,76.1,SPIKE,4,EDGE_SUSPECT_STEP_SPIKE,35.47,16.2,0.24,4.4,3.86,-67,0,82.6
357,43003099999,"CHHATRAPATI SHIVAJI INTERNATIONAL, IN",2023-05-04T17:00:00Z,29.0,1009.0,70.08,NONE,0,EDGE_PASS,23.0,0.0,1.0,0.0,3.71,-85,0,76.6
358,43057099999,"BOMBAY COLABA, IN",2023-05-04T17:00:00Z,29.93,1006.9,65.08,NONE,0,EDGE_PASS,22.66,-0.1,0.22,1.03,3.88,-80,0,82.3
359,43063099999,"PUNE, IN",2023-05-04T17:00:00Z,24.6,1008.8,72.8,NONE,0,EDGE_PASS,19.4,0.0,0.6,-0.91,3.86,-75,0,76.5
360,42921099999,"NASIK CITY, IN",2023-05-04T18:00:00Z,23.7,1004.9,80.76,NONE,4,EDGE_SUSPECT_STEP_SPIKE,20.2,-16.8,0.23,4.66,3.87,-65,0,81.6
361,43003099999,"CHHATRAPATI SHIVAJI INTERNATIONAL, IN",2023-05-04T18:00:00Z,28.8,1008.9,72.2,NONE,0,EDGE_PASS,23.3,-0.2,-0.1,2.12,3.71,-83,0,77.0
362,43057099999,"BOMBAY COLABA, IN",2023-05-04T18:00:00Z,29.84,1007.12,66.12,NONE,0,EDGE_PASS,22.84,-0.09,0.22,1.04,3.88,-82,0,75.4
363,43063099999,"PUNE, IN",2023-05-04T18:00:00Z,24.6,1009.4,71.9,NONE,0,EDGE_PASS,19.2,0.0,0.6,-0.9,3.86,-75,0,83.8
364,42921099999,"NASIK CITY, IN",2023-05-04T19:00:00Z,23.33,1004.7,81.04,NONE,0,EDGE_PASS,19.9,-0.37,-0.2,0.28,3.87,-65,0,89.7
365,43003099999,"CHHATRAPATI SHIVAJI INTERNATIONAL, IN",2023-05-04T19:00:00Z,29.0,1009.0,74.44,NONE,0,EDGE_PASS,24.0,0.2,0.1,2.24,3.71,-81,0,121.8
366,43057099999,"BOMBAY COLABA, IN",2023-05-04T19:00:00Z,29.75,1007.34,67.18,NONE,0,EDGE_PASS,23.02,-0.09,0.22,1.06,3.89,-83,0,128.7
367,43063099999,"PUNE, IN",2023-05-04T19:00:00Z,24.27,1009.0,73.2,NONE,0,EDGE_PASS,19.17,-0.33,-0.4,1.3,3.86,-77,0,154.5
368,42921099999,"NASIK CITY, IN",2023-05-04T20:00:00Z,22.97,1004.5,81.33,NONE,0,EDGE_PASS,19.6,-0.36,-0.2,0.29,3.88,-65,0,97.2
369,43003099999,"CHHATRAPATI SHIVAJI INTERNATIONAL, IN",2023-05-04T20:00:00Z,29.0,1008.0,74.44,NONE,0,EDGE_PASS,24.0,0.0,-1.0,0.0,3.7,-80,0,83.7
370,43057099999,"BOMBAY COLABA, IN",2023-05-04T20:00:00Z,29.65,1007.56,68.25,NONE,0,EDGE_PASS,23.18,-0.1,0.22,1.07,3.88,-83,0,96.1
371,43063099999,"PUNE, IN",2023-05-04T20:00:00Z,23.93,1008.6,74.52,NONE,0,EDGE_PASS,19.13,-0.34,-0.4,1.32,3.87,-77,0,81.4
372,42921099999,"NASIK CITY, IN",2023-05-04T21:00:00Z,22.6,1004.3,81.62,NONE,0,EDGE_PASS,19.3,-0.37,-0.2,0.29,3.89,-65,0,84.2
373,43003099999,"CHHATRAPATI SHIVAJI INTERNATIONAL, IN",2023-05-04T21:00:00Z,28.2,1007.9,76.13,NONE,0,EDGE_PASS,23.6,-0.8,-0.1,1.69,3.7,-79,0,80.8
374,43057099999,"BOMBAY COLABA, IN",2023-05-04T21:00:00Z,29.56,1007.78,69.34,NONE,0,EDGE_PASS,23.36,-0.09,0.22,1.09,3.88,-83,0,84.5
375,43063099999,"PUNE, IN",2023-05-04T21:00:00Z,23.6,1008.2,75.88,NONE,0,EDGE_PASS,19.1,-0.33,-0.4,1.36,3.87,-78,0,82.9
376,42921099999,"NASIK CITY, IN",2023-05-04T22:00:00Z,22.3,1004.23,83.3,NONE,0,EDGE_PASS,19.33,-0.3,-0.07,1.68,3.89,-65,0,133.4
377,43003099999,"CHHATRAPATI SHIVAJI INTERNATIONAL, IN",2023-05-04T22:00:00Z,28.0,1008.0,78.9,NONE,0,EDGE_PASS,24.0,-0.2,0.1,2.77,3.69,-81,0,83.6
378,43057099999,"BOMBAY COLABA, IN",2023-05-04T22:00:00Z,29.47,1008.0,70.45,NONE,0,EDGE_PASS,23.54,-0.09,0.22,1.11,3.88,-81,0,81.0
379,43063099999,"PUNE, IN",2023-05-04T22:00:00Z,23.07,1008.2,78.2,NONE,0,EDGE_PASS,19.07,-0.53,0.0,2.32,3.88,-78,0,83.9
380,42921099999,"NASIK CITY, IN",2023-05-04T23:00:00Z,22.0,1004.17,85.01,NONE,0,EDGE_PASS,19.37,-0.3,-0.06,1.71,3.88,-66,0,87.8
381,43003099999,"CHHATRAPATI SHIVAJI INTERNATIONAL, IN",2023-05-04T23:00:00Z,28.0,1007.0,78.9,NONE,0,EDGE_PASS,24.0,0.0,-1.0,0.0,3.7,-82,0,137.7
382,43057099999,"BOMBAY COLABA, IN",2023-05-04T23:00:00Z,29.37,1008.22,71.58,NONE,0,EDGE_PASS,23.7,-0.1,0.22,1.13,3.88,-81,0,86.3
383,43063099999,"PUNE, IN",2023-05-04T23:00:00Z,22.53,1008.2,80.6,NONE,0,EDGE_PASS,19.03,-0.54,0.0,2.4,3.88,-80,0,112.8
384,42921099999,"NASIK CITY, IN",2023-05-05T00:00:00Z,21.7,1004.1,86.77,NONE,0,EDGE_PASS,19.4,-0.3,-0.07,1.76,3.88,-67,0,81.6
385,43003099999,"CHHATRAPATI SHIVAJI INTERNATIONAL, IN",2023-05-05T00:00:00Z,27.2,1007.6,81.2,NONE,0,EDGE_PASS,23.7,-0.8,0.6,2.3,3.71,-81,0,149.3
386,43057099999,"BOMBAY COLABA, IN",2023-05-05T00:00:00Z,29.28,1008.44,72.72,NONE,0,EDGE_PASS,23.88,-0.09,0.22,1.14,3.88,-82,0,82.5
387,43063099999,"PUNE, IN",2023-05-05T00:00:00Z,22.0,1008.2,83.09,NONE,0,EDGE_PASS,19.0,-0.53,0.0,2.49,3.88,-80,0,83.4
388,42921099999,"NASIK CITY, IN",2023-05-05T01:00:00Z,22.7,1004.5,83.87,NONE,0,EDGE_PASS,19.83,1.0,0.4,-2.9,3.89,-69,0,84.3
389,43003099999,"CHHATRAPATI SHIVAJI INTERNATIONAL, IN",2023-05-05T01:00:00Z,28.0,1008.0,78.9,NONE,0,EDGE_PASS,24.0,0.8,0.4,-2.3,3.71,-80,0,80.2
390,43057099999,"BOMBAY COLABA, IN",2023-05-05T01:00:00Z,29.19,1008.66,73.88,NONE,0,EDGE_PASS,24.06,-0.09,0.22,1.16,3.87,-80,1,91.4
391,43063099999,"PUNE, IN",2023-05-05T01:00:00Z,23.4,1008.43,77.92,NONE,0,EDGE_PASS,19.33,1.4,0.23,-5.17,3.87,-80,1,92.3
392,42921099999,"NASIK CITY, IN",2023-05-05T02:00:00Z,23.7,1004.9,81.09,NONE,0,EDGE_PASS,20.27,1.0,0.4,-2.78,3.88,-70,1,89.6
393,43003099999,"CHHATRAPATI SHIVAJI INTERNATIONAL, IN",2023-05-05T02:00:00Z,29.0,1008.0,74.44,NONE,0,EDGE_PASS,24.0,1.0,0.0,-4.46,3.71,-82,1,87.2
394,43057099999,"BOMBAY COLABA, IN",2023-05-05T02:00:00Z,29.09,1008.88,75.06,NONE,0,EDGE_PASS,24.22,-0.1,0.22,1.18,3.87,-78,2,129.8
395,43063099999,"PUNE, IN",2023-05-05T02:00:00Z,24.8,1008.67,73.14,NONE,0,EDGE_PASS,19.67,1.4,0.24,-4.78,3.88,-81,0,89.6
396,42921099999,"NASIK CITY, IN",2023-05-05T03:00:00Z,24.7,1005.3,78.44,NONE,0,EDGE_PASS,20.7,1.0,0.4,-2.65,3.89,-71,0,108.8
397,43003099999,"CHHATRAPATI SHIVAJI INTERNATIONAL, IN",2023-05-05T03:00:00Z,30.0,1009.0,70.27,NONE,0,EDGE_PASS,24.0,1.0,1.0,-4.17,3.72,-84,0,88.3
398,43057099999,"BOMBAY COLABA, IN",2023-05-05T03:00:00Z,29.0,1009.1,76.25,NONE,0,EDGE_PASS,24.4,-0.09,0.22,1.19,3.87,-80,0,130.5
399,43063099999,"PUNE, IN",2023-05-05T03:00:00Z,26.2,1008.9,68.7,NONE,0,EDGE_PASS,20.0,1.4,0.23,-4.44,3.88,-80,0,110.7
400,42921099999,"NASIK CITY, IN",2023-05-05T04:00:00Z,26.67,1004.83,66.42,NONE,0,EDGE_PASS,19.9,1.97,-0.47,-12.02,3.89,-73,0,91.4
401,43003099999,"CHHATRAPATI SHIVAJI INTERNATIONAL, IN",2023-05-05T04:00:00Z,30.0,1009.0,66.15,NONE,0,EDGE_PASS,23.0,0.0,0.0,-4.12,3.71,-86,0,99.5
402,43057099999,"BOMBAY COLABA, IN",2023-05-05T04:00:00Z,29.2,1008.71,74.18,NONE,0,EDGE_PASS,24.13,0.2,-0.39,-2.07,3.87,-78,0,88.1
403,43063099999,"PUNE, IN",2023-05-05T04:00:00Z,28.27,1008.13,58.02,NONE,0,EDGE_PASS,19.24,2.07,-0.77,-10.68,3.87,-79,0,82.5
404,42921099999,"NASIK CITY, IN",2023-05-05T05:00:00Z,28.63,1004.37,56.33,NONE,0,EDGE_PASS,19.1,1.96,-0.46,-10.09,3.89,-74,0,194.9
405,43003099999,"CHHATRAPATI SHIVAJI INTERNATIONAL, IN",2023-05-05T05:00:00Z,31.0,1009.0,66.35,NONE,0,EDGE_PASS,24.0,1.0,0.0,0.2,3.71,-84,0,164.7
406,43057099999,"BOMBAY COLABA, IN",2023-05-05T05:00:00Z,29.4,1008.32,72.16,NONE,0,EDGE_PASS,23.87,0.2,-0.39,-2.02,3.87,-77,0,131.1
407,43063099999,"PUNE, IN",2023-05-05T05:00:00Z,30.33,1007.37,49.08,NONE,0,EDGE_PASS,18.46,2.06,-0.76,-8.94,3.88,-79,0,107.6
408,42921099999,"NASIK CITY, IN",2023-05-05T06:00:00Z,30.6,1003.9,47.83,NONE,0,EDGE_PASS,18.3,1.97,-0.47,-8.5,3.9,-72,0,91.2
409,43003099999,"CHHATRAPATI SHIVAJI INTERNATIONAL, IN",2023-05-05T06:00:00Z,31.8,1008.9,58.97,NONE,0,EDGE_PASS,22.8,0.8,-0.1,-7.38,3.72,-83,0,126.8
410,43057099999,"BOMBAY COLABA, IN",2023-05-05T06:00:00Z,29.6,1007.93,70.19,NONE,0,EDGE_PASS,23.6,0.2,-0.39,-1.97,3.87,-79,0,96.9
411,43063099999,"PUNE, IN",2023-05-05T06:00:00Z,32.4,1006.6,41.58,NONE,0,EDGE_PASS,17.7,2.07,-0.77,-7.5,3.88,-77,0,90.0
412,42921099999,"NASIK CITY, IN",2023-05-05T07:00:00Z,30.93,1002.8,46.05,NONE,0,EDGE_PASS,18.0,0.33,-1.1,-1.78,3.9,-73,0,101.6
413,43003099999,"CHHATRAPATI SHIVAJI INTERNATIONAL, IN",2023-05-05T07:00:00Z,32.0,1008.0,59.01,NONE,0,EDGE_PASS,23.0,0.2,-0.9,0.04,3.71,-81,0,83.7
414,43057099999,"BOMBAY COLABA, IN",2023-05-05T07:00:00Z,29.8,1007.54,68.28,NONE,0,EDGE_PASS,23.33,0.2,-0.39,-1.91,3.87,-81,0,84.5
415,43063099999,"PUNE, IN",2023-05-05T07:00:00Z,33.2,1005.4,37.54,NONE,0,EDGE_PASS,16.8,0.8,-1.2,-4.04,3.89,-75,0,86.9
416,42921099999,"NASIK CITY, IN",2023-05-05T08:00:00Z,31.27,1001.7,44.34,NONE,0,EDGE_PASS,17.7,0.34,-1.1,-1.71,3.91,-74,0,80.9
417,43003099999,"CHHATRAPATI SHIVAJI INTERNATIONAL, IN",2023-05-05T08:00:00Z,31.0,1008.0,62.47,NONE,0,EDGE_PASS,23.0,-1.0,0.0,3.46,3.71,-81,0,81.2
418,43057099999,"BOMBAY COLABA, IN",2023-05-05T08:00:00Z,30.0,1007.16,66.42,NONE,0,EDGE_PASS,23.07,0.2,-0.38,-1.86,3.87,-83,0,97.1
419,43063099999,"PUNE, IN",2023-05-05T08:00:00Z,34.0,1004.2,33.9,NONE,0,EDGE_PASS,15.9,0.8,-1.2,-3.64,3.89,-75,0,86.4
420,42921099999,"NASIK CITY, IN",2023-05-05T09:00:00Z,31.6,1000.6,42.69,NONE,0,EDGE_PASS,17.4,0.33,-1.1,-1.65,3.9,-76,0,99.3
421,43003099999,"CHHATRAPATI SHIVAJI INTERNATIONAL, IN",2023-05-05T09:00:00Z,31.0,1006.0,58.78,NONE,0,EDGE_PASS,22.0,0.0,-2.0,-3.69,3.7,-80,0,84.0
422,43057099999,"BOMBAY COLABA, IN",2023-05-05T09:00:00Z,30.2,1006.77,64.61,NONE,0,EDGE_PASS,22.8,0.2,-0.39,-1.81,3.87,-83,0,85.7
423,43063099999,"PUNE, IN",2023-05-05T09:00:00Z,34.8,1003.0,30.6,NONE,0,EDGE_PASS,15.0,0.8,-1.2,-3.3,3.89,-76,0,110.8
424,42921099999,"NASIK CITY, IN",2023-05-05T10:00:00Z,30.8,1000.33,46.31,NONE,0,EDGE_PASS,17.97,-0.8,-0.27,3.62,3.91,-74,0,81.2
425,43003099999,"CHHATRAPATI SHIVAJI INTERNATIONAL, IN",2023-05-05T10:00:00Z,32.0,1005.0,52.23,NONE,0,EDGE_PASS,21.0,1.0,-1.0,-6.55,3.7,-80,0,88.1
426,43057099999,"BOMBAY COLABA, IN",2023-05-05T10:00:00Z,30.4,1006.38,62.84,NONE,0,EDGE_PASS,22.53,0.2,-0.39,-1.77,3.86,-83,0,109.2
427,43063099999,"PUNE, IN",2023-05-05T10:00:00Z,33.4,1003.2,35.81,NONE,0,EDGE_PASS,16.23,-1.4,0.2,5.21,3.89,-76,0,78.7
428,42921099999,"NASIK CITY, IN",2023-05-05T11:00:00Z,30.0,1000.07,50.24,NONE,0,EDGE_PASS,18.53,-0.8,-0.26,3.93,3.91,-72,0,79.0
429,43003099999,"CHHATRAPATI SHIVAJI INTERNATIONAL, IN",2023-05-05T11:00:00Z,31.0,1005.0,58.78,NONE,0,EDGE_PASS,22.0,-1.0,0.0,6.55,3.69,-80,0,81.4
430,43057099999,"BOMBAY COLABA, IN",2023-05-05T11:00:00Z,30.6,1005.99,61.13,NONE,0,EDGE_PASS,22.27,0.2,-0.39,-1.71,3.86,-82,0,79.2
431,43063099999,"PUNE, IN",2023-05-05T11:00:00Z,32.0,1003.4,41.91,NONE,0,EDGE_PASS,17.47,-1.4,0.2,6.1,3.88,-74,0,78.1
432,42921099999,"NASIK CITY, IN",2023-05-05T12:00:00Z,29.2,999.8,54.51,NONE,0,EDGE_PASS,19.1,-0.8,-0.27,4.27,3.91,-74,0,80.6
433,43003099999,"CHHATRAPATI SHIVAJI INTERNATIONAL, IN",2023-05-05T12:00:00Z,31.4,1005.5,63.31,NONE,0,EDGE_PASS,23.6,0.4,0.5,4.53,3.69,-82,0,84.6
434,43057099999,"BOMBAY COLABA, IN",2023-05-05T12:00:00Z,30.8,1005.6,59.46,NONE,0,EDGE_PASS,22.0,0.2,-0.39,-1.67,3.86,-83,0,82.5
435,43063099999,"PUNE, IN",2023-05-05T12:00:00Z,30.6,1003.6,49.05,NONE,0,EDGE_PASS,18.7,-1.4,0.2,7.14,3.88,-73,0,81.9
436,42921099999,"NASIK CITY, IN",2023-05-05T13:00:00Z,28.0,1001.1,59.55,NONE,0,EDGE_PASS,19.4,-1.2,1.3,5.04,3.9,-74,0,113.9
437,43003099999,"CHHATRAPATI SHIVAJI INTERNATIONAL, IN",2023-05-05T13:00:00Z,30.0,1006.0,70.27,NONE,0,EDGE_PASS,24.0,-1.4,0.5,6.96,3.7,-83,0,148.3
438,43057099999,"BOMBAY COLABA, IN",2023-05-05T13:00:00Z,30.69,1005.87,60.09,NONE,0,EDGE_PASS,22.07,-0.11,0.27,0.63,3.86,-82,0,89.6
439,43063099999,"PUNE, IN",2023-05-05T13:00:00Z,29.4,1004.9,53.54,NONE,0,EDGE_PASS,19.0,-1.2,1.3,4.49,3.88,-72,0,98.5
440,42921099999,"NASIK CITY, IN",2023-05-05T14:00:00Z,26.8,1002.4,65.09,NONE,0,EDGE_PASS,19.7,-1.2,1.3,5.54,3.89,-73,0,79.9
441,43003099999,"CHHATRAPATI SHIVAJI INTERNATIONAL, IN",2023-05-05T14:00:00Z,29.0,1007.0,74.44,NONE,0,EDGE_PASS,24.0,-1.0,1.0,4.17,3.7,-82,0,79.9
442,43057099999,"BOMBAY COLABA, IN",2023-05-05T14:00:00Z,30.59,1006.13,60.73,NONE,0,EDGE_PASS,22.15,-0.1,0.26,0.64,3.86,-80,0,81.4
443,43063099999,"PUNE, IN",2023-05-05T14:00:00Z,28.2,1006.2,58.49,NONE,0,EDGE_PASS,19.3,-1.2,1.3,4.95,3.89,-70,0,79.9
444,42921099999,"NASIK CITY, IN",2023-05-05T15:00:00Z,25.6,1003.7,71.19,NONE,0,EDGE_PASS,20.0,-1.2,1.3,6.1,3.9,-74,0,116.9
445,43003099999,"CHHATRAPATI SHIVAJI INTERNATIONAL, IN",2023-05-05T15:00:00Z,29.4,1007.8,68.48,NONE,0,EDGE_PASS,23.0,0.4,0.8,-5.96,3.71,-82,0,87.0
446,43057099999,"BOMBAY COLABA, IN",2023-05-05T15:00:00Z,30.48,1006.4,61.37,NONE,0,EDGE_PASS,22.22,-0.11,0.27,0.64,3.87,-79,0,79.1
447,43063099999,"PUNE, IN",2023-05-05T15:00:00Z,27.0,1007.5,63.93,NONE,0,EDGE_PASS,19.6,-1.2,1.3,5.44,3.89,-71,0,83.1
448,42921099999,"NASIK CITY, IN",2023-05-05T16:00:00Z,25.4,1003.97,69.55,NONE,0,EDGE_PASS,19.43,-0.2,0.27,-1.64,3.89,-76,0,78.7
449,43003099999,"CHHATRAPATI SHIVAJI INTERNATIONAL, IN",2023-05-05T16:00:00Z,29.0,1008.0,74.44,NONE,0,EDGE_PASS,24.0,-0.4,0.2,5.96,3.71,-83,0,78.5
450,43057099999,"BOMBAY COLABA, IN",2023-05-05T16:00:00Z,30.37,1006.67,62.03,NONE,0,EDGE_PASS,22.29,-0.11,0.27,0.66,3.86,-79,0,80.1
451,43063099999,"PUNE, IN",2023-05-05T16:00:00Z,26.4,1007.8,65.68,NONE,0,EDGE_PASS,19.47,-0.6,0.3,1.75,3.89,-69,0,78.7
452,42921099999,"NASIK CITY, IN",2023-05-05T17:00:00Z,25.2,1004.23,67.94,NONE,0,EDGE_PASS,18.87,-0.2,0.26,-1.61,3.9,-74,0,106.8
453,43003099999,"CHHATRAPATI SHIVAJI INTERNATIONAL, IN",2023-05-05T17:00:00Z,29.0,1009.0,74.44,NONE,0,EDGE_PASS,24.0,0.0,1.0,0.0,3.71,-81,0,82.2
454,43057099999,"BOMBAY COLABA, IN",2023-05-05T17:00:00Z,30.27,1006.93,62.69,NONE,0,EDGE_PASS,22.37,-0.1,0.26,0.66,3.86,-78,0,77.9
455,43063099999,"PUNE, IN",2023-05-05T17:00:00Z,25.8,1008.1,67.5,NONE,0,EDGE_PASS,19.33,-0.6,0.3,1.82,3.89,-67,0,104.1
456,42921099999,"NASIK CITY, IN",2023-05-05T18:00:00Z,25.0,1004.5,66.36,NONE,0,EDGE_PASS,18.3,-0.2,0.27,-1.58,3.91,-74,0,77.8
457,43003099999,"CHHATRAPATI SHIVAJI INTERNATIONAL, IN",2023-05-05T18:00:00Z,28.8,1009.0,72.2,NONE,0,EDGE_PASS,23.3,-0.2,0.0,-2.24,3.7,-81,0,82.2
458,43057099999,"BOMBAY COLABA, IN",2023-05-05T18:00:00Z,30.16,1007.2,63.36,NONE,0,EDGE_PASS,22.44,-0.11,0.27,0.67,3.85,-80,0,80.6
459,43063099999,"PUNE, IN",2023-05-05T18:00:00Z,25.2,1008.4,69.37,NONE,0,EDGE_PASS,19.2,-0.6,0.3,1.87,3.9,-69,0,77.8
460,42921099999,"NASIK CITY, IN",2023-05-05T19:00:00Z,24.53,1004.07,69.39,NONE,0,EDGE_PASS,18.56,-0.47,-0.43,3.03,3.9,-72,0,98.0
461,43003099999,"CHHATRAPATI SHIVAJI INTERNATIONAL, IN",2023-05-05T19:00:00Z,29.0,1008.0,74.44,NONE,0,EDGE_PASS,24.0,0.2,-1.0,2.24,3.71,-80,0,78.0
462,43057099999,"BOMBAY COLABA, IN",2023-05-05T19:00:00Z,30.05,1007.47,64.03,NONE,0,EDGE_PASS,22.51,-0.11,0.27,0.67,3.86,-82,0,78.7
463,43063099999,"PUNE, IN",2023-05-05T19:00:00Z,24.8,1008.03,71.49,NONE,0,EDGE_PASS,19.3,-0.4,-0.37,2.12,3.89,-67,0,78.4
464,42921099999,"NASIK CITY, IN",2023-05-05T20:00:00Z,24.07,1003.63,72.56,NONE,0,EDGE_PASS,18.84,-0.46,-0.44,3.17,3.9,-72,0,85.6
465,43003099999,"CHHATRAPATI SHIVAJI INTERNATIONAL, IN",2023-05-05T20:00:00Z,29.0,1008.0,74.44,NONE,0,EDGE_PASS,24.0,0.0,0.0,0.0,3.7,-80,0,83.4
466,43057099999,"BOMBAY COLABA, IN",2023-05-05T20:00:00Z,29.95,1007.73,64.71,NONE,0,EDGE_PASS,22.59,-0.1,0.26,0.68,3.85,-80,0,87.0
467,43063099999,"PUNE, IN",2023-05-05T20:00:00Z,24.4,1007.67,73.68,NONE,0,EDGE_PASS,19.4,-0.4,-0.36,2.19,3.89,-66,0,77.6
468,42921099999,"NASIK CITY, IN",2023-05-05T21:00:00Z,23.6,1003.2,75.88,NONE,0,EDGE_PASS,19.1,-0.47,-0.43,3.32,3.9,-73,0,84.8
469,43003099999,"CHHATRAPATI SHIVAJI INTERNATIONAL, IN",2023-05-05T21:00:00Z,28.0,1007.4,77.49,NONE,0,EDGE_PASS,23.7,-1.0,-0.6,3.05,3.7,-81,0,82.8
470,43057099999,"BOMBAY COLABA, IN",2023-05-05T21:00:00Z,29.84,1008.0,65.4,NONE,0,EDGE_PASS,22.66,-0.11,0.27,0.69,3.85,-78,0,76.9
471,43063099999,"PUNE, IN",2023-05-05T21:00:00Z,24.0,1007.3,75.94,NONE,0,EDGE_PASS,19.5,-0.4,-0.37,2.26,3.9,-67,0,290.7
472,42921099999,"NASIK CITY, IN",2023-05-05T22:00:00Z,23.27,1003.43,79.7,NONE,0,EDGE_PASS,19.57,-0.33,0.23,3.82,3.91,-75,0,170.1
473,43003099999,"CHHATRAPATI SHIVAJI INTERNATIONAL, IN",2023-05-05T22:00:00Z,28.0,1007.0,78.9,NONE,0,EDGE_PASS,24.0,0.0,-0.4,1.41,3.7,-81,0,123.2
474,43057099999,"BOMBAY COLABA, IN",2023-05-05T22:00:00Z,29.73,1008.27,66.1,NONE,0,EDGE_PASS,22.73,-0.11,0.27,0.7,3.85,-79,0,82.9
475,43063099999,"PUNE, IN",2023-05-05T22:00:00Z,23.53,1007.53,78.27,NONE,0,EDGE_PASS,19.53,-0.47,0.23,2.33,3.9,-66,0,79.7
476,42921099999,"NASIK CITY, IN",2023-05-05T23:00:00Z,22.93,1003.67,83.72,NONE,0,EDGE_PASS,20.03,-0.34,0.24,4.02,3.9,-74,0,90.2
477,43003099999,"CHHATRAPATI SHIVAJI INTERNATIONAL, IN",2023-05-05T23:00:00Z,28.0,1007.0,78.9,NONE,0,EDGE_PASS,24.0,0.0,0.0,0.0,3.71,-79,0,97.6
478,43057099999,"BOMBAY COLABA, IN",2023-05-05T23:00:00Z,29.63,1008.53,66.8,NONE,0,EDGE_PASS,22.81,-0.1,0.26,0.7,3.86,-77,0,83.8
479,43063099999,"PUNE, IN",2023-05-05T23:00:00Z,23.07,1007.77,80.67,NONE,0,EDGE_PASS,19.57,-0.46,0.24,2.4,3.9,-65,0,78.3
480,42921099999,"NASIK CITY, IN",2023-05-06T00:00:00Z,22.6,1003.9,87.93,NONE,0,EDGE_PASS,20.5,-0.33,0.23,4.21,3.9,-74,0,83.4
481,43003099999,"CHHATRAPATI SHIVAJI INTERNATIONAL, IN",2023-05-06T00:00:00Z,26.6,1007.4,82.61,NONE,0,EDGE_PASS,23.4,-1.4,0.4,3.71,3.71,-79,0,79.2
482,43057099999,"BOMBAY COLABA, IN",2023-05-06T00:00:00Z,29.52,1008.8,67.51,FROZEN,0,EDGE_PASS,22.88,-0.11,0.27,0.71,3.86,-76,0,89.3
483,43063099999,"PUNE, IN",2023-05-06T00:00:00Z,22.6,1008.0,83.16,NONE,0,EDGE_PASS,19.6,-0.47,0.23,2.49,3.9,-65,0,78.8
484,42921099999,"NASIK CITY, IN",2023-05-06T01:00:00Z,23.13,1004.4,86.01,NONE,0,EDGE_PASS,20.66,0.53,0.5,-1.92,3.9,-75,0,78.1
485,43003099999,"CHHATRAPATI SHIVAJI INTERNATIONAL, IN",2023-05-06T01:00:00Z,28.0,1008.0,78.9,NONE,0,EDGE_PASS,24.0,1.4,0.6,-3.71,3.7,-79,0,79.8
486,43057099999,"BOMBAY COLABA, IN",2023-05-06T01:00:00Z,29.52,1009.07,68.23,FROZEN,0,EDGE_PASS,23.05,0.0,0.27,0.72,3.86,-76,0,82.1
487,43063099999,"PUNE, IN",2023-05-06T01:00:00Z,23.67,1008.37,78.94,NONE,0,EDGE_PASS,19.8,1.07,0.37,-4.22,3.9,-65,0,77.5
488,42921099999,"NASIK CITY, IN",2023-05-06T02:00:00Z,23.67,1004.9,84.15,NONE,0,EDGE_PASS,20.84,0.54,0.5,-1.86,3.9,-73,0,79.5
489,43003099999,"CHHATRAPATI SHIVAJI INTERNATIONAL, IN",2023-05-06T02:00:00Z,29.0,1009.0,74.44,NONE,0,EDGE_PASS,24.0,1.0,1.0,-4.46,3.71,-80,0,91.7
490,43057099999,"BOMBAY COLABA, IN",2023-05-06T02:00:00Z,29.52,1009.33,68.96,FROZEN,0,EDGE_PASS,23.23,0.0,0.26,0.73,3.87,-77,0,77.6
491,43063099999,"PUNE, IN",2023-05-06T02:00:00Z,24.73,1008.73,74.97,NONE,0,EDGE_PASS,20.0,1.06,0.36,-3.97,3.9,-65,0,87.7
492,42921099999,"NASIK CITY, IN",2023-05-06T03:00:00Z,24.2,1005.4,82.33,NONE,0,EDGE_PASS,21.0,0.53,0.5,-1.82,3.89,-72,0,77.7
493,43003099999,"CHHATRAPATI SHIVAJI INTERNATIONAL, IN",2023-05-06T03:00:00Z,29.8,1009.6,67.32,NONE,0,EDGE_PASS,23.1,0.8,0.6,-7.12,3.71,-80,0,88.7
494,43057099999,"BOMBAY COLABA, IN",2023-05-06T03:00:00Z,29.52,1009.6,69.7,FROZEN,0,EDGE_PASS,23.41,0.0,0.27,0.74,3.87,-79,0,78.0
495,43063099999,"PUNE, IN",2023-05-06T03:00:00Z,25.8,1009.1,71.23,NONE,0,EDGE_PASS,20.2,1.07,0.37,-3.74,3.9,-65,0,81.6
496,42921099999,"NASIK CITY, IN",2023-05-06T04:00:00Z,26.47,1004.93,71.79,NONE,0,EDGE_PASS,20.97,2.27,-0.47,-10.54,3.89,-70,0,78.3
497,43003099999,"CHHATRAPATI SHIVAJI INTERNATIONAL, IN",2023-05-06T04:00:00Z,30.0,1010.0,62.25,NONE,0,EDGE_PASS,22.0,0.2,0.4,-5.07,3.7,-79,0,81.9
498,43057099999,"BOMBAY COLABA, IN",2023-05-06T04:00:00Z,29.52,1008.77,65.67,FROZEN,0,EDGE_PASS,22.42,0.0,-0.83,-4.03,3.86,-78,0,77.6
499,43063099999,"PUNE, IN",2023-05-06T04:00:00Z,27.73,1008.5,62.0,NONE,0,EDGE_PASS,19.8,1.93,-0.6,-9.23,3.9,-65,0,80.1
500,42921099999,"NASIK CITY, IN",2023-05-06T05:00:00Z,28.73,1004.47,62.74,NONE,0,EDGE_PASS,20.93,2.26,-0.46,-9.05,3.89,-70,0,82.6
501,43003099999,"CHHATRAPATI SHIVAJI INTERNATIONAL, IN",2023-05-06T05:00:00Z,31.0,1010.0,66.35,NONE,0,EDGE_PASS,24.0,1.0,0.0,4.1,3.71,-77,0,78.9
502,43057099999,"BOMBAY COLABA, IN",2023-05-06T05:00:00Z,29.52,1007.93,61.91,FROZEN,0,EDGE_PASS,21.46,0.0,-0.84,-3.76,3.86,-77,0,79.0
503,43063099999,"PUNE, IN",2023-05-06T05:00:00Z,29.67,1007.9,54.06,NONE,0,EDGE_PASS,19.4,1.94,-0.6,-7.94,3.91,-65,0,81.6
504,42921099999,"NASIK CITY, IN",2023-05-06T06:00:00Z,31.0,1004.0,54.95,NONE,0,EDGE_PASS,20.9,2.27,-0.47,-7.79,3.89,-70,0,81.1
505,43003099999,"CHHATRAPATI SHIVAJI INTERNATIONAL, IN",2023-05-06T06:00:00Z,31.0,1009.0,66.35,NONE,0,EDGE_PASS,24.0,0.0,-1.0,0.0,3.71,-78,0,84.5
506,43057099999,"BOMBAY COLABA, IN",2023-05-06T06:00:00Z,29.52,1007.1,58.39,FROZEN,0,EDGE_PASS,20.51,0.0,-0.83,-3.52,3.85,-76,0,126.8
507,43063099999,"PUNE, IN",2023-05-06T06:00:00Z,31.6,1007.3,47.2,NONE,0,EDGE_PASS,19.0,1.93,-0.6,-6.86,3.91,-67,0,129.6
508,42921099999,"NASIK CITY, IN",2023-05-06T07:00:00Z,31.33,1003.23,52.76,NONE,0,EDGE_PASS,20.55,0.33,-0.77,-2.19,3.9,-70,0,81.3
509,43003099999,"CHHATRAPATI SHIVAJI INTERNATIONAL, IN",2023-05-06T07:00:00Z,32.0,1009.0,62.68,NONE,0,EDGE_PASS,24.0,1.0,0.0,-3.67,3.71,-78,0,80.0
510,43057099999,"BOMBAY COLABA, IN",2023-05-06T07:00:00Z,29.52,1006.88,58.58,FROZEN,0,EDGE_PASS,20.56,0.0,-0.22,0.19,3.84,-75,1,149.6
511,43063099999,"PUNE, IN",2023-05-06T07:00:00Z,32.53,1006.07,43.21,NONE,0,EDGE_PASS,18.43,0.93,-1.23,-3.99,3.92,-67,1,87.7
512,42921099999,"NASIK CITY, IN",2023-05-06T08:00:00Z,31.67,1002.47,50.67,NONE,0,EDGE_PASS,20.2,0.34,-0.76,-2.09,3.9,-68,1,124.1
513,43003099999,"CHHATRAPATI SHIVAJI INTERNATIONAL, IN",2023-05-06T08:00:00Z,32.0,1008.0,62.68,NONE,0,EDGE_PASS,24.0,0.0,-1.0,0.0,3.72,-77,1,152.8
514,43057099999,"BOMBAY COLABA, IN",2023-05-06T08:00:00Z,29.52,1006.67,58.77,FROZEN,0,EDGE_PASS,20.61,0.0,-0.21,0.19,3.85,-75,2,111.8
515,43063099999,"PUNE, IN",2023-05-06T08:00:00Z,33.47,1004.83,39.57,NONE,0,EDGE_PASS,17.87,0.94,-1.24,-3.64,3.93,-67,0,121.4
516,42921099999,"NASIK CITY, IN",2023-05-06T09:00:00Z,32.0,1001.7,48.65,NONE,0,EDGE_PASS,19.85,0.33,-0.77,-2.02,3.9,-69,0,94.1
517,43003099999,"CHHATRAPATI SHIVAJI INTERNATIONAL, IN",2023-05-06T09:00:00Z,32.6,1007.1,59.51,NONE,0,EDGE_PASS,23.7,0.6,-0.9,-3.17,3.72,-75,0,99.1
518,43057099999,"BOMBAY COLABA, IN",2023-05-06T09:00:00Z,29.52,1006.45,58.97,FROZEN,0,EDGE_PASS,20.67,0.0,-0.22,0.2,3.85,-75,0,147.0
519,43063099999,"PUNE, IN",2023-05-06T09:00:00Z,34.4,1003.6,36.23,NONE,0,EDGE_PASS,17.3,0.93,-1.23,-3.34,3.93,-67,0,78.8
520,42921099999,"NASIK CITY, IN",2023-05-06T10:00:00Z,32.33,1000.93,46.71,NONE,0,EDGE_PASS,19.5,0.33,-0.77,-1.94,3.9,-67,0,77.7
521,43003099999,"CHHATRAPATI SHIVAJI INTERNATIONAL, IN",2023-05-06T10:00:00Z,32.0,1006.0,62.68,NONE,0,EDGE_PASS,24.0,-0.6,-1.1,3.17,3.72,-76,0,85.9
522,43057099999,"BOMBAY COLABA, IN",2023-05-06T10:00:00Z,29.52,1006.23,59.16,FROZEN,0,EDGE_PASS,20.72,0.0,-0.22,0.19,3.84,-74,0,76.8
523,43063099999,"PUNE, IN",2023-05-06T10:00:00Z,33.8,1003.37,39.74,NONE,0,EDGE_PASS,18.23,-0.6,-0.23,3.51,3.94,-69,0,76.3
524,42921099999,"NASIK CITY, IN",2023-05-06T11:00:00Z,32.67,1000.17,44.85,NONE,0,EDGE_PASS,19.15,0.34,-0.76,-1.86,3.9,-69,0,85.6
525,43003099999,"CHHATRAPATI SHIVAJI INTERNATIONAL, IN",2023-05-06T11:00:00Z,32.0,1006.0,55.53,NONE,0,EDGE_PASS,22.0,0.0,0.0,-7.15,3.72,-74,0,76.5
526,43057099999,"BOMBAY COLABA, IN",2023-05-06T11:00:00Z,29.52,1006.02,59.35,FROZEN,0,EDGE_PASS,20.77,0.0,-0.21,0.19,3.83,-73,0,78.9
527,43063099999,"PUNE, IN",2023-05-06T11:00:00Z,33.2,1003.13,43.57,NONE,0,EDGE_PASS,19.17,-0.6,-0.24,3.83,3.93,-69,0,110.9
528,42921099999,"NASIK CITY, IN",2023-05-06T12:00:00Z,33.0,999.4,43.07,NONE,0,EDGE_PASS,18.8,0.33,-0.77,-1.78,3.9,-68,0,76.1
529,43003099999,"CHHATRAPATI SHIVAJI INTERNATIONAL, IN",2023-05-06T12:00:00Z,31.4,1005.6,54.04,NONE,0,EDGE_PASS,21.0,-0.6,-0.4,-1.49,3.72,-76,0,79.4
530,43057099999,"BOMBAY COLABA, IN",2023-05-06T12:00:00Z,31.2,1005.8,59.55,NONE,8,EDGE_ERR_SENSOR_FROZEN,22.4,1.68,-0.22,0.2,3.82,-75,0,99.9
531,43063099999,"PUNE, IN",2023-05-06T12:00:00Z,32.6,1002.9,47.76,NONE,0,EDGE_PASS,20.1,-0.6,-0.23,4.19,3.93,-68,0,76.3
532,42921099999,"NASIK CITY, IN",2023-05-06T13:00:00Z,31.53,1000.4,45.35,NONE,0,EDGE_PASS,18.3,-1.47,1.0,2.28,3.91,-67,0,75.8
533,43003099999,"CHHATRAPATI SHIVAJI INTERNATIONAL, IN",2023-05-06T13:00:00Z,30.0,1006.0,66.15,NONE,0,EDGE_PASS,23.0,-1.4,0.4,12.11,3.73,-77,0,97.8
534,43057099999,"BOMBAY COLABA, IN",2023-05-06T13:00:00Z,31.08,1006.09,60.4,NONE,0,EDGE_PASS,22.52,-0.12,0.29,0.85,3.81,-73,0,122.9
535,43063099999,"PUNE, IN",2023-05-06T13:00:00Z,31.07,1004.27,51.78,NONE,0,EDGE_PASS,20.0,-1.53,1.37,4.02,3.93,-70,0,98.9
536,42921099999,"NASIK CITY, IN",2023-05-06T14:00:00Z,30.07,1001.4,47.79,NONE,0,EDGE_PASS,17.8,-1.46,1.0,2.44,3.91,-67,0,78.5
537,43003099999,"CHHATRAPATI SHIVAJI INTERNATIONAL, IN",2023-05-06T14:00:00Z,30.0,1007.0,66.15,NONE,0,EDGE_PASS,23.0,0.0,1.0,0.0,3.72,-79,0,75.8
538,43057099999,"BOMBAY COLABA, IN",2023-05-06T14:00:00Z,30.96,1006.37,61.26,NONE,0,EDGE_PASS,22.64,-0.12,0.28,0.86,3.82,-72,0,110.4
539,43063099999,"PUNE, IN",2023-05-06T14:00:00Z,29.53,1005.63,56.19,NONE,0,EDGE_PASS,19.9,-1.54,1.36,4.41,3.92,-69,0,88.4
540,42921099999,"NASIK CITY, IN",2023-05-06T15:00:00Z,28.6,1002.4,50.4,NONE,0,EDGE_PASS,17.3,-1.47,1.0,2.61,3.9,-69,0,84.4
541,43003099999,"CHHATRAPATI SHIVAJI INTERNATIONAL, IN",2023-05-06T15:00:00Z,29.6,1007.1,67.28,NONE,0,EDGE_PASS,22.9,-0.4,0.1,1.13,3.72,-77,0,163.6
542,43057099999,"BOMBAY COLABA, IN",2023-05-06T15:00:00Z,30.84,1006.66,62.13,NONE,0,EDGE_PASS,22.76,-0.12,0.29,0.87,3.81,-72,0,90.0
543,43063099999,"PUNE, IN",2023-05-06T15:00:00Z,28.0,1007.0,61.05,NONE,0,EDGE_PASS,19.8,-1.53,1.37,4.86,3.93,-67,0,88.3
544,42921099999,"NASIK CITY, IN",2023-05-06T16:00:00Z,27.63,1003.03,52.77,NONE,0,EDGE_PASS,17.13,-0.97,0.63,2.37,3.89,-70,0,84.9
545,43003099999,"CHHATRAPATI SHIVAJI INTERNATIONAL, IN",2023-05-06T16:00:00Z,30.0,1008.0,66.15,NONE,0,EDGE_PASS,23.0,0.4,0.9,-1.13,3.72,-78,0,91.1
546,43057099999,"BOMBAY COLABA, IN",2023-05-06T16:00:00Z,30.72,1006.95,63.02,NONE,0,EDGE_PASS,22.88,-0.12,0.29,0.89,3.8,-72,0,111.5
547,43063099999,"PUNE, IN",2023-05-06T16:00:00Z,27.6,1007.33,64.46,NONE,0,EDGE_PASS,20.3,-0.4,0.33,3.41,3.93,-65,0,92.8
548,42921099999,"NASIK CITY, IN",2023-05-06T17:00:00Z,26.67,1003.67,55.26,NONE,0,EDGE_PASS,16.97,-0.96,0.64,2.49,3.88,-69,0,138.1
549,43003099999,"CHHATRAPATI SHIVAJI INTERNATIONAL, IN",2023-05-06T17:00:00Z,29.0,1009.0,74.44,NONE,0,EDGE_PASS,24.0,-1.0,1.0,8.29,3.71,-77,0,108.3
550,43057099999,"BOMBAY COLABA, IN",2023-05-06T17:00:00Z,30.6,1007.23,63.91,NONE,0,EDGE_PASS,23.0,-0.12,0.28,0.89,3.8,-72,0,91.4
551,43063099999,"PUNE, IN",2023-05-06T17:00:00Z,27.2,1007.67,68.05,NONE,0,EDGE_PASS,20.8,-0.4,0.34,3.59,3.93,-66,0,84.9
552,42921099999,"NASIK CITY, IN",2023-05-06T18:00:00Z,25.7,1004.3,57.9,NONE,0,EDGE_PASS,16.8,-0.97,0.63,2.64,3.88,-69,0,81.6
553,43003099999,"CHHATRAPATI SHIVAJI INTERNATIONAL, IN",2023-05-06T18:00:00Z,29.0,1008.0,74.44,NONE,0,EDGE_PASS,24.0,0.0,-1.0,0.0,3.71,-75,0,82.6
554,43057099999,"BOMBAY COLABA, IN",2023-05-06T18:00:00Z,30.48,1007.52,64.82,NONE,0,EDGE_PASS,23.12,-0.12,0.29,0.91,3.8,-70,0,85.7
555,43063099999,"PUNE, IN",2023-05-06T18:00:00Z,26.8,1008.0,71.85,NONE,0,EDGE_PASS,21.3,-0.4,0.33,3.8,3.93,-66,0,83.6
556,42921099999,"NASIK CITY, IN",2023-05-06T19:00:00Z,25.13,1003.97,59.88,NONE,0,EDGE_PASS,16.8,-0.57,-0.33,1.98,3.88,-71,0,81.0
557,43003099999,"CHHATRAPATI SHIVAJI INTERNATIONAL, IN",2023-05-06T19:00:00Z,29.0,1008.0,79.04,NONE,0,EDGE_PASS,25.0,0.0,0.0,4.6,3.72,-76,0,85.5
558,43057099999,"BOMBAY COLABA, IN",2023-05-06T19:00:00Z,30.36,1007.81,65.75,NONE,0,EDGE_PASS,23.24,-0.12,0.29,0.93,3.79,-69,0,77.5
559,43063099999,"PUNE, IN",2023-05-06T19:00:00Z,26.33,1007.73,73.4,NONE,0,EDGE_PASS,21.2,-0.47,-0.27,1.55,3.93,-65,0,95.1
560,42921099999,"NASIK CITY, IN",2023-05-06T20:00:00Z,24.57,1003.63,61.95,NONE,0,EDGE_PASS,16.8,-0.56,-0.34,2.07,3.88,-73,0,82.8
561,43003099999,"CHHATRAPATI SHIVAJI INTERNATIONAL, IN",2023-05-06T20:00:00Z,29.0,1008.0,79.04,NONE,0,EDGE_PASS,25.0,0.0,0.0,0.0,3.72,-77,0,82.6
562,43057099999,"BOMBAY COLABA, IN",2023-05-06T20:00:00Z,30.24,1008.09,66.68,NONE,0,EDGE_PASS,23.36,-0.12,0.28,0.93,3.79,-71,0,77.2
563,43063099999,"PUNE, IN",2023-05-06T20:00:00Z,25.87,1007.47,74.99,NONE,0,EDGE_PASS,21.1,-0.46,-0.26,1.59,3.93,-65,0,81.4
564,42921099999,"NASIK CITY, IN",2023-05-06T21:00:00Z,24.0,1003.3,64.09,NONE,0,EDGE_PASS,16.8,-0.57,-0.33,2.14,3.89,-71,0,76.5
565,43003099999,"CHHATRAPATI SHIVAJI INTERNATIONAL, IN",2023-05-06T21:00:00Z,28.8,1007.4,74.86,NONE,0,EDGE_PASS,23.9,-0.2,-0.6,-4.18,3.73,-79,0,76.7
566,43057099999,"BOMBAY COLABA, IN",2023-05-06T21:00:00Z,30.12,1008.38,67.63,NONE,0,EDGE_PASS,23.48,-0.12,0.29,0.95,3.78,-69,0,94.0
567,43063099999,"PUNE, IN",2023-05-06T21:00:00Z,25.4,1007.2,76.63,NONE,0,EDGE_PASS,21.0,-0.47,-0.27,1.64,3.93,-65,0,120.1
568,42921099999,"NASIK CITY, IN",2023-05-06T22:00:00Z,23.5,1003.53,69.33,NONE,0,EDGE_PASS,17.57,-0.5,0.23,5.24,3.9,-71,0,110.0
569,43003099999,"CHHATRAPATI SHIVAJI INTERNATIONAL, IN",2023-05-06T22:00:00Z,29.0,1007.0,79.04,NONE,0,EDGE_PASS,25.0,0.2,-0.4,4.18,3.73,-77,0,104.8
570,43057099999,"BOMBAY COLABA, IN",2023-05-06T22:00:00Z,30.0,1008.67,68.6,NONE,0,EDGE_PASS,23.6,-0.12,0.29,0.97,3.78,-67,0,77.5
571,43063099999,"PUNE, IN",2023-05-06T22:00:00Z,25.07,1007.53,78.97,NONE,0,EDGE_PASS,21.17,-0.33,0.33,2.34,3.93,-65,0,85.9
572,42921099999,"NASIK CITY, IN",2023-05-06T23:00:00Z,23.0,1003.77,74.99,NONE,0,EDGE_PASS,18.33,-0.5,0.24,5.66,3.89,-69,0,81.4
573,43003099999,"CHHATRAPATI SHIVAJI INTERNATIONAL, IN",2023-05-06T23:00:00Z,29.0,1007.0,79.04,NONE,0,EDGE_PASS,25.0,0.0,0.0,0.0,3.73,-77,0,77.1
574,43057099999,"BOMBAY COLABA, IN",2023-05-06T23:00:00Z,29.88,1008.95,69.57,NONE,0,EDGE_PASS,23.72,-0.12,0.28,0.97,3.79,-67,0,79.5
575,43063099999,"PUNE, IN",2023-05-06T23:00:00Z,24.73,1007.87,81.39,NONE,0,EDGE_PASS,21.33,-0.34,0.34,2.42,3.92,-65,0,75.3
576,42921099999,"NASIK CITY, IN",2023-05-07T00:00:00Z,22.5,1004.0,81.1,NONE,0,EDGE_PASS,19.1,-0.5,0.23,6.11,3.9,-70,0,76.8
577,43003099999,"CHHATRAPATI SHIVAJI INTERNATIONAL, IN",2023-05-07T00:00:00Z,28.6,1007.8,73.49,NONE,0,EDGE_PASS,23.4,-0.4,0.8,-5.55,3.73,-79,0,75.8
578,43057099999,"BOMBAY COLABA, IN",2023-05-07T00:00:00Z,29.76,1009.24,70.56,NONE,0,EDGE_PASS,23.84,-0.12,0.29,0.99,3.79,-68,0,81.6
579,43063099999,"PUNE, IN",2023-05-07T00:00:00Z,24.4,1008.2,83.88,NONE,0,EDGE_PASS,21.5,-0.33,0.33,2.49,3.91,-65,0,94.9
580,42921099999,"NASIK CITY, IN",2023-05-07T01:00:00Z,23.5,1004.57,79.41,NONE,0,EDGE_PASS,19.73,1.0,0.57,-1.69,3.9,-69,0,77.1
581,43003099999,"CHHATRAPATI SHIVAJI INTERNATIONAL, IN",2023-05-07T01:00:00Z,29.0,1008.0,74.44,NONE,0,EDGE_PASS,24.0,0.4,0.2,0.95,3.73,-81,0,75.7
582,43057099999,"BOMBAY COLABA, IN",2023-05-07T01:00:00Z,29.64,1009.53,71.57,NONE,0,EDGE_PASS,23.96,-0.12,0.29,1.01,3.79,-68,0,84.5
583,43063099999,"PUNE, IN",2023-05-07T01:00:00Z,24.33,1008.8,83.36,NONE,0,EDGE_PASS,21.33,-0.07,0.6,-0.52,3.91,-65,0,77.2
584,42921099999,"NASIK CITY, IN",2023-05-07T02:00:00Z,24.5,1005.13,77.76,NONE,0,EDGE_PASS,20.37,1.0,0.56,-1.65,3.89,-71,0,81.3
585,43003099999,"CHHATRAPATI SHIVAJI INTERNATIONAL, IN",2023-05-07T02:00:00Z,29.0,1009.0,74.44,NONE,0,EDGE_PASS,24.0,0.0,1.0,0.0,3.72,-81,0,77.1
586,43057099999,"BOMBAY COLABA, IN",2023-05-07T02:00:00Z,29.52,1009.81,72.59,NONE,0,EDGE_PASS,24.08,-0.12,0.28,1.02,3.78,-68,0,75.4
587,43063099999,"PUNE, IN",2023-05-07T02:00:00Z,24.27,1009.4,82.84,NONE,0,EDGE_PASS,21.17,-0.06,0.6,-0.52,3.9,-65,0,76.2
588,42921099999,"NASIK CITY, IN",2023-05-07T03:00:00Z,25.5,1005.7,76.18,NONE,0,EDGE_PASS,21.0,1.0,0.57,-1.58,3.9,-71,0,75.3
589,43003099999,"CHHATRAPATI SHIVAJI INTERNATIONAL, IN",2023-05-07T03:00:00Z,30.0,1010.0,70.27,NONE,0,EDGE_PASS,24.0,1.0,1.0,-4.17,3.72,-83,0,76.7
590,43057099999,"BOMBAY COLABA, IN",2023-05-07T03:00:00Z,29.4,1010.1,73.62,NONE,0,EDGE_PASS,24.2,-0.12,0.29,1.03,3.78,-68,0,80.3
591,43063099999,"PUNE, IN",2023-05-07T03:00:00Z,24.2,1010.0,82.33,NONE,0,EDGE_PASS,21.0,-0.07,0.6,-0.51,3.9,-65,0,77.1
592,42921099999,"NASIK CITY, IN",2023-05-07T04:00:00Z,27.33,1005.23,66.28,NONE,0,EDGE_PASS,20.5,1.83,-0.47,-9.9,3.9,-69,0,79.1
593,43003099999,"CHHATRAPATI SHIVAJI INTERNATIONAL, IN",2023-05-07T04:00:00Z,30.0,1010.0,74.61,NONE,0,EDGE_PASS,25.0,0.0,0.0,4.34,3.72,-85,0,83.0
594,43057099999,"BOMBAY COLABA, IN",2023-05-07T04:00:00Z,29.51,1009.62,73.54,NONE,0,EDGE_PASS,24.29,0.11,-0.48,-0.08,3.77,-67,0,76.8
595,43063099999,"PUNE, IN",2023-05-07T04:00:00Z,25.93,1009.5,74.24,NONE,0,EDGE_PASS,21.0,1.73,-0.5,-8.09,3.89,-66,0,75.4
596,42921099999,"NASIK CITY, IN",2023-05-07T05:00:00Z,29.17,1004.77,57.76,NONE,0,EDGE_PASS,20.0,1.84,-0.46,-8.52,3.91,-68,0,80.0
597,43003099999,"CHHATRAPATI SHIVAJI INTERNATIONAL, IN",2023-05-07T05:00:00Z,31.0,1010.0,66.35,NONE,0,EDGE_PASS,24.0,1.0,0.0,-8.26,3.73,-84,0,75.4
598,43057099999,"BOMBAY COLABA, IN",2023-05-07T05:00:00Z,29.62,1009.14,73.46,NONE,0,EDGE_PASS,24.38,0.11,-0.48,-0.08,3.77,-66,0,80.1
599,43063099999,"PUNE, IN",2023-05-07T05:00:00Z,27.67,1009.0,67.04,NONE,0,EDGE_PASS,21.0,1.74,-0.5,-7.2,3.88,-66,0,77.0
600,42921099999,"NASIK CITY, IN",2023-05-07T06:00:00Z,31.0,1004.3,50.39,NONE,0,EDGE_PASS,19.5,1.83,-0.47,-7.37,3.92,-68,0,76.3
601,43003099999,"CHHATRAPATI SHIVAJI INTERNATIONAL, IN",2023-05-07T06:00:00Z,31.8,1009.7,63.78,NONE,0,EDGE_PASS,24.1,0.8,-0.3,-2.57,3.74,-83,0,77.2
602,43057099999,"BOMBAY COLABA, IN",2023-05-07T06:00:00Z,29.73,1008.67,73.38,NONE,0,EDGE_PASS,24.46,0.11,-0.47,-0.08,3.77,-65,0,87.1
603,43063099999,"PUNE, IN",2023-05-07T06:00:00Z,29.4,1008.5,60.61,NONE,0,EDGE_PASS,21.0,1.73,-0.5,-6.43,3.89,-65,0,86.1
604,42921099999,"NASIK CITY, IN",2023-05-07T07:00:00Z,31.83,1003.3,45.72,NONE,0,EDGE_PASS,18.7,0.83,-1.0,-4.67,3.91,-66,0,130.9
605,43003099999,"CHHATRAPATI SHIVAJI INTERNATIONAL, IN",2023-05-07T07:00:00Z,31.0,1009.0,66.35,NONE,0,EDGE_PASS,24.0,-0.8,-0.7,2.57,3.73,-85,0,122.3
606,43057099999,"BOMBAY COLABA, IN",2023-05-07T07:00:00Z,29.84,1008.19,73.3,NONE,0,EDGE_PASS,24.55,0.11,-0.48,-0.08,3.77,-67,0,125.8
607,43063099999,"PUNE, IN",2023-05-07T07:00:00Z,31.0,1007.07,53.5,NONE,0,EDGE_PASS,20.47,1.6,-1.43,-7.11,3.89,-65,0,137.9
608,42921099999,"NASIK CITY, IN",2023-05-07T08:00:00Z,32.67,1002.3,41.47,NONE,0,EDGE_PASS,17.9,0.84,-1.0,-4.25,3.9,-65,0,82.9
609,43003099999,"CHHATRAPATI SHIVAJI INTERNATIONAL, IN",2023-05-07T08:00:00Z,32.0,1008.0,59.01,NONE,0,EDGE_PASS,23.0,1.0,-1.0,-7.34,3.73,-83,0,78.7
610,43057099999,"BOMBAY COLABA, IN",2023-05-07T08:00:00Z,29.96,1007.71,73.22,NONE,0,EDGE_PASS,24.65,0.12,-0.48,-0.08,3.77,-65,0,94.4
611,43063099999,"PUNE, IN",2023-05-07T08:00:00Z,32.6,1005.63,47.27,NONE,0,EDGE_PASS,19.93,1.6,-1.44,-6.23,3.89,-65,0,78.7
612,42921099999,"NASIK CITY, IN",2023-05-07T09:00:00Z,33.5,1001.3,37.62,NONE,0,EDGE_PASS,17.1,0.83,-1.0,-3.85,3.89,-65,0,77.1
613,43003099999,"CHHATRAPATI SHIVAJI INTERNATIONAL, IN",2023-05-07T09:00:00Z,32.8,1007.8,58.49,NONE,0,EDGE_PASS,23.6,0.8,-0.2,-0.52,3.74,-82,0,82.6
614,43057099999,"BOMBAY COLABA, IN",2023-05-07T09:00:00Z,30.07,1007.23,73.15,NONE,0,EDGE_PASS,24.74,0.11,-0.48,-0.07,3.77,-65,0,77.9
615,43063099999,"PUNE, IN",2023-05-07T09:00:00Z,34.2,1004.2,41.8,NONE,0,EDGE_PASS,19.4,1.6,-1.43,-5.47,3.89,-65,0,81.2
616,42921099999,"NASIK CITY, IN",2023-05-07T10:00:00Z,33.53,1000.63,38.35,NONE,0,EDGE_PASS,17.43,0.03,-0.67,0.73,3.89,-67,0,77.5
617,43003099999,"CHHATRAPATI SHIVAJI INTERNATIONAL, IN",2023-05-07T10:00:00Z,32.0,1006.0,59.01,NONE,0,EDGE_PASS,23.0,-0.8,-1.8,0.52,3.73,-84,0,79.1
618,43057099999,"BOMBAY COLABA, IN",2023-05-07T10:00:00Z,30.18,1006.76,73.07,NONE,0,EDGE_PASS,24.83,0.11,-0.47,-0.08,3.77,-67,0,80.3
619,43063099999,"PUNE, IN",2023-05-07T10:00:00Z,33.67,1003.87,43.16,NONE,0,EDGE_PASS,19.44,-0.53,-0.33,1.36,3.89,-65,0,84.9
620,42921099999,"NASIK CITY, IN",2023-05-07T11:00:00Z,33.57,999.97,39.1,NONE,0,EDGE_PASS,17.77,0.04,-0.66,0.75,3.9,-69,0,78.9
621,43003099999,"CHHATRAPATI SHIVAJI INTERNATIONAL, IN",2023-05-07T11:00:00Z,31.0,1006.0,66.35,NONE,0,EDGE_PASS,24.0,-1.0,0.0,7.34,3.72,-85,0,94.1
622,43057099999,"BOMBAY COLABA, IN",2023-05-07T11:00:00Z,30.29,1006.28,72.99,NONE,0,EDGE_PASS,24.91,0.11,-0.48,-0.08,3.77,-66,0,97.9
623,43063099999,"PUNE, IN",2023-05-07T11:00:00Z,33.13,1003.53,44.56,NONE,0,EDGE_PASS,19.46,-0.54,-0.34,1.4,3.89,-67,0,80.1
624,42921099999,"NASIK CITY, IN",2023-05-07T12:00:00Z,33.6,999.3,39.85,NONE,0,EDGE_PASS,18.1,0.03,-0.67,0.75,3.89,-70,0,82.6
625,43003099999,"CHHATRAPATI SHIVAJI INTERNATIONAL, IN",2023-05-07T12:00:00Z,31.0,1005.5,62.09,NONE,0,EDGE_PASS,22.9,0.0,-0.5,-4.26,3.73,-86,0,78.4
626,43057099999,"BOMBAY COLABA, IN",2023-05-07T12:00:00Z,30.4,1005.8,72.91,NONE,0,EDGE_PASS,25.0,0.11,-0.48,-0.08,3.78,-65,0,80.9
627,43063099999,"PUNE, IN",2023-05-07T12:00:00Z,32.6,1003.2,46.01,NONE,0,EDGE_PASS,19.5,-0.53,-0.33,1.45,3.89,-68,0,79.5
628,42921099999,"NASIK CITY, IN",2023-05-07T13:00:00Z,32.07,1000.17,45.4,NONE,0,EDGE_PASS,18.8,-1.53,0.87,5.55,3.9,-69,0,85.0
629,43003099999,"CHHATRAPATI SHIVAJI INTERNATIONAL, IN",2023-05-07T13:00:00Z,30.0,1006.0,70.27,NONE,0,EDGE_PASS,24.0,-1.0,0.5,8.18,3.73,-84,0,85.5
630,43057099999,"BOMBAY COLABA, IN",2023-05-07T13:00:00Z,30.33,1006.01,73.22,NONE,0,EDGE_PASS,25.0,-0.07,0.21,0.31,3.78,-67,1,95.3
631,43063099999,"PUNE, IN",2023-05-07T13:00:00Z,31.53,1004.1,51.05,NONE,0,EDGE_PASS,20.2,-1.07,0.9,5.04,3.88,-66,1,95.1
632,42921099999,"NASIK CITY, IN",2023-05-07T14:00:00Z,30.53,1001.03,51.75,NONE,0,EDGE_PASS,19.5,-1.54,0.86,6.35,3.9,-68,1,88.8
633,43003099999,"CHHATRAPATI SHIVAJI INTERNATIONAL, IN",2023-05-07T14:00:00Z,30.0,1006.0,70.27,NONE,0,EDGE_PASS,24.0,0.0,0.0,0.0,3.73,-85,1,139.6
634,43057099999,"BOMBAY COLABA, IN",2023-05-07T14:00:00Z,30.27,1006.23,73.53,NONE,0,EDGE_PASS,25.02,-0.06,0.22,0.31,3.78,-65,2,138.8
635,43063099999,"PUNE, IN",2023-05-07T14:00:00Z,30.47,1005.0,56.65,NONE,0,EDGE_PASS,20.9,-1.06,0.9,5.6,3.88,-67,0,211.5
636,42921099999,"NASIK CITY, IN",2023-05-07T15:00:00Z,29.0,1001.9,59.04,NONE,0,EDGE_PASS,20.2,-1.53,0.87,7.29,3.9,-69,0,166.6
637,43003099999,"CHHATRAPATI SHIVAJI INTERNATIONAL, IN",2023-05-07T15:00:00Z,29.6,1006.9,67.28,NONE,0,EDGE_PASS,22.9,-0.4,0.9,-2.99,3.73,-86,0,106.0
638,43057099999,"BOMBAY COLABA, IN",2023-05-07T15:00:00Z,30.2,1006.44,73.84,NONE,0,EDGE_PASS,25.02,-0.07,0.21,0.31,3.78,-66,0,111.5
639,43063099999,"PUNE, IN",2023-05-07T15:00:00Z,29.4,1005.9,62.88,NONE,0,EDGE_PASS,21.6,-1.07,0.9,6.23,3.88,-68,0,93.0
640,42921099999,"NASIK CITY, IN",2023-05-07T16:00:00Z,28.2,1002.37,60.84,NONE,0,EDGE_PASS,19.93,-0.8,0.47,1.8,3.91,-69,0,82.7
641,43003099999,"CHHATRAPATI SHIVAJI INTERNATIONAL, IN",2023-05-07T16:00:00Z,29.0,1008.0,79.04,NONE,0,EDGE_PASS,25.0,-0.6,1.1,11.76,3.74,-88,0,84.0
642,43057099999,"BOMBAY COLABA, IN",2023-05-07T16:00:00Z,30.13,1006.65,74.15,NONE,0,EDGE_PASS,25.02,-0.07,0.21,0.31,3.78,-65,0,88.1
643,43063099999,"PUNE, IN",2023-05-07T16:00:00Z,28.2,1006.6,66.73,NONE,0,EDGE_PASS,21.43,-1.2,0.7,3.85,3.88,-67,0,115.0
644,42921099999,"NASIK CITY, IN",2023-05-07T17:00:00Z,27.4,1002.83,62.71,NONE,0,EDGE_PASS,19.67,-0.8,0.46,1.87,3.91,-71,0,85.9
645,43003099999,"CHHATRAPATI SHIVAJI INTERNATIONAL, IN",2023-05-07T17:00:00Z,30.0,1008.0,70.27,NONE,0,EDGE_PASS,24.0,1.0,0.0,-8.77,3.73,-86,0,91.8
646,43057099999,"BOMBAY COLABA, IN",2023-05-07T17:00:00Z,30.07,1006.87,74.47,NONE,0,EDGE_PASS,25.04,-0.06,0.22,0.32,3.78,-65,0,84.0
647,43063099999,"PUNE, IN",2023-05-07T17:00:00Z,27.0,1007.3,70.86,NONE,0,EDGE_PASS,21.27,-1.2,0.7,4.13,3.88,-66,0,81.2
648,42921099999,"NASIK CITY, IN",2023-05-07T18:00:00Z,26.6,1003.3,64.64,NONE,0,EDGE_PASS,19.4,-0.8,0.47,1.93,3.91,-70,0,80.3
649,43003099999,"CHHATRAPATI SHIVAJI INTERNATIONAL, IN",2023-05-07T18:00:00Z,29.2,1008.2,73.59,NONE,0,EDGE_PASS,24.0,-0.8,0.2,3.32,3.73,-84,0,85.4
650,43057099999,"BOMBAY COLABA, IN",2023-05-07T18:00:00Z,30.0,1007.08,74.78,NONE,0,EDGE_PASS,25.04,-0.07,0.21,0.31,3.79,-65,0,85.6
651,43063099999,"PUNE, IN",2023-05-07T18:00:00Z,25.8,1008.0,75.29,NONE,0,EDGE_PASS,21.1,-1.2,0.7,4.43,3.89,-68,0,81.8
652,42921099999,"NASIK CITY, IN",2023-05-07T19:00:00Z,26.27,1002.9,65.79,NONE,0,EDGE_PASS,19.37,-0.33,-0.4,1.15,3.9,-70,0,82.5
653,43003099999,"CHHATRAPATI SHIVAJI INTERNATIONAL, IN",2023-05-07T19:00:00Z,29.0,1007.0,83.88,NONE,0,EDGE_PASS,26.0,-0.2,-1.2,10.29,3.74,-86,0,87.5
654,43057099999,"BOMBAY COLABA, IN",2023-05-07T19:00:00Z,29.93,1007.29,75.1,NONE,0,EDGE_PASS,25.04,-0.07,0.21,0.32,3.78,-65,0,90.5
655,43063099999,"PUNE, IN",2023-05-07T19:00:00Z,25.73,1007.33,78.1,NONE,0,EDGE_PASS,21.63,-0.07,-0.67,2.81,3.88,-70,0,84.3
656,42921099999,"NASIK CITY, IN",2023-05-07T20:00:00Z,25.93,1002.5,66.96,NONE,0,EDGE_PASS,19.33,-0.34,-0.4,1.17,3.91,-72,0,96.7
657,43003099999,"CHHATRAPATI SHIVAJI INTERNATIONAL, IN",2023-05-07T20:00:00Z,29.0,1007.0,83.88,NONE,0,EDGE_PASS,26.0,0.0,0.0,0.0,3.75,-84,0,122.3
658,43057099999,"BOMBAY COLABA, IN",2023-05-07T20:00:00Z,29.87,1007.51,75.42,NONE,0,EDGE_PASS,25.06,-0.06,0.22,0.32,3.77,-67,0,84.7
659,43063099999,"PUNE, IN",2023-05-07T20:00:00Z,25.67,1006.67,81.01,NONE,0,EDGE_PASS,22.17,-0.06,-0.66,2.91,3.88,-68,0,84.0
660,42921099999,"NASIK CITY, IN",2023-05-07T21:00:00Z,25.6,1002.1,68.16,NONE,0,EDGE_PASS,19.3,-0.33,-0.4,1.2,3.91,-73,0,83.1
661,43003099999,"CHHATRAPATI SHIVAJI INTERNATIONAL, IN",2023-05-07T21:00:00Z,29.0,1006.7,79.04,NONE,0,EDGE_PASS,25.0,0.0,-0.3,-4.84,3.75,-83,0,90.7
662,43057099999,"BOMBAY COLABA, IN",2023-05-07T21:00:00Z,29.8,1007.72,75.74,NONE,0,EDGE_PASS,25.06,-0.07,0.21,0.32,3.78,-65,0,155.4
663,43063099999,"PUNE, IN",2023-05-07T21:00:00Z,25.6,1006.0,84.01,NONE,0,EDGE_PASS,22.7,-0.07,-0.67,3.0,3.89,-67,0,131.3
664,42921099999,"NASIK CITY, IN",2023-05-07T22:00:00Z,24.9,1002.43,73.61,NONE,0,EDGE_PASS,19.87,-0.7,0.33,5.45,3.92,-75,0,182.5
665,43003099999,"CHHATRAPATI SHIVAJI INTERNATIONAL, IN",2023-05-07T22:00:00Z,29.0,1006.0,79.04,NONE,0,EDGE_PASS,25.0,0.0,-0.7,0.0,3.76,-82,0,124.3
666,43057099999,"BOMBAY COLABA, IN",2023-05-07T22:00:00Z,29.73,1007.93,76.06,NONE,0,EDGE_PASS,25.06,-0.07,0.21,0.32,3.79,-67,0,104.5
667,43063099999,"PUNE, IN",2023-05-07T22:00:00Z,25.47,1006.17,84.0,NONE,0,EDGE_PASS,22.57,-0.13,0.17,-0.01,3.9,-68,0,112.8
668,42921099999,"NASIK CITY, IN",2023-05-07T23:00:00Z,24.2,1002.77,79.5,NONE,0,EDGE_PASS,20.43,-0.7,0.34,5.89,3.92,-77,0,90.5
669,43003099999,"CHHATRAPATI SHIVAJI INTERNATIONAL, IN",2023-05-07T23:00:00Z,29.0,1007.0,79.04,NONE,0,EDGE_PASS,25.0,0.0,1.0,0.0,3.76,-80,0,116.5
670,43057099999,"BOMBAY COLABA, IN",2023-05-07T23:00:00Z,29.67,1008.15,76.38,NONE,0,EDGE_PASS,25.08,-0.06,0.22,0.32,3.78,-66,0,93.3
671,43063099999,"PUNE, IN",2023-05-07T23:00:00Z,25.33,1006.33,83.98,NONE,0,EDGE_PASS,22.43,-0.14,0.16,-0.02,3.91,-67,0,88.3
672,42921099999,"NASIK CITY, IN",2023-05-08T00:00:00Z,23.5,1003.1,85.87,NONE,0,EDGE_PASS,21.0,-0.7,0.33,6.37,3.92,-79,0,97.1
673,43003099999,"CHHATRAPATI SHIVAJI INTERNATIONAL, IN",2023-05-08T00:00:00Z,29.0,1007.0,79.04,NONE,0,EDGE_PASS,25.0,0.0,0.0,0.0,3.76,-79,0,115.0
674,43057099999,"BOMBAY COLABA, IN",2023-05-08T00:00:00Z,29.6,1008.36,76.71,NONE,0,EDGE_PASS,25.08,-0.07,0.21,0.33,3.77,-65,0,96.6
675,43063099999,"PUNE, IN",2023-05-08T00:00:00Z,25.2,1006.5,83.97,NONE,0,EDGE_PASS,22.3,-0.13,0.17,-0.01,3.91,-69,0,89.9
676,42921099999,"NASIK CITY, IN",2023-05-08T01:00:00Z,24.2,1003.57,81.15,NONE,0,EDGE_PASS,20.77,0.7,0.47,-4.72,3.93,-78,0,114.4
677,43003099999,"CHHATRAPATI SHIVAJI INTERNATIONAL, IN",2023-05-08T01:00:00Z,29.0,1007.0,79.04,NONE,0,EDGE_PASS,25.0,0.0,0.0,0.0,3.76,-77,0,92.9
678,43057099999,"BOMBAY COLABA, IN",2023-05-08T01:00:00Z,29.53,1008.57,77.04,NONE,0,EDGE_PASS,25.08,-0.07,0.21,0.33,3.78,-66,0,83.6
679,43063099999,"PUNE, IN",2023-05-08T01:00:00Z,25.4,1007.13,80.65,NONE,0,EDGE_PASS,21.83,0.2,0.63,-3.32,3.91,-71,0,334.5
680,42921099999,"NASIK CITY, IN",2023-05-08T02:00:00Z,24.9,1004.03,76.71,NONE,0,EDGE_PASS,20.53,0.7,0.46,-4.44,3.94,-80,0,146.2
681,43003099999,"CHHATRAPATI SHIVAJI INTERNATIONAL, IN",2023-05-08T02:00:00Z,30.0,1008.0,74.61,NONE,0,EDGE_PASS,25.0,1.0,1.0,-4.43,3.75,-77,0,100.9
682,43057099999,"BOMBAY COLABA, IN",2023-05-08T02:00:00Z,29.47,1008.79,77.36,NONE,0,EDGE_PASS,25.1,-0.06,0.22,0.32,3.79,-65,0,96.6
683,43063099999,"PUNE, IN",2023-05-08T02:00:00Z,25.6,1007.77,77.45,NONE,0,EDGE_PASS,21.37,0.2,0.64,-3.2,3.91,-73,0,92.0
684,42921099999,"NASIK CITY, IN",2023-05-08T03:00:00Z,25.6,1004.5,72.53,NONE,0,EDGE_PASS,20.3,0.7,0.47,-4.18,3.94,-82,0,91.7
685,43003099999,"CHHATRAPATI SHIVAJI INTERNATIONAL, IN",2023-05-08T03:00:00Z,29.8,1008.8,72.81,NONE,0,EDGE_PASS,24.4,-0.2,0.8,-1.8,3.75,-79,0,91.3
686,43057099999,"BOMBAY COLABA, IN",2023-05-08T03:00:00Z,29.4,1009.0,77.69,NONE,0,EDGE_PASS,25.1,-0.07,0.21,0.33,3.79,-65,0,89.7
687,43063099999,"PUNE, IN",2023-05-08T03:00:00Z,25.8,1008.4,74.37,NONE,0,EDGE_PASS,20.9,0.2,0.63,-3.08,3.91,-74,0,178.0
688,42921099999,"NASIK CITY, IN",2023-05-08T04:00:00Z,27.73,1004.13,61.75,NONE,0,EDGE_PASS,19.73,2.13,-0.37,-10.78,3.94,-80,0,107.5
689,43003099999,"CHHATRAPATI SHIVAJI INTERNATIONAL, IN",2023-05-08T04:00:00Z,30.0,985.0,74.61,SPIKE,4,EDGE_SUSPECT_STEP_SPIKE,25.0,0.2,-23.8,1.8,3.75,-77,0,113.3
690,43057099999,"BOMBAY COLABA, IN",2023-05-08T04:00:00Z,29.6,1008.57,76.75,NONE,0,EDGE_PASS,25.09,0.2,-0.43,-0.94,3.79,-65,0,151.2
691,43063099999,"PUNE, IN",2023-05-08T04:00:00Z,27.87,1007.97,62.94,NONE,0,EDGE_PASS,20.17,2.07,-0.43,-11.43,3.91,-75,0,95.2
692,42921099999,"NASIK CITY, IN",2023-05-08T05:00:00Z,29.87,1003.77,52.67,NONE,0,EDGE_PASS,19.17,2.14,-0.36,-9.08,3.95,-80,0,87.9
693,43003099999,"CHHATRAPATI SHIVAJI INTERNATIONAL, IN",2023-05-08T05:00:00Z,31.0,985.0,70.45,SPIKE,0,EDGE_PASS,25.0,1.0,0.0,-4.16,3.75,-76,0,87.3
694,43057099999,"BOMBAY COLABA, IN",2023-05-08T05:00:00Z,29.8,1008.13,75.82,NONE,0,EDGE_PASS,25.08,0.2,-0.44,-0.93,3.79,-67,0,88.1
695,43063099999,"PUNE, IN",2023-05-08T05:00:00Z,29.93,1007.53,53.35,NONE,0,EDGE_PASS,19.43,2.06,-0.44,-9.59,3.9,-75,0,105.6
696,42921099999,"NASIK CITY, IN",2023-05-08T06:00:00Z,32.0,1003.4,45.0,NONE,0,EDGE_PASS,18.6,2.13,-0.37,-7.67,3.94,-80,0,88.7
697,43003099999,"CHHATRAPATI SHIVAJI INTERNATIONAL, IN",2023-05-08T06:00:00Z,31.8,1008.8,67.31,NONE,4,EDGE_SUSPECT_STEP_SPIKE,25.0,0.8,23.8,-3.14,3.75,-78,0,91.0
698,43057099999,"BOMBAY COLABA, IN",2023-05-08T06:00:00Z,30.0,1007.7,74.9,NONE,0,EDGE_PASS,25.07,0.2,-0.43,-0.92,3.78,-66,0,91.9
699,43063099999,"PUNE, IN",2023-05-08T06:00:00Z,32.0,1007.1,45.28,NONE,0,EDGE_PASS,18.7,2.07,-0.43,-8.07,3.9,-74,0,86.9
700,42921099999,"NASIK CITY, IN",2023-05-08T07:00:00Z,33.5,1002.13,39.91,NONE,0,EDGE_PASS,18.03,1.5,-1.27,-5.09,3.95,-82,0,95.3
701,43003099999,"CHHATRAPATI SHIVAJI INTERNATIONAL, IN",2023-05-08T07:00:00Z,33.0,1008.0,62.9,NONE,0,EDGE_PASS,25.0,1.2,-0.8,-4.41,3.75,-79,0,93.7
702,43057099999,"BOMBAY COLABA, IN",2023-05-08T07:00:00Z,30.2,1007.27,74.0,NONE,0,EDGE_PASS,25.06,0.2,-0.43,-0.9,3.79,-67,0,87.3
703,43063099999,"PUNE, IN",2023-05-08T07:00:00Z,33.07,1006.07,41.41,NONE,0,EDGE_PASS,18.24,1.07,-1.03,-3.87,3.9,-73,0,99.2
704,42921099999,"NASIK CITY, IN",2023-05-08T08:00:00Z,35.0,1000.87,35.42,NONE,0,EDGE_PASS,17.47,1.5,-1.26,-4.49,3.95,-83,0,85.9
705,43003099999,"CHHATRAPATI SHIVAJI INTERNATIONAL, IN",2023-05-08T08:00:00Z,33.0,1007.0,62.9,NONE,0,EDGE_PASS,25.0,0.0,-1.0,0.0,3.76,-79,0,88.8
706,43057099999,"BOMBAY COLABA, IN",2023-05-08T08:00:00Z,30.4,1006.83,73.1,NONE,0,EDGE_PASS,25.04,0.2,-0.44,-0.9,3.78,-67,0,86.8
707,43063099999,"PUNE, IN",2023-05-08T08:00:00Z,34.13,1005.03,37.88,NONE,0,EDGE_PASS,17.76,1.06,-1.04,-3.53,3.9,-71,0,87.8
708,42921099999,"NASIK CITY, IN",2023-05-08T09:00:00Z,36.5,999.6,31.45,NONE,0,EDGE_PASS,16.9,1.5,-1.27,-3.97,3.95,-84,0,86.1
709,43003099999,"CHHATRAPATI SHIVAJI INTERNATIONAL, IN",2023-05-08T09:00:00Z,33.2,1006.9,55.48,NONE,0,EDGE_PASS,23.1,0.2,-0.1,-7.42,3.76,-81,0,91.5
710,43057099999,"BOMBAY COLABA, IN",2023-05-08T09:00:00Z,30.6,1006.4,72.22,NONE,0,EDGE_PASS,25.03,0.2,-0.43,-0.88,3.78,-69,0,85.3
711,43063099999,"PUNE, IN",2023-05-08T09:00:00Z,35.2,1004.0,34.66,NONE,0,EDGE_PASS,17.3,1.07,-1.03,-3.22,3.9,-73,0,97.3
712,42921099999,"NASIK CITY, IN",2023-05-08T10:00:00Z,36.2,999.13,31.71,NONE,0,EDGE_PASS,16.77,-0.3,-0.47,0.26,3.94,-86,0,90.0
713,43003099999,"CHHATRAPATI SHIVAJI INTERNATIONAL, IN",2023-05-08T10:00:00Z,32.0,1006.0,59.01,NONE,0,EDGE_PASS,23.0,-1.2,-0.9,3.53,3.76,-81,0,86.3
714,43057099999,"BOMBAY COLABA, IN",2023-05-08T10:00:00Z,30.8,1005.97,71.35,NONE,0,EDGE_PASS,25.02,0.2,-0.43,-0.87,3.78,-68,0,85.6
715,43063099999,"PUNE, IN",2023-05-08T10:00:00Z,35.2,1003.13,35.7,NONE,0,EDGE_PASS,17.77,0.0,-0.87,1.04,3.91,-71,0,93.3
716,42921099999,"NASIK CITY, IN",2023-05-08T11:00:00Z,35.9,998.67,31.96,NONE,0,EDGE_PASS,16.63,-0.3,-0.46,0.25,3.94,-88,0,89.5
717,43003099999,"CHHATRAPATI SHIVAJI INTERNATIONAL, IN",2023-05-08T11:00:00Z,32.0,1005.0,66.55,NONE,0,EDGE_PASS,25.0,0.0,-1.0,7.54,3.76,-82,0,89.3
718,43057099999,"BOMBAY COLABA, IN",2023-05-08T11:00:00Z,31.0,1005.53,70.5,NONE,0,EDGE_PASS,25.01,0.2,-0.44,-0.85,3.79,-68,0,96.0
719,43063099999,"PUNE, IN",2023-05-08T11:00:00Z,35.2,1002.27,36.76,NONE,0,EDGE_PASS,18.23,0.0,-0.86,1.06,3.91,-71,0,126.8
720,42921099999,"NASIK CITY, IN",2023-05-08T12:00:00Z,35.6,998.2,32.22,NONE,0,EDGE_PASS,16.5,-0.3,-0.47,0.26,3.94,-88,0,104.3
721,43003099999,"CHHATRAPATI SHIVAJI INTERNATIONAL, IN",2023-05-08T12:00:00Z,31.0,1005.0,70.45,NONE,0,EDGE_PASS,25.0,-1.0,0.0,3.9,3.76,-83,0,90.8
722,43057099999,"BOMBAY COLABA, IN",2023-05-08T12:00:00Z,31.2,1005.1,69.65,NONE,0,EDGE_PASS,25.0,0.2,-0.43,-0.85,3.78,-67,0,89.9
723,43063099999,"PUNE, IN",2023-05-08T12:00:00Z,35.2,1001.4,37.85,NONE,0,EDGE_PASS,18.7,0.0,-0.87,1.09,3.9,-70,0,135.5
724,42921099999,"NASIK CITY, IN",2023-05-08T13:00:00Z,33.8,999.2,36.92,NONE,0,EDGE_PASS,17.07,-1.8,1.0,4.7,3.95,-90,0,93.0
725,43003099999,"CHHATRAPATI SHIVAJI INTERNATIONAL, IN",2023-05-08T13:00:00Z,30.0,1005.0,74.61,NONE,0,EDGE_PASS,25.0,-1.0,0.0,4.16,3.77,-84,0,90.3
726,43057099999,"BOMBAY COLABA, IN",2023-05-08T13:00:00Z,31.08,1005.4,70.24,NONE,0,EDGE_PASS,25.03,-0.12,0.3,0.59,3.79,-66,0,92.9
727,43063099999,"PUNE, IN",2023-05-08T13:00:00Z,31.67,1003.1,49.73,NONE,0,EDGE_PASS,19.9,-3.53,1.7,11.88,3.91,-72,0,95.8
728,42921099999,"NASIK CITY, IN",2023-05-08T14:00:00Z,32.0,1000.2,42.35,NONE,0,EDGE_PASS,17.63,-1.8,1.0,5.43,3.95,-90,0,90.7
729,43003099999,"CHHATRAPATI SHIVAJI INTERNATIONAL, IN",2023-05-08T14:00:00Z,30.0,1006.0,79.18,NONE,0,EDGE_PASS,26.0,0.0,1.0,4.57,3.76,-83,0,89.7
730,43057099999,"BOMBAY COLABA, IN",2023-05-08T14:00:00Z,30.96,1005.7,70.84,NONE,0,EDGE_PASS,25.05,-0.12,0.3,0.6,3.78,-65,0,94.0
731,43063099999,"PUNE, IN",2023-05-08T14:00:00Z,28.13,1004.8,65.64,NONE,0,EDGE_PASS,21.1,-3.54,1.7,15.91,3.92,-74,0,102.1
732,42921099999,"NASIK CITY, IN",2023-05-08T15:00:00Z,30.2,1001.2,48.63,NONE,0,EDGE_PASS,18.2,-1.8,1.0,6.28,3.95,-91,0,88.5
733,43003099999,"CHHATRAPATI SHIVAJI INTERNATIONAL, IN",2023-05-08T15:00:00Z,29.6,1006.6,76.8,NONE,0,EDGE_PASS,25.1,-0.4,0.6,-2.38,3.76,-81,0,88.5
734,43057099999,"BOMBAY COLABA, IN",2023-05-08T15:00:00Z,30.84,1006.0,71.44,NONE,0,EDGE_PASS,25.08,-0.12,0.3,0.6,3.78,-67,0,87.0
735,43063099999,"PUNE, IN",2023-05-08T15:00:00Z,24.6,1006.5,87.03,NONE,0,EDGE_PASS,22.3,-3.53,1.7,21.39,3.92,-73,0,102.1
736,42921099999,"NASIK CITY, IN",2023-05-08T16:00:00Z,29.47,1001.9,51.59,NONE,0,EDGE_PASS,18.47,-0.73,0.7,2.96,3.96,-92,0,99.8
737,43003099999,"CHHATRAPATI SHIVAJI INTERNATIONAL, IN",2023-05-08T16:00:00Z,30.0,1007.0,79.18,NONE,0,EDGE_PASS,26.0,0.4,0.4,2.38,3.76,-81,0,89.2
738,43057099999,"BOMBAY COLABA, IN",2023-05-08T16:00:00Z,30.72,1006.3,72.04,NONE,0,EDGE_PASS,25.11,-0.12,0.3,0.6,3.77,-65,0,87.7
739,43063099999,"PUNE, IN",2023-05-08T16:00:00Z,24.73,1006.87,85.47,NONE,0,EDGE_PASS,22.13,0.13,0.37,-1.56,3.93,-71,0,90.3
740,42921099999,"NASIK CITY, IN",2023-05-08T17:00:00Z,28.73,1002.6,54.73,NONE,0,EDGE_PASS,18.73,-0.74,0.7,3.14,3.96,-90,0,92.4
741,43003099999,"CHHATRAPATI SHIVAJI INTERNATIONAL, IN",2023-05-08T17:00:00Z,30.0,1008.0,79.18,NONE,0,EDGE_PASS,26.0,0.0,1.0,0.0,3.77,-80,0,88.7
742,43057099999,"BOMBAY COLABA, IN",2023-05-08T17:00:00Z,30.6,1006.6,72.66,NONE,0,EDGE_PASS,25.13,-0.12,0.3,0.62,3.77,-67,0,88.1
743,43063099999,"PUNE, IN",2023-05-08T17:00:00Z,24.87,1007.23,83.93,NONE,0,EDGE_PASS,21.97,0.14,0.36,-1.54,3.94,-69,0,89.4
744,42921099999,"NASIK CITY, IN",2023-05-08T18:00:00Z,28.0,1003.3,58.08,NONE,0,EDGE_PASS,19.0,-0.73,0.7,3.35,3.96,-90,0,89.1
745,43003099999,"CHHATRAPATI SHIVAJI INTERNATIONAL, IN",2023-05-08T18:00:00Z,29.4,1007.6,77.69,NONE,0,EDGE_PASS,25.1,-0.6,-0.4,-1.49,3.77,-81,0,105.3
746,43057099999,"BOMBAY COLABA, IN",2023-05-08T18:00:00Z,30.48,1006.9,73.27,NONE,0,EDGE_PASS,25.16,-0.12,0.3,0.61,3.77,-67,0,223.8
747,43063099999,"PUNE, IN",2023-05-08T18:00:00Z,25.0,1007.6,82.42,NONE,0,EDGE_PASS,21.8,0.13,0.37,-1.51,3.94,-68,0,171.9
748,42921099999,"NASIK CITY, IN",2023-05-08T19:00:00Z,27.2,1002.87,60.86,NONE,0,EDGE_PASS,19.0,-0.8,-0.43,2.78,3.96,-88,0,197.3
749,43003099999,"CHHATRAPATI SHIVAJI INTERNATIONAL, IN",2023-05-08T19:00:00Z,30.0,1007.0,79.18,NONE,0,EDGE_PASS,26.0,0.6,-0.6,1.49,3.76,-83,0,216.8
750,43057099999,"BOMBAY COLABA, IN",2023-05-08T19:00:00Z,30.36,1007.2,73.9,NONE,0,EDGE_PASS,25.19,-0.12,0.3,0.63,3.77,-66,1,214.3
751,43063099999,"PUNE, IN",2023-05-08T19:00:00Z,25.2,1007.17,82.62,NONE,0,EDGE_PASS,22.03,0.2,-0.43,0.2,3.95,-66,1,215.3
752,42921099999,"NASIK CITY, IN",2023-05-08T20:00:00Z,26.4,1002.43,63.8,NONE,0,EDGE_PASS,19.0,-0.8,-0.44,2.94,3.95,-88,1,183.8
753,43003099999,"CHHATRAPATI SHIVAJI INTERNATIONAL, IN",2023-05-08T20:00:00Z,29.0,1007.0,83.88,NONE,0,EDGE_PASS,26.0,-1.0,0.0,4.7,3.76,-81,1,194.2
754,43057099999,"BOMBAY COLABA, IN",2023-05-08T20:00:00Z,30.24,1007.5,74.53,NONE,0,EDGE_PASS,25.21,-0.12,0.3,0.63,3.76,-66,2,177.8
755,43063099999,"PUNE, IN",2023-05-08T20:00:00Z,25.4,1006.73,82.81,NONE,0,EDGE_PASS,22.27,0.2,-0.44,0.19,3.94,-65,0,167.6
756,42921099999,"NASIK CITY, IN",2023-05-08T21:00:00Z,25.6,1002.0,66.9,NONE,0,EDGE_PASS,19.0,-0.8,-0.43,3.1,3.96,-90,0,186.8
757,43003099999,"CHHATRAPATI SHIVAJI INTERNATIONAL, IN",2023-05-08T21:00:00Z,29.0,1006.5,79.04,NONE,0,EDGE_PASS,25.0,0.0,-0.5,-4.84,3.75,-82,0,161.0
758,43057099999,"BOMBAY COLABA, IN",2023-05-08T21:00:00Z,30.12,1007.8,75.16,NONE,0,EDGE_PASS,25.24,-0.12,0.3,0.63,3.77,-65,0,182.1
759,43063099999,"PUNE, IN",2023-05-08T21:00:00Z,25.6,1006.3,83.0,NONE,0,EDGE_PASS,22.5,0.2,-0.43,0.19,3.95,-67,0,171.5
760,42921099999,"NASIK CITY, IN",2023-05-08T22:00:00Z,25.07,1002.43,70.21,NONE,0,EDGE_PASS,19.27,-0.53,0.43,3.31,3.97,-89,0,179.5
761,43003099999,"CHHATRAPATI SHIVAJI INTERNATIONAL, IN",2023-05-08T22:00:00Z,29.0,1007.0,83.88,NONE,0,EDGE_PASS,26.0,0.0,0.5,4.84,3.74,-84,0,205.1
762,43057099999,"BOMBAY COLABA, IN",2023-05-08T22:00:00Z,30.0,1008.1,75.8,NONE,0,EDGE_PASS,25.27,-0.12,0.3,0.64,3.77,-65,0,167.8
763,43063099999,"PUNE, IN",2023-05-08T22:00:00Z,25.4,1006.53,84.85,NONE,0,EDGE_PASS,22.67,-0.2,0.23,1.85,3.94,-67,0,163.3
764,42921099999,"NASIK CITY, IN",2023-05-08T23:00:00Z,24.53,1002.87,73.7,NONE,0,EDGE_PASS,19.53,-0.54,0.44,3.49,3.97,-87,0,127.0
765,43003099999,"CHHATRAPATI SHIVAJI INTERNATIONAL, IN",2023-05-08T23:00:00Z,29.0,1007.0,83.88,NONE,0,EDGE_PASS,26.0,0.0,0.0,0.0,3.75,-86,0,99.4
766,43057099999,"BOMBAY COLABA, IN",2023-05-08T23:00:00Z,29.88,1008.4,76.45,NONE,0,EDGE_PASS,25.29,-0.12,0.3,0.65,3.77,-66,0,92.6
767,43063099999,"PUNE, IN",2023-05-08T23:00:00Z,25.2,1006.77,86.74,NONE,0,EDGE_PASS,22.83,-0.2,0.24,1.89,3.95,-68,0,117.7
768,42921099999,"NASIK CITY, IN",2023-05-09T00:00:00Z,24.0,1003.3,77.37,NONE,0,EDGE_PASS,19.8,-0.53,0.43,3.67,3.98,-85,0,94.6
769,43003099999,"CHHATRAPATI SHIVAJI INTERNATIONAL, IN",2023-05-09T00:00:00Z,28.8,1007.3,81.89,NONE,0,EDGE_PASS,25.4,-0.2,0.3,-1.99,3.75,-86,0,90.3
770,43057099999,"BOMBAY COLABA, IN",2023-05-09T00:00:00Z,29.76,1008.7,77.1,NONE,0,EDGE_PASS,25.32,-0.12,0.3,0.65,3.77,-68,0,94.8
771,43063099999,"PUNE, IN",2023-05-09T00:00:00Z,25.0,1007.0,88.67,NONE,0,EDGE_PASS,23.0,-0.2,0.23,1.93,3.96,-70,0,90.7
772,42921099999,"NASIK CITY, IN",2023-05-09T01:00:00Z,25.33,1003.77,70.26,NONE,0,EDGE_PASS,19.53,1.33,0.47,-7.11,3.97,-86,0,95.3
773,43003099999,"CHHATRAPATI SHIVAJI INTERNATIONAL, IN",2023-05-09T01:00:00Z,29.0,1008.0,83.88,NONE,0,EDGE_PASS,26.0,0.2,0.7,1.99,3.74,-88,0,91.0
774,43057099999,"BOMBAY COLABA, IN",2023-05-09T01:00:00Z,29.64,1009.0,77.76,NONE,0,EDGE_PASS,25.35,-0.12,0.3,0.66,3.77,-68,0,92.0
775,43063099999,"PUNE, IN",2023-05-09T01:00:00Z,25.6,1007.63,85.21,NONE,0,EDGE_PASS,22.93,0.6,0.63,-3.46,3.96,-71,0,94.8
776,42921099999,"NASIK CITY, IN",2023-05-09T02:00:00Z,26.67,1004.23,63.86,NONE,0,EDGE_PASS,19.27,1.34,0.46,-6.4,3.96,-87,0,106.4
777,43003099999,"CHHATRAPATI SHIVAJI INTERNATIONAL, IN",2023-05-09T02:00:00Z,29.0,1009.0,83.88,NONE,0,EDGE_PASS,26.0,0.0,1.0,0.0,3.73,-86,0,90.3
778,43057099999,"BOMBAY COLABA, IN",2023-05-09T02:00:00Z,29.52,1009.3,78.42,NONE,0,EDGE_PASS,25.37,-0.12,0.3,0.66,3.76,-68,0,96.3
779,43063099999,"PUNE, IN",2023-05-09T02:00:00Z,26.2,1008.27,81.9,NONE,0,EDGE_PASS,22.87,0.6,0.64,-3.31,3.95,-73,0,89.2
780,42921099999,"NASIK CITY, IN",2023-05-09T03:00:00Z,28.0,1004.7,58.08,NONE,0,EDGE_PASS,19.0,1.33,0.47,-5.78,3.97,-87,0,97.2
781,43003099999,"CHHATRAPATI SHIVAJI INTERNATIONAL, IN",2023-05-09T03:00:00Z,30.2,1009.5,75.53,NONE,0,EDGE_PASS,25.4,1.2,0.5,-8.35,3.73,-85,0,94.9
782,43057099999,"BOMBAY COLABA, IN",2023-05-09T03:00:00Z,29.4,1009.6,79.09,NONE,0,EDGE_PASS,25.4,-0.12,0.3,0.67,3.76,-70,0,118.6
783,43063099999,"PUNE, IN",2023-05-09T03:00:00Z,26.8,1008.9,78.73,NONE,0,EDGE_PASS,22.8,0.6,0.63,-3.17,3.95,-75,0,89.9
784,42921099999,"NASIK CITY, IN",2023-05-09T04:00:00Z,30.33,1004.2,46.47,NONE,0,EDGE_PASS,17.6,2.33,-0.5,-11.61,3.98,-86,0,86.2
785,43003099999,"CHHATRAPATI SHIVAJI INTERNATIONAL, IN",2023-05-09T04:00:00Z,32.0,1010.0,66.55,NONE,0,EDGE_PASS,25.0,1.8,0.5,-8.98,3.73,-84,0,85.0
786,43057099999,"BOMBAY COLABA, IN",2023-05-09T04:00:00Z,29.56,1009.13,78.54,NONE,0,EDGE_PASS,25.44,0.16,-0.47,-0.55,3.76,-70,0,88.0
787,43063099999,"PUNE, IN",2023-05-09T04:00:00Z,28.6,1008.5,68.74,NONE,0,EDGE_PASS,22.3,1.8,-0.4,-9.99,3.96,-74,0,86.0
788,42921099999,"NASIK CITY, IN",2023-05-09T05:00:00Z,32.67,1003.7,37.24,NONE,0,EDGE_PASS,16.2,2.34,-0.5,-9.23,3.97,-85,0,85.8
789,43003099999,"CHHATRAPATI SHIVAJI INTERNATIONAL, IN",2023-05-09T05:00:00Z,33.0,1010.0,59.24,NONE,0,EDGE_PASS,24.0,1.0,0.0,-7.31,3.74,-82,0,85.6
790,43057099999,"BOMBAY COLABA, IN",2023-05-09T05:00:00Z,29.71,1008.67,78.0,NONE,0,EDGE_PASS,25.47,0.15,-0.46,-0.54,3.76,-71,0,86.6
791,43063099999,"PUNE, IN",2023-05-09T05:00:00Z,30.4,1008.1,60.1,NONE,0,EDGE_PASS,21.8,1.8,-0.4,-8.64,3.96,-75,0,85.4
792,42921099999,"NASIK CITY, IN",2023-05-09T06:00:00Z,35.0,1003.2,29.87,NONE,0,EDGE_PASS,14.8,2.33,-0.5,-7.37,3.97,-84,0,88.1
793,43003099999,"CHHATRAPATI SHIVAJI INTERNATIONAL, IN",2023-05-09T06:00:00Z,32.6,1009.8,59.51,NONE,0,EDGE_PASS,23.7,-0.4,-0.2,0.27,3.74,-83,0,279.6
794,43057099999,"BOMBAY COLABA, IN",2023-05-09T06:00:00Z,29.87,1008.2,77.45,NONE,0,EDGE_PASS,25.5,0.16,-0.47,-0.55,3.77,-73,0,163.1
795,43063099999,"PUNE, IN",2023-05-09T06:00:00Z,32.2,1007.7,52.6,NONE,0,EDGE_PASS,21.3,1.8,-0.4,-7.5,3.95,-76,0,134.7
796,42921099999,"NASIK CITY, IN",2023-05-09T07:00:00Z,36.0,1002.17,28.09,NONE,0,EDGE_PASS,14.7,1.0,-1.03,-1.78,3.96,-83,0,89.1
797,43003099999,"CHHATRAPATI SHIVAJI INTERNATIONAL, IN",2023-05-09T07:00:00Z,32.0,1009.0,62.68,NONE,0,EDGE_PASS,24.0,-0.6,-0.8,3.17,3.73,-81,0,87.1
798,43057099999,"BOMBAY COLABA, IN",2023-05-09T07:00:00Z,30.02,1007.73,76.92,NONE,0,EDGE_PASS,25.53,0.15,-0.47,-0.53,3.78,-73,0,87.0
799,43063099999,"PUNE, IN",2023-05-09T07:00:00Z,33.33,1006.53,46.98,NONE,0,EDGE_PASS,20.5,1.13,-1.17,-5.62,3.94,-77,0,87.0
800,42921099999,"NASIK CITY, IN",2023-05-09T08:00:00Z,37.0,1001.13,26.41,NONE,0,EDGE_PASS,14.6,1.0,-1.04,-1.68,3.96,-84,0,84.7
801,43003099999,"CHHATRAPATI SHIVAJI INTERNATIONAL, IN",2023-05-09T08:00:00Z,33.0,1008.0,59.24,NONE,0,EDGE_PASS,24.0,1.0,-1.0,-3.44,3.74,-82,0,85.0
802,43057099999,"BOMBAY COLABA, IN",2023-05-09T08:00:00Z,30.18,1007.27,76.38,NONE,0,EDGE_PASS,25.57,0.16,-0.46,-0.54,3.77,-72,0,107.6
803,43063099999,"PUNE, IN",2023-05-09T08:00:00Z,34.47,1005.37,41.96,NONE,0,EDGE_PASS,19.7,1.14,-1.16,-5.02,3.94,-78,0,86.1
804,42921099999,"NASIK CITY, IN",2023-05-09T09:00:00Z,38.0,1000.1,24.85,NONE,0,EDGE_PASS,14.5,1.0,-1.03,-1.56,3.97,-83,0,98.3
805,43003099999,"CHHATRAPATI SHIVAJI INTERNATIONAL, IN",2023-05-09T09:00:00Z,32.0,1007.0,62.68,NONE,0,EDGE_PASS,24.0,-1.0,-1.0,3.44,3.73,-83,0,88.5
806,43057099999,"BOMBAY COLABA, IN",2023-05-09T09:00:00Z,30.33,1006.8,75.85,NONE,0,EDGE_PASS,25.6,0.15,-0.47,-0.53,3.78,-71,0,89.9
807,43063099999,"PUNE, IN",2023-05-09T09:00:00Z,33.17,1005.29,47.5,NONE,0,EDGE_PASS,20.53,-1.3,-0.08,5.54,3.94,-78,0,87.3
808,42921099999,"NASIK CITY, IN",2023-05-09T10:00:00Z,37.17,999.67,27.03,NONE,0,EDGE_PASS,15.1,-0.83,-0.43,2.18,3.97,-83,0,88.7
809,43003099999,"CHHATRAPATI SHIVAJI INTERNATIONAL, IN",2023-05-09T10:00:00Z,32.0,1006.0,62.68,NONE,0,EDGE_PASS,24.0,0.0,-1.0,0.0,3.74,-83,0,84.2
810,43057099999,"BOMBAY COLABA, IN",2023-05-09T10:00:00Z,30.49,1006.33,75.33,NONE,0,EDGE_PASS,25.63,0.16,-0.47,-0.52,3.78,-73,0,84.9
811,43063099999,"PUNE, IN",2023-05-09T10:00:00Z,28.95,1006.51,65.63,NONE,0,EDGE_PASS,21.87,-4.22,1.22,18.13,3.95,-76,0,85.6
812,42921099999,"NASIK CITY, IN",2023-05-09T11:00:00Z,36.33,999.23,29.41,NONE,0,EDGE_PASS,15.7,-0.84,-0.44,2.38,3.98,-84,0,95.5
813,43003099999,"CHHATRAPATI SHIVAJI INTERNATIONAL, IN",2023-05-09T11:00:00Z,30.49,1005.68,68.92,NONE,0,EDGE_PASS,24.15,-1.51,-0.32,6.24,3.74,-84,0,87.7
814,43057099999,"BOMBAY COLABA, IN",2023-05-09T11:00:00Z,27.07,1007.47,89.53,NONE,0,EDGE_PASS,25.2,-3.42,1.14,14.2,3.79,-72,0,89.5
815,43063099999,"PUNE, IN",2023-05-09T11:00:00Z,29.31,1005.66,65.05,NONE,0,EDGE_PASS,22.07,0.36,-0.85,-0.58,3.94,-78,0,86.0
816,42921099999,"NASIK CITY, IN",2023-05-09T12:00:00Z,34.89,999.07,34.51,NONE,0,EDGE_PASS,16.96,-1.44,-0.16,5.1,3.98,-82,0,89.5
817,43003099999,"CHHATRAPATI SHIVAJI INTERNATIONAL, IN",2023-05-09T12:00:00Z,25.92,1007.83,84.28,NONE,0,EDGE_PASS,23.07,-4.57,2.15,15.36,3.73,-83,0,85.5
818,43057099999,"BOMBAY COLABA, IN",2023-05-09T12:00:00Z,24.69,1008.13,99.46,NONE,0,EDGE_PASS,24.6,-2.38,0.66,9.93,3.79,-71,0,85.2
819,43063099999,"PUNE, IN",2023-05-09T12:00:00Z,30.05,1004.67,63.23,NONE,0,EDGE_PASS,22.3,0.74,-0.99,-1.82,3.94,-79,0,84.8
820,42921099999,"NASIK CITY, IN",2023-05-09T13:00:00Z,29.13,1001.89,59.86,NONE,0,EDGE_PASS,20.54,-5.76,2.82,25.35,3.99,-82,0,85.7
821,43003099999,"CHHATRAPATI SHIVAJI INTERNATIONAL, IN",2023-05-09T13:00:00Z,25.49,1008.46,93.13,NONE,0,EDGE_PASS,24.3,-0.43,0.63,8.85,3.73,-83,0,88.4
822,43057099999,"BOMBAY COLABA, IN",2023-05-09T13:00:00Z,25.84,1007.82,95.14,NONE,0,EDGE_PASS,25.0,1.15,-0.31,-4.32,3.78,-71,0,95.8
823,43063099999,"PUNE, IN",2023-05-09T13:00:00Z,29.9,1005.2,63.93,NONE,0,EDGE_PASS,22.34,-0.15,0.53,0.7,3.94,-79,0,85.9
824,42921099999,"NASIK CITY, IN",2023-05-09T14:00:00Z,26.28,1003.39,75.29,NONE,0,EDGE_PASS,21.56,-2.85,1.5,15.43,3.98,-83,0,147.8
825,43003099999,"CHHATRAPATI SHIVAJI INTERNATIONAL, IN",2023-05-09T14:00:00Z,25.8,1007.88,91.9,NONE,0,EDGE_PASS,24.38,0.31,-0.58,-1.23,3.72,-82,0,132.2
826,43057099999,"BOMBAY COLABA, IN",2023-05-09T14:00:00Z,27.03,1007.49,90.68,NONE,0,EDGE_PASS,25.38,1.19,-0.33,-4.46,3.78,-70,0,88.3
827,43063099999,"PUNE, IN",2023-05-09T14:00:00Z,29.5,1005.83,66.14,NONE,0,EDGE_PASS,22.52,-0.4,0.63,2.21,3.94,-81,0,87.0
828,42921099999,"NASIK CITY, IN",2023-05-09T15:00:00Z,25.95,1003.78,83.04,NONE,0,EDGE_PASS,22.85,-0.33,0.39,7.75,3.99,-83,0,120.8
829,43003099999,"CHHATRAPATI SHIVAJI INTERNATIONAL, IN",2023-05-09T15:00:00Z,27.04,1008.01,87.19,NONE,0,EDGE_PASS,24.73,1.24,0.13,-4.71,3.72,-84,0,88.3
830,43057099999,"BOMBAY COLABA, IN",2023-05-09T15:00:00Z,27.92,1007.29,87.41,NONE,0,EDGE_PASS,25.64,0.89,-0.2,-3.27,3.79,-68,0,86.5
831,43063099999,"PUNE, IN",2023-05-09T15:00:00Z,28.92,1006.55,69.67,NONE,0,EDGE_PASS,22.83,-0.58,0.72,3.53,3.95,-82,0,105.0
832,42921099999,"NASIK CITY, IN",2023-05-09T16:00:00Z,26.3,1003.79,81.46,NONE,0,EDGE_PASS,22.87,0.35,0.01,-1.58,3.99,-81,0,90.5
833,43003099999,"CHHATRAPATI SHIVAJI INTERNATIONAL, IN",2023-05-09T16:00:00Z,27.63,1008.06,84.38,NONE,0,EDGE_PASS,24.76,0.59,0.05,-2.81,3.73,-82,0,90.9
834,43057099999,"BOMBAY COLABA, IN",2023-05-09T16:00:00Z,28.59,1007.19,85.08,NONE,0,EDGE_PASS,25.84,0.67,-0.1,-2.33,3.78,-70,0,85.3
835,43063099999,"PUNE, IN",2023-05-09T16:00:00Z,28.54,1006.89,69.84,NONE,0,EDGE_PASS,22.5,-0.38,0.34,0.17,3.95,-80,0,85.7
836,42921099999,"NASIK CITY, IN",2023-05-09T17:00:00Z,26.37,1003.95,81.2,NONE,0,EDGE_PASS,22.89,0.07,0.16,-0.26,4.0,-81,0,89.2
837,43003099999,"CHHATRAPATI SHIVAJI INTERNATIONAL, IN",2023-05-09T17:00:00Z,28.22,1008.8,81.95,NONE,0,EDGE_PASS,24.85,0.59,0.74,-2.43,3.72,-84,0,84.9
838,43057099999,"BOMBAY COLABA, IN",2023-05-09T17:00:00Z,29.09,1007.18,83.47,NONE,0,EDGE_PASS,26.0,0.5,-0.01,-1.61,3.78,-72,0,85.0
839,43063099999,"PUNE, IN",2023-05-09T17:00:00Z,28.05,1007.29,70.52,NONE,0,EDGE_PASS,22.19,-0.49,0.4,0.68,3.95,-78,0,93.4
840,42921099999,"NASIK CITY, IN",2023-05-09T18:00:00Z,26.22,1004.18,82.0,NONE,0,EDGE_PASS,22.91,-0.15,0.23,0.8,3.99,-80,0,85.7
841,43003099999,"CHHATRAPATI SHIVAJI INTERNATIONAL, IN",2023-05-09T18:00:00Z,28.66,1008.4,83.76,NONE,0,EDGE_PASS,25.64,0.44,-0.4,1.81,3.71,-82,0,115.4
842,43057099999,"BOMBAY COLABA, IN",2023-05-09T18:00:00Z,29.45,1007.21,82.39,NONE,0,EDGE_PASS,26.14,0.36,0.03,-1.08,3.78,-73,0,88.6
843,43063099999,"PUNE, IN",2023-05-09T18:00:00Z,27.49,1007.72,71.6,NONE,0,EDGE_PASS,21.91,-0.56,0.43,1.08,3.94,-77,0,92.4
844,42921099999,"NASIK CITY, IN",2023-05-09T19:00:00Z,26.13,1003.96,81.85,NONE,0,EDGE_PASS,22.79,-0.09,-0.22,-0.15,4.0,-80,0,87.7
845,43003099999,"CHHATRAPATI SHIVAJI INTERNATIONAL, IN",2023-05-09T19:00:00Z,27.99,1007.45,93.13,NONE,0,EDGE_PASS,26.78,-0.67,-0.95,9.37,3.72,-82,0,85.2
846,43057099999,"BOMBAY COLABA, IN",2023-05-09T19:00:00Z,29.72,1007.29,81.73,NONE,0,EDGE_PASS,26.26,0.27,0.08,-0.66,3.79,-75,0,97.2
847,43063099999,"PUNE, IN",2023-05-09T19:00:00Z,27.34,1007.31,73.22,NONE,0,EDGE_PASS,22.13,-0.15,-0.41,1.62,3.94,-77,0,84.9
848,42921099999,"NASIK CITY, IN",2023-05-09T20:00:00Z,25.91,1003.8,82.26,NONE,0,EDGE_PASS,22.66,-0.22,-0.16,0.41,4.0,-82,0,91.1
849,43003099999,"CHHATRAPATI SHIVAJI INTERNATIONAL, IN",2023-05-09T20:00:00Z,28.24,1007.34,92.1,NONE,0,EDGE_PASS,26.83,0.25,-0.11,-1.03,3.72,-83,0,85.9
850,43057099999,"BOMBAY COLABA, IN",2023-05-09T20:00:00Z,29.92,1007.41,81.36,NONE,0,EDGE_PASS,26.38,0.2,0.12,-0.37,3.8,-77,0,84.8
851,43063099999,"PUNE, IN",2023-05-09T20:00:00Z,27.53,1006.73,73.45,NONE,0,EDGE_PASS,22.36,0.19,-0.58,0.23,3.93,-78,0,89.5
852,42921099999,"NASIK CITY, IN",2023-05-09T21:00:00Z,25.61,1003.67,83.1,NONE,0,EDGE_PASS,22.53,-0.3,-0.13,0.84,3.99,-80,0,87.5
853,43003099999,"CHHATRAPATI SHIVAJI INTERNATIONAL, IN",2023-05-09T21:00:00Z,28.43,1007.25,91.32,NONE,0,EDGE_PASS,26.88,0.19,-0.09,-0.78,3.71,-83,0,85.8
854,43057099999,"BOMBAY COLABA, IN",2023-05-09T21:00:00Z,30.06,1007.55,81.24,NONE,0,EDGE_PASS,26.49,0.14,0.14,-0.12,3.8,-76,0,84.8
855,43063099999,"PUNE, IN",2023-05-09T21:00:00Z,27.2,1006.4,75.98,NONE,0,EDGE_PASS,22.6,-0.33,-0.33,2.53,3.92,-78,0,84.9
856,42921099999,"NASIK CITY, IN",2023-05-09T22:00:00Z,25.24,1003.58,84.3,NONE,0,EDGE_PASS,22.4,-0.37,-0.09,1.2,3.98,-82,0,84.6
857,43003099999,"CHHATRAPATI SHIVAJI INTERNATIONAL, IN",2023-05-09T22:00:00Z,28.57,1007.19,90.74,NONE,0,EDGE_PASS,26.91,0.14,-0.06,-0.58,3.7,-81,0,95.5
858,43057099999,"BOMBAY COLABA, IN",2023-05-09T22:00:00Z,30.53,1007.53,79.72,NONE,0,EDGE_PASS,26.63,0.47,-0.02,-1.52,3.8,-78,0,138.3
859,43063099999,"PUNE, IN",2023-05-09T22:00:00Z,26.67,1006.67,77.61,NONE,0,EDGE_PASS,22.44,-0.53,0.27,1.63,3.92,-80,0,139.2
860,42921099999,"NASIK CITY, IN",2023-05-09T23:00:00Z,24.81,1003.51,85.76,NONE,0,EDGE_PASS,22.26,-0.43,-0.07,1.46,3.99,-81,0,148.1
861,43003099999,"CHHATRAPATI SHIVAJI INTERNATIONAL, IN",2023-05-09T23:00:00Z,29.0,1007.0,88.98,NONE,0,EDGE_PASS,27.0,0.43,-0.19,-1.76,3.71,-81,0,135.5
862,43057099999,"BOMBAY COLABA, IN",2023-05-09T23:00:00Z,30.51,1007.75,80.28,NONE,0,EDGE_PASS,26.73,-0.02,0.22,0.56,3.79,-77,0,109.9
863,43063099999,"PUNE, IN",2023-05-09T23:00:00Z,26.13,1006.93,79.28,NONE,0,EDGE_PASS,22.26,-0.54,0.26,1.67,3.92,-82,0,95.7
864,42921099999,"NASIK CITY, IN",2023-05-10T00:00:00Z,24.7,1003.3,85.99,NONE,0,EDGE_PASS,22.2,-0.11,-0.21,0.23,3.99,-81,0,95.8
865,43003099999,"CHHATRAPATI SHIVAJI INTERNATIONAL, IN",2023-05-10T00:00:00Z,29.0,1007.1,81.91,NONE,0,EDGE_PASS,25.6,0.0,0.1,-7.07,3.71,-81,0,184.2
866,43057099999,"BOMBAY COLABA, IN",2023-05-10T00:00:00Z,30.48,1007.96,80.85,NONE,0,EDGE_PASS,26.82,-0.03,0.21,0.57,3.8,-75,0,142.4
867,43063099999,"PUNE, IN",2023-05-10T00:00:00Z,25.6,1007.2,81.0,NONE,0,EDGE_PASS,22.1,-0.53,0.27,1.72,3.91,-84,0,164.8
868,42921099999,"NASIK CITY, IN",2023-05-10T01:00:00Z,26.13,1003.5,77.37,NONE,0,EDGE_PASS,21.86,1.43,0.2,-8.62,3.98,-83,0,150.4
869,43003099999,"CHHATRAPATI SHIVAJI INTERNATIONAL, IN",2023-05-10T01:00:00Z,29.0,1007.0,83.88,NONE,0,EDGE_PASS,26.0,0.0,-0.1,1.97,3.71,-83,0,159.3
870,43057099999,"BOMBAY COLABA, IN",2023-05-10T01:00:00Z,30.45,1008.17,81.42,NONE,0,EDGE_PASS,26.91,-0.03,0.21,0.57,3.8,-76,1,175.6
871,43063099999,"PUNE, IN",2023-05-10T01:00:00Z,26.8,1007.3,75.91,NONE,0,EDGE_PASS,22.2,1.2,0.1,-5.09,3.92,-82,1,171.9
872,42921099999,"NASIK CITY, IN",2023-05-10T02:00:00Z,27.57,1003.7,69.67,NONE,0,EDGE_PASS,21.54,1.44,0.2,-7.7,3.98,-83,1,167.1
873,43003099999,"CHHATRAPATI SHIVAJI INTERNATIONAL, IN",2023-05-10T02:00:00Z,30.0,1008.0,79.18,NONE,0,EDGE_PASS,26.0,1.0,1.0,-4.7,3.71,-81,1,164.0
874,43057099999,"BOMBAY COLABA, IN",2023-05-10T02:00:00Z,30.43,1008.39,81.99,NONE,0,EDGE_PASS,27.01,-0.02,0.22,0.57,3.8,-75,2,117.2
875,43063099999,"PUNE, IN",2023-05-10T02:00:00Z,28.0,1007.4,71.19,NONE,0,EDGE_PASS,22.3,1.2,0.1,-4.72,3.91,-81,0,119.5
876,42921099999,"NASIK CITY, IN",2023-05-10T03:00:00Z,29.0,1003.9,62.8,NONE,0,EDGE_PASS,21.2,1.43,0.2,-6.87,3.99,-84,0,189.2
877,43003099999,"CHHATRAPATI SHIVAJI INTERNATIONAL, IN",2023-05-10T03:00:00Z,30.8,1008.4,70.41,NONE,0,EDGE_PASS,24.8,0.8,0.4,-8.77,3.71,-80,0,211.6
878,43057099999,"BOMBAY COLABA, IN",2023-05-10T03:00:00Z,30.4,1008.6,82.57,NONE,0,EDGE_PASS,27.1,-0.03,0.21,0.58,3.8,-75,0,178.3
879,43063099999,"PUNE, IN",2023-05-10T03:00:00Z,29.2,1007.5,66.8,NONE,0,EDGE_PASS,22.4,1.2,0.1,-4.39,3.92,-79,0,115.6
880,42921099999,"NASIK CITY, IN",2023-05-10T04:00:00Z,31.83,1003.13,44.3,NONE,0,EDGE_PASS,18.2,2.83,-0.77,-18.5,3.99,-85,0,101.7
881,43003099999,"CHHATRAPATI SHIVAJI INTERNATIONAL, IN",2023-05-10T04:00:00Z,32.0,1008.0,70.63,NONE,0,EDGE_PASS,26.0,1.2,-0.4,0.22,3.71,-80,0,89.0
882,43057099999,"BOMBAY COLABA, IN",2023-05-10T04:00:00Z,30.58,1008.14,82.26,NONE,0,EDGE_PASS,27.21,0.18,-0.46,-0.31,3.81,-76,0,90.7
883,43063099999,"PUNE, IN",2023-05-10T04:00:00Z,31.67,1006.87,51.19,NONE,0,EDGE_PASS,20.37,2.47,-0.63,-15.61,3.93,-79,0,85.5
884,42921099999,"NASIK CITY, IN",2023-05-10T05:00:00Z,34.67,1002.37,31.23,NONE,0,EDGE_PASS,15.2,2.84,-0.76,-13.07,3.99,-83,0,93.2
885,43003099999,"CHHATRAPATI SHIVAJI INTERNATIONAL, IN",2023-05-10T05:00:00Z,32.0,1008.0,74.93,NONE,0,EDGE_PASS,27.0,0.0,0.0,4.3,3.72,-78,0,102.9
886,43057099999,"BOMBAY COLABA, IN",2023-05-10T05:00:00Z,30.76,1007.69,81.96,NONE,0,EDGE_PASS,27.33,0.18,-0.45,-0.3,3.82,-77,0,157.1
887,43063099999,"PUNE, IN",2023-05-10T05:00:00Z,34.13,1006.23,39.25,NONE,0,EDGE_PASS,18.33,2.46,-0.64,-11.94,3.93,-78,0,355.3
888,42921099999,"NASIK CITY, IN",2023-05-10T06:00:00Z,37.5,1001.6,21.98,NONE,0,EDGE_PASS,12.2,2.83,-0.77,-9.25,3.98,-85,0,100.8
889,43003099999,"CHHATRAPATI SHIVAJI INTERNATIONAL, IN",2023-05-10T06:00:00Z,33.0,1008.0,70.81,NONE,0,EDGE_PASS,27.0,1.0,0.0,-4.12,3.71,-80,0,89.5
890,43057099999,"BOMBAY COLABA, IN",2023-05-10T06:00:00Z,30.93,1007.23,81.67,NONE,0,EDGE_PASS,27.43,0.17,-0.46,-0.29,3.82,-79,0,85.8
891,43063099999,"PUNE, IN",2023-05-10T06:00:00Z,36.6,1005.6,30.11,NONE,0,EDGE_PASS,16.3,2.47,-0.63,-9.14,3.94,-76,0,88.0
892,42921099999,"NASIK CITY, IN",2023-05-10T07:00:00Z,37.9,1000.67,20.95,NONE,0,EDGE_PASS,11.8,0.4,-0.93,-1.03,3.98,-84,0,86.6
893,43003099999,"CHHATRAPATI SHIVAJI INTERNATIONAL, IN",2023-05-10T07:00:00Z,33.0,1007.0,70.81,NONE,0,EDGE_PASS,27.0,0.0,-1.0,0.0,3.72,-80,0,89.0
894,43057099999,"BOMBAY COLABA, IN",2023-05-10T07:00:00Z,31.11,1006.78,81.37,NONE,0,EDGE_PASS,27.54,0.18,-0.45,-0.3,3.81,-81,0,84.4
895,43063099999,"PUNE, IN",2023-05-10T07:00:00Z,37.4,1004.07,25.96,NONE,0,EDGE_PASS,14.67,0.8,-1.53,-4.15,3.94,-78,0,86.1
896,42921099999,"NASIK CITY, IN",2023-05-10T08:00:00Z,38.3,999.73,19.96,NONE,0,EDGE_PASS,11.4,0.4,-0.94,-0.99,3.97,-82,0,91.8
897,43003099999,"CHHATRAPATI SHIVAJI INTERNATIONAL, IN",2023-05-10T08:00:00Z,33.0,1007.0,66.75,NONE,0,EDGE_PASS,26.0,0.0,0.0,-4.06,3.72,-79,0,88.8
898,43057099999,"BOMBAY COLABA, IN",2023-05-10T08:00:00Z,31.29,1006.32,81.07,NONE,0,EDGE_PASS,27.66,0.18,-0.46,-0.3,3.82,-81,0,85.9
899,43063099999,"PUNE, IN",2023-05-10T08:00:00Z,38.2,1002.53,22.35,NONE,0,EDGE_PASS,13.03,0.8,-1.54,-3.61,3.93,-79,0,89.3
900,42921099999,"NASIK CITY, IN",2023-05-10T09:00:00Z,38.7,998.8,19.02,NONE,0,EDGE_PASS,11.0,0.4,-0.93,-0.94,3.98,-83,0,123.4
901,43003099999,"CHHATRAPATI SHIVAJI INTERNATIONAL, IN",2023-05-10T09:00:00Z,33.2,1005.7,64.46,NONE,0,EDGE_PASS,25.6,0.2,-1.3,-2.29,3.72,-79,0,135.2
902,43057099999,"BOMBAY COLABA, IN",2023-05-10T09:00:00Z,31.47,1005.87,80.78,NONE,0,EDGE_PASS,27.77,0.18,-0.45,-0.29,3.82,-83,0,137.6
903,43063099999,"PUNE, IN",2023-05-10T09:00:00Z,39.0,1001.0,19.22,NONE,0,EDGE_PASS,11.4,0.8,-1.53,-3.13,3.93,-79,0,139.6
904,42921099999,"NASIK CITY, IN",2023-05-10T10:00:00Z,38.33,998.53,20.06,NONE,0,EDGE_PASS,11.5,-0.37,-0.27,1.04,3.97,-85,0,107.7
905,43003099999,"CHHATRAPATI SHIVAJI INTERNATIONAL, IN",2023-05-10T10:00:00Z,32.0,1005.0,74.93,NONE,0,EDGE_PASS,27.0,-1.2,-0.7,10.47,3.72,-77,0,91.3
906,43057099999,"BOMBAY COLABA, IN",2023-05-10T10:00:00Z,31.64,1005.41,80.49,NONE,0,EDGE_PASS,27.87,0.17,-0.46,-0.29,3.82,-84,0,85.8
907,43063099999,"PUNE, IN",2023-05-10T10:00:00Z,39.07,1001.0,19.71,NONE,0,EDGE_PASS,11.84,0.07,0.0,0.49,3.94,-81,0,84.4
908,42921099999,"NASIK CITY, IN",2023-05-10T11:00:00Z,37.97,998.27,21.15,NONE,0,EDGE_PASS,12.0,-0.36,-0.26,1.09,3.98,-84,0,82.3
909,43003099999,"CHHATRAPATI SHIVAJI INTERNATIONAL, IN",2023-05-10T11:00:00Z,33.0,1004.0,70.81,NONE,0,EDGE_PASS,27.0,1.0,-1.0,-4.12,3.72,-76,0,95.5
910,43057099999,"BOMBAY COLABA, IN",2023-05-10T11:00:00Z,31.82,1004.96,80.2,NONE,0,EDGE_PASS,27.99,0.18,-0.45,-0.29,3.82,-84,0,89.5
911,43063099999,"PUNE, IN",2023-05-10T11:00:00Z,39.13,1001.0,20.21,NONE,0,EDGE_PASS,12.27,0.06,0.0,0.5,3.94,-81,0,83.2
912,42921099999,"NASIK CITY, IN",2023-05-10T12:00:00Z,37.6,998.0,22.3,NONE,0,EDGE_PASS,12.5,-0.37,-0.27,1.15,3.97,-86,0,81.9
913,43003099999,"CHHATRAPATI SHIVAJI INTERNATIONAL, IN",2023-05-10T12:00:00Z,32.6,1004.3,66.67,NONE,0,EDGE_PASS,25.6,-0.4,0.3,-4.14,3.71,-78,0,86.4
914,43057099999,"BOMBAY COLABA, IN",2023-05-10T12:00:00Z,32.0,1004.5,79.91,NONE,0,EDGE_PASS,28.1,0.18,-0.46,-0.29,3.82,-86,0,84.0
915,43063099999,"PUNE, IN",2023-05-10T12:00:00Z,39.2,1001.0,20.72,NONE,0,EDGE_PASS,12.7,0.07,0.0,0.51,3.94,-80,0,83.4
916,42921099999,"NASIK CITY, IN",2023-05-10T13:00:00Z,35.93,998.9,23.48,NONE,0,EDGE_PASS,11.9,-1.67,0.9,1.18,3.98,-85,0,213.0
917,43003099999,"CHHATRAPATI SHIVAJI INTERNATIONAL, IN",2023-05-10T13:00:00Z,31.0,1004.0,79.31,NONE,0,EDGE_PASS,27.0,-1.6,-0.3,12.64,3.7,-79,0,160.1
918,43057099999,"BOMBAY COLABA, IN",2023-05-10T13:00:00Z,31.78,1004.71,80.66,NONE,0,EDGE_PASS,28.05,-0.22,0.21,0.75,3.83,-86,0,150.6
919,43063099999,"PUNE, IN",2023-05-10T13:00:00Z,36.73,1002.23,29.26,NONE,0,EDGE_PASS,15.96,-2.47,1.23,8.54,3.94,-82,0,137.7
920,42921099999,"NASIK CITY, IN",2023-05-10T14:00:00Z,34.27,999.8,24.75,NONE,0,EDGE_PASS,11.3,-1.66,0.9,1.27,3.99,-87,0,148.3
921,43003099999,"CHHATRAPATI SHIVAJI INTERNATIONAL, IN",2023-05-10T14:00:00Z,31.0,1005.0,79.31,NONE,0,EDGE_PASS,27.0,0.0,1.0,0.0,3.7,-80,0,136.7
922,43057099999,"BOMBAY COLABA, IN",2023-05-10T14:00:00Z,31.57,1004.92,81.42,NONE,0,EDGE_PASS,28.0,-0.21,0.21,0.76,3.83,-85,0,143.7
923,43063099999,"PUNE, IN",2023-05-10T14:00:00Z,34.27,1003.47,41.22,NONE,0,EDGE_PASS,19.24,-2.46,1.24,11.96,3.94,-84,0,144.9
924,42921099999,"NASIK CITY, IN",2023-05-10T15:00:00Z,32.6,1000.7,26.12,NONE,0,EDGE_PASS,10.7,-1.67,0.9,1.37,3.98,-85,0,138.7
925,43003099999,"CHHATRAPATI SHIVAJI INTERNATIONAL, IN",2023-05-10T15:00:00Z,30.0,1005.0,89.06,NONE,0,EDGE_PASS,28.0,-1.0,0.0,9.75,3.71,-81,0,156.8
926,43057099999,"BOMBAY COLABA, IN",2023-05-10T15:00:00Z,31.35,1005.12,82.19,NONE,0,EDGE_PASS,27.95,-0.22,0.2,0.77,3.82,-87,0,124.9
927,43063099999,"PUNE, IN",2023-05-10T15:00:00Z,31.8,1004.7,57.9,NONE,0,EDGE_PASS,22.5,-2.47,1.23,16.68,3.93,-85,0,146.5
928,42921099999,"NASIK CITY, IN",2023-05-10T16:00:00Z,31.27,1001.33,29.9,NONE,0,EDGE_PASS,11.6,-1.33,0.63,3.78,3.98,-87,0,122.0
929,43003099999,"CHHATRAPATI SHIVAJI INTERNATIONAL, IN",2023-05-10T16:00:00Z,30.0,1006.0,89.06,NONE,0,EDGE_PASS,28.0,0.0,1.0,0.0,3.71,-81,0,123.6
930,43057099999,"BOMBAY COLABA, IN",2023-05-10T16:00:00Z,31.13,1005.33,82.97,NONE,0,EDGE_PASS,27.9,-0.22,0.21,0.78,3.83,-88,0,103.8
931,43063099999,"PUNE, IN",2023-05-10T16:00:00Z,30.6,1005.3,63.14,NONE,0,EDGE_PASS,22.8,-1.2,0.6,5.24,3.92,-83,0,101.1
932,42921099999,"NASIK CITY, IN",2023-05-10T17:00:00Z,29.93,1001.97,34.25,NONE,0,EDGE_PASS,12.5,-1.34,0.64,4.35,3.98,-89,0,92.5
933,43003099999,"CHHATRAPATI SHIVAJI INTERNATIONAL, IN",2023-05-10T17:00:00Z,30.0,1007.0,83.99,NONE,0,EDGE_PASS,27.0,0.0,1.0,-5.07,3.7,-83,0,91.1
934,43057099999,"BOMBAY COLABA, IN",2023-05-10T17:00:00Z,30.92,1005.54,83.76,NONE,0,EDGE_PASS,27.85,-0.21,0.21,0.79,3.84,-87,0,103.7
935,43063099999,"PUNE, IN",2023-05-10T17:00:00Z,29.4,1005.9,68.9,NONE,0,EDGE_PASS,23.1,-1.2,0.6,5.76,3.92,-81,0,109.6
936,42921099999,"NASIK CITY, IN",2023-05-10T18:00:00Z,28.6,1002.6,39.24,NONE,0,EDGE_PASS,13.4,-1.33,0.63,4.99,3.98,-91,0,86.5
937,43003099999,"CHHATRAPATI SHIVAJI INTERNATIONAL, IN",2023-05-10T18:00:00Z,30.2,1007.0,82.54,NONE,0,EDGE_PASS,26.9,0.2,0.0,-1.45,3.71,-82,0,85.4
938,43057099999,"BOMBAY COLABA, IN",2023-05-10T18:00:00Z,30.7,1005.75,84.56,NONE,0,EDGE_PASS,27.8,-0.22,0.21,0.8,3.83,-87,0,85.4
939,43063099999,"PUNE, IN",2023-05-10T18:00:00Z,42.0,1006.5,98.5,PSYCHROMETRIC_VIOLATION,6,EDGE_ERR_THERMODYNAMIC_IMPOSSIBLE|EDGE_SUSPECT_STEP_SPIKE,41.71,12.6,0.6,29.6,3.91,-79,0,109.0
940,42921099999,"NASIK CITY, IN",2023-05-10T19:00:00Z,28.23,1002.5,41.86,NONE,0,EDGE_PASS,14.06,-0.37,-0.1,2.62,3.99,-92,0,86.0
941,43003099999,"CHHATRAPATI SHIVAJI INTERNATIONAL, IN",2023-05-10T19:00:00Z,30.0,1006.0,89.06,NONE,0,EDGE_PASS,28.0,-0.2,-1.0,6.52,3.71,-84,0,94.1
942,43057099999,"BOMBAY COLABA, IN",2023-05-10T19:00:00Z,30.48,1005.96,85.36,NONE,0,EDGE_PASS,27.75,-0.22,0.21,0.8,3.84,-88,0,86.1
943,43063099999,"PUNE, IN",2023-05-10T19:00:00Z,42.0,1006.53,98.5,PSYCHROMETRIC_VIOLATION,2,EDGE_ERR_THERMODYNAMIC_IMPOSSIBLE,41.71,0.0,0.03,0.0,3.91,-79,0,105.5
944,42921099999,"NASIK CITY, IN",2023-05-10T20:00:00Z,27.87,1002.4,44.65,NONE,0,EDGE_PASS,14.74,-0.36,-0.1,2.79,3.99,-93,0,91.9
945,43003099999,"CHHATRAPATI SHIVAJI INTERNATIONAL, IN",2023-05-10T20:00:00Z,30.0,1006.0,89.06,NONE,0,EDGE_PASS,28.0,0.0,0.0,0.0,3.71,-86,0,98.5
946,43057099999,"BOMBAY COLABA, IN",2023-05-10T20:00:00Z,30.27,1006.17,86.18,NONE,0,EDGE_PASS,27.7,-0.21,0.21,0.82,3.85,-87,0,93.6
947,43063099999,"PUNE, IN",2023-05-10T20:00:00Z,42.0,1006.57,98.5,PSYCHROMETRIC_VIOLATION,2,EDGE_ERR_THERMODYNAMIC_IMPOSSIBLE,41.71,0.0,0.04,0.0,3.91,-78,0,88.4
948,42921099999,"NASIK CITY, IN",2023-05-10T21:00:00Z,27.5,1002.3,47.61,NONE,0,EDGE_PASS,15.4,-0.37,-0.1,2.96,3.99,-95,0,93.3
949,43003099999,"CHHATRAPATI SHIVAJI INTERNATIONAL, IN",2023-05-10T21:00:00Z,30.0,1006.3,82.52,NONE,0,EDGE_PASS,26.7,0.0,0.3,-6.54,3.71,-88,0,86.1
950,43057099999,"BOMBAY COLABA, IN",2023-05-10T21:00:00Z,30.05,1006.38,87.0,NONE,0,EDGE_PASS,27.65,-0.22,0.21,0.82,3.85,-88,0,86.4
951,43063099999,"PUNE, IN",2023-05-10T21:00:00Z,42.0,1006.6,98.5,PSYCHROMETRIC_VIOLATION,2,EDGE_ERR_THERMODYNAMIC_IMPOSSIBLE,41.71,0.0,0.03,0.0,3.91,-77,0,89.0
952,42921099999,"NASIK CITY, IN",2023-05-10T22:00:00Z,27.0,1002.6,54.19,NONE,0,EDGE_PASS,16.97,-0.5,0.3,6.58,3.99,-94,0,104.9
953,43003099999,"CHHATRAPATI SHIVAJI INTERNATIONAL, IN",2023-05-10T22:00:00Z,30.0,1006.0,83.99,NONE,0,EDGE_PASS,27.0,0.0,-0.3,1.47,3.71,-86,0,97.4
954,43057099999,"BOMBAY COLABA, IN",2023-05-10T22:00:00Z,29.83,1006.58,87.84,NONE,0,EDGE_PASS,27.6,-0.22,0.2,0.84,3.85,-89,0,84.9
955,43063099999,"PUNE, IN",2023-05-10T22:00:00Z,42.0,1006.83,98.5,PSYCHROMETRIC_VIOLATION,2,EDGE_ERR_THERMODYNAMIC_IMPOSSIBLE,41.71,0.0,0.23,0.0,3.91,-77,0,120.6
956,42921099999,"NASIK CITY, IN",2023-05-10T23:00:00Z,26.5,1002.9,61.6,NONE,0,EDGE_PASS,18.53,-0.5,0.3,7.41,3.98,-92,0,85.6
957,43003099999,"CHHATRAPATI SHIVAJI INTERNATIONAL, IN",2023-05-10T23:00:00Z,30.0,1006.0,89.06,NONE,0,EDGE_PASS,28.0,0.0,0.0,5.07,3.71,-87,0,86.6
958,43057099999,"BOMBAY COLABA, IN",2023-05-10T23:00:00Z,29.62,1006.79,88.68,NONE,0,EDGE_PASS,27.55,-0.21,0.21,0.84,3.84,-87,0,137.6
959,43063099999,"PUNE, IN",2023-05-10T23:00:00Z,42.0,1007.07,98.5,PSYCHROMETRIC_VIOLATION,2,EDGE_ERR_THERMODYNAMIC_IMPOSSIBLE,41.71,0.0,0.24,0.0,3.92,-76,0,106.8
960,42921099999,"NASIK CITY, IN",2023-05-11T00:00:00Z,26.0,1003.2,69.95,NONE,0,EDGE_PASS,20.1,-0.5,0.3,8.35,3.99,-93,0,90.7
961,43003099999,"CHHATRAPATI SHIVAJI INTERNATIONAL, IN",2023-05-11T00:00:00Z,30.0,1007.0,83.99,NONE,0,EDGE_PASS,27.0,0.0,1.0,-5.07,3.72,-89,0,87.4
962,43057099999,"BOMBAY COLABA, IN",2023-05-11T00:00:00Z,29.4,1007.0,89.54,NONE,0,EDGE_PASS,27.5,-0.22,0.21,0.86,3.84,-89,0,108.4
963,43063099999,"PUNE, IN",2023-05-11T00:00:00Z,42.0,1007.3,98.5,PSYCHROMETRIC_VIOLATION,2,EDGE_ERR_THERMODYNAMIC_IMPOSSIBLE,41.71,0.0,0.23,0.0,3.93,-77,0,94.5
964,42921099999,"NASIK CITY, IN",2023-05-11T01:00:00Z,27.5,1003.6,61.82,NONE,0,EDGE_PASS,19.53,1.5,0.4,-8.13,4.0,-93,0,100.2
965,43003099999,"CHHATRAPATI SHIVAJI INTERNATIONAL, IN",2023-05-11T01:00:00Z,29.0,1007.0,88.98,NONE,0,EDGE_PASS,27.0,-1.0,0.0,4.99,3.71,-90,0,91.7
966,43057099999,"BOMBAY COLABA, IN",2023-05-11T01:00:00Z,29.53,1007.6,86.11,NONE,0,EDGE_PASS,26.96,0.13,0.6,-3.43,3.84,-91,0,85.8
967,43063099999,"PUNE, IN",2023-05-11T01:00:00Z,42.0,1007.67,98.5,PSYCHROMETRIC_VIOLATION,2,EDGE_ERR_THERMODYNAMIC_IMPOSSIBLE,41.71,0.0,0.37,0.0,3.94,-77,0,91.0
968,42921099999,"NASIK CITY, IN",2023-05-11T02:00:00Z,29.0,1004.0,54.68,NONE,0,EDGE_PASS,18.97,1.5,0.4,-7.14,4.0,-94,0,85.9
969,43003099999,"CHHATRAPATI SHIVAJI INTERNATIONAL, IN",2023-05-11T02:00:00Z,30.0,1008.0,83.99,NONE,0,EDGE_PASS,27.0,1.0,1.0,-4.99,3.71,-92,0,85.5
970,43057099999,"BOMBAY COLABA, IN",2023-05-11T02:00:00Z,29.67,1008.2,82.81,NONE,0,EDGE_PASS,26.44,0.14,0.6,-3.3,3.84,-93,0,85.3
971,43063099999,"PUNE, IN",2023-05-11T02:00:00Z,42.0,1008.03,98.5,PSYCHROMETRIC_VIOLATION,2,EDGE_ERR_THERMODYNAMIC_IMPOSSIBLE,41.71,0.0,0.36,0.0,3.93,-75,0,86.3
972,42921099999,"NASIK CITY, IN",2023-05-11T03:00:00Z,30.5,1004.4,48.41,NONE,0,EDGE_PASS,18.4,1.5,0.4,-6.27,3.99,-96,0,84.8
973,43003099999,"CHHATRAPATI SHIVAJI INTERNATIONAL, IN",2023-05-11T03:00:00Z,31.2,1008.6,72.18,NONE,0,EDGE_PASS,25.6,1.2,0.6,-11.81,3.71,-94,0,99.5
974,43057099999,"BOMBAY COLABA, IN",2023-05-11T03:00:00Z,29.8,1008.8,79.62,NONE,0,EDGE_PASS,25.9,0.13,0.6,-3.19,3.85,-93,0,106.5
975,43063099999,"PUNE, IN",2023-05-11T03:00:00Z,42.0,1008.4,98.5,PSYCHROMETRIC_VIOLATION,2,EDGE_ERR_THERMODYNAMIC_IMPOSSIBLE,41.71,0.0,0.37,0.0,3.93,-76,0,92.6
976,42921099999,"NASIK CITY, IN",2023-05-11T04:00:00Z,33.5,1003.57,32.9,NONE,0,EDGE_PASS,15.0,3.0,-0.83,-15.51,3.99,-97,0,85.3
977,43003099999,"CHHATRAPATI SHIVAJI INTERNATIONAL, IN",2023-05-11T04:00:00Z,32.0,1009.0,74.93,NONE,0,EDGE_PASS,27.0,0.8,0.4,2.75,3.71,-95,0,85.5
978,43057099999,"BOMBAY COLABA, IN",2023-05-11T04:00:00Z,31.2,1008.73,73.05,NONE,0,EDGE_PASS,25.8,1.4,-0.07,-6.57,3.85,-95,0,92.7
979,43063099999,"PUNE, IN",2023-05-11T04:00:00Z,43.87,1007.73,98.5,PSYCHROMETRIC_VIOLATION,2,EDGE_ERR_THERMODYNAMIC_IMPOSSIBLE,43.58,1.87,-0.67,0.0,3.93,-78,0,85.3
980,42921099999,"NASIK CITY, IN",2023-05-11T05:00:00Z,36.5,1002.73,22.31,NONE,0,EDGE_PASS,11.6,3.0,-0.84,-10.59,3.99,-99,0,84.8
981,43003099999,"CHHATRAPATI SHIVAJI INTERNATIONAL, IN",2023-05-11T05:00:00Z,34.0,1009.0,63.11,NONE,0,EDGE_PASS,26.0,2.0,0.0,-11.82,3.72,-93,0,85.1
982,43057099999,"BOMBAY COLABA, IN",2023-05-11T05:00:00Z,32.6,1008.67,67.07,NONE,0,EDGE_PASS,25.7,1.4,-0.06,-5.98,3.85,-94,0,83.8
983,43063099999,"PUNE, IN",2023-05-11T05:00:00Z,46.73,1007.07,98.5,PSYCHROMETRIC_VIOLATION,2,EDGE_ERR_THERMODYNAMIC_IMPOSSIBLE,46.43,2.86,-0.66,0.0,3.93,-79,0,88.3
984,42921099999,"NASIK CITY, IN",2023-05-11T06:00:00Z,39.5,1001.9,15.1,NONE,0,EDGE_PASS,8.2,3.0,-0.83,-7.21,3.98,-97,0,97.4
985,43003099999,"CHHATRAPATI SHIVAJI INTERNATIONAL, IN",2023-05-11T06:00:00Z,36.8,1008.2,54.06,NONE,0,EDGE_PASS,26.0,2.8,-0.8,-9.05,3.72,-91,0,132.4
986,43057099999,"BOMBAY COLABA, IN",2023-05-11T06:00:00Z,34.0,1008.6,61.63,NONE,0,EDGE_PASS,25.6,1.4,-0.07,-5.44,3.86,-92,0,109.8
987,43063099999,"PUNE, IN",2023-05-11T06:00:00Z,37.6,1006.4,21.29,NONE,12,EDGE_SUSPECT_STEP_SPIKE|EDGE_ERR_SENSOR_FROZEN,11.8,-9.13,-0.67,-77.21,3.94,-81,0,93.7
988,42921099999,"NASIK CITY, IN",2023-05-11T07:00:00Z,39.57,1001.07,14.71,NONE,0,EDGE_PASS,7.87,0.07,-0.83,-0.39,3.98,-97,0,95.1
989,43003099999,"CHHATRAPATI SHIVAJI INTERNATIONAL, IN",2023-05-11T07:00:00Z,35.0,1008.0,59.69,NONE,0,EDGE_PASS,26.0,-1.8,-0.2,5.63,3.72,-91,0,88.7
990,43057099999,"BOMBAY COLABA, IN",2023-05-11T07:00:00Z,33.73,1008.05,63.93,NONE,0,EDGE_PASS,25.96,-0.27,-0.55,2.3,3.86,-93,1,177.8
991,43063099999,"PUNE, IN",2023-05-11T07:00:00Z,38.53,1005.13,19.2,NONE,0,EDGE_PASS,11.0,0.93,-1.27,-2.09,3.94,-79,1,106.7
992,42921099999,"NASIK CITY, IN",2023-05-11T08:00:00Z,39.63,1000.23,14.32,NONE,0,EDGE_PASS,7.53,0.06,-0.84,-0.39,3.97,-96,1,151.9
993,43003099999,"CHHATRAPATI SHIVAJI INTERNATIONAL, IN",2023-05-11T08:00:00Z,34.0,1007.0,66.95,NONE,0,EDGE_PASS,27.0,-1.0,-1.0,7.26,3.71,-89,1,103.6
994,43057099999,"BOMBAY COLABA, IN",2023-05-11T08:00:00Z,33.47,1007.5,66.32,NONE,0,EDGE_PASS,26.34,-0.26,-0.55,2.39,3.87,-91,2,96.0
995,43063099999,"PUNE, IN",2023-05-11T08:00:00Z,39.47,1003.87,17.31,NONE,0,EDGE_PASS,10.21,0.94,-1.26,-1.89,3.95,-78,0,101.7
996,42921099999,"NASIK CITY, IN",2023-05-11T09:00:00Z,39.7,999.4,13.95,NONE,0,EDGE_PASS,7.2,0.07,-0.83,-0.37,3.96,-94,0,92.8
997,43003099999,"CHHATRAPATI SHIVAJI INTERNATIONAL, IN",2023-05-11T09:00:00Z,33.6,1007.0,69.68,NONE,0,EDGE_PASS,27.3,-0.4,0.0,2.73,3.7,-87,0,106.9
998,43057099999,"BOMBAY COLABA, IN",2023-05-11T09:00:00Z,33.2,1006.95,68.79,NONE,0,EDGE_PASS,26.7,-0.27,-0.55,2.47,3.87,-89,0,91.9
999,43063099999,"PUNE, IN",2023-05-11T09:00:00Z,40.4,1002.6,15.6,NONE,0,EDGE_PASS,9.4,0.93,-1.27,-1.71,3.95,-80,0,90.8
1000,42921099999,"NASIK CITY, IN",2023-05-11T10:00:00Z,39.53,998.97,14.08,NONE,0,EDGE_PASS,7.2,-0.17,-0.43,0.13,3.96,-92,0,86.9
1001,43003099999,"CHHATRAPATI SHIVAJI INTERNATIONAL, IN",2023-05-11T10:00:00Z,33.0,1006.0,66.75,NONE,0,EDGE_PASS,26.0,-0.6,-1.0,-2.93,3.71,-87,0,97.8
1002,43057099999,"BOMBAY COLABA, IN",2023-05-11T10:00:00Z,32.93,1006.4,71.36,NONE,0,EDGE_PASS,27.06,-0.27,-0.55,2.57,3.86,-90,0,83.6
1003,43063099999,"PUNE, IN",2023-05-11T10:00:00Z,39.87,1002.27,17.05,NONE,0,EDGE_PASS,10.3,-0.53,-0.33,1.45,3.96,-80,0,88.3
1004,42921099999,"NASIK CITY, IN",2023-05-11T11:00:00Z,39.37,998.53,14.2,NONE,0,EDGE_PASS,7.2,-0.16,-0.44,0.12,3.95,-92,0,85.6
1005,43003099999,"CHHATRAPATI SHIVAJI INTERNATIONAL, IN",2023-05-11T11:00:00Z,32.0,1005.0,74.93,NONE,0,EDGE_PASS,27.0,-1.0,-1.0,8.18,3.7,-85,0,87.2
1006,43057099999,"BOMBAY COLABA, IN",2023-05-11T11:00:00Z,32.67,1005.85,74.01,NONE,0,EDGE_PASS,27.44,-0.26,-0.55,2.65,3.86,-92,0,83.5
1007,43063099999,"PUNE, IN",2023-05-11T11:00:00Z,39.33,1001.93,18.63,NONE,0,EDGE_PASS,11.2,-0.54,-0.34,1.58,3.95,-79,0,85.5
1008,42921099999,"NASIK CITY, IN",2023-05-11T12:00:00Z,39.2,998.1,14.33,NONE,0,EDGE_PASS,7.2,-0.17,-0.43,0.13,3.96,-90,0,82.3
1009,43003099999,"CHHATRAPATI SHIVAJI INTERNATIONAL, IN",2023-05-11T12:00:00Z,33.2,1005.2,68.55,DRIFT,0,EDGE_PASS,26.64,1.2,0.2,-6.38,3.7,-87,0,84.8
1010,43057099999,"BOMBAY COLABA, IN",2023-05-11T12:00:00Z,32.4,1005.3,76.77,NONE,0,EDGE_PASS,27.8,-0.27,-0.55,2.76,3.85,-91,0,82.7
1011,43063099999,"PUNE, IN",2023-05-11T12:00:00Z,38.8,1001.6,20.35,NONE,0,EDGE_PASS,12.1,-0.53,-0.33,1.72,3.95,-81,0,82.4
1012,42921099999,"NASIK CITY, IN",2023-05-11T13:00:00Z,37.13,999.13,17.79,NONE,0,EDGE_PASS,8.73,-2.07,1.03,3.46,3.95,-90,0,83.3
1013,43003099999,"CHHATRAPATI SHIVAJI INTERNATIONAL, IN",2023-05-11T13:00:00Z,31.0,1005.0,84.71,DRIFT,0,EDGE_PASS,28.12,-2.2,-0.2,16.16,3.69,-88,0,87.5
1014,43057099999,"BOMBAY COLABA, IN",2023-05-11T13:00:00Z,32.28,1005.59,76.78,NONE,0,EDGE_PASS,27.69,-0.12,0.29,0.01,3.86,-89,0,83.4
1015,43063099999,"PUNE, IN",2023-05-11T13:00:00Z,36.73,1002.87,26.52,NONE,0,EDGE_PASS,14.43,-2.07,1.27,6.17,3.95,-82,0,105.0
1016,42921099999,"NASIK CITY, IN",2023-05-11T14:00:00Z,35.07,1000.17,22.1,NONE,0,EDGE_PASS,10.27,-2.06,1.04,4.31,3.94,-90,0,83.4
1017,43003099999,"CHHATRAPATI SHIVAJI INTERNATIONAL, IN",2023-05-11T14:00:00Z,30.0,1005.0,85.05,DRIFT,0,EDGE_PASS,27.21,-1.0,0.0,0.34,3.7,-87,0,85.2
1018,43057099999,"BOMBAY COLABA, IN",2023-05-11T14:00:00Z,32.16,1005.87,76.79,NONE,0,EDGE_PASS,27.57,-0.12,0.28,0.01,3.85,-91,0,88.9
1019,43063099999,"PUNE, IN",2023-05-11T14:00:00Z,34.67,1004.13,34.51,NONE,0,EDGE_PASS,16.77,-2.06,1.26,7.99,3.94,-83,0,93.6
1020,42921099999,"NASIK CITY, IN",2023-05-11T15:00:00Z,33.0,1001.2,27.47,NONE,0,EDGE_PASS,11.8,-2.07,1.03,5.37,3.95,-90,0,115.4
1021,43003099999,"CHHATRAPATI SHIVAJI INTERNATIONAL, IN",2023-05-11T15:00:00Z,30.4,1006.0,84.08,DRIFT,0,EDGE_PASS,27.41,0.4,1.0,-0.97,3.71,-85,0,101.9
1022,43057099999,"BOMBAY COLABA, IN",2023-05-11T15:00:00Z,32.04,1006.16,76.8,NONE,0,EDGE_PASS,27.46,-0.12,0.29,0.01,3.86,-89,0,100.2
1023,43063099999,"PUNE, IN",2023-05-11T15:00:00Z,32.6,1005.4,44.88,NONE,0,EDGE_PASS,19.1,-2.07,1.27,10.37,3.95,-83,0,98.0
1024,42921099999,"NASIK CITY, IN",2023-05-11T16:00:00Z,31.87,1001.87,29.28,NONE,0,EDGE_PASS,11.8,-1.13,0.67,1.81,3.96,-92,0,82.9
1025,43003099999,"CHHATRAPATI SHIVAJI INTERNATIONAL, IN",2023-05-11T16:00:00Z,30.0,1007.0,85.95,DRIFT,0,EDGE_PASS,27.39,-0.4,1.0,1.87,3.7,-85,0,81.6
1026,43057099999,"BOMBAY COLABA, IN",2023-05-11T16:00:00Z,31.92,1006.45,76.81,NONE,0,EDGE_PASS,27.35,-0.12,0.29,0.01,3.85,-90,0,85.4
1027,43063099999,"PUNE, IN",2023-05-11T16:00:00Z,31.07,1006.07,48.96,NONE,0,EDGE_PASS,19.1,-1.53,0.67,4.08,3.96,-81,0,80.9
1028,42921099999,"NASIK CITY, IN",2023-05-11T17:00:00Z,30.73,1002.53,31.24,NONE,0,EDGE_PASS,11.8,-1.14,0.66,1.96,3.96,-90,0,80.9
1029,43003099999,"CHHATRAPATI SHIVAJI INTERNATIONAL, IN",2023-05-11T17:00:00Z,30.0,1007.0,86.4,DRIFT,0,EDGE_PASS,27.48,0.0,0.0,0.45,3.71,-87,0,83.6
1030,43057099999,"BOMBAY COLABA, IN",2023-05-11T17:00:00Z,31.8,1006.73,76.83,NONE,0,EDGE_PASS,27.23,-0.12,0.28,0.02,3.86,-89,0,92.2
1031,43063099999,"PUNE, IN",2023-05-11T17:00:00Z,29.53,1006.73,53.47,NONE,0,EDGE_PASS,19.1,-1.54,0.66,4.51,3.96,-83,0,86.3
1032,42921099999,"NASIK CITY, IN",2023-05-11T18:00:00Z,29.6,1003.2,33.34,NONE,0,EDGE_PASS,11.8,-1.13,0.67,2.1,3.95,-90,0,81.6
1033,43003099999,"CHHATRAPATI SHIVAJI INTERNATIONAL, IN",2023-05-11T18:00:00Z,29.6,1007.8,86.31,DRIFT,0,EDGE_PASS,27.07,-0.4,0.8,-0.09,3.7,-87,0,85.8
1034,43057099999,"BOMBAY COLABA, IN",2023-05-11T18:00:00Z,31.68,1007.02,76.84,NONE,0,EDGE_PASS,27.12,-0.12,0.29,0.01,3.86,-90,0,80.0
1035,43063099999,"PUNE, IN",2023-05-11T18:00:00Z,28.0,1007.4,58.44,NONE,0,EDGE_PASS,19.1,-1.53,0.67,4.97,3.96,-85,0,85.2
1036,42921099999,"NASIK CITY, IN",2023-05-11T19:00:00Z,28.63,1003.0,37.82,NONE,0,EDGE_PASS,12.86,-0.97,-0.2,4.48,3.95,-91,0,101.1
1037,43003099999,"CHHATRAPATI SHIVAJI INTERNATIONAL, IN",2023-05-11T19:00:00Z,30.0,1008.0,87.3,DRIFT,0,EDGE_PASS,27.66,0.4,0.2,0.99,3.69,-87,0,99.4
1038,43057099999,"BOMBAY COLABA, IN",2023-05-11T19:00:00Z,31.56,1007.31,76.85,NONE,0,EDGE_PASS,27.01,-0.12,0.29,0.01,3.86,-88,0,83.9
1039,43063099999,"PUNE, IN",2023-05-11T19:00:00Z,27.4,1007.17,61.67,NONE,0,EDGE_PASS,19.4,-0.6,-0.23,3.23,3.95,-84,0,80.3
1040,42921099999,"NASIK CITY, IN",2023-05-11T20:00:00Z,27.67,1002.8,42.89,NONE,0,EDGE_PASS,13.94,-0.96,-0.2,5.07,3.95,-90,0,80.3
1041,43003099999,"CHHATRAPATI SHIVAJI INTERNATIONAL, IN",2023-05-11T20:00:00Z,30.0,1007.0,87.75,DRIFT,0,EDGE_PASS,27.75,0.0,-1.0,0.45,3.7,-88,0,80.6
1042,43057099999,"BOMBAY COLABA, IN",2023-05-11T20:00:00Z,31.44,1007.59,76.86,NONE,0,EDGE_PASS,26.89,-0.12,0.28,0.01,3.86,-90,0,78.7
1043,43063099999,"PUNE, IN",2023-05-11T20:00:00Z,26.8,1006.93,65.09,NONE,0,EDGE_PASS,19.7,-0.6,-0.24,3.42,3.96,-84,0,95.8
1044,42921099999,"NASIK CITY, IN",2023-05-11T21:00:00Z,26.7,1002.6,48.64,NONE,0,EDGE_PASS,15.0,-0.97,-0.2,5.75,3.96,-92,0,82.7
1045,43003099999,"CHHATRAPATI SHIVAJI INTERNATIONAL, IN",2023-05-11T21:00:00Z,30.0,1007.0,88.2,DRIFT,0,EDGE_PASS,27.83,0.0,0.0,0.45,3.71,-89,0,79.1
1046,43057099999,"BOMBAY COLABA, IN",2023-05-11T21:00:00Z,31.32,1007.88,76.88,NONE,0,EDGE_PASS,26.78,-0.12,0.29,0.02,3.86,-90,0,79.7
1047,43063099999,"PUNE, IN",2023-05-11T21:00:00Z,26.2,1006.7,68.7,NONE,0,EDGE_PASS,20.0,-0.6,-0.23,3.61,3.95,-85,0,96.5
1048,42921099999,"NASIK CITY, IN",2023-05-11T22:00:00Z,25.97,1003.0,49.71,NONE,0,EDGE_PASS,14.67,-0.73,0.4,1.07,3.95,-90,0,80.1
1049,43003099999,"CHHATRAPATI SHIVAJI INTERNATIONAL, IN",2023-05-11T22:00:00Z,29.0,1007.0,99.01,DRIFT,0,EDGE_PASS,28.83,-1.0,0.0,10.81,3.7,-91,0,80.3
1050,43057099999,"BOMBAY COLABA, IN",2023-05-11T22:00:00Z,31.2,1008.17,76.89,NONE,0,EDGE_PASS,26.67,-0.12,0.29,0.01,3.86,-88,0,80.0
1051,43063099999,"PUNE, IN",2023-05-11T22:00:00Z,26.0,1007.0,72.3,NONE,0,EDGE_PASS,20.63,-0.2,0.3,3.6,3.95,-87,0,80.1
1052,42921099999,"NASIK CITY, IN",2023-05-11T23:00:00Z,25.23,1003.4,50.82,NONE,0,EDGE_PASS,14.33,-0.74,0.4,1.11,3.96,-90,0,82.8
1053,43003099999,"CHHATRAPATI SHIVAJI INTERNATIONAL, IN",2023-05-11T23:00:00Z,29.0,1007.0,94.09,DRIFT,0,EDGE_PASS,27.95,0.0,0.0,-4.92,3.69,-89,0,81.5
1054,43057099999,"BOMBAY COLABA, IN",2023-05-11T23:00:00Z,31.08,1008.45,76.9,NONE,0,EDGE_PASS,26.55,-0.12,0.28,0.01,3.87,-87,0,80.3
1055,43063099999,"PUNE, IN",2023-05-11T23:00:00Z,25.8,1007.3,76.07,NONE,0,EDGE_PASS,21.27,-0.2,0.3,3.77,3.95,-86,0,89.2
1056,42921099999,"NASIK CITY, IN",2023-05-12T00:00:00Z,24.5,1003.8,51.96,NONE,0,EDGE_PASS,14.0,-0.73,0.4,1.14,3.96,-89,0,85.1
1057,43003099999,"CHHATRAPATI SHIVAJI INTERNATIONAL, IN",2023-05-12T00:00:00Z,29.2,1007.6,84.63,DRIFT,0,EDGE_PASS,26.35,0.2,0.6,-9.46,3.7,-90,0,178.2
1058,43057099999,"BOMBAY COLABA, IN",2023-05-12T00:00:00Z,30.96,1008.74,76.91,NONE,0,EDGE_PASS,26.44,-0.12,0.29,0.01,3.86,-87,0,142.3
1059,43063099999,"PUNE, IN",2023-05-12T00:00:00Z,25.6,1007.6,80.02,NONE,0,EDGE_PASS,21.9,-0.2,0.3,3.95,3.95,-87,0,99.5
1060,42921099999,"NASIK CITY, IN",2023-05-12T01:00:00Z,26.17,1004.0,48.81,NONE,0,EDGE_PASS,14.57,1.67,0.2,-3.15,3.97,-90,0,105.7
1061,43003099999,"CHHATRAPATI SHIVAJI INTERNATIONAL, IN",2023-05-12T01:00:00Z,29.0,1008.0,89.89,DRIFT,0,EDGE_PASS,27.17,-0.2,0.4,5.26,3.7,-90,0,113.1
1062,43057099999,"BOMBAY COLABA, IN",2023-05-12T01:00:00Z,30.84,1009.03,76.93,NONE,0,EDGE_PASS,26.33,-0.12,0.29,0.02,3.87,-89,0,91.6
1063,43063099999,"PUNE, IN",2023-05-12T01:00:00Z,26.93,1007.97,70.99,NONE,0,EDGE_PASS,21.23,1.33,0.37,-9.03,3.95,-89,0,91.8
1064,42921099999,"NASIK CITY, IN",2023-05-12T02:00:00Z,27.83,1004.2,45.9,NONE,0,EDGE_PASS,15.13,1.66,0.2,-2.91,3.98,-88,0,92.9
1065,43003099999,"CHHATRAPATI SHIVAJI INTERNATIONAL, IN",2023-05-12T02:00:00Z,29.0,1009.0,90.34,DRIFT,0,EDGE_PASS,27.26,0.0,1.0,0.45,3.71,-88,0,89.7
1066,43057099999,"BOMBAY COLABA, IN",2023-05-12T02:00:00Z,30.72,1009.31,76.94,NONE,0,EDGE_PASS,26.21,-0.12,0.28,0.01,3.88,-91,0,84.8
1067,43063099999,"PUNE, IN",2023-05-12T02:00:00Z,28.27,1008.33,63.02,NONE,0,EDGE_PASS,20.57,1.34,0.36,-7.97,3.96,-87,0,102.4
1068,42921099999,"NASIK CITY, IN",2023-05-12T03:00:00Z,29.5,1004.4,43.21,NONE,0,EDGE_PASS,15.7,1.67,0.2,-2.69,3.98,-89,0,95.6
1069,43003099999,"CHHATRAPATI SHIVAJI INTERNATIONAL, IN",2023-05-12T03:00:00Z,30.6,1009.4,77.29,DRIFT,0,EDGE_PASS,26.17,1.6,0.4,-13.05,3.71,-90,0,83.6
1070,43057099999,"BOMBAY COLABA, IN",2023-05-12T03:00:00Z,30.6,1009.6,76.95,NONE,0,EDGE_PASS,26.1,-0.12,0.29,0.01,3.87,-89,0,104.3
1071,43063099999,"PUNE, IN",2023-05-12T03:00:00Z,29.6,1008.7,55.98,NONE,0,EDGE_PASS,19.9,1.33,0.37,-7.04,3.95,-87,0,90.3
1072,42921099999,"NASIK CITY, IN",2023-05-12T04:00:00Z,31.87,1003.87,36.54,NONE,0,EDGE_PASS,15.2,2.37,-0.53,-6.67,3.97,-88,0,82.1
1073,43003099999,"CHHATRAPATI SHIVAJI INTERNATIONAL, IN",2023-05-12T04:00:00Z,33.0,1010.0,70.26,DRIFT,0,EDGE_PASS,26.87,2.4,0.6,-7.03,3.7,-89,0,81.5
1074,43057099999,"BOMBAY COLABA, IN",2023-05-12T04:00:00Z,30.76,1009.2,76.72,NONE,0,EDGE_PASS,26.2,0.16,-0.4,-0.23,3.87,-90,0,80.0
1075,43063099999,"PUNE, IN",2023-05-12T04:00:00Z,31.73,1008.07,44.37,NONE,0,EDGE_PASS,18.13,2.13,-0.63,-11.61,3.94,-85,0,82.1
1076,42921099999,"NASIK CITY, IN",2023-05-12T05:00:00Z,34.23,1003.33,30.97,NONE,0,EDGE_PASS,14.69,2.36,-0.54,-5.57,3.97,-89,0,85.2
1077,43003099999,"CHHATRAPATI SHIVAJI INTERNATIONAL, IN",2023-05-12T05:00:00Z,33.0,1009.0,74.56,DRIFT,0,EDGE_PASS,27.88,0.0,-1.0,4.3,3.71,-91,0,91.8
1078,43057099999,"BOMBAY COLABA, IN",2023-05-12T05:00:00Z,30.91,1008.8,76.49,NONE,0,EDGE_PASS,26.3,0.15,-0.4,-0.23,3.86,-88,0,93.3
1079,43063099999,"PUNE, IN",2023-05-12T05:00:00Z,33.87,1007.43,35.18,NONE,0,EDGE_PASS,16.37,2.14,-0.64,-9.19,3.93,-87,0,86.1
1080,42921099999,"NASIK CITY, IN",2023-05-12T06:00:00Z,36.6,1002.8,26.31,NONE,0,EDGE_PASS,14.2,2.37,-0.53,-4.66,3.98,-91,0,81.9
1081,43003099999,"CHHATRAPATI SHIVAJI INTERNATIONAL, IN",2023-05-12T06:00:00Z,34.0,1009.0,71.37,DRIFT,0,EDGE_PASS,28.09,1.0,0.0,-3.19,3.71,-89,0,92.6
1082,43057099999,"BOMBAY COLABA, IN",2023-05-12T06:00:00Z,31.07,1008.4,76.27,NONE,0,EDGE_PASS,26.4,0.16,-0.4,-0.22,3.86,-88,0,97.9
1083,43063099999,"PUNE, IN",2023-05-12T06:00:00Z,36.0,1006.8,27.9,NONE,0,EDGE_PASS,14.6,2.13,-0.63,-7.28,3.93,-88,0,82.8
1084,42921099999,"NASIK CITY, IN",2023-05-12T07:00:00Z,37.27,1001.8,22.95,NONE,0,EDGE_PASS,12.67,0.67,-1.0,-3.36,3.98,-90,0,90.4
1085,43003099999,"CHHATRAPATI SHIVAJI INTERNATIONAL, IN",2023-05-12T07:00:00Z,34.0,1008.0,71.82,DRIFT,0,EDGE_PASS,28.2,0.0,-1.0,0.45,3.7,-90,0,86.1
1086,43057099999,"BOMBAY COLABA, IN",2023-05-12T07:00:00Z,31.22,1008.0,76.04,NONE,0,EDGE_PASS,26.5,0.15,-0.4,-0.23,3.86,-90,0,94.1
1087,43063099999,"PUNE, IN",2023-05-12T07:00:00Z,37.33,1005.47,23.48,NONE,0,EDGE_PASS,13.07,1.33,-1.33,-4.42,3.94,-88,0,120.4
1088,42921099999,"NASIK CITY, IN",2023-05-12T08:00:00Z,37.93,1000.8,20.01,NONE,0,EDGE_PASS,11.13,0.66,-1.0,-2.94,3.98,-89,0,135.2
1089,43003099999,"CHHATRAPATI SHIVAJI INTERNATIONAL, IN",2023-05-12T08:00:00Z,34.0,1008.0,72.27,DRIFT,0,EDGE_PASS,28.31,0.0,0.0,0.45,3.71,-91,0,98.0
1090,43057099999,"BOMBAY COLABA, IN",2023-05-12T08:00:00Z,31.38,1007.6,75.81,NONE,0,EDGE_PASS,26.6,0.16,-0.4,-0.23,3.87,-88,0,123.2
1091,43063099999,"PUNE, IN",2023-05-12T08:00:00Z,38.67,1004.13,19.74,NONE,0,EDGE_PASS,11.53,1.34,-1.34,-3.74,3.94,-88,0,94.4
1092,42921099999,"NASIK CITY, IN",2023-05-12T09:00:00Z,38.6,999.8,17.42,NONE,0,EDGE_PASS,9.6,0.67,-1.0,-2.59,3.98,-87,0,82.1
1093,43003099999,"CHHATRAPATI SHIVAJI INTERNATIONAL, IN",2023-05-12T09:00:00Z,34.6,1007.1,71.74,DRIFT,0,EDGE_PASS,28.76,0.6,-0.9,-0.53,3.71,-92,0,81.4
1094,43057099999,"BOMBAY COLABA, IN",2023-05-12T09:00:00Z,31.53,1007.2,75.59,NONE,0,EDGE_PASS,26.7,0.15,-0.4,-0.22,3.86,-88,0,87.4
1095,43063099999,"PUNE, IN",2023-05-12T09:00:00Z,40.0,1002.8,16.59,NONE,0,EDGE_PASS,10.0,1.33,-1.33,-3.15,3.94,-87,0,81.0
1096,42921099999,"NASIK CITY, IN",2023-05-12T10:00:00Z,38.3,999.5,18.43,NONE,0,EDGE_PASS,10.2,-0.3,-0.3,1.01,3.98,-88,0,80.0
1097,43003099999,"CHHATRAPATI SHIVAJI INTERNATIONAL, IN",2023-05-12T10:00:00Z,34.0,1006.0,73.17,DRIFT,0,EDGE_PASS,28.52,-0.6,-1.1,1.43,3.72,-91,0,80.2
1098,43057099999,"BOMBAY COLABA, IN",2023-05-12T10:00:00Z,31.69,1006.8,75.37,NONE,0,EDGE_PASS,26.8,0.16,-0.4,-0.22,3.86,-89,0,80.2
1099,43063099999,"PUNE, IN",2023-05-12T10:00:00Z,39.33,1002.67,18.26,NONE,0,EDGE_PASS,10.89,-0.67,-0.13,1.67,3.94,-87,0,80.5
1100,42921099999,"NASIK CITY, IN",2023-05-12T11:00:00Z,38.0,999.2,19.5,NONE,0,EDGE_PASS,10.8,-0.3,-0.3,1.07,3.98,-90,0,84.7
1101,43003099999,"CHHATRAPATI SHIVAJI INTERNATIONAL, IN",2023-05-12T11:00:00Z,33.0,1006.0,81.32,DRIFT,0,EDGE_PASS,29.37,-1.0,0.0,8.15,3.71,-92,0,94.5
1102,43057099999,"BOMBAY COLABA, IN",2023-05-12T11:00:00Z,31.84,1006.4,75.15,NONE,0,EDGE_PASS,26.9,0.15,-0.4,-0.22,3.85,-89,0,83.6
1103,43063099999,"PUNE, IN",2023-05-12T11:00:00Z,38.67,1002.53,20.1,NONE,0,EDGE_PASS,11.81,-0.66,-0.14,1.84,3.94,-87,0,101.0
1104,42921099999,"NASIK CITY, IN",2023-05-12T12:00:00Z,37.7,998.9,20.62,NONE,0,EDGE_PASS,11.4,-0.3,-0.3,1.12,3.97,-92,0,83.5
1105,43003099999,"CHHATRAPATI SHIVAJI INTERNATIONAL, IN",2023-05-12T12:00:00Z,32.8,1005.8,82.57,DRIFT,0,EDGE_PASS,29.44,-0.2,-0.2,1.25,3.71,-93,0,88.5
1106,43057099999,"BOMBAY COLABA, IN",2023-05-12T12:00:00Z,32.0,1006.0,74.93,NONE,0,EDGE_PASS,27.0,0.16,-0.4,-0.22,3.84,-87,0,80.8
1107,43063099999,"PUNE, IN",2023-05-12T12:00:00Z,38.0,1002.4,22.1,NONE,0,EDGE_PASS,12.7,-0.67,-0.13,2.0,3.94,-87,0,88.1
1108,42921099999,"NASIK CITY, IN",2023-05-12T13:00:00Z,35.8,999.87,27.2,NONE,0,EDGE_PASS,14.03,-1.9,0.97,6.58,3.97,-93,0,79.4
1109,43003099999,"CHHATRAPATI SHIVAJI INTERNATIONAL, IN",2023-05-12T13:00:00Z,31.0,1006.0,95.51,DRIFT,0,EDGE_PASS,30.2,-1.8,0.2,12.94,3.7,-95,0,81.2
1110,43057099999,"BOMBAY COLABA, IN",2023-05-12T13:00:00Z,31.89,1006.27,75.32,NONE,0,EDGE_PASS,26.98,-0.11,0.27,0.39,3.84,-86,1,122.9
1111,43063099999,"PUNE, IN",2023-05-12T13:00:00Z,36.13,1003.23,28.79,NONE,0,EDGE_PASS,15.2,-1.87,0.83,6.69,3.93,-86,1,102.4
1112,42921099999,"NASIK CITY, IN",2023-05-12T14:00:00Z,33.9,1000.83,35.79,NONE,0,EDGE_PASS,16.67,-1.9,0.96,8.59,3.97,-95,1,88.7
1113,43003099999,"CHHATRAPATI SHIVAJI INTERNATIONAL, IN",2023-05-12T14:00:00Z,30.0,1006.0,100.0,DRIFT,0,EDGE_PASS,30.0,-1.0,0.0,4.49,3.71,-97,1,92.2
1114,43057099999,"BOMBAY COLABA, IN",2023-05-12T14:00:00Z,31.79,1006.53,75.72,NONE,0,EDGE_PASS,26.98,-0.1,0.26,0.4,3.85,-86,2,83.7
1115,43063099999,"PUNE, IN",2023-05-12T14:00:00Z,34.27,1004.07,37.44,NONE,0,EDGE_PASS,17.7,-1.86,0.84,8.65,3.94,-88,0,89.0
1116,42921099999,"NASIK CITY, IN",2023-05-12T15:00:00Z,32.0,1001.8,47.01,NONE,0,EDGE_PASS,19.3,-1.9,0.97,11.22,3.98,-96,0,90.7
1117,43003099999,"CHHATRAPATI SHIVAJI INTERNATIONAL, IN",2023-05-12T15:00:00Z,30.4,1006.5,96.34,DRIFT,0,EDGE_PASS,29.75,0.4,0.5,-3.66,3.71,-95,0,164.0
1118,43057099999,"BOMBAY COLABA, IN",2023-05-12T15:00:00Z,31.68,1006.8,76.12,NONE,0,EDGE_PASS,26.96,-0.11,0.27,0.4,3.85,-88,0,129.2
1119,43063099999,"PUNE, IN",2023-05-12T15:00:00Z,32.4,1004.9,48.6,NONE,0,EDGE_PASS,20.2,-1.87,0.83,11.16,3.94,-86,0,129.5
1120,42921099999,"NASIK CITY, IN",2023-05-12T16:00:00Z,30.83,1002.33,42.93,NONE,0,EDGE_PASS,16.8,-1.17,0.53,-4.08,3.99,-98,0,89.8
1121,43003099999,"CHHATRAPATI SHIVAJI INTERNATIONAL, IN",2023-05-12T16:00:00Z,30.0,1007.0,100.0,DRIFT,0,EDGE_PASS,30.0,-0.4,0.5,3.66,3.7,-94,0,96.4
1122,43057099999,"BOMBAY COLABA, IN",2023-05-12T16:00:00Z,31.57,1007.07,76.52,NONE,0,EDGE_PASS,26.94,-0.11,0.27,0.4,3.84,-87,0,88.7
1123,43063099999,"PUNE, IN",2023-05-12T16:00:00Z,31.2,1005.67,48.59,NONE,0,EDGE_PASS,19.1,-1.2,0.77,-0.01,3.95,-88,0,84.4
1124,42921099999,"NASIK CITY, IN",2023-05-12T17:00:00Z,29.67,1002.87,39.11,NONE,0,EDGE_PASS,14.3,-1.16,0.54,-3.82,3.98,-100,0,152.4
1125,43003099999,"CHHATRAPATI SHIVAJI INTERNATIONAL, IN",2023-05-12T17:00:00Z,30.0,1008.0,100.0,DRIFT,0,EDGE_PASS,30.0,0.0,1.0,0.0,3.7,-93,0,125.3
1126,43057099999,"BOMBAY COLABA, IN",2023-05-12T17:00:00Z,31.47,1007.33,76.93,NONE,0,EDGE_PASS,26.94,-0.1,0.26,0.41,3.85,-87,0,115.2
1127,43063099999,"PUNE, IN",2023-05-12T17:00:00Z,30.0,1006.43,48.58,NONE,0,EDGE_PASS,18.0,-1.2,0.76,-0.01,3.94,-86,0,92.2
1128,42921099999,"NASIK CITY, IN",2023-05-12T18:00:00Z,28.5,1003.4,35.53,NONE,0,EDGE_PASS,11.8,-1.17,0.53,-3.58,3.99,-102,0,88.2
1129,43003099999,"CHHATRAPATI SHIVAJI INTERNATIONAL, IN",2023-05-12T18:00:00Z,30.0,1008.0,100.0,DRIFT,0,EDGE_PASS,30.0,0.0,0.0,0.0,3.71,-91,0,91.6
1130,43057099999,"BOMBAY COLABA, IN",2023-05-12T18:00:00Z,31.36,1007.6,77.34,NONE,0,EDGE_PASS,26.92,-0.11,0.27,0.41,3.85,-86,0,87.4
1131,43063099999,"PUNE, IN",2023-05-12T18:00:00Z,28.8,1007.2,48.57,NONE,0,EDGE_PASS,16.9,-1.2,0.77,-0.01,3.94,-85,0,83.4
1132,42921099999,"NASIK CITY, IN",2023-05-12T19:00:00Z,27.73,1003.07,37.9,NONE,0,EDGE_PASS,12.1,-0.77,-0.33,2.37,4.0,-102,0,101.1
1133,43003099999,"CHHATRAPATI SHIVAJI INTERNATIONAL, IN",2023-05-12T19:00:00Z,30.0,1008.0,100.0,DRIFT,0,EDGE_PASS,30.0,0.0,0.0,0.0,3.7,-90,0,92.7
1134,43057099999,"BOMBAY COLABA, IN",2023-05-12T19:00:00Z,31.25,1007.87,77.75,NONE,0,EDGE_PASS,26.9,-0.11,0.27,0.41,3.84,-87,0,91.0
1135,43063099999,"PUNE, IN",2023-05-12T19:00:00Z,28.27,1006.9,52.59,NONE,0,EDGE_PASS,17.67,-0.53,-0.3,4.02,3.94,-85,0,84.1
1136,42921099999,"NASIK CITY, IN",2023-05-12T20:00:00Z,26.97,1002.73,40.43,NONE,0,EDGE_PASS,12.4,-0.76,-0.34,2.53,4.0,-103,0,82.3
1137,43003099999,"CHHATRAPATI SHIVAJI INTERNATIONAL, IN",2023-05-12T20:00:00Z,30.0,1007.0,98.55,DRIFT,0,EDGE_PASS,29.75,0.0,-1.0,-1.45,3.7,-90,0,82.8
1138,43057099999,"BOMBAY COLABA, IN",2023-05-12T20:00:00Z,31.15,1008.13,78.16,NONE,0,EDGE_PASS,26.9,-0.1,0.26,0.41,3.83,-89,0,86.6
1139,43063099999,"PUNE, IN",2023-05-12T20:00:00Z,27.73,1006.6,56.94,NONE,0,EDGE_PASS,18.43,-0.54,-0.3,4.35,3.93,-86,0,90.6
1140,42921099999,"NASIK CITY, IN",2023-05-12T21:00:00Z,26.2,1002.4,43.14,NONE,0,EDGE_PASS,12.7,-0.77,-0.33,2.71,4.0,-102,0,87.9
1141,43003099999,"CHHATRAPATI SHIVAJI INTERNATIONAL, IN",2023-05-12T21:00:00Z,29.8,1006.8,96.06,DRIFT,0,EDGE_PASS,29.1,-0.2,-0.2,-2.49,3.7,-91,0,83.0
1142,43057099999,"BOMBAY COLABA, IN",2023-05-12T21:00:00Z,31.04,1008.4,78.57,NONE,0,EDGE_PASS,26.88,-0.11,0.27,0.41,3.84,-88,0,86.1
1143,43063099999,"PUNE, IN",2023-05-12T21:00:00Z,27.2,1006.3,61.63,NONE,0,EDGE_PASS,19.2,-0.53,-0.3,4.69,3.92,-88,0,104.3
1144,42921099999,"NASIK CITY, IN",2023-05-12T22:00:00Z,25.97,1002.67,44.71,NONE,0,EDGE_PASS,13.04,-0.23,0.27,1.57,4.0,-100,0,129.9
1145,43003099999,"CHHATRAPATI SHIVAJI INTERNATIONAL, IN",2023-05-12T22:00:00Z,30.0,1007.0,99.45,DRIFT,0,EDGE_PASS,29.9,0.2,0.2,3.39,3.69,-90,0,134.4
1146,43057099999,"BOMBAY COLABA, IN",2023-05-12T22:00:00Z,30.93,1008.67,78.99,NONE,0,EDGE_PASS,26.86,-0.11,0.27,0.42,3.84,-90,0,144.0
1147,43063099999,"PUNE, IN",2023-05-12T22:00:00Z,26.6,1006.6,63.32,NONE,0,EDGE_PASS,19.07,-0.6,0.3,1.69,3.91,-86,0,105.2
1148,42921099999,"NASIK CITY, IN",2023-05-12T23:00:00Z,25.73,1002.93,46.33,NONE,0,EDGE_PASS,13.36,-0.24,0.26,1.62,4.0,-102,0,89.6
1149,43003099999,"CHHATRAPATI SHIVAJI INTERNATIONAL, IN",2023-05-12T23:00:00Z,29.0,1007.0,100.0,DRIFT,0,EDGE_PASS,29.0,-1.0,0.0,0.55,3.7,-92,0,84.0
1150,43057099999,"BOMBAY COLABA, IN",2023-05-12T23:00:00Z,30.83,1008.93,79.41,NONE,0,EDGE_PASS,26.86,-0.1,0.26,0.42,3.83,-88,0,83.6
1151,43063099999,"PUNE, IN",2023-05-12T23:00:00Z,26.0,1006.9,65.06,NONE,0,EDGE_PASS,18.93,-0.6,0.3,1.74,3.91,-85,0,83.6
1152,42921099999,"NASIK CITY, IN",2023-05-13T00:00:00Z,25.5,1003.2,48.01,NONE,0,EDGE_PASS,13.7,-0.23,0.27,1.68,4.0,-101,0,108.7
1153,43003099999,"CHHATRAPATI SHIVAJI INTERNATIONAL, IN",2023-05-13T00:00:00Z,29.4,1007.1,99.79,DRIFT,0,EDGE_PASS,29.36,0.4,0.1,-0.21,3.69,-93,0,131.3
1154,43057099999,"BOMBAY COLABA, IN",2023-05-13T00:00:00Z,30.72,1009.2,79.84,NONE,0,EDGE_PASS,26.84,-0.11,0.27,0.43,3.83,-86,0,88.5
1155,43063099999,"PUNE, IN",2023-05-13T00:00:00Z,25.4,1007.2,66.86,NONE,0,EDGE_PASS,18.8,-0.6,0.3,1.8,3.91,-87,0,90.4
1156,42921099999,"NASIK CITY, IN",2023-05-13T01:00:00Z,26.4,1003.77,49.08,NONE,0,EDGE_PASS,14.87,0.9,0.57,1.07,4.0,-101,0,83.6
1157,43003099999,"CHHATRAPATI SHIVAJI INTERNATIONAL, IN",2023-05-13T01:00:00Z,30.0,1008.0,83.99,NONE,0,EDGE_PASS,27.0,0.6,0.9,-15.8,3.69,-92,0,82.5
1158,43057099999,"BOMBAY COLABA, IN",2023-05-13T01:00:00Z,30.61,1009.47,80.26,NONE,0,EDGE_PASS,26.82,-0.11,0.27,0.42,3.83,-84,0,82.4
1159,43063099999,"PUNE, IN",2023-05-13T01:00:00Z,26.93,1007.77,59.92,NONE,0,EDGE_PASS,18.5,1.53,0.57,-6.94,3.92,-87,0,82.4
1160,42921099999,"NASIK CITY, IN",2023-05-13T02:00:00Z,27.3,1004.33,50.17,NONE,0,EDGE_PASS,16.03,0.9,0.56,1.09,4.0,-99,0,87.7
1161,43003099999,"CHHATRAPATI SHIVAJI INTERNATIONAL, IN",2023-05-13T02:00:00Z,30.0,1009.0,83.99,NONE,0,EDGE_PASS,27.0,0.0,1.0,0.0,3.7,-94,0,90.0
1162,43057099999,"BOMBAY COLABA, IN",2023-05-13T02:00:00Z,30.51,1009.73,80.69,NONE,0,EDGE_PASS,26.82,-0.1,0.26,0.43,3.83,-85,0,83.4
1163,43063099999,"PUNE, IN",2023-05-13T02:00:00Z,28.47,1008.33,53.76,NONE,0,EDGE_PASS,18.2,1.54,0.56,-6.16,3.93,-85,0,92.6
1164,42921099999,"NASIK CITY, IN",2023-05-13T03:00:00Z,28.2,1004.9,51.26,NONE,0,EDGE_PASS,17.2,0.9,0.57,1.09,3.99,-101,0,96.3
1165,43003099999,"CHHATRAPATI SHIVAJI INTERNATIONAL, IN",2023-05-13T03:00:00Z,31.4,1009.7,73.51,NONE,0,EDGE_PASS,26.1,1.4,0.7,-10.48,3.71,-92,0,82.0
1166,43057099999,"BOMBAY COLABA, IN",2023-05-13T03:00:00Z,30.4,1010.0,81.12,NONE,0,EDGE_PASS,26.8,-0.11,0.27,0.43,3.82,-85,0,95.0
1167,43063099999,"PUNE, IN",2023-05-13T03:00:00Z,30.0,1008.9,48.28,NONE,0,EDGE_PASS,17.9,1.53,0.57,-5.48,3.92,-84,0,85.2
1168,42921099999,"NASIK CITY, IN",2023-05-13T04:00:00Z,30.67,1004.5,44.93,NONE,0,EDGE_PASS,17.37,2.47,-0.4,-6.33,3.99,-99,0,82.1
1169,43003099999,"CHHATRAPATI SHIVAJI INTERNATIONAL, IN",2023-05-13T04:00:00Z,32.0,1010.0,74.93,NONE,0,EDGE_PASS,27.0,0.6,0.3,1.42,3.72,-94,0,82.7
1170,43057099999,"BOMBAY COLABA, IN",2023-05-13T04:00:00Z,30.69,1009.73,79.22,NONE,0,EDGE_PASS,26.68,0.29,-0.27,-1.9,3.82,-83,0,81.5
1171,43063099999,"PUNE, IN",2023-05-13T04:00:00Z,31.87,1008.37,40.74,NONE,0,EDGE_PASS,16.9,1.87,-0.53,-7.54,3.92,-85,0,90.5
1172,42921099999,"NASIK CITY, IN",2023-05-13T05:00:00Z,33.13,1004.1,39.47,NONE,0,EDGE_PASS,17.53,2.46,-0.4,-5.46,3.98,-98,0,84.4
1173,43003099999,"CHHATRAPATI SHIVAJI INTERNATIONAL, IN",2023-05-13T05:00:00Z,33.0,1010.0,66.75,NONE,0,EDGE_PASS,26.0,1.0,0.0,-8.18,3.71,-96,0,87.5
1174,43057099999,"BOMBAY COLABA, IN",2023-05-13T05:00:00Z,30.98,1009.47,77.36,NONE,0,EDGE_PASS,26.56,0.29,-0.26,-1.86,3.82,-84,0,87.1
1175,43063099999,"PUNE, IN",2023-05-13T05:00:00Z,33.73,1007.83,34.4,NONE,0,EDGE_PASS,15.89,1.86,-0.54,-6.34,3.92,-84,0,86.4
1176,42921099999,"NASIK CITY, IN",2023-05-13T06:00:00Z,35.6,1003.7,34.77,NONE,0,EDGE_PASS,17.7,2.47,-0.4,-4.7,3.98,-99,0,82.6
1177,43003099999,"CHHATRAPATI SHIVAJI INTERNATIONAL, IN",2023-05-13T06:00:00Z,34.4,1010.2,58.5,NONE,0,EDGE_PASS,25.1,1.4,0.2,-8.25,3.71,-95,0,83.2
1178,43057099999,"BOMBAY COLABA, IN",2023-05-13T06:00:00Z,31.27,1009.2,75.55,NONE,0,EDGE_PASS,26.44,0.29,-0.27,-1.81,3.82,-84,0,83.2
1179,43063099999,"PUNE, IN",2023-05-13T06:00:00Z,35.6,1007.3,29.08,NONE,0,EDGE_PASS,14.9,1.87,-0.53,-5.32,3.93,-82,0,87.1
1180,42921099999,"NASIK CITY, IN",2023-05-13T07:00:00Z,36.23,1002.73,30.21,NONE,0,EDGE_PASS,16.03,0.63,-0.97,-4.56,3.98,-98,0,82.7
1181,43003099999,"CHHATRAPATI SHIVAJI INTERNATIONAL, IN",2023-05-13T07:00:00Z,34.0,1009.0,63.11,NONE,0,EDGE_PASS,26.0,-0.4,-1.2,4.61,3.71,-95,0,83.1
1182,43057099999,"BOMBAY COLABA, IN",2023-05-13T07:00:00Z,31.56,1008.93,73.78,NONE,0,EDGE_PASS,26.31,0.29,-0.27,-1.77,3.83,-83,0,107.9
1183,43063099999,"PUNE, IN",2023-05-13T07:00:00Z,36.33,1006.43,28.23,NONE,0,EDGE_PASS,15.06,0.73,-0.87,-0.85,3.92,-80,0,85.2
1184,42921099999,"NASIK CITY, IN",2023-05-13T08:00:00Z,36.87,1001.77,26.21,NONE,0,EDGE_PASS,14.37,0.64,-0.96,-4.0,3.98,-98,0,83.0
1185,43003099999,"CHHATRAPATI SHIVAJI INTERNATIONAL, IN",2023-05-13T08:00:00Z,33.0,1009.0,70.81,NONE,0,EDGE_PASS,27.0,-1.0,0.0,7.7,3.7,-95,0,88.8
1186,43057099999,"BOMBAY COLABA, IN",2023-05-13T08:00:00Z,31.84,1008.67,72.06,NONE,0,EDGE_PASS,26.19,0.28,-0.26,-1.72,3.83,-85,0,94.3
1187,43063099999,"PUNE, IN",2023-05-13T08:00:00Z,37.07,1005.57,27.41,NONE,0,EDGE_PASS,15.23,0.74,-0.86,-0.82,3.93,-79,0,84.3
1188,42921099999,"NASIK CITY, IN",2023-05-13T09:00:00Z,37.5,1000.8,22.71,NONE,0,EDGE_PASS,12.7,0.63,-0.97,-3.5,3.97,-100,0,83.3
1189,43003099999,"CHHATRAPATI SHIVAJI INTERNATIONAL, IN",2023-05-13T09:00:00Z,34.0,1008.3,62.74,NONE,0,EDGE_PASS,25.9,1.0,-0.7,-8.07,3.7,-97,0,83.2
1190,43057099999,"BOMBAY COLABA, IN",2023-05-13T09:00:00Z,32.13,1008.4,70.38,NONE,0,EDGE_PASS,26.06,0.29,-0.27,-1.68,3.83,-85,0,87.5
1191,43063099999,"PUNE, IN",2023-05-13T09:00:00Z,37.8,1004.7,26.62,NONE,0,EDGE_PASS,15.4,0.73,-0.87,-0.79,3.93,-79,0,85.3
1192,42921099999,"NASIK CITY, IN",2023-05-13T10:00:00Z,37.17,1000.47,24.85,NONE,0,EDGE_PASS,13.8,-0.33,-0.33,2.14,3.96,-101,0,82.5
1193,43003099999,"CHHATRAPATI SHIVAJI INTERNATIONAL, IN",2023-05-13T10:00:00Z,33.0,1007.0,70.81,NONE,0,EDGE_PASS,27.0,-1.0,-1.3,8.07,3.7,-97,0,85.4
1194,43057099999,"BOMBAY COLABA, IN",2023-05-13T10:00:00Z,32.42,1008.13,68.74,NONE,0,EDGE_PASS,25.94,0.29,-0.27,-1.64,3.84,-87,0,86.5
1195,43063099999,"PUNE, IN",2023-05-13T10:00:00Z,36.6,1005.17,29.67,NONE,0,EDGE_PASS,16.07,-1.2,0.47,3.05,3.93,-77,0,87.7
1196,42921099999,"NASIK CITY, IN",2023-05-13T11:00:00Z,36.83,1000.13,27.18,NONE,0,EDGE_PASS,14.9,-0.34,-0.34,2.33,3.96,-100,0,83.5
1197,43003099999,"CHHATRAPATI SHIVAJI INTERNATIONAL, IN",2023-05-13T11:00:00Z,32.0,1007.0,74.93,NONE,0,EDGE_PASS,27.0,-1.0,0.0,4.12,3.7,-97,0,83.4
1198,43057099999,"BOMBAY COLABA, IN",2023-05-13T11:00:00Z,32.71,1007.87,67.14,NONE,0,EDGE_PASS,25.82,0.29,-0.26,-1.6,3.83,-89,0,88.0
1199,43063099999,"PUNE, IN",2023-05-13T11:00:00Z,35.4,1005.63,33.07,NONE,0,EDGE_PASS,16.73,-1.2,0.46,3.4,3.92,-77,0,87.8
1200,42921099999,"NASIK CITY, IN",2023-05-13T12:00:00Z,36.5,999.8,29.7,NONE,0,EDGE_PASS,16.0,-0.33,-0.33,2.52,3.96,-100,0,84.5
1201,43003099999,"CHHATRAPATI SHIVAJI INTERNATIONAL, IN",2023-05-13T12:00:00Z,33.2,1007.2,64.46,NONE,0,EDGE_PASS,25.6,1.2,0.2,-10.47,3.71,-96,0,84.2
1202,43057099999,"BOMBAY COLABA, IN",2023-05-13T12:00:00Z,33.0,1007.6,65.57,NONE,0,EDGE_PASS,25.7,0.29,-0.27,-1.57,3.83,-88,0,103.6
1203,43063099999,"PUNE, IN",2023-05-13T12:00:00Z,34.2,1006.1,36.87,NONE,0,EDGE_PASS,17.4,-1.2,0.47,3.8,3.92,-79,0,85.8
1204,42921099999,"NASIK CITY, IN",2023-05-13T13:00:00Z,34.83,1000.87,30.54,NONE,0,EDGE_PASS,15.0,-1.67,1.07,0.84,3.96,-99,0,85.9
1205,43003099999,"CHHATRAPATI SHIVAJI INTERNATIONAL, IN",2023-05-13T13:00:00Z,31.72,1007.38,71.34,NONE,0,EDGE_PASS,25.9,-1.48,0.18,6.88,3.7,-94,0,86.2
1206,43057099999,"BOMBAY COLABA, IN",2023-05-13T13:00:00Z,32.81,1007.75,66.11,NONE,0,EDGE_PASS,25.66,-0.19,0.15,0.54,3.82,-88,0,89.3
1207,43063099999,"PUNE, IN",2023-05-13T13:00:00Z,33.0,1006.57,41.13,NONE,0,EDGE_PASS,18.07,-1.2,0.47,4.26,3.92,-79,0,86.1
1208,42921099999,"NASIK CITY, IN",2023-05-13T14:00:00Z,33.17,1001.93,31.42,NONE,0,EDGE_PASS,14.0,-1.66,1.06,0.88,3.96,-101,0,91.8
1209,43003099999,"CHHATRAPATI SHIVAJI INTERNATIONAL, IN",2023-05-13T14:00:00Z,31.16,1008.14,72.78,NONE,0,EDGE_PASS,25.7,-0.56,0.76,1.44,3.7,-92,0,84.8
1210,43057099999,"BOMBAY COLABA, IN",2023-05-13T14:00:00Z,32.63,1007.89,66.65,NONE,0,EDGE_PASS,25.62,-0.18,0.14,0.54,3.83,-89,0,89.6
1211,43063099999,"PUNE, IN",2023-05-13T14:00:00Z,31.8,1007.03,45.9,NONE,0,EDGE_PASS,18.73,-1.2,0.46,4.77,3.93,-81,0,84.1
1212,42921099999,"NASIK CITY, IN",2023-05-13T15:00:00Z,31.5,1003.0,32.35,NONE,0,EDGE_PASS,13.0,-1.67,1.07,0.93,3.97,-99,0,85.6
1213,43003099999,"CHHATRAPATI SHIVAJI INTERNATIONAL, IN",2023-05-13T15:00:00Z,30.6,1008.9,74.26,NONE,0,EDGE_PASS,25.5,-0.56,0.76,1.48,3.69,-91,0,86.4
1214,43057099999,"BOMBAY COLABA, IN",2023-05-13T15:00:00Z,32.44,1008.04,67.2,NONE,0,EDGE_PASS,25.58,-0.19,0.15,0.55,3.83,-87,0,92.4
1215,43063099999,"PUNE, IN",2023-05-13T15:00:00Z,30.6,1007.5,51.24,NONE,0,EDGE_PASS,19.4,-1.2,0.47,5.34,3.92,-80,0,83.9
1216,42921099999,"NASIK CITY, IN",2023-05-13T16:00:00Z,30.2,1003.57,36.32,NONE,0,EDGE_PASS,13.63,-1.3,0.57,3.97,3.98,-101,0,85.5
1217,43003099999,"CHHATRAPATI SHIVAJI INTERNATIONAL, IN",2023-05-13T16:00:00Z,30.4,1009.2,74.67,NONE,0,EDGE_PASS,25.4,-0.2,0.3,0.41,3.68,-91,0,203.9
1218,43057099999,"BOMBAY COLABA, IN",2023-05-13T16:00:00Z,32.25,1008.19,67.75,NONE,0,EDGE_PASS,25.54,-0.19,0.15,0.55,3.83,-85,0,105.6
1219,43063099999,"PUNE, IN",2023-05-13T16:00:00Z,29.53,1008.0,54.82,NONE,0,EDGE_PASS,19.5,-1.07,0.5,3.58,3.92,-79,0,129.5
1220,42921099999,"NASIK CITY, IN",2023-05-13T17:00:00Z,28.9,1004.13,40.79,NONE,0,EDGE_PASS,14.27,-1.3,0.56,4.47,3.97,-100,0,101.2
1221,43003099999,"CHHATRAPATI SHIVAJI INTERNATIONAL, IN",2023-05-13T17:00:00Z,30.2,1009.5,75.08,NONE,0,EDGE_PASS,25.3,-0.2,0.3,0.41,3.67,-89,0,103.3
1222,43057099999,"BOMBAY COLABA, IN",2023-05-13T17:00:00Z,32.07,1008.33,68.31,NONE,0,EDGE_PASS,25.5,-0.18,0.14,0.56,3.82,-87,0,89.5
1223,43063099999,"PUNE, IN",2023-05-13T17:00:00Z,28.47,1008.5,58.67,NONE,0,EDGE_PASS,19.6,-1.06,0.5,3.85,3.91,-79,0,117.6
1224,42921099999,"NASIK CITY, IN",2023-05-13T18:00:00Z,27.6,1004.7,45.84,NONE,0,EDGE_PASS,14.9,-1.3,0.57,5.05,3.97,-99,0,126.6
1225,43003099999,"CHHATRAPATI SHIVAJI INTERNATIONAL, IN",2023-05-13T18:00:00Z,30.0,1009.8,75.5,NONE,0,EDGE_PASS,25.2,-0.2,0.3,0.42,3.67,-91,0,96.6
1226,43057099999,"BOMBAY COLABA, IN",2023-05-13T18:00:00Z,31.88,1008.48,68.87,NONE,0,EDGE_PASS,25.46,-0.19,0.15,0.56,3.82,-87,0,93.9
1227,43063099999,"PUNE, IN",2023-05-13T18:00:00Z,27.4,1009.0,62.84,NONE,0,EDGE_PASS,19.7,-1.07,0.5,4.17,3.92,-80,0,100.0
1228,42921099999,"NASIK CITY, IN",2023-05-13T19:00:00Z,26.9,1004.17,48.9,NONE,0,EDGE_PASS,15.27,-0.7,-0.53,3.06,3.98,-97,0,112.3
1229,43003099999,"CHHATRAPATI SHIVAJI INTERNATIONAL, IN",2023-05-13T19:00:00Z,29.88,1008.74,78.88,NONE,0,EDGE_PASS,25.82,-0.12,-1.06,3.38,3.68,-92,0,114.5
1230,43057099999,"BOMBAY COLABA, IN",2023-05-13T19:00:00Z,31.69,1008.63,69.44,NONE,0,EDGE_PASS,25.42,-0.19,0.15,0.57,3.82,-87,1,117.7
1231,43063099999,"PUNE, IN",2023-05-13T19:00:00Z,26.8,1008.43,61.41,NONE,0,EDGE_PASS,18.77,-0.6,-0.57,-1.43,3.92,-79,1,99.9
1232,42921099999,"NASIK CITY, IN",2023-05-13T20:00:00Z,26.2,1003.63,52.18,NONE,0,EDGE_PASS,15.63,-0.7,-0.54,3.28,3.99,-96,1,104.3
1233,43003099999,"CHHATRAPATI SHIVAJI INTERNATIONAL, IN",2023-05-13T20:00:00Z,29.64,1008.22,78.28,NONE,0,EDGE_PASS,25.46,-0.24,-0.52,-0.6,3.68,-93,1,107.0
1234,43057099999,"BOMBAY COLABA, IN",2023-05-13T20:00:00Z,31.51,1008.77,70.01,NONE,0,EDGE_PASS,25.38,-0.18,0.14,0.57,3.82,-89,2,87.5
1235,43063099999,"PUNE, IN",2023-05-13T20:00:00Z,26.2,1007.87,60.0,NONE,0,EDGE_PASS,17.83,-0.6,-0.56,-1.41,3.92,-80,0,96.5
1236,42921099999,"NASIK CITY, IN",2023-05-13T21:00:00Z,25.5,1003.1,55.68,NONE,0,EDGE_PASS,16.0,-0.7,-0.53,3.5,3.99,-96,0,118.7
1237,43003099999,"CHHATRAPATI SHIVAJI INTERNATIONAL, IN",2023-05-13T21:00:00Z,29.4,1007.7,77.69,NONE,0,EDGE_PASS,25.1,-0.24,-0.52,-0.59,3.67,-91,0,148.2
1238,43057099999,"BOMBAY COLABA, IN",2023-05-13T21:00:00Z,31.32,1008.92,70.59,NONE,0,EDGE_PASS,25.34,-0.19,0.15,0.58,3.81,-91,0,100.2
1239,43063099999,"PUNE, IN",2023-05-13T21:00:00Z,25.6,1007.3,58.61,NONE,0,EDGE_PASS,16.9,-0.6,-0.57,-1.39,3.92,-82,0,100.9
1240,42921099999,"NASIK CITY, IN",2023-05-13T22:00:00Z,25.0,1003.27,59.6,NONE,0,EDGE_PASS,16.6,-0.5,0.17,3.92,4.0,-94,0,91.9
1241,43003099999,"CHHATRAPATI SHIVAJI INTERNATIONAL, IN",2023-05-13T22:00:00Z,29.2,1007.35,80.73,NONE,0,EDGE_PASS,25.55,-0.2,-0.35,3.04,3.67,-90,0,93.2
1242,43057099999,"BOMBAY COLABA, IN",2023-05-13T22:00:00Z,31.13,1009.07,71.18,NONE,0,EDGE_PASS,25.3,-0.19,0.15,0.59,3.81,-93,0,111.3
1243,43063099999,"PUNE, IN",2023-05-13T22:00:00Z,25.27,1007.27,59.66,NONE,0,EDGE_PASS,16.87,-0.33,-0.03,1.05,3.91,-84,0,179.3
1244,42921099999,"NASIK CITY, IN",2023-05-13T23:00:00Z,24.5,1003.43,63.79,NONE,0,EDGE_PASS,17.2,-0.5,0.16,4.19,3.99,-93,0,118.2
1245,43003099999,"CHHATRAPATI SHIVAJI INTERNATIONAL, IN",2023-05-13T23:00:00Z,29.0,1007.0,83.88,NONE,0,EDGE_PASS,26.0,-0.2,-0.35,3.15,3.67,-92,0,108.4
1246,43057099999,"BOMBAY COLABA, IN",2023-05-13T23:00:00Z,30.95,1009.21,71.77,NONE,0,EDGE_PASS,25.26,-0.18,0.14,0.59,3.81,-95,0,92.8
1247,43063099999,"PUNE, IN",2023-05-13T23:00:00Z,24.93,1007.23,60.73,NONE,0,EDGE_PASS,16.83,-0.34,-0.04,1.07,3.91,-82,0,86.8
1248,42921099999,"NASIK CITY, IN",2023-05-14T00:00:00Z,24.0,1003.6,68.27,NONE,0,EDGE_PASS,17.8,-0.5,0.17,4.48,4.0,-92,0,89.1
1249,43003099999,"CHHATRAPATI SHIVAJI INTERNATIONAL, IN",2023-05-14T00:00:00Z,28.8,1007.5,79.01,NONE,0,EDGE_PASS,24.8,-0.2,0.5,-4.87,3.67,-91,0,91.6
1250,43057099999,"BOMBAY COLABA, IN",2023-05-14T00:00:00Z,30.76,1009.36,72.37,NONE,0,EDGE_PASS,25.22,-0.19,0.15,0.6,3.81,-96,0,85.6
1251,43063099999,"PUNE, IN",2023-05-14T00:00:00Z,24.6,1007.2,61.82,NONE,0,EDGE_PASS,16.8,-0.33,-0.03,1.09,3.91,-82,0,88.4
1252,42921099999,"NASIK CITY, IN",2023-05-14T01:00:00Z,25.5,1003.77,64.28,NONE,0,EDGE_PASS,18.27,1.5,0.17,-3.99,4.0,-93,0,86.2
1253,43003099999,"CHHATRAPATI SHIVAJI INTERNATIONAL, IN",2023-05-14T01:00:00Z,29.0,1008.0,83.88,NONE,0,EDGE_PASS,26.0,0.2,0.5,4.87,3.67,-93,0,84.7
1254,43057099999,"BOMBAY COLABA, IN",2023-05-14T01:00:00Z,30.57,1009.51,72.97,NONE,0,EDGE_PASS,25.18,-0.19,0.15,0.6,3.82,-97,0,85.1
1255,43063099999,"PUNE, IN",2023-05-14T01:00:00Z,26.07,1007.63,54.41,NONE,0,EDGE_PASS,16.17,1.47,0.43,-7.41,3.92,-82,0,86.7
1256,42921099999,"NASIK CITY, IN",2023-05-14T02:00:00Z,27.0,1003.93,60.57,NONE,0,EDGE_PASS,18.73,1.5,0.16,-3.71,4.01,-95,0,90.2
1257,43003099999,"CHHATRAPATI SHIVAJI INTERNATIONAL, IN",2023-05-14T02:00:00Z,29.73,1008.5,78.36,NONE,0,EDGE_PASS,25.56,0.73,0.5,-5.52,3.67,-92,0,85.3
1258,43057099999,"BOMBAY COLABA, IN",2023-05-14T02:00:00Z,30.39,1009.65,73.58,NONE,0,EDGE_PASS,25.14,-0.18,0.14,0.61,3.82,-98,0,94.8
1259,43063099999,"PUNE, IN",2023-05-14T02:00:00Z,27.53,1008.07,47.93,NONE,0,EDGE_PASS,15.53,1.46,0.44,-6.48,3.93,-81,0,117.8
1260,42921099999,"NASIK CITY, IN",2023-05-14T03:00:00Z,28.5,1004.1,57.12,NONE,0,EDGE_PASS,19.2,1.5,0.17,-3.45,4.01,-93,0,83.8
1261,43003099999,"CHHATRAPATI SHIVAJI INTERNATIONAL, IN",2023-05-14T03:00:00Z,31.2,1009.5,68.41,NONE,0,EDGE_PASS,24.7,1.47,1.0,-9.95,3.67,-90,0,90.5
1262,43057099999,"BOMBAY COLABA, IN",2023-05-14T03:00:00Z,30.2,1009.8,74.19,NONE,0,EDGE_PASS,25.1,-0.19,0.15,0.61,3.83,-99,0,87.8
1263,43063099999,"PUNE, IN",2023-05-14T03:00:00Z,29.0,1008.5,42.25,NONE,0,EDGE_PASS,14.9,1.47,0.43,-5.68,3.92,-82,0,83.8
1264,42921099999,"NASIK CITY, IN",2023-05-14T04:00:00Z,30.17,1003.73,48.42,NONE,0,EDGE_PASS,18.1,1.67,-0.37,-8.7,4.01,-94,0,82.6
1265,43003099999,"CHHATRAPATI SHIVAJI INTERNATIONAL, IN",2023-05-14T04:00:00Z,31.93,1009.53,66.28,NONE,0,EDGE_PASS,24.86,0.73,0.03,-2.13,3.67,-90,0,83.5
1266,43057099999,"BOMBAY COLABA, IN",2023-05-14T04:00:00Z,30.51,1009.39,73.32,NONE,0,EDGE_PASS,25.2,0.31,-0.41,-0.87,3.82,-100,0,83.6
1267,43063099999,"PUNE, IN",2023-05-14T04:00:00Z,30.8,1007.9,36.02,NONE,0,EDGE_PASS,14.04,1.8,-0.6,-6.23,3.93,-82,0,83.9
1268,42921099999,"NASIK CITY, IN",2023-05-14T05:00:00Z,31.83,1003.37,41.07,NONE,0,EDGE_PASS,17.0,1.66,-0.36,-7.35,4.01,-94,0,193.4
1269,43003099999,"CHHATRAPATI SHIVAJI INTERNATIONAL, IN",2023-05-14T05:00:00Z,32.67,1009.57,64.22,NONE,0,EDGE_PASS,25.04,0.74,0.04,-2.06,3.66,-89,0,142.6
1270,43057099999,"BOMBAY COLABA, IN",2023-05-14T05:00:00Z,30.82,1008.98,72.45,NONE,0,EDGE_PASS,25.3,0.31,-0.41,-0.87,3.82,-98,0,123.8
1271,43063099999,"PUNE, IN",2023-05-14T05:00:00Z,32.6,1007.3,30.73,NONE,0,EDGE_PASS,13.17,1.8,-0.6,-5.29,3.94,-80,0,125.7
1272,42921099999,"NASIK CITY, IN",2023-05-14T06:00:00Z,33.5,1003.0,34.86,NONE,0,EDGE_PASS,15.9,1.67,-0.37,-6.21,4.0,-96,0,134.2
1273,43003099999,"CHHATRAPATI SHIVAJI INTERNATIONAL, IN",2023-05-14T06:00:00Z,33.4,1009.6,62.24,NONE,0,EDGE_PASS,25.2,0.73,0.03,-1.98,3.66,-91,0,178.4
1274,43057099999,"BOMBAY COLABA, IN",2023-05-14T06:00:00Z,31.13,1008.57,71.6,NONE,0,EDGE_PASS,25.4,0.31,-0.41,-0.85,3.82,-96,0,156.3
1275,43063099999,"PUNE, IN",2023-05-14T06:00:00Z,34.4,1006.7,26.25,NONE,0,EDGE_PASS,12.3,1.8,-0.6,-4.48,3.93,-81,0,135.2
1276,42921099999,"NASIK CITY, IN",2023-05-14T07:00:00Z,34.23,1001.9,34.4,NONE,0,EDGE_PASS,16.33,0.73,-1.1,-0.46,4.0,-95,0,94.8
1277,43003099999,"CHHATRAPATI SHIVAJI INTERNATIONAL, IN",2023-05-14T07:00:00Z,33.33,1008.8,62.97,NONE,0,EDGE_PASS,25.33,-0.07,-0.8,0.73,3.65,-90,0,85.7
1278,43057099999,"BOMBAY COLABA, IN",2023-05-14T07:00:00Z,31.44,1008.16,70.76,NONE,0,EDGE_PASS,25.49,0.31,-0.41,-0.84,3.82,-94,0,90.0
1279,43063099999,"PUNE, IN",2023-05-14T07:00:00Z,35.2,1005.7,26.06,NONE,0,EDGE_PASS,12.87,0.8,-1.0,-0.19,3.93,-80,0,91.9
1280,42921099999,"NASIK CITY, IN",2023-05-14T08:00:00Z,34.97,1000.8,33.94,NONE,0,EDGE_PASS,16.77,0.74,-1.1,-0.46,4.0,-94,0,88.9
1281,43003099999,"CHHATRAPATI SHIVAJI INTERNATIONAL, IN",2023-05-14T08:00:00Z,33.27,1008.0,63.71,NONE,0,EDGE_PASS,25.47,-0.06,-0.8,0.74,3.65,-90,0,108.3
1282,43057099999,"BOMBAY COLABA, IN",2023-05-14T08:00:00Z,31.76,1007.74,69.94,NONE,0,EDGE_PASS,25.6,0.32,-0.42,-0.82,3.81,-92,0,88.2
1283,43063099999,"PUNE, IN",2023-05-14T08:00:00Z,36.0,1004.7,25.87,NONE,0,EDGE_PASS,13.43,0.8,-1.0,-0.19,3.93,-81,0,95.6
1284,42921099999,"NASIK CITY, IN",2023-05-14T09:00:00Z,35.7,999.7,33.5,NONE,0,EDGE_PASS,17.2,0.73,-1.1,-0.44,3.99,-94,0,105.3
1285,43003099999,"CHHATRAPATI SHIVAJI INTERNATIONAL, IN",2023-05-14T09:00:00Z,33.2,1007.2,64.46,NONE,0,EDGE_PASS,25.6,-0.07,-0.8,0.75,3.65,-91,0,91.6
1286,43057099999,"BOMBAY COLABA, IN",2023-05-14T09:00:00Z,32.07,1007.33,69.12,NONE,0,EDGE_PASS,25.7,0.31,-0.41,-0.82,3.81,-93,0,111.0
1287,43063099999,"PUNE, IN",2023-05-14T09:00:00Z,36.8,1003.7,25.69,NONE,0,EDGE_PASS,14.0,0.8,-1.0,-0.18,3.93,-79,0,81.8
1288,42921099999,"NASIK CITY, IN",2023-05-14T10:00:00Z,35.53,999.43,29.95,NONE,0,EDGE_PASS,15.3,-0.17,-0.27,-3.55,3.99,-96,0,86.8
1289,43003099999,"CHHATRAPATI SHIVAJI INTERNATIONAL, IN",2023-05-14T10:00:00Z,33.0,1006.83,65.19,NONE,0,EDGE_PASS,25.6,-0.2,-0.37,0.73,3.65,-90,0,96.0
1290,43057099999,"BOMBAY COLABA, IN",2023-05-14T10:00:00Z,32.38,1006.92,68.32,NONE,0,EDGE_PASS,25.8,0.31,-0.41,-0.8,3.81,-91,0,88.1
1291,43063099999,"PUNE, IN",2023-05-14T10:00:00Z,36.2,1003.7,25.75,NONE,0,EDGE_PASS,13.53,-0.6,0.0,0.06,3.93,-78,0,89.9
1292,42921099999,"NASIK CITY, IN",2023-05-14T11:00:00Z,35.37,999.17,26.73,NONE,0,EDGE_PASS,13.4,-0.16,-0.26,-3.22,3.99,-94,0,92.1
1293,43003099999,"CHHATRAPATI SHIVAJI INTERNATIONAL, IN",2023-05-14T11:00:00Z,32.8,1006.47,65.93,NONE,0,EDGE_PASS,25.6,-0.2,-0.36,0.74,3.65,-88,0,80.8
1294,43057099999,"BOMBAY COLABA, IN",2023-05-14T11:00:00Z,32.69,1006.51,67.53,NONE,0,EDGE_PASS,25.9,0.31,-0.41,-0.79,3.8,-93,0,79.5
1295,43063099999,"PUNE, IN",2023-05-14T11:00:00Z,35.6,1003.7,25.82,NONE,0,EDGE_PASS,13.07,-0.6,0.0,0.07,3.93,-77,0,81.1
1296,42921099999,"NASIK CITY, IN",2023-05-14T12:00:00Z,35.2,998.9,23.82,NONE,0,EDGE_PASS,11.5,-0.17,-0.27,-2.91,3.99,-92,0,81.5
1297,43003099999,"CHHATRAPATI SHIVAJI INTERNATIONAL, IN",2023-05-14T12:00:00Z,32.6,1006.1,66.67,NONE,0,EDGE_PASS,25.6,-0.2,-0.37,0.74,3.66,-90,0,80.1
1298,43057099999,"BOMBAY COLABA, IN",2023-05-14T12:00:00Z,33.0,1006.1,11.75,SPIKE,4,EDGE_SUSPECT_STEP_SPIKE,-0.45,0.31,-0.41,-55.78,3.81,-94,0,82.6
1299,43063099999,"PUNE, IN",2023-05-14T12:00:00Z,35.0,1003.7,25.89,NONE,0,EDGE_PASS,12.6,-0.6,0.0,0.07,3.93,-78,0,81.3
1300,42921099999,"NASIK CITY, IN",2023-05-14T13:00:00Z,33.3,999.8,28.78,NONE,0,EDGE_PASS,12.77,-1.9,0.9,4.96,3.99,-91,0,82.1
1301,43003099999,"CHHATRAPATI SHIVAJI INTERNATIONAL, IN",2023-05-14T13:00:00Z,31.87,1006.43,69.5,NONE,0,EDGE_PASS,25.6,-0.73,0.33,2.83,3.66,-91,0,110.9
1302,43057099999,"BOMBAY COLABA, IN",2023-05-14T13:00:00Z,32.81,1006.39,67.3,NONE,4,EDGE_SUSPECT_STEP_SPIKE,25.96,-0.19,0.29,55.55,3.8,-96,0,84.1
1303,43063099999,"PUNE, IN",2023-05-14T13:00:00Z,33.07,1004.53,31.53,NONE,0,EDGE_PASS,13.97,-1.93,0.83,5.64,3.94,-77,0,120.2
1304,42921099999,"NASIK CITY, IN",2023-05-14T14:00:00Z,31.4,1000.7,34.8,NONE,0,EDGE_PASS,14.03,-1.9,0.9,6.02,3.99,-89,0,91.1
1305,43003099999,"CHHATRAPATI SHIVAJI INTERNATIONAL, IN",2023-05-14T14:00:00Z,31.13,1006.77,72.46,NONE,0,EDGE_PASS,25.6,-0.74,0.34,2.96,3.65,-91,0,103.9
1306,43057099999,"BOMBAY COLABA, IN",2023-05-14T14:00:00Z,32.63,1006.67,67.85,NONE,0,EDGE_PASS,25.92,-0.18,0.28,0.55,3.81,-95,0,81.4
1307,43063099999,"PUNE, IN",2023-05-14T14:00:00Z,31.13,1005.37,38.43,NONE,0,EDGE_PASS,15.33,-1.94,0.84,6.9,3.95,-79,0,87.2
1308,42921099999,"NASIK CITY, IN",2023-05-14T15:00:00Z,29.5,1001.6,42.12,NONE,0,EDGE_PASS,15.3,-1.9,0.9,7.32,3.99,-90,0,83.0
1309,43003099999,"CHHATRAPATI SHIVAJI INTERNATIONAL, IN",2023-05-14T15:00:00Z,30.4,1007.1,75.56,NONE,0,EDGE_PASS,25.6,-0.73,0.33,3.1,3.66,-92,0,83.8
1310,43057099999,"BOMBAY COLABA, IN",2023-05-14T15:00:00Z,32.44,1006.96,68.41,NONE,0,EDGE_PASS,25.88,-0.19,0.29,0.56,3.8,-96,0,83.3
1311,43063099999,"PUNE, IN",2023-05-14T15:00:00Z,29.2,1006.2,46.86,NONE,0,EDGE_PASS,16.7,-1.93,0.83,8.43,3.95,-77,0,81.8
1312,42921099999,"NASIK CITY, IN",2023-05-14T16:00:00Z,28.5,1001.97,48.49,NONE,0,EDGE_PASS,16.6,-1.0,0.37,6.37,4.0,-88,0,94.2
1313,43003099999,"CHHATRAPATI SHIVAJI INTERNATIONAL, IN",2023-05-14T16:00:00Z,30.0,1007.0,79.18,NONE,0,EDGE_PASS,26.0,-0.4,-0.1,3.62,3.66,-90,0,81.0
1314,43057099999,"BOMBAY COLABA, IN",2023-05-14T16:00:00Z,32.25,1007.25,68.97,NONE,0,EDGE_PASS,25.84,-0.19,0.29,0.56,3.8,-98,0,89.0
1315,43063099999,"PUNE, IN",2023-05-14T16:00:00Z,28.4,1006.63,50.46,NONE,0,EDGE_PASS,17.13,-0.8,0.43,3.6,3.95,-79,0,80.3
1316,42921099999,"NASIK CITY, IN",2023-05-14T17:00:00Z,27.5,1002.33,55.82,NONE,0,EDGE_PASS,17.9,-1.0,0.36,7.33,4.0,-90,0,85.8
1317,43003099999,"CHHATRAPATI SHIVAJI INTERNATIONAL, IN",2023-05-14T17:00:00Z,30.0,1008.0,79.18,NONE,0,EDGE_PASS,26.0,0.0,1.0,0.0,3.67,-90,0,80.4
1318,43057099999,"BOMBAY COLABA, IN",2023-05-14T17:00:00Z,32.07,1007.53,69.54,NONE,0,EDGE_PASS,25.8,-0.18,0.28,0.57,3.8,-97,0,81.6
1319,43063099999,"PUNE, IN",2023-05-14T17:00:00Z,27.6,1007.07,54.34,NONE,0,EDGE_PASS,17.57,-0.8,0.44,3.88,3.94,-78,0,89.1
1320,42921099999,"NASIK CITY, IN",2023-05-14T18:00:00Z,26.5,1002.7,64.22,NONE,0,EDGE_PASS,19.2,-1.0,0.37,8.4,4.01,-91,0,80.6
1321,43003099999,"CHHATRAPATI SHIVAJI INTERNATIONAL, IN",2023-05-14T18:00:00Z,30.0,1008.1,76.86,NONE,0,EDGE_PASS,25.5,0.0,0.1,-2.32,3.66,-88,0,81.1
1322,43057099999,"BOMBAY COLABA, IN",2023-05-14T18:00:00Z,31.88,1007.82,70.11,NONE,0,EDGE_PASS,25.76,-0.19,0.29,0.57,3.8,-95,0,92.0
1323,43063099999,"PUNE, IN",2023-05-14T18:00:00Z,26.8,1007.5,58.53,NONE,0,EDGE_PASS,18.0,-0.8,0.43,4.19,3.94,-76,0,78.3
1324,42921099999,"NASIK CITY, IN",2023-05-14T19:00:00Z,25.9,1002.73,68.65,NONE,0,EDGE_PASS,19.7,-0.6,0.03,4.43,4.01,-89,0,77.5
1325,43003099999,"CHHATRAPATI SHIVAJI INTERNATIONAL, IN",2023-05-14T19:00:00Z,30.0,1008.0,79.18,NONE,0,EDGE_PASS,26.0,0.0,-0.1,2.32,3.67,-88,0,82.8
1326,43057099999,"BOMBAY COLABA, IN",2023-05-14T19:00:00Z,31.69,1008.11,70.69,NONE,0,EDGE_PASS,25.72,-0.19,0.29,0.58,3.8,-96,0,81.5
1327,43063099999,"PUNE, IN",2023-05-14T19:00:00Z,26.27,1006.93,59.39,NONE,0,EDGE_PASS,17.74,-0.53,-0.57,0.86,3.95,-74,0,78.3
1328,42921099999,"NASIK CITY, IN",2023-05-14T20:00:00Z,25.3,1002.77,73.38,NONE,0,EDGE_PASS,20.2,-0.6,0.04,4.73,4.02,-89,0,80.0
1329,43003099999,"CHHATRAPATI SHIVAJI INTERNATIONAL, IN",2023-05-14T20:00:00Z,30.0,1007.0,79.18,NONE,0,EDGE_PASS,26.0,0.0,-1.0,0.0,3.68,-86,0,77.5
1330,43057099999,"BOMBAY COLABA, IN",2023-05-14T20:00:00Z,31.51,1008.39,71.27,NONE,0,EDGE_PASS,25.68,-0.18,0.28,0.58,3.8,-98,0,81.5
1331,43063099999,"PUNE, IN",2023-05-14T20:00:00Z,25.73,1006.37,60.28,NONE,0,EDGE_PASS,17.46,-0.54,-0.56,0.89,3.94,-72,0,167.6
1332,42921099999,"NASIK CITY, IN",2023-05-14T21:00:00Z,24.7,1002.8,78.44,NONE,0,EDGE_PASS,20.7,-0.6,0.03,5.06,4.02,-87,0,88.3
1333,43003099999,"CHHATRAPATI SHIVAJI INTERNATIONAL, IN",2023-05-14T21:00:00Z,30.0,1007.4,75.5,NONE,0,EDGE_PASS,25.2,0.0,0.4,-3.68,3.67,-85,0,89.9
1334,43057099999,"BOMBAY COLABA, IN",2023-05-14T21:00:00Z,31.32,1008.68,71.86,NONE,0,EDGE_PASS,25.64,-0.19,0.29,0.59,3.8,-100,0,79.8
1335,43063099999,"PUNE, IN",2023-05-14T21:00:00Z,25.2,1005.8,61.18,NONE,0,EDGE_PASS,17.2,-0.53,-0.57,0.9,3.94,-70,0,79.1
1336,42921099999,"NASIK CITY, IN",2023-05-14T22:00:00Z,24.67,1002.97,79.73,NONE,0,EDGE_PASS,20.94,-0.03,0.17,1.29,4.01,-87,0,80.3
1337,43003099999,"CHHATRAPATI SHIVAJI INTERNATIONAL, IN",2023-05-14T22:00:00Z,30.0,1007.0,79.18,NONE,0,EDGE_PASS,26.0,0.0,-0.4,3.68,3.68,-86,0,82.6
1338,43057099999,"BOMBAY COLABA, IN",2023-05-14T22:00:00Z,31.13,1008.97,72.46,NONE,0,EDGE_PASS,25.6,-0.19,0.29,0.6,3.81,-101,0,78.3
1339,43063099999,"PUNE, IN",2023-05-14T22:00:00Z,24.93,1006.53,67.18,NONE,0,EDGE_PASS,18.43,-0.27,0.73,6.0,3.94,-72,0,78.6
1340,42921099999,"NASIK CITY, IN",2023-05-14T23:00:00Z,24.63,1003.13,81.04,NONE,0,EDGE_PASS,21.16,-0.04,0.16,1.31,4.0,-89,0,78.5
1341,43003099999,"CHHATRAPATI SHIVAJI INTERNATIONAL, IN",2023-05-14T23:00:00Z,30.0,1007.0,79.18,NONE,0,EDGE_PASS,26.0,0.0,0.0,0.0,3.69,-85,0,98.0
1342,43057099999,"BOMBAY COLABA, IN",2023-05-14T23:00:00Z,30.95,1009.25,73.06,NONE,0,EDGE_PASS,25.56,-0.18,0.28,0.6,3.81,-101,0,82.8
1343,43063099999,"PUNE, IN",2023-05-14T23:00:00Z,24.67,1007.27,73.72,NONE,0,EDGE_PASS,19.67,-0.26,0.74,6.54,3.94,-73,0,85.6
1344,42921099999,"NASIK CITY, IN",2023-05-15T00:00:00Z,24.6,1003.3,82.38,NONE,0,EDGE_PASS,21.4,-0.03,0.17,1.34,4.01,-88,0,85.2
1345,43003099999,"CHHATRAPATI SHIVAJI INTERNATIONAL, IN",2023-05-15T00:00:00Z,29.4,1007.9,79.09,NONE,0,EDGE_PASS,25.4,-0.6,0.9,-0.09,3.69,-84,0,81.3
1346,43057099999,"BOMBAY COLABA, IN",2023-05-15T00:00:00Z,30.76,1009.54,73.67,NONE,0,EDGE_PASS,25.52,-0.19,0.29,0.61,3.8,-99,0,81.4
1347,43063099999,"PUNE, IN",2023-05-15T00:00:00Z,24.4,1008.0,80.85,NONE,0,EDGE_PASS,20.9,-0.27,0.73,7.13,3.93,-72,0,80.1
1348,42921099999,"NASIK CITY, IN",2023-05-15T01:00:00Z,25.63,1004.03,76.51,NONE,0,EDGE_PASS,21.2,1.03,0.73,-5.87,4.01,-87,0,80.0
1349,43003099999,"CHHATRAPATI SHIVAJI INTERNATIONAL, IN",2023-05-15T01:00:00Z,30.0,1008.0,79.18,NONE,0,EDGE_PASS,26.0,0.6,0.1,0.09,3.69,-85,0,85.0
1350,43057099999,"BOMBAY COLABA, IN",2023-05-15T01:00:00Z,30.57,1009.83,74.28,NONE,0,EDGE_PASS,25.48,-0.19,0.29,0.61,3.79,-100,1,115.4
1351,43063099999,"PUNE, IN",2023-05-15T01:00:00Z,25.4,1008.5,76.32,NONE,0,EDGE_PASS,20.93,1.0,0.5,-4.53,3.93,-74,1,94.6
1352,42921099999,"NASIK CITY, IN",2023-05-15T02:00:00Z,26.67,1004.77,71.09,NONE,0,EDGE_PASS,21.0,1.04,0.74,-5.42,4.01,-87,1,86.4
1353,43003099999,"CHHATRAPATI SHIVAJI INTERNATIONAL, IN",2023-05-15T02:00:00Z,30.0,1009.0,79.18,NONE,0,EDGE_PASS,26.0,0.0,1.0,0.0,3.68,-86,1,102.8
1354,43057099999,"BOMBAY COLABA, IN",2023-05-15T02:00:00Z,30.39,1010.11,74.91,NONE,0,EDGE_PASS,25.44,-0.18,0.28,0.63,3.8,-98,2,88.4
1355,43063099999,"PUNE, IN",2023-05-15T02:00:00Z,26.4,1009.0,72.07,NONE,0,EDGE_PASS,20.97,1.0,0.5,-4.25,3.93,-72,0,119.3
1356,42921099999,"NASIK CITY, IN",2023-05-15T03:00:00Z,27.7,1005.5,66.09,NONE,0,EDGE_PASS,20.8,1.03,0.73,-5.0,4.02,-88,0,102.4
1357,43003099999,"CHHATRAPATI SHIVAJI INTERNATIONAL, IN",2023-05-15T03:00:00Z,30.8,1010.2,72.98,NONE,0,EDGE_PASS,25.4,0.8,1.2,-6.2,3.67,-84,0,109.1
1358,43057099999,"BOMBAY COLABA, IN",2023-05-15T03:00:00Z,30.2,1010.4,75.53,NONE,0,EDGE_PASS,25.4,-0.19,0.29,0.62,3.81,-97,0,115.9
1359,43063099999,"PUNE, IN",2023-05-15T03:00:00Z,27.4,1009.5,68.09,NONE,0,EDGE_PASS,21.0,1.0,0.5,-3.98,3.94,-74,0,100.6
1360,42921099999,"NASIK CITY, IN",2023-05-15T04:00:00Z,29.13,1005.13,59.44,NONE,0,EDGE_PASS,20.43,1.43,-0.37,-6.65,4.03,-87,0,95.0
1361,43003099999,"CHHATRAPATI SHIVAJI INTERNATIONAL, IN",2023-05-15T04:00:00Z,32.0,1011.0,66.55,NONE,0,EDGE_PASS,25.0,1.2,0.8,-6.43,3.67,-84,0,81.7
1362,43057099999,"BOMBAY COLABA, IN",2023-05-15T04:00:00Z,30.44,1010.08,74.33,NONE,0,EDGE_PASS,25.36,0.24,-0.32,-1.2,3.8,-96,0,83.7
1363,43063099999,"PUNE, IN",2023-05-15T04:00:00Z,29.33,1009.17,60.22,NONE,0,EDGE_PASS,20.83,1.93,-0.33,-7.87,3.94,-72,0,83.7
1364,42921099999,"NASIK CITY, IN",2023-05-15T05:00:00Z,30.57,1004.77,53.5,NONE,0,EDGE_PASS,20.07,1.44,-0.36,-5.94,4.02,-87,0,84.0
1365,43003099999,"CHHATRAPATI SHIVAJI INTERNATIONAL, IN",2023-05-15T05:00:00Z,33.0,1011.0,62.9,NONE,0,EDGE_PASS,25.0,1.0,0.0,-3.65,3.68,-82,0,90.5
1366,43057099999,"BOMBAY COLABA, IN",2023-05-15T05:00:00Z,30.69,1009.76,73.15,NONE,0,EDGE_PASS,25.33,0.25,-0.32,-1.18,3.8,-98,0,85.4
1367,43063099999,"PUNE, IN",2023-05-15T05:00:00Z,31.27,1008.83,53.35,NONE,0,EDGE_PASS,20.67,1.94,-0.34,-6.87,3.94,-70,0,83.7
1368,42921099999,"NASIK CITY, IN",2023-05-15T06:00:00Z,32.0,1004.4,48.2,NONE,0,EDGE_PASS,19.7,1.43,-0.37,-5.3,4.03,-88,0,82.8
1369,43003099999,"CHHATRAPATI SHIVAJI INTERNATIONAL, IN",2023-05-15T06:00:00Z,34.0,1010.8,59.47,NONE,0,EDGE_PASS,25.0,1.0,-0.2,-3.43,3.68,-83,0,84.8
1370,43057099999,"BOMBAY COLABA, IN",2023-05-15T06:00:00Z,30.93,1009.43,71.99,NONE,0,EDGE_PASS,25.3,0.24,-0.33,-1.16,3.79,-98,0,85.3
1371,43063099999,"PUNE, IN",2023-05-15T06:00:00Z,33.2,1008.5,47.33,NONE,0,EDGE_PASS,20.5,1.93,-0.33,-6.02,3.93,-71,0,82.3
1372,42921099999,"NASIK CITY, IN",2023-05-15T07:00:00Z,33.0,1003.47,43.7,NONE,0,EDGE_PASS,19.03,1.0,-0.93,-4.5,4.04,-89,0,85.8
1373,43003099999,"CHHATRAPATI SHIVAJI INTERNATIONAL, IN",2023-05-15T07:00:00Z,33.0,1010.0,66.75,NONE,0,EDGE_PASS,26.0,-1.0,-0.8,7.28,3.67,-84,0,83.3
1374,43057099999,"BOMBAY COLABA, IN",2023-05-15T07:00:00Z,31.18,1009.11,70.86,NONE,0,EDGE_PASS,25.27,0.25,-0.32,-1.13,3.8,-96,0,89.4
1375,43063099999,"PUNE, IN",2023-05-15T07:00:00Z,33.87,1007.53,41.19,NONE,0,EDGE_PASS,18.87,0.67,-0.97,-6.14,3.92,-69,0,89.0
1376,42921099999,"NASIK CITY, IN",2023-05-15T08:00:00Z,34.0,1002.53,39.63,NONE,0,EDGE_PASS,18.37,1.0,-0.94,-4.07,4.04,-89,0,101.8
1377,43003099999,"CHHATRAPATI SHIVAJI INTERNATIONAL, IN",2023-05-15T08:00:00Z,33.0,1009.0,66.75,NONE,0,EDGE_PASS,26.0,0.0,-1.0,0.0,3.67,-85,0,82.8
1378,43057099999,"BOMBAY COLABA, IN",2023-05-15T08:00:00Z,31.42,1008.79,69.74,NONE,0,EDGE_PASS,25.23,0.24,-0.32,-1.12,3.79,-98,0,86.4
1379,43063099999,"PUNE, IN",2023-05-15T08:00:00Z,34.53,1006.57,35.81,NONE,0,EDGE_PASS,17.23,0.66,-0.96,-5.38,3.93,-71,0,82.6
1380,42921099999,"NASIK CITY, IN",2023-05-15T09:00:00Z,35.0,1001.6,35.94,NONE,0,EDGE_PASS,17.7,1.0,-0.93,-3.69,4.05,-87,0,81.9
1381,43003099999,"CHHATRAPATI SHIVAJI INTERNATIONAL, IN",2023-05-15T09:00:00Z,34.2,1008.7,59.51,NONE,0,EDGE_PASS,25.2,1.2,-0.3,-7.24,3.66,-84,0,90.0
1382,43057099999,"BOMBAY COLABA, IN",2023-05-15T09:00:00Z,31.67,1008.47,68.64,NONE,0,EDGE_PASS,25.2,0.25,-0.32,-1.1,3.79,-98,0,82.5
1383,43063099999,"PUNE, IN",2023-05-15T09:00:00Z,35.2,1005.6,31.1,NONE,0,EDGE_PASS,15.6,0.67,-0.97,-4.71,3.93,-73,0,83.1
1384,42921099999,"NASIK CITY, IN",2023-05-15T10:00:00Z,34.87,1001.17,32.71,NONE,0,EDGE_PASS,16.1,-0.13,-0.43,-3.23,4.05,-85,0,87.2
1385,43003099999,"CHHATRAPATI SHIVAJI INTERNATIONAL, IN",2023-05-15T10:00:00Z,32.0,1008.0,66.55,NONE,0,EDGE_PASS,25.0,-2.2,-0.7,7.04,3.66,-86,0,83.2
1386,43057099999,"BOMBAY COLABA, IN",2023-05-15T10:00:00Z,31.91,1008.14,67.56,NONE,0,EDGE_PASS,25.17,0.24,-0.33,-1.08,3.79,-98,0,87.0
1387,43063099999,"PUNE, IN",2023-05-15T10:00:00Z,34.93,1005.27,32.18,NONE,0,EDGE_PASS,15.9,-0.27,-0.33,1.08,3.93,-72,0,90.8
1388,42921099999,"NASIK CITY, IN",2023-05-15T11:00:00Z,-999.0,-999.0,-999.0,DROPOUT,7,EDGE_ERR_OUT_OF_BOUNDS|EDGE_ERR_THERMODYNAMIC_IMPOSSIBLE|EDGE_SUSPECT_STEP_SPIKE,-999.0,-1033.87,-2000.17,-1031.71,4.05,-83,0,197.3
1389,43003099999,"CHHATRAPATI SHIVAJI INTERNATIONAL, IN",2023-05-15T11:00:00Z,32.0,1007.0,70.63,NONE,0,EDGE_PASS,26.0,0.0,-1.0,4.08,3.65,-88,0,169.5
1390,43057099999,"BOMBAY COLABA, IN",2023-05-15T11:00:00Z,32.16,1007.82,66.5,NONE,0,EDGE_PASS,25.14,0.25,-0.32,-1.06,3.8,-100,0,174.6
1391,43063099999,"PUNE, IN",2023-05-15T11:00:00Z,34.67,1004.93,33.29,NONE,0,EDGE_PASS,16.2,-0.26,-0.34,1.11,3.93,-73,0,269.1
1392,42921099999,"NASIK CITY, IN",2023-05-15T12:00:00Z,-999.0,-999.0,-999.0,DROPOUT,3,EDGE_ERR_OUT_OF_BOUNDS|EDGE_ERR_THERMODYNAMIC_IMPOSSIBLE,-999.0,0.0,0.0,0.0,4.05,-85,0,189.8
1393,43003099999,"CHHATRAPATI SHIVAJI INTERNATIONAL, IN",2023-05-15T12:00:00Z,32.0,1007.0,70.63,NONE,0,EDGE_PASS,26.0,0.0,0.0,0.0,3.65,-90,0,170.7
1394,43057099999,"BOMBAY COLABA, IN",2023-05-15T12:00:00Z,32.4,1007.5,65.45,NONE,0,EDGE_PASS,25.1,0.24,-0.32,-1.05,3.81,-99,0,236.3
1395,43063099999,"PUNE, IN",2023-05-15T12:00:00Z,34.4,1004.6,34.44,NONE,0,EDGE_PASS,16.5,-0.27,-0.33,1.15,3.94,-75,0,213.5
1396,42921099999,"NASIK CITY, IN",2023-05-15T13:00:00Z,-999.0,-999.0,-999.0,DROPOUT,3,EDGE_ERR_OUT_OF_BOUNDS|EDGE_ERR_THERMODYNAMIC_IMPOSSIBLE,-999.0,0.0,0.0,0.0,4.05,-87,0,175.6
1397,43003099999,"CHHATRAPATI SHIVAJI INTERNATIONAL, IN",2023-05-15T13:00:00Z,31.0,1008.0,74.77,NONE,0,EDGE_PASS,26.0,-1.0,1.0,4.14,3.66,-88,0,170.9
1398,43057099999,"BOMBAY COLABA, IN",2023-05-15T13:00:00Z,32.24,1007.76,65.76,NONE,0,EDGE_PASS,25.03,-0.16,0.26,0.31,3.82,-98,0,158.4
1399,43063099999,"PUNE, IN",2023-05-15T13:00:00Z,32.6,1005.63,39.75,NONE,0,EDGE_PASS,17.17,-1.8,1.03,5.31,3.93,-74,0,182.7
1400,42921099999,"NASIK CITY, IN",2023-05-15T14:00:00Z,-999.0,-999.0,-999.0,DROPOUT,3,EDGE_ERR_OUT_OF_BOUNDS|EDGE_ERR_THERMODYNAMIC_IMPOSSIBLE,-999.0,0.0,0.0,0.0,4.05,-87,0,188.4
1401,43003099999,"CHHATRAPATI SHIVAJI INTERNATIONAL, IN",2023-05-15T14:00:00Z,31.0,1008.0,74.77,NONE,0,EDGE_PASS,26.0,0.0,0.0,0.0,3.66,-87,0,149.0
1402,43057099999,"BOMBAY COLABA, IN",2023-05-15T14:00:00Z,32.08,1008.02,66.07,NONE,0,EDGE_PASS,24.95,-0.16,0.26,0.31,3.82,-100,0,169.3
1403,43063099999,"PUNE, IN",2023-05-15T14:00:00Z,30.8,1006.67,45.92,NONE,0,EDGE_PASS,17.83,-1.8,1.04,6.17,3.93,-73,0,156.2
1404,42921099999,"NASIK CITY, IN",2023-05-15T15:00:00Z,-999.0,-999.0,-999.0,DROPOUT,3,EDGE_ERR_OUT_OF_BOUNDS|EDGE_ERR_THERMODYNAMIC_IMPOSSIBLE,-999.0,0.0,0.0,0.0,4.06,-85,0,191.6
1405,43003099999,"CHHATRAPATI SHIVAJI INTERNATIONAL, IN",2023-05-15T15:00:00Z,30.8,1008.9,72.98,NONE,0,EDGE_PASS,25.4,-0.2,0.9,-1.79,3.65,-85,0,212.6
1406,43057099999,"BOMBAY COLABA, IN",2023-05-15T15:00:00Z,31.92,1008.28,66.38,NONE,0,EDGE_PASS,24.88,-0.16,0.26,0.31,3.82,-102,0,170.9
1407,43063099999,"PUNE, IN",2023-05-15T15:00:00Z,29.0,1007.7,53.11,NONE,0,EDGE_PASS,18.5,-1.8,1.03,7.19,3.92,-71,0,168.4
1408,42921099999,"NASIK CITY, IN",2023-05-15T16:00:00Z,-999.0,-999.0,-999.0,DROPOUT,3,EDGE_ERR_OUT_OF_BOUNDS|EDGE_ERR_THERMODYNAMIC_IMPOSSIBLE,-999.0,0.0,0.0,0.0,4.05,-86,0,165.4
1409,43003099999,"CHHATRAPATI SHIVAJI INTERNATIONAL, IN",2023-05-15T16:00:00Z,30.0,1009.0,79.18,NONE,0,EDGE_PASS,26.0,-0.8,0.1,6.2,3.65,-84,0,163.5
1410,43057099999,"BOMBAY COLABA, IN",2023-05-15T16:00:00Z,31.76,1008.54,66.69,NONE,0,EDGE_PASS,24.81,-0.16,0.26,0.31,3.81,-100,0,177.7
1411,43063099999,"PUNE, IN",2023-05-15T16:00:00Z,27.93,1008.27,59.28,NONE,0,EDGE_PASS,19.26,-1.07,0.57,6.17,3.92,-69,0,163.6
1412,42921099999,"NASIK CITY, IN",2023-05-15T17:00:00Z,-999.0,-999.0,-999.0,DROPOUT,3,EDGE_ERR_OUT_OF_BOUNDS|EDGE_ERR_THERMODYNAMIC_IMPOSSIBLE,-999.0,0.0,0.0,0.0,4.04,-85,0,154.8
1413,43003099999,"CHHATRAPATI SHIVAJI INTERNATIONAL, IN",2023-05-15T17:00:00Z,30.0,1009.5,76.86,NONE,0,EDGE_PASS,25.5,0.0,0.5,-2.32,3.65,-82,0,166.0
1414,43057099999,"BOMBAY COLABA, IN",2023-05-15T17:00:00Z,31.6,1008.8,67.01,NONE,0,EDGE_PASS,24.73,-0.16,0.26,0.32,3.81,-100,0,185.1
1415,43063099999,"PUNE, IN",2023-05-15T17:00:00Z,26.87,1008.83,66.19,NONE,0,EDGE_PASS,20.04,-1.06,0.56,6.91,3.91,-67,0,183.6
1416,42921099999,"NASIK CITY, IN",2023-05-15T18:00:00Z,-999.0,-999.0,-999.0,DROPOUT,3,EDGE_ERR_OUT_OF_BOUNDS|EDGE_ERR_THERMODYNAMIC_IMPOSSIBLE,-999.0,0.0,0.0,0.0,4.04,-84,0,157.1
1417,43003099999,"CHHATRAPATI SHIVAJI INTERNATIONAL, IN",2023-05-15T18:00:00Z,30.4,1009.7,74.23,NONE,0,EDGE_PASS,25.3,0.4,0.2,-2.63,3.65,-82,0,159.6
1418,43057099999,"BOMBAY COLABA, IN",2023-05-15T18:00:00Z,31.44,1009.06,67.32,NONE,0,EDGE_PASS,24.66,-0.16,0.26,0.31,3.8,-102,0,181.1
1419,43063099999,"PUNE, IN",2023-05-15T18:00:00Z,25.8,1009.4,73.92,NONE,0,EDGE_PASS,20.8,-1.07,0.57,7.73,3.91,-65,0,142.9
1420,42921099999,"NASIK CITY, IN",2023-05-15T19:00:00Z,-999.0,-999.0,-999.0,DROPOUT,3,EDGE_ERR_OUT_OF_BOUNDS|EDGE_ERR_THERMODYNAMIC_IMPOSSIBLE,-999.0,0.0,0.0,0.0,4.04,-86,0,142.9
1421,43003099999,"CHHATRAPATI SHIVAJI INTERNATIONAL, IN",2023-05-15T19:00:00Z,30.0,1009.0,79.18,NONE,0,EDGE_PASS,26.0,-0.4,-0.7,4.95,3.65,-83,0,152.6
1422,43057099999,"BOMBAY COLABA, IN",2023-05-15T19:00:00Z,31.28,1009.32,67.64,NONE,0,EDGE_PASS,24.59,-0.16,0.26,0.32,3.81,-102,0,163.4
1423,43063099999,"PUNE, IN",2023-05-15T19:00:00Z,25.33,1009.1,75.68,NONE,0,EDGE_PASS,20.73,-0.47,-0.3,1.76,3.91,-66,0,154.7
1424,42921099999,"NASIK CITY, IN",2023-05-15T20:00:00Z,-999.0,-999.0,-999.0,DROPOUT,3,EDGE_ERR_OUT_OF_BOUNDS|EDGE_ERR_THERMODYNAMIC_IMPOSSIBLE,-999.0,0.0,0.0,0.0,4.04,-87,0,163.2
1425,43003099999,"CHHATRAPATI SHIVAJI INTERNATIONAL, IN",2023-05-15T20:00:00Z,30.0,1008.0,79.18,NONE,0,EDGE_PASS,26.0,0.0,-1.0,0.0,3.66,-84,0,163.1
1426,43057099999,"BOMBAY COLABA, IN",2023-05-15T20:00:00Z,31.12,1009.58,67.96,NONE,0,EDGE_PASS,24.51,-0.16,0.26,0.32,3.8,-100,0,176.5
1427,43063099999,"PUNE, IN",2023-05-15T20:00:00Z,24.87,1008.8,77.5,NONE,0,EDGE_PASS,20.67,-0.46,-0.3,1.82,3.91,-66,0,162.4
1428,42921099999,"NASIK CITY, IN",2023-05-15T21:00:00Z,25.0,1004.0,78.0,NONE,4,EDGE_SUSPECT_STEP_SPIKE,20.9,1024.0,2003.0,1077.0,4.03,-89,0,182.7
1429,43003099999,"CHHATRAPATI SHIVAJI INTERNATIONAL, IN",2023-05-15T21:00:00Z,30.0,1008.0,74.61,NONE,0,EDGE_PASS,25.0,0.0,0.0,-4.57,3.67,-85,0,166.8
1430,43057099999,"BOMBAY COLABA, IN",2023-05-15T21:00:00Z,30.96,1009.84,68.29,NONE,0,EDGE_PASS,24.44,-0.16,0.26,0.33,3.81,-100,0,187.6
1431,43063099999,"PUNE, IN",2023-05-15T21:00:00Z,24.4,1008.5,79.37,NONE,0,EDGE_PASS,20.6,-0.47,-0.3,1.87,3.9,-68,0,165.3
1432,42921099999,"NASIK CITY, IN",2023-05-15T22:00:00Z,24.73,1004.37,79.9,NONE,0,EDGE_PASS,21.03,-0.27,0.37,1.9,4.02,-87,0,157.0
1433,43003099999,"CHHATRAPATI SHIVAJI INTERNATIONAL, IN",2023-05-15T22:00:00Z,30.0,1008.0,74.61,NONE,0,EDGE_PASS,25.0,0.0,0.0,0.0,3.67,-86,0,155.4
1434,43057099999,"BOMBAY COLABA, IN",2023-05-15T22:00:00Z,30.8,1010.1,68.61,NONE,0,EDGE_PASS,24.37,-0.16,0.26,0.32,3.82,-99,0,116.5
1435,43063099999,"PUNE, IN",2023-05-15T22:00:00Z,24.2,1008.93,80.32,NONE,0,EDGE_PASS,20.6,-0.2,0.43,0.95,3.91,-69,0,92.1
1436,42921099999,"NASIK CITY, IN",2023-05-15T23:00:00Z,24.47,1004.73,81.86,NONE,0,EDGE_PASS,21.17,-0.26,0.36,1.96,4.02,-89,0,88.2
1437,43003099999,"CHHATRAPATI SHIVAJI INTERNATIONAL, IN",2023-05-15T23:00:00Z,30.0,1008.0,79.18,NONE,0,EDGE_PASS,26.0,0.0,0.0,4.57,3.67,-87,0,95.1
1438,43057099999,"BOMBAY COLABA, IN",2023-05-15T23:00:00Z,30.64,1010.36,68.94,NONE,0,EDGE_PASS,24.29,-0.16,0.26,0.33,3.82,-97,0,93.5
1439,43063099999,"PUNE, IN",2023-05-15T23:00:00Z,24.0,1009.37,81.3,NONE,0,EDGE_PASS,20.6,-0.2,0.44,0.98,3.9,-67,0,88.7
1440,42921099999,"NASIK CITY, IN",2023-05-16T00:00:00Z,24.2,1005.1,83.86,NONE,0,EDGE_PASS,21.3,-0.27,0.37,2.0,4.02,-90,0,87.2
1441,43003099999,"CHHATRAPATI SHIVAJI INTERNATIONAL, IN",2023-05-16T00:00:00Z,29.8,1009.2,75.47,NONE,0,EDGE_PASS,25.0,-0.2,1.2,-3.71,3.68,-87,0,89.4
1442,43057099999,"BOMBAY COLABA, IN",2023-05-16T00:00:00Z,30.48,1010.62,69.27,NONE,0,EDGE_PASS,24.22,-0.16,0.26,0.33,3.83,-97,0,90.1
1443,43063099999,"PUNE, IN",2023-05-16T00:00:00Z,23.8,1009.8,82.28,NONE,0,EDGE_PASS,20.6,-0.2,0.43,0.98,3.89,-66,0,88.0
1444,42921099999,"NASIK CITY, IN",2023-05-16T01:00:00Z,25.33,1005.67,77.73,NONE,0,EDGE_PASS,21.16,1.13,0.57,-6.13,4.02,-89,0,86.2
1445,43003099999,"CHHATRAPATI SHIVAJI INTERNATIONAL, IN",2023-05-16T01:00:00Z,30.0,1010.0,74.61,NONE,0,EDGE_PASS,25.0,0.2,0.8,-0.86,3.68,-88,0,90.8
1446,43057099999,"BOMBAY COLABA, IN",2023-05-16T01:00:00Z,30.32,1010.88,69.6,NONE,0,EDGE_PASS,24.15,-0.16,0.26,0.33,3.84,-99,0,147.3
1447,43063099999,"PUNE, IN",2023-05-16T01:00:00Z,25.13,1010.23,75.18,NONE,0,EDGE_PASS,20.43,1.33,0.43,-7.1,3.89,-68,0,112.4
1448,42921099999,"NASIK CITY, IN",2023-05-16T02:00:00Z,26.47,1006.23,72.08,NONE,0,EDGE_PASS,21.04,1.14,0.56,-5.65,4.03,-90,0,100.7
1449,43003099999,"CHHATRAPATI SHIVAJI INTERNATIONAL, IN",2023-05-16T02:00:00Z,31.0,1011.0,70.45,NONE,0,EDGE_PASS,25.0,1.0,1.0,-4.16,3.69,-87,0,122.8
1450,43057099999,"BOMBAY COLABA, IN",2023-05-16T02:00:00Z,30.16,1011.14,69.93,NONE,0,EDGE_PASS,24.07,-0.16,0.26,0.33,3.84,-101,0,95.9
1451,43063099999,"PUNE, IN",2023-05-16T02:00:00Z,26.47,1010.67,68.75,NONE,0,EDGE_PASS,20.27,1.34,0.44,-6.43,3.89,-70,0,93.8
1452,42921099999,"NASIK CITY, IN",2023-05-16T03:00:00Z,27.6,1006.8,66.89,NONE,0,EDGE_PASS,20.9,1.13,0.57,-5.19,4.03,-92,0,105.1
1453,43003099999,"CHHATRAPATI SHIVAJI INTERNATIONAL, IN",2023-05-16T03:00:00Z,31.4,1011.1,68.45,NONE,0,EDGE_PASS,24.9,0.4,0.1,-2.0,3.68,-88,0,96.6
1454,43057099999,"BOMBAY COLABA, IN",2023-05-16T03:00:00Z,30.0,1011.4,70.27,NONE,0,EDGE_PASS,24.0,-0.16,0.26,0.34,3.84,-101,0,99.3
1455,43063099999,"PUNE, IN",2023-05-16T03:00:00Z,27.8,1011.1,62.92,NONE,0,EDGE_PASS,20.1,1.33,0.43,-5.83,3.89,-68,0,86.3
1456,42921099999,"NASIK CITY, IN",2023-05-16T04:00:00Z,28.93,1006.43,58.91,NONE,0,EDGE_PASS,20.1,1.33,-0.37,-7.98,4.04,-91,0,84.5
1457,43003099999,"CHHATRAPATI SHIVAJI INTERNATIONAL, IN",2023-05-16T04:00:00Z,32.0,1012.0,66.55,NONE,0,EDGE_PASS,25.0,0.6,0.9,-1.9,3.68,-87,0,83.3
1458,43057099999,"BOMBAY COLABA, IN",2023-05-16T04:00:00Z,30.33,1011.18,69.03,NONE,0,EDGE_PASS,24.02,0.33,-0.22,-1.24,3.85,-100,0,88.7
1459,43063099999,"PUNE, IN",2023-05-16T04:00:00Z,29.67,1010.7,53.06,NONE,0,EDGE_PASS,19.1,1.87,-0.4,-9.86,3.89,-68,0,88.2
1460,42921099999,"NASIK CITY, IN",2023-05-16T05:00:00Z,30.27,1006.07,51.9,NONE,0,EDGE_PASS,19.3,1.34,-0.36,-7.01,4.03,-92,0,92.0
1461,43003099999,"CHHATRAPATI SHIVAJI INTERNATIONAL, IN",2023-05-16T05:00:00Z,33.0,1012.0,62.9,NONE,0,EDGE_PASS,25.0,1.0,0.0,-3.65,3.68,-86,0,89.3
1462,43057099999,"BOMBAY COLABA, IN",2023-05-16T05:00:00Z,30.67,1010.96,67.81,NONE,0,EDGE_PASS,24.05,0.34,-0.22,-1.22,3.85,-102,0,110.1
1463,43063099999,"PUNE, IN",2023-05-16T05:00:00Z,31.53,1010.3,44.78,NONE,0,EDGE_PASS,18.1,1.86,-0.4,-8.28,3.9,-67,0,88.9
1464,42921099999,"NASIK CITY, IN",2023-05-16T06:00:00Z,31.6,1005.7,45.75,NONE,0,EDGE_PASS,18.5,1.33,-0.37,-6.15,4.03,-92,0,91.8
1465,43003099999,"CHHATRAPATI SHIVAJI INTERNATIONAL, IN",2023-05-16T06:00:00Z,33.0,1012.0,66.75,NONE,0,EDGE_PASS,26.0,0.0,0.0,3.85,3.68,-85,0,98.1
1466,43057099999,"BOMBAY COLABA, IN",2023-05-16T06:00:00Z,31.0,1010.73,66.62,NONE,0,EDGE_PASS,24.07,0.33,-0.23,-1.19,3.84,-100,0,84.7
1467,43063099999,"PUNE, IN",2023-05-16T06:00:00Z,33.4,1009.9,37.84,NONE,0,EDGE_PASS,17.1,1.87,-0.4,-6.94,3.89,-69,0,102.2
1468,42921099999,"NASIK CITY, IN",2023-05-16T07:00:00Z,32.57,1004.73,40.07,NONE,0,EDGE_PASS,17.27,0.97,-0.97,-5.68,4.03,-94,0,85.9
1469,43003099999,"CHHATRAPATI SHIVAJI INTERNATIONAL, IN",2023-05-16T07:00:00Z,33.0,1011.0,62.9,NONE,0,EDGE_PASS,25.0,0.0,-1.0,-3.85,3.68,-83,0,84.2
1470,43057099999,"BOMBAY COLABA, IN",2023-05-16T07:00:00Z,31.33,1010.51,65.45,NONE,0,EDGE_PASS,24.09,0.33,-0.22,-1.17,3.85,-100,1,111.3
1471,43063099999,"PUNE, IN",2023-05-16T07:00:00Z,34.0,1008.9,34.77,NONE,0,EDGE_PASS,16.3,0.6,-1.0,-3.07,3.88,-69,1,103.1
1472,42921099999,"NASIK CITY, IN",2023-05-16T08:00:00Z,33.53,1003.77,35.09,NONE,0,EDGE_PASS,16.03,0.96,-0.96,-4.98,4.03,-94,1,99.8
1473,43003099999,"CHHATRAPATI SHIVAJI INTERNATIONAL, IN",2023-05-16T08:00:00Z,34.0,1010.0,59.47,NONE,0,EDGE_PASS,25.0,1.0,-1.0,-3.43,3.67,-83,1,95.3
1474,43057099999,"BOMBAY COLABA, IN",2023-05-16T08:00:00Z,31.67,1010.29,64.31,NONE,0,EDGE_PASS,24.11,0.34,-0.22,-1.14,3.84,-99,2,85.2
1475,43063099999,"PUNE, IN",2023-05-16T08:00:00Z,34.6,1007.9,31.95,NONE,0,EDGE_PASS,15.5,0.6,-1.0,-2.82,3.88,-69,0,173.6
1476,42921099999,"NASIK CITY, IN",2023-05-16T09:00:00Z,34.5,1002.8,30.72,NONE,0,EDGE_PASS,14.8,0.97,-0.97,-4.37,4.03,-95,0,183.9
1477,43003099999,"CHHATRAPATI SHIVAJI INTERNATIONAL, IN",2023-05-16T09:00:00Z,34.2,1010.1,59.51,NONE,0,EDGE_PASS,25.2,0.2,0.1,0.04,3.67,-83,0,126.3
1478,43057099999,"BOMBAY COLABA, IN",2023-05-16T09:00:00Z,32.0,1010.07,63.19,NONE,0,EDGE_PASS,24.13,0.33,-0.22,-1.12,3.85,-101,0,107.0
1479,43063099999,"PUNE, IN",2023-05-16T09:00:00Z,35.2,1006.9,29.35,NONE,0,EDGE_PASS,14.7,0.6,-1.0,-2.6,3.89,-70,0,94.4
1480,42921099999,"NASIK CITY, IN",2023-05-16T10:00:00Z,34.0,1002.83,29.93,NONE,0,EDGE_PASS,13.97,-0.5,0.03,-0.79,4.03,-94,0,94.6
1481,43003099999,"CHHATRAPATI SHIVAJI INTERNATIONAL, IN",2023-05-16T10:00:00Z,32.5,1009.5,66.65,NONE,0,EDGE_PASS,25.5,-1.7,-0.6,7.14,3.68,-82,0,95.8
1482,43057099999,"BOMBAY COLABA, IN",2023-05-16T10:00:00Z,32.33,1009.84,62.09,NONE,0,EDGE_PASS,24.15,0.33,-0.23,-1.1,3.85,-103,0,92.4
1483,43063099999,"PUNE, IN",2023-05-16T10:00:00Z,34.73,1006.9,30.19,NONE,0,EDGE_PASS,14.73,-0.47,0.0,0.84,3.89,-68,0,96.5
1484,42921099999,"NASIK CITY, IN",2023-05-16T11:00:00Z,33.5,1002.87,29.15,NONE,0,EDGE_PASS,13.13,-0.5,0.04,-0.78,4.03,-96,0,90.1
1485,43003099999,"CHHATRAPATI SHIVAJI INTERNATIONAL, IN",2023-05-16T11:00:00Z,32.0,1009.0,70.63,NONE,0,EDGE_PASS,26.0,-0.5,-0.5,3.98,3.68,-83,0,96.4
1486,43057099999,"BOMBAY COLABA, IN",2023-05-16T11:00:00Z,32.67,1009.62,61.01,NONE,0,EDGE_PASS,24.18,0.34,-0.22,-1.08,3.85,-101,0,93.2
1487,43063099999,"PUNE, IN",2023-05-16T11:00:00Z,34.27,1006.9,31.05,NONE,0,EDGE_PASS,14.77,-0.46,0.0,0.86,3.89,-66,0,85.0
1488,42921099999,"NASIK CITY, IN",2023-05-16T12:00:00Z,33.0,1002.9,28.39,NONE,0,EDGE_PASS,12.3,-0.5,0.03,-0.76,4.04,-97,0,120.2
1489,43003099999,"CHHATRAPATI SHIVAJI INTERNATIONAL, IN",2023-05-16T12:00:00Z,33.4,1009.3,61.13,NONE,0,EDGE_PASS,24.9,1.4,0.3,-9.5,3.67,-81,0,86.7
1490,43057099999,"BOMBAY COLABA, IN",2023-05-16T12:00:00Z,33.0,1009.4,59.96,NONE,0,EDGE_PASS,24.2,0.33,-0.22,-1.05,3.85,-99,0,86.0
1491,43063099999,"PUNE, IN",2023-05-16T12:00:00Z,33.8,1006.9,31.94,NONE,0,EDGE_PASS,14.8,-0.47,0.0,0.89,3.89,-65,0,90.4
1492,42921099999,"NASIK CITY, IN",2023-05-16T13:00:00Z,31.5,1003.73,34.83,NONE,0,EDGE_PASS,14.13,-1.5,0.83,6.44,4.05,-96,0,182.7
1493,43003099999,"CHHATRAPATI SHIVAJI INTERNATIONAL, IN",2023-05-16T13:00:00Z,31.0,1010.0,74.77,NONE,0,EDGE_PASS,26.0,-2.4,0.7,13.64,3.66,-80,0,93.5
1494,43057099999,"BOMBAY COLABA, IN",2023-05-16T13:00:00Z,32.77,1009.55,60.49,NONE,0,EDGE_PASS,24.13,-0.23,0.15,0.53,3.85,-101,0,82.1
1495,43063099999,"PUNE, IN",2023-05-16T13:00:00Z,32.07,1007.9,37.15,NONE,0,EDGE_PASS,15.64,-1.73,1.0,5.21,3.9,-65,0,83.1
1496,42921099999,"NASIK CITY, IN",2023-05-16T14:00:00Z,30.0,1004.57,42.7,NONE,0,EDGE_PASS,15.96,-1.5,0.84,7.87,4.05,-97,0,126.9
1497,43003099999,"CHHATRAPATI SHIVAJI INTERNATIONAL, IN",2023-05-16T14:00:00Z,31.0,1010.0,74.77,NONE,0,EDGE_PASS,26.0,0.0,0.0,0.0,3.67,-82,0,110.8
1498,43057099999,"BOMBAY COLABA, IN",2023-05-16T14:00:00Z,32.55,1009.71,61.02,NONE,0,EDGE_PASS,24.07,-0.22,0.16,0.53,3.84,-100,0,84.2
1499,43063099999,"PUNE, IN",2023-05-16T14:00:00Z,30.33,1008.9,43.25,NONE,0,EDGE_PASS,16.46,-1.74,1.0,6.1,3.91,-65,0,125.8
1500,42921099999,"NASIK CITY, IN",2023-05-16T15:00:00Z,28.5,1005.4,52.32,NONE,0,EDGE_PASS,17.8,-1.5,0.83,9.62,4.05,-95,0,85.1
1501,43003099999,"CHHATRAPATI SHIVAJI INTERNATIONAL, IN",2023-05-16T15:00:00Z,31.0,1010.7,69.2,NONE,0,EDGE_PASS,24.7,0.0,0.7,-5.57,3.68,-80,0,88.7
1502,43057099999,"BOMBAY COLABA, IN",2023-05-16T15:00:00Z,32.32,1009.86,61.56,NONE,0,EDGE_PASS,24.0,-0.23,0.15,0.54,3.84,-101,0,98.0
1503,43063099999,"PUNE, IN",2023-05-16T15:00:00Z,28.6,1009.9,50.4,NONE,0,EDGE_PASS,17.3,-1.73,1.0,7.15,3.92,-66,0,141.0
1504,42921099999,"NASIK CITY, IN",2023-05-16T16:00:00Z,27.67,1006.03,58.0,NONE,0,EDGE_PASS,18.67,-0.83,0.63,5.68,4.05,-97,0,190.2
1505,43003099999,"CHHATRAPATI SHIVAJI INTERNATIONAL, IN",2023-05-16T16:00:00Z,31.0,1011.0,74.77,NONE,0,EDGE_PASS,26.0,0.0,0.3,5.57,3.68,-78,0,221.9
1506,43057099999,"BOMBAY COLABA, IN",2023-05-16T16:00:00Z,32.09,1010.01,62.1,NONE,0,EDGE_PASS,23.93,-0.23,0.15,0.54,3.84,-100,0,98.7
1507,43063099999,"PUNE, IN",2023-05-16T16:00:00Z,27.6,1010.43,56.08,NONE,0,EDGE_PASS,18.07,-1.0,0.53,5.68,3.91,-68,0,87.0
1508,42921099999,"NASIK CITY, IN",2023-05-16T17:00:00Z,26.83,1006.67,64.29,NONE,0,EDGE_PASS,19.53,-0.84,0.64,6.29,4.05,-99,0,85.1
1509,43003099999,"CHHATRAPATI SHIVAJI INTERNATIONAL, IN",2023-05-16T17:00:00Z,31.0,1012.0,72.58,NONE,0,EDGE_PASS,25.5,0.0,1.0,-2.19,3.68,-80,0,93.9
1510,43057099999,"BOMBAY COLABA, IN",2023-05-16T17:00:00Z,31.87,1010.17,62.65,NONE,0,EDGE_PASS,23.87,-0.22,0.16,0.55,3.84,-102,0,83.3
1511,43063099999,"PUNE, IN",2023-05-16T17:00:00Z,26.6,1010.97,62.4,NONE,0,EDGE_PASS,18.83,-1.0,0.54,6.32,3.9,-68,0,87.3
1512,42921099999,"NASIK CITY, IN",2023-05-16T18:00:00Z,26.0,1007.3,71.26,NONE,0,EDGE_PASS,20.4,-0.83,0.63,6.97,4.04,-98,0,83.9
1513,43003099999,"CHHATRAPATI SHIVAJI INTERNATIONAL, IN",2023-05-16T18:00:00Z,30.5,1011.6,71.21,NONE,0,EDGE_PASS,24.7,-0.5,-0.4,-1.37,3.68,-80,0,91.4
1514,43057099999,"BOMBAY COLABA, IN",2023-05-16T18:00:00Z,31.64,1010.32,63.21,NONE,0,EDGE_PASS,23.8,-0.23,0.15,0.56,3.84,-104,0,85.6
1515,43063099999,"PUNE, IN",2023-05-16T18:00:00Z,25.6,1011.5,69.45,NONE,0,EDGE_PASS,19.6,-1.0,0.53,7.05,3.9,-67,0,93.9
1516,42921099999,"NASIK CITY, IN",2023-05-16T19:00:00Z,25.5,1006.57,75.09,NONE,0,EDGE_PASS,20.77,-0.5,-0.73,3.83,4.04,-96,0,90.3
1517,43003099999,"CHHATRAPATI SHIVAJI INTERNATIONAL, IN",2023-05-16T19:00:00Z,30.0,1011.0,79.18,NONE,0,EDGE_PASS,26.0,-0.5,-0.6,7.97,3.69,-82,0,98.3
1518,43057099999,"BOMBAY COLABA, IN",2023-05-16T19:00:00Z,31.41,1010.47,63.78,NONE,0,EDGE_PASS,23.73,-0.23,0.15,0.57,3.84,-102,0,90.4
1519,43063099999,"PUNE, IN",2023-05-16T19:00:00Z,25.13,1010.87,71.55,NONE,0,EDGE_PASS,19.63,-0.47,-0.63,2.1,3.91,-68,0,84.1
1520,42921099999,"NASIK CITY, IN",2023-05-16T20:00:00Z,25.0,1005.83,79.12,NONE,0,EDGE_PASS,21.13,-0.5,-0.74,4.03,4.05,-97,0,85.3
1521,43003099999,"CHHATRAPATI SHIVAJI INTERNATIONAL, IN",2023-05-16T20:00:00Z,30.0,1010.0,74.61,NONE,0,EDGE_PASS,25.0,0.0,-1.0,-4.57,3.69,-84,0,85.8
1522,43057099999,"BOMBAY COLABA, IN",2023-05-16T20:00:00Z,31.19,1010.63,64.35,NONE,0,EDGE_PASS,23.67,-0.22,0.16,0.57,3.84,-102,0,86.0
1523,43063099999,"PUNE, IN",2023-05-16T20:00:00Z,24.67,1010.23,73.72,NONE,0,EDGE_PASS,19.67,-0.46,-0.64,2.17,3.91,-68,0,93.0
1524,42921099999,"NASIK CITY, IN",2023-05-16T21:00:00Z,24.5,1005.1,83.38,NONE,0,EDGE_PASS,21.5,-0.5,-0.73,4.26,4.06,-97,0,86.8
1525,43003099999,"CHHATRAPATI SHIVAJI INTERNATIONAL, IN",2023-05-16T21:00:00Z,29.8,1009.4,76.83,NONE,0,EDGE_PASS,25.3,-0.2,-0.6,2.22,3.7,-84,0,85.7
1526,43057099999,"BOMBAY COLABA, IN",2023-05-16T21:00:00Z,30.96,1010.78,64.92,NONE,0,EDGE_PASS,23.6,-0.23,0.15,0.57,3.84,-103,0,87.0
1527,43063099999,"PUNE, IN",2023-05-16T21:00:00Z,24.2,1009.6,75.97,NONE,0,EDGE_PASS,19.7,-0.47,-0.63,2.25,3.92,-66,0,84.4
1528,42921099999,"NASIK CITY, IN",2023-05-16T22:00:00Z,24.2,1005.2,84.38,NONE,0,EDGE_PASS,21.4,-0.3,0.1,1.0,4.06,-96,0,86.2
1529,43003099999,"CHHATRAPATI SHIVAJI INTERNATIONAL, IN",2023-05-16T22:00:00Z,30.0,1009.0,74.61,NONE,0,EDGE_PASS,25.0,0.2,-0.4,-2.22,3.7,-83,0,87.5
1530,43057099999,"BOMBAY COLABA, IN",2023-05-16T22:00:00Z,30.73,1010.93,65.51,NONE,0,EDGE_PASS,23.53,-0.23,0.15,0.59,3.85,-102,0,85.9
1531,43063099999,"PUNE, IN",2023-05-16T22:00:00Z,23.67,1009.83,78.29,FROZEN,0,EDGE_PASS,19.67,-0.53,0.23,2.32,3.92,-65,0,93.2
1532,42921099999,"NASIK CITY, IN",2023-05-16T23:00:00Z,23.9,1005.3,85.39,NONE,0,EDGE_PASS,21.3,-0.3,0.1,1.01,4.06,-96,0,104.3
1533,43003099999,"CHHATRAPATI SHIVAJI INTERNATIONAL, IN",2023-05-16T23:00:00Z,30.0,1009.0,74.61,NONE,0,EDGE_PASS,25.0,0.0,0.0,0.0,3.69,-85,0,171.5
1534,43057099999,"BOMBAY COLABA, IN",2023-05-16T23:00:00Z,30.51,1011.09,66.09,NONE,0,EDGE_PASS,23.47,-0.22,0.16,0.58,3.84,-101,0,119.0
1535,43063099999,"PUNE, IN",2023-05-16T23:00:00Z,23.13,1010.07,78.29,FROZEN,0,EDGE_PASS,19.15,-0.54,0.24,0.0,3.93,-65,0,89.4
1536,42921099999,"NASIK CITY, IN",2023-05-17T00:00:00Z,23.6,1005.4,86.41,NONE,0,EDGE_PASS,21.2,-0.3,0.1,1.02,4.05,-94,0,100.5
1537,43003099999,"CHHATRAPATI SHIVAJI INTERNATIONAL, IN",2023-05-17T00:00:00Z,30.0,1009.0,74.61,NONE,0,EDGE_PASS,25.0,0.0,0.0,0.0,3.7,-83,0,99.5
1538,43057099999,"BOMBAY COLABA, IN",2023-05-17T00:00:00Z,30.28,1011.24,66.69,NONE,0,EDGE_PASS,23.4,-0.23,0.15,0.6,3.83,-102,0,84.1
1539,43063099999,"PUNE, IN",2023-05-17T00:00:00Z,22.6,1010.3,78.29,FROZEN,0,EDGE_PASS,18.63,-0.53,0.23,0.0,3.93,-65,0,85.2
1540,42921099999,"NASIK CITY, IN",2023-05-17T01:00:00Z,24.4,1006.07,82.02,NONE,0,EDGE_PASS,21.13,0.8,0.67,-4.39,4.04,-95,0,84.0
1541,43003099999,"CHHATRAPATI SHIVAJI INTERNATIONAL, IN",2023-05-17T01:00:00Z,30.0,1010.0,74.61,NONE,0,EDGE_PASS,25.0,0.0,1.0,0.0,3.7,-81,0,86.9
1542,43057099999,"BOMBAY COLABA, IN",2023-05-17T01:00:00Z,30.05,1011.39,67.29,NONE,0,EDGE_PASS,23.33,-0.23,0.15,0.6,3.84,-102,0,85.4
1543,43063099999,"PUNE, IN",2023-05-17T01:00:00Z,24.47,1010.53,78.29,FROZEN,0,EDGE_PASS,20.45,1.87,0.23,0.0,3.93,-66,0,84.3
1544,42921099999,"NASIK CITY, IN",2023-05-17T02:00:00Z,25.2,1006.73,77.87,NONE,0,EDGE_PASS,21.07,0.8,0.66,-4.15,4.05,-93,0,87.3
1545,43003099999,"CHHATRAPATI SHIVAJI INTERNATIONAL, IN",2023-05-17T02:00:00Z,30.0,1011.0,74.61,NONE,0,EDGE_PASS,25.0,0.0,1.0,0.0,3.71,-82,0,91.1
1546,43057099999,"BOMBAY COLABA, IN",2023-05-17T02:00:00Z,29.83,1011.55,67.9,NONE,0,EDGE_PASS,23.27,-0.22,0.16,0.61,3.85,-104,0,98.5
1547,43063099999,"PUNE, IN",2023-05-17T02:00:00Z,26.33,1010.77,78.29,FROZEN,0,EDGE_PASS,22.25,1.86,0.24,0.0,3.92,-65,0,97.0
1548,42921099999,"NASIK CITY, IN",2023-05-17T03:00:00Z,26.0,1007.4,73.95,NONE,0,EDGE_PASS,21.0,0.8,0.67,-3.92,4.05,-92,0,88.6
1549,43003099999,"CHHATRAPATI SHIVAJI INTERNATIONAL, IN",2023-05-17T03:00:00Z,30.8,1011.3,67.93,NONE,0,EDGE_PASS,24.2,0.8,0.3,-6.68,3.7,-81,0,90.7
1550,43057099999,"BOMBAY COLABA, IN",2023-05-17T03:00:00Z,29.6,1011.7,68.52,NONE,0,EDGE_PASS,23.2,-0.23,0.15,0.62,3.84,-102,0,91.1
1551,43063099999,"PUNE, IN",2023-05-17T03:00:00Z,28.2,1011.0,78.29,FROZEN,0,EDGE_PASS,24.06,1.87,0.23,0.0,3.93,-66,0,88.2
1552,42921099999,"NASIK CITY, IN",2023-05-17T04:00:00Z,28.0,1006.93,61.68,NONE,0,EDGE_PASS,19.97,2.0,-0.47,-12.27,4.05,-92,0,90.7
1553,43003099999,"CHHATRAPATI SHIVAJI INTERNATIONAL, IN",2023-05-17T04:00:00Z,32.0,1012.0,62.68,NONE,0,EDGE_PASS,24.0,1.2,0.7,-5.25,3.71,-83,0,86.1
1554,43057099999,"BOMBAY COLABA, IN",2023-05-17T04:00:00Z,29.89,1011.37,67.98,NONE,0,EDGE_PASS,23.35,0.29,-0.33,-0.54,3.84,-104,0,84.9
1555,43063099999,"PUNE, IN",2023-05-17T04:00:00Z,30.33,1010.5,78.29,FROZEN,0,EDGE_PASS,26.13,2.13,-0.5,0.0,3.93,-65,0,90.4
1556,42921099999,"NASIK CITY, IN",2023-05-17T05:00:00Z,30.0,1006.47,51.51,NONE,0,EDGE_PASS,18.93,2.0,-0.46,-10.17,4.05,-93,0,103.9
1557,43003099999,"CHHATRAPATI SHIVAJI INTERNATIONAL, IN",2023-05-17T05:00:00Z,33.0,1012.0,62.9,NONE,0,EDGE_PASS,25.0,1.0,0.0,0.22,3.7,-85,0,96.6
1558,43057099999,"BOMBAY COLABA, IN",2023-05-17T05:00:00Z,30.18,1011.03,67.44,NONE,0,EDGE_PASS,23.49,0.29,-0.34,-0.54,3.84,-103,0,87.1
1559,43063099999,"PUNE, IN",2023-05-17T05:00:00Z,32.47,1010.0,78.29,FROZEN,0,EDGE_PASS,28.2,2.14,-0.5,0.0,3.93,-65,0,90.6
1560,42921099999,"NASIK CITY, IN",2023-05-17T06:00:00Z,32.0,1006.0,43.07,NONE,0,EDGE_PASS,17.9,2.0,-0.47,-8.44,4.05,-92,0,85.1
1561,43003099999,"CHHATRAPATI SHIVAJI INTERNATIONAL, IN",2023-05-17T06:00:00Z,33.6,1011.5,57.97,NONE,0,EDGE_PASS,24.2,0.6,-0.5,-4.93,3.7,-84,0,87.7
1562,43057099999,"BOMBAY COLABA, IN",2023-05-17T06:00:00Z,30.47,1010.7,66.92,NONE,0,EDGE_PASS,23.64,0.29,-0.33,-0.52,3.84,-104,0,109.2
1563,43063099999,"PUNE, IN",2023-05-17T06:00:00Z,34.6,1009.5,78.29,FROZEN,0,EDGE_PASS,30.27,2.13,-0.5,0.0,3.93,-65,0,154.9
1564,42921099999,"NASIK CITY, IN",2023-05-17T07:00:00Z,33.4,1004.83,35.2,NONE,0,EDGE_PASS,15.97,1.4,-1.17,-7.87,4.05,-92,0,418.6
1565,43003099999,"CHHATRAPATI SHIVAJI INTERNATIONAL, IN",2023-05-17T07:00:00Z,33.0,1011.0,62.9,NONE,0,EDGE_PASS,25.0,-0.6,-0.5,4.93,3.7,-85,0,140.8
1566,43057099999,"BOMBAY COLABA, IN",2023-05-17T07:00:00Z,30.76,1010.37,66.39,NONE,0,EDGE_PASS,23.78,0.29,-0.33,-0.53,3.85,-105,0,115.0
1567,43063099999,"PUNE, IN",2023-05-17T07:00:00Z,35.67,1008.23,78.29,FROZEN,0,EDGE_PASS,31.31,1.07,-1.27,0.0,3.93,-65,0,109.2
1568,42921099999,"NASIK CITY, IN",2023-05-17T08:00:00Z,34.8,1003.67,28.75,NONE,0,EDGE_PASS,14.04,1.4,-1.16,-6.45,4.05,-92,0,102.9
1569,43003099999,"CHHATRAPATI SHIVAJI INTERNATIONAL, IN",2023-05-17T08:00:00Z,33.0,1010.0,62.9,NONE,0,EDGE_PASS,25.0,0.0,-1.0,0.0,3.7,-87,0,113.0
1570,43057099999,"BOMBAY COLABA, IN",2023-05-17T08:00:00Z,31.04,1010.03,65.88,NONE,0,EDGE_PASS,23.92,0.28,-0.34,-0.51,3.85,-104,0,107.3
1571,43063099999,"PUNE, IN",2023-05-17T08:00:00Z,36.73,1006.97,78.29,FROZEN,0,EDGE_PASS,32.33,1.06,-1.26,0.0,3.92,-66,0,96.1
1572,42921099999,"NASIK CITY, IN",2023-05-17T09:00:00Z,36.2,1002.5,23.45,NONE,0,EDGE_PASS,12.1,1.4,-1.17,-5.3,4.05,-91,0,121.4
1573,43003099999,"CHHATRAPATI SHIVAJI INTERNATIONAL, IN",2023-05-17T09:00:00Z,33.0,1009.0,62.9,NONE,0,EDGE_PASS,25.0,0.0,-1.0,0.0,3.69,-88,0,99.1
1574,43057099999,"BOMBAY COLABA, IN",2023-05-17T09:00:00Z,31.33,1009.7,65.37,NONE,0,EDGE_PASS,24.06,0.29,-0.33,-0.51,3.85,-102,0,94.3
1575,43063099999,"PUNE, IN",2023-05-17T09:00:00Z,37.8,1005.7,78.29,FROZEN,0,EDGE_PASS,33.37,1.07,-1.27,0.0,3.93,-65,0,94.7
1576,42921099999,"NASIK CITY, IN",2023-05-17T10:00:00Z,36.0,1002.3,23.97,NONE,0,EDGE_PASS,12.27,-0.2,-0.2,0.52,4.05,-90,0,101.2
1577,43003099999,"CHHATRAPATI SHIVAJI INTERNATIONAL, IN",2023-05-17T10:00:00Z,33.0,1009.0,62.9,NONE,0,EDGE_PASS,25.0,0.0,0.0,0.0,3.69,-87,0,93.6
1578,43057099999,"BOMBAY COLABA, IN",2023-05-17T10:00:00Z,31.62,1009.37,64.86,NONE,0,EDGE_PASS,24.21,0.29,-0.33,-0.51,3.85,-103,0,95.0
1579,43063099999,"PUNE, IN",2023-05-17T10:00:00Z,37.47,1005.6,78.29,FROZEN,8,EDGE_ERR_SENSOR_FROZEN,33.05,-0.33,-0.1,0.0,3.93,-67,0,91.9
1580,42921099999,"NASIK CITY, IN",2023-05-17T11:00:00Z,35.8,1002.1,24.5,NONE,0,EDGE_PASS,12.43,-0.2,-0.2,0.53,4.06,-91,0,87.0
1581,43003099999,"CHHATRAPATI SHIVAJI INTERNATIONAL, IN",2023-05-17T11:00:00Z,33.0,1008.0,62.9,NONE,0,EDGE_PASS,25.0,0.0,-1.0,0.0,3.7,-87,0,91.6
1582,43057099999,"BOMBAY COLABA, IN",2023-05-17T11:00:00Z,31.91,1009.03,64.36,NONE,0,EDGE_PASS,24.35,0.29,-0.34,-0.5,3.85,-104,0,91.7
1583,43063099999,"PUNE, IN",2023-05-17T11:00:00Z,37.13,1005.5,78.29,FROZEN,8,EDGE_ERR_SENSOR_FROZEN,32.72,-0.34,-0.1,0.0,3.92,-69,0,89.9
1584,42921099999,"NASIK CITY, IN",2023-05-17T12:00:00Z,35.6,1001.9,25.04,NONE,0,EDGE_PASS,12.6,-0.2,-0.2,0.54,4.06,-92,0,89.1
1585,43003099999,"CHHATRAPATI SHIVAJI INTERNATIONAL, IN",2023-05-17T12:00:00Z,33.2,1008.5,62.2,NONE,0,EDGE_PASS,25.0,0.2,0.5,-0.7,3.7,-89,0,90.8
1586,43057099999,"BOMBAY COLABA, IN",2023-05-17T12:00:00Z,32.2,1008.7,63.87,NONE,0,EDGE_PASS,24.5,0.29,-0.33,-0.49,3.86,-104,0,97.9
1587,43063099999,"PUNE, IN",2023-05-17T12:00:00Z,36.8,1005.4,78.29,FROZEN,8,EDGE_ERR_SENSOR_FROZEN,32.4,-0.33,-0.1,0.0,3.93,-67,0,92.7
1588,42921099999,"NASIK CITY, IN",2023-05-17T13:00:00Z,33.6,1002.93,29.05,NONE,0,EDGE_PASS,13.17,-2.0,1.03,4.01,4.06,-93,0,89.4
1589,43003099999,"CHHATRAPATI SHIVAJI INTERNATIONAL, IN",2023-05-17T13:00:00Z,31.0,1009.0,70.45,NONE,0,EDGE_PASS,25.0,-2.2,0.5,8.25,3.71,-89,0,92.2
1590,43057099999,"BOMBAY COLABA, IN",2023-05-17T13:00:00Z,32.01,1009.03,64.31,NONE,0,EDGE_PASS,24.44,-0.19,0.33,0.44,3.85,-105,1,112.7
1591,43063099999,"PUNE, IN",2023-05-17T13:00:00Z,34.8,1006.53,78.29,FROZEN,8,EDGE_ERR_SENSOR_FROZEN,30.46,-2.0,1.13,0.0,3.94,-66,1,101.0
1592,42921099999,"NASIK CITY, IN",2023-05-17T14:00:00Z,31.6,1003.97,33.75,NONE,0,EDGE_PASS,13.74,-2.0,1.04,4.7,4.07,-92,1,162.1
1593,43003099999,"CHHATRAPATI SHIVAJI INTERNATIONAL, IN",2023-05-17T14:00:00Z,31.0,1010.0,74.77,NONE,0,EDGE_PASS,26.0,0.0,1.0,4.32,3.7,-90,1,155.6
1594,43057099999,"BOMBAY COLABA, IN",2023-05-17T14:00:00Z,31.83,1009.35,64.76,NONE,0,EDGE_PASS,24.38,-0.18,0.32,0.45,3.86,-104,2,143.6
1595,43063099999,"PUNE, IN",2023-05-17T14:00:00Z,32.8,1007.67,78.29,FROZEN,8,EDGE_ERR_SENSOR_FROZEN,28.52,-2.0,1.14,0.0,3.94,-68,0,104.2
1596,42921099999,"NASIK CITY, IN",2023-05-17T15:00:00Z,29.6,1005.0,39.26,NONE,0,EDGE_PASS,14.3,-2.0,1.03,5.51,4.08,-94,0,145.3
1597,43003099999,"CHHATRAPATI SHIVAJI INTERNATIONAL, IN",2023-05-17T15:00:00Z,30.2,1010.1,72.88,NONE,0,EDGE_PASS,24.8,-0.8,0.1,-1.89,3.69,-91,0,113.2
1598,43057099999,"BOMBAY COLABA, IN",2023-05-17T15:00:00Z,31.64,1009.68,65.22,NONE,0,EDGE_PASS,24.32,-0.19,0.33,0.46,3.85,-105,0,135.0
1599,43063099999,"PUNE, IN",2023-05-17T15:00:00Z,30.8,1008.8,78.29,FROZEN,8,EDGE_ERR_SENSOR_FROZEN,26.59,-2.0,1.13,0.0,3.94,-67,0,148.8
1600,42921099999,"NASIK CITY, IN",2023-05-17T16:00:00Z,28.23,1005.83,47.71,NONE,0,EDGE_PASS,16.1,-1.37,0.83,8.45,4.07,-96,0,96.8
1601,43003099999,"CHHATRAPATI SHIVAJI INTERNATIONAL, IN",2023-05-17T16:00:00Z,30.0,1011.0,83.99,NONE,0,EDGE_PASS,27.0,-0.2,0.9,11.11,3.69,-90,0,110.1
1602,43057099999,"BOMBAY COLABA, IN",2023-05-17T16:00:00Z,31.45,1010.01,65.68,NONE,0,EDGE_PASS,24.26,-0.19,0.33,0.46,3.86,-104,0,88.1
1603,43063099999,"PUNE, IN",2023-05-17T16:00:00Z,29.53,1009.63,55.5,NONE,8,EDGE_ERR_SENSOR_FROZEN,19.7,-1.27,0.83,-22.79,3.94,-68,0,91.1
1604,42921099999,"NASIK CITY, IN",2023-05-17T17:00:00Z,26.87,1006.67,57.93,NONE,0,EDGE_PASS,17.9,-1.36,0.84,10.22,4.07,-95,0,96.1
1605,43003099999,"CHHATRAPATI SHIVAJI INTERNATIONAL, IN",2023-05-17T17:00:00Z,30.0,1011.0,79.18,NONE,0,EDGE_PASS,26.0,0.0,0.0,-4.81,3.68,-88,0,97.8
1606,43057099999,"BOMBAY COLABA, IN",2023-05-17T17:00:00Z,31.27,1010.33,66.14,NONE,0,EDGE_PASS,24.2,-0.18,0.32,0.46,3.85,-102,0,88.3
1607,43063099999,"PUNE, IN",2023-05-17T17:00:00Z,28.27,1010.47,61.23,NONE,0,EDGE_PASS,20.1,-1.26,0.84,5.73,3.94,-66,0,96.3
1608,42921099999,"NASIK CITY, IN",2023-05-17T18:00:00Z,25.5,1007.5,70.29,NONE,0,EDGE_PASS,19.7,-1.37,0.83,12.36,4.07,-95,0,96.2
1609,43003099999,"CHHATRAPATI SHIVAJI INTERNATIONAL, IN",2023-05-17T18:00:00Z,29.8,1012.0,75.47,NONE,0,EDGE_PASS,25.0,-0.2,1.0,-3.71,3.69,-90,0,89.4
1610,43057099999,"BOMBAY COLABA, IN",2023-05-17T18:00:00Z,31.08,1010.66,66.61,NONE,0,EDGE_PASS,24.14,-0.19,0.33,0.47,3.86,-100,0,88.2
1611,43063099999,"PUNE, IN",2023-05-17T18:00:00Z,27.0,1011.3,67.6,NONE,0,EDGE_PASS,20.5,-1.27,0.83,6.37,3.94,-67,0,91.1
1612,42921099999,"NASIK CITY, IN",2023-05-17T19:00:00Z,24.83,1007.17,76.07,NONE,0,EDGE_PASS,20.33,-0.67,-0.33,5.78,4.07,-96,0,92.3
1613,43003099999,"CHHATRAPATI SHIVAJI INTERNATIONAL, IN",2023-05-17T19:00:00Z,29.0,1011.0,83.88,NONE,0,EDGE_PASS,26.0,-0.8,-1.0,8.41,3.69,-91,0,88.8
1614,43057099999,"BOMBAY COLABA, IN",2023-05-17T19:00:00Z,30.89,1010.99,67.08,NONE,0,EDGE_PASS,24.08,-0.19,0.33,0.47,3.86,-102,0,93.0
1615,43063099999,"PUNE, IN",2023-05-17T19:00:00Z,26.33,1011.0,70.45,NONE,0,EDGE_PASS,20.53,-0.67,-0.3,2.85,3.93,-65,0,92.8
1616,42921099999,"NASIK CITY, IN",2023-05-17T20:00:00Z,24.17,1006.83,82.32,NONE,0,EDGE_PASS,20.97,-0.66,-0.34,6.25,4.08,-97,0,87.9
1617,43003099999,"CHHATRAPATI SHIVAJI INTERNATIONAL, IN",2023-05-17T20:00:00Z,29.0,1011.0,83.88,NONE,0,EDGE_PASS,26.0,0.0,0.0,0.0,3.69,-90,0,89.3
1618,43057099999,"BOMBAY COLABA, IN",2023-05-17T20:00:00Z,30.71,1011.31,67.56,NONE,0,EDGE_PASS,24.02,-0.18,0.32,0.48,3.86,-102,0,152.0
1619,43063099999,"PUNE, IN",2023-05-17T20:00:00Z,25.67,1010.7,73.44,NONE,0,EDGE_PASS,20.57,-0.66,-0.3,2.99,3.93,-65,0,229.3
1620,42921099999,"NASIK CITY, IN",2023-05-17T21:00:00Z,23.5,1006.5,89.09,NONE,0,EDGE_PASS,21.6,-0.67,-0.33,6.77,4.07,-98,0,184.6
1621,43003099999,"CHHATRAPATI SHIVAJI INTERNATIONAL, IN",2023-05-17T21:00:00Z,29.2,1010.5,73.59,NONE,0,EDGE_PASS,24.0,0.2,-0.5,-10.29,3.69,-91,0,138.3
1622,43057099999,"BOMBAY COLABA, IN",2023-05-17T21:00:00Z,30.52,1011.64,68.04,NONE,0,EDGE_PASS,23.96,-0.19,0.33,0.48,3.86,-100,0,113.5
1623,43063099999,"PUNE, IN",2023-05-17T21:00:00Z,25.0,1010.4,76.57,NONE,0,EDGE_PASS,20.6,-0.67,-0.3,3.13,3.93,-65,0,99.2
1624,42921099999,"NASIK CITY, IN",2023-05-17T22:00:00Z,23.2,1006.87,89.8,NONE,0,EDGE_PASS,21.43,-0.3,0.37,0.71,4.08,-97,0,96.1
1625,43003099999,"CHHATRAPATI SHIVAJI INTERNATIONAL, IN",2023-05-17T22:00:00Z,30.0,1010.0,74.61,NONE,0,EDGE_PASS,25.0,0.8,-0.5,1.02,3.68,-92,0,95.7
1626,43057099999,"BOMBAY COLABA, IN",2023-05-17T22:00:00Z,30.33,1011.97,68.52,NONE,0,EDGE_PASS,23.9,-0.19,0.33,0.48,3.86,-99,0,104.8
1627,43063099999,"PUNE, IN",2023-05-17T22:00:00Z,24.67,1010.63,78.92,NONE,0,EDGE_PASS,20.77,-0.33,0.23,2.35,3.93,-66,0,119.6
1628,42921099999,"NASIK CITY, IN",2023-05-17T23:00:00Z,22.9,1007.23,90.52,NONE,0,EDGE_PASS,21.27,-0.3,0.36,0.72,4.08,-99,0,99.5
1629,43003099999,"CHHATRAPATI SHIVAJI INTERNATIONAL, IN",2023-05-17T23:00:00Z,29.0,1010.0,79.04,NONE,0,EDGE_PASS,25.0,-1.0,0.0,4.43,3.68,-93,0,99.3
1630,43057099999,"BOMBAY COLABA, IN",2023-05-17T23:00:00Z,30.15,1012.29,69.01,NONE,0,EDGE_PASS,23.84,-0.18,0.32,0.49,3.85,-100,0,101.7
1631,43063099999,"PUNE, IN",2023-05-17T23:00:00Z,24.33,1010.87,81.34,NONE,0,EDGE_PASS,20.93,-0.34,0.24,2.42,3.94,-65,0,91.9
1632,42921099999,"NASIK CITY, IN",2023-05-18T00:00:00Z,22.6,1007.6,91.24,NONE,0,EDGE_PASS,21.1,-0.3,0.37,0.72,4.09,-101,0,90.9
1633,43003099999,"CHHATRAPATI SHIVAJI INTERNATIONAL, IN",2023-05-18T00:00:00Z,27.8,1010.9,81.28,NONE,0,EDGE_PASS,24.3,-1.2,0.9,2.24,3.69,-93,0,90.3
1634,43057099999,"BOMBAY COLABA, IN",2023-05-18T00:00:00Z,29.96,1012.62,69.5,NONE,0,EDGE_PASS,23.78,-0.19,0.33,0.49,3.85,-100,0,89.4
1635,43063099999,"PUNE, IN",2023-05-18T00:00:00Z,24.0,1011.1,83.84,NONE,0,EDGE_PASS,21.1,-0.33,0.23,2.5,3.95,-66,0,89.0
1636,42921099999,"NASIK CITY, IN",2023-05-18T01:00:00Z,23.9,1008.2,85.04,NONE,0,EDGE_PASS,21.23,1.3,0.6,-6.2,4.09,-99,0,96.6
1637,43003099999,"CHHATRAPATI SHIVAJI INTERNATIONAL, IN",2023-05-18T01:00:00Z,29.0,1012.0,79.04,NONE,0,EDGE_PASS,25.0,1.2,1.1,-2.24,3.69,-93,0,92.1
1638,43057099999,"BOMBAY COLABA, IN",2023-05-18T01:00:00Z,29.77,1012.95,70.0,NONE,0,EDGE_PASS,23.72,-0.19,0.33,0.5,3.86,-102,0,103.7
1639,43063099999,"PUNE, IN",2023-05-18T01:00:00Z,25.0,1011.73,76.57,NONE,0,EDGE_PASS,20.6,1.0,0.63,-7.27,3.94,-65,0,117.9
1640,42921099999,"NASIK CITY, IN",2023-05-18T02:00:00Z,25.2,1008.8,79.31,NONE,0,EDGE_PASS,21.37,1.3,0.6,-5.73,4.08,-97,0,97.2
1641,43003099999,"CHHATRAPATI SHIVAJI INTERNATIONAL, IN",2023-05-18T02:00:00Z,30.0,1013.0,74.61,NONE,0,EDGE_PASS,25.0,1.0,1.0,-4.43,3.69,-94,0,95.8
1642,43057099999,"BOMBAY COLABA, IN",2023-05-18T02:00:00Z,29.59,1013.27,70.5,NONE,0,EDGE_PASS,23.66,-0.18,0.32,0.5,3.85,-103,0,89.8
1643,43063099999,"PUNE, IN",2023-05-18T02:00:00Z,26.0,1012.37,69.95,NONE,0,EDGE_PASS,20.1,1.0,0.64,-6.62,3.94,-65,0,98.4
1644,42921099999,"NASIK CITY, IN",2023-05-18T03:00:00Z,26.5,1009.4,74.03,NONE,0,EDGE_PASS,21.5,1.3,0.6,-5.28,4.09,-96,0,129.0
1645,43003099999,"CHHATRAPATI SHIVAJI INTERNATIONAL, IN",2023-05-18T03:00:00Z,30.4,1013.4,71.62,NONE,0,EDGE_PASS,24.7,0.4,0.4,-2.99,3.69,-93,0,99.8
1646,43057099999,"BOMBAY COLABA, IN",2023-05-18T03:00:00Z,29.4,1013.6,71.01,NONE,0,EDGE_PASS,23.6,-0.19,0.33,0.51,3.84,-101,0,95.1
1647,43063099999,"PUNE, IN",2023-05-18T03:00:00Z,27.0,1013.0,63.93,NONE,0,EDGE_PASS,19.6,1.0,0.63,-6.02,3.94,-66,0,94.8
1648,42921099999,"NASIK CITY, IN",2023-05-18T04:00:00Z,28.67,1008.87,64.02,NONE,0,EDGE_PASS,21.2,2.17,-0.53,-10.01,4.08,-96,0,93.4
1649,43003099999,"CHHATRAPATI SHIVAJI INTERNATIONAL, IN",2023-05-18T04:00:00Z,32.0,1014.0,62.68,NONE,0,EDGE_PASS,24.0,1.6,0.6,-8.94,3.68,-93,0,105.1
1650,43057099999,"BOMBAY COLABA, IN",2023-05-18T04:00:00Z,29.62,1013.17,71.14,NONE,0,EDGE_PASS,23.84,0.22,-0.43,0.13,3.83,-101,0,96.7
1651,43063099999,"PUNE, IN",2023-05-18T04:00:00Z,29.6,1012.4,49.92,NONE,0,EDGE_PASS,18.07,2.6,-0.6,-14.01,3.95,-65,0,122.8
1652,42921099999,"NASIK CITY, IN",2023-05-18T05:00:00Z,30.83,1008.33,55.48,NONE,0,EDGE_PASS,20.9,2.16,-0.54,-8.54,4.08,-98,0,94.6
1653,43003099999,"CHHATRAPATI SHIVAJI INTERNATIONAL, IN",2023-05-18T05:00:00Z,33.0,1013.0,59.24,NONE,0,EDGE_PASS,24.0,1.0,-1.0,-3.44,3.69,-91,0,91.1
1654,43057099999,"BOMBAY COLABA, IN",2023-05-18T05:00:00Z,29.84,1012.73,71.28,NONE,0,EDGE_PASS,24.08,0.22,-0.44,0.14,3.83,-102,0,89.2
1655,43063099999,"PUNE, IN",2023-05-18T05:00:00Z,32.2,1011.8,39.05,NONE,0,EDGE_PASS,16.53,2.6,-0.6,-10.87,3.95,-66,0,89.5
1656,42921099999,"NASIK CITY, IN",2023-05-18T06:00:00Z,33.0,1007.8,48.16,NONE,0,EDGE_PASS,20.6,2.17,-0.53,-7.32,4.08,-100,0,92.5
1657,43003099999,"CHHATRAPATI SHIVAJI INTERNATIONAL, IN",2023-05-18T06:00:00Z,33.0,1013.0,66.75,NONE,0,EDGE_PASS,26.0,0.0,0.0,7.51,3.68,-91,0,95.2
1658,43057099999,"BOMBAY COLABA, IN",2023-05-18T06:00:00Z,30.07,1012.3,71.41,NONE,0,EDGE_PASS,24.34,0.23,-0.43,0.13,3.83,-101,0,89.3
1659,43063099999,"PUNE, IN",2023-05-18T06:00:00Z,34.8,1011.2,30.6,NONE,0,EDGE_PASS,15.0,2.6,-0.6,-8.45,3.95,-65,0,90.0
1660,42921099999,"NASIK CITY, IN",2023-05-18T07:00:00Z,34.2,1006.67,39.02,NONE,0,EDGE_PASS,18.3,1.2,-1.13,-9.14,4.07,-102,0,101.7
1661,43003099999,"CHHATRAPATI SHIVAJI INTERNATIONAL, IN",2023-05-18T07:00:00Z,33.0,1013.0,66.75,NONE,0,EDGE_PASS,26.0,0.0,0.0,0.0,3.68,-91,0,94.0
1662,43057099999,"BOMBAY COLABA, IN",2023-05-18T07:00:00Z,30.29,1011.87,71.55,NONE,0,EDGE_PASS,24.58,0.22,-0.43,0.14,3.83,-99,0,92.1
1663,43063099999,"PUNE, IN",2023-05-18T07:00:00Z,36.0,1009.87,25.59,NONE,0,EDGE_PASS,13.27,1.2,-1.33,-5.01,3.95,-66,0,92.4
1664,42921099999,"NASIK CITY, IN",2023-05-18T08:00:00Z,35.4,1005.53,31.56,NONE,0,EDGE_PASS,16.0,1.2,-1.14,-7.46,4.07,-101,0,88.1
1665,43003099999,"CHHATRAPATI SHIVAJI INTERNATIONAL, IN",2023-05-18T08:00:00Z,32.0,1012.0,70.63,NONE,0,EDGE_PASS,26.0,-1.0,-1.0,3.88,3.68,-93,0,87.8
1666,43057099999,"BOMBAY COLABA, IN",2023-05-18T08:00:00Z,30.51,1011.43,71.68,NONE,0,EDGE_PASS,24.82,0.22,-0.44,0.13,3.84,-99,0,95.5
1667,43063099999,"PUNE, IN",2023-05-18T08:00:00Z,37.2,1008.53,21.38,NONE,0,EDGE_PASS,11.53,1.2,-1.34,-4.21,3.95,-65,0,92.0
1668,42921099999,"NASIK CITY, IN",2023-05-18T09:00:00Z,36.6,1004.4,25.47,NONE,0,EDGE_PASS,13.7,1.2,-1.13,-6.09,4.08,-101,0,89.6
1669,43003099999,"CHHATRAPATI SHIVAJI INTERNATIONAL, IN",2023-05-18T09:00:00Z,33.4,1011.2,60.05,NONE,0,EDGE_PASS,24.6,1.4,-0.8,-10.58,3.68,-91,0,90.0
1670,43057099999,"BOMBAY COLABA, IN",2023-05-18T09:00:00Z,30.73,1011.0,71.82,NONE,0,EDGE_PASS,25.06,0.22,-0.43,0.14,3.83,-99,0,86.8
1671,43063099999,"PUNE, IN",2023-05-18T09:00:00Z,38.4,1007.2,17.85,NONE,0,EDGE_PASS,9.8,1.2,-1.33,-3.53,3.95,-65,0,108.8
1672,42921099999,"NASIK CITY, IN",2023-05-18T10:00:00Z,36.57,1003.93,24.06,NONE,0,EDGE_PASS,12.8,-0.03,-0.47,-1.41,4.07,-99,0,88.8
1673,43003099999,"CHHATRAPATI SHIVAJI INTERNATIONAL, IN",2023-05-18T10:00:00Z,33.0,1010.0,66.75,NONE,0,EDGE_PASS,26.0,-0.4,-1.2,6.7,3.69,-91,0,92.7
1674,43057099999,"BOMBAY COLABA, IN",2023-05-18T10:00:00Z,30.96,1010.57,71.95,NONE,0,EDGE_PASS,25.32,0.23,-0.43,0.13,3.84,-100,0,88.8
1675,43063099999,"PUNE, IN",2023-05-18T10:00:00Z,37.6,1006.97,20.33,NONE,0,EDGE_PASS,11.1,-0.8,-0.23,2.48,3.95,-65,0,110.7
1676,42921099999,"NASIK CITY, IN",2023-05-18T11:00:00Z,36.53,1003.47,22.72,NONE,0,EDGE_PASS,11.9,-0.04,-0.46,-1.34,4.06,-97,0,142.0
1677,43003099999,"CHHATRAPATI SHIVAJI INTERNATIONAL, IN",2023-05-18T11:00:00Z,33.0,1010.0,62.9,NONE,0,EDGE_PASS,25.0,0.0,0.0,-3.85,3.7,-89,0,104.7
1678,43057099999,"BOMBAY COLABA, IN",2023-05-18T11:00:00Z,31.18,1010.13,72.09,NONE,0,EDGE_PASS,25.56,0.22,-0.44,0.14,3.85,-101,0,141.6
1679,43063099999,"PUNE, IN",2023-05-18T11:00:00Z,36.8,1006.73,23.14,NONE,0,EDGE_PASS,12.4,-0.8,-0.24,2.81,3.94,-65,0,111.6
1680,42921099999,"NASIK CITY, IN",2023-05-18T12:00:00Z,36.5,1003.0,21.45,NONE,0,EDGE_PASS,11.0,-0.03,-0.47,-1.27,4.07,-99,0,100.0
1681,43003099999,"CHHATRAPATI SHIVAJI INTERNATIONAL, IN",2023-05-18T12:00:00Z,32.8,1009.6,62.11,NONE,0,EDGE_PASS,24.6,-0.2,-0.4,-0.79,3.69,-88,0,91.7
1682,43057099999,"BOMBAY COLABA, IN",2023-05-18T12:00:00Z,31.4,1009.7,72.22,NONE,0,EDGE_PASS,25.8,0.22,-0.43,0.13,3.85,-102,0,109.8
1683,43063099999,"PUNE, IN",2023-05-18T12:00:00Z,36.0,1006.5,26.32,NONE,0,EDGE_PASS,13.7,-0.8,-0.23,3.18,3.95,-65,0,126.6
1684,42921099999,"NASIK CITY, IN",2023-05-18T13:00:00Z,34.33,1003.87,24.66,NONE,0,EDGE_PASS,11.3,-2.17,0.87,3.21,4.07,-99,0,91.7
1685,43003099999,"CHHATRAPATI SHIVAJI INTERNATIONAL, IN",2023-05-18T13:00:00Z,31.0,1010.0,70.45,NONE,0,EDGE_PASS,25.0,-1.8,0.4,8.34,3.69,-90,0,102.8
1686,43057099999,"BOMBAY COLABA, IN",2023-05-18T13:00:00Z,31.31,1009.82,72.26,NONE,0,EDGE_PASS,25.72,-0.09,0.12,0.04,3.85,-102,0,92.9
1687,43063099999,"PUNE, IN",2023-05-18T13:00:00Z,34.33,1007.37,34.94,NONE,0,EDGE_PASS,16.66,-1.67,0.87,8.62,3.95,-65,0,94.5
1688,42921099999,"NASIK CITY, IN",2023-05-18T14:00:00Z,32.17,1004.73,28.41,NONE,0,EDGE_PASS,11.6,-2.16,0.86,3.75,4.07,-97,0,94.3
1689,43003099999,"CHHATRAPATI SHIVAJI INTERNATIONAL, IN",2023-05-18T14:00:00Z,30.0,1010.0,79.18,NONE,0,EDGE_PASS,26.0,-1.0,0.0,8.73,3.69,-88,0,88.7
1690,43057099999,"BOMBAY COLABA, IN",2023-05-18T14:00:00Z,31.21,1009.94,72.3,NONE,0,EDGE_PASS,25.64,-0.1,0.12,0.04,3.86,-100,0,89.6
1691,43063099999,"PUNE, IN",2023-05-18T14:00:00Z,32.67,1008.23,46.22,NONE,0,EDGE_PASS,19.64,-1.66,0.86,11.28,3.95,-65,0,88.6
1692,42921099999,"NASIK CITY, IN",2023-05-18T15:00:00Z,30.0,1005.6,32.79,NONE,0,EDGE_PASS,11.9,-2.17,0.87,4.38,4.06,-95,0,91.7
1693,43003099999,"CHHATRAPATI SHIVAJI INTERNATIONAL, IN",2023-05-18T15:00:00Z,30.0,1010.0,79.18,NONE,0,EDGE_PASS,26.0,0.0,0.0,0.0,3.69,-88,0,86.4
1694,43057099999,"BOMBAY COLABA, IN",2023-05-18T15:00:00Z,31.12,1010.06,72.34,NONE,0,EDGE_PASS,25.56,-0.09,0.12,0.04,3.86,-101,0,87.2
1695,43063099999,"PUNE, IN",2023-05-18T15:00:00Z,31.0,1009.1,60.97,NONE,0,EDGE_PASS,22.6,-1.67,0.87,14.75,3.95,-65,0,86.7
1696,42921099999,"NASIK CITY, IN",2023-05-18T16:00:00Z,28.67,1006.17,37.42,NONE,0,EDGE_PASS,12.74,-1.33,0.57,4.63,4.06,-95,0,85.0
1697,43003099999,"CHHATRAPATI SHIVAJI INTERNATIONAL, IN",2023-05-18T16:00:00Z,29.93,1010.33,78.39,NONE,0,EDGE_PASS,25.76,-0.07,0.33,-0.79,3.69,-90,0,85.9
1698,43057099999,"BOMBAY COLABA, IN",2023-05-18T16:00:00Z,31.03,1010.18,72.38,NONE,0,EDGE_PASS,25.48,-0.09,0.12,0.04,3.86,-101,0,86.7
1699,43063099999,"PUNE, IN",2023-05-18T16:00:00Z,30.0,1009.63,64.17,NONE,0,EDGE_PASS,22.5,-1.0,0.53,3.2,3.96,-67,0,86.6
1700,42921099999,"NASIK CITY, IN",2023-05-18T17:00:00Z,27.33,1006.73,42.71,NONE,0,EDGE_PASS,13.56,-1.34,0.56,5.29,4.06,-94,0,92.6
1701,43003099999,"CHHATRAPATI SHIVAJI INTERNATIONAL, IN",2023-05-18T17:00:00Z,29.87,1010.67,77.61,NONE,0,EDGE_PASS,25.54,-0.06,0.34,-0.78,3.69,-92,0,87.1
1702,43057099999,"BOMBAY COLABA, IN",2023-05-18T17:00:00Z,30.93,1010.3,72.42,NONE,0,EDGE_PASS,25.4,-0.1,0.12,0.04,3.86,-102,0,84.3
1703,43063099999,"PUNE, IN",2023-05-18T17:00:00Z,29.0,1010.17,67.58,NONE,0,EDGE_PASS,22.4,-1.0,0.54,3.41,3.97,-69,0,88.7
1704,42921099999,"NASIK CITY, IN",2023-05-18T18:00:00Z,26.0,1007.3,48.77,NONE,0,EDGE_PASS,14.4,-1.33,0.57,6.06,4.06,-96,0,84.4
1705,43003099999,"CHHATRAPATI SHIVAJI INTERNATIONAL, IN",2023-05-18T18:00:00Z,29.8,1011.0,76.83,NONE,0,EDGE_PASS,25.3,-0.07,0.33,-0.78,3.69,-91,0,85.9
1706,43057099999,"BOMBAY COLABA, IN",2023-05-18T18:00:00Z,30.84,1010.42,72.47,NONE,0,EDGE_PASS,25.32,-0.09,0.12,0.05,3.85,-101,0,133.3
1707,43063099999,"PUNE, IN",2023-05-18T18:00:00Z,28.0,1010.7,71.19,NONE,0,EDGE_PASS,22.3,-1.0,0.53,3.61,3.97,-69,0,436.7
1708,42921099999,"NASIK CITY, IN",2023-05-18T19:00:00Z,25.2,1006.87,58.4,NONE,0,EDGE_PASS,16.47,-0.8,-0.43,9.63,4.06,-96,0,169.6
1709,43003099999,"CHHATRAPATI SHIVAJI INTERNATIONAL, IN",2023-05-18T19:00:00Z,30.0,1011.0,79.18,NONE,0,EDGE_PASS,26.0,0.2,0.0,2.35,3.7,-93,0,114.7
1710,43057099999,"BOMBAY COLABA, IN",2023-05-18T19:00:00Z,30.75,1010.54,72.51,NONE,0,EDGE_PASS,25.24,-0.09,0.12,0.04,3.84,-102,1,124.2
1711,43063099999,"PUNE, IN",2023-05-18T19:00:00Z,27.47,1010.1,72.26,NONE,0,EDGE_PASS,22.04,-0.53,-0.6,1.07,3.97,-68,1,104.3
1712,42921099999,"NASIK CITY, IN",2023-05-18T20:00:00Z,24.4,1006.43,69.8,NONE,0,EDGE_PASS,18.53,-0.8,-0.44,11.4,4.07,-94,1,104.7
1713,43003099999,"CHHATRAPATI SHIVAJI INTERNATIONAL, IN",2023-05-18T20:00:00Z,30.0,1010.0,79.18,NONE,0,EDGE_PASS,26.0,0.0,-1.0,0.0,3.7,-95,1,117.7
1714,43057099999,"BOMBAY COLABA, IN",2023-05-18T20:00:00Z,30.65,1010.66,72.55,NONE,0,EDGE_PASS,25.16,-0.1,0.12,0.04,3.84,-100,2,104.6
1715,43063099999,"PUNE, IN",2023-05-18T20:00:00Z,26.93,1009.5,73.35,NONE,0,EDGE_PASS,21.76,-0.54,-0.6,1.09,3.97,-68,0,122.2
1716,42921099999,"NASIK CITY, IN",2023-05-18T21:00:00Z,23.6,1006.0,83.28,NONE,0,EDGE_PASS,20.6,-0.8,-0.43,13.48,4.07,-94,0,98.7
1717,43003099999,"CHHATRAPATI SHIVAJI INTERNATIONAL, IN",2023-05-18T21:00:00Z,29.0,1010.0,83.88,NONE,0,EDGE_PASS,26.0,-1.0,0.0,4.7,3.69,-97,0,98.0
1718,43057099999,"BOMBAY COLABA, IN",2023-05-18T21:00:00Z,30.56,1010.78,72.59,NONE,0,EDGE_PASS,25.08,-0.09,0.12,0.04,3.85,-102,0,98.5
1719,43063099999,"PUNE, IN",2023-05-18T21:00:00Z,26.4,1008.9,74.47,NONE,0,EDGE_PASS,21.5,-0.53,-0.6,1.12,3.97,-67,0,111.4
1720,42921099999,"NASIK CITY, IN",2023-05-18T22:00:00Z,23.27,1006.03,85.85,NONE,0,EDGE_PASS,20.77,-0.33,0.03,2.57,4.06,-92,0,99.5
1721,43003099999,"CHHATRAPATI SHIVAJI INTERNATIONAL, IN",2023-05-18T22:00:00Z,29.0,1009.0,79.04,NONE,0,EDGE_PASS,25.0,0.0,-1.0,-4.84,3.69,-98,0,94.5
1722,43057099999,"BOMBAY COLABA, IN",2023-05-18T22:00:00Z,30.47,1010.9,72.63,NONE,0,EDGE_PASS,25.0,-0.09,0.12,0.04,3.85,-101,0,103.8
1723,43063099999,"PUNE, IN",2023-05-18T22:00:00Z,25.6,1009.17,76.5,NONE,0,EDGE_PASS,21.17,-0.8,0.27,2.03,3.96,-66,0,90.3
1724,42921099999,"NASIK CITY, IN",2023-05-18T23:00:00Z,22.93,1006.07,88.5,NONE,0,EDGE_PASS,20.93,-0.34,0.04,2.65,4.06,-94,0,90.8
1725,43003099999,"CHHATRAPATI SHIVAJI INTERNATIONAL, IN",2023-05-18T23:00:00Z,29.0,1009.0,79.04,NONE,0,EDGE_PASS,25.0,0.0,0.0,0.0,3.69,-98,0,87.7
1726,43057099999,"BOMBAY COLABA, IN",2023-05-18T23:00:00Z,30.37,1011.02,72.67,NONE,0,EDGE_PASS,24.92,-0.1,0.12,0.04,3.85,-103,0,92.0
1727,43063099999,"PUNE, IN",2023-05-18T23:00:00Z,24.8,1009.43,78.61,NONE,0,EDGE_PASS,20.83,-0.8,0.26,2.11,3.96,-67,0,100.2
1728,42921099999,"NASIK CITY, IN",2023-05-19T00:00:00Z,22.6,1006.1,91.24,NONE,0,EDGE_PASS,21.1,-0.33,0.03,2.74,4.07,-93,0,90.7
1729,43003099999,"CHHATRAPATI SHIVAJI INTERNATIONAL, IN",2023-05-19T00:00:00Z,27.6,1009.2,82.73,NONE,0,EDGE_PASS,24.4,-1.4,0.2,3.69,3.69,-99,0,99.0
1730,43057099999,"BOMBAY COLABA, IN",2023-05-19T00:00:00Z,30.28,1011.14,72.72,NONE,0,EDGE_PASS,24.84,-0.09,0.12,0.05,3.85,-105,0,86.5
1731,43063099999,"PUNE, IN",2023-05-19T00:00:00Z,24.0,1009.7,80.8,NONE,0,EDGE_PASS,20.5,-0.8,0.27,2.19,3.96,-69,0,160.4
1732,42921099999,"NASIK CITY, IN",2023-05-19T01:00:00Z,24.27,1006.43,82.17,NONE,0,EDGE_PASS,21.04,1.67,0.33,-9.07,4.08,-93,0,87.9
1733,43003099999,"CHHATRAPATI SHIVAJI INTERNATIONAL, IN",2023-05-19T01:00:00Z,29.0,1010.0,79.04,NONE,0,EDGE_PASS,25.0,1.4,0.8,-3.69,3.68,-98,0,85.9
1734,43057099999,"BOMBAY COLABA, IN",2023-05-19T01:00:00Z,30.19,1011.26,72.76,NONE,0,EDGE_PASS,24.76,-0.09,0.12,0.04,3.85,-105,0,139.0
1735,43063099999,"PUNE, IN",2023-05-19T01:00:00Z,25.67,1010.07,70.62,NONE,0,EDGE_PASS,19.94,1.67,0.37,-10.18,3.96,-70,0,93.5
1736,42921099999,"NASIK CITY, IN",2023-05-19T02:00:00Z,25.93,1006.77,74.09,NONE,0,EDGE_PASS,20.96,1.66,0.34,-8.08,4.09,-95,0,84.6
1737,43003099999,"CHHATRAPATI SHIVAJI INTERNATIONAL, IN",2023-05-19T02:00:00Z,30.0,1011.0,74.61,NONE,0,EDGE_PASS,25.0,1.0,1.0,-4.43,3.68,-97,0,87.4
1738,43057099999,"BOMBAY COLABA, IN",2023-05-19T02:00:00Z,30.09,1011.38,72.8,NONE,0,EDGE_PASS,24.68,-0.1,0.12,0.04,3.86,-104,0,84.6
1739,43063099999,"PUNE, IN",2023-05-19T02:00:00Z,27.33,1010.43,61.79,NONE,0,EDGE_PASS,19.36,1.66,0.36,-8.83,3.95,-70,0,104.0
1740,42921099999,"NASIK CITY, IN",2023-05-19T03:00:00Z,27.6,1007.1,66.89,NONE,0,EDGE_PASS,20.9,1.67,0.33,-7.2,4.08,-96,0,87.9
1741,43003099999,"CHHATRAPATI SHIVAJI INTERNATIONAL, IN",2023-05-19T03:00:00Z,30.4,1011.5,72.91,NONE,0,EDGE_PASS,25.0,0.4,0.5,-1.7,3.69,-99,0,82.5
1742,43057099999,"BOMBAY COLABA, IN",2023-05-19T03:00:00Z,30.0,1011.5,72.84,NONE,0,EDGE_PASS,24.6,-0.09,0.12,0.04,3.87,-105,0,152.3
1743,43063099999,"PUNE, IN",2023-05-19T03:00:00Z,29.0,1010.8,54.12,NONE,0,EDGE_PASS,18.8,1.67,0.37,-7.67,3.95,-68,0,101.8
1744,42921099999,"NASIK CITY, IN",2023-05-19T04:00:00Z,30.3,1006.4,47.06,NONE,0,EDGE_PASS,17.77,2.7,-0.7,-19.83,4.09,-95,0,95.7
1745,43003099999,"CHHATRAPATI SHIVAJI INTERNATIONAL, IN",2023-05-19T04:00:00Z,32.0,1012.0,66.55,NONE,0,EDGE_PASS,25.0,1.6,0.5,-6.36,3.69,-100,0,96.7
1746,43057099999,"BOMBAY COLABA, IN",2023-05-19T04:00:00Z,31.0,1011.5,69.47,NONE,0,EDGE_PASS,24.77,1.0,0.0,-3.37,3.86,-104,0,95.9
1747,43063099999,"PUNE, IN",2023-05-19T04:00:00Z,31.2,1010.2,43.12,NONE,0,EDGE_PASS,17.2,2.2,-0.6,-11.0,3.94,-66,0,87.9
1748,42921099999,"NASIK CITY, IN",2023-05-19T05:00:00Z,33.0,1005.7,33.05,NONE,0,EDGE_PASS,14.63,2.7,-0.7,-14.01,4.08,-93,0,172.7
1749,43003099999,"CHHATRAPATI SHIVAJI INTERNATIONAL, IN",2023-05-19T05:00:00Z,33.0,1012.0,62.9,NONE,0,EDGE_PASS,25.0,1.0,0.0,-3.65,3.69,-100,0,92.9
1750,43057099999,"BOMBAY COLABA, IN",2023-05-19T05:00:00Z,32.0,1011.5,66.29,NONE,0,EDGE_PASS,24.93,1.0,0.0,-3.18,3.87,-103,0,145.8
1751,43063099999,"PUNE, IN",2023-05-19T05:00:00Z,33.4,1009.6,34.39,NONE,0,EDGE_PASS,15.6,2.2,-0.6,-8.73,3.94,-68,0,99.0
1752,42921099999,"NASIK CITY, IN",2023-05-19T06:00:00Z,35.7,1005.0,23.17,NONE,0,EDGE_PASS,11.5,2.7,-0.7,-9.88,4.08,-93,0,127.0
1753,43003099999,"CHHATRAPATI SHIVAJI INTERNATIONAL, IN",2023-05-19T06:00:00Z,34.0,1011.0,60.54,NONE,0,EDGE_PASS,25.3,1.0,-1.0,-2.36,3.69,-100,0,99.1
1754,43057099999,"BOMBAY COLABA, IN",2023-05-19T06:00:00Z,33.0,1011.5,63.28,NONE,0,EDGE_PASS,25.1,1.0,0.0,-3.01,3.87,-101,0,86.9
1755,43063099999,"PUNE, IN",2023-05-19T06:00:00Z,35.6,1009.0,27.44,NONE,0,EDGE_PASS,14.0,2.2,-0.6,-6.95,3.94,-70,0,96.7
1756,42921099999,"NASIK CITY, IN",2023-05-19T07:00:00Z,36.3,1004.0,22.51,NONE,0,EDGE_PASS,11.57,0.6,-1.0,-0.66,4.07,-95,0,123.3
1757,43003099999,"CHHATRAPATI SHIVAJI INTERNATIONAL, IN",2023-05-19T07:00:00Z,33.0,1011.0,66.75,NONE,0,EDGE_PASS,26.0,-1.0,0.0,6.21,3.68,-98,0,134.4
1758,43057099999,"BOMBAY COLABA, IN",2023-05-19T07:00:00Z,32.67,1010.92,64.86,NONE,0,EDGE_PASS,25.2,-0.33,-0.58,1.58,3.87,-102,0,84.5
1759,43063099999,"PUNE, IN",2023-05-19T07:00:00Z,36.73,1007.83,22.62,NONE,0,EDGE_PASS,12.0,1.13,-1.17,-4.82,3.94,-70,0,83.4
1760,42921099999,"NASIK CITY, IN",2023-05-19T08:00:00Z,36.9,1003.0,21.88,NONE,0,EDGE_PASS,11.63,0.6,-1.0,-0.63,4.07,-93,0,86.5
1761,43003099999,"CHHATRAPATI SHIVAJI INTERNATIONAL, IN",2023-05-19T08:00:00Z,32.0,1010.0,70.63,NONE,0,EDGE_PASS,26.0,-1.0,-1.0,3.88,3.68,-99,0,81.8
1762,43057099999,"BOMBAY COLABA, IN",2023-05-19T08:00:00Z,32.33,1010.33,66.49,NONE,0,EDGE_PASS,25.3,-0.34,-0.59,1.63,3.86,-103,0,102.0
1763,43063099999,"PUNE, IN",2023-05-19T08:00:00Z,37.87,1006.67,18.62,NONE,0,EDGE_PASS,10.0,1.14,-1.16,-4.0,3.93,-68,0,82.9
1764,42921099999,"NASIK CITY, IN",2023-05-19T09:00:00Z,37.5,1002.0,21.27,NONE,0,EDGE_PASS,11.7,0.6,-1.0,-0.61,4.08,-92,0,84.9
1765,43003099999,"CHHATRAPATI SHIVAJI INTERNATIONAL, IN",2023-05-19T09:00:00Z,33.0,1009.0,70.81,NONE,0,EDGE_PASS,27.0,1.0,-1.0,0.18,3.67,-99,0,89.7
1766,43057099999,"BOMBAY COLABA, IN",2023-05-19T09:00:00Z,32.0,1009.75,68.16,NONE,0,EDGE_PASS,25.4,-0.33,-0.58,1.67,3.86,-103,0,85.8
1767,43063099999,"PUNE, IN",2023-05-19T09:00:00Z,39.0,1005.5,15.3,NONE,0,EDGE_PASS,8.0,1.13,-1.17,-3.32,3.94,-68,0,85.4
1768,42921099999,"NASIK CITY, IN",2023-05-19T10:00:00Z,37.07,1001.63,24.45,NONE,0,EDGE_PASS,13.47,-0.43,-0.37,3.18,4.08,-94,0,84.2
1769,43003099999,"CHHATRAPATI SHIVAJI INTERNATIONAL, IN",2023-05-19T10:00:00Z,33.0,1009.0,66.75,NONE,0,EDGE_PASS,26.0,0.0,0.0,-4.06,3.67,-98,0,81.4
1770,43057099999,"BOMBAY COLABA, IN",2023-05-19T10:00:00Z,31.67,1009.17,69.88,NONE,0,EDGE_PASS,25.5,-0.33,-0.58,1.72,3.86,-101,0,82.2
1771,43063099999,"PUNE, IN",2023-05-19T10:00:00Z,38.6,1005.1,16.65,NONE,0,EDGE_PASS,8.93,-0.4,-0.4,1.35,3.95,-69,0,82.1
1772,42921099999,"NASIK CITY, IN",2023-05-19T11:00:00Z,36.63,1001.27,28.07,NONE,0,EDGE_PASS,15.23,-0.44,-0.36,3.62,4.07,-96,0,81.5
1773,43003099999,"CHHATRAPATI SHIVAJI INTERNATIONAL, IN",2023-05-19T11:00:00Z,33.0,1008.0,66.75,NONE,0,EDGE_PASS,26.0,0.0,-1.0,0.0,3.66,-99,0,81.2
1774,43057099999,"BOMBAY COLABA, IN",2023-05-19T11:00:00Z,31.33,1008.58,71.64,NONE,0,EDGE_PASS,25.6,-0.34,-0.59,1.76,3.86,-100,0,80.2
1775,43063099999,"PUNE, IN",2023-05-19T11:00:00Z,38.2,1004.7,18.12,NONE,0,EDGE_PASS,9.86,-0.4,-0.4,1.47,3.95,-68,0,80.4
1776,42921099999,"NASIK CITY, IN",2023-05-19T12:00:00Z,36.2,1000.9,32.18,NONE,0,EDGE_PASS,17.0,-0.43,-0.37,4.11,4.07,-95,0,82.6
1777,43003099999,"CHHATRAPATI SHIVAJI INTERNATIONAL, IN",2023-05-19T12:00:00Z,32.4,1008.0,65.45,NONE,0,EDGE_PASS,25.1,-0.6,0.0,-1.3,3.67,-99,0,83.9
1778,43057099999,"BOMBAY COLABA, IN",2023-05-19T12:00:00Z,31.0,1008.0,73.45,NONE,0,EDGE_PASS,25.7,-0.33,-0.58,1.81,3.86,-98,0,92.6
1779,43063099999,"PUNE, IN",2023-05-19T12:00:00Z,37.8,1004.3,19.71,NONE,0,EDGE_PASS,10.8,-0.4,-0.4,1.59,3.96,-69,0,80.8
1780,42921099999,"NASIK CITY, IN",2023-05-19T13:00:00Z,34.37,1001.83,37.07,NONE,0,EDGE_PASS,17.63,-1.83,0.93,4.89,4.07,-97,0,79.6
1781,43003099999,"CHHATRAPATI SHIVAJI INTERNATIONAL, IN",2023-05-19T13:00:00Z,31.0,1008.0,74.77,NONE,0,EDGE_PASS,26.0,-1.4,0.0,9.32,3.66,-101,0,79.9
1782,43057099999,"BOMBAY COLABA, IN",2023-05-19T13:00:00Z,30.93,1008.15,73.15,NONE,0,EDGE_PASS,25.56,-0.07,0.15,-0.3,3.86,-97,0,80.1
1783,43063099999,"PUNE, IN",2023-05-19T13:00:00Z,35.67,1005.27,24.41,NONE,0,EDGE_PASS,12.27,-2.13,0.97,4.7,3.96,-67,0,80.4
1784,42921099999,"NASIK CITY, IN",2023-05-19T14:00:00Z,32.53,1002.77,42.76,NONE,0,EDGE_PASS,18.26,-1.84,0.94,5.69,4.07,-99,0,78.5
1785,43003099999,"CHHATRAPATI SHIVAJI INTERNATIONAL, IN",2023-05-19T14:00:00Z,30.0,1009.0,79.18,NONE,0,EDGE_PASS,26.0,-1.0,1.0,4.41,3.67,-101,0,76.5
1786,43057099999,"BOMBAY COLABA, IN",2023-05-19T14:00:00Z,30.9,1008.31,72.85,DRIFT,0,EDGE_PASS,25.47,-0.03,0.16,-0.3,3.87,-95,0,77.3
1787,43063099999,"PUNE, IN",2023-05-19T14:00:00Z,33.53,1006.23,30.26,NONE,0,EDGE_PASS,13.73,-2.14,0.96,5.85,3.95,-68,0,80.6
1788,42921099999,"NASIK CITY, IN",2023-05-19T15:00:00Z,30.7,1003.7,49.38,NONE,0,EDGE_PASS,18.9,-1.83,0.93,6.62,4.06,-97,0,82.0
1789,43003099999,"CHHATRAPATI SHIVAJI INTERNATIONAL, IN",2023-05-19T15:00:00Z,30.0,1009.0,75.5,NONE,0,EDGE_PASS,25.2,0.0,0.0,-3.68,3.67,-103,0,82.5
1790,43057099999,"BOMBAY COLABA, IN",2023-05-19T15:00:00Z,30.98,1008.46,72.55,DRIFT,0,EDGE_PASS,25.47,0.08,0.15,-0.3,3.86,-93,0,81.8
1791,43063099999,"PUNE, IN",2023-05-19T15:00:00Z,31.4,1007.2,37.53,NONE,0,EDGE_PASS,15.2,-2.13,0.97,7.27,3.94,-66,0,77.4
1792,42921099999,"NASIK CITY, IN",2023-05-19T16:00:00Z,29.37,1004.3,53.09,NONE,0,EDGE_PASS,18.84,-1.33,0.6,3.71,4.05,-95,0,113.6
1793,43003099999,"CHHATRAPATI SHIVAJI INTERNATIONAL, IN",2023-05-19T16:00:00Z,30.0,1010.0,79.18,NONE,0,EDGE_PASS,26.0,0.0,1.0,3.68,3.67,-105,0,86.1
1794,43057099999,"BOMBAY COLABA, IN",2023-05-19T16:00:00Z,31.06,1008.61,72.25,DRIFT,0,EDGE_PASS,25.48,0.08,0.15,-0.3,3.86,-91,0,79.4
1795,43063099999,"PUNE, IN",2023-05-19T16:00:00Z,30.13,1007.9,45.26,NONE,0,EDGE_PASS,17.0,-1.27,0.7,7.73,3.94,-65,0,82.0
1796,42921099999,"NASIK CITY, IN",2023-05-19T17:00:00Z,28.03,1004.9,57.13,NONE,0,EDGE_PASS,18.76,-1.34,0.6,4.04,4.05,-96,0,93.2
1797,43003099999,"CHHATRAPATI SHIVAJI INTERNATIONAL, IN",2023-05-19T17:00:00Z,30.0,1010.0,79.18,NONE,0,EDGE_PASS,26.0,0.0,0.0,0.0,3.67,-105,0,95.9
1798,43057099999,"BOMBAY COLABA, IN",2023-05-19T17:00:00Z,31.15,1008.77,71.95,DRIFT,0,EDGE_PASS,25.5,0.09,0.16,-0.3,3.87,-93,0,85.0
1799,43063099999,"PUNE, IN",2023-05-19T17:00:00Z,28.87,1008.6,54.54,NONE,0,EDGE_PASS,18.8,-1.26,0.7,9.28,3.95,-65,0,78.7
1800,42921099999,"NASIK CITY, IN",2023-05-19T18:00:00Z,26.7,1005.5,61.52,NONE,0,EDGE_PASS,18.7,-1.33,0.6,4.39,4.05,-95,0,78.2
1801,43003099999,"CHHATRAPATI SHIVAJI INTERNATIONAL, IN",2023-05-19T18:00:00Z,30.0,1010.0,79.18,NONE,0,EDGE_PASS,26.0,0.0,0.0,0.0,3.68,-105,0,81.5
1802,43057099999,"BOMBAY COLABA, IN",2023-05-19T18:00:00Z,31.23,1008.92,71.65,DRIFT,0,EDGE_PASS,25.5,0.08,0.15,-0.3,3.86,-91,0,91.4
1803,43063099999,"PUNE, IN",2023-05-19T18:00:00Z,27.6,1009.3,65.66,NONE,0,EDGE_PASS,20.6,-1.27,0.7,11.12,3.95,-65,0,79.5
1804,42921099999,"NASIK CITY, IN",2023-05-19T19:00:00Z,26.33,1005.0,62.73,NONE,0,EDGE_PASS,18.66,-0.37,-0.5,1.21,4.06,-94,0,77.6
1805,43003099999,"CHHATRAPATI SHIVAJI INTERNATIONAL, IN",2023-05-19T19:00:00Z,30.0,1010.0,74.61,NONE,0,EDGE_PASS,25.0,0.0,0.0,-4.57,3.67,-104,0,77.5
1806,43057099999,"BOMBAY COLABA, IN",2023-05-19T19:00:00Z,31.31,1009.07,71.35,DRIFT,0,EDGE_PASS,25.51,0.08,0.15,-0.3,3.85,-92,0,77.7
1807,43063099999,"PUNE, IN",2023-05-19T19:00:00Z,27.0,1008.9,62.88,NONE,0,EDGE_PASS,19.33,-0.6,-0.4,-2.78,3.95,-65,0,78.2
1808,42921099999,"NASIK CITY, IN",2023-05-19T20:00:00Z,25.97,1004.5,63.97,NONE,0,EDGE_PASS,18.64,-0.36,-0.5,1.24,4.06,-92,0,95.3
1809,43003099999,"CHHATRAPATI SHIVAJI INTERNATIONAL, IN",2023-05-19T20:00:00Z,30.0,1009.0,79.18,NONE,0,EDGE_PASS,26.0,0.0,-1.0,4.57,3.68,-103,0,86.8
1810,43057099999,"BOMBAY COLABA, IN",2023-05-19T20:00:00Z,31.4,1009.23,71.06,DRIFT,0,EDGE_PASS,25.53,0.09,0.16,-0.29,3.85,-94,0,80.9
1811,43063099999,"PUNE, IN",2023-05-19T20:00:00Z,26.4,1008.5,60.18,NONE,0,EDGE_PASS,18.07,-0.6,-0.4,-2.7,3.94,-65,0,78.1
1812,42921099999,"NASIK CITY, IN",2023-05-19T21:00:00Z,25.6,1004.0,65.24,NONE,0,EDGE_PASS,18.6,-0.37,-0.5,1.27,4.06,-94,0,77.8
1813,43003099999,"CHHATRAPATI SHIVAJI INTERNATIONAL, IN",2023-05-19T21:00:00Z,29.2,1009.0,76.28,NONE,0,EDGE_PASS,24.6,-0.8,0.0,-2.9,3.67,-103,0,86.4
1814,43057099999,"BOMBAY COLABA, IN",2023-05-19T21:00:00Z,31.48,1009.38,70.76,DRIFT,0,EDGE_PASS,25.53,0.08,0.15,-0.3,3.86,-93,0,79.0
1815,43063099999,"PUNE, IN",2023-05-19T21:00:00Z,25.8,1008.1,57.56,NONE,0,EDGE_PASS,16.8,-0.6,-0.4,-2.62,3.93,-65,0,86.4
1816,42921099999,"NASIK CITY, IN",2023-05-19T22:00:00Z,24.73,1004.4,72.07,NONE,0,EDGE_PASS,19.36,-0.87,0.4,6.83,4.06,-96,0,77.9
1817,43003099999,"CHHATRAPATI SHIVAJI INTERNATIONAL, IN",2023-05-19T22:00:00Z,29.0,1008.0,79.04,NONE,0,EDGE_PASS,25.0,-0.2,-1.0,2.76,3.67,-101,0,77.7
1818,43057099999,"BOMBAY COLABA, IN",2023-05-19T22:00:00Z,31.56,1009.53,70.47,DRIFT,0,EDGE_PASS,25.54,0.08,0.15,-0.29,3.86,-91,0,77.2
1819,43063099999,"PUNE, IN",2023-05-19T22:00:00Z,25.2,1008.4,63.54,NONE,0,EDGE_PASS,17.8,-0.6,0.3,5.98,3.93,-67,0,259.4
1820,42921099999,"NASIK CITY, IN",2023-05-19T23:00:00Z,23.87,1004.8,79.62,NONE,0,EDGE_PASS,20.14,-0.86,0.4,7.55,4.06,-96,0,82.7
1821,43003099999,"CHHATRAPATI SHIVAJI INTERNATIONAL, IN",2023-05-19T23:00:00Z,29.0,1008.0,79.04,NONE,0,EDGE_PASS,25.0,0.0,0.0,0.0,3.66,-102,0,83.2
1822,43057099999,"BOMBAY COLABA, IN",2023-05-19T23:00:00Z,31.65,1009.69,70.18,DRIFT,0,EDGE_PASS,25.56,0.09,0.16,-0.29,3.85,-89,0,80.1
1823,43063099999,"PUNE, IN",2023-05-19T23:00:00Z,24.6,1008.7,70.13,NONE,0,EDGE_PASS,18.8,-0.6,0.3,6.59,3.92,-67,0,78.0
1824,42921099999,"NASIK CITY, IN",2023-05-20T00:00:00Z,23.0,1005.2,87.96,NONE,0,EDGE_PASS,20.9,-0.87,0.4,8.34,4.06,-95,0,83.4
1825,43003099999,"CHHATRAPATI SHIVAJI INTERNATIONAL, IN",2023-05-20T00:00:00Z,28.0,1008.7,81.79,NONE,0,EDGE_PASS,24.6,-1.0,0.7,2.75,3.66,-104,0,80.8
1826,43057099999,"BOMBAY COLABA, IN",2023-05-20T00:00:00Z,31.73,1009.84,69.88,DRIFT,0,EDGE_PASS,25.56,0.08,0.15,-0.3,3.86,-87,0,84.1
1827,43063099999,"PUNE, IN",2023-05-20T00:00:00Z,24.0,1009.0,77.37,NONE,0,EDGE_PASS,19.8,-0.6,0.3,7.24,3.92,-65,0,82.1
1828,42921099999,"NASIK CITY, IN",2023-05-20T01:00:00Z,24.07,1005.37,81.47,NONE,0,EDGE_PASS,20.7,1.07,0.17,-6.49,4.05,-97,0,90.1
1829,43003099999,"CHHATRAPATI SHIVAJI INTERNATIONAL, IN",2023-05-20T01:00:00Z,29.0,1009.0,79.04,NONE,0,EDGE_PASS,25.0,1.0,0.3,-2.75,3.66,-102,0,79.1
1830,43057099999,"BOMBAY COLABA, IN",2023-05-20T01:00:00Z,31.81,1009.99,69.59,DRIFT,0,EDGE_PASS,25.57,0.08,0.15,-0.29,3.86,-88,1,117.9
1831,43063099999,"PUNE, IN",2023-05-20T01:00:00Z,25.27,1009.27,70.25,NONE,0,EDGE_PASS,19.47,1.27,0.27,-7.12,3.92,-65,1,109.7
1832,42921099999,"NASIK CITY, IN",2023-05-20T02:00:00Z,25.13,1005.53,75.5,NONE,0,EDGE_PASS,20.5,1.06,0.16,-5.97,4.05,-97,1,95.3
1833,43003099999,"CHHATRAPATI SHIVAJI INTERNATIONAL, IN",2023-05-20T02:00:00Z,30.0,1010.0,74.61,NONE,0,EDGE_PASS,25.0,1.0,1.0,-4.43,3.67,-100,1,159.7
1834,43057099999,"BOMBAY COLABA, IN",2023-05-20T02:00:00Z,31.9,1010.15,69.3,DRIFT,0,EDGE_PASS,25.58,0.09,0.16,-0.29,3.87,-89,2,129.5
1835,43063099999,"PUNE, IN",2023-05-20T02:00:00Z,26.53,1009.53,63.83,NONE,0,EDGE_PASS,19.13,1.26,0.26,-6.42,3.91,-65,0,95.1
1836,42921099999,"NASIK CITY, IN",2023-05-20T03:00:00Z,26.2,1005.7,69.99,NONE,0,EDGE_PASS,20.3,1.07,0.17,-5.51,4.05,-96,0,107.4
1837,43003099999,"CHHATRAPATI SHIVAJI INTERNATIONAL, IN",2023-05-20T03:00:00Z,29.8,1010.1,71.51,NONE,0,EDGE_PASS,24.1,-0.2,0.1,-3.1,3.66,-102,0,93.3
1838,43057099999,"BOMBAY COLABA, IN",2023-05-20T03:00:00Z,31.98,1010.3,69.01,DRIFT,0,EDGE_PASS,25.59,0.08,0.15,-0.29,3.86,-87,0,101.7
1839,43063099999,"PUNE, IN",2023-05-20T03:00:00Z,27.8,1009.8,58.03,NONE,0,EDGE_PASS,18.8,1.27,0.27,-5.8,3.92,-67,0,97.6
1840,42921099999,"NASIK CITY, IN",2023-05-20T04:00:00Z,28.7,1005.2,59.34,NONE,0,EDGE_PASS,20.0,2.5,-0.5,-10.65,4.05,-98,0,100.1
1841,43003099999,"CHHATRAPATI SHIVAJI INTERNATIONAL, IN",2023-05-20T04:00:00Z,32.0,1010.0,62.68,NONE,0,EDGE_PASS,24.0,2.2,-0.1,-8.83,3.67,-103,0,85.3
1842,43057099999,"BOMBAY COLABA, IN",2023-05-20T04:00:00Z,32.33,1010.07,68.68,DRIFT,0,EDGE_PASS,25.84,0.35,-0.23,-0.33,3.87,-89,0,79.9
1843,43063099999,"PUNE, IN",2023-05-20T04:00:00Z,30.13,1009.2,45.93,NONE,0,EDGE_PASS,17.23,2.33,-0.6,-12.1,3.92,-67,0,89.5
1844,42921099999,"NASIK CITY, IN",2023-05-20T05:00:00Z,31.2,1004.7,50.44,NONE,0,EDGE_PASS,19.7,2.5,-0.5,-8.9,4.05,-96,0,78.1
1845,43003099999,"CHHATRAPATI SHIVAJI INTERNATIONAL, IN",2023-05-20T05:00:00Z,32.0,1011.0,66.55,NONE,0,EDGE_PASS,25.0,0.0,1.0,3.87,3.66,-103,0,78.4
1846,43057099999,"BOMBAY COLABA, IN",2023-05-20T05:00:00Z,32.68,1009.83,68.35,DRIFT,0,EDGE_PASS,26.09,0.35,-0.24,-0.33,3.88,-87,0,90.1
1847,43063099999,"PUNE, IN",2023-05-20T05:00:00Z,32.47,1008.6,36.4,NONE,0,EDGE_PASS,15.67,2.34,-0.6,-9.53,3.91,-67,0,83.2
1848,42921099999,"NASIK CITY, IN",2023-05-20T06:00:00Z,33.7,1004.2,42.99,NONE,0,EDGE_PASS,19.4,2.5,-0.5,-7.45,4.06,-98,0,77.3
1849,43003099999,"CHHATRAPATI SHIVAJI INTERNATIONAL, IN",2023-05-20T06:00:00Z,33.0,1010.5,58.53,NONE,0,EDGE_PASS,23.8,1.0,-0.5,-8.02,3.66,-101,0,92.9
1850,43057099999,"BOMBAY COLABA, IN",2023-05-20T06:00:00Z,33.03,1009.6,68.02,DRIFT,0,EDGE_PASS,26.35,0.35,-0.23,-0.33,3.88,-89,0,84.5
1851,43063099999,"PUNE, IN",2023-05-20T06:00:00Z,34.8,1008.0,28.87,NONE,0,EDGE_PASS,14.1,2.33,-0.6,-7.53,3.91,-67,0,83.1
1852,42921099999,"NASIK CITY, IN",2023-05-20T07:00:00Z,34.67,1003.4,36.54,NONE,0,EDGE_PASS,17.67,0.97,-0.8,-6.45,4.06,-98,0,82.2
1853,43003099999,"CHHATRAPATI SHIVAJI INTERNATIONAL, IN",2023-05-20T07:00:00Z,33.0,1010.0,62.9,NONE,0,EDGE_PASS,25.0,0.0,-0.5,4.37,3.67,-99,0,86.3
1854,43057099999,"BOMBAY COLABA, IN",2023-05-20T07:00:00Z,33.38,1009.37,67.7,DRIFT,0,EDGE_PASS,26.6,0.35,-0.23,-0.32,3.88,-88,0,78.9
1855,43063099999,"PUNE, IN",2023-05-20T07:00:00Z,35.87,1007.13,24.36,NONE,0,EDGE_PASS,12.4,1.07,-0.87,-4.51,3.91,-66,0,84.2
1856,42921099999,"NASIK CITY, IN",2023-05-20T08:00:00Z,35.63,1002.6,31.02,NONE,0,EDGE_PASS,15.93,0.96,-0.8,-5.52,4.05,-98,0,93.4
1857,43003099999,"CHHATRAPATI SHIVAJI INTERNATIONAL, IN",2023-05-20T08:00:00Z,32.0,1009.0,66.55,NONE,0,EDGE_PASS,25.0,-1.0,-1.0,3.65,3.66,-97,0,96.1
1858,43057099999,"BOMBAY COLABA, IN",2023-05-20T08:00:00Z,33.73,1009.13,67.38,DRIFT,0,EDGE_PASS,26.85,0.35,-0.24,-0.32,3.88,-90,0,80.0
1859,43063099999,"PUNE, IN",2023-05-20T08:00:00Z,36.93,1006.27,20.53,NONE,0,EDGE_PASS,10.7,1.06,-0.86,-3.83,3.91,-68,0,87.7
1860,42921099999,"NASIK CITY, IN",2023-05-20T09:00:00Z,36.6,1001.8,26.31,NONE,0,EDGE_PASS,14.2,0.97,-0.8,-4.71,4.05,-100,0,100.2
1861,43003099999,"CHHATRAPATI SHIVAJI INTERNATIONAL, IN",2023-05-20T09:00:00Z,33.6,1008.7,59.02,NONE,0,EDGE_PASS,24.5,1.6,-0.3,-7.53,3.67,-99,0,79.8
1862,43057099999,"BOMBAY COLABA, IN",2023-05-20T09:00:00Z,34.08,1008.9,67.06,DRIFT,0,EDGE_PASS,27.1,0.35,-0.23,-0.32,3.88,-90,0,85.0
1863,43063099999,"PUNE, IN",2023-05-20T09:00:00Z,38.0,1005.4,17.28,NONE,0,EDGE_PASS,9.0,1.07,-0.87,-3.25,3.91,-67,0,92.5
1864,42921099999,"NASIK CITY, IN",2023-05-20T10:00:00Z,36.47,1001.5,27.67,NONE,0,EDGE_PASS,14.87,-0.13,-0.3,1.36,4.04,-101,0,78.8
1865,43003099999,"CHHATRAPATI SHIVAJI INTERNATIONAL, IN",2023-05-20T10:00:00Z,32.0,1008.0,66.55,NONE,0,EDGE_PASS,25.0,-1.6,-0.7,7.53,3.66,-99,0,78.4
1866,43057099999,"BOMBAY COLABA, IN",2023-05-20T10:00:00Z,34.43,1008.67,66.74,DRIFT,0,EDGE_PASS,27.36,0.35,-0.23,-0.32,3.89,-92,0,89.1
1867,43063099999,"PUNE, IN",2023-05-20T10:00:00Z,37.47,1005.23,19.41,NONE,0,EDGE_PASS,10.3,-0.53,-0.17,2.13,3.91,-65,0,80.2
1868,42921099999,"NASIK CITY, IN",2023-05-20T11:00:00Z,36.33,1001.2,29.09,NONE,0,EDGE_PASS,15.53,-0.14,-0.3,1.42,4.04,-103,0,78.6
1869,43003099999,"CHHATRAPATI SHIVAJI INTERNATIONAL, IN",2023-05-20T11:00:00Z,32.0,1008.0,66.55,NONE,0,EDGE_PASS,25.0,0.0,0.0,0.0,3.67,-101,0,90.7
1870,43057099999,"BOMBAY COLABA, IN",2023-05-20T11:00:00Z,34.78,1008.43,66.43,DRIFT,0,EDGE_PASS,27.61,0.35,-0.24,-0.31,3.9,-92,0,91.5
1871,43063099999,"PUNE, IN",2023-05-20T11:00:00Z,36.93,1005.07,21.79,NONE,0,EDGE_PASS,11.6,-0.54,-0.16,2.38,3.9,-67,0,82.1
1872,42921099999,"NASIK CITY, IN",2023-05-20T12:00:00Z,36.2,1000.9,30.58,NONE,0,EDGE_PASS,16.2,-0.13,-0.3,1.49,4.04,-105,0,140.4
1873,43003099999,"CHHATRAPATI SHIVAJI INTERNATIONAL, IN",2023-05-20T12:00:00Z,32.0,1007.9,63.82,NONE,0,EDGE_PASS,24.3,0.0,-0.1,-2.73,3.66,-101,0,82.0
1874,43057099999,"BOMBAY COLABA, IN",2023-05-20T12:00:00Z,35.13,1008.2,66.12,DRIFT,0,EDGE_PASS,27.86,0.35,-0.23,-0.31,3.9,-90,0,79.3
1875,43063099999,"PUNE, IN",2023-05-20T12:00:00Z,36.4,1004.9,24.44,NONE,0,EDGE_PASS,12.9,-0.53,-0.17,2.65,3.9,-66,0,81.0
1876,42921099999,"NASIK CITY, IN",2023-05-20T13:00:00Z,34.3,1001.77,37.21,NONE,0,EDGE_PASS,17.63,-1.9,0.87,6.63,4.05,-105,0,77.4
1877,43003099999,"CHHATRAPATI SHIVAJI INTERNATIONAL, IN",2023-05-20T13:00:00Z,31.0,1008.0,70.45,NONE,0,EDGE_PASS,25.0,-1.0,0.1,6.63,3.66,-101,0,77.9
1878,43057099999,"BOMBAY COLABA, IN",2023-05-20T13:00:00Z,35.17,1008.4,66.39,DRIFT,0,EDGE_PASS,27.97,0.04,0.2,0.27,3.9,-88,0,82.8
1879,43063099999,"PUNE, IN",2023-05-20T13:00:00Z,34.73,1005.57,25.93,NONE,0,EDGE_PASS,12.39,-1.67,0.67,1.49,3.89,-65,0,78.9
1880,42921099999,"NASIK CITY, IN",2023-05-20T14:00:00Z,32.4,1002.63,45.3,NONE,0,EDGE_PASS,19.07,-1.9,0.86,8.09,4.05,-104,0,77.2
1881,43003099999,"CHHATRAPATI SHIVAJI INTERNATIONAL, IN",2023-05-20T14:00:00Z,30.0,1009.0,74.61,NONE,0,EDGE_PASS,25.0,-1.0,1.0,4.16,3.67,-103,0,88.8
1882,43057099999,"BOMBAY COLABA, IN",2023-05-20T14:00:00Z,35.22,1008.6,66.66,DRIFT,0,EDGE_PASS,28.08,0.05,0.2,0.27,3.89,-90,0,83.6
1883,43063099999,"PUNE, IN",2023-05-20T14:00:00Z,33.07,1006.23,27.55,NONE,0,EDGE_PASS,11.91,-1.66,0.66,1.62,3.89,-67,0,92.0
1884,42921099999,"NASIK CITY, IN",2023-05-20T15:00:00Z,30.5,1003.5,55.17,NONE,0,EDGE_PASS,20.5,-1.9,0.87,9.87,4.04,-105,0,84.7
1885,43003099999,"CHHATRAPATI SHIVAJI INTERNATIONAL, IN",2023-05-20T15:00:00Z,30.0,1009.0,79.18,NONE,0,EDGE_PASS,26.0,0.0,0.0,4.57,3.67,-105,0,91.2
1886,43057099999,"BOMBAY COLABA, IN",2023-05-20T15:00:00Z,35.26,1008.8,66.93,DRIFT,0,EDGE_PASS,28.19,0.04,0.2,0.27,3.89,-89,0,92.5
1887,43063099999,"PUNE, IN",2023-05-20T15:00:00Z,31.4,1006.9,29.29,NONE,0,EDGE_PASS,11.4,-1.67,0.67,1.74,3.9,-67,0,88.5
1888,42921099999,"NASIK CITY, IN",2023-05-20T16:00:00Z,29.07,1004.17,60.78,NONE,0,EDGE_PASS,20.74,-1.43,0.67,5.61,4.04,-105,0,77.3
1889,43003099999,"CHHATRAPATI SHIVAJI INTERNATIONAL, IN",2023-05-20T16:00:00Z,30.0,1010.0,74.61,NONE,0,EDGE_PASS,25.0,0.0,1.0,-4.57,3.67,-105,0,107.4
1890,43057099999,"BOMBAY COLABA, IN",2023-05-20T16:00:00Z,35.3,1009.0,67.2,DRIFT,0,EDGE_PASS,28.3,0.04,0.2,0.27,3.9,-88,0,82.3
1891,43063099999,"PUNE, IN",2023-05-20T16:00:00Z,29.93,1007.63,39.43,NONE,0,EDGE_PASS,14.66,-1.47,0.73,10.14,3.9,-66,0,78.8
1892,42921099999,"NASIK CITY, IN",2023-05-20T17:00:00Z,27.63,1004.83,67.03,NONE,0,EDGE_PASS,20.96,-1.44,0.66,6.25,4.04,-103,0,92.4
1893,43003099999,"CHHATRAPATI SHIVAJI INTERNATIONAL, IN",2023-05-20T17:00:00Z,30.0,1010.0,74.61,NONE,0,EDGE_PASS,25.0,0.0,0.0,0.0,3.66,-105,0,111.1
1894,43057099999,"BOMBAY COLABA, IN",2023-05-20T17:00:00Z,35.35,1009.2,67.48,DRIFT,0,EDGE_PASS,28.42,0.05,0.2,0.28,3.9,-90,0,89.4
1895,43063099999,"PUNE, IN",2023-05-20T17:00:00Z,28.47,1008.37,52.87,NONE,0,EDGE_PASS,17.94,-1.46,0.74,13.44,3.9,-67,0,117.5
1896,42921099999,"NASIK CITY, IN",2023-05-20T18:00:00Z,26.2,1005.5,73.98,NONE,0,EDGE_PASS,21.2,-1.43,0.67,6.95,4.03,-103,0,80.3
1897,43003099999,"CHHATRAPATI SHIVAJI INTERNATIONAL, IN",2023-05-20T18:00:00Z,29.6,1009.9,75.44,NONE,0,EDGE_PASS,24.8,-0.4,-0.1,0.83,3.66,-105,0,79.2
1898,43057099999,"BOMBAY COLABA, IN",2023-05-20T18:00:00Z,35.39,1009.4,67.75,DRIFT,0,EDGE_PASS,28.52,0.04,0.2,0.27,3.91,-90,0,79.4
1899,43063099999,"PUNE, IN",2023-05-20T18:00:00Z,27.0,1009.1,70.57,NONE,0,EDGE_PASS,21.2,-1.47,0.73,17.7,3.9,-69,0,78.8
1900,42921099999,"NASIK CITY, IN",2023-05-20T19:00:00Z,25.33,1005.17,77.41,NONE,0,EDGE_PASS,21.1,-0.87,-0.33,3.43,4.02,-102,0,78.0
1901,43003099999,"CHHATRAPATI SHIVAJI INTERNATIONAL, IN",2023-05-20T19:00:00Z,30.0,1010.0,74.61,NONE,0,EDGE_PASS,25.0,0.4,0.1,-0.83,3.65,-105,0,96.2
1902,43057099999,"BOMBAY COLABA, IN",2023-05-20T19:00:00Z,35.43,1009.6,68.03,DRIFT,0,EDGE_PASS,28.63,0.04,0.2,0.28,3.9,-91,0,84.7
1903,43063099999,"PUNE, IN",2023-05-20T19:00:00Z,26.27,1008.87,72.94,NONE,0,EDGE_PASS,21.04,-0.73,-0.23,2.37,3.89,-71,0,81.6
1904,42921099999,"NASIK CITY, IN",2023-05-20T20:00:00Z,24.47,1004.83,81.02,NONE,0,EDGE_PASS,21.0,-0.86,-0.34,3.61,4.02,-101,0,87.3
1905,43003099999,"CHHATRAPATI SHIVAJI INTERNATIONAL, IN",2023-05-20T20:00:00Z,30.0,1009.0,74.61,NONE,0,EDGE_PASS,25.0,0.0,-1.0,0.0,3.65,-104,0,84.4
1906,43057099999,"BOMBAY COLABA, IN",2023-05-20T20:00:00Z,35.48,1009.8,68.31,DRIFT,0,EDGE_PASS,28.75,0.05,0.2,0.28,3.91,-91,0,88.0
1907,43063099999,"PUNE, IN",2023-05-20T20:00:00Z,25.53,1008.63,75.4,NONE,0,EDGE_PASS,20.86,-0.74,-0.24,2.46,3.89,-70,0,78.8
1908,42921099999,"NASIK CITY, IN",2023-05-20T21:00:00Z,23.6,1004.5,84.83,NONE,0,EDGE_PASS,20.9,-0.87,-0.33,3.81,4.01,-101,0,77.8
1909,43003099999,"CHHATRAPATI SHIVAJI INTERNATIONAL, IN",2023-05-20T21:00:00Z,29.2,1008.7,74.92,NONE,0,EDGE_PASS,24.3,-0.8,-0.3,0.31,3.65,-105,0,87.2
1910,43057099999,"BOMBAY COLABA, IN",2023-05-20T21:00:00Z,30.84,1010.0,68.59,NONE,0,EDGE_PASS,24.4,-4.64,0.2,0.28,3.91,-89,0,75.8
1911,43063099999,"PUNE, IN",2023-05-20T21:00:00Z,24.8,1008.4,77.97,NONE,0,EDGE_PASS,20.7,-0.73,-0.23,2.57,3.9,-69,0,83.5
1912,42921099999,"NASIK CITY, IN",2023-05-20T22:00:00Z,23.13,1004.77,86.9,NONE,0,EDGE_PASS,20.83,-0.47,0.27,2.07,4.0,-99,0,75.9
1913,43003099999,"CHHATRAPATI SHIVAJI INTERNATIONAL, IN",2023-05-20T22:00:00Z,29.0,1008.0,79.04,NONE,0,EDGE_PASS,25.0,-0.2,-0.7,4.12,3.66,-105,0,79.5
1914,43057099999,"BOMBAY COLABA, IN",2023-05-20T22:00:00Z,30.73,1010.2,68.87,NONE,0,EDGE_PASS,24.36,-0.11,0.2,0.28,3.9,-87,0,90.0
1915,43063099999,"PUNE, IN",2023-05-20T22:00:00Z,24.4,1008.5,79.86,NONE,0,EDGE_PASS,20.7,-0.4,0.1,1.89,3.9,-67,0,82.1
1916,42921099999,"NASIK CITY, IN",2023-05-20T23:00:00Z,22.67,1005.03,89.03,NONE,0,EDGE_PASS,20.77,-0.46,0.26,2.13,4.01,-100,0,76.1
1917,43003099999,"CHHATRAPATI SHIVAJI INTERNATIONAL, IN",2023-05-20T23:00:00Z,29.0,1008.0,74.44,NONE,0,EDGE_PASS,24.0,0.0,0.0,-4.6,3.65,-105,0,81.1
1918,43057099999,"BOMBAY COLABA, IN",2023-05-20T23:00:00Z,30.63,1010.4,69.16,NONE,0,EDGE_PASS,24.34,-0.1,0.2,0.29,3.9,-86,0,76.0
1919,43063099999,"PUNE, IN",2023-05-20T23:00:00Z,24.0,1008.6,81.8,NONE,0,EDGE_PASS,20.7,-0.4,0.1,1.94,3.89,-68,0,75.8
1920,42921099999,"NASIK CITY, IN",2023-05-21T00:00:00Z,22.2,1005.3,91.22,NONE,0,EDGE_PASS,20.7,-0.47,0.27,2.19,4.0,-102,0,76.3
1921,43003099999,"CHHATRAPATI SHIVAJI INTERNATIONAL, IN",2023-05-21T00:00:00Z,28.2,1008.5,78.93,NONE,0,EDGE_PASS,24.2,-0.8,0.5,4.49,3.65,-105,0,75.7
1922,43057099999,"BOMBAY COLABA, IN",2023-05-21T00:00:00Z,30.52,1010.6,69.44,NONE,0,EDGE_PASS,24.3,-0.11,0.2,0.28,3.9,-84,0,74.9
1923,43063099999,"PUNE, IN",2023-05-21T00:00:00Z,23.6,1008.7,83.79,NONE,0,EDGE_PASS,20.7,-0.4,0.1,1.99,3.88,-66,0,78.0
1924,42921099999,"NASIK CITY, IN",2023-05-21T01:00:00Z,23.33,1005.83,84.46,NONE,0,EDGE_PASS,20.56,1.13,0.53,-6.76,3.99,-100,0,75.9
1925,43003099999,"CHHATRAPATI SHIVAJI INTERNATIONAL, IN",2023-05-21T01:00:00Z,29.0,1009.0,79.04,NONE,0,EDGE_PASS,25.0,0.8,0.5,0.11,3.65,-105,0,80.1
1926,43057099999,"BOMBAY COLABA, IN",2023-05-21T01:00:00Z,30.41,1010.8,69.73,NONE,0,EDGE_PASS,24.26,-0.11,0.2,0.29,3.9,-82,0,76.5
1927,43063099999,"PUNE, IN",2023-05-21T01:00:00Z,24.73,1009.27,76.53,NONE,0,EDGE_PASS,20.33,1.13,0.57,-7.26,3.89,-65,0,76.4
1928,42921099999,"NASIK CITY, IN",2023-05-21T02:00:00Z,24.47,1006.37,78.24,NONE,0,EDGE_PASS,20.44,1.14,0.54,-6.22,3.98,-102,0,99.6
1929,43003099999,"CHHATRAPATI SHIVAJI INTERNATIONAL, IN",2023-05-21T02:00:00Z,30.0,1010.0,74.61,NONE,0,EDGE_PASS,25.0,1.0,1.0,-4.43,3.66,-104,0,80.7
1930,43057099999,"BOMBAY COLABA, IN",2023-05-21T02:00:00Z,30.31,1011.0,70.01,NONE,0,EDGE_PASS,24.24,-0.1,0.2,0.28,3.9,-84,0,76.7
1931,43063099999,"PUNE, IN",2023-05-21T02:00:00Z,25.87,1009.83,69.93,NONE,0,EDGE_PASS,19.97,1.14,0.56,-6.6,3.88,-65,0,101.1
1932,42921099999,"NASIK CITY, IN",2023-05-21T03:00:00Z,25.6,1006.9,72.53,NONE,0,EDGE_PASS,20.3,1.13,0.53,-5.71,3.99,-101,0,78.5
1933,43003099999,"CHHATRAPATI SHIVAJI INTERNATIONAL, IN",2023-05-21T03:00:00Z,30.4,1011.0,66.63,NONE,0,EDGE_PASS,23.5,0.4,1.0,-7.98,3.67,-103,0,79.4
1934,43057099999,"BOMBAY COLABA, IN",2023-05-21T03:00:00Z,30.2,1011.2,70.3,NONE,0,EDGE_PASS,24.2,-0.11,0.2,0.29,3.91,-84,0,82.1
1935,43063099999,"PUNE, IN",2023-05-21T03:00:00Z,27.0,1010.4,63.93,NONE,0,EDGE_PASS,19.6,1.13,0.57,-6.0,3.89,-67,0,78.7
1936,42921099999,"NASIK CITY, IN",2023-05-21T04:00:00Z,27.97,1006.37,58.07,NONE,0,EDGE_PASS,18.97,2.37,-0.53,-14.46,4.0,-102,0,98.7
1937,43003099999,"CHHATRAPATI SHIVAJI INTERNATIONAL, IN",2023-05-21T04:00:00Z,32.0,1011.0,66.55,NONE,0,EDGE_PASS,25.0,1.6,0.0,-0.08,3.67,-101,0,81.1
1938,43057099999,"BOMBAY COLABA, IN",2023-05-21T04:00:00Z,30.31,1010.96,69.9,NONE,0,EDGE_PASS,24.21,0.11,-0.24,-0.4,3.9,-84,0,76.9
1939,43063099999,"PUNE, IN",2023-05-21T04:00:00Z,29.47,1009.87,50.1,NONE,0,EDGE_PASS,18.0,2.47,-0.53,-13.83,3.88,-67,0,76.4
1940,42921099999,"NASIK CITY, IN",2023-05-21T05:00:00Z,30.33,1005.83,46.57,NONE,0,EDGE_PASS,17.63,2.36,-0.54,-11.5,3.99,-102,0,81.3
1941,43003099999,"CHHATRAPATI SHIVAJI INTERNATIONAL, IN",2023-05-21T05:00:00Z,32.0,1011.0,62.68,NONE,0,EDGE_PASS,24.0,0.0,0.0,-3.87,3.68,-100,0,82.2
1942,43057099999,"BOMBAY COLABA, IN",2023-05-21T05:00:00Z,30.42,1010.71,69.51,NONE,0,EDGE_PASS,24.22,0.11,-0.25,-0.39,3.9,-83,0,77.5
1943,43063099999,"PUNE, IN",2023-05-21T05:00:00Z,31.93,1009.33,39.31,NONE,0,EDGE_PASS,16.4,2.46,-0.54,-10.79,3.87,-67,0,76.3
1944,42921099999,"NASIK CITY, IN",2023-05-21T06:00:00Z,32.7,1005.3,37.4,NONE,0,EDGE_PASS,16.3,2.37,-0.53,-9.17,3.99,-102,0,74.7
1945,43003099999,"CHHATRAPATI SHIVAJI INTERNATIONAL, IN",2023-05-21T06:00:00Z,33.0,1011.1,58.53,NONE,0,EDGE_PASS,23.8,1.0,0.1,-4.15,3.69,-98,0,78.2
1946,43057099999,"BOMBAY COLABA, IN",2023-05-21T06:00:00Z,30.53,1010.47,69.11,NONE,0,EDGE_PASS,24.23,0.11,-0.24,-0.4,3.9,-85,0,82.1
1947,43063099999,"PUNE, IN",2023-05-21T06:00:00Z,16.4,1008.8,30.89,SPIKE,4,EDGE_SUSPECT_STEP_SPIKE,-0.82,-15.53,-0.53,-8.42,3.88,-66,0,87.4
1948,42921099999,"NASIK CITY, IN",2023-05-21T07:00:00Z,34.3,1004.37,33.83,NONE,0,EDGE_PASS,16.13,1.6,-0.93,-3.57,4.0,-102,0,84.1
1949,43003099999,"CHHATRAPATI SHIVAJI INTERNATIONAL, IN",2023-05-21T07:00:00Z,32.5,1010.55,60.57,NONE,0,EDGE_PASS,23.9,-0.5,-0.55,2.04,3.68,-96,0,77.4
1950,43057099999,"BOMBAY COLABA, IN",2023-05-21T07:00:00Z,30.64,1010.22,68.72,NONE,0,EDGE_PASS,24.24,0.11,-0.25,-0.39,3.91,-83,1,96.1
1951,43063099999,"PUNE, IN",2023-05-21T07:00:00Z,17.6,1007.83,28.47,SPIKE,0,EDGE_PASS,-0.9,1.2,-0.97,-2.42,3.89,-67,1,91.1
1952,42921099999,"NASIK CITY, IN",2023-05-21T08:00:00Z,35.9,1003.43,30.63,NONE,0,EDGE_PASS,15.96,1.6,-0.94,-3.2,4.0,-103,1,106.8
1953,43003099999,"CHHATRAPATI SHIVAJI INTERNATIONAL, IN",2023-05-21T08:00:00Z,32.0,1010.0,62.68,NONE,0,EDGE_PASS,24.0,-0.5,-0.55,2.11,3.67,-94,1,95.4
1954,43057099999,"BOMBAY COLABA, IN",2023-05-21T08:00:00Z,30.76,1009.98,68.33,NONE,0,EDGE_PASS,24.26,0.12,-0.24,-0.39,3.91,-85,2,107.7
1955,43063099999,"PUNE, IN",2023-05-21T08:00:00Z,36.8,1006.87,26.25,NONE,4,EDGE_SUSPECT_STEP_SPIKE,14.33,19.2,-0.96,-2.22,3.89,-68,0,103.2
1956,42921099999,"NASIK CITY, IN",2023-05-21T09:00:00Z,37.5,1002.5,27.76,NONE,0,EDGE_PASS,15.8,1.6,-0.93,-2.87,4.0,-105,0,97.0
1957,43003099999,"CHHATRAPATI SHIVAJI INTERNATIONAL, IN",2023-05-21T09:00:00Z,32.0,1010.0,59.01,NONE,0,EDGE_PASS,23.0,0.0,0.0,-3.67,3.67,-93,0,120.3
1958,43057099999,"BOMBAY COLABA, IN",2023-05-21T09:00:00Z,30.87,1009.73,67.94,NONE,0,EDGE_PASS,24.27,0.11,-0.25,-0.39,3.92,-84,0,93.3
1959,43063099999,"PUNE, IN",2023-05-21T09:00:00Z,38.0,1005.9,24.22,NONE,0,EDGE_PASS,14.1,1.2,-0.97,-2.03,3.89,-68,0,81.2
1960,42921099999,"NASIK CITY, IN",2023-05-21T10:00:00Z,36.83,1002.27,28.55,NONE,0,EDGE_PASS,15.66,-0.67,-0.23,0.79,4.01,-105,0,81.1
1961,43003099999,"CHHATRAPATI SHIVAJI INTERNATIONAL, IN",2023-05-21T10:00:00Z,32.0,1009.0,59.01,NONE,0,EDGE_PASS,23.0,0.0,-1.0,0.0,3.67,-92,0,78.9
1962,43057099999,"BOMBAY COLABA, IN",2023-05-21T10:00:00Z,30.98,1009.49,67.56,NONE,0,EDGE_PASS,24.28,0.11,-0.24,-0.38,3.91,-86,0,78.1
1963,43063099999,"PUNE, IN",2023-05-21T10:00:00Z,37.33,1005.67,26.33,NONE,0,EDGE_PASS,14.83,-0.67,-0.23,2.11,3.9,-67,0,211.5
1964,42921099999,"NASIK CITY, IN",2023-05-21T11:00:00Z,36.17,1002.03,29.36,NONE,0,EDGE_PASS,15.54,-0.66,-0.24,0.81,4.0,-105,0,277.1
1965,43003099999,"CHHATRAPATI SHIVAJI INTERNATIONAL, IN",2023-05-21T11:00:00Z,33.0,1009.0,62.9,NONE,0,EDGE_PASS,25.0,1.0,0.0,3.89,3.67,-92,0,127.5
1966,43057099999,"BOMBAY COLABA, IN",2023-05-21T11:00:00Z,31.09,1009.24,67.17,NONE,0,EDGE_PASS,24.29,0.11,-0.25,-0.39,3.92,-88,0,91.4
1967,43063099999,"PUNE, IN",2023-05-21T11:00:00Z,36.67,1005.43,28.63,NONE,0,EDGE_PASS,15.57,-0.66,-0.24,2.3,3.89,-67,0,95.5
1968,42921099999,"NASIK CITY, IN",2023-05-21T12:00:00Z,35.5,1001.8,30.2,NONE,0,EDGE_PASS,15.4,-0.67,-0.23,0.84,3.99,-105,0,90.1
1969,43003099999,"CHHATRAPATI SHIVAJI INTERNATIONAL, IN",2023-05-21T12:00:00Z,32.6,1008.8,60.59,NONE,0,EDGE_PASS,24.0,-0.4,-0.2,-2.31,3.67,-90,0,90.6
1970,43057099999,"BOMBAY COLABA, IN",2023-05-21T12:00:00Z,31.2,1009.0,66.79,NONE,0,EDGE_PASS,24.3,0.11,-0.24,-0.38,3.92,-90,0,90.5
1971,43063099999,"PUNE, IN",2023-05-21T12:00:00Z,36.0,1005.2,31.12,NONE,0,EDGE_PASS,16.3,-0.67,-0.23,2.49,3.88,-68,0,93.3
1972,42921099999,"NASIK CITY, IN",2023-05-21T13:00:00Z,33.53,1002.83,36.3,NONE,0,EDGE_PASS,16.56,-1.97,1.03,6.1,3.99,-105,0,115.7
1973,43003099999,"CHHATRAPATI SHIVAJI INTERNATIONAL, IN",2023-05-21T13:00:00Z,31.0,1009.0,70.45,NONE,0,EDGE_PASS,25.0,-1.6,0.2,9.86,3.66,-91,0,91.1
1974,43057099999,"BOMBAY COLABA, IN",2023-05-21T13:00:00Z,31.09,1009.23,67.58,NONE,0,EDGE_PASS,24.39,-0.11,0.23,0.79,3.92,-91,0,104.2
1975,43063099999,"PUNE, IN",2023-05-21T13:00:00Z,33.87,1006.5,38.85,NONE,0,EDGE_PASS,17.94,-2.13,1.3,7.73,3.88,-69,0,114.2
1976,42921099999,"NASIK CITY, IN",2023-05-21T14:00:00Z,31.57,1003.87,43.68,NONE,0,EDGE_PASS,17.74,-1.96,1.04,7.38,3.99,-104,0,85.8
1977,43003099999,"CHHATRAPATI SHIVAJI INTERNATIONAL, IN",2023-05-21T14:00:00Z,30.0,1010.0,74.61,NONE,0,EDGE_PASS,25.0,-1.0,1.0,4.16,3.66,-92,0,96.3
1978,43057099999,"BOMBAY COLABA, IN",2023-05-21T14:00:00Z,30.99,1009.47,68.37,NONE,0,EDGE_PASS,24.49,-0.1,0.24,0.79,3.93,-92,0,89.3
1979,43063099999,"PUNE, IN",2023-05-21T14:00:00Z,31.73,1007.8,48.53,NONE,0,EDGE_PASS,19.56,-2.14,1.3,9.68,3.87,-71,0,91.7
1980,42921099999,"NASIK CITY, IN",2023-05-21T15:00:00Z,29.6,1004.9,52.6,NONE,0,EDGE_PASS,18.9,-1.97,1.03,8.92,3.98,-105,0,88.1
1981,43003099999,"CHHATRAPATI SHIVAJI INTERNATIONAL, IN",2023-05-21T15:00:00Z,30.0,1010.3,71.54,NONE,0,EDGE_PASS,24.3,0.0,0.3,-3.07,3.66,-93,0,91.5
1982,43057099999,"BOMBAY COLABA, IN",2023-05-21T15:00:00Z,30.88,1009.7,69.18,NONE,0,EDGE_PASS,24.58,-0.11,0.23,0.81,3.92,-93,0,82.9
1983,43063099999,"PUNE, IN",2023-05-21T15:00:00Z,29.6,1009.1,60.66,NONE,0,EDGE_PASS,21.2,-2.13,1.3,12.13,3.88,-72,0,102.5
1984,42921099999,"NASIK CITY, IN",2023-05-21T16:00:00Z,28.27,1005.7,58.51,NONE,0,EDGE_PASS,19.37,-1.33,0.8,5.91,3.98,-103,0,82.0
1985,43003099999,"CHHATRAPATI SHIVAJI INTERNATIONAL, IN",2023-05-21T16:00:00Z,30.0,1011.0,74.61,NONE,0,EDGE_PASS,25.0,0.0,0.7,3.07,3.66,-93,0,82.2
1986,43057099999,"BOMBAY COLABA, IN",2023-05-21T16:00:00Z,30.77,1009.93,69.99,NONE,0,EDGE_PASS,24.67,-0.11,0.23,0.81,3.92,-92,0,94.9
1987,43063099999,"PUNE, IN",2023-05-21T16:00:00Z,28.6,1009.77,64.93,NONE,0,EDGE_PASS,21.37,-1.0,0.67,4.27,3.88,-72,0,89.1
1988,42921099999,"NASIK CITY, IN",2023-05-21T17:00:00Z,26.93,1006.5,65.12,NONE,0,EDGE_PASS,19.83,-1.34,0.8,6.61,3.98,-101,0,83.0
1989,43003099999,"CHHATRAPATI SHIVAJI INTERNATIONAL, IN",2023-05-21T17:00:00Z,30.0,1011.0,74.61,NONE,0,EDGE_PASS,25.0,0.0,0.0,0.0,3.66,-95,0,88.5
1990,43057099999,"BOMBAY COLABA, IN",2023-05-21T17:00:00Z,30.67,1010.17,70.81,NONE,0,EDGE_PASS,24.77,-0.1,0.24,0.82,3.92,-91,0,83.6
1991,43063099999,"PUNE, IN",2023-05-21T17:00:00Z,27.6,1010.43,69.54,NONE,0,EDGE_PASS,21.53,-1.0,0.66,4.61,3.87,-74,0,84.9
1992,42921099999,"NASIK CITY, IN",2023-05-21T18:00:00Z,25.6,1007.3,72.53,NONE,0,EDGE_PASS,20.3,-1.33,0.8,7.41,3.99,-102,0,107.6
1993,43003099999,"CHHATRAPATI SHIVAJI INTERNATIONAL, IN",2023-05-21T18:00:00Z,29.8,1011.4,78.21,NONE,0,EDGE_PASS,25.6,-0.2,0.4,3.6,3.67,-93,0,123.5
1994,43057099999,"BOMBAY COLABA, IN",2023-05-21T18:00:00Z,30.56,1010.4,71.64,NONE,0,EDGE_PASS,24.86,-0.11,0.23,0.83,3.92,-89,0,91.9
1995,43063099999,"PUNE, IN",2023-05-21T18:00:00Z,26.6,1011.1,74.5,NONE,0,EDGE_PASS,21.7,-1.0,0.67,4.96,3.86,-72,0,84.7
1996,42921099999,"NASIK CITY, IN",2023-05-21T19:00:00Z,24.93,1006.87,76.87,NONE,0,EDGE_PASS,20.6,-0.67,-0.43,4.34,4.0,-104,0,86.0
1997,43003099999,"CHHATRAPATI SHIVAJI INTERNATIONAL, IN",2023-05-21T19:00:00Z,30.0,1011.0,74.61,NONE,0,EDGE_PASS,25.0,0.2,-0.4,-3.6,3.68,-92,0,99.8
1998,43057099999,"BOMBAY COLABA, IN",2023-05-21T19:00:00Z,30.45,1010.63,72.49,NONE,0,EDGE_PASS,24.95,-0.11,0.23,0.85,3.92,-87,0,93.5
1999,43063099999,"PUNE, IN",2023-05-21T19:00:00Z,26.0,1010.5,77.04,NONE,0,EDGE_PASS,21.67,-0.6,-0.6,2.54,3.86,-73,0,87.3
2000,42921099999,"NASIK CITY, IN",2023-05-21T20:00:00Z,24.27,1006.43,81.5,NONE,0,EDGE_PASS,20.9,-0.66,-0.44,4.63,4.01,-105,0,83.1
2001,43003099999,"CHHATRAPATI SHIVAJI INTERNATIONAL, IN",2023-05-21T20:00:00Z,30.0,1010.0,74.61,NONE,0,EDGE_PASS,25.0,0.0,-1.0,0.0,3.68,-93,0,82.3
2002,43057099999,"BOMBAY COLABA, IN",2023-05-21T20:00:00Z,30.35,1010.87,73.34,NONE,0,EDGE_PASS,25.05,-0.1,0.24,0.85,3.93,-88,0,83.8
2003,43063099999,"PUNE, IN",2023-05-21T20:00:00Z,25.4,1009.9,79.67,NONE,0,EDGE_PASS,21.63,-0.6,-0.6,2.63,3.85,-75,0,91.4
2004,42921099999,"NASIK CITY, IN",2023-05-21T21:00:00Z,23.6,1006.0,86.41,NONE,0,EDGE_PASS,21.2,-0.67,-0.43,4.91,4.01,-105,0,83.4
2005,43003099999,"CHHATRAPATI SHIVAJI INTERNATIONAL, IN",2023-05-21T21:00:00Z,29.0,1009.0,79.04,NONE,0,EDGE_PASS,25.0,-1.0,-1.0,4.43,3.68,-92,0,81.9
2006,43057099999,"BOMBAY COLABA, IN",2023-05-21T21:00:00Z,30.24,1011.1,74.2,NONE,0,EDGE_PASS,25.14,-0.11,0.23,0.86,3.92,-87,0,87.3
2007,43063099999,"PUNE, IN",2023-05-21T21:00:00Z,24.8,1009.3,82.4,NONE,0,EDGE_PASS,21.6,-0.6,-0.6,2.73,3.86,-74,0,82.8
2008,42921099999,"NASIK CITY, IN",2023-05-21T22:00:00Z,23.4,1006.03,87.46,NONE,0,EDGE_PASS,21.2,-0.2,0.03,1.05,4.0,-105,0,82.4
2009,43003099999,"CHHATRAPATI SHIVAJI INTERNATIONAL, IN",2023-05-21T22:00:00Z,29.0,1009.0,79.04,NONE,0,EDGE_PASS,25.0,0.0,0.0,0.0,3.68,-90,0,89.7
2010,43057099999,"BOMBAY COLABA, IN",2023-05-21T22:00:00Z,30.13,1011.33,75.07,NONE,0,EDGE_PASS,25.23,-0.11,0.23,0.87,3.92,-85,0,86.1
2011,43063099999,"PUNE, IN",2023-05-21T22:00:00Z,24.33,1009.5,82.68,NONE,0,EDGE_PASS,21.2,-0.47,0.2,0.28,3.85,-74,0,99.7
2012,42921099999,"NASIK CITY, IN",2023-05-21T23:00:00Z,23.2,1006.07,88.52,NONE,0,EDGE_PASS,21.2,-0.2,0.04,1.06,4.0,-104,0,93.7
2013,43003099999,"CHHATRAPATI SHIVAJI INTERNATIONAL, IN",2023-05-21T23:00:00Z,29.0,1009.0,79.04,NONE,0,EDGE_PASS,25.0,0.0,0.0,0.0,3.68,-89,0,93.9
2014,43057099999,"BOMBAY COLABA, IN",2023-05-21T23:00:00Z,30.03,1011.57,75.96,NONE,0,EDGE_PASS,25.33,-0.1,0.24,0.89,3.91,-84,0,85.2
2015,43063099999,"PUNE, IN",2023-05-21T23:00:00Z,23.87,1009.7,82.97,NONE,0,EDGE_PASS,20.8,-0.46,0.2,0.29,3.85,-74,0,97.4
2016,42921099999,"NASIK CITY, IN",2023-05-22T00:00:00Z,23.0,1006.1,89.6,NONE,0,EDGE_PASS,21.2,-0.2,0.03,1.08,4.0,-103,0,91.7
2017,43003099999,"CHHATRAPATI SHIVAJI INTERNATIONAL, IN",2023-05-22T00:00:00Z,28.4,1009.4,78.96,NONE,0,EDGE_PASS,24.4,-0.6,0.4,-0.08,3.68,-91,0,85.4
2018,43057099999,"BOMBAY COLABA, IN",2023-05-22T00:00:00Z,29.92,1011.8,76.85,NONE,0,EDGE_PASS,25.42,-0.11,0.23,0.89,3.92,-83,0,85.3
2019,43063099999,"PUNE, IN",2023-05-22T00:00:00Z,23.4,1009.9,83.26,NONE,0,EDGE_PASS,20.4,-0.47,0.2,0.29,3.84,-75,0,85.9
2020,42921099999,"NASIK CITY, IN",2023-05-22T01:00:00Z,24.33,1006.67,81.51,NONE,0,EDGE_PASS,20.96,1.33,0.57,-8.09,4.0,-104,0,84.0
2021,43003099999,"CHHATRAPATI SHIVAJI INTERNATIONAL, IN",2023-05-22T01:00:00Z,29.0,1010.0,79.04,NONE,0,EDGE_PASS,25.0,0.6,0.6,0.08,3.69,-91,0,106.7
2022,43057099999,"BOMBAY COLABA, IN",2023-05-22T01:00:00Z,29.81,1012.03,77.75,NONE,0,EDGE_PASS,25.51,-0.11,0.23,0.9,3.93,-81,0,97.4
2023,43063099999,"PUNE, IN",2023-05-22T01:00:00Z,25.07,1010.53,74.4,NONE,0,EDGE_PASS,20.2,1.67,0.63,-8.86,3.85,-73,0,94.4
2024,42921099999,"NASIK CITY, IN",2023-05-22T02:00:00Z,25.67,1007.23,74.2,NONE,0,EDGE_PASS,20.74,1.34,0.56,-7.31,4.0,-102,0,86.7
2025,43003099999,"CHHATRAPATI SHIVAJI INTERNATIONAL, IN",2023-05-22T02:00:00Z,30.0,1011.0,74.61,NONE,0,EDGE_PASS,25.0,1.0,1.0,-4.43,3.69,-93,0,85.4
2026,43057099999,"BOMBAY COLABA, IN",2023-05-22T02:00:00Z,29.71,1012.27,78.67,NONE,0,EDGE_PASS,25.61,-0.1,0.24,0.92,3.93,-79,0,85.0
2027,43063099999,"PUNE, IN",2023-05-22T02:00:00Z,26.73,1011.17,66.57,NONE,0,EDGE_PASS,20.0,1.66,0.64,-7.83,3.85,-74,0,86.3
2028,42921099999,"NASIK CITY, IN",2023-05-22T03:00:00Z,27.0,1007.8,67.6,NONE,0,EDGE_PASS,20.5,1.33,0.57,-6.6,4.01,-100,0,84.5
2029,43003099999,"CHHATRAPATI SHIVAJI INTERNATIONAL, IN",2023-05-22T03:00:00Z,30.2,1012.0,74.19,NONE,0,EDGE_PASS,25.1,0.2,1.0,-0.42,3.68,-92,0,84.8
2030,43057099999,"BOMBAY COLABA, IN",2023-05-22T03:00:00Z,29.6,1012.5,79.59,NONE,0,EDGE_PASS,25.7,-0.11,0.23,0.92,3.92,-81,0,84.8
2031,43063099999,"PUNE, IN",2023-05-22T03:00:00Z,28.4,1011.8,59.64,NONE,0,EDGE_PASS,19.8,1.67,0.63,-6.93,3.85,-72,0,89.9
2032,42921099999,"NASIK CITY, IN",2023-05-22T04:00:00Z,29.5,1007.07,53.35,NONE,0,EDGE_PASS,19.03,2.5,-0.73,-14.25,4.01,-99,0,86.1
2033,43003099999,"CHHATRAPATI SHIVAJI INTERNATIONAL, IN",2023-05-22T04:00:00Z,31.0,1013.0,70.45,NONE,0,EDGE_PASS,25.0,0.8,1.0,-3.74,3.68,-92,0,89.3
2034,43057099999,"BOMBAY COLABA, IN",2023-05-22T04:00:00Z,29.8,1012.16,77.75,NONE,0,EDGE_PASS,25.5,0.2,-0.34,-1.84,3.93,-83,0,85.3
2035,43063099999,"PUNE, IN",2023-05-22T04:00:00Z,30.6,1011.1,45.67,NONE,0,EDGE_PASS,17.57,2.2,-0.7,-13.97,3.85,-71,0,85.1
2036,42921099999,"NASIK CITY, IN",2023-05-22T05:00:00Z,32.0,1006.33,42.17,NONE,0,EDGE_PASS,17.57,2.5,-0.74,-11.18,4.0,-97,0,85.8
2037,43003099999,"CHHATRAPATI SHIVAJI INTERNATIONAL, IN",2023-05-22T05:00:00Z,31.0,1013.0,70.45,NONE,0,EDGE_PASS,25.0,0.0,0.0,0.0,3.69,-91,0,84.9
2038,43057099999,"BOMBAY COLABA, IN",2023-05-22T05:00:00Z,30.0,1011.81,75.95,NONE,0,EDGE_PASS,25.3,0.2,-0.35,-1.8,3.92,-85,0,85.0
2039,43063099999,"PUNE, IN",2023-05-22T05:00:00Z,32.8,1010.4,34.96,NONE,0,EDGE_PASS,15.33,2.2,-0.7,-10.71,3.84,-71,0,85.3
2040,42921099999,"NASIK CITY, IN",2023-05-22T06:00:00Z,34.5,1005.6,33.39,NONE,0,EDGE_PASS,16.1,2.5,-0.73,-8.78,4.01,-95,0,241.8
2041,43003099999,"CHHATRAPATI SHIVAJI INTERNATIONAL, IN",2023-05-22T06:00:00Z,32.0,1012.0,66.55,NONE,0,EDGE_PASS,25.0,1.0,-1.0,-3.9,3.69,-92,0,402.7
2042,43057099999,"BOMBAY COLABA, IN",2023-05-22T06:00:00Z,30.2,1011.47,74.19,NONE,0,EDGE_PASS,25.1,0.2,-0.34,-1.76,3.91,-87,0,187.4
2043,43063099999,"PUNE, IN",2023-05-22T06:00:00Z,35.0,1009.7,26.75,NONE,0,EDGE_PASS,13.1,2.2,-0.7,-8.21,3.85,-73,0,130.4
2044,42921099999,"NASIK CITY, IN",2023-05-22T07:00:00Z,35.2,1004.8,31.37,NONE,0,EDGE_PASS,15.73,0.7,-0.8,-2.02,4.02,-96,0,110.1
2045,43003099999,"CHHATRAPATI SHIVAJI INTERNATIONAL, IN",2023-05-22T07:00:00Z,33.0,1012.0,59.24,NONE,0,EDGE_PASS,24.0,1.0,0.0,-7.31,3.68,-92,0,100.9
2046,43057099999,"BOMBAY COLABA, IN",2023-05-22T07:00:00Z,30.4,1011.12,72.48,NONE,0,EDGE_PASS,24.9,0.2,-0.35,-1.71,3.91,-89,0,104.4
2047,43063099999,"PUNE, IN",2023-05-22T07:00:00Z,35.93,1008.7,26.54,NONE,0,EDGE_PASS,13.77,0.93,-1.0,-0.21,3.85,-74,0,106.4
2048,42921099999,"NASIK CITY, IN",2023-05-22T08:00:00Z,35.9,1004.0,29.48,NONE,0,EDGE_PASS,15.37,0.7,-0.8,-1.89,4.02,-96,0,94.4
2049,43003099999,"CHHATRAPATI SHIVAJI INTERNATIONAL, IN",2023-05-22T08:00:00Z,32.0,1011.0,62.68,NONE,0,EDGE_PASS,24.0,-1.0,-1.0,3.44,3.68,-92,0,92.6
2050,43057099999,"BOMBAY COLABA, IN",2023-05-22T08:00:00Z,30.6,1010.78,70.8,NONE,0,EDGE_PASS,24.7,0.2,-0.34,-1.68,3.91,-89,0,93.1
2051,43063099999,"PUNE, IN",2023-05-22T08:00:00Z,36.87,1007.7,26.32,NONE,0,EDGE_PASS,14.43,0.94,-1.0,-0.22,3.85,-72,0,94.5
2052,42921099999,"NASIK CITY, IN",2023-05-22T09:00:00Z,36.6,1003.2,27.7,NONE,0,EDGE_PASS,15.0,0.7,-0.8,-1.78,4.01,-97,0,99.9
2053,43003099999,"CHHATRAPATI SHIVAJI INTERNATIONAL, IN",2023-05-22T09:00:00Z,32.6,1010.7,59.51,NONE,0,EDGE_PASS,23.7,0.6,-0.3,-3.17,3.67,-90,0,96.5
2054,43057099999,"BOMBAY COLABA, IN",2023-05-22T09:00:00Z,30.8,1010.43,69.16,NONE,0,EDGE_PASS,24.5,0.2,-0.35,-1.64,3.9,-87,0,97.2
2055,43063099999,"PUNE, IN",2023-05-22T09:00:00Z,37.8,1006.7,26.12,NONE,0,EDGE_PASS,15.1,0.93,-1.0,-0.2,3.84,-74,0,94.8
2056,42921099999,"NASIK CITY, IN",2023-05-22T10:00:00Z,36.07,1002.97,30.22,NONE,0,EDGE_PASS,15.9,-0.53,-0.23,2.52,4.01,-98,0,247.6
2057,43003099999,"CHHATRAPATI SHIVAJI INTERNATIONAL, IN",2023-05-22T10:00:00Z,33.0,1010.0,59.24,NONE,0,EDGE_PASS,24.0,0.4,-0.7,-0.27,3.67,-91,0,192.7
2058,43057099999,"BOMBAY COLABA, IN",2023-05-22T10:00:00Z,31.0,1010.09,67.56,NONE,0,EDGE_PASS,24.3,0.2,-0.34,-1.6,3.91,-85,0,146.8
2059,43063099999,"PUNE, IN",2023-05-22T10:00:00Z,37.07,1006.43,28.73,NONE,0,EDGE_PASS,15.97,-0.73,-0.27,2.61,3.84,-73,0,145.3
2060,42921099999,"NASIK CITY, IN",2023-05-22T11:00:00Z,35.53,1002.73,32.96,NONE,0,EDGE_PASS,16.79,-0.54,-0.24,2.74,4.01,-98,0,136.5
2061,43003099999,"CHHATRAPATI SHIVAJI INTERNATIONAL, IN",2023-05-22T11:00:00Z,32.0,1009.0,62.68,NONE,0,EDGE_PASS,24.0,-1.0,-1.0,3.44,3.66,-89,0,98.1
2062,43057099999,"BOMBAY COLABA, IN",2023-05-22T11:00:00Z,31.2,1009.74,66.0,NONE,0,EDGE_PASS,24.1,0.2,-0.35,-1.56,3.9,-85,0,92.4
2063,43063099999,"PUNE, IN",2023-05-22T11:00:00Z,36.33,1006.17,31.61,NONE,0,EDGE_PASS,16.83,-0.74,-0.26,2.88,3.83,-74,0,100.8
2064,42921099999,"NASIK CITY, IN",2023-05-22T12:00:00Z,35.0,1002.5,35.94,NONE,0,EDGE_PASS,17.7,-0.53,-0.23,2.98,4.01,-98,0,91.3
2065,43003099999,"CHHATRAPATI SHIVAJI INTERNATIONAL, IN",2023-05-22T12:00:00Z,32.0,1009.2,63.82,NONE,0,EDGE_PASS,24.3,0.0,0.2,1.14,3.67,-89,0,95.5
2066,43057099999,"BOMBAY COLABA, IN",2023-05-22T12:00:00Z,31.4,1009.4,64.47,NONE,0,EDGE_PASS,23.9,0.2,-0.34,-1.53,3.9,-84,0,93.2
2067,43063099999,"PUNE, IN",2023-05-22T12:00:00Z,35.6,1005.9,34.77,NONE,0,EDGE_PASS,17.7,-0.73,-0.27,3.16,3.84,-73,0,128.6
2068,42921099999,"NASIK CITY, IN",2023-05-22T13:00:00Z,33.17,1003.37,38.74,NONE,0,EDGE_PASS,17.27,-1.83,0.87,2.8,4.0,-97,0,109.5
2069,43003099999,"CHHATRAPATI SHIVAJI INTERNATIONAL, IN",2023-05-22T13:00:00Z,31.0,1009.0,70.45,NONE,0,EDGE_PASS,25.0,-1.0,-0.2,6.63,3.66,-90,0,95.0
2070,43057099999,"BOMBAY COLABA, IN",2023-05-22T13:00:00Z,31.32,1009.62,65.31,NONE,0,EDGE_PASS,24.04,-0.08,0.22,0.84,3.9,-84,1,127.8
2071,43063099999,"PUNE, IN",2023-05-22T13:00:00Z,33.47,1007.2,43.19,NONE,0,EDGE_PASS,19.27,-2.13,1.3,8.42,3.84,-74,1,105.6
2072,42921099999,"NASIK CITY, IN",2023-05-22T14:00:00Z,31.33,1004.23,41.81,NONE,0,EDGE_PASS,16.83,-1.84,0.86,3.07,4.01,-95,1,109.2
2073,43003099999,"CHHATRAPATI SHIVAJI INTERNATIONAL, IN",2023-05-22T14:00:00Z,30.0,1010.0,74.61,NONE,0,EDGE_PASS,25.0,-1.0,1.0,4.16,3.67,-89,1,118.0
2074,43057099999,"BOMBAY COLABA, IN",2023-05-22T14:00:00Z,31.24,1009.84,66.16,NONE,0,EDGE_PASS,24.18,-0.08,0.22,0.85,3.91,-85,2,106.8
2075,43063099999,"PUNE, IN",2023-05-22T14:00:00Z,31.33,1008.5,53.69,NONE,0,EDGE_PASS,20.83,-2.14,1.3,10.5,3.83,-72,0,97.4
2076,42921099999,"NASIK CITY, IN",2023-05-22T15:00:00Z,29.5,1005.1,45.19,NONE,0,EDGE_PASS,16.4,-1.83,0.87,3.38,4.01,-93,0,94.0
2077,43003099999,"CHHATRAPATI SHIVAJI INTERNATIONAL, IN",2023-05-22T15:00:00Z,30.0,1009.8,72.84,NONE,0,EDGE_PASS,24.6,0.0,-0.2,-1.77,3.66,-87,0,101.1
2078,43057099999,"BOMBAY COLABA, IN",2023-05-22T15:00:00Z,31.16,1010.06,67.03,NONE,0,EDGE_PASS,24.32,-0.08,0.22,0.87,3.91,-87,0,89.0
2079,43063099999,"PUNE, IN",2023-05-22T15:00:00Z,29.2,-999.0,66.8,DROPOUT,5,EDGE_ERR_OUT_OF_BOUNDS|EDGE_SUSPECT_STEP_SPIKE,22.4,-2.13,-2007.5,13.11,3.82,-72,0,250.1
2080,42921099999,"NASIK CITY, IN",2023-05-22T16:00:00Z,30.74,1004.91,34.85,NONE,0,EDGE_PASS,13.47,1.24,-0.19,-10.34,4.02,-91,0,170.7
2081,43003099999,"CHHATRAPATI SHIVAJI INTERNATIONAL, IN",2023-05-22T16:00:00Z,30.0,1010.0,74.61,NONE,0,EDGE_PASS,25.0,0.0,0.2,1.77,3.65,-86,0,167.1
2082,43057099999,"BOMBAY COLABA, IN",2023-05-22T16:00:00Z,31.08,1010.28,67.9,NONE,0,EDGE_PASS,24.46,-0.08,0.22,0.87,3.91,-87,0,99.1
2083,43063099999,"PUNE, IN",2023-05-22T16:00:00Z,28.27,-999.0,67.02,DROPOUT,1,EDGE_ERR_OUT_OF_BOUNDS,21.57,-0.93,0.0,0.22,3.82,-71,0,94.1
2084,42921099999,"NASIK CITY, IN",2023-05-22T17:00:00Z,33.37,1004.24,18.19,NONE,0,EDGE_PASS,6.01,2.63,-0.67,-16.66,4.03,-89,0,100.2
2085,43003099999,"CHHATRAPATI SHIVAJI INTERNATIONAL, IN",2023-05-22T17:00:00Z,30.0,1011.0,74.61,NONE,0,EDGE_PASS,25.0,0.0,1.0,0.0,3.65,-86,0,88.9
2086,43057099999,"BOMBAY COLABA, IN",2023-05-22T17:00:00Z,31.0,1010.5,68.79,NONE,0,EDGE_PASS,24.6,-0.08,0.22,0.89,3.91,-88,0,87.7
2087,43063099999,"PUNE, IN",2023-05-22T17:00:00Z,27.33,-999.0,67.25,DROPOUT,1,EDGE_ERR_OUT_OF_BOUNDS,20.73,-0.94,0.0,0.23,3.81,-70,0,87.5
2088,42921099999,"NASIK CITY, IN",2023-05-22T18:00:00Z,27.06,1006.61,42.89,NONE,0,EDGE_PASS,13.39,-6.31,2.37,24.7,4.03,-91,0,86.7
2089,43003099999,"CHHATRAPATI SHIVAJI INTERNATIONAL, IN",2023-05-22T18:00:00Z,29.4,1009.3,77.69,NONE,0,EDGE_PASS,25.1,-0.6,-1.7,3.08,3.65,-86,0,85.5
2090,43057099999,"BOMBAY COLABA, IN",2023-05-22T18:00:00Z,30.92,1010.72,69.68,NONE,0,EDGE_PASS,24.74,-0.08,0.22,0.89,3.92,-89,0,87.2
2091,43063099999,"PUNE, IN",2023-05-22T18:00:00Z,26.4,-999.0,67.48,DROPOUT,1,EDGE_ERR_OUT_OF_BOUNDS,19.9,-0.93,0.0,0.23,3.8,-71,0,108.6
2092,42921099999,"NASIK CITY, IN",2023-05-22T19:00:00Z,25.07,1006.77,56.05,NONE,0,EDGE_PASS,15.7,-1.99,0.16,13.16,4.02,-92,0,86.0
2093,43003099999,"CHHATRAPATI SHIVAJI INTERNATIONAL, IN",2023-05-22T19:00:00Z,30.0,1010.0,79.18,NONE,0,EDGE_PASS,26.0,0.6,0.7,1.49,3.65,-84,0,107.6
2094,43057099999,"BOMBAY COLABA, IN",2023-05-22T19:00:00Z,30.84,1010.94,70.59,NONE,0,EDGE_PASS,24.88,-0.08,0.22,0.91,3.91,-88,0,88.6
2095,43063099999,"PUNE, IN",2023-05-22T19:00:00Z,26.13,-999.0,67.84,DROPOUT,1,EDGE_ERR_OUT_OF_BOUNDS,19.73,-0.27,0.0,0.36,3.8,-73,0,89.5
2096,42921099999,"NASIK CITY, IN",2023-05-22T20:00:00Z,24.53,1006.43,63.26,NONE,0,EDGE_PASS,17.1,-0.54,-0.34,7.21,4.03,-93,0,82.3
2097,43003099999,"CHHATRAPATI SHIVAJI INTERNATIONAL, IN",2023-05-22T20:00:00Z,30.0,1010.0,79.18,NONE,0,EDGE_PASS,26.0,0.0,0.0,0.0,3.65,-86,0,87.9
2098,43057099999,"BOMBAY COLABA, IN",2023-05-22T20:00:00Z,30.76,1011.16,71.51,NONE,0,EDGE_PASS,25.02,-0.08,0.22,0.92,3.92,-86,0,86.2
2099,43063099999,"PUNE, IN",2023-05-22T20:00:00Z,25.87,-999.0,68.21,DROPOUT,1,EDGE_ERR_OUT_OF_BOUNDS,19.57,-0.26,0.0,0.37,3.8,-71,0,82.2
2100,42921099999,"NASIK CITY, IN",2023-05-22T21:00:00Z,24.0,1006.1,71.34,NONE,0,EDGE_PASS,18.5,-0.53,-0.33,8.08,4.03,-95,0,81.3
2101,43003099999,"CHHATRAPATI SHIVAJI INTERNATIONAL, IN",2023-05-22T21:00:00Z,29.0,1009.8,80.47,NONE,0,EDGE_PASS,25.3,-1.0,-0.2,1.29,3.65,-87,0,95.9
2102,43057099999,"BOMBAY COLABA, IN",2023-05-22T21:00:00Z,30.68,1011.38,72.44,NONE,0,EDGE_PASS,25.16,-0.08,0.22,0.93,3.91,-85,0,87.8
2103,43063099999,"PUNE, IN",2023-05-22T21:00:00Z,25.6,-999.0,68.59,DROPOUT,1,EDGE_ERR_OUT_OF_BOUNDS,19.4,-0.27,0.0,0.38,3.79,-73,0,84.5
2104,42921099999,"NASIK CITY, IN",2023-05-22T22:00:00Z,23.67,1006.6,77.48,NONE,0,EDGE_PASS,19.5,-0.33,0.5,6.14,4.02,-94,0,82.1
2105,43003099999,"CHHATRAPATI SHIVAJI INTERNATIONAL, IN",2023-05-22T22:00:00Z,30.0,1010.0,79.18,NONE,0,EDGE_PASS,26.0,1.0,0.2,-1.29,3.65,-85,0,86.7
2106,43057099999,"BOMBAY COLABA, IN",2023-05-22T22:00:00Z,30.6,1011.6,73.38,NONE,0,EDGE_PASS,25.3,-0.08,0.22,0.94,3.91,-84,0,80.9
2107,43063099999,"PUNE, IN",2023-05-22T22:00:00Z,25.07,-999.0,68.63,DROPOUT,1,EDGE_ERR_OUT_OF_BOUNDS,18.9,-0.53,0.0,0.04,3.79,-75,0,81.4
2108,42921099999,"NASIK CITY, IN",2023-05-22T23:00:00Z,23.33,1007.1,84.11,NONE,0,EDGE_PASS,20.5,-0.34,0.5,6.63,4.02,-94,0,100.7
2109,43003099999,"CHHATRAPATI SHIVAJI INTERNATIONAL, IN",2023-05-22T23:00:00Z,29.0,1011.0,83.88,NONE,0,EDGE_PASS,26.0,-1.0,1.0,4.7,3.65,-86,0,84.7
2110,43057099999,"BOMBAY COLABA, IN",2023-05-22T23:00:00Z,30.52,1011.82,74.33,NONE,0,EDGE_PASS,25.44,-0.08,0.22,0.95,3.9,-84,0,137.6
2111,43063099999,"PUNE, IN",2023-05-22T23:00:00Z,24.53,-999.0,68.66,DROPOUT,1,EDGE_ERR_OUT_OF_BOUNDS,18.4,-0.54,0.0,0.03,3.79,-73,0,132.7
2112,42921099999,"NASIK CITY, IN",2023-05-23T00:00:00Z,23.0,1007.6,91.27,NONE,0,EDGE_PASS,21.5,-0.33,0.5,7.16,4.03,-96,0,159.3
2113,43003099999,"CHHATRAPATI SHIVAJI INTERNATIONAL, IN",2023-05-23T00:00:00Z,28.4,1011.2,83.32,NONE,0,EDGE_PASS,25.3,-0.6,0.2,-0.56,3.65,-86,0,133.9
2114,43057099999,"BOMBAY COLABA, IN",2023-05-23T00:00:00Z,30.44,1012.04,75.3,NONE,0,EDGE_PASS,25.58,-0.08,0.22,0.97,3.9,-86,0,94.6
2115,43063099999,"PUNE, IN",2023-05-23T00:00:00Z,24.0,-999.0,68.7,DROPOUT,1,EDGE_ERR_OUT_OF_BOUNDS,17.9,-0.53,0.0,0.04,3.79,-74,0,79.0
2116,42921099999,"NASIK CITY, IN",2023-05-23T01:00:00Z,24.2,1007.8,84.2,NONE,0,EDGE_PASS,21.37,1.2,0.2,-7.07,4.02,-97,0,86.1
2117,43003099999,"CHHATRAPATI SHIVAJI INTERNATIONAL, IN",2023-05-23T01:00:00Z,29.0,1011.0,83.88,NONE,0,EDGE_PASS,26.0,0.6,-0.2,0.56,3.65,-87,0,79.1
2118,43057099999,"BOMBAY COLABA, IN",2023-05-23T01:00:00Z,30.36,1012.26,76.28,NONE,0,EDGE_PASS,25.72,-0.08,0.22,0.98,3.89,-84,0,81.7
2119,43063099999,"PUNE, IN",2023-05-23T01:00:00Z,25.53,-999.0,59.98,DROPOUT,1,EDGE_ERR_OUT_OF_BOUNDS,17.2,1.53,0.0,-8.72,3.78,-76,0,78.6
2120,42921099999,"NASIK CITY, IN",2023-05-23T02:00:00Z,25.4,1008.0,77.74,NONE,0,EDGE_PASS,21.23,1.2,0.2,-6.46,4.02,-99,0,77.7
2121,43003099999,"CHHATRAPATI SHIVAJI INTERNATIONAL, IN",2023-05-23T02:00:00Z,30.0,1012.0,79.18,NONE,0,EDGE_PASS,26.0,1.0,1.0,-4.7,3.65,-87,0,78.5
2122,43057099999,"BOMBAY COLABA, IN",2023-05-23T02:00:00Z,30.28,1012.48,77.27,NONE,0,EDGE_PASS,25.86,-0.08,0.22,0.99,3.9,-84,0,77.4
2123,43063099999,"PUNE, IN",2023-05-23T02:00:00Z,27.07,-999.0,52.4,DROPOUT,1,EDGE_ERR_OUT_OF_BOUNDS,16.5,1.54,0.0,-7.58,3.79,-76,0,82.4
2124,42921099999,"NASIK CITY, IN",2023-05-23T03:00:00Z,26.6,1008.2,71.81,NONE,0,EDGE_PASS,21.1,1.2,0.2,-5.93,4.02,-99,0,78.6
2125,43003099999,"CHHATRAPATI SHIVAJI INTERNATIONAL, IN",2023-05-23T03:00:00Z,30.0,1012.0,79.18,NONE,0,EDGE_PASS,26.0,0.0,0.0,0.0,3.65,-86,0,86.1
2126,43057099999,"BOMBAY COLABA, IN",2023-05-23T03:00:00Z,30.2,1012.7,78.27,NONE,0,EDGE_PASS,26.0,-0.08,0.22,1.0,3.9,-83,0,92.5
2127,43063099999,"PUNE, IN",2023-05-23T03:00:00Z,28.6,1011.5,45.81,NONE,12,EDGE_SUSPECT_STEP_SPIKE|EDGE_ERR_SENSOR_FROZEN,15.8,1.53,2010.5,-6.59,3.79,-78,0,83.6
2128,42921099999,"NASIK CITY, IN",2023-05-23T04:00:00Z,28.6,1007.67,57.98,NONE,0,EDGE_PASS,19.53,2.0,-0.53,-13.83,4.02,-98,0,80.5
2129,43003099999,"CHHATRAPATI SHIVAJI INTERNATIONAL, IN",2023-05-23T04:00:00Z,30.0,1013.0,74.61,NONE,0,EDGE_PASS,25.0,0.0,1.0,-4.57,3.66,-85,0,77.9
2130,43057099999,"BOMBAY COLABA, IN",2023-05-23T04:00:00Z,30.33,1012.26,77.27,NONE,0,EDGE_PASS,25.91,0.13,-0.44,-1.0,3.89,-84,0,80.4
2131,43063099999,"PUNE, IN",2023-05-23T04:00:00Z,31.13,1010.67,35.87,NONE,0,EDGE_PASS,14.26,2.53,-0.83,-9.94,3.79,-80,0,78.1
2132,42921099999,"NASIK CITY, IN",2023-05-23T05:00:00Z,30.6,1007.13,46.84,NONE,0,EDGE_PASS,17.97,2.0,-0.54,-11.14,4.01,-97,0,78.2
2133,43003099999,"CHHATRAPATI SHIVAJI INTERNATIONAL, IN",2023-05-23T05:00:00Z,32.0,1013.0,70.63,NONE,0,EDGE_PASS,26.0,2.0,0.0,-3.98,3.65,-87,0,95.3
2134,43057099999,"BOMBAY COLABA, IN",2023-05-23T05:00:00Z,30.47,1011.81,76.27,NONE,0,EDGE_PASS,25.82,0.14,-0.45,-1.0,3.88,-84,0,79.6
2135,43063099999,"PUNE, IN",2023-05-23T05:00:00Z,33.67,1009.83,28.13,NONE,0,EDGE_PASS,12.73,2.54,-0.84,-7.74,3.8,-78,0,77.5
2136,42921099999,"NASIK CITY, IN",2023-05-23T06:00:00Z,32.6,1006.6,37.86,NONE,0,EDGE_PASS,16.4,2.0,-0.53,-8.98,4.01,-99,0,78.6
2137,43003099999,"CHHATRAPATI SHIVAJI INTERNATIONAL, IN",2023-05-23T06:00:00Z,33.6,1012.2,60.45,NONE,0,EDGE_PASS,24.9,1.6,-0.8,-10.18,3.65,-86,0,86.1
2138,43057099999,"BOMBAY COLABA, IN",2023-05-23T06:00:00Z,30.6,1011.37,75.3,NONE,0,EDGE_PASS,25.73,0.13,-0.44,-0.97,3.89,-84,0,78.5
2139,43063099999,"PUNE, IN",2023-05-23T06:00:00Z,36.2,1009.0,22.09,NONE,0,EDGE_PASS,11.2,2.53,-0.83,-6.04,3.79,-80,0,77.5
2140,42921099999,"NASIK CITY, IN",2023-05-23T07:00:00Z,33.93,1005.43,36.26,NONE,0,EDGE_PASS,16.9,1.33,-1.17,-1.6,4.0,-100,0,79.1
2141,43003099999,"CHHATRAPATI SHIVAJI INTERNATIONAL, IN",2023-05-23T07:00:00Z,34.0,1011.0,59.47,NONE,0,EDGE_PASS,25.0,0.4,-1.2,-0.98,3.65,-88,0,78.5
2142,43057099999,"BOMBAY COLABA, IN",2023-05-23T07:00:00Z,30.73,1010.92,74.33,NONE,0,EDGE_PASS,25.64,0.13,-0.45,-0.97,3.89,-86,0,87.6
2143,43063099999,"PUNE, IN",2023-05-23T07:00:00Z,37.4,1007.8,20.96,NONE,0,EDGE_PASS,11.4,1.2,-1.2,-1.13,3.79,-79,0,85.1
2144,42921099999,"NASIK CITY, IN",2023-05-23T08:00:00Z,35.27,1004.27,34.75,NONE,0,EDGE_PASS,17.4,1.34,-1.16,-1.51,4.01,-99,0,88.2
2145,43003099999,"CHHATRAPATI SHIVAJI INTERNATIONAL, IN",2023-05-23T08:00:00Z,34.0,1010.0,59.47,NONE,0,EDGE_PASS,25.0,0.0,-1.0,0.0,3.65,-90,0,126.5
2146,43057099999,"BOMBAY COLABA, IN",2023-05-23T08:00:00Z,30.87,1010.48,73.38,NONE,0,EDGE_PASS,25.56,0.14,-0.44,-0.95,3.89,-84,0,125.7
2147,43063099999,"PUNE, IN",2023-05-23T08:00:00Z,38.6,1006.6,19.9,NONE,0,EDGE_PASS,11.6,1.2,-1.2,-1.06,3.8,-78,0,121.4
2148,42921099999,"NASIK CITY, IN",2023-05-23T09:00:00Z,36.6,1003.1,33.32,NONE,0,EDGE_PASS,17.9,1.33,-1.17,-1.43,4.0,-101,0,132.4
2149,43003099999,"CHHATRAPATI SHIVAJI INTERNATIONAL, IN",2023-05-23T09:00:00Z,33.8,1009.7,52.68,NONE,0,EDGE_PASS,22.8,-0.2,-0.3,-6.79,3.66,-89,0,81.9
2150,43057099999,"BOMBAY COLABA, IN",2023-05-23T09:00:00Z,31.0,1010.03,72.44,NONE,0,EDGE_PASS,25.47,0.13,-0.45,-0.94,3.89,-82,0,80.8
2151,43063099999,"PUNE, IN",2023-05-23T09:00:00Z,39.8,1005.4,18.91,NONE,0,EDGE_PASS,11.8,1.2,-1.2,-0.99,3.8,-79,0,80.1
2152,42921099999,"NASIK CITY, IN",2023-05-23T10:00:00Z,36.27,1002.5,33.51,NONE,0,EDGE_PASS,17.7,-0.33,-0.6,0.19,4.0,-99,0,84.1
2153,43003099999,"CHHATRAPATI SHIVAJI INTERNATIONAL, IN",2023-05-23T10:00:00Z,33.0,1009.0,52.48,NONE,0,EDGE_PASS,22.0,-0.8,-0.7,-0.2,3.66,-87,0,80.8
2154,43057099999,"BOMBAY COLABA, IN",2023-05-23T10:00:00Z,31.13,1009.59,71.51,NONE,0,EDGE_PASS,25.38,0.13,-0.44,-0.93,3.9,-80,0,78.4
2155,43063099999,"PUNE, IN",2023-05-23T10:00:00Z,38.67,1005.0,22.81,NONE,0,EDGE_PASS,13.74,-1.13,-0.4,3.9,3.8,-77,0,79.2
2156,42921099999,"NASIK CITY, IN",2023-05-23T11:00:00Z,35.93,1001.9,33.71,NONE,0,EDGE_PASS,17.5,-0.34,-0.6,0.2,4.0,-97,0,78.6
2157,43003099999,"CHHATRAPATI SHIVAJI INTERNATIONAL, IN",2023-05-23T11:00:00Z,33.0,1009.0,59.24,NONE,0,EDGE_PASS,24.0,0.0,0.0,6.76,3.65,-85,0,79.8
2158,43057099999,"BOMBAY COLABA, IN",2023-05-23T11:00:00Z,31.27,1009.14,70.59,NONE,0,EDGE_PASS,25.29,0.14,-0.45,-0.92,3.9,-81,0,87.9
2159,43063099999,"PUNE, IN",2023-05-23T11:00:00Z,37.53,1004.6,27.48,NONE,0,EDGE_PASS,15.66,-1.14,-0.4,4.67,3.81,-77,0,99.2
2160,42921099999,"NASIK CITY, IN",2023-05-23T12:00:00Z,35.6,1001.3,33.9,NONE,0,EDGE_PASS,17.3,-0.33,-0.6,0.19,4.0,-96,0,97.6
2161,43003099999,"CHHATRAPATI SHIVAJI INTERNATIONAL, IN",2023-05-23T12:00:00Z,32.4,1008.5,60.55,NONE,0,EDGE_PASS,23.8,-0.6,-0.5,1.31,3.65,-87,0,89.1
2162,43057099999,"BOMBAY COLABA, IN",2023-05-23T12:00:00Z,31.4,1008.7,69.69,NONE,0,EDGE_PASS,25.2,0.13,-0.44,-0.9,3.89,-81,0,94.0
2163,43063099999,"PUNE, IN",2023-05-23T12:00:00Z,36.4,1004.2,33.06,NONE,0,EDGE_PASS,17.6,-1.13,-0.4,5.58,3.82,-75,0,98.2
2164,42921099999,"NASIK CITY, IN",2023-05-23T13:00:00Z,33.57,1002.37,37.88,NONE,0,EDGE_PASS,17.27,-2.03,1.07,3.98,4.0,-98,0,84.6
2165,43003099999,"CHHATRAPATI SHIVAJI INTERNATIONAL, IN",2023-05-23T13:00:00Z,31.0,1008.0,70.45,NONE,0,EDGE_PASS,25.0,-1.4,-0.5,9.9,3.65,-86,0,77.5
2166,43057099999,"BOMBAY COLABA, IN",2023-05-23T13:00:00Z,31.33,1008.86,69.98,NONE,0,EDGE_PASS,25.2,-0.07,0.16,0.29,3.89,-82,0,77.8
2167,43063099999,"PUNE, IN",2023-05-23T13:00:00Z,34.27,1005.63,37.2,NONE,0,EDGE_PASS,17.6,-2.13,1.43,4.14,3.81,-75,0,77.3
2168,42921099999,"NASIK CITY, IN",2023-05-23T14:00:00Z,31.53,1003.43,42.4,NONE,0,EDGE_PASS,17.23,-2.04,1.06,4.52,3.99,-98,0,93.5
2169,43003099999,"CHHATRAPATI SHIVAJI INTERNATIONAL, IN",2023-05-23T14:00:00Z,30.0,1009.0,74.61,NONE,0,EDGE_PASS,25.0,-1.0,1.0,4.16,3.65,-88,0,106.4
2170,43057099999,"BOMBAY COLABA, IN",2023-05-23T14:00:00Z,31.27,1009.02,70.27,NONE,0,EDGE_PASS,25.22,-0.06,0.16,0.29,3.89,-82,0,80.5
2171,43063099999,"PUNE, IN",2023-05-23T14:00:00Z,32.13,1007.07,41.94,NONE,0,EDGE_PASS,17.6,-2.14,1.44,4.74,3.8,-73,0,80.8
2172,42921099999,"NASIK CITY, IN",2023-05-23T15:00:00Z,29.5,1004.5,47.54,NONE,0,EDGE_PASS,17.2,-2.03,1.07,5.14,3.99,-99,0,84.7
2173,43003099999,"CHHATRAPATI SHIVAJI INTERNATIONAL, IN",2023-05-23T15:00:00Z,30.0,1009.8,72.84,NONE,0,EDGE_PASS,24.6,0.0,0.8,-1.77,3.65,-87,0,78.1
2174,43057099999,"BOMBAY COLABA, IN",2023-05-23T15:00:00Z,31.2,1009.18,70.57,NONE,0,EDGE_PASS,25.22,-0.07,0.16,0.3,3.88,-83,0,79.1
2175,43063099999,"PUNE, IN",2023-05-23T15:00:00Z,30.0,1008.5,47.37,NONE,0,EDGE_PASS,17.6,-2.13,1.43,5.43,3.81,-75,0,77.8
2176,42921099999,"NASIK CITY, IN",2023-05-23T16:00:00Z,28.33,1005.13,52.17,NONE,0,EDGE_PASS,17.6,-1.17,0.63,4.63,3.99,-100,0,77.4
2177,43003099999,"CHHATRAPATI SHIVAJI INTERNATIONAL, IN",2023-05-23T16:00:00Z,30.0,1010.0,74.61,NONE,0,EDGE_PASS,25.0,0.0,0.2,1.77,3.65,-88,0,77.8
2178,43057099999,"BOMBAY COLABA, IN",2023-05-23T16:00:00Z,31.13,1009.34,70.87,NONE,0,EDGE_PASS,25.22,-0.07,0.16,0.3,3.89,-81,0,77.5
2179,43063099999,"PUNE, IN",2023-05-23T16:00:00Z,29.07,1009.13,49.06,NONE,0,EDGE_PASS,17.3,-0.93,0.63,1.69,3.81,-73,0,92.4
2180,42921099999,"NASIK CITY, IN",2023-05-23T17:00:00Z,27.17,1005.77,57.28,NONE,0,EDGE_PASS,18.0,-1.16,0.64,5.11,3.99,-98,0,124.8
2181,43003099999,"CHHATRAPATI SHIVAJI INTERNATIONAL, IN",2023-05-23T17:00:00Z,30.0,1011.0,74.61,NONE,0,EDGE_PASS,25.0,0.0,1.0,0.0,3.65,-90,0,119.3
2182,43057099999,"BOMBAY COLABA, IN",2023-05-23T17:00:00Z,31.07,1009.5,71.17,NONE,0,EDGE_PASS,25.24,-0.06,0.16,0.3,3.89,-81,0,120.5
2183,43063099999,"PUNE, IN",2023-05-23T17:00:00Z,28.13,1009.77,50.82,NONE,0,EDGE_PASS,17.0,-0.94,0.64,1.76,3.81,-74,0,153.8
2184,42921099999,"NASIK CITY, IN",2023-05-23T18:00:00Z,26.0,1006.4,62.92,NONE,0,EDGE_PASS,18.4,-1.17,0.63,5.64,4.0,-99,0,80.1
2185,43003099999,"CHHATRAPATI SHIVAJI INTERNATIONAL, IN",2023-05-23T18:00:00Z,29.8,1011.2,74.13,NONE,0,EDGE_PASS,24.7,-0.2,0.2,-0.48,3.65,-91,0,78.9
2186,43057099999,"BOMBAY COLABA, IN",2023-05-23T18:00:00Z,31.0,1009.66,71.47,NONE,0,EDGE_PASS,25.24,-0.07,0.16,0.3,3.88,-83,0,81.1
2187,43063099999,"PUNE, IN",2023-05-23T18:00:00Z,27.2,1010.4,52.66,NONE,0,EDGE_PASS,16.7,-0.93,0.63,1.84,3.81,-73,0,78.0
2188,42921099999,"NASIK CITY, IN",2023-05-23T19:00:00Z,25.4,1005.97,66.16,NONE,0,EDGE_PASS,18.63,-0.6,-0.43,3.24,4.0,-99,0,78.1
2189,43003099999,"CHHATRAPATI SHIVAJI INTERNATIONAL, IN",2023-05-23T19:00:00Z,30.0,1011.0,74.61,NONE,0,EDGE_PASS,25.0,0.2,-0.2,0.48,3.65,-93,0,77.5
2190,43057099999,"BOMBAY COLABA, IN",2023-05-23T19:00:00Z,30.93,1009.82,71.77,NONE,0,EDGE_PASS,25.24,-0.07,0.16,0.3,3.87,-83,1,107.8
2191,43063099999,"PUNE, IN",2023-05-23T19:00:00Z,26.47,1010.33,59.31,NONE,0,EDGE_PASS,17.9,-0.73,-0.07,6.65,3.81,-73,1,98.9
2192,42921099999,"NASIK CITY, IN",2023-05-23T20:00:00Z,24.8,1005.53,69.58,NONE,0,EDGE_PASS,18.87,-0.6,-0.44,3.42,4.0,-97,1,88.4
2193,43003099999,"CHHATRAPATI SHIVAJI INTERNATIONAL, IN",2023-05-23T20:00:00Z,30.0,1010.0,74.61,NONE,0,EDGE_PASS,25.0,0.0,-1.0,0.0,3.65,-94,1,84.6
2194,43057099999,"BOMBAY COLABA, IN",2023-05-23T20:00:00Z,30.87,1009.98,72.07,NONE,0,EDGE_PASS,25.26,-0.06,0.16,0.3,3.87,-85,2,101.3
2195,43063099999,"PUNE, IN",2023-05-23T20:00:00Z,25.73,1010.27,66.79,NONE,0,EDGE_PASS,19.1,-0.74,-0.06,7.48,3.81,-75,0,98.3
2196,42921099999,"NASIK CITY, IN",2023-05-23T21:00:00Z,24.2,1005.1,73.19,FROZEN,0,EDGE_PASS,19.1,-0.6,-0.43,3.61,4.0,-99,0,175.8
2197,43003099999,"CHHATRAPATI SHIVAJI INTERNATIONAL, IN",2023-05-23T21:00:00Z,29.4,1010.2,76.31,NONE,0,EDGE_PASS,24.8,-0.6,0.2,1.7,3.65,-96,0,164.2
2198,43057099999,"BOMBAY COLABA, IN",2023-05-23T21:00:00Z,30.8,1010.14,72.37,NONE,0,EDGE_PASS,25.26,-0.07,0.16,0.3,3.87,-86,0,140.7
2199,43063099999,"PUNE, IN",2023-05-23T21:00:00Z,25.0,1010.2,75.16,NONE,0,EDGE_PASS,20.3,-0.73,-0.07,8.37,3.81,-77,0,144.3
2200,42921099999,"NASIK CITY, IN",2023-05-23T22:00:00Z,24.2,1005.1,76.6,FROZEN,0,EDGE_PASS,19.83,0.0,0.0,3.41,4.0,-101,0,96.6
2201,43003099999,"CHHATRAPATI SHIVAJI INTERNATIONAL, IN",2023-05-23T22:00:00Z,30.0,1010.0,74.61,NONE,0,EDGE_PASS,25.0,0.6,-0.2,-1.7,3.65,-98,0,83.7
2202,43057099999,"BOMBAY COLABA, IN",2023-05-23T22:00:00Z,30.73,1010.3,72.68,NONE,0,EDGE_PASS,25.26,-0.07,0.16,0.31,3.87,-84,0,83.5
2203,43063099999,"PUNE, IN",2023-05-23T22:00:00Z,24.73,1010.07,76.37,NONE,0,EDGE_PASS,20.3,-0.27,-0.13,1.21,3.81,-76,0,142.2
2204,42921099999,"NASIK CITY, IN",2023-05-23T23:00:00Z,24.2,1005.1,80.16,FROZEN,0,EDGE_PASS,20.57,0.0,0.0,3.56,3.99,-102,0,368.0
2205,43003099999,"CHHATRAPATI SHIVAJI INTERNATIONAL, IN",2023-05-23T23:00:00Z,30.0,1010.0,74.61,NONE,0,EDGE_PASS,25.0,0.0,0.0,0.0,3.65,-98,0,111.8
2206,43057099999,"BOMBAY COLABA, IN",2023-05-23T23:00:00Z,30.67,1010.46,72.99,NONE,0,EDGE_PASS,25.28,-0.06,0.16,0.31,3.86,-86,0,88.4
2207,43063099999,"PUNE, IN",2023-05-23T23:00:00Z,24.47,1009.93,77.6,NONE,0,EDGE_PASS,20.3,-0.26,-0.14,1.23,3.81,-77,0,91.6
2208,42921099999,"NASIK CITY, IN",2023-05-24T00:00:00Z,24.2,1005.1,83.86,FROZEN,0,EDGE_PASS,21.3,0.0,0.0,3.7,3.99,-100,0,95.2
2209,43003099999,"CHHATRAPATI SHIVAJI INTERNATIONAL, IN",2023-05-24T00:00:00Z,29.0,1010.0,79.04,NONE,0,EDGE_PASS,25.0,-1.0,0.0,4.43,3.65,-97,0,87.8
2210,43057099999,"BOMBAY COLABA, IN",2023-05-24T00:00:00Z,30.6,1010.62,73.29,NONE,0,EDGE_PASS,25.28,-0.07,0.16,0.3,3.87,-86,0,91.4
2211,43063099999,"PUNE, IN",2023-05-24T00:00:00Z,24.2,1009.8,78.85,NONE,0,EDGE_PASS,20.3,-0.27,-0.13,1.25,3.8,-77,0,87.1
2212,42921099999,"NASIK CITY, IN",2023-05-24T01:00:00Z,25.0,1005.1,79.61,FROZEN,0,EDGE_PASS,21.23,0.8,0.0,-4.25,3.98,-100,0,86.2
2213,43003099999,"CHHATRAPATI SHIVAJI INTERNATIONAL, IN",2023-05-24T01:00:00Z,30.0,1010.0,74.61,NONE,0,EDGE_PASS,25.0,1.0,0.0,-4.43,3.66,-99,0,121.6
2214,43057099999,"BOMBAY COLABA, IN",2023-05-24T01:00:00Z,30.53,1010.78,73.6,NONE,0,EDGE_PASS,25.28,-0.07,0.16,0.31,3.86,-88,0,92.6
2215,43063099999,"PUNE, IN",2023-05-24T01:00:00Z,25.13,1010.2,74.41,NONE,0,EDGE_PASS,20.26,0.93,0.4,-4.44,3.81,-77,0,103.1
2216,42921099999,"NASIK CITY, IN",2023-05-24T02:00:00Z,25.8,1005.1,75.6,FROZEN,0,EDGE_PASS,21.17,0.8,0.0,-4.01,3.98,-99,0,88.5
2217,43003099999,"CHHATRAPATI SHIVAJI INTERNATIONAL, IN",2023-05-24T02:00:00Z,30.0,1011.0,74.61,NONE,0,EDGE_PASS,25.0,0.0,1.0,0.0,3.65,-97,0,89.4
2218,43057099999,"BOMBAY COLABA, IN",2023-05-24T02:00:00Z,30.47,1010.94,73.91,NONE,0,EDGE_PASS,25.3,-0.06,0.16,0.31,3.86,-86,0,97.7
2219,43063099999,"PUNE, IN",2023-05-24T02:00:00Z,26.07,1010.6,70.26,NONE,0,EDGE_PASS,20.24,0.94,0.4,-4.15,3.81,-76,0,86.6
2220,42921099999,"NASIK CITY, IN",2023-05-24T03:00:00Z,26.6,1005.1,71.81,FROZEN,0,EDGE_PASS,21.1,0.8,0.0,-3.79,3.99,-100,0,85.6
2221,43003099999,"CHHATRAPATI SHIVAJI INTERNATIONAL, IN",2023-05-24T03:00:00Z,30.6,1010.9,70.38,NONE,0,EDGE_PASS,24.6,0.6,-0.1,-4.23,3.66,-95,0,87.3
2222,43057099999,"BOMBAY COLABA, IN",2023-05-24T03:00:00Z,30.4,1011.1,74.23,NONE,0,EDGE_PASS,25.3,-0.07,0.16,0.32,3.87,-84,0,90.6
2223,43063099999,"PUNE, IN",2023-05-24T03:00:00Z,27.0,1011.0,66.35,NONE,0,EDGE_PASS,20.2,0.93,0.4,-3.91,3.81,-75,0,91.8
2224,42921099999,"NASIK CITY, IN",2023-05-24T04:00:00Z,28.13,1005.1,63.39,FROZEN,0,EDGE_PASS,20.53,1.53,0.0,-8.42,4.0,-99,0,95.2
2225,43003099999,"CHHATRAPATI SHIVAJI INTERNATIONAL, IN",2023-05-24T04:00:00Z,32.0,1011.0,66.55,NONE,0,EDGE_PASS,25.0,1.4,0.1,-3.83,3.65,-96,0,88.8
2226,43057099999,"BOMBAY COLABA, IN",2023-05-24T04:00:00Z,30.64,1010.9,72.71,NONE,0,EDGE_PASS,25.18,0.24,-0.2,-1.52,3.87,-84,0,102.7
2227,43063099999,"PUNE, IN",2023-05-24T04:00:00Z,29.07,1010.47,54.36,NONE,0,EDGE_PASS,18.94,2.07,-0.53,-11.99,3.81,-75,0,202.4
2228,42921099999,"NASIK CITY, IN",2023-05-24T05:00:00Z,29.67,1005.1,56.0,FROZEN,0,EDGE_PASS,19.97,1.54,0.0,-7.39,4.01,-99,0,171.6
2229,43003099999,"CHHATRAPATI SHIVAJI INTERNATIONAL, IN",2023-05-24T05:00:00Z,32.0,1012.0,66.55,NONE,0,EDGE_PASS,25.0,0.0,1.0,0.0,3.65,-94,0,155.5
2230,43057099999,"BOMBAY COLABA, IN",2023-05-24T05:00:00Z,30.89,1010.7,71.23,NONE,0,EDGE_PASS,25.08,0.25,-0.2,-1.48,3.88,-85,0,183.7
2231,43063099999,"PUNE, IN",2023-05-24T05:00:00Z,31.13,1009.93,44.58,NONE,0,EDGE_PASS,17.66,2.06,-0.54,-9.78,3.81,-73,0,159.6
2232,42921099999,"NASIK CITY, IN",2023-05-24T06:00:00Z,31.2,1005.1,49.51,FROZEN,0,EDGE_PASS,19.4,1.53,0.0,-6.49,4.01,-98,0,149.8
2233,43003099999,"CHHATRAPATI SHIVAJI INTERNATIONAL, IN",2023-05-24T06:00:00Z,32.8,1011.4,62.11,NONE,0,EDGE_PASS,24.6,0.8,-0.6,-4.44,3.66,-95,0,158.5
2234,43057099999,"BOMBAY COLABA, IN",2023-05-24T06:00:00Z,31.13,1010.5,69.78,NONE,0,EDGE_PASS,24.96,0.24,-0.2,-1.45,3.88,-87,0,139.2
2235,43063099999,"PUNE, IN",2023-05-24T06:00:00Z,33.2,1009.4,36.6,NONE,0,EDGE_PASS,16.4,2.07,-0.53,-7.98,3.82,-73,0,132.4
2236,42921099999,"NASIK CITY, IN",2023-05-24T07:00:00Z,32.53,1005.1,43.48,FROZEN,0,EDGE_PASS,18.53,1.33,0.0,-6.03,4.0,-100,0,134.1
2237,43003099999,"CHHATRAPATI SHIVAJI INTERNATIONAL, IN",2023-05-24T07:00:00Z,33.0,1011.0,62.9,NONE,0,EDGE_PASS,25.0,0.2,-0.4,0.79,3.66,-93,0,129.2
2238,43057099999,"BOMBAY COLABA, IN",2023-05-24T07:00:00Z,31.38,1010.3,68.36,NONE,0,EDGE_PASS,24.86,0.25,-0.2,-1.42,3.87,-86,0,151.0
2239,43063099999,"PUNE, IN",2023-05-24T07:00:00Z,34.47,1008.33,34.17,NONE,0,EDGE_PASS,16.44,1.27,-1.07,-2.43,3.82,-71,0,145.6
2240,42921099999,"NASIK CITY, IN",2023-05-24T08:00:00Z,33.87,1005.1,38.2,FROZEN,0,EDGE_PASS,17.67,1.34,0.0,-5.28,4.01,-101,0,138.0
2241,43003099999,"CHHATRAPATI SHIVAJI INTERNATIONAL, IN",2023-05-24T08:00:00Z,33.0,1010.0,59.24,NONE,0,EDGE_PASS,24.0,0.0,-1.0,-3.66,3.66,-92,0,140.0
2242,43057099999,"BOMBAY COLABA, IN",2023-05-24T08:00:00Z,31.62,1010.1,66.97,NONE,0,EDGE_PASS,24.74,0.24,-0.2,-1.39,3.87,-85,0,134.2
2243,43063099999,"PUNE, IN",2023-05-24T08:00:00Z,35.73,1007.27,31.92,NONE,0,EDGE_PASS,16.46,1.26,-1.06,-2.25,3.82,-70,0,141.2
2244,42921099999,"NASIK CITY, IN",2023-05-24T09:00:00Z,35.2,1005.1,33.58,FROZEN,8,EDGE_ERR_SENSOR_FROZEN,16.8,1.33,0.0,-4.62,4.02,-101,0,168.4
2245,43003099999,"CHHATRAPATI SHIVAJI INTERNATIONAL, IN",2023-05-24T09:00:00Z,33.6,1009.8,59.02,NONE,0,EDGE_PASS,24.5,0.6,-0.2,-0.22,3.65,-92,0,137.6
2246,43057099999,"BOMBAY COLABA, IN",2023-05-24T09:00:00Z,31.87,1009.9,65.61,NONE,0,EDGE_PASS,24.64,0.25,-0.2,-1.36,3.87,-83,0,139.8
2247,43063099999,"PUNE, IN",2023-05-24T09:00:00Z,37.0,1006.2,29.84,NONE,0,EDGE_PASS,16.5,1.27,-1.07,-2.08,3.83,-70,0,135.0
2248,42921099999,"NASIK CITY, IN",2023-05-24T10:00:00Z,35.13,1005.1,32.93,FROZEN,8,EDGE_ERR_SENSOR_FROZEN,16.43,-0.07,0.0,-0.65,4.01,-103,0,139.4
2249,43003099999,"CHHATRAPATI SHIVAJI INTERNATIONAL, IN",2023-05-24T10:00:00Z,33.0,1009.0,62.9,NONE,0,EDGE_PASS,25.0,-0.6,-0.8,3.88,3.66,-93,0,142.5
2250,43057099999,"BOMBAY COLABA, IN",2023-05-24T10:00:00Z,32.11,1009.7,64.27,NONE,0,EDGE_PASS,24.52,0.24,-0.2,-1.34,3.87,-84,0,140.0
2251,43063099999,"PUNE, IN",2023-05-24T10:00:00Z,36.53,1005.83,31.4,NONE,0,EDGE_PASS,16.9,-0.47,-0.37,1.56,3.82,-70,0,140.7
2252,42921099999,"NASIK CITY, IN",2023-05-24T11:00:00Z,35.07,1005.1,32.28,FROZEN,8,EDGE_ERR_SENSOR_FROZEN,16.07,-0.06,0.0,-0.65,4.01,-102,0,140.8
2253,43003099999,"CHHATRAPATI SHIVAJI INTERNATIONAL, IN",2023-05-24T11:00:00Z,33.0,1009.0,59.24,NONE,0,EDGE_PASS,24.0,0.0,0.0,-3.66,3.66,-92,0,156.0
2254,43057099999,"BOMBAY COLABA, IN",2023-05-24T11:00:00Z,32.36,1009.5,62.97,NONE,0,EDGE_PASS,24.42,0.25,-0.2,-1.3,3.87,-86,0,137.5
2255,43063099999,"PUNE, IN",2023-05-24T11:00:00Z,36.07,1005.47,33.04,NONE,0,EDGE_PASS,17.3,-0.46,-0.36,1.64,3.82,-68,0,136.5
2256,42921099999,"NASIK CITY, IN",2023-05-24T12:00:00Z,35.0,1001.5,31.65,NONE,8,EDGE_ERR_SENSOR_FROZEN,15.7,-0.07,-3.6,-0.63,4.02,-101,0,138.9
2257,43003099999,"CHHATRAPATI SHIVAJI INTERNATIONAL, IN",2023-05-24T12:00:00Z,32.6,1009.0,63.19,NONE,0,EDGE_PASS,24.7,-0.4,0.0,3.95,3.65,-92,0,169.6
2258,43057099999,"BOMBAY COLABA, IN",2023-05-24T12:00:00Z,32.6,1009.3,61.69,NONE,0,EDGE_PASS,24.3,0.24,-0.2,-1.28,3.87,-84,0,139.6
2259,43063099999,"PUNE, IN",2023-05-24T12:00:00Z,35.6,1005.1,34.77,NONE,0,EDGE_PASS,17.7,-0.47,-0.37,1.73,3.82,-68,0,138.0
2260,42921099999,"NASIK CITY, IN",2023-05-24T13:00:00Z,33.17,1002.5,36.2,NONE,0,EDGE_PASS,16.2,-1.83,1.0,4.55,4.01,-100,0,140.1
2261,43003099999,"CHHATRAPATI SHIVAJI INTERNATIONAL, IN",2023-05-24T13:00:00Z,31.0,1009.0,70.45,NONE,0,EDGE_PASS,25.0,-1.6,0.0,7.26,3.66,-94,0,145.6
2262,43057099999,"BOMBAY COLABA, IN",2023-05-24T13:00:00Z,32.48,1009.49,61.94,NONE,0,EDGE_PASS,24.25,-0.12,0.19,0.25,3.87,-85,0,143.8
2263,43063099999,"PUNE, IN",2023-05-24T13:00:00Z,33.4,1006.37,38.48,NONE,0,EDGE_PASS,17.37,-2.2,1.27,3.71,3.81,-69,0,143.8
2264,42921099999,"NASIK CITY, IN",2023-05-24T14:00:00Z,31.33,1003.5,41.46,NONE,0,EDGE_PASS,16.7,-1.84,1.0,5.26,4.02,-100,0,152.5
2265,43003099999,"CHHATRAPATI SHIVAJI INTERNATIONAL, IN",2023-05-24T14:00:00Z,31.0,1009.0,70.45,NONE,0,EDGE_PASS,25.0,0.0,0.0,0.0,3.65,-93,0,143.9
2266,43057099999,"BOMBAY COLABA, IN",2023-05-24T14:00:00Z,32.36,1009.67,62.19,NONE,0,EDGE_PASS,24.21,-0.12,0.18,0.25,3.86,-85,0,141.2
2267,43063099999,"PUNE, IN",2023-05-24T14:00:00Z,31.2,1007.63,42.67,NONE,0,EDGE_PASS,17.03,-2.2,1.26,4.19,3.8,-71,0,143.2
2268,42921099999,"NASIK CITY, IN",2023-05-24T15:00:00Z,29.5,1004.5,47.54,NONE,0,EDGE_PASS,17.2,-1.83,1.0,6.08,4.02,-102,0,145.5
2269,43003099999,"CHHATRAPATI SHIVAJI INTERNATIONAL, IN",2023-05-24T15:00:00Z,30.4,1010.3,71.62,NONE,0,EDGE_PASS,24.7,-0.6,1.3,1.17,3.66,-92,0,142.4
2270,43057099999,"BOMBAY COLABA, IN",2023-05-24T15:00:00Z,32.24,1009.86,62.43,NONE,0,EDGE_PASS,24.16,-0.12,0.19,0.24,3.86,-84,0,144.2
2271,43063099999,"PUNE, IN",2023-05-24T15:00:00Z,29.0,1008.9,47.41,NONE,0,EDGE_PASS,16.7,-2.2,1.27,4.74,3.81,-70,0,143.1
2272,42921099999,"NASIK CITY, IN",2023-05-24T16:00:00Z,28.33,1005.1,52.17,NONE,0,EDGE_PASS,17.6,-1.17,0.6,4.63,4.03,-103,0,277.3
2273,43003099999,"CHHATRAPATI SHIVAJI INTERNATIONAL, IN",2023-05-24T16:00:00Z,30.0,1011.0,79.18,NONE,0,EDGE_PASS,26.0,-0.4,0.7,7.56,3.66,-94,0,136.2
2274,43057099999,"BOMBAY COLABA, IN",2023-05-24T16:00:00Z,32.12,1010.05,62.68,NONE,0,EDGE_PASS,24.11,-0.12,0.19,0.25,3.86,-85,0,267.2
2275,43063099999,"PUNE, IN",2023-05-24T16:00:00Z,28.0,1009.6,53.19,NONE,0,EDGE_PASS,17.6,-1.0,0.7,5.78,3.81,-70,0,192.2
2276,42921099999,"NASIK CITY, IN",2023-05-24T17:00:00Z,27.17,1005.7,57.28,NONE,0,EDGE_PASS,18.0,-1.16,0.6,5.11,4.02,-102,0,165.7
2277,43003099999,"CHHATRAPATI SHIVAJI INTERNATIONAL, IN",2023-05-24T17:00:00Z,30.0,1011.0,79.18,NONE,0,EDGE_PASS,26.0,0.0,0.0,0.0,3.65,-95,0,190.3
2278,43057099999,"BOMBAY COLABA, IN",2023-05-24T17:00:00Z,32.0,1010.23,62.94,NONE,0,EDGE_PASS,24.07,-0.12,0.18,0.26,3.86,-85,0,170.3
2279,43063099999,"PUNE, IN",2023-05-24T17:00:00Z,27.0,1010.3,59.69,NONE,0,EDGE_PASS,18.5,-1.0,0.7,6.5,3.82,-69,0,154.3
2280,42921099999,"NASIK CITY, IN",2023-05-24T18:00:00Z,26.0,1006.3,62.92,NONE,0,EDGE_PASS,18.4,-1.17,0.6,5.64,4.02,-104,0,195.2
2281,43003099999,"CHHATRAPATI SHIVAJI INTERNATIONAL, IN",2023-05-24T18:00:00Z,30.0,1011.5,75.5,NONE,0,EDGE_PASS,25.2,0.0,0.5,-3.68,3.65,-97,0,158.8
2282,43057099999,"BOMBAY COLABA, IN",2023-05-24T18:00:00Z,31.88,1010.42,63.19,NONE,0,EDGE_PASS,24.02,-0.12,0.19,0.25,3.87,-87,0,159.0
2283,43063099999,"PUNE, IN",2023-05-24T18:00:00Z,26.0,1011.0,66.98,NONE,0,EDGE_PASS,19.4,-1.0,0.7,7.29,3.82,-71,0,149.8
2284,42921099999,"NASIK CITY, IN",2023-05-24T19:00:00Z,25.5,1006.07,67.86,NONE,0,EDGE_PASS,19.13,-0.5,-0.23,4.94,4.01,-102,0,149.8
2285,43003099999,"CHHATRAPATI SHIVAJI INTERNATIONAL, IN",2023-05-24T19:00:00Z,30.0,1011.0,74.61,NONE,0,EDGE_PASS,25.0,0.0,-0.5,-0.89,3.66,-97,0,163.2
2286,43057099999,"BOMBAY COLABA, IN",2023-05-24T19:00:00Z,31.76,1010.61,63.44,NONE,0,EDGE_PASS,23.97,-0.12,0.19,0.25,3.87,-87,0,151.7
2287,43063099999,"PUNE, IN",2023-05-24T19:00:00Z,25.6,1010.63,68.16,NONE,0,EDGE_PASS,19.3,-0.4,-0.37,1.18,3.81,-70,0,152.0
2288,42921099999,"NASIK CITY, IN",2023-05-24T20:00:00Z,25.0,1005.83,73.17,NONE,0,EDGE_PASS,19.87,-0.5,-0.24,5.31,4.0,-100,0,154.4
2289,43003099999,"CHHATRAPATI SHIVAJI INTERNATIONAL, IN",2023-05-24T20:00:00Z,30.0,1010.0,74.61,NONE,0,EDGE_PASS,25.0,0.0,-1.0,0.0,3.67,-97,0,148.6
2290,43057099999,"BOMBAY COLABA, IN",2023-05-24T20:00:00Z,31.64,1010.79,63.7,NONE,0,EDGE_PASS,23.93,-0.12,0.18,0.26,3.88,-85,0,170.5
2291,43063099999,"PUNE, IN",2023-05-24T20:00:00Z,25.2,1010.27,69.37,NONE,0,EDGE_PASS,19.2,-0.4,-0.36,1.21,3.8,-71,0,151.8
2292,42921099999,"NASIK CITY, IN",2023-05-24T21:00:00Z,24.5,1005.6,78.89,NONE,0,EDGE_PASS,20.6,-0.5,-0.23,5.72,4.0,-102,0,158.3
2293,43003099999,"CHHATRAPATI SHIVAJI INTERNATIONAL, IN",2023-05-24T21:00:00Z,30.0,1010.0,74.61,NONE,0,EDGE_PASS,25.0,0.0,0.0,0.0,3.67,-99,0,154.7
2294,43057099999,"BOMBAY COLABA, IN",2023-05-24T21:00:00Z,31.52,1010.98,63.95,NONE,0,EDGE_PASS,23.88,-0.12,0.19,0.25,3.87,-86,0,150.5
2295,43063099999,"PUNE, IN",2023-05-24T21:00:00Z,24.8,1009.9,70.6,NONE,0,EDGE_PASS,19.1,-0.4,-0.37,1.23,3.8,-72,0,161.5
2296,42921099999,"NASIK CITY, IN",2023-05-24T22:00:00Z,24.23,1005.9,81.16,NONE,0,EDGE_PASS,20.8,-0.27,0.3,2.27,4.01,-100,0,152.9
2297,43003099999,"CHHATRAPATI SHIVAJI INTERNATIONAL, IN",2023-05-24T22:00:00Z,30.0,1010.0,74.61,NONE,0,EDGE_PASS,25.0,0.0,0.0,0.0,3.67,-101,0,168.2
2298,43057099999,"BOMBAY COLABA, IN",2023-05-24T22:00:00Z,31.4,1011.17,64.21,NONE,0,EDGE_PASS,23.83,-0.12,0.19,0.26,3.87,-86,0,148.1
2299,43063099999,"PUNE, IN",2023-05-24T22:00:00Z,24.73,1010.1,72.37,NONE,0,EDGE_PASS,19.43,-0.07,0.2,1.77,3.81,-71,0,151.2
2300,42921099999,"NASIK CITY, IN",2023-05-24T23:00:00Z,23.97,1006.2,83.49,NONE,0,EDGE_PASS,21.0,-0.26,0.3,2.33,4.01,-101,0,149.1
2301,43003099999,"CHHATRAPATI SHIVAJI INTERNATIONAL, IN",2023-05-24T23:00:00Z,30.0,1010.0,74.61,NONE,0,EDGE_PASS,25.0,0.0,0.0,0.0,3.66,-99,0,166.5
2302,43057099999,"BOMBAY COLABA, IN",2023-05-24T23:00:00Z,31.28,1011.35,64.47,NONE,0,EDGE_PASS,23.79,-0.12,0.18,0.26,3.86,-85,0,149.0
2303,43063099999,"PUNE, IN",2023-05-24T23:00:00Z,24.67,1010.3,74.18,NONE,0,EDGE_PASS,19.77,-0.06,0.2,1.81,3.81,-71,0,162.1
2304,42921099999,"NASIK CITY, IN",2023-05-25T00:00:00Z,23.7,1006.5,85.89,NONE,0,EDGE_PASS,21.2,-0.27,0.3,2.4,4.01,-99,0,150.2
2305,43003099999,"CHHATRAPATI SHIVAJI INTERNATIONAL, IN",2023-05-25T00:00:00Z,29.4,1010.3,72.3,NONE,0,EDGE_PASS,23.9,-0.6,0.3,-2.31,3.66,-101,0,148.4
2306,43057099999,"BOMBAY COLABA, IN",2023-05-25T00:00:00Z,31.16,1011.54,64.73,NONE,0,EDGE_PASS,23.74,-0.12,0.19,0.26,3.86,-85,0,160.3
2307,43063099999,"PUNE, IN",2023-05-25T00:00:00Z,24.6,1010.5,76.04,NONE,0,EDGE_PASS,20.1,-0.07,0.2,1.86,3.8,-73,0,174.6
2308,42921099999,"NASIK CITY, IN",2023-05-25T01:00:00Z,24.63,1006.57,80.05,NONE,0,EDGE_PASS,20.96,0.93,0.07,-5.84,4.01,-100,0,152.9
2309,43003099999,"CHHATRAPATI SHIVAJI INTERNATIONAL, IN",2023-05-25T01:00:00Z,30.0,1011.0,70.27,NONE,0,EDGE_PASS,24.0,0.6,0.7,-2.03,3.66,-103,0,155.5
2310,43057099999,"BOMBAY COLABA, IN",2023-05-25T01:00:00Z,31.04,1011.73,64.99,NONE,0,EDGE_PASS,23.69,-0.12,0.19,0.26,3.86,-87,1,177.5
2311,43063099999,"PUNE, IN",2023-05-25T01:00:00Z,25.73,1010.7,71.51,NONE,0,EDGE_PASS,20.2,1.13,0.2,-4.53,3.81,-72,1,172.9
2312,42921099999,"NASIK CITY, IN",2023-05-25T02:00:00Z,25.57,1006.63,74.64,NONE,0,EDGE_PASS,20.74,0.94,0.06,-5.41,4.02,-100,1,171.6
2313,43003099999,"CHHATRAPATI SHIVAJI INTERNATIONAL, IN",2023-05-25T02:00:00Z,30.0,1012.0,70.27,NONE,0,EDGE_PASS,24.0,0.0,1.0,0.0,3.67,-102,1,176.0
2314,43057099999,"BOMBAY COLABA, IN",2023-05-25T02:00:00Z,30.92,1011.91,65.25,NONE,0,EDGE_PASS,23.65,-0.12,0.18,0.26,3.85,-89,2,161.3
2315,43063099999,"PUNE, IN",2023-05-25T02:00:00Z,26.87,1010.9,67.29,NONE,0,EDGE_PASS,20.3,1.14,0.2,-4.22,3.8,-71,0,168.1
2316,42921099999,"NASIK CITY, IN",2023-05-25T03:00:00Z,26.5,1006.7,69.62,NONE,0,EDGE_PASS,20.5,0.93,0.07,-5.02,4.02,-99,0,164.8
2317,43003099999,"CHHATRAPATI SHIVAJI INTERNATIONAL, IN",2023-05-25T03:00:00Z,31.2,1011.9,62.13,NONE,0,EDGE_PASS,23.1,1.2,-0.1,-8.14,3.67,-101,0,204.2
2318,43057099999,"BOMBAY COLABA, IN",2023-05-25T03:00:00Z,30.8,1012.1,65.52,NONE,0,EDGE_PASS,23.6,-0.12,0.19,0.27,3.84,-87,0,166.0
2319,43063099999,"PUNE, IN",2023-05-25T03:00:00Z,28.0,1011.1,63.36,NONE,0,EDGE_PASS,20.4,1.13,0.2,-3.93,3.81,-70,0,158.8
2320,42921099999,"NASIK CITY, IN",2023-05-25T04:00:00Z,28.53,1006.37,57.72,NONE,0,EDGE_PASS,19.4,2.03,-0.33,-11.9,4.02,-99,0,176.9
2321,43003099999,"CHHATRAPATI SHIVAJI INTERNATIONAL, IN",2023-05-25T04:00:00Z,31.0,1012.0,66.35,NONE,0,EDGE_PASS,24.0,-0.2,0.1,4.22,3.66,-100,0,154.4
2322,43057099999,"BOMBAY COLABA, IN",2023-05-25T04:00:00Z,30.91,1011.87,65.02,NONE,0,EDGE_PASS,23.58,0.11,-0.23,-0.5,3.84,-89,0,164.8
2323,43063099999,"PUNE, IN",2023-05-25T04:00:00Z,29.67,1010.7,53.95,NONE,0,EDGE_PASS,19.37,1.67,-0.4,-9.41,3.82,-72,0,155.5
2324,42921099999,"NASIK CITY, IN",2023-05-25T05:00:00Z,30.57,1006.03,47.92,NONE,0,EDGE_PASS,18.3,2.04,-0.34,-9.8,4.02,-97,0,153.0
2325,43003099999,"CHHATRAPATI SHIVAJI INTERNATIONAL, IN",2023-05-25T05:00:00Z,32.0,1012.0,59.01,NONE,0,EDGE_PASS,23.0,1.0,0.0,-7.34,3.67,-98,0,152.4
2326,43057099999,"BOMBAY COLABA, IN",2023-05-25T05:00:00Z,31.02,1011.63,64.52,NONE,0,EDGE_PASS,23.55,0.11,-0.24,-0.5,3.85,-89,0,166.0
2327,43063099999,"PUNE, IN",2023-05-25T05:00:00Z,31.33,1010.3,45.96,NONE,0,EDGE_PASS,18.33,1.66,-0.4,-7.99,3.81,-72,0,159.4
2328,42921099999,"NASIK CITY, IN",2023-05-25T06:00:00Z,32.6,1005.7,39.83,NONE,0,EDGE_PASS,17.2,2.03,-0.33,-8.09,4.03,-97,0,153.9
2329,43003099999,"CHHATRAPATI SHIVAJI INTERNATIONAL, IN",2023-05-25T06:00:00Z,33.2,1012.0,57.88,NONE,0,EDGE_PASS,23.8,1.2,0.0,-1.13,3.66,-98,0,153.4
2330,43057099999,"BOMBAY COLABA, IN",2023-05-25T06:00:00Z,31.13,1011.4,64.03,NONE,0,EDGE_PASS,23.53,0.11,-0.23,-0.49,3.85,-90,0,156.2
2331,43063099999,"PUNE, IN",2023-05-25T06:00:00Z,33.0,1009.9,39.19,NONE,0,EDGE_PASS,17.3,1.67,-0.4,-6.77,3.82,-70,0,152.1
2332,42921099999,"NASIK CITY, IN",2023-05-25T07:00:00Z,33.23,1004.9,35.91,NONE,0,EDGE_PASS,16.13,0.63,-0.8,-3.92,4.02,-95,0,168.4
2333,43003099999,"CHHATRAPATI SHIVAJI INTERNATIONAL, IN",2023-05-25T07:00:00Z,33.0,1011.0,52.48,NONE,0,EDGE_PASS,22.0,-0.2,-1.0,-5.4,3.66,-98,0,156.2
2334,43057099999,"BOMBAY COLABA, IN",2023-05-25T07:00:00Z,31.24,1011.17,63.54,NONE,0,EDGE_PASS,23.51,0.11,-0.23,-0.49,3.85,-91,0,162.0
2335,43063099999,"PUNE, IN",2023-05-25T07:00:00Z,33.87,1009.1,37.02,NONE,0,EDGE_PASS,17.17,0.87,-0.8,-2.17,3.82,-70,0,153.6
2336,42921099999,"NASIK CITY, IN",2023-05-25T08:00:00Z,33.87,1004.1,32.37,NONE,0,EDGE_PASS,15.07,0.64,-0.8,-3.54,4.02,-93,0,153.2
2337,43003099999,"CHHATRAPATI SHIVAJI INTERNATIONAL, IN",2023-05-25T08:00:00Z,33.0,1011.0,55.77,NONE,0,EDGE_PASS,23.0,0.0,0.0,3.29,3.66,-99,0,174.9
2338,43057099999,"BOMBAY COLABA, IN",2023-05-25T08:00:00Z,31.36,1010.93,63.05,NONE,0,EDGE_PASS,23.49,0.12,-0.24,-0.49,3.85,-90,0,158.2
2339,43063099999,"PUNE, IN",2023-05-25T08:00:00Z,34.73,1008.3,34.97,NONE,0,EDGE_PASS,17.03,0.86,-0.8,-2.05,3.82,-72,0,164.7
2340,42921099999,"NASIK CITY, IN",2023-05-25T09:00:00Z,34.5,1003.3,29.17,NONE,0,EDGE_PASS,14.0,0.63,-0.8,-3.2,4.01,-93,0,154.6
2341,43003099999,"CHHATRAPATI SHIVAJI INTERNATIONAL, IN",2023-05-25T09:00:00Z,33.0,1011.0,59.24,NONE,0,EDGE_PASS,24.0,0.0,0.0,3.47,3.66,-101,0,154.6
2342,43057099999,"BOMBAY COLABA, IN",2023-05-25T09:00:00Z,31.47,1010.7,62.57,NONE,0,EDGE_PASS,23.47,0.11,-0.23,-0.48,3.84,-88,0,153.0
2343,43063099999,"PUNE, IN",2023-05-25T09:00:00Z,35.6,1007.5,33.05,NONE,0,EDGE_PASS,16.9,0.87,-0.8,-1.92,3.82,-71,0,169.0
2344,42921099999,"NASIK CITY, IN",2023-05-25T10:00:00Z,34.5,1002.9,30.52,NONE,0,EDGE_PASS,14.7,0.0,-0.4,1.35,4.01,-93,0,153.1
2345,43003099999,"CHHATRAPATI SHIVAJI INTERNATIONAL, IN",2023-05-25T10:00:00Z,33.0,1010.0,59.24,NONE,0,EDGE_PASS,24.0,0.0,-1.0,0.0,3.65,-100,0,158.6
2346,43057099999,"BOMBAY COLABA, IN",2023-05-25T10:00:00Z,31.58,1010.47,62.09,NONE,0,EDGE_PASS,23.45,0.11,-0.23,-0.48,3.83,-87,0,165.6
2347,43063099999,"PUNE, IN",2023-05-25T10:00:00Z,35.07,1007.47,34.48,NONE,0,EDGE_PASS,17.1,-0.53,-0.03,1.43,3.81,-72,0,150.6
2348,42921099999,"NASIK CITY, IN",2023-05-25T11:00:00Z,34.5,1002.5,31.92,NONE,0,EDGE_PASS,15.4,0.0,-0.4,1.4,4.02,-92,0,152.7
2349,43003099999,"CHHATRAPATI SHIVAJI INTERNATIONAL, IN",2023-05-25T11:00:00Z,32.0,1010.0,62.68,NONE,0,EDGE_PASS,24.0,-1.0,0.0,3.44,3.65,-99,0,163.6
2350,43057099999,"BOMBAY COLABA, IN",2023-05-25T11:00:00Z,31.69,1010.23,61.62,NONE,0,EDGE_PASS,23.42,0.11,-0.24,-0.47,3.83,-89,0,150.7
2351,43063099999,"PUNE, IN",2023-05-25T11:00:00Z,34.53,1007.43,35.97,NONE,0,EDGE_PASS,17.3,-0.54,-0.04,1.49,3.82,-72,0,160.6
2352,42921099999,"NASIK CITY, IN",2023-05-25T12:00:00Z,34.5,1002.1,33.39,NONE,0,EDGE_PASS,16.1,0.0,-0.4,1.47,4.03,-92,0,156.1
2353,43003099999,"CHHATRAPATI SHIVAJI INTERNATIONAL, IN",2023-05-25T12:00:00Z,33.2,1009.7,58.93,NONE,0,EDGE_PASS,24.1,1.2,-0.3,-3.75,3.66,-101,0,154.1
2354,43057099999,"BOMBAY COLABA, IN",2023-05-25T12:00:00Z,31.8,1010.0,61.15,NONE,0,EDGE_PASS,23.4,0.11,-0.23,-0.47,3.83,-91,0,152.6
2355,43063099999,"PUNE, IN",2023-05-25T12:00:00Z,34.0,1007.4,37.52,NONE,0,EDGE_PASS,17.5,-0.53,-0.03,1.55,3.82,-72,0,159.3
2356,42921099999,"NASIK CITY, IN",2023-05-25T13:00:00Z,32.47,1002.73,39.63,NONE,0,EDGE_PASS,17.0,-2.03,0.63,6.24,4.03,-90,0,362.7
2357,43003099999,"CHHATRAPATI SHIVAJI INTERNATIONAL, IN",2023-05-25T13:00:00Z,31.0,1010.0,66.35,NONE,0,EDGE_PASS,24.0,-2.2,0.3,7.42,3.65,-100,0,169.5
2358,43057099999,"BOMBAY COLABA, IN",2023-05-25T13:00:00Z,31.57,1010.08,62.84,NONE,0,EDGE_PASS,23.64,-0.23,0.08,1.69,3.83,-91,0,152.9
2359,43063099999,"PUNE, IN",2023-05-25T13:00:00Z,32.13,1008.2,42.83,NONE,0,EDGE_PASS,17.93,-1.87,0.8,5.31,3.83,-73,0,168.2
2360,42921099999,"NASIK CITY, IN",2023-05-25T14:00:00Z,30.43,1003.37,47.09,NONE,0,EDGE_PASS,17.9,-2.04,0.64,7.46,4.04,-89,0,153.3
2361,43003099999,"CHHATRAPATI SHIVAJI INTERNATIONAL, IN",2023-05-25T14:00:00Z,31.0,1010.0,70.45,NONE,0,EDGE_PASS,25.0,0.0,0.0,4.1,3.65,-102,0,151.4
2362,43057099999,"BOMBAY COLABA, IN",2023-05-25T14:00:00Z,31.33,1010.17,64.58,NONE,0,EDGE_PASS,23.86,-0.24,0.09,1.74,3.84,-89,0,154.4
2363,43063099999,"PUNE, IN",2023-05-25T14:00:00Z,30.27,1009.0,48.96,NONE,0,EDGE_PASS,18.37,-1.86,0.8,6.13,3.83,-72,0,158.9
2364,42921099999,"NASIK CITY, IN",2023-05-25T15:00:00Z,28.4,1004.0,56.04,NONE,0,EDGE_PASS,18.8,-2.03,0.63,8.95,4.03,-91,0,152.4
2365,43003099999,"CHHATRAPATI SHIVAJI INTERNATIONAL, IN",2023-05-25T15:00:00Z,31.0,1010.6,69.2,NONE,0,EDGE_PASS,24.7,0.0,0.6,-1.25,3.66,-103,0,156.4
2366,43057099999,"BOMBAY COLABA, IN",2023-05-25T15:00:00Z,31.1,1010.25,66.37,NONE,0,EDGE_PASS,24.1,-0.23,0.08,1.79,3.83,-90,0,165.4
2367,43063099999,"PUNE, IN",2023-05-25T15:00:00Z,28.4,1009.8,56.04,NONE,0,EDGE_PASS,18.8,-1.87,0.8,7.08,3.83,-70,0,163.1
2368,42921099999,"NASIK CITY, IN",2023-05-25T16:00:00Z,27.27,1004.67,61.26,NONE,0,EDGE_PASS,19.17,-1.13,0.67,5.22,4.04,-89,0,162.0
2369,43003099999,"CHHATRAPATI SHIVAJI INTERNATIONAL, IN",2023-05-25T16:00:00Z,30.0,1011.0,74.61,NONE,0,EDGE_PASS,25.0,-1.0,0.4,5.41,3.66,-102,0,169.1
2370,43057099999,"BOMBAY COLABA, IN",2023-05-25T16:00:00Z,30.87,1010.33,68.21,NONE,0,EDGE_PASS,24.34,-0.23,0.08,1.84,3.83,-89,0,162.0
2371,43063099999,"PUNE, IN",2023-05-25T16:00:00Z,27.47,1010.3,61.05,NONE,0,EDGE_PASS,19.3,-0.93,0.5,5.01,3.84,-70,0,163.0
2372,42921099999,"NASIK CITY, IN",2023-05-25T17:00:00Z,26.13,1005.33,67.01,NONE,0,EDGE_PASS,19.53,-1.14,0.66,5.75,4.03,-88,0,172.1
2373,43003099999,"CHHATRAPATI SHIVAJI INTERNATIONAL, IN",2023-05-25T17:00:00Z,31.0,1011.0,74.77,NONE,0,EDGE_PASS,26.0,1.0,0.0,0.16,3.67,-104,0,156.0
2374,43057099999,"BOMBAY COLABA, IN",2023-05-25T17:00:00Z,30.63,1010.42,70.1,NONE,0,EDGE_PASS,24.56,-0.24,0.09,1.89,3.84,-90,0,157.2
2375,43063099999,"PUNE, IN",2023-05-25T17:00:00Z,26.53,1010.8,66.53,NONE,0,EDGE_PASS,19.8,-0.94,0.5,5.48,3.84,-69,0,156.0
2376,42921099999,"NASIK CITY, IN",2023-05-25T18:00:00Z,25.0,1006.0,73.32,NONE,0,EDGE_PASS,19.9,-1.13,0.67,6.31,4.04,-90,0,155.8
2377,43003099999,"CHHATRAPATI SHIVAJI INTERNATIONAL, IN",2023-05-25T18:00:00Z,31.0,1011.0,74.77,NONE,0,EDGE_PASS,26.0,0.0,0.0,0.0,3.67,-105,0,156.4
2378,43057099999,"BOMBAY COLABA, IN",2023-05-25T18:00:00Z,30.4,1010.5,72.05,NONE,0,EDGE_PASS,24.8,-0.23,0.08,1.95,3.83,-88,0,153.5
2379,43063099999,"PUNE, IN",2023-05-25T18:00:00Z,25.6,1011.3,72.53,NONE,0,EDGE_PASS,20.3,-0.93,0.5,6.0,3.84,-70,0,154.2
2380,42921099999,"NASIK CITY, IN",2023-05-25T19:00:00Z,24.73,1031.7,74.66,SPIKE,4,EDGE_SUSPECT_STEP_SPIKE,19.93,-0.27,25.7,1.34,4.03,-88,0,167.0
2381,43003099999,"CHHATRAPATI SHIVAJI INTERNATIONAL, IN",2023-05-25T19:00:00Z,30.0,1010.0,79.18,NONE,0,EDGE_PASS,26.0,-1.0,-1.0,4.41,3.68,-105,0,156.9
2382,43057099999,"BOMBAY COLABA, IN",2023-05-25T19:00:00Z,30.17,1010.58,74.04,NONE,0,EDGE_PASS,25.04,-0.23,0.08,1.99,3.82,-88,0,158.2
2383,43063099999,"PUNE, IN",2023-05-25T19:00:00Z,25.47,1010.77,72.95,NONE,0,EDGE_PASS,20.27,-0.13,-0.53,0.42,3.84,-71,0,150.5
2384,42921099999,"NASIK CITY, IN",2023-05-25T20:00:00Z,24.47,1005.4,76.01,NONE,4,EDGE_SUSPECT_STEP_SPIKE,19.97,-0.26,-26.3,1.35,4.03,-86,0,148.3
2385,43003099999,"CHHATRAPATI SHIVAJI INTERNATIONAL, IN",2023-05-25T20:00:00Z,30.0,1010.0,79.18,NONE,0,EDGE_PASS,26.0,0.0,0.0,0.0,3.68,-105,0,149.2
2386,43057099999,"BOMBAY COLABA, IN",2023-05-25T20:00:00Z,29.93,1010.67,76.09,NONE,0,EDGE_PASS,25.26,-0.24,0.09,2.05,3.82,-90,0,151.2
2387,43063099999,"PUNE, IN",2023-05-25T20:00:00Z,25.33,1010.23,73.38,NONE,0,EDGE_PASS,20.23,-0.14,-0.54,0.43,3.83,-71,0,146.8
2388,42921099999,"NASIK CITY, IN",2023-05-25T21:00:00Z,24.2,1005.1,77.4,NONE,0,EDGE_PASS,20.0,-0.27,-0.3,1.39,4.03,-87,0,164.1
2389,43003099999,"CHHATRAPATI SHIVAJI INTERNATIONAL, IN",2023-05-25T21:00:00Z,30.0,1009.5,75.5,NONE,0,EDGE_PASS,25.2,0.0,-0.5,-3.68,3.68,-105,0,148.6
2390,43057099999,"BOMBAY COLABA, IN",2023-05-25T21:00:00Z,29.7,1010.75,78.2,NONE,0,EDGE_PASS,25.5,-0.23,0.08,2.11,3.82,-88,0,146.6
2391,43063099999,"PUNE, IN",2023-05-25T21:00:00Z,25.2,1009.7,73.81,NONE,0,EDGE_PASS,20.2,-0.13,-0.53,0.43,3.83,-69,0,155.2
2392,42921099999,"NASIK CITY, IN",2023-05-25T22:00:00Z,24.2,1005.57,79.01,NONE,0,EDGE_PASS,20.33,0.0,0.47,1.61,4.04,-85,0,150.7
2393,43003099999,"CHHATRAPATI SHIVAJI INTERNATIONAL, IN",2023-05-25T22:00:00Z,30.0,1010.0,79.18,NONE,0,EDGE_PASS,26.0,0.0,0.5,3.68,3.68,-105,0,146.5
2394,43057099999,"BOMBAY COLABA, IN",2023-05-25T22:00:00Z,29.47,1010.83,80.37,NONE,0,EDGE_PASS,25.74,-0.23,0.08,2.17,3.82,-86,0,147.2
2395,43063099999,"PUNE, IN",2023-05-25T22:00:00Z,25.27,1010.13,75.21,NONE,0,EDGE_PASS,20.57,0.07,0.43,1.4,3.84,-70,0,165.2
2396,42921099999,"NASIK CITY, IN",2023-05-25T23:00:00Z,24.2,1006.03,80.66,NONE,0,EDGE_PASS,20.67,0.0,0.46,1.65,4.04,-84,0,122.6
2397,43003099999,"CHHATRAPATI SHIVAJI INTERNATIONAL, IN",2023-05-25T23:00:00Z,30.0,1010.0,79.18,NONE,0,EDGE_PASS,26.0,0.0,0.0,0.0,3.68,-105,0,109.3
2398,43057099999,"BOMBAY COLABA, IN",2023-05-25T23:00:00Z,29.23,1010.92,82.59,NONE,0,EDGE_PASS,25.96,-0.24,0.09,2.22,3.82,-88,0,110.9
2399,43063099999,"PUNE, IN",2023-05-25T23:00:00Z,25.33,1010.57,76.62,NONE,0,EDGE_PASS,20.93,0.06,0.44,1.41,3.83,-72,0,217.8
2400,42921099999,"NASIK CITY, IN",2023-05-26T00:00:00Z,24.2,1006.5,82.33,NONE,0,EDGE_PASS,21.0,0.0,0.47,1.67,4.04,-82,0,177.4
2401,43003099999,"CHHATRAPATI SHIVAJI INTERNATIONAL, IN",2023-05-26T00:00:00Z,29.8,1010.7,75.47,NONE,0,EDGE_PASS,25.0,-0.2,0.7,-3.71,3.68,-105,0,153.3
2402,43057099999,"BOMBAY COLABA, IN",2023-05-26T00:00:00Z,29.0,1011.0,84.88,NONE,0,EDGE_PASS,26.2,-0.23,0.08,2.29,3.83,-90,0,159.4
2403,43063099999,"PUNE, IN",2023-05-26T00:00:00Z,25.4,1011.0,78.06,NONE,0,EDGE_PASS,21.3,0.07,0.43,1.44,3.84,-74,0,151.8
2404,42921099999,"NASIK CITY, IN",2023-05-26T01:00:00Z,24.97,1006.83,79.44,NONE,0,EDGE_PASS,21.17,0.77,0.33,-2.89,4.03,-83,0,167.4
2405,43003099999,"CHHATRAPATI SHIVAJI INTERNATIONAL, IN",2023-05-26T01:00:00Z,29.0,1011.0,83.88,NONE,0,EDGE_PASS,26.0,-0.8,0.3,8.41,3.67,-105,0,195.3
2406,43057099999,"BOMBAY COLABA, IN",2023-05-26T01:00:00Z,29.6,1011.53,81.18,NONE,0,EDGE_PASS,26.03,0.6,0.53,-3.7,3.82,-92,0,181.6
2407,43063099999,"PUNE, IN",2023-05-26T01:00:00Z,26.27,1011.3,73.24,NONE,0,EDGE_PASS,21.1,0.87,0.3,-4.82,3.83,-74,0,170.8
2408,42921099999,"NASIK CITY, IN",2023-05-26T02:00:00Z,25.73,1007.17,76.68,NONE,0,EDGE_PASS,21.33,0.76,0.34,-2.76,4.03,-81,0,159.3
2409,43003099999,"CHHATRAPATI SHIVAJI INTERNATIONAL, IN",2023-05-26T02:00:00Z,30.0,1012.0,83.99,NONE,0,EDGE_PASS,27.0,1.0,1.0,0.11,3.67,-105,0,155.6
2410,43057099999,"BOMBAY COLABA, IN",2023-05-26T02:00:00Z,30.2,1012.07,77.65,NONE,0,EDGE_PASS,25.87,0.6,0.54,-3.53,3.82,-93,0,146.8
2411,43063099999,"PUNE, IN",2023-05-26T02:00:00Z,27.13,1011.6,68.74,NONE,0,EDGE_PASS,20.9,0.86,0.3,-4.5,3.83,-75,0,149.7
2412,42921099999,"NASIK CITY, IN",2023-05-26T03:00:00Z,26.5,1007.5,74.03,NONE,0,EDGE_PASS,21.5,0.77,0.33,-2.65,4.02,-81,0,160.8
2413,43003099999,"CHHATRAPATI SHIVAJI INTERNATIONAL, IN",2023-05-26T03:00:00Z,30.6,1012.6,79.73,NONE,0,EDGE_PASS,26.7,0.6,0.6,-4.26,3.67,-105,0,154.3
2414,43057099999,"BOMBAY COLABA, IN",2023-05-26T03:00:00Z,30.8,1012.6,74.29,NONE,0,EDGE_PASS,25.7,0.6,0.53,-3.36,3.83,-93,0,164.2
2415,43063099999,"PUNE, IN",2023-05-26T03:00:00Z,28.0,1011.9,64.54,NONE,0,EDGE_PASS,20.7,0.87,0.3,-4.2,3.82,-75,0,155.3
2416,42921099999,"NASIK CITY, IN",2023-05-26T04:00:00Z,28.17,1007.03,65.11,NONE,0,EDGE_PASS,21.0,1.67,-0.47,-8.92,4.02,-82,0,151.3
2417,43003099999,"CHHATRAPATI SHIVAJI INTERNATIONAL, IN",2023-05-26T04:00:00Z,31.0,1013.0,74.77,NONE,0,EDGE_PASS,26.0,0.4,0.4,-4.96,3.68,-104,0,152.6
2418,43057099999,"BOMBAY COLABA, IN",2023-05-26T04:00:00Z,31.02,1012.39,72.82,NONE,0,EDGE_PASS,25.57,0.22,-0.21,-1.47,3.83,-92,0,145.8
2419,43063099999,"PUNE, IN",2023-05-26T04:00:00Z,29.6,1011.4,57.98,NONE,0,EDGE_PASS,20.47,1.6,-0.5,-6.56,3.83,-75,0,150.4
2420,42921099999,"NASIK CITY, IN",2023-05-26T05:00:00Z,29.83,1006.57,57.32,NONE,0,EDGE_PASS,20.5,1.66,-0.46,-7.79,4.03,-81,0,149.4
2421,43003099999,"CHHATRAPATI SHIVAJI INTERNATIONAL, IN",2023-05-26T05:00:00Z,32.0,1012.0,70.63,NONE,0,EDGE_PASS,26.0,1.0,-1.0,-4.14,3.68,-105,0,146.9
2422,43057099999,"BOMBAY COLABA, IN",2023-05-26T05:00:00Z,31.24,1012.18,71.39,NONE,0,EDGE_PASS,25.45,0.22,-0.21,-1.43,3.83,-90,0,148.0
2423,43063099999,"PUNE, IN",2023-05-26T05:00:00Z,31.2,1010.9,52.14,NONE,0,EDGE_PASS,20.23,1.6,-0.5,-5.84,3.83,-76,0,158.9
2424,42921099999,"NASIK CITY, IN",2023-05-26T06:00:00Z,31.5,1006.1,50.52,NONE,0,EDGE_PASS,20.0,1.67,-0.47,-6.8,4.03,-79,0,148.3
2425,43003099999,"CHHATRAPATI SHIVAJI INTERNATIONAL, IN",2023-05-26T06:00:00Z,32.6,1012.2,65.49,NONE,0,EDGE_PASS,25.3,0.6,0.2,-5.14,3.67,-105,0,148.5
2426,43057099999,"BOMBAY COLABA, IN",2023-05-26T06:00:00Z,31.47,1011.97,69.98,NONE,0,EDGE_PASS,25.34,0.23,-0.21,-1.41,3.83,-90,0,146.8
2427,43063099999,"PUNE, IN",2023-05-26T06:00:00Z,32.8,1010.4,46.93,NONE,0,EDGE_PASS,20.0,1.6,-0.5,-5.21,3.83,-78,0,153.0
2428,42921099999,"NASIK CITY, IN",2023-05-26T07:00:00Z,32.23,1005.23,47.57,NONE,0,EDGE_PASS,19.7,0.73,-0.87,-2.95,4.03,-79,0,146.2
2429,43003099999,"CHHATRAPATI SHIVAJI INTERNATIONAL, IN",2023-05-26T07:00:00Z,33.0,1012.0,66.75,NONE,0,EDGE_PASS,26.0,0.4,-0.2,1.26,3.68,-105,0,147.7
2430,43057099999,"BOMBAY COLABA, IN",2023-05-26T07:00:00Z,31.69,1011.76,68.6,NONE,0,EDGE_PASS,25.21,0.22,-0.21,-1.38,3.82,-89,1,177.4
2431,43063099999,"PUNE, IN",2023-05-26T07:00:00Z,33.53,1009.43,43.93,NONE,0,EDGE_PASS,19.6,0.73,-0.97,-3.0,3.84,-78,1,177.4
2432,42921099999,"NASIK CITY, IN",2023-05-26T08:00:00Z,32.97,1004.37,44.79,NONE,0,EDGE_PASS,19.4,0.74,-0.86,-2.78,4.03,-78,1,156.9
2433,43003099999,"CHHATRAPATI SHIVAJI INTERNATIONAL, IN",2023-05-26T08:00:00Z,33.0,1011.0,62.9,NONE,0,EDGE_PASS,25.0,0.0,-1.0,-3.85,3.68,-105,1,171.6
2434,43057099999,"BOMBAY COLABA, IN",2023-05-26T08:00:00Z,31.91,1011.54,67.25,NONE,0,EDGE_PASS,25.09,0.22,-0.22,-1.35,3.82,-91,2,148.3
2435,43063099999,"PUNE, IN",2023-05-26T08:00:00Z,34.27,1008.47,41.13,NONE,0,EDGE_PASS,19.2,0.74,-0.96,-2.8,3.83,-79,0,160.9
2436,42921099999,"NASIK CITY, IN",2023-05-26T09:00:00Z,33.7,1003.5,42.19,NONE,0,EDGE_PASS,19.1,0.73,-0.87,-2.6,4.02,-80,0,159.2
2437,43003099999,"CHHATRAPATI SHIVAJI INTERNATIONAL, IN",2023-05-26T09:00:00Z,33.6,1010.7,60.45,NONE,0,EDGE_PASS,24.9,0.6,-0.3,-2.45,3.68,-105,0,172.2
2438,43057099999,"BOMBAY COLABA, IN",2023-05-26T09:00:00Z,32.13,1011.33,65.92,NONE,0,EDGE_PASS,24.96,0.22,-0.21,-1.33,3.82,-89,0,168.7
2439,43063099999,"PUNE, IN",2023-05-26T09:00:00Z,35.0,1007.5,38.51,NONE,0,EDGE_PASS,18.8,0.73,-0.97,-2.62,3.83,-81,0,151.3
2440,42921099999,"NASIK CITY, IN",2023-05-26T10:00:00Z,33.33,1003.57,38.62,NONE,0,EDGE_PASS,17.36,-0.37,0.07,-3.57,4.02,-81,0,115.7
2441,43003099999,"CHHATRAPATI SHIVAJI INTERNATIONAL, IN",2023-05-26T10:00:00Z,33.0,1010.0,62.9,NONE,0,EDGE_PASS,25.0,-0.6,-0.7,2.45,3.67,-105,0,139.9
2442,43057099999,"BOMBAY COLABA, IN",2023-05-26T10:00:00Z,32.36,1011.12,64.62,NONE,0,EDGE_PASS,24.85,0.23,-0.21,-1.3,3.83,-89,0,123.5
2443,43063099999,"PUNE, IN",2023-05-26T10:00:00Z,34.27,1007.53,41.13,NONE,0,EDGE_PASS,19.2,-0.73,0.03,2.62,3.84,-83,0,147.8
2444,42921099999,"NASIK CITY, IN",2023-05-26T11:00:00Z,32.97,1003.63,35.31,NONE,0,EDGE_PASS,15.64,-0.36,0.06,-3.31,4.03,-80,0,141.6
2445,43003099999,"CHHATRAPATI SHIVAJI INTERNATIONAL, IN",2023-05-26T11:00:00Z,33.0,1010.0,62.9,NONE,0,EDGE_PASS,25.0,0.0,0.0,0.0,3.68,-104,0,111.0
2446,43057099999,"BOMBAY COLABA, IN",2023-05-26T11:00:00Z,32.58,1010.91,63.35,NONE,0,EDGE_PASS,24.72,0.22,-0.21,-1.27,3.83,-91,0,106.4
2447,43063099999,"PUNE, IN",2023-05-26T11:00:00Z,33.53,1007.57,43.93,NONE,0,EDGE_PASS,19.6,-0.74,0.04,2.8,3.84,-83,0,105.9
2448,42921099999,"NASIK CITY, IN",2023-05-26T12:00:00Z,32.6,1003.7,32.23,NONE,0,EDGE_PASS,13.9,-0.37,0.07,-3.08,4.03,-80,0,120.4
2449,43003099999,"CHHATRAPATI SHIVAJI INTERNATIONAL, IN",2023-05-26T12:00:00Z,33.4,1010.0,61.13,NONE,0,EDGE_PASS,24.9,0.4,0.0,-1.77,3.69,-105,0,104.4
2450,43057099999,"BOMBAY COLABA, IN",2023-05-26T12:00:00Z,32.8,1010.7,62.11,NONE,0,EDGE_PASS,24.6,0.22,-0.21,-1.24,3.82,-93,0,114.6
2451,43063099999,"PUNE, IN",2023-05-26T12:00:00Z,32.8,1007.6,46.93,NONE,0,EDGE_PASS,20.0,-0.73,0.03,3.0,3.84,-85,0,120.8
2452,42921099999,"NASIK CITY, IN",2023-05-26T13:00:00Z,30.97,1004.33,38.14,NONE,0,EDGE_PASS,15.07,-1.63,0.63,5.91,4.03,-81,0,113.8
2453,43003099999,"CHHATRAPATI SHIVAJI INTERNATIONAL, IN",2023-05-26T13:00:00Z,31.0,1011.0,70.45,NONE,0,EDGE_PASS,25.0,-2.4,1.0,9.32,3.69,-105,0,126.1
2454,43057099999,"BOMBAY COLABA, IN",2023-05-26T13:00:00Z,32.64,1010.73,62.92,NONE,0,EDGE_PASS,24.67,-0.16,0.03,0.81,3.82,-94,0,108.6
2455,43063099999,"PUNE, IN",2023-05-26T13:00:00Z,31.2,1008.5,52.14,NONE,0,EDGE_PASS,20.23,-1.6,0.9,5.21,3.83,-86,0,104.1
2456,42921099999,"NASIK CITY, IN",2023-05-26T14:00:00Z,29.33,1004.97,45.14,NONE,0,EDGE_PASS,16.23,-1.64,0.64,7.0,4.04,-79,0,103.6
2457,43003099999,"CHHATRAPATI SHIVAJI INTERNATIONAL, IN",2023-05-26T14:00:00Z,31.0,1011.0,70.45,NONE,0,EDGE_PASS,25.0,0.0,0.0,0.0,3.68,-105,0,103.3
2458,43057099999,"BOMBAY COLABA, IN",2023-05-26T14:00:00Z,44.48,1010.77,98.5,PSYCHROMETRIC_VIOLATION,6,EDGE_ERR_THERMODYNAMIC_IMPOSSIBLE|EDGE_SUSPECT_STEP_SPIKE,44.19,11.84,0.04,35.58,3.81,-93,0,104.5
2459,43063099999,"PUNE, IN",2023-05-26T14:00:00Z,29.6,1009.4,57.98,NONE,0,EDGE_PASS,20.47,-1.6,0.9,5.84,3.84,-87,0,103.3
2460,42921099999,"NASIK CITY, IN",2023-05-26T15:00:00Z,27.7,1005.6,53.45,NONE,0,EDGE_PASS,17.4,-1.63,0.63,8.31,4.05,-77,0,103.3
2461,43003099999,"CHHATRAPATI SHIVAJI INTERNATIONAL, IN",2023-05-26T15:00:00Z,31.0,1011.0,70.45,NONE,0,EDGE_PASS,25.0,0.0,0.0,0.0,3.68,-105,0,101.0
2462,43057099999,"BOMBAY COLABA, IN",2023-05-26T15:00:00Z,44.32,1010.8,98.5,PSYCHROMETRIC_VIOLATION,2,EDGE_ERR_THERMODYNAMIC_IMPOSSIBLE,44.03,-0.16,0.03,0.0,3.81,-94,0,109.4
2463,43063099999,"PUNE, IN",2023-05-26T15:00:00Z,28.0,1010.3,64.54,NONE,0,EDGE_PASS,20.7,-1.6,0.9,6.56,3.84,-85,0,102.0
2464,42921099999,"NASIK CITY, IN",2023-05-26T16:00:00Z,26.8,1006.1,59.39,NONE,0,EDGE_PASS,18.23,-0.9,0.5,5.94,4.05,-75,0,108.1
2465,43003099999,"CHHATRAPATI SHIVAJI INTERNATIONAL, IN",2023-05-26T16:00:00Z,31.0,1011.0,70.45,NONE,0,EDGE_PASS,25.0,0.0,0.0,0.0,3.68,-105,0,113.3
2466,43057099999,"BOMBAY COLABA, IN",2023-05-26T16:00:00Z,44.16,1010.83,98.5,PSYCHROMETRIC_VIOLATION,2,EDGE_ERR_THERMODYNAMIC_IMPOSSIBLE,43.87,-0.16,0.03,0.0,3.8,-92,0,103.0
2467,43063099999,"PUNE, IN",2023-05-26T16:00:00Z,27.2,1010.73,66.12,NONE,0,EDGE_PASS,20.33,-0.8,0.43,1.58,3.85,-85,0,100.9
2468,42921099999,"NASIK CITY, IN",2023-05-26T17:00:00Z,25.9,1006.6,65.99,NONE,0,EDGE_PASS,19.07,-0.9,0.5,6.6,4.06,-73,0,135.2
2469,43003099999,"CHHATRAPATI SHIVAJI INTERNATIONAL, IN",2023-05-26T17:00:00Z,30.0,1012.0,70.27,NONE,0,EDGE_PASS,24.0,-1.0,1.0,-0.18,3.68,-103,0,117.2
2470,43057099999,"BOMBAY COLABA, IN",2023-05-26T17:00:00Z,44.0,1010.87,98.5,PSYCHROMETRIC_VIOLATION,2,EDGE_ERR_THERMODYNAMIC_IMPOSSIBLE,43.71,-0.16,0.04,0.0,3.79,-91,0,111.3
2471,43063099999,"PUNE, IN",2023-05-26T17:00:00Z,26.4,1011.17,67.76,NONE,0,EDGE_PASS,19.97,-0.8,0.44,1.64,3.85,-87,0,104.8
2472,42921099999,"NASIK CITY, IN",2023-05-26T18:00:00Z,25.0,1007.1,73.32,NONE,0,EDGE_PASS,19.9,-0.9,0.5,7.33,4.05,-71,0,107.1
2473,43003099999,"CHHATRAPATI SHIVAJI INTERNATIONAL, IN",2023-05-26T18:00:00Z,30.2,1011.3,69.05,NONE,0,EDGE_PASS,23.9,0.2,-0.7,-1.22,3.67,-102,0,109.6
2474,43057099999,"BOMBAY COLABA, IN",2023-05-26T18:00:00Z,43.84,1010.9,98.5,PSYCHROMETRIC_VIOLATION,2,EDGE_ERR_THERMODYNAMIC_IMPOSSIBLE,43.55,-0.16,0.03,0.0,3.8,-93,0,105.9
2475,43063099999,"PUNE, IN",2023-05-26T18:00:00Z,25.6,1011.6,69.45,NONE,0,EDGE_PASS,19.6,-0.8,0.43,1.69,3.86,-85,0,100.9
2476,42921099999,"NASIK CITY, IN",2023-05-26T19:00:00Z,24.5,1006.6,75.39,NONE,0,EDGE_PASS,19.87,-0.5,-0.5,2.07,4.06,-72,0,121.1
2477,43003099999,"CHHATRAPATI SHIVAJI INTERNATIONAL, IN",2023-05-26T19:00:00Z,30.0,1011.0,70.27,NONE,0,EDGE_PASS,24.0,-0.2,-0.3,1.22,3.67,-100,0,102.2
2478,43057099999,"BOMBAY COLABA, IN",2023-05-26T19:00:00Z,43.68,1010.93,98.5,PSYCHROMETRIC_VIOLATION,2,EDGE_ERR_THERMODYNAMIC_IMPOSSIBLE,43.39,-0.16,0.03,0.0,3.8,-93,0,103.1
2479,43063099999,"PUNE, IN",2023-05-26T19:00:00Z,25.13,1011.03,71.11,NONE,0,EDGE_PASS,19.53,-0.47,-0.57,1.66,3.87,-84,0,101.1
2480,42921099999,"NASIK CITY, IN",2023-05-26T20:00:00Z,24.0,1006.1,77.53,NONE,0,EDGE_PASS,19.83,-0.5,-0.5,2.14,4.06,-71,0,101.3
2481,43003099999,"CHHATRAPATI SHIVAJI INTERNATIONAL, IN",2023-05-26T20:00:00Z,30.0,1010.0,74.61,NONE,0,EDGE_PASS,25.0,0.0,-1.0,4.34,3.67,-99,0,101.7
2482,43057099999,"BOMBAY COLABA, IN",2023-05-26T20:00:00Z,43.52,1010.97,98.5,PSYCHROMETRIC_VIOLATION,2,EDGE_ERR_THERMODYNAMIC_IMPOSSIBLE,43.23,-0.16,0.04,0.0,3.79,-95,0,103.3
2483,43063099999,"PUNE, IN",2023-05-26T20:00:00Z,24.67,1010.47,72.81,NONE,0,EDGE_PASS,19.47,-0.46,-0.56,1.7,3.86,-82,0,97.4
2484,42921099999,"NASIK CITY, IN",2023-05-26T21:00:00Z,23.5,1005.6,79.74,NONE,0,EDGE_PASS,19.8,-0.5,-0.5,2.21,4.05,-70,0,97.1
2485,43003099999,"CHHATRAPATI SHIVAJI INTERNATIONAL, IN",2023-05-26T21:00:00Z,29.4,1009.1,69.73,NONE,0,EDGE_PASS,23.3,-0.6,-0.9,-4.88,3.66,-99,0,101.8
2486,43057099999,"BOMBAY COLABA, IN",2023-05-26T21:00:00Z,43.36,1011.0,98.5,PSYCHROMETRIC_VIOLATION,2,EDGE_ERR_THERMODYNAMIC_IMPOSSIBLE,43.07,-0.16,0.03,0.0,3.79,-93,0,103.5
2487,43063099999,"PUNE, IN",2023-05-26T21:00:00Z,24.2,1009.9,74.57,NONE,0,EDGE_PASS,19.4,-0.47,-0.57,1.76,3.87,-82,0,97.0
2488,42921099999,"NASIK CITY, IN",2023-05-26T22:00:00Z,23.33,1005.73,80.88,NONE,0,EDGE_PASS,19.86,-0.17,0.13,1.14,4.06,-68,0,97.0
2489,43003099999,"CHHATRAPATI SHIVAJI INTERNATIONAL, IN",2023-05-26T22:00:00Z,30.0,1009.0,70.27,NONE,0,EDGE_PASS,24.0,0.6,-0.1,0.54,3.66,-99,0,98.4
2490,43057099999,"BOMBAY COLABA, IN",2023-05-26T22:00:00Z,43.2,1011.03,98.5,PSYCHROMETRIC_VIOLATION,2,EDGE_ERR_THERMODYNAMIC_IMPOSSIBLE,42.91,-0.16,0.03,0.0,3.78,-93,0,98.2
2491,43063099999,"PUNE, IN",2023-05-26T22:00:00Z,24.0,1009.93,75.0,NONE,0,EDGE_PASS,19.3,-0.2,0.03,0.43,3.86,-84,0,98.2
2492,42921099999,"NASIK CITY, IN",2023-05-26T23:00:00Z,23.17,1005.87,82.03,NONE,0,EDGE_PASS,19.94,-0.16,0.14,1.15,4.06,-69,0,101.8
2493,43003099999,"CHHATRAPATI SHIVAJI INTERNATIONAL, IN",2023-05-26T23:00:00Z,30.0,1009.0,70.27,NONE,0,EDGE_PASS,24.0,0.0,0.0,0.0,3.67,-97,0,98.5
2494,43057099999,"BOMBAY COLABA, IN",2023-05-26T23:00:00Z,43.04,1011.07,98.5,PSYCHROMETRIC_VIOLATION,2,EDGE_ERR_THERMODYNAMIC_IMPOSSIBLE,42.75,-0.16,0.04,0.0,3.78,-94,0,101.1
2495,43063099999,"PUNE, IN",2023-05-26T23:00:00Z,23.8,1009.97,75.44,NONE,0,EDGE_PASS,19.2,-0.2,0.04,0.44,3.86,-85,0,97.8
2496,42921099999,"NASIK CITY, IN",2023-05-27T00:00:00Z,23.0,1006.0,83.21,NONE,0,EDGE_PASS,20.0,-0.17,0.13,1.18,4.06,-71,0,103.3
2497,43003099999,"CHHATRAPATI SHIVAJI INTERNATIONAL, IN",2023-05-27T00:00:00Z,29.6,1009.2,69.77,NONE,0,EDGE_PASS,23.5,-0.4,0.2,-0.5,3.66,-99,0,101.0
2498,43057099999,"BOMBAY COLABA, IN",2023-05-27T00:00:00Z,42.88,1011.1,98.5,PSYCHROMETRIC_VIOLATION,2,EDGE_ERR_THERMODYNAMIC_IMPOSSIBLE,42.59,-0.16,0.03,0.0,3.78,-95,0,133.5
2499,43063099999,"PUNE, IN",2023-05-27T00:00:00Z,23.6,1010.0,75.88,NONE,0,EDGE_PASS,19.1,-0.2,0.03,0.44,3.85,-85,0,106.2
2500,42921099999,"NASIK CITY, IN",2023-05-27T01:00:00Z,24.33,1005.97,76.62,NONE,0,EDGE_PASS,19.96,1.33,-0.03,-6.59,4.05,-73,0,99.7
2501,43003099999,"CHHATRAPATI SHIVAJI INTERNATIONAL, IN",2023-05-27T01:00:00Z,30.0,1010.0,74.61,NONE,0,EDGE_PASS,25.0,0.4,0.8,4.84,3.67,-99,0,99.3
2502,43057099999,"BOMBAY COLABA, IN",2023-05-27T01:00:00Z,42.72,1011.13,98.5,PSYCHROMETRIC_VIOLATION,2,EDGE_ERR_THERMODYNAMIC_IMPOSSIBLE,42.43,-0.16,0.03,0.0,3.79,-93,0,123.4
2503,43063099999,"PUNE, IN",2023-05-27T01:00:00Z,24.67,1010.2,71.02,NONE,0,EDGE_PASS,19.07,1.07,0.2,-4.86,3.85,-86,0,203.9
2504,42921099999,"NASIK CITY, IN",2023-05-27T02:00:00Z,25.67,1005.93,70.62,NONE,0,EDGE_PASS,19.94,1.34,-0.04,-6.0,4.04,-71,0,158.3
2505,43003099999,"CHHATRAPATI SHIVAJI INTERNATIONAL, IN",2023-05-27T02:00:00Z,31.0,1011.0,70.45,NONE,0,EDGE_PASS,25.0,1.0,1.0,-4.16,3.67,-98,0,162.5
2506,43057099999,"BOMBAY COLABA, IN",2023-05-27T02:00:00Z,42.56,1011.17,98.5,PSYCHROMETRIC_VIOLATION,10,EDGE_ERR_THERMODYNAMIC_IMPOSSIBLE|EDGE_ERR_SENSOR_FROZEN,42.27,-0.16,0.04,0.0,3.78,-95,0,147.4
2507,43063099999,"PUNE, IN",2023-05-27T02:00:00Z,25.73,1010.4,66.51,NONE,0,EDGE_PASS,19.03,1.06,0.2,-4.51,3.85,-86,0,191.4
2508,42921099999,"NASIK CITY, IN",2023-05-27T03:00:00Z,27.0,1005.9,65.13,NONE,0,EDGE_PASS,19.9,1.33,-0.03,-5.49,4.05,-69,0,165.8
2509,43003099999,"CHHATRAPATI SHIVAJI INTERNATIONAL, IN",2023-05-27T03:00:00Z,31.0,1011.0,70.45,NONE,0,EDGE_PASS,25.0,0.0,0.0,0.0,3.68,-96,0,160.0
2510,43057099999,"BOMBAY COLABA, IN",2023-05-27T03:00:00Z,42.4,1011.2,98.5,PSYCHROMETRIC_VIOLATION,10,EDGE_ERR_THERMODYNAMIC_IMPOSSIBLE|EDGE_ERR_SENSOR_FROZEN,42.11,-0.16,0.03,0.0,3.77,-93,0,145.6
2511,43063099999,"PUNE, IN",2023-05-27T03:00:00Z,26.8,1010.6,62.31,NONE,0,EDGE_PASS,19.0,1.07,0.2,-4.2,3.85,-86,0,138.5
2512,42921099999,"NASIK CITY, IN",2023-05-27T04:00:00Z,28.2,1005.8,58.73,NONE,0,EDGE_PASS,19.37,1.2,-0.1,-6.4,4.06,-71,0,140.4
2513,43003099999,"CHHATRAPATI SHIVAJI INTERNATIONAL, IN",2023-05-27T04:00:00Z,32.0,1011.0,66.55,NONE,0,EDGE_PASS,25.0,1.0,0.0,-3.9,3.68,-96,0,160.2
2514,43057099999,"BOMBAY COLABA, IN",2023-05-27T04:00:00Z,42.62,1010.97,98.5,PSYCHROMETRIC_VIOLATION,10,EDGE_ERR_THERMODYNAMIC_IMPOSSIBLE|EDGE_ERR_SENSOR_FROZEN,42.33,0.22,-0.23,0.0,3.78,-93,0,148.7
2515,43063099999,"PUNE, IN",2023-05-27T04:00:00Z,28.47,1010.37,56.29,NONE,0,EDGE_PASS,18.94,1.67,-0.23,-6.02,3.86,-88,0,143.1
2516,42921099999,"NASIK CITY, IN",2023-05-27T05:00:00Z,29.4,1005.7,52.99,NONE,0,EDGE_PASS,18.83,1.2,-0.1,-5.74,4.06,-71,0,150.0
2517,43003099999,"CHHATRAPATI SHIVAJI INTERNATIONAL, IN",2023-05-27T05:00:00Z,32.0,1012.0,66.55,NONE,0,EDGE_PASS,25.0,0.0,1.0,0.0,3.67,-95,0,142.1
2518,43057099999,"BOMBAY COLABA, IN",2023-05-27T05:00:00Z,30.84,1010.73,72.22,NONE,12,EDGE_SUSPECT_STEP_SPIKE|EDGE_ERR_SENSOR_FROZEN,25.26,-11.78,-0.24,-26.28,3.77,-91,0,154.3
2519,43063099999,"PUNE, IN",2023-05-27T05:00:00Z,30.13,1010.13,50.9,NONE,0,EDGE_PASS,18.86,1.66,-0.24,-5.39,3.86,-86,0,164.2
2520,42921099999,"NASIK CITY, IN",2023-05-27T06:00:00Z,30.6,1005.6,47.83,NONE,0,EDGE_PASS,18.3,1.2,-0.1,-5.16,4.07,-69,0,176.5
2521,43003099999,"CHHATRAPATI SHIVAJI INTERNATIONAL, IN",2023-05-27T06:00:00Z,33.4,1011.6,60.05,NONE,0,EDGE_PASS,24.6,1.4,-0.4,-6.5,3.67,-94,0,158.3
2522,43057099999,"BOMBAY COLABA, IN",2023-05-27T06:00:00Z,31.07,1010.5,70.6,NONE,0,EDGE_PASS,25.1,0.23,-0.23,-1.62,3.77,-89,0,156.6
2523,43063099999,"PUNE, IN",2023-05-27T06:00:00Z,31.8,1009.9,46.09,NONE,0,EDGE_PASS,18.8,1.67,-0.23,-4.81,3.85,-84,0,145.2
2524,42921099999,"NASIK CITY, IN",2023-05-27T07:00:00Z,31.6,1004.7,44.61,NONE,0,EDGE_PASS,18.1,1.0,-0.9,-3.22,4.07,-67,0,138.8
2525,43003099999,"CHHATRAPATI SHIVAJI INTERNATIONAL, IN",2023-05-27T07:00:00Z,33.0,1011.0,59.24,NONE,0,EDGE_PASS,24.0,-0.4,-0.6,-0.81,3.67,-93,0,165.2
2526,43057099999,"BOMBAY COLABA, IN",2023-05-27T07:00:00Z,31.29,1010.27,69.02,NONE,0,EDGE_PASS,24.93,0.22,-0.23,-1.58,3.76,-88,0,135.5
2527,43063099999,"PUNE, IN",2023-05-27T07:00:00Z,33.0,1008.87,42.89,NONE,0,EDGE_PASS,18.73,1.2,-1.03,-3.2,3.85,-85,0,137.2
2528,42921099999,"NASIK CITY, IN",2023-05-27T08:00:00Z,32.6,1003.8,41.63,NONE,0,EDGE_PASS,17.9,1.0,-0.9,-2.98,4.07,-69,0,134.7
2529,43003099999,"CHHATRAPATI SHIVAJI INTERNATIONAL, IN",2023-05-27T08:00:00Z,33.0,1011.0,62.9,NONE,0,EDGE_PASS,25.0,0.0,0.0,3.66,3.67,-93,0,145.7
2530,43057099999,"BOMBAY COLABA, IN",2023-05-27T08:00:00Z,31.51,1010.03,67.48,NONE,0,EDGE_PASS,24.77,0.22,-0.24,-1.54,3.76,-88,0,145.7
2531,43063099999,"PUNE, IN",2023-05-27T08:00:00Z,34.2,1007.83,39.93,NONE,0,EDGE_PASS,18.67,1.2,-1.04,-2.96,3.85,-87,0,143.8
2532,42921099999,"NASIK CITY, IN",2023-05-27T09:00:00Z,33.6,1002.9,38.86,NONE,0,EDGE_PASS,17.7,1.0,-0.9,-2.77,4.07,-71,0,135.8
2533,43003099999,"CHHATRAPATI SHIVAJI INTERNATIONAL, IN",2023-05-27T09:00:00Z,34.0,1010.0,58.41,NONE,0,EDGE_PASS,24.7,1.0,-1.0,-4.49,3.67,-91,0,136.5
2534,43057099999,"BOMBAY COLABA, IN",2023-05-27T09:00:00Z,31.73,1009.8,65.97,NONE,0,EDGE_PASS,24.6,0.22,-0.23,-1.51,3.77,-89,0,132.7
2535,43063099999,"PUNE, IN",2023-05-27T09:00:00Z,35.4,1006.8,37.2,NONE,0,EDGE_PASS,18.6,1.2,-1.03,-2.73,3.85,-85,0,132.9
2536,42921099999,"NASIK CITY, IN",2023-05-27T10:00:00Z,33.63,1002.53,38.06,NONE,0,EDGE_PASS,17.4,0.03,-0.37,-0.8,4.08,-70,0,132.4
2537,43003099999,"CHHATRAPATI SHIVAJI INTERNATIONAL, IN",2023-05-27T10:00:00Z,33.0,1009.0,59.24,NONE,0,EDGE_PASS,24.0,-1.0,-1.0,0.83,3.67,-92,0,132.8
2538,43057099999,"BOMBAY COLABA, IN",2023-05-27T10:00:00Z,31.96,1009.57,64.5,NONE,0,EDGE_PASS,24.44,0.23,-0.23,-1.47,3.77,-91,0,158.1
2539,43063099999,"PUNE, IN",2023-05-27T10:00:00Z,34.6,1006.7,38.48,NONE,0,EDGE_PASS,18.43,-0.8,-0.1,1.28,3.84,-84,0,144.3
2540,42921099999,"NASIK CITY, IN",2023-05-27T11:00:00Z,33.67,1002.17,37.27,NONE,0,EDGE_PASS,17.1,0.04,-0.36,-0.79,4.09,-70,0,132.1
2541,43003099999,"CHHATRAPATI SHIVAJI INTERNATIONAL, IN",2023-05-27T11:00:00Z,32.0,1009.0,66.55,NONE,0,EDGE_PASS,25.0,-1.0,0.0,7.31,3.66,-94,0,163.4
2542,43057099999,"BOMBAY COLABA, IN",2023-05-27T11:00:00Z,32.18,1009.33,63.06,NONE,0,EDGE_PASS,24.27,0.22,-0.24,-1.44,3.76,-90,0,137.0
2543,43063099999,"PUNE, IN",2023-05-27T11:00:00Z,33.8,1006.6,39.82,NONE,0,EDGE_PASS,18.27,-0.8,-0.1,1.34,3.83,-83,0,137.4
2544,42921099999,"NASIK CITY, IN",2023-05-27T12:00:00Z,33.7,1001.8,36.5,NONE,0,EDGE_PASS,16.8,0.03,-0.37,-0.77,4.09,-71,0,134.5
2545,43003099999,"CHHATRAPATI SHIVAJI INTERNATIONAL, IN",2023-05-27T12:00:00Z,33.2,1008.8,61.09,NONE,0,EDGE_PASS,24.7,1.2,-0.2,-5.46,3.66,-92,0,134.0
2546,43057099999,"BOMBAY COLABA, IN",2023-05-27T12:00:00Z,32.4,1009.1,61.65,NONE,0,EDGE_PASS,24.1,0.22,-0.23,-1.41,3.76,-89,0,141.6
2547,43063099999,"PUNE, IN",2023-05-27T12:00:00Z,33.0,1006.5,41.22,NONE,0,EDGE_PASS,18.1,-0.8,-0.1,1.4,3.83,-82,0,132.9
2548,42921099999,"NASIK CITY, IN",2023-05-27T13:00:00Z,31.97,1002.57,42.88,NONE,0,EDGE_PASS,17.8,-1.73,0.77,6.38,4.1,-73,0,133.0
2549,43003099999,"CHHATRAPATI SHIVAJI INTERNATIONAL, IN",2023-05-27T13:00:00Z,31.0,1009.0,70.45,NONE,0,EDGE_PASS,25.0,-2.2,0.2,9.36,3.66,-91,0,132.7
2550,43057099999,"BOMBAY COLABA, IN",2023-05-27T13:00:00Z,32.31,1009.19,62.3,NONE,0,EDGE_PASS,24.19,-0.09,0.09,0.65,3.75,-90,1,382.7
2551,43063099999,"PUNE, IN",2023-05-27T13:00:00Z,31.53,1007.23,45.35,NONE,0,EDGE_PASS,18.3,-1.47,0.73,4.13,3.83,-83,1,224.6
2552,42921099999,"NASIK CITY, IN",2023-05-27T14:00:00Z,30.23,1003.33,50.4,NONE,0,EDGE_PASS,18.8,-1.74,0.76,7.52,4.1,-74,1,225.0
2553,43003099999,"CHHATRAPATI SHIVAJI INTERNATIONAL, IN",2023-05-27T14:00:00Z,31.0,1009.0,70.45,NONE,0,EDGE_PASS,25.0,0.0,0.0,0.0,3.66,-90,1,204.6
2554,43057099999,"BOMBAY COLABA, IN",2023-05-27T14:00:00Z,32.21,1009.29,62.96,NONE,0,EDGE_PASS,24.27,-0.1,0.1,0.66,3.76,-90,2,125.2
2555,43063099999,"PUNE, IN",2023-05-27T14:00:00Z,30.07,1007.97,49.94,NONE,0,EDGE_PASS,18.5,-1.46,0.74,4.59,3.83,-83,0,127.7
2556,42921099999,"NASIK CITY, IN",2023-05-27T15:00:00Z,28.5,1004.1,59.29,NONE,0,EDGE_PASS,19.8,-1.73,0.77,8.89,4.09,-73,0,174.1
2557,43003099999,"CHHATRAPATI SHIVAJI INTERNATIONAL, IN",2023-05-27T15:00:00Z,-999.0,1009.7,70.41,DROPOUT,7,EDGE_ERR_OUT_OF_BOUNDS|EDGE_ERR_THERMODYNAMIC_IMPOSSIBLE|EDGE_SUSPECT_STEP_SPIKE,-999.0,-1030.0,0.7,-0.04,3.66,-92,0,168.1
2558,43057099999,"BOMBAY COLABA, IN",2023-05-27T15:00:00Z,32.12,1009.38,63.62,NONE,0,EDGE_PASS,24.36,-0.09,0.09,0.66,3.77,-88,0,196.9
2559,43063099999,"PUNE, IN",2023-05-27T15:00:00Z,28.6,1008.7,55.04,NONE,0,EDGE_PASS,18.7,-1.47,0.73,5.1,3.84,-82,0,143.1
2560,42921099999,"NASIK CITY, IN",2023-05-27T16:00:00Z,27.5,1004.77,64.43,NONE,0,EDGE_PASS,20.2,-1.0,0.67,5.14,4.09,-74,0,186.2
2561,43003099999,"CHHATRAPATI SHIVAJI INTERNATIONAL, IN",2023-05-27T16:00:00Z,-999.0,1010.0,70.45,DROPOUT,3,EDGE_ERR_OUT_OF_BOUNDS|EDGE_ERR_THERMODYNAMIC_IMPOSSIBLE,-999.0,0.0,0.3,0.04,3.67,-92,0,147.6
2562,43057099999,"BOMBAY COLABA, IN",2023-05-27T16:00:00Z,32.03,1009.47,64.29,NONE,0,EDGE_PASS,24.45,-0.09,0.09,0.67,3.77,-88,0,119.2
2563,43063099999,"PUNE, IN",2023-05-27T16:00:00Z,27.67,1009.3,59.59,NONE,0,EDGE_PASS,19.1,-0.93,0.6,4.55,3.83,-80,0,98.0
2564,42921099999,"NASIK CITY, IN",2023-05-27T17:00:00Z,26.5,1005.43,70.05,NONE,0,EDGE_PASS,20.6,-1.0,0.66,5.62,4.08,-74,0,97.6
2565,43003099999,"CHHATRAPATI SHIVAJI INTERNATIONAL, IN",2023-05-27T17:00:00Z,-999.0,1011.0,70.45,DROPOUT,3,EDGE_ERR_OUT_OF_BOUNDS|EDGE_ERR_THERMODYNAMIC_IMPOSSIBLE,-999.0,0.0,1.0,0.0,3.66,-94,0,94.1
2566,43057099999,"BOMBAY COLABA, IN",2023-05-27T17:00:00Z,31.93,1009.57,64.97,NONE,0,EDGE_PASS,24.53,-0.1,0.1,0.68,3.77,-88,0,109.7
2567,43063099999,"PUNE, IN",2023-05-27T17:00:00Z,26.73,1009.9,64.54,NONE,0,EDGE_PASS,19.5,-0.94,0.6,4.95,3.82,-81,0,102.6
2568,42921099999,"NASIK CITY, IN",2023-05-27T18:00:00Z,25.5,1006.1,76.18,NONE,0,EDGE_PASS,21.0,-1.0,0.67,6.13,4.09,-74,0,94.8
2569,43003099999,"CHHATRAPATI SHIVAJI INTERNATIONAL, IN",2023-05-27T18:00:00Z,-999.0,1010.6,70.34,DROPOUT,3,EDGE_ERR_OUT_OF_BOUNDS|EDGE_ERR_THERMODYNAMIC_IMPOSSIBLE,-999.0,0.0,-0.4,-0.11,3.65,-95,0,97.7
2570,43057099999,"BOMBAY COLABA, IN",2023-05-27T18:00:00Z,31.84,1009.66,65.65,NONE,0,EDGE_PASS,24.62,-0.09,0.09,0.68,3.77,-88,0,99.3
2571,43063099999,"PUNE, IN",2023-05-27T18:00:00Z,25.8,1010.5,69.92,NONE,0,EDGE_PASS,19.9,-0.93,0.6,5.38,3.82,-81,0,108.1
2572,42921099999,"NASIK CITY, IN",2023-05-27T19:00:00Z,25.2,1005.57,77.71,NONE,0,EDGE_PASS,21.03,-0.3,-0.53,1.53,4.09,-72,0,95.6
2573,43003099999,"CHHATRAPATI SHIVAJI INTERNATIONAL, IN",2023-05-27T19:00:00Z,-999.0,1010.0,74.61,DROPOUT,3,EDGE_ERR_OUT_OF_BOUNDS|EDGE_ERR_THERMODYNAMIC_IMPOSSIBLE,-999.0,0.0,-0.6,4.27,3.66,-96,0,94.1
2574,43057099999,"BOMBAY COLABA, IN",2023-05-27T19:00:00Z,31.75,1009.75,66.34,NONE,0,EDGE_PASS,24.71,-0.09,0.09,0.69,3.77,-89,0,99.1
2575,43063099999,"PUNE, IN",2023-05-27T19:00:00Z,25.4,1010.03,72.49,NONE,0,EDGE_PASS,20.1,-0.4,-0.47,2.57,3.81,-81,0,96.5
2576,42921099999,"NASIK CITY, IN",2023-05-27T20:00:00Z,24.9,1005.03,79.27,NONE,0,EDGE_PASS,21.07,-0.3,-0.54,1.56,4.1,-73,0,93.9
2577,43003099999,"CHHATRAPATI SHIVAJI INTERNATIONAL, IN",2023-05-27T20:00:00Z,-999.0,1009.0,74.61,DROPOUT,3,EDGE_ERR_OUT_OF_BOUNDS|EDGE_ERR_THERMODYNAMIC_IMPOSSIBLE,-999.0,0.0,-1.0,0.0,3.65,-96,0,93.6
2578,43057099999,"BOMBAY COLABA, IN",2023-05-27T20:00:00Z,31.65,1009.85,67.04,NONE,0,EDGE_PASS,24.79,-0.1,0.1,0.7,3.77,-88,0,97.6
2579,43063099999,"PUNE, IN",2023-05-27T20:00:00Z,25.0,1009.57,75.16,NONE,0,EDGE_PASS,20.3,-0.4,-0.46,2.67,3.81,-79,0,91.0
2580,42921099999,"NASIK CITY, IN",2023-05-27T21:00:00Z,24.6,1004.5,80.87,NONE,0,EDGE_PASS,21.1,-0.3,-0.53,1.6,4.09,-73,0,91.8
2581,43003099999,"CHHATRAPATI SHIVAJI INTERNATIONAL, IN",2023-05-27T21:00:00Z,-999.0,1008.7,71.54,DROPOUT,3,EDGE_ERR_OUT_OF_BOUNDS|EDGE_ERR_THERMODYNAMIC_IMPOSSIBLE,-999.0,0.0,-0.3,-3.07,3.65,-96,0,96.9
2582,43057099999,"BOMBAY COLABA, IN",2023-05-27T21:00:00Z,31.56,1009.94,67.75,NONE,0,EDGE_PASS,24.88,-0.09,0.09,0.71,3.78,-86,0,91.2
2583,43063099999,"PUNE, IN",2023-05-27T21:00:00Z,24.6,1009.1,77.94,NONE,0,EDGE_PASS,20.5,-0.4,-0.47,2.78,3.82,-80,0,108.6
2584,42921099999,"NASIK CITY, IN",2023-05-27T22:00:00Z,24.27,1004.63,82.67,NONE,0,EDGE_PASS,21.14,-0.33,0.13,1.8,4.09,-72,0,147.7
2585,43003099999,"CHHATRAPATI SHIVAJI INTERNATIONAL, IN",2023-05-27T22:00:00Z,-999.0,1008.0,74.61,DROPOUT,3,EDGE_ERR_OUT_OF_BOUNDS|EDGE_ERR_THERMODYNAMIC_IMPOSSIBLE,-999.0,0.0,-0.7,3.07,3.65,-96,0,148.1
2586,43057099999,"BOMBAY COLABA, IN",2023-05-27T22:00:00Z,31.47,1010.03,68.46,NONE,0,EDGE_PASS,24.97,-0.09,0.09,0.71,3.79,-84,0,160.1
2587,43063099999,"PUNE, IN",2023-05-27T22:00:00Z,24.33,1009.13,78.71,NONE,0,EDGE_PASS,20.4,-0.27,0.03,0.77,3.81,-82,0,116.7
2588,42921099999,"NASIK CITY, IN",2023-05-27T23:00:00Z,23.93,1004.77,84.52,NONE,0,EDGE_PASS,21.16,-0.34,0.14,1.85,4.09,-74,0,94.4
2589,43003099999,"CHHATRAPATI SHIVAJI INTERNATIONAL, IN",2023-05-27T23:00:00Z,-999.0,1008.0,74.61,DROPOUT,3,EDGE_ERR_OUT_OF_BOUNDS|EDGE_ERR_THERMODYNAMIC_IMPOSSIBLE,-999.0,0.0,0.0,0.0,3.65,-98,0,103.4
2590,43057099999,"BOMBAY COLABA, IN",2023-05-27T23:00:00Z,31.37,1010.13,69.19,NONE,0,EDGE_PASS,25.05,-0.1,0.1,0.73,3.8,-85,0,92.1
2591,43063099999,"PUNE, IN",2023-05-27T23:00:00Z,24.07,1009.17,79.48,NONE,0,EDGE_PASS,20.3,-0.26,0.04,0.77,3.82,-80,0,92.3
2592,42921099999,"NASIK CITY, IN",2023-05-28T00:00:00Z,23.6,1004.9,86.41,NONE,0,EDGE_PASS,21.2,-0.33,0.13,1.89,4.08,-75,0,98.7
2593,43003099999,"CHHATRAPATI SHIVAJI INTERNATIONAL, IN",2023-05-28T00:00:00Z,-999.0,1009.0,74.61,DROPOUT,3,EDGE_ERR_OUT_OF_BOUNDS|EDGE_ERR_THERMODYNAMIC_IMPOSSIBLE,-999.0,0.0,1.0,0.0,3.65,-100,0,89.7
2594,43057099999,"BOMBAY COLABA, IN",2023-05-28T00:00:00Z,31.28,1010.22,69.92,NONE,0,EDGE_PASS,25.14,-0.09,0.09,0.73,3.79,-87,0,107.4
2595,43063099999,"PUNE, IN",2023-05-28T00:00:00Z,23.8,1009.2,80.27,NONE,0,EDGE_PASS,20.2,-0.27,0.03,0.79,3.82,-78,0,91.1
2596,42921099999,"NASIK CITY, IN",2023-05-28T01:00:00Z,24.6,1005.13,80.54,NONE,0,EDGE_PASS,21.03,1.0,0.23,-5.87,4.07,-73,0,97.6
2597,43003099999,"CHHATRAPATI SHIVAJI INTERNATIONAL, IN",2023-05-28T01:00:00Z,-999.0,1009.0,74.61,DROPOUT,3,EDGE_ERR_OUT_OF_BOUNDS|EDGE_ERR_THERMODYNAMIC_IMPOSSIBLE,-999.0,0.0,0.0,0.0,3.65,-100,0,93.3
2598,43057099999,"BOMBAY COLABA, IN",2023-05-28T01:00:00Z,31.19,1010.31,70.65,NONE,0,EDGE_PASS,25.23,-0.09,0.09,0.73,3.79,-85,0,158.2
2599,43063099999,"PUNE, IN",2023-05-28T01:00:00Z,25.0,1009.37,74.39,NONE,0,EDGE_PASS,20.13,1.2,0.17,-5.88,3.81,-77,0,151.5
2600,42921099999,"NASIK CITY, IN",2023-05-28T02:00:00Z,25.6,1005.37,75.11,NONE,0,EDGE_PASS,20.87,1.0,0.24,-5.43,4.06,-73,0,146.2
2601,43003099999,"CHHATRAPATI SHIVAJI INTERNATIONAL, IN",2023-05-28T02:00:00Z,31.0,1010.0,70.45,NONE,4,EDGE_SUSPECT_STEP_SPIKE,25.0,1030.0,1.0,-4.16,3.65,-99,0,388.1
2602,43057099999,"BOMBAY COLABA, IN",2023-05-28T02:00:00Z,31.09,1010.41,71.4,NONE,0,EDGE_PASS,25.31,-0.1,0.1,0.75,3.78,-85,0,122.2
2603,43063099999,"PUNE, IN",2023-05-28T02:00:00Z,26.2,1009.53,68.99,NONE,0,EDGE_PASS,20.07,1.2,0.16,-5.4,3.81,-78,0,103.2
2604,42921099999,"NASIK CITY, IN",2023-05-28T03:00:00Z,26.6,1005.6,70.07,NONE,0,EDGE_PASS,20.7,1.0,0.23,-5.04,4.06,-73,0,97.6
2605,43003099999,"CHHATRAPATI SHIVAJI INTERNATIONAL, IN",2023-05-28T03:00:00Z,30.4,1010.4,71.62,NONE,0,EDGE_PASS,24.7,-0.6,0.4,1.17,3.65,-98,0,95.0
2606,43057099999,"BOMBAY COLABA, IN",2023-05-28T03:00:00Z,31.0,1010.5,72.15,NONE,0,EDGE_PASS,25.4,-0.09,0.09,0.75,3.79,-85,0,94.1
2607,43063099999,"PUNE, IN",2023-05-28T03:00:00Z,27.4,1009.7,64.02,NONE,0,EDGE_PASS,20.0,1.2,0.17,-4.97,3.82,-77,0,93.7
2608,42921099999,"NASIK CITY, IN",2023-05-28T04:00:00Z,28.4,1005.2,61.77,NONE,0,EDGE_PASS,20.37,1.8,-0.4,-8.3,4.06,-73,0,96.5
2609,43003099999,"CHHATRAPATI SHIVAJI INTERNATIONAL, IN",2023-05-28T04:00:00Z,31.0,1010.0,70.45,NONE,0,EDGE_PASS,25.0,0.6,-0.4,-1.17,3.65,-96,0,135.2
2610,43057099999,"BOMBAY COLABA, IN",2023-05-28T04:00:00Z,31.73,1010.47,68.24,NONE,0,EDGE_PASS,25.16,0.73,-0.03,-3.91,3.8,-86,0,160.1
2611,43063099999,"PUNE, IN",2023-05-28T04:00:00Z,29.27,1009.17,54.3,NONE,0,EDGE_PASS,19.1,1.87,-0.53,-9.72,3.81,-79,0,151.6
2612,42921099999,"NASIK CITY, IN",2023-05-28T05:00:00Z,30.2,1004.8,54.53,NONE,0,EDGE_PASS,20.03,1.8,-0.4,-7.24,4.06,-75,0,125.7
2613,43003099999,"CHHATRAPATI SHIVAJI INTERNATIONAL, IN",2023-05-28T05:00:00Z,33.0,1010.0,59.24,NONE,0,EDGE_PASS,24.0,2.0,0.0,-11.21,3.66,-95,0,101.7
2614,43057099999,"BOMBAY COLABA, IN",2023-05-28T05:00:00Z,32.47,1010.43,64.56,NONE,0,EDGE_PASS,24.94,0.74,-0.04,-3.68,3.79,-87,0,92.8
2615,43063099999,"PUNE, IN",2023-05-28T05:00:00Z,31.13,1008.63,46.1,NONE,0,EDGE_PASS,18.2,1.86,-0.54,-8.2,3.8,-78,0,93.1
2616,42921099999,"NASIK CITY, IN",2023-05-28T06:00:00Z,32.0,1004.4,48.2,NONE,0,EDGE_PASS,19.7,1.8,-0.4,-6.33,4.06,-77,0,95.8
2617,43003099999,"CHHATRAPATI SHIVAJI INTERNATIONAL, IN",2023-05-28T06:00:00Z,33.6,1010.1,57.97,NONE,0,EDGE_PASS,24.2,0.6,0.1,-1.27,3.66,-94,0,101.9
2618,43057099999,"BOMBAY COLABA, IN",2023-05-28T06:00:00Z,33.2,1010.4,61.09,NONE,0,EDGE_PASS,24.7,0.73,-0.03,-3.47,3.79,-87,0,102.9
2619,43063099999,"PUNE, IN",2023-05-28T06:00:00Z,33.0,1008.1,39.19,NONE,0,EDGE_PASS,17.3,1.87,-0.53,-6.91,3.8,-77,0,92.6
2620,42921099999,"NASIK CITY, IN",2023-05-28T07:00:00Z,33.33,1003.47,42.36,NONE,0,EDGE_PASS,18.83,1.33,-0.93,-5.84,4.06,-77,0,93.5
2621,43003099999,"CHHATRAPATI SHIVAJI INTERNATIONAL, IN",2023-05-28T07:00:00Z,33.0,1010.0,59.24,NONE,0,EDGE_PASS,24.0,-0.6,-0.1,1.27,3.65,-96,0,92.1
2622,43057099999,"BOMBAY COLABA, IN",2023-05-28T07:00:00Z,33.53,1009.9,60.56,NONE,0,EDGE_PASS,24.86,0.33,-0.5,-0.53,3.78,-89,0,98.3
2623,43063099999,"PUNE, IN",2023-05-28T07:00:00Z,34.27,1007.27,35.97,NONE,0,EDGE_PASS,17.07,1.27,-0.83,-3.22,3.8,-78,0,106.9
2624,42921099999,"NASIK CITY, IN",2023-05-28T08:00:00Z,34.67,1002.53,37.23,NONE,0,EDGE_PASS,17.97,1.34,-0.94,-5.13,4.07,-76,0,97.3
2625,43003099999,"CHHATRAPATI SHIVAJI INTERNATIONAL, IN",2023-05-28T08:00:00Z,33.0,1009.0,59.24,NONE,0,EDGE_PASS,24.0,0.0,-1.0,0.0,3.65,-97,0,103.7
2626,43057099999,"BOMBAY COLABA, IN",2023-05-28T08:00:00Z,33.87,1009.4,60.03,NONE,0,EDGE_PASS,25.04,0.34,-0.5,-0.53,3.79,-91,0,92.5
2627,43063099999,"PUNE, IN",2023-05-28T08:00:00Z,35.53,1006.43,33.03,NONE,0,EDGE_PASS,16.83,1.26,-0.84,-2.94,3.8,-76,0,112.4
2628,42921099999,"NASIK CITY, IN",2023-05-28T09:00:00Z,36.0,1001.6,32.74,NONE,0,EDGE_PASS,17.1,1.33,-0.93,-4.49,4.07,-75,0,91.2
2629,43003099999,"CHHATRAPATI SHIVAJI INTERNATIONAL, IN",2023-05-28T09:00:00Z,34.0,1009.3,58.41,NONE,0,EDGE_PASS,24.7,1.0,0.3,-0.83,3.65,-95,0,90.7
2630,43057099999,"BOMBAY COLABA, IN",2023-05-28T09:00:00Z,34.2,1008.9,59.51,NONE,0,EDGE_PASS,25.2,0.33,-0.5,-0.52,3.79,-93,0,96.6
2631,43063099999,"PUNE, IN",2023-05-28T09:00:00Z,36.8,1005.6,30.36,NONE,0,EDGE_PASS,16.6,1.27,-0.83,-2.67,3.81,-77,0,91.5
2632,42921099999,"NASIK CITY, IN",2023-05-28T10:00:00Z,35.67,1001.07,32.38,NONE,0,EDGE_PASS,16.64,-0.33,-0.53,-0.36,4.08,-74,0,96.2
2633,43003099999,"CHHATRAPATI SHIVAJI INTERNATIONAL, IN",2023-05-28T10:00:00Z,33.0,1008.0,59.24,NONE,0,EDGE_PASS,24.0,-1.0,-1.3,0.83,3.65,-93,0,101.8
2634,43057099999,"BOMBAY COLABA, IN",2023-05-28T10:00:00Z,33.53,1008.43,61.65,NONE,0,EDGE_PASS,25.16,-0.67,-0.47,2.14,3.79,-95,0,117.5
2635,43063099999,"PUNE, IN",2023-05-28T10:00:00Z,36.2,1005.1,32.39,NONE,0,EDGE_PASS,17.1,-0.6,-0.5,2.03,3.8,-75,0,96.4
2636,42921099999,"NASIK CITY, IN",2023-05-28T11:00:00Z,35.33,1000.53,32.01,NONE,0,EDGE_PASS,16.16,-0.34,-0.54,-0.37,4.09,-72,0,116.3
2637,43003099999,"CHHATRAPATI SHIVAJI INTERNATIONAL, IN",2023-05-28T11:00:00Z,32.0,1007.0,66.55,NONE,0,EDGE_PASS,25.0,-1.0,-1.0,7.31,3.65,-94,0,110.9
2638,43057099999,"BOMBAY COLABA, IN",2023-05-28T11:00:00Z,32.87,1007.97,63.88,NONE,0,EDGE_PASS,25.14,-0.66,-0.46,2.23,3.78,-95,0,93.2
2639,43063099999,"PUNE, IN",2023-05-28T11:00:00Z,35.6,1004.6,34.55,NONE,0,EDGE_PASS,17.6,-0.6,-0.5,2.16,3.81,-75,0,286.2
2640,42921099999,"NASIK CITY, IN",2023-05-28T12:00:00Z,35.0,1000.0,31.65,NONE,0,EDGE_PASS,15.7,-0.33,-0.53,-0.36,4.08,-73,0,184.1
2641,43003099999,"CHHATRAPATI SHIVAJI INTERNATIONAL, IN",2023-05-28T12:00:00Z,32.0,1007.0,66.55,NONE,0,EDGE_PASS,25.0,0.0,0.0,0.0,3.66,-96,0,145.0
2642,43057099999,"BOMBAY COLABA, IN",2023-05-28T12:00:00Z,32.2,1007.5,66.2,NONE,0,EDGE_PASS,25.1,-0.67,-0.47,2.32,3.79,-97,0,113.2
2643,43063099999,"PUNE, IN",2023-05-28T12:00:00Z,35.0,1004.1,36.86,NONE,0,EDGE_PASS,18.1,-0.6,-0.5,2.31,3.81,-75,0,134.4
2644,42921099999,"NASIK CITY, IN",2023-05-28T13:00:00Z,33.07,1000.97,39.29,NONE,0,EDGE_PASS,17.4,-1.93,0.97,7.64,4.08,-74,0,119.4
2645,43003099999,"CHHATRAPATI SHIVAJI INTERNATIONAL, IN",2023-05-28T13:00:00Z,31.0,1007.0,74.77,NONE,0,EDGE_PASS,26.0,-1.0,0.0,8.22,3.65,-94,0,100.9
2646,43057099999,"BOMBAY COLABA, IN",2023-05-28T13:00:00Z,32.09,1007.59,66.7,NONE,0,EDGE_PASS,25.12,-0.11,0.09,0.5,3.78,-96,0,93.6
2647,43063099999,"PUNE, IN",2023-05-28T13:00:00Z,33.13,1004.97,39.47,NONE,0,EDGE_PASS,17.53,-1.87,0.87,2.61,3.82,-76,0,110.4
2648,42921099999,"NASIK CITY, IN",2023-05-28T14:00:00Z,31.13,1001.93,48.78,NONE,0,EDGE_PASS,19.1,-1.94,0.96,9.49,4.07,-75,0,96.3
2649,43003099999,"CHHATRAPATI SHIVAJI INTERNATIONAL, IN",2023-05-28T14:00:00Z,31.0,1007.0,74.77,NONE,0,EDGE_PASS,26.0,0.0,0.0,0.0,3.65,-94,0,95.5
2650,43057099999,"BOMBAY COLABA, IN",2023-05-28T14:00:00Z,31.99,1007.69,67.22,NONE,0,EDGE_PASS,25.16,-0.1,0.1,0.52,3.78,-96,0,155.0
2651,43063099999,"PUNE, IN",2023-05-28T14:00:00Z,31.27,1005.83,42.33,NONE,0,EDGE_PASS,16.97,-1.86,0.86,2.86,3.82,-78,0,111.4
2652,42921099999,"NASIK CITY, IN",2023-05-28T15:00:00Z,29.2,1002.9,60.56,NONE,0,EDGE_PASS,20.8,-1.93,0.97,11.78,4.07,-74,0,95.3
2653,43003099999,"CHHATRAPATI SHIVAJI INTERNATIONAL, IN",2023-05-28T15:00:00Z,31.0,1008.0,74.77,NONE,0,EDGE_PASS,26.0,0.0,1.0,0.0,3.66,-94,0,104.3
2654,43057099999,"BOMBAY COLABA, IN",2023-05-28T15:00:00Z,31.88,1007.78,67.73,NONE,0,EDGE_PASS,25.18,-0.11,0.09,0.51,3.79,-94,0,94.9
2655,43063099999,"PUNE, IN",2023-05-28T15:00:00Z,29.4,1006.7,45.45,NONE,0,EDGE_PASS,16.4,-1.87,0.87,3.12,3.82,-76,0,100.8
2656,42921099999,"NASIK CITY, IN",2023-05-28T16:00:00Z,28.13,1003.93,65.5,NONE,0,EDGE_PASS,21.06,-1.07,1.03,4.94,4.06,-75,0,100.3
2657,43003099999,"CHHATRAPATI SHIVAJI INTERNATIONAL, IN",2023-05-28T16:00:00Z,31.0,1009.5,74.77,NONE,0,EDGE_PASS,26.0,0.0,1.5,0.0,3.65,-95,0,98.9
2658,43057099999,"BOMBAY COLABA, IN",2023-05-28T16:00:00Z,31.77,1007.87,68.25,NONE,0,EDGE_PASS,25.2,-0.11,0.09,0.52,3.79,-92,0,104.6
2659,43063099999,"PUNE, IN",2023-05-28T16:00:00Z,28.33,1007.7,50.76,NONE,0,EDGE_PASS,17.16,-1.07,1.0,5.31,3.81,-77,0,110.8
2660,42921099999,"NASIK CITY, IN",2023-05-28T17:00:00Z,27.07,1004.97,70.87,NONE,0,EDGE_PASS,21.34,-1.06,1.04,5.37,4.06,-76,0,92.7
2661,43003099999,"CHHATRAPATI SHIVAJI INTERNATIONAL, IN",2023-05-28T17:00:00Z,31.0,1010.0,74.77,NONE,0,EDGE_PASS,26.0,0.0,0.5,0.0,3.65,-96,0,92.7
2662,43057099999,"BOMBAY COLABA, IN",2023-05-28T17:00:00Z,31.67,1007.97,68.78,NONE,0,EDGE_PASS,25.24,-0.1,0.1,0.53,3.79,-90,0,218.1
2663,43063099999,"PUNE, IN",2023-05-28T17:00:00Z,27.27,1008.7,56.71,NONE,0,EDGE_PASS,17.94,-1.06,1.0,5.95,3.82,-78,0,186.8
2664,42921099999,"NASIK CITY, IN",2023-05-28T18:00:00Z,26.0,1006.0,76.72,NONE,0,EDGE_PASS,21.6,-1.07,1.03,5.85,4.06,-77,0,181.6
2665,43003099999,"CHHATRAPATI SHIVAJI INTERNATIONAL, IN",2023-05-28T18:00:00Z,30.6,1010.2,72.94,NONE,0,EDGE_PASS,25.2,-0.4,0.2,-1.83,3.66,-94,0,213.3
2666,43057099999,"BOMBAY COLABA, IN",2023-05-28T18:00:00Z,31.56,1008.06,69.3,NONE,0,EDGE_PASS,25.26,-0.11,0.09,0.52,3.8,-90,0,184.4
2667,43063099999,"PUNE, IN",2023-05-28T18:00:00Z,26.2,1009.7,63.36,NONE,0,EDGE_PASS,18.7,-1.07,1.0,6.65,3.82,-78,0,149.9
2668,42921099999,"NASIK CITY, IN",2023-05-28T19:00:00Z,25.6,1005.8,78.56,NONE,0,EDGE_PASS,21.6,-0.4,-0.2,1.84,4.06,-76,0,164.0
2669,43003099999,"CHHATRAPATI SHIVAJI INTERNATIONAL, IN",2023-05-28T19:00:00Z,31.0,1010.0,74.77,NONE,0,EDGE_PASS,26.0,0.4,-0.2,1.83,3.65,-95,0,173.1
2670,43057099999,"BOMBAY COLABA, IN",2023-05-28T19:00:00Z,31.45,1008.15,69.84,NONE,0,EDGE_PASS,25.28,-0.11,0.09,0.54,3.79,-89,1,156.5
2671,43063099999,"PUNE, IN",2023-05-28T19:00:00Z,25.8,1009.37,67.08,NONE,0,EDGE_PASS,19.23,-0.4,-0.33,3.72,3.83,-80,1,107.2
2672,42921099999,"NASIK CITY, IN",2023-05-28T20:00:00Z,25.2,1005.6,80.46,NONE,0,EDGE_PASS,21.6,-0.4,-0.2,1.9,4.07,-77,1,105.1
2673,43003099999,"CHHATRAPATI SHIVAJI INTERNATIONAL, IN",2023-05-28T20:00:00Z,30.0,1009.0,79.18,NONE,0,EDGE_PASS,26.0,-1.0,-1.0,4.41,3.65,-95,1,102.5
2674,43057099999,"BOMBAY COLABA, IN",2023-05-28T20:00:00Z,31.35,1008.25,70.37,NONE,0,EDGE_PASS,25.32,-0.1,0.1,0.53,3.78,-87,2,98.7
2675,43063099999,"PUNE, IN",2023-05-28T20:00:00Z,25.4,1009.03,71.01,NONE,0,EDGE_PASS,19.77,-0.4,-0.34,3.93,3.83,-80,0,110.8
2676,42921099999,"NASIK CITY, IN",2023-05-28T21:00:00Z,24.8,1005.4,82.4,NONE,0,EDGE_PASS,21.6,-0.4,-0.2,1.94,4.07,-78,0,111.6
2677,43003099999,"CHHATRAPATI SHIVAJI INTERNATIONAL, IN",2023-05-28T21:00:00Z,30.0,1009.0,79.18,NONE,0,EDGE_PASS,26.0,0.0,0.0,0.0,3.65,-96,0,101.8
2678,43057099999,"BOMBAY COLABA, IN",2023-05-28T21:00:00Z,31.24,1008.34,70.91,NONE,0,EDGE_PASS,25.34,-0.11,0.09,0.54,3.78,-86,0,100.1
2679,43063099999,"PUNE, IN",2023-05-28T21:00:00Z,25.0,1008.7,75.16,NONE,0,EDGE_PASS,20.3,-0.4,-0.33,4.15,3.82,-80,0,116.2
2680,42921099999,"NASIK CITY, IN",2023-05-28T22:00:00Z,24.73,1005.2,84.43,NONE,0,EDGE_PASS,21.93,-0.07,-0.2,2.03,4.06,-77,0,93.6
2681,43003099999,"CHHATRAPATI SHIVAJI INTERNATIONAL, IN",2023-05-28T22:00:00Z,30.0,1008.0,79.18,NONE,0,EDGE_PASS,26.0,0.0,-1.0,0.0,3.65,-98,0,93.7
2682,43057099999,"BOMBAY COLABA, IN",2023-05-28T22:00:00Z,31.13,1008.43,71.46,NONE,0,EDGE_PASS,25.36,-0.11,0.09,0.55,3.79,-87,0,114.8
2683,43063099999,"PUNE, IN",2023-05-28T22:00:00Z,24.67,1009.0,76.99,NONE,0,EDGE_PASS,20.37,-0.33,0.3,1.83,3.82,-80,0,159.3
2684,42921099999,"NASIK CITY, IN",2023-05-28T23:00:00Z,24.67,1005.0,86.51,NONE,0,EDGE_PASS,22.27,-0.06,-0.2,2.08,4.05,-76,0,105.3
2685,43003099999,"CHHATRAPATI SHIVAJI INTERNATIONAL, IN",2023-05-28T23:00:00Z,30.0,1008.0,74.61,NONE,0,EDGE_PASS,25.0,0.0,0.0,-4.57,3.65,-98,0,95.6
2686,43057099999,"BOMBAY COLABA, IN",2023-05-28T23:00:00Z,31.03,1008.53,72.01,NONE,0,EDGE_PASS,25.4,-0.1,0.1,0.55,3.78,-89,0,115.0
2687,43063099999,"PUNE, IN",2023-05-28T23:00:00Z,24.33,1009.3,78.87,NONE,0,EDGE_PASS,20.43,-0.34,0.3,1.88,3.82,-81,0,108.5
2688,42921099999,"NASIK CITY, IN",2023-05-29T00:00:00Z,24.6,1004.8,88.64,NONE,0,EDGE_PASS,22.6,-0.07,-0.2,2.13,4.05,-77,0,96.7
2689,43003099999,"CHHATRAPATI SHIVAJI INTERNATIONAL, IN",2023-05-29T00:00:00Z,29.2,1008.5,79.07,NONE,0,EDGE_PASS,25.2,-0.8,0.5,4.46,3.65,-100,0,93.0
2690,43057099999,"BOMBAY COLABA, IN",2023-05-29T00:00:00Z,30.92,1008.62,100.0,SPIKE,0,EDGE_PASS,30.92,-0.11,0.09,27.99,3.79,-87,0,95.8
2691,43063099999,"PUNE, IN",2023-05-29T00:00:00Z,24.0,1009.6,80.8,NONE,0,EDGE_PASS,20.5,-0.33,0.3,1.93,3.83,-81,0,120.8
2692,42921099999,"NASIK CITY, IN",2023-05-29T01:00:00Z,25.73,1004.77,82.85,NONE,0,EDGE_PASS,22.6,1.13,-0.03,-5.79,4.04,-79,0,95.4
2693,43003099999,"CHHATRAPATI SHIVAJI INTERNATIONAL, IN",2023-05-29T01:00:00Z,30.0,1008.0,79.18,NONE,0,EDGE_PASS,26.0,0.8,-0.5,0.11,3.66,-100,0,101.6
2694,43057099999,"BOMBAY COLABA, IN",2023-05-29T01:00:00Z,30.81,1008.71,100.0,SPIKE,0,EDGE_PASS,30.81,-0.11,0.09,0.0,3.8,-89,0,94.1
2695,43063099999,"PUNE, IN",2023-05-29T01:00:00Z,25.47,1009.37,72.95,NONE,0,EDGE_PASS,20.27,1.47,-0.23,-7.85,3.82,-82,0,92.7
2696,42921099999,"NASIK CITY, IN",2023-05-29T02:00:00Z,26.87,1004.73,77.48,NONE,0,EDGE_PASS,22.6,1.14,-0.04,-5.37,4.04,-80,0,94.5
2697,43003099999,"CHHATRAPATI SHIVAJI INTERNATIONAL, IN",2023-05-29T02:00:00Z,31.0,1009.0,74.77,NONE,0,EDGE_PASS,26.0,1.0,1.0,-4.41,3.66,-99,0,96.5
2698,43057099999,"BOMBAY COLABA, IN",2023-05-29T02:00:00Z,30.71,1008.81,73.69,NONE,0,EDGE_PASS,25.48,-0.1,0.1,-26.31,3.8,-89,0,106.7
2699,43063099999,"PUNE, IN",2023-05-29T02:00:00Z,26.93,1009.13,65.93,NONE,0,EDGE_PASS,20.03,1.46,-0.24,-7.02,3.81,-82,0,87.8
2700,42921099999,"NASIK CITY, IN",2023-05-29T03:00:00Z,28.0,1004.7,72.5,NONE,0,EDGE_PASS,22.6,1.13,-0.03,-4.98,4.04,-82,0,104.4
2701,43003099999,"CHHATRAPATI SHIVAJI INTERNATIONAL, IN",2023-05-29T03:00:00Z,31.0,1008.8,70.87,NONE,0,EDGE_PASS,25.1,0.0,-0.2,-3.9,3.66,-99,0,89.8
2702,43057099999,"BOMBAY COLABA, IN",2023-05-29T03:00:00Z,30.6,1008.9,74.26,NONE,0,EDGE_PASS,25.5,-0.11,0.09,0.57,3.79,-88,0,88.7
2703,43063099999,"PUNE, IN",2023-05-29T03:00:00Z,28.4,1008.9,59.64,NONE,0,EDGE_PASS,19.8,1.47,-0.23,-6.29,3.82,-80,0,88.4
2704,42921099999,"NASIK CITY, IN",2023-05-29T04:00:00Z,30.67,1004.13,49.78,NONE,0,EDGE_PASS,19.0,2.67,-0.57,-22.72,4.04,-80,0,86.9
2705,43003099999,"CHHATRAPATI SHIVAJI INTERNATIONAL, IN",2023-05-29T04:00:00Z,33.0,1009.0,66.75,NONE,0,EDGE_PASS,26.0,2.0,0.2,-4.12,3.67,-101,0,92.7
2706,43057099999,"BOMBAY COLABA, IN",2023-05-29T04:00:00Z,30.71,1008.69,74.03,NONE,0,EDGE_PASS,25.55,0.11,-0.21,-0.23,3.79,-90,0,87.3
2707,43063099999,"PUNE, IN",2023-05-29T04:00:00Z,30.33,1008.4,51.92,NONE,0,EDGE_PASS,19.36,1.93,-0.5,-7.72,3.82,-80,0,86.9
2708,42921099999,"NASIK CITY, IN",2023-05-29T05:00:00Z,33.33,1003.57,34.08,NONE,0,EDGE_PASS,15.4,2.66,-0.56,-15.7,4.05,-81,0,92.7
2709,43003099999,"CHHATRAPATI SHIVAJI INTERNATIONAL, IN",2023-05-29T05:00:00Z,32.0,1009.0,70.63,NONE,0,EDGE_PASS,26.0,-1.0,0.0,3.88,3.67,-99,0,87.4
2710,43057099999,"BOMBAY COLABA, IN",2023-05-29T05:00:00Z,30.82,1008.48,73.81,NONE,0,EDGE_PASS,25.61,0.11,-0.21,-0.22,3.79,-91,0,98.6
2711,43063099999,"PUNE, IN",2023-05-29T05:00:00Z,32.27,1007.9,45.26,NONE,0,EDGE_PASS,18.94,1.94,-0.5,-6.66,3.82,-79,0,88.9
2712,42921099999,"NASIK CITY, IN",2023-05-29T06:00:00Z,36.0,1003.0,23.24,NONE,0,EDGE_PASS,11.8,2.67,-0.57,-10.84,4.05,-79,0,84.0
2713,43003099999,"CHHATRAPATI SHIVAJI INTERNATIONAL, IN",2023-05-29T06:00:00Z,33.0,1009.0,66.75,NONE,0,EDGE_PASS,26.0,1.0,0.0,-3.88,3.67,-101,0,84.6
2714,43057099999,"BOMBAY COLABA, IN",2023-05-29T06:00:00Z,30.93,1008.27,73.58,NONE,0,EDGE_PASS,25.66,0.11,-0.21,-0.23,3.79,-89,0,95.5
2715,43063099999,"PUNE, IN",2023-05-29T06:00:00Z,34.2,1007.4,39.52,NONE,0,EDGE_PASS,18.5,1.93,-0.5,-5.74,3.83,-81,0,154.7
2716,42921099999,"NASIK CITY, IN",2023-05-29T07:00:00Z,36.5,1002.07,23.27,NONE,0,EDGE_PASS,12.24,0.5,-0.93,0.03,4.05,-77,0,134.4
2717,43003099999,"CHHATRAPATI SHIVAJI INTERNATIONAL, IN",2023-05-29T07:00:00Z,33.0,1009.0,70.81,NONE,0,EDGE_PASS,27.0,0.0,0.0,4.06,3.67,-99,0,151.7
2718,43057099999,"BOMBAY COLABA, IN",2023-05-29T07:00:00Z,31.04,1008.06,73.36,NONE,0,EDGE_PASS,25.72,0.11,-0.21,-0.22,3.79,-88,0,105.4
2719,43063099999,"PUNE, IN",2023-05-29T07:00:00Z,35.47,1006.17,33.58,NONE,0,EDGE_PASS,17.04,1.27,-1.23,-5.94,3.83,-80,0,97.8
2720,42921099999,"NASIK CITY, IN",2023-05-29T08:00:00Z,37.0,1001.13,23.29,NONE,0,EDGE_PASS,12.67,0.5,-0.94,0.02,4.04,-78,0,96.1
2721,43003099999,"CHHATRAPATI SHIVAJI INTERNATIONAL, IN",2023-05-29T08:00:00Z,33.0,1008.0,70.81,NONE,0,EDGE_PASS,27.0,0.0,-1.0,0.0,3.67,-100,0,86.1
2722,43057099999,"BOMBAY COLABA, IN",2023-05-29T08:00:00Z,31.16,1007.84,73.14,NONE,0,EDGE_PASS,25.78,0.12,-0.22,-0.22,3.79,-87,0,85.6
2723,43063099999,"PUNE, IN",2023-05-29T08:00:00Z,36.73,1004.93,28.52,NONE,0,EDGE_PASS,15.56,1.26,-1.24,-5.06,3.83,-80,0,97.8
2724,42921099999,"NASIK CITY, IN",2023-05-29T09:00:00Z,37.5,1000.2,23.32,NONE,0,EDGE_PASS,13.1,0.5,-0.93,0.03,4.05,-76,0,94.1
2725,43003099999,"CHHATRAPATI SHIVAJI INTERNATIONAL, IN",2023-05-29T09:00:00Z,34.0,1007.7,63.86,NONE,0,EDGE_PASS,26.2,1.0,-0.3,-6.95,3.67,-98,0,85.6
2726,43057099999,"BOMBAY COLABA, IN",2023-05-29T09:00:00Z,31.27,1007.63,72.91,NONE,0,EDGE_PASS,25.84,0.11,-0.21,-0.23,3.8,-89,0,86.5
2727,43063099999,"PUNE, IN",2023-05-29T09:00:00Z,38.0,1003.7,24.22,NONE,0,EDGE_PASS,14.1,1.27,-1.23,-4.3,3.83,-78,0,88.3
2728,42921099999,"NASIK CITY, IN",2023-05-29T10:00:00Z,37.17,1000.03,22.43,NONE,0,EDGE_PASS,12.23,-0.33,-0.17,-0.89,4.04,-78,0,124.9
2729,43003099999,"CHHATRAPATI SHIVAJI INTERNATIONAL, IN",2023-05-29T10:00:00Z,33.0,1007.0,70.81,NONE,0,EDGE_PASS,27.0,-1.0,-0.7,6.95,3.67,-97,0,94.9
2730,43057099999,"BOMBAY COLABA, IN",2023-05-29T10:00:00Z,31.38,1007.42,72.69,NONE,0,EDGE_PASS,25.89,0.11,-0.21,-0.22,3.79,-89,0,86.1
2731,43063099999,"PUNE, IN",2023-05-29T10:00:00Z,33.8,1004.8,34.72,NONE,0,EDGE_PASS,16.1,-4.2,1.1,10.5,3.83,-80,0,85.4
2732,42921099999,"NASIK CITY, IN",2023-05-29T11:00:00Z,36.83,999.87,21.58,NONE,0,EDGE_PASS,11.37,-0.34,-0.16,-0.85,4.05,-79,0,88.1
2733,43003099999,"CHHATRAPATI SHIVAJI INTERNATIONAL, IN",2023-05-29T11:00:00Z,32.0,1007.0,74.93,NONE,0,EDGE_PASS,27.0,-1.0,0.0,4.12,3.66,-97,0,89.8
2734,43057099999,"BOMBAY COLABA, IN",2023-05-29T11:00:00Z,31.49,1007.21,72.47,NONE,0,EDGE_PASS,25.94,0.11,-0.21,-0.22,3.79,-90,0,86.3
2735,43063099999,"PUNE, IN",2023-05-29T11:00:00Z,29.6,1005.9,50.03,NONE,0,EDGE_PASS,18.1,-4.2,1.1,15.31,3.82,-81,0,96.4
2736,42921099999,"NASIK CITY, IN",2023-05-29T12:00:00Z,36.5,999.7,20.74,NONE,0,EDGE_PASS,10.5,-0.33,-0.17,-0.84,4.04,-77,0,85.4
2737,43003099999,"CHHATRAPATI SHIVAJI INTERNATIONAL, IN",2023-05-29T12:00:00Z,32.4,1006.7,69.05,NONE,0,EDGE_PASS,26.0,0.4,-0.3,-5.88,3.66,-98,0,85.2
2738,43057099999,"BOMBAY COLABA, IN",2023-05-29T12:00:00Z,31.6,1007.0,72.25,NONE,0,EDGE_PASS,26.0,0.11,-0.21,-0.22,3.8,-90,0,96.8
2739,43063099999,"PUNE, IN",2023-05-29T12:00:00Z,25.4,1007.0,72.49,NONE,0,EDGE_PASS,20.1,-4.2,1.1,22.46,3.82,-79,0,89.0
2740,42921099999,"NASIK CITY, IN",2023-05-29T13:00:00Z,34.87,1001.2,24.42,NONE,0,EDGE_PASS,11.6,-1.63,1.5,3.68,4.05,-75,0,99.5
2741,43003099999,"CHHATRAPATI SHIVAJI INTERNATIONAL, IN",2023-05-29T13:00:00Z,32.0,1007.0,70.63,NONE,0,EDGE_PASS,26.0,-0.4,0.3,1.58,3.66,-97,0,90.0
2742,43057099999,"BOMBAY COLABA, IN",2023-05-29T13:00:00Z,31.56,1007.18,72.25,NONE,0,EDGE_PASS,25.96,-0.04,0.18,0.0,3.79,-88,0,94.7
2743,43063099999,"PUNE, IN",2023-05-29T13:00:00Z,25.27,1007.7,72.77,NONE,0,EDGE_PASS,20.04,-0.13,0.7,0.28,3.82,-77,0,86.7
2744,42921099999,"NASIK CITY, IN",2023-05-29T14:00:00Z,33.23,1002.7,28.76,NONE,0,EDGE_PASS,12.7,-1.64,1.5,4.34,4.05,-77,0,84.6
2745,43003099999,"CHHATRAPATI SHIVAJI INTERNATIONAL, IN",2023-05-29T14:00:00Z,31.0,1008.0,74.77,NONE,0,EDGE_PASS,26.0,-1.0,1.0,4.14,3.67,-97,0,84.8
2746,43057099999,"BOMBAY COLABA, IN",2023-05-29T14:00:00Z,31.52,1007.36,72.24,NONE,0,EDGE_PASS,25.92,-0.04,0.18,-0.01,3.8,-89,0,82.3
2747,43063099999,"PUNE, IN",2023-05-29T14:00:00Z,25.13,1008.4,73.04,NONE,0,EDGE_PASS,19.96,-0.14,0.7,0.27,3.81,-78,0,135.0
2748,42921099999,"NASIK CITY, IN",2023-05-29T15:00:00Z,31.6,1004.2,33.89,NONE,0,EDGE_PASS,13.8,-1.63,1.5,5.13,4.05,-76,0,88.5
2749,43003099999,"CHHATRAPATI SHIVAJI INTERNATIONAL, IN",2023-05-29T15:00:00Z,30.6,1009.6,72.94,NONE,0,EDGE_PASS,25.2,-0.4,1.6,-1.83,3.68,-96,0,82.5
2750,43057099999,"BOMBAY COLABA, IN",2023-05-29T15:00:00Z,31.48,1007.54,72.23,NONE,0,EDGE_PASS,25.88,-0.04,0.18,-0.01,3.8,-89,0,92.2
2751,43063099999,"PUNE, IN",2023-05-29T15:00:00Z,25.0,1009.1,73.32,NONE,0,EDGE_PASS,19.9,-0.13,0.7,0.28,3.81,-80,0,98.7
2752,42921099999,"NASIK CITY, IN",2023-05-29T16:00:00Z,29.9,1004.63,44.34,NONE,0,EDGE_PASS,16.47,-1.7,0.43,10.45,4.05,-75,0,85.2
2753,43003099999,"CHHATRAPATI SHIVAJI INTERNATIONAL, IN",2023-05-29T16:00:00Z,31.0,1011.0,79.31,NONE,0,EDGE_PASS,27.0,0.4,1.4,6.37,3.68,-96,0,83.0
2754,43057099999,"BOMBAY COLABA, IN",2023-05-29T16:00:00Z,31.44,1007.72,72.23,NONE,0,EDGE_PASS,25.84,-0.04,0.18,0.0,3.8,-88,0,86.1
2755,43063099999,"PUNE, IN",2023-05-29T16:00:00Z,25.47,1009.37,76.01,NONE,0,EDGE_PASS,20.94,0.47,0.27,2.69,3.81,-80,0,82.6
2756,42921099999,"NASIK CITY, IN",2023-05-29T17:00:00Z,28.2,1005.07,57.89,NONE,0,EDGE_PASS,19.13,-1.7,0.44,13.55,4.05,-74,0,82.9
2757,43003099999,"CHHATRAPATI SHIVAJI INTERNATIONAL, IN",2023-05-29T17:00:00Z,31.0,1010.0,74.77,NONE,0,EDGE_PASS,26.0,0.0,-1.0,-4.54,3.68,-98,0,82.2
2758,43057099999,"BOMBAY COLABA, IN",2023-05-29T17:00:00Z,31.4,1007.9,72.22,NONE,0,EDGE_PASS,25.8,-0.04,0.18,-0.01,3.79,-89,0,107.8
2759,43063099999,"PUNE, IN",2023-05-29T17:00:00Z,25.93,1009.63,78.77,NONE,0,EDGE_PASS,21.96,0.46,0.26,2.76,3.8,-82,0,84.4
2760,42921099999,"NASIK CITY, IN",2023-05-29T18:00:00Z,26.5,1005.5,75.4,NONE,0,EDGE_PASS,21.8,-1.7,0.43,17.51,4.06,-73,0,88.5
2761,43003099999,"CHHATRAPATI SHIVAJI INTERNATIONAL, IN",2023-05-29T18:00:00Z,30.2,1009.5,75.53,NONE,0,EDGE_PASS,25.4,-0.8,-0.5,0.76,3.68,-100,0,87.5
2762,43057099999,"BOMBAY COLABA, IN",2023-05-29T18:00:00Z,31.36,1008.08,72.21,NONE,0,EDGE_PASS,25.76,-0.04,0.18,-0.01,3.79,-87,0,91.3
2763,43063099999,"PUNE, IN",2023-05-29T18:00:00Z,26.4,1009.9,81.6,NONE,0,EDGE_PASS,23.0,0.47,0.27,2.83,3.8,-82,0,92.8
2764,42921099999,"NASIK CITY, IN",2023-05-29T19:00:00Z,26.2,1005.27,75.82,NONE,0,EDGE_PASS,21.6,-0.3,-0.23,0.42,4.06,-73,0,89.5
2765,43003099999,"CHHATRAPATI SHIVAJI INTERNATIONAL, IN",2023-05-29T19:00:00Z,30.0,1009.0,74.61,NONE,0,EDGE_PASS,25.0,-0.2,-0.5,-0.92,3.69,-102,0,83.8
2766,43057099999,"BOMBAY COLABA, IN",2023-05-29T19:00:00Z,31.32,1008.26,72.2,NONE,0,EDGE_PASS,25.72,-0.04,0.18,-0.01,3.79,-85,0,82.3
2767,43063099999,"PUNE, IN",2023-05-29T19:00:00Z,25.73,1009.53,83.86,NONE,0,EDGE_PASS,22.8,-0.67,-0.37,2.26,3.81,-84,0,83.4
2768,42921099999,"NASIK CITY, IN",2023-05-29T20:00:00Z,25.9,1005.03,76.24,NONE,0,EDGE_PASS,21.4,-0.3,-0.24,0.42,4.07,-72,0,83.9
2769,43003099999,"CHHATRAPATI SHIVAJI INTERNATIONAL, IN",2023-05-29T20:00:00Z,30.0,1008.0,79.18,NONE,0,EDGE_PASS,26.0,0.0,-1.0,4.57,3.68,-101,0,101.4
2770,43057099999,"BOMBAY COLABA, IN",2023-05-29T20:00:00Z,31.28,1008.44,72.2,NONE,0,EDGE_PASS,25.68,-0.04,0.18,0.0,3.8,-87,0,81.5
2771,43063099999,"PUNE, IN",2023-05-29T20:00:00Z,25.07,1009.17,86.2,NONE,0,EDGE_PASS,22.6,-0.66,-0.36,2.34,3.81,-86,0,87.0
2772,42921099999,"NASIK CITY, IN",2023-05-29T21:00:00Z,25.6,1004.8,76.66,NONE,0,EDGE_PASS,21.2,-0.3,-0.23,0.42,4.06,-70,0,85.2
2773,43003099999,"CHHATRAPATI SHIVAJI INTERNATIONAL, IN",2023-05-29T21:00:00Z,29.0,1007.8,80.47,NONE,0,EDGE_PASS,25.3,-1.0,-0.2,1.29,3.69,-103,0,81.3
2774,43057099999,"BOMBAY COLABA, IN",2023-05-29T21:00:00Z,31.24,1008.62,72.19,NONE,0,EDGE_PASS,25.64,-0.04,0.18,-0.01,3.81,-86,0,84.0
2775,43063099999,"PUNE, IN",2023-05-29T21:00:00Z,24.4,1008.8,88.62,NONE,0,EDGE_PASS,22.4,-0.67,-0.37,2.42,3.81,-85,0,86.3
2776,42921099999,"NASIK CITY, IN",2023-05-29T22:00:00Z,25.13,1004.67,78.02,NONE,0,EDGE_PASS,21.03,-0.47,-0.13,1.36,4.07,-69,0,79.8
2777,43003099999,"CHHATRAPATI SHIVAJI INTERNATIONAL, IN",2023-05-29T22:00:00Z,30.0,1008.0,79.18,NONE,0,EDGE_PASS,26.0,1.0,0.2,-1.29,3.69,-104,0,81.3
2778,43057099999,"BOMBAY COLABA, IN",2023-05-29T22:00:00Z,31.2,1008.8,72.18,NONE,0,EDGE_PASS,25.6,-0.04,0.18,-0.01,3.81,-84,0,81.3
2779,43063099999,"PUNE, IN",2023-05-29T22:00:00Z,23.93,1008.77,89.49,NONE,0,EDGE_PASS,22.1,-0.47,-0.03,0.87,3.81,-86,0,81.2
2780,42921099999,"NASIK CITY, IN",2023-05-29T23:00:00Z,24.67,1004.53,79.4,NONE,0,EDGE_PASS,20.87,-0.46,-0.14,1.38,4.06,-68,0,102.8
2781,43003099999,"CHHATRAPATI SHIVAJI INTERNATIONAL, IN",2023-05-29T23:00:00Z,30.0,1008.0,79.18,NONE,0,EDGE_PASS,26.0,0.0,0.0,0.0,3.69,-103,0,80.7
2782,43057099999,"BOMBAY COLABA, IN",2023-05-29T23:00:00Z,31.16,1008.98,72.18,NONE,0,EDGE_PASS,25.56,-0.04,0.18,0.0,3.82,-83,0,86.3
2783,43063099999,"PUNE, IN",2023-05-29T23:00:00Z,23.47,1008.73,90.37,NONE,0,EDGE_PASS,21.8,-0.46,-0.04,0.88,3.81,-85,0,123.0
2784,42921099999,"NASIK CITY, IN",2023-05-30T00:00:00Z,24.2,1004.4,80.82,NONE,0,EDGE_PASS,20.7,-0.47,-0.13,1.42,4.07,-67,0,82.6
2785,43003099999,"CHHATRAPATI SHIVAJI INTERNATIONAL, IN",2023-05-30T00:00:00Z,29.2,1007.5,81.94,NONE,0,EDGE_PASS,25.8,-0.8,-0.5,2.76,3.68,-101,0,81.4
2786,43057099999,"BOMBAY COLABA, IN",2023-05-30T00:00:00Z,31.12,1009.16,72.17,NONE,0,EDGE_PASS,25.52,-0.04,0.18,-0.01,3.82,-85,0,100.2
2787,43063099999,"PUNE, IN",2023-05-30T00:00:00Z,23.0,1008.7,91.27,NONE,0,EDGE_PASS,21.5,-0.47,-0.03,0.9,3.82,-85,0,84.0
2788,42921099999,"NASIK CITY, IN",2023-05-30T01:00:00Z,25.53,1004.83,71.47,NONE,0,EDGE_PASS,20.0,1.33,0.43,-9.35,4.07,-66,0,81.7
2789,43003099999,"CHHATRAPATI SHIVAJI INTERNATIONAL, IN",2023-05-30T01:00:00Z,30.0,1008.0,79.18,NONE,0,EDGE_PASS,26.0,0.8,0.5,-2.76,3.69,-103,0,81.3
2790,43057099999,"BOMBAY COLABA, IN",2023-05-30T01:00:00Z,31.08,1009.34,72.16,NONE,0,EDGE_PASS,25.48,-0.04,0.18,-0.01,3.82,-87,1,91.9
2791,43063099999,"PUNE, IN",2023-05-30T01:00:00Z,25.07,1009.17,80.44,NONE,0,EDGE_PASS,21.47,2.07,0.47,-10.83,3.81,-86,1,153.4
2792,42921099999,"NASIK CITY, IN",2023-05-30T02:00:00Z,26.87,1005.27,63.24,NONE,0,EDGE_PASS,19.3,1.34,0.44,-8.23,4.07,-66,1,153.8
2793,43003099999,"CHHATRAPATI SHIVAJI INTERNATIONAL, IN",2023-05-30T02:00:00Z,31.0,1009.0,74.77,NONE,0,EDGE_PASS,26.0,1.0,1.0,-4.41,3.7,-105,1,189.3
2794,43057099999,"BOMBAY COLABA, IN",2023-05-30T02:00:00Z,31.04,1009.52,72.16,NONE,0,EDGE_PASS,25.44,-0.04,0.18,0.0,3.83,-86,2,152.3
2795,43063099999,"PUNE, IN",2023-05-30T02:00:00Z,27.13,1009.63,71.03,NONE,0,EDGE_PASS,21.43,2.06,0.46,-9.41,3.81,-86,0,96.8
2796,42921099999,"NASIK CITY, IN",2023-05-30T03:00:00Z,28.2,1005.7,55.99,NONE,0,EDGE_PASS,18.6,1.33,0.43,-7.25,4.07,-68,0,93.8
2797,43003099999,"CHHATRAPATI SHIVAJI INTERNATIONAL, IN",2023-05-30T03:00:00Z,31.0,1010.0,74.77,NONE,0,EDGE_PASS,26.0,0.0,1.0,0.0,3.7,-105,0,95.9
2798,43057099999,"BOMBAY COLABA, IN",2023-05-30T03:00:00Z,31.0,1009.7,72.15,NONE,0,EDGE_PASS,25.4,-0.04,0.18,-0.01,3.83,-86,0,90.8
2799,43063099999,"PUNE, IN",2023-05-30T03:00:00Z,29.2,1010.1,62.84,NONE,0,EDGE_PASS,21.4,2.07,0.47,-8.19,3.81,-85,0,105.0
2800,42921099999,"NASIK CITY, IN",2023-05-30T04:00:00Z,30.67,1005.0,45.69,NONE,0,EDGE_PASS,17.64,2.47,-0.7,-10.3,4.07,-68,0,82.1
2801,43003099999,"CHHATRAPATI SHIVAJI INTERNATIONAL, IN",2023-05-30T04:00:00Z,33.0,1009.0,66.75,NONE,0,EDGE_PASS,26.0,2.0,-1.0,-8.02,3.7,-105,0,81.8
2802,43057099999,"BOMBAY COLABA, IN",2023-05-30T04:00:00Z,31.13,1009.44,71.65,NONE,0,EDGE_PASS,25.41,0.13,-0.26,-0.5,3.83,-86,0,99.9
2803,43063099999,"PUNE, IN",2023-05-30T04:00:00Z,31.33,1009.43,50.68,NONE,0,EDGE_PASS,19.9,2.13,-0.67,-12.16,3.8,-86,0,95.2
2804,42921099999,"NASIK CITY, IN",2023-05-30T05:00:00Z,33.13,1004.3,37.37,NONE,0,EDGE_PASS,16.67,2.46,-0.7,-8.32,4.08,-68,0,81.2
2805,43003099999,"CHHATRAPATI SHIVAJI INTERNATIONAL, IN",2023-05-30T05:00:00Z,33.0,1010.0,66.75,NONE,0,EDGE_PASS,26.0,0.0,1.0,0.0,3.71,-105,0,85.8
2806,43057099999,"BOMBAY COLABA, IN",2023-05-30T05:00:00Z,31.27,1009.19,71.15,NONE,0,EDGE_PASS,25.42,0.14,-0.25,-0.5,3.83,-87,0,81.0
2807,43063099999,"PUNE, IN",2023-05-30T05:00:00Z,33.47,1008.77,40.91,NONE,0,EDGE_PASS,18.4,2.14,-0.66,-9.77,3.8,-85,0,81.6
2808,42921099999,"NASIK CITY, IN",2023-05-30T06:00:00Z,35.6,1003.6,30.62,NONE,0,EDGE_PASS,15.7,2.47,-0.7,-6.75,4.07,-68,0,123.7
2809,43003099999,"CHHATRAPATI SHIVAJI INTERNATIONAL, IN",2023-05-30T06:00:00Z,33.8,1010.3,62.7,NONE,0,EDGE_PASS,25.7,0.8,0.3,-4.05,3.71,-105,0,93.2
2810,43057099999,"BOMBAY COLABA, IN",2023-05-30T06:00:00Z,31.4,1008.93,70.66,NONE,0,EDGE_PASS,25.43,0.13,-0.26,-0.49,3.84,-85,0,86.0
2811,43063099999,"PUNE, IN",2023-05-30T06:00:00Z,35.6,1008.1,33.05,NONE,0,EDGE_PASS,16.9,2.13,-0.67,-7.86,3.8,-84,0,81.1
2812,42921099999,"NASIK CITY, IN",2023-05-30T07:00:00Z,36.6,1002.67,27.47,NONE,0,EDGE_PASS,14.87,1.0,-0.93,-3.15,4.08,-67,0,93.5
2813,43003099999,"CHHATRAPATI SHIVAJI INTERNATIONAL, IN",2023-05-30T07:00:00Z,33.0,1009.0,66.75,NONE,0,EDGE_PASS,26.0,-0.8,-1.3,4.05,3.71,-105,0,82.1
2814,43057099999,"BOMBAY COLABA, IN",2023-05-30T07:00:00Z,31.53,1008.68,70.17,NONE,0,EDGE_PASS,25.44,0.13,-0.25,-0.49,3.83,-87,0,85.7
2815,43063099999,"PUNE, IN",2023-05-30T07:00:00Z,36.53,1006.83,29.08,NONE,0,EDGE_PASS,15.69,0.93,-1.27,-3.97,3.81,-84,0,80.9
2816,42921099999,"NASIK CITY, IN",2023-05-30T08:00:00Z,37.6,1001.73,24.64,NONE,0,EDGE_PASS,14.03,1.0,-0.94,-2.83,4.08,-69,0,80.3
2817,43003099999,"CHHATRAPATI SHIVAJI INTERNATIONAL, IN",2023-05-30T08:00:00Z,34.0,1009.0,63.11,NONE,0,EDGE_PASS,26.0,1.0,0.0,-3.64,3.7,-104,0,86.1
2818,43057099999,"BOMBAY COLABA, IN",2023-05-30T08:00:00Z,31.67,1008.42,69.69,NONE,0,EDGE_PASS,25.46,0.14,-0.26,-0.48,3.84,-85,0,89.4
2819,43063099999,"PUNE, IN",2023-05-30T08:00:00Z,37.47,1005.57,25.58,NONE,0,EDGE_PASS,14.5,0.94,-1.26,-3.5,3.8,-82,0,80.8
2820,42921099999,"NASIK CITY, IN",2023-05-30T09:00:00Z,38.6,1000.8,22.11,NONE,0,EDGE_PASS,13.2,1.0,-0.93,-2.53,4.08,-70,0,83.9
2821,43003099999,"CHHATRAPATI SHIVAJI INTERNATIONAL, IN",2023-05-30T09:00:00Z,34.2,1008.5,61.68,NONE,0,EDGE_PASS,25.8,0.2,-0.5,-1.43,3.7,-105,0,87.7
2822,43057099999,"BOMBAY COLABA, IN",2023-05-30T09:00:00Z,31.8,1008.17,69.21,NONE,0,EDGE_PASS,25.47,0.13,-0.25,-0.48,3.83,-87,0,87.5
2823,43063099999,"PUNE, IN",2023-05-30T09:00:00Z,38.4,1004.3,22.5,NONE,0,EDGE_PASS,13.3,0.93,-1.27,-3.08,3.8,-83,0,82.5
2824,42921099999,"NASIK CITY, IN",2023-05-30T10:00:00Z,37.97,1000.53,23.54,NONE,0,EDGE_PASS,13.64,-0.63,-0.27,1.43,4.08,-68,0,83.9
2825,43003099999,"CHHATRAPATI SHIVAJI INTERNATIONAL, IN",2023-05-30T10:00:00Z,34.0,1007.0,63.11,NONE,0,EDGE_PASS,26.0,-0.2,-1.5,1.43,3.7,-104,0,88.6
2826,43057099999,"BOMBAY COLABA, IN",2023-05-30T10:00:00Z,31.93,1007.91,68.73,NONE,0,EDGE_PASS,25.47,0.13,-0.26,-0.48,3.83,-85,0,80.7
2827,43063099999,"PUNE, IN",2023-05-30T10:00:00Z,35.13,1004.97,30.04,NONE,0,EDGE_PASS,15.0,-3.27,0.67,7.54,3.79,-84,0,86.0
2828,42921099999,"NASIK CITY, IN",2023-05-30T11:00:00Z,37.33,1000.27,25.06,NONE,0,EDGE_PASS,14.07,-0.64,-0.26,1.52,4.09,-69,0,81.8
2829,43003099999,"CHHATRAPATI SHIVAJI INTERNATIONAL, IN",2023-05-30T11:00:00Z,33.0,1007.0,66.75,NONE,0,EDGE_PASS,26.0,-1.0,0.0,3.64,3.7,-105,0,79.4
2830,43057099999,"BOMBAY COLABA, IN",2023-05-30T11:00:00Z,32.07,1007.66,68.26,NONE,0,EDGE_PASS,25.49,0.14,-0.25,-0.47,3.83,-83,0,79.6
2831,43063099999,"PUNE, IN",2023-05-30T11:00:00Z,31.87,1005.63,40.22,NONE,0,EDGE_PASS,16.7,-3.26,0.66,10.18,3.78,-83,0,84.5
2832,42921099999,"NASIK CITY, IN",2023-05-30T12:00:00Z,36.7,1000.0,26.68,NONE,0,EDGE_PASS,14.5,-0.63,-0.27,1.62,4.08,-70,0,80.3
2833,43003099999,"CHHATRAPATI SHIVAJI INTERNATIONAL, IN",2023-05-30T12:00:00Z,33.4,1006.7,62.24,NONE,0,EDGE_PASS,25.2,0.4,-0.3,-4.51,3.7,-105,0,89.9
2834,43057099999,"BOMBAY COLABA, IN",2023-05-30T12:00:00Z,32.2,1007.4,67.79,NONE,0,EDGE_PASS,25.5,0.13,-0.26,-0.47,3.84,-83,0,81.8
2835,43063099999,"PUNE, IN",2023-05-30T12:00:00Z,28.6,1006.3,54.02,NONE,0,EDGE_PASS,18.4,-3.27,0.67,13.8,3.77,-82,0,86.1
2836,42921099999,"NASIK CITY, IN",2023-05-30T13:00:00Z,35.13,1000.97,31.29,NONE,0,EDGE_PASS,15.63,-1.57,0.97,4.61,4.08,-69,0,80.4
2837,43003099999,"CHHATRAPATI SHIVAJI INTERNATIONAL, IN",2023-05-30T13:00:00Z,32.0,1007.0,70.63,NONE,0,EDGE_PASS,26.0,-1.4,0.3,8.39,3.7,-103,0,97.8
2838,43057099999,"BOMBAY COLABA, IN",2023-05-30T13:00:00Z,32.15,1007.58,68.32,NONE,0,EDGE_PASS,25.58,-0.05,0.18,0.53,3.84,-85,0,79.0
2839,43063099999,"PUNE, IN",2023-05-30T13:00:00Z,28.73,1006.77,56.82,NONE,0,EDGE_PASS,19.33,0.13,0.47,2.8,3.76,-82,0,80.5
2840,42921099999,"NASIK CITY, IN",2023-05-30T14:00:00Z,33.57,1001.93,36.7,NONE,0,EDGE_PASS,16.77,-1.56,0.96,5.41,4.08,-69,0,86.9
2841,43003099999,"CHHATRAPATI SHIVAJI INTERNATIONAL, IN",2023-05-30T14:00:00Z,31.0,1008.0,74.77,NONE,0,EDGE_PASS,26.0,-1.0,1.0,4.14,3.69,-104,0,90.0
2842,43057099999,"BOMBAY COLABA, IN",2023-05-30T14:00:00Z,32.09,1007.76,68.86,NONE,0,EDGE_PASS,25.66,-0.06,0.18,0.54,3.85,-85,0,77.4
2843,43063099999,"PUNE, IN",2023-05-30T14:00:00Z,28.87,1007.23,59.75,NONE,0,EDGE_PASS,20.27,0.14,0.46,2.93,3.76,-81,0,78.4
2844,42921099999,"NASIK CITY, IN",2023-05-30T15:00:00Z,32.0,1002.9,43.07,NONE,0,EDGE_PASS,17.9,-1.57,0.97,6.37,4.07,-70,0,128.8
2845,43003099999,"CHHATRAPATI SHIVAJI INTERNATIONAL, IN",2023-05-30T15:00:00Z,31.0,1008.0,79.31,NONE,0,EDGE_PASS,27.0,0.0,0.0,4.54,3.7,-102,0,100.8
2846,43057099999,"BOMBAY COLABA, IN",2023-05-30T15:00:00Z,32.04,1007.94,69.39,NONE,0,EDGE_PASS,25.74,-0.05,0.18,0.53,3.85,-85,0,86.4
2847,43063099999,"PUNE, IN",2023-05-30T15:00:00Z,29.0,1007.7,62.8,NONE,0,EDGE_PASS,21.2,0.13,0.47,3.05,3.77,-79,0,78.8
2848,42921099999,"NASIK CITY, IN",2023-05-30T16:00:00Z,30.83,1003.6,49.21,NONE,0,EDGE_PASS,18.96,-1.17,0.7,6.14,4.08,-68,0,87.8
2849,43003099999,"CHHATRAPATI SHIVAJI INTERNATIONAL, IN",2023-05-30T16:00:00Z,31.0,1009.0,79.31,NONE,0,EDGE_PASS,27.0,0.0,1.0,0.0,3.7,-102,0,79.3
2850,43057099999,"BOMBAY COLABA, IN",2023-05-30T16:00:00Z,31.99,1008.12,69.93,NONE,0,EDGE_PASS,25.82,-0.05,0.18,0.54,3.85,-85,0,78.7
2851,43063099999,"PUNE, IN",2023-05-30T16:00:00Z,28.33,1008.23,67.31,NONE,0,EDGE_PASS,21.7,-0.67,0.53,4.51,3.76,-81,0,82.3
2852,42921099999,"NASIK CITY, IN",2023-05-30T17:00:00Z,29.67,1004.3,56.23,NONE,0,EDGE_PASS,20.04,-1.16,0.7,7.02,4.08,-69,0,81.6
2853,43003099999,"CHHATRAPATI SHIVAJI INTERNATIONAL, IN",2023-05-30T17:00:00Z,30.0,1009.0,83.99,NONE,0,EDGE_PASS,27.0,-1.0,0.0,4.68,3.7,-104,0,86.4
2854,43057099999,"BOMBAY COLABA, IN",2023-05-30T17:00:00Z,31.93,1008.3,70.48,NONE,0,EDGE_PASS,25.9,-0.06,0.18,0.55,3.84,-83,0,79.1
2855,43063099999,"PUNE, IN",2023-05-30T17:00:00Z,27.67,1008.77,72.15,NONE,0,EDGE_PASS,22.2,-0.66,0.54,4.84,3.76,-83,0,80.1
2856,42921099999,"NASIK CITY, IN",2023-05-30T18:00:00Z,28.5,1005.0,64.25,NONE,0,EDGE_PASS,21.1,-1.17,0.7,8.02,4.08,-69,0,83.4
2857,43003099999,"CHHATRAPATI SHIVAJI INTERNATIONAL, IN",2023-05-30T18:00:00Z,30.4,1009.4,78.3,NONE,0,EDGE_PASS,26.2,0.4,0.4,-5.69,3.69,-103,0,78.0
2858,43057099999,"BOMBAY COLABA, IN",2023-05-30T18:00:00Z,31.88,1008.48,71.03,NONE,0,EDGE_PASS,25.98,-0.05,0.18,0.55,3.84,-81,0,77.9
2859,43063099999,"PUNE, IN",2023-05-30T18:00:00Z,27.0,1009.3,77.34,NONE,0,EDGE_PASS,22.7,-0.67,0.53,5.19,3.75,-82,0,95.3
2860,42921099999,"NASIK CITY, IN",2023-05-30T19:00:00Z,27.83,1004.67,64.64,NONE,0,EDGE_PASS,20.56,-0.67,-0.33,0.39,4.08,-70,0,78.2
2861,43003099999,"CHHATRAPATI SHIVAJI INTERNATIONAL, IN",2023-05-30T19:00:00Z,30.0,1009.0,83.99,NONE,0,EDGE_PASS,27.0,-0.4,-0.4,5.69,3.7,-105,0,87.0
2862,43057099999,"BOMBAY COLABA, IN",2023-05-30T19:00:00Z,31.83,1008.66,71.58,NONE,0,EDGE_PASS,26.06,-0.05,0.18,0.55,3.85,-82,0,78.4
2863,43063099999,"PUNE, IN",2023-05-30T19:00:00Z,26.2,1009.07,78.49,NONE,0,EDGE_PASS,22.17,-0.8,-0.23,1.15,3.75,-81,0,187.2
2864,42921099999,"NASIK CITY, IN",2023-05-30T20:00:00Z,27.17,1004.33,65.03,NONE,0,EDGE_PASS,20.04,-0.66,-0.34,0.39,4.09,-70,0,175.3
2865,43003099999,"CHHATRAPATI SHIVAJI INTERNATIONAL, IN",2023-05-30T20:00:00Z,30.0,1008.0,83.99,NONE,0,EDGE_PASS,27.0,0.0,-1.0,0.0,3.7,-103,0,154.3
2866,43057099999,"BOMBAY COLABA, IN",2023-05-30T20:00:00Z,31.77,1008.84,72.14,NONE,0,EDGE_PASS,26.14,-0.06,0.18,0.56,3.85,-82,0,154.8
2867,43063099999,"PUNE, IN",2023-05-30T20:00:00Z,25.4,1008.83,79.67,NONE,0,EDGE_PASS,21.63,-0.8,-0.24,1.18,3.76,-81,0,175.3
2868,42921099999,"NASIK CITY, IN",2023-05-30T21:00:00Z,26.5,1004.0,65.43,NONE,0,EDGE_PASS,19.5,-0.67,-0.33,0.4,4.08,-69,0,154.7
2869,43003099999,"CHHATRAPATI SHIVAJI INTERNATIONAL, IN",2023-05-30T21:00:00Z,29.8,1008.0,81.05,NONE,0,EDGE_PASS,26.2,-0.2,0.0,-2.94,3.7,-103,0,135.5
2870,43057099999,"BOMBAY COLABA, IN",2023-05-30T21:00:00Z,31.72,1009.02,72.7,NONE,0,EDGE_PASS,26.22,-0.05,0.18,0.56,3.85,-82,0,133.1
2871,43063099999,"PUNE, IN",2023-05-30T21:00:00Z,24.6,1008.6,80.87,NONE,0,EDGE_PASS,21.1,-0.8,-0.23,1.2,3.76,-82,0,142.9
2872,42921099999,"NASIK CITY, IN",2023-05-30T22:00:00Z,25.9,1004.27,69.93,NONE,0,EDGE_PASS,20.0,-0.6,0.27,4.5,4.08,-70,0,127.5
2873,43003099999,"CHHATRAPATI SHIVAJI INTERNATIONAL, IN",2023-05-30T22:00:00Z,30.0,1008.0,83.99,NONE,0,EDGE_PASS,27.0,0.2,0.0,2.94,3.69,-104,0,169.7
2874,43057099999,"BOMBAY COLABA, IN",2023-05-30T22:00:00Z,31.67,1009.2,73.27,NONE,0,EDGE_PASS,26.3,-0.05,0.18,0.57,3.86,-80,0,158.0
2875,43063099999,"PUNE, IN",2023-05-30T22:00:00Z,24.27,1008.8,83.18,NONE,0,EDGE_PASS,21.24,-0.33,0.2,2.31,3.75,-83,0,145.2
2876,42921099999,"NASIK CITY, IN",2023-05-30T23:00:00Z,25.3,1004.53,74.75,NONE,0,EDGE_PASS,20.5,-0.6,0.26,4.82,4.08,-69,0,283.9
2877,43003099999,"CHHATRAPATI SHIVAJI INTERNATIONAL, IN",2023-05-30T23:00:00Z,30.0,1008.0,83.99,NONE,0,EDGE_PASS,27.0,0.0,0.0,0.0,3.69,-102,0,118.6
2878,43057099999,"BOMBAY COLABA, IN",2023-05-30T23:00:00Z,31.61,1009.38,73.84,NONE,0,EDGE_PASS,26.38,-0.06,0.18,0.57,3.85,-80,0,88.5
2879,43063099999,"PUNE, IN",2023-05-30T23:00:00Z,23.93,1009.0,85.56,NONE,0,EDGE_PASS,21.36,-0.34,0.2,2.38,3.76,-82,0,212.3
